"property_id","price"
"0006c9478f4e7edc53d84916",490309308.032477
"00076c8f390d5dcccc133309",785547780.470878
"001399d3861c5792ccb8b515",1193000561.14982
"0016e35cfd881ee2e37b49b3",820184056.803112
"001c03f6103d35389825b62e",831408477.624362
"001d77bfb387bdf0b53e9e83",839836565.579005
"001dbdd202e9908ee42713a8",841973724.054985
"00304df33a3c9a7e396ddd3a",739527836.689859
"0037d98f6ac46a86e36def45",842399597.502927
"0038a3b703f4ec779bbcfe6b",469175594.969983
"004776514ad269b380581066",543894190.214712
"004c9da9ef1b3b5e309e475a",626206380.299173
"00571815d5a7f208eb3e7737",1283634035.64991
"00586a92b53f4a8f9f6b3022",766039487.37424
"005ab848b35907e42aa0f4f2",1451096638.30325
"0064cd1c55914cc8370a096f",493317179.872505
"0083ef74db679d22463a1afe",697023255.835887
"00858277a3cf4f31b8e3f738",665067806.332852
"008c7a02d158f3b17ee8e015",658844925.587535
"00a5133e7373eae3f0be8f2e",700938684.854686
"00af33cff3ff7c6927306df4",690124053.237489
"00ba709f184e70be13e5bf9b",557027224.099405
"00bff9be2d524083e3b3149d",596703387.442096
"00c1165df93a4cfe679f54e2",943835844.487763
"00c75d59ed4777481a50cbd3",1143330979.30822
"00ce045307538da1b0bb7972",778531581.094544
"00cea81b78d6007eb405d5b3",570410788.983453
"00dd36caffef00fcde85b235",1118011539.2381
"00dea98fbfbfeae74c513bb6",1267445755.81138
"00e7c5894c739852052f566a",749361937.633713
"00e80be4feb1e8593b7713fe",514835179.650579
"00e9afbd1d27062a7bd40a3c",1101961500.12239
"00eb120ba4410ed8efa24a8e",692531161.069385
"00f2621035b1969d53f03fca",923548597.718222
"00f5ba660a4fcf6ddb96220a",634767206.47325
"00f6a62599f25ac506113149",990294613.204739
"0100b3a412accebf6a3aa4b1",471063135.529909
"01018b9796a105be650ec802",1115255807.74969
"010e676743f6afc01fd0838b",1119219860.79759
"011a6d0f12ba108ef15076b4",400606328.365279
"011c2017b63235bf0ed3f241",550228337.156315
"01230eede2a4a74ec4ee5105",968738389.441466
"0123237414f757b9c3809f88",717602888.508434
"012b8d616667a6dcece0dfaf",694520840.434556
"013e2a07f94a99323b64d370",894110906.393406
"014799b9ef7d5244fb6640ff",1014162771.92105
"0152ffa8757aaaf417e9f997",1785016663.83115
"015d17895f32e2a8b616ca1b",816818844.416857
"01636da0aa2bc223af023a13",692252924.228503
"016bb199b12846ccb0b03191",742698252.499651
"016dd08801ad1a1e7f6e695b",1086741678.8763
"0172678cb0737e21a317eda4",537015642.927841
"017487de3455d9f642a7fadc",901018017.499942
"0181972aeb6bf451012a47c6",913213446.775308
"0183b38955437e8d0128a013",955223236.630297
"019cd320e02a64ba3ba9a37d",735767407.522996
"019f4a25794ef01294845b51",880824697.605474
"01a5a230e8a808d844e64397",1227791816.71934
"01abe3cfc94be46c1153c82d",926974015.545143
"01afa737bcfa6b1ab530eb09",1010049117.86146
"01b78983d268b52137e5ac1b",700545506.124787
"01b7bb1556b5c32df8f618cc",849673148.217767
"01cac7d033166094ab9f87b0",653164134.401867
"01cda25ee8545b9fe19717ed",1316353870.14571
"01db5867a69f8ea7849d69e8",1214443509.94128
"01e033f5bd502c4ad398ece7",621417160.154618
"01e907d7672006fa2bba8b0f",756929077.130916
"01e9c7531cf3c63c04b9189f",707686185.429178
"01eb0a2c1033c30830161321",671431650.68082
"01edceb6c5afc2af1e129e86",444438844.051362
"01f6c99999c154461765f4c4",681612666.218396
"01f855427cbe3eb51b38288f",745359995.544157
"01f8b6799e2910f7769db175",651776675.200981
"01fb5931cb55f5308382818e",1483471132.48511
"01fe5add1e7df4b15dd73bc9",588514617.711776
"020473766363019ee40d6685",941010941.762058
"02060d2f56e979a61427f806",572803655.944829
"02091877f01c926c350b013b",705962452.471831
"020dfae44183c65b708727c7",451833641.109737
"022357a3d48ea87d58ffb46e",607715732.366515
"02259637b8ef1311c69d3d90",823789025.475566
"02277f636716264116015dde",456365925.685732
"0232a50c9afca03cbf4277c8",680115731.249745
"024c5c787d005adbe770b9bf",740559788.322948
"024d2e34a561efaf4811c17a",1151672225.63534
"024e94e72ae88464621539eb",855938963.400722
"0252fcaf7bcde09274d34be5",801043747.51711
"025a98586386211b1519f9be",512422635.604148
"025b094e1ea7248f4aba72f0",418416676.049669
"025d96090a8e5bd6f786e9b6",812146328.60015
"026c6384ceba017c5f2cd66e",623618214.19368
"0274166db611aabe4e946a83",745120252.712871
"02779b92b2f9bafde0c75c11",597581388.240039
"027947dd01dc991ffefc5082",461043547.485474
"0283890ab76b10547b27e634",558723862.556932
"02888257efaae858fdc7938e",754784655.163413
"028adaf559a05c8882893767",851190200.526863
"029224b78e8f358aa9c38e94",446176848.980832
"02990998f3621fc5a3d0ee63",646484181.15074
"02a0a38b45e1b196165b0098",1051486048.53592
"02a2ebb6eca5772e3526d78b",876202420.753687
"02a9c37b3d92a6da473c6fbc",509001480.997459
"02b47e60ab77588aff6cb433",640603361.686109
"02c6e8c7f36a2c68851600c6",696924944.051474
"02cb957c3db9ded3691a9004",666462876.174651
"02ce5bc5d5d286a4cc0928f6",963619008.29055
"02d598a32d864c289e3ba6b0",780743316.745232
"02d5bac2567ee9e19041ad42",1303223639.09798
"02d89daa77bb313328fe0c4e",598223947.205115
"02e52d3895522d9be85c4544",549039205.988556
"02e8811bff38125bcf8e1a6d",587978861.271811
"02e89c055b7692dab024defc",487677265.848581
"02e9b077d6cece81387fda35",842858668.508981
"02ea72128a99862e9537718e",802616138.896473
"02ed31afcba033953c79d95d",751520472.625049
"02f6ffcfcdd3dbba94dd7b33",994034349.974175
"03025756be203027ab75aaae",479932770.568946
"03243195c467c67e67a7823e",667344544.958657
"0332c7ec0d3e547ec6d61664",1069175866.02933
"033307467830cb865a785e3e",684802418.461249
"033521a46dae036839ad6c90",413618484.565986
"033599f7e7ecd8d9c8cfba46",955077856.456446
"033d3f8ff56907db4c453700",592550940.227422
"03463535ae93b8b123eaba8b",796953993.531729
"0349908483ce628a0a5fc164",1190054780.30271
"034a30994bb2e0e446e35957",785448397.193129
"0356797c1683d002bcd94899",1004698435.92262
"0357d0ee6e0646113ea543cf",835698509.906127
"035c61042b7dbc7ef888d1a7",1229830057.6011
"035d955df5a765531d1d0d07",970696902.804259
"035de58d60807ee2c272ce82",1290061454.26835
"035ea0f13f2ca01c902d5388",662573029.977426
"036177aff84b1901e0f18759",676159669.737967
"0367da7dc5374f1957a1b7f6",982009983.166244
"036fc9e01b2b1e3ef4574372",939864883.150689
"0379b6a001e4018c34e944da",596598655.227377
"038272b33c075765464761e8",597096042.573541
"038bb35043651579f443c481",871931568.3931
"0391d158ab104c5cdba31872",627860805.105617
"039a9029c4341b1528ca6b46",411727641.008997
"03a84af05df0f577e09d60c1",654551000.42243
"03ad99f1799f2a20c8cc0a50",686348294.088961
"03aea1b6ff072f117ec733af",663234410.113989
"03be8ec62dae56680beb2cf3",914774126.062773
"03d54a6e80d48c96a7f6a1fa",534456170.985632
"03de77e22e987fc3fed4eb78",713916395.399831
"03eb8da7205428e61bfb2845",626232602.39111
"03f518e2e5861002772345fd",429731078.431929
"03fb5bfbc1895115a04e8116",982383901.97816
"042bd2cfb2d33467149ece1e",915624953.253124
"042ff73057dce4d92d383cf7",369543225.65129
"04308f869d7c992ed3ea646a",870324837.588057
"0449a82dd1667c8c564904f8",834350492.852607
"044b8431b186eb022cf6fc24",407838653.262707
"044e2daf937c0d8373f2e914",903199677.024742
"045108344bf09b01b597e7ce",835940786.547796
"0451f65828e628c2220df77f",783361062.942307
"0460eacc73398bb95f0518e2",988412437.435248
"0466a7e06b152c1860d44334",1039695453.07982
"0468cf58f40372acb9d5fefa",919683530.409644
"046aaa4162cd410e92b216d0",704049310.339417
"047b0ded64dcae203a3015eb",709120986.295503
"047f94605add5f6f84fc3f90",867764586.444111
"048051ce9bf8f6a48e9451fd",1473269559.13907
"0482cd89d767b3b7de976c3a",693073597.444509
"0489a476b376f7f6efbc193b",421217023.063376
"04a071d777e60627223e28d4",472873586.884071
"04b28e63fbba92daf83865ba",968395117.567208
"04bb7cdebb8b66e783058248",548711367.788902
"04cc75f46642efb1192f1875",545122810.449013
"04d77c8ade9a55fddd28b00c",858901788.10244
"04e29dbe2175919265c82463",742357829.378819
"04e337d3c692f3429d47aef4",842087421.812989
"04e6a79dd3e4d8d17c8b5387",1290967138.91867
"04eb0b590ce7483c615b043b",734379277.777995
"04ece9352b3810031f3f9a90",894777429.318695
"04f0fd25e2456759753bd2bc",988600346.127497
"04f968f1873a655fde8702f6",690157433.669976
"04fe204d03bd1c9876242ccd",1009694518.88238
"05076b448cfbf9dede72904a",892164541.455278
"0508cd7bd2c77ebb6fea1e56",702701218.201635
"0509650d34981639b9c64a22",619483345.951851
"05119815bd72ced29391ba87",1034245190.97631
"051416c05445860d5b4095e6",508312479.326025
"0515734883eea12cdacb7aab",468104601.404507
"051d68945b95562009d4029c",823262688.543772
"052505ca8210e5e651fc0b63",804508222.806703
"052957f95b6e7b41bc625009",962637917.343915
"052c93502aa794e0574db9e9",752655386.978385
"052d00805b2602cac76fed4d",619746210.504004
"05308c4f3d0e0887e4a68a92",596598655.227377
"05397b2087e5cf381809f169",699333054.179955
"053d37bf1d988505b5e91809",817836952.40027
"05402dd344c77623fa053ffa",718587055.220358
"0545fc14aece3f37864ced2d",627163113.554756
"05498e49d0b875ae6aaddd83",665207085.327033
"054cd21c3b12f165bd520313",830176683.512759
"0553a3aa7d961ada6dfcd52d",602115321.45589
"055d5ab6b22d4d0ac325fe73",789456899.968876
"055d7c66464d7e327711b497",869294543.29115
"055e29f236bb61603d4ce9eb",1086547946.81881
"057585ba19d6144408d4e2da",747106636.719463
"058265732a484ac8d5497f5c",632774369.304186
"05858b1e4445f56f22e1f4bb",848661502.606566
"0587e7e1f03af8ea6c46290e",652404443.895199
"05926b977b5df59857194ec1",629321818.982172
"059516a91f938d2e8fbcca0b",793829463.33288
"059aaea3859c4b9662ab4df8",588214726.885449
"059d77736dc72013de7767f1",725642880.358038
"05a98feedbd3f422bf063112",836632284.971006
"05aecff6fd8d866c6c157a9a",771648977.716469
"05b12b1916e51a804419c654",601947097.388154
"05b71daf88eff5ae8cf5789d",706297940.33443
"05bbd028f30492fc0a9f35d0",637593223.72283
"05bcc7d7db8d352216a4af59",863732798.080617
"05c47739fa4c4f00285a2c48",905118738.476516
"05d1c33ea8c89ded7391ea92",740929658.935626
"05d9818d3f9f2a5c358d3911",1072794723.88633
"05db9fc492801eac98f69c7e",661231298.380499
"05e06a93e9f01dd3984a85ab",553828475.750255
"05e8878bcb68d03e3b656eb3",829620154.539867
"05f79195e285c126125d258c",803094839.09833
"060451a9e3e0416ff41d253d",627127471.124212
"061386497cc2dede3ea70b1e",550166955.892314
"0616401503f2ebc05af7ce4f",760800136.254906
"061d3fd39da1b4b1397054c1",784414594.585497
"06220a42e68510eccb4d790d",674457406.496798
"062b36cb4a87cec372f9f91d",736837940.052508
"062d5544f5c96db90fa3a526",1267418369.00602
"062efee92601be294d7346a1",751831667.435631
"063e53d45e5e7945f1f10fc2",754615657.946375
"0648a4bd7ca088f4b3834401",993138051.720728
"0648aae13097ac649fe714b9",896346856.795946
"064c1cd5e94efdf8c7262fec",793410844.11338
"0668a4a4521c783a2d817413",777012701.426559
"0669fb98aed75d79f8decb7f",1010415894.00949
"066f1b68f7c053a196662fe0",727573227.591846
"0685f2225b939147c8482e6f",459131303.154797
"069499abc4e393fe540777b4",392417408.203938
"069798704327652a899a189d",727699405.109017
"069c529aaef7d7e0774c4a66",866677851.264141
"069ddc5d1f3c855e6498ac50",563888328.944943
"069fb1f8d0f06ac2fee87314",744174919.574558
"06a2efde5244f7d653ddfb8e",727627879.845097
"06a5364639452a9d663a2dbc",527983547.312007
"06acca3d0ef4685dc055ffa5",410424707.677291
"06b90d41ad3ce1d0d389fea9",766535449.60101
"06baade01a74972cc4a419ec",626722915.679983
"06bbc353bf62fda3b3786fd0",661563745.923652
"06bfbccfb3ec0b1f65f4b351",957669826.731139
"06c1673c4a7444e7aa80abb7",502811400.725419
"06ca01d3ff86406e896b6fa6",873080537.641837
"06ccfa37fa6b011ac38422de",745658480.773866
"06d33fff99a62c330ef2d585",641220371.724474
"06e350e3c733e5a0afb613cb",688838846.011596
"06e59cc783be86bd145a56c6",1014179541.13011
"06e91b526821a6ad1372fc44",379569049.744813
"06ee1d8f3ea326a0e3a9791d",755208728.58438
"06f22f7a8e4e78f45ae81638",751791087.700703
"070062cd1c769f3be9255af1",1289155976.41381
"070543b03770991d65cc337f",1060378907.57959
"0706ce398b2bd64913e68d39",894852033.142204
"070912b7e5fb205918c1f4a3",528291971.968258
"071f284d07719a3517c55567",775255127.483267
"07284e4caec09fbbb16adf2f",1057068390.93285
"072a6f084d31a5a4be4060dc",981344762.202824
"072efeafd082025bbc5a25e5",942254651.897854
"073a3ae443f3333f0f526f7e",799144069.36516
"073fccba71b28afd815be434",789224572.587742
"07412230b931192771072334",702955897.460626
"07481a101afc1d5db45245df",680960847.894271
"075a5474294e25da55373a09",361691021.278574
"075b5c16441d9d67cf638386",487353153.321214
"075be16d8d9ed6831d139b2e",870498196.423202
"0761d0b7c6e319a75b06d420",630556734.180417
"07641db461323a5cfcda4f98",472599878.914411
"0768e70fbda0e09b88c1548a",512384593.489152
"076ccba20dac8bfcf184b8a8",886305149.06979
"076ceb408227ab2563a663d0",395835725.18866
"0775d831f68b88ca59eb871d",1004375521.58346
"077659c14c3cebbe192f8247",1030677602.39194
"077db8e0877b924d1b57ab1e",525965205.981975
"078144699729ee0c46f36123",945383484.850178
"078f7c6532204fe046b13d14",727201605.332444
"0798af235e9926b1e7e4642d",673928376.320127
"079bc331430e94ee76f8097e",807927524.208694
"07a6da2c9c4833ee4cbe8625",755369336.2899
"07b7ba964a8e30dc16d66443",1111973028.66219
"07bd45129563bd2fd974deeb",507819966.506159
"07c46b493733d74c4f384b79",675260139.814466
"07c753474a847bf2bccd55b7",758368720.292278
"07c8af84608e6c9206ad6961",690401596.882091
"07cd866c871333283ecb2d23",922575267.995974
"07ce6f95a7719abc9a204b6d",813920358.879944
"07d1137c1f0aaecbbad32f7b",701097314.851936
"07dd30f04c5953f325df9aad",835940786.547796
"07de14db9dcc2d4f9eac0dd2",1397302628.98823
"07e76c765d1137cdd7c2ff53",653880781.182723
"07edd16680605925192efcf1",856540119.507157
"07f10df13b244dc33b464582",856089222.511279
"07f24808e42c9e11a7c20232",766336441.443603
"07f4aa9b9ff5b0b05d31e6c0",987494379.041578
"07f9017eb4b8c169eb9de536",1032564363.22654
"07fa1ad76017843232107517",1289155976.41381
"0802b7e10706252dab8db909",905775245.622555
"0803ef3270948a30b3fee2f0",589322278.607157
"080969c751cb94822aeeb755",525543344.506246
"080df3efe1fe81f97e74c4c9",545812057.34058
"0816f29a68aa35abd5978e7c",696052320.532179
"081bbc273db70f1d2cc84ed2",974956687.977858
"081e008e772c6a79b809a87b",797922791.930638
"0821109831351eb2501e362b",1206962912.70717
"0821fde7debf7cc445434024",488709589.477996
"082293a465231208059c5d53",678850752.753727
"0823b0dc92805ab05d3f8650",1456569769.34835
"0823be832fff81b3f1291859",479037704.360849
"0825f2ca4baf5b34231ecfd2",1018688588.77972
"0838d0df248d723da4e25ea9",832104213.654025
"083f05fe52ab15e8d481ad41",1026881014.30798
"0842816a5ef4f24435c8df22",899232273.892878
"0842a0730545c623043b1d8e",796494306.583445
"08451af5a81fd6a63c4012cd",731818008.206673
"0845e73ae95dbd4aec3f1f43",682825314.991116
"084de1226de9a6f4a6075c2d",764983565.553115
"084de965e32a2a65bd3aff5f",744030778.41369
"08513fe1cddb2cad74874a59",473310415.506559
"086521dbe18727963538aa7b",723710500.157177
"086540702ba0876c0c05c5d5",1081134021.84074
"0867853879129bfb46dae700",1151267982.58892
"0872074f7bd512dbd4609c85",424335404.770979
"0872198056be7edd5eff220c",866825335.789914
"0878a639ab8e6b6e69a3df41",750703717.397559
"0878fd8b66aeb22f6af2d7af",797005364.82906
"087b564ba475edbea431d4e4",736522894.137099
"087caf4bce7b0a3fe3c47dc6",1011073805.91119
"0880b703bf2064f59f2bf20f",560123216.956358
"0890a0d20f33b9af2bfe488b",687914221.97261
"089dc5de66c6c4132734b9c0",694321950.014586
"08a82bb9fbe4b7abb50cece1",718976278.915839
"08ad96681afa49c74721daad",751762650.101976
"08b09c586530266c14e611f9",635511515.914718
"08ba99aa6a8ee752209de6ae",804413656.530334
"08bb88dabf0070f72a801a4b",784908079.322218
"08c1db1e620e975c4d476b2c",613611453.037152
"08c61259a756e617d976e8b8",659008440.775356
"08d0615cff29645ee70e20e9",884776895.559878
"08d4fa42a34c74c94db5080b",1031904285.54283
"08d90f931e7e0a6f43c9d0e0",929491914.424854
"08d9f04bc4ebdc74e9d80b16",1059125643.80663
"08db0ce5cd15db2404ff3d28",752915711.364664
"08dbbd8d672fd09463c061a5",631747818.793754
"08e1ad8d1f0be0287a395ef6",812224716.497125
"08eaca41f26eb387b67bf30d",1242103758.63175
"08ead1ac0b9b30c2a72db17f",1216108510.37065
"08f1c136d5a456c0215ebea4",788558551.883655
"08f35bfbfe1bd663c40d9e54",741319465.038398
"08f6bf438980d55b35ce7537",1243078093.52471
"08f74ad7f06f2c409903ddf9",836033726.311058
"0901e845b6c56d4761377a09",705737259.854075
"0906b6a88fb1eb0d7bfb6bb5",473526566.508946
"090d371309090bf83b6fe0f1",772148200.910123
"0913364c688d7375d0f7af5d",447277472.843173
"091f6342ad934f4e7f84045d",1091797093.93515
"092045750c36a8945c526a12",485111000.016785
"0920b2df9df4f0e509a7efb5",496300473.269938
"0922cc27581d9058e55a2239",631007820.538558
"09254c66d93cbbf2675b775e",733311228.693341
"092b7b5bafe25bf485de37a4",568072575.708651
"0935e87627068206f6d9c0c4",647068373.071328
"093a92c6846c924f88ba8750",1007199958.51953
"093c849ad2bea8292c4d15f9",739117395.917055
"094da6ca19427f1a943105f6",1144809710.90243
"0952c73b02dd5432aebdf2c1",507859041.368399
"09656004f0a7f544580958fb",1246327499.59968
"096912698fd9a59d94935478",767001372.752798
"097314d920292b46eab5dbc1",792810555.955019
"09759befd8899fc1e359935f",870505169.664515
"097a1a08a389439cc2c760f8",347396632.070951
"098327587a877bd50df27551",748459725.906502
"0996cb112fc3919564e87c37",873608943.521434
"099721566fdd0a32546fedbd",1035040033.34303
"0997324f14c5823413463546",966087480.705643
"0998999f12dfdd50c597c6c1",1052594715.29754
"099ee1a7c91105ef46b5e7e8",650377916.960419
"099f07f9ec4ff6d835337f86",479904049.407073
"09a5fd22f920267b464e2a00",684474008.967804
"09ac622c303bce9ad5514442",472263591.177198
"09ae7df5577582ce7e7b0aa7",588437619.331805
"09b15382686c42fd89b24285",1022249671.46768
"09b18e3f3cabb7d5469a8d51",751656457.327048
"09b61cf8ff3ff09ac892d073",745190066.800704
"09c28a830f8093802384071c",844344131.625424
"09c4d4b5d1c0118d877d5734",940130055.238696
"09caddf25db3ac8e1a98565b",1378627957.41773
"09ce36a03c52d6721bc5276b",659820546.465156
"09d4b5b5c2f97ff88215708d",792939443.133662
"09dcdf0b8b37c1d537b9fcf8",706757215.150159
"09e0c3a1b90d46c361007323",514057815.453727
"09e4397bf9794fe24d87d07c",675616856.86603
"09e47ad8508e7cfee83c6d68",1085397494.45523
"09eb808ca3859318d6328db8",572405609.264037
"09eeb116cb0944a28742d282",1100548688.45326
"09fd7896d5445f422892b196",746361139.209387
"09fe153b0027697e58bd08b5",416176541.893323
"09feba43c0b8f3560fe09be8",1105018443.67878
"0a00771ee714a2f3f96c31a3",671786743.380941
"0a040fd24e23a77f0c58495c",763958512.195044
"0a0e3ee960f60d04ffd6bc0a",902359104.531319
"0a0f206f04bfb10c137388d3",1169295421.52913
"0a199d5741b5a6213b39b793",716980060.783186
"0a1af9bb571b90233856289a",460980088.7329
"0a1b14f320e330b405b27a6b",846864500.022803
"0a1b1a3d68b04cdcb2d757cb",995337279.888154
"0a1cdd0d5c3c8b973ab1a98c",1100250241.62787
"0a1e6a95a0f9598150c121ce",1216922079.36718
"0a231779f131c36d8e6910f4",696340284.791273
"0a268e25a5f3a0bfd8898a40",357637313.130849
"0a2a67e8b310471b115c60bf",696752995.794122
"0a2f7379cd1bed7d2d2d5a01",941091722.425061
"0a2f8c8ca6094e6626d4e8b1",703549166.761762
"0a369278a1ef6f5e9d79e2e3",839874806.024014
"0a3911a1a9284f2ff81689e6",810640911.164804
"0a41279a5ea9b92bf8cb79c0",874498255.032275
"0a45eb817938241ca988c2e3",936654905.820617
"0a482968c7cdf212401d72b7",817659948.643175
"0a4b0a004c894654663bdcdb",1024254343.62404
"0a53b0b7c365879a6d2cce39",904421969.817909
"0a5908a92d0ba3e36f54b1f3",379657731.043123
"0a59b506798fb96edd7681c7",842735395.0297
"0a606d19ae362a58922b172e",580409335.244025
"0a61250b2c208d42a3077bde",745405822.559274
"0a6966f19bc2c303886ca82c",987653786.129068
"0a6ade3bea1768aab76680ed",935717914.40991
"0a759932f763df64a463ac18",780169425.218097
"0a7758f69ddd8fb27a839661",592072884.050375
"0a7fb26822c2ca556f62a257",671819316.552744
"0a85c354c48921e0ca202d15",1222782172.20597
"0a8aaa78f68d43e3b1bf6c51",746338495.223205
"0a8d749a2336d8f66a4f19ef",595318755.745897
"0a9e4dd0eec86037a36fe769",729652912.997997
"0aa1332c56bf357f492da2c0",445357284.603774
"0ab4a4b8adda35f634812221",1150863881.43396
"0ab6e52af85ebf23432d7698",681278065.695796
"0ab85344c5fe6ccb0edb6313",1037725228.90162
"0abc98f7ea1e477c6fe3425c",990889202.366268
"0ac639a7c5ec115b3df8111b",969755572.529658
"0ad01fb039a198262ec59b72",975412176.183645
"0ada7044c5b29925abc90879",727664813.705146
"0af13e27cfe9b8f237a9949c",703525776.618294
"0af466463f2cf50d61315da4",756585718.589765
"0afc6cbb60f34f1cf00fdfb0",766202736.219265
"0afec1b2e7060b99dbe41a10",547788131.493173
"0b06da0ceff947975cf8951e",973465524.318702
"0b117f10e699f10f97a7e7c6",933114425.630228
"0b221ebf810f632568c1e2c9",503186170.457882
"0b3021c156324d1e7974ce3b",1518080699.17534
"0b35c4a3f20cc0eb751acbac",461794348.739526
"0b42bbe66e438fa81a2ff77a",674609953.382912
"0b49dedfb53ec812962e31e7",735996305.849229
"0b4b741487c001323f508d5d",949051314.531396
"0b51fb3a65a86d7799f27264",439133902.280611
"0b54c51a787fe58bdf677658",1187277503.58628
"0b65098a19c2fc1caa6577ed",1108015889.0854
"0b67da6d74bb3998c80893f4",707311316.808386
"0b6cd71df4dde546e665f865",752655386.978385
"0b6dcb5c1952dcea931e2c20",685723476.700862
"0b6f2534f862a7ef551a116c",745081235.848106
"0b715ccd3b3e01444b855857",482208837.577328
"0b71d334a6db66cf6f1a8eb1",734073463.163096
"0b7c8732558fc04f4fc51ec1",1078685735.66335
"0b829c23806ff01a0c84e9a9",944261827.49109
"0b937a3ea4864896b744108e",338383583.370852
"0b9730cff49bcaeb4d703c06",639490738.610802
"0ba20e953e8e76add161cd6c",522096127.806687
"0bbd23df46a4ea4e4734b680",913158085.412393
"0bc16b384acd3f8263e386de",1057772068.49931
"0bc8475715e42b752649b4e6",665710217.637523
"0bcdef6d56052acd2afad93d",412748196.917736
"0bcf7987c4b0ba485c44caf9",854797946.172203
"0bd42f8ee9d36dae4cf35886",414788487.598592
"0be57099d9c3ad8a16984861",810984009.770096
"0be7803a34b11d89133beaf4",949299247.711361
"0bf9fe130da23aea7142bb7a",673045280.558582
"0c017cf9740cb67d530267d0",687879327.016663
"0c068dbfdafa3429c71189af",753100680.48236
"0c12f73305bc7d72bdbd9789",595036712.986923
"0c19c54de06d1c139df99ab0",710079054.77166
"0c1c0ba7d75dc4090b7183f5",976961156.014428
"0c25a552c34e114a1780739a",411240712.735488
"0c302f1c924f8efe0b6bb58e",596057856.954784
"0c37c0d27631960f9e0fda1d",879407912.349403
"0c3af9e0e9c80a68acebd041",877640355.438825
"0c3e734afaa6b7c370754082",752678267.552376
"0c4781c598c06d538c5fcdf7",910654280.78334
"0c4afcff5f5a90cb79807682",882022786.996738
"0c5067ff99e15fcf99792cbf",966819427.734503
"0c61a011d7fe0227be2b3575",749891945.826846
"0c621256c4d7ca81045fcde2",883565619.926004
"0c62d4d501a426cc8fde0c36",842170897.842634
"0c7da0c2613129bc322b1da5",1041838268.68158
"0c85506b301862fb58b467cb",618933076.002399
"0c8b133effcdbcd49d52add5",1090405181.45074
"0c91369119a06c40623afbb4",481351167.074137
"0caa7856aca178f826fe90c4",784860107.208261
"0cad79296edb4b18582dd77c",844782845.858785
"0cb4217cde38e09571fa73ba",1100970218.82746
"0cb6801c9b57e874102ca349",691765538.289193
"0cc2f3a49dd703e7554ba638",1011868901.20892
"0cc5caa9b48a835c92da7653",726359231.709953
"0cdcd8cd52bd1967dab88a5f",512665508.94179
"0cddda1c211fcdce819d5f8f",564045186.965938
"0ce068461fb3bf34eee000bc",699212026.556698
"0ce9a7d4b0682dbbca68e070",696297480.442135
"0cec193a20d720af010383b1",831958164.345428
"0cf7a6d43221664a060ef681",724429891.88127
"0cf7dd52e117832b4698b310",678619208.986701
"0cf82b1128ebb8d1087b640d",1209942962.62938
"0d00fdc440d7612434a6b91f",525643932.146607
"0d027b81f8391d73fe0046aa",1005125541.76142
"0d099b1e1a314dfd9aee5293",611014195.435026
"0d0f8ce05ebe99dd3bb7b23b",966622477.793027
"0d130b8bea4321300396fa34",1172875065.59138
"0d173e7afc8f8babbef6ae97",911323773.488057
"0d1ef14606c58310cae371f2",493821600.349684
"0d24fc1c5deb78eb1a0caa51",521310698.843806
"0d2c4bbd8a4dbeb6337b5c14",587385201.359272
"0d30768d188b6bb53d599ea1",951885214.404104
"0d3245463127143a8a52014b",1076219649.61536
"0d3bc6532812ea618d154bdc",685216352.072382
"0d45e78397d4bc0d363be47e",592654961.870381
"0d477acd9c95e9ec63839a53",531310423.740885
"0d50b435188b7830a6949026",494450100.506394
"0d53bfcecf0397ca27e5f78c",810415187.873475
"0d63e52a47fa884e36f10810",690249259.965929
"0d70ceba3aea278cb4a2082a",1120549651.99502
"0d7d434afcc5e93050e0b86d",1077123228.23343
"0d8074979d302868c2534262",1037853284.05977
"0d8b0ca08838d1dac052d51c",1077942020.12525
"0d8cda2859d9903f6202af54",599757323.337748
"0d926a0b5ef567c627a7eb0a",1094417821.19866
"0d95d756b838d3a319277424",429429208.123957
"0d9616f0ac8b0c2e9e0a97a3",559375266.528353
"0d995f0ad226dd21bc96ff6b",568460358.373662
"0d9e73c14529fa3f1ec8a56f",715530318.030686
"0d9f91cbcc9339146bf75bba",774418846.14806
"0da10eb6093728074b34fb75",972626099.127161
"0da2a849e0f83b17b006e50b",844132053.811661
"0daf89cf494e0f40a94d3e5c",985805604.862532
"0db51d4771623f5fc1026d74",514110832.834521
"0dbe463995c605bcdffb133b",550177991.465412
"0dc2a023fb6c5e0b92d86ae2",593609082.10045
"0dcc222d83e1bf05f2c2c090",860487175.209344
"0dd1bb83f0f18af30da139f4",835297064.063044
"0dd30227247f145bae82f96c",1131855768.70195
"0dd49fa8bb7be52b851c6dc9",946130260.368861
"0dd510aaba8036e8fd9d667a",1013899995.37694
"0dd795526c080e8efdf8eb0e",679428316.363962
"0ddd21dcfe89f72e2246ed79",523078444.874578
"0de34892fee879f449facb19",776209264.099614
"0de426088a306321990cf60e",437212870.960846
"0df87025a6351b435958ce95",1104162463.43148
"0df96c81adcd6fbc2f7141c3",650025836.098361
"0dfc7d77d3dca86a221fe62b",1163970200.68279
"0e001ee8f27e1a2fffaa0225",1056078753.00186
"0e04f84529d92f2832ef986f",455701730.52218
"0e05eba6eed4e55e89dc5f14",977771810.010186
"0e0d19168609ac1d75253edc",505738422.260799
"0e1bc8ba1953ec8c28e53b9e",738936227.154634
"0e1c100d8e57de8296363d6f",453742391.988943
"0e1c66f843e06f14d7264864",563283022.193167
"0e1fbbe248919eb71e53ea75",687195409.188062
"0e21abdf04b36e5f6a1fc337",1310539283.57665
"0e22a41ec27869c8f83f9be9",1075205795.76302
"0e2a5d040f6361adb9927388",739011180.511117
"0e2d6e5882fd3b4eeb9ef286",764209459.671443
"0e3067f71dfb9dc2e03bba59",713518544.448291
"0e35349077490a01f25e2ddb",1074178987.41727
"0e3f82238c54e85ca4229977",606300749.399508
"0e49eaa5cde9375b1f026820",588432298.791746
"0e51111c47813a0b0dd51b64",743206290.284469
"0e5db1a36a521a5d2912b238",651540331.78031
"0e64230b70f4a227b444115e",742488149.450597
"0e67ae9abf1e2b2f66a91a28",747037859.693163
"0e694269bbff1e45395190d6",1004528650.77233
"0e6c74a0056ee94b10bfa86a",689387773.667404
"0e6dc789744b678028e74d56",721053871.566445
"0e6dcbf136294f2a99410052",891003780.204373
"0e776964ba3733f3ac18a7a0",837259688.949689
"0e7dbec40eab1b3e5c6bc665",831729377.451899
"0e97f66cf4208c1a57d1fb17",540659316.109818
"0e9a5ea81f6d91038d8711d9",637255989.094885
"0ea1a5d32324d270cde1993a",691664896.10551
"0ea201bfd515584bbf72f902",1021517389.62678
"0eb7c68fb7ea1e58f3e76345",886548408.30265
"0eb8f10c9d5ded1b09f60baf",827107858.37891
"0ebbe9d3831727f90d677ed0",1134018960.449
"0ed0dc77661be57aab63bc83",674529970.240093
"0eda675541a035b1f620ccc8",1043690058.61446
"0ee7273686a0a92fbf48a383",1216535520.77694
"0ef36d33e6c378c946b8a65e",580148233.772562
"0ef45eb4356e2f0331ad2457",970515843.86487
"0eff08cf4bc42dd442a70231",849936549.377455
"0f059b39ca45bbbcb996fa45",600541813.453975
"0f06896d7502890175cbc4a0",952134340.07886
"0f0df5694eb388d843e1f17c",687150531.112389
"0f10d20cff5664f9564bc88f",1289382286.27782
"0f15a78ce3ff90b6894fe3c7",692332471.27033
"0f1c472b94feffc41f1caa44",597882741.132473
"0f21ea53a480e4363b8d7aa9",890025622.076639
"0f2913c5aa681a2bd45a5484",697097439.59315
"0f2aa0d9fdcfe894caa8fddc",816089647.212006
"0f2fb3cf22613a339c88f7e4",870515998.187948
"0f366a36001c0766521b9dce",509188499.073123
"0f3b424c398a8e8b53162c37",879616802.66382
"0f44b84024412099f27439a7",468347542.492233
"0f4765c8929a87746217e957",918668458.885107
"0f4abd70b68453d3500eebb5",384906257.337291
"0f4b077de4ba5f5db6fb0065",665585421.077095
"0f4de499e5bd2c57fcc75013",550070391.661301
"0f601f5ee798174ea9d52caf",842175162.235653
"0f679cc583a47b30ea132bbb",888735672.791107
"0f728f676325ece6a001b4d5",467012747.328823
"0f761aab549e7f6bc025ab0f",868853195.403177
"0f7e28b6efb9d550ba28a1e0",693533267.837496
"0f8ded86be8d3543a5069b6f",861705849.736072
"0f8fa0a074b743c92f0fc56f",1197196126.74568
"0f937643c067371018c8deee",1002435980.33034
"0f9867abe3ea0b9c5363982c",832258162.88102
"0f98c4e431100aa87e6fa6af",741991261.064067
"0f9c26956bfe983c8c7fc227",1347578647.20447
"0fa87864632b7bbbd161f879",725235405.95857
"0fa99fd0e8cebb71a3bb0871",544708289.965616
"0faec12daf0493a512b2fa0c",1543471063.1184
"0fbc9e52ccf1b7ea8136cbbe",795817533.420679
"0fc7d98f75bc1c0b782a328e",921283421.542842
"0fca6767d8f442da1f8bc6d2",450687365.305317
"0fcab263453a9f196468e552",970570857.396137
"0fd313e5a0f02df07eb6b104",442551783.037259
"0fd954262ee740999c31d407",373998868.661466
"0fd9a2a99c44c9e5565fc17b",966329074.676972
"0fdd03a2dfb18e323d96f468",883904402.677446
"0fe23ccd8e42605f4d9f78a7",437312573.093675
"0fe3dbfdf25d4b013b842b51",785068836.704258
"0ff24418ecb6888dd8ec734f",1050448697.60726
"0ffbcf7d58378c85b4103c7a",732183938.676551
"0ffdec8eb5272d9fe4775251",655141273.547844
"10037227b2a24d9a72ced322",883805265.6675
"10084cfff54a17bcda6f19d3",1161512671.49027
"10092cf2f8afb3658ae475ac",690507604.09541
"100bdfc998bbde3d00548bdb",1171113002.60292
"100e9e2623cb0fc52fb08813",963288852.870893
"1014341bbcd2fd5775631f78",696122373.170066
"1014d3a98e886e1a7358e29f",798448016.18911
"102434eee07ed18268857a9d",1191015381.1166
"102de0a5ee4f19454b922b96",673031252.998695
"1034b1af0331daddad70f3a5",463808485.227876
"1034ee7a5160fecdb5e8c27c",707578402.813427
"103687e73b0528ec29725f1e",565734336.420256
"103f6eaf04b44c4013acf097",1187106562.20992
"104722434c2deed04a901aa0",465319494.97501
"104cd052884247b14d697673",541602894.594061
"104e960974eee31e7e0eac6b",838457525.003679
"10563c278e7ce8eb2066d398",937252855.604561
"105bcd15e02d39f70ec2ecb7",418396953.467782
"105d05ab3d5334b976e448e5",863214967.826239
"1062419f9cf94418ba88b6b8",647182147.917824
"106ad411e13ea21ad68e5f59",1108319439.20485
"107e76f0c913e19217662faf",834366761.332307
"107f29b67164ad6861cb7059",1229890019.96265
"107fffd601a2bb7a3e4a69e8",738738450.307292
"10970057efd092c98037498d",553984730.025136
"1097d9a61690cc58a4b91e62",752651433.965181
"109bb36f29b223a81dbfa340",844575384.276257
"10a650e8cb5425c97f08f68a",813721111.747661
"10afe23f1f58f96422c97934",420146685.986298
"10b7c99bee9a4a21e1f32d50",819437632.600298
"10bf1c2d1124f6d8f8b9497b",1008685373.47181
"10c836c2e566dfe9edcf3d8e",1260334057.23599
"10c94f25ce3f7532bf4f3152",1340864314.12026
"10ce9c7a0a58aad19778e5f2",926070335.366605
"10d01825744060a7b777ee4e",808421632.397738
"10d0506d84d778da572ec635",753178155.487347
"10d47d2c73f0ccbc97979bcd",626637985.497945
"10e5e54ab66b58b3f41ec381",928103738.128639
"10fbecd8de540f1fe4c57b7d",415757343.280085
"1101f533fd18cae5d32c1cbe",930958405.390771
"1102f91444b8e1abb636f1bc",1025168815.14717
"1103c663f6b5ed0309a767b2",485273118.00121
"110539d2ac34e5180e3fd95b",950782804.481927
"11075db1cf9899c8640e1b90",741319465.038398
"110a2f124bad0f9381edce7d",1196008714.94655
"110af3c21ecdf156898c7c0d",1102828898.54954
"110d49e1d79a3534e146b300",859347217.698274
"1117078fa37ed101e9120923",870545666.447518
"111bf82100a6fab0c9ded743",745646969.519148
"111d509185303ed970d710c7",1066775232.02523
"1122a042822658cb504dc147",745646969.519148
"112d996c4c0662bd13af3ea0",1138896654.82388
"112dce80bf512f3f24391d23",797990668.903421
"113887ac25fbff9d30fe8d35",702796167.67756
"11429e0923f804d7dc5d27b6",926215351.429619
"114318a8e5822ece53ad897c",482339783.239431
"11433baf7716402e8c58bd33",899898978.988773
"114436e00c03b44096823522",597095655.281317
"11444a88bb3b230b4feb5b58",715439526.64513
"1163ab2c0bc8c998e121b922",630584796.252452
"11723d1d472bf1a3fdd8b72c",1212100675.15607
"11727589f7c66554e9114407",728086903.741595
"11734add51785f1ddb999c5e",685653971.459057
"117f37774a78d65f9e68f906",578778455.968192
"1181e18553eafcf5edf6fa05",929599532.591739
"119805b72aeb50f05d3a5bd9",749148162.098971
"119833a13f3f7df22d2b270a",756569647.165763
"11a79681fb0a3f6eedf11d1f",701805241.970297
"11a905e4e01e7d15d35cbb82",694650233.895046
"11bccaef3431fc17953eb81c",981517036.158603
"11be39d287e5a8bdbecb5994",785034888.667758
"11c4dba68fb47eb9c49df169",533393763.80087
"11c86230e62bd2c9ba44131f",1029389372.7974
"11cd643195dbe5dd4567b62a",1009616177.44111
"11dc32d92ac579720303c019",808553922.096713
"11df35a3fbcef34e47747e38",536731097.694126
"11e36a3effeb0119b8bded5b",841355420.904524
"11e4350271e9cbb37bcb75af",438965490.182731
"11e6e5ee92c97e31d34db891",1002301535.04238
"11f8f836e5626605ee4b41c6",988287915.138712
"11ffdf367d817b582d590db7",615058886.862485
"12062de068acd322b610fcf1",960597670.0361
"121cc20fd81d6322f56d5c53",798725549.76753
"123106a60208725514f3a343",789456899.968876
"1240a616080d6ba5459335a5",1016395627.98604
"1240f50cf2d8ef1d8713e671",570590977.287314
"1242d7e61857ba8ad285b6f4",849660141.905849
"124959d1429de095473bf5a0",634579945.494489
"12501015fb631d7c10ff08fb",1027576025.00744
"126f4d890004b8035a7de091",961519390.928983
"12785f791e04b3a49547fbc6",1008060904.38984
"1278c9fd86258bcb435e7127",734710672.879326
"127e08fa99afcaa339eff684",760935871.317823
"127e197a2f70e7ddb5dc92aa",617105064.494182
"1282e129e1a355b161621dd8",832233225.012791
"1284d7ed08122731aa7c0461",460339371.454296
"128cb9247755abf5f2801431",488010726.916336
"12a63d4fcb56c1d690e1bbb1",784198236.587501
"12bb70a95996dc6e286086ed",804554870.431942
"12bf6b9badebc2902cc11c62",570590977.287314
"12c7037cfa63de49e984a789",719060954.614836
"12d1678bc86ccdcc8ad756be",1085135513.1847
"12d40725335f83e2fb9b937a",781689431.145647
"12d73fb8f4ca87b19ca46231",722619747.097124
"12db154d9d29cafa574ad387",535783167.440844
"12e32a758e15fbeefa255207",736729720.745663
"12ed2c22a923c840ef616a3c",996006017.180254
"12f9d50fad58e4e40a187d98",908175933.689908
"12f9e1f78c630defe302f781",782985887.610369
"1308dad458274c698b2fec72",721181349.135328
"130a119701171ed3c439c527",675240964.867299
"1310e9cafc0b9fc21c212f73",653068117.589599
"1338e58f7dcebf5a1ea59388",739560859.847689
"1340b0805cb34eb9a982190f",676397088.695929
"1342c307971094041c9c240b",893787151.117368
"13477d8ef90576ca84258984",439543875.76313
"1355fdce5b97bb36da15734e",1188410449.05639
"135ca1dc80ae4d9993ec46f5",638472637.424096
"135f6f92c4ec95847e8840eb",531720755.169648
"1376058cb128a1c7729cd2e9",1012835725.8934
"1376106ebc19c929df27bb62",633629510.611423
"137baf1609138c6ca2715c7c",488823918.327813
"1381c0399ebbf19db3a11820",632742140.59444
"1382140d8fb634851d4d210e",1305996119.36322
"138a1990291ba31024455eb3",1146085813.81632
"139331d23d9e3c40cf083a7d",739856118.092877
"13a44ce5066ce00846b59ae3",1045386763.07598
"13ab6a062601d40843de37b8",953212132.70476
"13ac95652fb3cf6c43dafc66",572106315.890122
"13adc7946bd4e6e3e4416e52",427575235.906034
"13b181b46359620191e6e4c1",472458443.158725
"13b3a55d79b79ea89a73d21a",741693772.365076
"13c39860029403ea94b5439a",926549761.14463
"13c51ea93d19df6c273a1502",727701364.133943
"13c7f3592bd432c7cd0a42ab",730903781.04831
"13c86cdff4dd32a9f8b9adcf",1049136667.71361
"13c9960a03a1c446aa5515cd",574762057.447589
"13cf784fb3553f75acf25a4b",476443593.487986
"13d08f7e14471fcf517c204a",458337187.052637
"13d43933e04c3c7a9e5071cd",819949432.321455
"13dbc077e552640736267a49",358513610.556469
"13e2ec0a12c8a48a753b85ef",643189287.871868
"13e6c5cde1004803fed93cfc",757926978.458407
"13f42390057bd294cd787822",767060819.706867
"13f681a090b36edf38a4abd0",667333540.76545
"13faa4142e9d60412abb4184",442792294.434885
"13fc2dd1cd32d9cfa457a5b1",796049006.558002
"140a0002732574ecc516e9a8",960555884.266527
"140c4de69883df9f3fb3a538",578508719.833429
"1414ec3cdd3f6ab772fc7584",713565530.677968
"141ac7bbe9637f9e5142135c",1213025617.65813
"141dfd80a005f7b32bf70375",880913175.054526
"1420543e2eb5f38e4d38ba81",1474876039.81846
"1421bdbd9cf7572b799b732c",891588448.877606
"1427aec89ee9564b95e93cd4",505960201.649
"142cf530f13cbccc3cc9d0a6",676423924.316142
"1432cf7de2beb14fc7603ae7",948587247.96199
"14331a3db021936067b15890",632391695.528239
"1437d1f1601d26a3dca7594f",761678205.769963
"143ca16847cc47d4a4c01ac0",704008218.702562
"143f07eb2a8f0a9e26fc4c56",1049679885.06887
"144162ecfcba71bf09048dae",891739446.418727
"1441a28c376a20c90d72cfac",661155007.524366
"145a241c80430b1e4ddebcfe",910381480.557636
"145f33a8350a080231306bd1",738684494.979285
"14611fccccfa2a6499b2acef",643078108.01783
"146a5a4f3d111dc7b955ce42",1182425285.15339
"1470749d0d2551a93827e441",690370447.461489
"1475cdbbac4aa486266e439f",678548688.655344
"147de03212e554abbf3fc3b7",926941365.84846
"147e7f5381d3c951fc446376",598429909.982381
"147f80fbae69dd577ff19950",766691958.002017
"148aedc984c7f6831c7f9601",421133106.48302
"148b157ece514d99be0a7f93",359726407.999095
"1494f223c9d3ffba26e42738",1215588126.35801
"1496d159d31717ce254f67a7",442673372.296221
"1498ce1c1bbe2e89b84a4a45",1004920660.42238
"149e49c22fa0eb163a36c932",776886314.809602
"14a14706d405569501327924",406573911.465455
"14a55e5887af840860b41ddf",405835128.92593
"14a5bf235097782f468fbf23",803275857.483073
"14a8134a56af1b328321cad4",807107041.929591
"14acd96163e6b3e17177f35b",725817039.649727
"14b81320fc31c7a513242171",451971008.775339
"14bc234ffb3ff7f974afc8e7",466249893.925183
"14caab87a129f51b2b70508e",672991998.354743
"14cd5f188cf6d2433240b5cd",688005504.075771
"14cee0bdd9dd5537b96d0786",904531559.030862
"14e179618d1a44c5c55e23e6",661622800.387923
"14ea4a7c57d830eba13638b1",847875957.13622
"14ead7469d05e5eacce6a575",568984412.846356
"14f1bf9aa68aee1ac094097c",837062506.733168
"14f9ab54432e5f54a50be4a5",426401724.918929
"14feeb619f409386e6eaeda5",448820473.521143
"15005fe7eb24aa25b9e3cee7",810982277.938065
"1508ebe40f90f90a68f6dd69",663922292.038087
"151a16e94d538a7a6d658ee0",637068494.889871
"1533da89d388196f19e2c5a3",895824673.028637
"153436858070f7e724f0cbc1",833900276.634112
"153c89081fd85dcc66a02421",950422874.140235
"15515ecdd35e9f175842a738",843981597.78967
"15537000b6806ee84d4615bf",1088088698.76669
"1554f8aa4c8fbe17e9e82d0e",877376891.216735
"1555743ec7e2f38904852860",758583309.415865
"155a8e4186d1626fdda4d0ee",1037679493.43644
"155da5ad9ad19d57a7632cd0",809208604.772422
"1562a23a312478d7a05a33dd",923430868.994104
"156a20e2bf9e48b9a360f9c4",646036435.479901
"156dc81d6e14a71716aebcab",700633062.161958
"156ecfd8ca6004281b191db7",1132406345.27784
"156f706d1d30de19f7e369ea",534814761.508318
"157195fb2358bf2d5051c439",823940719.086044
"1574958978c9b5d23d9521b5",661118021.933171
"15a3e60c7a5d55243057d7df",496827550.42015
"15b57b0ad8794d64a2784ce6",707571101.680641
"15c4aef8401208054697b81e",1140936698.70556
"15d10635d71919d0c9663fde",751646862.644539
"15d3ae51558bfeef80b9e97b",684537493.252361
"15d910dd93e0aec22ccc2083",1229458322.05646
"15d9a0353ad54798ef95e0d3",1077658987.08427
"15ec532ec6fb73074b9b12c9",557992877.649593
"15ee6357e02b76367682d6bd",1103603503.92176
"15f02dd18da12f4d7b0ac2ab",489363451.003219
"15fb97d6a43731d61e95d004",1019618480.12317
"15fbd295328ad698d3c76aec",968425497.487025
"16194707d4e85fe332411bd4",847875957.13622
"16261339c3a99635717fcda8",1127580610.01222
"16263617308958055850aef9",1075653061.15218
"163228979751798ded8c3fcb",542583874.519908
"163405cd6248bc3e832dc93a",715134991.615356
"163bec92a997aa8263f5a909",939089523.207863
"164cf5fb9a759f2e4be67b6e",886787210.501603
"164fb89266e40a2530400599",512355337.590765
"1655a92b20740a11a5889519",667014212.777491
"165fab7a9f8dd404cf4e9d9a",550277753.204885
"16601a92574531c1fd57a359",824442346.105235
"166ae8e3d0704209d6715240",788721139.620414
"166c21ff83e97c6e74169d92",957074729.133008
"166e1e60acca831bfad07736",733673380.047402
"16716773b2a43df0332622bb",505338473.207201
"1672a21e6b2d8d0525df1759",566279560.029056
"1679719f26e7c650f24eee6d",648781776.301025
"1689c3e3982382e27a4ae074",782920527.543059
"168f81689afa1f055d8bf7c8",837391378.093125
"169013bdcc2ef214e0163ccb",551322555.280225
"1690af2e30b05da545f1576f",1220227203.45038
"1695225258263bd2f463b21e",706554629.398306
"169c742419c0d4335d09fb45",846788383.006184
"169cdb07bd175b4325fd28fb",442584943.944393
"16a05fee8dfbe78d26664c3a",876703097.817968
"16a40e3dbfbb9c703e04028e",837636631.270956
"16b3311b337c0cb9312ddba1",676397088.695929
"16b79a8af9d6376c73c2478e",1018164595.41167
"16cc5c280124618cd5d00027",673401007.867073
"16cf0d7977ed97d6ae8d2cc5",1085899498.81841
"16d6b756f5ebcacf221918b8",819803662.934787
"16da41b1128c039ff8f83919",627844199.498786
"16db516a238934a730ced1e8",568891885.282781
"16deb26bf740fa61e258f545",1050944003.8597
"16e62269e6aa2ea052d05f71",688537805.361144
"16ede6f8833a93677d05a131",585142321.037565
"16ef7eaf29eab571e229e537",1318971634.46861
"16f60cac352cc0d668d226d0",453531297.917171
"16fb51fd3d35db53eebbe5b8",1030819463.74553
"16fe92ffdb7e1aeefcde80f4",822013250.84343
"17005d6ec889a947397ab980",422485720.620022
"1704b2d5f4a33401fb153608",498720418.499857
"17056748001fd65cb961b384",1097430421.1892
"17060f24d81fe2661c7628c9",812015572.119459
"17069e9f4ba45c93738b109a",583561577.919088
"1709b1446b20b21482dd2d36",933278232.80533
"170a69c11cf4f855ed015bed",1111878110.37187
"1710873f951e7f695fca3568",903821433.283336
"171149ef76fe0a2074c5bf69",815478516.828352
"171b560236ce760573a990fb",1122891657.87169
"17230f18b30b94606fea047d",397326847.693483
"1747dd033c2c2769974a06af",594207528.975116
"17484950b143d0395907ae6d",660288731.899713
"174bcb77be3b7e408e61d7e1",811956557.821399
"174fa597347f2b1d3e9016e3",665365439.014987
"175590951b6f8c6b8b4af9ff",487646893.50887
"1769a8ec5ec94aedc397b4ae",463790043.035098
"176c9a90fcbceb91569fa3e2",905040304.846882
"176e00102fb65cba56279287",609395962.322089
"17707d66753c1eb0aca28926",590940876.574628
"1770bd5b0a07a6aa785e0caa",775709947.273218
"17821a9cb766b0f3ecf24e83",763412671.882264
"17914fbe0c3634dae8ce9d71",734513592.524106
"179bf83034539c8a391e0310",752913391.450918
"179d467dacdf674a66c7310c",920829785.603978
"17a2323b855e93533a9f09f2",802389750.985273
"17afbce5c0b56732abbea936",1137697688.71051
"17b360d57782208f5afdfe4b",886476555.393022
"17b5e8357e17b516d947ebe3",718770272.892017
"17c0a8fd3a2c8b5b18d61e4b",768994713.877223
"17c8b228fa2591e3a234d55c",682708024.829976
"17d0418e4a439e9de8006f5f",853778819.487252
"17d0e3208fdf10c77e95bdf4",558721150.122398
"17d0f69ae2c4f1aaa1aca9c7",554224859.528841
"17d311554f40ae8b40234c31",819247693.548275
"17d34f9cb105ca5010191142",1043906181.91707
"17d51fdfe8fd16185bf5feb4",687669956.222836
"17d7986a62e0b066e4e5530e",822132229.89681
"17d7e6d321bb7394546e6b7b",639882034.987593
"17e5796a30da5eaf310d02b4",701815604.352552
"17fbebdfe6bc0618ecdd247c",1090000335.73949
"17fed4a312a9b773f64861d3",443191555.712771
"180172e4eee8ba756207b3a8",665266675.911259
"1807debb0a0b590b9ba4ebcc",942062006.404091
"181caecd269e115cb5cfd75e",625156490.028598
"182077fd9c5142d503309490",589015034.959844
"183a8459fa248605b8b5bc1c",740527816.58797
"183d99d88d1e7d995180918c",495378564.645912
"183f2cf1a1c7eb9700b6e72a",1306225385.49515
"18420ed4661539a2d72ff400",831948379.733979
"18531c57f6dca78763d360bf",508910306.692186
"18539b6cb6884f753e0ac18f",974554748.951996
"185b333862e7420f25622efa",823496102.756699
"185dd9366a6dd1e820880917",828113760.41767
"1862e0c4d8e89fd2302ab376",1983573339.02803
"186d4731b3af01bbe4d08b23",888796642.967465
"187a143dbd6d4bd81d6d9c32",680365879.710398
"1894346a27970572aa703cd2",823043930.554102
"18a74c9a49ad381aee5e02de",693601418.28772
"18ac3368b1f6d8f7171b07b3",1015601531.20882
"18bd0dd7580f2a7cb19a90b9",605882489.609698
"18c38418824075acaad8f960",597123385.440948
"18c8dc4549d38c918af2972e",1107127498.81367
"18cb1adb2078fef29a613a96",588726237.4329
"18d5cc463455fdb4d443a6f2",645334671.977833
"18e89f083fdbce3da0a82a4a",1076884604.88498
"18f6240cad6e92f9151099c5",875014386.177802
"18fd9bee381e7a8c29a44c4b",754559336.63738
"1900e7808046a5fe89d8e440",787157525.933002
"1902f509aa05287ba42f546c",734618735.4463
"1905b860a8d463c3048b4e46",636002525.436178
"19105db21495d546e6792a25",905822104.24374
"191094739043620c72aad2a0",980753434.462679
"191cb509fd44e580ee32486f",764984027.713495
"191f96722301456877893b22",641612894.839702
"192b505186d0bcadb46b7032",763053044.67485
"192e05cd731950f91fef1d83",1099878124.08902
"193d70ead1ff1043845e7671",792187815.579837
"193ff8d291a9f163a4f3301b",905141676.28614
"19466034c2ce19c24a179fe6",736265292.971393
"19487167081a9b0dd09d7975",956709813.410558
"1951c1c8855fed5db8031e5c",775753553.69556
"196969a98960a68088266261",760230338.131775
"1969ba34b72e61337246cb5b",441477748.350622
"196ac46f656726bcb8087ba9",722195095.04595
"1978d8fc2031af21e98a4e9e",847727139.601969
"1985a2a5c3b2b0c7eca22afe",783619270.580323
"1988513503246248b80c7f17",1197196126.74568
"198cd3f4e9be65b83f01ceea",792481016.900999
"1990717d8c7aa8e732bb1165",714585176.650998
"19921a97a52bed6c6b8f4135",737454618.687648
"19957244dabc3f727733527d",672232491.888505
"19993833220392781bc15279",1166099874.67375
"19994da77ce4f2db3efe6660",835876285.987705
"199a6f7df516a685f086dfa2",590491804.633258
"199fe72cad28e4554e359ff1",865671602.22268
"19ace6cdfbd8bed6e99c86d9",510877856.017872
"19ad2fa7e170c67870ee58f7",963705547.950193
"19baa03dc4143a83920a7d2a",976814242.942139
"19c07fc2b01a0edec4784e64",830706348.814476
"19c77db46d23e0c07a06a8b2",636490609.033191
"19cb65620d2330624252d01c",521005793.841544
"19e03fc1a7ca4b0761eb9ef3",838044009.829179
"19e11b2d60326895b5e6ba01",742986693.32958
"19e19ad0cd6b5e84d8aa970e",509467120.395741
"19ecf1fc86396ada203c2a19",668332748.170161
"19f538269846412f3e150a4a",914431655.008215
"1a0134583a5854d5aa9cdb9f",1032345256.5693
"1a06bfdfaa9d9ac754ad07bb",501576556.310071
"1a1016e7a96da2237b391be5",632562401.317546
"1a111211207627bb4c840442",781852664.723202
"1a26960e24de046588ca7837",598861922.476169
"1a2aa38b8e18fd7ed5be77ff",617517616.342862
"1a2c0e46bc18bf3224450064",477801736.370142
"1a309175498997e1b8f0aae7",1004176055.89944
"1a34acf8e509659534a56b63",785930323.110286
"1a36f98c62f5126c8064314c",937552171.739493
"1a46c13974f3634ca6dcb51e",838833723.104225
"1a486877c62f2aced41a2ca0",898109943.266676
"1a593800d5785ecc36c25ead",976222012.699295
"1a5f6f7e8b7af9d48644f1e0",603902837.569124
"1a61721fb7306d55dd77b6ba",855434836.350284
"1a6714ac2350ad371d8280ae",847977654.463594
"1a6af7fd6a5b0602052c4c27",636035859.171299
"1a6b9a6d92ec5e905ac97cce",731330198.186539
"1a6ecf722b2eed8cdc19ba20",893334132.314595
"1a71d0d3503f9eff28acef6f",803098604.399716
"1a75e436fc23e7f48e639b9c",601943025.929301
"1a77ac51e03c77ad280be447",703239470.179893
"1a7e331d9ff88ae5efafa8ea",968079495.156108
"1a805101f78cbb783e6f919d",624365308.631299
"1a93cae134c79a43b13ce656",1108404945.08735
"1a95522f43288e32addff2ba",409425265.108122
"1aac53220223d0d823e70d0f",812076291.921967
"1ac2b23683ba89e9175d1b99",835078915.188152
"1ac6c220eb690db798a3d4d5",847440349.445161
"1ac702e7c265717b34419fe7",789140572.548761
"1acb5576ccae1f0534f614df",757520586.233126
"1acc5749203f964fa8b2092a",595128491.819207
"1ad916edbe6fd38f40289a04",441844546.672657
"1ad9e105d9da875001111075",914236081.936886
"1ae17f134221d5d9ee69ebd9",478262615.802421
"1ae2058fbe26f384be45df4d",660452269.423787
"1ae6fd60628e7d186a5e0174",678850752.753727
"1aee9081ac4a04490eb3f0e9",1048483034.67553
"1af16b7f14dc04f05edf71ea",627798121.241157
"1af243eb63d893b1251f44dd",614798592.827595
"1b002164d34a71bd06e0445b",761983383.736427
"1b09874d5a3e4c9e0d544198",951588304.00198
"1b09c89b546d0058cb09c1a9",983368505.746832
"1b1c220eb91c9448b520b76a",665364120.132015
"1b288024824312c8b1681bd9",477418587.819262
"1b2fa2ee5927660313569617",628955183.069091
"1b300634b71b898299c54671",563621307.8129
"1b425a31cbb73b713f291e19",790029435.346375
"1b4b3662ca18e731acc18928",1411173064.34564
"1b4db5fcd1f92d3aadd5c28f",624258406.145872
"1b4e4016cb766bfadea42f73",496947221.106211
"1b59d33f9000d2e1aad46239",412242427.84414
"1b5d3ddc71634099fa1f04a8",706901436.690594
"1b5db6af0a1c0f7787064020",1094181399.51033
"1b5de74aea685b506a952f4e",410089993.897326
"1b67fbd144a4a3ef40bd9824",903779990.591951
"1b69d2c7fa8f802c4af1369b",905775245.622555
"1b70fbd3e46da8c47c3eed61",435475541.75357
"1b7151cf29b565b2f1caa559",712537538.62499
"1b750e6e2e92e8222482cb46",878579102.977769
"1b7c062b606d0560e850a2e6",583562745.234125
"1b85d69a0f8ce1d6ac4d4475",755469737.620276
"1b87ffa033dcbf4e2805dbb8",626647534.312434
"1b88c06bb3c1bc2bb39d1b86",662805977.150306
"1b989360ec91f5da55806bc4",1173839674.4294
"1ba2c2eedb352ef9bb59c638",592238984.831783
"1ba481abe0d3890c42884d97",681550825.428895
"1baabd705f72393167dba5c8",574762057.447589
"1bb885a07f57936b919629b9",498651719.716343
"1bbbe4e1eb264f5c69467e50",637383895.623339
"1bc2ae31ed1970ba52b1ff60",1726686342.69662
"1bc2c099466f9a989266be0d",438040563.76485
"1bc8874a13914055c2759a35",556889564.026372
"1bd64811bd59706844230198",947066853.441207
"1bd6861d451d128c8bdb72e4",824422872.844614
"1bd78ecec17b584e827dd0f9",647096785.998849
"1bd7b990be19afa5acc78bc0",464366149.851541
"1bdc0d441e63089737ac4c27",466975960.895818
"1be01d052c6a65c5ed286bf4",1204202249.19497
"1be9d865ac8d01f0378bc148",723060454.096026
"1bee6a5aed5417181a3db77f",663619322.858151
"1bf1913f806bd4b461233551",423145948.65169
"1bf77cd1c4037f4d2ed28036",665102627.421404
"1c0236d4bc291372483a9151",585417716.852604
"1c177af5bb41e26ac0135b4a",822912483.156281
"1c1ff56435675288e78c4735",738527425.232326
"1c224347a1445ae01184e0a2",1289382286.27782
"1c2739878e452a340a4e8972",1230992037.85999
"1c2e69465c75fb3af2d57351",1056411543.61178
"1c2ec62e8ebba12c6146a04c",1089083498.28953
"1c3236613cf95c84c5791bdb",504848770.213393
"1c35d9468cdc55670d48db84",1108015889.0854
"1c4fab7d9cf798617fa90a19",978344714.792934
"1c50477e5b3a67f3d8fec62c",466991442.67694
"1c510a71734e955f75187106",1016169838.3099
"1c51566c7dedd4a46503131d",1041363313.06404
"1c5c4f4c731545aa3388c554",660858773.84809
"1c6038b67a40f0749a72e6cd",726454518.580334
"1c65d5172e53b4c7f1c4d6a9",702749066.283029
"1c67456195075a051513b28c",527668630.874924
"1c7452cfc46652a60b7a4f05",721557811.778377
"1c7586fd8a1a38bbda9c92cb",642852384.198426
"1c835128915211131bc561ab",640130082.23654
"1c88ddc21f3e8e4ca633621d",540623774.548195
"1c9325df5599379a73e18053",784436945.435174
"1c9e38cd216595b33e283134",1104978408.82108
"1c9f65b631d2f2856bc97079",892510551.461391
"1caac10c1121a795a172889b",811010558.955517
"1cb79aba890b35f9d2a400f6",1498681448.95051
"1cbeccacfa11843a256b2e2e",867474849.364731
"1cbf39c44f6b0fdbf9554845",695358541.916406
"1cccddc33bd892b44d7e4b7a",833446212.563243
"1cd6531d8539468cd5f4b315",837315245.249725
"1ce08c19161bd0545eef8a16",780237268.014336
"1cf29f882ee8b458b8f27091",956068300.11403
"1cfc7d60ce613536d23b093d",850916768.699301
"1cfe7df5431f3dc6a9289551",982233742.03118
"1cfe9cba4c2015e7b58f05a0",713503439.25666
"1d029020622a600aad4c2991",730476051.381859
"1d03efada56f8a70bdae6aea",663711072.681073
"1d04d5450762d664fcfab674",992798713.150997
"1d0853f825cc0aec6f5544cb",917856544.976319
"1d0919344e52b315441aeafb",806922524.643765
"1d0a6bf40e609fc74a319310",662868951.235953
"1d0c3ba50087cf01637de6c0",559649730.932962
"1d0c635770f2e51aed4c8664",1474876039.81846
"1d17f0ff708e6f0b93a990ec",661870349.040999
"1d19edc1e0d907e5ab0899e5",744610813.503024
"1d1e29d9601aa0eddb4d6c2c",869401568.260953
"1d2467e5f991b935d676e906",476916147.764113
"1d2b83d973547da8c168f743",672270729.123585
"1d35c364daa0f021ef263c60",547704416.151231
"1d43fd3f7fb4e24a0b7c9ec3",1052501964.42716
"1d45332e2f04df18cdac590c",585948108.121445
"1d4891dc27e0050efcc6c403",749133042.502448
"1d493f3954b15e84c41afc82",538224256.897102
"1d4bafec52ec7575161bcbe0",752260455.367784
"1d4bbb5b756033b4be28643a",846804072.838799
"1d4c50978603ef41377af057",475695135.628081
"1d55f4694f3e000ee3ce47b3",808474047.858261
"1d58ad85a82f7731e0f198dc",1230053746.76117
"1d7912750a5e345f7edcdcbf",457013008.869516
"1d7a2572b466070f08c6e564",849748156.927219
"1d8d51cfdf78f1361710708c",747337076.980627
"1d917f9f5a3cd44cc4dc8d2e",533382551.539985
"1d91edf33a141fa2181abc4b",1007083972.04004
"1d968cecf268a7f14def1af7",847842768.435049
"1d9addd835c9fe8665e01500",566202989.403289
"1db1d1b76e09197dd915a8f1",1453567149.03675
"1db68ed64501f35c51d74c5c",962590964.063495
"1dbb46a250f504e9c8673bed",744162369.205341
"1dbec7879e793ba9685741b4",723305098.040975
"1dc0fe5bcea9d08874871326",522656603.719285
"1dc1a51628b8eb1bba214498",537305892.394372
"1dc3b6ea53413ece15bea33b",861767301.091764
"1dc9e5c684c831b204d21585",1058188295.90319
"1dcf71e8fbfef2c6534576df",707322740.479143
"1dcff645d389e7b687a498f2",785428154.737307
"1dd3d7e197075859c1ff5b23",921693895.941107
"1dd6b0ade195edae38a4a20a",725908700.051429
"1dd6f560c804c4548561cae6",1286787625.79844
"1ddeeae13139b7c9ada353a3",600058711.384412
"1e057cf20757627d1b006141",618569915.660517
"1e158f436f2a4caedd1563a2",657029000.940777
"1e18024ab7d931bc7ab5873f",798706532.143278
"1e21ee2ab4ef88194cc85166",737597152.40052
"1e2270f9f49aaf3be01dab49",969735351.61224
"1e32a8825a7ea79c28e27a8d",693992989.156459
"1e3798d739f85ee0e5a314ca",518344219.565173
"1e37ea0918a00bcfaded3453",600354902.460495
"1e37fb708b70b6b5e8fb5cd2",655031480.610818
"1e48878318d35476c3e87520",1086414896.19484
"1e4fd826fc8693b17f6efc3b",1010986226.23026
"1e5919cbe4373aa261d672d7",496859997.899237
"1e6176a558f301d81bb050f8",785795103.850539
"1e63fac2629793fdcb793f1e",787603884.682475
"1e64759f297a66524eb07b7e",1001889012.60499
"1e7173670334937dc61243a1",1035160230.56108
"1e73d6064abab2cccdb6610c",455582050.784978
"1e7a931100be734988955242",1064416203.37792
"1e7e26077db3bca2821a9b45",923268790.209092
"1e83b53963792d7445e19d27",737104387.34736
"1e866483995b30ec7f79d9e8",798172081.850747
"1e884932e57cfcab75ebbacd",993843058.788612
"1e90d068f3c86c6f691649ff",861776529.944734
"1e91de6194769980800b4de8",686234220.379007
"1e9850a50070dd51861a5e63",715636316.887748
"1e9c53e09220d689a0210ab9",357318057.308344
"1e9cb258a0b7e08244d7fcb1",761351505.664343
"1ea5db844a6d3a926480351b",835380116.453806
"1ea66dd4a72d93f5967be730",1033059205.32549
"1eacbf36422a54f1327fa291",479746044.001093
"1ee04111d277e8758f740139",749721313.340191
"1ee436f045a0662037f9d2cf",559123050.454221
"1ee45a731b6f0242b6d2936d",677815671.416252
"1eee0ff52c53f04307cc3216",837818651.551512
"1ef15e2b882a0da85858269e",489805379.793614
"1f00fb18ad48b32c666fd319",782863173.096784
"1f0d83013ea5e4c3f4beb583",615355219.400915
"1f11cd977996d909ffacadef",1318339976.28014
"1f18df9ee1b19359816ed13c",588704941.083033
"1f1f3e47f3593e4b2824e628",548421324.23769
"1f2c22839c470363ff41551f",933442068.736595
"1f33395df1e4f6a185c507cb",640128442.505813
"1f34129d15f992a3b62d4b21",459079774.421504
"1f3544c9f47bc00fcdf59d74",418250836.425201
"1f39ea319382fb0e41ead713",1169976836.83456
"1f3b3bd08063993c23586c93",455390964.707893
"1f3d3fbcb686ada1a96e01e4",505960201.649
"1f40dff9a973064aa4737eea",1071171008.56698
"1f4109e1a4b47a9b11c2c019",866149891.5239
"1f4a78e094987ce29f054fb8",744213635.299236
"1f4b6eaf52fb940e666c1c93",898986148.671766
"1f4cd62152d4940990ac6a9d",554391314.651664
"1f53612f7029a21e2e9f74e1",720867077.006433
"1f592cc4ed728909040f953d",984953118.080173
"1f6050fd5261a2d21d5a178e",389504715.153345
"1f674965c913f9fe282d07cd",439618147.505847
"1f79204a8f62c29b0a1b29d5",558094621.467876
"1f7daef9ba898c4d8ac1c81b",610226470.600816
"1f8068ab65469ba56a1f0c4a",719529226.146046
"1f81176d8a0c61a7177c6c2b",1249486700.89145
"1f8742e662666147955c9872",829162331.122822
"1f8ad363a0539a6f2455c3fc",571020187.428171
"1f8ecf6c089ce6168b3be52f",876897625.62415
"1f8f74ce8831d5532f330925",1015245049.6963
"1f95c205d5094c674f6e45a5",971091557.946737
"1f9c0f9c3c6460a323171d72",1147554199.06801
"1fae43a9450fae02919962b9",596988888.109549
"1fb4c88bbf995f77f2f29b7e",817163565.451196
"1fbc660f780245bd72015f07",847643874.148655
"1fc0faf46f3b533f2cae2c06",1164443075.62784
"1fc94e9dec93d52e0062e07e",958614555.754229
"1fce0e993a57a3e3873b8d7c",1318339976.28014
"1fd7e9b1e717578f751c21c7",780904461.459486
"1fe392004a09aeeaa6e8bce7",611357296.317915
"1fe514ada76363511cc79105",913166110.638061
"1fe929afafa91bee53df4e86",459269162.692153
"1ffafa78622c45ea4127ce82",1020995116.41233
"1ffdc10c53bb83d3be84c327",622669875.935566
"200020552855ed39d1af999a",568402873.191186
"200897b1f8bcd7c116a85306",463490050.134294
"200ea08f57fa23013d0e661a",1164583309.23148
"201053b106a0b89a0a47e2cc",653641024.59564
"2018131ad3f6e5aa8f4be704",1026590243.38747
"2019bd32dbd09fa285a388f7",662067915.517887
"20289e986c1959f0c83a6a4b",773672556.293931
"20488db7a62f765ac8da0a2c",690715265.43515
"204ddf6ba4822d55ba80f713",363963776.455869
"2054c223fcd48a48f67d02fd",752233454.443717
"2054c61f0162a18c6fa2291e",436406848.162113
"205e9d987013859f391b27b5",1305627281.18709
"205ffcec56fd884ab24c5600",739242499.883464
"20718780218eac9668776956",744636657.857084
"2072a783a44474cd0dd10d7d",763787820.946174
"207e39d9cc4402edd48864d5",718250110.227924
"207f669778ed0db0e619ed40",463673981.007403
"2086639384041f3a9b519140",892617711.831317
"209bf65e11bd7053d9658824",759299894.54544
"20a2a0dfc963fb8a355e704b",550810633.757214
"20a783884d6bcf1aa5697772",812009935.630966
"20bce83e2b75fc535a148dc8",828498757.085294
"20c3cb2d4fa486b23eb81bc2",871229655.047543
"20c3cc21b44eb37d0b359c1a",955390924.982
"20d8980a4fa8e094b7a5f00c",456098402.762641
"20db610da64f80afc1621b12",444019383.490097
"20fe2d7fb3910ef786cff965",666912965.649753
"2100201e0851e80488371b67",553368710.78047
"2105c17a4e2f97183e24aa4b",762828337.833406
"210d58091ea74bb902915250",849035234.553382
"210ff5d4404ee8578a5ecf9f",725532770.288248
"2112e589911b979db6e05a6c",971696067.477928
"21264b5a73fd27b85a4e2654",421675174.815944
"213032fd36fa1a6342570158",636267197.460804
"213ddc1761cd6b018349786a",783391504.176307
"2149d04442f73cfc78f93bab",956301004.959406
"214df9371aa59f68e5740212",586996923.634949
"2152ed6b2b2eaf16ec272cb6",724432976.179259
"215e8852679b9cb6c4029ce3",609688581.977554
"2162e09e137eb5f4a1f32b16",777390338.248958
"21642991a20d6b0d17dea2bb",743420772.109759
"216a598114a403676011cb51",982339323.151944
"217e1715fdd5db76ce93cfe2",842960559.35813
"218445f989b2da5eff4029f4",714836087.90111
"2189d3297ea703e50ec34d96",754551113.181635
"219164e1d9b14cabb9bbb8ab",794983828.389544
"21932b5a5fa65d237ddb6293",703884652.553164
"219555efc5b4291791143252",548861411.045623
"21a7c5d6ea818dfb25077e13",784938065.83358
"21aa860fd839233ed8b82653",508706290.939145
"21adc839dec9e8efb128abf1",748459725.906502
"21b4c1ad11bb1feac4d02308",1039533480.66964
"21c8b93e50ac884e63514f10",1209118885.61134
"21d0f28d5f30a64352e60ac4",599027125.443515
"21d141a84af5f0e2ade9b0b8",819896167.858351
"21d42e80f6f818eed990bfc7",996279298.370231
"21dd47ac3c4e1d6bd0ed2485",708642343.392006
"21e0bc9789139640ea33ed09",785804196.338834
"21e96ca8dbe2f12b55723335",829766358.969455
"21eef7da02b0f2a2fd987135",736186955.252216
"21f00ad1214253dd5bb97817",883631995.835204
"21f5bac85d5eec57acf501ef",943325319.403451
"21fcb5c7e497f0580b820379",967823831.55132
"2202c5c9a16b771d1e242c18",614182631.942725
"2207c1ed62f59d6eacb3c18d",550070391.661301
"220d466e3737f1f2a8ed06ae",436866714.295389
"22127243f7ba3a68c3fc33bf",702851831.59997
"2212e0125cb7f75390020951",791058145.276253
"2214e2c62cf8d2d14f11d47c",805576210.660176
"2218c6bddc994984cdc6e567",555305787.13756
"2221052e00c236f31e6d5a06",731249133.646983
"222a35842b0bc09f48e1d0cf",734596473.282404
"2233f50cf7b04791cf1ddeaa",639560131.274499
"223813dc0188fc229b63e8f3",972650390.60685
"22385ae2b3e7640e8c40411b",738620984.597356
"223b3c04803ae7b855f9fd10",678179402.396527
"22428154baf95870f1d83fdc",628294701.164792
"224f6e839dcbd91491f3f1ac",402935632.879747
"2258ec00dec6a2b85f439135",645871791.510475
"226277c02e8532922a1c769d",920358014.554051
"22796587bee45b8f64ee6e44",789803976.221744
"2280b5f7c47c3b36924b84a9",835480325.938492
"228280554ba149e60f81d639",598837027.791847
"228d165257ef052ad50433c7",581395987.791297
"228d98c82021e2325263c7d2",605198367.19958
"22903633f8c4d91158f65c58",470608361.884746
"22958cc4622a0050d1aead77",788396881.221117
"229607e2faf76efeeadcdfce",613611869.494199
"229a7640d41a8b8d6d2f8f83",1191433571.78188
"229bcf400e309619268dda31",573299067.079134
"22a025ad47ba22ea9fd1a094",674894214.695314
"22a0f3315f7600e5120db131",638183894.92159
"22a43024821ad081e654c5be",820781568.581259
"22a6058ffe790c98a8922258",827599899.839258
"22abc78ce812c519511f8a4c",1331295339.15981
"22ae194316f34d482bdf404b",657438335.388803
"22af7bb676cb4c9ffe014506",479010904.271113
"22b066e6dbd0f2562a0554f1",1156589421.35495
"22b34331d7ca2ea642d29946",734605288.262522
"22c780d56cb97fc34f29e9cb",435433618.751918
"22c9b57a67cbef0920d09174",396997971.99804
"22caf82aae904c79057fcb3b",550460131.237259
"22cfdfbff44541dba9091753",806087907.37162
"22d167639ccaace593dffa31",459197670.688371
"22d6cb11333f2839b8112b89",1343740131.63736
"22e00f8057294350ddf4d42a",661966434.665995
"22e524f1fab17d5b8616d741",963274566.202158
"22e8713e2051c88cdafe2364",693743777.740115
"22e9f1b4b5e887cb5f0dbfd1",717391017.270008
"22ea31eadbd3a54216443137",376197182.868288
"22eb737351bd0958d3e60efe",746110765.031788
"22fcf0650753e2b5a2fa3786",543211556.956997
"230864c9c9c5959f9f0d36ee",895776454.355648
"230cb38e035b85a4353220e9",803653927.093586
"230cdc90e6c825d391d5025d",604593747.079772
"23101b0002252f3d4b3e1d5e",1023644108.97252
"23141c17df584746755dc508",649559537.070294
"2314e3ffc7242a429e00207c",757960433.093014
"231688922448e4d64622120e",617824189.636822
"23178c72b063ecbaaa04b37a",546845404.990223
"23187388f9d6e2bffb88b9ed",911496605.851768
"231c050bebe12f568ef92afc",438784818.777505
"23208132621583ce4a46de77",1283716983.90144
"23229e392dbd8fd9d80637da",882623644.799577
"23264fdd1059460e079e5810",576577955.018526
"2326bb628b4a571921eb7345",794673639.073375
"232e859fc353dbff75c97cf8",982527246.164219
"23374ef76774d4f95f022473",1031706092.97156
"2346533f4712f3bbd036d85b",1187694390.60325
"23473bcde48f634641769e22",538782859.481112
"2347f69ec1ce4a3fb6989eb7",484994489.576007
"234c94e9a248ae57bb5a0771",746485102.689313
"235a2209cde8f8b0276c845a",682469583.808303
"235b10cad7233d579a966948",665982972.297807
"235c56f4afd6d87f1b3e199b",718975155.197774
"2364014bfd851a68a824d1da",880180513.215461
"2372f7c0499de8aa2e5ffa06",1059717776.04282
"2373c595d24a7b862b518ec5",1121216938.01158
"23799891583435710f66303a",787175351.583134
"237bce11f35d32ff029498a3",868202564.869913
"237da4784755f090c89f07be",558919175.068932
"2383b8bc2cd3d307caba34ba",662993050.020628
"238cf9f99c4b01777a97f82d",468235996.546382
"2390c275fccc98eb4fa33af0",809853850.884085
"23959a0f6e27c8c2b4a7f436",917157977.157374
"239a2dd25f604c730136c720",1123405527.61071
"23aa0804aabdc61650b8562a",1026391844.51885
"23b0d67dc2a0ae6e5ebc9eee",779892498.555603
"23b2b5b9f5bf3e1208f5f80d",1133860982.62635
"23b5f2af5d39edd25db6a522",889077203.406348
"23c7f9a0534a4ae6a24e38a6",864738207.962523
"23cc24e23a1d74159ff78464",819793557.074503
"23cfc154896b93bce4356ae6",471444267.172485
"23d95cbbc056b4456b94c97d",715125000.037982
"23e7dd821ec2601ee2c6e353",1055656802.23087
"23ef4d57d130e4130205f30d",851612087.262804
"23f12add67accdc9ed40f59f",380691586.161478
"23f859b889afe2639ad55a21",558381674.993331
"23fe512fcb21a0b84781a318",442891707.537515
"2406d47133763272a965ef51",419890539.13653
"240ccc45a242f80f817b04d9",973665047.576236
"240d2474c81482baaf79b6fd",1027062618.25898
"241d9f8599ce6cadac1d6609",831588441.413566
"2422ffac7337b402339dc550",878924712.506976
"24258361a4ba8f772a83ba7c",931887547.794186
"24297f4a3e14c24c941e7720",1159091872.13471
"243ab5db6e47f3536d04d312",680104207.967046
"244210fb4bcc0a04f2cdff95",1022433877.52377
"245663c600727f7c214063c9",830456175.460045
"246576e24f66d495fe0d509b",789677627.580838
"24671f63cd061228ec0b5b9b",683261168.1882
"24756921525595f1684929ba",899861417.419527
"247715511199c5b680088b56",906093289.162549
"2478e48a3c6bedd57c13c72c",805251676.99524
"24849579dc9ba7fef1b24396",621090007.798783
"24857a7a80d5f13a52eeb054",745229171.411532
"248993a27da888a6e3ffefe4",559363001.394744
"248ed6abe6e528dedde951a3",704582380.773483
"2492a7a74edb57f784f6361c",477415324.36027
"249667af8d0835c9830e2b37",566784441.863334
"249cf6f96144f769030d1b4d",870029102.916758
"24a4199c17f9c56f0b3ed12f",863845691.272374
"24a4a43ae4c687bda1066227",1291193766.73018
"24a89527a6744456750baf54",642401375.014054
"24b28522c72f7fc359f2a718",984595055.692453
"24c32572ca6161a603a7d0d0",350330641.672531
"24d6d85cd0e2dc3deb2db896",1118449731.66028
"24e90a7d9a2bd0c30a4f661e",864912163.903923
"24f22d76b86498d5c3563288",720471422.949218
"24fadbd1dec637edb728baa3",609922849.983984
"24fd0b7f75feda5db89a4127",819489817.743127
"25093735f186b70beb018317",988140221.716018
"250d84aac8add089061d3204",1157459820.82085
"25187d9f4cfe89a525ef2493",451971008.775339
"251903f4b947b337e0134415",789595488.228886
"251db9c4b7398902b38b4a4e",878458270.444568
"25202264e18928158b89278b",789738573.822641
"2524e62e917e8a1aec5c9c26",733797096.088361
"253560c855216bd9eb102595",722875492.926596
"253725ec3d7939088faf71b7",640128442.505813
"2537dfc786054c61eb3a80b5",690511103.809026
"2538cfce1c108ebfb1056c8d",932534614.516354
"253b34c2c5ce15cbd8b5826d",800726951.384658
"253c85b226a15d0ec2fbbff4",850129978.892344
"253fe7aef58ea97fefef922a",686290822.668783
"25414034e50ca33fcdcda4cf",815185645.626614
"2547bcc87b618d3d7e22dc21",754079302.555841
"25488b1c8fedde6250b413ba",519649443.000525
"254892c6b84c59ff5ac4f354",589415334.436787
"254de3f3fc52b8cb62141baa",597536921.569019
"255914e9b13ad94efa6ed365",1027062618.25898
"255c5b92d71a00c3a73b9aa8",410353689.845161
"256491790d0a2d5e1ebdc2e2",507496937.731477
"2566d8588566312ffa4fde42",1000001324.29123
"256a46a6d45d168169f63aab",534778502.941433
"256a6ba3ff423a899229f154",553540749.245819
"2571fe181b6ab939eac19d2d",1156062813.14526
"2575d932e98c421bbb38b267",1085969211.62334
"257b533b6a66b40d0f097c55",803121097.37858
"257c765ac81bcf773473039b",587701333.720544
"257c889187ad5de900a430c9",611957035.686676
"25813f7204a2e796170c4836",702384921.151528
"258a968e403e747af5693a3a",1175081173.75206
"258abe0fc321f6b24d37ad86",498392908.514654
"258f10f742fcc835d53063cf",1082245250.37554
"25986c851e13c92ede6c6d6b",1177752670.8252
"25995099875f0ee622ebc31d",778762171.823539
"259f4f7fd5d851be70d63633",425641732.134547
"25b1ada57fd1e5c88d939c71",881498149.418221
"25b893f6073bd66258a9cf03",781888718.439136
"25c76b5a1da0c2d8158b3732",746853788.372911
"25d233d2779009affadf5e91",544604886.402319
"25d4a0ec9301ba5d53deb780",867311132.915162
"25d62e6b1a1a52cd8080354f",733507506.337664
"25d89911e830697217d460f5",740673519.926899
"25e3793214088669aaaa4ca5",1091030266.12338
"25e832098d9e6e7c2f9afe2c",732037840.160084
"25f925538316d3cdda8218c4",1180376107.21016
"25fb1c0c4aace859265de172",594520521.279812
"26206185deb023a344eb2e99",976781754.447461
"2621e068043a5019aeed6c8c",647830332.782735
"262688a95a32f10fa070a887",653833098.059873
"262b1c8ce7db2b4aca2400a1",1037755997.11772
"262b5b0bb408d7cf53073832",435301938.130936
"262e3b4091dfa6b71af020ea",931874009.532527
"26301269301b6f96862af599",789318336.033596
"26313750bd29b2c59a81b58e",914763163.597137
"2641f220611056a1f5616dae",1142730848.1296
"26454cbe44a07cd0df12ca07",1054148339.16459
"264e00a64cecb861d2c05b1d",946721082.257856
"26526235b34fa5b7349df00a",377367542.385414
"26617e1fb3b4f0e4a70e1b0e",995768945.937562
"2679ba671751ff16e76f1807",821686829.128376
"267e000c89d3416e551462c2",1076542360.81382
"267e46cb9eaec6c7009348b6",530077719.32394
"2684f67bcc89c8a5b95e5592",769533560.362976
"2688e4cd1fd441d1da455504",701390052.650589
"268c1e17bc17dd646d1885cb",518991862.054892
"268f887f25d416dcd3c0c9c2",812180465.344831
"2690ba8b22a95cb837cb87b6",407245453.746004
"2691d7125e9046e597437f2b",735102137.736765
"26922ebaf11e35a7a320d30b",1132253195.56602
"26be10d0ce8b763e9b457e76",702100105.703413
"26c08d7331ae19e1934a22da",784399987.680012
"26c66cf2f43bea00e6387326",958822099.117684
"26c8961848e3a77d98049638",667084575.22917
"26cc292628ce4aa87cd287d6",1084236916.11153
"26cdd114566b7cc63cd96fb8",1190263693.06456
"26db92c003c8e67d92d88aaf",1152420899.52845
"26e58d0b13e7f7f5a54585d2",807359446.409982
"26f3d5bc3adcd1396747a414",1324476388.19939
"26ff1e1f4a6f6bda702fdabe",732843796.202305
"2703313a3e5a6fef2157928c",820328039.180533
"270a97e07eec2be02cd89a86",583885017.073702
"270b930a9e22d5016ffa4019",1032960955.36076
"2714bcd5c0c503c3bee0e0b2",639773289.799874
"27151512d4b592014137ac1f",632542048.841611
"2721f5495ef5dde16fd29cf4",940158697.174474
"272b5b5c28e46c6f5ad95c22",688624039.049601
"273cb73a7bdec0d291e845f1",633081641.186844
"27472c6c6a801eb749b9719d",804540207.488894
"2749b5cfd2728ebdf124a0a3",751600778.131862
"275360e29bf3309e09ec41d9",467034606.322581
"2754b4e12a7604efe8e03f5b",940572147.236438
"2755af908b841e9024718b3d",813947852.899714
"275c8bfdd3fec33752493861",662599219.742671
"275d73c7dc0fda7cbecfea89",865680419.38602
"275ec6bd936600c7eceac599",1314191671.46319
"27663c0e271e26dfdbf4d289",833706285.085197
"27721beb237824844adbc289",801102561.221515
"2772adb268cffadfb2917c2f",406906372.046641
"2778de5e56ad7ece898249e9",1180685608.3318
"277f6440854cb0c98728e685",706124988.271589
"27881ecd655786b093349ab0",922827108.802904
"278a2cd98528eb1341a6b685",555411879.406045
"278fcdbf16e3064ba42c6785",1245736217.19359
"2790ead3eba9370f00024472",888579683.63926
"27929c0a3e0fd2d6d2969e03",770968430.579909
"27942219389ecffbce2e1d9e",1081435266.32171
"2795cdb2f4d568a782dcfc3f",1200512410.10975
"279b76adc4bc9f8dd86759b1",776126989.163587
"279f6f594d3f8ca8e8a5e2d5",1362900211.45901
"27a6f3e8f9649ccce7680f0a",797450510.513779
"27a8a052b815998c771a1f55",963274566.202158
"27aa789e29e52ef8d78b9bf5",779912995.12741
"27b06d060ecf702fc88c7956",1016506294.72094
"27bcae7ffb9f79b8f59fe1c3",685827757.367125
"27bebaf73dff207d7f6829e2",1073227708.43368
"27c3b7ba2991e7bc0c9fc322",752158267.121753
"27ca0c2320c520342717355d",586586659.146608
"27cf45528b4266162f7c9029",744228236.136768
"27d14f352b2983177e836e3c",866126457.879691
"27d413eab7b562b984c5a682",873526406.801244
"27d4f17375f76219b446c092",599913051.022972
"27dd503d4fbf4d5f5d850d4d",594988947.542275
"27e0810a702796d97878c34c",593871464.646746
"27eaac0ebf8a5ee99d143218",828740111.410768
"27ee3504d1df34ee8ae5dbb2",1007199958.51953
"27f41f09ccf8d182c79cd48a",1026557980.57698
"27fe3fc3838695ce34c5d287",420329251.497413
"2809252a96f47776d12021af",917840221.091864
"281ea3a3fab48c028721ee1d",833857547.138279
"283c1142d027be336a7bfacd",442551783.037259
"28403f16831effcb75471738",429973116.477539
"285b8cb5e9c887794ed2fd1b",892421484.370318
"2860e4435c857cc8a661ec97",1100473935.94527
"2861f1a224b4c879b845779f",417370691.444557
"2865962bdff8929888a51341",816412493.530915
"2868ac4225657a13f6149e6e",854148478.84061
"2869a2d2689af65497775b1a",1155379364.15709
"286ab2411118455780314355",701377140.638822
"286cdf6dfcd95ee9edf73a93",410286177.942985
"2876aa9ef0b44e43084393fa",444043310.956776
"2887a0d34994d284759db20e",757131060.282453
"288c09c33907dadbae495c11",1955639998.49324
"289db1292d4ee40a1ed6e518",1034674310.60307
"28ac1562ebb5050f1492f576",747074284.43399
"28b838c94d10823ceed62e0e",656376921.770982
"28be121ada9c9303be802474",825193507.406072
"28c0649dd8b294574a876e95",733173382.118579
"28db5acb7b224d44e3d7ce80",661975334.618591
"28e572584fea1555e2a517ed",518909419.481221
"28e748e7aa0a447731e06706",599291634.661428
"28f905e91295a47d106a3214",1234122197.22352
"28f980b3c741866e0db5b761",865020919.265958
"28fc5f188c5e11717cdb4a98",434669466.18218
"28fd0437736c1b17c7ea1f33",585138288.066333
"2900dcf3f944a7fcb33aff36",619848643.355253
"29028322a6d692edc5ca713f",730142786.032979
"2906d21b1d96a1ec43bab50b",949463089.876117
"290725d6b15062397597b954",590364787.405971
"2910f3631d1db77e4b61f8b5",817186543.298644
"291479f573955e063f2d8bda",1302994899.82675
"291a2f9022933c9d81311e81",934198042.091047
"291a4ea1a695347e1901bd4b",969414832.35741
"291fc50c4ffe7935b01e5d9c",630380128.16964
"291ff191bb029742387a72a3",723509350.343355
"292224fa68b0303a90063801",1070034497.48396
"293320b55fad21ea3f4a5899",368930000.744229
"2935cc0e053bf558a8b73054",701805241.970297
"293c8a0a4a358fe7554a4ae1",936084442.620809
"29425249fed4a74ada083dc5",510657694.684488
"294985765f4d12e51a68a451",979863958.782495
"294b04da3eaabadd55da9c20",1020028783.72332
"29503210dfd57bfef8f16802",601326928.897497
"29535d858fa3a11792697820",865215859.249661
"29616bf14b5f1cd42786a91d",761386709.153496
"29671ce02e285f69afeb3fc2",954929264.703089
"296f0158b5cc1541cfc8419e",665102627.421404
"2979f2d91d649a8c14f5453c",670085078.956319
"29881785ae39aec014c4982c",1001222478.81436
"299117d35bcdd48afa4c2eb0",740770867.534136
"299a94a02e887c6ab1de59c7",774676482.793034
"29a115ba5b198689fce5f93b",425609579.556358
"29a230f7dde5753e65b661dd",958168377.656572
"29bd4cbe11f44759e07487fd",829258424.196444
"29cc054742b256e6fbc6da1c",603997971.08155
"29d0dd2d4b120dd54c34b13c",960956136.489762
"29daf0d5008fa9e3f0f30132",605203299.8519
"29e7796eabea247af4e8a0f7",633691246.090953
"29ea1796aede16cab8a50497",478047044.281243
"29eb473852b36dcfbda0c702",1140198053.26673
"29fd909e7cef62de53430e1a",708597420.856824
"29fdab43da21ed0d22c9c71d",438839936.871837
"2a01945c2ce528c02b391c61",832892090.770103
"2a0e902f3c07cc9696000177",604367569.976626
"2a1edfd6cf74573521ed74a1",592927440.29433
"2a2f455525c8e0bd709db91a",798296926.843276
"2a330fdcebb247d6a6fdea23",1045006203.83791
"2a33fa5b25963f3dc928f668",578936688.774455
"2a487cfffeb12837a5586a41",809744213.674323
"2a531aa9576c5f91891cc8a9",814901369.965185
"2a5aedaaad2d908122f28f22",1079367298.8425
"2a5ecebe40fc09b45d6ee5fc",500809516.699327
"2a5f727304ad67d1cd269361",895301454.054272
"2a623b33f3cc1f54620b5233",523805744.68129
"2a66eb4d2a205bc4474c0afa",812502519.648726
"2a68f627f4dc8060484cdb18",1006432973.93361
"2a787b39e84958ca6b7001d0",585328715.959012
"2a7fc28219bee48a2368e730",706575135.928128
"2a805135d8030b614d9df9aa",847186229.753396
"2a872557ba401f4c95e0ad2e",1124986491.3455
"2a89ac6511416d0920f1b9a2",1305871108.84172
"2a9338f62c99dbad25aec5d3",734986709.878935
"2a99204f0a53c4a4d0a2393f",612049320.735597
"2a9974fe07b1e4427e386e06",780374237.778464
"2a9bbd878f3f45745d76f059",712413721.043578
"2a9bbffb1b98c49d79bae509",883765193.981371
"2a9e75d221912230f98485cd",825596747.774587
"2a9e77fd00aaaf773d130914",450422108.403068
"2aac28d03c2110d871b5f274",687034614.890745
"2ab0eeac4a228d5769fb4365",666350078.231625
"2ab24b9c5349427998338d21",761864808.052136
"2ab263b5d1ba72fa562d64e6",787019365.579368
"2ab88dcecdb565b6412f5bfa",671911389.612964
"2abbf26e80643dfc1b75edcb",980208016.984206
"2abd46909a251b8ebbd37133",642489036.529534
"2ac1105447a71f68a50105d1",1105018443.67878
"2ac425aa592565b44b25cdc3",686532290.245782
"2acc857ede19953734600dcd",683689224.951082
"2ace3da2fc4e0c022f7a8755",732468721.392454
"2ad02d6d56b95ff3382b53b6",991624720.443086
"2ad54bda875fcf8c6b675bf5",765288718.887701
"2ae3ae7f794d558ec119287d",843685355.782075
"2aeb794adc9892354aff7240",469952216.869887
"2aecb598de8c74d9d5108d8c",837086732.113852
"2af941adae2e8dfd66542055",502619612.575023
"2af9e271765438a47fa7e7a9",427558972.206497
"2afa1699af46ad8124f76e4e",831889192.10933
"2afa66b726ed0b1492b9e01b",900869671.031235
"2afd31619c21dc537e4797ca",911760536.551557
"2afd9dd680803e3c12d5242b",990966064.756622
"2b028932adc74c961170a4ce",776281325.011242
"2b05f001ed1a84425a45d0ac",481264422.965425
"2b10af4fcbef695b327b7d0b",1046545311.70482
"2b2fa2ed0055a19859e78446",870640675.492298
"2b352d996677e67156391e25",566417445.356098
"2b36d2ed79caaccd687f2ab0",510379630.240104
"2b36d797d32013a126e15709",742986693.32958
"2b451da55be3683c33e4de31",1145460843.71503
"2b4913f28d07628bf2d3ed92",1024789814.70794
"2b50969f1faab80655bb9104",626647534.312434
"2b53b13cd912f353cf9c4757",914082970.127293
"2b552d7b1a1488dfd618b120",466566481.772989
"2b55989b2253416428ece917",872486975.037706
"2b6d63d6b072901effbc8e1e",657438881.016654
"2b7a5be93795a65d29970b02",1142684011.79687
"2b802261b8bd839aa0b04b16",800903149.880948
"2b8b979cf1952fcedc63ca9e",437013044.600474
"2b8e9560dd58d880dbe77c61",1025528781.17698
"2b9681901b216f2174af0089",976874936.407411
"2b9fd26383758104d567d474",620243106.554152
"2ba0807f8cbdac389424ae04",577216112.174942
"2ba1672e49c023258d262d1d",1010896344.20884
"2ba24fd47c2ef8520bccf6eb",471285319.927751
"2baa6afba131b74487c94d74",594415065.37542
"2babb357d1d828c49bb89be0",640638297.432727
"2bb55b0a92d62454867bb158",773874235.790969
"2bbbd9878a1e7c55bdacb330",699058732.612184
"2bbbe93b615c46483056bfe6",990211378.794041
"2bc88a5c4bea2bd00fd8f13c",689688911.815726
"2bc9bbe0f0216ed9d865a85a",737459235.886296
"2bcc6a15181273b2fad05e3b",825641235.73257
"2bce6544d58b6970192a1838",646253045.84084
"2bd08c0964ef4a95295db843",608638414.965736
"2bd1c70db60a44d4400847ca",1051505418.86596
"2bd47c19e5d29a3157fb8465",1176465815.04797
"2bd6682ad8343b69fae1a59e",715200673.216619
"2bd96c7fe678945fcaf9662f",985518905.431518
"2be93bf5132bb788bf045c28",538678603.011417
"2bfa301ea435f929e6c0d1ba",830670860.115854
"2c03c38782e365e68b32d6bf",581395987.791297
"2c0b3d69fca6677ba9e95327",822791334.011305
"2c0b4c8269cbe25a4e85e049",464695645.599948
"2c12cbaa1f14553c1d41b958",411549591.12514
"2c13f29a8b9ac9b464e3a582",510698535.186597
"2c15a0733cdb932ba8f2225f",765789266.867331
"2c1c91f2bb4d9dae38a44360",518319205.558213
"2c2e56e3e5210c111c7de708",726201754.396669
"2c30c2736472590fe45277c3",865033292.075027
"2c340ee014e39ad0fd1309d8",1099587139.71255
"2c34c1e1655e87ada03f411a",961365195.554782
"2c37a1280b18e095b43e19f5",833993029.691823
"2c47c3ef9e139d8c4513a090",658917153.907518
"2c567face144ca714454abf2",1005440758.82075
"2c58f2cbd00035febac060e1",712203736.895123
"2c5d940b5ef2276f1fac1ca5",797127265.695233
"2c5f07a9402cc93f4c683759",534250987.009919
"2c8352c418097f82a50d9bbf",1004836696.77483
"2c85b19f02bb3768c10d14fc",620542353.434844
"2c91099736f3158f7f09778f",455917854.840163
"2c924b9d45667f7168bae6ee",835810644.953291
"2ca47f5c36ea5d1cf00dbd2f",459830697.062164
"2ca6b3016a89139ec7590f9a",1190339309.19082
"2ca6ce8266afc6721d179335",879079006.739633
"2ca8b22013c529b412ad764b",916131268.587142
"2cb64650b876ccbc7337a0e4",443600471.968052
"2cc0129b386acf9cdfa4eeb3",799741112.202023
"2cc821cd7b5fa82b27308f87",592473714.534956
"2cc9f2411f98d0fd41511211",716663173.2781
"2cd0b2d7561919f0223608d5",442318796.45806
"2cd372392fda500e6526695b",675098696.387611
"2ce779caef0637db97954912",831654866.711986
"2cfa1397c901b4e940d9f673",729305441.148679
"2d0d803cdbeaec6e2626eebb",645518851.063103
"2d14ad8ab9573c406e203ed4",716521298.541161
"2d1f036c96e92d9c557605cb",476443593.487986
"2d26b8360f1da9a677670fcd",780237268.014336
"2d2ee255ed2144b9fa1fcc39",722634509.768286
"2d3236cf646f19a25932676a",963623549.456652
"2d4031f171f965d7dbce0ef6",906764976.186555
"2d437a09b860d9d46644ea23",568604462.482935
"2d4a781f969a4fa2a4f04a7a",1006821125.3803
"2d4bd56e71f90e6fb387a2b4",1682309437.58193
"2d531a26f8b1a8afa511e3dd",665141936.413512
"2d5564a502635dce2d46ef8e",841522774.891171
"2d564574f0191164ff1d068b",443025322.359962
"2d5ccb12ebb6fc7d4ba462b0",557894939.828049
"2d5d9119602c228b333402a4",384463458.065175
"2d60a221b478264cab9816f7",955223236.630297
"2d65980024ded46854c25260",935544742.030659
"2d6aaefe0f50db8acde6fd1b",1983176872.58351
"2d6f5bc20de99dd0bd4e34bc",1094373481.80933
"2d778563921376962d126cbb",872806022.31392
"2d7a48a6b9fff20ded24f86d",460872240.445702
"2d7bf0032580e6b6dd1ce36b",1124591615.13305
"2d8d64261ba659302da4a481",614081917.349197
"2d91b3a8c62b890fd246183c",1201454141.80764
"2da346c00d6fc39268f12b82",950937436.274547
"2db9b3463f85dfa87347d6e3",1066298151.77285
"2dba091723891d8907905a74",818769884.186072
"2dbef742d0c59d21ad7392e3",943049948.688263
"2dc58e6aab9399e9677265a6",1158614814.09609
"2ddda0ae748b38a6258f660c",1303866876.10886
"2de0ad9bf15232d6056285fe",786864466.849019
"2de93fc191360ae22b0402dd",473963874.166779
"2dee15f1b082bb986f8d9513",557901953.186283
"2df90c0a3e2b9138fe276a75",561448497.751416
"2dfd1808bb95170a088deac6",741007137.195526
"2dfeb06300828182d4109c43",756922740.616588
"2e0a8235637e98dfea862909",702756625.246093
"2e111ff939191cc6df2c59bd",787468589.548011
"2e1608b8c646a102e27df16b",679506052.37935
"2e1f3fb2323fa16150f8bc88",596099041.013628
"2e1f7569d134a931098a2ede",717949348.472239
"2e23ee2beaf5293f57a5c504",642145266.692728
"2e2d3f42f4f8369733b3bcb9",720812501.820482
"2e2f1072d8db7372b2c2419d",729416246.39142
"2e2ff1e620063f416a387058",788109277.821605
"2e3fc1d628f6727880d3d4e6",481227801.879242
"2e41ceccc918145dbe7de0be",646103892.463235
"2e52008bd11000eb776bd80a",1523660585.29999
"2e58c9b6fbe9c57c83bc0aed",752538316.305403
"2e653d2567a47067df169d97",1028409538.05509
"2e6fb29cbc1ccc3d97c92c72",931737146.293267
"2e797c8302fb7ada13ef2d4c",581327794.201778
"2e7c6a89d2cf2d835839f5f1",907363256.678478
"2e8af16a155fe18c8c6730a2",999813129.590729
"2e8c76f4ed59cd3924f7136d",902054065.831814
"2e9390c4423db604e1c7c4ec",604114885.091068
"2e992370de3eed4ec1271589",817938679.201091
"2e99240e23b0542f1cc75026",773516927.53252
"2ea47ef8f02712c32613fbd1",658153856.034381
"2ead9549bab6f1386b7a2c77",963908146.137942
"2ec9f5265334241fc594976f",666813150.000334
"2ed1ae5e6fa77e447af230fb",887663626.302426
"2ee7f959d069c9ca223115cc",902192502.257754
"2eeb4b0d7afa57b63778b69f",1161531074.68376
"2ef897a38b95d7b769856e78",903508523.30449
"2ef8a530db816223dcf474a1",749937594.383009
"2ef9126614eeef828f797e66",897140746.225753
"2f0bbbbb466fae3fe5c4f614",680639132.50308
"2f13a428281ffc425f2c2e38",692434879.648693
"2f171883b97d9c02b90f93a9",512075871.302161
"2f1880c9b8f7ac2715e1236d",981035828.744373
"2f3281ef06475d2114fbf9a7",476724209.328347
"2f34de2546f13e8a9dee1edf",549677523.669753
"2f3d01cbf0ee0b985386418d",499538412.413836
"2f412384597554f3dab07985",783498581.085078
"2f48a73bfcc91272161afd39",731300244.94009
"2f4b0b1b81c792f43f4ccd5c",555915542.462143
"2f4ed160fe2a21722e6299f8",554179249.874835
"2f610d2242d583654337d468",1454141768.58395
"2f6515defc3b21d82e0ca4dc",583562745.234125
"2f6dfe9443645d6629eeccb9",450249891.161009
"2f76a2b53e091df35a125b13",472424721.474786
"2f7784465c1c69c8f786a0a9",1958731962.39876
"2f7d36523df4a5eee3edbe05",942790564.596794
"2f801cf48edb712627196b2c",684834443.91127
"2f854c9df6212c39091bcf28",721521378.639987
"2fa288389b3031d595973793",782629142.126466
"2fad468e1c248f40ee3586ad",713073991.541499
"2fb149a70fa14ac05582ae69",815976300.720008
"2fb5206d246ee7ab22fb8143",1026391844.51885
"2fb8b2990751692b8ef1ab6e",861519263.917496
"2fba6801eb9a7bce7ed2c081",711556770.637307
"2fc150cf6ea4141106bb8ac4",488665928.122187
"2fc19f73fb877ed8b88a5250",401294903.808568
"2fc38ab2689eb24f63e32efc",960635969.681903
"2fc96ec5fb2c8dec0a5b09ab",987392563.040758
"2fcab31c752b699af5e8ce8b",1038623000.5869
"2fdb80ee4f9a35663e92b3b2",628244502.994436
"2fde05df6a3aa9f57385e6a7",697022361.386157
"2fe64bad1bc8a43fedfe0700",654803849.213751
"2ff0775d2c131d19804f2a2e",589078117.605085
"2ff531e27672ecd2362eed55",1110125414.88165
"2fffe55a1584619bd7c489f6",818672673.930861
"3008e821640b33a8d70beec9",423550804.283648
"30091c32a5046d563597bbf4",570509955.010202
"301b5da33d32c0632b16e8a8",884135066.244413
"301ce25214ddb4b5144373ef",1117091987.77513
"302918a3460b98acb64fafdd",609476855.707722
"302adfed183564312f9e3087",1075653061.15218
"3032ae39e739fe46e9e198e5",935492810.168113
"3035d7ea4b71d204b588dccf",688158031.624832
"303dc73dc1130de9aa2f70f3",687986729.938166
"3043d0b025fac4ed90b448e6",657235753.066921
"304ce5835e685778b1c2b6a1",598796940.1996
"305080502cba05a1c165560b",736465477.314692
"3053732169b2260529f90133",820202536.136871
"3057660e38fb757dbc8bd898",831369563.080756
"3058b792e3f6781e438a2e9b",886011774.407645
"305d6abea2f3e496e3b6fcf4",685540515.150749
"3061729865dd2d68858600b1",603050564.477073
"3064379f468404110d594c87",742309664.099594
"30652905d3eacda34ff61a9e",973436680.981177
"30677852542c78698083d4f3",1675252731.57111
"307acb7b4044cfa5680e4227",1219812387.35349
"307eb683db84db535106c445",670587976.834128
"3083a7ab1deb092f7aca6a54",730866456.951811
"30a30e4ab286fd822c68ab5a",722806529.693494
"30a8b9c197bc42f088d0b873",706664000.150055
"30ab0bbf876dfa515b266c9f",419774861.948656
"30b0c440c0bc8c6005855ff8",767646400.992238
"30b3f38716be209a894b0942",487758581.539895
"30d2ac3ecb8150e4d4339d1a",1154889758.07569
"30d38a7bab2eaaef1ff6be0d",707507708.83528
"30d5185ca2ac2fcda2bcb79c",720910506.193998
"30e10a03626eeaf8bc2c380e",872927296.248789
"30e134a6cbe61d7954d0f56b",376076769.690314
"30e1bd4619483b0e896b5229",789179796.418787
"30e6d4e1c53e9e81ff66df43",553984730.025136
"30f381306494ebaa760b990c",689481266.475692
"30f3b383f2d5e4709c9304b1",824801015.427601
"30f6404e8034dbd513aa8a30",429555665.168667
"30f77637dd52e728efaddd6d",943738182.692935
"31081c78ce92e1d8dbb315b9",770769963.864083
"310e768d2e8836432f8b3e97",382485725.843344
"3115e2391cc3a078b5e6066f",676285599.211819
"311dcf366691c44243b7b89c",886995429.184665
"311fa1bf3c405f9bed13b38a",479746044.001093
"3128a4896665d38feb72b456",784897100.875277
"312a6b2a57dc6947f95213a5",504650180.049712
"312ef52e0250429a5ecb3b27",1050199465.29824
"313abf19d78b719cce4b3188",968908450.362858
"313e17c442fa3040065b7489",739147129.554682
"314153750510e92ddcecf33c",961712766.061284
"314479aa7b73ef6ef44e1c89",630377340.802137
"3146f3ec9b237fa0944cec7b",565313733.582705
"31474c62a8f39e250fb2882b",1047624901.13603
"314a1e163d0b77b0f384da29",451938281.249369
"3151daf55106dd159f27a8b6",532516765.265795
"315ea6fbd6b3261cae7fb900",872355936.375602
"3164e0ecd246b8ed6cb6d054",778553958.56121
"317d8f9d18599b346639a4d1",502284443.11956
"317e95fad7d399673719537e",748787823.653691
"3186cd0a3125adf3b25587aa",983666896.220739
"3192bb7190b9130c4e67be4e",760659826.777165
"31977cd5d4c09eff149e74ea",811117112.031951
"3198c4acc62c1a2276bf15de",753318398.376107
"319b9accf9980ef2ef81099b",1073581281.57216
"319ba1ec06c9b6ca6990f4c1",1209018637.03087
"31a1492e589f317a58a79df7",841060100.698926
"31a3719e57ab1425e7267fad",873080537.641837
"31a6c440ca9eb29acc0f1086",1271235050.0168
"31a73382ae20331521bf2e6f",677501649.175536
"31c69cf4d197f97ac594a896",911176665.71902
"31cdb68dc6476128c4bb2f5c",904523150.11969
"31d3215c8345d48ce9734c65",465080474.029171
"31d6f089626c4fd08536fac0",630999624.854055
"31e241881acaceb02ef915d2",853456389.588061
"31ed69311bfbbe000f4483d4",794591648.222808
"31ef69bed8e54b5e1fb245aa",790350139.426864
"31f52502e89beb1b2e0dc3d3",917695444.585799
"31f56b841b122b35615bae2c",580249395.463758
"31f630c44db4be5360a57640",631776448.829022
"31f6a25d56f3bb36386d07ae",1014774327.27253
"32036c1eb131e6cc4f3bad3e",446556041.68656
"32040dd7b8edfbe331773288",891589444.361843
"3206523e850b5b5fbce567a3",1180757262.23946
"320ff6c0320674fd278f6fc7",685943195.829165
"3214488a8fa9cf8b3dae877a",571245422.222312
"32161228e9c502d2c21beaa3",618220670.907842
"322bad590ae06fb48f80c533",423321932.137385
"32354bff9df0267a5e139156",613656079.111295
"32366fe92222b329e3d03b29",777220887.132245
"32421841f7eeda76160d7959",728698970.373294
"3247399a31df838ec5fe58c5",895498643.283539
"32474481a0f8af34a4edfec9",554259752.610768
"3256c6c6f30aea9cc79b7283",916658118.838625
"325ce336d3df17a078db5166",474998661.930881
"326a82671272d893ce699476",812788258.380803
"3279efb86571efde18eeebef",840747430.465804
"3289958459cd87f24089cd14",426781650.161581
"32915b77ca68000ba9eed6d8",687643295.504914
"32a10e550bf7095627d17da3",531764145.21046
"32a555016892e7a74d231545",905616265.71812
"32b678be83da2a07b37f3012",406352884.287941
"32bdf33933c29b1cbf89539c",841207747.842075
"32c1f617f2b1f537ef703712",929388831.384288
"32c7a2d032ee21f8bbc6eccf",672759422.242186
"32c7b848ef60432d98f415c5",669046623.789764
"32cb6246cd94f962f780a1fa",439252229.25888
"32ce96d8adc8e549b90b4a8b",738738450.307292
"32d2c5f1707b00c93407a19a",698271831.738822
"32d56542ab5486bdaf4466fc",907537084.14537
"32d5772adbcc785ecbc2c55f",835629060.934284
"32d5a20c542a8194a6aae965",713565530.677968
"32dd96f4f07f67806146ec46",693810669.331433
"32e182242a654ac03a8f3ea8",385070063.451082
"32e6518755191bef743b28f6",649164532.237099
"32ea7e13e8d9391aa9b7ab9e",442396445.019214
"32ecec7d5c47d02969368779",695454208.813295
"32f3364ac1fabdd13db1cfe5",444232590.343792
"32fbc0f1934f7325a404a2eb",799923486.999046
"33043b254b9085fc82ee1f7f",424778645.125871
"3307731f3bc518012912f1b3",689603798.450218
"330c37fb5065311564fd35a2",688537805.361144
"331c515e7f0dbb4460810999",652918692.812103
"331d54f8a1bd3dabce73d6d9",986074072.703893
"331e915e2a66fb70380282d6",793192521.651318
"331f0957d55d7f03df7fdc4b",849809298.776428
"332201e2583141f3a02dcca4",1000510082.90965
"33258f995a375ca192ca4d3c",812502519.648726
"332e395d4ce62523a2e3208e",491306723.366207
"33305df46dc2186c7e3f727e",1163970200.68279
"3335313b9060ff29782906b6",606039017.043681
"33379968a83c8a90c23e77dc",663968877.064656
"333a643c623a9bc75f3a40f2",1206299323.21541
"33425419e1a8e854418c5180",366063877.611548
"3348706086aa3db5c92259c3",438918271.070611
"334b5b9fc68a18387ae59ebf",531623613.409726
"33501f96ba3b02da073d586d",468482634.726738
"33510511ff07dc7354cca7e8",539293212.12251
"3352469ca509e8ca652fad1a",822095403.913821
"335626f385c28e8370c207cb",630269485.079074
"33598222854631e92fb72baa",809017483.20919
"3360f48c1ec30dd1c3175101",720016604.973259
"336888717766096b24215b26",922117900.806361
"3370a48ec22302456c41ded9",531982107.237263
"337c81be4cb14d494ca69db4",794222870.45406
"3393fece8a6ed311ad865e66",733840858.310602
"339bc881458ca34bdcb771da",1036382222.00849
"339ca7bc687766f517ab3274",494191433.562854
"33a334a16c4547b9d7842c3d",685856046.390669
"33a61cda27fadacce0d1aa7b",1032345256.5693
"33a7f6aebc3e2d480d287199",893096103.358637
"33ab442cf58cfaa33eefb6dd",376274864.007784
"33b702ced6de5f7ab8b29e7a",602636344.636093
"33b92225cef255b0e4b4edf9",606936737.087944
"33d2d1db291a13affdc209bf",724733930.878527
"33d6b1bbab4524c3aa03756c",636968613.543139
"33dbec39ef8c0667e4c3f039",780685128.845249
"33ddf4e1ed8c864e9db16887",515287875.923204
"33dfb510aae260ccefa4d349",978784226.695075
"33e22ea4154e8f71062dba8b",701801232.431687
"33e4901b6e72593513a02207",534883080.13581
"33ea5de5e8f5c639a213414d",601206630.599454
"33f1a7739cb556a78af083de",864931182.662307
"33f4f9988387bfc237d114fa",947572641.650909
"33f7d5aa494288cc90d60456",804704430.589347
"34067d9b2b4e45be1e5cfa32",487347964.149175
"340ae520163a220061bd7f28",772357159.907681
"340c4d762f830197fdaf0977",1008545216.64538
"340d1313fc2dc8e5b6918262",648440217.521917
"340f96c7de105aec5b7a28b9",694156068.090633
"3413f37549869d2172b76d6e",982870806.152951
"341c307eedfce3f735f4a63f",690523077.810496
"342027b17940a0cc5cdbf8d9",958701543.378788
"34291b30d129222905ffdaba",774182518.944694
"3429c774b736cefc051e2c55",609963762.585921
"3438e5d77044f21743e56edc",728723538.980419
"343be18b0f77260f32ec05d2",527625425.499668
"343f45e7d178eb780a9a9818",588977800.321097
"34447730b60ad12f4775894d",1192372492.00542
"344823ba2777540ffa2a8fbc",1026112088.38562
"344a104d2210954497a5a388",893087888.42992
"344be03236aed65e74b14a2f",687065635.822909
"344f3bcc1acdba48c12f8441",922316306.019189
"3454ab4ad567d2d22d990fec",875513755.439916
"346c734ce163296a07526a35",596627351.239736
"3477646f548971044f8f0494",341278101.066219
"3477d85a434f66df58fbc094",1259343747.72296
"347a4deda03bfdde6d1c163d",693627991.008455
"347d5081f7bd36c8edc1f352",936128841.320381
"3487768de3a13b7ee3df0254",799147832.353719
"34896afec0b639648c527483",905578590.808018
"34926bd7f9880e277e75a447",572651749.940441
"349602317da0e456d88fe24f",1099201577.13384
"349768047d470d2fa6ff1930",812323042.700872
"34993717af3f861b9735df6e",532365016.958436
"349fa9cfa15d8f8bdcbe863a",1108073423.4821
"34a9e3ca94ac06347d879942",1153769837.12208
"34bca71dc9c74a2072f11e9f",932666221.178178
"34bcfc2f0cefad790922879e",1107516242.87643
"34bd7be0761ab3d43da7a81c",645169452.270586
"34c84d0a410920c303ba69f8",667788249.632483
"34c92caf68dd0cec9fc383ef",979901870.317237
"34d1394dbb483e55d1cc2da5",444023531.793049
"34dd15023216e187daaf5a07",844054050.970576
"34e5602cb58501859e32dc9f",890087954.904526
"34f0542a538cee9f3624d897",375856242.839601
"34f220a8ee1f24bcc5790364",608164255.717219
"34f4df9fce2ec05633d0cbd1",556893482.675197
"34f99327fe595ba6e32d89a1",699825985.478871
"3503f56e09e639be4762ff2d",778175407.317125
"3507f260c3c6e195fc444533",667509444.863747
"35114fa32397272437e67a54",786634172.368646
"351701c5d1b821253e2c8c42",454934276.781192
"351a3e1b62cd51d46913a8eb",981411838.007502
"35255f80583ffbd504250554",852958415.345833
"3528df61a44a9895248336c9",636993886.433745
"352a76b301243d22d1b31f79",632746643.451975
"353207faab3dcf10feaac8ee",787212290.694297
"35352b370a31d01748616b01",1159148733.31157
"353743db4334fee80ac08d0b",955593356.506578
"35381d7a5b25317d7588ce77",747679390.919122
"3548fa5ad26ba2ea999380a0",528325787.344098
"354e2de1e3a81a63e7fae4bf",932348029.009387
"355d1fb69bcb4e8e8ed9ba1a",1079746295.50678
"35616923c84423b44d1d1438",1106394953.75708
"356712646865d98127b92a57",888579683.63926
"356815b8ffc300fe03073b7a",684756831.817058
"3569024b3ae4865240973e6d",444061787.876687
"3573093e56e95a982a41879c",995148136.456607
"3578144f12e13e98e8cb2480",693732047.084554
"357e2add3d68167a4f3ce15e",1024962113.8053
"357e58ef96c53f39e267b80c",1305856482.5699
"357e653c4bea02df1b08c62a",765416485.462531
"357fda0abf79ec95f73e3584",647902136.583391
"3580dcbd0a6d7d6d3546dad6",759602386.783096
"358e1287e24c3c4fb353315b",830219557.010253
"358e85ba765ddde3ac31be33",442318796.45806
"358eb586d9649d20dca9bfcd",873924553.851231
"35984f749eeb84eaf938bb08",859592896.96662
"359f6a66a407e30b40979d2c",923634243.264654
"35a39cf33d16f8f5ff75fd6c",856018025.004876
"35ae7661d8191507cf9e7cdf",580954494.387169
"35b03ab66c19ba2049ddb9a4",494373105.669847
"35b1cd8020e7efbb9ba5adde",728115149.631095
"35b789e1d63f8f25980d21a1",996804077.573643
"35bc25d0f9de2ed4f714fc8c",913905017.266112
"35c7a7c0ace36f4b95423c4c",459570619.194927
"35cb50346289f0590dd24d83",810725889.957052
"35ce37bbecac6b164fa21e6c",533840806.909712
"35d79b2ac92083bc439124ac",493588175.784701
"35dc60a65969b264ab283d6d",523312263.566227
"35dedbaace193598c9c438a7",488892757.242364
"35e0cac576415a4e61acec80",1305856482.5699
"35e55d060b1c4239a85c0ebb",459807530.271847
"35ed4187f732a1ea68dce712",966819427.734503
"35ef99962cd5984ca87bd326",726316843.329665
"35f69c7a9870ac62735d7639",430620836.315588
"35fca2d53ed17ea7637c528a",1216149394.07932
"360be0df2c003005e3db080e",1196980739.20773
"360e5cc9ee1282e5a6ea17dc",710186527.228534
"3611c89dc71078cd0aefd2cd",787773327.387044
"361715cb422c5fcd9125d5e6",485928015.544516
"361ccd7f37ada9c07ffcf71c",889819044.016279
"362212de783981c9ddb767bb",589733145.175576
"363c96b85cf07dacbb10b92e",536969794.749141
"364256d0881131148655e006",785059793.656832
"36445c32822146606f75dfdb",997982820.524252
"364b8b8759e3c408c4005021",707929797.318641
"365a227184022e99f1d2a816",733591368.198997
"36753a5e31b0edb1eecb8bcc",557797019.196361
"3676e34e4824101f3fd9aa2c",801897233.566067
"3676f63aa0ab23ca7cd344b7",699443507.258204
"3679e1844a35c0c87fffefeb",582743651.965355
"367bc4fef78a9800f8616d02",573299067.079134
"367cd12d7f4aa93124047eb9",688005504.075771
"368e740cb71b9175fe5b7b6a",1163970200.68279
"368eddd8b6d39bcc7124a41e",748459725.906502
"368f7a70a62962bf31ec9583",1196980739.20773
"3697e556be961a16a621f3e5",498829295.428978
"369e9e64898ea16b7ffefb7c",771107096.104002
"36a0a1f0432c954604825b6e",935591392.418791
"36a11817b32bc24eda6ec8eb",505960201.649
"36aa7d0cbfe40adf3c86a134",674149887.513463
"36ab522893b5f01caea4cd0d",570491457.661965
"36bec92975612d091a3c78b1",695030581.45233
"36c0d26b83e575a500a6c30c",630423688.825669
"36c2cae6de0add92f32d29f4",779904514.374634
"36cd68fc3ffab79fcaa340ab",519640229.854987
"36d5003f0b5ec7f80e89262d",879223882.9044
"36eb8139a5ca1b8459eb52c1",774610590.942762
"36f85981124e858c157f83df",810733201.745417
"36f9a0ea831710344f468bba",479746044.001093
"36fab4c38cdd91de650e6abd",727060982.458975
"36fd9fc1f1d9b2e10c1c6463",711882188.436477
"36ffb5566bc35fbce9e42679",506226710.641021
"37050aba3553f3869d59f809",854750840.606565
"37063e689732880621e4e733",974126409.568048
"370a0d0da794efd58cab251d",1006868263.96263
"3710ec95af4702c45f165279",810697618.866387
"371a0ee537001f7a9d58465a",819560797.487913
"371b5ecf08973fc6e6849d14",787127513.701345
"37227e66adec69299f853e51",748232509.261831
"372a3934e8179422b5cf5729",721567513.362729
"372d67ccb9d251e290891f0a",419192564.42513
"3747996611a842c452865a9c",891761392.008377
"374ca1a16b8eba42b35374ac",761262755.153488
"375419559910484b17782b47",1450542769.05115
"3771c66b9ecd6db0b201d4c4",511750973.926111
"3786baf40b31a20f3bf3aa80",536731097.694126
"3786daeec4a4fb40ef07d8e5",940836719.568175
"3787f6da3e961c0e10d30e6d",1038121615.41579
"378d846a7af35e0c3efe53a9",884891671.120574
"378e6374da00b72bcd7920df",731709688.588701
"379429ee3675d1adbf816cc5",692403641.308785
"379c4fce87557848548b0944",498353642.051262
"379fcab709c66fa146d3491f",860908210.810319
"37ac1ae3a7e2a3319eafbb58",589181529.597987
"37b8e8a194e4f2fed7ddcd96",448659481.034097
"37cf2c5c1c6fb6e601d2f76e",400965459.840564
"37d12acc69d0e3e92420e62d",806481390.392548
"37d39cb7d3849a784497ed0d",906315683.938425
"37d5a902f1036cf3d80c275b",804856222.056222
"37d5b8f329ed1ec29d4bc035",550274574.585455
"37dba4927e327d3a4a0c1d36",682815148.619874
"37e009a57645b845b1673b8b",727225869.266558
"37e0fe114a3c7406daa57443",889296117.804909
"37e28ed39a51956880d211af",1283408734.70766
"37e696957da15625da71146e",564642974.585343
"37efd3e2a5b6567957c62081",700789937.724565
"37f39916813a58b844e17833",889589020.26397
"37fc4ce5dfff7faba6bebf8c",830237532.229942
"38026eb43ff9876cd5767ac3",664757045.400676
"38029a1aa22c0a5beb065edb",964810179.75082
"3804d5b313b742228ef0f1d8",1224711862.8222
"380759598c614cbe10ae4bfc",779270060.246416
"380ae516dd46442f97acfe14",916061965.844252
"38117bca778373247df86e14",588977800.321097
"3825ce5030d951ef0fc2f7c5",468909510.965254
"38328747d2e1e0e568c05523",623212023.907966
"383af3a5794a0ec3efe78b2f",714759148.721025
"383b3198861942064a63184a",692926907.378393
"383c0948aac71636973507f4",681622112.002664
"38410183814a757520143737",785172700.64873
"385488342bff3d3587250c84",800146066.456819
"385fcde12021f4bbae6ac2fa",547939156.842812
"385fee7bd9ad7722d45dd034",578285197.495998
"3865974fbc1b412f24c47eaf",914311072.889223
"386ad1ba1cada9649f3415c0",795111081.435616
"386ee01c3f7bd8bdb91181ad",1023123189.26605
"387af5fb4b4a7f5c3fdcce57",745621712.711509
"387f18b1f01b1aae536752e5",644151175.6032
"3882da646752a82db088c614",531645779.897382
"388a6dbda422f886e503e685",1473840842.93865
"3897d9b5fe3a0cfaed7c18a6",532218880.144789
"3898683e5d24bab9eea24d30",719440482.982639
"38a0fcb41f0dbe8b0ef7af8f",663496345.356755
"38a1e2050dcab9b4c70c5e83",528675636.18636
"38b424cb0e54f0f7f2745781",841207747.842075
"38b87cf007043b76670207d8",1159235287.17127
"38cbcd7f88c1520fa083af9a",934201798.16487
"38cccc333e2c38bd608e1880",695706470.744054
"38d4b1837c595b6d9a23e994",956209488.104896
"38d5b9319bc16bae99fe73b9",770968430.579909
"38d6842c2807d54f386bdb5c",854993243.032778
"38d6c2a9beac610279bc110f",504464148.792344
"38dbf1b9c5963e9c3d008340",866718344.048478
"38e84c560b0455548ce186e4",471350252.464617
"38e8630f2c05ea38e2257c21",685943195.829165
"38faca2d6e338d328428f986",642153530.917103
"390107256faa08574d7231d2",755467610.838344
"39124b1ec419566a371af8d4",833333565.575117
"3917b95a3d05a5e58c117f68",628842279.025847
"3918fa99179953461fe07f2a",1031977545.20744
"391a98a344e894c6397d62f3",449179301.867958
"391cfff759030283411dfe1a",467470204.126971
"3920eb3f72b96fcb58ef778a",511445093.942501
"3921d7b508fa1591d40802d4",444627462.069729
"39222ab30001b3cf45b7de65",516361474.599123
"3923f0e655615aa6b52721b8",813170941.384997
"3929df6d73b3ba01bc018476",482092366.587614
"392abbc83cfacfe87c401e27",694589700.725485
"39351adf139f820864dfe8f4",1287266319.17888
"39377d0d271da03ad85c7bd1",621417160.154618
"393d99ca47315ae98fe9e7c8",1425561754.70604
"393e2e7ea1f20eb6b4148d60",889047733.250749
"3943b64f9550a575f15d6d29",1113509223.25028
"394718d9d069a126e13be804",835935450.613831
"3951171501fc51e2d830cc82",1187181774.83867
"39542105a7c46ded0cc373a7",883852146.021742
"39579c195f288da8d77f5ce9",978281875.371898
"3958d0cb732f3d623764be54",739866893.918622
"395c34e4b8f52cbdb0522459",815046988.324664
"395e3718423aeac3d40494a7",689765815.931023
"395fbdeb9f0c0586a2b20edc",583363686.932953
"396761edaa353e0828949bbb",622260662.366638
"396c8060d9767b4debf2a54c",783670257.627146
"3977cf1326ff502251f78f66",752887313.217901
"397a7d1cfb809e34797f2bb4",718832009.428938
"397d0f6319465fd7fea6f710",995603241.496913
"397d4e490eb2db8a1b18051b",771979390.041615
"398274b1c46fd88151420c6e",579338061.939908
"398a67970cee5dc873d71bbc",1004375521.58346
"398c195aa41ace34a16b0d7b",1100592091.92165
"3991b04509fa61b36a8f7d2a",993486770.835304
"39940234a26e7264b464450b",787635058.94914
"3997c10ceccd2f8c8e43cda0",1193000561.14982
"39a12600317b58457f68b5b8",438235124.26673
"39af71aaea23b5c1e987de32",559559409.709019
"39b62c6fca161b80bc6726c4",1311116545.39148
"39bc028f3b42d9ea48808ad0",435943312.162356
"39be6f994f2cd3d68b51126c",826668138.661354
"39c1613acc0ba4fe622c1f31",824360400.293623
"39c6bd862f908b7e8088f0dd",780752122.391301
"39c70622597e64c4821d0731",1044632747.72308
"39dee9b1661292cdda6c4823",648462942.850001
"39e306be57a992bcc75e089a",433731564.444194
"39e4765ae5c8284e1f3f618b",845299780.054974
"39ef085809bc80e32e7b6af6",1266440406.94212
"39ef4fb2a43fa3bba15a0b16",810289082.176244
"39f70d6b68b22668a0631f37",905113704.759355
"39f9f736d802b166ed688224",1103534206.55127
"3a00543fb00cbc044a5b3527",378977086.952741
"3a103803cf9cf0451582d89f",409671883.655921
"3a10398b72905bd710ffe9e1",1124789035.91078
"3a26efe201689493724ba464",627281581.057772
"3a276f0df8c12422e14107c5",883084122.45544
"3a28bf9841e6a9d3f1bc293a",857836433.335824
"3a2a2df4f07902b04b809125",754602956.37193
"3a2cacbd3b4f9a23514b1433",1389506639.507
"3a2e95f5eddda4df84b2e2b3",580026562.090204
"3a2f110334251e97abe3583f",569933956.864646
"3a36f59d7c0e6c4eb85ca0cd",1219398965.48558
"3a384d68b7ddab45e01b6e99",888276875.430092
"3a3ce11d981d0893ec732e22",889203804.568172
"3a40bebb521445fcd32cf033",661932132.526316
"3a413637f3108ddf7bd53bcc",772357159.907681
"3a488b9e24d9b8fc7c222e20",445862101.62559
"3a50d40f15b1cf5bfb338092",440036444.259132
"3a513410a390c75fc14b0b3b",609747237.726909
"3a53919313bd750f2b1af906",1028916409.93629
"3a576586fa1aac85c2ffb75b",1469379490.72588
"3a6262eed8967d695182e435",742734984.184891
"3a810dc80d3a63f8cf106717",874261391.779611
"3a878d44356885ea61bd882b",620243106.554152
"3a8a506c99ede47ae2257e87",750997327.769951
"3a8b7b9048c82797fb01a8a1",800222905.958749
"3a99197868ce338c738a3b20",754344081.320749
"3a9b2ef74c59e96a6b107357",693628307.51679
"3a9c7ec02f3e7e419669fee2",442318796.45806
"3ab2ed6d140698cfa41f2e3f",644134566.984995
"3abe8f334f0f20f8006ca5d6",512415318.079112
"3ac517f74dbf8cdc8feadfe8",640285856.712069
"3ac77ed776aa4630c7293240",984940775.117317
"3ad3c519ced4b63ddbfdb0a1",426223252.982004
"3ad457c8855ab8921a7974c7",797127265.695233
"3adadd50e603746e5e4fc082",696831899.749202
"3adca5eeda4939a5ea11444b",830721011.304277
"3adcc2c662c8c7c9db5f0982",626815198.002813
"3aee70815bcf6effcf0e5fdf",1107127498.81367
"3af2a1ec9efa6884a8254d28",696962459.82831
"3af3a702988bfa0599727982",899817458.729118
"3af4b54bb5ee5fcff80f1e53",561744775.029913
"3b05e06aa0bc40b9db16416e",478842768.90855
"3b0b0bb06d95c5ea1aed2d95",479761399.515729
"3b14b48188fdbb0917414039",801144674.315421
"3b16ff50ec7fa717efbd62ab",858189962.999279
"3b185e3e31f7f5e6a1b3193c",785827248.808682
"3b224cf6107d815a2e78996c",799893114.111039
"3b23a71bf40e800a66bdeab2",434866949.950707
"3b29177e99201cf4eaae612a",1034288490.45914
"3b2936127f5a4684a1d3de22",743699324.79239
"3b2fa7905fd8fcb3e11ebcf2",963957753.082293
"3b368c10d243f6bc9c027061",454033017.298725
"3b380c563ed2505b7630feaa",1115317842.90615
"3b39471f854357b7e5d2853f",861355448.162904
"3b3e423e248b23090a2897ee",614758970.940287
"3b43e7acfab46651b099b1ed",1083318800.0538
"3b4b303bbeece313f92cb85e",783361062.942307
"3b4ce006ef95420847da20b9",687734919.409653
"3b4e889562e4078f8f369172",739451731.330153
"3b51828a1e891f3a52a4653c",766029408.273348
"3b52bd5eee5ef8e3871dcb3d",1150267743.20499
"3b54ab53b6e3453e333a0939",386161579.326213
"3b5a5d6536a9fd24f02e8ba0",441028039.70997
"3b6c37e7e6ff1c03ee4fe995",857201406.594773
"3b6c94e3e3684eac73b3e7f6",1931534511.59608
"3b6cedd9966332f0722208cf",460681447.355484
"3b6d88f864f6c1759f957c73",1305810409.63607
"3b739666f401ca6b2135652c",1020271425.34887
"3b758c26283c2f11251bfb89",1041915047.84803
"3b7ddf527979726fb8aa1683",642000173.528061
"3b7fd4008e14e394dd09a0e9",1454141768.58395
"3b823e81c5378ee3c977e863",707629803.086713
"3b8302dabc47048245acc09f",776948078.487422
"3b98c8e46cf8477a1968244f",624236964.614256
"3b9971f91bbe4b8dcc704ba0",764440722.74034
"3ba644c7be754c21e3cc48ee",874741092.542417
"3ba6b07e752fa580f630eb8f",1042542133.55164
"3ba769d65f02217656e0f5b5",1119315807.65227
"3baeb28cb33d048bcd6e42cf",391691549.864018
"3bb15c6313ee70bf4d88f4e0",788370153.752689
"3bb987adb4ff573ef09b8c12",633303517.103977
"3bc1d407f7e7c8e67f7dd27c",778762171.823539
"3bc68bc2d6a2b81f9e3b9a50",869094983.068116
"3bc80c56871193dd782696d3",484500039.104094
"3bdce823d3b96e8f0170d96d",851164218.663152
"3bdd7be0b5e18d266189d991",818341975.764614
"3be69554b1cb31ed5732a836",774046635.93899
"3bed16373c8ae820187e3d5a",787157525.933002
"3bee8a9981a1e9e13a05cafd",734532472.797597
"3bf1bea2a835d7fd11e47ce8",556249885.27433
"3bfccc757ef82ff2774f2db9",1341270615.26394
"3c0b438c7a4fcbfaff9f678e",810615582.480813
"3c1b1f86087f9b99380e387c",822713699.406073
"3c1b7a0a306e16e8c22d78c9",863133379.135598
"3c1ee7e502c6bfb20873b47c",693386530.004587
"3c268e9119b8027f78f91954",753916461.05105
"3c26b2954be250bfe239db68",393877279.713273
"3c2a535f1df831771b859a86",779399292.035796
"3c2f62f464aa5c48c470bff2",830751842.440706
"3c35c8993bb937164ae4a880",824583659.375128
"3c38153bc36b364b92548965",987653786.129068
"3c3a0f57e030472879f454d8",777653228.18215
"3c3c7861a9727bedf5e3cb29",941056963.372175
"3c3cc027fb179e91a46f11f4",556864475.525944
"3c45bf3e3e31e7804ac91704",522611840.716493
"3c4c18326318a7207b589dbd",403068171.785829
"3c6092e8458ee81aed0db0a3",666799076.167765
"3c660885ddd7e98ba5ea26a1",1506317740.3508
"3c6d485d7b01ddd6147746c2",612213126.135371
"3c753ecb3a4f8ce43077a6c1",1131020784.12742
"3c840c206546c20b3e53d4fa",784030198.72352
"3c86651d9bbfbb335f15b544",614277038.877068
"3c877a0fbe08cda958ff8f46",1158284498.56043
"3c8eaefb3f5dd8d4c9f5386c",745360484.521011
"3c95dcc4bc3788b4cd5602d5",795501844.825273
"3c9e3b97db788dcd10acf0e1",521493745.908624
"3ca0e7723afebbf53e390297",879797690.380797
"3ca34fa833e6ba10cb4b1944",588767990.517667
"3ca74495aa9adbd533ccfb96",966804591.152715
"3ca7f183cc0b303e5d455309",1078519816.11201
"3caab5e89722761d5ab2498a",642626739.609277
"3cb1773d90dc240c4ffed5c4",1021633532.32696
"3cc722d5c764ac261611c2b0",456555482.575023
"3cd016f68705e73b819cf74b",795465412.916583
"3cd3537b5f9475657060cae8",1302785768.29374
"3cd5562115870363ed5d7558",1116572373.1575
"3cdee5304896e4cb9604ebe3",828104650.310941
"3ce2c7f1ee7569e1b916cddc",804630117.986625
"3ce50f34a7974ec17178a79f",824030607.826737
"3ce908c9b70f349158f7d04a",886392803.0552
"3cecc0cc43ef46670a8e69bd",850590490.157504
"3cf9282136fad24af0f7ebb1",871696040.269776
"3cfd9ba5c6993718c0c532ff",674529970.240093
"3d04304c8644c81114c36f98",962626931.065218
"3d0cc51b7a2392f3be3b1666",718407500.30427
"3d0de71d822da8a999bb6222",535484699.293936
"3d11a16b008c26fe43deca03",584624956.640665
"3d141576443a97b0202c9672",1033675984.38109
"3d162a854aa05447e2cae0c0",784433170.400925
"3d1a767dc286fe1cb86ed9f6",960766301.863455
"3d1a8884a9687e53e5fb0bb7",774349874.056263
"3d1deb639d94b292552a123c",932968645.624528
"3d24d985b95a3e200a734bc2",1363047515.74397
"3d266736d0307404a5804073",664976612.97051
"3d31144a77cb51647f3deb02",751464972.508542
"3d3317303679a6a5a381d0ea",1123530902.21851
"3d389130627ca7bade643f47",728237362.824468
"3d3a318662cbe218db0878e7",1079556780.54299
"3d405df6e5dd012419f43ba6",812434592.473382
"3d43dd23536f843c2c5bd268",763748295.323078
"3d44c742b1aa4c022a968ea2",362667360.029738
"3d474c6a88ceb86e00f68b3a",645722318.802581
"3d4c48167a8de8cb0e4956f6",982353362.283774
"3d57abd322b0077efa1091df",1096773450.57263
"3d580d0df1bf9dd124c282c9",772628356.549964
"3d5ece38670c1c96df4cfff8",689481266.475692
"3d63320260d150d134fe8648",736767712.583803
"3d6815fb68ce959cb95e225e",777188102.340111
"3d6a9a4f2336a46eb62e6a47",1163951318.58569
"3d6d51ca99f2747d6b92dd19",793138913.193356
"3d722d960b860b4bee79ae2f",647314501.579221
"3d9856c3ee0a4b5a833c69ab",590431014.104741
"3d997123b33373024bd2cbe1",953752126.004123
"3da41d55a2b9f78c2b10c75d",813721111.747661
"3da9de8f610e5c40401a5b78",860149333.926389
"3db3b80a902c10004cd3a3d5",969396384.647049
"3dbafa8cd5225e261ec9b6ef",429504841.463106
"3dbb09358256bae5199e1318",639796661.345755
"3dbf89c6e97182647bb44e69",779328147.851255
"3dc0fa238745fbc31ba88853",444500640.853894
"3dc8277f29d0a2406fa25ce1",496681987.866121
"3dcdbb92628e6a200adf48e8",1228691455.33607
"3dd4fa53bc59e5852f9fee98",893625429.007281
"3dd8085a65f24b497ea59557",881490618.666532
"3dda25226646e1e91f4c948d",905932165.613217
"3de5d35f742cb4eb68d5f314",734911038.683464
"3de8187003cbf6c4813bee45",452350974.696228
"3dea0748459a295fcbd2f0b6",507641228.983633
"3dec1da01706b06f5d6a9266",429743849.992434
"3df855d8893dbc62eabd95c6",592915879.162746
"3dfd7e954d6f7f40af60bc9d",614044088.667856
"3e040e87b89a043564f0d0a2",790763046.25992
"3e0c656b64d39ab38201a112",555986226.132813
"3e0ccd899ad73579898fe73c",1099462875.33316
"3e18c851788fa8724ca8b7cb",533702913.50623
"3e1a1b2a518d3ca2fe3950b4",721111944.854441
"3e1c2c5b0831edf78f7b7082",702955897.460626
"3e2c1d2cba8755ffad9cff27",747606608.29457
"3e3717eda8ec9a68c9d83027",510303633.519377
"3e3880088f0df7c447e27840",647602880.348354
"3e3f264cd0ac7a65ed2349a2",1103603503.92176
"3e4c1e6435ea1a9c3150aed0",588977800.321097
"3e523ee3a6c2d89436539792",949051314.531396
"3e6645f2cd377ba17ae2e46e",445547914.986176
"3e66557e876a876c259c40a0",787048523.299182
"3e7217f628a1d0fc9bc47071",837609250.529694
"3e7f514983daa92e49a7c87a",347505720.61463
"3e85b447edd3b23b5a0d3b79",717357722.173697
"3e85deb0237521f1a7a8fa84",865519661.231514
"3e874c25176a3abb336b31ac",717589982.641487
"3e891afdcb568befebd66fe4",485735245.729173
"3e8a4318d93b1fed4c48f48d",1149043307.19314
"3e9083411c44213130b2ece8",761837749.936796
"3e9754a961d2cf348c9ff7af",762220703.071805
"3e9cdf767389ee551b5349a3",553731268.856411
"3e9d73530ff24d3f4a543091",950405800.886449
"3ea5478270517f299b20bd06",776287246.690077
"3ea6e8da2cb0bf83872dfd8c",756350867.999908
"3eb79541c2ce9413d2c54736",841207747.842075
"3eb97ecf8069775b9104af85",1060800193.22439
"3ec50faceb434f716d73613c",1053876207.17143
"3ecdb7a7d178b48361340ea9",743032250.708142
"3edc0e70e7cf6a21be2f0d53",436330250.883316
"3ee3ee47bfa21462a1fd455d",591628565.900553
"3ee9cfee7b0acd482672ed47",657060261.689774
"3ef167ca6c4ac77f6968d17d",905934253.435732
"3ef8fee6a5cf42827d8bf562",1052816267.38885
"3f081fb77ad08f8370569bf9",676149409.906105
"3f0c845deec1c24472a35efd",1364635902.43673
"3f208f32cc24d8ce1506ed90",788486651.608284
"3f226452520ee8f04e306bb9",1166087573.90369
"3f295e6c14e23cff1468bf82",889386393.806992
"3f2c18ea5d8e9a25adca4c42",903134089.608777
"3f35c44229ba13940d8a705d",1084433280.87392
"3f370094239ab6fc817e9ec0",1184309114.82001
"3f39a260b81dd7de1dff2b31",968786315.959488
"3f39b25dedb96409dc9d1947",1316122826.28194
"3f418a8bcc7adfa87e0f67dd",869375405.194327
"3f4272a3a4b14ce152fc3abb",770755221.660456
"3f438d6202cfd4527bd8f983",560968038.343843
"3f45ed2f08a2b03b738fbb5e",480748833.567476
"3f4c2c98a5a6cb78d7d26327",388925327.271387
"3f54091296f773f5a1bb240b",1063496680.80466
"3f5a0cbba1433e9b6588dd73",643097998.289293
"3f6b2f0c0876c21755369cb6",869066305.517183
"3f6c05c97778fbdc86304bf4",969362202.836803
"3f6eba5c365508ac192f2b82",502723775.394131
"3f6effb8881ea683838437be",769217750.972874
"3f7c5d8304fc650bf97247ee",796477201.552449
"3f87d08afecc4aba03587848",954700378.912548
"3f895518a7fccca44e534578",552768645.523125
"3f97341f90b11e6a7a7f7c2c",911175822.49583
"3f9a3edf25152433969f98e9",787926722.938494
"3f9e95762d2f2056e9716039",736858236.549425
"3fa0d9e247f28968a5bf8476",611175182.190293
"3fa4ef366575bc72ca5a0582",1071308163.49522
"3fb3a581a9a74146dcf9b71f",563234117.420948
"3fbc0746bd620a0baabbd859",695743725.123189
"3fc7a0f9c30978f24d688fb7",705088771.102593
"3fc826461ec4648e4f7877da",911327802.390979
"3fcacd1cf9770a2724a5fb01",804075317.131628
"3fcc5ff04edf753621d6cbb6",717068872.176846
"3fdfa23ac43d1df0503ccf1e",951397049.482143
"3fea10126c0c651f02de7167",594207528.975116
"3fed1dd17fcfbd2b86e73143",491931711.001478
"3fee486268a1451a7b9fff7c",949898010.166741
"3ff2a2fd905d81f0422c54b2",667034258.967396
"3ff6e77706eae698f86eec29",817057391.341667
"3ff7b739ce65f0b3066806ba",948037530.88147
"3ff9e75c6de41de517d1c4a4",374278260.534592
"3ffefb3f453c54585fa6ef22",798106025.283618
"4002635ca8b087877ad22d5b",1002033115.30107
"400a103762ad652e81c8d3c6",684020348.414409
"401f0de98764e9fdd4055406",613862179.776065
"4029115038a899d98dc93d3a",633544867.461377
"402f18888d480f5af146daab",831228703.824285
"4032d6a6a13399797a794ab7",786144440.156894
"4034cb3cb77e9cb39cc98fc5",908950706.406074
"4034cd9a70d18fe0c883a0fa",490319177.447511
"40355fef059659469e16e3ec",498567908.489204
"404364fe956884368e2f8300",565684921.354494
"4045e30cced205e8c5b2373c",865006000.017253
"4046ebeeb7ab85affcfe337c",1013391726.6518
"4049086139009c35dfebb3ab",384934901.820828
"40525fc425906c9485f1ddfc",476787651.311043
"40558b62d83e4362efe1fe26",562980122.049059
"4056182cbd8c12cd87ad9e84",802190271.59487
"4057a676e7012fd37af9c3b1",700221507.08505
"405baee61afa4b08dc25e586",965468924.716701
"405bc08707001684d19f6edd",677382735.407511
"405fec98d5a3c8981173311c",870311784.68308
"4066155e224520530ce985eb",491585307.237828
"4066da904062a0041a809b02",590980790.061435
"40713332e88c6d3a393c8b2a",485081001.037908
"40768729f2697b87ed6519d1",910255416.031065
"407e4196114b64578beac143",678512123.977499
"4083248d3d2f2bbf9589b971",821032234.131778
"40871d7ade3e592560d0b3e3",692525191.97973
"4090c1b86074c8e769cc72fd",624628034.61202
"4091a115125eb4a67f494620",822411190.747129
"409cb370961c60bacbdf7416",395378028.852449
"409eb9b8f2ba87ca299a7f6d",427897369.482551
"40a1cefb3cbb7e2972e30d97",564171937.072202
"40a53a3f3d49f7905966295f",853975274.830181
"40a561bf79fa7a08155e1183",639348634.935434
"40a65310ce666e80a9611d4c",793677140.301498
"40aad45bb7a980c9c5e1884e",869066305.517183
"40aaf6665b489033ba0e55b5",1023702843.27646
"40b20b5a3a986802d64f7675",684087469.208116
"40c2ea5f89f5b77cc09d1455",746616147.299233
"40c74dec061500aaa78f78b7",718850098.031168
"40c9f947e826f89c6ff3f898",490678861.570822
"40ce7321869b706210eda9da",714058731.986722
"40d04ff9c405cccfc82ed5a5",498358361.688473
"40d3f1f00de86e74e0304bd1",872321550.726789
"40d5384e2e8f8fef2032928a",448026607.359133
"40d9a852bbed67a6036c6d8b",637561350.08604
"40db880aba8951909e6e4ef6",996425177.566196
"40dd67aeb6e9979211c9345d",848535439.693639
"40e56beaf4a7f28f8108b132",441682462.443038
"40e9ef1e7c6749b7a8d04ea9",500443540.771793
"40eb0c78da8b51b53548d914",981437640.167587
"40eefaf8c26b8b4736308bf7",677116171.024714
"40ef1682158d0c3cd07f484b",1245148357.78862
"40efc0dc313284d3b57492f9",660145184.343744
"40f301afabee5be092ba20ad",736450023.072718
"40fd167916ff071afdc44792",1073972502.20591
"41037a3f8625082544979179",608773891.63531
"410e5af026805ec8088f2e71",728644551.242251
"4116cde03803e63a3e87e847",1122005726.72135
"41227dc9c9948a5f0688e426",631452372.756207
"4122eca7b73c1347a7814a70",864055613.824242
"412e7b9e1de3df8c3dbcf198",689999899.452357
"41353584f956b9e316c6c67d",659144760.952453
"41376f69b086937257387f1d",982597012.75381
"413d6e4fb772beff60f73e2b",694244818.535353
"41454361857cf70c44e1f5ac",664662773.843665
"41479709513815cf5fc1eac9",772628418.071636
"415622d0f7adb1a9f7009a63",406673090.59525
"415b68c7a5cfb073676c443b",641664340.10103
"415e1faab81016a460db7a0b",828712437.191967
"4163b665043ed27d7bf26c00",484188381.22035
"4167fdc804227ed43224a32c",934250116.132654
"41719542347401b04dfbaa59",815640903.75944
"417e974a3f0d97e502e49800",1052223818.38989
"4184fd9a546823ff1fea0b74",826425830.572996
"41877a677d1856bf609515fe",871068494.031724
"4188712d431ba996cd59fbe5",587195116.234854
"419398139a3aa2ca2be3f941",682531300.317759
"4195a9d13c0a526d7cc959f8",515043358.281697
"4195fdfe50e42e9981fa2f4f",769759780.948869
"4199eaa19ddf8ac436bb2ba3",1108404945.08735
"419a2f823e87ab67b1311bee",822371049.402934
"419ce7158ed62eb6897cf09e",583568527.398105
"41a269c661f20e443a7a25f6",1077965960.73515
"41abd8a2cbca609cf868f227",583345567.844437
"41ac76d4fa450fe0c377a0e5",417996383.77945
"41ae9d3d280d4eebe510606a",820040099.697196
"41d174db6f695472063ceef3",930275165.788997
"41d2864e1f73e29f222c61e0",611668471.616695
"41d3afc1118758b5314db48e",738985892.208693
"41df29e27c0bbb52aa8ffe49",733668301.453317
"41f33deb9990562def18c917",618814951.687276
"41f99600339a7afc8e386e6e",678827407.138268
"41fc4ca2b3f48508d840bbb1",452385090.617967
"4202dc3f8255586e1ccfff46",528280494.134762
"420b03095062d9571144a276",1172709924.22916
"421db6a58670e53f563eb9ad",696671759.181985
"4224e69acf9fb071d4cab498",849622184.027091
"422e994aaca85628ff759004",838905396.806641
"423ddbfe2f575e6bcb22e7b8",739958202.847125
"424b41f5e01ea2e2ccd3ca48",597119209.679578
"424bb491c71e913e900db76f",729996746.524146
"42525c57e13abbfafe9bb395",1313257932.16242
"42556b1bae874a5c09777873",1131657107.58506
"4255eae670033d9c9e9a6e3c",803638869.934103
"428f4bc76d4cd315ba8f89e9",518400438.11024
"429460d5f5c5381e945cf449",924057934.399807
"429b049255a7edf227a980a1",534316839.961905
"42a73bad238f2d3f5e376044",500113996.861748
"42aa1e6f6b8220a63fe165b2",834022960.633354
"42aaf6521fdf1dc9bc50f88e",548175638.007436
"42ac33321bb1920fe2a78036",689602304.127072
"42b3b56289972176c20c4990",613791472.485386
"42b5ebbca90572b9cea79177",558090832.664009
"42b6cf2a5225dc62342d3a20",715265510.118386
"42c282041583e6e2090b50f2",960784322.257067
"42cde300d741cb134a529031",501906169.988407
"42d34ca2252acaf6e777d23b",1573733521.06638
"42d42ad031a2c62be9b5cdca",727018538.039499
"42d91ed3f3615247f57ebecc",938910620.599311
"42defcc69fa22e4c858f3c24",1204547935.9878
"42f05e5d4862d653efda75c0",792683373.50819
"42f1a529f5ff3a6371dccea5",625247880.388244
"42f38b1b2dc077c88a746c1e",624694186.215967
"42fa0158217c9cb820f2a06b",809861265.152969
"42fc4101da60fdb41f41f0a4",1024103320.31267
"42fc6a80b882c32f6264ac10",713560773.414988
"430112bf4fa9324f0149a879",697565177.106902
"43041a793a13a4171f22e492",770665243.8434
"43059ceabe98412315566838",1594261188.38848
"430c46358b85ad4a741c7187",381737808.545729
"4310c7a552b20afd46f930d9",986475199.790092
"4317746d5b88142780e6897c",842648198.000237
"43228eaa1230dc0f7f1473df",563486887.632324
"43272151f217feab78190393",661865088.457288
"432f082ac51bb0d39ce45b0c",993859879.003904
"4336ff9b2dc1d97ac8f9694a",432363466.40122
"4340fcb9c80733260565c24b",903789603.112472
"4345863fe83682f6091d8a77",519640229.854987
"434782c3d1dc2b9ce7bcbbd9",855638524.294513
"4347966ceb1770f758cb6e37",889189260.647211
"4347bf26ecd61ebc7a16b4a3",605443409.487727
"4349d6bfd5a518fcb231cb3f",733099527.035413
"434ff40bff8fad0962ec07e4",617046570.789435
"4354c1b6b27a87c451ddaf36",438458388.167705
"43600371d44fbbc81f6b6fa3",447353171.946759
"436089e2bf605d00849691e8",973790046.64283
"43650eb8b70dfa256ca64979",807956624.771047
"436fd4dce2ff0f71232f4b6c",544771054.860165
"437167a9db41b677da7d5a7d",552768645.523125
"439004dc23f97a878ebf371a",848012578.142922
"4394a27b21889bf78927ddf8",578769123.621568
"43969367322e86c68b51c2fa",512445280.986981
"4396f94f7f3c403c43d3ede9",704008218.702562
"43a2ceffa8ed90bc1a43255f",450049725.272752
"43a3fbb8218e73b956ca50fe",819725163.602792
"43a91a731e86b9a0784f717d",771679646.137655
"43b10ad2660d7552ab6c3b10",845676393.339109
"43b2fb09efd1593a94b61b4c",682761377.657147
"43b5b5a9a1615eba48ab8b66",539878642.346228
"43c22bfa9a14df7b0126c12e",484144074.842976
"43c88f1874dc7f91c899df36",883652981.396215
"43d1fb0646562c3f1dd6fefa",704495472.479737
"43d7b77a99e86e8bd21a19ff",1207478146.33915
"43e11f10650837933261fa7e",723920792.366266
"43e59f5312e304fc21c1e052",965864429.39629
"43eeb2567c61bfbb059fcd4e",808558390.888197
"43fd6b5cb01d05c9b1db0e65",700341619.00815
"43fefda5a3b0781578d9f2d3",728799501.571105
"440cd2efd45c019c7151902d",986038063.191067
"442c6bda79f63bae28674b1e",720831862.206656
"4433060d0fa95ae1382f2de1",503799410.475414
"44394e66504a4d77587ee105",892231117.549897
"44412a9e16b2824c4a520a72",694601399.773066
"4443407341bec8b7b0af40b4",812323042.700872
"444c68a7a6cd0b794768d5af",790627357.476151
"444f102b4d54503044154ff5",687734919.409653
"44551251fe345b31ed71aa5b",521493745.908624
"445e241d8bfaceb149609d6a",484838097.76761
"445fa7f5e8e9d7f12e8991d4",824552304.10961
"446138cfd3749c0b6715b0c3",1237504939.54694
"44672de0d6d9d0cb3b4ae938",696479789.95513
"44760087930212643641eeb4",1289155976.41381
"447dd594fdadb1b12ab32e6c",746485102.689313
"447f51e37fda773ab748814b",876962489.529939
"448ad01af4c5cfba3feeab26",1058657286.22736
"448ad6cf4b43298a39c7b5e6",514458757.58467
"448d159391c38e4ffcc405b4",625124161.678756
"44916ca9b874075f55949f87",726131806.470726
"4491bda913188aad3c66ef20",945550033.332532
"4499adb2aa3aee94d1f1a1b3",1373214989.30598
"449cddc4dc3ef1e93b7f7c26",495618924.024155
"44a587fc89d6b6489157ff49",1054250577.26674
"44b623f7fca1a306560172ac",625548610.338895
"44b6382d9195ceb3f12d4939",850281749.473442
"44c8131b88accb3b46b79ba5",460872240.445702
"44cdcca08e1e66a1496fac6a",690935643.032421
"44d596fa36e3992208292ade",850640324.609865
"44e4574527acc86977f5bc41",512151567.700988
"44e9224b9735235fc7271672",479985870.60132
"44effc9574c74ea4ad98ede4",554031515.648587
"44f0e088fee626993778e7fb",558669601.464727
"44f5380847c175a42becfcdb",1221478771.71958
"44f77a86369d6607753adc09",646163850.097005
"44f8d5ab70828e06198579f3",962040439.598656
"44fab96fa2ea501e0b94548d",1220395658.12989
"44ff213b9cfb3604b7e4b66f",729423279.594373
"4502e2809bb5bd47b2781212",910761136.842554
"450c4eff7e37a271fc24ce3b",822467694.861532
"4514844d15690b7331fdb6cb",692714177.132572
"451744cf3ce55a98db8a3562",903992298.954652
"4520ceed2e5fe3458850a805",1209476947.57019
"45269f56121b796d0392e2da",1035506179.24644
"4526cb4a2b8238dcc4e496e3",1067103301.09084
"452ae373210337b8008ea2a3",1367050413.68999
"452e0518f7164287e47e6354",477121249.185431
"453202a234f5b370ae9e586f",891497265.598814
"453ef603a66a34f17ae22227",843050212.369827
"454e4126257189bcce9b681b",1054246253.18587
"45550aa81c0151f1fd9fd8fe",956347572.333718
"456243bb3fab3e74df21b5a0",516333856.1989
"4565bcc95c54bf0c8d376eb0",804490690.789044
"4570a3ca0571c70657b4a1c6",646095578.887157
"45750daec6238508791d0d4c",801895835.943158
"4577c1623c8407e95e893e63",619580758.838892
"4582ec985de48290c5f1f5e1",527551805.868218
"4583a6b01449530079415768",1058657286.22736
"45917f1bac415feac7e41124",444631165.708574
"45969f25857aa7263927b400",791282090.976496
"459963742bbaadbd9db97723",879983360.950318
"45a033d121ca5afef24161ba",865933197.013792
"45a7517c4d29f5bc7787dedf",799172769.538207
"45a8f6d942533794501d775d",858189962.999279
"45aa335dae223bccb31ff7cc",780626495.245822
"45abee1de734dc32936d0b1d",594520521.279812
"45ac018012e7dd91d41a5876",751218648.015771
"45ae1e929b0fc88718151191",458100379.283553
"45ae8ffacfd00fb4a4f53d0f",1085206987.60402
"45b894a8b028be29ed137f1e",1957700764.97291
"45badd183bb1a4c630174f3a",508896187.602212
"45ccde79aee811756030903d",930823179.800179
"45dd7eee4488e88d71d46783",1042057289.81546
"45e2395bee937c187e3486e2",981054013.029247
"45e2411d38589a2d85774c5f",680165288.199551
"45e92799de1a5334c3d2d72f",518344219.565173
"45ee2db87e9ca0a1a9faf050",687916484.513656
"45f18e0bb676d2495a227dfb",522699972.438999
"45f24dd99d362f49c0adb875",543946892.782809
"45fc0d46c7a4df7ff6976fce",1046962918.28429
"46136f5f078dd31170c58e64",768032565.811725
"4615a8a7af9d7cefc7fe4c4a",1199687997.13893
"46161effff173111bb6c3a32",1049772248.64152
"461749398bbd48d69b444d7b",588511272.793033
"4623317e8c9044e314ccc4e8",741177526.250492
"4625168852b335b223a05bb3",910869322.51877
"462c7546b358b00e617ce012",822677415.25482
"462ced9cfb28550c160e5664",797267200.479225
"4630a9af58fb79c0008e5fa1",719938468.78744
"4632f1e8fc93e268ddeba07b",671583226.318826
"464039bbcabc650d659f6683",810215699.551873
"464864b367e16547fe319229",841060100.698926
"46529f0455fd35b2f4a489d0",485490978.269519
"4662aa1c44351dfe271e3a9d",874307819.475137
"46673c69814a0b3f25818dee",974616061.92516
"466c542d7825d36d18a86486",869554190.716479
"466d4240af2cfd09a31cf3ff",674801431.604286
"4670d21fa84e40184f03d5de",415882646.018907
"4672d1c9c3b04fcc87a0ae9b",870938985.134169
"4673ef4fa28aabb0fe61043b",442474107.211485
"468df200fa490e667bfaa31d",847071073.917467
"46941e09b153ec19f86c0c2a",1338111275.62201
"469b33a6f153ec334b6123d7",431398320.064502
"46a2a88ef09b2aab932ea02a",778542496.707784
"46a7d0f520dd1e78c0cbce0f",961365195.554782
"46aa67b5e0abe39dae442d76",512075871.302161
"46c34a4e5987c20eb1f5ff99",772086058.456865
"46c42803286c800351fe633b",725263404.405445
"46cf5b18fd7bac0d3332d70a",843001826.735243
"46d0544f411bbfb6b452858c",738855307.946709
"46d34fc9a8edcc199a537b30",1061750226.94536
"46d4b0cdc81137aa56f516df",1027008983.21734
"46d77c92811f0c87d2d4907d",977892988.27494
"46d8bb3e9a0ca584d3c7a317",830810586.064782
"46dcddfc78444011abd29870",724081647.742525
"46de3fbec5bc6c0e256e7751",568698606.197689
"46e7860100b0c09a6a475b9e",790362649.661603
"46eeb8f186f86f7859274d4d",1006559755.87366
"46f0731f62232b32eb733dc3",822328898.777216
"46fb04e7578da5741f6da4b8",493297072.013005
"46fcc0d53b263beae95b8eb9",1212100675.15607
"46ff039321805b51870c64f2",981043169.518259
"47051c25acf866250b5d3ec4",739837264.881014
"4718488d664194a3c0c5b446",851733049.45904
"471b5135fced50f7cb4197e2",715970108.803964
"471bd64a0576aa67f494eb98",852963206.649391
"471d6fb8037049e1e4d120a7",927262483.831752
"4721d06c49413558bda1fb68",654287996.082136
"472601b5b5719855ae3528af",960413016.409173
"47344a66471fa51f61c64652",754025281.453659
"473a59415b6214218a15e363",825959507.859607
"473cb30713e88ecf782651fd",602657240.77364
"4769743185eaeb0e4158e0e0",566577371.516446
"47720fb9e2586dced75db114",699443507.258204
"478ac408d2a5c603aa23cbd5",913289865.682658
"478e13e8c1cb5bc80f1080e0",766866750.167856
"4794d9994512f01a4bbb6c48",574026292.389758
"479b2c9c12602551bbd0212a",536412088.338485
"47a3c63f65a9794384c655dc",789456899.968876
"47b5804ba1a998c3e7544092",602716295.56804
"47bed52dee0d311ae0016b08",727605736.733857
"47bf8d322af3c13e8868ed0a",685405855.683962
"47c2934aaa5934c68dcb9e51",916131268.587142
"47d252717c4bcae3e1ff19e4",961365195.554782
"47d288f8f9227013424d6976",368835664.567875
"47d7ba800f164f397fcafa9d",715379358.422316
"47e0c773f65485ab7c78d49f",699385544.872444
"47e282cb12ae01243d713178",611306760.142022
"47e5ea8cb7f5ab6703803690",844770453.617049
"47e6a61fd652a3dd37556ddf",627237562.637805
"47f7065118bcd4c3878e50fc",713503439.25666
"47fe78f6299f757b231be10e",989684004.701524
"480041bbef3a540df2a36ea2",684850040.17015
"4803a3aedb6c20eb194469c1",680118241.323815
"480aa7fe286f4aa31f56d4b9",785448397.193129
"48107a1dd2a3b027637f250a",987653786.129068
"481492907baba4574d4a6f35",1108015889.0854
"48299e52748ecff3b69f7a90",694773148.890919
"482c7150c7555cb35558398c",1107385487.44832
"482f57e65a3f4c6792775a05",616518375.211887
"48378a6148532f71abcc2f98",785586281.76504
"4845ca0d30483b36bfa55061",841299950.023587
"484922bbe02cb218ced0e779",626445598.406124
"484cde8e47fbf62a339c8219",986156861.19366
"485cd615660dda11586f797c",986481572.491437
"48740edcbe275bed3c82efed",748549256.503366
"487ede1f7f155194b69c531a",492291912.939832
"48815b454dfb64fe60e2cde4",687210977.909866
"4883f7ce7086ba9c8ddd4315",817803487.916283
"488cdcddd0938ad0205ab8f0",1557544363.09917
"4890edc33a555cbbac71795c",687647161.824726
"4893b21db2d6aa4417e1cd1d",1006753364.39546
"48976c41de22ddaea3f8c296",677645166.168736
"489fca3e6dc044412d00cca1",896415877.585699
"48a20e676a060954308c9ecf",690446061.564398
"48aa146a36aba8a0270a8a1d",1193000561.14982
"48b1f800656bcae6a9e70802",725446509.933827
"48b270a493af4fa28dab9211",505648289.643861
"48b34600046c903f0ae4e6d1",1085353123.36134
"48b9efef82faf72bcbdf66b2",1107905123.43834
"48bee96c1f65b8e283d67483",425692972.797353
"48c346042d9cb826a3714466",520946139.183453
"48d3b0ef6e5f999bb90fbfc1",576663964.215391
"48de5d43e88caea594ccd27c",802266870.560378
"48df432642971a97d3d4bd45",561029666.847182
"48e687093fb26d29cda9ad6e",438635138.183555
"48e71c45f41778f8dca24cf5",664455949.383191
"48ebc3d79e01061c926066ba",376142789.539083
"48f1c6e343a4724ed865533b",1042392863.1372
"48f9e9a87e7fc0a678460e05",806265031.884315
"4902ccbe8456d3f0a29e5059",520646937.738424
"490b89e972abd7e64b5ba6c2",892544405.359955
"4911a6285f548dd30c8061e3",604433147.867219
"4911d01ea0a4505d5db5bb2d",617069737.158615
"4911f8879e5bc9c27ac13bb1",613590740.29949
"4912c91afa6e4aff6ffdc6a8",883471116.994786
"493367258be5d63dc8db97d1",1163951318.58569
"494580f4974c33d7ce0cdb28",1043525061.58635
"4954ce465ba712543bdf34fb",471096055.373193
"4957e0b129c5caf47b026c58",822685870.895822
"495aa774f4db66db6df30e93",554601778.210725
"495b6e61d1b887f8b4c1bcbf",406692151.412326
"495eeef459e80680720a0ec8",460277553.448908
"4962650cfa3decf487ccbd0c",976781754.447461
"496ce19c015093e97144d375",468601573.300825
"496fd5c93b2a578d970ed55f",528394792.087634
"49721aafec7123f6ff4d8010",741171029.252455
"49737c7682eff2513869b3f7",726104275.775368
"4977af03eebca1aa266289e2",910635536.042688
"498d632cf0868a8e641cecb2",450592557.999254
"498de85ba30cb01e9c686081",861605433.122587
"4993d1487d78cd9ae2c23619",981230664.354389
"499f6f4997474415f0bd596f",980763194.844435
"49a0715897795017ee0de843",546586444.080454
"49a2d111903c77053d44573f",612156278.547286
"49a4cebdb22fc2d72bd1aa78",730331756.372372
"49ad389014995f0187edf726",699942839.005702
"49b59d19432dbeb8921e57b8",981951603.170033
"49bb5311607e4c7600caa03b",621526249.229622
"49bdf0f970af03d83a57dcff",1153567329.69065
"49cc8164d94a2afe8b750af4",598493094.485967
"49ce19caa1325233d0de331e",1126942892.76988
"49d020d2056717c2108b0927",635194593.039666
"49d42ab711abd95fb5947c0d",896426982.615868
"49d6752dd196e7dd583baf44",598320407.484715
"49d9cb2bcc98d69222b03165",1011248169.50099
"49dbaf0bcca86f32f86e641e",1121636652.13517
"49e531941384af389b0aff59",411343954.087077
"49f0323d28ef0610248c87c0",707661968.791101
"49fb2771ea6c1e8950cc9a57",943805201.207208
"4a016eba4744dd01954f137f",400475902.696602
"4a119b1bbf04b4bd6051c5b1",1015066855.86537
"4a20d03d09fb9d0ee5565ec9",624883316.673477
"4a2ae08359e1ecd39b43afbc",762549267.619543
"4a33d213841d2af537aa967a",1002960753.53209
"4a3a6698b5490216e8f8e6f5",1581934292.04156
"4a3d0390e005fa5b4c9403f4",1149268534.68685
"4a3defc2b7d2cd751c9c970e",923543572.089344
"4a4fe76c58f5735ce6b018aa",829890841.16613
"4a5405b1e181f5b10fec35a6",804264161.756465
"4a611bd82c9216a3771ca7b6",841141556.949932
"4a629aaf60a113402834c042",1053728711.76186
"4a7156189e1f06b0fe87a7fc",753635823.297948
"4a73dad0ff8a5262e8b07c4b",897311071.996845
"4a7ecb05c9886bc35f6b9160",634342101.524328
"4a809b3987cff0290c1df8fc",552068736.269549
"4a80ffd8e908a3291a32fb6d",1014673040.12788
"4a81bdc14b5bcc4c84f5ce4b",566778938.943383
"4a85c36fb854e922936b57fa",563792044.146131
"4a8acae29064919c68fc8600",653707687.905827
"4a8eaccbde5a4a6747818d29",926502527.814381
"4a9e2358d64df916e2cfa213",772042560.144639
"4aaf6763c105ddf2a6eddbfe",522643042.372914
"4abef5720fd889512ecff70a",704140411.97977
"4ac4fbcacef08524ccbf3623",395617823.500932
"4addcabbe23020d3d0d46ac6",620243106.554152
"4ae10e7fec364242c88e511b",702713083.809567
"4ae6d75b10848d259ecba576",766173951.067041
"4ae7dd50c6b743bd47340f20",761511787.962516
"4aebacb9ecd0a117307c7841",948550139.456365
"4af83eb7718f5823ae69fe47",967335719.53128
"4afa3a1b63c076123e7a5279",1173147221.53233
"4b04e0296820d04421db5219",565945828.062913
"4b068c79664179605b145a15",950693321.135038
"4b092d4d5885cc224f6775e9",367371809.792201
"4b0ac2ce45d7ee385ca369a2",756904081.904986
"4b0fba692104472b36c38c3d",843330606.047153
"4b193d78ea6e3740bf37b36a",531030713.472276
"4b30968cdae59b4ef3298f19",1045697727.30955
"4b38595746dcb78fbb459781",665226690.506894
"4b3a6baf8196a59bac8c08c0",482413718.00051
"4b45cba0d601f29c2b7db97a",884959670.406131
"4b52ebb0f0a8878def4170c9",885226722.706661
"4b6fb9b705d80ff350bd620e",466046175.080043
"4b75f2b374e8674e8b55eceb",1054411823.19743
"4b82eef445edeae7a55fd019",680318391.350984
"4b8d7217da1b1f225f254914",797964869.958377
"4b905620f76873355d317dc1",704198600.971198
"4b92ca1cee4739104e620871",1260182550.10664
"4ba19ab08d1fe7f72d0dd37a",881749500.247297
"4ba65b1fb8d8ab0a914b0b8c",691206263.704287
"4ba85374c1d1f1d3f4632ca1",351822574.36394
"4baceaad0b0081bdaa37473c",865671602.22268
"4bad47078442f3416b2c1ff4",454041502.485522
"4bad966abb5e8c4121ec69fc",638458950.055168
"4baf1bfced8e85013eca94b9",963957753.082293
"4bb0666c55d174e0280482a0",698187058.333339
"4bb5265c6e63449e5fbaa270",1012724563.9385
"4bc1e2cf5e5ffcbe1020df08",710563503.813187
"4bc3f597867c6844e9b47fc9",540163017.505216
"4bd031478b15017efd41b2bf",1094266275.27771
"4bd0a354d75759510ab6bb46",716821511.726956
"4bd30aa3e2b4aa077ae27490",691696497.189559
"4bdff22689954e5b1e575d30",880689140.06896
"4be510fa977b93e34a789f26",692525191.97973
"4be6d93d8ae1375156444f05",468482043.544011
"4becfb041b0439429f2cffb4",692370172.964745
"4bf02d040efe5358d4a5940a",872002628.678965
"4bf284e6ba81bcaa21a437fd",626722915.679983
"4bf620c6c6d4c916bea70e81",795447119.082538
"4bf70f19da0bddec9241d310",589081194.703405
"4bf89c9e50c5417ed669c481",628191859.137495
"4c00508300f40d74c79f2596",609950352.030464
"4c03afca943c3f2484b8db6f",600129660.944895
"4c0892a39011cc6a37fc1145",673081412.700003
"4c0f9275581b5572635613a1",753889526.170484
"4c11f4ebc622483532c24a06",745660162.338142
"4c14547b7e02e75204ca9f4a",665666692.041539
"4c243fc50d5511a1288bdc0f",623738576.601778
"4c25d939eb3ec218403dc4ce",841706138.014988
"4c2b14bfeacd87b878cbcc92",798925920.304125
"4c3865a97f5877090e7a9649",775937598.942544
"4c3a2b3e3d5999f747ae0d53",993962763.825247
"4c40683e401dae89f6537ab0",690355153.984825
"4c59acda820b7b75823fa277",685350936.16846
"4c5b79f3656501fce2e2178d",655900284.42694
"4c5d3dd8802acb9ee22ab912",1119998031.45011
"4c79f17573007a39bb2b4b7b",963079641.734624
"4c7e7cfb286d82aa96356fb5",891431959.012065
"4c8ca73cb51a58933de61f0b",851075731.239626
"4c90ce573f1d61d11294d05c",969171650.004276
"4c94103d4366bcaaee4b550f",951202139.218601
"4c9dc4494a3428435457f575",407388759.676051
"4c9e6812520f4aea4ce435ae",1007737777.72936
"4c9f3af11fa91e729384580c",844237541.901792
"4ca66e564ed478d06c471357",578943493.165396
"4caab3951bd6cb6dc71ac8a0",678477294.419182
"4cac81eebdeb45eb0e8aa5fe",872027001.704082
"4caf356c110a50c6c94f3eab",735487659.408532
"4cb11f32806c0e07b4251984",793531260.155501
"4cb59b46927df31150830d5e",636384085.375466
"4cb5e4aa83c476a5b71d77ce",957340245.345878
"4cb9319ff5adaa62386b713b",1093989350.92525
"4cbc74a93e33f7b4812e1a7c",696683786.833095
"4cbe75a162b076c4c454dfe9",666459905.878062
"4cc8c95dee29e43463a8dfd9",640266315.386917
"4cc968db25c2cf03991c0041",869713422.016072
"4cd5338bcf246ebf263baa35",422929581.319959
"4cdaece5d1dd4e089a99f47b",591735229.630096
"4cdbcefc434b48ba3d51a498",1059307092.08991
"4ce0fcf14266d144c82f8d4b",627162654.35929
"4cea8ea969dcc433fcb59d96",1009087320.08314
"4cfd1be6a93641b110fcaf67",455334785.32712
"4d069f925100b6cad0b657b8",519640229.854987
"4d0985935e1432b3916d45be",723210097.609009
"4d09c2354c67243c968dbbcb",591924135.827613
"4d09ece928ffac7e7d270bd8",458242091.956224
"4d0cf77f8cfcada2265ac585",428134941.265846
"4d1b0315b5aaf21bac150d96",722226517.846118
"4d1f49443787c874ba19f968",1071709033.87829
"4d20f253940a4492b4f6a9f0",729297124.128567
"4d2ec23fff8eb502a9d93353",1068651767.90855
"4d35e00e86a9d508d82ea90a",415331376.360709
"4d3a66e028dc8f3e9ad9e9cf",720418868.284695
"4d3d887d2236c2f897f3bbd4",427192008.465557
"4d3f5e7ecf4d361d7eb55f5e",700771732.070541
"4d418d0079828e244dbaff5a",649497899.602563
"4d45fbe5a5d39188b5eccbfe",970297586.16159
"4d485ae48974213b1594c905",932950647.206255
"4d592a67596afbca92d26bcb",739682864.038509
"4d60db10157fd0b5eab9a23f",779393358.443145
"4d666967b74ccdf5b04e9787",635013191.104809
"4d69f7c7e0e837879abbdf78",492653493.10048
"4d743a1250f7d91e2782708e",674493447.7605
"4d852bd93332172bfb081aff",1122891657.87169
"4d85bbc09ae56cd85a8f87c6",767589048.918669
"4d882ac2b82569f74aa08824",447141096.961555
"4d8b338266822739bc9c8fc9",1005095423.13101
"4d8deb43d663fb079262708f",830989509.68913
"4d8e365b35a6b8ebe6d7a15f",709064272.09281
"4d94a2295f612b96264a0db8",525618453.089009
"4da8ef54252a92d9cc62c174",962811399.840094
"4da93e7126354a474d435a4a",916141426.699675
"4dacc190eae91b059dacbb00",1347329420.00532
"4daf52564456895ca7f4429c",721745119.026214
"4db632fdebc000c9e64a589b",819432058.612013
"4db834146c4e73b515d510ce",706797192.348513
"4db8d32011163bc4fe01d02e",836770255.171193
"4db8d529af9f718e6d81a85d",447434524.7294
"4dcaaac494053749f30875fa",956041656.080618
"4dd3d1288ccb66ee4fb9c097",1306658108.30529
"4df222356df121a41adadda7",457933431.732197
"4df3717406f9852284576caa",548908069.726229
"4e01f07ee4b1241360de460e",1228548217.16309
"4e0b1df5e05ac505c701f519",465617246.190256
"4e0b293ec3d5eda7d9fcf8b6",751047776.038208
"4e104916ab915cf3c0bef846",893124261.730477
"4e134600155a64783b3f8c3e",960091952.120791
"4e1b5798dcbed1842f260b17",651257030.169907
"4e1bfbbd8689a95fc97fabdd",473231607.971624
"4e25bad08182b79f5ba9639b",1123209998.13938
"4e27458d179a469435d02ff4",768668058.066215
"4e327acca2e033c3fb305c5d",701592385.999147
"4e3cce6b581e74879c2dbc4f",455711041.664356
"4e47d2c8ccf9929ad9c84544",762491187.119724
"4e4abc111c07656e5bbdb0ee",843744668.444444
"4e613cde51f9760d3c051562",783498581.085078
"4e665d479b3bf2e25cd463a2",851735563.256302
"4e6f695bcd4d3c0d8497c1fd",999450757.906326
"4e78cffaea2008f3919ba0ae",679893679.445299
"4e78d095988a92642a1bd18c",721942020.268911
"4e7d3cbe3c62123fa7e2d969",834417258.738579
"4e84c5953b493be7ca96103a",907927508.800802
"4e878e99ad2fc34400381c3d",715816412.749184
"4e8cdb49a2bdf68ad8d12625",1125381506.21025
"4e9acf6e9f80f65178766740",776948078.487422
"4e9f1e21c855f1166428fbdd",447559745.358294
"4ea46b833575642ecb2ed1cf",376208820.977562
"4ec02a406caf200b700f5c62",789396738.043667
"4ec06163d39f96baebe11bd3",821868876.882221
"4ec0aee1b202642d2739068b",887752120.858988
"4ec4683fcf928d9fb33eb7b9",868702588.270499
"4ec47b8100d224499ec608e8",889765097.642989
"4ec5ab39cae4afc3b0e69438",973853315.510216
"4ec741bc6ab20515070cf1ee",810650535.569677
"4ecf579a5d5e70d3b4314ef7",728370811.640882
"4ed3eb724d4e57a7b35ddf5c",819265097.528026
"4ed5718470ffa3e5b5f40bae",586736394.876609
"4eeafa126ac5f301cf60f9ff",412949687.468236
"4eeb8b5347526d721092a7be",752655386.978385
"4eff2f2297ce85a0a3964d2c",977556252.518608
"4f076c220dad47bd9bf248a6",978712506.513219
"4f0b2f7e4d787a108a4d2537",865764451.163397
"4f140229175de685a0999773",430986354.288513
"4f18341de355d2cf57a03983",547588859.511052
"4f2ca698ff03df0c6386e48f",788902790.133512
"4f3c7b9bc78f882f858b3d3a",402506378.941789
"4f431d80287051ca323f2c08",798925920.304125
"4f450ba5de4766e5ecb8a4a5",701184804.432061
"4f480aae78aa068901ee9468",656526943.780802
"4f4e3350c429c6afc0bb0094",738684494.979285
"4f4f7d2b14079ddf8754d6ad",832104213.654025
"4f500afb7f7bb42189820a18",865645617.443867
"4f5bc448658287ffb3d49b75",787140910.022886
"4f5de1bc90694fedd216ef40",1048146664.63836
"4f65732875c007d3c1102140",599150242.357441
"4f7d630c921cff500705ee5a",540777508.760627
"4f8dfb8de411b8a05c55dbbb",818739064.810836
"4f992c2a0526c0074bbcd875",691548679.187468
"4f99b97100d003ba3a2ecd46",805588058.68007
"4fa51848638f4437a3e31682",901864111.746431
"4fab4e66ead1948498d2a4dd",784252884.935473
"4fb644a95cc04f7bc6cda786",685571378.546374
"4fc89ee51cb0e1b9d6459819",1194843817.88284
"4fcba82455866a6931590dec",810923049.804712
"4fd7984773d2872e51574ffd",930405425.525065
"4fd8643e1c43ce9a0c18a19e",1011953448.12046
"4fd8d01a5c3abb90ad70cbe6",730269020.306581
"4fd907c202de4f06cade3b3b",1096932232.3644
"4fdc382b65441412fef509ad",1045678376.31342
"4fe0482ad622080f55a0460f",711473935.389971
"4ff17c9b88aeeff105b8301c",603527173.398612
"4ff6c53c0bcfd1d24bac7ad5",519455584.273704
"500a3c5953f89b431184fead",836441952.828357
"500d7c5346ca11ba934e7ca5",865420182.327908
"501193fb57014ffbd7bf218f",737496398.397799
"501531d637608f7098ba6242",748523606.029214
"50160783a9a0503df5a38dee",527402728.272715
"502154647e351af240615b98",539854672.165597
"50287f73d47b4cc4c2e1840f",846313719.343531
"502aca1a1097438b32eb362e",942598202.501039
"502aff943d74cd4cbb976dcc",844054050.970576
"503a04e079773a04f2abe075",779165020.968158
"503f33d11f75b6b5102ba4ad",539125774.146667
"5045ba9a65b4bce4fd305f82",704889962.912675
"50563038c05963223b459beb",827958943.555918
"505740f7746e0154932dbdc0",471038908.614979
"505f3d545ce83d0c848f828d",769459797.87016
"506763d35b04358fb0e967ff",801756486.127721
"506b653545eebba4c8821588",1192167679.1251
"506d4cc6613a07c313a12de4",899851304.745299
"506f2b1ff3e4e7e43a5596f2",967638337.750611
"50857161c59b991304f5c55c",666677491.545445
"508bfd077c80b6cdfc5a10e1",822306240.245647
"5098115b26f2473c812b70ed",762320453.860766
"50b2bb276e598c9cfdb42b0b",905934253.435732
"50b619ba3e0b2a4c6512bc97",723359075.114506
"50c123baa5783185ddbe29c6",908500950.729182
"50cb0ad562ab5ef4e06f84ed",880066944.305834
"50cb49d65d04a5d166f96e3c",564823163.171627
"50cb893af4ad0e21a69f05d5",685405855.683962
"50d8333064f0560cbe549f89",533478026.673255
"50db9d168354ea3d75a03a6f",782264497.046979
"50de04936770f874e1eb86c2",589147047.480992
"50eeed30ba674cb079689afb",729561521.103789
"50f8068603edac10c87411ec",404743394.520199
"50fe589dea73e764b7735938",423618493.635834
"5102f4786cc032e24781c7ab",797059813.31887
"510c03bfb80d92d180803887",413813858.544789
"5110c49047db23ac3aa4ace4",588647732.768909
"5115b0da9c95559dcee9e58d",1155927053.44867
"5122b2e9638d3438434fc56b",1305996119.36322
"51230c899cea0054bb74cc44",500935578.57556
"51273a81121232e7f30cfd1e",503440401.317461
"512a6de80962ab797ed2bf72",1178806653.66139
"512b4ad817c387bed877b7d1",1473840842.93865
"512effa47a1c7a5420bdcd6e",367065214.042226
"513211d9f07fd6645711ae31",537211585.51214
"513a83ac5bfe27c5b813ce4d",640807686.419228
"513aa9c91c245ee4be31507c",824930785.902653
"513c6ea5a3c2c560c409eaa8",1190194026.48639
"513d0ddf1ce44ca671675fe1",1108210400.01329
"5146ecaa8b7ed507c4f30785",800903149.880948
"514aefd8a44ca048a8088c51",751110410.784605
"514b09016ef85b9ddc4fafb2",741113283.546532
"51516e102f8d43a07037ed29",904008749.881054
"5155f70c7f8978e487e71479",791420999.646698
"51608bf64739db05c47a3bc8",735204225.642397
"516881e914708f6ea6062ad1",820625464.74114
"51744814dd3a7e60c0791041",782079609.724493
"518858c561af5c13c8aef9f9",714710621.265219
"518b37b51f824fa0fb5075d3",883904402.677446
"5193b43c32a2bfb3aac6b2af",898109943.266676
"51a0a1a680770b625579e25b",1474876039.81846
"51a696388218fc2e412f8806",794381815.06612
"51a8c190ffb673d4fc27f4e1",835773298.396639
"51ba7338f5900d8ef12206fe",819608379.964146
"51bf7bc1c19fcd42e71f2463",624760340.240617
"51c48d17e774d6cd84f4c355",703239470.179893
"51c4a8b438bb0d97f712af31",881124230.052484
"51cf2fa527c3db62914169b7",569961957.838519
"51d1df6e1f28c40dc9074b74",1349027881.156
"51df325f026f4cc5ed2e9a65",1362421826.27166
"51f0f76e2a8cf50ef3650901",557254877.95414
"51f4aec91124a9a96f4c5372",753851698.061327
"51f94ebbd6d2533862a1fdbf",626832936.174329
"5201393754f4a5f2a476ef0e",804304966.939893
"520415ebcdd1a4059d18e2fc",683683424.469088
"5219c3cae1c92b52551a8571",1045366847.30172
"5219cb469fff40cd9606bad9",479746044.001093
"521e9326a2003c7b56fc4365",802780918.193664
"52338f4f7c8af6c649106a96",472756543.326492
"5234aeb6d817b8ad876e50fe",609652373.296312
"523605d1fbb75b0c5acec5f7",784241468.055685
"52373e15e9dc1ad371a0c090",579717511.552872
"5246f7d8023a4c178af6d10c",649423104.452988
"524e00e537f841c13497cd52",625379953.396397
"5271cd1cb962066407490051",947865757.080266
"5272c50f1d8fded01f7fb0e0",707722360.479965
"527a1c27e038e45d2d1fcd9f",504495085.123269
"527a8fb085995119f846a5d1",834204049.281479
"527e4b1b06637b5362c8f17d",718824692.061455
"527e571030a7d8fbbf1a41c4",835217698.825008
"528014ff6b7cdbfc174f4fcb",723910587.338523
"5282c3c48495dc31359e70c6",568619554.694938
"52864916eb1984abca41ec66",933278232.80533
"52871480f7bdf5ac3d785630",650775151.406072
"528a6345df87dd0db33bf822",735041450.273672
"528a96aa31409c32bc9f1f63",1017899759.91197
"529d6599d8a64c63566a11e9",630916949.884072
"52a438d024af0d5c38627ad0",766977186.936267
"52b3823c59546a6ff3de4d09",474770168.345281
"52b52aced4853a3e3d7fa058",759658827.108391
"52b699f9900d81ae85ddc7d6",760230338.131775
"52c1ab7484e412ccbf5d57a5",852368823.026263
"52cec2691ff635031fce9507",551568420.60806
"52d6c4bcb442eebdab338116",991791969.624201
"52e5904902e4d75ad87afde7",564991084.405199
"52e7657a539be5f36f48bed8",1250781676.10481
"52f026e670e9851b08c70542",738479149.201463
"52f24ab479fad35c8bb5a8f6",993325671.561878
"52fa1eb3cc7cc2f77ff98764",614412848.543941
"52fbef3effd854b0ad0f62b1",891588448.877606
"530a3bae5a13291c69bb8474",645537409.632756
"530b25326f39c347a35a8caa",523276603.026074
"5325f16558ed6d2689bcbb46",685750395.600221
"532bf5813d7e70958f71a480",967219411.29739
"533134592237b2748915eed8",1034106954.16063
"533363375cf2cbc50d86773c",826071006.444773
"534466a857d28dcc598e3a49",645800127.021498
"53462704cfc47d32492b4847",788936924.092984
"534be635a841fe21c7a702f2",942301890.111433
"5354a816a7da90e205448832",851002876.912306
"535bdffc5b79d62aa6179c48",1302994899.82675
"53647abd1d1b10c9226eac73",692370172.964745
"53688de79b052b3185fa9435",1078856777.56302
"536b5a8aea016aaa90fe744a",817787758.222754
"536fa59adc007df763949045",857708732.216028
"53715a484e20d6152c76fdab",1042931073.32242
"5372f93d988c3c917629f9f3",681142848.698461
"537a9a2dd0ace0d0131722a1",1014203753.55781
"5384587ecbf956275d86e60a",395595838.787205
"53870de54350a8cd7c13f014",763577168.210608
"53881f29c7a6bef0ab537466",434619931.676282
"539467d04a2b3e78c592b11b",447434524.7294
"53973c17ea7e89fbee5e6cf4",391733721.574941
"5399af7ea98c97b5906efe1d",631372750.639075
"539c12d2fe8cbf950b75a0fd",452606092.801433
"53a447ad5e011909080c0ecb",1454397041.51594
"53aa9cd32e2a6aa346d3d789",690511103.809026
"53ab42a93b6deb152951f82f",1067428282.65352
"53b5ffa0cf0dd12e4eeb6a2a",904890029.020709
"53bbf1d3345eabc2a8b7f5ff",941369492.677785
"53bdf5c3cd800459acca551c",472405739.739356
"53d33316e237830ad463a26b",507554511.660635
"53d3e32b1dc782308e352a33",1153045210.55386
"53de17a986d62a44d7897200",478136920.67197
"53e14e867f8b02c6043ae02a",444445550.773452
"53e94de217ec45ad576fd83b",919359865.657287
"53eab0ecc3ff098d55666699",1029385456.28211
"53ebe061b85f046ed12ee9c5",625062686.040255
"53fbed4f9680917f0615ae7e",505774661.433009
"53fd196fd0c0558ed1219329",412495188.766338
"53fdb16ec08e794dba9a10ea",736708611.694452
"53ffa19a09c447f3759f86f3",688537805.361144
"54022fa49ecd9cf290aefc89",1063008688.84772
"540c4d7a79864885d73cca95",508225977.294316
"54228579fd8812c3ea160341",767292439.304036
"5428bf7f37a94ce9fb2dd435",794355154.994566
"542b5322e59a3273e10dcda9",832806713.419024
"542db19bc6b9a1366715dd7e",745594500.034776
"54304b6117b797791d266cc0",651028435.505541
"543822711986a454cfd764e3",1105018443.67878
"5438c2127072b47e3af428d8",865367746.908735
"543edc342ad39b149501aaeb",428618245.229411
"5440ee15bccc4eaf827fefa8",693402997.706128
"54445913b2dc2d6ba35abc66",1026385087.87089
"54561e6ed5570577ea97eeeb",1041762582.92905
"545db4962e6294cc5ed07727",1153162421.45268
"5461aeb15c7f826f0ce157e8",462912566.822156
"5464fe43eded098294d634ba",831812140.671122
"54673ffd4971d04493a1b1c7",909164331.871883
"5469c33200ffa87952b356d0",414526477.468501
"546b56fbf616a6dfd1ad9d88",1022453973.24983
"546d570784c7ab8746bba80e",576464705.454876
"5472d536d1b6b731537bb67e",861225889.749804
"547661e79bf0c62cb8de63d1",1069164225.22928
"547c8638128424b89d602f50",1086913788.85492
"548791b5faf236b1c03b7523",736688106.943702
"549024cda1c093c9f8bc2ea3",482071793.300311
"54933f8b33a4fd6f031ed5be",905983255.594113
"54952b5f463c64c605576601",457374273.163224
"5498b3e3ca091bb81be87166",596612131.91293
"549ebb2f616d50ca778e92cb",858286445.696254
"54a09a85767156b072c808c8",758221380.000232
"54aad3aa4a166d2d50df48cb",1145701744.66106
"54b474bc7cb126bfe8e6c144",830750929.817267
"54bc553b5b8abad0ceed4d53",609688581.977554
"54c0e5e6d368ec51f6e75c1e",919191076.686793
"54c33befb89cc873771c3be6",1036786598.08379
"54c3eff286c62f05ebe2ba57",542434855.885856
"54c74b36962edcc922573792",493717222.761231
"54c9bffcdc46819f67e4b3d1",938947826.866802
"54cdeb67ca9ea56205e4e533",826132537.773601
"54d10cb2a44179fd4d726f1b",914157259.070495
"54d11dce9374378326f7ac62",557109008.999173
"54de2275006e273686ae5fac",1071466073.40463
"54ec4fd8f49c897c644ce83a",787291620.864255
"54f16cb9563346e15b019102",581407642.345391
"54f7aab6b91b48272a81fb47",841442091.788851
"54fb79bb019bfd10e5481ec9",778447671.068217
"550157aa4dae5fafc5d795b4",609890384.685657
"550c5061428d09afa0c409f3",826348552.077489
"55118881731616058c929b1a",1210985465.42702
"55163359d7cd910861059389",1180301829.75067
"551ca6ad1ecfc7ac21f8ef0d",924605822.568984
"55209683056fe2f9faef7fc8",561508558.282147
"5520cf373444931ed8630635",560671129.608397
"552152b60bdc1ca16d2dbb71",648824813.983576
"552217c633d2562cdcaa81bb",805532244.001856
"5529091bcc05ba5cb2156b15",803500623.406339
"5529d858e9c9e3e92ce8a95a",758906826.594922
"552ab0964056c1d1d1b7398c",935706740.824871
"552b01d72edb192663998c4b",937881373.065175
"5531b9663c5a37a2bdd97e9a",694621551.273719
"5537b994e85c2688fe555d5c",666453573.786587
"5541cbe23acd6ffd4aa0d939",641842809.992812
"554ec896fe4f9d8f2e8eabe0",914172175.633306
"55597a7b8637f24198415ed8",800344837.930419
"555a293dbc104e00f182fe34",570792875.585577
"5561eab714583013b422e7d4",789318336.033596
"556210496090b42ac10cf1b8",1176878905.77251
"55657bb933aa2ea3083e0b90",405739454.095723
"556a39ca66e10ba3545f2234",582570373.824007
"556cb23459a9007127b3ad46",805393449.006065
"557e40fdc93c1824b0bed769",810755304.849653
"558b7d06789a1c8e488c38d2",813528435.901552
"558cb38bcb8de04588bdfa30",835081742.090079
"558d9e4b57fbe6c7e0a09a95",1138387275.532
"55902baa0ece72e2e8c869d6",1238916322.75065
"559fabe06aaee537322d0af8",494634376.084684
"55a615a3b3919798d54e885f",855155756.697465
"55a615b65a28b64d46ec63e4",458301445.979403
"55ae7bc854658aa5fa49d368",525259084.546303
"55b72f6c7163a9b0b3b0b262",568404879.307265
"55bfd350162592f2571e3a0d",664792731.035978
"55c5e58ec636586755df3dee",630765339.142185
"55c5eeb4861e8cd71731274d",1059528022.1038
"55c7cbf5e572d2342d0d7071",913517074.73706
"55d0225b44a81e82eea3efcf",1065271838.90235
"55d2ad80322427ee3426dceb",886300606.755915
"55d47b5f3d0d2dd7c2bf4034",622519109.437553
"55d4b530b881abfce2d03e56",807455163.630916
"55e307c88e2a943acd64a9a5",599573191.081269
"55ea155410b001104518e992",495869835.819414
"55f0e95dc857256aec65ec1a",1852439411.74015
"55f67dd7302b68477e803399",532273442.7682
"55f747145222c070fdd50175",794878404.970644
"55ff644abd72eaff17d533f0",899405686.379439
"5607cef08511dbbf3288a5bd",819454847.90328
"560a750cb6f8683ccac4563b",1015245049.6963
"561689dc0f267cc5011ede3a",1074902471.64977
"561840990333852ace562b82",591341508.215936
"561a262410ca91d69a58645f",1055344189.76291
"561cf254aba002fdef8258ff",592085059.344892
"56234f11aae98489ae00a8d3",681442421.646471
"562c7846b05072561d96698d",551132907.150153
"56334a9db3ccc24faf138edf",780938896.293068
"5637f3d3278ea049333afff4",573535003.342273
"5644b84ee2edcf7267b2189c",804405349.414435
"5648633b1f92de1ddaa7e7ab",478527675.636047
"565fb93190cd34ac8b01f01b",962450080.016147
"5664cfe452394ff9376bcc8b",701041383.17995
"5666f3c36f0ce4eab2c39299",704007691.281366
"567ca46ac91cc53e3b479547",534838399.927248
"56807890f8587cd75893aec9",766732151.211619
"56822f406646f93fb39d9e60",484336957.117733
"568509a7aba60f8fe2d0cd5a",567476107.081783
"5688288ee38f1a69894ac77a",859189303.383784
"5694c1f689779fb5ca95686f",545539421.452182
"56991f74ed430ed942b2d6d6",1099063989.32695
"569bb17b961fbdadf7106d56",1335293017.13848
"569e2cad5c18a5f393f80a8d",695647880.669465
"56a7470ed14454665aaef75a",1931534511.59608
"56ae6108c1b53c649da2f6ba",825193507.406072
"56b22bd973f94a4bfaaf6b33",801573609.534682
"56b78bb57b2d1f064c47891f",760937108.377053
"56b7a6da82134b135fb7de2d",1106022023.27023
"56ba332c82c36f07ba6bd271",1175280292.97723
"56bd3b61805077405af098a9",745939424.586307
"56c2e8e14f9c6c9a9f046a08",704131806.543867
"56c41a58ed5b9864b68fc910",658947011.410054
"56c6bf831d3c6737e3844969",857443524.455643
"56dd1bc39664f8e9f316851b",842925780.36258
"56ddb54e50deaf650a25e82c",614081917.349197
"56e3e7d822e13838ab9f85b0",598419143.426739
"56e5afaecb2cac6293cde16d",577406956.120692
"56f30ea777f5493139f22384",1573181132.27151
"56f72c2d672b7bc3c264f7fd",561292086.869441
"56fc1855dc6375dee0506133",814987489.175421
"56fe5c13f11813b82dfb04f8",640525853.8483
"56ff1f7e81fda0c8491c354d",688067378.797019
"5703b4ab6e77d88f751bc6e7",800841051.902634
"5703df84eef7ca9bec5bde45",853415373.689066
"57062f248424c47282d3da30",762404044.362612
"5716ed7d678cc2575397174d",433097129.115486
"5717732a654405ba208c0f5f",891074461.87431
"571e1a8c252cd67ee0475974",914431655.008215
"57238dca767ebf3a842c5f10",1090844703.83663
"572488a9a75f64434dca5dc5",462719153.742621
"5724ecee1b12e888d538c1fe",824702298.497043
"572ae40f693551547e13a196",1372759059.17168
"5731cdf8cac0b8371d786c90",797267200.479225
"5734cd4805f5c055d36ec645",886616356.103198
"5738bc8873b341bf92ece0db",780332395.035632
"573bf87f57db6e037aeb94b1",818835117.96255
"573ea1962372999346590c0f",828295664.794782
"574b6bef16abb21fd67db401",588379862.639367
"57551742fefae23bb32571f4",825206567.21574
"5766f7cfab59c920081e3046",822203088.867584
"57744cb947a923584fc6bcc4",366866528.19656
"577b17cb350bd2a646725b6d",993511028.926372
"5787d7c671378e596edfb58c",784573439.873154
"57891292fbd530872cbe68b2",1184724959.55097
"5790e4cf8102dba35e184ca1",700646153.63527
"5796e37eb1a995db5cc06eea",449312571.858152
"57999ba0ed9089739a1f4de1",935473490.635146
"579ee47bc31f5408314bca28",616939174.621708
"57a5f4f83a474ae156f207ee",766866750.167856
"57aa22792684debb8d4079dc",621090007.798783
"57b3791f2c5acffb0097f7c4",1388046201.76836
"57b7aff18c444fa3c577b079",523877968.553766
"57c1ed738536d177d66fc52c",1474099574.02072
"57c29184563b31f5f752c5c1",990211378.794041
"57c63e412f3fceedd3a7e698",966656758.797273
"57c68d470f6248d00b6719e4",639660998.0399
"57c74f7b9bc5e33cc823439f",795492373.463664
"57c7684f8cd8d78909711b53",449261007.002538
"57c87ce038e4e523b4ec189b",930494567.958767
"57cafce17dc4de3bf8a9ba90",951272371.472292
"57d17db2cc5ce1aa889f1f50",1145397373.55405
"57d8cac189a13c180f08cd2d",483410725.270369
"57dd353ac00d0e99abdb3733",1003235537.03703
"57deff02895d5286eda10d89",1094558342.91937
"57e5120d0b71ec6a67746a59",813218299.076342
"57e8ea351ecd1ff0825b1324",875407034.499647
"57eaaaf24cf82d885f0f1dff",621417160.154618
"57ef53ecf8b709ddc05aceec",869218869.117703
"57f4a3f6fe2e41ad97116002",657868928.907461
"57f8a1e37c4ffb1b8cbd342a",588282309.717016
"57fd11f829e31e198326ac98",1123925405.98437
"580452a616b4f5170eb628d0",474512267.955731
"580d8eee8dc4b7d43cb193c7",865367746.908735
"5814a1dd61362ded4f1d8d8d",1955639998.49324
"5814dc311aa87b24e26aceb3",1039148093.20849
"58185ef7646efa724e904f5b",763792665.254833
"5826567e12ee3192785e36f3",952264452.271152
"5838e86b74020a5bead56161",529072364.310137
"583a8d8c5d7fa63125f62155",803905830.945647
"583af1118e60e46c347ec593",1201081538.8364
"584364cece0bc4d17f0e7fac",451415997.597807
"5844c83fecdf7e09b188c2f0",751329429.391485
"584990ea9718bb5598495061",398746454.990602
"5852773a80f7f1b929c7dabc",1740190851.65619
"5859ec20de4a5036292ee947",983214173.75542
"586fde402c82c1eb5a74d634",635298676.299523
"58708fd9e83147daf1a80c48",576260312.173851
"587e67078115103d184970be",571797391.369064
"588400f7829874f9de919e39",694650233.895046
"5885faa4aac834118c5e4351",761589547.819017
"58954e79191c62ceb1ead100",1124487598.04438
"58a3a9f44bc7846ae26413e5",798193881.848591
"58a5dacf2f664512c2b00ea2",727088593.54501
"58a724e8a0e05140b07539b6",874894652.345351
"58a86bf535b4c16b50dfca06",431842144.397941
"58ac250fa52a1ac7ce39f70f",461344760.07442
"58b139bc16fa2731e4b76f28",634639475.278496
"58b3ab31de2f9fdb0da0dc8d",788247629.508092
"58b40969f1b73182cb6d30db",550166955.892314
"58bc2b0acdb0702732894fa9",637080432.65808
"58bc65fd2e0e4430fb353d83",901972225.150803
"58be66aeab226c35330d57d5",588555202.004791
"58c2b87098ad454b1fadb13a",786306691.724432
"58c6518f9d2d0526d31e7566",426629640.019108
"58cdc29143b85386c76bedbd",1052616787.19582
"58d24ab99d74ae4c449c90ba",886616356.103198
"58d92e8a26589e37b7123716",606604755.337847
"58f02c785ee9a506e899b967",800980577.818831
"58f55e9bf743e2e3ad43c274",703834694.059192
"5910c9b29a1025bada93a5e1",906864896.951839
"5915093d458d4b6589e86f59",506984045.982256
"5921ce922675f6517f8f0007",1289608635.87026
"5929c81cfde8ae068a8b822c",818735931.133463
"592c9c45c07388359f663219",674853482.514723
"5933c18b8cb17cc6e4ae91cf",1053302989.63005
"59374f70d5e7da97e3b8b35f",1028521218.48481
"5943151d9a76010179f6c297",790941142.286536
"594d46a91315527995cbd807",696780448.369441
"594d8d78af90086bf8cdf09c",866655497.00458
"59519bb6d5d299ee0b767224",886153517.871571
"595415e95e075b70c39d5c5d",882941364.618166
"5960f14f2a81075fa66568f8",805372910.130999
"5965d19a68a8414b0419bc68",892167793.428714
"596b6f435f76058493a16cd6",1029394942.03791
"59764968800501c68631aea3",820206577.395189
"597d3f78e2f413acabf825c0",842250321.17638
"59805e5f4080246ac1d92b34",805717516.197206
"5987f6171a2bcb37062ccc94",968714569.120682
"599506739a6544839bd97b81",917952695.201522
"5996fc90f923d6e8527097ae",607150423.433117
"5997da918101ff14bddf20eb",623924772.562713
"59a309a6af425b2028a2ad69",809642964.091953
"59a3b1a44c35ed4936cf7843",880650773.131629
"59afb00a84b4f2a9ffbf71c6",827192012.514446
"59b271bf9e2d29ed35352f5e",688157621.411171
"59b5fe8d4f5ae272dbaa5ba0",1193209991.04014
"59b88e154c07bb7c0ddb4e8f",912539406.855729
"59b9a5730cc8a41bb7a1d16a",837365617.545899
"59be3c447844f31267366cbe",490190302.057919
"59c11d3de7153d2605cc2273",656282651.005328
"59cb7abb39785d5263a156c3",790306837.22894
"59cbc0e7dc6e6922feffab8f",727573535.912923
"59db28ba77489750903261d5",639731184.182178
"59dd396f70b8458772307895",838471626.338808
"59e48259a076518d929f5db8",546801493.353931
"59f9cc9b23cdea5bd4cc3ae9",977044051.678153
"5a066d6bb65d28c2094051f6",930261390.559463
"5a06a8b33611251b62d77e72",923845160.067207
"5a11cc89d3b01eb87535ff1b",856585253.553087
"5a12a15af3c0585d81ba8f5a",739438775.387145
"5a16b30f4d580352710e92f1",752678267.552376
"5a2624a08494481388f6daff",1085588262.67764
"5a3119efc021fd0f102ab958",622558366.950233
"5a3625846567d06dbe4cea0a",971437204.692342
"5a38f908d8d75c5810280e12",502418557.453697
"5a4039f0ca12767138ae585f",731739392.673349
"5a428139d5ce6bbd9505945c",1041671259.68253
"5a44636153b1d4a74d58513a",733163405.848256
"5a44be6fad8878eb2c394ca9",904220978.875142
"5a5377f2d087b7bb183783bb",550608041.572784
"5a5a581ad5540fc82cd3c2ed",791062026.336472
"5a6397b85f45fba27dd9311f",592557379.00189
"5a681060eeb2fc8f1b3261da",758044992.33346
"5a6878f8a47f1fa2fc1d600d",1114720268.90755
"5a69ebde2e113923ddbcd18d",1012921224.15345
"5a6b30b4d33e068d421bc2a1",875276225.177584
"5a6eab133b7e95155f6a9012",444844376.001333
"5a72e2a62121158efe59069d",742566375.72669
"5a7b67d4c79ecd83b7ab66e9",801077011.720732
"5a80dd0f68dc2cf9fb1b0c03",629877307.093799
"5a82fa348f3b97e74cdd3a61",783143236.052788
"5a83bd697db5076016c0671e",484412757.917148
"5a84e6d2ab8db0fc60775d03",742957583.417363
"5a8638c17d14ec4f6d447b8c",698808479.531116
"5a8950a64b4aea4ac13dad45",1059221879.02318
"5a9892659590355b91442979",706670562.064061
"5aa1667bc8db26bac1c72f5f",946621402.166094
"5aa715bbe2b178ad0c9e4b08",571799861.541573
"5aa78a2bc8ec5e2be315fbcc",1120440375.47542
"5aac1a1d5da10b76ba4b690c",1145747163.1775
"5aaed76349fc95f6c12ced7b",1512080302.49976
"5ab0b8b0d6d93c4654b5cc14",516065919.789494
"5abb555cb9d65db8e6c28201",778567475.242185
"5ac98c971b9293bc6a8a6aae",917112584.204889
"5acc9d767e3117bed0fd8464",785586281.76504
"5ad6f4091b77715b7f74587c",602113175.881329
"5ad71b7cfd356a75021174ab",863842315.298578
"5ade8e9c79288d511ce1fd79",801408155.610931
"5ae03c0e33dc7d3e0e0d54a5",723550450.909397
"5ae08e5999ca2ba0a1e2d8a7",691095979.506921
"5ae2fec22f535ec2490174c5",406787533.506347
"5ae3359bfe2a704de00e8801",601802951.21837
"5af99278b1091dca9b0b0332",855788730.663339
"5b0219cdbb8ed527aec91659",865997395.785252
"5b0530f544da162b9a8ff772",779689629.322303
"5b0918cab84af6fa6c464037",767001372.752798
"5b139fdb19ff722a846d71f0",801184369.835027
"5b146f1914acf2ae78360fec",897048320.805254
"5b169f28ea1dc473ddf11580",376076769.690314
"5b1902dd7768f5144ae7704c",1153567329.69065
"5b29d453bd368190e0e356c2",698732665.932723
"5b312ebdf71ab7971f9fd2d6",654100814.899854
"5b328b80dd844db2e946302b",548515216.166468
"5b36bc6e78872d2ca6d3d1f9",593072191.450014
"5b377636fe30946fff973f3d",811994020.327165
"5b3a467a3b0feb8ed81be1b7",1171056796.49344
"5b3ba9e56e24e08e1f81e220",595895471.499795
"5b462279f602c5b67ada82ee",673424804.79599
"5b57258272dfd1babb29e7fb",590688712.664644
"5b5bb8156b98eb51a58e73bd",587173850.21402
"5b5db88fa09ecd8f4b9cef6a",531602947.72235
"5b6f21752f3744ec6e529d74",1014203753.55781
"5b76ae185e6b41243777cb4a",442653120.460847
"5b83b73ec31031582aabc527",456863703.97899
"5b83d91f4d6364d3e4be1428",780109677.803175
"5b84f5de073000ad4d4b1a04",1306454691.87448
"5b908b8abd8dd0862440c172",655243136.127664
"5b9469c3ff6b197bfe3513cd",578126119.983755
"5b9a21a42d5f50ed4b10581c",896669166.124035
"5b9bae6f556700e099fedf08",914513162.995276
"5b9ef8d6defdaf13dccc5ae9",453201012.89863
"5ba05f67a77cebe5cda31e74",861007261.934529
"5ba4bb943139d7930cb91650",698044120.624813
"5ba6b4953759b45cb83512c7",786961651.957141
"5bb87c8d49ba8ae67a659b52",857900842.616936
"5bb9dac6e0e9409e89aa6cee",736118822.175663
"5bba6c40aeb129c433d2c58e",1068146974.67977
"5bbc190cdc5ff3296801ac0a",691447454.141882
"5bbc4ff9cc3ddacb39469e27",919553266.562214
"5bbd0476c27c53e2bcaf9462",778974087.548346
"5bc46671989de2534553ae49",769062958.542138
"5bd24b842a67601630036d0c",795038116.064739
"5bd59dbebb0d6fa71efa4c66",477751900.639159
"5bdb5174517b8faa23df9587",917515504.974468
"5bf6c1862c0bc967da2cc484",1190472642.50081
"5c02d79c59fb636ca4cbe86e",426041563.519933
"5c0e328a04f881674ae1046e",1037060881.13902
"5c1bd88edef0a4146c871fcc",711629540.666061
"5c1d1ee26cbde5b766cb4ca1",960429067.806661
"5c208e5c37aad07602f7cd7f",940991359.101151
"5c25ccfc7ae77f1d85981a79",758062769.129668
"5c2ba5028fd94a6b9859de70",506817539.386782
"5c372bd1e01f3243256e27ca",498528628.238235
"5c3aaf3f75d6d3ae9b55cee6",772221597.285424
"5c449356b8b2d7e0928cce59",1108131854.812
"5c5039602efa36222e64108a",659120867.249572
"5c50853824c890a5a7f0cd70",994428346.645641
"5c535b7d92e34c0fe4b66891",507757470.564159
"5c5963c17bafef1a1bfd5e03",966013118.959573
"5c5ea0d8bae75e0a5c88414f",834872104.899251
"5c60d7880850970facc54bb8",1001839872.63327
"5c6e6dae74e39d33621c7119",1087160823.58198
"5c6edbdf110bca5a66a51585",516880951.625932
"5c77e242474e477513b60ad8",792103755.994155
"5c789f2834a1a69aede6316c",466679379.40152
"5c7c83526b72ced12a08e573",822518982.197359
"5c7efb015b8ff7f108c99723",640413429.999751
"5c802e198dc0906016741026",762062458.130106
"5c8240a1ebf6138f81dac715",977962129.330016
"5c8f3b7ccb4340263c255d00",631309526.220843
"5ca0586ab7d20dce5e9ca8a0",611122605.635663
"5cae4522fa829a1614739b64",1057068390.93285
"5cb29f5aaad14b6c33813580",612478364.061153
"5cc0700421954934cd8dc445",558049740.4507
"5cccf025fcc0a7d9ea01b170",455069167.317674
"5cd742ea274b4a8832114080",718163497.318915
"5cde1a59393643d7ed4e909b",960256199.280621
"5cde51bd6de3759821216d5c",999570519.574708
"5cf70a67ec25288657d6fff4",827850631.19597
"5cfc9e48ab90da0f4e98a7ae",809696836.08252
"5d030db414b00948ec10d18f",375497992.710585
"5d09f2d1cc5fec761ac4372d",886392803.0552
"5d17daf3e98cf433267d978f",999991245.086769
"5d2200b04fde91f830478aa4",774404567.2476
"5d2be469f69f31090769efe3",770096937.220286
"5d2fd288d33283826210cb90",1324011489.97737
"5d34f871e5a5cb3a655a0b13",799066170.839886
"5d42f42059617a5ca7ff3a32",566243883.512887
"5d4a23137173c0e2288ec418",639738689.239956
"5d507cdfb7c233cf96dc6a83",604732418.354491
"5d54a0a596d49d9f85f1b5e8",838259963.345588
"5d61946d53efdd9bd0af140b",918801327.705598
"5d646ababb10f51c141e0d8a",764385355.207574
"5d6c275d9d3326e738c875c8",888125336.144344
"5d82060575bdb7be33e63ecb",897567049.497929
"5d85d77a06d0f0324d15d162",1102828898.54954
"5d86154fc1769d4dccac1269",751358803.838882
"5d86a1db39e324770ae58efa",412298246.280295
"5d86b884df3627d93f206952",1180509030.39316
"5d91dd63b6aef851e0c78389",778112840.460066
"5d97aad3e83e26b551c3399a",645871791.510475
"5d9f8f380a6434096a0cd906",637874133.250267
"5dac2d2027b6c81c1b7ee3a4",455582050.784978
"5daf1136686fc538db40afad",586185716.13908
"5db3d671b5aa03dc33f258dc",451142164.681376
"5db50c50b523f3d454e94dc9",657029000.940777
"5dba98aa20e371c3947c19b9",989283166.284113
"5dbcb55dbba823dc31b041f6",1103216133.25108
"5dc1fd6ec7ec8c8af71e3b6b",1045067097.76466
"5dc404d1c214abd2d45b2a0a",1307602337.35463
"5dcc8f6a6854a864dcd27a87",701805241.970297
"5de0f045039122af0052c544",862963787.799468
"5de86bddd492f76596b17a0d",1165695627.19538
"5dead94ad2dd86dd41448994",621526249.229622
"5dedb7b64b6ad0b514de2bfb",729996746.524146
"5df95b44c73b249be0fc69e3",468640593.773106
"5e0100ae728e347eedce5b14",1216321996.83513
"5e04875f99a5e4476c0b4186",658010084.368653
"5e113e1e878da12e312cf875",1132253195.56602
"5e187b07578d582ff3d8e189",720913065.848514
"5e18ac352e3f3119f5f9197a",849892017.341187
"5e1cc2905f7a701f895123d8",602826676.52066
"5e36efb290bb265d81706bd4",1064396054.24542
"5e3785bd517f4faa2bcf43d6",1209287086.17804
"5e3d7da3cfe55ad1fe609579",781341564.866329
"5e455623c380290e0a8e4e48",559559409.709019
"5e5ca2753a908aa1b7fe80a2",824606398.484581
"5e5ea93675900efebecaa19a",470481760.252744
"5e6324cfe41c3676c7d0a5da",892320744.227746
"5e6b2661bb7ba0ce4776d483",396044369.01742
"5e6b54654c98c2517c2e31d7",987392563.040758
"5e72dbafa642e4f416e6f01a",683680038.9799
"5e7ac1ffc0886c27471d1a54",759625448.929572
"5e7e36116dbc08932f5fcbf0",900078242.10916
"5e8b2528c1c0a5c12a476919",997243178.722936
"5e931fda1e62fe41ff0f2ba2",514492348.347119
"5e935d4a03c6abc86ac5adfa",1068318151.93694
"5e93ed2a9b36625c4450b5bd",658758242.408491
"5e9e9339fe1c3a06470cf7c6",636184054.527996
"5ea150753f8d07c71af45cd9",927793805.718402
"5eb268b95d7b6006b064f9af",766866750.167856
"5eb815f9023e6eb97786233f",1362660997.87218
"5ebc5cc2c1488f681cd119f2",779453651.48815
"5ec01e911785dbd5b49b166c",522521119.21092
"5ec12159380f4d1a85e8b0ef",522684475.89433
"5ec3abf721e13b0d55829bba",639548725.989156
"5ec6e033b9dcb454c57050c3",779453651.48815
"5ecbd5b92092264f4e9101bd",756423236.926969
"5ed1320fe84a518e267ff537",1201232524.12255
"5ed8cd2cf2c6dd5b5241d6ac",1153769837.12208
"5edc37d9746cbef8352f0fa4",703562627.700064
"5ee020d4adc767b3b16fffdb",391603323.461654
"5ef33cf17d4b45277edf35a1",888507352.520444
"5efca36c25884a2822bb7a81",595901760.661437
"5f088237d263c37e78264bba",470910973.532742
"5f0c7a6b4f46203648a0bacc",623766616.938145
"5f0fa37b7c5cf77e0508abd2",920373032.21005
"5f18524e839c2987594a11a9",979135739.367948
"5f26f33bd89fa7563ac6873f",737717000.536704
"5f284a75ec8e9c72abc76695",888072981.426444
"5f2df52db15d2e0ebd327a36",460395524.791148
"5f2f7596a284915ebdb81a35",406162398.941476
"5f39cf56c4e1bd43f61ecde4",761571492.952139
"5f3a1ab21669ad9234d4dc63",1015245049.6963
"5f3a2a31f6d1838e0a9531fd",1156420842.18083
"5f467c6c80023b0174823d85",900025577.099386
"5f4b0ec9c7452b888b33c3e8",749008531.552082
"5f501c4532ade3f412359a1c",1117936469.75167
"5f52e316136696cdb56e65a5",655058902.009609
"5f5346deedcb7cf5dcd1e9be",674029759.48484
"5f537d233678443192d22642",1515787421.0389
"5f5856dd16c0e5131835e650",770968430.579909
"5f6ad58df27b562db077b5ce",697746311.665058
"5f798656baebb094a3c83793",1029899022.52994
"5f8d0a2ab1f9136de446528a",726411026.22045
"5f9ee280509afd55d24f39b7",841207747.842075
"5f9fa56b99677a489a9966bf",672628452.831888
"5fa1c8237da8fc7683bc10e0",882884486.500426
"5fa3b0993cb43d3c72c30093",1138297069.31582
"5fb76f2095eb1a5cacc2524d",686907023.11583
"5fb9bd3aee2e1320dcbea448",483941826.961844
"5fc0f0c4fa019b6f1b2a016d",465106871.350069
"5fc3634e1fcc96b9215a6cd9",1349520927.86577
"5fc3de15eb0cd87be5ed2e6f",671306044.098831
"5fc3ffb33090bf75a81aad8b",787739466.919333
"5fc559104e0ba1112ce00f5d",922807364.695282
"5fc77edb0e5bec0ed8e72a60",561745709.17501
"5fcd9836a3ea537fe86d457d",626665136.650203
"5fcf1e2ab4edf13ec844decf",808098460.636684
"5fd213a5236154ae5206c372",1368564583.94066
"5fd3b0299c0d52e48195fbdc",600721354.884509
"5fd89a857727753eae6632f3",539210687.209848
"5fe25ab9cf4ea071cd6287dd",549698730.218723
"5fe5f3c5919c0ebd57ec8e36",618251451.268453
"5fedc401fc32ecc4d9ba7e89",446043360.17521
"5ff696d8369101b6dc60e2ed",730256966.00615
"6005ebd6442c62f8becdd2f5",1069934753.69252
"600dc823c42aa64f60fc3ab9",592811811.724101
"601193433c99337fe806b158",681703710.057618
"601310d800d88f0d387235e4",1000121709.81209
"6013b8c04f7b9fbc74ef1ec4",637985327.493487
"601da8fc375ba0b3df3b38bc",1042001774.34257
"602abdc140c40112afc1dc98",475746589.359434
"603c736378e07570fb985ab0",941617808.187286
"6049fb02c166ec9b4471a7c6",674988711.079355
"604f1b5149f770a8f370fc75",512355337.590765
"605276b332b5e5984b83ea8d",461656820.590078
"605e7a71eecb13b23ffca0c1",549282836.193624
"606affed5c707249158c4b49",830176683.512759
"606df4826416ea0f146ddf99",674817079.513038
"60704a08df293592e4cb5719",658484504.818471
"6079fb3769f843e99b47988a",677815671.416252
"607ed21e896eb5ffb50d5ead",559461196.932824
"60823c81f0b98e8a57192a9b",790625973.789412
"608a2339d558a6cea9478756",1010614260.49881
"608b26adceba64d9ebc5486d",588214726.885449
"608cf4f46a188cf84f853c72",386088433.254852
"60a04215bee81d26f20cf0c3",799032500.292474
"60a495b86d6eff1e345ecb06",476047884.638448
"60a4f09c268e61fbbe423ff1",561189252.231565
"60b5b0aa0c1319557cd0cc85",1137240627.41042
"60bae7a45a084f117eda823d",804511348.290737
"60c116411ab3cca49f7f49f1",578729155.951131
"60c71a98253b5550d773a529",836591552.868527
"60caee98c3cc8526d16d7f44",624803850.569165
"60d5f19c16554cc2d8e5940f",979520021.347035
"60dd7dc49139e7816dd8b143",720748029.818877
"60de8c37c9eb96efc432451e",1076009731.98933
"60e768892afb284b0e5042bb",938662143.016493
"60f0df18cb4324ce5f4bf650",718570601.954853
"610061a0e67aea7d222f08cf",1134428885.68961
"6103571d9525ded3c09668c6",447478656.976837
"61055e6eb1910507640ce6b4",832542505.041883
"610f192d22864016cc2df1c9",1054509129.9171
"6110b5bf07cf38c437c7ca8a",1078289143.37811
"611a369172eb6e3e2e4bdbfb",991638023.949168
"611a3e1d63c6ce5ff8779243",884646210.526379
"6121943254877ee48716c4e1",367943720.615583
"6123a0dd128e45216f832e3d",834271192.01503
"6128a8deb1f0bfbbf0d67769",801074695.98924
"613ad83abcebf6598f0079ab",808941723.992219
"6140125d2a94efe499a6941d",612281366.769692
"616a5485bc7721ecfcc21c70",455255909.365938
"61779f1bec05260cf10a0d2b",838653324.314477
"6183257f16bce94113879745",691363735.381521
"6184f12f3a903658f3319290",695600606.652056
"618dede0dbd48df4fe610af1",1043714882.18556
"61953f4c9bac7cac5ddda5d9",994142361.201752
"61974f593c799e5d5090c067",427425831.175359
"619abd5f978b1573761be86d",705962452.471831
"619dab52b321ab297a604185",1004495493.60843
"61a12496ac1e6f39c5ac5d3b",1002622733.48808
"61a363a73f3c93aa1775c4ff",922163624.874591
"61b3bd442f6fc8838e2f45af",818220457.905807
"61b9307a25be3119effbd0d2",606566436.439899
"61ba09084039a467410aeadb",888029507.954132
"61c3c304eb8a06b5a483efd9",717143818.062544
"61cb98125f43429f7f93c898",801043747.51711
"61d6969334fc63611c810e2b",713300306.804986
"61e1e0c49f3aafee6ec9179d",737067897.224469
"61e57e5539c40e5ffeb77997",784241468.055685
"61e9c2375626a18bc9920c5d",542165001.963209
"61f634438de4a10a861f42c0",718457611.865322
"61f84e5a07f37865c31d4a07",1245991714.47873
"61fe9ea90c8a777971db8384",842155227.542342
"61ffbbc24b30698ab8f735c0",682937638.392153
"620e467297aed5c47e22735a",329738137.28418
"62103a85a8ddcfbf5e40e284",1075841890.82247
"6218a5d7267f02c576e5bf16",839164285.631859
"621c3051ef29e8da01e6bb2a",886240148.442758
"62259b400be228a30a655a59",970686216.816363
"622872d345b4b0d9c1b9302f",701377140.638822
"6228854021e72af611d2e59a",782675269.34511
"622fdba953206a65224f2c82",693401557.414367
"62313cfe4272d263173e1ea9",691091575.093754
"623b7d96c0fa09e50148aa7b",805638985.643876
"623df36ea9610ed5c58dbd8b",737993537.350507
"6240b85a47c079cd0efb077b",710651962.087119
"6247fb0e5261d4225f6c9f1e",663672276.362677
"6251cda3676ecbdb6555c526",480218983.685454
"6254ee88812e303bdedb8767",1279456841.4124
"625caf4f4f56f3f6bfd3f786",411356338.17072
"6270356f1cc3dff186d0ff4e",642721206.487751
"6276bb8ceb13d174b8e405f0",458622113.740846
"628b3b56449724e7d945351b",611103316.626489
"6293e4a72b5c84782bcdbf78",896109577.342085
"629a6122db92e378f0eab96e",980964170.419084
"62be98264dbfd418ba21cfac",891275496.61332
"62c017eac96743cfbb61e86b",710872731.982554
"62c39ad30e9a26d8cf3593b4",1052784505.06271
"62cd6a29e98a5b7a5ad38050",602395331.648219
"62d338c26b44153bb075b234",1288157569.35416
"62db5fd2a4eb831d281ba8ba",1260334057.23599
"62dc69d80cd6ea9fb7fe52db",791270956.649642
"62e0110b1c8dda16cc7da89c",684495539.917078
"62e376b22a4cf0d84b7f6bff",1175615636.0354
"62e9330888566f1f826e1ee7",758455623.957633
"62ea31859e01c2f4d4e97baa",752678020.762109
"62f022e19ce6608919eab5f9",420993091.038715
"62f46b8989bee43db86ff589",565718119.513282
"62f96ed5c1e5f28117949a23",456098402.762641
"62fbacd4e172983a2a998daf",815215186.023829
"6302477fe8172d08f3b4815f",673599931.970428
"6302d4fff078a118c3211794",1074047211.62942
"6302e608d8f37e63f4e5cc27",411566571.719475
"6305f02255274ab5fb6bd39c",869371459.500602
"630f00e15cbd7826475d1509",993511028.926372
"63131b8d125073c7dfec72f2",1066070222.18018
"63182bbbd5f94cea67de2d8b",597170643.382602
"631e6aee6ec1f720f3c78775",750663742.627329
"631ecfa47fe167bfaaa967e5",493526740.284405
"631f4c509de8dd64f1c400db",784790373.840562
"6320f26d77fcd56675db6b97",712311065.74653
"632820af2a0477aea5ccfa1e",773470568.503317
"6334eb4a37d102ee00c6e2a1",723751891.611263
"6337f924f515625e7fa638a4",854606364.229148
"633a7038a23ffaf4b3f7896d",1138696757.90439
"6361330195fa7cdc6d5c603b",775796765.229565
"63613a9290bcd9e1bcf2786c",901914743.06434
"63674e7ddf6f2b4d7c6d5c1b",487985855.039036
"6367a127b452cfa27043f74f",811895385.703031
"63698398738ebc7ccebac817",771668641.166351
"63717ed97f95e32b2ca321f3",630315752.348285
"63773145b1a896df26504b0d",643143842.246588
"6388b4cfd09e2b1219268cb2",721284869.210442
"6396667677a878ff61e1b536",460916819.589879
"639b98d0798b5670e7bb2569",899035426.57506
"63a25d279fc5a9e8fc1dfae3",444413977.76022
"63a5989d0dad994a6af7734c",707127201.730194
"63b09e45c1b7dca181491030",818009082.88979
"63b982fab95cd17211a4a58d",496901886.895968
"63cc884a9c5c888de176461a",978092147.64517
"63cdd73026431f5566fe246e",821055804.964974
"63cde4fad1be942dc5ee695d",605000080.702801
"63cee15dc4a6808616a2c2e6",475695135.628081
"63cf422266e7c39a6c895b3e",753781396.482252
"63cff4b5ebb2b6528ad34cd6",748919272.503644
"63dfd58a5c43cc7c0a468209",376197182.868288
"63e1ff737ea11ec607ecee08",878353383.06249
"63e73f1b8b385d89de1329c2",429608383.138904
"63f3295df28c02953241e2a0",560832742.464886
"63f4e57fb2cc22659e80d6fc",474138743.97808
"63fa384ea296390350f23d7f",864207297.803553
"640a801d503d85835eb65a42",1151874400.38341
"640e9fe41fb79ecba89d8951",852416643.293882
"6410d336f6e61c4a81403c61",775172135.083029
"641600a4cbb13b35dc7913e8",1019824044.5911
"641ac8f4f60ae2b9cf6add93",884420032.720402
"641f4319c315cbb74872b8ac",549666736.467626
"64335f6d4c1a7514377be77d",616319289.98612
"643e13f00dfe7787a19b1254",786910382.077477
"64593641e470908ef23b46cb",891381793.63152
"645e1c7b799a489887086a1d",797127265.695233
"645f3c4490ce43ed68c7df10",641730154.994698
"6461c0a03ad3ecf2f8112759",759479172.266018
"6463505a740324c7aa869d79",784534109.777546
"6464d5cc161ac659dd963897",454593667.532569
"646bb3de5a1cfe4bfb7a7ea7",1375102834.00158
"646de9441934226c2ffeff77",785586281.76504
"64731b6eaf4fd2bb6c155013",924412132.899618
"647ec3f486cedf045cdd3b68",634671044.418122
"648217f4d8b5e0e65dea066c",849239333.235388
"6483f2fcdfbd26c621a527fb",943580533.434413
"6490a1eff73727bf62458b0c",535721106.539803
"64955a117f2d9264eb59fa82",853661505.989772
"649a2784beb9b821d36179af",743827807.357356
"649cca8c83352caf7442f20a",855638524.294513
"64a24372d58a2cf535c3aac0",776379067.961951
"64a4528640fe492865ebc0dd",986371716.98628
"64a9f0bf04f1c890cc6e31eb",765962732.916284
"64adcb2941e9553ee394caee",463798549.552848
"64b4837e4550ce39f2f85342",772696005.400174
"64cb8fc8412c9247a5c243ce",1305996119.36322
"64d1c45a2968b0fbf0eeacaa",824611682.456522
"64d9dff81c79a16579cef2f4",1196980739.20773
"64e3401f22d18b573ff0504a",711879414.108033
"64e5093d6bae57e8b4298123",865824935.842557
"64ea18085495f759116f62c9",663664415.200719
"64ecb100d7882ddec6bafbcb",799608567.605155
"64edef308b6a9805f0846cbc",888134201.234705
"64eea2e9a13a8edfe8ac7027",751177444.580401
"64f36d32a3a64853227fa69b",1128037313.8873
"64fbc9cac3f15c0f1a16f4d7",762019754.614516
"65010e340fa495d060e32f7d",467706112.780441
"65070c554133f2b4143fe051",570344171.491557
"6511180e3128e083bbbb6940",775940053.958157
"6514f355887c64136edb5595",999124912.265608
"6517c1efabdea4c1f93078b7",454878223.691395
"651d5cd65f80c4938deb7da4",790883975.687374
"651d6af0968fc05584cb3d25",748930022.954406
"652793275729ff3b69e86072",555539028.90761
"6528ca87df8bb477f4b6b8c7",655360482.323132
"6542b39cc8d2d13dc828772d",1091030319.80292
"654d2a3a0e02065560ba2484",725590038.052324
"655120f80a39c19221623311",827993860.318561
"655d6eafd78be856479767e2",851641810.824896
"65647ca6e47eb2b9ba20058d",866715289.346721
"6565b3281cc2d632febbb6dc",1154241487.45467
"656c13ca7a1974df58e1b826",1337804878.02264
"65766c8572b629744f00b45c",818595160.709147
"658c0b009a09339a3f312145",707306451.393792
"659abd72d12756ba0670f466",494607336.485742
"659bccaa707b94f303610225",670120492.747189
"659e9ad0f593b644071cd850",569691178.440471
"65a626faaed9d9e3b172415d",573960348.217773
"65a8795e7a5b88acd7a469c4",773037871.052252
"65ac61968819927b8fd9b990",581094591.017558
"65ae1a893abdc2eaa63d9271",1169761386.71572
"65b8c48546af394a924decbc",658083008.539654
"65ba1feafecd7efdcf214ed2",1007962451.65595
"65ba6e178f3565a84c6ff973",1105152637.15243
"65bb6acd9be0f8d95fbc722f",693655016.813102
"65c3e09ee6f1ef0500ca4316",885100670.459041
"65c83da72c07b8e74bf581f5",1031324788.96863
"65d5918e826c33bb950fc008",550263537.075075
"65e1a61d984712e76829c821",898772844.749811
"65eaf65f8dccb8e49a93b753",830227365.104894
"65f736c3fee3d14c31a57d1f",806673531.235329
"65ff6cef76efb4c83ac0611e",680165113.40294
"6601706d2133f96aecfcbfbb",676397088.695929
"66019487c37339e9354ca999",891184345.340342
"660eb3b40b2bcd07df8f5c3f",715929763.385417
"660f3f9ed9a72d8875a9efcd",713079184.285444
"6615da422a3864d415b28fe9",666930635.994727
"661f7eaf134a5b142843368c",545663342.443332
"662a221bbbd961c285069c49",860956681.762074
"662a3e343a7e207ecc09d6b7",789355317.707548
"66379c5752189c150954b4f0",448349308.584248
"663e062b85f16c2419f8456b",836565646.470412
"6641ef09c0bf5f3180952b30",453708279.246687
"6645a3080e5d10779672d139",906873255.796127
"664934c8e209352d2c79c971",755839816.972779
"66526276a7e8da597683e8c9",733071249.47945
"665d62a8019b27bf5ce6e6b4",655654626.833509
"6665e5bc4774d04321d1ba9f",597584275.302167
"6666ab486afcbc162fb560c6",949718905.032433
"666af58bb684c2d8e7574e86",726215027.345868
"6670cde3fbc11c263c6c3163",778531581.094544
"667685f89a61aa2ad5c9ac7d",404032715.908276
"6683685692e955a8ff172c89",876004175.003845
"6687a2299f38c15598d11eef",893687665.768776
"6689af92cae5d7c9c3e2f215",599972003.18366
"668db5244c4d5b5c76b0b395",812323042.700872
"668e5bdda1f4011578534f54",996281655.696766
"66a2ec5aac8969b2be538c1c",1006266766.14987
"66a45b0aaf5f696d35f5cebb",725362720.208422
"66a59937c54eff29ab14b474",1056336601.73425
"66b7baef9c6c3c7ad24636e1",1121290165.1642
"66bc6e56bcac9bfc4a7341d8",494556153.349833
"66bd80fd26836fd426be5733",608192955.916573
"66cf83769d16a4d659edba6d",1076970711.73219
"66d402a9b7d05f29282ddb00",744379573.602534
"66d41314804d77ea0f440695",843833463.785777
"66d8ce8e6aad18a4963275fc",549939547.611343
"66e4f010db2febff23b4a4f5",576894890.823878
"66e9c614882d58c022de7a2c",797267200.479225
"66f58d9d1e1eb7e81cab24a2",1206152173.36026
"66fa7c9e82a2876216b14b1e",835153186.397137
"6700ad4d4d7f70def59a5d59",745975977.938144
"670583e7a2ec6e337429fbf9",1140289199.13326
"670f7dfbe2eba87e55176257",728342624.460995
"670fe8f7b8ebe006885b2777",838990095.244176
"67138978493b84ff42daad45",564183228.298724
"6714f846f2fa3527641ad96c",690339935.143687
"671603ba1f755be5d7219a01",704264798.929871
"6720db016112cd2a4a5e0358",900999233.428913
"67250a8950aebdbc67f7fbfa",1265182473.99686
"67308f6bb80d2a203e306104",444688924.684111
"6732b448d2e4f32679f235ad",993511028.926372
"6732c28a236aa1ccc0cb2c86",777638080.70959
"673c72783eb4f9a02c511b83",893844551.62107
"673f2b913006ee8b33e75b5e",744547101.530178
"674c02227165e1c7189c54e4",972991915.918896
"674c915c52b27df2c06b8bd3",790640168.545213
"674cccf4c7772d6091166aae",1007356151.48292
"674ea6932fa9e6b7581479dc",754877836.651554
"6750be41e08a725705256b0c",1086574363.98154
"6752fcf8f1af18d61124e32c",582255738.551346
"6765fc17d98c08142d3d7757",941109222.096895
"6771a8c70428fec0f21d51a1",855638524.294513
"677c8056695a5a539dcfa3d0",477881962.025109
"6784e116d96e03911e2a07f7",746220100.826763
"678927546243e932b48d6058",1220849681.73728
"678a80840673787b3aa64228",763988333.600968
"678ba0c80536dd27e385b31f",528989532.477165
"678c70903bcb6c90e3578d6f",1206859541.97849
"678d0e011f710cefa49f6465",499888497.481462
"67a10f161cf7215302b6ca1b",416126505.649781
"67a7cfe6e95aa5200c064717",589348339.632395
"67ade5109553a9d784886a46",1193628961.12276
"67af004f80b08fae38f472eb",528525207.566791
"67bd5b20df7f2a9cf4e04358",681550825.428895
"67c78ce1b8a64f36ddf90cf6",831666142.626618
"67c945ee31cf1fa0a874e4a6",627501837.523795
"67cf2149b4c214da77694088",888909392.550348
"67dec8c47ad4de9605d56db7",651873483.851541
"67f664c8f9250a22c10b4f67",799206445.996468
"67f694b29bfa494bd9d9cf44",759682964.356847
"68006626a3321fb0de032307",602969073.757344
"68075b0ac8e779bf5e66dd3d",681609637.56662
"6808b10f5876ca36f569a4b8",1107396199.01227
"680a71ef7ec15bd919c06320",933936296.662671
"68181ef118970fdb1d83f030",861199558.823281
"681e772045fbee930fcc9ff3",1381085967.1461
"6820ee22d6fafc9c030cb286",1282459190.69425
"682b38de3539b2a584446922",430265387.946317
"682c0a5f5f3130a61b5214d8",961057445.959234
"68340674853f0ea101e32b46",414700049.179803
"6834b61ee23cf04daf4fb83e",714585176.650998
"6852e8bbadc1a9f4fbcd695d",716503447.116613
"6859481703fb0cb34c1e564d",517651817.986406
"685982808b30597cc013e2c7",488198962.520308
"68699eb9653684fdd3fc79b0",1153972380.10346
"6879f05563a9f0748088cc65",865823569.886902
"687b1dd576eb7d06a08c3439",879983360.950318
"6883fb90099426e6f3922909",655539470.82417
"68925fb9f8f0c84fa0ffa9fb",821088581.902724
"68939c438c34e79a317a4f3b",1029255371.20876
"68963f5f3657cb64276e3beb",809371427.316079
"689aafdc12fd1610c2393a6c",999738288.531627
"689b510fa99bda54284cfe7e",832186237.094952
"689ba3a92dd7c12f1965031c",733855784.145081
"68a00651ead62911f850cacd",605957340.920447
"68a3f9ac977f56cd39a6a1b9",1030976992.54354
"68a7d01e50462f7506f8c8d7",802402177.805528
"68a8b8d077a8232723bf37e9",707571101.680641
"68b547621c25c7418cfdf5dc",904639319.401413
"68bda8b092d5a53a35dfaf07",1348082447.2608
"68c145df0ef91fb4d14d001b",469074158.477454
"68c319925551b9484778bb65",740592316.564268
"68cd88b657b59f5671f59e04",435443026.546428
"68cda50b602acb4efeb275a7",711410147.541801
"68d35dadc6d0dea61bf4b513",572074945.561154
"68dd15c8e9b71171348ea24b",1284845107.21095
"68de232e27aa83405b4a19b9",1391506007.0694
"68ea36e3f441cb6da8d36198",1064865896.24707
"68f431548c330f84c46174f6",899654345.548366
"68f4e3d4355bb71db0f35a65",612852306.716151
"68fabddb27fc928b57efcfea",649023088.438746
"68fb3b3cc3e5b13440eb014b",1176026944.12505
"6906a20be4962df7725dda7c",1324011489.97737
"69190139558b2ef3eface18d",619970031.770511
"691b030abfe1190802349715",425780391.701546
"691c35e98d0d5780aa82aa06",585324873.707449
"6920e6d7fff656d66844949a",777084470.838072
"6921133528bd6fa3675ce8de",647293350.006809
"692cc1c9949d35ae11412fd6",497639684.225931
"6930d8e260fafaa5c317dc82",624904739.789539
"69442123283ab024a911506e",1006410048.81183
"6946fb4c877f35e9215ef4be",827255359.749299
"694b0a500f1619c4ac4c85fb",829807305.053826
"6974d82e41437d61c627b16e",894879627.068316
"697b6c6f7666391fc689cfb9",909428508.019908
"698383c101fb784f8e1b1ee6",432775221.257182
"69843aedb25a928097a22a89",599309742.116619
"698f3f1929a2dbbc69865b65",767001372.752798
"699095150a7f3f32c40454fe",769729977.16594
"699412bfdab1157487c81725",1238026895.38654
"6996e88c10a94d9ee7d05357",610853506.059848
"699ac8957d9b4eb7fcfbcc40",1169901711.37385
"699b68daa574a0f169436ccc",734872109.941052
"699bf5460c63a4d0e4542ade",1188665111.71532
"69a1f439de0f06e1143a0006",607521036.643659
"69acab4a6f82ae943850b9ae",742608420.635086
"69ae1f2868fe714ad8e2f114",349015913.561346
"69bcce6b58fc3702580d3234",922824614.535197
"69c28dce8eeaa86605143419",1021530821.1432
"69c7e97037c747b93c33251b",1052259555.7356
"69cb0f3d422c2c78373c2e0c",958568572.021932
"69d1e47b6bdc57512f1838a5",761723834.559064
"69d83d8492db7ade6c37c3de",657288241.131642
"69d9908e13bf7c8ac4c30531",527047187.929151
"69dd957e78fcdd4d8e874acb",698760542.925514
"69df7bc1d82d9723c70eca70",1068814494.72662
"69e663ffb4935aecb875854c",1044417874.115
"69e6fbd4d3816c4cc37b265a",1041523073.24351
"69f59487924240bac2e75bd4",1041340267.14516
"69f7ab8608b5328f106b42e5",719360802.096369
"69f7b81b70ea61f304ccd36d",645013815.432261
"69fe76202cd89637a15de1d4",599291634.661428
"6a01b6d09d516d67f4a2fb43",587772477.579628
"6a04f8684e083eb6319b5272",714786549.130684
"6a1024c5da689de67bdfa274",1015564333.14974
"6a112af84d5a81f3d16dfc32",925907793.307629
"6a21be8a7a429eacb1de8c1d",1100270205.92331
"6a2ce95a8be0654f193592e5",511253928.585417
"6a2d4d9a257fdfb2ead837a1",624614069.144973
"6a2db40e5f210a31b2f7119e",747525713.359579
"6a39a747417143f0cd24f3bd",1050337168.29826
"6a3f9046cfdbf4eefca3ca69",511704213.658201
"6a42271a0b03bf9a856d1acf",651294049.710035
"6a4f08cd04d558a56af732d9",476358394.713557
"6a6178c4cae2e92a08b0dd0d",734563739.078148
"6a65986cecddc5c47fbddb9e",920670462.023361
"6a6d4f8251ff961609019ddf",472968119.041161
"6a6d990b9b1bea0f844d3065",934783444.169329
"6a8b9fd89b745a52703715ab",665476254.0512
"6a9ef848f22fecb9569098c2",844007983.427765
"6aaefcb58913bb3f49954b2d",929239619.911029
"6ab5a87a537d2ce326c867c1",623856656.052053
"6ab7f97fb9880e48fab16a1a",455813764.883709
"6ac5f5f52cfeed2f0ac9d018",750969659.972753
"6ac747618b6ca674e86cd275",481129098.5515
"6acf9cef08906fe569c38572",962838741.720334
"6ad1fb94accb91bbc30449c4",604063448.517811
"6ad3e1a47d1055b55d14e091",863790001.89992
"6ae2221c504027acfb7368e8",600678583.623362
"6ae4843a827b36bf189a32ff",909576514.719441
"6aebff5b1fb3a438c2c7969f",606378245.113249
"6afa85ee6594d1c8296f04b2",675708556.38126
"6afff7782d129021eebee968",767232207.558043
"6b0828221f9cdf5cf39e7c15",467242462.380096
"6b1a1afa055c15908a855e9e",681547869.276146
"6b1c0866e6f12f7fa8de94b2",685983869.651393
"6b23aa3ca5edd20134811cea",444253265.83488
"6b23f191d2ccbebf9166926c",1018981711.52879
"6b2d7f88f15cbf7d998986da",1014710562.02673
"6b3411cb8c50c1498572e681",610177419.424649
"6b44648a905e7f4c0de6c855",435569731.426402
"6b49a668de0edbe7f8110740",1025066067.49941
"6b6c365359d20be719ce815a",992255114.067424
"6b7219005737d8660d134ace",1270557954.77138
"6b74ef5c8ab1df614bfba866",998458890.600409
"6b7aff233052b9bcb6b9448a",1287012977.88764
"6b8c1c7c855656b0e56f0bb6",666696112.256846
"6b8ce573bc2ee68ace26a67f",778249437.283355
"6b8f7074aed7ae7e6cfbb090",906278567.86315
"6b9b9d28723c7ad176a9306e",911114782.168847
"6b9bba3c6afa1f999a9429bd",415372158.158485
"6b9d38e0b9a3e28e3e695be1",1161443980.58908
"6ba298925ffad32daae55385",721618439.730656
"6bb2ac0cf2369cd8fd85bc12",740324524.183027
"6bb760d54e5b0f54d9612a8a",727573227.591846
"6bbb24fd1b9df3df4e939fc3",693766792.028811
"6bbb8f89bae38eff88c89c46",519572505.406328
"6bbf09c3bbc3e3a000cd2afb",905773158.166504
"6bbf67d88846e94a63014eee",1177752670.8252
"6bcc29a0afc735bcf3621595",836147743.328684
"6bd1a412c01387af8810ce57",1241756436.40299
"6bdb3153f267395eefbf588c",730131286.942402
"6bdd97526b1a9cf10853df1b",747970546.079317
"6be0ddd4180b5eb92908da05",451780199.55392
"6bf86a580c8b510b7447071a",721244719.396442
"6bff92260afd556a98d3e3a5",795048438.249751
"6c02bbf7f6b087a1f0c8a47a",610955030.221267
"6c07175274fba6a0dc467cbe",928834389.091391
"6c09a3ccddc797f77d63f1bc",1072866391.05029
"6c0ac32bc8a66844197c5fb4",789712237.572092
"6c17875f20f58b1fb211c18f",1099453349.09249
"6c21f6a3513869f93b32e9ec",1110151773.92248
"6c316d2bb84fff36bb01f14c",1361943609.00003
"6c3435048735371c36dd3892",1158786833.28173
"6c36e346957e336a33a7708d",886307288.202772
"6c3bb7e1696df587990161b1",467183147.810067
"6c3bc8c58ce67b8bb9f5894f",863133379.135598
"6c568d2287dcf12b2aacd388",791748751.662041
"6c589b7e6a3cfad34e98bd87",749057025.99117
"6c598362e322971968739673",350931553.035951
"6c5bbbfa3a1515e5cdec9ae1",842401726.59837
"6c618bfe55cac120a4f1e08b",519364410.442728
"6c679d5b6a1c1b74bf483478",751177444.580401
"6c67b1b0991a1d79251855c3",1209730595.80052
"6c6e7af42a6ddf62b04c35fe",656989675.322973
"6c75d7867807d942c975079f",933188223.406012
"6c778557da9b5d99f90b1238",814924810.783855
"6c8119e00b901efd2dd40f0b",835892896.032865
"6c81a0b90366db9f514362b4",966788878.470203
"6c8c5e22025ca4f450a428c3",816271127.202911
"6c8e1cda487c9841c8d297d4",671549519.742696
"6c8e27967ec63e6dec4bd6ac",1180301829.75067
"6c94fd185169e708a08d3535",627845648.58832
"6ca31945172976c3a11732c6",1052316071.59733
"6caf180e36fe18078703db02",585905374.541578
"6cb19c3e491a60bb2c166669",721745119.026214
"6cc06c89c226a062fc46795a",458733977.772023
"6cc0e6bfd30ed93fca2bb217",523115523.675531
"6cc0fe8ddc318f1bbad360c5",994898435.603552
"6cc4f32b39180bd1ec7e117b",697814247.164747
"6cc6b0672aaccb8909f3a751",652433106.401167
"6cc7718e834ba47a429d6874",620254195.392958
"6cc8e22f11d382206273af23",894335771.670081
"6cc9d912370da36c38ac2cbc",961968995.186514
"6cd0aca2bc40d83473a39885",864594078.288924
"6cd147720319f60ed2599361",855435916.925303
"6cd4e68300a8bafb9d22700d",750835502.580499
"6cd96d73fc58b1502bc6ead8",726264020.066615
"6cda1a7622d5577c0056ba40",978658133.330748
"6ce8991a39ec7b9883f85000",1056876984.17935
"6cf924390dd3ed4454403887",534976152.257878
"6cfb8a07fc1100569413b33a",906252352.807906
"6d0680692396c07afc1a260c",796056336.215811
"6d0c5546a498fafba15f2e17",468774064.955319
"6d11001f164d81734a82ec1d",427096929.212713
"6d12669907d7d80d0b458a93",1046044360.08498
"6d13129db564ad15e69fd534",1014888693.31067
"6d1534800bf0ce97197efb6f",453384710.892884
"6d21e1de9c880bfbb17350cd",771234978.435567
"6d2328def08bae481705e20c",765986448.328921
"6d255e0026d70dd44229a2f7",1068946243.25007
"6d2ec752890a2f1c4094044d",1064670731.50441
"6d305d6f3e3c2a53515d5f6d",971437204.692342
"6d32649478d9d86d840969f6",793480903.621275
"6d3e508ff42615eb78862723",590364787.405971
"6d4a961e099de1939adc6496",891913030.450535
"6d534e4baa1740d7839664eb",703861183.059101
"6d592a69209ef3356e656c44",656039754.514026
"6d5a91ae44cad7849dc4e969",762287700.493811
"6d6aaf30227f16b2be29e79c",1164174534.32638
"6d6ad5e3ebaba1c11dec0f16",537134409.922809
"6d76a22793aa9b571da64572",907033302.100168
"6d7ac64b8b9f27f61fb155ec",644558911.34337
"6d825b439d8622ab90245049",642524765.639653
"6d848e54ee68e6d8f23b3b1a",547405912.076491
"6d860c215908949c4ba1c536",454080907.968056
"6d8998442d831addafbc878f",905214460.080433
"6d8a0768adedcc1070d28390",935749779.352029
"6d8d2ba62c52445d78f687ed",960260495.169956
"6d90801ea8cbc12f9e2131a3",721995467.910484
"6d9c4bf994147d8892d27f27",1094242319.01007
"6d9c89a406cf2e755d4172c5",441224505.592565
"6db318f828d464be421eb572",612218637.015728
"6dbb494acdc64c03742fa730",884562515.456161
"6dbc77ad8c5c1e39f72cd2f6",945650059.084118
"6dbfb281abaa9a6956c080d7",364314982.083202
"6dd97377cbc262b07ea2eb99",452840529.445191
"6ddb6863958ded0d72fcc6a9",381999580.73672
"6dde6686bfdff12620f198d3",683240935.84771
"6dde9af12b6597425160a47a",1618742738.3636
"6de06f867a28393a9e95c7d4",409594287.532686
"6de3c3d53d6aee18ccdee958",689786599.7791
"6de7bfc5e8149ebc40ec0e4b",532240375.893406
"6dfa362ff7a0d55693793db3",684004105.608222
"6e0140e1d667cecd155c6e23",502013590.194427
"6e07d31b81f3fc9b9de8e1a8",1511061465.87259
"6e0d6bcb01e99fc4959d3f7f",512357973.68344
"6e163c3a0e30e7bf1e909661",485149716.253723
"6e1a9c8457d3ac6a57598052",754800537.368047
"6e233ae6294318baaeebb59b",980363764.59606
"6e26918c69487a735a639c1c",1249676713.83589
"6e2a3e49dd6434ed01eb5e71",821432925.928016
"6e2c39fbeb5392e6aee9b644",1228718477.27227
"6e2f79cf68ac0ba2b1a6b0c4",1062752240.09128
"6e36550a6ff6fdb2711a88c1",1410876742.00401
"6e3cbbbd3f4d0578144cf021",903833908.187797
"6e3cbc252c449fd4b758b97b",480938552.27966
"6e426f60d25aa8a4c6f8c9e9",432495675.980128
"6e4adafdd872a2837921276f",456562161.999796
"6e4ce81e713a571601d861a2",882729524.337385
"6e508fb72f189a4fa91bde58",904109139.99407
"6e51ca1a9c2bba9fa0cbe5db",1030414299.84588
"6e537e91af0de67558bc1ee2",657985335.218236
"6e5383a7f9a68147c2788565",836229838.207229
"6e57de8c4ec2e42832cd4b09",1008677999.16492
"6e5ca223128fa2de422b4009",635325440.98343
"6e606a7c8bc632ba0ba37184",491103037.513645
"6e64677f8d730e1f9ca240d2",1141881976.30935
"6e6f7fa167c0f617f50c86cb",811941969.395791
"6e710984bbf2662a9cc7bc4c",442318796.45806
"6e73e42a0d2ef8d6e403112b",464393869.148703
"6e794276348acc39751eaf47",872720375.894952
"6e7f3a0cb6246f13656fc95c",1213103001.69828
"6e807e25b64bf0de81f51c12",1082300360.44371
"6e895a15d402ea7fcee98156",923460284.300091
"6e8e08e09da8dc598b8a8b2b",688278426.698147
"6e9009ad01cf466e8f8136e5",1161443980.58908
"6e9984a3c3daf63fce5cd3d6",867739158.528181
"6e9c7f27d6b89c5f9696fae6",496772790.001511
"6ea022e53741adac484c1798",668568675.798092
"6ea0d50e822913d0f444d89e",656008049.722479
"6ea18874ea84b5b4840f9b85",463014465.367581
"6ea5fbf037ba7e5c74d7ca39",851325834.966299
"6eabd14e55ff090e8a93c727",723811183.274459
"6eb27e2a66d08a8a60567272",945839915.684619
"6ebe90f7140b738b3696f086",690946621.577225
"6ec4c88b8d3a16148e2e7348",856735626.119157
"6ed2970ed02a3e50ac984aa1",894166287.529475
"6ed5fa8f114431d158d35f43",466680757.886143
"6ed772640e5a311cbfd17c31",786148511.462182
"6edd2530070918074c8e7d07",647289843.163992
"6ee1e976768b68cbc8008950",877619444.453463
"6eec5b03718975e5137d5e92",647216544.714895
"6eee8548b87c9349ce90ac2b",636091872.15825
"6ef43ab43841696400d91859",820933442.856673
"6ef9135481d8fc882a1a735f",825535049.685296
"6ef9ce7a53ba3bd892e21f1b",785315043.192446
"6eff15cd6372aeaab2e665d8",457053698.324098
"6f01f2c67343ebb8ec717a5b",563564661.070721
"6f060a8ee8d6d15f46289759",803731538.75586
"6f0fcd78c473e4e04fd411c8",806132469.635512
"6f17875bd3ecf00566dd5c1b",843378113.291837
"6f192e6a537c1509521e1e8a",694866573.977881
"6f293451319bae38c71b8266",674071174.357277
"6f3041147f930cd6cd4fae05",725596582.235137
"6f3070318ab65b867b2702f0",544579837.336717
"6f35fcba4ffd6a58bce85892",770617484.353992
"6f37300b1fefaaf746f53907",1068050951.65378
"6f3dd53b0935c9593a301bdc",531996369.66922
"6f412fbb33519fdd31e741c4",647509481.563745
"6f435cb10e5728ef45be9f29",1489062395.76206
"6f502f363fb55811478e3b88",437756571.784363
"6f52ea8340cdd283f9a79720",720319562.001589
"6f543782174a964402b64de4",673449944.43796
"6f5929e67fb8da068b91096c",1104824492.99685
"6f63e4f866bda86d5c993c8d",488709589.477996
"6f65de020f663622146b89aa",491356132.08127
"6f68b289516faa0b7ef36a34",561172366.647989
"6f6c83ff891e43b7c84728e0",911003943.950102
"6f7bc7fd41ed908494d8e098",1009123077.15162
"6f7e390aa6135019dc5a828f",800765076.845987
"6f83f14861e13af92a2b8cf9",469174189.204347
"6f84d405f419590075610c5e",771214328.770681
"6f8a0e8f1bce0243ea50213c",640187586.220938
"6f8a22e4dd21f44bc6d383af",1580868426.35143
"6f953b9964d60f6a74c81226",741912494.068861
"6f968f62a6fa4dc255397bf7",1219904771.51941
"6fa35f1af6d51d341a3165ae",877097954.896711
"6fa5e5160d7c2bed824bc0d0",646755947.487005
"6faf9b6c30b176e36f2f1d32",624870016.207079
"6fb3e33e16eb81331d389ad7",515733392.090853
"6fb4126e3ff41b8052fd0657",631749791.172071
"6fb45859693c703fd9c812c8",528068669.096627
"6fb9e9ac6d44d3a286f317ae",614352213.149431
"6fc2a4f29e3b896bce631ee0",797990668.903421
"6fca3b70ba2c68d9e0d2540f",545673734.104439
"6fcea2c6b9e39576e10581ea",757493915.948892
"6fd936b82bcfd3cd2451bdfa",677749130.512657
"6fecee4b1e5f50c0b27dbba4",1347020721.87976
"6ff3186df9d15b65dae5bd17",459475405.870386
"6ff3eaf8b5a2f16efddde1cc",816563193.782041
"6ff848f65f2507e58cfaa231",463043148.271146
"6fffb7958a58a73b0e16f2b2",1024914629.12744
"7002d00c9acf8b8a4a5865b6",1237928156.68697
"700a052900adbfa149dd5b6c",1159946369.49715
"701768887155444b77c4f446",560645828.458705
"70209b9024acb3e5baa769ff",979863958.782495
"70215712bdd8ae7585520550",535070066.712355
"70217bd08583854329722821",827107858.37891
"7023f5a68e1ce9cfd23fd021",447264172.037391
"702525f05b47353c95b0905e",472745089.459175
"7026113e0cd7b2d17f8a3459",535759423.6519
"70298b5e8fbd66aee975ff14",571401117.354518
"702aaf395bc78986a008d70a",886294254.641986
"70314b0bd995a4b03c771ae7",584971978.632545
"70463649ffbda5fdf3c10ec8",658292380.410062
"704e5657734af93d19a0e5fa",850007212.495596
"7055f85f7749c4646577a51a",534627310.288449
"7057326ac489bcc17d580883",854079664.58171
"7063abb555d919d5300af3aa",794197981.449823
"706bddaf0b87e4f076247450",630022463.155522
"7095d576a0b963eb340d8fdf",550070391.661301
"70962daad7cd15ee8af564fa",993420457.530915
"709d17b62bc95253601f243c",844120517.244841
"70b15c2a38c404e62ad05171",663100611.932514
"70b821bc1c7dd846a8be343c",401768989.972107
"70baafa9789d2fcf1bc212bb",695641022.427076
"70bec150e1d8ac537cfd90e2",1189209384.07724
"70c0a72b31dbc1b97c102c13",1088763772.18208
"70c19d59c6b9e194b6bc09fe",783529027.663002
"70c3b086af66b0c9db4b0b96",701805241.970297
"70c77552b1bb67a2a71c2ee1",1305627281.18709
"70cb6337c8c3f5225fa80026",934002385.282108
"70e427235490d7d9c9239676",894300176.656637
"70ea0403b722a1dae1ff9b18",785034888.667758
"70ea911907d320da1f7f9c41",724865496.159686
"70ebbf6a402f0f707b893979",598341445.573263
"70f51b4abf26651111305b1b",884038787.711133
"710542343cece039a279dbee",630404829.117051
"710b0541a025b1b6a5a80c41",648032389.440561
"711045fc099712aae3fe4d14",703116038.959727
"7110d6374f3fc282e4f4bdb0",716166976.747933
"711736da4f0e8282fc8c9e69",1235446675.53833
"711b570ff195fb77229deb35",1325577026.70328
"71235a69058912dec1d355a0",1069984284.52463
"71273ae563da6bbc66aa87af",537321545.670796
"712f16cf2506710d7f2a2e8d",819288233.495353
"7134b03f54b10f282ac34fcd",799435408.929649
"7136cad475a0480044707984",920719209.021632
"7148b0d9e2e1e92d41633230",870547156.704139
"71493c81121558b8ba18c1c8",687614209.518016
"714f90489426e80933ef31b3",707722360.479965
"7157dafd306fa99e4c2ad233",647008711.822456
"7158e3a6d456211d4533e246",581217088.52841
"71590ac868415f3a185dc15c",733722519.75637
"7169b5a3b9a796162de685cf",992140216.090949
"71710d25975271eb32c0c8f4",473342579.069436
"719055eed27f361071cb9eca",844685196.064606
"719190aff81379902beb6497",985707316.745661
"7192b9d32e4ad55f6af9e241",735031749.588084
"719679261d84d6b93035143d",806080827.055606
"71978c139faf2a251db6ff5e",415869734.691322
"7198cf5aae5d0d5ba2e43b96",933769826.887808
"71a20a4daea6d31de942b2ce",1020337879.55948
"71a3f0980cdfea0ebb869935",493188038.188876
"71a42155184509caba01a1dc",387731656.289625
"71a8b68f38fccf71a229df76",907027400.60046
"71a929d79a6cccbce6ac5d79",1025611528.54266
"71aacbd62d72d3eb29a744dc",591285373.81565
"71ab3644da08b8cb0a0b34b3",991947317.949713
"71b1fe15c5bffb750c99f648",768022682.380322
"71b99de83d83dd970b00f07f",1097822238.16718
"71ba2f992908a5f91f832406",719228732.00729
"71be583d473084bc0608d066",688593141.481545
"71d422db0c0c638e448142bc",1228767655.16568
"71dca93007d6ba45fa40eaad",831812140.671122
"71eebcb108c4828b8bd5b84a",860289659.638913
"71f80198e68fbba902650b1a",707127201.730194
"71fdd2b1214b9371ef149c1c",1103761582.62667
"71fe067a5ae994180f530686",721995467.910484
"7200e3ba2013876cdbbde972",668567418.872568
"7202b83b651382e2630359c3",545275426.52673
"7216c895aa047c4f405c4941",631546403.088047
"722699e593085cdd72102baf",434789821.733455
"722f262a44b2bb6fc05ec35a",454452466.118043
"723078b6cbdf02c88286c596",809729933.293406
"723655990d58df33d55009b5",1063568617.02636
"7240bbe28e950ed75637b504",757171176.56067
"72488318dfb2181843f17c03",910383706.039135
"724a5f9542f86cc43334d3e6",403953892.284326
"724c854b1a991f060701d005",481384759.068469
"72536bfda19f78d370d95f26",914800235.089211
"7254c91fc9b51e76c6fd2a99",981103475.94692
"72569ddc5828fc702b2fc773",1020314789.09429
"725c029b7c5807a4b0ba2bc9",1138097277.63443
"72699647b590d11ed9b2f2e8",457347310.219361
"7272c3521b7083038ff0a690",696474554.963484
"7279c610bda9354e1c840b0e",884222295.917168
"728961e03bfa6e3242f06d8a",687349372.43631
"728ce22c8db9bd0abe3f20a8",982706696.167409
"7290697f96d8e2101089984a",850453891.478985
"72927abf4bcd53d6907aeeda",783361062.942307
"729f5fab1578f8cae4fca8f9",828238199.668867
"72a47f70aa99d42320e54787",428520280.752643
"72a66bc6d15390eb05a5c688",1135002350.60194
"72bc42a5c73e7b1f9d54c835",739837264.881014
"72d0f19409c85dbe32cf6ec4",814950056.840523
"72ddab9ba5f24941e4dbed6b",957248739.057548
"72dec1e6e65f6117e10a2473",501395723.424652
"72e4fa00e8aab44cf210251f",750028892.252876
"72eb1af691a950fbb7e8d635",641891213.551147
"72eb64cd02ad2a54b65083eb",1136858359.09515
"72f0540aab38ebaaf9a389f6",727700952.243634
"72fe83366bf13a53937b7034",797267200.479225
"730804efcdd755786bf734ff",601201650.969994
"730b528617c2841eea5addaf",755669678.503289
"730c7382d76a07904f559b28",619345258.574195
"732615f6d1526ec9bd519eda",595203258.325693
"732a3bd457d7798e1fd892f6",785147290.158922
"7333f19416625d6f4244fe02",697746311.665058
"733c7cdfd50db77066a67140",420664830.095295
"7340afa659775cc18d83aa4a",847741189.238696
"73494d52196ef9838b1be34a",1152459601.85096
"734c9446d0674b8d6545bfef",941185632.11479
"734efe04fa6b326ae1d072e8",544578313.208387
"734fbae84cebd50aaf71c48d",904619039.998126
"73578b4214e2eca83b1e70ac",842733632.755324
"735c3aff4c151dbc32f9a76b",904890029.020709
"735deef3382aa15930482f3e",970039914.553701
"736d25efc9e570379d32c089",874175787.775435
"736eef4bb36681acbcc3c41b",495357999.625873
"73786d11f1fa714aaa9f1f90",722077757.426896
"737c83218f0e486ef4feba40",422077606.770142
"73806685dec82cf637f19384",481851816.608238
"738111512f5e5052927468d9",915737005.380068
"7387e7e385063c180f05a7cb",663655571.630329
"738e86beb569a7bf51fbe199",537050372.487961
"739c2b9be0941e4c126d2f3a",1080310147.17326
"739de8928aab4ec77a1ecb0b",778112840.460066
"73a23c9d154fec88d396d2a8",907731409.982145
"73a8efbc036911954c07b91c",933605933.429071
"73b60c9053ff8193c2dd2823",1167260699.08205
"73bcd7efb7a25587bb1c31ff",495485236.64168
"73bde441e18a9548c034372d",602289600.394554
"73bf75d5762e3dd30fca7b3a",864173704.077234
"73c618d704a2e1ac2bc41954",745405822.559274
"73d09646de4e0ab46feaceba",475196830.473156
"73d6bb3d6ae08921a6117f5d",711100199.225916
"73eaff92528288fdbcd61e2a",1283408734.70766
"73ec13a5687c542137eb9a41",578915053.003386
"73ec6f4da3c277958cd2c228",1056449572.39302
"73f4074e5e09e52e0e03598f",920928001.940909
"73fbb3e6b22b957ba6b7557c",884659868.035356
"73fd5bc0aee47d89a160f5d1",1008767219.49726
"73ff3a6b0cf4f7ffb244507b",960618460.408551
"73ff6ce99ba5dd8cfab0faed",550166955.892314
"74286242739391c4eaecefbe",481061059.498065
"742acc26686d04596ba60a34",704589159.778127
"742da63af109164c21dd57af",738855307.946709
"742fd57dd463c1b5cb79f63e",483965126.086083
"7436750d73f2e56b4f29e98f",977159833.447974
"74448f56811e9562536eff6d",909080757.441686
"7447156f2967391975d335f0",666995238.019969
"7450139ad1b39b2a380472fa",937366767.251035
"7458171e4db497a4cc1365fb",901551444.263214
"745e7f6a83b55196f231466f",836678877.22269
"74746d24b9bd86e23338bcd9",766866750.167856
"7478693f3e7e8963e95be8bb",436503111.658447
"7486ef139d41d91423317e0e",520922983.109227
"748c981380925e1247b9e64e",1123463718.2218
"74a51274abc8358d628ecfe4",1120194645.82942
"74a791baebeffcb7e7b917d0",646488954.380677
"74af10afa02e7724eeeef108",539028994.530905
"74b64bd536ebbcd7c30ef8fd",910219205.312677
"74c24c5e142e5267456b24a7",641730154.994698
"74c4f233c7f385be73168e0f",688005504.075771
"74cca5cd08c4bbf5d0404d74",821104351.093402
"74cd885ec200a0c21fa9e03c",736955403.372534
"74cea4c9dc0e00dbbcff8b1d",1308069881.70849
"74d0b6e87c2045f95fd493c4",953490146.765957
"74d8df07206df08e8f3dc232",1073054731.52381
"74dbd25d407e51337f883659",992331995.306562
"74df03749e60c216a3e1292f",421242435.814934
"74e15493f395fdd312d50cc8",353456209.911478
"74e178e2398895d2288e6fcb",799206445.996468
"74e43ea3081841278c76cda6",734645323.423293
"74f099ca0d949c8042569d51",520946139.183453
"74f8ffe35e8d3bc9be725d7a",678296187.013183
"74fdeb4c56b29662f13aa8ca",860030038.514734
"75060f295e0aba8e1224f766",499059621.460658
"75075631f0fd84fb0ff49417",701537899.700749
"7515b37b7ae7c62f3dafbe7d",696806212.893704
"751795587d1396e0daa25783",797912198.786726
"751ba0c00d4fae1078c02fb9",489251270.406052
"7523e95fc2afaf31bcf30979",902660992.824305
"7538c609fdd115c9dac551f4",582151367.77082
"75392e8381e1c891377fcb29",1038496773.97799
"753b47e2a3b9fcdf9d7fd9fa",637985327.493487
"753e74e4dbefeccf3e6b27fb",607442578.049514
"7543d0e85e6328ebc8283d75",440036444.259132
"7549cbd5c8003204c85ce1a5",543262041.632696
"7557a9bc12cf0f2901c00264",1013975372.2374
"755a3e09dba04bb6ba6c9851",750155254.291298
"755a4fb96ff2b2276836f49b",783017321.477982
"7569fb4aaa9a52d6a525e3b0",577055281.09707
"7573c18a79e5e3ee0610d7cc",834474819.692186
"75801c34fb510d824a7d8366",451493746.323018
"7586a79a0151387a1c0cd85a",712179565.808447
"758b4df32244a51b2271a891",497244958.43607
"758d9f47824eb74d1b486024",880738674.40279
"758efd6f99db309c67cefb12",483307515.734531
"759e76e38d84a4188dff5446",833765415.741504
"75a287d87aaf6ffe7b6db546",448030598.780255
"75a4421cced1111492d00298",772492746.327801
"75ae43992df8ef41eaf9d98a",561645136.566396
"75b5bb7b5ff8ebcc863fbdcc",1015066855.86537
"75c1083db5c940e626c02f53",457205747.392711
"75c16273d3a593752446c27b",755963348.526786
"75ce506dcb994b10497e6816",514989756.825997
"75d3c9e0da9a24f4849f2078",458244768.663399
"75e0815e2ba7269a10d9786f",398953263.293239
"75e0fa8e5c83c49d3a0dea48",1056461775.74178
"75ecbc0c0e8e76bb8d734f60",935473490.635146
"75f167e2273fbecb2c81ac0e",599343825.561881
"75f5290d61164d42b39d9d51",683141243.520631
"75f5aff9fa70208ddd843779",823899057.290635
"75f6d6beb64d846d965fa9ef",862136626.220082
"75fa60dfb737ad50073848f2",870860047.625394
"75fd5603c4de9678627f81d9",903038582.808472
"75fd66abeaf040fa76eae2e7",618346257.253854
"75fdbee42ec89d428143066c",434593173.84528
"760125efabf13246774a9f16",586466487.046276
"7602cb1e6fef087d8ee81aac",880260037.289176
"760a5dbccf4eb4ccc2622b77",942576186.650911
"760f24a443eb01721c6ffea3",748948278.641268
"760fd4c893a56a4586030772",703362923.06827
"76167f6ca3d2c404104b77fd",771378124.84134
"7618cb8d215425c931f47886",405270830.920162
"761ba98d35074faee3594dbc",681572892.189916
"7621f476bc8040270958de6e",670956569.741051
"762374e94f17a8783a66d598",550166955.892314
"76258b7b7e8778cd60d3435a",816186093.317176
"762979729fb21e56a32ed14e",1176878905.77251
"762e044ce9371d7b8c7acb6f",773138262.674849
"763206de4c26e3825b69f4c6",793928454.097406
"7634d584c3042533942e2dc0",993099230.942555
"7634d7acd4197594271c84d5",586632833.806668
"7635a792e5002ab99ceef583",859976444.077701
"7636a187e29abcbd8fad6244",406692151.412326
"7637c251618135e082a9e2b8",800302927.373875
"763c9a528d0f99f34e5b0031",412035583.777939
"7641dcf512a05ca754930bed",590157566.241087
"764da64c41700da5ee80b8c7",693875859.812766
"764f506bb2aa1ac4de918a71",570733544.736817
"7651626df0e2e3119b801466",783264474.606499
"76556774906f9e12b319c232",455071977.002688
"76558d67def95bc708039f05",1040974751.2001
"7667cd57d0bec809417c9b11",727719043.336862
"76698030899efea431dbb81f",563495229.208807
"766a8ff17723a5c34324576b",818528982.099919
"766c7906cf0493736436fdea",1318339976.28014
"766d34ea891f3af53f1391ba",851233969.041067
"767024c66d3a88bb18407b6d",1166193373.21358
"76745c2648b66151008f6399",659018064.171051
"767ae7de1818d645a33749e2",836254352.49952
"767cb14f03c909c595c2a731",707175185.838606
"767ff947b16b2271f516c28d",596627351.239736
"76846ed8b7ab36821b848f2f",946300088.034716
"768f69f0241fe339b6f52fa2",1035742221.8623
"76974826c758eec5c255c5da",559246695.713108
"7698775967b96e3e7bf66e6c",820430613.627573
"76991a35e9c1b69e1616659d",605966156.644566
"76a307d6b36b8a51115e91b2",948222427.933688
"76a5158e1a5c1f9fae8ee882",684380236.321608
"76ae7be5da1785c37736fdb8",1289155976.41381
"76b41682fa6953a3b20d3f27",841814770.528216
"76b719681617ff7f28d33df3",863944501.320066
"76b8190137ba3daa55db33a6",658809402.639676
"76b9af8036e38d5d30ac4c7a",1222996830.22421
"76bd7a0b87bfb6d2723766ec",544365956.72673
"76c4045b5dad9a8226e9244a",616325951.298864
"76c510c0ad11fa67f0e9a4de",680573022.105315
"76df3d616d8bc1de789bd83b",419247695.679482
"76e4ebad138d50c690f0aec1",331169107.315042
"76f50ce5f30cb96d48a69357",510303633.519377
"7700df9486a1684157527739",698066420.493032
"7703f868650a8252e954e457",707198592.571337
"77069fb9fac6b61aa6a89ae3",640350416.894262
"7712f963ee37e91abb7342e7",640326201.475086
"7734421098413f27fae86fef",597536921.569019
"77348acef84ef77f6a076268",643509888.575766
"77359d0d34ba4c9d825e46ed",661117225.425162
"7736ac030d8b587f44f7898b",908342671.122022
"7738f18d533d0f0379e3a06d",919606529.275695
"7742e8923a4b832e3d94f3c7",799346745.778184
"7745863791b5cc6d49f84c8b",432333614.969349
"7749b2b534213ec7b536372b",569626697.527023
"7749f3bcfa8339444b0a8b7e",810755304.849653
"774a4b48d34052a978b1180f",874651331.595653
"775a6affce535c5a19ea5f30",797188271.682213
"775f25d8144580541bf2746b",766344232.575323
"77668d4325802de9d63609a9",825674497.005596
"776d4a19fb3852fe6dcd3ddb",441263746.819089
"776d7d1326576f07762ab3c7",1006821125.3803
"776e1192349cb7cf1579056a",988488621.784776
"777a8d05edda0a335d89e90d",812537860.237882
"77866048ba7b69532d0a18cc",901603915.104567
"778ec765417db9ee48d697de",830576507.207054
"77924a3c7880310a4822e5a7",529072364.310137
"77a06084509952c6cfe8f501",422763966.207659
"77a62d5e2c89da24f66a2118",791506512.414539
"77a887ca508d924ad5203194",1070581779.69297
"77b5c9a5f534a5b80cc16d09",826902201.709251
"77bab76414ecb20888cef7a1",1063707085.52233
"77bd7837b02bd8f2c290c9f8",465677950.240751
"77c886207faa6965238b152c",396252981.049029
"77c9e5e3a6d965ede708cda6",811642571.767175
"77cd6b199ee485314bc74626",519585054.716829
"77d6855eb6a30d268e49eb1a",844962490.576945
"77deea164a3a622df41249f5",678116294.400522
"77e5e0b64140fa00b0227a3b",492341998.978494
"77fa49bcb52539888d481ab1",805594315.815916
"77fbf1f0c35c1025ea4803e3",669075376.633306
"7800f742ee14c4b4142f8b58",791909158.220836
"780ae52ac9eae675f6fdb312",502322838.976391
"780c809c52509bb4855a4efc",611255796.829237
"7815163b8e4a54843d121dc1",766208638.064447
"781989d4b732f961f91bc3e4",612874680.471586
"78257e76c16db549022fbf2c",933769826.887808
"782a6028457ec55d4fd5189e",723359075.114506
"782b0fb8641849c2c34291e6",487989320.836328
"783161faf2e3501c38c0aaaa",478564123.305305
"783ecf989538582ad008fd95",1212812709.76767
"78410b0193dc989de2d24da3",994596157.281884
"78419be95416d2991ade8be1",842968991.817993
"7844b0b2bc65dced90a355c6",789595488.228886
"7845cf57552577b059dd13ae",655194354.377483
"784714647351cb6745c867b1",630404829.117051
"784822ba0060eac9358cce22",433045640.179706
"784b1db005d39c2f57666efb",834708992.934178
"784f67fcb2d009d352740ed1",575728038.708117
"784fa9e78f7cfeca4133e8ed",829700906.516848
"785dea91d94ab384bbd6ce3e",992789455.008392
"78682041182f01ee4db04e8e",1289382286.27782
"788c49c17df556bce0abf6ce",554331913.033504
"789e5d19fa507823cc4c5296",1038601021.50118
"78a080fc98669c0cd9153904",1165410241.33949
"78a08f21f7d7c51ff4d5b8ac",773701322.858836
"78a39ae05ac53535ba0fad2c",734453327.497462
"78a7eac41dd672cd1863e3b4",824599358.237076
"78ab6cb1f62a7e781d4c4d0a",544150968.457748
"78b0f0bd0494fba0293eb0c3",713653830.847175
"78b57a58368ab056c11bb0dc",777516736.00432
"78bb43910ad6ed105610d9dd",794472192.029237
"78beee9b7fab8600d420fd27",663173719.605349
"78c17e6ceb87f7587364c873",615042849.56134
"78d10967c36cbf346bd58f63",499794561.37448
"78d727d0e61a7c8b1cf6fb1a",536655412.008073
"78e85ca7c532a77700bfae6d",852780948.012607
"78eb6f51d94a61a967da24f4",861505600.899688
"78f670c0d7a26c0323281ffa",848733326.164523
"78fbb49efe7dc0d8e144ad83",1190054780.30271
"78fd849c9429091347d7e5c9",767543184.228023
"79005399fa92d05558fd6f6f",898046669.253968
"7902ada9116a1cf7458933cc",1126325271.02229
"7910ac9782a1a315f68799c4",800337184.979357
"792ac070d1a314f585f09987",479419741.218471
"7930bb0822caea5f6451bfa6",1033778023.54382
"7930f32456e796e40fbf78ed",1079556780.54299
"79382c56606e701e44d55033",1164378903.84051
"793efc460dd25b67c644e92f",727723590.145082
"7947f71467036449efb99972",1515787421.0389
"795cd68f9a5ef45902712524",631613992.990703
"79631cac54b1e71c1022da12",1584384267.68807
"796935018bf2b241646a2dae",736045372.392058
"796eb5ae3ca5b63c9fbb240a",778625485.006083
"79733fdf8881b0d25412abcd",1141237112.55591
"797da4e993a993ef80277108",746241743.927169
"7988f76ba063d25a4f467730",842253869.890387
"798bf22408ef6814759da1f5",839569049.42719
"798d87a368f073efafead25b",580148233.772562
"799301c01a3e7fc2af5a14a9",794280299.097247
"799862427c1f335eadedf4e8",416600827.044655
"799afa0396b9f268f239db51",450667271.547989
"799bc0f95ef9a23fc16bb1d4",1051625295.35759
"799be2171dae4763df530e4d",835551829.733663
"799cb909791d43a1eb305eaf",805320092.765162
"79a0bffec81b17d606a606f5",1007415279.95361
"79a675215fed2e293b27f43d",789945213.674035
"79ac12d8436c07b620190b9c",677199769.765753
"79acb227b5ea365414982957",736579131.330667
"79b5a037bea858706838a62d",787496814.779842
"79b943894c4dd68bfd8cde7f",816937445.800038
"79b955adf84fb2c52381921a",788716518.70242
"79beab95c6857412ebbbdedd",917534372.471292
"79c5085c14068e492e402a26",919694460.099889
"79d230806fbfe96368b83dbf",1606239543.36036
"79e307acac5f42f2696b0436",1020323136.52228
"79e643789a85dc4ffad49a25",724260833.80329
"79e822115c5c1a4531366001",397915158.895431
"79ea72e7b03cfd4fdb5219b3",568560860.470381
"79f1a5bc0be914956d632658",950384902.568836
"79f989fd66108a2c38a9764e",785310536.822437
"79fe5105ed7a7861d3c0187c",420612980.636071
"7a0f351e8562fb7aafe6e714",914170292.860642
"7a0f887a9426270ff3c24e36",733402390.709132
"7a10ffd970cc822108ce7cf0",745552960.69361
"7a134e45b9ebe710c6c6efe6",937881373.065175
"7a13669d2d7ed2e50b80b4d8",444166745.639547
"7a1bca1ed03e7cd0e277fb95",600129660.944895
"7a1cb1f751cd36bdb6412ba2",801386658.790194
"7a21a8d99a85171334695004",844679706.948827
"7a26e5936765b409b7b73cf2",1087897719.56056
"7a34bcd9f86f5036b526c3f4",905932165.613217
"7a3ec914a15b47726567af96",463224962.715255
"7a464b948b65544159cd0db0",881664531.376854
"7a48bc2c3f4aad08dc7fd5a8",507796978.33639
"7a564ce9a4ed3d2b8fbb1103",594520521.279812
"7a608479334951a3afdc655a",1276793744.81516
"7a80663cae7c191b5d025fa0",779719014.281361
"7a82ce4b2dcd2b43485f5047",762670758.786981
"7a832790d068e1e85182b5a5",509534110.703466
"7a861f1e3af4dbbf55b2c301",566931103.123906
"7a91cfb02df63e4396b15aeb",680537219.935283
"7a9264f3a12de839a42c1783",684322316.691965
"7a94d3d31471ae313659aeae",910008829.199134
"7a9c505db21b777203d34bf6",680286505.242059
"7aa8d04246d3e84e5ac470bc",1025838292.89361
"7ab96f83915bc84f8c03c1bd",436406848.162113
"7abc8a11d3d6c905de3f567e",537962921.142055
"7abf9cd6b26e2e2bb6d91e5c",953597950.104847
"7ac0428c4b7197ca14f3b86a",459197670.688371
"7ac1b85bd87929705b7a86ca",1114339756.50188
"7ac96f16bdc50ee7619f3548",858341607.132353
"7acb92246dbaaec1cc7b423f",628788772.484076
"7acdaa0cee1ee62e15f4490b",857886408.829646
"7ad046b20064565644ebfaca",618247873.043707
"7af0a604d1901925aa179436",961492887.545054
"7b0258f1aaee97661c34de64",576332558.160497
"7b037e6e5d110999e51b79c9",1120177347.83824
"7b08cade91e2be20656ee856",654879929.81677
"7b0a2bd964c04d01387d78de",1230494385.92966
"7b1377c8d81755bb9b501064",469121248.643491
"7b30dbf2f6d835ea0c14b392",614189718.730678
"7b31b5e53015f8116fedb0c6",1193610375.29794
"7b32938ebf0b1b167a3d2d20",816229588.644182
"7b346d5a5f5ec7165d1f8644",700764064.527406
"7b35a3e9f3e67fa1974f5c25",905936801.811912
"7b3621124731bcd2e543562c",690582333.197545
"7b473504c85e9cb576f951e2",539871240.402046
"7b4ca3a8d09968e48c185260",733496620.135554
"7b4fcc72822460a428c19282",679552866.023179
"7b50b071f4d795c9b5ad7531",864047153.723539
"7b5582907bf47bb9e873a513",623779802.411018
"7b5db1e4f4f47b4bf7c827ee",715973435.791458
"7b6322fd5810990820167a23",489802485.971593
"7b63445c5e1ce95bd12c31ee",839406200.113014
"7b71229680a50bc26677a427",656468946.087968
"7b7c0544ece4aa383fd5b4ce",749828756.176399
"7b81996f3abd287b50adf8da",641461187.820622
"7b8a4d701066372dfbdffbec",731071291.725578
"7b8a6949d55b5bb27c3c6839",541168462.575921
"7b95396ef4d0e97de8fb4986",922824422.519816
"7b9e6b7eb3a5db0443193fbd",606913553.713966
"7ba0c14dce0cb09ef5735d9f",693723179.22706
"7ba618fdb1fe8694eaecb64f",529961088.299702
"7baa3608aad1fbf357d789a6",686821500.313357
"7baf3723bac87b0b393ba52c",899793666.4908
"7bb1bc81e6eb3b4390440165",915547968.230752
"7bba885503ea7716ffea503c",574517609.43286
"7bbf8e16cc32dec423afa6b3",584727586.886229
"7bc034984b19479f29886cc9",762664055.53549
"7bc0c9e2760e4b1488522768",1115134295.34383
"7bc57b136bcec053cbd073f3",739499030.496132
"7bc9022fa1eadbd9ab39acd9",674920421.948891
"7bcd1fe7a140b6eeb4df2aae",859012355.726432
"7bcfd82ced5d6f1ae390d388",483410725.270369
"7bd9cefba3f5dab498ef926c",1287285950.18039
"7bdb94165857bcd37206cf18",589702817.464374
"7bdd64032a4f011bd4fe7df6",905106031.448388
"7be186f4eeff5c0efd58e424",885820905.814596
"7be46b6dd9891ab771fc4be4",470813042.095874
"7be8abb5d23794ac47ceda32",625015994.726249
"7bef2da7f3c160e94fe91ead",622589784.301324
"7bf4beee26ba81ad0b884f9f",559559409.709019
"7bf592c5c34bfe6a5df3dd40",694395049.977906
"7bfbcfd0fb8f5b6d553c2d0d",733011948.473251
"7c06a2f06cb4226f9043578c",764932144.27241
"7c07ba1982289ca3abcbece3",862047508.733827
"7c1dc421f5a689aea5babe4c",738649350.568864
"7c29fc3861c9f074e3a89449",854316213.564591
"7c316b981173919b6cae5516",744367902.007986
"7c3ea8523ece273991a190da",773593264.174122
"7c3f7b513bb20c918a51dec6",562049060.800751
"7c463a59e7d2f2b4bbd07e12",736724246.853526
"7c50c93bc9e8846345892c12",982525813.298149
"7c581e2b9daf20131803eed3",866719385.655328
"7c5c0f2d9a0e355069fe1c64",945454685.984309
"7c5ce0e65cb26773edc9ddef",1177959423.96572
"7c6319c04025c4ed6aa3f051",715530318.030686
"7c6880b05c212c66b8961b71",798210857.902978
"7c69d43fe2488db51e6c8da3",632819850.887791
"7c7a3f51a58dfd1588d7c088",446053199.647963
"7c972ecb7b90537b1da0deba",649825297.414862
"7c979648ab3729b2c0cd2106",695061611.408247
"7caa4bad394586a46dfad854",805915331.2822
"7cad62cfb4fc3ad9acb09f1f",659661194.753312
"7cb64b94877a9361f20027cd",451686851.368725
"7cbc8fca4f84908ed4e7192a",899338562.111659
"7cc8772ebde8902f55e14b44",596286109.232846
"7cc9cdd32c209a62908a18ad",600117344.218442
"7ccaf332cf87e07b38b340d9",971497416.289672
"7cd0c7174b957df1f004fc88",982180941.537665
"7cd39eb8de56700519d8f287",780828770.082493
"7cdcecc706fc7c79cce45b20",839468615.219781
"7ce704ef5752dd496a61d857",1014381795.87212
"7cf15f80838e8edf4f9cdead",980633934.580046
"7cf183ed411cf82df26640e9",723164175.675402
"7cf50019422bc9569a985736",991498984.244936
"7cf573f273b14a6cfafa3ec8",591834012.459568
"7cf74cbec871e465ec2f6a61",886392803.0552
"7cfa0c98191ef9b7c45f0520",459057407.221588
"7cfc3061c0b2f3bd48375ab9",748165363.410086
"7cfe5c3f5cb1bf095eb2c503",937111664.589654
"7d02b3479cb2d89d55bd4fe7",1006266766.14987
"7d0a4771afb00cf9a38ccb81",1454652359.2608
"7d132190218425df1857b8b8",921319187.173436
"7d133cde943d189c9abbb6e4",760347772.943785
"7d157359b413e107f5f9cfd6",609782451.09091
"7d25023ecf668945c87e0666",773910385.231027
"7d2e3464d5f2f79ac29e6c0c",727442814.645707
"7d3220a91e78f8bc2924d1cd",1187044627.61716
"7d383abbb6ac49c6599ffb0c",992963738.066964
"7d3e4ead63a869bae978027e",803778804.486851
"7d4097722aad95158c51d24a",517495891.201984
"7d4ba999100c8e694fd820cf",1098146171.31588
"7d4ffe0038b3ebc149d8f4cd",716093456.455428
"7d50144c4b2ead9b7b9f594c",990343160.849238
"7d503f126b5863fa0626d4bb",790342603.375855
"7d5459e48101349c75d43aec",661459106.905595
"7d58eba13f418d890ef563da",596598655.227377
"7d66238672def6f73c25247a",755158912.571514
"7d73a548c2a29ef2d9655e1d",482356331.195599
"7d8e345c9b16d0fd69f848ea",1091746327.71916
"7d9a9c3b4442efdb53c24448",749858895.161606
"7da10de45c866c7d066d2586",663629317.651431
"7daa9115f755a6c70411b9cc",1027061282.10097
"7dab6cd1002a8521e5825bcc",644823903.074644
"7dabee85f750266dce02399e",570491457.661965
"7db1c8214f229d865da455cc",526509351.274613
"7db5291ce4602d9b2b266872",419954976.332572
"7dc4f9de14c2924b229ca0a3",865020919.265958
"7dc609a3c7a3ab1f9a3146e6",665050645.557125
"7dc68d5cac1b7fcdab35586e",471873183.656525
"7dcbeb0aef2e2cac0d73315a",331052865.205663
"7dcd1597e11f83093cbfd7a5",1314239460.49695
"7dcd1916c0485e0b80f9eeb4",642120554.877448
"7dd1e46dcbddc6bf5ef694de",855032614.874789
"7dd96ddad0fa88f5c5978e39",916746647.756635
"7dd9760286606c45e6a15926",696841913.991783
"7de63633c7666484bd098e2b",751520472.625049
"7de7a2a651273df62aa6a21c",1121918313.90638
"7df538c0c831520e6d36e39f",643811466.651957
"7e1153d411af129357ae5c10",674038251.483528
"7e177acdec9c0fe684d8fe44",469841018.157697
"7e299fd8c2d53ff1cf95aee3",958472170.788401
"7e3937cfe43dc906983fd321",1105072300.85754
"7e41d90a838048eda035fb27",928521702.352321
"7e4b240c601e37977faffeb0",657438881.016654
"7e5064603267b61520d8f83b",716147673.931413
"7e554b821e6955ab259a25f3",693194391.184179
"7e647c5e0a7d95ce87cfc8fd",1003934249.81958
"7e64ab35f5e336d5bd2e1b51",978839240.21477
"7e6d8c4742b38854d819696b",1089762562.39309
"7e6f68184d84e09cc9ebc09f",768415530.789369
"7e73516d57a251061b3916e0",763882370.466822
"7e74469fe0b030254756296d",1088535880.04843
"7e844f8a24422ec3b833b4a8",544477930.039751
"7e86148f53beefced6e0f3e4",627025221.856611
"7e86f11cd63ff6c8a3c12fe2",889030987.846811
"7e8dfae9a5f1faf8afa706f7",596402730.160264
"7ea01fd99b389d08ca50c0a6",855938963.400722
"7ea2c18341f69f21b523906c",748643499.878674
"7ea4af39a7e577ffbd600f0d",807956624.771047
"7ea8da3b1481993b14bed9d4",651026922.868181
"7ead45d1f505649429904307",788880539.728761
"7eb78d4dea434674a230caa6",937417389.276307
"7eb991f4c69215377e4dac8f",896861706.218399
"7ec025b9b6e6f33bf65af41b",479420937.260153
"7ed35835fbe694bc237abe38",790625973.789412
"7ee7fba3a30e0e7c2ed3043c",577838416.635409
"7ee83e5d70855ed21455b6d5",1229458322.05646
"7ef2d4777310765d0c8121af",811611711.080552
"7ef3f8bfd0368696369ac957",738115226.162957
"7f02f056d5eb4aff92b44659",1022749082.53998
"7f0b4b5851c77d78805320c5",679187785.742395
"7f0d874df9235245f47b04c3",1068780739.98794
"7f0f27f6d30c743acb3e867f",800914052.651626
"7f0f5931fe148f6187ebf512",871076250.882417
"7f134c92e20aa9c6f084edc1",730510581.03074
"7f1a4e79fa92196101baa7eb",1165670113.96802
"7f25471be85adf0baeb8ebbc",646787288.599287
"7f2a2959f5ae816761be658c",1209178590.43201
"7f2e3f2eb5abf86b56897250",699037739.905045
"7f2e9d302a6ed1770db9f7cf",677144970.482336
"7f3e02524981fc7e40eccfdc",436483458.887474
"7f45d3809b08bb32a45139f8",694528310.240879
"7f4cdc01f9086bcee46d1d6c",876548187.749607
"7f4e6f790de012946197e0df",835380116.453806
"7f5280804c59f56fba3d6201",559461196.932824
"7f5e87fbb4952caa0cb658e2",783361062.942307
"7f7141f5e1a7964ac6dc688e",949013231.575993
"7f73a8e83d41ea252ad61197",761865824.491323
"7f78955c480d050f2c8ae3c9",742120736.802203
"7f7f5313341b3ca499968716",749369457.557301
"7f85c59323701ee0e75abb92",659337829.636101
"7f8f506137780f4cf12e73b6",787560843.888707
"7f9875a5336a32d73df2402c",878530506.975173
"7f9bdd2157f6c3d488c77ddf",704215658.850432
"7fa11c05ed1c123c1a457b1f",903191387.030993
"7fb856eba0ae98a40eac3efd",982698294.586103
"7fcbcd9e274b75a157cf5d5e",776464147.816103
"7fdbc3fed9c9607e6d01e958",723002392.896411
"7fe1adc0a5873cbba4b021d1",738687550.987808
"7fe25ebd70b89f4602bee6a2",854573105.246641
"7fe364ae771a7689d2fa5584",1088046700.48981
"7fe6ac57e87b8126ac4f8530",833187300.493069
"7ff62b2f8a28d60f6c4237c6",881020640.800356
"7ff6f389e364e67c4238df8a",716596923.318756
"7ff8b0b5ab4fd12f3be399ce",720102601.018232
"8002e2cd1b70ddcae88ebc4b",937151048.497781
"80035ad5b3b4a948469800bb",829215380.546057
"8015080cf97316a08453a9fb",880410294.979939
"8018df1613094a9e4606c875",1026984483.36477
"801d821fd6ab7ee01b62a800",684443798.674666
"80255211d99c72e343b32798",1410677735.13143
"8026e480ba395cfe1e09cec6",452577374.39794
"80279a7533c44bbae477ea4b",758519015.876541
"802fe3175a2059f12d7edb99",900965157.054791
"803711fede531ad1621a6823",745098370.240904
"8037e40c0c8b20ab6e0d4b78",649261015.032885
"804289a128775f7d1652cb43",554936717.875133
"8059e45ca26bfefbb18d8e40",981053479.167327
"805a27aeafb3ca91cac56d14",896088326.080747
"805a491334f865f06ff42329",723070557.944838
"8062b4109c12a95dd62bd43e",750564009.711511
"806907598158861a6958388c",449285409.796846
"806f9ab2a016e774689ce2b9",367995321.597265
"807687fdb46614d9aa139b20",724168980.87696
"807c04729620ec60ef18598d",515678392.071342
"807d7f5155bd299afbb6491f",592603731.640731
"808dd470aed6064f02aa5103",710984067.651597
"809082a38e6fc3faa66845b9",868199772.655733
"8095589d5e1a55a76281e13b",981311774.398347
"809800b56b7b29399986115f",551956303.149051
"80a1dc97797c41b61f46ec6a",788835220.147195
"80ab8d9f157c25b40f102854",784897100.875277
"80abc4c356813c1e4ead1e1e",660261082.863761
"80aef024b0ecebb01913504d",570472319.044189
"80b37d5ebdb325edef39258f",855736284.890283
"80b6c823bad5b4c0fff46657",831755034.009691
"80bbc51dd90d131d091521a0",592780579.453746
"80d2415c0460088d69574285",799509779.032309
"80d95b058cb11ec829b5ec96",762169344.444491
"80de6a9303eedbfd1c69601f",954250148.073425
"80ded3bf4f2973a5ceb1ffb7",462146585.184842
"80e7c6b194b3229e3e2b9aae",907677583.639291
"80e88d50c151d5534a57f61c",949531499.679055
"80ed77aff62d4c57ede6ba94",517270694.844954
"80f633154b6f94b8fa24f213",542197182.854009
"8100a4b0288d5d9d9dc86d2f",444156643.188431
"812646c7de863919cae5edff",889315204.267021
"812ad0d57e4291da184bfae5",636097772.032639
"812c9b5407424f956d308b06",1004379400.49292
"8130ab67c5e0d96a9a67fb12",730161902.946672
"813d9415d9abca46ad4d92f0",1210035213.14409
"81406ce289219cdab015549d",1190472642.50081
"814694a725a50c306d774342",955851860.761418
"8147da5e5f53a163443e8506",949898010.166741
"814d93fc94b4de6d3a860bcb",678575354.812132
"81516aa72c98ded9223db098",902107275.749697
"81519727c7ad9f60d2c5f224",966515485.347558
"8153b36347669087e363801f",684653173.005176
"81547b223494084af3e15bf3",687103081.458704
"815cfcc4d26738f74cbb67ae",581331982.063883
"81600c1e6b6e3ae770e40b28",1156165316.33003
"8164023f628f550f322aad61",836859388.544868
"816f93a2e035e4fcf61ee4c9",1074697223.66863
"81716dd4aedf72a6a14392e4",426933176.493592
"817422f4c278ff27a22b05d7",584364466.329335
"817915cc3582112fb5541a49",877161433.135412
"817da44fa842fe304b93c199",554780708.229594
"818ee3b0c3862d4aae6e7776",356588670.216346
"819265a930d32a97533d132d",764587061.152809
"819d2a7c3330480b7217577d",1050798850.17124
"81b14dbf863114fdddb38579",557601229.490492
"81b3256980dd7d7f49030c78",1010597811.70512
"81ba4b47e9222c15c4102992",574517609.43286
"81c890b0d7cf787a091d4081",834935218.374179
"81ccb7e0255eee6274f5d930",980312281.325589
"81df59c6d8be19568d16ea3e",411694297.289723
"81e1f8b1c0e3b15f2ebfd84a",776768210.365594
"81e7c8c1894e0c3a9315ff27",635762890.896415
"81eea19e7c12d65d21e23648",1035995708.75919
"81f5c32a2c2d3b32329a645b",455170155.696214
"81f6d6790aca5e9270c3d1a1",403899814.168465
"81fc8d666c8735e1095d0d4a",756944101.471699
"8207612808b5947f2802d2a6",824895252.45568
"8209afd76e36d8b5c4f7a991",762793002.411152
"821eabfeef3dcc622fbcbfc4",488411060.536272
"822896f609e7761b58e7f6e7",694528310.240879
"822ba8fd3c7392bda84461a4",685943195.829165
"823124264778e5ed64d8664d",747364161.988646
"8236c798dbffb3db51d5d744",546336883.949916
"823c9c7abf2d00140766a2bb",1182583242.8993
"823ed628bddea9b56792d108",869066305.517183
"82433a009defc21498037127",910032457.416699
"8248697f70c21fa361840755",943602309.116225
"824894236c20b081af2c9868",1041654680.54408
"824cad597aae34d7d59ac939",639166342.437934
"825012911321d636425cd0bb",1331967890.46473
"825f57ad0527d4abf41cffc9",979863958.782495
"8267eeb41ed1e68144301a3f",744837325.403165
"82780776619be0eade3d72ef",601312567.891077
"82902f2082dd405ab538ff58",588360956.534197
"829bde7f8716daf76f65ffab",870356513.368876
"82a3742862a06803242b703d",808529580.652431
"82a7920524816f3db7f5a4ca",628535790.109247
"82abb1fb693f34877bf1327e",1242460165.75466
"82ad4b3d5a215f17e745d77e",985245635.537875
"82ad984f02ccda30bd60da8c",740760654.09312
"82af190e32398942775056d5",1058657286.22736
"82b15a5da307865c7045dd56",756992880.837246
"82b69c38d041325a4bb2fbce",456645920.147866
"82b90288bffe8c1c0b5a1259",769152516.305358
"82bdf442e186baa829e06da1",683240935.84771
"82bef17c2a4db1f6dc6eaf01",845798446.603068
"82c9556e19072558cbe3a7ff",391473107.436876
"82c9ce0d018c1d620b7a6689",596310619.837743
"82d22ca21e31222068e1ecba",743055360.850427
"82d6244acae149ed9ed88e8e",480183856.832705
"82e1ae440b386c7da3a580be",1047875821.24846
"82f08aadf1eeaf2058b50592",794965344.158059
"82f34c2a6644c4cb0649c44b",894027287.307439
"82ff2a63a863c089ea90bb5d",1049475024.24293
"83007c444fa52b34482ed55e",750365397.103652
"8302e2afc48d6eda16784da6",948844996.531054
"830b1a2d33f7754b9acfdd82",960409492.440798
"831629494c6d15d5ff6a00a1",842399597.502927
"831693b6fb81df1359e45db7",648350956.621638
"831725656d9df81b63c0ae38",789880503.428825
"83196bef0e5dc6c981bc57a9",1238500228.24498
"8333d32b98625a2742cfabd6",864983396.716484
"83349bba5fbddbfa2db5078a",569104898.422371
"8334a4cc7db8ed5c0071fe95",701825360.01403
"833bd3c8ef9d4da2f304a94a",1120746363.21069
"833ded72a8cc9c0d606a7a74",689048334.983746
"834263730047f308d71d4d8c",660404644.834883
"8346d64ed6211083fd420ede",520698379.54855
"834fe4a1e9e4efeefb5aba08",500275763.138972
"8356123e4d10a479a12e98bb",705650490.504494
"835842cdc8ea0a2206c2b46e",964583464.610402
"835eff7679889fcff6795d8a",941441527.848691
"8364aa431b2e267e41efabc2",699496397.207719
"83727953ecffc17bed632d94",452447225.667442
"837cb6389640f3919bc73e9b",1038766151.25747
"83852e78afcc4127481adccc",553731268.856411
"8398ba3b03595704b5897704",745965269.783883
"8398e3b96d1311c7264f6603",1241907778.80574
"83a376df2024c4c9fbf2a0ca",571098525.696394
"83a8d9df3a535fd273b27c15",925332565.801589
"83ad1ce7ef6d70842ec986f2",699141329.324682
"83c1d0e2b8826844416abd9b",532161538.418953
"83ca3a41ca4b5337107c197e",759284960.288402
"83ce7c2d2823f888f2e06ea8",843299382.959901
"83d969bfc020aea27d2b829b",838637458.885597
"83da19e7fbbca11083090574",532851927.996783
"83da39bc1a2eeb75e2825c22",761640310.503359
"83da5fb4c15e3daf727a3cc6",832389807.664095
"83e91710343450cb0812a6e4",871271025.470663
"83e9507b9ca2987a21d1b195",507534645.715924
"83f402857435d4fadb27fa36",799406606.364168
"84114798ccd01ae3dc97cb27",599829164.316326
"841482deb90d19ecb1ec8a06",971574302.626573
"841c57617a075690ce412083",648988216.834756
"841fed959f036a03697868e8",670379957.851275
"8420bb74fadc0c8853cda025",362563123.897712
"842c9f0e4edf1e5a672ce15e",707013771.141824
"843234d3c6c20bb60a17fbee",881757156.724821
"8437a42a8e7ebca46eb088cd",636951699.461769
"84394774ab45e0c8b733bed2",420395505.968145
"8445e5cf42307960535a3b11",741842861.886351
"8447ca83d928dc34c2e7f9fa",517931926.066216
"844dc89fe6588acccf0c7536",702663971.709932
"844e127aa7802cdf75db074c",432237467.55278
"8467eedcf9a48fee0d72d95f",1212270564.5316
"846b75324c0f3cbb027387c3",996340628.245859
"846e6f1ba1c94966314345d8",753877333.070942
"847a7fbd4425fd2fbc4b3edf",965777059.731045
"848067a69d18a171e7fa34f2",762019754.614516
"84856812b63dfd9630fa49e7",876665112.793893
"8497f34947cb4c0ff18a0eaa",515708538.494433
"849c918d78991c57f32f2031",704994603.947941
"84a074517742e09a7eb6f320",728929922.647669
"84a2673eccd3cf3bd7fd3eb0",933933749.117841
"84a7286c91f1ca3ecacdaaa2",1103022498.90715
"84aa7d1c2590f37f0fd6dca1",635856209.950121
"84ab3ece52fe00ee50f057aa",988550662.904043
"84b05da6a859ff5384f37ee7",451171727.677132
"84b758716f47bb0f4e4a2bed",676153690.324448
"84c2ab0573d3cbffa0be90f4",832250288.601411
"84c7006b5a63add890a224e8",589519401.965885
"84cfb0342a0bf2c6777de39d",654791243.825201
"84d8504f0e860b0760c3592d",773921251.39225
"84d8f7109615519f2ab0a48c",936445246.992303
"84e4f6c6b5dec0da7f7ca0fa",473705793.313582
"84eb4861db0816bc8722f379",727434301.818055
"84ec2d5245cfa146dab05065",720320487.380242
"84f47e531a916b7f7dc1f1b3",831661480.662035
"84fb7e582456d7409f27cd2a",938138576.605518
"850342685ececa472945f7ed",854606364.229148
"851f50292e30b0a464c0804d",686726971.935247
"8520fdd4f5fec0ba861ca9ac",546049258.4865
"852a11f12646f0a1121824c2",416125098.018349
"8532c64eaed74b64b4d4707c",613303383.421654
"8538a41c0e0fdcb3829364e8",814320859.768671
"853a14b680761098d4bf6136",715098422.935491
"853febf898a1dba351d6f917",802389750.985273
"8541eec88f0dd8229b4fb041",834698735.029441
"8544bc14286a51e60ffee7b0",1265446607.2552
"854e27be18fb8f24fd433eb7",777220887.132245
"85524880fdc4e4daf90e96fd",510856025.722643
"8553a05c2b30be81c64a6295",962254557.777858
"855ce1721230ba103fc0ae84",460632907.612272
"855dcebac302ec5760f67121",673909113.052275
"855f4b67d2bd6d18fd03d8e7",709562618.343898
"8561bc940a91f029147430f1",968714569.120682
"856559e93205dd1561d8ada3",846965949.706977
"8567e677b30c410df80004c9",811717368.814981
"8570a1d8156dbcc267d3b495",962910603.874353
"85734fd69714897264ce2214",818699552.100976
"857761b5fc5c7d101cb765b6",603483633.699113
"857870b1412b84f0f19ed751",710794626.589176
"857c5dae475eadef41c25603",939125534.216063
"85815a09bde2a30e296f65bf",458843299.619313
"858288683063dea9d5c57420",441860572.466752
"859025f2f41efa521a74a00c",476778567.87467
"85956152686438c48c52e018",663503570.342055
"8595b5517cb3f1ff8094d67c",971565269.762708
"85a856b4d0dfb1fae861f513",905616265.71812
"85a86e01443aba593f95dae4",791794288.818967
"85abc5c0353c5b678f087824",888891689.326671
"85b633e09a41cf22a10f28c8",1142419166.44282
"85b8a65f1b00f78e67622bfb",742838426.402413
"85bb6775065df76bda33f738",887863889.197703
"85c24df2d836cc8addd9b7b0",622070148.417789
"85c7e8ac008493b34e8e0176",668776912.255611
"85ceb648cee9f6f3d221254c",883530937.46064
"85cf1ee98e1a85ff4619e27c",895521448.782517
"85d58cf85a179e167428ffa5",992357466.642665
"85d731901b48348f57932240",859700429.679298
"85de01c0aa787152c77c6180",390415967.389783
"85e15a0a63ffe482c68ec474",1328515804.53061
"85e332a999931ecd0e04475d",462363765.576676
"85e4ee2583c51592d68ef5d9",396113894.155518
"860435300909449c0443c10e",921394812.306215
"86137b9624049333f7e0315a",787520122.89276
"8616b310e335f539ab1109dc",777493791.56797
"861aa922b483f9bf7884dac5",576914020.147459
"86242b25bcb2dd775d25191a",701017793.026018
"8627562772d9d63bac507fcd",686560503.792722
"86276ef138e0babab9863276",498727170.989859
"8632f5681d04d9c934675409",1097697823.94483
"8635edb61b1dda6f4742cac7",1353007978.0216
"863e5cf88a808b8ca96907ff",897059447.283507
"863f8f2aeda01a9fea1cb3e0",940097406.123033
"8654295684292e74d0245238",491835041.005738
"865459f5342a0102d255fa07",421179552.827439
"865ed399cc344e0638e45128",971629851.18205
"866f2a55f42cf30c4105631b",798172081.850747
"86792949f2e6a347208cbffd",624789638.905556
"8694b149f7c0deadf820f0e4",923400751.644085
"8697b1d337145af0ef8e4619",987717195.834048
"86a47522586da2884181f128",597689681.882157
"86af11931b004aad3fd27b88",889203804.568172
"86b0aa633bb16582bab5640f",719967878.283428
"86b0c9c1277e9143ee765b43",662529425.865572
"86b290218a62d0c51b099a08",923224427.27257
"86b2d3ad1dacb372734f810e",647602880.348354
"86b89233e0176e034ae3cb7b",849896187.441845
"86ce27f9ca03821d13030f18",835243159.795379
"86d46a3fd9d7bbcac3319829",845632949.665488
"86d80d3757377df6f2b8a0b3",840634776.713256
"86db204f7ef6e0e0e6687246",804401745.915478
"86dd7931177df94a649a4d62",653230822.82194
"86e80098f5a3e7dbd635838d",527777350.347074
"86e81141e429bd81d7f0e73d",698906939.137282
"86e98ed0bd2565b661b81ef4",800204362.965527
"86ee57ce617b2be312a9efd6",1195907020.63427
"86ee80cbe81724e6919bdb73",438752629.675212
"86f15ce6ea8e97837e6b9383",728049347.979095
"86f1d6fc54152004e69027a0",935983882.504097
"86ff8f274b698e7757ced1af",583648690.291801
"8700c9b62ff5a5c3394b0bd8",528385483.740788
"871204bd1b3505acfa632954",853914322.352368
"87199c236bf22903d1aafdd0",593546490.470172
"871befe27fa79fc1e1813b19",1124016275.74905
"87332a7e03cb851342667b98",1060264793.25386
"8736dfe0f1c6e2181b0ee31e",928096981.167885
"874102a58234cc7888902d42",738295605.858986
"8745eefb9e2761ff7eef558f",1037963618.59886
"874e2c6f3e9f90db80d243d0",539126904.479143
"874e3e3ec6f67c160807628d",763461947.962779
"874ee4f1b9c6dfd3d2358834",1131048941.42567
"874f4a836cb74be301e068cd",964838582.224465
"875126e5776dabde40e29b09",750207491.623117
"876ebdaa0bc953890e323843",518281534.805024
"8780134f8b40f0fec4d1b661",993859879.003904
"878ff8ef3c862929bbb19ebc",842956687.523624
"879d9e3b4ef9063de41ddaed",665198086.078707
"87aa28825a5b8ffbac5f2e2f",657934393.758428
"87b940bd3dae37b9fdac5d4f",487129244.518982
"87bd6ee6f17d2bd5b61b0ddf",1292399064.36961
"87c73db5d50e8ec3a22e6ccc",696770065.515511
"87ca8a2b3251a38d45730f5c",673824691.579343
"87ddb3a17b601cf7c61e8c07",683443846.351332
"87e1b1170c163689d60bcd09",795851230.597949
"87e74ed42a2c8c97f7bdd239",1043897173.17393
"87ee5c7c49ced4ec99f44d5f",902522076.637304
"87f1e9ca16a7ea48de04fa73",963373992.392998
"880bd21afee7038459b5847e",799303599.280215
"8816e8101ddc4e704053e23c",843685355.782075
"8826b9e008064cea38855d35",690543711.801494
"882907ccf178b23a02ce262e",583712107.941916
"882e8e77fa1a71288f6b61cf",1506543987.60693
"882eb7115cd5b8b09fca0e47",1134238697.44947
"8831ae77efac99a6c58ce05d",1138496896.07043
"883371e374936fdd74d09fe8",835740891.652631
"883ee78c03efdb4bdc57796b",854787448.623607
"883f095dd3f7e972d7dd3c2b",716522167.374663
"885a312d9a5bfa8a8db5279a",640240816.325132
"885c77c839d705ca7d04d383",828125541.086906
"88622b66e6c47cc62c3824c1",912370071.256578
"88668347361a227b6dbba15e",970168537.984467
"886706f32695891af743f986",648628517.079708
"886be9a1881866ab1f300533",621362421.994388
"8876b38f90f5571639b7d879",916097636.240976
"887761f34ce0996bb05ac48a",1143623525.1047
"8877941794810464749ba5d5",869218869.117703
"887ba6b287a8b3ccdd5691b5",831812140.671122
"887d749eeaaae288b2818b86",797344864.79551
"888bc3c4ceaa108e048ad28d",894767550.812067
"8890eca19a9e1cdc9e0f0541",1103520704.26081
"88964e1202647db0519a8a00",563717828.331382
"889bd77c8271961a6e4925ea",723080659.629941
"88a4da0d72977b0c56b31061",818070908.092624
"88a83e58eaf136a82ab1fe37",619610538.158128
"88ab887e18e38d0b8315286e",733824986.911278
"88ae3f4a8ef76675c66e925f",1182123358.77442
"88aed38ca59c09e1a6202672",684525983.999853
"88b02e7b20ce6db956afcdd2",1235021170.82804
"88b0d688281db2ef0a782921",1062767450.96174
"88b98c026b7650192034535f",937512015.978441
"88c4b21ecffe12cb6c408a6c",831262550.429996
"88da5851280dbe750968c565",512708153.349927
"88ea2d2d7cb6d641df3ad76d",1080645918.35103
"88ed5ebb575d026f8d440c60",589806339.122625
"88f36882dae9a0487383b769",772221597.285424
"88f3f39ea06fb882c69bbd10",690704095.656218
"88f632cc304cd769e2d4be27",656979906.813654
"88fce3ad9b8a965dc11336cf",685045882.149568
"88ff73eb829a6ec5bfcc0222",1027421912.62993
"88ffa9f0bc3f6c9f2e589a75",1090018902.41747
"89016540f8b3fb727d863bec",901709710.59287
"890df90091e14d1c3a1b30e8",404283845.634841
"89131a0af2db172538723b08",916110634.215676
"8919ca18fff7571002e440ec",921721013.643787
"8923182b6dcc9f2d8be1ab53",705518909.890468
"8925028d6e7a6cfce9967779",491400988.940377
"8925e22f8511be30d50545cd",746301686.731543
"8930f231a5b9d8db14e9c656",720542423.010343
"893c1b081e383de73b9f2e16",1151902461.83248
"893caa7433c200e0d43e9f27",989821398.884082
"89498fdf642e770ea75be7d8",1076920365.56172
"894f346e0ad39c57fc0f369f",1040914505.68436
"89575a90c7b9b960c8f4e052",912111365.431759
"8964dbb5b0cbfe509613a63f",962286215.762381
"89690c80b7adcb8a8afe531a",703576380.627504
"8978ec4c5b2f02fbc1f57820",1157459820.82085
"897c0578bdc8d59843bcbe38",480743284.012847
"898d1eb301c92ab6603e0b81",628624993.392107
"898ed7299f0c7b8a99e4877b",1070034497.48396
"89952b237fda041b09f0efa1",982525813.298149
"8997555e7bea06f7b90ce821",799930594.138726
"89a03e25c43a555b47c53864",899690048.573574
"89a066b7d6a31dd066fa0d32",805737660.139557
"89b0592a715c9e135967f947",671698370.721768
"89ca905d858c7731313c82e1",822274402.585722
"89d36acc5f617a6a97e02f23",956019960.460358
"89e1d01cb5bfdf567faca443",709308315.415557
"89e2d612654b3c792311faf7",945882042.935681
"89eed91bf5148b5645408222",890974684.385375
"89f8ccb0c1e2136adf87a10e",908138378.422695
"8a0053376ffdc75d0bdde77a",1302334951.80056
"8a0114372706f30bf6867a2e",802757037.245906
"8a0d2f8860a90322d6c3b61f",589211184.63297
"8a100bd7f5da66664a2680e8",677260065.203565
"8a1105028a1a1b83c5080abb",372310887.329234
"8a1b0f59f86e33a7aa7c2c23",1158292316.66478
"8a1d1f70adbdeb233ed3ec3a",843459443.263655
"8a1d93bbc83f4728657317d1",1057023927.59212
"8a1ea9d91b3d8a66c6341243",811988777.220392
"8a20478528e97700dcc84abb",458411713.323421
"8a222af682e2d7796643ccf7",634352738.111595
"8a3b7f5a8da339fe19e8f138",927321817.998891
"8a41638edfc5183469b6c43f",853638485.939272
"8a44e15417d8e520a99454b2",450809010.329577
"8a451ef547efb90a8fcfa6c8",1085707250.21526
"8a4b7e86a90a296e10a49ea3",526963788.553212
"8a514fffdec277cd46c7cc71",732980503.916082
"8a5866428508658b4a2a4cb4",580543043.488632
"8a69b9d7461107db6d16d1a9",798865765.128471
"8a6cb559a488d6ce1b641585",767782056.744639
"8a6d013451e46411d35c2b6a",867251916.272352
"8a724286cf661794084aa87a",971060881.910135
"8a7ddcd0c452e7993bc5087b",657752376.962075
"8a84a073b855e37a12327357",978486361.164018
"8a8c202c069c20696c2de85a",776641671.528621
"8a8c8f5aa68c4e530d62776d",585235258.941911
"8a8dff62516671aee2250cb0",816269198.40244
"8a8e4996e24142eb413c0d12",1153836342.58375
"8a9663cb622a55f2a1a8e3b4",684643568.249738
"8a975117ab302b77ac057823",679148318.444564
"8a9e6d0839f9fabad2fc3214",696220602.021234
"8aa21f48a83be25f924f85c7",866410070.389466
"8aa5ae4637ba83e672cd3ab9",905934253.435732
"8aa5d44a72b2a6851d14ef86",895767699.496642
"8aa76df8fea21a42fb6229ff",640803368.187619
"8aa9e1e89993aa49c5c3eced",717234010.503208
"8aac8946e7ae5725971c5557",612151592.012479
"8aad5795547ade3c804c0ef0",748834266.103361
"8aaeae6bcfcee5ad928ce28d",1080210049.43782
"8ab41842b8e41b89d8670ecb",395019013.502519
"8ab5eda5b66a6c2becffad29",797132810.260211
"8abe99f2b71b13dfe7d71616",1318571409.36207
"8acebaa9fd7e917d7e3b391b",678824208.975462
"8ad016d414e2d2be053d7612",755128436.647962
"8ae41ff6a828f175a9f628b2",514462387.178383
"8ae869c5033c248f881ac313",674744636.652642
"8af2e264b801b3e155e52be8",1043595971.41993
"8af6bb75c85a2789156b3696",461671741.774653
"8b083d7ac086f52fd2942a82",704130064.607651
"8b0e1911b8ab8028409dc9fe",810651592.85717
"8b13054b3318289aac1f13db",383031851.653324
"8b1acd29eb268fd684036180",556691059.228021
"8b2d8edfa6788ddc0c7b3eba",720745552.880269
"8b3350aaa66b9fa1c682c15d",931049883.820746
"8b353ba6823f4f800635f0cb",785017307.930072
"8b36b7364e4a4c80a6e50bed",610975664.51056
"8b450ea6c21fe0b5157529a4",888276875.430092
"8b45db8a4f2c0f772c8d44cf",423369464.118773
"8b47b76193159a21c3580a3f",912854127.152161
"8b4c54125d9165554e4123a3",1114672622.32965
"8b5369b126b75c497b1a7b73",620243106.554152
"8b554961129384797391d1ae",989182469.66141
"8b5b351e07a26c25cf51e176",500809952.498459
"8b63358f3cdf8df0eb1f43e2",957442453.335164
"8b674605311d296990ec72e7",580026464.983695
"8b69bb9fd7f0f19a248f5cf3",640603361.686109
"8b6efcdb553f6e936bd90f3e",851552043.327663
"8b716bc4d6d833f9bff3e729",659351372.032867
"8b716c3dca89b7caa7db1aad",516247125.262698
"8b753628bd37b9759dad06ea",691903881.548988
"8b788f742021f2438ffbf528",464473979.914117
"8b801b4cc1d254d0277fba5f",736916139.218414
"8b871cc48b99bd4190877bd3",842399597.502927
"8b89813a4ae5f9209f854be1",837531275.179309
"8b8ec04a78d3826b2c8a5754",662135943.736122
"8b91a957eca1985938860c28",766667573.88684
"8ba2d7afde20563e38892304",750564009.711511
"8ba4e8e071e458a13efd179a",843993760.647287
"8ba9304ea7b8d2b071bb0699",528365465.055215
"8baa01b8c6d29c82a6108cb8",539337148.371639
"8bad8a7faae115ac9007b13a",850161747.299605
"8bb1a2ecc997779d1addf12c",484810157.436876
"8bc002e1f02beb4d83a6f6ae",949442637.594697
"8bcc1b035ea93a5192256b37",732334497.944349
"8bce0097d22b34a804b502bb",661117225.425162
"8bcebf3cdc54d4ec99ba0d88",608498507.431451
"8bd2490f83568ba653cb74f6",1090379038.99387
"8bd45966c16d4eafb49ee2a2",1126325271.02229
"8bd8a7e19b6d3b8bcabb84d9",616909046.820279
"8bdebb8914fbcaad625b1764",697335267.691159
"8be43cd8653accbb8fe8a270",768181119.241963
"8be5fca8f4339712c6f3e29e",505330503.415274
"8bed46960db1b2a7954ffbcb",1290287923.08794
"8bf61f106e60d6be03799de7",972006512.857986
"8c0154eb5be437746213aec8",1043897173.17393
"8c02948b66db263420c20d3d",865149339.952593
"8c04aa7506b8c80c1bac23f5",1252967906.43568
"8c05c66be6008af7f6dcc10b",961871584.137117
"8c107da7487ed0cd409f4daa",935920142.90526
"8c1695c9a31de0f956e4ccdc",625056608.806246
"8c18d3417886c150136a03ba",426861401.713007
"8c2423c14aefa13d255fa77b",778527802.177022
"8c258d10ce32150f5fe5b712",867922975.540634
"8c32b6b31d1a1d5736c4df61",1383435192.85672
"8c3373f9c0372b87ef021512",945495536.564374
"8c3a02c9ca043cf0f322ba84",673830428.570605
"8c3aa295f7bcfd9a43eb2037",1067076157.42042
"8c40078231bf7af2f3a06457",485138199.103063
"8c41bfacbc1a6ab831b26fa8",890802488.142104
"8c44d216517f5c59e2611aac",428718567.032715
"8c45ac143f5cc43e9249c17b",1013336652.71252
"8c47395a28f8177923d7b75b",588858657.717742
"8c4cc779f5034e9c10b2e698",450048775.799325
"8c51f1b43f15b70d2a294918",379520895.706719
"8c5aa3c826f325a9a6c6f524",886392803.0552
"8c714badfcdef8ccc73df9cb",1983176872.58351
"8c787c1e6161b18601e6d7de",710919405.77666
"8c801a266256e3fbabe7e3d2",700516222.648355
"8c9849cf3d20991e5126420b",965032420.145963
"8c9b472c55d4b99e44041de5",742049109.478823
"8c9bf9031bd378c1105e3f3e",941097553.379817
"8caab74ced535ec5e75acdfd",472488670.029137
"8cab957b322f1aba06bae4ad",676070181.116715
"8ccd326e4f515bf7e817a14a",847291608.367923
"8cd0345dfac13ab380240b0d",707629803.086713
"8cd3031963c612efd0049f8d",857693139.391185
"8cd46b5c9cbd056d3712f155",767001372.752798
"8cdd55d191f206b0841e56eb",752356624.4901
"8cdfda9067e0934a8ebe0894",804134161.35633
"8ce2d6e505ad1da079f34a8d",947834260.36682
"8cef9b18f20e9c5a32e7ccc9",1165594292.21546
"8cfa1121fc87d9483ec63611",833374523.69942
"8d01d6561223272181235c69",745772154.788126
"8d041784b65d33c76e5245a4",864911038.112333
"8d06037db08d0754bb67da4f",727573227.591846
"8d06af8e439c45e0e125de91",806208881.85989
"8d0ae601094562744c8dba4f",493823101.267198
"8d114cef336100a8d8c81ce1",811895385.703031
"8d15b4bb1447eba7a680ef47",408323827.280595
"8d16b1bdea35630a3b09b192",845740267.415286
"8d1b3071f5396359c0b6cc62",978381954.143931
"8d1f7b0cfde7e496e7bfe972",712400024.069741
"8d252e9b0912f09703110b81",752899030.000427
"8d27746cd9d2532fe9cfc408",581139749.570136
"8d2e85825e95f6941445cace",910954865.079372
"8d2f9968ec8aece8d1a20137",820811860.85438
"8d3f4ec0c37443eb3f953584",922238627.692006
"8d48f73816b248d1166a09db",828620957.800136
"8d5192b6208902ddf4804839",917515504.974468
"8d54b9bd24cd9da341cc942a",1006773523.88386
"8d5a73b1d27a66b3f72fa662",1079177850.39947
"8d5e662ba25a71727f1eac77",1027062618.25898
"8d6c523d4100ab0c83a31fed",913360590.364042
"8d7dd9de4e919fec5916862e",893591381.588743
"8d81b4681ad0055c274e7da4",590713753.600262
"8d911c1a195567dae3cad99e",468197305.619162
"8d97cda83fc7353a86c9393a",801025485.431746
"8d983b9ca65f19ff3d69985f",1577394657.81944
"8d9b143cd8eb71b05d32cd2f",1161443980.58908
"8d9cd237c737f6e62092a08e",1286541881.96407
"8da2439f391c6db92b9260f5",1050048457.63487
"8db285eda04ca37b86dc9724",885586399.99042
"8dbdd7c8971a514eb7cb4d3f",987983996.481888
"8dcfc24742ba669335a2d65f",808181004.388397
"8dd453e986d05c6c1dd104d2",770043495.386662
"8dd46fd8ff592358e4c3e7e5",670705144.422196
"8dd954e7312e6e6a07d6d4db",584160973.354452
"8de317591cefdbc375a41483",769263020.023451
"8df5099d856c7f9de43990ab",691605649.421499
"8df9256029f526ca313202b7",1043469264.1946
"8dfa059401e1dca80ae65ae1",796534324.148904
"8dfd846e6df9a040ae1188b7",451733342.592538
"8e0ba427ea909cb7943929b0",702870462.681056
"8e160f094a0425aca23f04ac",745196246.911373
"8e17bc9f09099ba3138c232a",1121918313.90638
"8e17d7d78e7acffdcb04d982",656827024.404047
"8e1bd01ce4b7910d42f59be4",652273963.368783
"8e1e9ae57400052cbbaed9dc",1367530424.1065
"8e273f1dde4801825fb19742",862500705.001504
"8e2a5f8431996ae0db65d0be",1036514908.26899
"8e35609c1265ddf59e1c015c",827306898.811765
"8e3700ec731701361d7bb7c9",573132534.185365
"8e374b19fb87640c56243088",476446592.439915
"8e4709859d50a75dd08b03e5",491119046.516239
"8e4875b7ecd0898571f0b1ae",660524897.748604
"8e4df02eee6cab9bd1011987",789041281.120182
"8e5123f5ef1da66571ccb600",1285718500.68096
"8e5661e79f4fc282abac1f37",989883697.841914
"8e56b5dbc4cf628ac12e5bef",1593344510.83031
"8e604d41e0cfe9c93ad536d8",1282432257.8827
"8e6dfdcc28f830f2696de9cf",1238643368.07994
"8e712705b7de6e791c8735de",797990668.903421
"8e79eebcff019c3362a76a26",860236538.677205
"8e8852450fd5556f748c98cf",756562382.336476
"8e88e6cc55ca769e472aadfe",645192376.132826
"8e9e35321545774dc1f85776",804460111.002418
"8ea02baab0c59eac6584f62d",1042984561.17889
"8eae4346936f8c6c67be81ba",546925682.593997
"8eb66c4b057dd4b07b5fbca5",1083494466.62274
"8ec00d454698c119085cbee7",742689717.930471
"8ec09555f5a47f96a8683699",1331108351.62481
"8ec491780efb2c27df8dc08b",798729754.901393
"8ec8cac469f2448654312aaf",838389837.698848
"8eccd2a6352c33d8c7abcea7",833589525.540478
"8ed11c1d4e7aa1ccf0ea0508",475614429.091574
"8ed5e7770d03c43ed19abf42",701253790.556858
"8ed95f9bf057114664ea441c",808980881.65138
"8ed9c13717d2bb274a81e460",933278232.80533
"8ee4a7cef562d388b8444c29",685451048.39521
"8ee7d2e0692e49bf9d308b4b",945620659.478067
"8f0a61533b6a01badf43b6ed",1021174350.94265
"8f0b6d6dd914911c7e90d302",876971479.410549
"8f165174bc07c28f9fddeee3",1190509733.7811
"8f2218126da9580268661c70",1062308072.5619
"8f221efe392ba42b519e5f57",999562816.417171
"8f2fbced5d357bcd6b1c7de9",789908475.182273
"8f35a5d800d98481d7a8b6a4",626331999.385782
"8f36d25584407d9e3c326e71",867612278.096437
"8f378dc1215f9213f187c02c",617608618.289099
"8f3924eb214f5194d21499b2",993065927.92374
"8f4241a17d1211687bf232c4",482809399.900941
"8f428b58a5189effe993ca4b",363561786.128404
"8f4687b666256e136148c3d0",925431936.058206
"8f541a839df1ae79d563427f",718636448.025789
"8f543f9c31af1eb17ef1e353",627053035.10832
"8f5444b81998e52ad76b3ddc",827679628.695078
"8f570610ef199a3ecc49a0a5",728810792.709123
"8f59ec48e38092ab01c23e33",1187902889.00135
"8f6076f8ed13e87862d82255",437068990.590344
"8f619dd7fcf5e1a17af301c4",1063730460.13976
"8f8a92abd28c8990534e847d",1059037070.06061
"8f90134b8e68948cb18fced1",595035323.772321
"8f9417de118ef8486538955f",1021642654.41887
"8fa4be9ac1ef719dda1f96bf",454673223.350918
"8fa53bd51f5d54be50b3fa29",380166572.937852
"8fa9b20af1508af7a01e2267",570491457.661965
"8fac177c5a8b4faa21b33138",424430505.774086
"8fc4070ce12262679c381515",751177444.580401
"8fc50169e6ec98a3f4229ffd",1056168197.37457
"8fc78c514a2f1cdbc5ae6e1b",1177085505.52458
"8fd452d3f5f1dbb3b65f5274",1021314425.09055
"8fd5b95f5808b4676043de35",642830100.86059
"8fdc9f203c3de5d486de7ba0",496859997.899237
"8fddeb4ca696706f6cbe573b",872108286.606994
"8fe1a07cbe9b8f3498cf74b0",482390838.803612
"8fe7db56d501b9c11461f62b",752065066.326847
"8fea95d0a70b1ea918803f58",888029507.954132
"8fedbf13ebb7cd3475fa3074",1016251873.4931
"9012294b64280c565a88a1d8",772887259.430608
"9017accdd4fe3229fc45280b",427275802.446467
"9017bd24d173b2fcf564b32b",1216321996.83513
"90186e67d802be6d12eb3696",763889790.748043
"9019f1dd02ede61479b62406",457482359.71984
"901e3b835718ccae27c8831b",799346745.778184
"902d4fc2c44ae5ca2703426e",802920070.213129
"902fbbf9f5037be8759775a7",1061013706.40562
"9030f17b47b3940c2e2c4093",742986693.32958
"90332d50e91925eb9b614bef",865905881.849426
"9039bc918a76e486041842d0",606388682.544273
"90470cdcdd2b813b39f28ab3",801093958.027097
"9047c4764f2c6b1a10b87e99",1206621816.88887
"904ad71e7d108930d69a7332",765357384.281278
"9050b1061469970ce28742a7",404023887.745923
"90511f2411d4a37a7224b995",831812140.671122
"9051c6d14018b4894b560e2f",1399543171.56389
"9052c644813d546987a72305",511475135.622231
"905cea21c0ce1cae97fe86ab",904681938.128926
"906014f0ee3f3f4f0576d4da",512739638.140861
"906e1f2e1bc5cd51a55b0266",1079367298.8425
"907f968e78d748fde69dd44f",618346257.253854
"90822d4e3a369948cdc4d998",676305943.88215
"908330b0d2651093c0bb6719",901210299.357247
"9086e6e757243bdda003878d",968405977.603081
"9090236db3ef719edf72a330",1304017149.21368
"909182c92bbc39b00536ce6b",407950660.079889
"90921c9fce21986dd23bc645",573162474.229777
"90961073d9887bc1023315a0",658370293.054955
"90a269d52e47c1705f9b6cf0",1176672342.28242
"90a43053efa1d292af692a87",544523851.246519
"90a711f776d53cf654614649",813581281.053095
"90ae7af091c23957b88de5e9",808936090.803574
"90b04117887941ac898a67a8",456550333.206267
"90b25b6b913c1bf0396c149a",557347825.910716
"90b28f5125a0b8a0e3b10580",1094757747.57272
"90b34ed38e0f18988f11d77c",858252136.065781
"90bf218565cd67ed83240033",1154926926.31977
"90c3b93badfe7231410e95bf",866921614.516095
"90dcc3f9428a4e7cc396a15b",972020107.876973
"90dfa0d7be06e7a1dc15770e",536434643.779061
"90e00fc58569167c00fae7d0",884386501.6926
"90e62f8656ae504bf6175e0d",553870387.497326
"90e858d3740d4aec0fa21c12",959657761.790634
"90e94b7e392f84e01a5f1551",1122005726.72135
"90f0cf22cf9c8fcc290e495d",596261700.131259
"90f320e94aa429856e37bb35",482374726.514306
"9120f0e5a6f505a2553bfd58",748967789.292012
"912471caea3c71e3f9f70877",789318336.033596
"9129b78a741bf5e24df5379d",742347761.14919
"913cdfdd62e35472522d0a6a",573960348.217773
"9151a8c65e1f01ce591c595d",678902285.278673
"91561030d87ff5bc0a497f1d",978860047.15097
"915842a8a03914c08a6607c3",462695303.631017
"9168a08b1fac4c5448626ff0",798198963.809476
"916a413537580440c4ac6028",763005218.192285
"916f946082d03023ffad6f2a",831069658.169765
"917218fe1425d2c222da1ed3",802389750.985273
"9172caeeaf6498737fa0c6dd",861940440.899449
"917829a0aba571cbe794838d",648871015.388079
"91892eac5e9565b12b2a99f7",456889245.258305
"918947d51e52e0caf692f22f",519467043.295795
"918b0d900ead8267aab4cdf7",573384124.199933
"918bec54bd7587daafff66e9",738779127.645627
"918c48a512fd6ff22fdce5d3",737814032.154906
"918dbe66979d16b147bd3322",741942063.043758
"918f56ffe325f21522cc60d3",464441075.545168
"919bdfeb16dd0bf67787d53e",690825347.973868
"919c1e281329379c4d130416",1135885783.56226
"91a08474a18644c43224c62b",530233858.645513
"91a08f81b621333ac58c3845",666653459.727704
"91a73bedc30e0c2acd95d6eb",664570218.249257
"91a7bcd95c0c960e4cc22d91",737588696.015575
"91af29fa680d8033188ffc39",1060270795.3311
"91b57e8d6c41b7afe949bcba",426831999.3546
"91b8b9db5372a2c3a5c30c58",592210998.523032
"91ba0c5b21b52734d1e244f0",627242336.546522
"91bd11b5a8e0c0124be78f46",456442029.382525
"91be1260a84ab7fa3521c495",977361537.066806
"91c4f018fc7939d150593935",1002861459.35035
"91c5967cc1acb3f108d6e0f1",559859527.243068
"91d265ffaa6b407e9747b15b",1007199958.51953
"91d35b9421c4982b54dd520a",886624970.040628
"91e2f9f7d4ed776d38a3274f",831554430.43608
"9200d647b6ce9aea67ff8ac7",831894135.321388
"920b50f4355cd2674ceee068",665610186.364916
"920e2bd03c9d34e36fc38ad5",1058657286.22736
"9215d29512b14aab6178da01",1474358350.52273
"922c37e46fe9e75e73fc1f35",574518452.005361
"9231ec89e58a3daf459c5b43",1220970066.31242
"92369f73435d1ac3fa95f185",767652035.608858
"9239fafbffc066dff0811302",369337328.682964
"92507b623f039b4ef5be8870",774081865.8094
"9251f3dafa0e747b6e78f295",706517527.098184
"925754da6fea9c9cdc06e18e",739169896.787377
"925b457b5df270a68b84753b",411783133.960078
"925f83e20a153a1e094bc606",1002499498.33949
"9267fcc93ae3b6df8c12d9fb",519963205.347293
"926a7b18e48cdbf6ac3b396b",576072593.851346
"926cdc0242544bbc850520ff",700221507.08505
"926d12cfe05643554837664c",448104430.785527
"927de0269795dbe0566a0326",1021633532.32696
"9297c340db8a74e10dbba148",677263842.510999
"9299c976b1afe4d2c0bf351e",748695066.708111
"92a1a8b617b6d2c3669167a6",558516823.075982
"92a9c07259efc617e7d58f9c",698938167.316396
"92ab018394a5398b832d0b97",897983544.046467
"92b3b7d8dac6b2f6d5fcfd9a",697266744.117882
"92b772a38d5e38bb51a3f621",599398476.482725
"92ba019bd942fa33ab742924",791064310.452571
"92ba222e2dd63a4453a30637",599198640.720752
"92c4faf0ba1fbac44db6d1c8",703441252.022561
"92c5129009b7e377fa004a93",806444354.626024
"92c8d6ee8496b91821d7ba3e",714930984.623947
"92cade7b5347d1c00a48a1fc",1148489245.46801
"92d7d4fa9fd09075bec14a3c",1045514151.36246
"92e4dcc5911b42e7f70311d7",802716434.945527
"92fecc04105a999a622ba3cd",655138945.647269
"93086ab3e32aa9599708382a",1030095413.21064
"9309d812688d0d2bdd33d830",659464090.013367
"9327563b40f2a0f888c68f28",1417384942.26455
"932a93e3ee2093d7f806fef8",759940916.596201
"932ce2fe93b8e1ec0e7bbc8f",457962411.676528
"933018604a8d5a9020aac221",753074732.58212
"933251193ded6df07c83128a",1018308958.37707
"933740e21e9b61721b2c6053",808978422.436466
"93375efb2e74f4913d21d94f",761468221.44531
"9337becb0628955b47e45b98",1064113685.81364
"9350225547486ad75c0b5ab3",959360921.96283
"9353136b0c791bec58f93ad2",826508655.756213
"935a1e8c7e62ca9d3bff398e",1107321853.78565
"9362189c5d784741c9b0f8e7",842158359.194859
"936307e2f478c3ff7b9652e3",831408477.624362
"936cdcce007bce08a72112b7",885632865.920723
"936e18fcf06ca3c46eda7c8c",780621818.458985
"936e6d2192f28a2b40939a4d",861888506.863223
"937708417ef2642b7d05abad",966182701.462835
"937876bdc44c3b8fe063a9aa",747166757.345027
"937c0b6350beb0f51e53ff8c",514381525.440101
"937f0b37f566f65a1871615d",527818559.015017
"9381bdf491d48236e84590fa",573643017.978091
"93822a34ec8dcf104e7f49c4",717218110.876534
"9390ae5c166e1a976e53e16b",673425576.399096
"939afc1f6250d528b0be8e3a",850153216.74742
"939ce1536f15c0e6bf203dd4",995898513.569819
"93a1aefcc4ccafe4866bfc76",534027088.348967
"93ab279de0b7b414ce758153",678524559.3137
"93ac0b004ca60ea56cc2bb9f",966355302.944266
"93acd9176ff299221e0d2152",887697855.947232
"93b27fa67eae8cdfcb846772",872390796.890368
"93b7fc7c4f07a7f117e687a4",728228407.713965
"93b8ea95ca1c1ff3881d91d2",592468334.399407
"93ba409ab36d3e10eaae18c1",745521934.400442
"93bcdd2a8ee1d5b61d00d58a",812037913.013677
"93c24fa31fa780d28ecbc318",641891666.497593
"93c5c5d9d1e99824178be9ff",762086919.580681
"93ca9e75cbeaceee69b4f0e4",494556153.349833
"93d4c413d2a1ac59f1b46830",682987867.558963
"93de58cb0d8fbe74b0cbb556",708797168.975495
"93df4118ec3536b312822d90",1243656427.40406
"93e443a5b3864d52765e6484",1141881976.30935
"93f5694b4854068f42ffe55b",813765339.93645
"93fa1c8ebb75b77dea76ab99",1014381795.87212
"940dd8311f2b49d4ec212fde",519545957.768492
"940e08f8fc66ac29f6d76687",870814964.12511
"94116b7517a06255bf4320c2",844183734.2252
"94118bd8c3da3f14f9c7836f",745251057.724942
"941392f9a135909273422dec",611297489.246907
"941569c4352c3a2e32c908c3",1289608635.87026
"94160aa4e5c54bb479b1d0db",471503963.237281
"942133ad6b84f9d08e1d4e7d",887774257.770501
"94213637892f5fe643cbe8ca",689623673.697313
"9421ce9f204f373a50357fce",677318476.941424
"9425283b41165156aacfd43b",663852338.542416
"942c934c0d41ab822d60c795",669934158.085623
"942ed340950f02adf9749a36",470547901.670177
"94301e20cb91669986c4b34f",441186297.06692
"9446f801f30e8b2997fbd72a",1205181133.00473
"945202a450bea48fa7f2a95c",582249157.640363
"94535dcf38c9c6461a73db02",416430632.030795
"945f85a061dc4e95e779e27e",960310956.28084
"945fad7539481410e8bb60e5",786775770.57766
"946eb4523f76bb23d0348309",873594866.829873
"947421747f33db213e6b1326",691193622.253296
"947ba86487536d611f548142",1265668754.96644
"948ba87dfd7993460c967cb4",686733660.456244
"948c392520e1cb3a030ce86c",880335027.902477
"949184accb5878f82fd5c10f",1126917973.58818
"949292b23ece12b655122038",552815965.82557
"9499edd83df77bd6a90560c8",561090753.388589
"949c4a5382aff4750b4dff83",914659579.535219
"94af5eccfe170cbe7d428184",540471417.533255
"94c15574aacdc5c3cf5a406b",522979685.967779
"94d3fe901550dd4ba77ffbaf",1014757769.19257
"94d91969cc4b9aa1e856d801",619011946.842375
"94dc108f1d146641b221cb81",651951282.765413
"94fd4bb5f41087921ca12b58",564446322.72252
"94fecb92077ffe3a72aedec4",620275445.009904
"9511afb73b656135daaceb43",887179321.000564
"95173735a8f6e554f083c065",625186759.695319
"9530217ea0b5d2395adfcc9d",1324011489.97737
"953176c9a901b4f61c030432",921514145.776403
"9535ab027f9f2a9a8fdc21fd",635229789.277692
"9536c686b6ec514d92493f9b",759220064.502262
"953fd7541735fa8d9a342642",908627584.371601
"9543c16bd5eea47111e6b266",597015249.193719
"954e3065b1e8b31a68f6d4be",860667519.100292
"9551dc6098b721dd495e5c57",1156925221.32054
"955544a0bc2eff312e965c2e",1275134119.73173
"95561bd325f60967cb6653dc",1138237766.89511
"95570bee1792641c7c12e4ef",828539298.13352
"9559637fc2bdf96defd2438d",912028028.593532
"955a15a734e56eb287555307",474160259.46535
"9562ef63320854bc6f94b5a4",605640202.432053
"95632ec6578a204881694dc2",628465682.932375
"956600c9a4ed31e588f8c593",1010581150.1664
"9567966987eb1d3117677cc5",472732592.13753
"9569a50febeb4163e28c192c",978197251.829711
"956ad3b1dcbe8f236efe2d2b",629863308.433014
"957731b9940c9131d92a22fa",983875032.206218
"95781f187bd3fffa3d1b19f5",532929220.603761
"9580bf8358095abb15a10c36",375417028.039896
"95815bf7c79e4bff3f41b233",822673041.55671
"958f3e102c6ecf5f6386a004",528246959.269407
"959397711c3f452486ae591c",754536955.175774
"959b2293af0ee4f7c9fea7c0",760754777.477222
"959b7ea50d93bf1c36e35005",935506486.213196
"959d0cba47f650933b9a5168",962678958.803377
"95a7b01cd60cd10e7364a600",774969944.417624
"95ade3ab8dc04237acd6441a",571741449.792781
"95aebb36dc0b4ea86db49492",1011429877.91876
"95b822f76b4d3d6ceb0c5077",787892859.952797
"95bb852a958d7b16fd676e3c",993685438.656423
"95bdebef7fdc2ac0e9541c51",1042253565.72984
"95c9cee9b36fd1d68f647aa5",675219933.470212
"95dae083200a9e43a5aaf210",1129909895.25489
"95e561c7292d64305a2cf4f9",868700695.985007
"95e5e774dac6f0159e8afc0d",789047611.970737
"95e98113e39820523e95adf4",698747382.194878
"95f17e64d2222c904a7d42cc",793958595.141031
"95f27bf0d25bbcd0d1eb9cdb",816014754.751957
"95f7bbdcfb59b4cdb41b0394",795465412.916583
"960c9349b6ef9b747ebe5829",1121294070.20806
"961886897eda4b0ce54d1d82",1014333145.07507
"961baf163a07179bceba67a2",1057804832.16321
"961de1cc8601447b03682e1d",859625235.143586
"9620068cef0622c404e15960",955932078.49301
"96298da2f44ca873f345867b",660133078.642203
"9634cfebe7e6b095f0065ee7",781994683.458925
"963985c57392ed0423d74caf",806979106.28942
"963cc728f3bc207a7ad74ec4",747365682.776355
"963da21c3c571d7bbc36f1b6",614169222.169326
"96448fa0eb077563a2d168ca",478615149.989924
"964734d3430de94d22c927cc",430514646.912676
"964b7d9de17c1ce396fb83fd",601307191.235376
"964e9c3f87176e761484543e",679989960.631256
"9662cce3c4b92d1c99849899",971076027.33148
"966e8fc9af08e76f8b276245",538160010.876997
"96786aff35713dc21f6bfe5f",982180941.537665
"967a7676754d6f9aa3e14473",446127408.177506
"969219d7b193ac92e7a008ec",736280156.138494
"969b956eb7769b6f509d3ee6",982008551.054523
"96a478c359fea0014fde607d",855434836.350284
"96a77e8e42d676b0da3fa572",905616265.71812
"96ad0e75433cc18f20ed83f5",699184597.726499
"96b3ea80cce599b68f96f86e",795465412.916583
"96cb3c08c80815907de81e73",709966374.225718
"96d14697ed6847ee757d113f",470021736.059292
"96d14a1d29b7abc2cad573cd",815616784.503603
"96f59167d17d1c99f31be997",823224255.107037
"96f5db1dd0f36d1087172fcf",735451011.474944
"96fa88a07329d3988b6b41b3",872142490.417168
"9700892d7133ff2c0d1763e7",1164378903.84051
"9702737c9e4ecb12d0f9ea5c",957389671.707902
"9702cf3039b86f97c003e20c",724288955.358608
"9705748d2bb061678a80826c",1011087872.27253
"970c0d4928a9292748c0fd00",943267242.362057
"970cb360eb64128037be7e23",856416614.226906
"97106114a8d353ffebbd07b7",566233583.257023
"9717b066e135a82feb422181",687074793.990187
"971a322e9087b67650689ea0",902286504.777845
"971c610e55f133a1d1e6c2b2",835437812.295448
"97337d2f347a50e0ef518516",471751095.526141
"97388d009acd9e5ad49e7c4f",496598420.123051
"973ab56a202e039f5ef37353",574719338.962537
"973afa2d67c20297aa108bda",561728512.789318
"97419310c7e696dc8ca61f7e",771366277.152712
"9741ff1b895a038c32205784",995866924.887928
"97439d5a82f970e7f50d51b9",886532291.66503
"9752758072e096fce6f7f4cf",621330361.411506
"9753470e033b35407a2eca2d",893517376.482376
"975482a692bb98df98b2f243",493520123.618984
"9756b47e9dd47f99dbb23115",820981277.943103
"975ea2f56001edae07f28fca",478953624.597323
"975ee5aeee84593bbeb331b1",408679893.536463
"9761b0f43949eb5307472ba2",872547121.739066
"9762ecd72557ad6728274e1d",845052907.893294
"976945e68af6a66f6fb0850d",687643295.504914
"976d317efade1dd77ef3687c",520934214.467822
"978195f1745ab7e3d69e1f50",850041214.917259
"978edd828fc71300e6723e06",1099500361.96619
"97986583e1c988373765eab5",796987355.472333
"97a22807207cdfb341d5c50c",343881220.184775
"97aacb0847561f45a5540f21",905457313.717541
"97b12012ece8a740944aa547",998803955.417069
"97b57932e5e20416bad6919e",1167107859.09879
"97b69097fee8d8496a6b8c04",698472352.853026
"97b791fd94b2339ba115a75a",1045309779.79638
"97badba651a94721af5df3f0",715510709.797226
"97c799300453ab511bd06361",637139572.638377
"97ce3e0ef38ad12f7fa8c4d0",376010761.42922
"97d49e61c1ef55451e52c8e7",933567795.542662
"97d64459dfb368b1f6067ab2",861915037.22061
"97def72de478566ad58020a3",903505144.942846
"97ea5dc81ba49ade4f8f580b",713339830.247758
"97f5e6ee143998e0b3fc97c0",820040099.697196
"97f9cfef1e35be84ceea2a46",1121721396.99219
"97fa4be3ed93c37c048f507c",447949995.670617
"97fc10f5ce4a6fd7357381a6",687065635.822909
"97fe6eeed892111bfa20255b",485149716.253723
"980bafcd065c8e3d6cece127",864717292.345174
"980d809e549333b475477bf9",609684049.754821
"981b55d5c38361caaddaddad",726706263.036563
"981fcb79db3881259eb303bb",662701081.915684
"98318f22c00ab335d8aa23c0",825601634.726297
"983503bb75d84c410d1c5d3e",1023582075.25301
"9836bf9b64f27104c7863b79",611389457.602193
"983874e637a1a5782f31089f",512438232.126344
"9844c3773f7a50c71f218e99",916778369.163539
"9847a4ab995b7b1c30196704",1220388729.85658
"98502628de3c4fd3905000a7",697025530.910293
"9850d970fe9fd9bae89f09ad",816202236.093843
"98510008e150296ca9d27d0f",899469526.184716
"9855712ed7be7e865656de13",765909405.079549
"98575cb25b358dde32ad042a",1085899498.81841
"985e40843a30150e6892e4f9",821207673.94847
"985fc7ab5aabf1831ce3d298",704655470.034976
"9865836c04a9582688f50496",484083033.08837
"98665b825fb3a06b914d39cf",1058881725.19146
"986defbe9082519824ebc882",1061475379.64467
"987199d3a23c08ca887b301d",882396610.406032
"987476ca395533347581b2df",687803539.634422
"98799228c26c9e4899bed65e",491795278.317486
"9881fb167319b34cc23da955",1163639906.86187
"98865eb2f40b8a30893cd351",565889532.030743
"989360149d9cc6088391db4d",755237845.260908
"989a4fc1590097414d7c3fa3",563534667.529313
"98a0289e513d5ba036b24252",605819226.54335
"98abd5139cc3ea136faf7c8c",990883216.453382
"98aee6a36f208227a992f9b6",1161864887.91526
"98b77fc0888335702d082f8b",823262688.543772
"98b973c8597d5805f87dd074",897399002.172013
"98c5b154ec80083bf6f51835",1006997871.68264
"98c98982020ba42198aeb45d",696342822.755277
"98c9c866109bedd605ab7dbd",990966064.756622
"98d7f0935f021acf313630a5",673203568.143458
"98d8411005ac05d77cb12516",986025495.293248
"98e04fd660ca1276d1510a72",532524547.551592
"98f253233bfcd16533e2a448",981172271.686348
"98f2d7810641693c44096ada",816767765.893616
"98f89d21e5dbe53f8704e745",763327946.610784
"98fdd3fc6c9447d0f05eb1c0",494989019.437527
"990379c9f9f210206c6f1916",1122206266.78204
"990c8d65ca11a97a1d34c5e5",808558390.888197
"991a94dd1e99de493672da14",580148233.772562
"9931470b50580f51e1a4fac7",593639115.414134
"99340b6cf8f818392d501e9e",1109748223.12615
"993898470c6676ce46ede92d",867088608.44523
"993a18ae04d78d374f854262",842378473.363265
"9943a2530009f62cab6b466f",818222872.452241
"9949cbc958bbc0114404960a",628843445.447515
"995362e3fea8e54538ac135c",779555601.691995
"99543a17b33ab955d03adfef",847552526.179816
"9957ccd807718945178bb847",1034647828.41497
"9957e5492f63fa295772246b",962910603.874353
"99587dcb4237fe90acb15b5e",510478451.130999
"995a5799d9a1a7e4dfe4fe34",769518496.428036
"995ba6d1fd63d5160fb18e71",1137152619.16308
"9965f598c5b95b3cfaac50ad",1016330058.09718
"9969f6f4bfb29e3a97c2fccc",720994722.50129
"9982169d6f3e9ca61dacfed5",681093010.863193
"998c1a6ace613d8a7468ba5c",960429067.806661
"998c864a446f06d114f42fa2",1134424766.40237
"9990217fa4eae1d1c4ed051a",1016931003.24565
"99970db787f55a4d1963942e",481375558.851412
"999c8da7dbed7412dcbafb70",752674822.296939
"99ad7b36c3c916393e951507",713690796.29451
"99b31d0b5d5ab75a2653b1a1",510888200.967968
"99bdce7cdea643b0442976f5",858101127.318368
"99c1b39476ee8e2ebfff6ffc",742309664.099594
"99c539fecb3bc233288ff905",827789028.041414
"99c69eeb96e1016a7e53b33f",756433979.011813
"99c6f87ac92cc323c8caa005",970515843.86487
"99d39d72083d7485e8944a3e",731637746.464669
"99e48a46a1a599471d3260e0",447298100.962317
"99e860bbf3033ee4654d393b",880380335.943074
"99e9c4f8fd7fb7929da10a20",468167991.624698
"99f10097f39b32a478877340",736178084.393324
"99f1712af0fe96f67d11037b",618463357.775299
"99f8eedcdc31cc0ff6fda7a6",436065260.135237
"99fa9611d644cf325e20e603",1325068100.7651
"99fad8a7877c57c0af05b318",507073046.45433
"99fae85157be04554b236007",710244842.351776
"99fdac6a2ddb1136f7117f0a",655672280.959183
"9a08127164a0bb61cefb3680",432356528.852003
"9a091c59b3cb4c730372b34b",431929485.162264
"9a1819c45b01c341647a2410",836107112.349438
"9a2051367d6dcbd90a4d60e0",710452600.1608
"9a296eb9b63ffbdf2a07cd0d",892501663.821898
"9a2b53c1c7151a8b26a71edc",583357911.622043
"9a3368605e5f563e29182f3b",722693626.249369
"9a354d8c526efc5bcce59dca",679723501.701841
"9a38e7293e9ad7d8462eeaf7",1177705522.41636
"9a3920f803b087c29b487cec",533947045.135205
"9a471715e4c4865b822a6b77",567596587.418361
"9a51784f33b0cdfce8312163",643376545.201752
"9a53016fdce3d3b5c2baf3fa",1155396525.49687
"9a565e7220cbc3d5d340e8d7",703419696.651249
"9a5fdeb5f389590eb46e7aac",1050519665.53849
"9a61bfe6ba2b8364a92e5a97",937931627.198056
"9a6440e5318b2de28b180a2a",817133031.663199
"9a65fe451b30c59beb3d62ef",921004023.767167
"9a6849637f1b8332ab289e27",1454141768.58395
"9a6a8802cbf3549870c55031",418839547.687401
"9a6b537a7319b3446977919d",1433018649.38513
"9a6b77dc2c414f0baa11effc",573013231.272738
"9a76a405640f670c6355630a",711694201.803253
"9a76cc7c650230c670e703e7",701488001.845057
"9a7f24ba55c92696d377bcb8",964550165.279385
"9a889078a0225c013570609f",441165780.684283
"9a8d13d56d677379ebf9a347",1087015644.72506
"9a8e471c8f4488c3799483ba",547109915.256303
"9a9553eb431458a3e30fc672",888872058.945148
"9a958690c3947f5a8f05cc80",974944104.695904
"9aad22f3d25e46538e1558fb",858389797.303365
"9ab245a4c91877cb7a8661ce",909000094.721163
"9ab273eca8cd5dd4b6339ca4",467130069.429491
"9ab385e399a4673732b6a799",972329220.475305
"9ab4e5f8cf2b807603329cdd",992371070.347012
"9ab5ef2c5650c4bd05248990",496598420.123051
"9ab74e81283becc00a779172",788903095.499196
"9abad9f79352ed42d1a9f099",461011288.29933
"9ad9ac8728cfc2387285c24f",536340489.816679
"9adaadeeaf6a403e1c8754bf",1119905394.98872
"9aea45bade274e4ed91ec301",703362923.06827
"9aeed339b2d916cc89f38bc3",669846148.13945
"9af17837ac2bbe7c8ba16e0f",780600467.970661
"9af6ac77a9aa0c6da3cdaeb0",442474107.211485
"9af956dd8d83bc715592b97a",378863960.105071
"9b06c7cebd33cd26cd6cc089",1473840842.93865
"9b0833992397c6e50b54715f",555959832.446646
"9b0abbbbfe0bc85686304ad6",934695640.550548
"9b1223cd8c9d7b348d6a5c94",872002628.678965
"9b13a371ed4724d2e2966447",997010802.278974
"9b1590945c0c7f7b0704d287",805086545.791137
"9b15aa6c85804621f5c42566",933769826.887808
"9b184e58842bcb14dd42103b",738175885.568616
"9b1be976725ddd512cd222a8",1153162421.45268
"9b1c23d616e9407fff6553d6",441813755.727569
"9b264d26a196a76951308cca",689999899.452357
"9b2c7e6cfb2d6c66e1ee8a6b",710203227.538074
"9b30c679d7da9169580773a1",982749454.675678
"9b337cb1451a8fb078dc9a07",744163237.975836
"9b3557302e940d4da341cdab",498009679.160854
"9b3677d498c2ccf69c756ec7",1177292141.54501
"9b3846c7abf642e0a6220e7a",616799307.907984
"9b3cf0d1b91b9c6a2a887647",646408002.091214
"9b58b5c993540ec3ab1e4a0c",831981781.19373
"9b5f013e795f5fa610d03238",797850607.137663
"9b7de95ec90da0dc8cff7011",797403858.754122
"9b7f17ddae12105d47fad7eb",860204597.49245
"9b858a70a031475e422e375f",760856478.006549
"9b8d798a2c455a960ee74503",581479595.574894
"9b948f070b94c18e00a857a7",507687396.735632
"9b9db425b698a4931173b5a4",683618734.841851
"9ba689b29d0696fb7ebc44d5",1043412801.49051
"9baa578a930a94f761119fdb",392483537.962196
"9baf7967c49fa209de8dda95",713507399.347273
"9bb193ea939c5308a738fcef",625649770.813647
"9bb9864a6bcff25b17477717",645182520.920644
"9bc12d9c9ad95064412c3413",806042433.900396
"9bcd34e7a974c977f65925f3",1415610531.38439
"9bd500fb24eebd53d8262b62",832515340.018286
"9bdb1bc52a9ddfe92e6a948b",855736284.890283
"9bdc79dd02cdf39f92e8c869",842399597.502927
"9bde9f216ecb90814670e87f",686291363.715349
"9be92b361ffd3ea2c69be23b",758447723.155131
"9bef4aacc63605f2b2b62292",503072157.884702
"9bf2e0c1bc82010e92da2540",830176683.512759
"9c20784acde0823e9479be2f",759053004.188747
"9c2c22e70cffe6836f554f24",640378506.515765
"9c2c2b01934d1d519e651786",945014560.001034
"9c38b9798313a3091d13b340",1088610474.71121
"9c4ce4e9f12764544cc8bded",892860964.589639
"9c4dece6127f1f3f3bc1e0f7",822203088.867584
"9c4f397c093dde7de5d485cb",815498056.39492
"9c558e10e5bbf230f16968f6",1057303666.99142
"9c611e246a612ac6906abe8e",1142191705.35226
"9c63c6c27c74c03f071385e2",795066462.599927
"9c6a01e3c7ef87d27185e9f3",784241934.55211
"9c6d7e6260e4fe83d43706d4",609866439.644344
"9c7bcf000cb37f48d9f15422",883393793.272951
"9c7c68df14c238ce0b497dd2",684523400.946027
"9c7f7b0ebe440f60d3bd478e",452577374.39794
"9c942287410db3d0739e182e",596128832.104249
"9c99a85c5dd878568582dd9f",644795171.318462
"9c9c2f05352c92c02d080e96",1358736958.8073
"9c9fd309cfb505b628f84fab",933473402.413413
"9c9ffb3401ab6ab90fcb555e",1359930001.23946
"9ca0839c9c294674e86eb691",1063568617.02636
"9cb40496518bb99a7a00a2ea",1391474082.90745
"9cbed1ed72b444c22d8c1614",674029759.48484
"9cc3c05f0e81b8f6454b80ea",506778589.743747
"9cca7c1e9ff65766c8dd2e29",676852900.729477
"9cd01a5cba1674559752f5c4",1272533659.21198
"9cd1127b1bc10db6b8ce5d4b",1213451545.57281
"9ce3000cd80aeec2c5188e8e",791394984.079651
"9ce7fb3190866e6a02e01e26",650859380.508401
"9d021f3fcbe5f82fa1c1fd94",699953819.431725
"9d028997ff036c154c3fda0b",1074511118.27226
"9d0ae0c4dc11d8c6d94e545e",863163673.668901
"9d0d2774fbcb6fcc66b865b8",711629540.666061
"9d157878dbb41c14b52a956f",782018985.046933
"9d18c354e8939c9f18598f22",532758402.865687
"9d2a195e645a9e8556683b4b",850745008.199959
"9d2ec1ed9eac77d534ed514c",742986693.32958
"9d348aa70957592dbc56ef32",784897100.875277
"9d3f5b59b9735da05588b3d5",778704151.876092
"9d53330b44c300e396cdb402",794116491.179455
"9d576cf721ad30ab1a4fd554",444921661.814984
"9d6288cfead77d622f5f5b95",791413745.818295
"9d64345229b60ad1853d94ce",726444347.424605
"9d6810aa1035e91b72de6a26",706339261.575273
"9d6be7123f2c6e610971374e",909127387.800853
"9d73758bf7569cab4837e49c",827718294.918317
"9d790c8c474c9de2afeb00a2",619315154.921013
"9d7f161ee660b1bcb54574b1",1230105925.75545
"9d7f2c004fd359136a662c9c",737024897.879371
"9d805330fb0df9ae73003ceb",639660998.0399
"9d892f73b02f001c2f715607",561585914.873015
"9d8affa93ce4dc7c1a21b3a3",1037962888.09412
"9d8d3e6fb432174770c74e71",890362180.870428
"9d8e7178912841c2a1232ad2",617391834.395396
"9d9564415e52518c2817f66f",678722152.418094
"9da00f8ff8e19d26c1342274",925258602.018624
"9daaca90887e5144c35daeff",515950367.29273
"9db120a76af04028d2f0ce68",437312573.093675
"9dc0c6ef8389978be58daa59",758364376.411238
"9dc7b0a394309d8b76d0bb7c",865515997.496626
"9dd98816533e4ca8516a5474",1124711085.78387
"9ddc14c8e7fe7ffb078e0019",959547081.358902
"9ddc1924043ee8361201b39d",1114306916.52175
"9ddc7272fe43f07035d3da63",1474358350.52273
"9df0663317db1cf4121a222d",736301086.603959
"9df90c0644948ea5539939eb",969146965.381132
"9dfd5df5a2efca3fbf2c07c8",511305251.169209
"9e07dd563b6ff4572f5d9031",1024549183.64751
"9e0feca2ec3043ae6f840631",1057068390.93285
"9e142165bbde850d4379a49d",491559733.484431
"9e28972500d8ca3fb3b76fd9",1076219649.61536
"9e2c21d635fc25f7790cafa9",515823928.500691
"9e30b310c820d0426f504d90",581013078.254255
"9e360588b18cb15aec3b6609",459170870.187564
"9e3bbcdba89c647e4ce53182",781806180.363742
"9e41c4b41cbdc2553d80e362",1165239002.09218
"9e41f25cf2e77f3fbe903368",1063730460.13976
"9e45b127ea0303f973bac9d1",365909312.448179
"9e52ce2cb6f6b7e2a152dd54",745229171.411532
"9e590ad7d22105456bebc767",923818541.71005
"9e5efd4741a57b9af54e9265",657702052.165263
"9e617d1fd8a4f33d7b66098a",1418856570.57491
"9e7ee8e17b1e76965e96ef95",950672496.623638
"9e80db4c35139bbb18775644",1050572409.79681
"9e858250fcb7320b65bed9c7",989461752.085119
"9e871ee8a61b183aa9051b72",1111466766.3142
"9e8a11484838eed1f4673a32",765413924.572832
"9e8cbeb53820394a460f0879",574107236.013083
"9e90e02c8ed3ad137e4c3abc",427234847.740622
"9e92b27f554068b7dfb640cd",479618776.111055
"9e95710c61a4706e21cf70b3",893643365.379919
"9e9e3655ffa5921889cd8ae1",1022190737.68348
"9ea78159ad117bd9c0b04291",514647226.995129
"9ea7a0d65493cb5487ed2084",719966500.334147
"9eaaf577807d86ab64fb14ae",484488601.206166
"9eab02171cb5f15963670172",1337471568.24979
"9eabba4531191127ee91621b",1064279475.0801
"9eb4041ed9e159ec0d890de6",456222121.317634
"9ebe11eba1a88fcb24fcd141",813848345.258218
"9ec426691c80918203394ee1",492090766.40717
"9ec5fbf8767dd0d2744a79b4",735413951.238423
"9ed0bcdb62b2223d716d40d3",795761216.928698
"9ed988dd6739eb7ad7aa5a06",956956969.854229
"9ee3218bc61636cf0d7f8107",563847204.120105
"9ef3691cdc2bcece41b47e78",877877847.233021
"9ef498b11563827597c82947",685079910.122725
"9f06ad3793ede2ba7f39de43",790218414.848238
"9f0bdae4f8609ec93588de3c",736182261.732196
"9f11661702873852a3d65ed6",469855372.548258
"9f118569fb8b084f0615fa22",569636524.790315
"9f149071cf61295815e3f875",763448819.853212
"9f15c77d67021f349714806c",489778253.127576
"9f2498c12d7b41c213bec0ff",467873170.932012
"9f27627b9e439fce085cb01c",516519052.779003
"9f339d547d83b4ef956a3690",798826902.359947
"9f347bf53e4ca4d264a45241",888891689.326671
"9f3680d00c86707fba024dac",916660710.344821
"9f37bcaa95fb0044aeef6075",663112263.352537
"9f3dfa6e1422f6aeac527c61",514540936.66777
"9f3e09a3461bce2fee7e1c40",1503421941.8339
"9f41ce015f02d67e193c41f5",586586659.146608
"9f43c80d2fa31a09592b030b",754173492.711803
"9f4a25a5550f016ef2370229",1184490134.85743
"9f504cc4e6b170155d38c687",752655386.978385
"9f50ed2b7e40847ffd877f4b",1018771487.77984
"9f52855eab4ca5161f1fb492",805000451.344321
"9f5cf735a842860e7ac753cf",635552578.023943
"9f68ff98e302ab06df4fc672",648987968.923957
"9f6ae3eaafbdfd8d5c0e64c8",970354348.355083
"9f6af9ac2404a8d55f24286b",650775056.132762
"9f7204b4bb3ffb8591e3164d",914271155.747689
"9f8697b55cb665ebb054f9fd",484812724.543072
"9f9f2548425519863e2cd6b6",441643969.84511
"9fa391febd5d0a8e4c6ecb8f",399741678.442067
"9fa39c9eb4b10a20dda6c3c2",950677600.716351
"9fc4385ea76cabf741d38789",657406095.504985
"9fc8c3523883947769b2fe6c",1070891693.75669
"9fcdcb2be94744d00e734a3a",1012656190.17907
"9fd4adb5c63fba5a11661b23",444253265.83488
"9fdbab0b428f19e7e8dc35b0",1058078709.43304
"9fdf7d85fc65849cda3afda7",751268449.570707
"9fe75dbfd537f9ebc6653f18",718222517.567421
"9ff06409b37e5b5dece4604a",673275677.008108
"9ff08a6ca1c63480c563442c",933524277.276624
"9ff3268cd15cf039ab958413",668461703.834364
"9ff3acb07666d53f00d1f1db",845735742.874813
"9ff4b1fc1970cd5c102cb755",921738019.620026
"9ff5828e084070628ef2ad96",786772265.102051
"a00863c7c53b2c059ce22dfb",477346071.292201
"a0087db5e9e2cdd6073021a7",767547802.002246
"a01a51af09a3dc387a18b58c",325743859.856404
"a020e479dc5db78794a5fa77",1000424448.06849
"a02bf67aecbac445a12da958",1305996119.36322
"a02f6ef1f148659297d46b33",747968391.916611
"a041ed3fc0b60fc4ce3cf847",805899150.166279
"a04d3f4eb8810a346fd29ab5",1028840942.71136
"a05da8df13eb4b121d536912",723453358.997505
"a05ef49ad8b2d6c466ac7412",1049168991.99567
"a06733f7b3ba964c20ae2698",897197603.414612
"a0722c5527c6d3cd5cac9477",1290287923.08794
"a083fd17c5e7c9d33540b922",722110697.204382
"a085fab6d9b9d8c24472cfb0",1306454691.87448
"a09413ca0b723170c26652a3",750480091.194748
"a094be8af52cf76977fa5083",893845665.243725
"a09c957598e6cde56cdba03c",669245625.670506
"a0a8d63b5f43b87c0c7e1fb1",889533745.060327
"a0b178016cd26a1d2072e7fc",557902361.15821
"a0be286778d94153d3b22ccb",878684340.427817
"a0c6e0c6fe41e32b3bcb2b26",1036193749.56791
"a0d5001f7dd42d7f0c91d2a9",462990829.525826
"a0e15809e0a284fde27b16ee",813450704.474361
"a0e26a9d56cfb3b7228e5d75",655843876.716092
"a0e3198470f97f6a169044b3",1103409801.58729
"a0e53cdd1132bd19b8ba0c54",987948325.370315
"a0e9310061ff0084d63dd242",986244368.284422
"a0ecc8ce0592a40959bd755f",784440359.109402
"a0ede3a514cede68b721d994",787501858.693726
"a0f1496a0b4a7cd8b850f010",962500846.997256
"a0f1c94cd34fcba92f59a59a",1008106910.95899
"a0f28aaedd12f3d0eee8c6ea",488538049.825595
"a0f86ac00934b57d85b44dde",803175143.930675
"a0fa0aca2f6c2ae65a98ccbc",571300826.14491
"a10055de743532d7b7bd29a0",714634935.145936
"a100f050c34e438070ff487a",710794626.589176
"a102a0a268840439c2c8f4c6",591156341.863899
"a10f459124248ef30f290cad",658897230.5345
"a117f625c794b7d52ec67cd4",861053159.30681
"a11a82cec7f8a243e2f90539",847440349.445161
"a12ac99bf63b547fd9180a79",428838611.851138
"a12f0f00148e564ef78838c5",704107879.922687
"a12f49f4ac3c5bb0dc7d8d20",542693522.080706
"a13004b87c6d7e7bf6b75730",525529373.898372
"a1305fd943ae63715529209e",704833731.268401
"a1320186028a726935bc1cc5",684980684.758031
"a1368aa4d3ae850bbfd90bca",1101287244.38329
"a13a3638569b89ddf1260470",619408997.903545
"a13fc9e9b4e47340a5d53bcb",780238503.36759
"a13ff325f90eb49363f59052",908081743.46632
"a1421c30fb33a249bcd54394",641498639.13107
"a14506a4800c27223fc34728",745661993.473275
"a147a8c29757c5d0c592d347",546641851.284619
"a14f071d8e5c338d9ebed23c",631904549.297838
"a1508f30ba87423e7393b4fd",1164174534.32638
"a157596804522e03efabce48",946661180.065176
"a15a12446d2e5993a0a6c423",859592098.792332
"a15aced0fffc97e219f99545",580659687.297398
"a15bf12a6b8749ac8f9de19c",536055120.794119
"a1647603f732f97a99f5ec6e",1105727562.04239
"a16ca6293e2ee2969f3334c5",845254374.661851
"a173eb804f4bcf6bfe889417",1193209991.04014
"a17807447696896bb61ef8ab",813941611.176883
"a183a1c009abf7251fd725a1",835364820.500351
"a188aa896d1b4520ccd6b65f",465599353.475691
"a18925f908acda4171bfbe36",1071394523.45101
"a189bd7e4eecdd18ebc7d353",1057542894.54509
"a1ae6f9f5d02548c89b23904",795038116.064739
"a1b0b8d18cd78b7cd555dd55",1086357238.04248
"a1c2003dfcdce97d21f9cd15",789456899.968876
"a1c975ab16effc6f97935e16",848271323.701742
"a1cd215fa99b8776818d0b0b",459487564.049978
"a1cd867286d6e82181e5d1bb",1027062618.25898
"a1da74ec074df16a1e8690b9",1265849523.402
"a1e38854d6725e9c48c128b1",387270416.41993
"a1e8f0c7cfbfecfd1549b0b5",673164579.138824
"a1f0d61cef676fbf798b5473",504928181.475246
"a20435d582c7646db231e7d2",984767900.233554
"a20cd5193779526b43612ebe",619921827.535173
"a21923caba05da05449d60f6",713204364.52441
"a21afcc258e50a538dfd43ed",540068209.145949
"a226b4af016a772dc7e39ac8",666879626.204303
"a22bc19d0d83b13a53630b7b",761900142.795233
"a22ed42197987a8534abf76f",930941344.779842
"a23a13e43f3e08ab82c6ef82",470786876.361297
"a23ff4d1b2e24f537a75242e",836655761.724413
"a24901956dac4ee0e4b0c91f",892345013.670651
"a2522c9d3edb7e7a23a42b74",1195041997.95756
"a2529027db6b525e365e7be0",683636903.229354
"a26149f589edb9a903782a3f",781357131.678379
"a2645174e4e15c49331f576a",1007415279.95361
"a266efa4e41df357ac4edda4",1013750135.93355
"a26e967b288a1eb6d8e71d46",556327227.890941
"a270fe47ba30ef0056ec6c4c",422997422.18422
"a277d5e8216fdc3d7c93eb2b",799424671.655864
"a280fe7610c254b935c9dcfc",479746044.001093
"a281d59b685eda4978e0c84c",752760190.189905
"a28a31f7d0e3fc6298606078",540293152.898688
"a28b1d82d3f7dbf8746d5742",924074434.134952
"a28bb09e30bca82627e595c2",903052069.646839
"a2905faba4c1177603e6cd5b",1045536238.23548
"a293de027279019418c070b5",498927230.157823
"a295b12b773127f15e83e174",771085648.64073
"a29e18f37ded2e901181d7d2",868803845.45731
"a2a1665a693852185673f6c1",1121918313.90638
"a2b576643f7a032371587e5e",1176878905.77251
"a2ba273b099221390bee92a9",616200520.659373
"a2c033f497e62ea10ff8ba3d",836363841.697947
"a2c3da753f0116aa5842d4ec",639997932.461356
"a2d1de4211aff373009809ec",723704443.225358
"a2f06081983f748fcd74652d",715008332.012512
"a2f3f7a1cd573e2a33f52e2d",805879080.137754
"a2f40c8227b466249d6cb659",787019365.579368
"a2fdc7da13d098cfeba13b76",684987318.278717
"a3021c7c465dfdd38cda9f9c",880349147.123942
"a302ef23e1d0d6a273274cd0",402401481.638153
"a30e69524af9c1bddbc5de34",684580826.742728
"a310528e34207b5dd813df8f",623910354.45254
"a315b497dd8e80464bf0480b",901445888.50887
"a32d2c51f2bd5f23bb519d12",969677347.218156
"a33329c9ed11ee8b87aad6b4",569778093.076548
"a33800eaaf178e01558ee926",792683373.50819
"a33bfa6cf99e26bd9c49f8d8",727531708.385559
"a33de2559b5f56d1b3cfce08",920412505.129681
"a343e6ec6eadb287711d3834",666021529.115258
"a3460f00d48816ef66e3acc3",652206312.846898
"a34b3b037805f2ec489a95fc",752040435.30869
"a35450284f8dc27e0ed717f0",913491066.181203
"a354cdbaff42acd1a0b5d82d",839549341.292585
"a362533eea6c235049bf3359",667990497.65736
"a36ff3637b7d2b1c52999ea8",947295065.447883
"a37522af63bbed2f4d10900e",1474617172.45264
"a379656c49f4cb1cfc5b3f03",882032181.192579
"a389a1ca097a820fd9af9d15",795317276.638055
"a38b2d75349c56ce04f02a94",1046363994.04671
"a38e7af984a471331b2d758c",862930873.004843
"a392f7f9ace844d712ab2b4a",974036237.028873
"a39617b7adfeb6ae7d5ee5f0",1158567277.52359
"a39f9fd2f143b8ce1f7e1277",742298667.359623
"a3aac701ae444b6d91b7bb0f",573893939.104584
"a3b9c1a3b81f17e6b22b6152",450703233.232194
"a3c3c9fc04cf2e2a051a12e6",706113887.379593
"a3c45875c0834b144f834798",605532027.109866
"a3c4d0ba7b85b9a6370e131a",1035162392.42982
"a3c7c54fa12d5b57dd997210",738132460.106646
"a3cb2a035f98276076f2d848",458411713.323421
"a3cc0422a37512ae124013d8",1107710666.092
"a3d03a25f84f4d50d2a308b0",760096903.985623
"a3dbd504524f980ac5325150",1090100489.33252
"a3f1214ea44063ad10956fca",805000451.344321
"a3f32d81f4cd99dc85a16bcb",667472377.069903
"a3f969063f78dbd95e6ee795",696362288.541592
"a3fd38336516b98117e328b7",983350474.441817
"a3ff6a1fe37a1bb736b1100d",932634906.20331
"a40861d6573e4539ee3c23e5",594235885.08985
"a41210034abe19957b317d1b",920904121.246189
"a41222195e5c7d7987dc3c7e",445326206.079747
"a4146ec09d782b08e8198e11",847337214.061548
"a4173461aa676e09227559fc",421136647.423237
"a418dbb6d04e505c133c6c1c",945989614.062785
"a41d05f2ae3e022c16088bd0",1015137970.6626
"a42081eac6834da0560ea4ef",839768913.61487
"a4325969a50a14c948446f9e",725091060.051043
"a4410bebf9843297fe32d63c",690002924.009723
"a446507813234e358db8b573",550737888.307493
"a448d8246781ae78dae61619",714564436.913807
"a44c7ace8ab50de7ed8e5a66",641723887.611936
"a456f85bbae3f189ff424e8f",503296409.87069
"a45863121bdec787e119b14c",410799792.799491
"a45ba5d63cd1971de19c25db",854243710.009306
"a460aea3370926825b0dbc13",1052762960.90549
"a465a567a4f60ac534505bdd",985558992.293681
"a4683facc81ccda10e9ae388",1230105925.75545
"a46cfad2458ac7ca4134818c",786659414.261325
"a470bd174fc7587dc1449c89",1361943609.00003
"a478fb93a131fee4119bb9f9",880514398.710709
"a480b654e1b8b7134091e613",742544324.215323
"a482103965890c922a66eedf",822756486.742816
"a4885ce6808ffdb878c41f97",615362617.724072
"a48abdedbe3d132276dbe403",1151672225.63534
"a48f29071cf207b27ddb03da",717612130.309242
"a493488dcd906dc74cf8a604",752314393.670064
"a49c2976ca4f24f3a6b622e3",725596582.235137
"a4a49182c79c72854732594a",499347945.281007
"a4a4a57cf20ad739291aafcb",546514900.20963
"a4a5b6a844c14b4eca92dc49",1053428849.28607
"a4ad34eb244e48afe23a780d",834934991.052808
"a4b16572b8bb786561baa3c9",1361943609.00003
"a4b23fbdbc7bbd45c5ebf80e",902517900.594724
"a4b2dd2771f49951c027eef2",712538027.452365
"a4b6ceedaf89cff74a292ab5",723780212.702534
"a4bc87ad4f1ad97c0a63d843",829398459.752648
"a4bf0c02f139c695845c9507",957398646.258287
"a4c324b1353d2f7ea3ae9727",688157621.411171
"a4c70eae507d630c2f285eb5",1098799353.9511
"a4c71322f79dbbbedab3191a",735738107.93394
"a4ca465294c114b1065bfead",823257830.598011
"a4d4d6480b56d6198c0120d4",901662366.723103
"a4d5ea1b907e98be72b5c49b",505126564.929705
"a4dba76865fbd14aa19c0286",976537051.701772
"a4dec2ce375ab5e4bffa5966",643705203.576375
"a4e4f56336e07304cb946b1c",805393449.006065
"a4f272acb4b3b4f5fc72e99d",899496439.972373
"a50640d13126880a423521e8",986074072.703893
"a507a938532411f06c57ed8f",962219337.722575
"a51ad0372758b2bbfe73f8fd",819752261.282142
"a51d415712d8d6c8add7009b",785511480.010543
"a528312b77b7f84741c2bf29",823651511.532952
"a52bd93aa6b0d965914f1101",647403474.159024
"a52e2c893f85b49e2499cbab",917856544.976319
"a530e3ff6d7bc1abe333245d",677511236.980861
"a53b105919c7b46c0cc1b003",866585125.4587
"a53c748935206f61751dec1f",460085056.869915
"a53dc5c58f7384729ba37a21",808522716.194217
"a541b35c62878dc2c425235d",1180509030.39316
"a54b0b282edbd217e9509287",826755435.263294
"a5587c93c012375dee920f71",847716097.327021
"a55906464634558b94d9298e",642175888.731516
"a55d7074220aa6a750297c08",1064116999.24344
"a5620899d410af623a3ff4a9",1012280551.9882
"a56d3b5bc13c9849cf676750",762108673.51783
"a57350d4c79a415137281cb7",455394762.657934
"a57435d71ccc5f032baee302",897486805.266396
"a57a34c7486e7a40e8deb316",1015779818.90138
"a57d01ed5a9641ad64f7f032",676397088.695929
"a57f40f00f80abc7450aaf9b",789111623.999904
"a587c7419568288d68c46feb",735535455.361784
"a58acad50184e66794d8d704",686385390.309893
"a59320023948e2d915c07306",692892332.31038
"a59e7f0e0596ea6633781335",645325852.148839
"a59f1631e721d231eab4d146",1108404945.08735
"a59f39373ee368259b441de6",468709788.886281
"a5a3cab55661982b7d30bc78",669408336.566023
"a5a46af0c9fb5c0a03855660",874449119.575458
"a5a4c0f268548993b61d65c6",1042890189.01106
"a5a71962df1b8bc45bf5547e",699885335.984592
"a5b8869e9cd3d0cc32a0b298",855205409.843684
"a5c85b445f503a56e0e2a924",1242103758.63175
"a600ed86cff36e636d204f39",802109390.516165
"a613b18945052b4576595c4c",889276769.809709
"a619d30d6f2e2aa3b9613c04",496598420.123051
"a6259664a05091ef92129c7c",579501485.170533
"a62a6094ffed3ea7a54fee73",492373509.793584
"a632ececd6a023aae8a7b730",415345936.678193
"a636ffa140f80412f003734d",955739767.204189
"a639ec3b943cf90cb28bc1b3",550738055.238437
"a63b4a22614d334b4a61ea16",858228963.951461
"a63c26369cfbabfc9c2603b6",1076219649.61536
"a63c36f6e7e7ce7c7e7fe457",794580310.378071
"a63ecc5539e8725af4128cb5",770273142.888651
"a640228932682c0c04538ac3",846836267.107139
"a642351076b7706a733dc52f",683180218.225724
"a6555836840c7dd496ba9094",778892342.292894
"a65655a4f42564ac48bdffa4",637404063.738701
"a660d5809085b4823e287a5e",581695514.624156
"a672cd6c8c284e14913222d8",700736617.893604
"a6731fb85da65ce14468341e",562546370.828604
"a67412a01feb64ca6e772858",886767455.888629
"a678e89692df9b14da9f19b2",469742197.403998
"a67c6f6400a176e0a07d6772",794866192.884879
"a67ef3a182aa268bc4d9ea14",838053153.532956
"a681d6e9ccc7bc60eeaf7e3c",1004904565.38373
"a694b9ab05641a6325764e63",937014932.495165
"a698d80ede6cf6243fd9ed99",988486970.171231
"a69ded1c20e05bd6b3a90028",824395221.49385
"a6a06973b5a4c990d5873b7c",600891419.686193
"a6a07d35b3834bc6f81beb6d",1183535701.72095
"a6b1ca7a4e91c4c0f4366984",697799443.695723
"a6b992c9bf4eb32ab3d1df4e",699443507.258204
"a6baf4631223d9b24de8b590",402834236.547953
"a6bdb6221b88a24c9f8381b0",834888656.172411
"a6c86ab7381f6c43fdd61a01",470551696.152644
"a6d7b144058ebc326b9803bb",552432461.281526
"a6da1996f66e545041d920d6",665717247.83007
"a6dac56445613d70e49647e5",967787961.788023
"a6f570e11883e74654898d75",897988002.464165
"a6f616d63d134f14ced205d1",1132059919.03656
"a70b6661eda6ef616e19dded",498305431.563446
"a70d32ccaa78ae9417aa7e4f",622700341.510724
"a70d331be751cdc3bd0aab29",407046589.116788
"a716ec25a219961fbe90f367",1193628961.12276
"a71d187784b309d65cea0b14",1383877894.77879
"a71d53ec4fd0d64f8c06da2c",994034349.974175
"a72041a40ca87928c695b2f8",573299067.079134
"a7283f1587ffd80f4723475f",413631238.848197
"a72f5204153b7c92f52d871a",812465645.086217
"a731b326a61043070c3c853b",783798502.718722
"a73206cd21136b209f25c7cc",725115647.460083
"a732aefa7ea4715325e9e80e",546372442.651657
"a73504d5982fef268f5ff589",789989863.08103
"a739d80c3fb6b166a2c2182b",421852325.47131
"a74214a0d4d40b898ee2be88",685634047.073467
"a742819d8e4cf8fdfda6e094",1214753569.1532
"a742f415d6c57e8493762c57",828522897.999643
"a743dc3903eaf3576046ef3d",827850631.19597
"a748841236a7a7fb33138845",433937397.783718
"a74be48ad396ae4aa33ffed6",828800246.481379
"a7546a6c6194506dffd65360",790634653.739213
"a7577260fa10bf408f1997d8",751087040.081165
"a757ba01a02acbdee50462b6",1167312743.55475
"a759e4c03e49c419c8f0cd2d",594520521.279812
"a7618c242fd918ed894304b5",736916139.218414
"a7620d5599ec354541c8af13",1345923848.11939
"a7634531887e969c9c5469d8",545375299.372213
"a77d82703468f2f9e8f2ea0e",818986450.97993
"a77ef77ffa731e8980d36b27",717699428.291772
"a77f5c03a98636d90f50e11a",1110918505.49202
"a7801c67a0ddd71c50ba38d3",442551783.037259
"a78417c74b8c99279912e427",817557328.628206
"a787382d96ef9fce8f27bc70",1123925405.98437
"a792122a1b292f482caf25d1",442793382.405372
"a792bde8819aebc5b2d73a6a",1035116370.0848
"a7a219e7cd18f3c4b83649e0",550054131.219651
"a7ad9c8b5bae531abf68f8d0",849282091.126977
"a7b14faa46e7b73ee4e95ee6",807085200.535783
"a7b15424d7c025d885636a72",833911239.245158
"a7b459470ef58ef3bed7437b",630912866.23078
"a7ba3ccc4831ae7e539f0cfa",365116208.652316
"a7bacd6f783756c9e7cdc068",633310055.153934
"a7c7923f9a4d004eab43413b",1229644691.00004
"a7cc7d2ceedf4d69664dc734",639595910.538676
"a7d8e636db44cf5d3ceb67cd",804856291.031785
"a7df0496d6ce217fadfad10d",885101037.949723
"a7df3d344010d5bb7dc70bf0",582106595.420052
"a7e40088cf53acfc65f4b3f5",1572410545.38121
"a7e41393473834db30f2c1da",761719249.050769
"a7e57a8be8fc8d8a844cf9f0",540574302.865795
"a7e6d3c76bb5507e00ccb501",1026597657.5126
"a7e97bdf2d4f2f62f9889c3b",700158242.000319
"a7ee02ad2a4fa122799a2dfa",1176075430.40295
"a7f0c831d82505044f370b1a",787214900.246457
"a7f1397df30d6521c216e331",952631254.951294
"a7f48fbdf807da68594e9ae0",731053321.14531
"a7ff08f7e09b19c1546453fa",783359558.91471
"a7ff59863f8719590146e71c",743547932.775184
"a804849802cc0820d25f955b",588214726.885449
"a8052c48a500926214eb2e1e",445941953.94313
"a811af7cf12afb1dd9b8eb86",746050328.99262
"a812ed43db71868625b351bb",1001866042.49774
"a817e8da0ada143ac87277ee",494883894.96324
"a81abab882910584371c7b66",497778302.396425
"a82fc744f537ddc6fbd16883",975216527.106125
"a83921284639eedd4a511cb6",586969599.182758
"a84cafc064a35cc0ad698009",485117461.823455
"a8549fa4bb56a2bcc0e15b11",516880951.625932
"a85ba83751915d8d5d1a0e09",1017496967.48535
"a8633d3336d097920bc8a9b3",1153364857.80293
"a87c585acf2a147e381005f5",443368435.629555
"a87ed2154a2351cf26f0027d",1051375596.79492
"a8870552db951bc4e76e7f9a",639704276.471554
"a88f4eeeeac5ccd1ba9b8a4e",1166900581.01935
"a8944be7383b5689b5039c87",960618460.408551
"a8a2c61f2b994411af5d9bde",1172875065.59138
"a8b457cf82926e25cd862af1",1094565597.82814
"a8bb80d99280e332084b3950",752936294.302993
"a8c5674b5d110d99a1e097af",661284087.94604
"a8c662f906075eedb098ae5d",818475436.336044
"a8c9489973c54b93737dfe20",627022171.166715
"a8dc954142c54e570bccdca5",717095085.993955
"a8e1adbf076dd737c079129c",1218128590.34573
"a8e696037f8747f562ec98fe",488431350.929629
"a8e74eb5eb523143cb291cea",916945847.002537
"a8ecaa9120c6da21229cf145",829183391.274518
"a8fc825e34bd9bd56ec5331f",875647277.327066
"a8fdb6fb681aeae4d5c22f9a",1052074865.19076
"a904fab9fa4f41a11f673fd9",1050378658.38159
"a9054883a22542257c7e778f",371376001.202486
"a90991f865ac81cdb3de201f",745098859.046125
"a90c60e05e29b77963a11246",791811842.715587
"a90df94f959030227fa015b0",562646904.596485
"a90f7cd68b662c87d9fc2d5e",859169705.164182
"a910019b3d18da92b4c6862f",776228044.53941
"a91664b9f15f9d6f262e7b2e",1100550894.21774
"a918c218ff761315988c6335",875840100.77735
"a91fd5b9b1a791a6af59b70d",1115735925.52973
"a9268ef5b7133cf6ed1a376a",833026604.782997
"a92ae34df90cbf8af7695ed0",611085812.043757
"a92ed9a378272ff174ce2688",431016333.056504
"a93a37e4cc75c069e14ffa00",471419892.292992
"a9407f510e67bdb27ad59b46",740874461.929291
"a947158782fe2832cea53040",1025292799.42159
"a947c2ea296f1da3d10b0a06",459021171.762657
"a949ede7227c8f8587715029",768860560.827679
"a966f298e8d4d3d580a72d99",594207528.975116
"a967a4f0b1dd36d7264cb408",828226339.751626
"a9683df184aa8b4ad5d0cc5a",999562816.417171
"a96b19e82d9811d5de1ed0e6",354950382.783415
"a96cb9d988f5dc99bf5df4ea",848844179.134141
"a98022fc80dd6ff27de693f9",554601778.210725
"a98637742a212e332cb5d1f0",559847811.401939
"a9878134c12696d8199a1ff3",775997963.216601
"a98e4f4db7afb8a6c9f69400",581298732.039739
"a99261116e0158109b3e3bc3",424579529.426349
"a99df3a2cd4f2346c6e903dc",414212495.835263
"a9a4a765b1daec2f3ed59a80",540553092.647435
"a9a710b78e776c16eec24be6",905064419.950818
"a9aad230d22f7dede73acc8c",889893044.294824
"a9b18720f68c7002dc71c3af",681769056.510321
"a9b3d963a14c2c7435f30fbf",1103374233.69002
"a9b83e18ae78d307d1b39b15",790625973.789412
"a9b9263f6aafe8531f3dadca",817344618.601161
"a9b96d2a23ed155043085e87",849555032.040027
"a9c212f77a048ddc33ecebba",468124270.740986
"a9d4f256527be98066c493fa",982008551.054523
"a9dd62f527cb0dbfa51aeb7f",775781225.375107
"a9eafeeab4ba51d3644f4052",462302542.706422
"aa09cc29ab2f2cfc79e5bc7e",855863106.738417
"aa1eaa63043c5c29ab6a1323",640605226.402999
"aa24974831a0c608635bbcea",713601739.504211
"aa25d9f8737f142b8cfa970b",814241671.70252
"aa26461420614755c2a52db2",519546774.110141
"aa31e5995379bc38dd40b8f3",964503798.972654
"aa45f8fda8801c3b4923f4b6",1026391844.51885
"aa4c66791884ea2a8357924a",676278368.798206
"aa592f388454d575e0006206",583602680.158693
"aa643acab634ee591a2a43ce",889047733.250749
"aa668782ae5d0c16e57193fe",882677815.674436
"aa6af44635b5d51da4b02059",605762320.169363
"aa703cc78a1ce659901e711b",656683100.313472
"aa7551be1b8d6278d38fbb00",957778266.336818
"aa75ed5781e6e8584143daa4",789675354.550625
"aa7a25411bc0f9f93dcc40df",664835977.033308
"aa7f56d05ed29183b825d61d",609189823.519443
"aa7f5d0d2fd5474cc67cc70e",832428811.754097
"aa843a050ebe8e4b3a04e9ef",944921738.001391
"aa850af0c6203104e6ed02fa",657291757.347913
"aa8a19a2fd3e2cfeb3b7dbd9",426931505.379504
"aa94d2ad36bc0e91bf561be5",961096477.598742
"aa990d4e5f1a0fc4f0bb29aa",986074072.703893
"aa9988248c7dedb016d8b6ae",853515019.150135
"aa9e131fe4e7982a374bbb84",604220936.771382
"aaa43db51d1ddea564d1bd2e",540913559.939034
"aaa67089a753d255215c15be",613190822.654342
"aaa79ce67339dc53b4f41dd2",1316122826.28194
"aab240140aa4b6602234d88e",525627816.145484
"aabaec5accad3f545f864a3d",567543335.889497
"aac17b54a68bd216e2bd1d45",406410587.60267
"aad0e527c4bf6283f76b5bed",907675747.201431
"aad38b9f22ccf36b0fba4e7c",784212171.492772
"aae3a99ac764b8e9bfc562cf",830185001.689485
"aae7cca10bd7f041c8e02d23",593693139.050445
"aafeff5826516e363471e439",367331072.312903
"ab03c034e2a420f395ca094a",793753820.446924
"ab086fddcb949e3dc0ed9b5d",570410788.983453
"ab0babf6941ef43c35acb951",1155780706.67657
"ab0c047373b5d1810fe42bd9",753879726.89449
"ab0e770ac42dcc82b472c55f",683438692.412642
"ab11db71265771ed4d9de64b",429731078.431929
"ab157c9601861dc387a91b82",1119315807.65227
"ab177c5d60492f2ff087708a",585074669.797424
"ab1c43d6fc4f08e315e322d7",905869629.815621
"ab25a6737b3ee0c4e9cf4ae6",583398118.058272
"ab3110b5dc8ce81471f69c16",1155724425.86541
"ab332133aca64315672a7192",1023348116.72294
"ab37764e5f4e00097eac947a",957259706.954164
"ab37f67a3afa274e719ecbd8",781454048.644422
"ab388cb4fa511968783bafee",497034459.625113
"ab38b4fae64ab90a55b5a403",836433802.602671
"ab3e1642655f7e705cb047a9",811330698.704907
"ab405cd390c0681c3c67836e",516131350.024276
"ab419cd48b81038c5a30c721",472605754.335357
"ab4c55e78eb83d80c153f50e",620268343.230878
"ab5f089f9d2ac1bf52222ec5",751825589.490166
"ab614a5008d68aebe34aa201",724224601.435686
"ab64918f2b2b4646e87297c2",1001129804.55551
"ab7559b75b340275587e50b7",1250951233.78186
"ab765acf8b87daf1673b3a97",548615059.039867
"ab8699d3c685fa834d7ccb3f",727700952.243634
"ab8d6823d905f1f0ccf4a75c",925154272.015487
"ab946dfa5b9d7214a3756978",992789455.008392
"aba39002de605f9ff34bd542",807095260.528205
"aba4e24dcc6998e5020731c8",738738450.307292
"aba54b001154ad881dfeea6c",553383523.576281
"aba85a8a7ea2def1fdd18587",465937960.643488
"abb63383766a9853c1091c5a",1158487834.08548
"abbd422c412c2d57f5df62ba",415349820.510564
"abc2ff9d0e7848169fca170f",605337181.57559
"abc668bf93ec7d1951c65cf6",512357973.68344
"abd9cf3c36309d590e58c2a7",630018902.583191
"abde4b06769fcb1d5577fa7f",820184056.803112
"abf93b2418fcdac14293c9a7",682230033.372418
"abfda926d174a8da1d946e27",745021757.343768
"ac003932eba3a174c5b998ee",461545546.483109
"ac0185c8f724ddd40bc0d235",682709218.357184
"ac028c1580f6e4da4ccedf0c",728557361.404205
"ac048209de77cae737d60545",800810482.77263
"ac0b895f523b53b4abd013dd",694475498.504541
"ac0ee54bdc08632efc0d771d",707399530.101311
"ac11141115d391be44e6426c",793111094.649818
"ac154aaafe98dae45bf9782e",1009869991.69652
"ac180e846fda5cd7f1123f6d",944272623.600171
"ac1b644a8d2ec042ca91f89c",1415507235.61545
"ac208e250f5ae3e5e1008351",674437942.696798
"ac29d71a80307cab65f29ff4",831457364.412629
"ac2b1b560e8bc4fa1deb6f87",521635867.829879
"ac3c9d9357fbe72959817602",799206445.996468
"ac3d21f51637207d3e031c2d",869218869.117703
"ac413fd87de33153899a1d04",721868744.674178
"ac46e3eb688cb1cb17da2545",858862832.924947
"ac50dfe70b599ae93ddee4fe",766476802.727997
"ac65d147ee69785195ef7da1",731629936.652826
"ac6a4c672dfbe20f5bafbd89",727056397.736579
"ac73b8700744cb7835f328cd",512086268.989387
"ac7ab254166442188c6c5c25",636616139.978557
"ac7c0c806b57e4942d9ead3e",823421536.095126
"ac7c323295addefb43c62acc",722619747.097124
"ac7f21d22d013874c362d440",489919030.774988
"ac7f6087e19c2d3502368fac",716259158.687612
"ac822dd448e04e9f8dd1721d",788936924.092984
"ac85c8f7605ceff58dcb55cb",411142189.161865
"ac8aa244c21a9b86de4ed599",1121611896.77306
"ac9ae945fe25a46184057606",1339682546.25378
"ac9baabfd96d58e376149a7e",678087981.687832
"aca1776ef24acabe172d573f",1095652412.76187
"aca37e216a27b4dd5337df99",700302184.104264
"acaf9e18bbc7295633d92e01",824278171.749975
"acb1d16ce30aee0a39f01f09",925808556.427051
"acbb07a2c7a0e39c0102b3a1",824094271.382818
"acbe4eb98668ff4967a8cb86",861452929.370929
"acbec9114912932b9cbaf0a3",809584564.143201
"accf7bdeeff29ec7a209c509",566382505.68887
"acd6ad0081960c0f17b144dc",893409694.889913
"acd7394afcee30e084844c63",744920853.222474
"acdb13c4c8e2a48b0bdabd91",973234965.560331
"acea4c7aa1185baaf6d3b60f",707896393.646558
"acf0f98cd8f8c8ce06f30ab9",1210087386.82284
"acf15357c1a919b6ee78f676",1324243918.68707
"acf4d60dad7953065b59ced3",1028705932.6099
"acf98212eb702c79f16bb058",822887655.824783
"acfa7a1cb136e4474b7efe32",792169110.20586
"acfc06021a7a81313d85f62b",417638236.100351
"ad0025f5b240d00936c82f9b",535997733.793208
"ad1322132f3b533b4aced580",441433826.894111
"ad1492590bf61d2cc83b493c",853662834.224508
"ad14cc63c36789bfc1bac0ef",406975807.378442
"ad14f4403926de76de2604c6",396183431.498676
"ad159116d166e45b70329bd5",690121028.149166
"ad17072ff24e0fc0e61963b4",739454103.076593
"ad1c32cf75ffbcfc842e3959",475390766.205964
"ad2081cd75928b8f5e506944",1248144654.37438
"ad351bb6437583ec871b1739",805539022.595572
"ad37e23456bd4d90010f7784",691168131.219931
"ad38d5660b6f1eef23b76039",501934610.080744
"ad393e9070779969b496fa72",785688956.939945
"ad3b4ae81c322a9f91381bea",753461859.200626
"ad3c644b506498127c7beef1",836808060.082429
"ad46f8bd482500f3bb935737",641842809.992812
"ad47e82c9efcfa36ddac0a95",722072041.524575
"ad4d91ed26c1fd5702b94064",776948078.487422
"ad6317cbcbb8bc27b0774fca",1131855768.70195
"ad662354d28a9b2d65f537f7",1027679741.10001
"ad663952ff2ba1953efdc460",1098668366.00259
"ad71acd782a4fce4d9af04be",643356904.706788
"ad755859e7b6afbc021fcf6d",907707852.830236
"ad77298955813089bce818a2",907293701.818467
"ad7739088e8febc68abb42e5",884760684.710998
"ad79f4fa23a28cc84487517a",926952013.919134
"ad7cfe29b56c915dd016897c",533840806.909712
"ad7f3aae29fa1e7ec900b563",886548408.30265
"ad844bdb1150508a4c6d57b8",902911154.875962
"ad8ac9edabcf2d4b06ba9fc1",904781280.388028
"ad92f3ea52673dee0a56902a",986632363.380005
"ad9a1b23979f0edd2ee19f38",736930751.025013
"ada53307260fa34f3a6411f9",791723081.843328
"adaa406ec9ac311e9f9c0bbe",680519668.050111
"adae78b82caeb073d84f02ee",870597135.423936
"adb51a572f3198367e3760ef",816700880.943821
"adbb5c4ba7be2903799a51b2",1033249784.58214
"adcc03f332b427be46f118a5",800429082.637601
"adce397b6d1473b9b6d02865",828079688.39465
"add1a20e8bba47aad2edec69",908979707.398718
"add4f9dd26fa34829aa25eaf",925075928.416247
"ade0c9cf1f9106e342c69bd1",693793521.210869
"adeadac88e573824f08efa21",689046266.682163
"adeb9a6ac3d357bd96c019ea",849260087.419776
"adebafcf3eb0d34ae31718ef",1105005108.64497
"adf055978a7a8e9bbd88e741",419606980.85843
"adf176b63ea23e08d252b5ea",673336611.126822
"adf5879151c7236f5e055e1f",785933049.286421
"adf948af7b24f9b6f29610cd",659488292.255228
"adfdb0eda9aa97f0d3005c4d",1158301944.30245
"ae08b7f31e69fd930ef4c832",869199604.120618
"ae187fea3c46c3fbee7e6e8f",605891013.844864
"ae26e4726c16cb2f6a6d3f2e",883498535.056357
"ae2c10850b4a8ffca934cc72",1157346277.64835
"ae3868ac8c44128b8a955829",673331741.817249
"ae3f7f428b49e6948ebe6fff",694812042.956581
"ae41a566826a10d5a6768d36",622636705.960748
"ae47cf27964393fd56a52d7e",1041090464.1091
"ae48e30b60ec254bf0dc89ac",1116623553.28908
"ae513b65e06b69e1ff2ad8ec",687946610.552759
"ae556ff5f318b73d3b29142d",690914187.596995
"ae58dee872922a9c678dbfcc",1096523982.11308
"ae59a0d6441697841d86cfcb",664642485.523814
"ae5a4da0000f79f12142e2a7",727758909.633978
"ae5ff2b5eb4f9ac44fef666c",529971389.657902
"ae664789baac0c47d13c3c19",698498821.185194
"ae6ac510d3e46a50ef24896e",452577374.39794
"ae6bfb4eb4770f2266e3b961",563846600.280896
"ae703276c49b6a6a9c39770f",902254201.823781
"ae7ce478fb66882a2c952012",770967615.43046
"aeb330dede55fb66654901fa",865367746.908735
"aeb66f808982c6308d891f55",692362283.987519
"aeb68eb7eecc4aecd5529717",1120714012.99013
"aebaae467e5f01db3afe69ff",490321630.216595
"aebb556fa6c9275a9b5c543c",1059095152.38002
"aebc3c6079c1a80f8b2f1c7d",706145805.067566
"aebd6304298f84e7d440c379",1118778840.02594
"aec1778ae3b5e60cac280b79",1150863881.43396
"aee8b22ecf19495fc5894a08",733011948.473251
"aef06b27b0a080b5ee539b6b",512422635.604148
"aefb3cb6ad2de9ffa90b9534",602279259.190412
"af0502ae1fe341c2ce1b5325",684347725.55866
"af067a8546e1177eefe24916",534467050.719124
"af0cfebd54f32b9b92c5fdf3",721995467.910484
"af10ec1529a63d0bc10b056d",926742241.467376
"af1aeb2ba89d29973f73511c",798199633.308876
"af22669e3ed10470623fd8eb",817365227.861159
"af230af0c73a5f2b72787c1b",1147488756.97094
"af32aa018cdfd081a81bbc80",711353801.938014
"af3e3a83257eb507b96b2a1f",1201292387.33315
"af578bfec5d84cc2f4ffb8bd",715770069.210187
"af672710affcd7e44eee9ba3",598994228.470425
"af67a68803a18663e4b03eb1",577167412.22524
"af67d51867f382dcd9cf34b0",1126127580.60758
"af68665ae8711d009e8810ff",835090895.376486
"af7131ea57639ce5aa1e102f",1027062618.25898
"af820361d5f20198bacf839c",793389578.590916
"af8c90983a23ee15c72b8e22",1423346812.86029
"af8f09175265e1546200ff86",667110303.491457
"af911ba38d5376a8aa53fcef",974617983.736698
"af98a0e223a825cbab78ae49",917651659.072248
"af9d2f5f62bf74a7fa9c74f4",801206153.367554
"afa5698724bea14940667231",727445525.358051
"afa842858299a6ebee166e31",935479238.973551
"afaadd87a196e04b934e0b1a",612478364.061153
"afb02897c700dbac941ba8b1",848416449.383816
"afb03f7cea99023ecea7610a",467146166.916334
"afbc7773755043a40a7f9d6f",847983135.005492
"afbe90d764c1821cdb26e38a",434089765.588859
"afca7b219d52b22522abd00c",775372806.245789
"afce1d7c5576dc49c80bdabf",608565727.163912
"afde90f91b01b0282bb94335",663109437.695746
"afe03b938be9cf14e98d4a0b",481688774.207793
"afeba13fa3f81249549cd2eb",429788609.783173
"aff22625564f00844ea2610b",652175446.482542
"aff9e510eba008f3ba5c1847",941753669.38721
"affae17b6cc59bdaa30e29c2",897657081.319436
"affb62139f02e524692ebc5b",491193950.928453
"b0015b31facc48a49f1313ef",498392908.514654
"b027f75411dce9c742c5d0f1",558370399.729496
"b02f1997e6e6f97dc808b8cf",935438663.008207
"b04449c499843cf46ccb695e",677954793.6083
"b044b9a587b2c6ca00447177",1172328439.60023
"b04d16faf40ee02eda59a9af",694928831.364372
"b057dd8a9c2082d1a78cba88",437020110.667162
"b059afb753452ba358fb432e",1077173493.05746
"b05c741bc5013a7a6abd31d6",528246959.269407
"b05f4b5fae2f2faaddb377fb",650571153.97369
"b06d3ee14ccf3d46fe2431fb",776816342.613688
"b070e3747bcf22ed67509efc",688798306.984262
"b07cd6c30350efc5de211a8e",1472651127.2281
"b08e0cfc5bdf5bdf5068ebdd",870018721.990801
"b08f88ef973c9d1c3a86695d",900874917.337095
"b09111ea69c4be8ae120ddc3",754417773.166931
"b0962bfdb6a2c79a0ca84e48",625015733.637826
"b0978c973ec3291e950185c1",1021904156.91057
"b09de5f1e028d4fafeb8a22b",869524076.670569
"b0a03d567e287bf4cbd7bec3",431341771.152302
"b0a0cc38f73c9d90bff6ad92",1227083366.54358
"b0a32581cbb586f9710dc3e2",843872021.476057
"b0a7295da89516be1c44512e",1210875582.86774
"b0a8e4b4ef6678e6b43865e2",550121094.473053
"b0aaae3a435fde30c4c02fac",865367746.908735
"b0af9b1e84a1886489d46b91",819752261.282142
"b0b0db3bbe07839bc2b600fe",1319538829.36144
"b0b784bfe2d3c1b3b1320613",648133238.51522
"b0bb2299d5f456f800993a11",610406299.097311
"b0bbdcf0916b246ca95c4721",909204008.309095
"b0bcb64f2f2ba69cc712e0ae",570646144.216463
"b0cad5d612954b8cab18101c",688224918.453948
"b0cdf05097df437354564bc8",555360667.944222
"b0cfed2d25a5d78c96d39d20",570746320.49742
"b0d20a04106ebb87e2cdea37",1103794288.53977
"b0d394d6c9b8967250854c66",1112675292.37551
"b0d3d98076883f346cee8d04",971607739.387679
"b0de107a8cfad95f09876eb2",1060915607.68911
"b0df95e9fc94d9aeebc960df",742873185.818854
"b0f9bfd521802b0d2586300b",954005044.041565
"b0fe09d086490092f1690fc2",709128930.098638
"b10b428245022d55db248b72",704958205.54006
"b111b17ae1fc17e3491b7a5b",640038839.70201
"b11672f22fafd555f940a8dc",449629598.509924
"b11c3a4642f7eee2e443eb32",992143707.396691
"b129a508d1d98a1b6dd2f61f",636854051.802476
"b13683c625c97c23333269eb",611128029.131309
"b13cdf9314a34852e8db4221",432207287.44494
"b13fce1462ed87e57ddec917",719404383.571773
"b143c8ca6d334f6a73c3f2a0",529275655.336967
"b1527eec2e6709dc51e03f9e",899338562.111659
"b1586cdf68f36926c3bf72a2",460347231.320201
"b1589aa1f58f6dffa93a3a61",1453886540.45697
"b15bcd6248958d98867ea585",756185282.34004
"b15c662c56b19d3843737dd4",750442996.764811
"b160d30961ddd3dac16184b8",818711086.255401
"b16fda9be5edaf4cbcf07122",1161443980.58908
"b17840ce59c9d9619b46534d",755640790.939705
"b18107a422b9eb6da9fb692f",862141150.252526
"b183776d007d85bef0f6671a",673481871.412132
"b183e2562cc4816244ce0e1e",579878687.179942
"b1924a5697dfe829b5b8ad76",486822685.333691
"b19ab02a8e22f3e88a26031b",605868661.05503
"b19be1ad7f60717a943ff0f7",474100173.511035
"b19efe9cbc26d61daff5ae90",553634079.024131
"b1a13541b37964b8b85f4669",687245056.043576
"b1d1bc7ea83d5c584988b95c",701159071.145163
"b1d9704dd39c6cef28ae3d17",605813868.198287
"b1dea7d384760535b770311a",705370909.600116
"b1df92683a593edc3f2b45ad",502746529.894163
"b1e3f1efb232cb0976506cc2",762410272.797746
"b1e9075645f4b374c7301346",937881373.065175
"b1ec4b8badc955f9f4fe2131",799346745.778184
"b1ecdceb6ac00b6b047c241b",667945345.821669
"b1f0b12c28c9bd2d16b3545a",682987867.558963
"b1f8fdc8e3e25517ab80c065",704780413.488006
"b1fb98d0ba25b21c6647d423",1210155366.73898
"b1fdade0fbf0470060fc2708",702767540.472953
"b2078743e33e1acc49c2d2ca",811073767.598032
"b20d6ca58e91ae70b6e0a1a5",821998463.494707
"b2183e5bca67574df7d5985b",414923805.420406
"b219848e66fb065d4d2441bc",872256615.38527
"b21f6e217d6733230a8eb7b7",1024200524.82565
"b22350d505b87dffaae3a5e2",649780089.027596
"b225270821758e45cdead76d",529478288.577368
"b2286067a73bc0049328b55b",683838163.641885
"b22c39c3df7d8e32cec2ba43",781164315.686655
"b23341faa7307d9d6009c6d8",708405666.323739
"b234ef225690d57e7c2af4c0",1103409801.58729
"b2357bf117ecb5b9082871ca",474770168.345281
"b239bdcbfae846bf74791728",542338219.624306
"b24bd44eefc3ccf053939dfd",717612130.309242
"b24fb90a2aa5d9d0c7e1541b",920563677.269112
"b2506aa9463aebf01e1e00ca",481356696.237268
"b25734bf3ca94e775f467e85",560901928.443601
"b25f461b3d48d833a73316a9",1316353870.14571
"b26f22f1fd5a991ecd1e07f8",732361786.197313
"b27088c3ccd93e7d8d5571c2",735445827.511408
"b272c1025cf5c1e1df47042c",705653722.375477
"b274adb68a37458cc5181fe2",886496024.332074
"b2759de47d28e8cc05c94e36",684202205.773682
"b27fc4e7f6042d70a7651038",768883541.40001
"b2809471a0164e3d41b8fa60",989380889.632671
"b287339babba162e290d0fb0",429057366.110212
"b288c52e4d0fab9f579122a0",739096064.925853
"b289cd856f9d15493d31ef6f",1140715426.0273
"b28ba88f3665a2f26c2f8e47",1193419457.69564
"b29e5a75740c8439aefc9321",696103583.936471
"b2a417a8d2440f9124fd2ee8",1009735931.55573
"b2a7a8ccbbec39b63e4cd028",721111944.854441
"b2af005e93b0242e0f62f298",654881019.189685
"b2af9047dbf58867ed0c42af",763180845.276892
"b2b7020e66872c8d83468cec",616465343.80929
"b2b99019a929584b4904b98d",1036871438.66997
"b2bc172a3ab25b8caef50189",1020768764.77264
"b2c5af8615b8899deb16c896",660323813.879678
"b2c62bb0cf8d210dc4635653",1224926859.59543
"b2d160f54ce5f98f46818e4d",1067540062.30727
"b2d32589626abfc81e44cf70",795620820.804718
"b2d7355eb2aa975900776275",837698348.732734
"b2e37eb7cde5cf4290649ad3",789238137.089057
"b2e7fd7bcd93309664cd225e",785649375.656559
"b2eb63e5da917ce649a72142",710794626.589176
"b2f089146c30929c4836f0fb",859083840.955809
"b2fd7ee866066f3ae0dfb3c0",1013548979.88994
"b3005057f48c1794b7974f4f",750733723.733252
"b31601cf48b268f3b4107564",795317276.638055
"b319d049a3a8e4a095940106",865780097.56472
"b33c9b03cc12a253e4936cc3",799466018.694581
"b3401023d3097815687d1160",787409150.608371
"b3402a9173d289d6db78e09d",1108794137.69796
"b3413352f0280412f53562e0",449949816.562041
"b348c76e55613f53c8bbc94b",811983497.375667
"b3561144c745ae3d329dfe1e",430157776.065957
"b35c58fc1c05a77433025318",712538027.452365
"b3616a055e722e3720cca48c",1140494060.22185
"b371665aece480b8c1602773",1039036326.07379
"b37af80bba5adc197cb51649",458960767.578052
"b38776cf09ec8e90fceeec84",620224968.106097
"b387b5eebf501a620f352504",790595506.393739
"b38816ece917027a179663d4",617409230.855283
"b39d1b2637dd8e307c8ba13f",1176240619.82143
"b3b30d8b869eaad2382c5447",1073503311.18939
"b3b63d292523ce0a925b871c",801421958.257049
"b3bc9a04a3ebc1b911326735",1060213331.01999
"b3c02569b8fb721934f51c52",507804838.122957
"b3c2187fa96006fecc6b8ba0",561090753.388589
"b3c77f4a398b61d9c204f8a1",871576953.594194
"b3c8714dcaf5322475ce2c60",1187828783.82298
"b3c99f30b16fa80cdb4f213c",687074793.990187
"b3cc5930a3cb26e35a45e09a",420301396.708044
"b3d072ebd7908688d908d350",1098767884.49534
"b3d45812baa819caa1400255",1001555919.36777
"b3d82ceeac64b64142286375",675068577.823271
"b3d9a095c9c73004643c9e78",1065851635.86984
"b3df8c66475021fc04f107a6",789892011.867813
"b3e76a0a1fcacd0218c17908",498605183.073185
"b3ec2f8af6e9adce047536b8",1015334606.01591
"b3f5af523b5d6d938693ebfe",933442068.736595
"b3f8ffa761119a5441a44ad4",1114291330.27294
"b3fcd9cbfd485e4e1da6c89c",633696823.322657
"b40128f5e17574a5d3da9a32",735287859.398513
"b40873d316de1c295f2a97ec",695786996.866081
"b40a9888ec0379fbf85516a3",1036422680.50067
"b40addfc0da42b0e530503f0",391556478.158893
"b40d1d2b7c1db9cc57c65fce",970849965.32326
"b419d977b283e33c0b3da86b",1027927423.98612
"b41edc115f6b439caf392941",546542149.039997
"b41f7c1cb9cfbd188f8e0233",1151874400.38341
"b4245f075bc41aa29b55d324",868069283.356825
"b42734770dacb7e580a6d742",535718721.293863
"b427d767b071c3e5ac2a078c",414303702.745857
"b42d5b5b38686929eadd56d9",471318116.953693
"b42f936db049a74c7d24b0ef",1241181359.31024
"b43b36ea4f81bbfd4dc4d781",1037089356.80859
"b443781523fa0b5be4ad7739",1006830863.60436
"b44b862cbd855d46954eca5c",495635918.308742
"b455979bc938acd34a580eac",830851441.952572
"b45911f1875da543199e97b6",1067960462.55214
"b45bb2d0d137de6984d4e1ec",484078624.465174
"b45c8a6224ae2656b4189526",604369102.031973
"b45fff2e718e54772d46a3fd",840262217.467492
"b463c62e3c21e339e7acb52f",822286361.846876
"b46625b69fba1afc154471e0",1100596661.45672
"b46bbf66cc82a4345c5da177",840555168.413878
"b46d50c84edaa7feba938671",1124591615.13305
"b474103c4b637ca25b5d89e8",566840675.554642
"b47713520859d58efa95bb06",1007238460.38861
"b47fe4670c6b065a9e1db429",776879926.533775
"b48093abeaa178d1f7fbd83b",871029341.60614
"b485036419de03f5bad01f35",1046595352.48932
"b48efa9ddf36e85164354f26",1078535690.09088
"b4a4d705930d9afe896dff17",664603425.688693
"b4aa025f8813a3f0b132b7e0",565098169.175726
"b4c2a0a1a63d35a9a08a6e15",737478474.091252
"b4c779732e827ab2fec8e8eb",979978701.947204
"b4d610e0ecfe007c133a5ea4",779576892.71094
"b4d69c7bc93efb3790eb1422",985074484.434086
"b4dc6733589bb35444b74c55",714069759.800791
"b4e084d14962cc58d4089955",886392803.0552
"b4e14604b888c994b64f94ba",761849641.89913
"b4ef40e00d089a35d750888a",1004904565.38373
"b4fac45659e67d4e91fe65ff",376737489.959135
"b4fd0aa09f993bbfb1fa8abf",821481784.703414
"b4ffd0a2cdcadfb962578199",547550362.910179
"b50a6b85399ea2c6b5c33405",671078167.609555
"b50b45bda0905a116f238c1d",740413539.601391
"b50e8c13de383e64711193f5",721181349.135328
"b50f2c871166ee1009416be6",955712839.98384
"b50ff8bfc0b4c4b165c5ccf7",985113680.349069
"b515b1caa608ff42574e5a06",788801663.437838
"b5254c6c29b4f6984d328216",420297550.458672
"b527813993b7bf4a10c05683",639660998.0399
"b5292c1e1683d40be46bc2de",836152300.673702
"b5293710d0cd75f95de001f6",330612989.987275
"b52e0738dec9d2f119c75a9c",646841248.647781
"b53d3d578b1d7d9e00c8a00d",848024800.795218
"b53d4d8d0bd4a0ae84fbc22e",680853675.852817
"b54940561992090411749db3",662161756.597704
"b549a72c938d767ed504bd83",772126349.003714
"b54d3ce25f3f03cf3fa0127f",444523572.683892
"b54e6757829ac95e2076d954",581997045.696014
"b54e8d557263624947f979cf",1062308072.5619
"b5606ddf3a4e60e2a0e0d6a8",1008730268.35787
"b56533bb19eefcb244e69470",1212009815.2348
"b56659e70367566a4ddb81b2",1014579660.88816
"b56a3a017449fc4ce417009e",635509444.149668
"b57174dd86ed451448dc501b",874711624.579335
"b57250de388b7172a39dae8f",1087100148.94498
"b57ab7afef2b8aee016ce6a0",1106022023.27023
"b57cd3eb0290984f061e1053",507173518.078734
"b57ebf09cc691bcf009ef115",1170182224.93629
"b58208759ce1402501f68906",792252267.062634
"b58533a6850620b0960db713",769419332.618687
"b59711a5971a3b482db4d9f7",802616138.896473
"b5a62d480bc544f891fd8521",764024908.205484
"b5a7d4288dc7a7868678b9e4",986804873.416658
"b5bb9af24f9de68e91a1df76",1454397041.51594
"b5c074ee2e2538aeca099fc4",871230951.536643
"b5c34f90096fc88b8ca758f2",1324476388.19939
"b5cfd5eba0b6297cefd6d3d5",994987911.235107
"b5d0ae257748ea92c47d8fc2",446931154.432942
"b5d6fe84ee7c6a703891112d",1112046059.73933
"b5dd038cf35169bfd0e62eb7",694886671.676852
"b5f0dfbd34392f6855bb4b52",754630058.979718
"b607bd072e8293d6594f3829",781766169.365301
"b6129a71f8e320aee8abd0c4",648781776.301025
"b61e9e4f3a2e894932b58ed6",504975818.312071
"b624f0438025478c9f66fec2",853115820.376201
"b6281efabdbff697d70925e6",1227399661.13003
"b6283a5714e0b977110318ea",710919405.77666
"b62d64605362afc574ea5b0b",1249370966.76415
"b62e960eebdf95c2eaaaf9f3",1016530692.0945
"b62fc917b3e8ddd64bb81018",679748659.025268
"b638b937d4f62949b9eb9fce",860355605.430227
"b63f49396431089dd646837f",847573248.371164
"b649d315ff3c97c4e8e9db73",397974442.130895
"b6514cdb1e2cf37e3ff8090e",966625062.727342
"b65a2a140ad5fc6e3e26b6e3",632742140.59444
"b65c0544e9deed76615a3138",665523601.662037
"b65efc402cfddc0aed4e1d76",710845632.641911
"b6692a933facd74b4b11569e",406898702.317077
"b6695af1ce28eb50d7a2c25d",986220642.29968
"b6767d1e329ff5e28c42f632",707448851.188897
"b676ed2d0af6807cc2b28ac8",1130762843.57193
"b6775aefafa4dcc161eaf6d5",998346691.716782
"b6825cfa2fde9b42fcf04c59",488357289.502161
"b6853999c45e21646a0d1b20",371441195.836699
"b6a21387674a509514fa5518",1011784004.52221
"b6a2406025f0e1fa09690c2a",450049725.272752
"b6aa1cb0187c4a1715517fca",461011288.29933
"b6b87c05c4238be76d94da2b",447852934.315756
"b6bf2760cfa26cb28fc989fa",802252596.585078
"b6d3345346f43dba053ceccc",1104824492.99685
"b6d5cb459999de084965e993",1214609413.30699
"b6d84e7d569d8d0f0d0c9066",1174465272.20309
"b6da1db3aa02debd11e26edc",810697618.866387
"b6da2728ee41d035da57c822",1153209060.04451
"b6ebc3b8408793f5058cbb90",1109897430.74524
"b6f195d44ddbe10b78b97191",702149018.309428
"b6fcc49ad3656cbd3f4c2ea6",844089362.975087
"b70082fdca35092802f8745f",438258022.508264
"b71095bf5e80bcefafb12d52",675991888.102247
"b71857f1cc385219f114035c",543209047.039044
"b71905255273cbb0af1290a9",571071090.007513
"b721a5846527d5338322c9d6",695289527.105015
"b72459ea34fa22d1fd012dc5",977774959.70963
"b7273cac93fb7a0034039600",1278965356.58138
"b732021729ecf88d6297b48c",811637817.741287
"b7320c35e90f33fbb1c28813",929641187.932606
"b732ff1637ec53286e890865",738855307.946709
"b73945103f07da807f7a30dc",703860734.330354
"b73bcc0cbfa173c9fa404369",1005421958.8114
"b73d317e1e8ddc3d5d0743ef",1028812851.11684
"b746e4a5c9d04cf4dbf887da",964820160.169977
"b7483c951d2c19de665f07b6",386798853.819438
"b74a02ef5cc838952bb9afd4",573384596.864758
"b74fd7f7db38ec233c6ad71f",511450692.56608
"b755f88ff3907bbe2a417e07",818920868.717918
"b7570bfc5ddc7caaf610908d",583787016.589878
"b7574b06d593fca4eac59815",459292517.25916
"b760fde2d4df27a168ce0e80",1107159315.31206
"b763f71e8a5bdeecf0f3f0e5",442231020.736149
"b764bb8ae8ba0d736bf54f5a",475194966.365644
"b76a3fe6a49dcae6e6bf5815",810749056.629797
"b76c45ccae25a06dd5fc432e",873116118.743957
"b76d853ea415967415ace0d7",959539211.950089
"b7763beef728bc2021ebb841",495887834.686049
"b778282fc4b9c43055629e44",1062954018.5778
"b780a0ec18c61b0760df9433",761516160.829986
"b799aa1dd2de813ccad401e8",615186531.38832
"b7afdbc1b57b52e6fb03accf",1281234363.30836
"b7becde9261820feb7cd926e",559701540.868085
"b7c07f8afe037d55bddb8e41",585031317.492639
"b7c0a0a4f5c5b986a70ff249",484313971.786399
"b7ce05400f0261743073e072",791612408.588801
"b7d245742eef110adc91b5fa",627830168.982817
"b7d66c5f1ad06dfcae5b33ff",710669869.302703
"b7dc47c641b46ca99fb83a0e",957427752.805913
"b7e01962fda2102f1402a444",783223568.936464
"b7e3b0c90c0d3bfe5befec54",616598968.250127
"b7eb15346797508f47ae094f",678939794.932826
"b7ecbd35179a7658f3c11b41",802636833.409999
"b7f164b79658952248866c34",496702205.938766
"b7f47484bbd8113c62cc8c1f",527359206.855529
"b7f906741cae6861bd5fb922",497034459.625113
"b7fa81aa571906a93e9b6cba",1260752250.35396
"b80593fba07e21f8bdbc352e",1229233771.93863
"b80c961aeb98d24d968c71d3",950621848.038368
"b80d0456fba49a40fd774e5d",873041975.372884
"b80f3a46440daae51308d459",711147369.903124
"b815204eed4398e600b366ad",1088579020.74885
"b81679b32ea288e9665dee49",1289835025.19811
"b81801f02a73feb1db7f5e83",1000237368.68942
"b81c26f2ea6b66c8315d1146",1097176786.3742
"b828609eff041a68fa243a12",889869406.51541
"b82e52830b51e823ac7187fe",478559048.182799
"b82f8abc8001cd6731c4ef45",700716380.180462
"b839e76df5d73e7d53691707",997273614.164551
"b83a5c303a2b079585b9b94f",741272552.465366
"b83b0a53ead29faf9dffc0fe",1223852253.02122
"b84795015be5077f942f5170",597015249.193719
"b849cef46f19e13d3fc9d5c5",906864896.951839
"b84c837c5a1fd0f1ebc5f8a6",630998557.37384
"b85a7389bab2e651f05369da",518344219.565173
"b85acd44e18ab485d3ac543e",443129243.977754
"b85b37ae83ef95baa03752f9",1053501366.63934
"b85fa4bc59149a7a25447537",433020831.808073
"b8680f925773229571014e61",491533456.879708
"b86c526fed01211fdbb62815",1091121210.80313
"b86cad78da7bf06b5ac39f99",1048243269.06196
"b870c8bd8f95426a7e1f9c88",753997962.134828
"b8896656cf6f5dd7c33ae46c",728896013.986294
"b8984fe54819f5fcc43860fd",457884053.26588
"b8a42b02c50438c2ad7598a1",539138272.041784
"b8a5928cf1f7e704e9933bed",518207123.902667
"b8a8ad4c0215077d3e5aa472",1161178075.229
"b8acc8e72f2c498fede3fefb",762117149.051951
"b8b22c1afac62b05ad389dc5",396107013.212947
"b8b46931b93b7750e0d1ada3",730584980.718371
"b8b9b90d5721a9ed5e72b328",637464140.745914
"b8cca0d70fb46f3a31473e98",970097685.625401
"b8d06f4ce0d6e71ba0fddc26",584820086.493816
"b8d50a94e8166e471fd8282b",730608072.864697
"b8e15d182ac0c74fba332b8b",656407454.361812
"b8e2b98548a234a245d7935c",642068855.517204
"b8e8d84450f5e0bc8a721c94",1024133162.18363
"b8ea07763f2e1a3d635eb23c",715929763.385417
"b8eb177e22c63e84738e7788",857394565.676671
"b8ec643c66478da376153333",727319022.140235
"b8f2b9c2e63f0091b6038ea6",750666413.237833
"b8f7bd85b61951ce83d7f57b",1059468329.17904
"b8ff548543842246ad439703",1289835025.19811
"b925c9218f5132c6c81f3a18",376208820.977562
"b925f9ef733930be26417458",724178337.114553
"b92929668e884453d3a0d633",667063370.439697
"b92c9c464e23f8b987290769",640582759.529821
"b936e36ecacd7cbc3498cee4",631120994.804573
"b9398d6bec5cc44fa39b8bdc",792779019.797523
"b93dc01af5f49e6dcfb7a547",419833063.93509
"b93f2864087d41c3c92d43c3",853399401.582522
"b940561f2d48444e139eaf71",418365668.350439
"b940ba03ea60d4cdc5d2d429",590272272.973239
"b9430e8c145c2a0d7efab2a4",587316116.448553
"b94ea2b8b847a47140d04008",895984209.888609
"b9551c416341fb167049d4ce",798165771.822747
"b95689add02915dab555d9f7",929202438.42091
"b957548768ef014088a61b5a",807546991.543091
"b95ecad591e5c69fdad8763d",552378681.593538
"b961220d34be930fada80887",983149033.240605
"b9643a26731cf2a9a243ef33",1036650417.97262
"b96502e30fecdfae7796f1d6",627501837.523795
"b966fa606a3b50d3ac7249f6",1402131492.02698
"b96b4bf38bdbd61d4dd0bde5",854693135.879423
"b96b8e1d636f0c10c63e5c6e",667149670.43063
"b96c9e2591a4cdf9c4e0c09d",749746553.153675
"b96d8b77fb5ba71ebce2fb26",594347223.082767
"b972611aaf1b68340de16545",519296826.721578
"b9809baae395914981a9296f",889629471.299951
"b980c778ecb2709696265c10",1362421826.27166
"b9826d7a6132b16df1bf58e1",734725430.856977
"b98967876009fab4290736f1",736809182.491613
"b98a462d9782988cb54ced54",1305856482.5699
"b98ee16e8fd7d1c75a9da13c",1044899319.60397
"b9973b07c84b99dd1018050d",600131069.262555
"b998aeafe2cc93bbd96dd9fd",520580493.662569
"b9a0058c58cabd619e226178",784177944.967622
"b9a0575867a59dc5dcbb9cce",730085033.111932
"b9a573a3f2cedd87c7dc6477",886074763.593503
"b9a80a4d84eb918792324dcd",701540912.395445
"b9ab2dcd8d1855e4bdd540c4",1006174755.32551
"b9b95c89c988f68429822e81",751646862.644539
"b9baaab70cb83475ac3bbab4",763926748.187668
"b9bd63208716e4e0f2dedceb",620904359.131773
"b9c893f3c3ac4dce40d0ea19",829985787.944819
"b9de7d7b9a8ef7c64e5f6bdf",690750598.536636
"b9ea1b9fc0e46ba0724cbc0c",716273392.840263
"b9f9dd0d368df912e6e0ce70",707557607.18371
"b9fecb3e6a507ba17764c303",436974645.753333
"ba0d0663943a118228fd12bf",434352575.618169
"ba12305002d24055c159ed34",376605253.106288
"ba12ab0869d66e03df12b6d2",433874037.838169
"ba137cbd10757ad20e5991c4",793592192.238229
"ba16ae6ca55dc3c0d5480944",828364794.80013
"ba187eee3858263fa664812a",453864502.753172
"ba1b3c8ac8afafef56233c84",615420195.476413
"ba2118c330e19baf4f3ecf94",957508305.33602
"ba212b5f12959e34b4887315",624685197.51677
"ba2423d79744d763aa3744f8",1020123993.21291
"ba24834c9fb0e87c4ea7d1a0",776019246.419112
"ba249dc7eae0609f20ccf234",672071972.206156
"ba30cf03fbfb0e36e5d415bf",1137441197.77933
"ba31c38eada33f680d44627a",595182440.220847
"ba32f2964e8b68ff5555fc34",1036492077.23419
"ba35cce2e715bda1684c937b",933114425.630228
"ba47346e7a53412e78363ac4",495327457.638669
"ba4e89128058d5564987dfc5",441813755.727569
"ba511b37b4bda08d191c68da",635675962.213508
"ba524c4e2f13109ce814ea38",751124067.604291
"ba54b5ebc5d4f554bc56dec3",514458757.58467
"ba601c13d20602c988d57246",1056993260.13951
"ba63594585c484bbd20ed3a1",715676986.787857
"ba7120c89c8de0e57e30646d",489256456.882814
"ba72421716765ef6aad9b4cd",1033213466.03099
"ba762cf12cc038e5c43bc6f5",729260576.814825
"ba79c72aa8bbb0517c899b59",1037589363.37203
"ba84fbef80c8a82895ec599d",1246217567.33826
"ba87ed2a657b0b042a05460e",701822244.393727
"ba89ed56d156579ce288dbcc",561066515.644332
"ba8d6800443dcf95bf9c1037",593978802.583684
"ba94572d1e050bb92522f112",461562013.37824
"ba94676bc0385678ce3780a3",596936978.340292
"ba9be0b67571b1e9242664e1",856540119.507157
"baa146a6537e8630180fdd35",572860726.11958
"baabbdaa5e8f69fc90d303c1",1180790570.94988
"baacf0dbd690644d74f3a929",800589794.543259
"baae43ea29f7e419bbecf998",511955634.603096
"bab5690da7c42909464cb9a2",680545700.114668
"bab884e0f99df269805e83a4",799406606.364168
"bab8e472424cd57faab87ff2",658462564.699023
"babe27dc477f5e1b7e438422",743249688.980873
"bac550d41b2cbdc6a110ec7c",486150096.218753
"bad7560aac04600e1ec1a9ce",470386530.0169
"bae512bdd3b04405c519bf4a",649731001.597261
"baeb4e9d612bffb63ae3564a",1210035213.14409
"bafc63f23f097c24d36c76fd",740756474.508421
"bb084299ad23f245d7cc5b69",591256815.669924
"bb19983466b1a1184ee7ea1c",795177684.100892
"bb1ece5366ebb2ef9d52708d",636270181.849636
"bb26b45df6a70b6414958912",687614209.518016
"bb2dedf6198be0f3ce2c4ffb",529961088.299702
"bb31607d0bc3ee4a37fc912d",710203227.538074
"bb33aa4f1a7732fc8ef19039",598903707.021562
"bb38c1c17612ce593e5ae7bd",414248528.336088
"bb433dc1bd769d684d8b3352",881645363.341081
"bb45c98dbab56e5abe20ac0d",809989940.984541
"bb47fda808b52f30364a4d6f",703884652.553164
"bb4c7900162be66534d17541",813713808.939445
"bb5726ac16b4ade709151159",688631156.144619
"bb5a6045d18e19613325dffd",1068606112.46521
"bb63f086543cde77832bd4ed",759173300.4413
"bb67d95fc94532b1fbe80ba6",740291901.798339
"bb6f66493fbafa76d70b0a34",884173494.952807
"bb70d80b0c6ad3022160c8af",431096333.49685
"bb71a24bc5ea4051d84ecacd",883904402.677446
"bb7c68c2652c7e124d88631c",659429650.182698
"bb7e14611ea6b5e4abb5b89c",672628452.831888
"bb812343bd6cd66e9cf9a9ba",401701179.823368
"bb90c874275456d5fe0de83d",688126282.658742
"bb962a9e3861b06ae1daf833",617451300.405032
"bb9991da696d6e1f13a32d0f",475330719.840174
"bb9fa21902daecf876c0467f",748640547.293682
"bb9fe73a8742dec9b2e79135",1219468799.90614
"bb9ffa04d913d06846d082a7",909201884.50421
"bbbf74a3abf9cd8718384a65",525433779.486806
"bbc675f7edfa0425c78c15ea",775855548.693276
"bbdd78a7ed332e679c8e526b",547608284.140398
"bbe2c06e6f90c4234a7781ab",1079367298.8425
"bbe705b86c6ed4da775b68f0",439953546.615729
"bbf16146922556095f53b5ea",704857004.685955
"bbf80c409ab3a6784028eb6f",441682462.443038
"bbfc9b05caa647bd95b3c88f",758529531.167595
"bbff88040e5b20e874cfad9a",765636183.239698
"bc08ce9f24533cd644ef08b8",727542620.718755
"bc10eea54e4a1767881a2391",798673966.622741
"bc1335d419a1c0f6e6860470",1176878905.77251
"bc168cfefe964762cdf8755b",733438017.979559
"bc1ee1f8ffe1ac88f08e2459",956626070.711151
"bc230105784ca8640e499ca2",968616276.474888
"bc23e25cc246ced4731ce5f5",703349710.042171
"bc23ec33573f28442b36f60b",624608513.399372
"bc28e66374356a4fcf9b62d7",794780211.818178
"bc353a421fc579770e432176",687643295.504914
"bc3c509022e3f6104cba5203",986399225.548784
"bc41e69def6bc7490800c4a4",457126869.86076
"bc474096496b98177e40f590",872486975.037706
"bc48ec7245297b4cb85dca1c",564045186.965938
"bc4b7bbf5df92f476b6be103",403883277.358615
"bc4b94c892fea57ebae3eeb6",474584950.439396
"bc52abbda9027e10b879ed50",574129591.32417
"bc54f5dc4e9ce267ea592813",713941198.293135
"bc57535516748048e38d4a2d",612489677.419595
"bc67f29c8679adf31353bec6",794463646.597359
"bc6a7d4ceee8bbff9ac5eda8",1032959255.71613
"bc6b57600fa9edfe13fb3118",850091467.08604
"bc6d6249873222ac7f22b73d",666579095.055586
"bc76b078832a3a81b6d637f8",1236234283.20526
"bc7e867cad6f221dc44754b2",709784603.265905
"bc834280fb45fb308d957640",512203267.474243
"bc8bd1feaa8fca4c52e130f6",443757988.244269
"bc91072d808fe7b43e972f42",482699366.425905
"bca5301e6460eb859b7ef34a",625523466.248889
"bcac2a4cacf13a91805557c1",437334375.871197
"bcaded180edb36336c2f5b96",871289557.742301
"bcbd20cfc50e2f032b174b56",539973417.42726
"bcbe8ed608f233d5ed7362c1",1025481876.83615
"bcc584e6a08822158e2a1454",628586001.520236
"bcc704b2e178dd20497e073e",436560083.061761
"bcd302e3b5342ecd8cc056bd",936202729.445968
"bcd31d201096351079cf7ce4",563561351.42908
"bcdcce01d86d648c4502d42f",812367301.621394
"bcdea05b890394a10d24601c",665266675.911259
"bce0a4447db2d54d36661011",593978802.583684
"bce608b4629b6c8512ea2fde",661033002.049422
"bce7369d51094d3a9d3495e6",1205452636.94362
"bcee01a5d6a36f48d99a5e4b",604913662.842531
"bcf12785c25f6e600eee8fc0",646103892.463235
"bcf2c303fc03897585831351",987386633.622371
"bcf43ae0b4b15ae168abca97",983043348.003993
"bcf775187c0f5ae1cc0e8ca6",805644955.15913
"bd018b302f732baecd085ff0",859528022.198309
"bd0261ab68cf56950ccdced9",870630433.478006
"bd0329ddd50f2dc4dafebd26",1132054464.69355
"bd04c8b6b5e381cd5f881379",438047075.208973
"bd05a6f6ebf924adf92e5577",814406833.505516
"bd066d5d19d41c06b904d51c",761615463.206359
"bd094081331ab259b1076261",703239470.179893
"bd0f754b0fd9b7af284419b2",910057659.148029
"bd12c705950c46e679c34bf6",1289608635.87026
"bd1fda425d792fb0de7b4499",755779477.398587
"bd23b1463f0936d2ced5fc67",737977791.350238
"bd264728a0464376e22b6bee",550360135.212554
"bd2759d469829bb8926dbe09",712400024.069741
"bd2f9648ee9ebc1fdbfa53b3",557601229.490492
"bd3edc7854cffd6b6debfb98",670329193.529106
"bd4526ea5b404df442892788",527276257.772601
"bd4d0b8799fa5999c5d2ee3c",1151969595.66117
"bd52dc8dc5398e5ca2952473",448888972.790358
"bd57e5cd29d935cb26006835",641617519.769561
"bd5d2030639ef16370cca032",777916596.334993
"bd612d494e2f21051556ebe7",886392803.0552
"bd6ad9a9ab28aaef9b4955c8",708887968.521367
"bd6b68abb113370c35786557",887293014.886389
"bd6c24498bf413b6c5adf81a",527212881.615019
"bd6f3819a1c0e551598fb9c7",424458885.649684
"bd74d43d99a240ef4190ecfd",722056174.952358
"bd850d1ccfc4b21a72f3ec44",1007733432.13104
"bd8b005383020611b8922147",503009549.44894
"bd8c1ff6f9919ec6f1dccda9",777014497.008408
"bd98add659faedc1820f96a0",523368463.638004
"bda2fcbba2b412981e708054",933442068.736595
"bda3c74ea6f73407a3c0a17e",747289588.429507
"bda5b2e5a87a4905a30f3b8a",702717432.145441
"bda914dbacd42b2b7c6c5179",904143626.721676
"bda9e5d8048acbbe5a9d49ea",650464725.797806
"bdac2f1c4b306a7742f60ab9",888338114.022037
"bdac560af3e155db33d13d57",938139320.39487
"bdbaafd11259af6300321a89",685856046.390669
"bdc17ea3f30318b11df30508",814401730.15166
"bdc8e1a1e06d387f9c7b026b",747337076.980627
"bdd287e9de82903f210878d6",737646938.707255
"bdda694c42c52ba4803d482f",807194599.476323
"bddb9388922dd56737d8847b",846768475.821806
"bddcc7fb72bb973f84b864dd",973196045.169401
"bde81ef5ff9edabfc7e30d10",780044044.517675
"bdeddd3f84cb0ffdd1fc27bd",912370566.908197
"bdeed3a7395cdb9b175273a6",1075841890.82247
"bdfa334bc331e3e547f7568f",1026881014.30798
"be094e5db0f784e3aa013aae",390538253.112066
"be0a8f4be774eeaa42fe460d",785172700.64873
"be0e466ca7d6942282c8626d",711683275.415076
"be164f9025f346390b986668",684412150.361408
"be1695a7b8d3dc68c9887abc",775446678.37483
"be1c6023731fb633c4f41f96",710769502.944569
"be22ce55ba31cbf7cd285e5b",827687407.170659
"be26f0523e5cb13846539384",726922022.901414
"be28b90a71e2922437f25110",567329388.679502
"be364e85b988ef8627ece74e",440415309.290341
"be3b1df5f008636e14bec3fe",865128129.267477
"be3ee4457a26c6b6ad4237d7",608178156.251933
"be4b96920e3aa5c57baa13b3",519181500.804371
"be4bdb73add69f12f7aa6d06",598799743.002279
"be685d2954b8c7337ec94942",719751877.860719
"be706475abdfd64aabfe45fb",753816913.635548
"be70989d473cd731f6d8e580",900339866.904735
"be78bb0e06d5768ac1908247",492277234.179748
"be8bbf40db0dde8ed4cf338c",588214726.885449
"be8c05b72ee7867fdcb05455",1102828898.54954
"be8fbefb8e06fe169237d4bd",563244143.845991
"be9f5ade682aa1fced79b068",579980484.223305
"beaa09cb49a98e8025fd7e8a",470634300.96719
"beadf1de0732143f0699895d",791279737.719237
"beae197df95b84881128790d",890914808.834321
"beb73d27906bea7a7d880791",828295664.794782
"beb7b99cf12926d8714d1c5d",913842744.988593
"bebcca3e75e747b5a01f5485",656438037.308859
"becc3ae7a71d597bcb16d261",667714254.834706
"bed1fbafde11c156b655e04f",619676134.000079
"bed21c41b31a3bf2095aa273",929948634.282325
"bed932e11a599f7cd4bfa31a",971349288.104394
"bedc5ab20edc896f814c3f06",695098940.592144
"bee2e008ee41f8a711fb8d29",604264429.445339
"bee721e93b8d8e7cb37dc992",797421938.715396
"bee9de3e2817bdd591c02897",590395893.987258
"bef19d0084cfc9f6fa37ddd0",833467568.488918
"bef2008b362c4af1fc3be566",737864006.164257
"bef4759bfc25c7d44a8112af",775098411.827417
"bf00f36c4dbb273d7ba4b7dd",873378983.380048
"bf02fad806fde4e3575e75c7",720178768.74779
"bf0485c2e267d06b9b1d90c6",931900711.68855
"bf0ad098fbccd3548d834ff1",821481784.703414
"bf11c5dfcb321e020601e9ba",1086168496.48242
"bf120b883bfaf7641eda65a9",709630487.602322
"bf17b59bf2ac2d06894bd786",942346869.959805
"bf17eca5afccd9cd6299b9a4",911791212.01971
"bf1dae54bab00fcd3e8c9ce2",657174032.677593
"bf38bb7a2a7ea663cc8f3d57",686202019.356947
"bf41b26c090dbf0a19252e43",733304427.342594
"bf430621f17dcaf17fb91ac7",597170643.382602
"bf43226ba66a3e2033d32fe0",932545861.977558
"bf4b8b23cd87377169684e98",999104645.65969
"bf5e687721e030639ec81416",835090895.376486
"bf6005f6f71da582a6fab8c7",654793706.652362
"bf6845aac15fde9b89a7208b",724258526.715558
"bf6bd06201e60a4c98c8623d",858494471.72447
"bf6e713a689f574b532edd4c",1073924571.13835
"bf7463534babd284da6ca671",398379590.606236
"bf79649b531e876c5f03883b",474965416.73423
"bf95acc88b60a3d531fbd42e",483441544.915979
"bfa4cb65827c4ebb91478e53",974785164.576946
"bfa56d6230b858591743473e",745979809.125568
"bfaf8b7796c8c57bb5997be7",749930322.860092
"bfb30ae71cdca27f5a5494c6",1041157493.13256
"bfba8fe959dd2e44a4202943",886237225.11928
"bfc41facefe9428865e4c29f",1173388178.20411
"bfc5aa443994e3f3f78c6105",1139096586.83504
"bfd2f20a7bfb0d865d7f7193",1454141768.58395
"bfdbb7aef98d4855d459ac94",810074982.705602
"bfde6e7200fc27e6e6f1497e",1059369550.07323
"bfe19954cd4680149c682587",628085615.661543
"bfe7c873b2fbad871327994a",941816377.34017
"bfeab1b12dd82efa96efac31",630584796.252452
"c00083aa30ba7d953361674f",471585508.39487
"c00592c7c0c3a863a1bab9c3",752162334.001354
"c00facb3e4cbb27c47a621db",1362182696.65006
"c0109086d0f49aac6c3f3f18",663944120.581321
"c01199a4b2fbf0f6cbdf2a65",713586224.945297
"c01440b8ff0d80e7bbad715c",630833036.122633
"c0155096575af5fc8db843cf",340168817.545847
"c0174ef555bfdd648acf4346",645570867.828872
"c0224f0cee5a388014db4f55",1230236008.60855
"c0277899d5f185cc78fc4a79",752838057.053659
"c02caec41084656408c2696e",780238503.36759
"c02ce25a3334860d3bad53e8",572405609.264037
"c036fb38fbd2d1b59ed5b7f7",756044793.639175
"c038742e427830aef3ac1c17",534153011.808081
"c041a933261204155415c2d4",919397842.468558
"c04e72fb6244d9a9b28322b8",824960373.28187
"c059affd0c19f6d4d76f37c2",642065201.701967
"c06088db17767866b7f4ba7d",1088279711.49901
"c061b886b7136a1b00c8ea2d",943937195.363704
"c0620585c12f3d9f1298696f",769198517.275615
"c062d873af3b7cb98ccbeec9",1010652983.25023
"c06a1d212fed896b6ee4e1c5",582507757.958214
"c06c737cc0cef7fafa3fc4c5",705766637.715575
"c06c8b6425e3a7c2d7481e42",647234237.785865
"c06f36b42021a1512cb6e3bb",468597808.800155
"c0706c78d5d98202dc24e46b",878650695.896881
"c07e2ef0bed4be12e41c783e",756237947.314047
"c07e98122103d1546d995f9b",1153230791.84013
"c083a5c64c4d6952accd7bdc",487602611.984219
"c08b016afc6a07105d7703a2",707731674.184934
"c09b8c236316b87a92a620b2",577374474.657063
"c09c39339b5bbd48f349a430",725991187.108854
"c09d691e4c7d7b8c8f6a8370",857148503.8862
"c0a9e3f5c57cfbb4aa9b2357",805676245.632322
"c0bf06891690188e17ceeb8a",578770808.71089
"c0c01ecbb9189d77098659b8",669676986.516153
"c0c4ecc8d3aefc53c4c06a38",647269742.815049
"c0c4fa199f0ad751930cf78d",751345640.871748
"c0c820463dfec602a6118ed6",963957753.082293
"c0ccf6d535d1316e37e1024e",832658659.802078
"c0cdcb5f860e3a974c401861",819132426.357819
"c0cf9517f20ae81c79ceb0ed",1019404095.64985
"c0ea6c76eb977d83c163fd7a",541749708.463432
"c0ec1e7ae2c6c3c2f2ae34b8",713058826.525512
"c0ef32a7a294e5891505bf35",420946325.217898
"c0f911fe7ee2113ec59cb5f8",781752621.006408
"c0ff8812c1e8eeab07c698a1",425880497.211778
"c1034173dda31d20c4efbed1",596598655.227377
"c10f25fd39dd36287a6cde73",1362182696.65006
"c1168159d4e2fffdd5662757",820854004.779064
"c119f62348e418d9ada13362",798483766.512545
"c11cd2e00942ffe56db5ae88",780237268.014336
"c11d82cd360eae99c04009b1",1164378903.84051
"c11fdc02a288af0572a2bca1",779035617.448308
"c12904320223ddd043f39c63",699443507.258204
"c12c81b3eb12bb329466e88a",1130575048.29216
"c12f362b9060344ad044cfb7",1015785694.24429
"c13263f9c8628bdef086106b",798462750.359597
"c1329245f57c5d9019105382",970168537.984467
"c139bf6b72a93a73155e1f5b",395361929.046164
"c13e387f56342f88c993f0a2",776644963.881496
"c1420f278d45b85c56f415fa",956142831.182173
"c14f644116669a160446a945",630584796.252452
"c15cecbbe717e72f09a84271",655453703.068261
"c166a9293fa27e910e1fa9c1",843446973.532153
"c16ab4a11cf67a39fec6f049",748018347.133817
"c16e9d9444f85bdfade710a0",740001518.64269
"c17a3139c360750a6de5950a",435098814.780306
"c18c2ea88f4ac53970b53d2c",836406189.04809
"c1976383069b6b82ab29d092",786749286.384256
"c197faa8bdbd51c075a6d3bc",996997610.232616
"c1ac42dad98d2f23dcbf140d",993130383.512082
"c1ae2af40e1ea9da6380b8ee",1009712755.21723
"c1b0ddd3c104ec4482d5025b",613366358.470766
"c1b386f478152f9be1f546ea",744294429.923281
"c1ba606f32ce0337cbccc2b1",740188218.20547
"c1c1dc8df6996a94ef3c7d33",457810082.764802
"c1c8024bb6c3635ff655843b",549438356.109654
"c1ca38f941200a9d666aaedc",550371174.660556
"c1d0c0846ec652774ed5474b",1077425511.87248
"c1d9119fa7ae7d44362f18ce",907089563.995206
"c1e0b47866cf4a0120e4b3d6",648208181.147345
"c1e51ab95336a51885b4c672",828885476.394897
"c1eace64bd2c9f6bea289c4b",931575200.740758
"c1fc25faadb151c73ff254ec",740289636.522832
"c2071e85fbffa3d2c2168319",578841878.132697
"c214d2383936dafbe0652c51",1108099614.92145
"c2164829374d5e880c1a1f31",781715435.46846
"c218434cb0b05ebcef935e5b",977613471.450311
"c21a3eaa136ef8a912ce7b74",876534960.941594
"c2242a77d30c0abbed667ce4",988369732.067059
"c2282da3ece2dca6e8a3bca5",884366982.18228
"c23150d0aaaf932579561998",979520021.347035
"c23a1372c81ba03e6dabb0df",535173140.271229
"c2424b4861f2ef50f8876c0c",577856278.08971
"c2439ab65fe194d1d60eaa07",950144568.840832
"c245bfa6587eeb55227c8a4d",684080028.418658
"c24be8293c8f4080562ec0fa",657438335.388803
"c2555955d5175b31e5f783ac",938085402.656612
"c2580329ee6d7a03925725aa",626368536.159449
"c25e1e289cac1bbbee489122",831590969.348952
"c25f892c01420855f61c3dd9",721491782.669601
"c269765ece36cd93058efab9",557586120.811394
"c26990b034ee83450a4517b1",815991275.483415
"c26af6fdd00a85a17b823d92",752655386.978385
"c2717194de73e1a1d8dce40f",405942263.745525
"c27b2b735106bd5a77a15616",666930208.289673
"c27d72aa1fc5d37f4cc105eb",975930430.917516
"c287dbff188e95f833ab21f0",730415674.567711
"c28cb417dd28fe4d4d41d114",764311892.927998
"c29b30cc5db2ffc273e4cb14",677341174.555131
"c29c69bc6758d5976024e455",703239470.179893
"c29ec380fc7295a9a770a74b",436330250.883316
"c2a2ddb94f60de25378aecee",801378306.940413
"c2a9b4b389ae6f20140e21eb",859803248.238584
"c2aa451b62293042b7244fff",948758093.490288
"c2b5216a8050ea0fe4008f59",954087015.596101
"c2b880a6bc90cdef9dac52ca",782933225.338604
"c2b91ce4b1bc8c576a0ce1c8",765737015.949877
"c2b9a3b2747f32d26c8219fe",705962452.471831
"c2bbdb2e5d0191071e6db37b",799066170.839886
"c2ebd39857dbbacb99e6cc96",736708611.694452
"c2ee475efec76c46efbf1b08",610563213.20603
"c2eeb1cf0549df1359ef4dcb",553480669.423838
"c2fc3f04c3870e14b89d5fbb",598149551.502477
"c2ffdd10fe424afa1b09f31d",636839645.880118
"c310efec13e312442f7e1a01",570468729.657963
"c3140ab2134de662162af508",422265670.893553
"c3191b6b40191009ae9f4b7f",1029121651.80636
"c31c4bd09d8cfba562ed2b41",879233328.058466
"c31d98f67673691ece007a65",734548007.160481
"c32249c7c0819b1a29fd611b",705472692.274131
"c32df77def9978a84f8ba7f1",917534372.471292
"c33613eff66948d1bb8ea3bc",627950342.072676
"c342f6492f90ccf623e8e8cf",529880657.198509
"c344e3be381326a1b6cb5989",911605274.688918
"c34c2aabac06323fa180b24b",538673198.308681
"c34c94e7129f84267a5e4fd7",728896633.015442
"c34d46d83e76f54d53cadcb2",871312700.699298
"c357cc3d2f4b45ca3e1250d2",561131331.222113
"c35f5ef73168d03cba1b1f4f",462180396.057357
"c36cf907ee28017eb1b40674",451162690.663578
"c372834e8e7a4279f861aa4c",821344101.09142
"c3733b88ebafc0a05f5bdc99",686443743.645038
"c37348f8247ade33ac513855",1219917015.47287
"c3786f81345d39fd8b353da3",751239948.17971
"c378ef33f40f8be9263e517b",576332558.160497
"c37b357d57918c3a651a5760",689742524.253301
"c37c7859956931d77cd5c9a8",1027020830.95133
"c38677ed0876b7996f596336",468266589.475699
"c386d1ac4fa8dcec4cbf9788",845848900.657873
"c38ce4f3763795c61efee6f3",528723209.994651
"c3a78d9bb10165d9be188394",744973213.65657
"c3ae3f44bbae215f7f2fad9b",370300601.812392
"c3b357d17afd631df02dc39a",822798873.100538
"c3b8b774037044a2524913a6",598967052.004876
"c3b8bbc492a7d7bdd63da22f",973015576.542042
"c3bbe8c09f5e58281dddd412",876549220.600211
"c3bd0b8277a37832f56be54b",640763402.569237
"c3ca43d0474dea2f2dfb9791",499311035.511605
"c3cdfd0733404ec885eb3edd",769017188.454878
"c3daf2abea55af99c9579319",891697530.224046
"c3dc5ad23dc8cfce0671adde",965170549.955708
"c3dd975d0aed59a65a784e47",927241080.52845
"c3df4b9fdaa4dcb13723b5f1",782734420.040535
"c3e1e0d2618556de7df13403",746353945.363758
"c3e648317c360c76b94bf541",513092791.31319
"c3f889c41c1effea85bcc706",669827813.061597
"c402811ade75f5e3dee73ac3",873233805.936249
"c4074029fba935dafd82eba8",580775971.314772
"c412ab869616d6576cbb8309",464393791.583231
"c41964afa164d8b75f8dbe92",736045372.392058
"c41dfc0b917edb6e6ef7b1c8",562749099.096375
"c42c59e8a08e8657ab4201f1",442933948.099136
"c42c99f5da3248e7bcc73fa7",834193082.821147
"c42ce8f9f62f7a315e028e3b",650568790.453802
"c431fd6dbad57351a497fae8",654338064.103338
"c43530f324a3ac90f53a8849",684934766.421453
"c4476befe0002dcd0c315993",778025471.818269
"c451b61851c8ae1e6222109e",1037413610.47813
"c455b8a15dbfff94c2909f37",854731678.129288
"c45d7f326a2f279760d1a4ae",911384674.33031
"c45d86d17d1d0519b455b7d4",1079065141.95455
"c462f0736fdefd319cee232e",1029807933.48338
"c46b122728ef4c9ae8be444f",848226053.577242
"c4749eb8f59cca469236df01",442160942.534755
"c491a13a87fa1ef595b35826",773435902.716534
"c4955010d066e013812a85ea",1140289199.13326
"c49644baf8dc51d3f76d7e7c",540576988.053479
"c4a3d64de5e401a86395a919",672631792.235028
"c4aef1d92cf264c548ef1f2f",396523007.002814
"c4b2a42a8908cc35e649fb16",685483865.910897
"c4b97a459e2c6d13710fa273",537795611.644871
"c4cef41167a5e8354a61feb4",905455441.951435
"c4cf9ab3776289a412684892",930714769.903861
"c4d7a906b747428aabd368cf",842271645.739155
"c4e8559ee733a551649a5dcf",761743731.243244
"c4eccc400db2dc9627c9879f",828313476.616131
"c509f2036a11b7132c633d2a",655309525.552108
"c50d5b4e75f165eeeb2eba97",749149418.086097
"c514c9a35632e5a9c0476a31",738862208.037479
"c51d1eff1b6d29b4164df520",1324011489.97737
"c520b7e8de3796450ce49a30",401610924.633852
"c523380518164e1e317cf1b8",1256229993.25386
"c5346c37454ac2b13b92240e",1145514632.48067
"c535169307e21e5df7ec88e6",880133284.212726
"c537ea2620b8c3a3f013c0b9",963240694.516106
"c53c58dd7b26902f67c3becd",942666224.966064
"c53f3bdfe8159bae98ab005d",1177752670.8252
"c5498cdddd7856e99d21f52b",621745914.929098
"c54a573c9aef013dfa2abeff",969487280.724583
"c54c645c340f59dd5f47bea4",447475859.933203
"c552cfa8e6b8c8be2c963ae8",395149710.584659
"c5602c608080e2546dea5463",376087173.527254
"c56163e390d9e5a7a76e77be",827421542.784259
"c5641447732d3d1269965ffb",1114772567.48896
"c5788cd5507c577b7b585ffa",398379590.606236
"c578eb2dffe903475aecbffa",425801402.046733
"c57c3c7edd591e16c0b7c1f6",638443432.158203
"c57d333e383039db0fcd2620",978540724.803042
"c57e1c323ddeaa7475e5189e",667707306.199362
"c58947cd4f238cfdc0007bf7",1222270602.09262
"c58b56f1202d1cdffdda3021",741703219.95235
"c59c2a19b93ca666b7c389d4",893458878.26536
"c59e06a2ed37fd750cf39976",1070744810.59871
"c5a5676bdb1698f8c38cdcd5",510558670.245967
"c5a64fe5ed5901734d98a22b",701307896.626205
"c5a8695b7aeba06e46266959",718582880.609966
"c5b333e454ed6e93ad32d96d",753724186.530808
"c5b40b510bf7f121c93a2332",858966748.143373
"c5b47ac5c4b7476d50bd56ec",744880856.622441
"c5c024d11b3ebb2cd088bf6a",985350302.785542
"c5c3f06bbf812593d1b95a40",1064653173.97884
"c5c7631ddb5b485d0e992f7b",516605899.678937
"c5dc941305b5fb59e66479ba",838825767.291566
"c5f7f0323f554a7419f78359",861368051.736675
"c606665f3a3f70ef61fa5cf0",1081298179.49783
"c6084b85c8d95e0ededc25d1",959754954.764326
"c60c2efec3c12959d86fe3c8",618268499.456792
"c61076b24927a46ef506322c",1011795782.35664
"c6115d5e908e04e67915a581",803472702.57214
"c617d1f15d294f0b0aea8ed8",867158904.156791
"c62494a9d7aede44f2f84023",1220216662.03992
"c627c6287efaeb6fd9049312",710669869.302703
"c62886167530efe1f84086ba",707162354.074638
"c62a4288a4a0336b1436132e",608072399.805182
"c631f8920a2fd1160f6b15cc",702717432.145441
"c641febd8bc2ece3e4d2d8b6",557353985.917446
"c64346c8b0ba32a55292e66a",994987911.235107
"c658639b590415bc6ea44119",544899005.080575
"c666974c4303d43b87714c62",511219439.859536
"c670315562766401f92913d0",427165418.973459
"c6706db3eb4f0bbb0510578a",998667255.267679
"c673d94552bc3e451672939f",916377960.324518
"c681519ec1ee1a28f6a3607b",867611591.162317
"c697ec00214cad882d5e9812",524494096.713802
"c69e08214cb1fbc09ced0971",499264196.830076
"c6a089a9bb326c22e3f3aaa7",980075848.610894
"c6b157e7a6ca08d04ec4de4f",446066618.405348
"c6b7e739125907c86a8997d3",789945213.674035
"c6bb4ca5a0c839d38dd8ce19",1086731975.0824
"c6c7409bbf52c86461aa1dd7",686256911.530384
"c6c978051fdc655d21a370ab",574346370.974679
"c6cb6ccd3f5876c9b9e29685",716441748.786433
"c6d075772255b1efa52317ac",940011340.227211
"c6d679cc07ce4373197748a8",1215527694.44645
"c6da2874d2dfbb2ebab542bf",1082780716.82194
"c6dc8c201ce38ff2ea49cd68",1280535618.8475
"c6e34cb4e79a729a5df4183a",869405193.099203
"c6e9772058edb2268434d7cf",809692262.18729
"c6ecbe7b57db2db74b0d788f",983981005.479129
"c6faa40acaccc1603c29df96",624464385.032002
"c6faa5d2ac8e74c26fdaad4a",869063347.197431
"c70439fc435337f1e8fd2f5e",1210461998.07695
"c70f6bd5ca138bacfdf8b5cf",874347212.6691
"c71123c31d02408cdaa74daa",557992877.649593
"c714b30713eb7877ed3cd92a",485712033.542621
"c716d4dfb5a3c2e1120bd84f",987827167.626815
"c71fbecd8f7310c201adbf40",844972134.388177
"c7205874bee601a7b01a0cd3",1084962842.71919
"c7214222fefdd8d2ad7f8f8f",737462620.939883
"c72cf05b93b9c290c063b08b",895629945.049093
"c73a1177d787a5ed72b8a9a7",832947048.79996
"c73c38b652e9418f06f89b67",511624676.911869
"c73ee8d419b96c6e7c53f95d",847591423.352322
"c73ffac843c155f24985e6f6",795787789.968761
"c74020c85c9fcb2a2cb3ac74",756359221.468435
"c740655aea4eab7066446c42",746526646.975553
"c757b3960436c23dfaed4f2d",1037373672.67335
"c75b265c0eb946ce77e32ce7",818650075.906585
"c75d43b8089321e359e14264",895298532.692789
"c76207e622cf8a208910707a",798702667.801977
"c7694e92a97bb66794e62fbc",568997304.718009
"c76c4695ed005277a59451f4",763116081.599397
"c76f482d2a8f8db5eb79ae89",1087506975.92711
"c7746198cb5871bd687c2538",602593839.618746
"c77509a6eb6665bb8eb07d95",891163434.491271
"c775d4f60fea55d5511da4d4",876355846.872122
"c77a63e92b9f727034913d8f",743435656.294258
"c77d7a08d5b9abd4d3082fb5",749981543.032351
"c7876dc81e250503076f43f2",658913397.652836
"c78b16f05ef58855da0d4f2f",683261168.1882
"c798ea36d2e4a8119723eae7",997728824.974303
"c7aad87d39537083a5620757",716531296.457476
"c7ac975025713f368bdb0af8",1076030753.6416
"c7b6e7a287602275f7854ef0",1109802350.23235
"c7be09a810b9e54d2dfba4b2",686303342.203682
"c7c3da1f12d872a3726736f5",786634172.368646
"c7c5ee499c712082931032a4",1490417613.50571
"c7c835349181bd3f0d964eca",1568590155.28914
"c7c99ae9259b34bf9b8ba799",437750520.941017
"c7d5f021595b58c507f47d3b",952339799.000673
"c7e45098251c687efe670815",710973712.448389
"c7f422224808e043753683f8",1303188601.07115
"c80ef212c870e2f20ed2234a",696783820.140379
"c80f897787541816ad63bc17",633740743.550646
"c81133d5a58d7e8eebb10c8c",1248866919.89749
"c823e3fcfbf0c43bf2d82586",1159889843.68241
"c82434222f4129168fa82e5b",653410394.23561
"c8244d916b0110b1acbd38ac",693997668.930004
"c82929467d22589ec62c0475",801573609.534682
"c832701653f1e7f01913660f",994665558.542727
"c8346a875be8391145a2f9aa",424021891.409107
"c843044c1fb30819300448d9",437007959.356286
"c844a386941b86a3d4c0312a",717259795.766035
"c846d5698bb295697186555d",673344030.208746
"c84e1db639ee43ad83f930c3",760937108.377053
"c84f96cf4570158c3832c3f3",792222741.860709
"c858f0f3f5594e7bb0f3b6a4",1197831988.7605
"c859144477dcaacbc1654a8c",634927465.507312
"c85d56080167254c7bc19303",789294150.562065
"c85e9bd6e20ee2a883d0a7d9",396984312.558539
"c86e643b7f7b57b4482020ef",678688357.946708
"c876ed979c9127674000b740",747536676.118202
"c87ae84ef029febca1e633e8",612751052.918829
"c87d9677bed80b0fe06308b7",606825422.806088
"c89167e42af0d42c88e8573a",746394095.096228
"c8941b8d7626f7b33628158f",1244085508.30394
"c8958d280d0cf2d8a0b481f3",746443302.828354
"c89ac55660cee4608bff27d5",629928957.528383
"c8a3dc3654c53cf66953de0e",727261237.065282
"c8a40314be3014c2a218f5bd",1030497590.83548
"c8bccdccc9186136a332e995",999816085.177786
"c8c8d083c9b9600059a8b8d1",695583525.370965
"c8d179013c5bb6379693ef03",521803467.661758
"c8d39eef5a5422e0da4172cd",921823957.353321
"c8d4ffb290aa9cea002e8d67",408076044.477875
"c8d5a0e9614dcf96a500206f",695843476.479021
"c8e00b4dcfa2d05d6a7fde26",1074182124.0381
"c8ef57ddfb35061d1876f94e",549406089.433567
"c8fd8b729f4ac6270aff9c9d",1053271394.51538
"c900d19cade1443983274ac4",1369802087.90238
"c90486bba327ede32dec60a6",673704638.972794
"c908280d0461c3585af94d53",1190054780.30271
"c918e02b3e6d80125a2db1cc",534555239.455341
"c91945dcab0bf200c3ef321e",767952912.078554
"c926ee21c2bd9da7da193514",501209173.063145
"c926feb307c493aea729001d",511326076.751428
"c92bdf97d7f0a9a12c024406",420184997.636186
"c933750eeb53302db0245782",470221421.855345
"c94056bc09a4bea0e853cc41",646101957.4205
"c94dc49efe0a350bb522a56a",1018971264.09633
"c954618c48b70cb00efb49fe",834417309.046334
"c9620e3e2dce92bf95c57c6d",711727690.850835
"c963faee3ac527dfab08f61c",543755719.166121
"c965b03014d21473b27072f8",956859094.953625
"c97715bec6032974060480d6",1108794137.69796
"c97adfa6f5ad3e3db6b80edd",963528462.343856
"c97e4d7e08db3171290e939c",924449646.172756
"c97e70a767a3661c4869bf86",666446056.553348
"c98157c582392cb895071f28",820747835.565413
"c9851396352bfeb05fbd7580",1051414732.3291
"c9859204696f3440cdb541c3",964597999.67828
"c98807fc596bb2f505b4da9b",904934861.698703
"c9a215f284e095850c809425",814989178.550463
"c9b0673becdedeede0209697",409471192.040663
"c9b6d3bce20b7f528fff8123",759993310.327373
"c9c3973bb37b5c688a7c0157",700779453.29477
"c9c51c39725d7df94822fb20",747166757.345027
"c9c769e7ccc99016f61269d0",686092150.040686
"c9cfeb97323bd6a0564e1903",637864447.38216
"c9d096d4353b8eb843e793d1",749177485.889155
"c9d254244e315974cdf5d921",1283408734.70766
"c9d285946ffc4c4b3ee95da8",1293515623.00415
"c9d5c08973c493f3acdef892",668384762.523334
"c9d996f458794961d9957c1d",744030778.41369
"c9e20cadac540faa59d9aa3f",529540575.767879
"c9e92b994e48df83dcf9976b",1391229854.09043
"c9ee7f0666429c0c15c37499",369272503.315411
"c9f92088dbdc0d81412968dd",907325564.952433
"c9fdc3f80534b32f1a75f530",868678866.040893
"ca02c904cf5eb96ad20705ca",819725883.059126
"ca0b59b35225b44447967ef8",511624676.911869
"ca13bacbf6dc8d1b09fe4c67",970784070.507447
"ca1b1c17572f776fc1059691",663584560.235675
"ca2f81b8fb6fda20aefb0ccb",999369898.75239
"ca3b5cd3505049f1471c47e8",810839935.910429
"ca438e13d8aa6285858da0aa",933605933.429071
"ca463fbe3e5cacc152aa70a6",511750973.926111
"ca4f4a66d83f2043a7dca261",420946325.217898
"ca50f7143937a99accef865f",1057189468.01715
"ca516516b33dc09d712b3154",898304979.402311
"ca54914a1cf1028b9c8b681f",802533225.762676
"ca5949c4bcf0b63e5d1be784",384934901.820828
"ca5eecb01282d4a84017bd50",721152880.416701
"ca643c04044fabc6fc566d12",1025266071.25373
"ca77a424800783bb9c5c0450",919588285.182779
"ca7b9296080c9fc9fb232782",1012231826.60424
"ca7d715827b39c417e5b75ad",900974743.579873
"ca86f53a857c23b15eef428a",991197259.38596
"ca87bd8401c0c7bbc4b3f286",939699919.899565
"ca8c85e8100f64416146368e",1008809352.46684
"ca8dacc29a57d39640e3e59c",914271155.747689
"ca9520c7b8432b0521b2e8dc",630420735.764024
"ca9b2ef10b512905af6be620",875369166.46059
"caa4aecacff2beded2e76beb",662763160.120353
"cab0a460167bb64c037cf25d",367202137.162427
"cabc4fd04b60a66bdbe2cf9a",1103603503.92176
"cabf47337c2cd619f12fe69f",656487443.112969
"cac3eb4606346268cea48e32",1180583320.89197
"cac7e7c3e13af91bdc7107e8",838012486.812972
"cac82fdc4d960947bbc590c8",788989098.913891
"cacb91ac1b835d62422b8a8e",1072351770.25463
"cad16b2ea432d926d961109a",769419332.618687
"cad720be1395e2ab5869807c",616691048.496501
"cadbfbea1d03e6538af648e5",545305566.410588
"cadd4a6e1075b57f7b74c63e",842271766.13285
"caddb9dce27a7e8012478da5",643320974.310223
"caec584b5b6998684bbc6a70",391625215.452861
"caf878b42daeee3c7de336e9",843869757.766838
"caf9c761d21329c993a0bdf3",852781361.035579
"cafa94c4a56c23ec73ee9071",958131858.583982
"cafe7c1ee67458e05c84d5fb",869371459.500602
"cb00154afcad81df60ee58f6",451478602.12001
"cb00e44cea76a92e9c44e793",824883670.463811
"cb01687abe09df6838e1b224",716848871.477221
"cb083fa7ff634f424a351840",671980590.494627
"cb09a84a1d7b929607d01ee5",904295234.930707
"cb1c8ab11838d9f0a1197e25",917362564.522762
"cb1dcee1f4ede0877be1ad15",798596130.529963
"cb2188cb8e534973ea3411a5",772492746.327801
"cb29bd3ae3d5da88c99d3db5",788998082.12301
"cb332695a296899d1c798426",640488906.135022
"cb383b7a746ed55b21a8b245",786484088.98863
"cb38dc837baf3e0531c6c115",844417252.16586
"cb40d6ea6a1eab77a60c1ba3",720426098.084738
"cb482d76b3b4904c595f2dc1",491212175.084318
"cb604e3a56cc847189462004",776260973.670779
"cb626b981c0997d254388e76",447355991.894322
"cb645955c851790e83e696a7",895532358.750726
"cb64b363295d36b9b0fde3cc",617919885.439844
"cb6d29f005078d4d4efc2d04",653688184.208854
"cb6d4db44c789fcfe8236b40",699358842.140038
"cb70f4993947b640317a07b9",782422584.118555
"cb778195c5d61a7c4185424c",965384343.563104
"cb79e02041eddcfa9225346a",741315090.784131
"cb7ed5960f325114bd3489c3",890438274.633993
"cb7f62ac4c1afbb4256601f0",639526944.462649
"cb83c138aefeadb184d2c7e0",593095706.441831
"cb8844cf2070d8697bcccf27",583152687.659303
"cb89ad8156c3428ac80a4db3",544209752.390767
"cb8b826e929f4f8a8e3687bd",696806212.893704
"cb8fbae1b4141461127c97da",999278687.408284
"cb915d1ef92dff803c5cceae",1229458322.05646
"cb93b0d5e9a26628b0462b14",595107273.85193
"cb93bf58a01eb262cb003061",796713150.338484
"cb94eee5ecfc75d0fd5ba6e5",994952150.880515
"cb9d8fe7c18dba6827836403",736405985.366339
"cb9de5719b978a78c71db699",1006821125.3803
"cb9e058f82b10cf80990beea",842861312.372897
"cba57e3b393b3e392c7431fb",949531499.679055
"cba9aead5bad82b31da51e6e",1017332324.38344
"cbab68c32d78424452249d9d",1097686725.87065
"cbb10e7618b1385cf922e815",1066874055.08854
"cbc99d6202cd3a31e1c14a16",609142791.637804
"cbcf4d76223673724b0f9811",836198782.36749
"cbd48f3342e63a84173a8dfd",396044369.01742
"cbd78f55af1db4d89b53b496",541788062.871418
"cbe4318f63d73fea6238079b",1249598191.11216
"cbf6faf7b47b43b2a77b3654",850182390.067529
"cbfc3ca911ca23517da8c2d0",1057810855.0227
"cc019e30685c91634d2fd4f4",933769826.887808
"cc03087e0f18d59c521b6ce2",999562816.417171
"cc125d0f70d6d0819d6d90ee",570792875.585577
"cc1a11362066152d21d4cc60",601573883.035236
"cc27435df779f16e6a62b0c2",1295333341.11427
"cc2c78d41e3fe29de0b4ec4c",1074286265.79694
"cc2e8713dd087d3b842d2f11",437641657.060025
"cc385eff95aa00310eb22111",653917635.657382
"cc3ef2f4fd5568aea96c257e",654089695.550819
"cc48e66185c23195cf958612",520363134.881929
"cc51811e23409f4d77995768",647636715.955742
"cc5563550bebb29c83ae3054",1220601308.44163
"cc6fcb8ea6556f676c13a76e",1055399083.62278
"cc72295ef156cb2d60d6b10f",895751938.432403
"cc9743189c3671adbb1be49b",853456389.588061
"cc97f62e2fb9d3e31ef1c00f",626148127.523917
"cca9a08bc4a91f317b851f11",1067076157.42042
"ccc4457f68fcc1a416e3acf3",835593083.636833
"ccc4e48073c3da10a2e2d08a",854452871.652004
"ccc625df8f51248e3dc93214",464492437.479241
"ccc66d77e5f68779b1c016db",555676888.900755
"ccc70d1d8e4411331730bd7d",520524535.5535
"ccd2f6ec8e9841f1068b7c76",586944095.682909
"ccdf0abddccb1a670f31c2f2",920829785.603978
"cceb25e83ecf22252aa92d2e",1266773944.66566
"cd0236af88ded6bc15b49eb2",908342671.122022
"cd05166ab9bf3128c23fb8c7",931864072.141984
"cd07b4553b6d3863a9e444e8",994413351.525637
"cd08976dc2d69110375f8541",670607145.317029
"cd097f6cd92275ec8ace1f20",599983326.571168
"cd10d6e28fd7ce92518ea31a",997555976.23149
"cd14f8aa1613d754221c4735",737985357.377926
"cd17bb739ac79f80d6f651a8",826999821.137149
"cd19dcd4aff76caaa1cffe54",401328582.172877
"cd1fc7362660bce494b5117a",540927263.568982
"cd270a11dd8257648d1f0444",860549512.0257
"cd2913f013727119158b98c0",1120648431.64928
"cd2aeb1b2649ef421102def7",885321166.034942
"cd2e4dff930a1c7a1a569992",874651331.595653
"cd365053914fcde97b7ee9a8",831694300.03621
"cd4656aed92f5c0a0b6b7c0c",853399401.582522
"cd5111edd2fe80f56db29531",742367982.876756
"cd53a991573ecb5c53f47986",1061214416.23402
"cd55abdb54bd56d54b11fad2",994898435.603552
"cd5658fc146ae4b5d78fb565",671819316.552744
"cd5c6655243a4be0912bc92a",1015779818.90138
"cd62ad28163c8df131a8f2fb",962790540.653867
"cd69a049dd8a3822e228ebaf",818816390.98674
"cd6ecb0f77acd93cc1c9038e",1134664525.59042
"cd74b689350ef612ddf1b96a",719882043.950295
"cd77cb445eb0f72df89b9fb7",805650370.710077
"cd791a46ed616911ae7d4fbd",639885601.27254
"cd89201cfe3fa19a4eb14bf1",708642343.392006
"cd968f8973a267790a38f2f2",756201708.508229
"cdacddfdb6ce41a3eb752496",529547143.246662
"cdadb2607807935a0a5597e1",632424738.980734
"cdae3bf05372c13649a2adc8",440036444.259132
"cdb5f8327360c750469cee74",853456389.588061
"cdc0c282ee62c51e3a20459a",1109365791.14789
"cdc3e114698984145df842c7",1321097982.43564
"cdcb874d2e62220d12230632",836630614.580567
"cdde8657b5a215915a04126d",1314816523.04618
"cde84d2435eb1d0d4ffe2a43",888579683.63926
"cdeba97450c735185e486eab",762056880.801673
"cdef6e87c007bcd9b4efa9fa",1041647526.4467
"cdf11b53a23fcf9b6032cc8d",609822979.092291
"cdfc387f8246a1bb3110d724",1013371083.74989
"ce011b7462e9be36184a2984",430881435.229549
"ce03d8ae43a426e074ed35f5",1097675400.84819
"ce12b48120daa5704a4c81e2",430984838.113375
"ce14bec246191176c16c4e27",885709937.229617
"ce164af02f76ab3a68b0f980",803594411.537992
"ce18358366157fa869bf3833",812343032.336984
"ce1b06502cb0c5d9846cff9a",453550629.178076
"ce1d63bc4411a615b816a76c",979039715.716321
"ce206b82f2de3793156baadd",736673753.090711
"ce21f368495d385fbd98de73",586609354.587129
"ce25e9fd3bce9b75050aef5d",977730774.637702
"ce2cce355f493a75ab59b242",472424721.474786
"ce30c2c7cda56a69005300d4",645514002.409101
"ce3deac5963eeb96826c14f1",776681077.479679
"ce407c1e25333d7c7eba1b0a",469175594.969983
"ce44699aeddaeb77f23c9b9c",1247636235.12212
"ce47299ee877638c4729f60a",472944057.615349
"ce509ce153f452ff8a997538",875686375.031151
"ce53f3477814fdea2889cd2c",507534086.89902
"ce60e2ce2a420052e67564d2",935591629.981745
"ce6a3868227d78852fad9f62",1205452636.94362
"ce6ddb82d2ece3b8d58fcc63",514308000.031334
"ce6e91b53465250effacca98",1188399392.80785
"ce6fc507df0105c68c29214c",698160873.972326
"ce78e1dbbf0f7aee98e244df",937716757.955873
"ce84187750fa7aadd141b5fb",729161033.011222
"ce86066ad78dea43089d25c1",1145010101.08404
"ce8ce41a36b610be164a25de",811941017.654197
"ce8e1e2e4a79fa55a8547457",1193209991.04014
"ce9474244dc2d40f357146c0",547788131.493173
"ce95aab452311a0cc27e0c7b",721365147.839146
"ce9dbb6d009cbdbe654edcfc",882718981.373134
"ce9f2f0071be658ae75ca6f9",1230105925.75545
"ceab390b6906d5cbe65fc402",744069772.015276
"ceaf16e097500022498950ff",461562013.37824
"ceba7d0f56f6cb03538962fb",719275123.023807
"cec8daf847f52cb2845a9f58",937770629.48974
"cece8267e60c2461d6c409a2",981765698.258379
"ced1f52def08143f0b2b6849",799090183.197184
"ced624c6debaa01c732e9f60",812786325.885339
"cedd20027ebbf47baaa0dbff",733071249.47945
"cee124f4b9031f59c4fbef47",947810354.954901
"cee1833e8964355b9aabbce2",557797019.196361
"cee66eef685e4764b9553a02",550166955.892314
"cee8fedd5685633435d77a06",1201291990.10079
"ceee9fd6e692196b960443d8",583226264.272569
"cef379fa831f936cad745dbc",750595964.979023
"cf0152b0a5e886e8291ef4a8",840499177.617375
"cf07a5af6ee98d735bde14bd",1238742082.46999
"cf0ca58262feb1f8b0dc7b68",704268795.88778
"cf184cc576effe39c0f857b8",719380529.804138
"cf1ba56710023ede80a8381e",1052551928.77023
"cf2e8824527989d3cd29c058",862425022.960049
"cf3665f24927de548639ee4d",759219620.056559
"cf379b41b70374ac4cf82dc4",669277479.54721
"cf4d2297b73dbc357d21e31b",544826296.807642
"cf4ebcab3fe4d12e1a20146a",825962084.790938
"cf5213877dfb4df98f0dc10f",632102995.495628
"cf60297d9d9bf1268f35ad95",941186610.673249
"cf6092df1f22a7c4b8ff9d50",574050162.928782
"cf68e05962a41395844e9c80",697314579.157373
"cf6f0a3cc030024f4e9ad06d",751268449.570707
"cf707785919dbb92cfc7b5f6",1035664805.40659
"cf76689ebaa20c70d9db4d51",1108599524.31358
"cf76e6077d47a14abaf0cfb3",473251972.056524
"cf7741583fc5315ba70b70f1",830963620.520697
"cf7cbedea50333cd2dfb0e30",848024800.795218
"cf81103f31f74edfe0453de8",1088492444.43586
"cf8418c60f4e54dfa09b1e6e",840788675.352699
"cf88be51d6f31c10e5868ff7",319534613.109928
"cf8bbd3528d3e7e2b8f50c29",884284086.715971
"cf8fb8db6f74c236cad0cfcd",1337804878.02264
"cf9eb2cd0f20b13cc8816bbc",454718398.773722
"cfb8d15c6b0c0e6ee4b92109",1164239675.63106
"cfba6db03f0e38d1aa0802a7",750688731.731832
"cfbc690c55e5c2bd8dd9d89d",958603804.116703
"cfc069bd55e152e40b3a1391",797100589.374746
"cfc2ab56604b4e3734d7cbbe",932950647.206255
"cfc61dd41ee5f5dcb76bacfc",544363968.672962
"cfc8dcf337e020b875ef1572",1304326322.12687
"cfcd97bfad6e013aeb57a2a8",580699155.907927
"cfeb42023e2737491b3e4283",925488380.531748
"cfeb702df06baadf29f12eda",421948008.599007
"cfed0221146f4d83d641e1aa",490861574.831337
"cff851746578050bdfd46090",1032959255.71613
"d0100c18dba3c334327b29e1",703941338.78021
"d0116b53467b3081664fb268",787019365.579368
"d0119d7bb15452c473ed28ba",772171083.513945
"d012efd4a77c5aa5e8d6e508",968194413.266493
"d013a0e910b1fe2e3913af7a",441005551.368945
"d01f6c0b2b338289e9fe3768",412202423.704482
"d029158b36963961fdcc3974",843972358.8581
"d02c3b5ac6fa0ed6db06e490",1088088698.76669
"d03101c7f823dd7d17e49a83",930210757.150389
"d03558acc19951a882bd568b",491009426.891917
"d038e5695b32bdc6fff1f72d",886957579.749396
"d040e15e50d655f4d19bff54",587220866.444826
"d041129f83f1f13fd7b35e4b",1098767884.49534
"d043d368d2584ae95ad3672c",793526182.94708
"d048fdc255a5a7f474d48c0a",1103216133.25108
"d04d42ff91707e3957b4a29c",1168447322.53117
"d04f549fdf8f34bab19a171c",475000413.068942
"d05030b0eb8931161855450b",736231043.930886
"d061615fcc6355d79665f9a6",607914030.354977
"d06ab7503c6deaf9cd405f66",1229673918.07739
"d0751cb5e704e28e03514fb7",820150731.187686
"d0792d22549d1b3f63baf3ad",420180754.532018
"d0804da971548399183ecb85",961365195.554782
"d084dce4ab9c4008ffa3bbc4",1027061282.10097
"d090a9e520ef74848bb060a6",485149716.253723
"d09c1af87ddad4ad11b82626",621527678.822369
"d09dc3a3270073e5f1cb353c",1015066855.86537
"d0a5f33f0689445e22db6626",413178153.544563
"d0ac1f63c75987c92038bd30",702151632.493861
"d0ba7b90f6ba3392a165b46a",1568965622.52758
"d0bdb51c8020a37fe8344650",593900315.421806
"d0c411218ffa7c3ebc10783e",738881470.710124
"d0c7294b2184d0b4d0e2fa07",1184309114.82001
"d0d6a1b5c60ad420ebf2ab8f",1009791243.02679
"d0d77497c8a7d567f01d3afe",675760619.109332
"d0dc69570223bce949a4c17e",746885368.624119
"d0df2748d371d98d76408d66",609600088.249566
"d0e45d520227ef8a1f53ba28",705593156.027269
"d0ea7bcd8cef8588ca50c778",697251137.074739
"d0f5cebc2059ca89aae30c76",676278368.798206
"d0f6e19e92c03b40a5aae3fa",1110485678.79807
"d0fccd2708fc7def00c72317",901255322.168358
"d0fe3d393eee5c0cea5bb6e2",1084917904.8936
"d10bdbfbd411ae625dc80611",402763531.868466
"d10f89691119d4a4a2c1e650",1604851581.4504
"d1166776fca47427c77fa8e1",899164729.390549
"d117e9672b3ea0435e7a894d",662701081.915684
"d11eadc78d95c96f50b41a10",1073109396.15876
"d12059af22bc7d6ff170430f",1051692874.79201
"d12298e0d398e9d21d2e2eed",453642957.617426
"d128186867f91603af4fa481",932471211.943638
"d1281c9f037ea5c4fa683b84",647043290.598377
"d12c08cf48be75014a149873",1073054731.52381
"d12d6ea066b67c3db9b2dfb5",891744966.214765
"d12dc721a59af021e8ac68e5",479746044.001093
"d12e6de49fcca906c3586994",758079057.834293
"d12eda0ba04f846d73cd7acf",744995683.620402
"d135cfa351ed6abe4ec2033b",537154539.034295
"d13e3d432783206eecb0e192",1016886501.30075
"d14173913bf5ed21e3ab50fb",888791363.348795
"d1481d9d2bc9d1a3811f2faa",962637917.343915
"d14f7f939468e641c43abfe4",688934303.734829
"d1526bc5e5446680841a9cd7",848844179.134141
"d162a90b37622c1dc6550690",366176618.699217
"d1668e2d35a939ed126a3f8e",928525236.548706
"d168181ef0dcb853171cdbb4",914499040.269824
"d177236e8c725d4405025916",1028916409.93629
"d17ba799e68d7775f2104b3a",686140501.18624
"d186e369ed884150e71906da",1268539336.80013
"d18d990404e7fd07424f5a77",513046631.108938
"d197410ebc0e3b9937464923",606704781.087331
"d19937a773269962c7f9e8a3",1164174534.32638
"d1a6132098a4bd640321c7d3",742118508.991902
"d1be4eae680cb16d0c842606",1216321996.83513
"d1c6037d0750bcfe47d425a5",473262388.127463
"d1dc16c82942902c668a5c9b",868754126.314103
"d1dca15e36fcc5ec14dfd870",984953118.080173
"d1e38d7cbd32567c874e194b",781112697.553056
"d1e6d6900eebd9ace65d6c36",871301744.310218
"d1f39f86c82916524273bada",726358384.802621
"d1f8eacef9bb4d300d086837",1078326914.76459
"d1f92e6b18faf07ab70ca1ae",859372979.655355
"d1fcd31555048d043cf084be",658043883.329449
"d206aafc71e8aec2afc3f8ee",651830208.611712
"d20a5b3eb857e1f4b548066e",657062020.066364
"d22313a06e43b8ab8f6672fa",402051184.624822
"d224080523a2bf2e81698d15",465883415.40455
"d22d5776b6305308c9e774d7",895455701.330938
"d233eb8af3ef7e325f6c8f9f",447682147.058159
"d23d12bd86def2657038a481",865519661.231514
"d24258de8d2ca10186660a1c",799947476.84236
"d2526a3e39ea01f87c99d073",1015423274.80895
"d254d88ea0989a609b71fb72",552768645.523125
"d255f73d4066fe559065266f",533350838.087022
"d2637d64e4022075c8f539e1",878684732.005497
"d2644b46136fd95c0fc2353d",891805273.431783
"d2655e69f5dbd09ddb9268e7",981822472.890385
"d2684e676cae87d75dea5ea0",693725837.708833
"d26d35e33a0cf88f735a9322",748575853.492006
"d26efb0e1213e19c378edfbd",806859919.535373
"d27283e3c941f8fc256c3f4f",644130777.022526
"d273a2075d28e343a657d9de",1051800579.09212
"d280fed64d1c23ac9d79ce20",1013548979.88994
"d2aa3386ae240d7387424e07",538285893.938258
"d2ab14487e0ecf640a785277",856089222.511279
"d2c02052de9c97c531a4453f",561994290.476584
"d2c46ef63db73ba3cb7e32a1",700024849.183298
"d2ce77db7cade7f2c6189002",710919405.77666
"d2d2f335839ed35571b19bb1",889125919.464784
"d2d317f2990465269ef58c41",745360484.521011
"d2d46c70dc048c92c8e4f09e",858572773.477372
"d2d8f5356f77507f8839280c",1073243105.06029
"d2da963bf6c2f6fe724be23c",966317362.808875
"d2de34876a7a6914c2dc479e",895144704.950822
"d2e6ab3b3106f36f2c3fc119",464891503.769912
"d2e737461b916ba78030c76f",1137632699.32894
"d2e7484c81358d4c79f040b7",862243092.788438
"d2eeec3fb1ee4d686758534e",1091407228.9359
"d2f20425e236285124eaebad",649085956.031462
"d2fb81a477ef3690cb11c93f",1443704653.15042
"d300473e3d2ced1177c9fbd3",829202994.564158
"d3054072b2175deec2c1f8dc",483055574.135356
"d309cdb5688ff7bdbb682d17",758455848.436369
"d3169d4a467cb7eac41849ff",762148126.427831
"d3222a7545e302bf10894658",910506474.173527
"d331a4d58875a393080fdc48",524904970.42046
"d337476c2cfa780518523a6b",700316520.886253
"d33994c75d98941acffeeb90",1187694390.60325
"d342a1ae299065045a957767",1045373198.06087
"d348d38769937c8f350297bb",1101810324.10613
"d34c48ffe935cec3358b2247",754041121.651346
"d353be29e7ed2c35b920f7c3",628259760.043454
"d35462df6c686296a3c7bb23",774826433.75542
"d354a2581dcb183c0cd70540",922958771.589478
"d35596846155e74d1a637d7c",746636009.01305
"d3609eabe59175fcb4441ac2",1281396750.90744
"d36dd340e5875df6cba999ad",1035520853.94082
"d379dc03d78685ad14c647c0",624617159.542237
"d37a1dda09e30da13ff5bfc3",858979425.650506
"d38353aaffa4af168518c6c5",918322809.580932
"d39797a12d9a4aaf15ac11e6",657662120.551223
"d3aa845e96d22f31a3656aa1",456804770.77471
"d3ace27450b980262ba9bf76",1280131506.42607
"d3aee2a35856634eb710efa9",977098795.366708
"d3bf3146ec856cc26c607d70",1100433504.12545
"d3cda82d1fa53a7ca1b46a33",1056120852.84117
"d3de7e975a9215d04567e467",546941403.07849
"d3e119e8fa4d96abaa8c43c2",945288741.621922
"d3e971e2e224a20530ee295c",693662809.487848
"d3ed5316a463d38c1bd321d0",1203086170.77928
"d3f297fadece964afe5f1cc4",971299519.269757
"d3f688e0deaff6648f2925b6",512355337.590765
"d3f7847147c88352bd3b9707",785038124.981721
"d3f9cf66c1c05f55325b894a",1193419457.69564
"d406baf5cc9b4473ae9b8426",563859418.880761
"d40e0c2222c0debe89735e88",969143133.781959
"d414907e75a1c105ad2b74d1",583697201.771749
"d415dc486936995f8b3704e3",661117225.425162
"d417ff438d2a418b1f9e50b6",591760454.697797
"d41d07d1aa700278cb81ff30",572229136.871237
"d41fc79d800458b1691bbb87",876628754.695836
"d433ad6c3cdbd707e6839082",706827103.214652
"d436abc2ee37ba3dd561e940",1027856233.51188
"d43d2bda7b6e4d5177c0d032",854758815.669735
"d43f045d046fbc8f5ecf465e",838653324.314477
"d4436ad417941fde0aed2818",1014888693.31067
"d4439c35bcb88e1490916c67",520799159.38476
"d44778d36fc789f8b8c745b4",587785437.750603
"d4492ffc4aaa4ca9c4dd2357",787034965.355902
"d44eebc871d1fa6981c32ccb",821997643.314256
"d450dd622183c7cc43a20d70",742365370.243282
"d463fae95232d30e0f78f93f",628915138.47888
"d4646b7f4dbebf9785963cfc",518271715.248664
"d464858ed94a1a74948f479a",528005656.695601
"d4653d505cede3d24e258d4b",886237225.11928
"d470d84f5d8299c52fa24499",578835467.534787
"d4716e228067a7bb0f30aa30",762106405.820794
"d48866a153ea0fd23a858cd6",753031200.567995
"d48a061a2040d851937413aa",922611417.62693
"d4990842f549d8139fa94c87",572907743.742666
"d49aeae19e13909e75dda2b6",968829406.816227
"d4a43654382201db5d318dca",792405137.448813
"d4ae25b207949fbf0df3b404",789968523.574096
"d4bee60a74c2e2235f507ec0",826962686.020847
"d4c40178c19d6cb2fcc88e48",724956895.441318
"d4c45f35f214fc226ec85b36",685175266.566307
"d4c6dda51fa949743a46e835",627129871.990722
"d4c7b3372d70b898b167b92a",785034888.667758
"d4ca9506161d3f4bb3ca57fa",462040876.610039
"d4d138bbc80a0b29ed28a4d6",661984646.69106
"d4dd48521efc020762ea141e",476191190.395894
"d4dfddb6564c9f46b26e7aab",480913939.045949
"d4f1fcd4c20dec55e977720a",1110555071.17796
"d4f4d0ed36ac9affd71f302f",894645426.865341
"d4f6cc3cc6e923cd37d0fbb7",497970839.415582
"d4f90a6b73b1e179d3f8eb70",510437132.112264
"d4fac54e137f5d27ce5f457a",787880434.884964
"d504ed869ece1b1d6e724452",409885153.70484
"d505277049a254f960e114ef",875183919.922744
"d50b80d68eb3b928e4bb4317",813783155.490273
"d50f33fe5acdaf5caf1c6ac5",768684838.823241
"d5182c47a954c964445f25d1",615958974.180727
"d519a8de5fdd1a84ca1baac3",691605649.421499
"d51bcf03d649839ca803c357",436706481.708091
"d51d3ef396efd4760c979de4",816226473.797281
"d520e90e7d0c44a6b8852e5b",507173518.078734
"d5239537894ce7f2a9cb5a49",702625650.679776
"d52c3915fd7d2ef8c92a22fe",684573269.447072
"d52cd6eee468311666218625",815435551.990656
"d52f04fb69bed41ffb10fce8",676868115.067834
"d5333f639d11bc3ab073ed72",773910385.231027
"d533a334c2ad9d510865fe54",598270655.298748
"d53b60b0f2c65918153ca2e5",462373901.195184
"d53ddfac67129aebbe054024",723780212.702534
"d54270fd6b09b38a978cd7b9",592408703.765065
"d5436eeef04e1a8e51a38912",488663310.854395
"d5475993f9db58c3e4baf7a3",872499311.428537
"d54a4c353cebf18d452be515",712165505.735466
"d54d787189cc8f014ae58aaa",1047378112.76183
"d54e80ee72354c70cb84323a",594207528.975116
"d555b82c192794e87e9d536f",775777157.679889
"d5583fa23ed97a3b9413e910",889419293.057472
"d55cdfba22aae78b6fab5491",545058007.043834
"d56159653f5d2abc5ed5acd7",809314416.253235
"d563312854016e9115d034aa",764989799.009077
"d56fda10944b088d9cbe1162",663922292.038087
"d573d2caf8c67aa32bbe592b",498282403.336027
"d57535248bb34f65ae678a39",810697618.866387
"d57541684e5c00bd9354cc35",696541970.360179
"d58f191c74d26bc1fb02cfe2",748328357.715251
"d5999beafbdc8acc8a6ad809",863915074.682106
"d5a83c31bec18d1c3eb9af7d",701377140.638822
"d5abd56b5a8ab8c2f61a07f3",729532937.394482
"d5af3041d95f5e89969c9868",483535733.181798
"d5b5bbf927f763a43190fabd",752907061.992115
"d5b950c5510c19ccb926e7c8",1055490542.16336
"d5c79ef12f43e2bc19e22fdc",881276728.779976
"d5c8073e3ceefbfbb547eee3",1030589193.95979
"d5c950db90c92be5fe753189",549679899.491148
"d5ccfaaaa739b2bb2b3d46f7",487147800.249756
"d5ddcb0a54416bdadb4bf57b",737881643.835984
"d5e001b2f1dad3962cfff9aa",957461589.94063
"d5e29042106130114cf3694c",527148820.579169
"d5e2bbb69ba3876b93af2d3c",1233136832.69629
"d5f41dd3258aa346367d7725",432990120.827038
"d5f905cebe05262cfc44bb11",784759337.267051
"d600310e19c926cda14ac923",994813272.897609
"d60cf6dcb7b4b40077536604",1187485928.80036
"d61700c4ecc128290bc42d3f",368124535.257439
"d61ac80c0d4737c3529f4a2e",490412327.25048
"d61ccfd4239026feb484cc93",359605960.553808
"d62663a447beaec69808f85a",380957347.003513
"d626a635ee75c23aee2fb327",1163916909.04157
"d6297cc548b16bff11eea51a",1041340267.14516
"d639498fabe1db1236656593",512388320.646913
"d63ebc63c82fbf66d8b6ffd3",970153150.314218
"d63fe229354bef8b02b4a934",801008109.470416
"d6438814f4ff3853bf6cdb13",666813150.000334
"d644b23e4bce0e6e50ab9356",1013581905.21961
"d6496a3215daad9089fcd5c6",891431959.012065
"d64a2ad3297e2fad8ce66197",479329551.140686
"d654c9bbda61c4c0ee1ae2cc",616344226.249072
"d65946f9c27e417e6bc60057",465869559.355223
"d663ca1a0d29b4cbc5cae9ce",982983699.466279
"d66bd7e4bc7b51d23af57de2",1127184823.25039
"d66cca2c8e08c89af26e7622",1015601531.20882
"d670be6c848b1e92abbf415d",497034459.625113
"d69209d7a26bd306bde5a37d",630327050.169614
"d692ba46b098c6658799ea8f",816479019.651757
"d69b019e6d54faa1cb044d39",812180465.344831
"d6a43f209f810455fa41dfd6",652001032.050103
"d6a8f4abcb02142c6dd15b30",588623962.000184
"d6b051fbaa13e3d92a798521",880348935.559741
"d6bf8bfc752bf4580e99794f",907835088.645496
"d6c6e7f923ce2cffba8ff9df",777220887.132245
"d6cfd3ddca2a59f0b6999d77",750410726.022113
"d6d5717a4b7e2edaef162b6a",629997360.578062
"d6d581e852a025b61cffd6cc",1151470086.37258
"d6de5d741702387dc3f4481f",1010373765.55337
"d6e333e793f75c2ab34fb127",514021635.358047
"d6f1594affb8db7a865e3452",685696619.846351
"d6f4479f9226e52c93d70eca",525459003.226383
"d6f9abcb58befa3d05373a72",914979350.991901
"d6fc6059bba177ab56d85ec6",896866412.996697
"d6fd079beb9f759fa4c6886f",496511258.136953
"d6fee4f680569a54f4267215",980340887.512347
"d7047492f4c53a0cdbde60e5",995162580.230152
"d7080c3742cd9d72e9d0ae48",630947618.570705
"d70948f87875325380885803",1575013906.09978
"d709a76487a49bf257489c0b",529735383.955785
"d70b133f81d6f1c9d93e2ed5",495304350.180137
"d714e15ab5c2d5a2503bffcb",1185103623.57952
"d71cc157c0c43935989009f5",715510709.797226
"d71d0c8357f09fe2f77bedde",807851128.914499
"d723eb2516802250027312b4",924611932.255689
"d737b8b7b39e99f7d877b7ed",715761946.028441
"d743892816160218a63dcd35",908843208.502548
"d74d0241fe5222f5c5b67222",657000129.083712
"d74da3bb780515b1273d741c",811895385.703031
"d753227b5c685e93b378baea",736760151.006438
"d75b7730e8c291ed41d7caf1",591252167.966163
"d762007a4ea5de370738e875",713503439.25666
"d76d5b14d0acc5295b8057e2",770244463.631902
"d76fadda8063e44483aa024e",783916412.982761
"d78d84e4e42f145e02e423c9",949051314.531396
"d78f7a1592c0779093150ddc",928612318.357953
"d792d1eec60822752c8d52f1",939028434.642115
"d793efed9a723e77ca8272f8",1020815913.34092
"d7997b9126bef50985bab347",661784888.625382
"d79d71be963d418a4c9dec68",995337279.888154
"d79e2addf7c11180be222103",1201939776.69517
"d7ad46cde8eca723de6510d7",1153567329.69065
"d7ad6527cae719481f849927",1069214443.16844
"d7b82133acf54bd3eac338c1",1064702601.77039
"d7b9566ffb28c753bea96f0e",773457484.593255
"d7c48db0385bdbf7ecb7088f",1240439570.49511
"d7c70d831e88d552da09ff29",846551261.340085
"d7cc3d199e538258fcc83f75",587062941.815702
"d7ced905983af0800c19b7fe",1153162421.45268
"d7d30819fc6ad6e7e41453c1",922176824.607051
"d7d3cd587d291f389ba2e8d1",812132449.745927
"d7d6f668e3e40d957163276f",703166532.838229
"d7d924ec35768a3e6bd39b20",632844387.431918
"d7e3cdd3ac239a5c318f2e9b",1302621355.99334
"d7e97cc158c6c54b02fe635c",698886761.363438
"d7ee2851bb69088f851970e9",780883435.886457
"d7f22a4e6daa572583e02640",406445924.579974
"d7fb188814d4c118ccd83989",411858062.276614
"d80c5f0b8ba55e7cf105d282",804639888.88667
"d8171d498291341094daaa39",1165706672.66705
"d81a040e22d541a74122f3c3",376671365.729708
"d81b170177769c0121b8935a",924240370.392746
"d8216aa4e029c0d3d646efbc",1097587335.92838
"d82f743ff414299f8c222db9",1052816267.38885
"d839ca90c5df85e5cab54ea1",741407452.103516
"d841d6a82425710e36460f64",696313519.560257
"d84248b3ce8ff6f5fa480a83",779719014.281361
"d846dbe691d0ee3ac5c3bec6",924067215.719451
"d84d7edc4a4896c4a8722328",597764132.562644
"d85fafb4d5ec056e6db9a79b",585505040.338138
"d8607e3261ef1546eb0c30f0",1060829816.06907
"d8654c08e95b39e3b4891cd9",813550222.574732
"d8735967c942d1a7b0cff7c6",795317276.638055
"d87896f889ddfe1ba210d74d",520005044.09008
"d87bbd60fdb8b84a9fe23ba7",453877234.1574
"d87c489d3572187e3280965b",1523571742.6882
"d87cbdc4896e0e0160999520",757161951.255262
"d88544e4e85add30aa795ce6",446574982.57153
"d885902c923752eab7b619e5",486622925.4337
"d88bba495701ae7a44eecc64",1334119921.34407
"d89dff35fa1944191aa9ed98",573490520.860703
"d89f812c7edfeb3121bf639a",789712344.677627
"d8a7c0b01bb545c414e12a23",1346547910.47727
"d8add8f5e0aa562a63c894d7",758424080.099251
"d8b3a1d0cffc913ebd05b931",931671376.851531
"d8b83253855448caa81f7780",773910385.231027
"d8ba9eb448ce35ed404e68e3",876173214.462322
"d8bb6151d30573c7595ee7c0",721618439.730656
"d8c1f7303b205fbaba2890b9",564915814.728072
"d8dc9de06461e0220bc55906",514458757.58467
"d8dd26eb78ff22272358e302",1017655877.95337
"d8e51f7b40bf1887ac007163",751786353.691154
"d8e981acf77bb46a9dbd3109",690849831.624927
"d8ed50fbd5ed46d36b3d2dba",669844618.924373
"d8f4955ed4fc363d6d9ea897",847881123.518001
"d8fde541f142e6a7f0b28099",883504759.54541
"d9000c1afed253d05de7819b",429580240.549049
"d9028df78f9b14a720dbaa8c",995898513.569819
"d908973d90db91f772890c9e",465547880.004138
"d90c961aa01e51d63e50a2de",961872279.891448
"d91017d9c530e058ace2e017",822134508.901497
"d9110b2b5b1c02766da9e24e",941731308.42304
"d912e45dda1a3a628fdf50d6",830414766.489531
"d916219daa90cd2d99edc609",738073099.719158
"d919dc64995903c9120eb61a",687893505.837906
"d92232d77f7a124e7ff13ee9",812465645.086217
"d925c1d4dcb68990c7204b33",793035453.425856
"d9357452fcd193b6c5284bc8",908967819.534986
"d937ac866f671e4a0c090879",873467163.842316
"d938d682332fa9e5c4986024",856089222.511279
"d9398ef84ae71419cb7cc82c",869066305.517183
"d93ba0c32244c455e0f7baf4",620243106.554152
"d93f6d8fe212ee3c0f7cca95",906402927.160148
"d94d18cbc812d560c1e38ffb",1086471484.48037
"d955edf16ddb9d3f59501a9f",1050150492.14761
"d95f38f5d1293c74ac52e823",1192372492.00542
"d96155b72c02bfa04f7ea98f",718151903.131669
"d96855b0ec427f041e7a36c3",1276793744.81516
"d96e3063ce77ab1235e2ba26",489362716.197988
"d96f6225db81dbf3d1a0e9bd",650679078.426298
"d9706de7190ae64c83e65769",911150244.395814
"d972dc3dfccf2a48a6384e54",855500941.777572
"d974970034de145d469d09c5",495742071.781391
"d97895a836e6ea22ff3265d8",506091601.243147
"d97d462ac4f5d9cbbf04e9ca",733944620.020622
"d988975f8c4e6ee8fd8dc1e1",768860560.827679
"d98ba43504fb49a4f0bd9c05",1021408689.43798
"d994f3919c3c8fe0ebd538ad",825764028.900588
"d99c00c516cf57b6fd9e877b",922544410.060523
"d9a94194ae1350512beff3e6",771040725.48857
"d9b46a34e48e04b5a3e026cc",760230338.131775
"d9c46d54ba6df0d21ed4ca49",753197390.100351
"d9cb0f637cd4feaaaf8a21c0",580635787.769779
"d9ce31250d4ae25c3b850124",998283643.043383
"d9d8aeafa748f8f1ff2fca22",829398459.752648
"d9eaec557a7a6674565db1ac",682820549.983214
"d9ebae84cb53d29bbd8a466e",397176832.974513
"d9ec26c1c3e1811e38f070b2",545084031.96615
"d9ed55fb72efda67f5144330",1059211316.02414
"d9ee40ccf461ce3e9ebb815c",705104859.044128
"d9f0b4c92bdc9476f50638ed",786772265.102051
"da12ac932dd8a2fabade4bdd",660373638.318201
"da16828139a19aa11bd94ffe",899180711.961372
"da26059a2cf36e02b8702320",685707382.21683
"da273cee807e254fc9aabb9d",806893993.937895
"da34d6cd832009e428d2b467",443968479.167937
"da35c757f211ecaab20aeb3d",462906774.519475
"da3aafeb2d0105f8e09c051f",729924462.655412
"da40d46cb91d9e59fe12e6ba",758447723.155131
"da474e23f34cb63de4ef28a4",784897100.875277
"da482df3d0fc97f9f8582e22",500671920.674165
"da598f8a82b1ad1b02961cd1",658478324.519439
"da5b958667b31f4f9a1d84a9",852499293.075526
"da5bf7f1c7b2f4ad670e2382",995845900.977018
"da5d47596a755078a2261328",844509085.369502
"da627dae6941b59d1eb98e35",621901681.925549
"da782fc0c8a79e3e250f0f67",389794783.065877
"da7a511a5f470d99ab2bc4a6",627804838.997144
"da83b03a6c9d405f55714b0c",1250834907.74172
"da846b08fe2205d2e2a3dc71",457972186.800449
"da88bf5bc2a7310ff382be4c",993859879.003904
"da8b5c8a320821ab8ca00a80",937716757.955873
"da8d3092ed0e085a83a7d67a",679904568.205742
"da8f986b6ee6f594780f4a91",1027062618.25898
"da94e4a5fdebe3ae7bb1adcc",967143340.198913
"daa0be53e7a1d7ff76f32955",687265022.197793
"daa4d7da8d7df8efc1adc9d1",468774070.729723
"daa52a91f1fee77f75550246",491287000.050688
"daae80933675e767b50bdd17",802355103.633518
"dab58562904cd13a93d913e1",812132449.745927
"dac29573163315edf99e0e7a",877357942.038271
"dacd62440872b6e94ea56fab",725928553.568169
"dad2bbb0fe138e426000a33e",790289792.047851
"dad46c20f9f7d834e522fdd1",941054163.411548
"dad7e45e4706ab2564ef9cf1",396978963.447376
"dadce7c7a446a6a177821b73",825854613.445643
"dadd9ddd29102f529caa3bbe",648619462.918905
"dadf0a00434e8ceefb3e26af",908017785.587547
"dae0265a0f2f79d3dc010ac8",1058657286.22736
"dae09210f48e5bbe0d31c728",464216911.844444
"dae55582e86b1f514a4ec3bc",854114511.346965
"dae776f643e809387148900f",1391471127.38163
"daeb02020f23715e663b4a38",778249437.283355
"daf2efda70c6f3cd9257d0dc",514709683.219616
"daf8d6d3f4ba21513341eb3e",1108319439.20485
"daff79365fd94d1d3a2bbbd3",680465477.100459
"db05818b6de8d77c1c3fd053",683381113.908407
"db122cadb7a9c33f420fe246",578366507.78642
"db1c3ece26da7b342eb7c8a5",777516736.00432
"db1cfd89dad114c11ab2d409",1190054780.30271
"db244703ce223e6acacbe85d",603785964.597043
"db297b6ab332cbbba338e7a0",658541929.07308
"db352cbc2aa3066ea9b34184",731630821.882159
"db3aeb3a96304f3c255e8a22",681472277.035762
"db3b84e5b3a9097392a57319",886615699.11484
"db3dae76fed5fdbed29862fe",857223909.041167
"db3edc43e89840a65749cd94",792928530.282208
"db41266d7b500a6daead96cc",524313479.459768
"db534a5f57e92d29b9e150cf",847000641.368841
"db563e5a1cd9eb1be832bf5f",1465945992.62891
"db575f8a4e10a29fe81b335e",1015423274.80895
"db5e320f51680100f1ec06f9",417492856.795371
"db5ea791b33be91840a6d045",1170089979.92871
"db6061f876f890071f7ed957",1206815665.10822
"db7535339826028d0fb3355a",472424721.474786
"db78a3ce9c6f6a7f4ecc6853",778804945.752327
"db81ec58863dcc5d12839883",412985584.81275
"db8912c5c5e5e49431b2c85c",782244544.035667
"db924733e88c361cdfab874a",494556153.349833
"db9798a3f9ac287754f3ae01",792161702.431093
"db9f66f68aa772fe29e37edc",718366596.681412
"dba1be42bef913f35a95735b",774591372.853124
"dba6308e2358f30b7ec33f59",887462823.93138
"dba9fa9642ebc97ccd765db6",599344966.047273
"dbaa5d47ff63125584bf7ac0",932450555.810233
"dbab5ea45ae910567c97fbb0",997603445.065531
"dbb30f9d010677de2aee1b71",843685355.782075
"dbb4260c89524c78de7433be",708387735.845908
"dbbe0b6f5eb07a5f9ec873a2",789179796.418787
"dbc123f9502159d660f375ca",1673691127.28797
"dbf200ef5f1e15211e2fc6d3",740551527.655423
"dbffe8f46b3d9da2e57c97fc",907191684.878829
"dc014623ed69c32abce2d0f4",647935273.436857
"dc082fe46a714afd43b9dc19",813459264.558663
"dc0a4632d7378c25be351760",844498647.192971
"dc0ac888f1e87924e3994b4e",576894890.823878
"dc0e9ce44b9932c6e48a9390",853360599.176181
"dc1fa8fcd0ffb8872d434dbf",636851208.246274
"dc20d46be2470d85ad9e7e45",786649237.03766
"dc25c9240c67effcf655b02d",770826367.698542
"dc298d37c5235e15b4cd68a3",857207001.225551
"dc33d5ffcd2aa2b7d56d2ad3",824297641.59271
"dc3b8d97b11cc2af4cfbcc79",904780963.965916
"dc3cbbb2fa00043d02958219",636854051.802476
"dc40c56571cbee9c2b7770f0",800419535.489029
"dc420bf2dd1759b7f281cfa6",1099673648.93475
"dc4331d09a1e36baaa6bde53",597798350.476689
"dc486a3d7e9e2e608ab2a7b0",620243106.554152
"dc51caa89a74da37ae644ff8",552378681.593538
"dc537b5973d2b94acf6f23df",1277829887.50515
"dc544c90e6ee38346a6002bd",711456577.277439
"dc65f0bafddf39c6c4b2c9f2",665054590.433003
"dc69d70e4d2713fcdfd93dd9",642819355.426601
"dc722ea5c4d62773f9fb6bbc",719257978.930915
"dc81900a751b64dedcb4ac39",825326940.604162
"dc8262e1493ed593103acfa6",647700996.384665
"dc8bc7cb687a3a42b7e7d5fb",1028365172.25609
"dc8c76f5b3977f90839918b0",873429501.469524
"dc9119767bf4f21fcccdcc69",747741883.043762
"dc91e3fe1b190fd8cf2584c9",722748615.230016
"dc93d8ca60d60a118f61390b",656380980.910178
"dc99f2871bc05ea7e8a97d72",842550451.771567
"dc9cd30b760a1280e0318512",879716697.566148
"dca2e851b82c512f01611ade",1022584554.05745
"dca45f1c1a79ea5ebe639920",947408998.847522
"dcac44d3f8024c6ea1632432",497878576.274774
"dcafab7adc7b763bb934496b",829019217.330511
"dcc9e2c9c1151bd9f93f44b8",544508053.588132
"dcca1c7f109175760ff531c6",471193199.28816
"dccbc668caff517f649cadbb",904077911.774376
"dcceb6a2073faf9f89f3431d",965014969.01526
"dcd314dabc7d162cfc29c81d",869229325.347218
"dcdb8d97ae65daf55570c88c",822213346.780216
"dce05cf86b42124fc93d41da",1318571409.36207
"dce18d258c352b7edc60c304",708517963.870091
"dce1dd028695bfc5a47aa6a1",608569928.641586
"dcef5b332fd31d0ed8d754f3",786775770.57766
"dcf5b42ecb23800a458562e9",1007383012.51753
"dcf606270a4612aafc5f9f29",541383655.664696
"dd007a202a0a3d56ebc4868c",873942603.3695
"dd10dcc52d2549df85f2a8ec",559772727.800696
"dd178fd542fc716e32b4136a",723831488.716434
"dd1d2e305d37d9dde55393b0",1085645259.53311
"dd1dacc0c90022e5b40849bf",587729212.508073
"dd206b6ea2d7f6555109ea39",475773637.86944
"dd21457e18f07d7a927c0104",604043764.73556
"dd21c6799a32ce6ef27f5281",643107661.341669
"dd2396a42097b2e8bce52a72",631998283.571406
"dd27922be5b6f730f8b4e058",405714514.332696
"dd34882ac55c57480663f7ec",666930208.289673
"dd3d529f3745159d9e7746b2",1306465141.30055
"dd4e23681e00fa1cb9a679a1",616221372.108704
"dd4eb14b56cb00130955d021",1325020302.19588
"dd4fd04b9fd80818bd543f9d",1013933620.66718
"dd59ac4f6706a1399360bd14",801184369.835027
"dd59b8122458557041903207",475695135.628081
"dd5a565f854eaef90976c5fc",926874718.004234
"dd5b4eb5d20b8b9c813ba52b",621376482.856433
"dd5c910c2a3d63b8fa92096f",607844156.859477
"dd610d7ece83bb02dcd7a22f",855237698.545602
"dd625806063f76dcf53582d5",993511028.926372
"dd6d47e2626e2bf24f842f21",794898572.525296
"dd7b4c374bbbcc60bb090fe8",921052707.285894
"dd7ec9d7dfad5364dd303f49",507829281.303397
"dd7ee555ce0b2d58dbd8a9ea",387941780.941388
"dd8aa138623604829d56ac2c",512357973.68344
"dd8c289ec872be3fe3352313",594815701.022532
"dd8eff6162c32ecbc6972509",703858174.268249
"dd926903e87d691a0f15dba3",867903564.285302
"dd9a60c3d502ca3cc98d9b73",825706592.946028
"dd9d63c612aaddbd86676c34",675226288.193156
"dd9f28d722d43112651786e6",802656867.553776
"dda4ee9f3811c29e2b261a5c",507173518.078734
"dda7a886135a1fd8106d04b8",811233897.206555
"ddaa88a11432ca21d3eca774",504785860.935117
"ddaf8a1e5e6922cc3dee5caa",692329555.606255
"ddba305c2a3ad29db24a0658",788961110.325897
"ddbca69ad74877086c4110e6",891532211.498193
"ddc1c85af165e47502447242",675858038.059962
"ddcc7f7a087aa5f4797a8a5d",690946621.577225
"ddccad3e5a4eaf791ce3a7c9",651826578.818062
"ddcce0b9776593e3ef3ce21b",756475891.169438
"ddce386b0ad3199ca09aac93",716377687.829085
"ddd55d8001b809f304883ce4",431591434.151905
"ddd8906ea4a22b782c7888bd",967018212.839091
"dddaba511b6a18f49b41c1af",933933749.117841
"ddf2583bd65f02abf7ce3280",1049132435.54469
"ddf47d32045769c0596826db",1365354709.44495
"ddf5182c482fca7d881fcba4",715326225.880572
"ddf8733adb641e15837bd728",579399772.200149
"ddfa979b1d7cdea1d7dd0a86",691137838.236177
"de060e07dfb0a5494c5550a3",467045963.510163
"de2137c70bacfd5087bc5c68",764854281.933868
"de26819064a290ce78d8fcc1",535997733.793208
"de28370454624724128a0688",713378206.52466
"de28e62bd01870dfceb5d78b",468998756.371839
"de2e3a592cda5b76c9573c5c",786485073.234092
"de2f5db1cd1024a9734871c3",613771604.278847
"de328410e22767c66d919423",864889282.061566
"de32ca7785b71dbcc76a50a1",802476942.871511
"de3b619a7c80549db6ab16af",515733392.090853
"de3d078e5d524d8a7b65841c",966387076.414567
"de416f239b27327e0f78b862",647546376.980163
"de44f54fd6b1b62f30956f5c",818296309.22516
"de53880a3299626eb6c2cdf9",1362660997.87218
"de54862f5b7b8ff345c6b297",645038590.163711
"de585856ff546e00a5a4672e",529072364.310137
"de6010c57fe78d975be38c2b",451301842.351128
"de630da5e1c9e27bfd94efcb",883744472.874842
"de6aef9a5e47a614b75ee576",1212320605.71512
"de754bceba2d206a9cb4f116",539861171.460197
"de7f584df6103e8bf95f4a37",607838160.56173
"de8ee990e70c8e5ad167dc89",698561919.378375
"de901d3433ade456e9edcd79",594207528.975116
"de9053a55630670ee8e59c9d",700106809.767644
"de926223fe4296d96466c685",899621088.563878
"de9a32ec454c2696cf75eb0d",784274624.635512
"de9ab30042562789601833f6",529399737.949885
"dea79d1b25bb9c78d331e3e6",666817561.799685
"dea95d98e8bff87b905f9172",1284736500.75137
"deb2c93acfaf6994bb3c0608",740664538.216372
"deb844a2812586991b3022f4",798128558.160531
"debd031585e9527fe00f116d",925063906.433733
"debd60afab03fd1552719270",1074915938.93845
"decb25b7fdc0eb259831cc71",679619515.518226
"ded674ba9c7b76cda404bac6",757854339.970547
"ded79c11c30167a9d8accf77",750634795.679695
"deda3ad684384ed67711ae71",525200950.789482
"dedeafb60b4a39950e7a984d",461011288.29933
"dee2e190c4e2539124ac3ee1",701500266.597368
"deeb837c2c6bcbd01930431d",654724652.979305
"def06f49a0b8230ab613db94",672812397.072741
"defd03ae7d0c0a44baf80abd",729765944.287076
"df06b65985649c7107b794a4",496094542.826843
"df07a34d0ee2f78f115c45cb",987193575.940674
"df10ecb67d79e645f77a90a6",612621656.152735
"df1c66d8dfb9520c6818a32b",657345605.170898
"df1f513009808ebd46ec0847",654338980.592957
"df22426db407f4c660681c7f",610370556.102669
"df298574e35dda90fb568023",443025322.359962
"df35908d6ae2847dfc73cf9f",1001857240.4031
"df37b916acdce817865197ae",799359995.781021
"df3abaff81c430b4ba85d4a3",956227502.991028
"df3ada98307fc85428022d00",564101682.66551
"df3eca0f59974a812b4ea9b4",1173959572.01939
"df4400c44a166c851ff46eab",858642005.158425
"df4a1968046eed5326119599",1336275980.28623
"df4be33c0931aa86231b7a2e",1019370883.1882
"df58a4244134d3493f3c9f30",727573227.591846
"df81d07cc6e8fb0a01c0f404",769113305.483936
"df82719238ea0e102c282c09",728604970.019369
"df865201353bc7b915b56ac6",786089698.427679
"df8979b26c9971dd7c3500d8",1069574608.5304
"df89e7dea6c313b0cc262249",430310624.688486
"df89fa06e32e90b0b6c2014e",698807219.240855
"df91a3c7f364df5e6831f2de",735111032.565974
"df91a494d5d244f20dab0eb0",447434524.7294
"df93a6e36d9f19e252fa9de3",888363753.578431
"df98fd10dd8ae59956994521",449387779.056163
"dfa744f733abef97d82dbb32",741127300.293547
"dfa7461510c6dbe5e119d106",755839816.972779
"dfa988a524343181a0d3ead5",829398459.752648
"dfaba547699e319462abfd6d",533523782.227744
"dfbb0ed74ed85bd186f40ccc",488082314.208308
"dfc4f3facf91bbd93ee0fa4d",721181349.135328
"dfc817b569fd71d2dd47e980",917512271.343732
"dfd84193c81ca8430fd27ad0",745777866.995755
"dfe09a5f848e8e819c361ac9",544997650.051791
"dfe8e2542755d41d920e28b8",410201213.921433
"dffa1057472b06bfc0fa7a66",1056264146.42464
"dfff73eccd591bb26453eec5",774221906.249293
"e00e5934d1941490834c3145",1153574424.37194
"e0137390f0186c98f4e91263",995845628.106421
"e017c3311e2fdeb50a686547",995162580.230152
"e01c1b69abb6a4c1c69c77d7",960429067.806661
"e01c49250329331a442615d6",660318646.298787
"e029511780468f4cfbd10d3e",750820514.284034
"e029c89d59f2caf4af4bd908",798323170.796001
"e02fa06a8de8a603e417d5ad",479310438.952502
"e03610db09ed7315cfcd64c9",771214510.444963
"e0432ecc0c1fb2b00b5435af",455429700.873452
"e04473aa943812de1d662058",980870978.734629
"e04fab3d74d14be3b8dd2c8c",542247965.044665
"e05598d3c49f409b937ff2a1",516910883.487018
"e056ada7a37336bbe878f38b",773571678.508727
"e0587d29cb717f725e991ef3",805666082.333863
"e05c52c9c8fcb792ace06b61",561792151.559295
"e064b4dd7b4e64a3e0016f0b",1151267982.58892
"e066ee04cd3a597dac8ced59",453684426.23788
"e07035cb49625760c7da85d1",379911840.841237
"e07bc486c6f5541e4788f83b",815865073.732308
"e07ca567b0678126a1aec803",762543567.108029
"e07d8e9e38e309958288a516",849440390.624621
"e07eb36210e90ef0419fa0d0",1031000422.92884
"e083d83369cbc93fb94842a1",835940786.547796
"e08561df5747246d74136dc4",449233010.235699
"e08aabb998103a941d24d0a9",611046773.078705
"e08e1f260e5c3231c49e5a96",532408210.900721
"e08ed8c82d05dc3cad8cd2c1",910556955.050358
"e0ad3e9588636f454e9e484d",804712680.168588
"e0ae474a5307ef4057da4994",396113894.155518
"e0ae53aa3cc9e9ba7ce65f74",681398098.875254
"e0ae8d2a51c771aef5f245e9",454036648.174871
"e0b041a39e732783f98bde56",882969179.547697
"e0b13f6dc213d05133252d15",1016886501.30075
"e0d6155cb3cdac98f81d44e8",732989344.909162
"e0d7e4dffa0f3dbc40c7da53",560438495.551657
"e0d837e6d5d74fe91d39d23c",861472636.670869
"e0dd5e6879d824a95c3c1773",824241677.9566
"e0df3391aeb8d3f4b00f418b",716106986.358126
"e0e6852c6d6393d6d3719131",1050735950.83781
"e0eae2174807cc7ada38c726",697687633.879571
"e0f47a028df2dbe9129cde7d",862816324.147105
"e102f1d841d7cdb596d50624",361234541.134404
"e104567c1cc70000692f502c",923011938.896947
"e109ccb29c02c9b35b789c90",724178337.114553
"e110abe74ba0ad062c9b575f",870196976.478248
"e111bda6d24089dac82907ad",419486932.604409
"e1132006785632e4ec5deb02",781356430.610046
"e113c48e4e1b53adaca275f2",848248435.299409
"e114160e3ffe6a703eb42440",654108387.979754
"e118b149654cca1c0b3a58a2",1133093082.13201
"e11f9a5cf9d6ab0ffddd6096",890219262.675306
"e120c33346ead011ab7789ce",702589744.97972
"e137b5003b8c8f18892ee9d3",592550940.227422
"e13947242fe19bc3925919f8",654449766.16172
"e13a1c06ccbf814945dbc768",874738096.041437
"e13ef02a57d35f71a4fe6121",730131286.942402
"e14328c988a27176e9fc63af",1087018905.56139
"e148c2b109eecef0175b3c5d",596926588.857009
"e1490f0730f8fdc36993027c",774289868.536046
"e14b31f8a454e47c383cae94",803782755.407506
"e1558509b120809eface5b87",813721111.747661
"e16685dae2bd3b0a4803ec9a",997943622.757954
"e1717a317481b0765a7a6a0d",817069876.20405
"e18337bbdfb106a3f1739960",689145794.910263
"e186499af986f1959f729b9b",590126482.275458
"e18fecb7e40bbcaf26c863cb",665037602.377424
"e192181121fe58a8bf94aecf",618969083.171766
"e1967b56ab8ecd035bf39534",754855409.167786
"e196b7cdeab1468d5d4e07c5",1281171842.64903
"e1a4437b17f7bec650d8cd97",743729689.529376
"e1aa6c46135f4d1aa1b7a1f4",603038346.171745
"e1b64df8e809ba220c9722aa",908140048.446701
"e1b753c283bb9c6d4e438bec",993312395.975041
"e1b9ae3e0ce3da16f18e1079",951782565.789597
"e1c33552eeab60683f2f89d5",970856619.676633
"e1c7a101e5d518583f9a2a7b",1190681628.61787
"e1cecc8f17883ba6e2723826",544730669.958687
"e1d875468eea7b2eecbb49c7",831958164.345428
"e1d8eacecd35515eb19f9135",1135041570.5368
"e1e188d3f9940f9dad98488c",869100027.2751
"e1e5b0bd721a67318a3848ed",586946749.46014
"e1e69b5a90431b8a44265487",655175090.031644
"e1e78f3432ea2dff6b69c6c0",690601542.281467
"e1eb183eb261b6de96e20a56",927595536.87561
"e1eea7716ca6490b7640717a",818439960.210631
"e1f5f0e96e5865370423c142",894938926.325924
"e1fb88779e55aef2b66f2c10",842399597.502927
"e1fdbdecc84b991f582a2e00",523489727.376722
"e1ffd027cce28c44c0d2f80c",833660429.037086
"e2094d28cacad3e2a711c5ca",560893807.564578
"e216fba4bffe753a527ecd4c",799770956.429421
"e21f2a8d9c641e45d442686a",1033195521.55618
"e224f9ffc7bd70369a5e8b68",1292342139.519
"e22b8126863c9ca8fb04df9f",1061214416.23402
"e22bad460ec1bc991f14bfbc",765285414.024724
"e22ca3f1c8073e246079d57f",710653197.489811
"e23017438478050a655f6d67",905926235.267819
"e239ff5eaaebb287beaf76fa",944523753.76864
"e23ae41983b9f112f05bb703",879483406.826278
"e23d93ade25e73614d7bcd77",1161123371.12915
"e2544529df4efb7e90afcd21",469509029.042207
"e26dcf5836f5bb53553cc413",707446910.180972
"e26eafffe4ca3c22b7f4a272",926558908.470274
"e28474959994ea9c0c2eeac6",923241339.168467
"e286b12e5aa7929334322842",967481165.56107
"e28d8dac5c1c75d295a9eb3f",588214726.885449
"e299f614cd8ae525fc8fd0e6",912822705.743556
"e29d9a401a246c00f5eb2413",605443409.487727
"e2b7f984616fff25e3dd6a3f",1153769837.12208
"e2b8d1aba0c583984aab25bd",997933240.201275
"e2bbe9221780d01a265e2ef4",764747808.016136
"e2c3acee51cdd03b1f211278",856719323.040245
"e2cdca1756b1635dd1ac2b2c",804370142.02805
"e2d00e4fd93a02ea81895355",707731025.511109
"e2d88f49873bbcc5476f4ff5",555966099.39827
"e2da7c1bb33be76b86b9a07a",521140683.641518
"e2dad5c148ecc797018439b3",720183806.094602
"e2dcb036931bf4b2aa030036",751055473.48031
"e2e2218086e6ef5377c01b68",889190764.185941
"e2e4641b20d81a90033a536a",697485641.200526
"e2e639b53456889ab5350ba0",454052940.274562
"e2e7b03feffb21bad63eca2d",817458395.709645
"e2ecbfaacf11ed16fd71abcd",713906222.856691
"e2f00293305c464b361b6178",481445604.041951
"e2fed68e0b614e65c05200b7",684825734.700447
"e3034ebf243b024cbef83cc9",653031878.043747
"e3077f6e47d130106e7165c9",918145226.827329
"e3197263bf47b3d37f027e11",917695444.585799
"e31a209077a3e47712588730",955406657.862185
"e3202b635974f7a3367c0ff9",1108210400.01329
"e3295e732bcf306a2d338387",701566685.863745
"e3338ac993873aca45755dc8",779719014.281361
"e335b8464a61ea0781f7928d",1162014835.32224
"e336d9d892441c7ad886a98d",545297351.881767
"e34517b1563d829104e230b4",398298342.332167
"e35579e8b9b24dcccf93abba",852705982.29303
"e35d8f589e6b1909f5e4132b",959313160.26457
"e35f95823a486c52b0f4c2b6",632266008.851104
"e364018f4d994cd15d4af374",942934270.015598
"e3676f99542f27c9037fca29",735970126.416897
"e369c63f83c44329ddad488d",714722527.766978
"e36d70d72c2758d7fef242df",808601025.82629
"e380184391898aaa2d3dc540",645214960.573199
"e382002b0685aabb01891743",613199553.153943
"e38259adbfd953bf085a69b6",539339407.727341
"e3896296cb80d50d9ad3f903",1060326838.57644
"e38b4072ff8b856487864f31",1134671672.6353
"e3903705d5a48c6d9f828ab9",836683879.731528
"e3950ce025371da2b4ad9db6",993527250.931591
"e3a62f080c25f404ca995e06",916591662.275402
"e3b7dc4e8990f3cd436bf738",798944470.261352
"e3bd8bd5884a55fc1a151687",777978591.188036
"e3cd7b6dc0495d5109086407",886478471.401072
"e3d6fe5d97bf4fe851aee9d3",1064572328.68849
"e3dc8b417819e9afe3fc7d0d",605533901.644998
"e3e2e3080cc309d34014e8fd",692923890.482357
"e3e7ffecb903d2daccbf8a53",687074793.990187
"e3e9d1d073b129c697c1e9e9",613166976.025236
"e3ec7a8fba3e1ea07a135dfc",643307743.370497
"e3f39c6e4a41fbdc4bc30e0f",834769576.337923
"e3ff13537ffb7172336ab5c0",1206603847.17653
"e40742774df7d2b614f32de6",429219298.122405
"e4082fa99f92fc7a89092fff",776570202.928112
"e40f616637f6187024b34086",737299918.091372
"e40fe4ac43cabe82c03dda59",676278368.798206
"e42fc32db529e088f15cec8b",1029330188.99007
"e43151473292e4e98f121f63",436607447.602651
"e439c77c0d871996bf06bf88",869218869.117703
"e4434407771070783b97c014",792038393.231527
"e44b023e39910ed29f4dde2d",763659241.530114
"e45293f1e6ceb2fe79f6e0d5",600457092.028921
"e4559824c3390efd6282960a",697663831.990363
"e45ba581daff88707ad842a9",882729524.337385
"e471b2ef30c388893119a010",1083174430.78121
"e47aa2541fb576b9915fd625",748591117.159291
"e491adef93281c097ab08dea",552768645.523125
"e4a021b625f4ffbed391c6e7",775369285.967108
"e4a70600296b0bde6c28fb19",788164738.621158
"e4a9626b1107b9397d0067aa",676077985.593369
"e4aa393309860fd5e30f49d9",1474617172.45264
"e4b85269ca413066323f66e0",1074237122.91777
"e4d6b81f169cab8ea0244d75",545996294.557093
"e4d89c9d33a0f2659df21185",713716343.590384
"e4e529e778dbc89f854252f1",887084981.979808
"e4ee1a81aa121aa5f55e20f3",709640983.025736
"e4f26a73bad4e41c375dd897",1309056418.9038
"e4f2ec7e2f4389c1efa52c0f",776923127.069463
"e4f2fecf58a038d7b18f7160",1303173427.14748
"e4f3e425e9f6e393999d7a08",557254877.95414
"e5092b4a94f1c231a0c47680",1177292141.54501
"e5099db945e4f04aa3f0bfeb",901116965.214763
"e5168779de76d99010e37c7c",790190528.029928
"e51873d6421addab3b539dd4",654344347.210023
"e538d52c9b2dc994491be3db",388497502.425393
"e53bc68f0e97ccead24f3e56",509450386.05482
"e54567ced41a40938b85485b",745098370.240904
"e548ef7a5650696c0e968cf3",755240708.413338
"e54a8b735724b2af56c7a36e",562282324.767284
"e54c7ea1f012656f7fafa49c",638265453.793985
"e5527bb25c85988e00da339d",1170120649.14061
"e55634fce84f78466095e730",562795267.731411
"e567e9e5862b13f0085505d4",554970853.155197
"e570a5157e02d440a78ca008",687147264.111353
"e570c5f58a20fda42bfb535b",550245687.821247
"e57ad52764215c3d54740ac5",742986693.32958
"e58b92216ee6438a921ee0d4",836228971.408536
"e58ba64bfa5280630bfcfa97",693537804.466692
"e59afca092e0ddaf60c9419c",775098497.430225
"e5a40a555d11d4429b9675c3",814301306.126683
"e5b2a446c12222efc187e02e",641143526.312314
"e5b92a0c67c506ca6e92315a",495374894.185549
"e5bc85e227ed7dabfccbd005",479746044.001093
"e5c8f2d536c3f931eff2d70c",919742308.982339
"e5cd7a2aed48057b0dc8d970",665383462.718833
"e5cfd99e2308b7b73581dbdc",460925289.393582
"e5d445e39104d9ee6b244822",877564670.707739
"e5d6be06fd53d317c8e5c7c0",684485312.193711
"e5d9afdaf318dbe749bf9950",682708024.829976
"e5da0e3919341762d5beed25",588469244.96471
"e5dba7fa0cfb81488b0c331e",535469032.449171
"e5de98822287c2caf8b209da",807830605.362877
"e5e06913ec3c851340d7c91a",774273193.773097
"e5ef29d41082025c42f7c921",835297064.063044
"e5fd3cdc6a19653275c7f4a8",467609592.775021
"e60024d6e0b5aa52e27a3b5a",759173300.4413
"e6016afcc032d20fc9d6f2be",798881599.147141
"e60850405ccec092b8fb5d02",741407452.103516
"e611a37562f88ebe07bb28d3",619380590.556833
"e611d41aaf38a58acaa0bf23",922273182.525115
"e6144e15d5cafcfe87c07c9a",491072731.173139
"e61476e47d7e7be706d23fee",608463631.701995
"e61e5d3288f02b904d3b1e38",1073054731.52381
"e6387696767d20cfa4918ca9",836591552.868527
"e6396355c1249c6290906b78",806834390.845487
"e63d334d9ae8b672dc7b7d5c",1196980739.20773
"e63f468e1d9f86530d47ba4c",327017147.095845
"e640424f3b7d1db403c36ba0",1079649511.54074
"e6424086fe1cf2a2931f4847",690511103.809026
"e6477c2014ad081d22f12b9d",689231452.315052
"e6482f3b6184515453d16bf2",1097924211.89979
"e65a4eec62e2a5bbfaad5565",741649246.059192
"e663064dd77e3c63ab9222af",1116673726.32474
"e6653cc1c94306d4e56ba216",715118561.817773
"e667133c29f90c8fbf30ede7",634889902.961141
"e66b2c71519ef8756db69b97",837747848.637639
"e6717956eeaadb3e95840256",1207257391.70901
"e674ba41f9657ac8f30d4f7c",1183504531.5097
"e67fa931031bed13c711ad00",708144080.812963
"e6807209b634455bad257998",563505465.908432
"e685650979374c571dea2ec1",676711184.426347
"e68b18b57fbc5fd6cbb477e1",706919903.993912
"e68ceeb098f60054c19fda0e",842853522.807948
"e68f5a98070efada9b5538ee",665383692.907062
"e6a5007ffb7c1321d4fc21a8",655552732.683418
"e6a547b2c0d126c9b6800515",1209694877.99262
"e6a7e6b41e6c6bbdc16e1e14",831958164.345428
"e6a9d5c9a82ba73e76817a81",600140510.507095
"e6ac4d158437142c15bbd4d9",820121086.636066
"e6bc998ad1d87c5be3559ab1",690511103.809026
"e6bda9370c80a5f7e5cb6b07",1025586166.57046
"e6c6625db90e519f9dcf1b23",507007638.28817
"e6d2e862f58445084b2980bb",1170800281.40551
"e6e3bcae6ba114caf108049f",826935586.385178
"e6eb47d050702ed49ef5c49f",1031371427.46905
"e6ed64435c659f236cf213a8",672348015.458735
"e6ef433629e193042bd30f4d",1059654153.68036
"e6eff72b7c5b0fc2677af2ad",646533584.045523
"e6f2c7d7317fd433e26878e4",1138348485.84228
"e6f312a0877af26b69855a3d",1107825913.91972
"e6f3eee9f5048005f24f0943",777084470.838072
"e6f5ae869a5b7a30e8f0fd0d",957398646.258287
"e6f9288cdadc5851d29fabff",1228308616.54285
"e6f948282e81570fd03e4df2",1068070791.7116
"e6fd53315e92a55c6b67405f",537064059.185288
"e7081fb59ffa298320321633",828793382.036725
"e71c6f7437c633e2d9da643e",664371781.704499
"e724a1db86d8d0c6334041b6",895634324.417066
"e72ff7414cceec6b162df345",733205064.71051
"e73e5e75cb18f52dd7239361",855638524.294513
"e7439820086f8d1cb13d7c9b",523807598.691389
"e74a31e6edd4459d4e215c5a",727025449.486082
"e74d815ad652f7046ba33295",746431690.478128
"e75699a7693c678786ced75c",550644902.495708
"e75a05dc0018f29517948ea1",420887748.89871
"e75d4ce522cf587cd66adae4",658913397.652836
"e77da26aa7ecdab5505fab60",933680319.618005
"e781547cf6f8cb4ec0742b5c",871849065.517226
"e7834f52ebad3d3cd00d069b",642758459.427962
"e789e801fb5d4501b5d64e2d",933442068.736595
"e78a4111d943044a9a32ed80",786146160.173727
"e78ad3483c5aa5a7a4310720",589555464.655502
"e78ef4d2b165a8e8781c258d",680018574.462034
"e790b21630ab963a65c53df0",571292827.970206
"e7a2e8e1c22a52f78ffd1b19",1726581368.64793
"e7a85e64ee07971696f555f2",786881229.475381
"e7ae63f81f8fad37bb9c1b32",1169892584.54662
"e7b3ec90b47c9e6009ca8a75",914763163.597137
"e7b717278f7c95cbfceba80b",772179376.198873
"e7b721ed96269bb195906bae",346553299.756515
"e7bb12e99318573a6e6ce1cf",694812056.327447
"e7c08555cb8f5c7d0f32fdda",504698793.957251
"e7c92ef9784a92c8b7fca693",712538027.452365
"e7cb4cf600b9d931eb295c71",498743078.326218
"e7cf67cbc08fa04be9f0a3d4",533840806.909712
"e7d1ee027da436cbaa122f48",1177498813.84015
"e7dc05756684b070b36d681f",931560450.332897
"e7def7d0999433ad6d3ea412",1041281902.65203
"e7ef0d61e27de15f10b0d643",850248703.560292
"e7fbff0a25cde72a38e7c7bb",1026756773.91537
"e7fc4e6b1fdb38ffe68fb680",716121844.039929
"e803e3806630c6579f004610",895619561.229947
"e80ba06329760362c7685ca5",681709601.33595
"e81c5c1b820636f691e5c5cc",786443859.395281
"e82508e88e3f62fc8e67dc16",693953913.470586
"e828e83be8651bc2e07641e2",687522366.307445
"e83119808dd08ca090f5ed85",869408148.001988
"e83ef75473fefbf8d7e52302",541323091.503116
"e840095310907e82a159d683",905932165.613217
"e84605e3aadd50b064c8eac3",1316353870.14571
"e84888d2f22e14a5016ac789",884222295.917168
"e8491a7994738d098a7aede1",1123302447.18603
"e84da6ce78339d50a72cd87d",440164305.861538
"e852246b7661d30dd2e1f0ab",576399340.488166
"e8544410d811163a13c6a326",560508238.458451
"e857db57a89e165eade00770",459333555.178531
"e8603da6012c2116a70176b7",1031321348.60413
"e86b99e5dac8ed0d8296e950",432528824.483044
"e876c6fd9c161861fb92ad5a",1132253195.56602
"e87779bf2f8af86fc4ae9583",598609625.219625
"e88009be52bf5803ba3665d3",734821665.371736
"e8872302ba40e4ea413689da",481263658.014972
"e8948741a987cbb3759b7a44",1048562704.81255
"e89774d061d50c83b409a071",337659184.858465
"e89cf4cc82c5283f3db6f5f6",561741082.836386
"e89fbcbd4d3414e30c30fc29",1056807738.74414
"e8a3d9d6134ae8d631791e52",1305996119.36322
"e8a7ddb4e5d43d156692326c",985005635.787985
"e8abf103cbe9fecbdd758516",886392803.0552
"e8b8d0c4cb87efc13344bcd2",970174007.695349
"e8bdc4a088a6b99a538a6f0a",411373180.749936
"e8bf121ec117e383c843bc51",1217287819.96709
"e8c79fd41b001fb1da0d4fe1",906093289.162549
"e8c9070ca596f88bc2e0868a",984381987.969794
"e8caed8cd754b0e3d43e6954",894221598.415474
"e8cf39cada5b7755f60306d1",680623163.556855
"e8d2cdda77c1d885e21c7bbc",1310309260.27775
"e8d83f7dcb876d5d05ae3e98",808813478.463992
"e8df85384a1f51c31015ba08",1023238380.33903
"e8e215437d023387c4a55515",545320623.64075
"e8e97b7919856f9cbb9ad02f",837660418.440827
"e8fc9a1fd4b39f946b914398",528257807.209057
"e9081115ab418ef1031326c3",588282782.979917
"e91425bd357561183b935d27",753467760.087004
"e91598736dbb7319952f0dfc",841214130.859668
"e9182661e36239f091259232",385332996.28492
"e91a3f962129068a3a76d209",928516743.950057
"e9205b722e624eba0fd36145",1108050526.29989
"e93a9b257ecd815c860d0b82",766147054.953706
"e93abbb49b24717d3a0767e8",719940403.971262
"e93dbc804920c0bf7bcf8cb3",761990524.514439
"e95653d504208e8da19fdd03",899180711.961372
"e958bd2b19db118c31f893cd",586586659.146608
"e96a7f5424558193663ef6f4",913442184.262567
"e9772a54bc6638c723dcebdc",696136933.962334
"e97c998a6a0709605432ccb1",545401160.599078
"e97d03ef9638c8e1d270ed2a",663388770.476747
"e9804af0513b2f68daf182b3",479825185.428084
"e981d4fb3a33f372ac26901d",1214092050.89092
"e9830411c3092327f4e66a99",718323037.415623
"e9860f6b4c3e6699e62f6c31",778085653.888135
"e98bb3a89bcec8650e33e730",796330001.8011
"e98cb170e4383546988c6829",607844156.859477
"e99d9dcb9880cbfd219b4297",1115297189.53547
"e9a0dff7ae48bd3fa2ecfcfc",776264020.762701
"e9a37a1a4150461126dbb6e9",594207528.975116
"e9a427f23e80fa59d9d517c0",560795360.577474
"e9ab6916a79b4d5182d33bf5",1001571721.82691
"e9b054016b281140d2566d88",900398207.359388
"e9bbc31499ca187c6a492175",815986166.371983
"e9be8cd37abed8ab510ba1f5",1061276088.40575
"e9c905ff64c7e2f8c21b0a9c",339117730.111237
"e9d514f90ebff0de1936d09c",844645090.376186
"e9da7f2549d914aab6a30e10",596811419.43023
"e9e39766e2c96bc783d580a9",1362660997.87218
"e9e6e054c1d09a22b7efa20a",758519425.060168
"e9f3f41366d5d784c2928937",736680858.007239
"e9f44786cf982100af0984e4",1158295735.74129
"e9fac47a0f02f27abc96d568",890050187.258398
"ea0ca17e989ec57a480aa464",1108210400.01329
"ea16314310144a10c81da9c7",442046258.166548
"ea21ddfa37d60737492509cf",913196425.409052
"ea230d5eccd2b687888173bb",798310102.274246
"ea28f68a1d1d81d29b88531d",817200824.836527
"ea2e380226005bb55c724ce1",1094558342.91937
"ea2efa1a857332559120b823",663559023.180638
"ea34dfefac91681864c2bfe1",854873170.253802
"ea359d571ad0c986f826d31e",1005951553.811
"ea37ad89fbe4159940586718",440869801.817242
"ea47ad6335e74dea06228b16",668723134.050162
"ea4a797b3d73d1b2cba9d651",1027660933.39064
"ea4add08aa912717cd42f9f7",1203589200.04488
"ea4af07bef4ed93e81ded95c",1245692369.1728
"ea63bca8e3a77fe88d88fafc",564314530.160576
"ea6e83dbade169818975e5b3",655773713.92118
"ea7c9e327eab66ca286f6726",662496335.731436
"ea7d5c601c3f8c86ca8f15e1",778602181.757263
"ea7e3ba584cc5ee45ff8ba7b",856788965.845299
"ea84b58f733c8e491db98a52",1013371083.74989
"ea87e3259c2b0d6263d39a2f",738564862.177447
"ea8cc21bf7d48979bcae1458",920320952.966928
"ea8d704272b2cd066a7e7867",906864896.951839
"ea91281d5eaf6b8f436d47f6",1196980739.20773
"ea935b76abe664d5e2c4736f",550263537.075075
"ea9d6dc517c77ff8bffd596b",914824196.235382
"eaa4893a313d85fcf38dbb6b",859874635.194831
"eaa6d58e226904e9993b3493",549731037.512662
"eab4ae491bbbe7b8ab107229",891638424.066978
"eabdd1bad2bc4351ba4a2635",850845901.561137
"eac458ffc1da75fa1a4ab384",719063220.164005
"eac7136b26bccb3c5d2b6202",800901172.958445
"eac89e705cfd337a99417320",585993543.419649
"eae4243c274735d616c6b9bb",904218583.616734
"eae4a1cce7c039c644f01c6a",822068121.754397
"eae52c81f779a61f57cb5b58",909975666.514803
"eae5eecfa2fe828afbc94b0a",495201014.975919
"eaf0f2b00b6994a9ba8c5ed0",413362609.246803
"eaf53eeb911ecbae638409e5",463836252.277964
"eaf87358d89af17c3e004c21",809128261.344305
"eb055771816b45213df3ff3b",615161410.634053
"eb09010915ee68091d6675d4",656796852.616113
"eb0c6a8231b38b2a1e1f789a",837339891.873919
"eb0f3b14782c9a484408c606",928207565.40788
"eb14a5813f860bb74740da2b",445438275.914012
"eb1b9e15dcb88964f79e6a4a",688126282.658742
"eb24e0a0ebfbe16eba466280",939624265.927241
"eb270972f0f69f1671a0a740",841017468.793298
"eb2880c2433c4b2500fd40ef",630269485.079074
"eb2bbf82cb615e3227305b55",568427409.167035
"eb2c7a973d4d6ce8e6ae87a0",948674221.649917
"eb3356f3856526dc140be7f4",588181942.93813
"eb339d562b72b3bf51073cc1",495287946.95033
"eb40a304997a6e66c550b704",968356542.717919
"eb4e1b72abce1d184dd4d5e4",662078757.999533
"eb55b0778607da932c3b311f",968236604.315468
"eb5e382e1372c4e94f467673",769919627.914007
"eb61a13df1c8d8d0efc4db3a",631467893.127321
"eb64fd330053a41ce5be4a7e",512811130.590997
"eb6e6060b78676d13d6bda48",762632357.403702
"eb7173223a27076d16b87f33",737625865.050904
"eb77734d12df7528af57c674",520580493.662569
"eb8021804e63016fd934c9b2",884394395.268322
"eb85bf9ab77f59615960fbe0",970538784.145336
"eb86c1da60250e5559fc3cfe",717882764.860275
"eb8956f0c4a885619bf1ff79",992854422.609949
"eb89d0b7914010148e6bb597",822575090.056963
"eb8cc67810d95d1b102410b7",1061276088.40575
"eb8f668912b70fd554c8c723",516765485.956155
"eb90d9e9eb53b44b07ef9613",878883213.201324
"eb963f082209fc077aa72bc9",929579739.893656
"eb9a59d4e85a3f124e866f47",837474210.692249
"eb9ab213defc2de5d878653f",623659672.302592
"eba0410242fa1e8dea90b194",841456758.319517
"eba3cb8156e0115bd7dfb525",1187086953.23152
"eba6a2b80a17a846ae560ece",575636555.194349
"eba756e88209c420d288c4be",683121014.731283
"eba86391ca00fb217ed1f774",722527749.247269
"ebab054e5f256bf4e382002a",1177085505.52458
"ebacf31727972e81d0a0d904",507173518.078734
"ebacfa0a8e569ab603cccd11",366968916.147919
"ebbc5fdad817b304af3585c4",493813006.765556
"ebc3a6574ebc530ef715ea7e",1040974751.2001
"ebc96ea800887a647422b8fe",947566381.562595
"ebcab2f8506c64a461591d1c",578100476.335187
"ebe09efa32acf6d680341840",1036747255.18685
"ebe1b5c9471f3441a388f7ac",715853814.278183
"ebe33bde2abbecd6d1fb0cfc",813213180.457556
"ebf2d540aff82f1aadf95f9b",646582491.7012
"ebf4bda17341de806444ba83",715761946.028441
"ec03a01c961659f2cfd9c973",678828024.903613
"ec0c283eeb8db461c20af1d6",877237026.099849
"ec0eb8d68807f52b681f138e",992577127.379991
"ec1171cac1eee089be6f427d",597015249.193719
"ec13a869c212c39b6ba21b57",965177278.436803
"ec15e2a131d9724b012d68ea",906252352.807906
"ec199e33b7557dd669fe1aa4",405877779.31886
"ec232a7ee3aeac713516614b",873288230.408117
"ec27554aa1c62314f4d46fc8",594831197.506728
"ec2f16aabd36fd9ee2203276",1181094709.93037
"ec3f1679451b9c0037f89386",1102018825.19556
"ec401de1c0ab2dbc149da048",728071113.686844
"ec4226205a38a45d97f35828",863563903.182496
"ec422df56b811a0aa42d8bbc",838825767.291566
"ec43b2789c9cc266a8e0d1f6",429019948.570327
"ec4df02b32d90c019125d108",1071171008.56698
"ec4f7794cb756b995d5d207f",759830816.436841
"ec5866fcdb9afffad2d7f5c6",991617797.429783
"ec674ba8cd16c2264d270901",923508700.84892
"ec6ffe86e9ece6fc03556ea5",427422149.925005
"ec824ecd0319e05d1ca6a9c7",521553735.83137
"ec8b305ddc2bc211a8a05d0c",773698198.88631
"ec903c33a379d8d2cc04ab36",1016248014.08764
"eca500b92ff96f10ccd45e54",768813237.591226
"ecaa5e38ff6cddc14942eb7a",844750531.91972
"ecabfcb8ce9bb47ec3089c7e",743729689.529376
"ecc3362a649cf08afef96fc0",465372116.527318
"ecc36a3a4610829ee3f88993",688278426.698147
"ecc4d05489c5ffc8164d5469",444266628.275624
"ecc5e3781d5e004ceef8cf76",956671384.534119
"ecd0b4bfd66fe04c278dd4ae",601697323.938163
"ecd1e3003c5d74a3c7cbdb11",565465608.790875
"ecda0d714f52da919223a520",803288865.07815
"ecdb747ee4a3ebf958252309",789968523.574096
"ece0394e38b152e6c1571324",970515843.86487
"ece6f8c652d4227370ef0fcf",959384503.462703
"ecf47573fe1ff641f6914d0a",1084816375.26638
"ecf4e968c925cf8322f8a0bd",447513071.350828
"ecf5c9bd618e3976ceb5697f",1024517817.00726
"ecfe155a407ad2c2f74522e8",844740744.599384
"ed0051ae106fd0df60a14586",875764698.618022
"ed09fe201c9ab02a91779dcd",798860307.882946
"ed1c8ac25a3db5120c92525f",508244831.008279
"ed1f81648083d4d2726710ac",746926987.389783
"ed2c02ddcf0e54789d9d2675",968107215.790126
"ed3275b560f020baeb9ce3c0",674828271.805995
"ed40f198ace8a4405cce7a1a",639297822.979382
"ed43b0ac46067bf886457c01",881098712.772493
"ed44705c17c414af8442b6ae",603041626.570383
"ed48916725be6970cd2f273a",704818058.213702
"ed5192bd8038c77ed2e46f0c",628199352.100053
"ed5559fbfaba86299e87ed89",587568933.455166
"ed5622c308bfd10602e939ca",891638992.864247
"ed5c3d2952d2575b1bb757ee",883368174.501231
"ed5dfe95f82f4c087af07045",502294605.896408
"ed68664efdb7377c33f4010d",957208298.80094
"ed6c8c45bc8c1d160cf0d0eb",989614527.598735
"ed70b749e030cc8715c0eba5",1057150079.33613
"ed75d1c40109eeb51fd636f1",1037396014.68557
"ed764bed1d05cb1e9a4e67f8",861653186.254061
"ed7f61ea4c9095bd4aca258a",642795719.848056
"ed80ba018de35d5d76d50db4",1253279393.62593
"ed88c773fa9ae8bb29645fbf",712615765.960949
"ed8eacb8746dbcc3c2ef3aa9",780786527.577979
"ed9703ed896c6118a3458e78",495132561.028372
"ed9976e922a774cafb601f5e",640201333.44638
"ed9c4f4e06183b15b877f077",537677798.400468
"edb259013ceb62ad9b23eee3",1193419457.69564
"edbafba81b92efa9b1400987",991781759.394305
"edbb5db63dbd0452c51047a0",827131224.353046
"edbb6dd10f8c9e7596368225",943179076.363628
"edbeef6a08dd17a941634d49",1023084071.64007
"edc204c3e18368e0a9eab593",1220643358.56491
"edc3879a1102740f2f96227a",941091722.425061
"edc43e57b2905405a13f8f3f",519181500.804371
"edca31377b4f7299f8b45187",1390512041.666
"edd0b57b90629fb00d036e34",618428876.462051
"edd1c4fdbef4e6beafbd39b8",625255129.190362
"edd2afd07fa1305fc3126078",350393157.441339
"edd342f84fc90478e344ea1f",732906061.612537
"edd4d560363f7575aee42d39",768950958.844543
"edd9a278b86b1c56e237a0f3",650467795.901048
"ede08c77d6090e0900654eff",992128071.22776
"ede10672118071a215ae09fc",982870806.152951
"ede43dcb1715b959ba34a37d",749864144.910651
"ede7995bc4e7e672fda4fa5a",900105907.657237
"ededebb1a544fb3246d3e131",559050485.568301
"edf4e11d1f1aa6f8080c3156",1123266530.06125
"edf8c961862a4ff8e1e44f1a",747234506.60942
"ee042a4b4a0bf9a1dcdf1eab",672930508.523075
"ee102e9d0791ee82ee4da2e8",765130817.059612
"ee13d186a24af238d06e0c2b",822539666.105639
"ee18825bcf4065d29287b54e",1130470123.98238
"ee27eba49457286b5ab76172",717599235.725277
"ee2c509989c7155bb472c5b0",592601493.883975
"ee2d16316e6f4f2388494c7f",583357077.512981
"ee30ab004ac5270daf59758e",805971916.632666
"ee3b5d47d05a80c07751f7a1",1058657286.22736
"ee3c0c7fe3fe73ad0449870c",1789228928.99592
"ee4377ff95580b93e80ae08c",976081818.26928
"ee4dea05e93581750d613c59",647878444.956429
"ee4fc6a146e888e993a4412a",786487339.170427
"ee594b6bb0751dab39055b3e",705162759.108783
"ee5fa0932e098cba28d950b1",803640755.665927
"ee667413d1cc49427ad448f9",812132449.745927
"ee6a288e644183bb191a6526",419560573.057857
"ee70354146295365bf241d9c",748591117.159291
"ee703dca75c4dfd5d035c9a1",663842497.718067
"ee786b818284cb382c755e9d",904193124.205009
"ee796b35e39c7beb6aee2b49",882514755.72526
"ee7f7d547af56773a4b0afaa",805646522.042001
"ee8103b958673c589b9cb27b",969248328.2439
"ee85a12b8f764bc15164dc7a",734773016.445528
"ee8651631861c1b94283a953",1011826045.00526
"ee8bad3fdc93f7fb79c9cbd8",1152055082.43132
"ee9171c496fa78b1461acf88",759447928.244077
"ee96d947484aaace40f9b77f",1037962888.09412
"ee98e745afca6de4550fe570",727250416.430195
"ee9e5adab1455d38edfcaa6e",982957818.422464
"ee9e7dcede0ffc20442b4407",934490626.939129
"eea6a2137473c3ba6708b576",495045357.654515
"eeb6fa8f820ec63aa0aaa303",1094757747.57272
"eebc02ff14b6d270746ca055",711139504.231046
"eec4d59429b1d1bb75b4d686",736799057.425873
"eec51f949083f39691e37e15",863226906.619293
"eeca3f5c399785a1cf15b1c6",669256448.24186
"eecc82010ce9803ebea6dc75",742739739.1983
"eed12d0c3e65e9989fc4f4bd",717932703.558992
"eee841bc785b1824b6419a73",675407343.867858
"eef1d35ffd08dd161a36a2d1",1175938325.33684
"ef0e5b23069a9fe377b77ccf",946896111.223347
"ef26c0f1cd9e3203ad16558f",773320079.899788
"ef2ae24039bf2cff1caa4340",562844465.982898
"ef2b9c11f884cc5f31c26f60",796503477.669437
"ef34f331871e8ca6573981e1",620363101.965916
"ef3887783a12f591198d6c27",866150195.382515
"ef450748c440c4958e5db54d",968236604.315468
"ef53741b01120666a08db213",1064627084.36051
"ef61986cca74fe8585b1b287",625376000.314501
"ef64565957b5278185b2429e",923268790.209092
"ef64a8989a6444cc529dd1cb",907328106.668875
"ef6ac2a5102d7be910a3e4c8",376120236.88733
"ef72df5586ad0cbe59e36e07",970768607.417282
"ef73428a38c201019267afb1",492401864.993863
"ef7ba10407cd74590ea3fff3",733311228.693341
"ef8430c4d15e5887b8103bc3",1077375423.92508
"ef92f63b46f27ccd2151a21c",614798592.827595
"ef961c130fa3b9015b103154",1051888194.70482
"ef9cf29f71434be184a4ebd9",757224587.578484
"efa0c01632d13ab59f629ab1",655827108.713548
"efa36c7738fc14a11cc352eb",535119081.174461
"efb0b413b3f661b23d674b3d",1229644691.00004
"efc5412fb02ba9d8f604e493",578227609.365942
"efc7e89ddf3de559154d8e0c",1195251468.83783
"efc8ccaeb09a5e1bb0bfe011",571755634.500113
"efc9ae02fd6c3f18db866cac",846013093.814883
"efcc8d268982e95fe2fdb311",1306684038.50827
"efd178c4aaf3fc9d05b8dbdb",498708427.427655
"efd9d848677015f13688453b",651306944.266825
"efddad1eec775ce61d3b7b64",833589081.961886
"efde559422ec1dcc55abc686",778625485.006083
"efebd19fc5a2ab30f2ccedcf",1168900996.94487
"efede59a47d17737f90f4bcb",964622371.015354
"eff8b3fe996b6d7db10b0263",793255097.231004
"effc32659ff9bf30faffb3db",789929137.47472
"effe4219e6cb56e5ab70ff6b",763060014.461612
"f002603a6990ec405d82cc47",1036786598.08379
"f003a46a1c8e04da0052d72f",611773793.250508
"f00b8eac1812a500d7a732ff",868526596.13289
"f016623361c6ccc5163e79d5",1132054464.69355
"f016ba59a64f287099fc4af4",675217209.195186
"f019dfbfa7fbbddec988fb25",1132366828.88058
"f01fa45466e2730f935a4128",833595539.513132
"f020fef57e9069e4dea2d71f",1050468717.64938
"f02865ea64b156bf4cf4cfa4",1974588024.10179
"f02f6c5b97b8e3cc5d5a74dd",894819591.256277
"f033750cb9db15e886b156ce",986059365.04532
"f03400cc18e12903b3ffbe5a",784466265.597171
"f03f97ca55e9a43928c18237",606591161.821423
"f040a167241599987e7b0967",467919379.096768
"f04b574dc221473cfd616e22",600871116.79847
"f04d3ee8b175c8f2f30f4f39",1115111679.00861
"f04eb16931448e87aec205fd",727823875.924808
"f053d3918234bad409410755",766107781.116334
"f055602beb49dd6040641c9a",666387838.859183
"f059e39d22124eb9e7e8e20c",761212010.810096
"f05aee3e433cb036653b4375",920152362.437011
"f05b3779581ac0015f29571f",708933659.626512
"f07126d58455b20f547c4380",660556177.678608
"f08001f2590d7b734467c58b",478607708.907735
"f083a8f187e2227696695ee1",849615764.893463
"f084bfc530f4039f6631537b",657669726.571396
"f0862f57dd6be5e7659c65ba",686823816.55693
"f08a5c2992cfee4c0910f68c",904449102.608669
"f09bb33b65b5ebb8fffc3a21",1045638870.4628
"f0a8fb06fcdf8997bcdcb03d",682451040.590219
"f0aa18bf86a36daeb59946e8",960281278.244876
"f0ad965090221d2349e90d5c",899496439.972373
"f0ae62ce6eebc4d07415c48d",893076855.018075
"f0b2a0602bb5a83f0827ac75",809022050.058747
"f0c7ecd3b2261873d3664748",797127265.695233
"f0cb484eb3f6e04b5b1806ab",716705215.043077
"f0ce47907c3c30b6b5e990b1",759424049.773839
"f0e68102ff84f49d90fe38f4",682788049.604302
"f0e8b39d2e4644dade9d8954",874122703.590908
"f0ebddf2bd5aac661e4945ce",566861295.80265
"f0ec99c13c61e89310ca9b8a",704550895.975041
"f0efda3f7fb18af1b44d6aa5",1075653061.15218
"f0f883c45e8470e74280e8ca",588644236.574241
"f0f8e755058d48542b9cc4e3",610459760.303711
"f0f9bedbcb57383511805d17",594124592.049191
"f0fb8232343d235741a20586",931241126.685318
"f10e210fc04e3fb073568323",752655386.978385
"f11137d27a5d7fa57f94e97f",893751161.298725
"f11d7627e2f18c9a75595501",1072805381.73928
"f123231ff18912a3dfd7cae7",473595355.589098
"f126c4b36c00d0ca11c21a2d",702812728.080129
"f1319a9332946bd68db250c2",697223516.61019
"f13d8f4b2e3114d71e5ed941",806204850.654472
"f13f72c1cb469db92b25c2fb",1295568557.0213
"f14b11d270282b317d9cbadc",841355420.904524
"f1582fc47e7b8c0eb0cc9949",694749270.217001
"f15ae83fbc4e4ee3f646b4c9",598698263.089141
"f15c6403c6d4e3676a607780",560379786.590216
"f15f48d4cf4f85a3cd68dfa3",809304028.336128
"f164514211012e3a1686b148",660632020.966448
"f1793973b462cdbffb1ad648",823918039.466661
"f17c8b14e56a76ea84a45fd6",1311116545.39148
"f181f74e96a93820a23bc0a0",527294495.013168
"f183e3651c485e0001e64880",694151820.129373
"f1a4afc2e543ce4260f1d781",1288360676.19616
"f1a5856ba56e7b12cbb9459b",563990007.623723
"f1a7fa5dc1996591ff97a34e",682709218.357184
"f1a8f09837660445961375c1",1112881068.06036
"f1a924badef699637ea8fcc2",606105986.576269
"f1b30c4ea99f19a81d12f73b",1362660997.87218
"f1b7ae24195b4414e6d6a001",1014673040.12788
"f1bc08407f40396c094e0499",829825001.014629
"f1c8da86597a427e24dcd557",1068445821.8498
"f1cb3c0b97ae1c6819fb86e0",1134952466.21377
"f1d76d78f9266d9552bb86f2",509858588.274233
"f1da5388b772159ec90c3210",1148122753.58168
"f1e38e53ddb8a9d5b641d934",850759562.290713
"f1e7a0c7804083963b5b6de6",594751643.035117
"f1e9676bc91a76740f4e9b0e",766514344.339135
"f1ef14babbc4123c5157eb9e",789493888.134897
"f203b18854b75c4564d7a17d",983321623.93411
"f20a7f264a8285a75dacdc1d",1050213118.99016
"f21625fb82740d6f4cf1c325",481519521.202971
"f21d2c0802e3858d493c1984",902128137.210424
"f221dd5d745def063eeb7258",800936629.25422
"f22ae3d17c92427f5227cbf7",381923100.322346
"f22d6cc8c9611a7c23fa8969",797956960.732268
"f2387712fa17435f56d7b102",716034984.203473
"f239b7fe0de40d208c01c45d",817694908.839689
"f23b32fa4894b6d59f73c151",803987370.037784
"f2409d037bc8b3e63ca69fd7",743818546.708474
"f258fdece395f0c4f4da6a96",895514950.584585
"f25b2ce0d988bf5490fd780a",470704113.31047
"f25f5df33f25576f805a95b5",976893134.521656
"f26c2bb4d5787541e9c36463",685410869.471124
"f26c43f2304c8c694c818a9b",574762057.447589
"f270dfd9ef449a02b6d7ae2e",708770925.133043
"f27397321c007765244e56e3",928921244.892172
"f28514aa4d6ffa36104411c7",708157012.185624
"f2a4f5010f3da37e27505ece",670359009.5861
"f2b67c40a560af8729bc6072",649028619.249204
"f2ba4a7a0765c3ce737b5c81",882455614.642183
"f2ba7982bed03cac394ef87a",689192002.318532
"f2bfe55b6188070fc5c3f59e",935261749.802051
"f2c86c1edac4eec6c01ec11d",722026648.805868
"f2c87b07466aad7328b7e0b0",853834489.744316
"f2d4c1faeb7694370bc65ec2",522214337.864882
"f2e0163fa07f89820739dfcf",976555745.118766
"f2ec3a3598c99bb8c38cd680",442321950.922149
"f2eca7e3226f625807f7d6be",1364875462.71581
"f2f43244cda8e2f5219f3db8",524701570.413167
"f2f4e6cbafe527b155707f01",1193628961.12276
"f2fa898e1bcccbdb92dd91e9",754615657.946375
"f2fce80439462bb9231d7fba",651234588.878872
"f304bc9e9edfc24eeeb720d5",821212132.189072
"f309733881a4f89d9c8a8958",822921822.369622
"f3270f2ccbcccf3046346809",1066367521.81805
"f3293c4064d71f9322ca97b2",1042450253.0525
"f32a3b542efba398907ec912",604460618.34731
"f32a7d08d176bf9177dbcab1",910136796.108933
"f32ea78bc5ea15d700d3c118",747639770.83306
"f336d60e41c8bfee91d58728",560621797.111368
"f340405bd7f2c4bf524c50d9",901965871.179669
"f3478cf008a7ad268a434ba3",657777572.387761
"f34a38cdec7eb598e55fa41e",909090120.610906
"f34ff57e272cd08056e6a243",671748194.021389
"f3523e0626df8cea803ead0f",443025322.359962
"f35538e95b4a567f9b834034",748167436.662864
"f359afc7bb50cf6a61ac63d6",491369520.935731
"f35f884365b1bf6fb303d7b5",608932370.799084
"f36031f3a3f77a3fcad337aa",631740827.437052
"f361109d06f6609c16724b39",550070391.661301
"f36a379e0149d4800e793001",756785494.649833
"f36bb15462fb29f80b127458",1192791168.01823
"f37c9693e058492ec3715de9",589997348.789518
"f37d31c512866b575780c4b7",1229674152.0652
"f388112376e68ccb2290074b",983321623.93411
"f3962b552d34eb8bf38b4763",1195109152.18311
"f3986309e4fc4cde2b5feed9",906975739.240332
"f3a1bbe01d265470a2d7332a",718690289.002439
"f3a6132006d54d0e22a17e84",881968152.287314
"f3bb60434cb36fcdfe218478",472392578.89588
"f3bf0be37be6292ba0a8736b",961597710.204382
"f3c8cf1fbbd6cced1fba0930",696617078.541749
"f3d82ce1c6fac06e4997f7ba",712764720.64873
"f3d94d0616744b87ff139533",569461940.337766
"f3dbdb2b69017cfa026ee18b",991574076.370822
"f3dd24a17ea51b7a2b0f037e",678640165.149853
"f3dea3d678d959aaf6b2849f",1424394911.95386
"f3e2fddf1dbb400788a5517d",865321452.855665
"f4022026c279a9b77a894ee2",726671157.96191
"f403b20cb52d4ad3f9469ee7",828912681.923067
"f404deec9ec16a8460397815",667318498.527757
"f406c9c3c92e9b31310a50ec",586552147.639029
"f409c701e200046f574f4e06",639041746.823566
"f40a182d82c489f55c64ab7b",799406606.364168
"f40acdcf5cb9925c09c9df7a",844478652.926179
"f40defb11ff73ba4e3db7611",1109997174.77147
"f415c2bc1bc0fdca091285cf",1078073236.38024
"f418efb887a15127cf2563b1",526674924.741163
"f424ca724e7df1c37ed78aa9",779528286.216152
"f426c41d6d8bc99f359f480c",463189494.499401
"f42a53a05dc90e617e0e4c38",451144375.061864
"f42b6680baf774d27fdf1e48",669086516.880188
"f4311c45516bafcfe8864c70",970573510.138281
"f433278518a80c3301f26cfa",848173670.58354
"f4350916cbddd5a544c6ae46",497587726.159227
"f43c684b789900c58c8b5fd4",546941403.07849
"f44362b932a8b70ad4b99a29",687693686.347974
"f44726680d0c594a2d430bbb",646535209.229545
"f44d035ea2b15b2c69d4da50",775343057.925953
"f45161bb79292e974dc88b5c",496947221.106211
"f45234a3f0aceb12341be024",982527246.164219
"f45dfcffe189327cb0d303f2",1074813120.33648
"f45e3be8500d7bd91cc8855a",588042910.024013
"f4635193372f669612744011",1021710149.71587
"f4658aee77fa0e35a71da7f1",728737275.901507
"f46d46ccc7fc415433e471e4",554250315.062541
"f46f5e911c6c595efb5b7ab5",745547936.872699
"f47c64c8ee69e744e654d4b9",664792731.035978
"f487761a658a4247563faa38",787350772.917959
"f4897a8a0a911a2acfb8e8c7",1192581811.63891
"f48e503ebd3908838c1f2ae6",537108788.960693
"f48fb9d9c42b0ebee72cfcaa",683381113.908407
"f49045b312d12268eefedcba",680864083.181705
"f499c1513abf0b05aa1f460e",1448575080.37666
"f4a6ec71ad7790df9578324f",618246273.863504
"f4b1645da3f4286e39f2fe4a",623800846.924055
"f4beded3c5ed9fd6cd5177c0",754964217.56886
"f4c118396d781c140d8c9b08",718720768.13464
"f4c6c3210a3c2eb935c6d5bb",1100720586.51996
"f4c7cc4a249ae7037aa0b35e",594505069.389856
"f4cdf3ff86fe70fae3e59f4c",572539110.734995
"f4ce15aaa352d707b68cf773",668332748.170161
"f4cf541f02d99ea1851b9f12",668142453.444459
"f4d53276bdb5899c6f059c67",839371225.778411
"f4d6ce332121f814aa663fca",760533392.555913
"f4da2c8dd901cca9cdd51025",775076257.045374
"f4dc67569fd340be3dc592d5",581720164.136135
"f4df4ad4366bd794594c111f",774508237.67353
"f4e0fa1172c1d4b70b6c4d73",820996192.656018
"f4e646df504728ee1e6ad0d8",654964377.691482
"f4ea9c80fe71a1bd0b692475",815397114.498727
"f4eca80958b7a22922b0efa1",688067378.797019
"f4ecb15ef992a677e8b4fee7",542795124.134533
"f4ed8924f5d1a3e6374715aa",668450073.223229
"f4f6e48b618064ced466c302",590397675.367719
"f4f7bd9d03eecf35e9f37619",822906581.207759
"f4fc081a112f5ee1b3a09e70",723542702.550043
"f4fc2da675d6a2583054fc56",433884467.785588
"f4fc67d9b9c6078003f9af35",721013882.022124
"f5006b435fc92111d55c0603",386125308.518066
"f50941445773dd62e87e0416",1083174430.78121
"f50a72cfa82f3742189b7fc0",1036976801.98441
"f50e0ea2c3831235704b8c72",689689704.129293
"f51000446ab65417942e535d",803842533.04779
"f512fde4fa3f1f7fe885de83",796433499.806113
"f51658b9fea670bd943d6db7",897311071.996845
"f51a78ac4b03665561552b0a",806444354.626024
"f51fce25d8376d48fbe73a43",721811720.96204
"f520fd12dd3ed32ba78d357b",798462750.359597
"f52226b24ca3d5b04b7cfcde",1088088698.76669
"f52ce56f20251f018d7864e0",635511515.914718
"f53efb47de2bca5912ad7517",940608395.154309
"f53fe605b0a2857cf3facf73",831262550.429996
"f5418917530b72c9fea14f66",470303968.690621
"f548ef815603ec44f4629a60",1216321996.83513
"f54c16df774e70d49355cf4c",459570619.194927
"f54d358d26af89636906f686",1172844390.58954
"f54dbd8f0aa752f79c581e5c",931530653.264208
"f550bc7ab5992a6fb48eb60a",1017243559.17378
"f5534949a53bef05de31b07e",776387675.747816
"f563f0899884de7f9bdab405",891648745.509619
"f566603aacc78da47a283804",689603798.450218
"f56bca5bebfc765162c8cae0",1164174534.32638
"f56d8f5cfaca0691c6ffbe00",735126294.492535
"f571f85be35a72b2ac358d27",568643426.023282
"f5741fdd9f509d3bb02e35bc",898735414.94158
"f57cab248d2d832725d78135",699863458.627972
"f5802200af1d28eb48466c1d",719529226.146046
"f58528d3ddce3bc6c71bfce9",767397206.511404
"f5896513d1cb044108d23785",1058145259.1891
"f591597c9a1ddd9852eb3cfd",893797068.733181
"f59686ef2740247394547078",1171315494.4615
"f59b9c03bcd4e0e06d23fb47",728191294.732791
"f59ed9b8ef1726f1a55a4dc3",603533413.681199
"f5acbf43add5776430d8d4a9",683342573.270317
"f5add08cb615eb18b3153bf2",1135416086.10293
"f5b0b51ed49be034c290efd2",1024723760.09439
"f5b9cbae30356fb3a1d005c6",960107984.892285
"f5c79a564600bcad99c74f03",574874771.207797
"f5c866d489889ab2f124799c",934596346.185042
"f5d529ff6a35fa78ab14de21",545161277.356562
"f5d852e25d51377686c43bc8",702589744.97972
"f5d9d8082e7652e97973e0e4",1283408734.70766
"f5dbd7dcf63b08f711561e58",998633715.43674
"f5dcdfdcc8f414cb7a38309f",710871083.363907
"f5e7ab7c2edf566fa22501b9",1221733393.70285
"f5ee97750fd4e04eafa9d1d7",745499868.630511
"f6013cab49ef9188aaf87972",829398459.752648
"f60d9f0751a14efe41be383b",479782665.608219
"f6173e36f95ad05b8e94321b",906211221.696632
"f6252e878aef5f8a641c3d6e",530041425.787849
"f63608198bfcc858abe1ab0a",708841979.342018
"f637a4885488bbd499199148",926969918.964516
"f640753edfd8fb1a995f1de1",761527576.107759
"f640eb21bdbb9369acc4e863",630380128.16964
"f64d4e029592761bee698958",607715732.366515
"f64f642775ed2c9f45aff215",876944698.575253
"f6503aab62a68ca16eba3fec",1166291077.3097
"f651cc17b051c962e4124795",873498525.716451
"f6544a1c169aafe6c8142907",955390924.982
"f655ec98cd42b0bf2d7cfbfe",806020577.628167
"f660a48b0eb17e98dd77c0bc",648175261.220281
"f665a58fa8eda69547c1a159",797407159.828609
"f66bad2cd4b09ac29f540f63",804922776.480614
"f67028acda5ecaa4c8781ba6",683505846.352099
"f677c51266f5ada9e23f20eb",431917953.794754
"f68b7dfd0579838324895097",1087281010.83101
"f69962045e9aea6b8200888c",531778431.223204
"f69aa18a64d8b8494fd9fe3f",454491432.227007
"f69e25355ce3887bb1078fef",697910140.859542
"f6a12c0f02fcff1be042ed0e",875048239.105534
"f6a5c88d1bca87c1e89d8084",1334350982.62556
"f6b405af32c398147475dc9b",741210371.402982
"f6c1705a83c039f7a7d46255",781887224.263563
"f6c6eb3fac9658c4951c4222",580817415.193986
"f6c6ee12e338b1f9730b6e2c",613735092.783309
"f6c990e406b3756ee39b3b30",740668146.616396
"f6ce37c42fad91fce47758aa",522496069.323617
"f6d2d31af94a6a73912dd9f5",971090785.47577
"f6d3f7e963c9aa1783b3adab",636659278.296391
"f6e1752b9f4a0a3c8573910a",741706766.23929
"f6e74a4b1e026352e5759b2e",596476516.294188
"f6f4a467f40bace72ecff598",1073595532.17364
"f6faf74c3f4e02a6b333b7af",877462396.705485
"f6fc3807b54d8c69459c4f64",500032218.766289
"f70ac0d227db6f5333aa821e",588952951.446804
"f7101a05db93cbefd6a3b31f",446671111.682322
"f719b387fac4f688b57dc646",940487848.093682
"f71d2bca0c5fe2720a1544c4",756657090.174492
"f7216fd19f41ca5ea66a9169",539138272.041784
"f725f6ebcc3fdeed22bee385",642531702.272932
"f727924f0f35ec9fb58d0c31",454033017.298725
"f72992cff50931d2e19b3ccd",849282091.126977
"f72cc14d79ce15491a96ddfe",1025329611.51342
"f72e2f6cfbd32d97bbff3ac5",786519073.848734
"f72fb486fae49fc1de1fdcfd",887102971.276329
"f7399e57df358ae7adc9e08f",659678270.938679
"f73f720abdfe4b5adfa2bcda",656828299.302765
"f74eed3a7dad1bd8d92854d0",858452897.323805
"f75009356c700f7da7106cc7",743925485.334637
"f759f71e444c16a59187a067",1105902840.91616
"f770b66579bf2b55a714c43a",859601007.488829
"f776a4e0c8c82b3d29756b34",1176465815.04797
"f778fa43c92344cfbd700432",778310356.70531
"f781bb1ed340e08b23258ceb",466697452.169377
"f7847aaf1491103fd931aa5b",1243078093.52471
"f78886545677e19e472fd0c4",522543514.675977
"f788ac4a8b2a6dc11c458c90",718705841.436715
"f7959842378c94c9f620f561",969143133.781959
"f7972b1936c6d9e95d3f632b",944115947.487802
"f798e7105aa8aa66750a2c85",956355345.255052
"f79f0c23b5cb96b5d022582c",559463019.822243
"f7a7281a19733251134364fc",865823569.886902
"f7a79e1211fc72e06a3a82b6",1290061454.26835
"f7b7e298ca8fb75e11e92999",508888125.974414
"f7d11c2601959921f536f804",729601120.500809
"f7de22825945329521642f49",656301444.807868
"f7e5bf5b0f6157ed1f604d37",376010761.42922
"f7ea437311c0d217b0d572b2",552474818.05932
"f7ee7282cb9edc77740f392b",1050552332.32068
"f7f00e13da4910d724aba4f6",543088339.691471
"f7f46ac9158f0a1edd01709e",934247262.771645
"f7f8607535159c82dbfc6c14",484336957.117733
"f802b026db4bf9d68cf00b16",389124632.558109
"f80b20e0649dcf1c16003255",468654735.792485
"f80b9e8c51cd71c5be281652",388180712.99748
"f80eace37237614562f942aa",797048350.751661
"f81107599bc083fec4a13ca3",907128930.873351
"f815ec1a63e980717c9c3290",587036449.577391
"f8189811dc639d760937df95",480930614.133164
"f81aa0f575dbbacdbdc681f9",778712565.960059
"f8232717e74332384075dde8",457658465.223039
"f823f6d95b4340e8e4dd0d57",594207528.975116
"f8243b7b679dfe8303180d73",1078099884.17082
"f8263893418eb0752dae48f3",452577374.39794
"f82adf71d17c261b41a5231a",776168429.464097
"f82e1c70884ee1285e1bc491",447441131.252621
"f839de5370a225ff993f5b2e",730150140.352634
"f83f29f28978d7dd76cf5942",798925920.304125
"f842221d74340270e757fd41",856724912.842503
"f844345b6224bc76bc3c6f91",463734538.188958
"f849ad486e84a82190675b89",832332326.441436
"f849dfccaa8163d24ed935e2",976544141.195368
"f851b02d18e74610a900bf14",1014153374.45963
"f852e0f3fb8563ea6918164f",1093156378.80572
"f855725acc115bbbf03bacec",1157053546.29788
"f85d09bb2ea40bd4b68465da",1013193218.83381
"f865411c20924c43a080794a",910651467.517203
"f865cd15368fefd8c9d6aabf",860205132.415343
"f86ab537a2f5d8c2b223574c",745777866.995755
"f86e80b2a831572b85b04e55",546945029.944335
"f872f224d2af413cd104f24d",685410869.471124
"f8731413b0d976c03b7e05ca",1125042764.13318
"f87c76eb5071c5b309e3ac3a",385627704.046024
"f87f8003f15b0fbc12609514",621090007.798783
"f884247fa6414f384480bf38",655847215.77124
"f88bade1cb7ee0fa643f31ad",787288761.598908
"f88bb9c5a471504c13d3616c",589580999.623223
"f8948886cb4cb018eca25d19",483241045.547348
"f8bb20be599b79cbe29f36cb",1094558342.91937
"f8be64dc83c5923983fbb770",742790891.71542
"f8bf37a8f81a310e299385a5",678886968.59363
"f8c787390e4c6d2e99fc7c3d",953338701.779491
"f8ccd21343b112d8f9e7123c",856613897.191821
"f8d4ec209ad5fa5ba4a68e56",537674318.347511
"f8d64df401009704c152bcb6",738002904.536945
"f8dc73052c66ab334cb7be14",689597362.613546
"f8e25b7d7e93c45df1b3a4c5",1324243918.68707
"f8f217756d32f31faa784c2f",648667903.389071
"f8fad48343ee5134dbae918f",685571378.546374
"f8fb6d1b0dafc28920393dab",933403937.544073
"f900f7a9c5e2ea51689e8992",937892506.011493
"f9038f7e24e0a29bd9f3e24d",1011503329.5488
"f908e1de4c4be0d77411a998",779225574.299477
"f90efcbfcafe544674c02586",777470737.623751
"f90fd39477c8da38e33ba0fb",915530492.271902
"f9158cf51f5e9f644349a774",420078034.376877
"f91cc2e5edcbb704c293084a",1098602605.14197
"f923bfcb8cdb543c23bafd52",811330698.704907
"f925a05397ca6163230f7ad1",546934240.582146
"f927027bc766ae6c111fb685",481813092.397996
"f92935374a7ef86314223c5b",959342117.561308
"f92f4d135119fa88994929ec",1121024980.50008
"f9379319f992cbadc43b9189",802723297.926852
"f939b7271c4d399a5e647f8f",771517358.83995
"f9402b785deedebd3ddbce6e",801837387.254548
"f943cfd29effc9c048b8e106",776925040.724486
"f952c40e24c9df4ab2d62017",783701716.321163
"f967aa89a4440cc1c44bdc54",626626520.174042
"f967ad5e086f485c27f09990",1040974751.2001
"f968e756cbe6504fa0f32458",817347147.015445
"f9718594fa52500c16e3cd71",836079708.02309
"f976ec33e004b2d4d32c2eb2",789311893.636276
"f9793063f561dc76c0b49a9d",1045798555.11741
"f9796e9d13fe1becef435e54",857123980.576936
"f9798cc6285c9fb3ed7cb668",748855938.232986
"f984d34c8f27e3cdb7c2a44a",843733199.446917
"f995364cc33c431b3c93db45",697266478.919377
"f99adfe85d32b0a66f4d483a",827107858.37891
"f99bdff027d28ceca0caacd1",1057892600.8023
"f9a136d7944cb7768b598a88",800813876.50555
"f9a802cbc802d49a087cf23e",1455756175.89195
"f9acdd3fa50068bc0180d008",823082547.646484
"f9b0a27bd3619ae88ffe5455",692470912.672951
"f9bca38d3e08176649504e74",769711572.509081
"f9c11e980254045d7478f273",998183279.233591
"f9c133f7a12f2b8c1b2beedc",832278956.175446
"f9cc6760b1112ce5197bf399",709451834.686966
"f9ce5b7edb104d4e8407a344",487042739.682886
"f9e6a759b069e04b0cbf0182",835737047.638542
"f9e7582dd99d36bfada56249",960618460.408551
"f9ef8fcf24d28ce11e71d758",1394228462.98256
"f9f5fa4ad495197a5c9b492c",412660486.290259
"fa00e05d83ee890a38c3a686",841558403.39538
"fa0aa00078cc178de0cc7d96",715680718.666313
"fa1533051ea4145f7f710ed9",715915598.348782
"fa29c89363ac9cb59667a43d",777516736.00432
"fa2c1092f17ce021964f8953",655885561.727292
"fa2c5c19c86087f207c379ab",817193611.106366
"fa3017d74586eb4c3b5b7db9",489208779.682449
"fa3ee96e6b6ffdfd00aa335e",1300389204.27335
"fa4028ad48fb2082d167989d",585114031.40507
"fa4af69aa064a4306cb110d0",990046364.423297
"fa4f331f05b1488990a69ec8",1177705522.41636
"fa4fd8380dd2620c672facc5",748051391.993422
"fa5234ddf23dd0d9cbd3cac2",650784306.424976
"fa56058283c975be76d7c990",733580916.952699
"fa57f96bc6affd285d10c4f9",477145119.33585
"fa5c81237a94f2f78f05977d",901953918.716121
"fa631a714774fc22ca15ec10",1033150673.80564
"fa653848d69ce620a41a73ac",1000297280.03964
"fa6db64bd7cd8b0f1c0e2453",995601007.24686
"fa6e53a7107c0e33e3d505d1",890962654.196948
"fa70a55dd0e2053a1b566de1",389139072.842087
"fa736ec3f2f066cba4328908",737566149.355745
"fa74fbeb90bdaf8eb26f8329",767001372.752798
"fa823373d2e7fc9443ebb6ff",637038270.14022
"fa84c07cc90e2a2058b57c9e",932559240.413528
"fa8f13da6d8be3bc1f05fcee",681155715.306862
"fa908c8dd43fcbe9f721c0d5",1056992644.65601
"fa926bec03068764c8545d41",801425979.075611
"fa9dec2129f7218b4c4d4b35",848589906.906346
"faa204421a94ef95b79eddf6",648781776.301025
"faa37a79a1d72e4b8b0c80a6",1060264793.25386
"faa72370e4c7718964930805",672812397.072741
"faae4324336f1211ce4c7809",821597712.26288
"fab91f0b03598c943fa425dd",951165753.816093
"fabd2201750747891eb6af77",1038579464.76782
"fabe0f299a4e4bc6f51d54b9",660700250.930866
"fac4f0bee67523194fd4312f",536744559.110717
"fac651cf404a58f24dc7d286",1204304110.20828
"fac682b61b813044a3e3ad01",1012012344.5413
"fad033a3c81708df7b6ee73d",843320924.298185
"fad4ecc419fb64b3f77971ad",652036709.66695
"fae37ecd6046e53ea121b1c6",797096283.399405
"fae53fba5d405b2e6a3abf01",406475352.995267
"fae649fc7256b9a3ec036583",708291923.095985
"faed63c1287896e97987c4c9",865046342.923025
"faedbe92e3296977872a4aeb",1590871162.41933
"faee4c33e892029b79b63742",970666489.347542
"faee80ca0efce20e731823bb",781930905.828016
"faf872c4bca132b52dec368c",788164738.621158
"faf92fbca9baf8cce4a00063",839078577.888361
"faf9f8aa50d936c1465e880c",824415786.666091
"fafaa5dcf66d22bff322c72e",617910564.468268
"fb01d990afd25ef96ed048da",1152019663.39715
"fb0664d59b6333ae1861f343",681755480.417925
"fb06aae0e711d628b16eb910",768860560.827679
"fb0dbfeedbab00cdc7eb93ee",822963790.359204
"fb10f3b45e865b4626f65ddf",678050098.367885
"fb14ddcaa459b49a3b30eb3a",896996352.559187
"fb338e93dda9159476b8382c",421811401.692079
"fb39ca089d05381b3a7ba847",572677772.703443
"fb3d29813052141c015669c2",955620614.618854
"fb50f2f13a30fccc3903577e",1215406996.4696
"fb63e870ceb7ff355299f3da",669535816.188328
"fb672b4cb1b66f2022f36a40",1012873159.20116
"fb7048ba61e9e6b1de829bdf",925912774.356653
"fb7154b2dfd2a48c13ef70cc",813858053.263883
"fb72b8e0457c0199e158e599",873754793.244422
"fb76da6072bea5801e407990",516115770.691721
"fb7bd85c05cd74d945d22de0",464863042.362744
"fb82175fad61a81e9b665fd3",1069088477.26093
"fb8aa6b6c5d2499d404f3f73",847059907.527454
"fb9371f86ca6f4e62ae374c3",604250791.319959
"fba35c04cfb7b6db50cbb57b",880067607.061403
"fba6203abad5f4b3b721f29e",557564171.97504
"fba83f5feea2522888377066",444533473.478783
"fba946e4ceea37176170835b",620665200.900303
"fba9ae05a6a8a9e0c6268a9f",768787483.108506
"fbaf74ce4c2c6e88950d3fdb",1048194653.75364
"fbb0a76f05908c118f7a3df6",671894368.243783
"fbb89795386c14f5088fccdc",811895385.703031
"fbd613ac06b6bf20d76822db",633406399.983939
"fbdb9caee4455e99259cf921",707797453.545836
"fbe3b74f9e11c829d4dc69d3",1214980382.18132
"fbe555f6bd0edc1bc950d9ea",1228485142.73605
"fbf8b0f1159e89428778c847",627859518.832895
"fc0572d7185e132770c3bad7",745777866.995755
"fc16776abc877decb82a5954",1166563897.81449
"fc174b19baedc11f78b647d2",1153972380.10346
"fc17f35d300be9680971f95b",1076268937.87797
"fc1b713d5605b0030421d5a2",959765369.080079
"fc25df25f4151a16cf0c90f8",1079942348.86021
"fc2ac43013ba8ab17da28041",1220294874.39769
"fc2ceba651bc629e7f690849",875048239.105534
"fc2f58cc289d29fffe8a5fe0",950613413.050074
"fc321e2d9b4e954e80805be2",736182256.411542
"fc43df7f26644fa464ecb090",624464385.032002
"fc57fa9bbc16d1b8106c2c70",1232726904.99781
"fc5e8e45dd0a338ab5835428",734274735.340891
"fc5f41aad1b4bdcbd8298037",705651765.589474
"fc64387d7c3c91a6e6e876ab",609623003.294122
"fc65a77fbdd07fb490ad870e",774302643.381928
"fc6616c62030a53d2aa46b12",792768705.383767
"fc72e535900c592d6053b806",884833237.919789
"fc72ebf9381496067101da61",658244471.413374
"fc762d2d172737cabbdfcc75",863664616.838657
"fc7e93bffb7fbbdebebfaa2c",1240378901.29038
"fc7ecefb27bbb5c3e25e899f",591189234.117675
"fc815b59cce7934f816f0502",1047007950.68073
"fc8836e71725949c5f3fa7f7",1361943609.00003
"fc9151dd6f8850502c747bab",844843890.521654
"fc9fb2f209a4b5e66f89712b",889203804.568172
"fca1c40a338288036b1eb25c",1058030289.41448
"fca3a0fe5db369235960d285",466697452.169377
"fca6d7455056792cd61e2ddf",478332814.796365
"fcaddcc78938f3a234dd2d3f",533270913.743079
"fcc4c878af8bdbda6e1fc86d",1166087573.90369
"fcc6c3c10bb52776accaf06f",718587515.66663
"fcc96840d952d32a7300366c",579298077.082236
"fcd7c10d81aff25d9233214d",628757626.389859
"fcdbfb9e15352cf210cce7cd",668450036.592828
"fce26c7fbf0bc93937ea5198",696160740.287754
"fce385656705a8f4389cbb6a",794599398.443606
"fce89a9ffaba32f9f7c5895d",1177705522.41636
"fcefb2186b13c8bc39b17915",1014888693.31067
"fcf46edf6d612ff1f5ed6134",885581248.708813
"fcf79745f8cd716d3ff9d27b",696104160.966367
"fcfa51e5eec6829b9f4f2c59",463273297.433714
"fcfd6f08490be39064aae41c",783393534.742892
"fd0c010fa0c4b84dc75ede86",1016506294.72094
"fd0f6c0b5234ec1f6c7d1fd8",866175495.620446
"fd1431e595693fac0406151d",415772187.981679
"fd15189b99da46b098a949e6",698013054.831377
"fd19e1b2e61f5efde879f6dd",1031132045.52475
"fd20cc372715855081e24eae",933060407.649536
"fd26da8e62b5d1155962f0c5",721365147.839146
"fd2dcbcb8a31e97f31d22a53",752495967.379166
"fd2efcb61008dc9d11756381",890962654.196948
"fd36cffb856c2a14982a5fa9",548274327.145626
"fd41747287a480d5c4dcb56d",1164583309.23148
"fd45b984efcdb0b434033fd9",598086678.181356
"fd4ce3ddaf79d1b97043ce0b",1288929706.2713
"fd5758238e7ec91e415779f7",879899321.872557
"fd5793113661540ee34b8cb8",803469138.452299
"fd5ba2795eb7b5fe338d6b4e",712280014.923111
"fd6112c82d5808311b08e29f",909458379.37281
"fd689e54d5c418dc9f2425e7",979163354.102828
"fd6b2efe5da2c35058333bbf",779866351.900525
"fd6e9c9ed7679485dfd0b022",898369720.618969
"fd77ee8ca0551b5b614b40e1",1013581905.21961
"fd7a48744bf966e417f34a51",1105140722.46753
"fd7b741b96080ca5b964cac4",911229519.652499
"fd7f194d9929a6f28ea57cf4",463736987.869031
"fd81506b0a00fab1ff680b64",923268790.209092
"fd82c710aad91bc90af490fe",939378388.475819
"fd8b9540f1e9da778d566d25",394098815.492598
"fd8caba10cd4d1df27605358",675727839.032385
"fd9ebf37acdbb0e4bffd2fb3",583987479.151826
"fd9f78fb2d2f4d01e462bcea",1150328316.26916
"fd9fda1abfcdd1066a177e14",773225627.686649
"fda25a0b6b9f62f92e3ea6b8",62111719902.9781
"fda6cee77fbfbce6ec0eabdd",811847386.957857
"fdad0c86eb89fe93633c8571",605177673.70873
"fdb192e57e3e48f70a492b87",861680810.767676
"fdb1cffa6b7346fde667d72c",558473029.075083
"fdbc74fb5882051327b3caf8",636035859.171299
"fdbe5801070756d1744211cc",915311439.709669
"fdc00f6ebd155e84a387878c",599034966.180295
"fdc28a68bf8a5bc86288b4c7",741777224.778422
"fdcf0e439ae8b2ff5730680d",718713202.359796
"fdd4b5fcf9ebadf96545038c",1075653061.15218
"fde3d4a4a819b1fa40530238",703687300.736898
"fdf103976a39cc12f5effaa2",605443409.487727
"fe004acdfad6ac6b00911ef0",770968430.579909
"fe0182e1795e2b87eef4bf41",659148518.526063
"fe2bf1f402addaf17a213030",712311065.74653
"fe2f1459eb0a380dc31e3a4e",864177965.972001
"fe368a7d2e09fe88b1b972e4",578569146.278851
"fe409f9ea8d18c9d9ba4d02e",512357973.68344
"fe483817d899e0044abc3787",757767243.151664
"fe4a6d7d7ed28b85c5816fa2",1048795419.71753
"fe6c19c6f54606a611d412c8",561189252.231565
"fe6c8cd2e792d62a4c324da5",494544762.57791
"fe6fb32f623a9e3d5586a8d3",666696112.256846
"fe8305e287f6a8e7899c9459",786901345.20406
"fe8a10fb4031669a9b21c919",994208851.57264
"fe8a78de9ba7b59a112e0046",509412692.20593
"fe8ab5495cae81b5478026a4",575928037.611079
"fe8bcbd17b16ad023a202843",1078535690.09088
"fe8e45caf7605fb91d6bc5f7",829978522.075741
"fe96a7d758a874b1f0c42145",608525130.072921
"fe9b6a82fcc3266ddcb3e36b",1153364857.80293
"fea142787b18327108ee8929",542357901.145309
"fea5eb95dfad452d6786b042",622293090.852403
"feade1f4b3b06fdc12ec213f",863200978.030614
"feb3384733ed8feeedf9ce8b",893845665.243725
"feb87029d5a2e8125e165bef",585606011.140018
"febc9a1b054671445d756cec",588656693.506438
"fec1212eae4e6369d5555d8c",956735304.011383
"fed1a50c562ffd7f30451adf",968786315.959488
"fed1a608e3c0f2b79cd02ebb",629208746.45004
"fed2e1459e9ccc06943a05d1",1234772257.56764
"fed8f3bf4a2d7a426901706c",637197679.25963
"fedc2418db2353b7c97a260d",894987590.898151
"fede7e1a7a6f23338af6f40e",961919006.503921
"fedf2e30e390f5cf74b27e97",661593217.524616
"feea3a2bd9f643219de51c46",590009567.063462
"ff03a8cc833d067d439b9903",933240108.305547
"ff058f978e97c389e7a31f6b",637292580.317267
"ff143fed55f12a0105f9f88d",750564009.711511
"ff1498465e4db86f4f652e87",502406324.583519
"ff185be4fdbe3790c72d00cb",564630993.406094
"ff188e88378c8e2abed8119e",657776805.013708
"ff1a7adf260e637bf316812f",401287319.567253
"ff228869121d053ca7bbe431",835169508.420702
"ff25ded6333278149f8fb68f",623664169.724292
"ff27ae490bf03513b6bb386f",1017243559.17378
"ff2897a56a0fd08996d19424",795111081.435616
"ff28f1a1ea72e21acb157f08",1117144307.6769
"ff29f12bbd7ac4b860909966",958684915.807219
"ff3696c808d4835d6c7cc9e3",921543741.177825
"ff3b85eb538fb9a7dd03f459",425102411.933011
"ff424474d2d10a2c2a1c1892",529640104.644774
"ff46d9f7dd86b8bff7cc305c",686879936.900702
"ff54bb34225682d25c551178",1073054731.52381
"ff56b24cf15289dc6d14800f",849714169.671731
"ff5a27ffe7de039e65170f9e",730418283.629954
"ff61104cbeb37f077c565fd1",483156228.021575
"ff61abc1e7843e20b1bf8656",497768080.999967
"ff6fa86afbf9da2aa8eb7991",594207528.975116
"ff71037ec8e5a91aad6f0686",495079589.070535
"ff7ebaf86962fd0ab6ff41f3",676421657.0194
"ff83788b9f8db0297f6c0148",929359489.659066
"ff8e7294270343a00978dbc2",762063035.019686
"ff9c4796bc3ef18ae7bb724e",982698294.586103
"ff9cb7bc0b972d4515ea3837",442551783.037259
"ff9d1cf7bd90c5e47a0bba3f",430558233.420284
"ffaca67ff9f0d7cbd5bbd295",1557196025.87769
"ffad647e8ee35eaea6378fb6",785310536.822437
"ffb510bd3f847f4ede255fbb",400798127.189954
"ffbce3ccf241890ec95104e4",679445280.930443
"ffbedc0873b99654d10188a3",370889605.889073
"ffbf6a54fb00029ba24dd3ad",467305867.584166
"ffc171cf73514bed077339a6",462176846.556047
"ffc49242bb0edf3e22076501",1270694517.10548
"ffcbce226963f10da8c53fd7",881188339.882084
"ffce0b151f293cad0a6f770f",1340857888.78314
"ffcf6794a400aba909383b41",989713354.887599
"ffd3d51ecc85abff64258e1c",797188271.682213
"ffd916080b1019827491de0b",1006997871.68264
"ffe653c61bf13df43fa22190",771734160.328961
