"property_id","price"
"0006c9478f4e7edc53d84916",493312579.394568
"00076c8f390d5dcccc133309",783646104.867798
"001399d3861c5792ccb8b515",1214613890.29375
"0016e35cfd881ee2e37b49b3",826359827.597487
"001c03f6103d35389825b62e",833985090.203329
"001d77bfb387bdf0b53e9e83",845183898.667472
"001dbdd202e9908ee42713a8",844615848.818438
"00304df33a3c9a7e396ddd3a",737486154.000694
"0037d98f6ac46a86e36def45",851394729.716236
"0038a3b703f4ec779bbcfe6b",471347632.653763
"004776514ad269b380581066",542925478.743909
"004c9da9ef1b3b5e309e475a",625810603.490098
"00571815d5a7f208eb3e7737",1295091938.98521
"00586a92b53f4a8f9f6b3022",769277004.288511
"005ab848b35907e42aa0f4f2",1466565633.01185
"0064cd1c55914cc8370a096f",497512306.407762
"0083ef74db679d22463a1afe",701024777.7079
"00858277a3cf4f31b8e3f738",658034386.678171
"008c7a02d158f3b17ee8e015",661090266.782706
"00a5133e7373eae3f0be8f2e",696478595.421102
"00af33cff3ff7c6927306df4",690483552.30759
"00ba709f184e70be13e5bf9b",557337339.429414
"00bff9be2d524083e3b3149d",599738322.603318
"00c1165df93a4cfe679f54e2",954357514.980716
"00c75d59ed4777481a50cbd3",1137686788.99782
"00ce045307538da1b0bb7972",778386680.857637
"00cea81b78d6007eb405d5b3",570774356.488887
"00dd36caffef00fcde85b235",1132910795.9007
"00dea98fbfbfeae74c513bb6",1283223298.86053
"00e7c5894c739852052f566a",757494297.04538
"00e80be4feb1e8593b7713fe",513653513.329047
"00e9afbd1d27062a7bd40a3c",1123076100.1528
"00eb120ba4410ed8efa24a8e",699006098.401365
"00f2621035b1969d53f03fca",934431769.330652
"00f5ba660a4fcf6ddb96220a",633984818.159193
"00f6a62599f25ac506113149",992252875.181895
"0100b3a412accebf6a3aa4b1",472487608.421881
"01018b9796a105be650ec802",1127448038.90921
"010e676743f6afc01fd0838b",1138514359.79508
"011a6d0f12ba108ef15076b4",403534116.542895
"011c2017b63235bf0ed3f241",550499249.102689
"01230eede2a4a74ec4ee5105",977909075.866101
"0123237414f757b9c3809f88",719949971.449646
"012b8d616667a6dcece0dfaf",694048937.708018
"013e2a07f94a99323b64d370",892371467.661609
"014799b9ef7d5244fb6640ff",1027968575.15644
"0152ffa8757aaaf417e9f997",1819721789.94649
"015d17895f32e2a8b616ca1b",821219275.157434
"01636da0aa2bc223af023a13",699026763.75998
"016bb199b12846ccb0b03191",739762499.356775
"016dd08801ad1a1e7f6e695b",1098943775.75846
"0172678cb0737e21a317eda4",536045162.602816
"017487de3455d9f642a7fadc",903325736.057353
"0181972aeb6bf451012a47c6",916068924.999657
"0183b38955437e8d0128a013",956688400.207147
"019cd320e02a64ba3ba9a37d",739631746.75589
"019f4a25794ef01294845b51",885991578.74294
"01a5a230e8a808d844e64397",1250968263.75986
"01abe3cfc94be46c1153c82d",934859891.018242
"01afa737bcfa6b1ab530eb09",1018441306.66187
"01b78983d268b52137e5ac1b",698948112.821481
"01b7bb1556b5c32df8f618cc",857821669.286874
"01cac7d033166094ab9f87b0",659001936.535442
"01cda25ee8545b9fe19717ed",1329648823.42149
"01db5867a69f8ea7849d69e8",1228250858.55744
"01e033f5bd502c4ad398ece7",620824398.831491
"01e907d7672006fa2bba8b0f",753435594.911282
"01e9c7531cf3c63c04b9189f",705500192.026053
"01eb0a2c1033c30830161321",674487019.413427
"01edceb6c5afc2af1e129e86",444739844.177134
"01f6c99999c154461765f4c4",679283423.5712
"01f855427cbe3eb51b38288f",744790049.19753
"01f8b6799e2910f7769db175",655149657.563076
"01fb5931cb55f5308382818e",1503267121.4407
"01fe5add1e7df4b15dd73bc9",585413095.338118
"020473766363019ee40d6685",954346725.54108
"02060d2f56e979a61427f806",575342635.886581
"02091877f01c926c350b013b",706117868.974486
"020dfae44183c65b708727c7",455229912.891486
"022357a3d48ea87d58ffb46e",607226448.833702
"02259637b8ef1311c69d3d90",828337869.661401
"02277f636716264116015dde",459877214.379846
"0232a50c9afca03cbf4277c8",676555936.803046
"024c5c787d005adbe770b9bf",740961360.591577
"024d2e34a561efaf4811c17a",1163430088.66952
"024e94e72ae88464621539eb",857750664.352587
"0252fcaf7bcde09274d34be5",797753458.227762
"025a98586386211b1519f9be",516071369.935383
"025b094e1ea7248f4aba72f0",421436430.247086
"025d96090a8e5bd6f786e9b6",817702755.179217
"026c6384ceba017c5f2cd66e",619780780.758804
"0274166db611aabe4e946a83",747128656.612751
"02779b92b2f9bafde0c75c11",598822986.616307
"027947dd01dc991ffefc5082",464626924.049695
"0283890ab76b10547b27e634",561077911.066439
"02888257efaae858fdc7938e",751700733.639828
"028adaf559a05c8882893767",851725270.762251
"029224b78e8f358aa9c38e94",444107321.35206
"02990998f3621fc5a3d0ee63",646293605.071988
"02a0a38b45e1b196165b0098",1059955979.30357
"02a2ebb6eca5772e3526d78b",877519555.166634
"02a9c37b3d92a6da473c6fbc",512142004.013475
"02b47e60ab77588aff6cb433",643174944.627479
"02c6e8c7f36a2c68851600c6",696444178.977772
"02cb957c3db9ded3691a9004",669081300.862411
"02ce5bc5d5d286a4cc0928f6",977372928.377052
"02d598a32d864c289e3ba6b0",780335335.282267
"02d5bac2567ee9e19041ad42",1317499072.1754
"02d89daa77bb313328fe0c4e",597523445.360772
"02e52d3895522d9be85c4544",545768353.488538
"02e8811bff38125bcf8e1a6d",591232402.803248
"02e89c055b7692dab024defc",488245944.599769
"02e9b077d6cece81387fda35",851874233.478842
"02ea72128a99862e9537718e",811473423.478261
"02ed31afcba033953c79d95d",757149221.792389
"02f6ffcfcdd3dbba94dd7b33",997655449.906403
"03025756be203027ab75aaae",482100278.130576
"03243195c467c67e67a7823e",665298525.943812
"0332c7ec0d3e547ec6d61664",1079971571.57863
"033307467830cb865a785e3e",685105365.923775
"033521a46dae036839ad6c90",414604838.309486
"033599f7e7ecd8d9c8cfba46",968420986.904154
"033d3f8ff56907db4c453700",597253943.293983
"03463535ae93b8b123eaba8b",804169357.181716
"0349908483ce628a0a5fc164",1204099652.39893
"034a30994bb2e0e446e35957",782029951.860817
"0356797c1683d002bcd94899",1003097535.29841
"0357d0ee6e0646113ea543cf",846025622.616215
"035c61042b7dbc7ef888d1a7",1244344186.83956
"035d955df5a765531d1d0d07",981571698.375603
"035de58d60807ee2c272ce82",1307003021.02752
"035ea0f13f2ca01c902d5388",654410312.859307
"036177aff84b1901e0f18759",674363785.213451
"0367da7dc5374f1957a1b7f6",985424304.621042
"036fc9e01b2b1e3ef4574372",953493780.455474
"0379b6a001e4018c34e944da",599615546.869499
"038272b33c075765464761e8",601777876.137965
"038bb35043651579f443c481",873528345.230703
"0391d158ab104c5cdba31872",631639928.427544
"039a9029c4341b1528ca6b46",409794880.495691
"03a84af05df0f577e09d60c1",655004851.036183
"03ad99f1799f2a20c8cc0a50",685178715.232728
"03aea1b6ff072f117ec733af",661834893.10091
"03be8ec62dae56680beb2cf3",910435835.435136
"03d54a6e80d48c96a7f6a1fa",532855397.684976
"03de77e22e987fc3fed4eb78",717154832.676089
"03eb8da7205428e61bfb2845",625868633.048246
"03f518e2e5861002772345fd",431710779.966355
"03fb5bfbc1895115a04e8116",992214083.124126
"042bd2cfb2d33467149ece1e",918221522.43519
"042ff73057dce4d92d383cf7",368880436.312129
"04308f869d7c992ed3ea646a",872235054.682368
"0449a82dd1667c8c564904f8",833684762.440393
"044b8431b186eb022cf6fc24",404273598.608434
"044e2daf937c0d8373f2e914",902919295.857163
"045108344bf09b01b597e7ce",833511424.258389
"0451f65828e628c2220df77f",784078213.724353
"0460eacc73398bb95f0518e2",995390875.114051
"0466a7e06b152c1860d44334",1038477533.60653
"0468cf58f40372acb9d5fefa",917629206.049016
"046aaa4162cd410e92b216d0",699524070.751226
"047b0ded64dcae203a3015eb",707033382.502223
"047f94605add5f6f84fc3f90",868283445.946306
"048051ce9bf8f6a48e9451fd",1491917857.83766
"0482cd89d767b3b7de976c3a",691500062.817241
"0489a476b376f7f6efbc193b",424432528.602404
"04a071d777e60627223e28d4",474137660.407547
"04b28e63fbba92daf83865ba",965624974.631429
"04bb7cdebb8b66e783058248",548945847.997056
"04cc75f46642efb1192f1875",543881793.417624
"04d77c8ade9a55fddd28b00c",862682262.60147
"04e29dbe2175919265c82463",734793139.533625
"04e337d3c692f3429d47aef4",842997378.931506
"04e6a79dd3e4d8d17c8b5387",1307080285.22574
"04eb0b590ce7483c615b043b",732204814.56011
"04ece9352b3810031f3f9a90",905908335.992906
"04f0fd25e2456759753bd2bc",1000559946.02072
"04f968f1873a655fde8702f6",689662486.285676
"04fe204d03bd1c9876242ccd",1020925698.97072
"05076b448cfbf9dede72904a",903902032.567457
"0508cd7bd2c77ebb6fea1e56",697461750.068479
"0509650d34981639b9c64a22",626038844.662426
"05119815bd72ced29391ba87",1033401285.66681
"051416c05445860d5b4095e6",512031038.404764
"0515734883eea12cdacb7aab",468739678.325789
"051d68945b95562009d4029c",823266382.070422
"052505ca8210e5e651fc0b63",814606280.791695
"052957f95b6e7b41bc625009",964245126.773885
"052c93502aa794e0574db9e9",763830740.679936
"052d00805b2602cac76fed4d",619511489.672607
"05308c4f3d0e0887e4a68a92",599615546.869499
"05397b2087e5cf381809f169",704615148.64327
"053d37bf1d988505b5e91809",815602553.908524
"05402dd344c77623fa053ffa",712397364.275926
"0545fc14aece3f37864ced2d",625514398.822458
"05498e49d0b875ae6aaddd83",670802487.847473
"054cd21c3b12f165bd520313",837210263.892203
"0553a3aa7d961ada6dfcd52d",599748872.67284
"055d5ab6b22d4d0ac325fe73",789605876.411742
"055d7c66464d7e327711b497",875875000.127027
"055e29f236bb61603d4ce9eb",1093320282.73594
"057585ba19d6144408d4e2da",745039971.427275
"058265732a484ac8d5497f5c",629075048.543105
"05858b1e4445f56f22e1f4bb",857225740.502642
"0587e7e1f03af8ea6c46290e",655948040.305522
"05926b977b5df59857194ec1",634557043.796599
"059516a91f938d2e8fbcca0b",801127672.760871
"059aaea3859c4b9662ab4df8",586908643.533877
"059d77736dc72013de7767f1",723546067.749769
"05a98feedbd3f422bf063112",835122362.98351
"05aecff6fd8d866c6c157a9a",778172486.601688
"05b12b1916e51a804419c654",602159922.372789
"05b71daf88eff5ae8cf5789d",715181808.254734
"05bbd028f30492fc0a9f35d0",637480719.368039
"05bcc7d7db8d352216a4af59",865948344.255674
"05c47739fa4c4f00285a2c48",898612245.252672
"05d1c33ea8c89ded7391ea92",744642991.999727
"05d9818d3f9f2a5c358d3911",1084212659.78321
"05db9fc492801eac98f69c7e",662209028.991005
"05e06a93e9f01dd3984a85ab",551703685.591836
"05e8878bcb68d03e3b656eb3",837719001.995585
"05f79195e285c126125d258c",811574871.283799
"060451a9e3e0416ff41d253d",626571215.732043
"061386497cc2dede3ea70b1e",550479238.37352
"0616401503f2ebc05af7ce4f",764771284.951152
"061d3fd39da1b4b1397054c1",781868476.610105
"06220a42e68510eccb4d790d",680063187.785311
"062b36cb4a87cec372f9f91d",739047257.024693
"062d5544f5c96db90fa3a526",1288743201.91616
"062efee92601be294d7346a1",762819629.782497
"063e53d45e5e7945f1f10fc2",752352836.068143
"0648a4bd7ca088f4b3834401",1008590089.45062
"0648aae13097ac649fe714b9",904113468.155723
"064c1cd5e94efdf8c7262fec",789393711.40742
"0668a4a4521c783a2d817413",776807549.692137
"0669fb98aed75d79f8decb7f",1020198237.9209
"066f1b68f7c053a196662fe0",730488185.363123
"0685f2225b939147c8482e6f",459983734.44985
"069499abc4e393fe540777b4",393228812.45392
"069798704327652a899a189d",727748069.008914
"069c529aaef7d7e0774c4a66",875591949.23714
"069ddc5d1f3c855e6498ac50",562850193.130095
"069fb1f8d0f06ac2fee87314",738386878.675737
"06a2efde5244f7d653ddfb8e",728274625.421165
"06a5364639452a9d663a2dbc",528168796.367758
"06acca3d0ef4685dc055ffa5",413753476.232864
"06b90d41ad3ce1d0d389fea9",774079301.289763
"06baade01a74972cc4a419ec",625002346.101806
"06bbc353bf62fda3b3786fd0",666952050.421198
"06bfbccfb3ec0b1f65f4b351",968288764.256402
"06c1673c4a7444e7aa80abb7",504356425.833938
"06ca01d3ff86406e896b6fa6",886888767.327847
"06ccfa37fa6b011ac38422de",741547951.221518
"06d33fff99a62c330ef2d585",639819225.060353
"06e350e3c733e5a0afb613cb",689914258.093816
"06e59cc783be86bd145a56c6",1030015335.76951
"06e91b526821a6ad1372fc44",379677137.516765
"06ee1d8f3ea326a0e3a9791d",754495556.027488
"06f22f7a8e4e78f45ae81638",757089567.808133
"070062cd1c769f3be9255af1",1305933094.49333
"070543b03770991d65cc337f",1056513076.49296
"0706ce398b2bd64913e68d39",897839393.458454
"070912b7e5fb205918c1f4a3",526047253.273724
"071f284d07719a3517c55567",770787541.104063
"07284e4caec09fbbb16adf2f",1068728492.90808
"072a6f084d31a5a4be4060dc",997143900.835987
"072efeafd082025bbc5a25e5",956907114.235154
"073a3ae443f3333f0f526f7e",795735430.86283
"073fccba71b28afd815be434",787844023.864055
"07412230b931192771072334",709848716.198008
"07481a101afc1d5db45245df",677181311.890376
"075a5474294e25da55373a09",364190408.606349
"075b5c16441d9d67cf638386",490386771.091354
"075be16d8d9ed6831d139b2e",871148376.119503
"0761d0b7c6e319a75b06d420",630518311.172597
"07641db461323a5cfcda4f98",476426759.259911
"0768e70fbda0e09b88c1548a",514581194.003636
"076ccba20dac8bfcf184b8a8",888537653.376023
"076ceb408227ab2563a663d0",398300029.550435
"0775d831f68b88ca59eb871d",1013723600.29258
"077659c14c3cebbe192f8247",1033457865.47961
"077db8e0877b924d1b57ab1e",526153061.190354
"078144699729ee0c46f36123",953007489.203475
"078f7c6532204fe046b13d14",730955087.355914
"0798af235e9926b1e7e4642d",675324816.303923
"079bc331430e94ee76f8097e",808903669.415157
"07a6da2c9c4833ee4cbe8625",753083081.719175
"07b7ba964a8e30dc16d66443",1107179408.3458
"07bd45129563bd2fd974deeb",511293848.21102
"07c46b493733d74c4f384b79",680031491.564252
"07c753474a847bf2bccd55b7",757968313.722423
"07c8af84608e6c9206ad6961",688991088.21358
"07cd866c871333283ecb2d23",932273312.948853
"07ce6f95a7719abc9a204b6d",821921730.150208
"07d1137c1f0aaecbbad32f7b",699709190.909919
"07dd30f04c5953f325df9aad",833511424.258389
"07de14db9dcc2d4f9eac0dd2",1418779675.08661
"07e76c765d1137cdd7c2ff53",653177901.421906
"07edd16680605925192efcf1",855830890.182964
"07f10df13b244dc33b464582",857926295.167698
"07f24808e42c9e11a7c20232",769615404.09558
"07f4aa9b9ff5b0b05d31e6c0",1000674208.41213
"07f9017eb4b8c169eb9de536",1043140184.51971
"07fa1ad76017843232107517",1305933094.49333
"0802b7e10706252dab8db909",911385928.248338
"0803ef3270948a30b3fee2f0",594170578.120273
"080969c751cb94822aeeb755",526453186.069149
"080df3efe1fe81f97e74c4c9",538297117.091309
"0816f29a68aa35abd5978e7c",692877746.290353
"081bbc273db70f1d2cc84ed2",977149351.047781
"081e008e772c6a79b809a87b",808558790.778924
"0821109831351eb2501e362b",1222250321.48178
"0821fde7debf7cc445434024",491754115.225823
"082293a465231208059c5d53",686697205.228226
"0823b0dc92805ab05d3f8650",1479187873.85387
"0823be832fff81b3f1291859",482112794.296351
"0825f2ca4baf5b34231ecfd2",1032494179.80435
"0838d0df248d723da4e25ea9",838980758.162527
"083f05fe52ab15e8d481ad41",1037811710.90163
"0842816a5ef4f24435c8df22",898724040.703116
"0842a0730545c623043b1d8e",805710333.620347
"08451af5a81fd6a63c4012cd",733350952.434594
"0845e73ae95dbd4aec3f1f43",685770626.595604
"084de1226de9a6f4a6075c2d",764537790.115504
"084de965e32a2a65bd3aff5f",754976990.291656
"08513fe1cddb2cad74874a59",472326691.941373
"086521dbe18727963538aa7b",723100170.662268
"086540702ba0876c0c05c5d5",1091472046.17134
"0867853879129bfb46dae700",1162953793.06982
"0872074f7bd512dbd4609c85",426128197.252995
"0872198056be7edd5eff220c",870984847.780291
"0878a639ab8e6b6e69a3df41",755220946.564607
"0878fd8b66aeb22f6af2d7af",797466256.156849
"087b564ba475edbea431d4e4",741350827.942982
"087caf4bce7b0a3fe3c47dc6",1021057051.68514
"0880b703bf2064f59f2bf20f",562801354.291218
"0890a0d20f33b9af2bfe488b",686262521.524704
"089dc5de66c6c4132734b9c0",692695524.679654
"08a82bb9fbe4b7abb50cece1",718713826.643879
"08ad96681afa49c74721daad",756141715.750515
"08b09c586530266c14e611f9",633601605.04913
"08ba99aa6a8ee752209de6ae",803759343.841077
"08bb88dabf0070f72a801a4b",780767149.282022
"08c1db1e620e975c4d476b2c",612571050.171293
"08c61259a756e617d976e8b8",658369451.149106
"08d0615cff29645ee70e20e9",880049688.859834
"08d4fa42a34c74c94db5080b",1042160739.45419
"08d90f931e7e0a6f43c9d0e0",935066737.804948
"08d9f04bc4ebdc74e9d80b16",1071657320.77546
"08db0ce5cd15db2404ff3d28",764002310.381583
"08dbbd8d672fd09463c061a5",631111873.209217
"08e1ad8d1f0be0287a395ef6",810729423.701849
"08eaca41f26eb387b67bf30d",1257296366.26597
"08ead1ac0b9b30c2a72db17f",1234741002.11385
"08f1c136d5a456c0215ebea4",788211111.315064
"08f35bfbfe1bd663c40d9e54",745900346.836852
"08f6bf438980d55b35ce7537",1254477446.00803
"08f74ad7f06f2c409903ddf9",845570970.454413
"0901e845b6c56d4761377a09",703733639.298443
"0906b6a88fb1eb0d7bfb6bb5",476072300.827686
"090d371309090bf83b6fe0f1",772696562.399698
"0913364c688d7375d0f7af5d",449725197.500851
"091f6342ad934f4e7f84045d",1107141856.03279
"092045750c36a8945c526a12",487836781.994114
"0920b2df9df4f0e509a7efb5",500687069.563598
"0922cc27581d9058e55a2239",628424310.977607
"09254c66d93cbbf2675b775e",731520160.135081
"092b7b5bafe25bf485de37a4",567189859.85841
"0935e87627068206f6d9c0c4",650462848.319825
"093a92c6846c924f88ba8750",1004961128.04848
"093c849ad2bea8292c4d15f9",737548693.432253
"094da6ca19427f1a943105f6",1149938888.47836
"0952c73b02dd5432aebdf2c1",508849003.874972
"09656004f0a7f544580958fb",1259147001.0275
"096912698fd9a59d94935478",769842579.819325
"097314d920292b46eab5dbc1",798244064.89493
"09759befd8899fc1e359935f",872109613.268886
"097a1a08a389439cc2c760f8",347497437.259908
"098327587a877bd50df27551",747897043.388959
"0996cb112fc3919564e87c37",876365936.601194
"099721566fdd0a32546fedbd",1044499109.85023
"0997324f14c5823413463546",977653038.837522
"0998999f12dfdd50c597c6c1",1058668668.84069
"099ee1a7c91105ef46b5e7e8",649834825.114084
"099f07f9ec4ff6d835337f86",483311487.006239
"09a5fd22f920267b464e2a00",685854195.276941
"09ac622c303bce9ad5514442",475380936.073756
"09ae7df5577582ce7e7b0aa7",590689954.431764
"09b15382686c42fd89b24285",1030292620.27178
"09b18e3f3cabb7d5469a8d51",750213801.023189
"09b61cf8ff3ff09ac892d073",744028667.025053
"09c28a830f8093802384071c",843667410.235417
"09c4d4b5d1c0118d877d5734",950990107.479151
"09caddf25db3ac8e1a98565b",1401501454.90972
"09ce36a03c52d6721bc5276b",655269850.774298
"09d4b5b5c2f97ff88215708d",792647286.938434
"09dcdf0b8b37c1d537b9fcf8",707965967.552829
"09e0c3a1b90d46c361007323",514713206.492693
"09e4397bf9794fe24d87d07c",676634724.801959
"09e47ad8508e7cfee83c6d68",1086031149.70629
"09eb808ca3859318d6328db8",574276298.296182
"09eeb116cb0944a28742d282",1115740530.59226
"09fd7896d5445f422892b196",746284613.136494
"09fe153b0027697e58bd08b5",417301195.917245
"09feba43c0b8f3560fe09be8",1117481400.08288
"0a00771ee714a2f3f96c31a3",675439569.88766
"0a040fd24e23a77f0c58495c",764568126.193305
"0a0e3ee960f60d04ffd6bc0a",907216165.627416
"0a0f206f04bfb10c137388d3",1189571750.32111
"0a199d5741b5a6213b39b793",715272457.217994
"0a1af9bb571b90233856289a",460174834.048885
"0a1b14f320e330b405b27a6b",853985015.124599
"0a1b1a3d68b04cdcb2d757cb",1000615326.56563
"0a1cdd0d5c3c8b973ab1a98c",1117513338.5398
"0a1e6a95a0f9598150c121ce",1230366253.17858
"0a231779f131c36d8e6910f4",692668991.314432
"0a268e25a5f3a0bfd8898a40",358397014.642003
"0a2a67e8b310471b115c60bf",692893209.966036
"0a2f7379cd1bed7d2d2d5a01",954266911.604945
"0a2f8c8ca6094e6626d4e8b1",703757418.789141
"0a369278a1ef6f5e9d79e2e3",846375280.037353
"0a3911a1a9284f2ff81689e6",819181363.03933
"0a41279a5ea9b92bf8cb79c0",887084798.648478
"0a45eb817938241ca988c2e3",953931718.438838
"0a482968c7cdf212401d72b7",823693946.234902
"0a4b0a004c894654663bdcdb",1043879786.4645
"0a53b0b7c365879a6d2cce39",910362525.984899
"0a5908a92d0ba3e36f54b1f3",378797135.13789
"0a59b506798fb96edd7681c7",857059288.671684
"0a606d19ae362a58922b172e",587725491.816747
"0a61250b2c208d42a3077bde",747082518.089456
"0a6966f19bc2c303886ca82c",1000781239.28793
"0a6ade3bea1768aab76680ed",939354448.241845
"0a759932f763df64a463ac18",785154474.439326
"0a7758f69ddd8fb27a839661",586698518.897522
"0a7fb26822c2ca556f62a257",671529522.353603
"0a85c354c48921e0ca202d15",1237235090.77226
"0a8aaa78f68d43e3b1bf6c51",751161024.357901
"0a8d749a2336d8f66a4f19ef",600606069.157715
"0a9e4dd0eec86037a36fe769",731796813.431975
"0aa1332c56bf357f492da2c0",447082379.246378
"0ab4a4b8adda35f634812221",1162477692.46036
"0ab6e52af85ebf23432d7698",679387124.204526
"0ab85344c5fe6ccb0edb6313",1054904922.07887
"0abc98f7ea1e477c6fe3425c",999579625.855655
"0ac639a7c5ec115b3df8111b",980203226.921454
"0ad01fb039a198262ec59b72",984288490.109514
"0ada7044c5b29925abc90879",725944266.408946
"0af13e27cfe9b8f237a9949c",708062674.119875
"0af466463f2cf50d61315da4",759901931.619022
"0afc6cbb60f34f1cf00fdfb0",775208027.938207
"0afec1b2e7060b99dbe41a10",545547571.406519
"0b06da0ceff947975cf8951e",971315404.543294
"0b117f10e699f10f97a7e7c6",935641871.184538
"0b221ebf810f632568c1e2c9",502996271.170217
"0b3021c156324d1e7974ce3b",1515365749.8245
"0b35c4a3f20cc0eb751acbac",462947097.486039
"0b42bbe66e438fa81a2ff77a",675731656.872129
"0b49dedfb53ec812962e31e7",735533463.407633
"0b4b741487c001323f508d5d",957886781.825729
"0b51fb3a65a86d7799f27264",442044438.280755
"0b54c51a787fe58bdf677658",1201196029.59141
"0b65098a19c2fc1caa6577ed",1125008987.40263
"0b67da6d74bb3998c80893f4",702145074.029118
"0b6cd71df4dde546e665f865",763830740.679936
"0b6dcb5c1952dcea931e2c20",684259408.751138
"0b6f2534f862a7ef551a116c",755230191.506706
"0b715ccd3b3e01444b855857",484772206.902485
"0b71d334a6db66cf6f1a8eb1",737661041.256903
"0b7c8732558fc04f4fc51ec1",1091455708.47812
"0b829c23806ff01a0c84e9a9",954447082.644766
"0b937a3ea4864896b744108e",338016326.325653
"0b9730cff49bcaeb4d703c06",645030251.711502
"0ba20e953e8e76add161cd6c",520541052.883003
"0bbd23df46a4ea4e4734b680",921559390.138063
"0bc16b384acd3f8263e386de",1046821850.38289
"0bc8475715e42b752649b4e6",670644244.431645
"0bcdef6d56052acd2afad93d",413190685.78234
"0bcf7987c4b0ba485c44caf9",854995715.532748
"0bd42f8ee9d36dae4cf35886",416059350.475553
"0be57099d9c3ad8a16984861",812448433.346159
"0be7803a34b11d89133beaf4",964910390.539946
"0bf9fe130da23aea7142bb7a",673287641.700816
"0c017cf9740cb67d530267d0",683858998.963436
"0c068dbfdafa3429c71189af",756748603.397505
"0c12f73305bc7d72bdbd9789",602996166.935294
"0c19c54de06d1c139df99ab0",707080669.651968
"0c1c0ba7d75dc4090b7183f5",986094229.290853
"0c25a552c34e114a1780739a",413449207.287042
"0c302f1c924f8efe0b6bb58e",595292842.512601
"0c37c0d27631960f9e0fda1d",879819691.629017
"0c3af9e0e9c80a68acebd041",887736881.407747
"0c3e734afaa6b7c370754082",757311820.939709
"0c4781c598c06d538c5fcdf7",921391265.043368
"0c4afcff5f5a90cb79807682",880015432.158288
"0c5067ff99e15fcf99792cbf",972800931.853776
"0c61a011d7fe0227be2b3575",750941685.440643
"0c621256c4d7ca81045fcde2",882665740.144776
"0c62d4d501a426cc8fde0c36",850251638.778921
"0c7da0c2613129bc322b1da5",1045710509.40763
"0c85506b301862fb58b467cb",618247463.525463
"0c8b133effcdbcd49d52add5",1090705778.12628
"0c91369119a06c40623afbb4",483764347.071153
"0caa7856aca178f826fe90c4",794517184.941436
"0cad79296edb4b18582dd77c",842601854.337015
"0cb4217cde38e09571fa73ba",1114902506.82265
"0cb6801c9b57e874102ca349",698357623.934498
"0cc2f3a49dd703e7554ba638",1010785467.83597
"0cc5caa9b48a835c92da7653",728543606.037173
"0cdcd8cd52bd1967dab88a5f",514522012.647547
"0cddda1c211fcdce819d5f8f",563646271.360501
"0ce068461fb3bf34eee000bc",706234632.021155
"0ce9a7d4b0682dbbca68e070",698038513.474665
"0cec193a20d720af010383b1",838809005.792599
"0cf7a6d43221664a060ef681",723283175.955133
"0cf7dd52e117832b4698b310",674716263.418968
"0cf82b1128ebb8d1087b640d",1213007442.07148
"0d00fdc440d7612434a6b91f",530553691.99527
"0d027b81f8391d73fe0046aa",1017417128.28232
"0d099b1e1a314dfd9aee5293",614128199.830101
"0d0f8ce05ebe99dd3bb7b23b",977240709.187113
"0d130b8bea4321300396fa34",1193920312.61572
"0d173e7afc8f8babbef6ae97",924636292.11998
"0d1ef14606c58310cae371f2",497759915.893281
"0d24fc1c5deb78eb1a0caa51",517394721.491316
"0d2c4bbd8a4dbeb6337b5c14",586797389.487273
"0d30768d188b6bb53d599ea1",953207459.517801
"0d3245463127143a8a52014b",1093749759.28719
"0d3bc6532812ea618d154bdc",693101982.640131
"0d45e78397d4bc0d363be47e",597376235.471941
"0d477acd9c95e9ec63839a53",531174805.898192
"0d50b435188b7830a6949026",497031344.694473
"0d53bfcecf0397ca27e5f78c",812193743.503302
"0d63e52a47fa884e36f10810",691118716.83939
"0d70ceba3aea278cb4a2082a",1118744130.91433
"0d7d434afcc5e93050e0b86d",1086322744.37277
"0d8074979d302868c2534262",1035963316.37433
"0d8b0ca08838d1dac052d51c",1084970006.71836
"0d8cda2859d9903f6202af54",597472833.196026
"0d926a0b5ef567c627a7eb0a",1107151293.30926
"0d95d756b838d3a319277424",430490716.336506
"0d9616f0ac8b0c2e9e0a97a3",557445406.279723
"0d995f0ad226dd21bc96ff6b",569453566.859153
"0d9e73c14529fa3f1ec8a56f",713397570.825058
"0d9f91cbcc9339146bf75bba",772456457.08474
"0da10eb6093728074b34fb75",985960125.710537
"0da2a849e0f83b17b006e50b",850457084.063332
"0daf89cf494e0f40a94d3e5c",989170521.012361
"0db51d4771623f5fc1026d74",516285898.429425
"0dbe463995c605bcdffb133b",549172339.541705
"0dc2a023fb6c5e0b92d86ae2",591349112.016732
"0dcc222d83e1bf05f2c2c090",859852696.27168
"0dd1bb83f0f18af30da139f4",845877182.226318
"0dd30227247f145bae82f96c",1145749567.44356
"0dd49fa8bb7be52b851c6dc9",941932147.297498
"0dd510aaba8036e8fd9d667a",1016899928.6998
"0dd795526c080e8efdf8eb0e",684253356.459815
"0ddd21dcfe89f72e2246ed79",523974218.034651
"0de34892fee879f449facb19",775396545.286025
"0de426088a306321990cf60e",439744953.922031
"0df87025a6351b435958ce95",1124532126.74308
"0df96c81adcd6fbc2f7141c3",650026915.970472
"0dfc7d77d3dca86a221fe62b",1180382463.61526
"0e001ee8f27e1a2fffaa0225",1051558030.23384
"0e04f84529d92f2832ef986f",455600646.492686
"0e05eba6eed4e55e89dc5f14",979552607.358072
"0e0d19168609ac1d75253edc",509782260.18001
"0e1bc8ba1953ec8c28e53b9e",744799707.686443
"0e1c100d8e57de8296363d6f",456935680.697133
"0e1c66f843e06f14d7264864",568189313.341846
"0e1fbbe248919eb71e53ea75",692373591.847314
"0e21abdf04b36e5f6a1fc337",1332072154.28192
"0e22a41ec27869c8f83f9be9",1085602605.9491
"0e2a5d040f6361adb9927388",741292633.99449
"0e2d6e5882fd3b4eeb9ef286",764011478.397073
"0e3067f71dfb9dc2e03bba59",719161679.265802
"0e35349077490a01f25e2ddb",1083205325.97395
"0e3f82238c54e85ca4229977",608753844.240389
"0e49eaa5cde9375b1f026820",591945731.125683
"0e51111c47813a0b0dd51b64",742930689.804407
"0e5db1a36a521a5d2912b238",651352186.849975
"0e64230b70f4a227b444115e",734943593.882908
"0e67ae9abf1e2b2f66a91a28",744992643.840139
"0e694269bbff1e45395190d6",1004203593.92313
"0e6c74a0056ee94b10bfa86a",691047536.480777
"0e6dc789744b678028e74d56",717875703.173289
"0e6dcbf136294f2a99410052",901169913.427173
"0e776964ba3733f3ac18a7a0",846210212.218839
"0e7dbec40eab1b3e5c6bc665",839760354.097955
"0e97f66cf4208c1a57d1fb17",545133606.516293
"0e9a5ea81f6d91038d8711d9",641512683.507049
"0ea1a5d32324d270cde1993a",695351897.557881
"0ea201bfd515584bbf72f902",1034276459.67509
"0eb7c68fb7ea1e58f3e76345",893974133.604839
"0eb8f10c9d5ded1b09f60baf",830785493.129448
"0ebbe9d3831727f90d677ed0",1148307799.10069
"0ed0dc77661be57aab63bc83",670999725.530423
"0eda675541a035b1f620ccc8",1062705669.00279
"0ee7273686a0a92fbf48a383",1235246698.65104
"0ef36d33e6c378c946b8a65e",580178756.744482
"0ef45eb4356e2f0331ad2457",981497673.449722
"0eff08cf4bc42dd442a70231",863762769.044431
"0f059b39ca45bbbcb996fa45",604429251.268881
"0f06896d7502890175cbc4a0",949245707.340144
"0f0df5694eb388d843e1f17c",687579575.845412
"0f10d20cff5664f9564bc88f",1306200493.98761
"0f15a78ce3ff90b6894fe3c7",697241983.287967
"0f1c472b94feffc41f1caa44",596624480.955388
"0f21ea53a480e4363b8d7aa9",901123555.156087
"0f2913c5aa681a2bd45a5484",693651924.929857
"0f2aa0d9fdcfe894caa8fddc",813035537.216908
"0f2fb3cf22613a339c88f7e4",874344077.260692
"0f366a36001c0766521b9dce",512650345.708179
"0f3b424c398a8e8b53162c37",888486061.965103
"0f44b84024412099f27439a7",473245546.182862
"0f4765c8929a87746217e957",930183550.86457
"0f4abd70b68453d3500eebb5",383962580.476146
"0f4b077de4ba5f5db6fb0065",666213684.626572
"0f4de499e5bd2c57fcc75013",550366546.738009
"0f601f5ee798174ea9d52caf",840548120.020107
"0f679cc583a47b30ea132bbb",894273408.214174
"0f728f676325ece6a001b4d5",469491025.045134
"0f761aab549e7f6bc025ab0f",876439103.703221
"0f7e28b6efb9d550ba28a1e0",692522916.909273
"0f8ded86be8d3543a5069b6f",872093722.234917
"0f8fa0a074b743c92f0fc56f",1211702070.01482
"0f937643c067371018c8deee",1001380907.27421
"0f9867abe3ea0b9c5363982c",827224067.999949
"0f98c4e431100aa87e6fa6af",741238629.47951
"0f9c26956bfe983c8c7fc227",1375332667.6641
"0fa87864632b7bbbd161f879",724416962.114267
"0fa99fd0e8cebb71a3bb0871",547653169.483038
"0faec12daf0493a512b2fa0c",1557293369.79028
"0fbc9e52ccf1b7ea8136cbbe",801360678.829879
"0fc7d98f75bc1c0b782a328e",931191479.559892
"0fca6767d8f442da1f8bc6d2",453826466.792651
"0fcab263453a9f196468e552",966758293.469262
"0fd313e5a0f02df07eb6b104",445089084.886088
"0fd954262ee740999c31d407",370837972.426691
"0fd9a2a99c44c9e5565fc17b",974871777.794956
"0fdd03a2dfb18e323d96f468",897791182.130922
"0fe23ccd8e42605f4d9f78a7",440289640.908344
"0fe3dbfdf25d4b013b842b51",795777768.690288
"0ff24418ecb6888dd8ec734f",1060211730.68183
"0ffbcf7d58378c85b4103c7a",739091860.639634
"0ffdec8eb5272d9fe4775251",657091796.437736
"10037227b2a24d9a72ced322",884626767.161433
"10084cfff54a17bcda6f19d3",1174978464.37204
"10092cf2f8afb3658ae475ac",691246271.845813
"100bdfc998bbde3d00548bdb",1192468115.56731
"100e9e2623cb0fc52fb08813",959136392.339635
"1014341bbcd2fd5775631f78",695040819.511659
"1014d3a98e886e1a7358e29f",800798032.554623
"102434eee07ed18268857a9d",1193855347.34635
"102de0a5ee4f19454b922b96",673284112.635288
"1034b1af0331daddad70f3a5",464202392.318484
"1034ee7a5160fecdb5e8c27c",709449305.418557
"103687e73b0528ec29725f1e",568906465.994715
"103f6eaf04b44c4013acf097",1199281848.28169
"104722434c2deed04a901aa0",466573644.273337
"104cd052884247b14d697673",542008689.628976
"104e960974eee31e7e0eac6b",840527719.870842
"10563c278e7ce8eb2066d398",947331211.358336
"105bcd15e02d39f70ec2ecb7",420448287.487721
"105d05ab3d5334b976e448e5",877459055.464128
"1062419f9cf94418ba88b6b8",640345353.372401
"106ad411e13ea21ad68e5f59",1125278087.33456
"107e76f0c913e19217662faf",833297491.410228
"107f29b67164ad6861cb7059",1241119255.96383
"107fffd601a2bb7a3e4a69e8",743468202.881553
"10970057efd092c98037498d",558060400.760535
"1097d9a61690cc58a4b91e62",763689536.161513
"109bb36f29b223a81dbfa340",846003789.243642
"10a650e8cb5425c97f08f68a",817083264.584362
"10afe23f1f58f96422c97934",418062262.736362
"10b7c99bee9a4a21e1f32d50",819000953.4105
"10bf1c2d1124f6d8f8b9497b",1023046091.71728
"10c836c2e566dfe9edcf3d8e",1275484651.39212
"10c94f25ce3f7532bf4f3152",1360255005.30143
"10ce9c7a0a58aad19778e5f2",925031729.538186
"10d01825744060a7b777ee4e",810842137.288045
"10d0506d84d778da572ec635",759659039.11132
"10d47d2c73f0ccbc97979bcd",626798600.988198
"10e5e54ab66b58b3f41ec381",938410789.238617
"10fbecd8de540f1fe4c57b7d",418402612.176527
"1101f533fd18cae5d32c1cbe",949265148.99909
"1102f91444b8e1abb636f1bc",1037270770.18084
"1103c663f6b5ed0309a767b2",488444479.00706
"110539d2ac34e5180e3fd95b",961881606.475336
"11075db1cf9899c8640e1b90",745900346.836852
"110a2f124bad0f9381edce7d",1190249536.26899
"110af3c21ecdf156898c7c0d",1119542296.80802
"110d49e1d79a3534e146b300",864034620.010981
"1117078fa37ed101e9120923",868889730.965574
"111bf82100a6fab0c9ded743",753296428.332071
"111d509185303ed970d710c7",1064002718.10328
"1122a042822658cb504dc147",753296428.332071
"112d996c4c0662bd13af3ea0",1158106018.50867
"112dce80bf512f3f24391d23",795255760.700107
"113887ac25fbff9d30fe8d35",699219168.240611
"11429e0923f804d7dc5d27b6",933770394.080593
"114318a8e5822ece53ad897c",485906333.60291
"11433baf7716402e8c58bd33",909119642.540497
"114436e00c03b44096823522",603238990.193202
"11444a88bb3b230b4feb5b58",715525573.422452
"1163ab2c0bc8c998e121b922",625550026.429557
"11723d1d472bf1a3fdd8b72c",1222954405.74699
"11727589f7c66554e9114407",724775981.869664
"11734add51785f1ddb999c5e",682335336.252275
"117f37774a78d65f9e68f906",582918081.106172
"1181e18553eafcf5edf6fa05",937029036.820875
"119805b72aeb50f05d3a5bd9",747647386.600781
"119833a13f3f7df22d2b270a",758311014.485139
"11a79681fb0a3f6eedf11d1f",709228743.890225
"11a905e4e01e7d15d35cbb82",692922402.821583
"11bccaef3431fc17953eb81c",997348073.450903
"11be39d287e5a8bdbecb5994",781549769.20455
"11c4dba68fb47eb9c49df169",536736310.721065
"11c86230e62bd2c9ba44131f",1048833360.79771
"11cd643195dbe5dd4567b62a",1010620542.70954
"11dc32d92ac579720303c019",809465887.782965
"11df35a3fbcef34e47747e38",537078571.335788
"11e36a3effeb0119b8bded5b",841924580.742
"11e4350271e9cbb37bcb75af",443251235.573405
"11e6e5ee92c97e31d34db891",999106626.105063
"11f8f836e5626605ee4b41c6",999585803.559275
"11ffdf367d817b582d590db7",615384521.920267
"12062de068acd322b610fcf1",975063620.986835
"121cc20fd81d6322f56d5c53",811297808.464732
"123106a60208725514f3a343",789605876.411742
"1240a616080d6ba5459335a5",1027509284.40157
"1240f50cf2d8ef1d8713e671",567507755.898035
"1242d7e61857ba8ad285b6f4",854437411.235078
"124959d1429de095473bf5a0",638024734.469284
"12501015fb631d7c10ff08fb",1033757930.89725
"126f4d890004b8035a7de091",968694429.991605
"12785f791e04b3a49547fbc6",1009123198.10871
"1278c9fd86258bcb435e7127",733300806.55614
"127e08fa99afcaa339eff684",759813662.385208
"127e197a2f70e7ddb5dc92aa",616420290.204562
"1282e129e1a355b161621dd8",831679705.617857
"1284d7ed08122731aa7c0461",462772711.022967
"128cb9247755abf5f2801431",491418452.538347
"12a63d4fcb56c1d690e1bbb1",793428736.418256
"12bb70a95996dc6e286086ed",803923919.53259
"12bf6b9badebc2902cc11c62",567507755.898035
"12c7037cfa63de49e984a789",719231419.004023
"12d1678bc86ccdcc8ad756be",1101392357.32144
"12d40725335f83e2fb9b937a",784041727.310126
"12d73fb8f4ca87b19ca46231",729792765.284605
"12db154d9d29cafa574ad387",533909333.802691
"12e32a758e15fbeefa255207",736263016.226541
"12ed2c22a923c840ef616a3c",1003949843.90083
"12f9d50fad58e4e40a187d98",909130159.413204
"12f9e1f78c630defe302f781",780636937.395697
"1308dad458274c698b2fec72",724516034.824437
"130a119701171ed3c439c527",675091445.067789
"1310e9cafc0b9fc21c212f73",649731050.827527
"1338e58f7dcebf5a1ea59388",746617471.28863
"1340b0805cb34eb9a982190f",674639975.467443
"1342c307971094041c9c240b",898344961.171258
"13477d8ef90576ca84258984",438939157.729117
"1355fdce5b97bb36da15734e",1204853143.57926
"135ca1dc80ae4d9993ec46f5",638817505.568429
"135f6f92c4ec95847e8840eb",531821757.053004
"1376058cb128a1c7729cd2e9",1024853511.15913
"1376106ebc19c929df27bb62",636187395.854183
"137baf1609138c6ca2715c7c",493071139.032217
"1381c0399ebbf19db3a11820",631975228.48472
"1382140d8fb634851d4d210e",1326622073.53656
"138a1990291ba31024455eb3",1146348165.72553
"139331d23d9e3c40cf083a7d",736679473.651369
"13a44ce5066ce00846b59ae3",1054054981.34038
"13ab6a062601d40843de37b8",953819747.889087
"13ac95652fb3cf6c43dafc66",574134714.787575
"13adc7946bd4e6e3e4416e52",428831251.5761
"13b181b46359620191e6e4c1",474765424.985658
"13b3a55d79b79ea89a73d21a",752373616.407694
"13c39860029403ea94b5439a",936410021.085171
"13c51ea93d19df6c273a1502",725099346.976234
"13c7f3592bd432c7cd0a42ab",730155316.629437
"13c86cdff4dd32a9f8b9adcf",1047194341.158
"13c9960a03a1c446aa5515cd",574910628.863574
"13cf784fb3553f75acf25a4b",479463470.976435
"13d08f7e14471fcf517c204a",457674072.683646
"13d43933e04c3c7a9e5071cd",820859606.813136
"13dbc077e552640736267a49",360033623.346773
"13e2ec0a12c8a48a753b85ef",643304893.887016
"13e6c5cde1004803fed93cfc",759975536.318274
"13f42390057bd294cd787822",768397085.152159
"13f681a090b36edf38a4abd0",665505080.909787
"13faa4142e9d60412abb4184",443725697.117128
"13fc2dd1cd32d9cfa457a5b1",797438989.998661
"140a0002732574ecc516e9a8",970562512.740709
"140c4de69883df9f3fb3a538",575830150.928319
"1414ec3cdd3f6ab772fc7584",719341409.918994
"141ac7bbe9637f9e5142135c",1223472436.93528
"141dfd80a005f7b32bf70375",881395631.564957
"1420543e2eb5f38e4d38ba81",1497117162.90909
"1421bdbd9cf7572b799b732c",901396630.811703
"1427aec89ee9564b95e93cd4",504179357.85556
"142cf530f13cbccc3cc9d0a6",676887184.098576
"1432cf7de2beb14fc7603ae7",955101902.883927
"14331a3db021936067b15890",631523632.140405
"1437d1f1601d26a3dca7594f",759558937.3681
"143ca16847cc47d4a4c01ac0",703714917.074776
"143f07eb2a8f0a9e26fc4c56",1052766916.73325
"144162ecfcba71bf09048dae",897480301.421709
"1441a28c376a20c90d72cfac",662452298.326391
"145a241c80430b1e4ddebcfe",920738877.086948
"145f33a8350a080231306bd1",736483960.603623
"14611fccccfa2a6499b2acef",639673977.125733
"146a5a4f3d111dc7b955ce42",1195529997.50175
"1470749d0d2551a93827e441",692849634.556163
"1475cdbbac4aa486266e439f",677783194.792525
"147de03212e554abbf3fc3b7",931998255.307147
"147e7f5381d3c951fc446376",602502981.149503
"147f80fbae69dd577ff19950",776273091.929726
"148aedc984c7f6831c7f9601",423361828.709273
"148b157ece514d99be0a7f93",358956893.51387
"1494f223c9d3ffba26e42738",1232370257.02495
"1496d159d31717ce254f67a7",445457905.443913
"1498ce1c1bbe2e89b84a4a45",1005970579.92455
"149e49c22fa0eb163a36c932",784738401.140463
"14a14706d405569501327924",404626282.746245
"14a55e5887af840860b41ddf",408020088.661524
"14a5bf235097782f468fbf23",797157562.477361
"14a8134a56af1b328321cad4",815571220.287941
"14acd96163e6b3e17177f35b",730696228.112726
"14b81320fc31c7a513242171",453016409.157677
"14bc234ffb3ff7f974afc8e7",468429114.670315
"14caab87a129f51b2b70508e",677478745.548308
"14cd5f188cf6d2433240b5cd",686339945.50178
"14cee0bdd9dd5537b96d0786",907055613.476972
"14e179618d1a44c5c55e23e6",664162731.543669
"14ea4a7c57d830eba13638b1",853453767.563322
"14ead7469d05e5eacce6a575",567338195.976025
"14f1bf9aa68aee1ac094097c",833945002.486615
"14f9ab54432e5f54a50be4a5",426777756.058513
"14feeb619f409386e6eaeda5",449594988.126622
"15005fe7eb24aa25b9e3cee7",813433861.301626
"1508ebe40f90f90a68f6dd69",663077730.242311
"151a16e94d538a7a6d658ee0",636032246.897446
"1533da89d388196f19e2c5a3",909094805.040881
"153436858070f7e724f0cbc1",832093162.601824
"153c89081fd85dcc66a02421",959480652.007851
"15515ecdd35e9f175842a738",851637058.462155
"15537000b6806ee84d4615bf",1104076113.0626
"1554f8aa4c8fbe17e9e82d0e",875301934.272108
"1555743ec7e2f38904852860",757209655.999683
"155a8e4186d1626fdda4d0ee",1046408126.06179
"155da5ad9ad19d57a7632cd0",804315256.024618
"1562a23a312478d7a05a33dd",928464472.491492
"156a20e2bf9e48b9a360f9c4",645587338.051944
"156dc81d6e14a71716aebcab",699497464.599624
"156ecfd8ca6004281b191db7",1148988836.25242
"156f706d1d30de19f7e369ea",535718583.783762
"157195fb2358bf2d5051c439",821113209.797968
"1574958978c9b5d23d9521b5",666202541.55823
"15a3e60c7a5d55243057d7df",495583761.849537
"15b57b0ad8794d64a2784ce6",709816887.847797
"15c4aef8401208054697b81e",1129936079.4561
"15d10635d71919d0c9663fde",751749590.660972
"15d3ae51558bfeef80b9e97b",679670378.89435
"15d910dd93e0aec22ccc2083",1240611155.26567
"15d9a0353ad54798ef95e0d3",1093947598.63496
"15ec532ec6fb73074b9b12c9",556962347.879267
"15ee6357e02b76367682d6bd",1120459516.85133
"15f02dd18da12f4d7b0ac2ab",491693533.871561
"15fb97d6a43731d61e95d004",1030930817.21833
"15fbd295328ad698d3c76aec",982177189.635792
"16194707d4e85fe332411bd4",853453767.563322
"16261339c3a99635717fcda8",1141530213.06964
"16263617308958055850aef9",1093078174.18555
"163228979751798ded8c3fcb",544959475.612685
"163405cd6248bc3e832dc93a",714135773.852497
"163bec92a997aa8263f5a909",946715347.268464
"164cf5fb9a759f2e4be67b6e",900222572.259181
"164fb89266e40a2530400599",512088320.278583
"1655a92b20740a11a5889519",668540166.59905
"165fab7a9f8dd404cf4e9d9a",549952396.397238
"16601a92574531c1fd57a359",817816700.045994
"166ae8e3d0704209d6715240",793829433.008818
"166c21ff83e97c6e74169d92",967171646.680649
"166e1e60acca831bfad07736",738951707.61481
"16716773b2a43df0332622bb",509178286.537037
"1672a21e6b2d8d0525df1759",563568200.906673
"1679719f26e7c650f24eee6d",655312823.357472
"1689c3e3982382e27a4ae074",781288677.677163
"168f81689afa1f055d8bf7c8",839631589.026252
"169013bdcc2ef214e0163ccb",550548128.597102
"1690af2e30b05da545f1576f",1233540479.71936
"1695225258263bd2f463b21e",703416051.639948
"169c742419c0d4335d09fb45",848203003.658484
"169cdb07bd175b4325fd28fb",441862923.218142
"16a05fee8dfbe78d26664c3a",881738712.645462
"16a40e3dbfbb9c703e04028e",833893873.502262
"16b3311b337c0cb9312ddba1",674639975.467443
"16b79a8af9d6376c73c2478e",1025922775.01991
"16cc5c280124618cd5d00027",670862206.83721
"16cf0d7977ed97d6ae8d2cc5",1099515848.54627
"16d6b756f5ebcacf221918b8",827651380.510226
"16da41b1128c039ff8f83919",625524758.911196
"16db516a238934a730ced1e8",566287994.474038
"16deb26bf740fa61e258f545",1059920505.27595
"16e62269e6aa2ea052d05f71",684973839.06354
"16ede6f8833a93677d05a131",583269032.111715
"16ef7eaf29eab571e229e537",1342397335.68113
"16f60cac352cc0d668d226d0",454155561.97692
"16fb51fd3d35db53eebbe5b8",1045119004.80958
"16fe92ffdb7e1aeefcde80f4",824188577.072273
"17005d6ec889a947397ab980",423878872.297866
"1704b2d5f4a33401fb153608",501059512.539318
"17056748001fd65cb961b384",1115433635.06932
"17060f24d81fe2661c7628c9",815302861.249952
"17069e9f4ba45c93738b109a",580250200.749071
"1709b1446b20b21482dd2d36",935833450.802389
"170a69c11cf4f855ed015bed",1127116854.16734
"1710873f951e7f695fca3568",903871245.86771
"171149ef76fe0a2074c5bf69",825515301.467733
"171b560236ce760573a990fb",1141655621.76915
"17230f18b30b94606fea047d",399780642.817278
"1747dd033c2c2769974a06af",590707918.034899
"17484950b143d0395907ae6d",660731208.542564
"174bcb77be3b7e408e61d7e1",818260540.155513
"174fa597347f2b1d3e9016e3",666764848.198745
"175590951b6f8c6b8b4af9ff",485843335.539704
"1769a8ec5ec94aedc397b4ae",466405556.609423
"176c9a90fcbceb91569fa3e2",913383669.629544
"176e00102fb65cba56279287",609472573.848583
"17707d66753c1eb0aca28926",590498430.711988
"1770bd5b0a07a6aa785e0caa",781210830.599587
"17821a9cb766b0f3ecf24e83",764449653.328381
"17914fbe0c3634dae8ce9d71",740760304.067181
"179bf83034539c8a391e0310",761394822.085798
"179d467dacdf674a66c7310c",921450559.950167
"17a2323b855e93533a9f09f2",802108344.031975
"17afbce5c0b56732abbea936",1151794989.57565
"17b360d57782208f5afdfe4b",893493416.514326
"17b5e8357e17b516d947ebe3",714212978.559182
"17c0a8fd3a2c8b5b18d61e4b",767974060.900483
"17c8b228fa2591e3a234d55c",681061326.315745
"17d0418e4a439e9de8006f5f",861756870.852896
"17d0e3208fdf10c77e95bdf4",562485925.545663
"17d0f69ae2c4f1aaa1aca9c7",558864154.367169
"17d311554f40ae8b40234c31",823279058.529888
"17d34f9cb105ca5010191142",1055485493.3193
"17d51fdfe8fd16185bf5feb4",687695075.023587
"17d7986a62e0b066e4e5530e",823931753.176556
"17d7e6d321bb7394546e6b7b",639096206.253236
"17e5796a30da5eaf310d02b4",699404326.333645
"17fbebdfe6bc0618ecdd247c",1106338874.99862
"17fed4a312a9b773f64861d3",445934202.772767
"180172e4eee8ba756207b3a8",670893327.158706
"1807debb0a0b590b9ba4ebcc",943974876.404581
"181caecd269e115cb5cfd75e",630752739.438618
"182077fd9c5142d503309490",585145000.886521
"183a8459fa248605b8b5bc1c",745744521.681842
"183d99d88d1e7d995180918c",499178931.899429
"183f2cf1a1c7eb9700b6e72a",1326893709.2529
"18420ed4661539a2d72ff400",834409499.369938
"18531c57f6dca78763d360bf",511789073.72509
"18539b6cb6884f753e0ac18f",991876498.696185
"185b333862e7420f25622efa",835050366.219922
"185dd9366a6dd1e820880917",831192554.78293
"1862e0c4d8e89fd2302ab376",2011353674.39611
"186d4731b3af01bbe4d08b23",890452460.677367
"187a143dbd6d4bd81d6d9c32",679122518.37089
"1894346a27970572aa703cd2",819897242.47964
"18a74c9a49ad381aee5e02de",693652630.141807
"18ac3368b1f6d8f7171b07b3",1029784621.61621
"18bd0dd7580f2a7cb19a90b9",610554932.334147
"18c38418824075acaad8f960",594462107.804446
"18c8dc4549d38c918af2972e",1125534735.4329
"18cb1adb2078fef29a613a96",591518155.775051
"18d5cc463455fdb4d443a6f2",645484356.34861
"18e89f083fdbce3da0a82a4a",1084445518.93022
"18f6240cad6e92f9151099c5",883065873.435999
"18fd9bee381e7a8c29a44c4b",753485855.04293
"1900e7808046a5fe89d8e440",790702185.155205
"1902f509aa05287ba42f546c",732964799.858099
"1905b860a8d463c3048b4e46",633819862.25972
"19105db21495d546e6792a25",907647641.494864
"191094739043620c72aad2a0",990515823.774841
"191cb509fd44e580ee32486f",769402414.868358
"191f96722301456877893b22",635107871.17539
"192b505186d0bcadb46b7032",761592283.597097
"192e05cd731950f91fef1d83",1113625780.59778
"193d70ead1ff1043845e7671",792203797.093011
"193ff8d291a9f163a4f3301b",902471808.145935
"19466034c2ce19c24a179fe6",734751273.810284
"19487167081a9b0dd09d7975",969505318.923102
"1951c1c8855fed5db8031e5c",781711095.646355
"196969a98960a68088266261",761174960.759273
"1969ba34b72e61337246cb5b",440671384.005541
"196ac46f656726bcb8087ba9",721816903.966812
"1978d8fc2031af21e98a4e9e",853279052.343937
"1985a2a5c3b2b0c7eca22afe",778967472.970488
"1988513503246248b80c7f17",1211702070.01482
"198cd3f4e9be65b83f01ceea",796193216.527607
"1990717d8c7aa8e732bb1165",718263063.760752
"19921a97a52bed6c6b8f4135",737594281.715764
"19957244dabc3f727733527d",671774463.906976
"19993833220392781bc15279",1179401239.31042
"19994da77ce4f2db3efe6660",837220392.08572
"199a6f7df516a685f086dfa2",586162497.424002
"199fe72cad28e4554e359ff1",867314900.380732
"19ace6cdfbd8bed6e99c86d9",515177293.538025
"19ad2fa7e170c67870ee58f7",964528652.123303
"19baa03dc4143a83920a7d2a",983839961.242747
"19c07fc2b01a0edec4784e64",837910594.037285
"19c77db46d23e0c07a06a8b2",639211542.62696
"19cb65620d2330624252d01c",520897658.631337
"19e03fc1a7ca4b0761eb9ef3",838682118.883597
"19e11b2d60326895b5e6ba01",753741431.877306
"19e19ad0cd6b5e84d8aa970e",510017711.199626
"19ecf1fc86396ada203c2a19",672941510.51426
"19f538269846412f3e150a4a",928587917.537934
"1a0134583a5854d5aa9cdb9f",1046694436.26599
"1a06bfdfaa9d9ac754ad07bb",506184282.545783
"1a1016e7a96da2237b391be5",628301230.916087
"1a111211207627bb4c840442",788843322.624145
"1a26960e24de046588ca7837",602060273.651408
"1a2aa38b8e18fd7ed5be77ff",621210628.145784
"1a2c0e46bc18bf3224450064",477031370.323664
"1a309175498997e1b8f0aae7",1003792483.91523
"1a34acf8e509659534a56b63",795618696.377649
"1a36f98c62f5126c8064314c",934301460.124348
"1a46c13974f3634ca6dcb51e",836271979.810419
"1a486877c62f2aced41a2ca0",908260999.645826
"1a593800d5785ecc36c25ead",987412343.215469
"1a5f6f7e8b7af9d48644f1e0",604743472.265913
"1a61721fb7306d55dd77b6ba",864954364.372888
"1a6714ac2350ad371d8280ae",862712412.605972
"1a6af7fd6a5b0602052c4c27",638040378.347289
"1a6b9a6d92ec5e905ac97cce",733504754.001225
"1a6ecf722b2eed8cdc19ba20",902766389.068058
"1a71d0d3503f9eff28acef6f",801297281.258363
"1a75e436fc23e7f48e639b9c",597840871.502438
"1a77ac51e03c77ad280be447",705016291.715583
"1a7e331d9ff88ae5efafa8ea",982217036.962912
"1a805101f78cbb783e6f919d",622457462.55325
"1a93cae134c79a43b13ce656",1125469742.45026
"1a95522f43288e32addff2ba",410285093.703156
"1aac53220223d0d823e70d0f",815331210.494318
"1ac2b23683ba89e9175d1b99",834270741.628538
"1ac6c220eb690db798a3d4d5",852175122.732748
"1ac702e7c265717b34419fe7",794206094.102026
"1acb5576ccae1f0534f614df",765050604.708873
"1acc5749203f964fa8b2092a",592045863.496562
"1ad916edbe6fd38f40289a04",445348402.850323
"1ad9e105d9da875001111075",922943066.632092
"1ae17f134221d5d9ee69ebd9",480204242.65516
"1ae2058fbe26f384be45df4d",664546363.141453
"1ae6fd60628e7d186a5e0174",686697205.228226
"1aee9081ac4a04490eb3f0e9",1060098513.01563
"1af16b7f14dc04f05edf71ea",630883275.488461
"1af243eb63d893b1251f44dd",619240857.630135
"1b002164d34a71bd06e0445b",760530547.133508
"1b09874d5a3e4c9e0d544198",951578767.529224
"1b09c89b546d0058cb09c1a9",994283382.41084
"1b1c220eb91c9448b520b76a",668642204.450955
"1b288024824312c8b1681bd9",479747404.989885
"1b2fa2ee5927660313569617",627456880.129867
"1b300634b71b898299c54671",567581683.866897
"1b425a31cbb73b713f291e19",797051682.940988
"1b4b3662ca18e731acc18928",1430191936.26618
"1b4db5fcd1f92d3aadd5c28f",624139581.1681
"1b4e4016cb766bfadea42f73",499502734.071726
"1b59d33f9000d2e1aad46239",413021144.779046
"1b5d3ddc71634099fa1f04a8",705918518.077851
"1b5db6af0a1c0f7787064020",1113587070.86531
"1b5de74aea685b506a952f4e",411120124.471528
"1b67fbd144a4a3ef40bd9824",917340452.692597
"1b69d2c7fa8f802c4af1369b",911385928.248338
"1b70fbd3e46da8c47c3eed61",437434565.131937
"1b7151cf29b565b2f1caa559",708130233.538388
"1b750e6e2e92e8222482cb46",881609589.909487
"1b7c062b606d0560e850a2e6",584180327.622175
"1b85d69a0f8ce1d6ac4d4475",765340787.858356
"1b87ffa033dcbf4e2805dbb8",627914640.049376
"1b88c06bb3c1bc2bb39d1b86",659867800.805884
"1b989360ec91f5da55806bc4",1196152742.00943
"1ba2c2eedb352ef9bb59c638",596887216.950222
"1ba481abe0d3890c42884d97",676182178.979405
"1baabd705f72393167dba5c8",574910628.863574
"1bb885a07f57936b919629b9",501759898.057502
"1bbbe4e1eb264f5c69467e50",642994755.25109
"1bc2ae31ed1970ba52b1ff60",1725802426.54095
"1bc2c099466f9a989266be0d",439426000.55719
"1bc8874a13914055c2759a35",558617544.936292
"1bd64811bd59706844230198",960996090.836646
"1bd6861d451d128c8bdb72e4",819679694.328429
"1bd78ecec17b584e827dd0f9",645644827.850297
"1bd7b990be19afa5acc78bc0",458729835.570744
"1bdc0d441e63089737ac4c27",468569379.427937
"1be01d052c6a65c5ed286bf4",1209465792.63255
"1be9d865ac8d01f0378bc148",728489490.76551
"1bee6a5aed5417181a3db77f",661875421.544662
"1bf1913f806bd4b461233551",425810718.869926
"1bf77cd1c4037f4d2ed28036",665574441.339123
"1c0236d4bc291372483a9151",586337683.887378
"1c177af5bb41e26ac0135b4a",832006896.581123
"1c1ff56435675288e78c4735",742905073.706119
"1c224347a1445ae01184e0a2",1306200493.98761
"1c2739878e452a340a4e8972",1241043734.54463
"1c2e69465c75fb3af2d57351",1070529412.83096
"1c2ec62e8ebba12c6146a04c",1104884770.9622
"1c3236613cf95c84c5791bdb",506514387.692008
"1c35d9468cdc55670d48db84",1125008987.40263
"1c4fab7d9cf798617fa90a19",987617781.805006
"1c50477e5b3a67f3d8fec62c",469821091.476485
"1c510a71734e955f75187106",1019916028.16014
"1c51566c7dedd4a46503131d",1043533983.71795
"1c5c4f4c731545aa3388c554",660973653.577123
"1c6038b67a40f0749a72e6cd",729091861.688816
"1c65d5172e53b4c7f1c4d6a9",699030804.533069
"1c67456195075a051513b28c",529819630.025454
"1c7452cfc46652a60b7a4f05",718860622.570879
"1c7586fd8a1a38bbda9c92cb",639412101.570416
"1c835128915211131bc561ab",636129662.023513
"1c88ddc21f3e8e4ca633621d",542076838.25739
"1c9325df5599379a73e18053",782216664.585729
"1c9e38cd216595b33e283134",1121960626.65895
"1c9f65b631d2f2856bc97079",901659993.851906
"1caac10c1121a795a172889b",807945108.540116
"1cb79aba890b35f9d2a400f6",1525270065.94013
"1cbeccacfa11843a256b2e2e",872558020.986171
"1cbf39c44f6b0fdbf9554845",695906261.943369
"1cccddc33bd892b44d7e4b7a",833356913.28945
"1cd6531d8539468cd5f4b315",847486851.053835
"1ce08c19161bd0545eef8a16",780528265.207783
"1cf29f882ee8b458b8f27091",956162553.656728
"1cfc7d60ce613536d23b093d",852243729.083816
"1cfe7df5431f3dc6a9289551",983145380.02946
"1cfe9cba4c2015e7b58f05a0",714155876.6
"1d029020622a600aad4c2991",738924912.852314
"1d03efada56f8a70bdae6aea",667875476.064526
"1d04d5450762d664fcfab674",1005149693.77637
"1d0853f825cc0aec6f5544cb",920576105.078368
"1d0919344e52b315441aeafb",809815325.848101
"1d0a6bf40e609fc74a319310",662822021.655871
"1d0c3ba50087cf01637de6c0",565179870.256151
"1d0c635770f2e51aed4c8664",1497117162.90909
"1d17f0ff708e6f0b93a990ec",665093682.693337
"1d19edc1e0d907e5ab0899e5",744218014.619651
"1d1e29d9601aa0eddb4d6c2c",877030723.245924
"1d2467e5f991b935d676e906",480272499.442785
"1d2b83d973547da8c168f743",670360860.791003
"1d35c364daa0f021ef263c60",550036820.094417
"1d43fd3f7fb4e24a0b7c9ec3",1062893583.47838
"1d45332e2f04df18cdac590c",583651403.644626
"1d4891dc27e0050efcc6c403",746354324.881145
"1d493f3954b15e84c41afc82",534134555.06663
"1d4bafec52ec7575161bcbe0",748046264.615546
"1d4bbb5b756033b4be28643a",846517466.051896
"1d4c50978603ef41377af057",477958883.777276
"1d55f4694f3e000ee3ce47b3",815953775.984895
"1d58ad85a82f7731e0f198dc",1246491547.0117
"1d7912750a5e345f7edcdcbf",457914529.403373
"1d7a2572b466070f08c6e564",847787012.163237
"1d8d51cfdf78f1361710708c",748434001.51631
"1d917f9f5a3cd44cc4dc8d2e",532702091.199861
"1d91edf33a141fa2181abc4b",1009750652.92768
"1d968cecf268a7f14def1af7",848624953.791653
"1d9addd835c9fe8665e01500",569690156.790525
"1db1d1b76e09197dd915a8f1",1470155927.85578
"1db68ed64501f35c51d74c5c",975590136.686178
"1dbb46a250f504e9c8673bed",742969939.862982
"1dbec7879e793ba9685741b4",722433411.387803
"1dc0fe5bcea9d08874871326",526419286.715623
"1dc1a51628b8eb1bba214498",537308304.914116
"1dc3b6ea53413ece15bea33b",862013828.004986
"1dc9e5c684c831b204d21585",1074246560.88239
"1dcf71e8fbfef2c6534576df",709526296.549241
"1dcff645d389e7b687a498f2",788263111.854802
"1dd3d7e197075859c1ff5b23",933115558.766103
"1dd6b0ade195edae38a4a20a",724333236.44453
"1dd6f560c804c4548561cae6",1300066658.31578
"1ddeeae13139b7c9ada353a3",598311154.452207
"1e057cf20757627d1b006141",615750492.10065
"1e158f436f2a4caedd1563a2",661409774.908959
"1e18024ab7d931bc7ab5873f",800259166.006966
"1e21ee2ab4ef88194cc85166",737631636.076619
"1e2270f9f49aaf3be01dab49",983242142.859306
"1e32a8825a7ea79c28e27a8d",693485303.365677
"1e3798d739f85ee0e5a314ca",518400777.304731
"1e37ea0918a00bcfaded3453",599778898.529405
"1e37fb708b70b6b5e8fb5cd2",655433652.993678
"1e48878318d35476c3e87520",1096059315.87222
"1e4fd826fc8693b17f6efc3b",1013923226.47992
"1e5919cbe4373aa261d672d7",499400478.117073
"1e6176a558f301d81bb050f8",783853668.09589
"1e63fac2629793fdcb793f1e",786823382.05282
"1e64759f297a66524eb07b7e",1005362846.4492
"1e7173670334937dc61243a1",1055446434.87785
"1e73d6064abab2cccdb6610c",457043876.613325
"1e7a931100be734988955242",1073633282.08449
"1e7e26077db3bca2821a9b45",928274401.41776
"1e83b53963792d7445e19d27",734876739.651149
"1e866483995b30ec7f79d9e8",798107017.335783
"1e884932e57cfcab75ebbacd",1003062866.59051
"1e90d068f3c86c6f691649ff",868119148.10666
"1e91de6194769980800b4de8",687964616.074012
"1e9850a50070dd51861a5e63",717127717.91018
"1e9c53e09220d689a0210ab9",357502550.230811
"1e9cb258a0b7e08244d7fcb1",760035200.818198
"1ea5db844a6d3a926480351b",839542681.470358
"1ea66dd4a72d93f5967be730",1043865117.54585
"1eacbf36422a54f1327fa291",486316307.908979
"1ee04111d277e8758f740139",746687917.773203
"1ee436f045a0662037f9d2cf",564071814.519705
"1ee45a731b6f0242b6d2936d",674539456.954022
"1eee0ff52c53f04307cc3216",842869658.049473
"1ef15e2b882a0da85858269e",494405425.227716
"1f00fb18ad48b32c666fd319",783014871.427863
"1f0d83013ea5e4c3f4beb583",622487416.078997
"1f11cd977996d909ffacadef",1344198873.7493
"1f18df9ee1b19359816ed13c",584785709.685258
"1f1f3e47f3593e4b2824e628",553301842.830703
"1f2c22839c470363ff41551f",936025069.647588
"1f33395df1e4f6a185c507cb",639127741.138999
"1f34129d15f992a3b62d4b21",459914717.86211
"1f3544c9f47bc00fcdf59d74",418753756.262025
"1f39ea319382fb0e41ead713",1188971951.03587
"1f3b3bd08063993c23586c93",457337633.24296
"1f3d3fbcb686ada1a96e01e4",504179357.85556
"1f40dff9a973064aa4737eea",1076099606.07644
"1f4109e1a4b47a9b11c2c019",873144384.649812
"1f4a78e094987ce29f054fb8",742021220.036075
"1f4b6eaf52fb940e666c1c93",900034222.178466
"1f4cd62152d4940990ac6a9d",555436420.872041
"1f53612f7029a21e2e9f74e1",715412302.341833
"1f592cc4ed728909040f953d",995995178.805866
"1f6050fd5261a2d21d5a178e",390813430.619656
"1f674965c913f9fe282d07cd",437908145.161894
"1f79204a8f62c29b0a1b29d5",557816368.797489
"1f7daef9ba898c4d8ac1c81b",610497711.884174
"1f8068ab65469ba56a1f0c4a",715070088.036301
"1f81176d8a0c61a7177c6c2b",1264576454.56465
"1f8742e662666147955c9872",829065532.969168
"1f8ad363a0539a6f2455c3fc",570342486.496349
"1f8ecf6c089ce6168b3be52f",881575583.894302
"1f8f74ce8831d5532f330925",1029363039.01432
"1f95c205d5094c674f6e45a5",983299518.06539
"1f9c0f9c3c6460a323171d72",1163810768.94326
"1fae43a9450fae02919962b9",600648887.794905
"1fb4c88bbf995f77f2f29b7e",817436213.098018
"1fbc660f780245bd72015f07",860001159.414742
"1fc0faf46f3b533f2cae2c06",1179221558.82099
"1fc94e9dec93d52e0062e07e",970338771.320526
"1fce0e993a57a3e3873b8d7c",1344198873.7493
"1fd7e9b1e717578f751c21c7",782945889.262895
"1fe392004a09aeeaa6e8bce7",617139603.726938
"1fe514ada76363511cc79105",922788645.023273
"1fe929afafa91bee53df4e86",463708542.367883
"1ffafa78622c45ea4127ce82",1028117191.0713
"1ffdc10c53bb83d3be84c327",624892716.657674
"200020552855ed39d1af999a",569156248.0984
"200897b1f8bcd7c116a85306",463272409.591171
"200ea08f57fa23013d0e661a",1181107688.30232
"201053b106a0b89a0a47e2cc",658847929.684129
"2018131ad3f6e5aa8f4be704",1024796598.69247
"2019bd32dbd09fa285a388f7",663796666.905497
"20289e986c1959f0c83a6a4b",773021428.14503
"20488db7a62f765ac8da0a2c",696252264.647221
"204ddf6ba4822d55ba80f713",365252605.535217
"2054c223fcd48a48f67d02fd",751826034.487742
"2054c61f0162a18c6fa2291e",438670777.226967
"205e9d987013859f391b27b5",1316143807.54753
"205ffcec56fd884ab24c5600",738142906.270421
"20718780218eac9668776956",745773075.434747
"2072a783a44474cd0dd10d7d",769928060.313568
"207e39d9cc4402edd48864d5",716312517.31619
"207f669778ed0db0e619ed40",466408465.365958
"2086639384041f3a9b519140",891009896.762268
"209bf65e11bd7053d9658824",756047956.286804
"20a2a0dfc963fb8a355e704b",555513322.737858
"20a783884d6bcf1aa5697772",813129257.996946
"20bce83e2b75fc535a148dc8",837128645.833214
"20c3cb2d4fa486b23eb81bc2",879224745.829086
"20c3cc21b44eb37d0b359c1a",956884289.258031
"20d8980a4fa8e094b7a5f00c",458060033.943456
"20db610da64f80afc1621b12",446165174.444965
"20fe2d7fb3910ef786cff965",666788172.456604
"2100201e0851e80488371b67",556177451.040544
"2105c17a4e2f97183e24aa4b",762873176.926185
"210d58091ea74bb902915250",845837816.932079
"210ff5d4404ee8578a5ecf9f",732220064.138287
"2112e589911b979db6e05a6c",971611187.512642
"21264b5a73fd27b85a4e2654",417014394.723079
"213032fd36fa1a6342570158",638949856.387306
"213ddc1761cd6b018349786a",789730263.850371
"2149d04442f73cfc78f93bab",966764761.683426
"214df9371aa59f68e5740212",590998395.244694
"2152ed6b2b2eaf16ec272cb6",732097013.369394
"215e8852679b9cb6c4029ce3",613243380.057948
"2162e09e137eb5f4a1f32b16",786339701.542383
"21642991a20d6b0d17dea2bb",744709548.972632
"216a598114a403676011cb51",992650121.451149
"217e1715fdd5db76ce93cfe2",852358365.852352
"218445f989b2da5eff4029f4",718557233.261492
"2189d3297ea703e50ec34d96",753011509.316636
"219164e1d9b14cabb9bbb8ab",794856690.449439
"21932b5a5fa65d237ddb6293",703570855.719849
"219555efc5b4291791143252",546110869.667683
"21a7c5d6ea818dfb25077e13",782302794.617452
"21aa860fd839233ed8b82653",511870796.184695
"21adc839dec9e8efb128abf1",747897043.388959
"21b4c1ad11bb1feac4d02308",1051212013.07868
"21c8b93e50ac884e63514f10",1221242292.11776
"21d0f28d5f30a64352e60ac4",598833285.062751
"21d141a84af5f0e2ade9b0b8",826021524.889417
"21d42e80f6f818eed990bfc7",999221380.846089
"21dd47ac3c4e1d6bd0ed2485",712090246.69794
"21e0bc9789139640ea33ed09",797791074.192459
"21e96ca8dbe2f12b55723335",833564090.717701
"21eef7da02b0f2a2fd987135",738208878.188812
"21f00ad1214253dd5bb97817",893835599.809062
"21f5bac85d5eec57acf501ef",942106610.186935
"21fcb5c7e497f0580b820379",983452842.484296
"2202c5c9a16b771d1e242c18",616007019.751048
"2207c1ed62f59d6eacb3c18d",550366546.738009
"220d466e3737f1f2a8ed06ae",439209979.761178
"22127243f7ba3a68c3fc33bf",703378537.356142
"2212e0125cb7f75390020951",786237508.470481
"2214e2c62cf8d2d14f11d47c",800738838.911159
"2218c6bddc994984cdc6e567",556606468.998555
"2221052e00c236f31e6d5a06",730301081.316975
"222a35842b0bc09f48e1d0cf",731930314.768481
"2233f50cf7b04791cf1ddeaa",641026873.456631
"223813dc0188fc229b63e8f3",985554664.497887
"22385ae2b3e7640e8c40411b",736576925.640624
"223b3c04803ae7b855f9fd10",676580622.728048
"22428154baf95870f1d83fdc",633523016.886647
"224f6e839dcbd91491f3f1ac",400971022.78812
"2258ec00dec6a2b85f439135",646420901.142764
"226277c02e8532922a1c769d",921685115.998455
"22796587bee45b8f64ee6e44",789166954.266632
"2280b5f7c47c3b36924b84a9",847278338.295976
"228280554ba149e60f81d639",604548706.7034
"228d165257ef052ad50433c7",585221610.167908
"228d98c82021e2325263c7d2",602540559.93454
"22903633f8c4d91158f65c58",471479815.689861
"22958cc4622a0050d1aead77",797043964.481526
"229607e2faf76efeeadcdfce",614481264.752782
"229a7640d41a8b8d6d2f8f83",1206423410.74121
"229bcf400e309619268dda31",573218996.048723
"22a025ad47ba22ea9fd1a094",680755739.765019
"22a0f3315f7600e5120db131",638003997.940356
"22a43024821ad081e654c5be",827147302.615415
"22a6058ffe790c98a8922258",824350882.92706
"22abc78ce812c519511f8a4c",1360118016.62722
"22ae194316f34d482bdf404b",657196891.590286
"22af7bb676cb4c9ffe014506",480508972.68882
"22b066e6dbd0f2562a0554f1",1176703651.6212
"22b34331d7ca2ea642d29946",737139031.890308
"22c780d56cb97fc34f29e9cb",437355894.090494
"22c9b57a67cbef0920d09174",393913713.317401
"22caf82aae904c79057fcb3b",551661893.780585
"22cfdfbff44541dba9091753",804354528.422184
"22d167639ccaace593dffa31",463668249.643857
"22d6cb11333f2839b8112b89",1369992758.66255
"22e00f8057294350ddf4d42a",663215398.289847
"22e524f1fab17d5b8616d741",970348667.438337
"22e8713e2051c88cdafe2364",702810758.166525
"22e9f1b4b5e887cb5f0dbfd1",714675322.992583
"22ea31eadbd3a54216443137",372967713.218975
"22eb737351bd0958d3e60efe",743952747.368338
"22fcf0650753e2b5a2fa3786",547878392.570768
"230864c9c9c5959f9f0d36ee",904480936.676562
"230cb38e035b85a4353220e9",800938845.837033
"230cdc90e6c825d391d5025d",603183489.183834
"23101b0002252f3d4b3e1d5e",1018993116.62091
"23141c17df584746755dc508",650803613.02799
"2314e3ffc7242a429e00207c",757176050.882133
"231688922448e4d64622120e",615839435.992654
"23178c72b063ecbaaa04b37a",552652806.886954
"23187388f9d6e2bffb88b9ed",918445867.811306
"231c050bebe12f568ef92afc",440012156.427637
"23208132621583ce4a46de77",1303554357.80829
"23229e392dbd8fd9d80637da",885552905.270144
"23264fdd1059460e079e5810",578184193.286669
"2326bb628b4a571921eb7345",802899484.986273
"232e859fc353dbff75c97cf8",986029747.394859
"23374ef76774d4f95f022473",1040844646.70736
"2346533f4712f3bbd036d85b",1201687987.55799
"23473bcde48f634641769e22",540607998.853459
"2347f69ec1ce4a3fb6989eb7",486566931.384237
"234c94e9a248ae57bb5a0771",751056412.788643
"235a2209cde8f8b0276c845a",678443954.406576
"235b10cad7233d579a966948",669947282.77684
"235c56f4afd6d87f1b3e199b",731757351.741621
"2364014bfd851a68a824d1da",883855322.587983
"2372f7c0499de8aa2e5ffa06",1070248941.6755
"2373c595d24a7b862b518ec5",1135401804.43729
"23799891583435710f66303a",787120258.938655
"237bce11f35d32ff029498a3",874797397.634307
"237da4784755f090c89f07be",559439244.535326
"2383b8bc2cd3d307caba34ba",665533306.983043
"238cf9f99c4b01777a97f82d",470607848.15258
"2390c275fccc98eb4fa33af0",806624988.441506
"23959a0f6e27c8c2b4a7f436",923682169.584492
"239a2dd25f604c730136c720",1141417306.29157
"23aa0804aabdc61650b8562a",1046956254.26652
"23b0d67dc2a0ae6e5ebc9eee",775079726.90775
"23b2b5b9f5bf3e1208f5f80d",1138676738.29217
"23b5f2af5d39edd25db6a522",888876069.430312
"23c7f9a0534a4ae6a24e38a6",864309882.683142
"23cc24e23a1d74159ff78464",818842504.026726
"23cfc154896b93bce4356ae6",469362658.814094
"23d95cbbc056b4456b94c97d",722790930.546115
"23e7dd821ec2601ee2c6e353",1069961828.43732
"23ef4d57d130e4130205f30d",851452429.559192
"23f12add67accdc9ed40f59f",377496115.189498
"23f859b889afe2639ad55a21",556391343.851212
"23fe512fcb21a0b84781a318",446119241.080878
"2406d47133763272a965ef51",421130833.476966
"240ccc45a242f80f817b04d9",984370803.120745
"240d2474c81482baaf79b6fd",1039644642.62208
"241d9f8599ce6cadac1d6609",833869084.470744
"2422ffac7337b402339dc550",886717262.050428
"24258361a4ba8f772a83ba7c",932331991.338575
"24297f4a3e14c24c941e7720",1171744583.3859
"243ab5db6e47f3536d04d312",684453550.89384
"244210fb4bcc0a04f2cdff95",1031051549.17639
"245663c600727f7c214063c9",832130603.335629
"246576e24f66d495fe0d509b",795206682.383514
"24671f63cd061228ec0b5b9b",685034142.632497
"24756921525595f1684929ba",897856683.696963
"247715511199c5b680088b56",911759192.525761
"2478e48a3c6bedd57c13c72c",809913027.660987
"24849579dc9ba7fef1b24396",620443199.737777
"24857a7a80d5f13a52eeb054",744637579.126192
"248993a27da888a6e3ffefe4",557251380.280936
"248ed6abe6e528dedde951a3",707963508.280076
"2492a7a74edb57f784f6361c",480253474.32736
"249667af8d0835c9830e2b37",563847708.316358
"249cf6f96144f769030d1b4d",871190812.038643
"24a4199c17f9c56f0b3ed12f",863251169.187219
"24a4a43ae4c687bda1066227",1307347919.61587
"24a89527a6744456750baf54",642337512.87414
"24b28522c72f7fc359f2a718",987753901.459819
"24c32572ca6161a603a7d0d0",352159334.069728
"24d6d85cd0e2dc3deb2db896",1129794392.62507
"24e90a7d9a2bd0c30a4f661e",866427499.74355
"24f22d76b86498d5c3563288",724011042.830304
"24fadbd1dec637edb728baa3",612931175.370619
"24fd0b7f75feda5db89a4127",815594849.212401
"25093735f186b70beb018317",997276700.794106
"250d84aac8add089061d3204",1174851441.87469
"25187d9f4cfe89a525ef2493",453016409.157677
"251903f4b947b337e0134415",789767554.075722
"251db9c4b7398902b38b4a4e",889950105.523101
"25202264e18928158b89278b",794518183.289025
"2524e62e917e8a1aec5c9c26",733001647.242947
"253560c855216bd9eb102595",722078722.25997
"253725ec3d7939088faf71b7",639127741.138999
"2537dfc786054c61eb3a80b5",697944085.374507
"2538cfce1c108ebfb1056c8d",944813138.236219
"253b34c2c5ce15cbd8b5826d",801265182.708962
"253c85b226a15d0ec2fbbff4",858134590.978235
"253fe7aef58ea97fefef922a",692742144.859645
"25414034e50ca33fcdcda4cf",822671445.68602
"2547bcc87b618d3d7e22dc21",753629301.626794
"25488b1c8fedde6250b413ba",520211730.52314
"254892c6b84c59ff5ac4f354",585631725.46049
"254de3f3fc52b8cb62141baa",596043747.461145
"255914e9b13ad94efa6ed365",1039644642.62208
"255c5b92d71a00c3a73b9aa8",412472295.859267
"256491790d0a2d5e1ebdc2e2",509487042.735234
"2566d8588566312ffa4fde42",1003337572.46581
"256a46a6d45d168169f63aab",539406397.884897
"256a6ba3ff423a899229f154",551025831.699379
"2571fe181b6ab939eac19d2d",1156854576.39175
"2575d932e98c421bbb38b267",1095594715.04807
"257b533b6a66b40d0f097c55",803206983.988597
"257c765ac81bcf773473039b",590528590.431844
"257c889187ad5de900a430c9",609292437.204017
"25813f7204a2e796170c4836",702323716.972865
"258a968e403e747af5693a3a",1189912326.02498
"258abe0fc321f6b24d37ad86",502206728.893083
"258f10f742fcc835d53063cf",1085640976.93807
"25986c851e13c92ede6c6d6b",1198919247.7983
"25995099875f0ee622ebc31d",779466006.944987
"259f4f7fd5d851be70d63633",425453181.068795
"25b1ada57fd1e5c88d939c71",888682227.350224
"25b893f6073bd66258a9cf03",792938020.747305
"25c76b5a1da0c2d8158b3732",746152285.131811
"25d233d2779009affadf5e91",548890694.011768
"25d4a0ec9301ba5d53deb780",877078663.072512
"25d62e6b1a1a52cd8080354f",734587322.559458
"25d89911e830697217d460f5",748061758.284586
"25e3793214088669aaaa4ca5",1089321016.66086
"25e832098d9e6e7c2f9afe2c",742364202.478249
"25f925538316d3cdda8218c4",1182570122.24988
"25fb1c0c4aace859265de172",591070847.829439
"26206185deb023a344eb2e99",991191573.890281
"2621e068043a5019aeed6c8c",647978387.525213
"262688a95a32f10fa070a887",654289632.403654
"262b1c8ce7db2b4aca2400a1",1033725758.71833
"262b5b0bb408d7cf53073832",439591013.733183
"262e3b4091dfa6b71af020ea",941943231.917424
"26301269301b6f96862af599",789444231.845686
"26313750bd29b2c59a81b58e",914770349.980703
"2641f220611056a1f5616dae",1154959011.35048
"26454cbe44a07cd0df12ca07",1062861112.40089
"264e00a64cecb861d2c05b1d",957454002.870056
"26526235b34fa5b7349df00a",378519822.042172
"26617e1fb3b4f0e4a70e1b0e",1007783063.59476
"2679ba671751ff16e76f1807",821926453.406322
"267e000c89d3416e551462c2",1087386594.03145
"267e46cb9eaec6c7009348b6",534453548.163142
"2684f67bcc89c8a5b95e5592",768536995.428588
"2688e4cd1fd441d1da455504",705786260.139555
"268c1e17bc17dd646d1885cb",518246340.792472
"268f887f25d416dcd3c0c9c2",809259897.181148
"2690ba8b22a95cb837cb87b6",405623344.225085
"2691d7125e9046e597437f2b",739683109.577319
"26922ebaf11e35a7a320d30b",1146218816.93613
"26be10d0ce8b763e9b457e76",709284852.693966
"26c08d7331ae19e1934a22da",780067969.552889
"26c66cf2f43bea00e6387326",971056503.018036
"26c8961848e3a77d98049638",670552149.933356
"26cc292628ce4aa87cd287d6",1080341824.92178
"26cdd114566b7cc63cd96fb8",1204346200.74012
"26db92c003c8e67d92d88aaf",1154729361.40962
"26e58d0b13e7f7f5a54585d2",815143874.528739
"26f3d5bc3adcd1396747a414",1335947576.56209
"26ff1e1f4a6f6bda702fdabe",730080807.164177
"2703313a3e5a6fef2157928c",826529030.905776
"270a97e07eec2be02cd89a86",583243449.466868
"270b930a9e22d5016ffa4019",1046448202.00654
"2714bcd5c0c503c3bee0e0b2",645863031.26843
"27151512d4b592014137ac1f",631482343.92017
"2721f5495ef5dde16fd29cf4",949339547.142353
"272b5b5c28e46c6f5ad95c22",687132032.38945
"273cb73a7bdec0d291e845f1",631832493.8916
"27472c6c6a801eb749b9719d",805161317.969935
"2749b5cfd2728ebdf124a0a3",750178325.523634
"275360e29bf3309e09ec41d9",468251512.101057
"2754b4e12a7604efe8e03f5b",940525223.122035
"2755af908b841e9024718b3d",810018752.277448
"275c8bfdd3fec33752493861",664892128.84589
"275d73c7dc0fda7cbecfea89",876114909.166819
"275ec6bd936600c7eceac599",1329736273.81681
"27663c0e271e26dfdbf4d289",828766441.561569
"27721beb237824844adbc289",800315771.520918
"2772adb268cffadfb2917c2f",409073312.527391
"2778de5e56ad7ece898249e9",1194180605.71376
"277f6440854cb0c98728e685",702317841.832161
"27881ecd655786b093349ab0",934453816.953062
"278a2cd98528eb1341a6b685",558259553.68663
"278fcdbf16e3064ba42c6785",1250315854.20034
"2790ead3eba9370f00024472",894090336.581421
"27929c0a3e0fd2d6d2969e03",769105777.478012
"27942219389ecffbce2e1d9e",1098460593.47695
"2795cdb2f4d568a782dcfc3f",1213047866.63148
"279b76adc4bc9f8dd86759b1",780950183.555634
"279f6f594d3f8ca8e8a5e2d5",1390322103.97422
"27a6f3e8f9649ccce7680f0a",807077095.726457
"27a8a052b815998c771a1f55",970348667.438337
"27aa789e29e52ef8d78b9bf5",790182279.388477
"27b06d060ecf702fc88c7956",1030048099.81316
"27bcae7ffb9f79b8f59fe1c3",688681920.290124
"27bebaf73dff207d7f6829e2",1086813373.36929
"27c3b7ba2991e7bc0c9fc322",758746112.755833
"27ca0c2320c520342717355d",587910700.115132
"27cf45528b4266162f7c9029",745998505.068523
"27d14f352b2983177e836e3c",870455327.40264
"27d413eab7b562b984c5a682",875003583.92166
"27d4f17375f76219b446c092",596228610.076449
"27dd503d4fbf4d5f5d850d4d",598147445.092958
"27e0810a702796d97878c34c",599655656.48792
"27eaac0ebf8a5ee99d143218",842352314.826311
"27ee3504d1df34ee8ae5dbb2",1004961128.04848
"27f41f09ccf8d182c79cd48a",1037894999.3056
"27fe3fc3838695ce34c5d287",418342338.551865
"2809252a96f47776d12021af",921414056.909205
"281ea3a3fab48c028721ee1d",842560027.046447
"283c1142d027be336a7bfacd",445089084.886088
"28403f16831effcb75471738",433482570.60929
"285b8cb5e9c887794ed2fd1b",900533448.129171
"2860e4435c857cc8a661ec97",1113133290.12996
"2861f1a224b4c879b845779f",418350101.166726
"2865962bdff8929888a51341",826301566.963367
"2868ac4225657a13f6149e6e",852479319.669227
"2869a2d2689af65497775b1a",1175030299.24455
"286ab2411118455780314355",697162127.309863
"286cdf6dfcd95ee9edf73a93",409881176.044784
"2876aa9ef0b44e43084393fa",445549339.105954
"2887a0d34994d284759db20e",757546050.144437
"288c09c33907dadbae495c11",1995308285.93742
"289db1292d4ee40a1ed6e518",1050314184.86552
"28ac1562ebb5050f1492f576",746549283.94064
"28b838c94d10823ceed62e0e",666003992.420905
"28be121ada9c9303be802474",825552953.656163
"28c0649dd8b294574a876e95",738439272.268504
"28db5acb7b224d44e3d7ce80",657119850.671883
"28e572584fea1555e2a517ed",521066283.766642
"28e748e7aa0a447731e06706",599171309.87027
"28f905e91295a47d106a3214",1248974748.28364
"28f980b3c741866e0db5b761",875791391.216599
"28fc5f188c5e11717cdb4a98",434184403.467399
"28fd0437736c1b17c7ea1f33",589890236.770056
"2900dcf3f944a7fcb33aff36",619939848.5231
"29028322a6d692edc5ca713f",725667189.500856
"2906d21b1d96a1ec43bab50b",958353177.88478
"290725d6b15062397597b954",593855787.134037
"2910f3631d1db77e4b61f8b5",816519819.463912
"291479f573955e063f2d8bda",1317229359.68694
"291a2f9022933c9d81311e81",944220952.956036
"291a4ea1a695347e1901bd4b",978802254.610432
"291fc50c4ffe7935b01e5d9c",630242997.46155
"291ff191bb029742387a72a3",727115886.143776
"292224fa68b0303a90063801",1087177184.91589
"293320b55fad21ea3f4a5899",369530319.115022
"2935cc0e053bf558a8b73054",709228743.890225
"293c8a0a4a358fe7554a4ae1",943845906.365305
"29425249fed4a74ada083dc5",514763699.274035
"294985765f4d12e51a68a451",994656681.403666
"294b04da3eaabadd55da9c20",1019060585.18724
"29503210dfd57bfef8f16802",604919833.987346
"29535d858fa3a11792697820",866782350.992189
"29616bf14b5f1cd42786a91d",769868278.459605
"29671ce02e285f69afeb3fc2",962474792.133278
"296f0158b5cc1541cfc8419e",665574441.339123
"2979f2d91d649a8c14f5453c",664463015.325268
"29881785ae39aec014c4982c",1015472319.21647
"299117d35bcdd48afa4c2eb0",749455595.673765
"299a94a02e887c6ab1de59c7",770848081.287742
"29a115ba5b198689fce5f93b",427543632.433968
"29a230f7dde5753e65b661dd",974883377.492403
"29bd4cbe11f44759e07487fd",831864304.873694
"29cc054742b256e6fbc6da1c",604007252.23213
"29d0dd2d4b120dd54c34b13c",970074055.204615
"29daf0d5008fa9e3f0f30132",602815270.753296
"29e7796eabea247af4e8a0f7",639361792.587828
"29ea1796aede16cab8a50497",477041978.546219
"29eb473852b36dcfbda0c702",1144942077.1971
"29fd909e7cef62de53430e1a",705008953.616554
"29fdab43da21ed0d22c9c71d",441308303.369993
"2a01945c2ce528c02b391c61",840990704.242744
"2a0e902f3c07cc9696000177",608448376.488874
"2a1edfd6cf74573521ed74a1",594862508.761961
"2a2f455525c8e0bd709db91a",800813426.456119
"2a330fdcebb247d6a6fdea23",1056782868.21262
"2a33fa5b25963f3dc928f668",577678509.264338
"2a487cfffeb12837a5586a41",806906582.890724
"2a531aa9576c5f91891cc8a9",822366437.309068
"2a5aedaaad2d908122f28f22",1097978337.79292
"2a5ecebe40fc09b45d6ee5fc",501240702.140092
"2a5f727304ad67d1cd269361",909550062.382272
"2a623b33f3cc1f54620b5233",527132004.438796
"2a66eb4d2a205bc4474c0afa",809756757.012455
"2a68f627f4dc8060484cdb18",1001641192.32535
"2a787b39e84958ca6b7001d0",587715682.00383
"2a7fc28219bee48a2368e730",705504117.344329
"2a805135d8030b614d9df9aa",859595025.667313
"2a872557ba401f4c95e0ad2e",1145109053.71829
"2a89ac6511416d0920f1b9a2",1323586586.38698
"2a9338f62c99dbad25aec5d3",733658597.181712
"2a99204f0a53c4a4d0a2393f",612438062.72665
"2a9974fe07b1e4427e386e06",780688084.163491
"2a9bbd878f3f45745d76f059",720503176.20369
"2a9bbffb1b98c49d79bae509",886493282.940438
"2a9e75d221912230f98485cd",828404224.271022
"2a9e77fd00aaaf773d130914",452871229.218439
"2aac28d03c2110d871b5f274",683139656.086833
"2ab0eeac4a228d5769fb4365",664816270.002803
"2ab24b9c5349427998338d21",763242738.82788
"2ab263b5d1ba72fa562d64e6",790540316.157751
"2ab88dcecdb565b6412f5bfa",676661692.067933
"2abbf26e80643dfc1b75edcb",995064049.781798
"2abd46909a251b8ebbd37133",639489984.988639
"2ac1105447a71f68a50105d1",1117481400.08288
"2ac425aa592565b44b25cdc3",685135694.02402
"2acc857ede19953734600dcd",682176507.299672
"2ace3da2fc4e0c022f7a8755",739145157.793807
"2ad02d6d56b95ff3382b53b6",991330595.51701
"2ad54bda875fcf8c6b675bf5",764144099.228083
"2ae3ae7f794d558ec119287d",851288407.53123
"2aeb794adc9892354aff7240",468716507.862335
"2aecb598de8c74d9d5108d8c",848001962.114598
"2af941adae2e8dfd66542055",506389585.700554
"2af9e271765438a47fa7e7a9",429805919.031838
"2afa1699af46ad8124f76e4e",830951391.054059
"2afa66b726ed0b1492b9e01b",901862174.392197
"2afd31619c21dc537e4797ca",918902576.335005
"2afd9dd680803e3c12d5242b",992873397.379389
"2b028932adc74c961170a4ce",779148341.057347
"2b05f001ed1a84425a45d0ac",483349103.903918
"2b10af4fcbef695b327b7d0b",1050573995.86044
"2b2fa2ed0055a19859e78446",873149375.41353
"2b352d996677e67156391e25",569743015.214025
"2b36d2ed79caaccd687f2ab0",514166502.375326
"2b36d797d32013a126e15709",753741431.877306
"2b451da55be3683c33e4de31",1163506841.93019
"2b4913f28d07628bf2d3ed92",1022700612.74451
"2b50969f1faab80655bb9104",627914640.049376
"2b53b13cd912f353cf9c4757",926017475.891999
"2b552d7b1a1488dfd618b120",466869089.155722
"2b55989b2253416428ece917",880447053.450248
"2b6d63d6b072901effbc8e1e",663737487.789737
"2b7a5be93795a65d29970b02",1142321408.15023
"2b802261b8bd839aa0b04b16",797590145.725376
"2b8b979cf1952fcedc63ca9e",437611366.185879
"2b8e9560dd58d880dbe77c61",1037695591.44758
"2b9681901b216f2174af0089",977169791.423361
"2b9fd26383758104d567d474",620059408.327943
"2ba0807f8cbdac389424ae04",581621966.161833
"2ba1672e49c023258d262d1d",1020848025.47477
"2ba24fd47c2ef8520bccf6eb",471817048.609796
"2baa6afba131b74487c94d74",594619815.254966
"2babb357d1d828c49bb89be0",640341447.168266
"2bb55b0a92d62454867bb158",775674964.653947
"2bbbd9878a1e7c55bdacb330",703535459.338631
"2bbbe93b615c46483056bfe6",1002238218.24407
"2bc88a5c4bea2bd00fd8f13c",686595357.431171
"2bc9bbe0f0216ed9d865a85a",737837093.28775
"2bcc6a15181273b2fad05e3b",826662796.483972
"2bce6544d58b6970192a1838",648091977.918631
"2bd08c0964ef4a95295db843",608130270.305769
"2bd1c70db60a44d4400847ca",1062895201.22424
"2bd47c19e5d29a3157fb8465",1187254424.18202
"2bd6682ad8343b69fae1a59e",711382579.00068
"2bd96c7fe678945fcaf9662f",986398495.828032
"2be93bf5132bb788bf045c28",544688661.711125
"2bfa301ea435f929e6c0d1ba",840153418.878486
"2c03c38782e365e68b32d6bf",585221610.167908
"2c0b3d69fca6677ba9e95327",832400753.309427
"2c0b4c8269cbe25a4e85e049",468171463.678384
"2c12cbaa1f14553c1d41b958",413989938.024835
"2c13f29a8b9ac9b464e3a582",514966385.568267
"2c15a0733cdb932ba8f2225f",766395717.870228
"2c1c91f2bb4d9dae38a44360",522270991.988878
"2c2e56e3e5210c111c7de708",722726852.539823
"2c30c2736472590fe45277c3",872261951.415335
"2c340ee014e39ad0fd1309d8",1119843197.55927
"2c34c1e1655e87ada03f411a",971547420.483204
"2c37a1280b18e095b43e19f5",833093911.625956
"2c47c3ef9e139d8c4513a090",664424787.871659
"2c567face144ca714454abf2",1012878564.28534
"2c58f2cbd00035febac060e1",712107065.774875
"2c5d940b5ef2276f1fac1ca5",804114170.607739
"2c5f07a9402cc93f4c683759",535644210.240788
"2c8352c418097f82a50d9bbf",1002056244.79563
"2c85b19f02bb3768c10d14fc",620330703.951534
"2c91099736f3158f7f09778f",459490608.124951
"2c924b9d45667f7168bae6ee",835380149.400507
"2ca47f5c36ea5d1cf00dbd2f",461412904.345323
"2ca6b3016a89139ec7590f9a",1201664909.80839
"2ca6ce8266afc6721d179335",886898823.99142
"2ca8b22013c529b412ad764b",918536226.734608
"2cb64650b876ccbc7337a0e4",444270442.819733
"2cc0129b386acf9cdfa4eeb3",804281685.791862
"2cc821cd7b5fa82b27308f87",589752559.501527
"2cc9f2411f98d0fd41511211",715795785.6587
"2cd0b2d7561919f0223608d5",444815790.930341
"2cd372392fda500e6526695b",673825805.457145
"2ce779caef0637db97954912",835042670.31303
"2cfa1397c901b4e940d9f673",727705051.806626
"2d0d803cdbeaec6e2626eebb",645412418.56568
"2d14ad8ab9573c406e203ed4",709139623.086319
"2d1f036c96e92d9c557605cb",479463470.976435
"2d26b8360f1da9a677670fcd",780528265.207783
"2d2ee255ed2144b9fa1fcc39",719395636.241166
"2d3236cf646f19a25932676a",960646764.685788
"2d4031f171f965d7dbce0ef6",907687678.765551
"2d437a09b860d9d46644ea23",567715416.322464
"2d4a781f969a4fa2a4f04a7a",1024591879.71018
"2d4bd56e71f90e6fb387a2b4",1692894751.07384
"2d531a26f8b1a8afa511e3dd",665821946.440116
"2d5564a502635dce2d46ef8e",837673910.718995
"2d564574f0191164ff1d068b",445013089.608243
"2d5ccb12ebb6fc7d4ba462b0",556848329.050716
"2d5d9119602c228b333402a4",384312655.078328
"2d60a221b478264cab9816f7",956688400.207147
"2d65980024ded46854c25260",947359845.618499
"2d6aaefe0f50db8acde6fd1b",2024502166.90413
"2d6f5bc20de99dd0bd4e34bc",1113815086.08358
"2d778563921376962d126cbb",884583751.082753
"2d7a48a6b9fff20ded24f86d",464990807.307437
"2d7bf0032580e6b6dd1ce36b",1144640258.55065
"2d8d64261ba659302da4a481",612412397.804396
"2d91b3a8c62b890fd246183c",1215842134.39019
"2da346c00d6fc39268f12b82",952510327.68478
"2db9b3463f85dfa87347d6e3",1081683941.61871
"2dba091723891d8907905a74",826644721.200186
"2dbef742d0c59d21ad7392e3",946938644.530232
"2dc58e6aab9399e9677265a6",1171846302.92184
"2ddda0ae748b38a6258f660c",1326773351.96481
"2de0ad9bf15232d6056285fe",785421706.900292
"2de93fc191360ae22b0402dd",476421888.179898
"2dee15f1b082bb986f8d9513",556463562.251435
"2df90c0a3e2b9138fe276a75",559657420.783622
"2dfd1808bb95170a088deac6",738458362.035617
"2dfeb06300828182d4109c43",756760464.409997
"2e0a8235637e98dfea862909",700756658.495299
"2e111ff939191cc6df2c59bd",784779112.906799
"2e1608b8c646a102e27df16b",685449004.206217
"2e1f3fb2323fa16150f8bc88",598042585.402013
"2e1f7569d134a931098a2ede",719989789.109361
"2e23ee2beaf5293f57a5c504",642219292.909519
"2e2d3f42f4f8369733b3bcb9",726266113.31161
"2e2f1072d8db7372b2c2419d",728167469.56652
"2e2ff1e620063f416a387058",788160157.143413
"2e3fc1d628f6727880d3d4e6",483807693.012314
"2e41ceccc918145dbe7de0be",642025967.380585
"2e52008bd11000eb776bd80a",1524011735.62451
"2e58c9b6fbe9c57c83bc0aed",755190698.833662
"2e653d2567a47067df169d97",1046966826.44155
"2e6fb29cbc1ccc3d97c92c72",940962179.76246
"2e797c8302fb7ada13ef2d4c",585053531.748207
"2e7c6a89d2cf2d835839f5f1",917283944.256435
"2e8af16a155fe18c8c6730a2",1001346276.69671
"2e8c76f4ed59cd3924f7136d",902710459.043725
"2e9390c4423db604e1c7c4ec",604991149.049375
"2e992370de3eed4ec1271589",817988454.181262
"2e99240e23b0542f1cc75026",776453880.914464
"2ea47ef8f02712c32613fbd1",654898807.854382
"2ead9549bab6f1386b7a2c77",986290998.28168
"2ec9f5265334241fc594976f",673586699.400717
"2ed1ae5e6fa77e447af230fb",885541103.407
"2ee7f959d069c9ca223115cc",902289982.349634
"2eeb4b0d7afa57b63778b69f",1172003271.54384
"2ef897a38b95d7b769856e78",909566174.464716
"2ef8a530db816223dcf474a1",750505856.299734
"2ef9126614eeef828f797e66",904616332.032149
"2f0bbbbb466fae3fe5c4f614",683256073.250469
"2f13a428281ffc425f2c2e38",702828850.35805
"2f171883b97d9c02b90f93a9",508948795.727777
"2f1880c9b8f7ac2715e1236d",991290569.791873
"2f3281ef06475d2114fbf9a7",476379853.161195
"2f34de2546f13e8a9dee1edf",550391045.561313
"2f3d01cbf0ee0b985386418d",502085881.909009
"2f412384597554f3dab07985",784238759.55837
"2f48a73bfcc91272161afd39",736359358.686484
"2f4b0b1b81c792f43f4ccd5c",562091979.490576
"2f4ed160fe2a21722e6299f8",558288958.175997
"2f610d2242d583654337d468",1475226255.98198
"2f6515defc3b21d82e0ca4dc",584180327.622175
"2f6dfe9443645d6629eeccb9",454272239.272246
"2f76a2b53e091df35a125b13",475504454.148054
"2f7784465c1c69c8f786a0a9",1998988286.57293
"2f7d36523df4a5eee3edbe05",953788816.755431
"2f801cf48edb712627196b2c",685645672.634843
"2f854c9df6212c39091bcf28",721969769.631769
"2fa288389b3031d595973793",777563887.692923
"2fad468e1c248f40ee3586ad",718048566.504439
"2fb149a70fa14ac05582ae69",824929305.247702
"2fb5206d246ee7ab22fb8143",1046956254.26652
"2fb8b2990751692b8ef1ab6e",860878531.796706
"2fba6801eb9a7bce7ed2c081",706289167.425921
"2fc150cf6ea4141106bb8ac4",491527029.250471
"2fc19f73fb877ed8b88a5250",400565092.713838
"2fc38ab2689eb24f63e32efc",975557333.872358
"2fc96ec5fb2c8dec0a5b09ab",997618322.282899
"2fcab31c752b699af5e8ce8b",1049846662.628
"2fdb80ee4f9a35663e92b3b2",624137663.12892
"2fde05df6a3aa9f57385e6a7",697782181.203048
"2fe64bad1bc8a43fedfe0700",657611038.755615
"2ff0775d2c131d19804f2a2e",593982263.665063
"2ff531e27672ecd2362eed55",1121817602.64257
"2fffe55a1584619bd7c489f6",822605113.561444
"3008e821640b33a8d70beec9",427256578.143236
"30091c32a5046d563597bbf4",566778962.13017
"301b5da33d32c0632b16e8a8",896942009.346504
"301ce25214ddb4b5144373ef",1132656624.62098
"302918a3460b98acb64fafdd",606810784.65029
"302adfed183564312f9e3087",1093078174.18555
"3032ae39e739fe46e9e198e5",949871993.45441
"3035d7ea4b71d204b588dccf",688556808.893405
"303dc73dc1130de9aa2f70f3",687097393.284891
"3043d0b025fac4ed90b448e6",663420358.222426
"304ce5835e685778b1c2b6a1",597103146.916471
"305080502cba05a1c165560b",733777797.660793
"3053732169b2260529f90133",834298776.242825
"3057660e38fb757dbc8bd898",832738203.49949
"3058b792e3f6781e438a2e9b",880605515.357966
"305d6abea2f3e496e3b6fcf4",690797693.660503
"3061729865dd2d68858600b1",603779639.183548
"3064379f468404110d594c87",746034586.602577
"30652905d3eacda34ff61a9e",983211777.228758
"30677852542c78698083d4f3",1681914459.16235
"307acb7b4044cfa5680e4227",1236891423.92947
"307eb683db84db535106c445",670070292.340268
"3083a7ab1deb092f7aca6a54",726692319.683237
"30a30e4ab286fd822c68ab5a",717149081.824055
"30a8b9c197bc42f088d0b873",706530172.806894
"30ab0bbf876dfa515b266c9f",422620877.882852
"30b0c440c0bc8c6005855ff8",767174014.843342
"30b3f38716be209a894b0942",488690133.820295
"30d2ac3ecb8150e4d4339d1a",1169132164.33135
"30d38a7bab2eaaef1ff6be0d",704246186.50431
"30d5185ca2ac2fcda2bcb79c",720838532.127575
"30e10a03626eeaf8bc2c380e",886707207.445585
"30e134a6cbe61d7954d0f56b",377033538.984652
"30e1bd4619483b0e896b5229",789282620.370757
"30e6d4e1c53e9e81ff66df43",558060400.760535
"30f381306494ebaa760b990c",690957727.278824
"30f3b383f2d5e4709c9304b1",827700414.831919
"30f6404e8034dbd513aa8a30",429161089.224989
"30f77637dd52e728efaddd6d",958949103.491458
"31081c78ce92e1d8dbb315b9",778804419.991658
"310e768d2e8836432f8b3e97",384383579.85869
"3115e2391cc3a078b5e6066f",686284420.449712
"311dcf366691c44243b7b89c",887768478.021085
"311fa1bf3c405f9bed13b38a",486316307.908979
"3128a4896665d38feb72b456",781389773.848552
"312a6b2a57dc6947f95213a5",503496260.440812
"312ef52e0250429a5ecb3b27",1063219522.33016
"313abf19d78b719cce4b3188",978109310.007835
"313e17c442fa3040065b7489",743155081.491913
"314153750510e92ddcecf33c",967318564.886919
"314479aa7b73ef6ef44e1c89",627094398.807108
"3146f3ec9b237fa0944cec7b",565518767.848
"31474c62a8f39e250fb2882b",1061638078.65322
"314a1e163d0b77b0f384da29",454952261.208186
"3151daf55106dd159f27a8b6",533417258.596735
"315ea6fbd6b3261cae7fb900",870357787.615792
"3164e0ecd246b8ed6cb6d054",777846792.435506
"317d8f9d18599b346639a4d1",505556167.975751
"317e95fad7d399673719537e",749437761.808557
"3186cd0a3125adf3b25587aa",985942447.670753
"3192bb7190b9130c4e67be4e",757267186.796371
"31977cd5d4c09eff149e74ea",809644849.179428
"3198c4acc62c1a2276bf15de",751272772.328155
"319b9accf9980ef2ef81099b",1088532003.74405
"319ba1ec06c9b6ca6990f4c1",1226530608.43051
"31a1492e589f317a58a79df7",841579905.99361
"31a3719e57ab1425e7267fad",886888767.327847
"31a6c440ca9eb29acc0f1086",1283709318.6078
"31a73382ae20331521bf2e6f",677143474.197403
"31c69cf4d197f97ac594a896",918069866.08189
"31cdb68dc6476128c4bb2f5c",905940755.312896
"31d3215c8345d48ce9734c65",468357564.572936
"31d6f089626c4fd08536fac0",631034883.02016
"31e241881acaceb02ef915d2",858881031.94984
"31ed69311bfbbe000f4483d4",808372900.333831
"31ef69bed8e54b5e1fb245aa",790038511.391842
"31f52502e89beb1b2e0dc3d3",920387648.875759
"31f56b841b122b35615bae2c",583037961.582494
"31f630c44db4be5360a57640",637592961.247909
"31f6a25d56f3bb36386d07ae",1024615326.11893
"32036c1eb131e6cc4f3bad3e",448599730.631253
"32040dd7b8edfbe331773288",899120330.619897
"3206523e850b5b5fbce567a3",1196160745.26577
"320ff6c0320674fd278f6fc7",684774262.844614
"3214488a8fa9cf8b3dae877a",570675535.652053
"32161228e9c502d2c21beaa3",615413162.548749
"322bad590ae06fb48f80c533",424378393.065441
"32354bff9df0267a5e139156",619123793.806041
"32366fe92222b329e3d03b29",778266376.109669
"32421841f7eeda76160d7959",722969012.55767
"3247399a31df838ec5fe58c5",904900678.206122
"32474481a0f8af34a4edfec9",556612978.149059
"3256c6c6f30aea9cc79b7283",927234556.606442
"325ce336d3df17a078db5166",476866986.717087
"326a82671272d893ce699476",813427249.916649
"3279efb86571efde18eeebef",846079478.726785
"3289958459cd87f24089cd14",428251491.5706
"32915b77ca68000ba9eed6d8",685918518.49972
"32a10e550bf7095627d17da3",534576770.512175
"32a555016892e7a74d231545",911199353.417423
"32b678be83da2a07b37f3012",406534636.345527
"32bdf33933c29b1cbf89539c",841752225.725945
"32c1f617f2b1f537ef703712",939521834.763062
"32c7a2d032ee21f8bbc6eccf",675411590.380756
"32c7b848ef60432d98f415c5",664680853.800313
"32cb6246cd94f962f780a1fa",441724208.250346
"32ce96d8adc8e549b90b4a8b",743468202.881553
"32d2c5f1707b00c93407a19a",705793084.771624
"32d56542ab5486bdaf4466fc",908062807.91891
"32d5772adbcc785ecbc2c55f",842182419.067723
"32d5a20c542a8194a6aae965",719341409.918994
"32dd96f4f07f67806146ec46",693955929.535384
"32e182242a654ac03a8f3ea8",387005015.073658
"32e6518755191bef743b28f6",650987621.196901
"32ea7e13e8d9391aa9b7ab9e",444906870.265156
"32ecec7d5c47d02969368779",702475457.462102
"32f3364ac1fabdd13db1cfe5",446315015.338657
"32fbc0f1934f7325a404a2eb",803060431.178493
"33043b254b9085fc82ee1f7f",427158780.636797
"3307731f3bc518012912f1b3",698126786.665953
"330c37fb5065311564fd35a2",684973839.06354
"331c515e7f0dbb4460810999",656553542.119014
"331d54f8a1bd3dabce73d6d9",996328123.797198
"331e915e2a66fb70380282d6",800927778.809272
"331f0957d55d7f03df7fdc4b",854612363.637045
"332201e2583141f3a02dcca4",1011012160.01627
"33258f995a375ca192ca4d3c",809756757.012455
"332e395d4ce62523a2e3208e",490238855.496232
"33305df46dc2186c7e3f727e",1180382463.61526
"3335313b9060ff29782906b6",605993372.877171
"33379968a83c8a90c23e77dc",662282076.514773
"333a643c623a9bc75f3a40f2",1219834876.89911
"33425419e1a8e854418c5180",366840675.677265
"3348706086aa3db5c92259c3",440665238.339144
"334b5b9fc68a18387ae59ebf",529444564.328677
"33501f96ba3b02da073d586d",470896988.698058
"33510511ff07dc7354cca7e8",539485113.253997
"3352469ca509e8ca652fad1a",817925665.449079
"335626f385c28e8370c207cb",630113976.9478
"33598222854631e92fb72baa",818571729.62796
"3360f48c1ec30dd1c3175101",725842123.145326
"336888717766096b24215b26",932939262.951939
"3370a48ec22302456c41ded9",535710029.307868
"337c81be4cb14d494ca69db4",796209771.225481
"3393fece8a6ed311ad865e66",739031155.94192
"339bc881458ca34bdcb771da",1035552718.75753
"339ca7bc687766f517ab3274",490863780.312125
"33a334a16c4547b9d7842c3d",677665657.904365
"33a61cda27fadacce0d1aa7b",1046694436.26599
"33a7f6aebc3e2d480d287199",901455365.222849
"33ab442cf58cfaa33eefb6dd",377265187.656797
"33b702ced6de5f7ab8b29e7a",602430567.227282
"33b92225cef255b0e4b4edf9",612451530.098826
"33d2d1db291a13affdc209bf",724347997.788614
"33d6b1bbab4524c3aa03756c",633680794.843345
"33dbec39ef8c0667e4c3f039",785179356.021812
"33ddf4e1ed8c864e9db16887",517207792.729647
"33dfb510aae260ccefa4d349",991686115.031069
"33e22ea4154e8f71062dba8b",702456637.28468
"33e4901b6e72593513a02207",538275173.331691
"33ea5de5e8f5c639a213414d",605435626.21076
"33f1a7739cb556a78af083de",874913082.179131
"33f4f9988387bfc237d114fa",960768920.862294
"33f7d5aa494288cc90d60456",810217540.208199
"34067d9b2b4e45be1e5cfa32",491899636.066978
"340ae520163a220061bd7f28",786115398.410425
"340c4d762f830197fdaf0977",1010724811.47381
"340d1313fc2dc8e5b6918262",654910447.653776
"340f96c7de105aec5b7a28b9",695629478.731374
"3413f37549869d2172b76d6e",992946152.47927
"341c307eedfce3f735f4a63f",689334383.644655
"342027b17940a0cc5cdbf8d9",973851500.704108
"34291b30d129222905ffdaba",771282599.588178
"3429c774b736cefc051e2c55",604493086.837233
"3438e5d77044f21743e56edc",733244178.344936
"343be18b0f77260f32ec05d2",532297660.744914
"343f45e7d178eb780a9a9818",588578705.814474
"34447730b60ad12f4775894d",1213868092.10176
"344823ba2777540ffa2a8fbc",1038193822.37129
"344a104d2210954497a5a388",891557331.507753
"344be03236aed65e74b14a2f",684273615.251418
"344f3bcc1acdba48c12f8441",926250365.824126
"3454ab4ad567d2d22d990fec",875882348.916973
"346c734ce163296a07526a35",595867262.240888
"3477646f548971044f8f0494",339029485.978997
"3477d85a434f66df58fbc094",1274981382.08546
"347a4deda03bfdde6d1c163d",700775609.186182
"347d5081f7bd36c8edc1f352",949940222.816644
"3487768de3a13b7ee3df0254",795069098.347277
"34896afec0b639648c527483",916222695.738448
"34926bd7f9880e277e75a447",578251212.917695
"349602317da0e456d88fe24f",1104046364.3346
"349768047d470d2fa6ff1930",809425599.151762
"34993717af3f861b9735df6e",536665195.365304
"349fa9cfa15d8f8bdcbe863a",1124882825.51302
"34a9e3ca94ac06347d879942",1166734144.4163
"34bca71dc9c74a2072f11e9f",942971319.402686
"34bcfc2f0cefad790922879e",1125995705.80419
"34bd7be0761ab3d43da7a81c",646413200.012664
"34c84d0a410920c303ba69f8",673512784.368139
"34c92caf68dd0cec9fc383ef",992593021.197927
"34d1394dbb483e55d1cc2da5",443135727.471372
"34dd15023216e187daaf5a07",845381662.627821
"34e5602cb58501859e32dc9f",890965003.975376
"34f0542a538cee9f3624d897",375321297.784857
"34f220a8ee1f24bcc5790364",604910011.059596
"34f4df9fce2ec05633d0cbd1",557013705.607706
"34f99327fe595ba6e32d89a1",705156670.64056
"3503f56e09e639be4762ff2d",774398223.757818
"3507f260c3c6e195fc444533",664767108.571089
"35114fa32397272437e67a54",783467078.517733
"351701c5d1b821253e2c8c42",457416139.728167
"351a3e1b62cd51d46913a8eb",990333084.439808
"35255f80583ffbd504250554",850975621.762968
"3528df61a44a9895248336c9",643135941.741493
"352a76b301243d22d1b31f79",632275849.779081
"353207faab3dcf10feaac8ee",783442428.786654
"35352b370a31d01748616b01",1159514328.10816
"353743db4334fee80ac08d0b",958262548.425728
"35381d7a5b25317d7588ce77",750297448.642559
"3548fa5ad26ba2ea999380a0",532550830.591539
"354e2de1e3a81a63e7fae4bf",940741798.848696
"355d1fb69bcb4e8e8ed9ba1a",1098428022.25499
"35616923c84423b44d1d1438",1109289131.30412
"356712646865d98127b92a57",894090336.581421
"356815b8ffc300fe03073b7a",687687786.62586
"3569024b3ae4865240973e6d",444162681.648905
"3573093e56e95a982a41879c",1012013752.06465
"3578144f12e13e98e8cb2480",690013152.235663
"357e2add3d68167a4f3ce15e",1030219737.67343
"357e58ef96c53f39e267b80c",1316413297.76109
"357e653c4bea02df1b08c62a",764278810.854201
"357fda0abf79ec95f73e3584",646107131.123232
"3580dcbd0a6d7d6d3546dad6",765906380.295006
"358e1287e24c3c4fb353315b",834033306.82552
"358e85ba765ddde3ac31be33",444815790.930341
"358eb586d9649d20dca9bfcd",883782369.823535
"35984f749eeb84eaf938bb08",871484495.238078
"359f6a66a407e30b40979d2c",931923736.838912
"35a39cf33d16f8f5ff75fd6c",868446295.390528
"35ae7661d8191507cf9e7cdf",577680474.508127
"35b03ab66c19ba2049ddb9a4",496666604.374168
"35b1cd8020e7efbb9ba5adde",726386101.354771
"35b789e1d63f8f25980d21a1",999835300.516672
"35bc25d0f9de2ed4f714fc8c",922116762.4082
"35c7a7c0ace36f4b95423c4c",460598448.573467
"35cb50346289f0590dd24d83",807614344.617351
"35ce37bbecac6b164fa21e6c",537545317.800744
"35d79b2ac92083bc439124ac",497147771.668073
"35dc60a65969b264ab283d6d",525778552.773078
"35dedbaace193598c9c438a7",486760226.782009
"35e0cac576415a4e61acec80",1316413297.76109
"35e55d060b1c4239a85c0ebb",457940027.689282
"35ed4187f732a1ea68dce712",972800931.853776
"35ef99962cd5984ca87bd326",720471703.973478
"35f69c7a9870ac62735d7639",428890342.44546
"35fca2d53ed17ea7637c528a",1229044452.14573
"360be0df2c003005e3db080e",1210249185.16175
"360e5cc9ee1282e5a6ea17dc",710926977.746933
"3611c89dc71078cd0aefd2cd",799762393.527414
"361715cb422c5fcd9125d5e6",488821680.566429
"361ccd7f37ada9c07ffcf71c",889387318.20779
"362212de783981c9ddb767bb",596986457.314264
"363c96b85cf07dacbb10b92e",534727308.265043
"364256d0881131148655e006",784754792.098469
"36445c32822146606f75dfdb",1014979018.50571
"364b8b8759e3c408c4005021",705697768.40554
"365a227184022e99f1d2a816",725914696.061829
"36753a5e31b0edb1eecb8bcc",556734333.563604
"3676e34e4824101f3fd9aa2c",806810214.265067
"3676f63aa0ab23ca7cd344b7",712463567.806582
"3679e1844a35c0c87fffefeb",584322070.567636
"367bc4fef78a9800f8616d02",573218996.048723
"367cd12d7f4aa93124047eb9",686339945.50178
"368e740cb71b9175fe5b7b6a",1180382463.61526
"368eddd8b6d39bcc7124a41e",747897043.388959
"368f7a70a62962bf31ec9583",1210249185.16175
"3697e556be961a16a621f3e5",500792205.693932
"369e9e64898ea16b7ffefb7c",770851405.542283
"36a0a1f0432c954604825b6e",945274548.293704
"36a11817b32bc24eda6ec8eb",504179357.85556
"36aa7d0cbfe40adf3c86a134",669092574.149074
"36ab522893b5f01caea4cd0d",569419352.100482
"36bec92975612d091a3c78b1",703212234.259442
"36c0d26b83e575a500a6c30c",629894454.651489
"36c2cae6de0add92f32d29f4",783697776.532549
"36cd68fc3ffab79fcaa340ab",525046104.071729
"36d5003f0b5ec7f80e89262d",879302255.929899
"36eb8139a5ca1b8459eb52c1",774671104.508661
"36f85981124e858c157f83df",819190781.597409
"36f9a0ea831710344f468bba",486316307.908979
"36fab4c38cdd91de650e6abd",726711015.196614
"36fd9fc1f1d9b2e10c1c6463",707844047.470785
"36ffb5566bc35fbce9e42679",504489124.671225
"37050aba3553f3869d59f809",856477632.79387
"37063e689732880621e4e733",983590848.944994
"370a0d0da794efd58cab251d",1016907343.82445
"3710ec95af4702c45f165279",813100850.343295
"371a0ee537001f7a9d58465a",817389336.320376
"371b5ecf08973fc6e6849d14",787710913.303585
"37227e66adec69299f853e51",747497179.896876
"372a3934e8179422b5cf5729",726865134.375855
"372d67ccb9d251e290891f0a",421498813.599739
"3747996611a842c452865a9c",895892090.333743
"374ca1a16b8eba42b35374ac",759160151.170432
"375419559910484b17782b47",1478989146.63016
"3771c66b9ecd6db0b201d4c4",515542972.326147
"3786baf40b31a20f3bf3aa80",537078571.335788
"3786daeec4a4fb40ef07d8e5",947807337.869244
"3787f6da3e961c0e10d30e6d",1048246120.94851
"378d846a7af35e0c3efe53a9",897284053.396769
"378e6374da00b72bcd7920df",729460243.266017
"379429ee3675d1adbf816cc5",690879895.585658
"379c4fce87557848548b0944",500280170.164575
"379fcab709c66fa146d3491f",865199672.316228
"37ac1ae3a7e2a3319eafbb58",594103885.942334
"37b8e8a194e4f2fed7ddcd96",451880160.411115
"37cf2c5c1c6fb6e601d2f76e",397992497.449021
"37d12acc69d0e3e92420e62d",803058114.554183
"37d39cb7d3849a784497ed0d",920970435.037679
"37d5a902f1036cf3d80c275b",806376939.451764
"37d5b8f329ed1ec29d4bc035",549284786.654429
"37dba4927e327d3a4a0c1d36",678487816.924361
"37e009a57645b845b1673b8b",729534566.927351
"37e0fe114a3c7406daa57443",886855028.086985
"37e28ed39a51956880d211af",1294826813.58438
"37e696957da15625da71146e",564463823.270215
"37efd3e2a5b6567957c62081",697004863.927806
"37f39916813a58b844e17833",901794425.377176
"37fc4ce5dfff7faba6bebf8c",829983313.288848
"38026eb43ff9876cd5767ac3",665809991.126647
"38029a1aa22c0a5beb065edb",977946566.403154
"3804d5b313b742228ef0f1d8",1249108290.91514
"380759598c614cbe10ae4bfc",775022064.411625
"380ae516dd46442f97acfe14",921159019.786244
"38117bca778373247df86e14",588578705.814474
"3825ce5030d951ef0fc2f7c5",470954029.056196
"38328747d2e1e0e568c05523",619322575.623801
"383af3a5794a0ec3efe78b2f",710216461.582994
"383b3198861942064a63184a",689357653.908392
"383c0948aac71636973507f4",685235879.950059
"38410183814a757520143737",781709797.320784
"385488342bff3d3587250c84",809386920.837458
"385fcde12021f4bbae6ac2fa",550974959.20307
"385fee7bd9ad7722d45dd034",583570314.779433
"3865974fbc1b412f24c47eaf",914256412.155565
"386ad1ba1cada9649f3415c0",792681795.118852
"386ee01c3f7bd8bdb91181ad",1036397729.09818
"387af5fb4b4a7f5c3fdcce57",745095083.004735
"387f18b1f01b1aae536752e5",644496606.797384
"3882da646752a82db088c614",533087499.012102
"388a6dbda422f886e503e685",1495891606.92214
"3897d9b5fe3a0cfaed7c18a6",530299539.835104
"3898683e5d24bab9eea24d30",728474067.196016
"38a0fcb41f0dbe8b0ef7af8f",661485258.153026
"38a1e2050dcab9b4c70c5e83",531152322.950875
"38b424cb0e54f0f7f2745781",841752225.725945
"38b87cf007043b76670207d8",1172368592.73854
"38cbcd7f88c1520fa083af9a",934099577.438733
"38cccc333e2c38bd608e1880",701294822.078322
"38d4b1837c595b6d9a23e994",961988741.118282
"38d5b9319bc16bae99fe73b9",769105777.478012
"38d6842c2807d54f386bdb5c",857222179.212378
"38d6c2a9beac610279bc110f",504429092.529494
"38dbf1b9c5963e9c3d008340",876240068.526431
"38e84c560b0455548ce186e4",474832412.095842
"38e8630f2c05ea38e2257c21",684774262.844614
"38faca2d6e338d328428f986",641720223.876145
"390107256faa08574d7231d2",756944746.14494
"39124b1ec419566a371af8d4",838012353.065047
"3917b95a3d05a5e58c117f68",629988740.8628
"3918fa99179953461fe07f2a",1029548995.95961
"391a98a344e894c6397d62f3",451035897.470451
"391cfff759030283411dfe1a",466627134.626764
"3920eb3f72b96fcb58ef778a",513929241.531011
"3921d7b508fa1591d40802d4",448532508.636467
"39222ab30001b3cf45b7de65",519746200.639359
"3923f0e655615aa6b52721b8",810254546.975015
"3929df6d73b3ba01bc018476",481876583.146773
"392abbc83cfacfe87c401e27",684524990.029935
"39351adf139f820864dfe8f4",1281538581.25464
"39377d0d271da03ad85c7bd1",620824398.831491
"393d99ca47315ae98fe9e7c8",1442486721.9297
"393e2e7ea1f20eb6b4148d60",894639663.943132
"3943b64f9550a575f15d6d29",1126259659.58858
"394718d9d069a126e13be804",836014110.490828
"3951171501fc51e2d830cc82",1199658047.24774
"39542105a7c46ded0cc373a7",894425151.984893
"39579c195f288da8d77f5ce9",978925675.337944
"3958d0cb732f3d623764be54",734876822.346219
"395c34e4b8f52cbdb0522459",824755217.869365
"395e3718423aeac3d40494a7",682936915.574992
"395fbdeb9f0c0586a2b20edc",581353982.362299
"396761edaa353e0828949bbb",628408271.367188
"396c8060d9767b4debf2a54c",785408132.225138
"3977cf1326ff502251f78f66",753864201.942259
"397a7d1cfb809e34797f2bb4",722729934.685262
"397d0f6319465fd7fea6f710",1006792578.0133
"397d4e490eb2db8a1b18051b",772544541.68819
"398274b1c46fd88151420c6e",575845955.4395
"398a67970cee5dc873d71bbc",1013723600.29258
"398c195aa41ace34a16b0d7b",1117974235.61929
"3991b04509fa61b36a8f7d2a",1009003164.35035
"39940234a26e7264b464450b",799598669.764824
"3997c10ceccd2f8c8e43cda0",1214613890.29375
"39a12600317b58457f68b5b8",440077388.236099
"39af71aaea23b5c1e987de32",557479606.356583
"39b62c6fca161b80bc6726c4",1312533574.91022
"39bc028f3b42d9ea48808ad0",434230654.249168
"39be6f994f2cd3d68b51126c",824606520.982625
"39c1613acc0ba4fe622c1f31",825705078.391341
"39c6bd862f908b7e8088f0dd",787735788.048629
"39c70622597e64c4821d0731",1065615620.48206
"39dee9b1661292cdda6c4823",649800474.711054
"39e306be57a992bcc75e089a",436273128.080578
"39e4765ae5c8284e1f3f618b",852621963.250203
"39ef085809bc80e32e7b6af6",1290871171.6251
"39ef4fb2a43fa3bba15a0b16",821455551.662637
"39f70d6b68b22668a0631f37",916685694.794339
"39f9f736d802b166ed688224",1111811917.74753
"3a00543fb00cbc044a5b3527",379341140.098701
"3a103803cf9cf0451582d89f",412284452.239071
"3a10398b72905bd710ffe9e1",1144874632.13962
"3a26efe201689493724ba464",624807912.479509
"3a276f0df8c12422e14107c5",892100571.000661
"3a28bf9841e6a9d3f1bc293a",858251144.711607
"3a2a2df4f07902b04b809125",749907281.322466
"3a2cacbd3b4f9a23514b1433",1406835524.6974
"3a2e95f5eddda4df84b2e2b3",576867528.975953
"3a2f110334251e97abe3583f",569843921.383153
"3a36f59d7c0e6c4eb85ca0cd",1235199870.37874
"3a384d68b7ddab45e01b6e99",896572440.337788
"3a3ce11d981d0893ec732e22",894822848.054714
"3a40bebb521445fcd32cf033",661409687.859998
"3a413637f3108ddf7bd53bcc",786115398.410425
"3a488b9e24d9b8fc7c222e20",444114854.353991
"3a50d40f15b1cf5bfb338092",441298550.641467
"3a513410a390c75fc14b0b3b",613964173.648841
"3a53919313bd750f2b1af906",1039833842.12988
"3a576586fa1aac85c2ffb75b",1498336777.38078
"3a6262eed8967d695182e435",741499380.324642
"3a810dc80d3a63f8cf106717",882173185.710981
"3a878d44356885ea61bd882b",620059408.327943
"3a8a506c99ede47ae2257e87",758594332.876994
"3a8b7b9048c82797fb01a8a1",803691254.716552
"3a99197868ce338c738a3b20",753937955.609677
"3a9b2ef74c59e96a6b107357",695247706.240912
"3a9c7ec02f3e7e419669fee2",444815790.930341
"3ab2ed6d140698cfa41f2e3f",646402782.804433
"3abe8f334f0f20f8006ca5d6",513875929.443733
"3ac517f74dbf8cdc8feadfe8",645120605.236793
"3ac77ed776aa4630c7293240",988158442.757718
"3ad3c519ced4b63ddbfdb0a1",429032843.149759
"3ad457c8855ab8921a7974c7",804114170.607739
"3adadd50e603746e5e4fc082",699037015.289771
"3adca5eeda4939a5ea11444b",841784588.506192
"3adcc2c662c8c7c9db5f0982",622774518.290594
"3aee70815bcf6effcf0e5fdf",1125534735.4329
"3af2a1ec9efa6884a8254d28",705645035.918046
"3af3a702988bfa0599727982",909332338.948577
"3af4b54bb5ee5fcff80f1e53",558855924.871282
"3b05e06aa0bc40b9db16416e",480312257.551815
"3b0b0bb06d95c5ea1aed2d95",482830728.310811
"3b14b48188fdbb0917414039",811285753.699877
"3b16ff50ec7fa717efbd62ab",854867479.354674
"3b185e3e31f7f5e6a1b3193c",782788461.414055
"3b224cf6107d815a2e78996c",808175259.827944
"3b23a71bf40e800a66bdeab2",434565569.113734
"3b29177e99201cf4eaae612a",1034408617.59144
"3b2936127f5a4684a1d3de22",740631933.869553
"3b2fa7905fd8fcb3e11ebcf2",963125365.303818
"3b368c10d243f6bc9c027061",455058678.732753
"3b380c563ed2505b7630feaa",1130705505.30267
"3b39471f854357b7e5d2853f",870788834.913023
"3b3e423e248b23090a2897ee",611924734.32152
"3b43e7acfab46651b099b1ed",1099623914.17995
"3b4b303bbeece313f92cb85e",784078213.724353
"3b4ce006ef95420847da20b9",684974981.903535
"3b4e889562e4078f8f369172",738922315.583935
"3b51828a1e891f3a52a4653c",772365980.259801
"3b52bd5eee5ef8e3871dcb3d",1162821203.58241
"3b54ab53b6e3453e333a0939",387229068.672157
"3b5a5d6536a9fd24f02e8ba0",440766403.157636
"3b6c37e7e6ff1c03ee4fe995",863150568.052585
"3b6c94e3e3684eac73b3e7f6",1970162322.81443
"3b6cedd9966332f0722208cf",462822302.251123
"3b6d88f864f6c1759f957c73",1314745880.51391
"3b739666f401ca6b2135652c",1022771829.25953
"3b758c26283c2f11251bfb89",1042948719.59251
"3b7ddf527979726fb8aa1683",643418405.450031
"3b7fd4008e14e394dd09a0e9",1475226255.98198
"3b823e81c5378ee3c977e863",715109806.499781
"3b8302dabc47048245acc09f",777947762.336556
"3b98c8e46cf8477a1968244f",630092029.520036
"3b9971f91bbe4b8dcc704ba0",762476054.86723
"3ba644c7be754c21e3cc48ee",881065470.916042
"3ba6b07e752fa580f630eb8f",1054513026.82319
"3ba769d65f02217656e0f5b5",1122557556.13757
"3baeb28cb33d048bcd6e42cf",392585753.525257
"3bb15c6313ee70bf4d88f4e0",789349557.550732
"3bb987adb4ff573ef09b8c12",633092492.592198
"3bc1d407f7e7c8e67f7dd27c",779466006.944987
"3bc68bc2d6a2b81f9e3b9a50",880698840.761094
"3bc80c56871193dd782696d3",487246828.695632
"3bdce823d3b96e8f0170d96d",857245085.787733
"3bdd7be0b5e18d266189d991",816551727.1566
"3be69554b1cb31ed5732a836",771124706.080976
"3bed16373c8ae820187e3d5a",790702185.155205
"3bee8a9981a1e9e13a05cafd",734101904.903998
"3bf1bea2a835d7fd11e47ce8",562863553.511419
"3bfccc757ef82ff2774f2db9",1361697848.19808
"3c0b438c7a4fcbfaff9f678e",807477502.617593
"3c1b1f86087f9b99380e387c",831055087.759011
"3c1b7a0a306e16e8c22d78c9",863395563.07494
"3c1ee7e502c6bfb20873b47c",701143995.752067
"3c268e9119b8027f78f91954",751517647.417652
"3c26b2954be250bfe239db68",389915549.954273
"3c2a535f1df831771b859a86",775186419.315966
"3c2f62f464aa5c48c470bff2",828928156.303531
"3c35c8993bb937164ae4a880",834183810.024846
"3c38153bc36b364b92548965",1000781239.28793
"3c3a0f57e030472879f454d8",784793996.889697
"3c3c7861a9727bedf5e3cb29",940863947.970699
"3c3cc027fb179e91a46f11f4",561161953.20881
"3c45bf3e3e31e7804ac91704",517584072.671268
"3c4c18326318a7207b589dbd",401161711.502372
"3c6092e8458ee81aed0db0a3",670662054.701076
"3c660885ddd7e98ba5ea26a1",1511244678.42263
"3c6d485d7b01ddd6147746c2",610906497.0216
"3c753ecb3a4f8ce43077a6c1",1142378284.71151
"3c840c206546c20b3e53d4fa",791456308.494603
"3c86651d9bbfbb335f15b544",613079812.907966
"3c877a0fbe08cda958ff8f46",1159564196.6306
"3c8eaefb3f5dd8d4c9f5386c",742162742.498109
"3c95dcc4bc3788b4cd5602d5",793182323.78681
"3c9e3b97db788dcd10acf0e1",517606624.002506
"3ca0e7723afebbf53e390297",881899561.091354
"3ca34fa833e6ba10cb4b1944",593617546.200644
"3ca74495aa9adbd533ccfb96",981223202.086174
"3ca7f183cc0b303e5d455309",1081088066.15592
"3caab5e89722761d5ab2498a",639150333.224116
"3cb1773d90dc240c4ffed5c4",1030014824.53559
"3cc722d5c764ac261611c2b0",456058575.824162
"3cd016f68705e73b819cf74b",795028839.094211
"3cd3537b5f9475657060cae8",1314788421.56056
"3cd5562115870363ed5d7558",1126657764.09383
"3cdee5304896e4cb9604ebe3",838772597.334226
"3ce2c7f1ee7569e1b916cddc",817302723.899255
"3ce50f34a7974ec17178a79f",818592684.016702
"3ce908c9b70f349158f7d04a",893791123.238264
"3cecc0cc43ef46670a8e69bd",858865706.23995
"3cf9282136fad24af0f7ebb1",876759599.155996
"3cfd9ba5c6993718c0c532ff",670999725.530423
"3d04304c8644c81114c36f98",970992299.468082
"3d0cc51b7a2392f3be3b1666",714608561.55121
"3d0de71d822da8a999bb6222",538866127.641008
"3d11a16b008c26fe43deca03",589286685.543469
"3d141576443a97b0202c9672",1048252560.37587
"3d162a854aa05447e2cae0c0",786175501.49057
"3d1a767dc286fe1cb86ed9f6",975263272.500562
"3d1a8884a9687e53e5fb0bb7",774449718.464433
"3d1deb639d94b292552a123c",923782539.788849
"3d24d985b95a3e200a734bc2",1377924112.59196
"3d266736d0307404a5804073",665372131.053508
"3d31144a77cb51647f3deb02",759200654.428148
"3d3317303679a6a5a381d0ea",1141274910.4893
"3d389130627ca7bade643f47",727132577.331242
"3d3a318662cbe218db0878e7",1098203157.00724
"3d405df6e5dd012419f43ba6",813444036.308224
"3d43dd23536f843c2c5bd268",765913729.184616
"3d44c742b1aa4c022a968ea2",358900305.629687
"3d474c6a88ceb86e00f68b3a",643324025.925714
"3d4c48167a8de8cb0e4956f6",992336462.888873
"3d57abd322b0077efa1091df",1109240868.30655
"3d580d0df1bf9dd124c282c9",786437357.294213
"3d5ece38670c1c96df4cfff8",690957727.278824
"3d63320260d150d134fe8648",731336879.436212
"3d6815fb68ce959cb95e225e",778188293.569534
"3d6a9a4f2336a46eb62e6a47",1175537588.11232
"3d6d51ca99f2747d6b92dd19",801089996.832261
"3d722d960b860b4bee79ae2f",654033398.947556
"3d9856c3ee0a4b5a833c69ab",593906612.436417
"3d997123b33373024bd2cbe1",967688406.853677
"3da41d55a2b9f78c2b10c75d",817083264.584362
"3da9de8f610e5c40401a5b78",862284385.239428
"3db3b80a902c10004cd3a3d5",982611495.70143
"3dbafa8cd5225e261ec9b6ef",431445700.568091
"3dbb09358256bae5199e1318",644365374.91377
"3dbf89c6e97182647bb44e69",780265008.207709
"3dc0fa238745fbc31ba88853",448028516.412434
"3dc8277f29d0a2406fa25ce1",499329572.021659
"3dcdbb92628e6a200adf48e8",1244892106.35602
"3dd4fa53bc59e5852f9fee98",890206420.894506
"3dd8085a65f24b497ea59557",889123974.281326
"3dda25226646e1e91f4c948d",906429687.115042
"3de5d35f742cb4eb68d5f314",730751519.79613
"3de8187003cbf6c4813bee45",454759745.364751
"3dea0748459a295fcbd2f0b6",510487974.141538
"3dec1da01706b06f5d6a9266",431986936.003941
"3df855d8893dbc62eabd95c6",592052123.221196
"3dfd7e954d6f7f40af60bc9d",614488273.363778
"3e040e87b89a043564f0d0a2",791398399.92031
"3e0c656b64d39ab38201a112",557085692.672046
"3e0ccd899ad73579898fe73c",1112228651.34479
"3e18c851788fa8724ca8b7cb",530009703.297646
"3e1a1b2a518d3ca2fe3950b4",722436105.493775
"3e1c2c5b0831edf78f7b7082",709848716.198008
"3e2c1d2cba8755ffad9cff27",750237715.114448
"3e3717eda8ec9a68c9d83027",512686855.833709
"3e3880088f0df7c447e27840",649444251.791266
"3e3f264cd0ac7a65ed2349a2",1120459516.85133
"3e4c1e6435ea1a9c3150aed0",588578705.814474
"3e523ee3a6c2d89436539792",957886781.825729
"3e6645f2cd377ba17ae2e46e",445545405.551178
"3e66557e876a876c259c40a0",783948439.165109
"3e7217f628a1d0fc9bc47071",847833945.031566
"3e7f514983daa92e49a7c87a",348304112.633984
"3e85b447edd3b23b5a0d3b79",715711919.222841
"3e85deb0237521f1a7a8fa84",867137347.57256
"3e874c25176a3abb336b31ac",724775233.671979
"3e891afdcb568befebd66fe4",485748697.865505
"3e8a4318d93b1fed4c48f48d",1162795554.41032
"3e9083411c44213130b2ece8",768632632.87053
"3e9754a961d2cf348c9ff7af",769335453.488153
"3e9cdf767389ee551b5349a3",551590743.293009
"3e9d73530ff24d3f4a543091",965323620.994509
"3ea5478270517f299b20bd06",774812381.958008
"3ea6e8da2cb0bf83872dfd8c",762305138.090636
"3eb79541c2ce9413d2c54736",841752225.725945
"3eb97ecf8069775b9104af85",1072318026.3489
"3ec50faceb434f716d73613c",1068639298.50121
"3ecdb7a7d178b48361340ea9",747062339.86892
"3edc0e70e7cf6a21be2f0d53",438580974.517103
"3ee3ee47bfa21462a1fd455d",597463530.454625
"3ee9cfee7b0acd482672ed47",654362294.132143
"3ef167ca6c4ac77f6968d17d",911572541.281835
"3ef8fee6a5cf42827d8bf562",1066666171.93723
"3f081fb77ad08f8370569bf9",676306730.326861
"3f0c845deec1c24472a35efd",1393171787.8464
"3f208f32cc24d8ce1506ed90",787502447.823933
"3f226452520ee8f04e306bb9",1184467175.6223
"3f295e6c14e23cff1468bf82",890331219.166215
"3f2c18ea5d8e9a25adca4c42",908349422.225686
"3f35c44229ba13940d8a705d",1100859750.21005
"3f370094239ab6fc817e9ec0",1190536869.50881
"3f39a260b81dd7de1dff2b31",978018543.187801
"3f39b25dedb96409dc9d1947",1329376623.69057
"3f418a8bcc7adfa87e0f67dd",878763244.322411
"3f4272a3a4b14ce152fc3abb",774789138.60903
"3f438d6202cfd4527bd8f983",560488291.943725
"3f45ed2f08a2b03b738fbb5e",477498227.009346
"3f4c2c98a5a6cb78d7d26327",390404200.033555
"3f54091296f773f5a1bb240b",1083712657.01888
"3f5a0cbba1433e9b6588dd73",644614395.134712
"3f6b2f0c0876c21755369cb6",868992135.022929
"3f6c05c97778fbdc86304bf4",982816967.617573
"3f6eba5c365508ac192f2b82",506537741.45978
"3f6effb8881ea683838437be",775094950.604412
"3f7c5d8304fc650bf97247ee",805083072.224024
"3f87d08afecc4aba03587848",958166726.829075
"3f895518a7fccca44e534578",550395072.927731
"3f97341f90b11e6a7a7f7c2c",919367482.635022
"3f9a3edf25152433969f98e9",783411357.074858
"3f9e95762d2f2056e9716039",738198055.890769
"3fa0d9e247f28968a5bf8476",610606579.502282
"3fa4ef366575bc72ca5a0582",1068887172.65239
"3fb3a581a9a74146dcf9b71f",560314172.48562
"3fbc0746bd620a0baabbd859",702233597.794863
"3fc7a0f9c30978f24d688fb7",700851668.696849
"3fc826461ec4648e4f7877da",921758549.494197
"3fcacd1cf9770a2724a5fb01",806124545.554974
"3fcc5ff04edf753621d6cbb6",722855996.532876
"3fdfa23ac43d1df0503ccf1e",964637313.899505
"3fea10126c0c651f02de7167",590707918.034899
"3fed1dd17fcfbd2b86e73143",493039849.163604
"3fee486268a1451a7b9fff7c",951059504.729585
"3ff2a2fd905d81f0422c54b2",665643648.158021
"3ff6e77706eae698f86eec29",815109121.671695
"3ff7b739ce65f0b3066806ba",953354267.278823
"3ff9e75c6de41de517d1c4a4",373912008.158335
"3ffefb3f453c54585fa6ef22",793088036.509687
"4002635ca8b087877ad22d5b",1011893886.24269
"400a103762ad652e81c8d3c6",688985407.137746
"401f0de98764e9fdd4055406",620058803.460302
"4029115038a899d98dc93d3a",638194797.503534
"402f18888d480f5af146daab",827342906.466433
"4032d6a6a13399797a794ab7",786183034.157959
"4034cb3cb77e9cb39cc98fc5",909548441.548003
"4034cd9a70d18fe0c883a0fa",489756160.718362
"40355fef059659469e16e3ec",502412411.059075
"404364fe956884368e2f8300",571210530.524355
"4045e30cced205e8c5b2373c",873196728.374926
"4046ebeeb7ab85affcfe337c",1023689884.48017
"4049086139009c35dfebb3ab",386846579.437928
"40525fc425906c9485f1ddfc",479045410.738576
"40558b62d83e4362efe1fe26",563107689.296476
"4056182cbd8c12cd87ad9e84",808474205.202484
"4057a676e7012fd37af9c3b1",701836659.004747
"405baee61afa4b08dc25e586",973580739.407564
"405bc08707001684d19f6edd",677004852.428855
"405fec98d5a3c8981173311c",870059588.011893
"4066155e224520530ce985eb",494439945.616326
"4066da904062a0041a809b02",591410710.54444
"40713332e88c6d3a393c8b2a",488940269.711645
"40768729f2697b87ed6519d1",910500559.355454
"407e4196114b64578beac143",676742820.668763
"4083248d3d2f2bbf9589b971",822353828.180637
"40871d7ade3e592560d0b3e3",691021358.372298
"4090c1b86074c8e769cc72fd",617966724.483794
"4091a115125eb4a67f494620",830709515.33157
"409cb370961c60bacbdf7416",396312619.476466
"409eb9b8f2ba87ca299a7f6d",431715551.657365
"40a1cefb3cbb7e2972e30d97",562907303.618283
"40a53a3f3d49f7905966295f",860810198.88576
"40a561bf79fa7a08155e1183",642835590.573052
"40a65310ce666e80a9611d4c",800454731.610629
"40aad45bb7a980c9c5e1884e",868992135.022929
"40aaf6665b489033ba0e55b5",1028685212.86959
"40b20b5a3a986802d64f7675",684120591.637817
"40c2ea5f89f5b77cc09d1455",751210197.163838
"40c74dec061500aaa78f78b7",719084378.769863
"40c9f947e826f89c6ff3f898",491486749.928433
"40ce7321869b706210eda9da",714253814.501919
"40d04ff9c405cccfc82ed5a5",501456248.515208
"40d3f1f00de86e74e0304bd1",874546797.486335
"40d5384e2e8f8fef2032928a",446734670.281914
"40d9a852bbed67a6036c6d8b",636513393.626485
"40db880aba8951909e6e4ef6",1009462955.26517
"40dd67aeb6e9979211c9345d",842752664.491687
"40e56beaf4a7f28f8108b132",444181393.785096
"40e9ef1e7c6749b7a8d04ea9",500030768.276774
"40eb0c78da8b51b53548d914",974818651.278015
"40eefaf8c26b8b4736308bf7",673747105.131354
"40ef1682158d0c3cd07f484b",1259625052.42273
"40efc0dc313284d3b57492f9",664290722.050242
"40f301afabee5be092ba20ad",738593466.637072
"40fd167916ff071afdc44792",1091657929.37336
"41037a3f8625082544979179",609263680.890464
"410e5af026805ec8088f2e71",729952785.349284
"4116cde03803e63a3e87e847",1133353928.32039
"41227dc9c9948a5f0688e426",632211505.503019
"4122eca7b73c1347a7814a70",871095995.487316
"412e7b9e1de3df8c3dbcf198",693882279.583545
"41353584f956b9e316c6c67d",658117823.101656
"41376f69b086937257387f1d",984858902.650397
"413d6e4fb772beff60f73e2b",700485145.359592
"41454361857cf70c44e1f5ac",666464001.764242
"41479709513815cf5fc1eac9",770790569.899929
"415622d0f7adb1a9f7009a63",408672092.174904
"415b68c7a5cfb073676c443b",637650389.341185
"415e1faab81016a460db7a0b",828199878.823851
"4163b665043ed27d7bf26c00",486856202.100246
"4167fdc804227ed43224a32c",934960039.772768
"41719542347401b04dfbaa59",813997330.485181
"417e974a3f0d97e502e49800",1062471116.25323
"4184fd9a546823ff1fea0b74",839312100.351388
"41877a677d1856bf609515fe",878795888.714728
"4188712d431ba996cd59fbe5",591465672.285608
"419398139a3aa2ca2be3f941",676262392.847226
"4195a9d13c0a526d7cc959f8",516218649.828732
"4195fdfe50e42e9981fa2f4f",779930303.175796
"4199eaa19ddf8ac436bb2ba3",1125469742.45026
"419a2f823e87ab67b1311bee",831864094.312624
"419ce7158ed62eb6897cf09e",580710905.867684
"41a269c661f20e443a7a25f6",1086749651.8067
"41abd8a2cbca609cf868f227",588442423.977747
"41ac76d4fa450fe0c377a0e5",419110541.781575
"41ae9d3d280d4eebe510606a",826190658.927715
"41d174db6f695472063ceef3",938515306.331355
"41d2864e1f73e29f222c61e0",610740844.800042
"41d3afc1118758b5314db48e",739861842.490762
"41df29e27c0bbb52aa8ffe49",732851590.440252
"41f33deb9990562def18c917",623321668.810632
"41f99600339a7afc8e386e6e",686420998.17886
"41fc4ca2b3f48508d840bbb1",453724867.856738
"4202dc3f8255586e1ccfff46",527550574.668095
"420b03095062d9571144a276",1185988506.3665
"421db6a58670e53f563eb9ad",695441855.314637
"4224e69acf9fb071d4cab498",850063486.377144
"422e994aaca85628ff759004",846664175.768212
"423ddbfe2f575e6bcb22e7b8",736296629.941047
"424b41f5e01ea2e2ccd3ca48",596628781.061269
"424bb491c71e913e900db76f",728037458.407797
"42525c57e13abbfafe9bb395",1328274147.70601
"42556b1bae874a5c09777873",1145515014.7418
"4255eae670033d9c9e9a6e3c",804121334.150008
"428f4bc76d4cd315ba8f89e9",521735448.234764
"429460d5f5c5381e945cf449",926770995.746348
"429b049255a7edf227a980a1",541036744.788979
"42a73bad238f2d3f5e376044",499987342.542519
"42aa1e6f6b8220a63fe165b2",844728552.787019
"42aaf6521fdf1dc9bc50f88e",546721523.728604
"42ac33321bb1920fe2a78036",691099206.002062
"42b3b56289972176c20c4990",613216797.136817
"42b5ebbca90572b9cea79177",557076390.054003
"42b6cf2a5225dc62342d3a20",714164875.99266
"42c282041583e6e2090b50f2",959849733.972756
"42cde300d741cb134a529031",499640732.956195
"42d34ca2252acaf6e777d23b",1599617363.15903
"42d42ad031a2c62be9b5cdca",725634044.409575
"42d91ed3f3615247f57ebecc",949454356.430472
"42defcc69fa22e4c858f3c24",1218414758.16726
"42f05e5d4862d653efda75c0",797718787.184554
"42f1a529f5ff3a6371dccea5",622764459.772439
"42f38b1b2dc077c88a746c1e",622839899.206115
"42fa0158217c9cb820f2a06b",808235811.636302
"42fc4101da60fdb41f41f0a4",1037814092.46925
"42fc6a80b882c32f6264ac10",713931441.090515
"430112bf4fa9324f0149a879",700470708.67413
"43041a793a13a4171f22e492",772372950.675264
"43059ceabe98412315566838",1618678576.39898
"430c46358b85ad4a741c7187",382209900.157562
"4310c7a552b20afd46f930d9",997489810.427958
"4317746d5b88142780e6897c",849513844.29261
"43228eaa1230dc0f7f1473df",562054437.908992
"43272151f217feab78190393",661367348.104879
"432f082ac51bb0d39ce45b0c",997451214.366761
"4336ff9b2dc1d97ac8f9694a",429049118.43672
"4340fcb9c80733260565c24b",901439193.788658
"4345863fe83682f6091d8a77",525046104.071729
"434782c3d1dc2b9ce7bcbbd9",857399510.578034
"4347966ceb1770f758cb6e37",904835877.06569
"4347bf26ecd61ebc7a16b4a3",605739456.403894
"4349d6bfd5a518fcb231cb3f",734330227.732675
"434ff40bff8fad0962ec07e4",617424423.105359
"4354c1b6b27a87c451ddaf36",442331667.125581
"43600371d44fbbc81f6b6fa3",446345642.634503
"436089e2bf605d00849691e8",973190234.381675
"43650eb8b70dfa256ca64979",806024708.031876
"436fd4dce2ff0f71232f4b6c",546042722.430636
"437167a9db41b677da7d5a7d",550395072.927731
"439004dc23f97a878ebf371a",847925386.870903
"4394a27b21889bf78927ddf8",576675559.167134
"43969367322e86c68b51c2fa",512193174.163109
"4396f94f7f3c403c43d3ede9",703714917.074776
"43a2ceffa8ed90bc1a43255f",454262688.562376
"43a3fbb8218e73b956ca50fe",810995998.372226
"43a91a731e86b9a0784f717d",769686698.556172
"43b10ad2660d7552ab6c3b10",844405514.418646
"43b2fb09efd1593a94b61b4c",679791132.766598
"43b5b5a9a1615eba48ab8b66",544839164.893939
"43c22bfa9a14df7b0126c12e",487143661.880442
"43c88f1874dc7f91c899df36",883981776.24214
"43d1fb0646562c3f1dd6fefa",705335693.319967
"43d7b77a99e86e8bd21a19ff",1209325727.48503
"43e11f10650837933261fa7e",725992298.136846
"43e59f5312e304fc21c1e052",966382010.902488
"43eeb2567c61bfbb059fcd4e",816234558.566264
"43fd6b5cb01d05c9b1db0e65",700203285.213529
"43fefda5a3b0781578d9f2d3",736747177.84847
"440cd2efd45c019c7151902d",993579663.777318
"442c6bda79f63bae28674b1e",717776410.271461
"4433060d0fa95ae1382f2de1",505581748.574643
"44394e66504a4d77587ee105",896442524.689451
"44412a9e16b2824c4a520a72",694625529.523879
"4443407341bec8b7b0af40b4",809425599.151762
"444c68a7a6cd0b794768d5af",791599161.860168
"444f102b4d54503044154ff5",684974981.903535
"44551251fe345b31ed71aa5b",517606624.002506
"445e241d8bfaceb149609d6a",486987329.253061
"445fa7f5e8e9d7f12e8991d4",829395937.482441
"446138cfd3749c0b6715b0c3",1252142331.53163
"44672de0d6d9d0cb3b4ae938",697177973.845163
"44760087930212643641eeb4",1305933094.49333
"447dd594fdadb1b12ab32e6c",751056412.788643
"447f51e37fda773ab748814b",884015699.138053
"448ad01af4c5cfba3feeab26",1069944323.96874
"448ad6cf4b43298a39c7b5e6",517284277.791796
"448d159391c38e4ffcc405b4",632181678.60556
"44916ca9b874075f55949f87",726838185.104395
"4491bda913188aad3c66ef20",948139601.402903
"4499adb2aa3aee94d1f1a1b3",1388347078.7358
"449cddc4dc3ef1e93b7f7c26",495749924.711467
"44a587fc89d6b6489157ff49",1054121511.58926
"44b623f7fca1a306560172ac",621535049.848311
"44b6382d9195ceb3f12d4939",848891616.111315
"44c8131b88accb3b46b79ba5",464990807.307437
"44cdcca08e1e66a1496fac6a",687648103.599959
"44d596fa36e3992208292ade",860220566.227484
"44e4574527acc86977f5bc41",516698851.33651
"44e9224b9735235fc7271672",482124603.410728
"44effc9574c74ea4ad98ede4",551745811.271654
"44f0e088fee626993778e7fb",557183371.397743
"44f5380847c175a42becfcdb",1238198690.74358
"44f77a86369d6607753adc09",647691509.45241
"44f8d5ab70828e06198579f3",972343391.09516
"44fab96fa2ea501e0b94548d",1241852323.01799
"44ff213b9cfb3604b7e4b66f",726826783.749272
"4502e2809bb5bd47b2781212",917669759.396616
"450c4eff7e37a271fc24ce3b",829451871.46709
"4514844d15690b7331fdb6cb",690679892.275814
"451744cf3ce55a98db8a3562",911984709.928956
"4520ceed2e5fe3458850a805",1223956484.24728
"45269f56121b796d0392e2da",1044508914.42625
"4526cb4a2b8238dcc4e496e3",1062115334.20789
"452ae373210337b8008ea2a3",1385554807.42833
"452e0518f7164287e47e6354",476049401.702704
"453202a234f5b370ae9e586f",902997660.256547
"453ef603a66a34f17ae22227",842559324.626866
"454e4126257189bcce9b681b",1069076966.9611
"45550aa81c0151f1fd9fd8fe",959589689.137178
"456243bb3fab3e74df21b5a0",515688714.648088
"4565bcc95c54bf0c8d376eb0",812292119.23656
"4570a3ca0571c70657b4a1c6",647475931.427944
"45750daec6238508791d0d4c",802025071.8605
"4577c1623c8407e95e893e63",617470689.088597
"4582ec985de48290c5f1f5e1",526600039.961272
"4583a6b01449530079415768",1069944323.96874
"45917f1bac415feac7e41124",446930318.964505
"45969f25857aa7263927b400",796153812.93587
"459963742bbaadbd9db97723",880987529.693654
"45a033d121ca5afef24161ba",869370071.433117
"45a7517c4d29f5bc7787dedf",793665311.326896
"45a8f6d942533794501d775d",854867479.354674
"45aa335dae223bccb31ff7cc",782608841.280818
"45abee1de734dc32936d0b1d",591070847.829439
"45ac018012e7dd91d41a5876",754756381.221653
"45ae1e929b0fc88718151191",461446881.486332
"45ae8ffacfd00fb4a4f53d0f",1085808822.2906
"45b894a8b028be29ed137f1e",1997760866.18703
"45badd183bb1a4c630174f3a",511547006.733243
"45ccde79aee811756030903d",942795382.147185
"45dd7eee4488e88d71d46783",1038674397.04432
"45e2395bee937c187e3486e2",992522940.651361
"45e2411d38589a2d85774c5f",675847129.776968
"45e92799de1a5334c3d2d72f",518400777.304731
"45ee2db87e9ca0a1a9faf050",688274921.239468
"45f18e0bb676d2495a227dfb",518264317.62402
"45f24dd99d362f49c0adb875",543243772.449912
"45fc0d46c7a4df7ff6976fce",1048393524.02903
"46136f5f078dd31170c58e64",766741483.268082
"4615a8a7af9d7cefc7fe4c4a",1214700141.61919
"46161effff173111bb6c3a32",1065088747.29073
"461749398bbd48d69b444d7b",592107659.17085
"4623317e8c9044e314ccc4e8",740470388.088465
"4625168852b335b223a05bb3",919910999.110242
"462c7546b358b00e617ce012",831557021.829252
"462ced9cfb28550c160e5664",804278818.952643
"4630a9af58fb79c0008e5fa1",719043212.033929
"4632f1e8fc93e268ddeba07b",668502244.144232
"464039bbcabc650d659f6683",822233108.221501
"464864b367e16547fe319229",841579905.99361
"46529f0455fd35b2f4a489d0",484110306.845347
"4662aa1c44351dfe271e3a9d",882438078.713047
"46673c69814a0b3f25818dee",978540520.924452
"466c542d7825d36d18a86486",877210301.796198
"466d4240af2cfd09a31cf3ff",681061227.771039
"4670d21fa84e40184f03d5de",418095347.201227
"4672d1c9c3b04fcc87a0ae9b",881796552.70638
"4673ef4fa28aabb0fe61043b",444997968.249128
"468df200fa490e667bfaa31d",847891788.88919
"46941e09b153ec19f86c0c2a",1352314666.61091
"469b33a6f153ec334b6123d7",431190604.353216
"46a2a88ef09b2aab932ea02a",790576377.928306
"46a7d0f520dd1e78c0cbce0f",971547420.483204
"46aa67b5e0abe39dae442d76",508948795.727777
"46c34a4e5987c20eb1f5ff99",785793571.333096
"46c42803286c800351fe633b",729660601.378487
"46cf5b18fd7bac0d3332d70a",845723270.941293
"46d0544f411bbfb6b452858c",735581084.939105
"46d34fc9a8edcc199a537b30",1072272623.18063
"46d4b0cdc81137aa56f516df",1045276919.46057
"46d77c92811f0c87d2d4907d",990046650.291229
"46d8bb3e9a0ca584d3c7a317",828838123.596007
"46dcddfc78444011abd29870",734231349.200494
"46de3fbec5bc6c0e256e7751",560515772.134774
"46e7860100b0c09a6a475b9e",791117579.736097
"46eeb8f186f86f7859274d4d",1020400247.96907
"46f0731f62232b32eb733dc3",822021461.897505
"46fb04e7578da5741f6da4b8",490536606.907111
"46fcc0d53b263beae95b8eb9",1222954405.74699
"46ff039321805b51870c64f2",989136159.671091
"47051c25acf866250b5d3ec4",748841256.391309
"4718488d664194a3c0c5b446",848378465.933559
"471b5135fced50f7cb4197e2",720368813.473714
"471bd64a0576aa67f494eb98",855540982.286672
"471d6fb8037049e1e4d120a7",925492691.552973
"4721d06c49413558bda1fb68",650635905.577335
"472601b5b5719855ae3528af",959854407.636491
"47344a66471fa51f61c64652",751038883.722223
"473a59415b6214218a15e363",823666510.099485
"473cb30713e88ecf782651fd",595237573.840195
"4769743185eaeb0e4158e0e0",564475450.691471
"47720fb9e2586dced75db114",712463567.806582
"478ac408d2a5c603aa23cbd5",926426645.334675
"478e13e8c1cb5bc80f1080e0",769684981.10652
"4794d9994512f01a4bbb6c48",576240115.026781
"479b2c9c12602551bbd0212a",539624322.143252
"47a3c63f65a9794384c655dc",789605876.411742
"47b5804ba1a998c3e7544092",603982969.843682
"47bed52dee0d311ae0016b08",731672442.075713
"47bf8d322af3c13e8868ed0a",693103392.323086
"47c2934aaa5934c68dcb9e51",918536226.734608
"47d252717c4bcae3e1ff19e4",971547420.483204
"47d288f8f9227013424d6976",369512934.199361
"47d7ba800f164f397fcafa9d",714859438.83581
"47e0c773f65485ab7c78d49f",705837689.045708
"47e282cb12ae01243d713178",611622023.744091
"47e5ea8cb7f5ab6703803690",857231596.542374
"47e6a61fd652a3dd37556ddf",626699510.839138
"47f7065118bcd4c3878e50fc",714155876.6
"47fe78f6299f757b231be10e",988562199.950707
"480041bbef3a540df2a36ea2",691954629.100453
"4803a3aedb6c20eb194469c1",677122508.346014
"480aa7fe286f4aa31f56d4b9",782029951.860817
"48107a1dd2a3b027637f250a",1000781239.28793
"481492907baba4574d4a6f35",1125008987.40263
"48299e52748ecff3b69f7a90",693660539.13185
"482c7150c7555cb35558398c",1117878120.50776
"482f57e65a3f4c6792775a05",616049835.087529
"48378a6148532f71abcc2f98",782190078.298015
"4845ca0d30483b36bfa55061",834579527.098192
"484922bbe02cb218ced0e779",628983422.543875
"484cde8e47fbf62a339c8219",1001566149.98357
"485cd615660dda11586f797c",984966288.736541
"48740edcbe275bed3c82efed",750769822.329777
"487ede1f7f155194b69c531a",494901590.252575
"48815b454dfb64fe60e2cde4",688020248.211391
"4883f7ce7086ba9c8ddd4315",823862603.684195
"488cdcddd0938ad0205ab8f0",1573598161.05346
"4890edc33a555cbbac71795c",684160816.789588
"4893b21db2d6aa4417e1cd1d",1015063640.61635
"48976c41de22ddaea3f8c296",678406232.074728
"489fca3e6dc044412d00cca1",899674440.288483
"48a20e676a060954308c9ecf",690132179.974367
"48aa146a36aba8a0270a8a1d",1214613890.29375
"48b1f800656bcae6a9e70802",727625600.435115
"48b270a493af4fa28dab9211",508168868.340707
"48b34600046c903f0ae4e6d1",1098233456.18914
"48b9efef82faf72bcbdf66b2",1126456864.96902
"48bee96c1f65b8e283d67483",428502714.500707
"48c346042d9cb826a3714466",518789517.47243
"48d3b0ef6e5f999bb90fbfc1",575759317.633843
"48de5d43e88caea594ccd27c",805326869.828679
"48df432642971a97d3d4bd45",563469828.897378
"48e687093fb26d29cda9ad6e",441317338.68279
"48e71c45f41778f8dca24cf5",661822411.344533
"48ebc3d79e01061c926066ba",377110739.40026
"48f1c6e343a4724ed865533b",1054284618.29382
"48f9e9a87e7fc0a678460e05",806598340.612525
"4902ccbe8456d3f0a29e5059",520493350.490571
"490b89e972abd7e64b5ba6c2",896809668.794747
"4911a6285f548dd30c8061e3",608637088.618155
"4911d01ea0a4505d5db5bb2d",619504508.062379
"4911f8879e5bc9c27ac13bb1",614062861.181749
"4912c91afa6e4aff6ffdc6a8",884132504.264803
"493367258be5d63dc8db97d1",1175537588.11232
"494580f4974c33d7ce0cdb28",1055390566.42913
"4954ce465ba712543bdf34fb",470665252.72169
"4957e0b129c5caf47b026c58",831802848.28039
"495aa774f4db66db6df30e93",556651942.867238
"495b6e61d1b887f8b4c1bcbf",408822133.004982
"495eeef459e80680720a0ec8",462166124.343115
"4962650cfa3decf487ccbd0c",991191573.890281
"496ce19c015093e97144d375",471666364.925363
"496fd5c93b2a578d970ed55f",531556684.028484
"49721aafec7123f6ff4d8010",750389104.959672
"49737c7682eff2513869b3f7",728245348.224267
"4977af03eebca1aa266289e2",911463080.373762
"498d632cf0868a8e641cecb2",452883236.613086
"498de85ba30cb01e9c686081",855416762.833471
"4993d1487d78cd9ae2c23619",991722349.82885
"499f6f4997474415f0bd596f",997478071.826538
"49a0715897795017ee0de843",550253308.113537
"49a2d111903c77053d44573f",612370818.535473
"49a4cebdb22fc2d72bd1aa78",728233704.557345
"49ad389014995f0187edf726",696868194.4158
"49b59d19432dbeb8921e57b8",986740253.439963
"49bb5311607e4c7600caa03b",620951517.235188
"49bdf0f970af03d83a57dcff",1166495295.84622
"49cc8164d94a2afe8b750af4",591584494.897674
"49ce19caa1325233d0de331e",1136788645.26962
"49d020d2056717c2108b0927",636306040.542922
"49d42ab711abd95fb5947c0d",909879099.582629
"49d6752dd196e7dd583baf44",602255355.523958
"49d9cb2bcc98d69222b03165",1002760303.73967
"49dbaf0bcca86f32f86e641e",1132323310.63765
"49e531941384af389b0aff59",414434022.155023
"49f0323d28ef0610248c87c0",707049317.443473
"49fb2771ea6c1e8950cc9a57",950042736.429241
"4a016eba4744dd01954f137f",401124513.252154
"4a119b1bbf04b4bd6051c5b1",1029152312.43954
"4a20d03d09fb9d0ee5565ec9",624628092.762658
"4a2ae08359e1ecd39b43afbc",762412790.489131
"4a33d213841d2af537aa967a",1004890628.57831
"4a3a6698b5490216e8f8e6f5",1596220627.8679
"4a3d0390e005fa5b4c9403f4",1161375949.95112
"4a3defc2b7d2cd751c9c970e",925271727.094715
"4a4fe76c58f5735ce6b018aa",837033274.925087
"4a5405b1e181f5b10fec35a6",806474992.375761
"4a611bd82c9216a3771ca7b6",848571183.443828
"4a629aaf60a113402834c042",1064867059.16121
"4a7156189e1f06b0fe87a7fc",765049636.363461
"4a73dad0ff8a5262e8b07c4b",894389794.068789
"4a7ecb05c9886bc35f6b9160",637503593.334386
"4a809b3987cff0290c1df8fc",551500724.798109
"4a80ffd8e908a3291a32fb6d",1027066057.67328
"4a81bdc14b5bcc4c84f5ce4b",564352510.522258
"4a85c36fb854e922936b57fa",564372955.094181
"4a8acae29064919c68fc8600",653178377.700112
"4a8eaccbde5a4a6747818d29",928664403.548568
"4a9e2358d64df916e2cfa213",777584220.587753
"4aaf6763c105ddf2a6eddbfe",522495316.416331
"4abef5720fd889512ecff70a",703543060.199215
"4ac4fbcacef08524ccbf3623",396252883.522792
"4addcabbe23020d3d0d46ac6",620059408.327943
"4ae10e7fec364242c88e511b",700498987.477305
"4ae6d75b10848d259ecba576",771316363.788747
"4ae7dd50c6b743bd47340f20",767036356.266663
"4aebacb9ecd0a117307c7841",955817444.767351
"4af83eb7718f5823ae69fe47",979463260.317903
"4afa3a1b63c076123e7a5279",1183350393.47526
"4b04e0296820d04421db5219",572477972.072448
"4b068c79664179605b145a15",960486855.207125
"4b092d4d5885cc224f6775e9",367342020.202352
"4b0ac2ce45d7ee385ca369a2",764722696.159019
"4b0fba692104472b36c38c3d",850676993.035332
"4b193d78ea6e3740bf37b36a",534747793.098914
"4b30968cdae59b4ef3298f19",1045177693.9004
"4b38595746dcb78fbb459781",667051413.981294
"4b3a6baf8196a59bac8c08c0",480601355.416661
"4b45cba0d601f29c2b7db97a",887054891.330578
"4b52ebb0f0a8878def4170c9",896349053.667265
"4b6fb9b705d80ff350bd620e",467486040.23354
"4b75f2b374e8674e8b55eceb",1070710060.15917
"4b82eef445edeae7a55fd019",676122979.640411
"4b8d7217da1b1f225f254914",798798414.983667
"4b905620f76873355d317dc1",705047162.194264
"4b92ca1cee4739104e620871",1274548636.7257
"4ba19ab08d1fe7f72d0dd37a",889889578.14112
"4ba65b1fb8d8ab0a914b0b8c",689571726.937714
"4ba85374c1d1f1d3f4632ca1",352942566.678168
"4baceaad0b0081bdaa37473c",867314900.380732
"4bad47078442f3416b2c1ff4",455197521.291129
"4bad966abb5e8c4121ec69fc",637715065.094567
"4baf1bfced8e85013eca94b9",963125365.303818
"4bb0666c55d174e0280482a0",695243656.154592
"4bb5265c6e63449e5fbaa270",1013197112.61787
"4bc1e2cf5e5ffcbe1020df08",716527526.671663
"4bc3f597867c6844e9b47fc9",545173913.015871
"4bd031478b15017efd41b2bf",1103253573.31066
"4bd0a354d75759510ab6bb46",711680036.505504
"4bd30aa3e2b4aa077ae27490",691138808.255738
"4bdff22689954e5b1e575d30",878853730.028854
"4be510fa977b93e34a789f26",691021358.372298
"4be6d93d8ae1375156444f05",470058165.136662
"4becfb041b0439429f2cffb4",692792035.299757
"4bf02d040efe5358d4a5940a",880905885.909503
"4bf284e6ba81bcaa21a437fd",625002346.101806
"4bf620c6c6d4c916bea70e81",794340864.178859
"4bf70f19da0bddec9241d310",588699221.673184
"4bf89c9e50c5417ed669c481",633551858.688435
"4c00508300f40d74c79f2596",607049743.029773
"4c03afca943c3f2484b8db6f",598766222.272604
"4c0892a39011cc6a37fc1145",669984746.527225
"4c0f9275581b5572635613a1",750648230.383378
"4c11f4ebc622483532c24a06",748074173.95647
"4c14547b7e02e75204ca9f4a",672887738.002678
"4c243fc50d5511a1288bdc0f",624481128.583424
"4c25d939eb3ec218403dc4ce",844539315.16109
"4c2b14bfeacd87b878cbcc92",799364550.789145
"4c3865a97f5877090e7a9649",783638105.205645
"4c3a2b3e3d5999f747ae0d53",995541071.056527
"4c40683e401dae89f6537ab0",687768163.245481
"4c59acda820b7b75823fa277",686958389.508477
"4c5b79f3656501fce2e2178d",660882879.766229
"4c5d3dd8802acb9ee22ab912",1115665062.02415
"4c79f17573007a39bb2b4b7b",958955109.372571
"4c7e7cfb286d82aa96356fb5",901212100.944836
"4c8ca73cb51a58933de61f0b",852033067.764944
"4c90ce573f1d61d11294d05c",983054694.974141
"4c94103d4366bcaaee4b550f",952994474.912363
"4c9dc4494a3428435457f575",407497519.918065
"4c9e6812520f4aea4ce435ae",1012337010.21699
"4c9f3af11fa91e729384580c",844661576.587836
"4ca66e564ed478d06c471357",579308350.419303
"4caab3951bd6cb6dc71ac8a0",676722501.310857
"4cac81eebdeb45eb0e8aa5fe",880843919.415515
"4caf356c110a50c6c94f3eab",741456463.428946
"4cb11f32806c0e07b4251984",795200569.198599
"4cb59b46927df31150830d5e",640130265.872206
"4cb5e4aa83c476a5b71d77ce",963316181.50773
"4cb9319ff5adaa62386b713b",1113359102.32526
"4cbc74a93e33f7b4812e1a7c",695673623.981113
"4cbe75a162b076c4c454dfe9",665852764.963517
"4cc8c95dee29e43463a8dfd9",638640429.248
"4cc968db25c2cf03991c0041",880732694.599168
"4cd5338bcf246ebf263baa35",425870237.296673
"4cdaece5d1dd4e089a99f47b",589366586.078124
"4cdbcefc434b48ba3d51a498",1065469050.44813
"4ce0fcf14266d144c82f8d4b",624229102.697174
"4cea8ea969dcc433fcb59d96",1020739761.83331
"4cfd1be6a93641b110fcaf67",456782430.469599
"4d069f925100b6cad0b657b8",525046104.071729
"4d0985935e1432b3916d45be",719347223.160118
"4d09c2354c67243c968dbbcb",596167661.155195
"4d09ece928ffac7e7d270bd8",457569134.266032
"4d0cf77f8cfcada2265ac585",430583868.40989
"4d1b0315b5aaf21bac150d96",726211394.845906
"4d1f49443787c874ba19f968",1082026525.91126
"4d20f253940a4492b4f6a9f0",737630539.134314
"4d2ec23fff8eb502a9d93353",1084210897.44735
"4d35e00e86a9d508d82ea90a",418875619.975199
"4d3a66e028dc8f3e9ad9e9cf",719424999.072674
"4d3d887d2236c2f897f3bbd4",429397582.023378
"4d3f5e7ecf4d361d7eb55f5e",700501762.387632
"4d418d0079828e244dbaff5a",648932674.431345
"4d45fbe5a5d39188b5eccbfe",983014367.773743
"4d485ae48974213b1594c905",935450330.785979
"4d592a67596afbca92d26bcb",741147779.549983
"4d60db10157fd0b5eab9a23f",784276393.119898
"4d666967b74ccdf5b04e9787",640358531.094008
"4d69f7c7e0e837879abbdf78",492106675.22773
"4d743a1250f7d91e2782708e",669664201.654822
"4d852bd93332172bfb081aff",1141655621.76915
"4d85bbc09ae56cd85a8f87c6",775023081.630443
"4d882ac2b82569f74aa08824",443740825.701287
"4d8b338266822739bc9c8fc9",1008002741.42623
"4d8deb43d663fb079262708f",841613799.960173
"4d8e365b35a6b8ebe6d7a15f",718401836.366951
"4d94a2295f612b96264a0db8",529684911.871248
"4da8ef54252a92d9cc62c174",972794933.271121
"4da93e7126354a474d435a4a",927084390.288665
"4dacc190eae91b059dacbb00",1359884051.59626
"4daf52564456895ca7f4429c",723176029.215642
"4db632fdebc000c9e64a589b",816095465.121876
"4db834146c4e73b515d510ce",710883080.211016
"4db8d32011163bc4fe01d02e",845890954.82884
"4db8d529af9f718e6d81a85d",449909385.500337
"4dcaaac494053749f30875fa",961791807.106928
"4dd3d1288ccb66ee4fb9c097",1306762387.10697
"4df222356df121a41adadda7",460786401.239136
"4df3717406f9852284576caa",553830976.263389
"4e01f07ee4b1241360de460e",1242713358.2052
"4e0b1df5e05ac505c701f519",466752708.919498
"4e0b293ec3d5eda7d9fcf8b6",754242318.471349
"4e104916ab915cf3c0bef846",887477014.837826
"4e134600155a64783b3f8c3e",974464911.642722
"4e1b5798dcbed1842f260b17",649163283.247457
"4e1bfbbd8689a95fc97fabdd",472653471.20702
"4e25bad08182b79f5ba9639b",1127928412.67672
"4e27458d179a469435d02ff4",776906025.098104
"4e327acca2e033c3fb305c5d",698504261.557114
"4e3cce6b581e74879c2dbc4f",458593583.79311
"4e47d2c8ccf9929ad9c84544",752767640.645602
"4e4abc111c07656e5bbdb0ee",845223161.943591
"4e613cde51f9760d3c051562",784238759.55837
"4e665d479b3bf2e25cd463a2",852218424.719179
"4e6f695bcd4d3c0d8497c1fd",1011645776.52114
"4e78cffaea2008f3919ba0ae",680745632.944364
"4e78d095988a92642a1bd18c",722252696.069999
"4e7d3cbe3c62123fa7e2d969",842622078.758092
"4e84c5953b493be7ca96103a",908315632.962353
"4e878e99ad2fc34400381c3d",712301911.05082
"4e8cdb49a2bdf68ad8d12625",1145578040.88413
"4e9acf6e9f80f65178766740",777947762.336556
"4e9f1e21c855f1166428fbdd",450123404.496707
"4ea46b833575642ecb2ed1cf",377187955.623236
"4ec02a406caf200b700f5c62",791922269.838242
"4ec06163d39f96baebe11bd3",819275945.52212
"4ec0aee1b202642d2739068b",893867546.716595
"4ec4683fcf928d9fb33eb7b9",869260292.200928
"4ec47b8100d224499ec608e8",898748506.631916
"4ec5ab39cae4afc3b0e69438",983433714.391031
"4ec741bc6ab20515070cf1ee",810606537.305339
"4ecf579a5d5e70d3b4314ef7",726683597.700534
"4ed3eb724d4e57a7b35ddf5c",824595254.120112
"4ed5718470ffa3e5b5f40bae",590553042.405315
"4eeafa126ac5f301cf60f9ff",414809723.045405
"4eeb8b5347526d721092a7be",763830740.679936
"4eff2f2297ce85a0a3964d2c",981923927.236916
"4f076c220dad47bd9bf248a6",982614819.134148
"4f0b2f7e4d787a108a4d2537",878880466.082143
"4f140229175de685a0999773",432419322.728382
"4f18341de355d2cf57a03983",551935973.581405
"4f2ca698ff03df0c6386e48f",788959496.667294
"4f3c7b9bc78f882f858b3d3a",405089996.753483
"4f431d80287051ca323f2c08",799364550.789145
"4f450ba5de4766e5ecb8a4a5",696763842.945323
"4f480aae78aa068901ee9468",653554600.920166
"4f4e3350c429c6afc0bb0094",736483960.603623
"4f4f7d2b14079ddf8754d6ad",838980758.162527
"4f500afb7f7bb42189820a18",866224033.522599
"4f5bc448658287ffb3d49b75",786963347.40646
"4f5de1bc90694fedd216ef40",1061716862.47008
"4f65732875c007d3c1102140",607092355.527407
"4f7d630c921cff500705ee5a",543397280.857052
"4f8dfb8de411b8a05c55dbbb",819836765.020836
"4f992c2a0526c0074bbcd875",691500953.67012
"4f99b97100d003ba3a2ecd46",807000407.363256
"4fa51848638f4437a3e31682",900540445.355393
"4fab4e66ead1948498d2a4dd",789953792.751221
"4fb644a95cc04f7bc6cda786",682762073.062113
"4fc89ee51cb0e1b9d6459819",1206657433.92575
"4fcba82455866a6931590dec",811906937.303753
"4fd7984773d2872e51574ffd",930206400.699248
"4fd8643e1c43ce9a0c18a19e",1015030526.46516
"4fd8d01a5c3abb90ad70cbe6",730482953.866016
"4fd907c202de4f06cade3b3b",1110316258.88833
"4fdc382b65441412fef509ad",1057833257.76161
"4fe0482ad622080f55a0460f",709031161.685798
"4ff17c9b88aeeff105b8301c",604184821.231803
"4ff6c53c0bcfd1d24bac7ad5",517990135.294421
"500a3c5953f89b431184fead",845061260.923476
"500d7c5346ca11ba934e7ca5",872439663.532775
"501193fb57014ffbd7bf218f",739928422.949236
"501531d637608f7098ba6242",747724045.683108
"50160783a9a0503df5a38dee",527236019.581176
"502154647e351af240615b98",538519743.183928
"50287f73d47b4cc4c2e1840f",846259661.630195
"502aca1a1097438b32eb362e",943512758.980794
"502aff943d74cd4cbb976dcc",845381662.627821
"503a04e079773a04f2abe075",785994110.847852
"503f33d11f75b6b5102ba4ad",534878405.887698
"5045ba9a65b4bce4fd305f82",701158439.151804
"50563038c05963223b459beb",826523767.272874
"505740f7746e0154932dbdc0",468993502.736663
"505f3d545ce83d0c848f828d",773464669.856367
"506763d35b04358fb0e967ff",806645047.70427
"506b653545eebba4c8821588",1203835728.85774
"506d4cc6613a07c313a12de4",907198858.193639
"506f2b1ff3e4e7e43a5596f2",980739448.527226
"50857161c59b991304f5c55c",667988002.643696
"508bfd077c80b6cdfc5a10e1",834096470.101628
"5098115b26f2473c812b70ed",763561741.908131
"50b2bb276e598c9cfdb42b0b",911572541.281835
"50b619ba3e0b2a4c6512bc97",729567484.212854
"50c123baa5783185ddbe29c6",910573333.049243
"50cb0ad562ab5ef4e06f84ed",881319918.207526
"50cb49d65d04a5d166f96e3c",568129392.104577
"50cb893af4ad0e21a69f05d5",693103392.323086
"50d8333064f0560cbe549f89",528828077.759373
"50db9d168354ea3d75a03a6f",789327986.425431
"50de04936770f874e1eb86c2",587435422.859648
"50eeed30ba674cb079689afb",728003088.337497
"50f8068603edac10c87411ec",405378074.386407
"50fe589dea73e764b7735938",424463175.297477
"5102f4786cc032e24781c7ab",803583311.407729
"510c03bfb80d92d180803887",409435633.210377
"5110c49047db23ac3aa4ace4",593529811.062178
"5115b0da9c95559dcee9e58d",1156282750.52951
"5122b2e9638d3438434fc56b",1326622073.53656
"51230c899cea0054bb74cc44",503191585.169393
"51273a81121232e7f30cfd1e",506143611.033946
"512a6de80962ab797ed2bf72",1188204113.09441
"512b4ad817c387bed877b7d1",1495891606.92214
"512effa47a1c7a5420bdcd6e",366149236.218976
"513211d9f07fd6645711ae31",537198309.572905
"513a83ac5bfe27c5b813ce4d",643748049.177922
"513aa9c91c245ee4be31507c",835511755.024961
"513c6ea5a3c2c560c409eaa8",1199880725.53902
"513d0ddf1ce44ca671675fe1",1125239341.34309
"5146ecaa8b7ed507c4f30785",797590145.725376
"514aefd8a44ca048a8088c51",749055360.897048
"514b09016ef85b9ddc4fafb2",741259379.272013
"51516e102f8d43a07037ed29",902687063.403695
"5155f70c7f8978e487e71479",796316831.338478
"51608bf64739db05c47a3bc8",733997152.933927
"516881e914708f6ea6062ad1",831346149.517729
"51744814dd3a7e60c0791041",786263971.891303
"518858c561af5c13c8aef9f9",718410133.454326
"518b37b51f824fa0fb5075d3",897791182.130922
"5193b43c32a2bfb3aac6b2af",908260999.645826
"51a0a1a680770b625579e25b",1497117162.90909
"51a696388218fc2e412f8806",797382344.031742
"51a8c190ffb673d4fc27f4e1",847729470.440204
"51ba7338f5900d8ef12206fe",825683360.678788
"51bf7bc1c19fcd42e71f2463",629393642.875953
"51c48d17e774d6cd84f4c355",705016291.715583
"51c4a8b438bb0d97f712af31",881105223.624068
"51cf2fa527c3db62914169b7",571907198.111333
"51d1df6e1f28c40dc9074b74",1371955944.26016
"51df325f026f4cc5ed2e9a65",1389752921.25609
"51f0f76e2a8cf50ef3650901",555177406.10785
"51f4aec91124a9a96f4c5372",754359971.067167
"51f94ebbd6d2533862a1fdbf",625130319.971218
"5201393754f4a5f2a476ef0e",810045010.991611
"520415ebcdd1a4059d18e2fc",681149058.95684
"5219c3cae1c92b52551a8571",1046644086.44853
"5219cb469fff40cd9606bad9",486316307.908979
"521e9326a2003c7b56fc4365",806005932.892866
"52338f4f7c8af6c649106a96",475894026.044779
"5234aeb6d817b8ad876e50fe",606508165.816691
"523605d1fbb75b0c5acec5f7",792970370.820346
"52373e15e9dc1ad371a0c090",581231030.6644
"5246f7d8023a4c178af6d10c",645557135.344053
"524e00e537f841c13497cd52",629024151.516636
"5271cd1cb962066407490051",950073146.804653
"5272c50f1d8fded01f7fb0e0",709085685.169205
"527a1c27e038e45d2d1fcd9f",506642080.194158
"527a8fb085995119f846a5d1",833514094.242906
"527e4b1b06637b5362c8f17d",724996639.732183
"527e571030a7d8fbbf1a41c4",847503503.183596
"528014ff6b7cdbfc174f4fcb",724524812.883608
"5282c3c48495dc31359e70c6",570416495.065799
"52864916eb1984abca41ec66",935833450.802389
"52871480f7bdf5ac3d785630",646157086.142468
"528a6345df87dd0db33bf822",740289898.770696
"528a96aa31409c32bc9f1f63",1020349881.26462
"529d6599d8a64c63566a11e9",625934363.147646
"52a438d024af0d5c38627ad0",765446221.95734
"52b3823c59546a6ff3de4d09",475913162.844765
"52b52aced4853a3e3d7fa058",757125366.188904
"52b699f9900d81ae85ddc7d6",761174960.759273
"52c1ab7484e412ccbf5d57a5",850652185.516931
"52cec2691ff635031fce9507",549713471.854602
"52d6c4bcb442eebdab338116",989847792.582144
"52e5904902e4d75ad87afde7",566666406.971302
"52e7657a539be5f36f48bed8",1269865468.5882
"52f026e670e9851b08c70542",743163835.101321
"52f24ab479fad35c8bb5a8f6",1003817555.30915
"52fa1eb3cc7cc2f77ff98764",616359340.511
"52fbef3effd854b0ad0f62b1",901396630.811703
"530a3bae5a13291c69bb8474",645281833.565154
"530b25326f39c347a35a8caa",526780983.904393
"5325f16558ed6d2689bcbb46",688128287.467205
"532bf5813d7e70958f71a480",979202251.84253
"533134592237b2748915eed8",1034196858.1085
"533363375cf2cbc50d86773c",820035767.607178
"534466a857d28dcc598e3a49",644883786.168602
"53462704cfc47d32492b4847",796953721.304764
"534be635a841fe21c7a702f2",942968756.336068
"5354a816a7da90e205448832",851422977.936547
"535bdffc5b79d62aa6179c48",1317229359.68694
"53647abd1d1b10c9226eac73",692792035.299757
"53688de79b052b3185fa9435",1091250100.12467
"536b5a8aea016aaa90fe744a",815770093.796799
"536fa59adc007df763949045",855683685.426286
"53715a484e20d6152c76fdab",1059393738.45126
"5372f93d988c3c917629f9f3",680635171.864536
"537a9a2dd0ace0d0131722a1",1014653636.06612
"5384587ecbf956275d86e60a",395937241.292304
"53870de54350a8cd7c13f014",770944003.952383
"53881f29c7a6bef0ab537466",433215450.036271
"539467d04a2b3e78c592b11b",449909385.500337
"53973c17ea7e89fbee5e6cf4",394044370.154809
"5399af7ea98c97b5906efe1d",628964890.349291
"539c12d2fe8cbf950b75a0fd",454817832.685313
"53a447ad5e011909080c0ecb",1475528319.50764
"53aa9cd32e2a6aa346d3d789",697944085.374507
"53ab42a93b6deb152951f82f",1083020033.53316
"53b5ffa0cf0dd12e4eeb6a2a",913971523.622589
"53bbf1d3345eabc2a8b7f5ff",946005372.039717
"53bdf5c3cd800459acca551c",472527774.269379
"53d33316e237830ad463a26b",510729605.489173
"53d3e32b1dc782308e352a33",1162905538.09707
"53de17a986d62a44d7897200",479867922.145679
"53e14e867f8b02c6043ae02a",444635431.974952
"53e94de217ec45ad576fd83b",917802505.886935
"53eab0ecc3ff098d55666699",1041646594.61744
"53ebe061b85f046ed12ee9c5",627895193.443306
"53fbed4f9680917f0615ae7e",509973434.396614
"53fd196fd0c0558ed1219329",413145113.394193
"53fdb16ec08e794dba9a10ea",738895962.591957
"53ffa19a09c447f3759f86f3",684973839.06354
"54022fa49ecd9cf290aefc89",1081871479.84589
"540c4d7a79864885d73cca95",511029815.357359
"54228579fd8812c3ea160341",775593905.569865
"5428bf7f37a94ce9fb2dd435",802646519.149669
"542b5322e59a3273e10dcda9",841514944.294174
"542db19bc6b9a1366715dd7e",745921304.840186
"54304b6117b797791d266cc0",648897522.873643
"543822711986a454cfd764e3",1117481400.08288
"5438c2127072b47e3af428d8",866959831.112176
"543edc342ad39b149501aaeb",427335483.993468
"5440ee15bccc4eaf827fefa8",693828612.675386
"54445913b2dc2d6ba35abc66",1041281312.97948
"54561e6ed5570577ea97eeeb",1053078568.81571
"545db4962e6294cc5ed07727",1166017745.38415
"5461aeb15c7f826f0ce157e8",465645322.208315
"5464fe43eded098294d634ba",838637288.583045
"54673ffd4971d04493a1b1c7",903342652.176891
"5469c33200ffa87952b356d0",418148183.470253
"546b56fbf616a6dfd1ad9d88",1035753252.20808
"546d570784c7ab8746bba80e",577785391.953112
"5472d536d1b6b731537bb67e",866609831.639143
"547661e79bf0c62cb8de63d1",1079464039.3316
"547c8638128424b89d602f50",1103676027.71091
"548791b5faf236b1c03b7523",739513654.964519
"549024cda1c093c9f8bc2ea3",485012566.250757
"54933f8b33a4fd6f031ed5be",915289691.131109
"54952b5f463c64c605576601",456687010.153135
"5498b3e3ca091bb81be87166",589064233.211183
"549ebb2f616d50ca778e92cb",869826118.100701
"54a09a85767156b072c808c8",758522355.399144
"54aad3aa4a166d2d50df48cb",1160651268.53037
"54b474bc7cb126bfe8e6c144",838701538.744546
"54bc553b5b8abad0ceed4d53",613243380.057948
"54c0e5e6d368ec51f6e75c1e",928946096.840279
"54c33befb89cc873771c3be6",1041289293.37777
"54c3eff286c62f05ebe2ba57",546222843.434663
"54c74b36962edcc922573792",497735634.128726
"54c9bffcdc46819f67e4b3d1",942325968.534063
"54cdeb67ca9ea56205e4e533",833619347.17532
"54d10cb2a44179fd4d726f1b",919617735.913947
"54d11dce9374378326f7ac62",556269848.671338
"54de2275006e273686ae5fac",1083821119.43059
"54ec4fd8f49c897c644ce83a",792638497.766916
"54f16cb9563346e15b019102",580955457.34547
"54f7aab6b91b48272a81fb47",847198373.254807
"54fb79bb019bfd10e5481ec9",787843452.766867
"550157aa4dae5fafc5d795b4",613339580.433371
"550c5061428d09afa0c409f3",826216145.897442
"55118881731616058c929b1a",1228109603.46991
"55163359d7cd910861059389",1182173558.94301
"551ca6ad1ecfc7ac21f8ef0d",937058330.54735
"55209683056fe2f9faef7fc8",560221203.361649
"5520cf373444931ed8630635",566228385.559667
"552152b60bdc1ca16d2dbb71",656084419.910699
"552217c633d2562cdcaa81bb",804410005.893472
"5529091bcc05ba5cb2156b15",811396873.739089
"5529d858e9c9e3e92ce8a95a",761342060.236914
"552ab0964056c1d1d1b7398c",945765360.689607
"552b01d72edb192663998c4b",934684109.612973
"5531b9663c5a37a2bdd97e9a",702567496.581954
"5537b994e85c2688fe555d5c",664900869.958519
"5541cbe23acd6ffd4aa0d939",647740449.78663
"554ec896fe4f9d8f2e8eabe0",923529758.214871
"55597a7b8637f24198415ed8",803553829.943589
"555a293dbc104e00f182fe34",569060804.528087
"5561eab714583013b422e7d4",789444231.845686
"556210496090b42ac10cf1b8",1187740672.26971
"55657bb933aa2ea3083e0b90",406605330.663855
"556a39ca66e10ba3545f2234",579445079.332782
"556cb23459a9007127b3ad46",811258667.91468
"557e40fdc93c1824b0bed769",810491302.79441
"558b7d06789a1c8e488c38d2",814813652.044872
"558cb38bcb8de04588bdfa30",830901478.331793
"558d9e4b57fbe6c7e0a09a95",1145880341.5625
"55902baa0ece72e2e8c869d6",1251147414.91264
"559fabe06aaee537322d0af8",497529272.708554
"55a615a3b3919798d54e885f",866056111.717829
"55a615b65a28b64d46ec63e4",461907878.097632
"55ae7bc854658aa5fa49d368",523804212.317722
"55b72f6c7163a9b0b3b0b262",567482999.817763
"55bfd350162592f2571e3a0d",669466778.431391
"55c5e58ec636586755df3dee",629820880.278578
"55c5eeb4861e8cd71731274d",1058888657.37115
"55c7cbf5e572d2342d0d7071",913568214.901025
"55d0225b44a81e82eea3efcf",1077711024.11077
"55d2ad80322427ee3426dceb",896535786.072409
"55d47b5f3d0d2dd7c2bf4034",624129207.590487
"55d4b530b881abfce2d03e56",811201399.778284
"55e307c88e2a943acd64a9a5",602751471.895504
"55ea155410b001104518e992",498157754.494905
"55f0e95dc857256aec65ec1a",1883351260.24756
"55f67dd7302b68477e803399",537185892.929278
"55f747145222c070fdd50175",803248816.264193
"55ff644abd72eaff17d533f0",907617000.998096
"5607cef08511dbbf3288a5bd",817716167.72602
"560a750cb6f8683ccac4563b",1029363039.01432
"561689dc0f267cc5011ede3a",1084949404.1485
"561840990333852ace562b82",591675898.763523
"561a262410ca91d69a58645f",1067620314.75808
"561cf254aba002fdef8258ff",590717307.876143
"56234f11aae98489ae00a8d3",689730641.329731
"562c7846b05072561d96698d",550873561.782394
"56334a9db3ccc24faf138edf",787309531.454259
"5637f3d3278ea049333afff4",572686496.862203
"5644b84ee2edcf7267b2189c",806640124.116445
"5648633b1f92de1ddaa7e7ab",479843516.380687
"565fb93190cd34ac8b01f01b",973478783.186822
"5664cfe452394ff9376bcc8b",699373904.013045
"5666f3c36f0ce4eab2c39299",703262788.778658
"567ca46ac91cc53e3b479547",532599332.094189
"56807890f8587cd75893aec9",769527414.656592
"56822f406646f93fb39d9e60",483100079.591387
"568509a7aba60f8fe2d0cd5a",565876875.104945
"5688288ee38f1a69894ac77a",859679196.179507
"5694c1f689779fb5ca95686f",548599740.939564
"56991f74ed430ed942b2d6d6",1113461986.36106
"569bb17b961fbdadf7106d56",1352994117.7431
"569e2cad5c18a5f393f80a8d",700286121.798467
"56a7470ed14454665aaef75a",1970162322.81443
"56ae6108c1b53c649da2f6ba",825552953.656163
"56b22bd973f94a4bfaaf6b33",808981740.905972
"56b78bb57b2d1f064c47891f",765903599.683258
"56b7a6da82134b135fb7de2d",1116810316.69588
"56ba332c82c36f07ba6bd271",1189532379.58767
"56bd3b61805077405af098a9",748740507.809477
"56c2e8e14f9c6c9a9f046a08",703859007.927313
"56c41a58ed5b9864b68fc910",660618413.968811
"56c6bf831d3c6737e3844969",863635176.982099
"56dd1bc39664f8e9f316851b",846169735.803528
"56ddb54e50deaf650a25e82c",612412397.804396
"56e3e7d822e13838ab9f85b0",596938981.179932
"56e5afaecb2cac6293cde16d",575953847.3522
"56f30ea777f5493139f22384",1598962497.24256
"56f72c2d672b7bc3c264f7fd",561106813.188053
"56fc1855dc6375dee0506133",824413165.69122
"56fe5c13f11813b82dfb04f8",640210359.345281
"56ff1f7e81fda0c8491c354d",685310506.08078
"5703b4ab6e77d88f751bc6e7",809327165.650444
"5703df84eef7ca9bec5bde45",849940447.453121
"57062f248424c47282d3da30",765179846.980306
"5716ed7d678cc2575397174d",433541063.345961
"5717732a654405ba208c0f5f",887715045.671092
"571e1a8c252cd67ee0475974",928587917.537934
"57238dca767ebf3a842c5f10",1102802591.06152
"572488a9a75f64434dca5dc5",465265391.664811
"5724ecee1b12e888d538c1fe",825401172.961656
"572ae40f693551547e13a196",1376628809.05275
"5731cdf8cac0b8371d786c90",804278818.952643
"5734cd4805f5c055d36ec645",888901559.987778
"5738bc8873b341bf92ece0db",781380115.990435
"573bf87f57db6e037aeb94b1",820676539.458128
"573ea1962372999346590c0f",824110609.246621
"574b6bef16abb21fd67db401",589227653.965413
"57551742fefae23bb32571f4",826155208.332765
"5766f7cfab59c920081e3046",823600381.579981
"57744cb947a923584fc6bcc4",368562850.134053
"577b17cb350bd2a646725b6d",997042868.709435
"5787d7c671378e596edfb58c",782244494.076035
"57891292fbd530872cbe68b2",1191024461.94418
"5790e4cf8102dba35e184ca1",702146502.49993
"5796e37eb1a995db5cc06eea",451691603.986275
"57999ba0ed9089739a1f4de1",934242276.549033
"579ee47bc31f5408314bca28",615882042.860654
"57a5f4f83a474ae156f207ee",769684981.10652
"57aa22792684debb8d4079dc",620443199.737777
"57b3791f2c5acffb0097f7c4",1400206388.84831
"57b7aff18c444fa3c577b079",527963066.977376
"57c1ed738536d177d66fc52c",1496197901.83183
"57c29184563b31f5f752c5c1",1002238218.24407
"57c63e412f3fceedd3a7e698",978661461.305493
"57c68d470f6248d00b6719e4",645730813.091565
"57c74f7b9bc5e33cc823439f",802833739.792265
"57c7684f8cd8d78909711b53",448426025.529786
"57c87ce038e4e523b4ec189b",928746776.714793
"57cafce17dc4de3bf8a9ba90",962288984.076979
"57d17db2cc5ce1aa889f1f50",1167920401.25277
"57d8cac189a13c180f08cd2d",484856275.787148
"57dd353ac00d0e99abdb3733",1018319275.49022
"57deff02895d5286eda10d89",1109552299.30285
"57e5120d0b71ec6a67746a59",811913209.30585
"57e8ea351ecd1ff0825b1324",883719114.801409
"57eaaaf24cf82d885f0f1dff",620824398.831491
"57ef53ecf8b709ddc05aceec",869170067.612623
"57f4a3f6fe2e41ad97116002",657627496.006002
"57f8a1e37c4ffb1b8cbd342a",591737698.285722
"57fd11f829e31e198326ac98",1141742327.35583
"580452a616b4f5170eb628d0",478189656.545035
"580d8eee8dc4b7d43cb193c7",866959831.112176
"5814a1dd61362ded4f1d8d8d",1995308285.93742
"5814dc311aa87b24e26aceb3",1037839886.80109
"58185ef7646efa724e904f5b",771091508.039773
"5826567e12ee3192785e36f3",964589455.340189
"5838e86b74020a5bead56161",533473469.22546
"583a8d8c5d7fa63125f62155",804431620.442125
"583af1118e60e46c347ec593",1212446618.22799
"584364cece0bc4d17f0e7fac",452367631.328979
"5844c83fecdf7e09b188c2f0",751400356.286908
"584990ea9718bb5598495061",399766201.741566
"5852773a80f7f1b929c7dabc",1759526893.18044
"5859ec20de4a5036292ee947",996693739.137637
"586fde402c82c1eb5a74d634",637281755.83147
"58708fd9e83147daf1a80c48",575448647.252125
"587e67078115103d184970be",571778898.069336
"588400f7829874f9de919e39",692922402.821583
"5885faa4aac834118c5e4351",765854227.265189
"58954e79191c62ceb1ead100",1128229496.06914
"58a3a9f44bc7846ae26413e5",800359389.355179
"58a5dacf2f664512c2b00ea2",725675270.736268
"58a724e8a0e05140b07539b6",881245875.610874
"58a86bf535b4c16b50dfca06",431915377.935209
"58ac250fa52a1ac7ce39f70f",463437869.255821
"58b139bc16fa2731e4b76f28",634632954.798108
"58b3ab31de2f9fdb0da0dc8d",788321538.785643
"58b40969f1b73182cb6d30db",550479238.37352
"58bc2b0acdb0702732894fa9",633810545.689533
"58bc65fd2e0e4430fb353d83",900833603.876608
"58be66aeab226c35330d57d5",588306765.387747
"58c2b87098ad454b1fadb13a",787172407.382147
"58c6518f9d2d0526d31e7566",428084790.287184
"58cdc29143b85386c76bedbd",1065960618.18296
"58d24ab99d74ae4c449c90ba",888901559.987778
"58d92e8a26589e37b7123716",606505818.950396
"58f02c785ee9a506e899b967",800985450.584556
"58f55e9bf743e2e3ad43c274",700841533.615953
"5910c9b29a1025bada93a5e1",906783308.990965
"5915093d458d4b6589e86f59",510278898.004316
"5921ce922675f6517f8f0007",1306467948.23392
"5929c81cfde8ae068a8b822c",828038721.754284
"592c9c45c07388359f663219",672844358.165511
"5933c18b8cb17cc6e4ae91cf",1068931595.14529
"59374f70d5e7da97e3b8b35f",1031883756.49036
"5943151d9a76010179f6c297",797260180.258145
"594d46a91315527995cbd807",700984729.951417
"594d8d78af90086bf8cdf09c",868647153.340452
"59519bb6d5d299ee0b767224",881265580.108352
"595415e95e075b70c39d5c5d",883771466.968532
"5960f14f2a81075fa66568f8",810843187.725647
"5965d19a68a8414b0419bc68",895852205.812139
"596b6f435f76058493a16cd6",1029974452.77776
"59764968800501c68631aea3",817300228.43121
"597d3f78e2f413acabf825c0",856117918.990331
"59805e5f4080246ac1d92b34",814101345.545992
"5987f6171a2bcb37062ccc94",971611981.062102
"599506739a6544839bd97b81",916943026.26515
"5996fc90f923d6e8527097ae",616627291.917243
"5997da918101ff14bddf20eb",624527779.15563
"59a309a6af425b2028a2ad69",810412272.19477
"59a3b1a44c35ed4936cf7843",890525240.338369
"59afb00a84b4f2a9ffbf71c6",825880561.904673
"59b271bf9e2d29ed35352f5e",685382483.902789
"59b5fe8d4f5ae272dbaa5ba0",1214862591.5032
"59b88e154c07bb7c0ddb4e8f",909143329.57195
"59b9a5730cc8a41bb7a1d16a",844456582.121591
"59be3c447844f31267366cbe",492770167.986018
"59c11d3de7153d2605cc2273",660145602.825687
"59cb7abb39785d5263a156c3",797378120.854149
"59cbc0e7dc6e6922feffab8f",735422092.272436
"59db28ba77489750903261d5",641936592.460546
"59dd396f70b8458772307895",847220493.818979
"59e48259a076518d929f5db8",550898228.293663
"59f9cc9b23cdea5bd4cc3ae9",985791705.979268
"5a066d6bb65d28c2094051f6",941016413.677988
"5a06a8b33611251b62d77e72",923754877.596311
"5a11cc89d3b01eb87535ff1b",866095282.864626
"5a12a15af3c0585d81ba8f5a",742772052.015233
"5a16b30f4d580352710e92f1",757311820.939709
"5a2624a08494481388f6daff",1093198301.14562
"5a3119efc021fd0f102ab958",621802054.596243
"5a3625846567d06dbe4cea0a",982240457.37288
"5a38f908d8d75c5810280e12",505430175.593703
"5a4039f0ca12767138ae585f",739695468.634386
"5a428139d5ce6bbd9505945c",1058139084.03982
"5a44636153b1d4a74d58513a",738217544.209178
"5a44be6fad8878eb2c394ca9",913901862.592014
"5a5377f2d087b7bb183783bb",550281187.179495
"5a5a581ad5540fc82cd3c2ed",787572030.553509
"5a6397b85f45fba27dd9311f",592788294.062392
"5a681060eeb2fc8f1b3261da",758728426.869175
"5a6878f8a47f1fa2fc1d600d",1126585876.66995
"5a69ebde2e113923ddbcd18d",1025867177.03047
"5a6b30b4d33e068d421bc2a1",884323053.928118
"5a6eab133b7e95155f6a9012",447686788.7714
"5a72e2a62121158efe59069d",742619808.970966
"5a7b67d4c79ecd83b7ab66e9",807147800.578649
"5a80dd0f68dc2cf9fb1b0c03",629155434.118023
"5a82fa348f3b97e74cdd3a61",784110201.071485
"5a83bd697db5076016c0671e",486489064.013885
"5a84e6d2ab8db0fc60775d03",743468488.114671
"5a8638c17d14ec4f6d447b8c",691102205.368167
"5a8950a64b4aea4ac13dad45",1062842719.38889
"5a9892659590355b91442979",707188443.158406
"5aa1667bc8db26bac1c72f5f",948155241.952725
"5aa715bbe2b178ad0c9e4b08",571379527.426108
"5aa78a2bc8ec5e2be315fbcc",1133750954.9849
"5aac1a1d5da10b76ba4b690c",1164021683.45089
"5aaed76349fc95f6c12ced7b",1529338086.56316
"5ab0b8b0d6d93c4654b5cc14",518867119.027437
"5abb555cb9d65db8e6c28201",785743681.585147
"5ac98c971b9293bc6a8a6aae",931869915.819054
"5acc9d767e3117bed0fd8464",782190078.298015
"5ad6f4091b77715b7f74587c",603466038.548717
"5ad71b7cfd356a75021174ab",870885917.123659
"5ade8e9c79288d511ce1fd79",801844390.486162
"5ae03c0e33dc7d3e0e0d54a5",728358267.748513
"5ae08e5999ca2ba0a1e2d8a7",696560045.966708
"5ae2fec22f535ec2490174c5",407923637.221995
"5ae3359bfe2a704de00e8801",596248154.574306
"5af99278b1091dca9b0b0332",857575069.491827
"5b0219cdbb8ed527aec91659",874008903.98184
"5b0530f544da162b9a8ff772",779889316.492115
"5b0918cab84af6fa6c464037",769842579.819325
"5b139fdb19ff722a846d71f0",797916804.169594
"5b146f1914acf2ae78360fec",901034862.904292
"5b169f28ea1dc473ddf11580",377033538.984652
"5b1902dd7768f5144ae7704c",1166495295.84622
"5b29d453bd368190e0e356c2",706196740.236489
"5b312ebdf71ab7971f9fd2d6",652487252.4278
"5b328b80dd844db2e946302b",553621779.542788
"5b36bc6e78872d2ca6d3d1f9",597502647.543284
"5b377636fe30946fff973f3d",815271676.038726
"5b3a467a3b0feb8ed81be1b7",1184139320.25211
"5b3ba9e56e24e08e1f81e220",594873316.491829
"5b462279f602c5b67ada82ee",676607529.126677
"5b57258272dfd1babb29e7fb",590483867.823538
"5b5bb8156b98eb51a58e73bd",591634033.299622
"5b5db88fa09ecd8f4b9cef6a",536431907.530326
"5b6f21752f3744ec6e529d74",1014653636.06612
"5b76ae185e6b41243777cb4a",445026639.096797
"5b83b73ec31031582aabc527",459283921.961267
"5b83d91f4d6364d3e4be1428",778960951.57466
"5b84f5de073000ad4d4b1a04",1327165400.58863
"5b908b8abd8dd0862440c172",656147421.778205
"5b9469c3ff6b197bfe3513cd",576660488.418433
"5b9a21a42d5f50ed4b10581c",897982917.804539
"5b9bae6f556700e099fedf08",924099536.760689
"5b9ef8d6defdaf13dccc5ae9",456258804.516674
"5ba05f67a77cebe5cda31e74",869928270.805567
"5ba4bb943139d7930cb91650",703849110.188087
"5ba6b4953759b45cb83512c7",788195603.244686
"5bb87c8d49ba8ae67a659b52",856223183.316663
"5bb9dac6e0e9409e89aa6cee",739665629.420623
"5bba6c40aeb129c433d2c58e",1076960657.84922
"5bbc190cdc5ff3296801ac0a",696747396.003784
"5bbc4ff9cc3ddacb39469e27",917868268.082121
"5bbd0476c27c53e2bcaf9462",777946206.253628
"5bc46671989de2534553ae49",780206335.549219
"5bd24b842a67601630036d0c",794051800.875856
"5bd59dbebb0d6fa71efa4c66",481192101.897503
"5bdb5174517b8faa23df9587",928066847.683944
"5bf6c1862c0bc967da2cc484",1204592799.56389
"5c02d79c59fb636ca4cbe86e",424722014.652311
"5c0e328a04f881674ae1046e",1048273580.1762
"5c1bd88edef0a4146c871fcc",703413388.321209
"5c1d1ee26cbde5b766cb4ca1",974864010.344868
"5c208e5c37aad07602f7cd7f",949843239.463737
"5c25ccfc7ae77f1d85981a79",753260493.272235
"5c2ba5028fd94a6b9859de70",510778053.888463
"5c372bd1e01f3243256e27ca",500485063.295382
"5c3aaf3f75d6d3ae9b55cee6",785954468.399337
"5c449356b8b2d7e0928cce59",1120732313.66302
"5c5039602efa36222e64108a",663395427.924119
"5c50853824c890a5a7f0cd70",1004131378.93283
"5c535b7d92e34c0fe4b66891",503888700.265016
"5c5963c17bafef1a1bfd5e03",975737145.150166
"5c5ea0d8bae75e0a5c88414f",848423488.040449
"5c60d7880850970facc54bb8",1011251206.35214
"5c6e6dae74e39d33621c7119",1108050292.59426
"5c6edbdf110bca5a66a51585",518847036.276396
"5c77e242474e477513b60ad8",792458379.034329
"5c789f2834a1a69aede6316c",466242287.368472
"5c7c83526b72ced12a08e573",832095256.319224
"5c7efb015b8ff7f108c99723",640079298.357987
"5c802e198dc0906016741026",762340133.787639
"5c8240a1ebf6138f81dac715",987738914.361379
"5c8f3b7ccb4340263c255d00",625837327.690495
"5ca0586ab7d20dce5e9ca8a0",611445374.851387
"5cae4522fa829a1614739b64",1068728492.90808
"5cb29f5aaad14b6c33813580",612141658.916675
"5cc0700421954934cd8dc445",561888204.949594
"5cccf025fcc0a7d9ea01b170",458644699.924178
"5cd742ea274b4a8832114080",719204539.740208
"5cde1a59393643d7ed4e909b",969280055.635851
"5cde51bd6de3759821216d5c",1003527565.27457
"5cf70a67ec25288657d6fff4",829059321.376109
"5cfc9e48ab90da0f4e98a7ae",810113530.38196
"5d030db414b00948ec10d18f",376491317.696701
"5d09f2d1cc5fec761ac4372d",893791123.238264
"5d17daf3e98cf433267d978f",1002177165.98409
"5d2200b04fde91f830478aa4",770532504.483666
"5d2be469f69f31090769efe3",768454084.353358
"5d2fd288d33283826210cb90",1335400654.18292
"5d34f871e5a5cb3a655a0b13",799528226.614161
"5d42f42059617a5ca7ff3a32",565886944.223872
"5d4a23137173c0e2288ec418",640117592.484454
"5d507cdfb7c233cf96dc6a83",608027145.85573
"5d54a0a596d49d9f85f1b5e8",843387515.526037
"5d61946d53efdd9bd0af140b",916541606.406082
"5d646ababb10f51c141e0d8a",765810071.083833
"5d6c275d9d3326e738c875c8",888208758.456305
"5d82060575bdb7be33e63ecb",910206628.602949
"5d85d77a06d0f0324d15d162",1119542296.80802
"5d86154fc1769d4dccac1269",762423089.181218
"5d86a1db39e324770ae58efa",413926145.443263
"5d86b884df3627d93f206952",1182415617.75379
"5d91dd63b6aef851e0c78389",779321962.205796
"5d97aad3e83e26b551c3399a",646420901.142764
"5d9f8f380a6434096a0cd906",645004278.56798
"5dac2d2027b6c81c1b7ee3a4",457043876.613325
"5daf1136686fc538db40afad",589123251.607899
"5db3d671b5aa03dc33f258dc",452491460.619809
"5db50c50b523f3d454e94dc9",661409774.908959
"5dba98aa20e371c3947c19b9",1000753059.76155
"5dbcb55dbba823dc31b041f6",1120000812.9355
"5dc1fd6ec7ec8c8af71e3b6b",1045546697.51599
"5dc404d1c214abd2d45b2a0a",1329574225.14257
"5dcc8f6a6854a864dcd27a87",709228743.890225
"5de0f045039122af0052c544",870989683.403261
"5de86bddd492f76596b17a0d",1176138875.14082
"5dead94ad2dd86dd41448994",620951517.235188
"5dedb7b64b6ad0b514de2bfb",728037458.407797
"5df95b44c73b249be0fc69e3",472585380.139355
"5e0100ae728e347eedce5b14",1234993824.49884
"5e04875f99a5e4476c0b4186",659583475.060037
"5e113e1e878da12e312cf875",1146218816.93613
"5e187b07578d582ff3d8e189",717217527.128295
"5e18ac352e3f3119f5f9197a",857963750.307525
"5e1cc2905f7a701f895123d8",602658435.465503
"5e36efb290bb265d81706bd4",1089760806.07029
"5e3785bd517f4faa2bcf43d6",1219627125.41406
"5e3d7da3cfe55ad1fe609579",791108854.547184
"5e455623c380290e0a8e4e48",557479606.356583
"5e5ca2753a908aa1b7fe80a2",831041058.270961
"5e5ea93675900efebecaa19a",473839162.339738
"5e6324cfe41c3676c7d0a5da",898480991.364621
"5e6b2661bb7ba0ce4776d483",398074209.922497
"5e6b54654c98c2517c2e31d7",997618322.282899
"5e72dbafa642e4f416e6f01a",689966015.765895
"5e7ac1ffc0886c27471d1a54",767676127.599908
"5e7e36116dbc08932f5fcbf0",911564554.719161
"5e8b2528c1c0a5c12a476919",1008808091.26926
"5e931fda1e62fe41ff0f2ba2",515550837.548435
"5e935d4a03c6abc86ac5adfa",1083587100.60089
"5e93ed2a9b36625c4450b5bd",663220713.908837
"5e9e9339fe1c3a06470cf7c6",635554849.878307
"5ea150753f8d07c71af45cd9",926981469.128014
"5eb268b95d7b6006b064f9af",769684981.10652
"5eb815f9023e6eb97786233f",1390037483.48204
"5ebc5cc2c1488f681cd119f2",779481763.781575
"5ec01e911785dbd5b49b166c",520673015.852747
"5ec12159380f4d1a85e8b0ef",525900295.667979
"5ec3abf721e13b0d55829bba",645598621.981811
"5ec6e033b9dcb454c57050c3",779481763.781575
"5ecbd5b92092264f4e9101bd",751414038.474773
"5ed1320fe84a518e267ff537",1216535375.89448
"5ed8cd2cf2c6dd5b5241d6ac",1166734144.4163
"5edc37d9746cbef8352f0fa4",703093885.308212
"5ee020d4adc767b3b16fffdb",393959879.820302
"5ef33cf17d4b45277edf35a1",897753087.50608
"5efca36c25884a2822bb7a81",589498529.160687
"5f088237d263c37e78264bba",473900453.300468
"5f0c7a6b4f46203648a0bacc",618301343.045073
"5f0fa37b7c5cf77e0508abd2",931054812.696947
"5f18524e839c2987594a11a9",989604080.96833
"5f26f33bd89fa7563ac6873f",738451804.003297
"5f284a75ec8e9c72abc76695",900431778.662175
"5f2df52db15d2e0ebd327a36",463303625.64002
"5f2f7596a284915ebdb81a35",402842953.570626
"5f39cf56c4e1bd43f61ecde4",762766962.701273
"5f3a1ab21669ad9234d4dc63",1029363039.01432
"5f3a2a31f6d1838e0a9531fd",1164371783.5994
"5f467c6c80023b0174823d85",899317157.533361
"5f4b0ec9c7452b888b33c3e8",755753021.36789
"5f501c4532ade3f412359a1c",1132196032.73138
"5f52e316136696cdb56e65a5",650750131.67696
"5f5346deedcb7cf5dcd1e9be",674426610.087664
"5f537d233678443192d22642",1549295124.46758
"5f5856dd16c0e5131835e650",769105777.478012
"5f6ad58df27b562db077b5ce",699581132.079908
"5f798656baebb094a3c83793",1043746845.29183
"5f8d0a2ab1f9136de446528a",731221096.363624
"5f9ee280509afd55d24f39b7",841752225.725945
"5f9fa56b99677a489a9966bf",668327372.610348
"5fa1c8237da8fc7683bc10e0",890728737.424627
"5fa3b0993cb43d3c72c30093",1157394917.32529
"5fb76f2095eb1a5cacc2524d",682964064.969215
"5fb9bd3aee2e1320dcbea448",486475336.725058
"5fc0f0c4fa019b6f1b2a016d",468034715.038072
"5fc3634e1fcc96b9215a6cd9",1363495458.28224
"5fc3de15eb0cd87be5ed2e6f",674316387.172715
"5fc3ffb33090bf75a81aad8b",787212083.518013
"5fc559104e0ba1112ce00f5d",934145733.145911
"5fc77edb0e5bec0ed8e72a60",562631409.899642
"5fcd9836a3ea537fe86d457d",624715492.56144
"5fcf1e2ab4edf13ec844decf",806189747.573521
"5fd213a5236154ae5206c372",1371597316.31077
"5fd3b0299c0d52e48195fbdc",599362294.920401
"5fd89a857727753eae6632f3",545018038.166221
"5fe25ab9cf4ea071cd6287dd",549659592.911841
"5fe5f3c5919c0ebd57ec8e36",617658444.816424
"5fedc401fc32ecc4d9ba7e89",449997064.878163
"5ff696d8369101b6dc60e2ed",726350326.245066
"6005ebd6442c62f8becdd2f5",1084420683.53079
"600dc823c42aa64f60fc3ab9",591930920.971568
"601193433c99337fe806b158",680381297.783082
"601310d800d88f0d387235e4",1012606542.93301
"6013b8c04f7b9fbc74ef1ec4",640418706.239829
"601da8fc375ba0b3df3b38bc",1050509349.22837
"602abdc140c40112afc1dc98",476882935.100877
"603c736378e07570fb985ab0",955462815.445591
"6049fb02c166ec9b4471a7c6",669082706.104124
"604f1b5149f770a8f370fc75",512088320.278583
"605276b332b5e5984b83ea8d",459642805.783116
"605e7a71eecb13b23ffca0c1",552372208.173807
"606affed5c707249158c4b49",837210263.892203
"606df4826416ea0f146ddf99",675340409.185697
"60704a08df293592e4cb5719",660077624.729071
"6079fb3769f843e99b47988a",674539456.954022
"607ed21e896eb5ffb50d5ead",557365481.637217
"60823c81f0b98e8a57192a9b",792096984.828282
"608a2339d558a6cea9478756",1024485310.70084
"608b26adceba64d9ebc5486d",586908643.533877
"608cf4f46a188cf84f853c72",385954592.923319
"60a04215bee81d26f20cf0c3",793502835.731547
"60a495b86d6eff1e345ecb06",480426449.310722
"60a4f09c268e61fbbe423ff1",560799859.647015
"60b5b0aa0c1319557cd0cc85",1137126011.45623
"60bae7a45a084f117eda823d",800365609.427573
"60c116411ab3cca49f7f49f1",578320660.854813
"60c71a98253b5550d773a529",839372042.817811
"60caee98c3cc8526d16d7f44",622967430.298456
"60d5f19c16554cc2d8e5940f",994249479.797681
"60dd7dc49139e7816dd8b143",710941195.548665
"60de8c37c9eb96efc432451e",1089226289.9093
"60e768892afb284b0e5042bb",950111138.554867
"60f0df18cb4324ce5f4bf650",723862975.914601
"610061a0e67aea7d222f08cf",1141307946.78324
"6103571d9525ded3c09668c6",449504411.060372
"61055e6eb1910507640ce6b4",843055122.821222
"610f192d22864016cc2df1c9",1067337744.7347
"6110b5bf07cf38c437c7ca8a",1093577481.01552
"611a369172eb6e3e2e4bdbfb",1003198852.33619
"611a3e1d63c6ce5ff8779243",891141609.767559
"6121943254877ee48716c4e1",365700485.915545
"6123a0dd128e45216f832e3d",832909083.996455
"6128a8deb1f0bfbbf0d67769",810580058.338344
"613ad83abcebf6598f0079ab",805120706.727445
"6140125d2a94efe499a6941d",611624710.413475
"616a5485bc7721ecfcc21c70",457316560.42415
"61779f1bec05260cf10a0d2b",847796690.777985
"6183257f16bce94113879745",693345726.050006
"6184f12f3a903658f3319290",692496452.926228
"618dede0dbd48df4fe610af1",1053611635.59162
"61953f4c9bac7cac5ddda5d9",996561663.081978
"61974f593c799e5d5090c067",428340486.241831
"619abd5f978b1573761be86d",706117868.974486
"619dab52b321ab297a604185",1013138054.1433
"61a12496ac1e6f39c5ac5d3b",1012361044.49905
"61a363a73f3c93aa1775c4ff",923621337.210327
"61b3bd442f6fc8838e2f45af",830970303.905364
"61b9307a25be3119effbd0d2",611578504.669156
"61ba09084039a467410aeadb",898722102.674257
"61c3c304eb8a06b5a483efd9",719510844.527155
"61cb98125f43429f7f93c898",797753458.227762
"61d6969334fc63611c810e2b",714079047.921145
"61e1e0c49f3aafee6ec9179d",738177588.710303
"61e57e5539c40e5ffeb77997",792970370.820346
"61e9c2375626a18bc9920c5d",539953869.842839
"61f634438de4a10a861f42c0",724079586.170128
"61f84e5a07f37865c31d4a07",1261152142.54512
"61fe9ea90c8a777971db8384",841739899.510416
"61ffbbc24b30698ab8f735c0",683367074.139867
"620e467297aed5c47e22735a",331165015.678877
"62103a85a8ddcfbf5e40e284",1093301990.05503
"6218a5d7267f02c576e5bf16",845928573.517013
"621c3051ef29e8da01e6bb2a",894554181.340678
"62259b400be228a30a655a59",981698642.383475
"622872d345b4b0d9c1b9302f",697162127.309863
"6228854021e72af611d2e59a",790652031.181236
"622fdba953206a65224f2c82",692226779.218902
"62313cfe4272d263173e1ea9",685985544.047015
"623b7d96c0fa09e50148aa7b",813388570.097445
"623df36ea9610ed5c58dbd8b",735934415.690751
"6240b85a47c079cd0efb077b",710593346.679282
"6247fb0e5261d4225f6c9f1e",662215993.149763
"6251cda3676ecbdb6555c526",481252833.50142
"6254ee88812e303bdedb8767",1293252474.79816
"625caf4f4f56f3f6bfd3f786",413033647.781923
"6270356f1cc3dff186d0ff4e",638798842.535032
"6276bb8ceb13d174b8e405f0",461951671.623524
"628b3b56449724e7d945351b",610998814.230011
"6293e4a72b5c84782bcdbf78",896708654.431113
"629a6122db92e378f0eab96e",979168240.425821
"62be98264dbfd418ba21cfac",901027608.854119
"62c017eac96743cfbb61e86b",715836017.834989
"62c39ad30e9a26d8cf3593b4",1071873365.44272
"62cd6a29e98a5b7a5ad38050",601928097.610851
"62d338c26b44153bb075b234",1308336471.50823
"62db5fd2a4eb831d281ba8ba",1275484651.39212
"62dc69d80cd6ea9fb7fe52db",799349158.513882
"62e0110b1c8dda16cc7da89c",686657531.507877
"62e376b22a4cf0d84b7f6bff",1188985479.81236
"62e9330888566f1f826e1ee7",759495660.476345
"62ea31859e01c2f4d4e97baa",760715290.014799
"62f022e19ce6608919eab5f9",422309015.613608
"62f46b8989bee43db86ff589",565069012.159878
"62f96ed5c1e5f28117949a23",458060033.943456
"62fbacd4e172983a2a998daf",822922397.697948
"6302477fe8172d08f3b4815f",676414730.035544
"6302d4fff078a118c3211794",1084786148.2513
"6302e608d8f37e63f4e5cc27",413687880.679121
"6305f02255274ab5fb6bd39c",869348036.635311
"630f00e15cbd7826475d1509",997042868.709435
"63131b8d125073c7dfec72f2",1064148708.61959
"63182bbbd5f94cea67de2d8b",597039613.84621
"631e6aee6ec1f720f3c78775",757865240.960534
"631ecfa47fe167bfaaa967e5",491149487.66975
"631f4c509de8dd64f1c400db",791679465.409061
"6320f26d77fcd56675db6b97",720652682.605382
"632820af2a0477aea5ccfa1e",772327460.168885
"6334eb4a37d102ee00c6e2a1",727824373.189136
"6337f924f515625e7fa638a4",857212409.383694
"633a7038a23ffaf4b3f7896d",1157868936.24976
"6361330195fa7cdc6d5c603b",776165418.310219
"63613a9290bcd9e1bcf2786c",908448921.972658
"63674e7ddf6f2b4d7c6d5c1b",490991947.718538
"6367a127b452cfa27043f74f",808928594.998242
"63698398738ebc7ccebac817",769970753.377858
"63717ed97f95e32b2ca321f3",635587556.524682
"63773145b1a896df26504b0d",643697790.736415
"6388b4cfd09e2b1219268cb2",727295126.337202
"6396667677a878ff61e1b536",463682151.4515
"639b98d0798b5670e7bb2569",903636890.270724
"63a25d279fc5a9e8fc1dfae3",446443929.125774
"63a5989d0dad994a6af7734c",702484111.717207
"63b09e45c1b7dca181491030",816331458.948466
"63b982fab95cd17211a4a58d",499322334.864615
"63cc884a9c5c888de176461a",986148197.997059
"63cdd73026431f5566fe246e",827129295.641969
"63cde4fad1be942dc5ee695d",606526126.213405
"63cee15dc4a6808616a2c2e6",477958883.777276
"63cf422266e7c39a6c895b3e",753981500.16653
"63cff4b5ebb2b6528ad34cd6",749591214.752949
"63dfd58a5c43cc7c0a468209",372967713.218975
"63e1ff737ea11ec607ecee08",886023467.266718
"63e73f1b8b385d89de1329c2",431808374.97638
"63f3295df28c02953241e2a0",563239150.489902
"63f4e57fb2cc22659e80d6fc",474236689.622733
"63fa384ea296390350f23d7f",871274358.858056
"640a801d503d85835eb65a42",1163668309.61564
"640e9fe41fb79ecba89d8951",857590784.068036
"6410d336f6e61c4a81403c61",779612385.183949
"641600a4cbb13b35dc7913e8",1020784595.70848
"641ac8f4f60ae2b9cf6add93",889715328.390992
"641f4319c315cbb74872b8ac",551000761.437842
"64335f6d4c1a7514377be77d",617024893.569738
"643e13f00dfe7787a19b1254",783787952.764156
"64593641e470908ef23b46cb",892527015.198277
"645e1c7b799a489887086a1d",804114170.607739
"645f3c4490ce43ed68c7df10",647607847.273084
"6461c0a03ad3ecf2f8112759",763101329.106612
"6463505a740324c7aa869d79",786018293.627622
"6464d5cc161ac659dd963897",457558073.538818
"646bb3de5a1cfe4bfb7a7ea7",1378644994.22622
"646de9441934226c2ffeff77",782190078.298015
"64731b6eaf4fd2bb6c155013",934797937.032859
"647ec3f486cedf045cdd3b68",637283417.013753
"648217f4d8b5e0e65dea066c",858488743.179087
"6483f2fcdfbd26c621a527fb",951692422.025014
"6490a1eff73727bf62458b0c",537277927.666598
"64955a117f2d9264eb59fa82",855778093.381683
"649a2784beb9b821d36179af",747974947.961984
"649cca8c83352caf7442f20a",857399510.578034
"64a24372d58a2cf535c3aac0",776395720.132478
"64a4528640fe492865ebc0dd",988886340.791395
"64a9f0bf04f1c890cc6e31eb",770999785.113891
"64adcb2941e9553ee394caee",466216671.440378
"64b4837e4550ce39f2f85342",769468457.173873
"64cb8fc8412c9247a5c243ce",1326622073.53656
"64d1c45a2968b0fbf0eeacaa",824265319.773797
"64d9dff81c79a16579cef2f4",1210249185.16175
"64e3401f22d18b573ff0504a",703701476.036833
"64e5093d6bae57e8b4298123",871820740.139072
"64ea18085495f759116f62c9",658293856.347429
"64ecb100d7882ddec6bafbcb",804988431.052515
"64edef308b6a9805f0846cbc",900427207.709893
"64eea2e9a13a8edfe8ac7027",750134181.170745
"64f36d32a3a64853227fa69b",1133448626.86666
"64fbc9cac3f15c0f1a16f4d7",759782091.663308
"65010e340fa495d060e32f7d",470804716.253698
"65070c554133f2b4143fe051",570037722.375983
"6511180e3128e083bbbb6940",776983229.328157
"6514f355887c64136edb5595",1002136945.39568
"6517c1efabdea4c1f93078b7",456913791.114299
"651d5cd65f80c4938deb7da4",796238917.729146
"651d6af0968fc05584cb3d25",749991736.237252
"652793275729ff3b69e86072",544078510.680571
"6528ca87df8bb477f4b6b8c7",659939437.063341
"6542b39cc8d2d13dc828772d",1109118047.43089
"654d2a3a0e02065560ba2484",723632397.104844
"655120f80a39c19221623311",830048218.358298
"655d6eafd78be856479767e2",861927586.655001
"65647ca6e47eb2b9ba20058d",872379523.534907
"6565b3281cc2d632febbb6dc",1167496963.61979
"656c13ca7a1974df58e1b826",1352782874.55038
"65766c8572b629744f00b45c",819761434.938562
"658c0b009a09339a3f312145",706511708.600274
"659abd72d12756ba0670f466",497024859.519256
"659bccaa707b94f303610225",668627560.571488
"659e9ad0f593b644071cd850",570377958.161873
"65a626faaed9d9e3b172415d",573890128.787642
"65a8795e7a5b88acd7a469c4",777247023.462981
"65ac61968819927b8fd9b990",581161386.285752
"65ae1a893abdc2eaa63d9271",1185094605.49432
"65b8c48546af394a924decbc",654997637.380216
"65ba1feafecd7efdcf214ed2",1015712978.34488
"65ba6e178f3565a84c6ff973",1102973008.09435
"65bb6acd9be0f8d95fbc722f",692664716.116705
"65c3e09ee6f1ef0500ca4316",892530020.262392
"65c83da72c07b8e74bf581f5",1041069194.93009
"65d5918e826c33bb950fc008",550591953.083465
"65e1a61d984712e76829c821",907162558.194742
"65eaf65f8dccb8e49a93b753",831453392.735496
"65f736c3fee3d14c31a57d1f",807051709.848507
"65ff6cef76efb4c83ac0611e",678550023.592891
"6601706d2133f96aecfcbfbb",674639975.467443
"66019487c37339e9354ca999",902627982.854981
"660eb3b40b2bcd07df8f5c3f",713888323.216112
"660f3f9ed9a72d8875a9efcd",713201281.008414
"6615da422a3864d415b28fe9",666788192.856562
"661f7eaf134a5b142843368c",549263697.569156
"662a221bbbd961c285069c49",863794763.869062
"662a3e343a7e207ecc09d6b7",789613782.079253
"66379c5752189c150954b4f0",450488426.27261
"663e062b85f16c2419f8456b",839451401.575563
"6641ef09c0bf5f3180952b30",454974356.056904
"6645a3080e5d10779672d139",914428877.607779
"664934c8e209352d2c79c971",753269519.195563
"66526276a7e8da597683e8c9",739701434.739884
"665d62a8019b27bf5ce6e6b4",661554729.973188
"6665e5bc4774d04321d1ba9f",600990589.459561
"6666ab486afcbc162fb560c6",958790048.721704
"666af58bb684c2d8e7574e86",731850259.628805
"6670cde3fbc11c263c6c3163",778386680.857637
"667685f89a61aa2ad5c9ac7d",406274327.575403
"6683685692e955a8ff172c89",874206329.406219
"6687a2299f38c15598d11eef",893005415.015321
"6689af92cae5d7c9c3e2f215",596690025.218705
"668db5244c4d5b5c76b0b395",809425599.151762
"668e5bdda1f4011578534f54",993892179.486276
"66a2ec5aac8969b2be538c1c",1018938128.9843
"66a45b0aaf5f696d35f5cebb",724565291.864186
"66a59937c54eff29ab14b474",1070848682.50717
"66b7baef9c6c3c7ad24636e1",1129210378.88549
"66bc6e56bcac9bfc4a7341d8",496997070.045063
"66bd80fd26836fd426be5733",614414714.876384
"66cf83769d16a4d659edba6d",1092194780.39987
"66d402a9b7d05f29282ddb00",750863088.617832
"66d41314804d77ea0f440695",851462715.151315
"66d8ce8e6aad18a4963275fc",549312999.204833
"66e4f010db2febff23b4a4f5",576980888.02685
"66e9c614882d58c022de7a2c",804278818.952643
"66f58d9d1e1eb7e81cab24a2",1218165629.09629
"66fa7c9e82a2876216b14b1e",839511298.653363
"6700ad4d4d7f70def59a5d59",746759802.241041
"670583e7a2ec6e337429fbf9",1155231833.46828
"670f7dfbe2eba87e55176257",730630986.021031
"670fe8f7b8ebe006885b2777",843365856.982106
"67138978493b84ff42daad45",569040032.792549
"6714f846f2fa3527641ad96c",688676845.628516
"671603ba1f755be5d7219a01",701060855.791381
"6720db016112cd2a4a5e0358",909463956.482087
"67250a8950aebdbc67f7fbfa",1281604232.61656
"67308f6bb80d2a203e306104",446304282.730883
"6732b448d2e4f32679f235ad",997042868.709435
"6732c28a236aa1ccc0cb2c86",782763413.971144
"673c72783eb4f9a02c511b83",893188264.502306
"673f2b913006ee8b33e75b5e",751684398.95335
"674c02227165e1c7189c54e4",985958305.08337
"674c915c52b27df2c06b8bd3",791441587.297092
"674cccf4c7772d6091166aae",1002462115.40377
"674ea6932fa9e6b7581479dc",759949128.655541
"6750be41e08a725705256b0c",1094459174.43338
"6752fcf8f1af18d61124e32c",579981592.481893
"6765fc17d98c08142d3d7757",938868392.235177
"6771a8c70428fec0f21d51a1",857399510.578034
"677c8056695a5a539dcfa3d0",482805860.373271
"6784e116d96e03911e2a07f7",739585981.719752
"678927546243e932b48d6058",1238273931.08303
"678a80840673787b3aa64228",764387448.975498
"678ba0c80536dd27e385b31f",532002873.928622
"678c70903bcb6c90e3578d6f",1216384536.33616
"678d0e011f710cefa49f6465",504013606.571914
"67a10f161cf7215302b6ca1b",417327257.256592
"67a7cfe6e95aa5200c064717",592180093.205946
"67ade5109553a9d784886a46",1215360146.7027
"67af004f80b08fae38f472eb",530779273.830168
"67bd5b20df7f2a9cf4e04358",676182178.979405
"67c78ce1b8a64f36ddf90cf6",838465606.526642
"67c945ee31cf1fa0a874e4a6",625063806.790307
"67cf2149b4c214da77694088",889242014.531422
"67dec8c47ad4de9605d56db7",649926230.810518
"67f664c8f9250a22c10b4f67",799691935.952993
"67f694b29bfa494bd9d9cf44",765657011.282313
"68006626a3321fb0de032307",606927844.029367
"68075b0ac8e779bf5e66dd3d",677107989.318198
"6808b10f5876ca36f569a4b8",1125884794.34884
"680a71ef7ec15bd919c06320",942403431.551994
"68181ef118970fdb1d83f030",861349809.776615
"681e772045fbee930fcc9ff3",1396318656.03118
"6820ee22d6fafc9c030cb286",1293559174.98059
"682b38de3539b2a584446922",429748203.094398
"682c0a5f5f3130a61b5214d8",972136405.08664
"68340674853f0ea101e32b46",414384019.678128
"6834b61ee23cf04daf4fb83e",718263063.760752
"6852e8bbadc1a9f4fbcd695d",713707917.12579
"6859481703fb0cb34c1e564d",514762086.841275
"685982808b30597cc013e2c7",491427463.05208
"68699eb9653684fdd3fc79b0",1166973041.89236
"6879f05563a9f0748088cc65",867492489.544159
"687b1dd576eb7d06a08c3439",880987529.693654
"6883fb90099426e6f3922909",650440167.81789
"68925fb9f8f0c84fa0ffa9fb",831864217.984636
"68939c438c34e79a317a4f3b",1040020611.43519
"68963f5f3657cb64276e3beb",808344162.101766
"689aafdc12fd1610c2393a6c",1000050797.12112
"689b510fa99bda54284cfe7e",840847901.277802
"689ba3a92dd7c12f1965031c",733349660.136541
"68a00651ead62911f850cacd",605772423.880168
"68a3f9ac977f56cd39a6a1b9",1033311981.05844
"68a7d01e50462f7506f8c8d7",802321857.730532
"68a8b8d077a8232723bf37e9",709816887.847797
"68b547621c25c7418cfdf5dc",916605193.57669
"68bda8b092d5a53a35dfaf07",1363410732.56569
"68c145df0ef91fb4d14d001b",471146911.467361
"68c319925551b9484778bb65",738950350.758105
"68cd88b657b59f5671f59e04",437266926.788451
"68cda50b602acb4efeb275a7",710020870.490331
"68d35dadc6d0dea61bf4b513",579156847.507152
"68dd15c8e9b71171348ea24b",1298320727.95942
"68de232e27aa83405b4a19b9",1404259177.15999
"68ea36e3f441cb6da8d36198",1075283578.03509
"68f431548c330f84c46174f6",908740260.823827
"68f4e3d4355bb71db0f35a65",618189789.000658
"68fabddb27fc928b57efcfea",653559470.545216
"68fb3b3cc3e5b13440eb014b",1186962014.13321
"6906a20be4962df7725dda7c",1335400654.18292
"69190139558b2ef3eface18d",624258071.535837
"691b030abfe1190802349715",425845577.744431
"691c35e98d0d5780aa82aa06",586283763.97896
"6920e6d7fff656d66844949a",778107052.915148
"6921133528bd6fa3675ce8de",646845032.785194
"692cc1c9949d35ae11412fd6",496524067.373336
"6930d8e260fafaa5c317dc82",631922870.315627
"69442123283ab024a911506e",1016313385.18948
"6946fb4c877f35e9215ef4be",829734140.44031
"694b0a500f1619c4ac4c85fb",828127262.731976
"6974d82e41437d61c627b16e",902755432.69625
"697b6c6f7666391fc689cfb9",910795371.836218
"698383c101fb784f8e1b1ee6",435958612.127078
"69843aedb25a928097a22a89",605253304.628988
"698f3f1929a2dbbc69865b65",769842579.819325
"699095150a7f3f32c40454fe",773781447.548602
"699412bfdab1157487c81725",1241501914.40024
"6996e88c10a94d9ee7d05357",613229374.209116
"699ac8957d9b4eb7fcfbcc40",1179716354.55588
"699b68daa574a0f169436ccc",732239727.180253
"699bf5460c63a4d0e4542ade",1200984010.05062
"69a1f439de0f06e1143a0006",607343689.469391
"69acab4a6f82ae943850b9ae",741522240.06223
"69ae1f2868fe714ad8e2f114",350516112.716034
"69bcce6b58fc3702580d3234",923012340.197438
"69c28dce8eeaa86605143419",1023273809.46548
"69c7e97037c747b93c33251b",1065395040.38741
"69cb0f3d422c2c78373c2e0c",960124802.495793
"69d1e47b6bdc57512f1838a5",761616355.786413
"69d83d8492db7ade6c37c3de",658031931.314707
"69d9908e13bf7c8ac4c30531",527289531.562329
"69dd957e78fcdd4d8e874acb",700336020.575265
"69df7bc1d82d9723c70eca70",1072587039.26956
"69e663ffb4935aecb875854c",1057162698.44701
"69e6fbd4d3816c4cc37b265a",1053211816.12555
"69f59487924240bac2e75bd4",1052996207.33632
"69f7ab8608b5328f106b42e5",719152878.851746
"69f7b81b70ea61f304ccd36d",644154564.671633
"69fe76202cd89637a15de1d4",599171309.87027
"6a01b6d09d516d67f4a2fb43",590990358.700578
"6a04f8684e083eb6319b5272",716525089.218749
"6a1024c5da689de67bdfa274",1012678231.09268
"6a112af84d5a81f3d16dfc32",924842361.200137
"6a21be8a7a429eacb1de8c1d",1108755132.4696
"6a2ce95a8be0654f193592e5",514380539.264135
"6a2d4d9a257fdfb2ead837a1",622522432.262069
"6a2db40e5f210a31b2f7119e",748271803.80685
"6a39a747417143f0cd24f3bd",1056155511.77652
"6a3f9046cfdbf4eefca3ca69",513634745.023712
"6a42271a0b03bf9a856d1acf",649851682.779235
"6a4f08cd04d558a56af732d9",480025616.898135
"6a6178c4cae2e92a08b0dd0d",730312880.464931
"6a65986cecddc5c47fbddb9e",930136881.442644
"6a6d4f8251ff961609019ddf",471949990.170336
"6a6d990b9b1bea0f844d3065",940072022.55246
"6a8b9fd89b745a52703715ab",670506300.083176
"6a9ef848f22fecb9569098c2",849061272.221922
"6aaefcb58913bb3f49954b2d",938101030.512793
"6ab5a87a537d2ce326c867c1",623321060.106198
"6ab7f97fb9880e48fab16a1a",457305857.749262
"6ac5f5f52cfeed2f0ac9d018",748752616.960514
"6ac747618b6ca674e86cd275",479131537.048138
"6acf9cef08906fe569c38572",972898141.136563
"6ad1fb94accb91bbc30449c4",611688306.504529
"6ad3e1a47d1055b55d14e091",866006788.699112
"6ae2221c504027acfb7368e8",602706523.216486
"6ae4843a827b36bf189a32ff",908311571.118173
"6aebff5b1fb3a438c2c7969f",610377460.011997
"6afa85ee6594d1c8296f04b2",673135558.050321
"6afff7782d129021eebee968",776101496.694187
"6b0828221f9cdf5cf39e7c15",470918426.478454
"6b1a1afa055c15908a855e9e",674564880.166621
"6b1c0866e6f12f7fa8de94b2",693553721.272321
"6b23aa3ca5edd20134811cea",446439297.459315
"6b23f191d2ccbebf9166926c",1013707400.51462
"6b2d7f88f15cbf7d998986da",1028730988.69813
"6b3411cb8c50c1498572e681",612636857.99401
"6b44648a905e7f4c0de6c855",437978782.136092
"6b49a668de0edbe7f8110740",1032023289.84208
"6b6c365359d20be719ce815a",1002370064.50936
"6b7219005737d8660d134ace",1287734720.97161
"6b74ef5c8ab1df614bfba866",1002205988.90258
"6b7aff233052b9bcb6b9448a",1303394492.35667
"6b8c1c7c855656b0e56f0bb6",673448805.759119
"6b8ce573bc2ee68ace26a67f",779481534.162011
"6b8f7074aed7ae7e6cfbb090",908382279.27018
"6b9b9d28723c7ad176a9306e",911328395.323083
"6b9bba3c6afa1f999a9429bd",417313627.285027
"6b9d38e0b9a3e28e3e695be1",1161666015.44619
"6ba298925ffad32daae55385",723027983.869329
"6bb2ac0cf2369cd8fd85bc12",746635649.189106
"6bb760d54e5b0f54d9612a8a",730488185.363123
"6bbb24fd1b9df3df4e939fc3",699233162.01388
"6bbb8f89bae38eff88c89c46",521895577.802179
"6bbf09c3bbc3e3a000cd2afb",906244126.90351
"6bbf67d88846e94a63014eee",1198919247.7983
"6bcc29a0afc735bcf3621595",836424836.74468
"6bd1a412c01387af8810ce57",1252327161.38593
"6bdb3153f267395eefbf588c",732612491.839167
"6bdd97526b1a9cf10853df1b",750722290.225704
"6be0ddd4180b5eb92908da05",452850570.626154
"6bf86a580c8b510b7447071a",727524599.521859
"6bff92260afd556a98d3e3a5",798352628.050808
"6c02bbf7f6b087a1f0c8a47a",610333773.06023
"6c07175274fba6a0dc467cbe",931815359.72954
"6c09a3ccddc797f77d63f1bc",1090816892.93191
"6c0ac32bc8a66844197c5fb4",799046989.345146
"6c17875f20f58b1fb211c18f",1116958162.8439
"6c21f6a3513869f93b32e9ec",1119344296.23294
"6c316d2bb84fff36bb01f14c",1389183971.55511
"6c3435048735371c36dd3892",1170515323.38184
"6c36e346957e336a33a7708d",896253492.249615
"6c3bb7e1696df587990161b1",469804877.158224
"6c3bc8c58ce67b8bb9f5894f",863395563.07494
"6c568d2287dcf12b2aacd388",798108905.334796
"6c589b7e6a3cfad34e98bd87",753589106.593731
"6c598362e322971968739673",352508436.634946
"6c5bbbfa3a1515e5cdec9ae1",837967263.021873
"6c618bfe55cac120a4f1e08b",517884094.682083
"6c679d5b6a1c1b74bf483478",750134181.170745
"6c67b1b0991a1d79251855c3",1212759120.63992
"6c6e7af42a6ddf62b04c35fe",657734461.38388
"6c75d7867807d942c975079f",939762714.368461
"6c778557da9b5d99f90b1238",810391189.836726
"6c8119e00b901efd2dd40f0b",844174956.282333
"6c81a0b90366db9f514362b4",974486821.630488
"6c8c5e22025ca4f450a428c3",815576967.919733
"6c8e1cda487c9841c8d297d4",674625125.636976
"6c8e27967ec63e6dec4bd6ac",1182173558.94301
"6c94fd185169e708a08d3535",627991553.458794
"6ca31945172976c3a11732c6",1064941543.51803
"6caf180e36fe18078703db02",591255691.709543
"6cb19c3e491a60bb2c166669",723176029.215642
"6cc06c89c226a062fc46795a",460411361.493858
"6cc0e6bfd30ed93fca2bb217",526958448.7466
"6cc0fe8ddc318f1bbad360c5",1004313027.68714
"6cc4f32b39180bd1ec7e117b",698494409.448711
"6cc6b0672aaccb8909f3a751",649251884.243018
"6cc7718e834ba47a429d6874",625730902.409694
"6cc8e22f11d382206273af23",902240587.911938
"6cc9d912370da36c38ac2cbc",956997961.405757
"6cd0aca2bc40d83473a39885",879316390.556639
"6cd147720319f60ed2599361",854703816.690383
"6cd4e68300a8bafb9d22700d",755375583.658982
"6cd96d73fc58b1502bc6ead8",728290632.083195
"6cda1a7622d5577c0056ba40",989091943.28295
"6ce8991a39ec7b9883f85000",1068636690.70158
"6cf924390dd3ed4454403887",538008913.777932
"6cfb8a07fc1100569413b33a",911945881.987889
"6d0680692396c07afc1a260c",797502831.144417
"6d0c5546a498fafba15f2e17",468815303.7883
"6d11001f164d81734a82ec1d",429027113.501061
"6d12669907d7d80d0b458a93",1045082885.3801
"6d13129db564ad15e69fd534",1028941629.00377
"6d1534800bf0ce97197efb6f",457298763.889473
"6d21e1de9c880bfbb17350cd",773015474.776634
"6d2328def08bae481705e20c",765308516.615633
"6d255e0026d70dd44229a2f7",1083750191.17181
"6d2ec752890a2f1c4094044d",1076736576.05395
"6d305d6f3e3c2a53515d5f6d",982240457.37288
"6d32649478d9d86d840969f6",801970771.842597
"6d3e508ff42615eb78862723",593855787.134037
"6d4a961e099de1939adc6496",893788200.311384
"6d534e4baa1740d7839664eb",704760408.666299
"6d592a69209ef3356e656c44",655120982.955065
"6d5a91ae44cad7849dc4e969",759854984.382165
"6d6aaf30227f16b2be29e79c",1180624155.68598
"6d6ad5e3ebaba1c11dec0f16",542112882.672148
"6d76a22793aa9b571da64572",906645020.663412
"6d7ac64b8b9f27f61fb155ec",644947707.13413
"6d825b439d8622ab90245049",640688079.002615
"6d848e54ee68e6d8f23b3b1a",551851208.285376
"6d860c215908949c4ba1c536",455940933.975561
"6d8998442d831addafbc878f",903222625.978223
"6d8a0768adedcc1070d28390",947508339.305022
"6d8d2ba62c52445d78f687ed",974664440.566267
"6d90801ea8cbc12f9e2131a3",729091965.225958
"6d9c4bf994147d8892d27f27",1104950396.87528
"6d9c89a406cf2e755d4172c5",439821764.368426
"6db318f828d464be421eb572",619571182.431197
"6dbb494acdc64c03742fa730",886153394.629922
"6dbc77ad8c5c1e39f72cd2f6",956550813.843341
"6dbfb281abaa9a6956c080d7",365611540.140677
"6dd97377cbc262b07ea2eb99",455391501.334152
"6ddb6863958ded0d72fcc6a9",381478532.351485
"6dde6686bfdff12620f198d3",680348072.91439
"6dde9af12b6597425160a47a",1618201635.95203
"6de06f867a28393a9e95c7d4",407029501.936972
"6de3c3d53d6aee18ccdee958",689267409.073881
"6de7bfc5e8149ebc40ec0e4b",531472647.759255
"6dfa362ff7a0d55693793db3",677176889.257242
"6e0140e1d667cecd155c6e23",505595444.067357
"6e07d31b81f3fc9b9de8e1a8",1513015473.83048
"6e0d6bcb01e99fc4959d3f7f",514397558.75835
"6e163c3a0e30e7bf1e909661",489223263.196934
"6e1a9c8457d3ac6a57598052",759995055.749161
"6e233ae6294318baaeebb59b",993890396.252739
"6e26918c69487a735a639c1c",1264643229.2211
"6e2a3e49dd6434ed01eb5e71",825962238.334836
"6e2c39fbeb5392e6aee9b644",1243377497.7142
"6e2f79cf68ac0ba2b1a6b0c4",1077436992.33941
"6e36550a6ff6fdb2711a88c1",1414790022.44592
"6e3cbbbd3f4d0578144cf021",920097988.115538
"6e3cbc252c449fd4b758b97b",483144488.85798
"6e426f60d25aa8a4c6f8c9e9",435920257.901193
"6e4adafdd872a2837921276f",450688787.535516
"6e4ce81e713a571601d861a2",890546391.440971
"6e508fb72f189a4fa91bde58",909861254.98428
"6e51ca1a9c2bba9fa0cbe5db",1047457727.02712
"6e537e91af0de67558bc1ee2",657582952.940648
"6e5383a7f9a68147c2788565",836254821.37467
"6e57de8c4ec2e42832cd4b09",1017064414.86072
"6e5ca223128fa2de422b4009",636290437.219989
"6e606a7c8bc632ba0ba37184",494652963.972257
"6e64677f8d730e1f9ca240d2",1141386291.73081
"6e6f7fa167c0f617f50c86cb",821982321.13689
"6e710984bbf2662a9cc7bc4c",444815790.930341
"6e73e42a0d2ef8d6e403112b",467345418.47635
"6e794276348acc39751eaf47",882382570.816921
"6e7f3a0cb6246f13656fc95c",1233955590.43878
"6e807e25b64bf0de81f51c12",1094687513.77069
"6e895a15d402ea7fcee98156",932342775.735154
"6e8e08e09da8dc598b8a8b2b",685522821.053583
"6e9009ad01cf466e8f8136e5",1161666015.44619
"6e9984a3c3daf63fce5cd3d6",878989364.402989
"6e9c7f27d6b89c5f9696fae6",499298243.095784
"6ea022e53741adac484c1798",669961662.391309
"6ea0d50e822913d0f444d89e",656192881.429179
"6ea18874ea84b5b4840f9b85",466625096.034989
"6ea5fbf037ba7e5c74d7ca39",857780816.139353
"6eabd14e55ff090e8a93c727",727674244.767834
"6eb27e2a66d08a8a60567272",956861535.955517
"6ebe90f7140b738b3696f086",692021236.825746
"6ec4c88b8d3a16148e2e7348",866272622.302314
"6ed2970ed02a3e50ac984aa1",893463671.002497
"6ed5fa8f114431d158d35f43",467295687.142663
"6ed772640e5a311cbfd17c31",790532504.760448
"6edd2530070918074c8e7d07",643341112.814219
"6ee1e976768b68cbc8008950",889278242.566363
"6eec5b03718975e5137d5e92",648214417.439955
"6eee8548b87c9349ce90ac2b",633207905.798304
"6ef43ab43841696400d91859",823570472.821512
"6ef9135481d8fc882a1a735f",822249234.247371
"6ef9ce7a53ba3bd892e21f1b",786634145.082484
"6eff15cd6372aeaab2e665d8",459594809.977174
"6f01f2c67343ebb8ec717a5b",566564142.307451
"6f060a8ee8d6d15f46289759",803569205.627043
"6f0fcd78c473e4e04fd411c8",801736230.623123
"6f17875bd3ecf00566dd5c1b",851019949.4062
"6f192e6a537c1509521e1e8a",698949958.898584
"6f293451319bae38c71b8266",669250507.601153
"6f3041147f930cd6cd4fae05",722430581.174
"6f3070318ab65b867b2702f0",545819178.490634
"6f35fcba4ffd6a58bce85892",778923213.493931
"6f37300b1fefaaf746f53907",1071979392.4504
"6f3dd53b0935c9593a301bdc",534086791.869744
"6f412fbb33519fdd31e741c4",648682349.638405
"6f435cb10e5728ef45be9f29",1489694289.1744
"6f502f363fb55811478e3b88",440541081.142665
"6f52ea8340cdd283f9a79720",727443398.491249
"6f543782174a964402b64de4",667983100.101125
"6f5929e67fb8da068b91096c",1117252634.31326
"6f63e4f866bda86d5c993c8d",491754115.225823
"6f65de020f663622146b89aa",495585629.89556
"6f68b289516faa0b7ef36a34",559447029.281704
"6f6c83ff891e43b7c84728e0",912977160.404489
"6f7bc7fd41ed908494d8e098",1025633672.95141
"6f7e390aa6135019dc5a828f",801264511.299342
"6f83f14861e13af92a2b8cf9",472042846.406191
"6f84d405f419590075610c5e",776589147.159926
"6f8a0e8f1bce0243ea50213c",641776421.265879
"6f8a22e4dd21f44bc6d383af",1596735645.49008
"6f953b9964d60f6a74c81226",744303790.115232
"6f968f62a6fa4dc255397bf7",1232173751.2278
"6fa35f1af6d51d341a3165ae",878841447.961162
"6fa5e5160d7c2bed824bc0d0",648441715.187423
"6faf9b6c30b176e36f2f1d32",629522515.895973
"6fb3e33e16eb81331d389ad7",520271815.446201
"6fb4126e3ff41b8052fd0657",634845970.362921
"6fb45859693c703fd9c812c8",531316406.204673
"6fb9e9ac6d44d3a286f317ae",619647416.703779
"6fc2a4f29e3b896bce631ee0",795255760.700107
"6fca3b70ba2c68d9e0d2540f",545472716.758142
"6fcea2c6b9e39576e10581ea",762614460.364257
"6fd936b82bcfd3cd2451bdfa",682921034.10669
"6fecee4b1e5f50c0b27dbba4",1359587103.66866
"6ff3186df9d15b65dae5bd17",461622276.567162
"6ff3eaf8b5a2f16efddde1cc",820733916.672984
"6ff848f65f2507e58cfaa231",466243808.307113
"6fffb7958a58a73b0e16f2b2",1040440803.16061
"7002d00c9acf8b8a4a5865b6",1251669182.80007
"700a052900adbfa149dd5b6c",1181952574.30732
"701768887155444b77c4f446",560058946.919825
"70209b9024acb3e5baa769ff",994656681.403666
"70215712bdd8ae7585520550",538119075.096356
"70217bd08583854329722821",830785493.129448
"7023f5a68e1ce9cfd23fd021",447488840.401074
"702525f05b47353c95b0905e",475893997.427761
"7026113e0cd7b2d17f8a3459",539234248.566183
"70298b5e8fbd66aee975ff14",569859591.577722
"702aaf395bc78986a008d70a",897436208.711038
"70314b0bd995a4b03c771ae7",588549589.87104
"70463649ffbda5fdf3c10ec8",662813760.111052
"704e5657734af93d19a0e5fa",850719345.854802
"7055f85f7749c4646577a51a",533887385.457053
"7057326ac489bcc17d580883",847342364.04118
"7063abb555d919d5300af3aa",793919710.255826
"706bddaf0b87e4f076247450",628234256.502973
"7095d576a0b963eb340d8fdf",550366546.738009
"70962daad7cd15ee8af564fa",996301400.065241
"709d17b62bc95253601f243c",846754404.338393
"70b15c2a38c404e62ad05171",661297472.026833
"70b821bc1c7dd846a8be343c",402124100.826155
"70baafa9789d2fcf1bc212bb",699928790.861961
"70bec150e1d8ac537cfd90e2",1204032759.06014
"70c0a72b31dbc1b97c102c13",1107400614.41739
"70c19d59c6b9e194b6bc09fe",789891966.983603
"70c3b086af66b0c9db4b0b96",709228743.890225
"70c77552b1bb67a2a71c2ee1",1316143807.54753
"70cb6337c8c3f5225fa80026",947468558.1025
"70e427235490d7d9c9239676",900994325.085838
"70ea0403b722a1dae1ff9b18",781549769.20455
"70ea911907d320da1f7f9c41",723166613.265273
"70ebbf6a402f0f707b893979",596347546.984522
"70f51b4abf26651111305b1b",896106615.004458
"710542343cece039a279dbee",629340896.674245
"710b0541a025b1b6a5a80c41",655676392.413927
"711045fc099712aae3fe4d14",704871963.949089
"7110d6374f3fc282e4f4bdb0",716381518.327168
"711736da4f0e8282fc8c9e69",1251613789.29443
"711b570ff195fb77229deb35",1326392554.41939
"71235a69058912dec1d355a0",1072016602.95545
"71273ae563da6bbc66aa87af",542327354.830862
"712f16cf2506710d7f2a2e8d",815928397.726279
"7134b03f54b10f282ac34fcd",799368748.335194
"7136cad475a0480044707984",930685618.164721
"7148b0d9e2e1e92d41633230",878977714.286146
"71493c81121558b8ba18c1c8",684834756.903909
"714f90489426e80933ef31b3",709085685.169205
"7157dafd306fa99e4c2ad233",649327202.572103
"7158e3a6d456211d4533e246",584004095.438461
"71590ac868415f3a185dc15c",743609099.467016
"7169b5a3b9a796162de685cf",990253191.4473
"71710d25975271eb32c0c8f4",477981043.801241
"719055eed27f361071cb9eca",855558137.084221
"719190aff81379902beb6497",981542961.515384
"7192b9d32e4ad55f6af9e241",736145692.405067
"719679261d84d6b93035143d",815472984.414027
"71978c139faf2a251db6ff5e",416927332.016454
"7198cf5aae5d0d5ba2e43b96",936408425.05219
"71a20a4daea6d31de942b2ce",1033930871.91418
"71a3f0980cdfea0ebb869935",497977473.352794
"71a42155184509caba01a1dc",390678108.04588
"71a8b68f38fccf71a229df76",914898206.284686
"71a929d79a6cccbce6ac5d79",1036455904.51352
"71aacbd62d72d3eb29a744dc",591514964.872674
"71ab3644da08b8cb0a0b34b3",997687820.972191
"71b1fe15c5bffb750c99f648",767597088.481709
"71b99de83d83dd970b00f07f",1113052956.5325
"71ba2f992908a5f91f832406",719008180.757589
"71be583d473084bc0608d066",694263287.653572
"71d422db0c0c638e448142bc",1240505235.10493
"71dca93007d6ba45fa40eaad",838637288.583045
"71eebcb108c4828b8bd5b84a",859722153.713018
"71f80198e68fbba902650b1a",702484111.717207
"71fdd2b1214b9371ef149c1c",1111806602.43935
"71fe067a5ae994180f530686",729091965.225958
"7200e3ba2013876cdbbde972",673217118.266001
"7202b83b651382e2630359c3",542849567.208522
"7216c895aa047c4f405c4941",627428734.638954
"722699e593085cdd72102baf",436806558.993107
"722f262a44b2bb6fc05ec35a",455796142.287711
"723078b6cbdf02c88286c596",816074933.7459
"723655990d58df33d55009b5",1082536179.57635
"7240bbe28e950ed75637b504",757898088.018973
"72488318dfb2181843f17c03",922503405.632109
"724a5f9542f86cc43334d3e6",403657173.342656
"724c854b1a991f060701d005",483009596.49718
"72536bfda19f78d370d95f26",922575685.304949
"7254c91fc9b51e76c6fd2a99",997153657.557076
"72569ddc5828fc702b2fc773",1016826240.28323
"725c029b7c5807a4b0ba2bc9",1157157980.63981
"72699647b590d11ed9b2f2e8",460874847.76382
"7272c3521b7083038ff0a690",696678081.902849
"7279c610bda9354e1c840b0e",892441795.608419
"728961e03bfa6e3242f06d8a",683916570.323639
"728ce22c8db9bd0abe3f20a8",985641194.287595
"7290697f96d8e2101089984a",850214244.781943
"72927abf4bcd53d6907aeeda",784078213.724353
"729f5fab1578f8cae4fca8f9",827603875.625915
"72a47f70aa99d42320e54787",429136644.640827
"72a66bc6d15390eb05a5c688",1140156435.81721
"72bc42a5c73e7b1f9d54c835",748841256.391309
"72d0f19409c85dbe32cf6ec4",812199059.796604
"72ddab9ba5f24941e4dbed6b",967738954.813192
"72dec1e6e65f6117e10a2473",504090507.44285
"72e4fa00e8aab44cf210251f",749353961.273142
"72eb1af691a950fbb7e8d635",649254015.149155
"72eb64cd02ad2a54b65083eb",1147815421.1787
"72f0540aab38ebaaf9a389f6",730637758.241066
"72fe83366bf13a53937b7034",804278818.952643
"730804efcdd755786bf734ff",601787526.530795
"730b528617c2841eea5addaf",763885159.018465
"730c7382d76a07904f559b28",619189230.958753
"732615f6d1526ec9bd519eda",590241808.952399
"732a3bd457d7798e1fd892f6",780903697.013842
"7333f19416625d6f4244fe02",699581132.079908
"733c7cdfd50db77066a67140",420525219.99138
"7340afa659775cc18d83aa4a",857941893.18548
"73494d52196ef9838b1be34a",1159143509.05492
"734c9446d0674b8d6545bfef",955056779.666699
"734efe04fa6b326ae1d072e8",550763338.325642
"734fbae84cebd50aaf71c48d",901383913.467287
"73578b4214e2eca83b1e70ac",847920527.979184
"735c3aff4c151dbc32f9a76b",913971523.622589
"735deef3382aa15930482f3e",969639161.376795
"736d25efc9e570379d32c089",869122527.733353
"736eef4bb36681acbcc3c41b",495445523.946348
"73786d11f1fa714aaa9f1f90",723309704.272906
"737c83218f0e486ef4feba40",420029535.418851
"73806685dec82cf637f19384",483155768.182173
"738111512f5e5052927468d9",922905333.78433
"7387e7e385063c180f05a7cb",659702003.838278
"738e86beb569a7bf51fbe199",533883973.536849
"739c2b9be0941e4c126d2f3a",1097314910.20302
"739de8928aab4ec77a1ecb0b",779321962.205796
"73a23c9d154fec88d396d2a8",919132984.303508
"73a8efbc036911954c07b91c",936216727.728195
"73b60c9053ff8193c2dd2823",1177581744.21748
"73bcd7efb7a25587bb1c31ff",495337702.91709
"73bde441e18a9548c034372d",601804873.596135
"73bf75d5762e3dd30fca7b3a",860431222.61423
"73c618d704a2e1ac2bc41954",747082518.089456
"73d09646de4e0ab46feaceba",476419467.743655
"73d6bb3d6ae08921a6117f5d",709569940.282502
"73eaff92528288fdbcd61e2a",1294826813.58438
"73ec13a5687c542137eb9a41",576301917.790084
"73ec6f4da3c277958cd2c228",1051988702.94463
"73f4074e5e09e52e0e03598f",934007734.945026
"73fbb3e6b22b957ba6b7557c",882138320.734734
"73fd5bc0aee47d89a160f5d1",1019460196.12893
"73ff3a6b0cf4f7ffb244507b",976245757.03593
"73ff6ce99ba5dd8cfab0faed",550479238.37352
"74286242739391c4eaecefbe",480975538.15693
"742acc26686d04596ba60a34",701986921.372652
"742da63af109164c21dd57af",735581084.939105
"742fd57dd463c1b5cb79f63e",486726504.129947
"7436750d73f2e56b4f29e98f",991658918.780892
"74448f56811e9562536eff6d",911238351.017543
"7447156f2967391975d335f0",664250141.236032
"7450139ad1b39b2a380472fa",948777210.880302
"7458171e4db497a4cc1365fb",917886824.91795
"745e7f6a83b55196f231466f",837459403.557068
"74746d24b9bd86e23338bcd9",769684981.10652
"7478693f3e7e8963e95be8bb",439216444.902382
"7486ef139d41d91423317e0e",524766280.846272
"748c981380925e1247b9e64e",1137127314.24883
"74a51274abc8358d628ecfe4",1115893502.72656
"74a791baebeffcb7e7b917d0",644530345.648412
"74af10afa02e7724eeeef108",537946855.360712
"74b64bd536ebbcd7c30ef8fd",908102510.645828
"74c24c5e142e5267456b24a7",647607847.273084
"74c4f233c7f385be73168e0f",686339945.50178
"74cca5cd08c4bbf5d0404d74",822458354.866867
"74cd885ec200a0c21fa9e03c",736659080.852164
"74cea4c9dc0e00dbbcff8b1d",1325825859.23715
"74d0b6e87c2045f95fd493c4",960442499.469828
"74d8df07206df08e8f3dc232",1091040245.78727
"74dbd25d407e51337f883659",1003045512.93369
"74df03749e60c216a3e1292f",408279419.375265
"74e15493f395fdd312d50cc8",350608871.699903
"74e178e2398895d2288e6fcb",799691935.952993
"74e43ea3081841278c76cda6",734217033.914569
"74f099ca0d949c8042569d51",518789517.47243
"74f8ffe35e8d3bc9be725d7a",676370775.950852
"74fdeb4c56b29662f13aa8ca",863184442.015345
"75060f295e0aba8e1224f766",500605070.618892
"75075631f0fd84fb0ff49417",699453121.255174
"7515b37b7ae7c62f3dafbe7d",693834824.006338
"751795587d1396e0daa25783",804952795.576099
"751ba0c00d4fae1078c02fb9",491622359.210396
"7523e95fc2afaf31bcf30979",905160563.897266
"7538c609fdd115c9dac551f4",584354636.139253
"75392e8381e1c891377fcb29",1044051219.93311
"753b47e2a3b9fcdf9d7fd9fa",640418706.239829
"753e74e4dbefeccf3e6b27fb",609055718.552834
"7543d0e85e6328ebc8283d75",441298550.641467
"7549cbd5c8003204c85ce1a5",545678182.304706
"7557a9bc12cf0f2901c00264",1017279861.16973
"755a3e09dba04bb6ba6c9851",751249238.69212
"755a4fb96ff2b2276836f49b",781831396.755125
"7569fb4aaa9a52d6a525e3b0",577117664.582679
"7573c18a79e5e3ee0610d7cc",831554597.890519
"75801c34fb510d824a7d8366",447472176.585186
"7586a79a0151387a1c0cd85a",710955884.775457
"758b4df32244a51b2271a891",501798986.392923
"758d9f47824eb74d1b486024",889883263.498608
"758efd6f99db309c67cefb12",487808087.920221
"759e76e38d84a4188dff5446",830971438.530232
"75a287d87aaf6ffe7b6db546",450846434.761258
"75a4421cced1111492d00298",786276361.373127
"75ae43992df8ef41eaf9d98a",564425368.471824
"75b5bb7b5ff8ebcc863fbdcc",1029152312.43954
"75c1083db5c940e626c02f53",459436984.690171
"75c16273d3a593752446c27b",756882783.28494
"75ce506dcb994b10497e6816",515500029.272963
"75d3c9e0da9a24f4849f2078",459335122.672785
"75e0815e2ba7269a10d9786f",396629033.210809
"75e0fa8e5c83c49d3a0dea48",1058082094.77612
"75ecbc0c0e8e76bb8d734f60",934242276.549033
"75f167e2273fbecb2c81ac0e",602739137.463896
"75f5290d61164d42b39d9d51",684893905.521753
"75f5aff9fa70208ddd843779",826151560.195344
"75f6d6beb64d846d965fa9ef",874257199.451256
"75fa60dfb737ad50073848f2",873369732.243708
"75fd5603c4de9678627f81d9",912370729.571047
"75fd66abeaf040fa76eae2e7",616368102.309777
"75fdbee42ec89d428143066c",434095519.187807
"760125efabf13246774a9f16",591758497.904455
"7602cb1e6fef087d8ee81aac",892599323.674577
"760a5dbccf4eb4ccc2622b77",952048555.6818
"760f24a443eb01721c6ffea3",758409816.671248
"760fd4c893a56a4586030772",705160649.034238
"76167f6ca3d2c404104b77fd",777853911.265916
"7618cb8d215425c931f47886",406218709.042838
"761ba98d35074faee3594dbc",678385991.253245
"7621f476bc8040270958de6e",674574778.827118
"762374e94f17a8783a66d598",550479238.37352
"76258b7b7e8778cd60d3435a",817294302.451862
"762979729fb21e56a32ed14e",1187740672.26971
"762e044ce9371d7b8c7acb6f",773470154.977213
"763206de4c26e3825b69f4c6",800346139.433167
"7634d584c3042533942e2dc0",996965026.012226
"7634d7acd4197594271c84d5",589340992.106231
"7635a792e5002ab99ceef583",859566552.465072
"7636a187e29abcbd8fad6244",408822133.004982
"7637c251618135e082a9e2b8",797199969.19846
"763c9a528d0f99f34e5b0031",413713607.67421
"7641dcf512a05ca754930bed",593612669.046394
"764da64c41700da5ee80b8c7",692470997.283395
"764f506bb2aa1ac4de918a71",574028430.701989
"7651626df0e2e3119b801466",781444425.35698
"76556774906f9e12b319c232",456435323.137452
"76558d67def95bc708039f05",1052565122.16418
"7667cd57d0bec809417c9b11",719949720.831131
"76698030899efea431dbb81f",564026418.361083
"766a8ff17723a5c34324576b",822436713.539877
"766c7906cf0493736436fdea",1344198873.7493
"766d34ea891f3af53f1391ba",859745396.86642
"767024c66d3a88bb18407b6d",1173901176.53708
"76745c2648b66151008f6399",659699119.942697
"767ae7de1818d645a33749e2",840528601.474864
"767cb14f03c909c595c2a731",708670865.054138
"767ff947b16b2271f516c28d",595867262.240888
"76846ed8b7ab36821b848f2f",957521733.480019
"768f69f0241fe339b6f52fa2",1042533562.09279
"76974826c758eec5c255c5da",558022158.317182
"7698775967b96e3e7bf66e6c",818460483.381473
"76991a35e9c1b69e1616659d",604236706.148083
"76a307d6b36b8a51115e91b2",952021010.416544
"76a5158e1a5c1f9fae8ee882",681581182.629481
"76ae7be5da1785c37736fdb8",1305933094.49333
"76b41682fa6953a3b20d3f27",852368132.293061
"76b719681617ff7f28d33df3",874192046.283433
"76b8190137ba3daa55db33a6",652086658.447595
"76b9af8036e38d5d30ac4c7a",1237488423.84038
"76bd7a0b87bfb6d2723766ec",548276439.735544
"76c4045b5dad9a8226e9244a",613860137.160185
"76c510c0ad11fa67f0e9a4de",683911383.898887
"76df3d616d8bc1de789bd83b",422409562.026661
"76e4ebad138d50c690f0aec1",332981583.245098
"76f50ce5f30cb96d48a69357",512686855.833709
"7700df9486a1684157527739",702392382.80257
"7703f868650a8252e954e457",709381045.514828
"77069fb9fac6b61aa6a89ae3",639888960.467501
"7712f963ee37e91abb7342e7",641280411.629904
"7734421098413f27fae86fef",596043747.461145
"77348acef84ef77f6a076268",647229806.328077
"77359d0d34ba4c9d825e46ed",659172351.664524
"7736ac030d8b587f44f7898b",915860115.359652
"7738f18d533d0f0379e3a06d",916278899.622146
"7742e8923a4b832e3d94f3c7",799855678.812528
"7745863791b5cc6d49f84c8b",432302670.848605
"7749b2b534213ec7b536372b",571292662.550316
"7749f3bcfa8339444b0a8b7e",810491302.79441
"774a4b48d34052a978b1180f",880217901.837891
"775a6affce535c5a19ea5f30",794207570.257411
"775f25d8144580541bf2746b",774520638.028504
"77668d4325802de9d63609a9",825079780.961121
"776d4a19fb3852fe6dcd3ddb",442841638.523898
"776d7d1326576f07762ab3c7",1024591879.71018
"776e1192349cb7cf1579056a",994118931.025563
"777a8d05edda0a335d89e90d",814070655.484373
"77866048ba7b69532d0a18cc",903721400.713344
"778ec765417db9ee48d697de",827336969.704526
"77924a3c7880310a4822e5a7",533473469.22546
"77a06084509952c6cfe8f501",424110685.522335
"77a62d5e2c89da24f66a2118",791435967.980549
"77a887ca508d924ad5203194",1072408470.15478
"77b5c9a5f534a5b80cc16d09",823439268.326144
"77bab76414ecb20888cef7a1",1064458118.82795
"77bd7837b02bd8f2c290c9f8",466809440.729138
"77c886207faa6965238b152c",398318785.941893
"77c9e5e3a6d965ede708cda6",818437842.609623
"77cd6b199ee485314bc74626",523826779.504983
"77d6855eb6a30d268e49eb1a",853199012.493933
"77deea164a3a622df41249f5",679039931.382361
"77e5e0b64140fa00b0227a3b",496328164.770161
"77fa49bcb52539888d481ab1",801913551.307854
"77fbf1f0c35c1025ea4803e3",672371752.480584
"7800f742ee14c4b4142f8b58",791908037.016598
"780ae52ac9eae675f6fdb312",502461995.022697
"780c809c52509bb4855a4efc",610802053.001397
"7815163b8e4a54843d121dc1",762387665.026429
"781989d4b732f961f91bc3e4",619037254.867209
"78257e76c16db549022fbf2c",936408425.05219
"782a6028457ec55d4fd5189e",729567484.212854
"782b0fb8641849c2c34291e6",483393482.718093
"783161faf2e3501c38c0aaaa",480354744.516768
"783ecf989538582ad008fd95",1223221973.15701
"78410b0193dc989de2d24da3",1007200633.72026
"78419be95416d2991ade8be1",834417404.979961
"7844b0b2bc65dced90a355c6",789767554.075722
"7845cf57552577b059dd13ae",650040784.026025
"784714647351cb6745c867b1",629340896.674245
"784822ba0060eac9358cce22",429646729.108698
"784b1db005d39c2f57666efb",850948111.532252
"784f67fcb2d009d352740ed1",576574079.524175
"784fa9e78f7cfeca4133e8ed",838429741.091844
"785dea91d94ab384bbd6ce3e",1008177183.65922
"78682041182f01ee4db04e8e",1306200493.98761
"788c49c17df556bce0abf6ce",553885796.167897
"789e5d19fa507823cc4c5296",1037202631.52405
"78a080fc98669c0cd9153904",1177203230.3231
"78a08f21f7d7c51ff4d5b8ac",778374284.620937
"78a39ae05ac53535ba0fad2c",741343115.964677
"78a7eac41dd672cd1863e3b4",834378085.635995
"78ab6cb1f62a7e781d4c4d0a",548246025.651939
"78b0f0bd0494fba0293eb0c3",711510261.283345
"78b57a58368ab056c11bb0dc",784633337.389989
"78bb43910ad6ed105610d9dd",805000992.369097
"78beee9b7fab8600d420fd27",669359786.502586
"78c17e6ceb87f7587364c873",616693185.173943
"78d10967c36cbf346bd58f63",498983506.445655
"78d727d0e61a7c8b1cf6fb1a",541163850.011013
"78e85ca7c532a77700bfae6d",850604205.819857
"78eb6f51d94a61a967da24f4",869724271.266492
"78f670c0d7a26c0323281ffa",850393806.41005
"78fbb49efe7dc0d8e144ad83",1204099652.39893
"78fd849c9429091347d7e5c9",771052991.701895
"79005399fa92d05558fd6f6f",892489432.182211
"7902ada9116a1cf7458933cc",1141248372.33251
"7910ac9782a1a315f68799c4",804533045.043942
"792ac070d1a314f585f09987",483027283.82091
"7930bb0822caea5f6451bfa6",1033685362.89886
"7930f32456e796e40fbf78ed",1098203157.00724
"79382c56606e701e44d55033",1180865897.24498
"793efc460dd25b67c644e92f",723445333.90903
"7947f71467036449efb99972",1549295124.46758
"795cd68f9a5ef45902712524",635696411.91823
"79631cac54b1e71c1022da12",1615285041.21813
"796935018bf2b241646a2dae",733641306.837925
"796eb5ae3ca5b63c9fbb240a",779306438.167434
"79733fdf8881b0d25412abcd",1153542044.6413
"797da4e993a993ef80277108",744105077.21529
"7988f76ba063d25a4f467730",837795718.130116
"798bf22408ef6814759da1f5",850490255.321064
"798d87a368f073efafead25b",580178756.744482
"799301c01a3e7fc2af5a14a9",798673395.620848
"799862427c1f335eadedf4e8",412286035.298701
"799afa0396b9f268f239db51",451935952.882012
"799bc0f95ef9a23fc16bb1d4",1063442082.07778
"799be2171dae4763df530e4d",845852428.0533
"799cb909791d43a1eb305eaf",815513141.272182
"79a0bffec81b17d606a606f5",1021611620.52166
"79a675215fed2e293b27f43d",790382788.18254
"79ac12d8436c07b620190b9c",683141866.09787
"79acb227b5ea365414982957",740334409.708333
"79b5a037bea858706838a62d",799434979.519027
"79b943894c4dd68bfd8cde7f",816951777.410618
"79b955adf84fb2c52381921a",785808080.520109
"79beab95c6857412ebbbdedd",920199231.253056
"79c5085c14068e492e402a26",919157806.225662
"79d230806fbfe96368b83dbf",1621939027.17228
"79e307acac5f42f2696b0436",1017586873.35236
"79e643789a85dc4ffad49a25",731184295.761419
"79e822115c5c1a4531366001",396886332.957545
"79ea72e7b03cfd4fdb5219b3",569715781.02064
"79f1a5bc0be914956d632658",948448241.136509
"79f989fd66108a2c38a9764e",781869858.203985
"79fe5105ed7a7861d3c0187c",421287318.42309
"7a0f351e8562fb7aafe6e714",913968315.910794
"7a0f887a9426270ff3c24e36",740192763.516478
"7a10ffd970cc822108ce7cf0",750469843.005444
"7a134e45b9ebe710c6c6efe6",934684109.612973
"7a13669d2d7ed2e50b80b4d8",446240101.977804
"7a1bca1ed03e7cd0e277fb95",598766222.272604
"7a1cb1f751cd36bdb6412ba2",796236232.778401
"7a21a8d99a85171334695004",847047246.833119
"7a26e5936765b409b7b73cf2",1103850091.56311
"7a34bcd9f86f5036b526c3f4",906429687.115042
"7a3ec914a15b47726567af96",466122289.268701
"7a464b948b65544159cd0db0",888258938.651203
"7a48bc2c3f4aad08dc7fd5a8",506118576.399688
"7a564ce9a4ed3d2b8fbb1103",591070847.829439
"7a608479334951a3afdc655a",1284774931.71021
"7a80663cae7c191b5d025fa0",786857187.66369
"7a82ce4b2dcd2b43485f5047",762628713.383343
"7a832790d068e1e85182b5a5",513633453.150956
"7a861f1e3af4dbbf55b2c301",565044308.599777
"7a91cfb02df63e4396b15aeb",688993095.999371
"7a9264f3a12de839a42c1783",684619261.368208
"7a94d3d31471ae313659aeae",908189454.448489
"7a9c505db21b777203d34bf6",685787113.937043
"7aa8d04246d3e84e5ac470bc",1034091469.32204
"7ab96f83915bc84f8c03c1bd",438670777.226967
"7abc8a11d3d6c905de3f567e",540599453.007283
"7abf9cd6b26e2e2bb6d91e5c",966002901.391705
"7ac0428c4b7197ca14f3b86a",463668249.643857
"7ac1b85bd87929705b7a86ca",1125601652.39685
"7ac96f16bdc50ee7619f3548",869108424.856389
"7acb92246dbaaec1cc7b423f",629423568.634857
"7acdaa0cee1ee62e15f4490b",858254276.609922
"7ad046b20064565644ebfaca",617969115.110924
"7af0a604d1901925aa179436",963500629.014524
"7b0258f1aaee97661c34de64",578273219.430548
"7b037e6e5d110999e51b79c9",1128217340.10035
"7b08cade91e2be20656ee856",661111137.854759
"7b0a2bd964c04d01387d78de",1242538713.18701
"7b1377c8d81755bb9b501064",472050883.948861
"7b30dbf2f6d835ea0c14b392",612537793.788445
"7b31b5e53015f8116fedb0c6",1208341672.10176
"7b32938ebf0b1b167a3d2d20",814398634.985823
"7b346d5a5f5ec7165d1f8644",698513124.631263
"7b35a3e9f3e67fa1974f5c25",917790420.669331
"7b3621124731bcd2e543562c",688958897.893288
"7b473504c85e9cb576f951e2",544218998.020833
"7b4ca3a8d09968e48c185260",737407558.618835
"7b4fcc72822460a428c19282",679058705.921932
"7b50b071f4d795c9b5ad7531",873854014.998557
"7b5582907bf47bb9e873a513",619615876.88513
"7b5db1e4f4f47b4bf7c827ee",714002931.114384
"7b6322fd5810990820167a23",488821952.51447
"7b63445c5e1ce95bd12c31ee",841270578.924109
"7b71229680a50bc26677a427",653224691.25028
"7b7c0544ece4aa383fd5b4ce",750632337.604516
"7b81996f3abd287b50adf8da",640273424.026406
"7b8a4d701066372dfbdffbec",730447310.573423
"7b8a6949d55b5bb27c3c6839",544454439.24053
"7b95396ef4d0e97de8fb4986",919005292.436298
"7b9e6b7eb3a5db0443193fbd",606424392.001354
"7ba0c14dce0cb09ef5735d9f",693794660.666409
"7ba618fdb1fe8694eaecb64f",531589344.78521
"7baa3608aad1fbf357d789a6",683225230.336351
"7baf3723bac87b0b393ba52c",896146218.252463
"7bb1bc81e6eb3b4390440165",917434968.45386
"7bba885503ea7716ffea503c",571982738.196756
"7bbf8e16cc32dec423afa6b3",589407346.366266
"7bc034984b19479f29886cc9",763003404.634653
"7bc0c9e2760e4b1488522768",1134369341.47173
"7bc57b136bcec053cbd073f3",735028620.008967
"7bc9022fa1eadbd9ab39acd9",681714993.119386
"7bcd1fe7a140b6eeb4df2aae",860334627.372086
"7bcfd82ced5d6f1ae390d388",484856275.787148
"7bd9cefba3f5dab498ef926c",1300355119.95704
"7bdb94165857bcd37206cf18",596741098.432277
"7bdd64032a4f011bd4fe7df6",914079870.116501
"7be186f4eeff5c0efd58e424",901690103.628434
"7be46b6dd9891ab771fc4be4",475281661.354296
"7be8abb5d23794ac47ceda32",619302199.065335
"7bef2da7f3c160e94fe91ead",620807028.380297
"7bf4beee26ba81ad0b884f9f",557479606.356583
"7bf592c5c34bfe6a5df3dd40",693915880.832115
"7bfbcfd0fb8f5b6d553c2d0d",731631063.886705
"7c06a2f06cb4226f9043578c",762399435.663266
"7c07ba1982289ca3abcbece3",859733165.764127
"7c1dc421f5a689aea5babe4c",738777743.924762
"7c29fc3861c9f074e3a89449",852923937.837667
"7c316b981173919b6cae5516",742863782.647414
"7c3ea8523ece273991a190da",776071981.781062
"7c3f7b513bb20c918a51dec6",567022204.459754
"7c463a59e7d2f2b4bbd07e12",746949454.504676
"7c50c93bc9e8846345892c12",992539651.145186
"7c581e2b9daf20131803eed3",860591844.288193
"7c5c0f2d9a0e355069fe1c64",944813344.704267
"7c5ce0e65cb26773edc9ddef",1199164735.41316
"7c6319c04025c4ed6aa3f051",713397570.825058
"7c6880b05c212c66b8961b71",799236119.108243
"7c69d43fe2488db51e6c8da3",631845255.115106
"7c7a3f51a58dfd1588d7c088",447567039.976452
"7c972ecb7b90537b1da0deba",649511694.889132
"7c979648ab3729b2c0cd2106",700648545.080923
"7caa4bad394586a46dfad854",802400722.664927
"7cad62cfb4fc3ad9acb09f1f",652986590.143716
"7cb64b94877a9361f20027cd",454610025.766271
"7cbc8fca4f84908ed4e7192a",908368232.46417
"7cc8772ebde8902f55e14b44",601285681.154684
"7cc9cdd32c209a62908a18ad",600394118.447597
"7ccaf332cf87e07b38b340d9",972181075.897141
"7cd0c7174b957df1f004fc88",992133316.228346
"7cd39eb8de56700519d8f287",783936022.572684
"7cdcecc706fc7c79cce45b20",849749568.030827
"7ce704ef5752dd496a61d857",1014861393.92929
"7cf15f80838e8edf4f9cdead",991901029.95382
"7cf183ed411cf82df26640e9",721478580.28959
"7cf50019422bc9569a985736",989188341.143317
"7cf573f273b14a6cfafa3ec8",590384803.112314
"7cf74cbec871e465ec2f6a61",893791123.238264
"7cfa0c98191ef9b7c45f0520",457982200.556855
"7cfc3061c0b2f3bd48375ab9",748836088.120707
"7cfe5c3f5cb1bf095eb2c503",946379726.933981
"7d02b3479cb2d89d55bd4fe7",1018938128.9843
"7d0a4771afb00cf9a38ccb81",1475830444.88309
"7d132190218425df1857b8b8",932909202.799493
"7d133cde943d189c9abbb6e4",763827539.18465
"7d157359b413e107f5f9cfd6",610113749.243627
"7d25023ecf668945c87e0666",784103012.273515
"7d2e3464d5f2f79ac29e6c0c",735208084.655939
"7d3220a91e78f8bc2924d1cd",1190131379.39369
"7d383abbb6ac49c6599ffb0c",1008383615.42072
"7d3e4ead63a869bae978027e",803324406.719391
"7d4097722aad95158c51d24a",520309350.963548
"7d4ba999100c8e694fd820cf",1112683372.94398
"7d4ffe0038b3ebc149d8f4cd",717166258.804341
"7d50144c4b2ead9b7b9f594c",999714080.79564
"7d503f126b5863fa0626d4bb",802432537.126566
"7d5459e48101349c75d43aec",660872314.359244
"7d58eba13f418d890ef563da",599615546.869499
"7d66238672def6f73c25247a",755246335.650401
"7d73a548c2a29ef2d9655e1d",485870916.936396
"7d8e345c9b16d0fd69f848ea",1095561110.26283
"7d9a9c3b4442efdb53c24448",756651990.932008
"7da10de45c866c7d066d2586",668134032.419848
"7daa9115f755a6c70411b9cc",1038024210.55251
"7dab6cd1002a8521e5825bcc",644735419.146891
"7dabee85f750266dce02399e",569419352.100482
"7db1c8214f229d865da455cc",525963478.642806
"7db5291ce4602d9b2b266872",418900345.039144
"7dc4f9de14c2924b229ca0a3",875791391.216599
"7dc609a3c7a3ab1f9a3146e6",670212425.850096
"7dc68d5cac1b7fcdab35586e",476407048.353868
"7dcbeb0aef2e2cac0d73315a",332845264.213621
"7dcd1597e11f83093cbfd7a5",1323332213.40148
"7dcd1916c0485e0b80f9eeb4",641804982.333886
"7dd1e46dcbddc6bf5ef694de",863344855.563563
"7dd96ddad0fa88f5c5978e39",930288648.214757
"7dd9760286606c45e6a15926",692348229.849341
"7de63633c7666484bd098e2b",757149221.792389
"7de7a2a651273df62aa6a21c",1138932422.97641
"7df538c0c831520e6d36e39f",643586291.405179
"7e1153d411af129357ae5c10",678806901.644775
"7e177acdec9c0fe684d8fe44",468386836.376923
"7e299fd8c2d53ff1cf95aee3",966505080.974848
"7e3937cfe43dc906983fd321",1106467514.72443
"7e41d90a838048eda035fb27",936547131.303392
"7e4b240c601e37977faffeb0",663737487.789737
"7e5064603267b61520d8f83b",715325646.661073
"7e554b821e6955ab259a25f3",692015916.023911
"7e647c5e0a7d95ce87cfc8fd",1009277353.80738
"7e64ab35f5e336d5bd2e1b51",984467358.972739
"7e6d8c4742b38854d819696b",1099771370.29012
"7e6f68184d84e09cc9ebc09f",773753219.261581
"7e73516d57a251061b3916e0",766070555.705621
"7e74469fe0b030254756296d",1102929549.09226
"7e844f8a24422ec3b833b4a8",542902377.75407
"7e86148f53beefced6e0f3e4",630984605.872701
"7e86f11cd63ff6c8a3c12fe2",898831049.679342
"7e8dfae9a5f1faf8afa706f7",596080450.980456
"7ea01fd99b389d08ca50c0a6",857750664.352587
"7ea2c18341f69f21b523906c",751624928.107493
"7ea4af39a7e577ffbd600f0d",806024708.031876
"7ea8da3b1481993b14bed9d4",650040892.102804
"7ead45d1f505649429904307",786695117.49677
"7eb78d4dea434674a230caa6",947525184.455378
"7eb991f4c69215377e4dac8f",907971777.045369
"7ec025b9b6e6f33bf65af41b",482163445.597735
"7ed35835fbe694bc237abe38",792096984.828282
"7ee7fba3a30e0e7c2ed3043c",576177763.521466
"7ee83e5d70855ed21455b6d5",1240611155.26567
"7ef2d4777310765d0c8121af",820751458.346327
"7ef3f8bfd0368696369ac957",738235963.865862
"7f02f056d5eb4aff92b44659",1027777172.16711
"7f0b4b5851c77d78805320c5",680390336.393767
"7f0d874df9235245f47b04c3",1082385279.2067
"7f0f27f6d30c743acb3e867f",810711263.404313
"7f0f5931fe148f6187ebf512",885455770.013933
"7f134c92e20aa9c6f084edc1",734660826.489608
"7f1a4e79fa92196101baa7eb",1180671026.8182
"7f25471be85adf0baeb8ebbc",651112004.152434
"7f2a2959f5ae816761be658c",1225557231.58481
"7f2e3f2eb5abf86b56897250",695798850.530162
"7f2e9d302a6ed1770db9f7cf",676727694.020006
"7f3e02524981fc7e40eccfdc",438760598.324602
"7f45d3809b08bb32a45139f8",692780550.861687
"7f4cdc01f9086bcee46d1d6c",883192967.332673
"7f4e6f790de012946197e0df",839542681.470358
"7f5280804c59f56fba3d6201",557365481.637217
"7f5e87fbb4952caa0cb658e2",784078213.724353
"7f7141f5e1a7964ac6dc688e",961751169.624381
"7f73a8e83d41ea252ad61197",769602463.26319
"7f78955c480d050f2c8ae3c9",742394157.881612
"7f7f5313341b3ca499968716",751199664.595653
"7f85c59323701ee0e75abb92",658553806.463617
"7f8f506137780f4cf12e73b6",801039049.780504
"7f9875a5336a32d73df2402c",879057597.149476
"7f9bdd2157f6c3d488c77ddf",708917798.206773
"7fa11c05ed1c123c1a457b1f",909193807.984989
"7fb856eba0ae98a40eac3efd",992742881.005831
"7fcbcd9e274b75a157cf5d5e",777913222.701021
"7fdbc3fed9c9607e6d01e958",722226573.237923
"7fe1adc0a5873cbba4b021d1",738209600.783298
"7fe25ebd70b89f4602bee6a2",865883328.884526
"7fe364ae771a7689d2fa5584",1092668885.57805
"7fe6ac57e87b8126ac4f8530",837840798.942658
"7ff62b2f8a28d60f6c4237c6",888802073.308247
"7ff6f389e364e67c4238df8a",716543854.020714
"7ff8b0b5ab4fd12f3be399ce",724668506.280628
"8002e2cd1b70ddcae88ebc4b",949436252.792133
"80035ad5b3b4a948469800bb",829890631.956624
"8015080cf97316a08453a9fb",887797775.003419
"8018df1613094a9e4606c875",1028021466.38318
"801d821fd6ab7ee01b62a800",690779741.080241
"80255211d99c72e343b32798",1429606431.27319
"8026e480ba395cfe1e09cec6",453801361.478962
"80279a7533c44bbae477ea4b",764328076.203729
"802fe3175a2059f12d7edb99",910679815.581477
"803711fede531ad1621a6823",744485140.267821
"8037e40c0c8b20ab6e0d4b78",645356259.926574
"804289a128775f7d1652cb43",559011605.264019
"8059e45ca26bfefbb18d8e40",999523179.832311
"805a27aeafb3ca91cac56d14",895130098.112992
"805a491334f865f06ff42329",722994175.049746
"8062b4109c12a95dd62bd43e",750859615.582036
"806907598158861a6958388c",452145369.802674
"806f9ab2a016e774689ce2b9",370853192.712491
"807687fdb46614d9aa139b20",725333041.099432
"807c04729620ec60ef18598d",519206953.358986
"807d7f5155bd299afbb6491f",591688590.903155
"808dd470aed6064f02aa5103",710611500.778725
"809082a38e6fc3faa66845b9",880965823.768358
"8095589d5e1a55a76281e13b",997207196.897241
"809800b56b7b29399986115f",550959896.564632
"80a1dc97797c41b61f46ec6a",787282700.3349
"80ab8d9f157c25b40f102854",781389773.848552
"80abc4c356813c1e4ead1e1e",660936553.819435
"80aef024b0ecebb01913504d",569621112.887387
"80b37d5ebdb325edef39258f",855053866.425228
"80b6c823bad5b4c0fff46657",830144776.245984
"80bbc51dd90d131d091521a0",590256598.361783
"80d2415c0460088d69574285",803607006.760153
"80d95b058cb11ec829b5ec96",763666317.873656
"80de6a9303eedbfd1c69601f",951328364.102081
"80ded3bf4f2973a5ceb1ffb7",463923570.738494
"80e7c6b194b3229e3e2b9aae",919372013.384044
"80e88d50c151d5534a57f61c",962026186.774837
"80ed77aff62d4c57ede6ba94",516970274.162762
"80f633154b6f94b8fa24f213",545258435.615029
"8100a4b0288d5d9d9dc86d2f",443603041.240185
"812646c7de863919cae5edff",897332136.190081
"812ad0d57e4291da184bfae5",635908977.677659
"812c9b5407424f956d308b06",1018550114.86866
"8130ab67c5e0d96a9a67fb12",729734673.941642
"813d9415d9abca46ad4d92f0",1222908826.63469
"81406ce289219cdab015549d",1204592799.56389
"814694a725a50c306d774342",965665241.768899
"8147da5e5f53a163443e8506",951059504.729585
"814d93fc94b4de6d3a860bcb",686793811.526937
"81516aa72c98ded9223db098",904843127.035334
"81519727c7ad9f60d2c5f224",979239009.135204
"8153b36347669087e363801f",688695323.183219
"81547b223494084af3e15bf3",688113721.403106
"815cfcc4d26738f74cbb67ae",585885030.564613
"81600c1e6b6e3ae770e40b28",1168514136.00125
"8164023f628f550f322aad61",839795204.580533
"816f93a2e035e4fcf61ee4c9",1084321281.86392
"81716dd4aedf72a6a14392e4",427311036.229631
"817422f4c278ff27a22b05d7",578830399.308353
"817915cc3582112fb5541a49",882384367.687638
"817da44fa842fe304b93c199",555891479.532589
"818ee3b0c3862d4aae6e7776",357886677.435798
"819265a930d32a97533d132d",765917698.738956
"819d2a7c3330480b7217577d",1062054197.45376
"81b14dbf863114fdddb38579",556506412.594517
"81b3256980dd7d7f49030c78",1024886047.3035
"81ba4b47e9222c15c4102992",571982738.196756
"81c890b0d7cf787a091d4081",831122375.048264
"81ccb7e0255eee6274f5d930",982389946.401416
"81df59c6d8be19568d16ea3e",413961191.525292
"81e1f8b1c0e3b15f2ebfd84a",780942279.152162
"81e7c8c1894e0c3a9315ff27",635518516.3388
"81eea19e7c12d65d21e23648",1047500049.68138
"81f5c32a2c2d3b32329a645b",457898242.337524
"81f6d6790aca5e9270c3d1a1",405468403.533438
"81fc8d666c8735e1095d0d4a",759130298.044873
"8207612808b5947f2802d2a6",836051137.122531
"8209afd76e36d8b5c4f7a991",761043476.299642
"821eabfeef3dcc622fbcbfc4",488856639.981767
"822896f609e7761b58e7f6e7",692780550.861687
"822ba8fd3c7392bda84461a4",684774262.844614
"823124264778e5ed64d8664d",747619820.936467
"8236c798dbffb3db51d5d744",546618491.340237
"823c9c7abf2d00140766a2bb",1197856403.49769
"823ed628bddea9b56792d108",868992135.022929
"82433a009defc21498037127",910082960.632697
"8248697f70c21fa361840755",953222100.355467
"824894236c20b081af2c9868",1045131194.4288
"824cad597aae34d7d59ac939",638275314.825631
"825012911321d636425cd0bb",1349087669.4069
"825f57ad0527d4abf41cffc9",994656681.403666
"8267eeb41ed1e68144301a3f",741555200.206232
"82780776619be0eade3d72ef",599957824.278913
"82902f2082dd405ab538ff58",587744584.116127
"829bde7f8716daf76f65ffab",866368729.573282
"82a3742862a06803242b703d",810648384.232578
"82a7920524816f3db7f5a4ca",634792731.692755
"82abb1fb693f34877bf1327e",1266156943.50312
"82ad4b3d5a215f17e745d77e",996358459.391411
"82ad984f02ccda30bd60da8c",734121496.967295
"82af190e32398942775056d5",1069944323.96874
"82b15a5da307865c7045dd56",756812345.63036
"82b69c38d041325a4bb2fbce",458621308.799657
"82b90288bffe8c1c0b5a1259",770533968.666567
"82bdf442e186baa829e06da1",680348072.91439
"82bef17c2a4db1f6dc6eaf01",843041071.796881
"82c9556e19072558cbe3a7ff",393978777.59213
"82c9ce0d018c1d620b7a6689",596625808.220027
"82d22ca21e31222068e1ecba",741069556.232243
"82d6244acae149ed9ed88e8e",482058133.032019
"82e1ae440b386c7da3a580be",1049402204.61385
"82f08aadf1eeaf2058b50592",796852313.5758
"82f34c2a6644c4cb0649c44b",895253008.003816
"82ff2a63a863c089ea90bb5d",1054013773.87347
"83007c444fa52b34482ed55e",760221014.678141
"8302e2afc48d6eda16784da6",959539237.331356
"830b1a2d33f7754b9acfdd82",969165499.817826
"831629494c6d15d5ff6a00a1",851394729.716236
"831693b6fb81df1359e45db7",648423850.020407
"831725656d9df81b63c0ae38",786420232.714772
"83196bef0e5dc6c981bc57a9",1252462055.77855
"8333d32b98625a2742cfabd6",877446825.634023
"83349bba5fbddbfa2db5078a",573013326.951534
"8334a4cc7db8ed5c0071fe95",708438819.538886
"833bd3c8ef9d4da2f304a94a",1118973202.07895
"833ded72a8cc9c0d606a7a74",689875026.707482
"834263730047f308d71d4d8c",660866498.161737
"8346d64ed6211083fd420ede",524999390.742341
"834fe4a1e9e4efeefb5aba08",505653273.105588
"8356123e4d10a479a12e98bb",711654730.082671
"835842cdc8ea0a2206c2b46e",978128734.599593
"835eff7679889fcff6795d8a",947430872.453789
"8364aa431b2e267e41efabc2",705847694.933181
"83727953ecffc17bed632d94",454631635.221053
"837cb6389640f3919bc73e9b",1052816403.26087
"83852e78afcc4127481adccc",551590743.293009
"8398ba3b03595704b5897704",746521726.510976
"8398e3b96d1311c7264f6603",1256505536.66447
"83a376df2024c4c9fbf2a0ca",571074404.816948
"83a8d9df3a535fd273b27c15",922847530.491294
"83ad1ce7ef6d70842ec986f2",699730690.741367
"83c1d0e2b8826844416abd9b",536797471.802281
"83ca3a41ca4b5337107c197e",759822069.971507
"83ce7c2d2823f888f2e06ea8",849276950.640859
"83d969bfc020aea27d2b829b",835587454.849437
"83da19e7fbbca11083090574",535592916.196731
"83da39bc1a2eeb75e2825c22",758404595.861715
"83da5fb4c15e3daf727a3cc6",830406506.850291
"83e91710343450cb0812a6e4",883114612.831142
"83e9507b9ca2987a21d1b195",509240635.790009
"83f402857435d4fadb27fa36",801078637.911307
"84114798ccd01ae3dc97cb27",602747174.277162
"841482deb90d19ecb1ec8a06",981206418.617685
"841c57617a075690ce412083",647275727.701169
"841fed959f036a03697868e8",671780389.745623
"8420bb74fadc0c8853cda025",365020311.138702
"842c9f0e4edf1e5a672ce15e",714380061.04809
"843234d3c6c20bb60a17fbee",877938030.613637
"8437a42a8e7ebca46eb088cd",634731792.027747
"84394774ab45e0c8b733bed2",422677838.112703
"8445e5cf42307960535a3b11",748864631.566308
"8447ca83d928dc34c2e7f9fa",519267705.13395
"844dc89fe6588acccf0c7536",696691867.891533
"844e127aa7802cdf75db074c",431731995.870326
"8467eedcf9a48fee0d72d95f",1232463617.01436
"846b75324c0f3cbb027387c3",1006730123.93855
"846e6f1ba1c94966314345d8",752622520.816619
"847a7fbd4425fd2fbc4b3edf",976673064.083211
"848067a69d18a171e7fa34f2",759782091.663308
"84856812b63dfd9630fa49e7",880307271.711158
"8497f34947cb4c0ff18a0eaa",519494153.910766
"849c918d78991c57f32f2031",713233779.341535
"84a074517742e09a7eb6f320",729455929.679755
"84a2673eccd3cf3bd7fd3eb0",936600161.627634
"84a7286c91f1ca3ecacdaaa2",1119771531.40303
"84aa7d1c2590f37f0fd6dca1",639197169.306978
"84ab3ece52fe00ee50f057aa",998578622.885784
"84b05da6a859ff5384f37ee7",445303536.007329
"84b758716f47bb0f4e4a2bed",684402673.191894
"84c2ab0573d3cbffa0be90f4",839152545.700051
"84c7006b5a63add890a224e8",593282558.610211
"84cfb0342a0bf2c6777de39d",652053534.668632
"84d8504f0e860b0760c3592d",781743586.953488
"84d8f7109615519f2ab0a48c",936556481.398147
"84e4f6c6b5dec0da7f7ca0fa",477662819.631067
"84eb4861db0816bc8722f379",726011312.270389
"84ec2d5245cfa146dab05065",722112098.539377
"84f47e531a916b7f7dc1f1b3",833079257.068737
"84fb7e582456d7409f27cd2a",950603274.759728
"850342685ececa472945f7ed",857212409.383694
"851f50292e30b0a464c0804d",676658239.417076
"8520fdd4f5fec0ba861ca9ac",546282856.217167
"852a11f12646f0a1121824c2",418370122.935889
"8532c64eaed74b64b4d4707c",612232918.388655
"8538a41c0e0fdcb3829364e8",815801435.078756
"853a14b680761098d4bf6136",712870206.649381
"853febf898a1dba351d6f917",802108344.031975
"8541eec88f0dd8229b4fb041",843694134.461251
"8544bc14286a51e60ffee7b0",1273712739.86807
"854e27be18fb8f24fd433eb7",778266376.109669
"85524880fdc4e4daf90e96fd",515167638.702772
"8553a05c2b30be81c64a6295",973278581.784726
"855ce1721230ba103fc0ae84",462404265.319887
"855dcebac302ec5760f67121",675122593.849726
"855f4b67d2bd6d18fd03d8e7",717876615.252632
"8561bc940a91f029147430f1",971611981.062102
"856559e93205dd1561d8ada3",840754075.8418
"8567e677b30c410df80004c9",817116697.32459
"8570a1d8156dbcc267d3b495",958758796.392701
"85734fd69714897264ce2214",831449336.857619
"857761b5fc5c7d101cb765b6",602857690.908353
"857870b1412b84f0f19ed751",710636286.055595
"857c5dae475eadef41c25603",953446103.626087
"85815a09bde2a30e296f65bf",459565595.687808
"858288683063dea9d5c57420",445107808.071049
"859025f2f41efa521a74a00c",478645618.234755
"85956152686438c48c52e018",664336222.48568
"8595b5517cb3f1ff8094d67c",981990694.940888
"85a856b4d0dfb1fae861f513",911199353.417423
"85a86e01443aba593f95dae4",791081362.848689
"85abc5c0353c5b678f087824",894456517.332178
"85b633e09a41cf22a10f28c8",1152237080.64876
"85b8a65f1b00f78e67622bfb",742667628.974318
"85bb6775065df76bda33f738",891796300.464243
"85c24df2d836cc8addd9b7b0",626997189.117265
"85c7e8ac008493b34e8e0176",669101100.659389
"85ceb648cee9f6f3d221254c",882491049.985705
"85cf1ee98e1a85ff4619e27c",895551400.550181
"85d58cf85a179e167428ffa5",997527326.439063
"85d731901b48348f57932240",858212817.757893
"85de01c0aa787152c77c6180",392742022.730844
"85e15a0a63ffe482c68ec474",1344575766.28359
"85e332a999931ecd0e04475d",460630578.303799
"85e4ee2583c51592d68ef5d9",398155718.571663
"860435300909449c0443c10e",918549206.554644
"86137b9624049333f7e0315a",790967736.96459
"8616b310e335f539ab1109dc",778585120.373232
"861aa922b483f9bf7884dac5",576910392.695832
"86242b25bcb2dd775d25191a",700788657.627122
"8627562772d9d63bac507fcd",693526358.313833
"86276ef138e0babab9863276",500198004.927742
"8632f5681d04d9c934675409",1113169160.15585
"8635edb61b1dda6f4742cac7",1371274796.26255
"863e5cf88a808b8ca96907ff",895825735.262394
"863f8f2aeda01a9fea1cb3e0",933767792.759374
"8654295684292e74d0245238",494982676.158876
"865459f5342a0102d255fa07",425004299.475806
"865ed399cc344e0638e45128",983533634.212619
"866f2a55f42cf30c4105631b",798107017.335783
"86792949f2e6a347208cbffd",625563583.905354
"8694b149f7c0deadf820f0e4",934028620.056051
"8697b1d337145af0ef8e4619",1001362436.26839
"86a47522586da2884181f128",595228011.728308
"86af11931b004aad3fd27b88",894822848.054714
"86b0aa633bb16582bab5640f",721235540.35224
"86b0c9c1277e9143ee765b43",664740123.007282
"86b290218a62d0c51b099a08",934049223.147362
"86b2d3ad1dacb372734f810e",649444251.791266
"86b89233e0176e034ae3cb7b",848992853.914468
"86ce27f9ca03821d13030f18",829163772.593819
"86d46a3fd9d7bbcac3319829",844904683.610533
"86d80d3757377df6f2b8a0b3",838062588.784608
"86db204f7ef6e0e0e6687246",809344721.424195
"86dd7931177df94a649a4d62",653248718.50384
"86e80098f5a3e7dbd635838d",525257542.979163
"86e81141e429bd81d7f0e73d",706060032.048993
"86e98ed0bd2565b661b81ef4",803389330.015154
"86ee57ce617b2be312a9efd6",1196187507.25779
"86ee80cbe81724e6919bdb73",441655926.708616
"86f15ce6ea8e97837e6b9383",733702542.854198
"86f1d6fc54152004e69027a0",948979207.041526
"86ff8f274b698e7757ced1af",583408393.344097
"8700c9b62ff5a5c3394b0bd8",526471865.172205
"871204bd1b3505acfa632954",854225284.548182
"87199c236bf22903d1aafdd0",599488402.470584
"871befe27fa79fc1e1813b19",1142835164.47799
"87332a7e03cb851342667b98",1063142084.33655
"8736dfe0f1c6e2181b0ee31e",931392689.820513
"874102a58234cc7888902d42",736031744.13332
"8745eefb9e2761ff7eef558f",1048115200.20889
"874e2c6f3e9f90db80d243d0",544265675.84233
"874e3e3ec6f67c160807628d",760556393.5878
"874ee4f1b9c6dfd3d2358834",1128485066.49025
"874f4a836cb74be301e068cd",964542122.954597
"875126e5776dabde40e29b09",752081539.054004
"876ebdaa0bc953890e323843",522036352.956676
"8780134f8b40f0fec4d1b661",997451214.366761
"878ff8ef3c862929bbb19ebc",850073814.258458
"879d9e3b4ef9063de41ddaed",670965338.174619
"87aa28825a5b8ffbac5f2e2f",657900078.577979
"87b940bd3dae37b9fdac5d4f",488465937.425854
"87bd6ee6f17d2bd5b61b0ddf",1308257729.52861
"87c73db5d50e8ec3a22e6ccc",698159640.74807
"87ca8a2b3251a38d45730f5c",674972924.385087
"87ddb3a17b601cf7c61e8c07",680566828.169266
"87e1b1170c163689d60bcd09",796657594.692653
"87e74ed42a2c8c97f7bdd239",1058148170.1079
"87ee5c7c49ced4ec99f44d5f",909633719.443474
"87f1e9ca16a7ea48de04fa73",971478173.890842
"880bd21afee7038459b5847e",802524717.8054
"8816e8101ddc4e704053e23c",851288407.53123
"8826b9e008064cea38855d35",692271426.639736
"882907ccf178b23a02ce262e",580868476.335748
"882e8e77fa1a71288f6b61cf",1518639088.72404
"882eb7115cd5b8b09fca0e47",1146430641.02112
"8831ae77efac99a6c58ce05d",1157631902.52529
"883371e374936fdd74d09fe8",841903718.162098
"883ee78c03efdb4bdc57796b",854705960.76059
"883f095dd3f7e972d7dd3c2b",717973834.645834
"885a312d9a5bfa8a8db5279a",639258607.287871
"885c77c839d705ca7d04d383",833620310.100872
"88622b66e6c47cc62c3824c1",920507872.105139
"88668347361a227b6dbba15e",967327870.309534
"886706f32695891af743f986",653294889.046
"886be9a1881866ab1f300533",620124686.475088
"8876b38f90f5571639b7d879",913208496.859783
"887761f34ce0996bb05ac48a",1155187013.30731
"8877941794810464749ba5d5",869170067.612623
"887ba6b287a8b3ccdd5691b5",838637288.583045
"887d749eeaaae288b2818b86",797485201.403632
"888bc3c4ceaa108e048ad28d",905946022.169805
"8890eca19a9e1cdc9e0f0541",1103852388.13326
"88964e1202647db0519a8a00",572433960.290122
"889bd77c8271961a6e4925ea",722781951.016934
"88a4da0d72977b0c56b31061",823378841.207502
"88a83e58eaf136a82ab1fe37",617417530.946116
"88ab887e18e38d0b8315286e",743759180.275803
"88ae3f4a8ef76675c66e925f",1202660321.33173
"88aed38ca59c09e1a6202672",682295602.263908
"88b02e7b20ce6db956afcdd2",1253078387.17602
"88b0d688281db2ef0a782921",1079744642.63503
"88b98c026b7650192034535f",933648545.804883
"88c4b21ecffe12cb6c408a6c",833814360.524069
"88da5851280dbe750968c565",516164188.980051
"88ea2d2d7cb6d641df3ad76d",1099081690.17151
"88ed5ebb575d026f8d440c60",596863285.601443
"88f36882dae9a0487383b769",785954468.399337
"88f3f39ea06fb882c69bbd10",691737930.872768
"88f632cc304cd769e2d4be27",655687875.795034
"88fce3ad9b8a965dc11336cf",689840008.10983
"88ff73eb829a6ec5bfcc0222",1038449340.39585
"88ffa9f0bc3f6c9f2e589a75",1107801610.74984
"89016540f8b3fb727d863bec",918074769.058292
"890df90091e14d1c3a1b30e8",403657205.340512
"89131a0af2db172538723b08",926488167.590761
"8919ca18fff7571002e440ec",931729404.86837
"8923182b6dcc9f2d8be1ab53",701277333.074006
"8925028d6e7a6cfce9967779",492325075.933409
"8925e22f8511be30d50545cd",754067959.395741
"8930f231a5b9d8db14e9c656",720313648.374115
"893c1b081e383de73b9f2e16",1165732904.32872
"893caa7433c200e0d43e9f27",1001673632.31239
"89498fdf642e770ea75be7d8",1087831940.57315
"894f346e0ad39c57fc0f369f",1053033894.6018
"89575a90c7b9b960c8f4e052",913543166.76252
"8964dbb5b0cbfe509613a63f",970097139.431786
"89690c80b7adcb8a8afe531a",709300398.836284
"8978ec4c5b2f02fbc1f57820",1174851441.87469
"897c0578bdc8d59843bcbe38",483773069.505854
"898d1eb301c92ab6603e0b81",633543941.961639
"898ed7299f0c7b8a99e4877b",1087177184.91589
"89952b237fda041b09f0efa1",992539651.145186
"8997555e7bea06f7b90ce821",800555615.279012
"89a03e25c43a555b47c53864",896787041.986255
"89a066b7d6a31dd066fa0d32",817529891.166179
"89b0592a715c9e135967f947",667262264.084913
"89ca905d858c7731313c82e1",816982649.358767
"89d36acc5f617a6a97e02f23",964263880.537455
"89e1d01cb5bfdf567faca443",709029382.546671
"89e2d612654b3c792311faf7",948527918.395979
"89eed91bf5148b5645408222",900848270.170776
"89f8ccb0c1e2136adf87a10e",907668806.477594
"8a0053376ffdc75d0bdde77a",1321925284.30814
"8a0114372706f30bf6867a2e",811639578.684814
"8a0d2f8860a90322d6c3b61f",584620382.783553
"8a100bd7f5da66664a2680e8",674659607.48933
"8a1105028a1a1b83c5080abb",375319780.459445
"8a1b0f59f86e33a7aa7c2c23",1173125898.23638
"8a1d1f70adbdeb233ed3ec3a",847046664.387081
"8a1d93bbc83f4728657317d1",1058307111.69768
"8a1ea9d91b3d8a66c6341243",813649486.725442
"8a20478528e97700dcc84abb",455239322.845611
"8a222af682e2d7796643ccf7",634607246.446153
"8a3b7f5a8da339fe19e8f138",937794268.213786
"8a41638edfc5183469b6c43f",860692947.660782
"8a44e15417d8e520a99454b2",455001940.860177
"8a451ef547efb90a8fcfa6c8",1090438105.83388
"8a4b7e86a90a296e10a49ea3",526739602.704499
"8a514fffdec277cd46c7cc71",739552557.469554
"8a5866428508658b4a2a4cb4",580003245.068982
"8a69b9d7461107db6d16d1a9",811463927.712807
"8a6cb559a488d6ce1b641585",773288830.11075
"8a6d013451e46411d35c2b6a",878721416.948541
"8a724286cf661794084aa87a",984156476.874354
"8a7ddcd0c452e7993bc5087b",657926984.299504
"8a84a073b855e37a12327357",988889460.825895
"8a8c202c069c20696c2de85a",777449404.828214
"8a8c8f5aa68c4e530d62776d",589463666.570448
"8a8dff62516671aee2250cb0",826132410.220451
"8a8e4996e24142eb413c0d12",1167019003.08581
"8a9663cb622a55f2a1a8e3b4",686650897.310816
"8a975117ab302b77ac057823",685028124.260644
"8a9e6d0839f9fabad2fc3214",696952688.279963
"8aa21f48a83be25f924f85c7",883272676.938197
"8aa5ae4637ba83e672cd3ab9",911572541.281835
"8aa5d44a72b2a6851d14ef86",897351877.652603
"8aa76df8fea21a42fb6229ff",643683282.13642
"8aa9e1e89993aa49c5c3eced",722050919.451892
"8aac8946e7ae5725971c5557",611203351.512233
"8aad5795547ade3c804c0ef0",750512605.247552
"8aaeae6bcfcee5ad928ce28d",1081355324.96037
"8ab41842b8e41b89d8670ecb",394416081.323858
"8ab5eda5b66a6c2becffad29",796291946.081727
"8abe99f2b71b13dfe7d71616",1344474108.44591
"8acebaa9fd7e917d7e3b391b",682570862.795634
"8ad016d414e2d2be053d7612",754499021.913638
"8ae41ff6a828f175a9f628b2",515618728.867406
"8ae869c5033c248f881ac313",673916710.557612
"8af2e264b801b3e155e52be8",1056500190.76172
"8af6bb75c85a2789156b3696",469377063.135318
"8b083d7ac086f52fd2942a82",709165017.419332
"8b0e1911b8ab8028409dc9fe",807543115.034255
"8b13054b3318289aac1f13db",383911516.692636
"8b1acd29eb268fd684036180",559498185.85825
"8b2d8edfa6788ddc0c7b3eba",719858797.272144
"8b3350aaa66b9fa1c682c15d",939779266.838604
"8b353ba6823f4f800635f0cb",786985172.643943
"8b36b7364e4a4c80a6e50bed",614544196.588099
"8b450ea6c21fe0b5157529a4",896572440.337788
"8b45db8a4f2c0f772c8d44cf",423064241.088735
"8b47b76193159a21c3580a3f",923805210.096025
"8b4c54125d9165554e4123a3",1126762171.98932
"8b5369b126b75c497b1a7b73",620059408.327943
"8b554961129384797391d1ae",990605716.677886
"8b5b351e07a26c25cf51e176",502145316.921641
"8b63358f3cdf8df0eb1f43e2",971605316.249538
"8b674605311d296990ec72e7",580156415.267994
"8b69bb9fd7f0f19a248f5cf3",643174944.627479
"8b6efcdb553f6e936bd90f3e",858117824.930222
"8b716bc4d6d833f9bff3e729",658770655.087025
"8b716c3dca89b7caa7db1aad",519079624.568993
"8b753628bd37b9759dad06ea",691267999.647979
"8b788f742021f2438ffbf528",459425530.340173
"8b801b4cc1d254d0277fba5f",738918031.006597
"8b871cc48b99bd4190877bd3",851394729.716236
"8b89813a4ae5f9209f854be1",846278900.85786
"8b8ec04a78d3826b2c8a5754",658724635.047794
"8b91a957eca1985938860c28",776222803.55533
"8ba2d7afde20563e38892304",750859615.582036
"8ba4e8e071e458a13efd179a",843582038.762927
"8ba9304ea7b8d2b071bb0699",533234608.222352
"8baa01b8c6d29c82a6108cb8",545367539.60111
"8bad8a7faae115ac9007b13a",850710635.522789
"8bb1a2ecc997779d1addf12c",486647639.798821
"8bc002e1f02beb4d83a6f6ae",953921910.734136
"8bcc1b035ea93a5192256b37",728152578.680385
"8bce0097d22b34a804b502bb",659172351.664524
"8bcebf3cdc54d4ec99ba0d88",613083193.28992
"8bd2490f83568ba653cb74f6",1098113350.33556
"8bd45966c16d4eafb49ee2a2",1141248372.33251
"8bd8a7e19b6d3b8bcabb84d9",622166422.581677
"8bdebb8914fbcaad625b1764",702503159.933141
"8be43cd8653accbb8fe8a270",777955677.932442
"8be5fca8f4339712c6f3e29e",503233772.556439
"8bed46960db1b2a7954ffbcb",1307270639.5972
"8bf61f106e60d6be03799de7",985019853.282529
"8c0154eb5be437746213aec8",1058148170.1079
"8c02948b66db263420c20d3d",873281368.954869
"8c04aa7506b8c80c1bac23f5",1255365712.09766
"8c05c66be6008af7f6dcc10b",972144337.32643
"8c107da7487ed0cd409f4daa",943652686.473537
"8c1695c9a31de0f956e4ccdc",629746236.809851
"8c18d3417886c150136a03ba",429460579.792696
"8c2423c14aefa13d255fa77b",790369471.522011
"8c258d10ce32150f5fe5b712",873823172.243592
"8c32b6b31d1a1d5736c4df61",1396436656.97737
"8c3373f9c0372b87ef021512",954796379.773398
"8c3a02c9ca043cf0f322ba84",674332627.440343
"8c3aa295f7bcfd9a43eb2037",1080983115.77947
"8c40078231bf7af2f3a06457",489205041.064665
"8c41bfacbc1a6ab831b26fa8",899727818.14419
"8c44d216517f5c59e2611aac",430098007.871765
"8c45ac143f5cc43e9249c17b",1027091058.00079
"8c47395a28f8177923d7b75b",595897585.501182
"8c4cc779f5034e9c10b2e698",451951146.701335
"8c51f1b43f15b70d2a294918",379786894.280302
"8c5aa3c826f325a9a6c6f524",893791123.238264
"8c714badfcdef8ccc73df9cb",2024502166.90413
"8c787c1e6161b18601e6d7de",710781794.109805
"8c801a266256e3fbabe7e3d2",706729525.531385
"8c9849cf3d20991e5126420b",956964142.845472
"8c9b472c55d4b99e44041de5",745729168.172816
"8c9bf9031bd378c1105e3f3e",955238485.438552
"8caab74ced535ec5e75acdfd",472624527.838473
"8cab957b322f1aba06bae4ad",677221609.723932
"8ccd326e4f515bf7e817a14a",852000669.271809
"8cd0345dfac13ab380240b0d",715109806.499781
"8cd3031963c612efd0049f8d",858489625.696434
"8cd46b5c9cbd056d3712f155",769842579.819325
"8cdd55d191f206b0841e56eb",757351961.610698
"8cdfda9067e0934a8ebe0894",806433110.559393
"8ce2d6e505ad1da079f34a8d",948764330.642616
"8cef9b18f20e9c5a32e7ccc9",1178838106.51553
"8cfa1121fc87d9483ec63611",836899253.57218
"8d01d6561223272181235c69",741224333.089901
"8d041784b65d33c76e5245a4",869030782.790107
"8d06037db08d0754bb67da4f",730488185.363123
"8d06af8e439c45e0e125de91",813400272.282402
"8d0ae601094562744c8dba4f",495631086.807941
"8d114cef336100a8d8c81ce1",808928594.998242
"8d15b4bb1447eba7a680ef47",406234252.049026
"8d16b1bdea35630a3b09b192",846676041.839874
"8d1b3071f5396359c0b6cc62",976835541.451839
"8d1f7b0cfde7e496e7bfe972",721536424.028268
"8d252e9b0912f09703110b81",753682132.083689
"8d27746cd9d2532fe9cfc408",579979540.880397
"8d2e85825e95f6941445cace",911141832.27005
"8d2f9968ec8aece8d1a20137",826086359.984486
"8d3f4ec0c37443eb3f953584",926289837.444633
"8d48f73816b248d1166a09db",828191579.374498
"8d5192b6208902ddf4804839",928066847.683944
"8d54b9bd24cd9da341cc942a",1017540066.13386
"8d5a73b1d27a66b3f72fa662",1097753564.60258
"8d5e662ba25a71727f1eac77",1039644642.62208
"8d6c523d4100ab0c83a31fed",912682706.924793
"8d7dd9de4e919fec5916862e",890890403.648679
"8d81b4681ad0055c274e7da4",589824984.37219
"8d911c1a195567dae3cad99e",470502156.946536
"8d97cda83fc7353a86c9393a",800241175.604059
"8d983b9ca65f19ff3d69985f",1605367075.70446
"8d9b143cd8eb71b05d32cd2f",1161666015.44619
"8d9cd237c737f6e62092a08e",1298944095.92758
"8da2439f391c6db92b9260f5",1053198084.55173
"8db285eda04ca37b86dc9724",898408616.981074
"8dbdd7c8971a514eb7cb4d3f",1003947143.46872
"8dcfc24742ba669335a2d65f",805602356.104647
"8dd453e986d05c6c1dd104d2",768300836.515696
"8dd46fd8ff592358e4c3e7e5",678770146.89638
"8dd954e7312e6e6a07d6d4db",585498259.113922
"8de317591cefdbc375a41483",763804989.384526
"8df5099d856c7f9de43990ab",692286516.918099
"8df9256029f526ca313202b7",1050998448.11006
"8dfa059401e1dca80ae65ae1",804934733.103127
"8dfd846e6df9a040ae1188b7",450392949.338005
"8e0ba427ea909cb7943929b0",710574550.436208
"8e160f094a0425aca23f04ac",749669926.925417
"8e17bc9f09099ba3138c232a",1138932422.97641
"8e17d7d78e7acffdcb04d982",657069461.128129
"8e1bd01ce4b7910d42f59be4",648051139.813713
"8e1e9ae57400052cbbaed9dc",1386122270.78053
"8e273f1dde4801825fb19742",861103077.639842
"8e2a5f8431996ae0db65d0be",1047629918.39442
"8e35609c1265ddf59e1c015c",816335973.840482
"8e3700ec731701361d7bb7c9",574768032.747843
"8e374b19fb87640c56243088",479206943.959139
"8e4709859d50a75dd08b03e5",493990873.876942
"8e4875b7ecd0898571f0b1ae",661713784.390428
"8e4df02eee6cab9bd1011987",789121041.980224
"8e5123f5ef1da66571ccb600",1307920561.486
"8e5661e79f4fc282abac1f37",1000919028.85092
"8e56b5dbc4cf628ac12e5bef",1596061153.50824
"8e604d41e0cfe9c93ad536d8",1298101144.26815
"8e6dfdcc28f830f2696de9cf",1239890364.59264
"8e712705b7de6e791c8735de",795255760.700107
"8e79eebcff019c3362a76a26",868917565.8068
"8e8852450fd5556f748c98cf",765117473.841452
"8e88e6cc55ca769e472aadfe",647634896.259581
"8e9e35321545774dc1f85776",805349998.365422
"8ea02baab0c59eac6584f62d",1053142257.68232
"8eae4346936f8c6c67be81ba",551286577.01518
"8eb66c4b057dd4b07b5fbca5",1093807444.16108
"8ec00d454698c119085cbee7",742611020.564928
"8ec09555f5a47f96a8683699",1340771324.46418
"8ec491780efb2c27df8dc08b",804222718.803763
"8ec8cac469f2448654312aaf",843650817.273092
"8eccd2a6352c33d8c7abcea7",833948815.43525
"8ed11c1d4e7aa1ccf0ea0508",477488946.952682
"8ed5e7770d03c43ed19abf42",698160386.187558
"8ed95f9bf057114664ea441c",806708600.694434
"8ed9c13717d2bb274a81e460",935833450.802389
"8ee4a7cef562d388b8444c29",682622301.079239
"8ee7d2e0692e49bf9d308b4b",945006802.249395
"8f0a61533b6a01badf43b6ed",1028327705.69728
"8f0b6d6dd914911c7e90d302",885855945.027845
"8f165174bc07c28f9fddeee3",1206494399.53924
"8f2218126da9580268661c70",1074202902.46501
"8f221efe392ba42b519e5f57",999846071.216762
"8f2fbced5d357bcd6b1c7de9",793617955.141728
"8f35a5d800d98481d7a8b6a4",626262254.857294
"8f36d25584407d9e3c326e71",868105694.86184
"8f378dc1215f9213f187c02c",616258006.637849
"8f3924eb214f5194d21499b2",1007497520.94093
"8f4241a17d1211687bf232c4",484745092.893884
"8f428b58a5189effe993ca4b",361596323.127246
"8f4687b666256e136148c3d0",934598857.480942
"8f541a839df1ae79d563427f",716526379.445702
"8f543f9c31af1eb17ef1e353",625386346.326169
"8f5444b81998e52ad76b3ddc",838200570.856958
"8f570610ef199a3ecc49a0a5",731043974.199015
"8f59ec48e38092ab01c23e33",1201934042.09287
"8f6076f8ed13e87862d82255",436923873.294316
"8f619dd7fcf5e1a17af301c4",1075013986.21224
"8f8a92abd28c8990534e847d",1070972125.10909
"8f90134b8e68948cb18fced1",593956858.633975
"8f9417de118ef8486538955f",1035462155.41511
"8fa4be9ac1ef719dda1f96bf",455074020.584149
"8fa53bd51f5d54be50b3fa29",377420396.28084
"8fa9b20af1508af7a01e2267",569419352.100482
"8fac177c5a8b4faa21b33138",423882704.980224
"8fc4070ce12262679c381515",750134181.170745
"8fc50169e6ec98a3f4229ffd",1068786400.28264
"8fc78c514a2f1cdbc5ae6e1b",1187983870.98827
"8fd452d3f5f1dbb3b65f5274",1035704846.19672
"8fd5b95f5808b4676043de35",641827572.091789
"8fdc9f203c3de5d486de7ba0",499400478.117073
"8fddeb4ca696706f6cbe573b",874709217.825328
"8fe1a07cbe9b8f3498cf74b0",482695802.016015
"8fe7db56d501b9c11461f62b",757518275.076894
"8fea95d0a70b1ea918803f58",898722102.674257
"8fedbf13ebb7cd3475fa3074",1024431792.45629
"9012294b64280c565a88a1d8",774313917.364314
"9017accdd4fe3229fc45280b",428165128.314664
"9017bd24d173b2fcf564b32b",1234993824.49884
"90186e67d802be6d12eb3696",761420055.018862
"9019f1dd02ede61479b62406",458799383.659668
"901e3b835718ccae27c8831b",799855678.812528
"902d4fc2c44ae5ca2703426e",797950041.969989
"902fbbf9f5037be8759775a7",1074281103.61682
"9030f17b47b3940c2e2c4093",753741431.877306
"90332d50e91925eb9b614bef",878828790.117946
"9039bc918a76e486041842d0",605885441.208931
"90470cdcdd2b813b39f28ab3",802449492.091937
"9047c4764f2c6b1a10b87e99",1215638524.7444
"904ad71e7d108930d69a7332",771575727.42003
"9050b1061469970ce28742a7",403077820.785237
"90511f2411d4a37a7224b995",838637288.583045
"9051c6d14018b4894b560e2f",1404012109.58167
"9052c644813d546987a72305",510686420.417116
"905cea21c0ce1cae97fe86ab",906126253.406818
"906014f0ee3f3f4f0576d4da",512908668.494488
"906e1f2e1bc5cd51a55b0266",1097978337.79292
"907f968e78d748fde69dd44f",616368102.309777
"90822d4e3a369948cdc4d998",680791505.420666
"908330b0d2651093c0bb6719",900443342.990761
"9086e6e757243bdda003878d",978079306.89272
"9090236db3ef719edf72a330",1326606606.03449
"909182c92bbc39b00536ce6b",405482074.625004
"90921c9fce21986dd23bc645",573566016.064401
"90961073d9887bc1023315a0",657811569.967149
"90a269d52e47c1705f9b6cf0",1187497523.33771
"90a43053efa1d292af692a87",550256244.314878
"90a711f776d53cf654614649",818618417.435105
"90ae7af091c23957b88de5e9",819658083.062086
"90b04117887941ac898a67a8",460031216.238819
"90b25b6b913c1bf0396c149a",565566462.072878
"90b28f5125a0b8a0e3b10580",1114271256.5931
"90b34ed38e0f18988f11d77c",867025359.411449
"90bf218565cd67ed83240033",1165978968.6954
"90c3b93badfe7231410e95bf",878229186.889599
"90dcc3f9428a4e7cc396a15b",973860495.282229
"90dfa0d7be06e7a1dc15770e",537957757.620444
"90e00fc58569167c00fae7d0",894336704.32604
"90e62f8656ae504bf6175e0d",552119819.629508
"90e858d3740d4aec0fa21c12",968862246.515167
"90e94b7e392f84e01a5f1551",1133353928.32039
"90f0cf22cf9c8fcc290e495d",593609629.800797
"90f320e94aa429856e37bb35",486626410.557983
"9120f0e5a6f505a2553bfd58",752954945.280204
"912471caea3c71e3f9f70877",789444231.845686
"9129b78a741bf5e24df5379d",741218668.93799
"913cdfdd62e35472522d0a6a",573890128.787642
"9151a8c65e1f01ce591c595d",677882317.956019
"91561030d87ff5bc0a497f1d",988224572.246934
"915842a8a03914c08a6607c3",462143226.705696
"9168a08b1fac4c5448626ff0",799653735.552929
"916a413537580440c4ac6028",762852565.073646
"916f946082d03023ffad6f2a",833723531.713689
"917218fe1425d2c222da1ed3",802108344.031975
"9172caeeaf6498737fa0c6dd",862824653.297674
"917829a0aba571cbe794838d",648118172.453176
"91892eac5e9565b12b2a99f7",459610106.970164
"918947d51e52e0caf692f22f",519998761.509744
"918b0d900ead8267aab4cdf7",570194056.296303
"918bec54bd7587daafff66e9",742253977.852109
"918c48a512fd6ff22fdce5d3",738416678.206647
"918dbe66979d16b147bd3322",750837836.747891
"918f56ffe325f21522cc60d3",464953426.728717
"919bdfeb16dd0bf67787d53e",691879569.348502
"919c1e281329379c4d130416",1148489920.67762
"91a08474a18644c43224c62b",535499439.36768
"91a08f81b621333ac58c3845",664792978.163528
"91a73bedc30e0c2acd95d6eb",668735882.684444
"91a7bcd95c0c960e4cc22d91",737988170.909136
"91af29fa680d8033188ffc39",1076064158.71201
"91b57e8d6c41b7afe949bcba",429062888.716706
"91b8b9db5372a2c3a5c30c58",591139996.492984
"91ba0c5b21b52734d1e244f0",627625453.693093
"91bd11b5a8e0c0124be78f46",453515895.299882
"91be1260a84ab7fa3521c495",989585103.685106
"91c4f018fc7939d150593935",1014248136.13627
"91c5967cc1acb3f108d6e0f1",556016704.362764
"91d265ffaa6b407e9747b15b",1004961128.04848
"91d35b9421c4982b54dd520a",890980065.950005
"91e2f9f7d4ed776d38a3274f",834155854.840734
"9200d647b6ce9aea67ff8ac7",840503667.310276
"920b50f4355cd2674ceee068",665567101.619057
"920e2bd03c9d34e36fc38ad5",1069944323.96874
"9215d29512b14aab6178da01",1496504259.45764
"922c37e46fe9e75e73fc1f35",572000924.550849
"9231ec89e58a3daf459c5b43",1235047815.11632
"92369f73435d1ac3fa95f185",765087181.092726
"9239fafbffc066dff0811302",366901188.518363
"92507b623f039b4ef5be8870",771852493.808304
"9251f3dafa0e747b6e78f295",713795261.953892
"925754da6fea9c9cdc06e18e",739375864.929189
"925b457b5df270a68b84753b",412116029.317929
"925f83e20a153a1e094bc606",1015100239.74299
"9267fcc93ae3b6df8c12d9fb",525375980.74447
"926a7b18e48cdbf6ac3b396b",574018017.877184
"926cdc0242544bbc850520ff",701836659.004747
"926d12cfe05643554837664c",448869961.497854
"927de0269795dbe0566a0326",1030014824.53559
"9297c340db8a74e10dbba148",676866259.038332
"9299c976b1afe4d2c0bf351e",745982025.097954
"92a1a8b617b6d2c3669167a6",557439671.902512
"92a9c07259efc617e7d58f9c",698096792.568784
"92ab018394a5398b832d0b97",900073673.308236
"92b3b7d8dac6b2f6d5fcfd9a",701166332.818483
"92b772a38d5e38bb51a3f621",600259954.338656
"92ba019bd942fa33ab742924",787583464.716974
"92ba222e2dd63a4453a30637",604778626.812123
"92c4faf0ba1fbac44db6d1c8",711227612.970873
"92c5129009b7e377fa004a93",808822741.936567
"92c8d6ee8496b91821d7ba3e",710709502.547534
"92cade7b5347d1c00a48a1fc",1167372257.37754
"92d7d4fa9fd09075bec14a3c",1065433305.77804
"92e4dcc5911b42e7f70311d7",799132655.316772
"92fecc04105a999a622ba3cd",652403174.39839
"93086ab3e32aa9599708382a",1039526147.0871
"9309d812688d0d2bdd33d830",657148180.113406
"9327563b40f2a0f888c68f28",1436878220.71719
"932a93e3ee2093d7f806fef8",767039847.722072
"932ce2fe93b8e1ec0e7bbc8f",454278668.463934
"933018604a8d5a9020aac221",757777111.847762
"933251193ded6df07c83128a",1017149185.00983
"933740e21e9b61721b2c6053",811317030.348031
"93375efb2e74f4913d21d94f",758597506.596148
"9337becb0628955b47e45b98",1082147206.11462
"9350225547486ad75c0b5ab3",969455660.911131
"9353136b0c791bec58f93ad2",827442156.967267
"935a1e8c7e62ca9d3bff398e",1125765197.0242
"9362189c5d784741c9b0f8e7",839098917.874872
"936307e2f478c3ff7b9652e3",833985090.203329
"936cdcce007bce08a72112b7",889961823.014245
"936e18fcf06ca3c46eda7c8c",780990858.080366
"936e6d2192f28a2b40939a4d",864260267.889912
"937708417ef2642b7d05abad",975936934.572992
"937876bdc44c3b8fe063a9aa",746500226.543001
"937c0b6350beb0f51e53ff8c",515871072.920946
"937f0b37f566f65a1871615d",528123351.270791
"9381bdf491d48236e84590fa",577734813.02383
"93822a34ec8dcf104e7f49c4",714257668.847821
"9390ae5c166e1a976e53e16b",667985033.294753
"939afc1f6250d528b0be8e3a",860455808.105611
"939ce1536f15c0e6bf203dd4",993822843.555122
"93a1aefcc4ccafe4866bfc76",538156636.707087
"93ab279de0b7b414ce758153",678360710.312681
"93ac0b004ca60ea56cc2bb9f",974957627.018852
"93acd9176ff299221e0d2152",887838323.455698
"93b27fa67eae8cdfcb846772",871859050.129615
"93b7fc7c4f07a7f117e687a4",726290917.217775
"93b8ea95ca1c1ff3881d91d2",594140139.722983
"93ba409ab36d3e10eaae18c1",747816290.507824
"93bcdd2a8ee1d5b61d00d58a",809094229.132297
"93c24fa31fa780d28ecbc318",648510963.869823
"93c5c5d9d1e99824178be9ff",769177958.591971
"93ca9e75cbeaceee69b4f0e4",496997070.045063
"93d4c413d2a1ac59f1b46830",682563343.188128
"93de58cb0d8fbe74b0cbb556",707671520.324225
"93df4118ec3536b312822d90",1258592256.9538
"93e443a5b3864d52765e6484",1141386291.73081
"93f5694b4854068f42ffe55b",820093446.043097
"93fa1c8ebb75b77dea76ab99",1014861393.92929
"940dd8311f2b49d4ec212fde",522902992.157239
"940e08f8fc66ac29f6d76687",866901024.833606
"94116b7517a06255bf4320c2",847016250.801287
"94118bd8c3da3f14f9c7836f",747281636.750695
"941392f9a135909273422dec",614921771.345766
"941569c4352c3a2e32c908c3",1306467948.23392
"94160aa4e5c54bb479b1d0db",472549949.216424
"942133ad6b84f9d08e1d4e7d",888677736.225929
"94213637892f5fe643cbe8ca",695202599.029969
"9421ce9f204f373a50357fce",675555358.608095
"9425283b41165156aacfd43b",662146497.104743
"942c934c0d41ab822d60c795",668695711.474136
"942ed340950f02adf9749a36",473969645.755205
"94301e20cb91669986c4b34f",442750981.974055
"9446f801f30e8b2997fbd72a",1212298928.19634
"945202a450bea48fa7f2a95c",580108448.257612
"94535dcf38c9c6461a73db02",415617171.412267
"945f85a061dc4e95e779e27e",960358851.422374
"945fad7539481410e8bb60e5",787786328.782857
"946eb4523f76bb23d0348309",875028177.371574
"947421747f33db213e6b1326",691836941.755382
"947ba86487536d611f548142",1273973542.00559
"948ba87dfd7993460c967cb4",683938598.730103
"948c392520e1cb3a030ce86c",884036298.525652
"949184accb5878f82fd5c10f",1137161268.64054
"949292b23ece12b655122038",551144367.691069
"9499edd83df77bd6a90560c8",560685055.220319
"949c4a5382aff4750b4dff83",923340016.946582
"94af5eccfe170cbe7d428184",544548925.917087
"94c15574aacdc5c3cf5a406b",526052587.004683
"94d3fe901550dd4ba77ffbaf",1025362235.50949
"94d91969cc4b9aa1e856d801",618456723.335611
"94dc108f1d146641b221cb81",650847553.626248
"94fd4bb5f41087921ca12b58",566685849.09614
"94fecb92077ffe3a72aedec4",619833968.363942
"9511afb73b656135daaceb43",889256170.425882
"95173735a8f6e554f083c065",629507173.328182
"9530217ea0b5d2395adfcc9d",1335400654.18292
"953176c9a901b4f61c030432",930135114.869889
"9535ab027f9f2a9a8fdc21fd",634369291.750998
"9536c686b6ec514d92493f9b",757562322.659676
"953fd7541735fa8d9a342642",915837802.111639
"9543c16bd5eea47111e6b266",596413843.781426
"954e3065b1e8b31a68f6d4be",865111112.612591
"9551dc6098b721dd495e5c57",1168085892.55884
"955544a0bc2eff312e965c2e",1286922823.31727
"95561bd325f60967cb6653dc",1156586871.10723
"95570bee1792641c7c12e4ef",834353962.205982
"9559637fc2bdf96defd2438d",913503658.216688
"955a15a734e56eb287555307",475588008.948435
"9562ef63320854bc6f94b5a4",606033040.059498
"95632ec6578a204881694dc2",623705382.362577
"956600c9a4ed31e588f8c593",1019067035.01744
"9567966987eb1d3117677cc5",474651998.930228
"9569a50febeb4163e28c192c",982011473.197312
"956ad3b1dcbe8f236efe2d2b",631021126.625026
"957731b9940c9131d92a22fa",998583144.584912
"95781f187bd3fffa3d1b19f5",537142927.177166
"9580bf8358095abb15a10c36",377184640.19465
"95815bf7c79e4bff3f41b233",819297551.707624
"958f3e102c6ecf5f6386a004",530453364.316098
"959397711c3f452486ae591c",762364152.618247
"959b2293af0ee4f7c9fea7c0",761912612.463526
"959b7ea50d93bf1c36e35005",932071987.663751
"959d0cba47f650933b9a5168",971663000.190315
"95a7b01cd60cd10e7364a600",772862668.057643
"95ade3ab8dc04237acd6441a",571733065.166905
"95aebb36dc0b4ea86db49492",1022609481.07992
"95b822f76b4d3d6ceb0c5077",789042232.874625
"95bb852a958d7b16fd676e3c",997247020.637301
"95bdebef7fdc2ac0e9541c51",1052819852.44258
"95c9cee9b36fd1d68f647aa5",680984039.468071
"95dae083200a9e43a5aaf210",1129343071.64705
"95e561c7292d64305a2cf4f9",876259683.029129
"95e5e774dac6f0159e8afc0d",793607503.966057
"95e98113e39820523e95adf4",698491192.839504
"95f17e64d2222c904a7d42cc",801143606.394574
"95f27bf0d25bbcd0d1eb9cdb",816762324.622387
"95f7bbdcfb59b4cdb41b0394",795028839.094211
"960c9349b6ef9b747ebe5829",1133319714.9641
"961886897eda4b0ce54d1d82",1032433764.23919
"961baf163a07179bceba67a2",1070962557.09073
"961de1cc8601447b03682e1d",868307832.652111
"9620068cef0622c404e15960",965870109.587541
"96298da2f44ca873f345867b",659789697.540642
"9634cfebe7e6b095f0065ee7",786849800.342509
"963985c57392ed0423d74caf",804776825.496566
"963cc728f3bc207a7ad74ec4",748714803.704381
"963da21c3c571d7bbc36f1b6",612954305.964217
"96448fa0eb077563a2d168ca",478669297.627241
"964734d3430de94d22c927cc",433207586.13789
"964b7d9de17c1ce396fb83fd",601910746.993571
"964e9c3f87176e761484543e",684394841.024944
"9662cce3c4b92d1c99849899",979544344.630042
"966e8fc9af08e76f8b276245",540595799.848945
"96786aff35713dc21f6bfe5f",992133316.228346
"967a7676754d6f9aa3e14473",449594033.288132
"969219d7b193ac92e7a008ec",739865663.996284
"969b956eb7769b6f509d3ee6",991930211.155063
"96a478c359fea0014fde607d",864954364.372888
"96a77e8e42d676b0da3fa572",911199353.417423
"96ad0e75433cc18f20ed83f5",696089734.85511
"96b3ea80cce599b68f96f86e",795028839.094211
"96cb3c08c80815907de81e73",709826121.301651
"96d14697ed6847ee757d113f",474128934.612612
"96d14a1d29b7abc2cad573cd",815546171.531926
"96f59167d17d1c99f31be997",823434273.414646
"96f5db1dd0f36d1087172fcf",739902937.70096
"96fa88a07329d3988b6b41b3",871786020.454245
"9700892d7133ff2c0d1763e7",1180865897.24498
"9702737c9e4ecb12d0f9ea5c",968213600.329424
"9702cf3039b86f97c003e20c",726323960.839512
"9705748d2bb061678a80826c",1023022469.33475
"970c0d4928a9292748c0fd00",953015203.508572
"970cb360eb64128037be7e23",852565733.173462
"97106114a8d353ffebbd07b7",570488035.232869
"9717b066e135a82feb422181",692231852.237533
"971a322e9087b67650689ea0",899319402.366484
"971c610e55f133a1d1e6c2b2",834490876.934911
"97337d2f347a50e0ef518516",472145848.720908
"97388d009acd9e5ad49e7c4f",499093835.836233
"973ab56a202e039f5ef37353",572216997.599775
"973afa2d67c20297aa108bda",565809107.887518
"97419310c7e696dc8ca61f7e",771756582.154879
"9741ff1b895a038c32205784",1006319283.78341
"97439d5a82f970e7f50d51b9",888024495.625483
"9752758072e096fce6f7f4cf",616985327.72478
"9753470e033b35407a2eca2d",909347990.215366
"975482a692bb98df98b2f243",497955779.619782
"9756b47e9dd47f99dbb23115",824344692.015549
"975ea2f56001edae07f28fca",482014098.332007
"975ee5aeee84593bbeb331b1",409686733.81376
"9761b0f43949eb5307472ba2",878975605.616608
"9762ecd72557ad6728274e1d",854440894.461013
"976945e68af6a66f6fb0850d",685918518.49972
"976d317efade1dd77ef3687c",517341346.294413
"978195f1745ab7e3d69e1f50",858139424.753567
"978edd828fc71300e6723e06",1108502565.41301
"97986583e1c988373765eab5",803949555.968881
"97a22807207cdfb341d5c50c",342033123.879967
"97aacb0847561f45a5540f21",911012816.781243
"97b12012ece8a740944aa547",1010410508.79325
"97b57932e5e20416bad6919e",1177034413.20496
"97b69097fee8d8496a6b8c04",697653500.858103
"97b791fd94b2339ba115a75a",1055791157.55491
"97badba651a94721af5df3f0",716980910.746972
"97c799300453ab511bd06361",635444146.446032
"97ce3e0ef38ad12f7fa8c4d0",376956354.373166
"97d49e61c1ef55451e52c8e7",933682780.346364
"97d64459dfb368b1f6067ab2",864701724.837055
"97def72de478566ad58020a3",917312208.937859
"97ea5dc81ba49ade4f8f580b",718894459.740565
"97f5e6ee143998e0b3fc97c0",826190658.927715
"97f9cfef1e35be84ceea2a46",1138699265.8498
"97fa4be3ed93c37c048f507c",447205919.009969
"97fc10f5ce4a6fd7357381a6",684273615.251418
"97fe6eeed892111bfa20255b",489223263.196934
"980bafcd065c8e3d6cece127",875432851.765069
"980d809e549333b475477bf9",614942575.986854
"981b55d5c38361caaddaddad",727246527.407047
"981fcb79db3881259eb303bb",661910629.203795
"98318f22c00ab335d8aa23c0",831986309.935291
"983503bb75d84c410d1c5d3e",1035904712.79501
"9836bf9b64f27104c7863b79",613239916.514349
"983874e637a1a5782f31089f",515847253.432064
"9844c3773f7a50c71f218e99",921725860.06929
"9847a4ab995b7b1c30196704",1234054990.148
"98502628de3c4fd3905000a7",696500107.823966
"9850d970fe9fd9bae89f09ad",823277184.997865
"98510008e150296ca9d27d0f",894290176.731444
"9855712ed7be7e865656de13",769738872.026843
"98575cb25b358dde32ad042a",1099515848.54627
"985e40843a30150e6892e4f9",816182843.534129
"985fc7ab5aabf1831ce3d298",699790237.989964
"9865836c04a9582688f50496",483908548.23858
"98665b825fb3a06b914d39cf",1071749159.45835
"986defbe9082519824ebc882",1070258201.58818
"987199d3a23c08ca887b301d",878648816.856235
"987476ca395533347581b2df",693253214.770384
"98799228c26c9e4899bed65e",492550222.438878
"9881fb167319b34cc23da955",1187295818.52175
"98865eb2f40b8a30893cd351",565766276.337177
"989360149d9cc6088391db4d",752511979.55316
"989a4fc1590097414d7c3fa3",564870225.79421
"98a0289e513d5ba036b24252",606199422.387907
"98abd5139cc3ea136faf7c8c",1001384369.54283
"98aee6a36f208227a992f9b6",1180308133.91143
"98b77fc0888335702d082f8b",823266382.070422
"98b973c8597d5805f87dd074",893963997.384117
"98c5b154ec80083bf6f51835",1024801672.5025
"98c98982020ba42198aeb45d",697095394.515983
"98c9c866109bedd605ab7dbd",992873397.379389
"98d7f0935f021acf313630a5",674180573.077717
"98d8411005ac05d77cb12516",988481501.500002
"98e04fd660ca1276d1510a72",532216809.448929
"98f253233bfcd16533e2a448",985782443.039815
"98f2d7810641693c44096ada",826192577.315224
"98f89d21e5dbe53f8704e745",760400695.901302
"98fdd3fc6c9447d0f05eb1c0",494880000.081563
"990379c9f9f210206c6f1916",1132537400.6675
"990c8d65ca11a97a1d34c5e5",816234558.566264
"991a94dd1e99de493672da14",580178756.744482
"9931470b50580f51e1a4fac7",593662031.698969
"99340b6cf8f818392d501e9e",1123879845.44845
"993898470c6676ce46ede92d",879669183.929554
"993a18ae04d78d374f854262",849343115.365289
"9943a2530009f62cab6b466f",826022323.712691
"9949cbc958bbc0114404960a",629804510.462952
"995362e3fea8e54538ac135c",787247191.63351
"99543a17b33ab955d03adfef",860084585.82607
"9957ccd807718945178bb847",1034277182.42085
"9957e5492f63fa295772246b",958758796.392701
"99587dcb4237fe90acb15b5e",514552960.625261
"995a5799d9a1a7e4dfe4fe34",778312652.77686
"995ba6d1fd63d5160fb18e71",1138381638.54391
"9965f598c5b95b3cfaac50ad",1027943341.74792
"9969f6f4bfb29e3a97c2fccc",718542862.31616
"9982169d6f3e9ca61dacfed5",677036570.617776
"998c1a6ace613d8a7468ba5c",974864010.344868
"998c864a446f06d114f42fa2",1134985001.26135
"9990217fa4eae1d1c4ed051a",1028140584.10501
"99970db787f55a4d1963942e",479829453.073774
"999c8da7dbed7412dcbafb70",750419087.126687
"99ad7b36c3c916393e951507",719488700.411928
"99b31d0b5d5ab75a2653b1a1",513458093.240659
"99bdce7cdea643b0442976f5",854339115.916663
"99c1b39476ee8e2ebfff6ffc",746034586.602577
"99c539fecb3bc233288ff905",838075669.891567
"99c69eeb96e1016a7e53b33f",762969002.892031
"99c6f87ac92cc323c8caa005",981497673.449722
"99d39d72083d7485e8944a3e",731470747.125975
"99e48a46a1a599471d3260e0",443922562.760773
"99e860bbf3033ee4654d393b",883761279.738599
"99e9c4f8fd7fb7929da10a20",470842263.352463
"99f10097f39b32a478877340",738248419.252906
"99f1712af0fe96f67d11037b",621105558.264268
"99f8eedcdc31cc0ff6fda7a6",438541109.102542
"99fa9611d644cf325e20e603",1343195812.07055
"99fad8a7877c57c0af05b318",510383381.396201
"99fae85157be04554b236007",710326473.675047
"99fdac6a2ddb1136f7117f0a",657781446.105481
"9a08127164a0bb61cefb3680",432378888.281742
"9a091c59b3cb4c730372b34b",434360041.883309
"9a1819c45b01c341647a2410",843711996.799091
"9a2051367d6dcbd90a4d60e0",711099880.068016
"9a296eb9b63ffbdf2a07cd0d",895863180.742872
"9a2b53c1c7151a8b26a71edc",583941170.562216
"9a3368605e5f563e29182f3b",726023076.408295
"9a354d8c526efc5bcce59dca",681104717.991101
"9a38e7293e9ad7d8462eeaf7",1188713765.96521
"9a3920f803b087c29b487cec",527364163.101897
"9a471715e4c4865b822a6b77",565999482.516294
"9a51784f33b0cdfce8312163",653984128.207488
"9a53016fdce3d3b5c2baf3fa",1172599059.90381
"9a565e7220cbc3d5d340e8d7",707983948.567696
"9a5fdeb5f389590eb46e7aac",1056408740.42567
"9a61bfe6ba2b8364a92e5a97",940608663.848491
"9a6440e5318b2de28b180a2a",818899488.836464
"9a65fe451b30c59beb3d62ef",931816939.132993
"9a6849637f1b8332ab289e27",1475226255.98198
"9a6a8802cbf3549870c55031",421484399.661285
"9a6b537a7319b3446977919d",1450444983.62538
"9a6b77dc2c414f0baa11effc",577370622.086536
"9a76a405640f670c6355630a",708756213.57775
"9a76cc7c650230c670e703e7",697268169.103573
"9a7f24ba55c92696d377bcb8",979975979.300326
"9a889078a0225c013570609f",441509271.196803
"9a8d13d56d677379ebf9a347",1102551501.96302
"9a8e471c8f4488c3799483ba",543591536.76804
"9a9553eb431458a3e30fc672",901096568.19162
"9a958690c3947f5a8f05cc80",980439281.125822
"9aad22f3d25e46538e1558fb",865803428.46264
"9ab245a4c91877cb7a8661ce",920023107.465755
"9ab273eca8cd5dd4b6339ca4",468654968.750526
"9ab385e399a4673732b6a799",973497858.589595
"9ab4e5f8cf2b807603329cdd",1001717864.77248
"9ab5ef2c5650c4bd05248990",499093835.836233
"9ab74e81283becc00a779172",789088059.603602
"9abad9f79352ed42d1a9f099",463285259.752749
"9ad9ac8728cfc2387285c24f",537847629.326194
"9adaadeeaf6a403e1c8754bf",1123247253.31407
"9aea45bade274e4ed91ec301",705160649.034238
"9aeed339b2d916cc89f38bc3",671688238.25574
"9af17837ac2bbe7c8ba16e0f",782755217.339787
"9af6ac77a9aa0c6da3cdaeb0",444997968.249128
"9af956dd8d83bc715592b97a",380867630.54134
"9b06c7cebd33cd26cd6cc089",1495891606.92214
"9b0833992397c6e50b54715f",559875781.829164
"9b0abbbbfe0bc85686304ad6",942185026.307851
"9b1223cd8c9d7b348d6a5c94",880905885.909503
"9b13a371ed4724d2e2966447",1005393059.79267
"9b1590945c0c7f7b0704d287",805822375.203515
"9b15aa6c85804621f5c42566",936408425.05219
"9b184e58842bcb14dd42103b",734438850.711259
"9b1be976725ddd512cd222a8",1166017745.38415
"9b1c23d616e9407fff6553d6",446256470.285838
"9b264d26a196a76951308cca",693882279.583545
"9b2c7e6cfb2d6c66e1ee8a6b",710808763.526406
"9b30c679d7da9169580773a1",980205772.86647
"9b337cb1451a8fb078dc9a07",743395021.760027
"9b3557302e940d4da341cdab",498357411.028416
"9b3677d498c2ccf69c756ec7",1188227119.5036
"9b3846c7abf642e0a6220e7a",620798066.604911
"9b3cf0d1b91b9c6a2a887647",642470894.269655
"9b58b5c993540ec3ab1e4a0c",844105288.250645
"9b5f013e795f5fa610d03238",795092959.515134
"9b7de95ec90da0dc8cff7011",804436048.272754
"9b7f17ddae12105d47fad7eb",871661623.747097
"9b858a70a031475e422e375f",760687643.011171
"9b8d798a2c455a960ee74503",586675165.392488
"9b948f070b94c18e00a857a7",511637978.016615
"9b9db425b698a4931173b5a4",687420608.424103
"9ba689b29d0696fb7ebc44d5",1056283908.79122
"9baa578a930a94f761119fdb",394682328.795032
"9baf7967c49fa209de8dda95",711400540.811084
"9bb193ea939c5308a738fcef",628892163.050916
"9bb9864a6bcff25b17477717",643214550.877023
"9bc12d9c9ad95064412c3413",804763188.504336
"9bcd34e7a974c977f65925f3",1428915750.70404
"9bd500fb24eebd53d8262b62",841139573.387527
"9bdb1bc52a9ddfe92e6a948b",855053866.425228
"9bdc79dd02cdf39f92e8c869",851394729.716236
"9bde9f216ecb90814670e87f",693340787.494634
"9be92b361ffd3ea2c69be23b",767362441.863395
"9bef4aacc63605f2b2b62292",505404079.378277
"9bf2e0c1bc82010e92da2540",837210263.892203
"9c20784acde0823e9479be2f",753453620.400678
"9c2c22e70cffe6836f554f24",642911635.814219
"9c2c2b01934d1d519e651786",953765204.471879
"9c38b9798313a3091d13b340",1098143464.395
"9c4ce4e9f12764544cc8bded",893617596.766559
"9c4dece6127f1f3f3bc1e0f7",823600381.579981
"9c4f397c093dde7de5d485cb",828069411.161946
"9c558e10e5bbf230f16968f6",1065671274.27363
"9c611e246a612ac6906abe8e",1157827317.28046
"9c63c6c27c74c03f071385e2",802805577.150831
"9c6a01e3c7ef87d27185e9f3",784505609.330075
"9c6d7e6260e4fe83d43706d4",606756565.342345
"9c7bcf000cb37f48d9f15422",892170161.604044
"9c7c68df14c238ce0b497dd2",686510329.22532
"9c7f7b0ebe440f60d3bd478e",453801361.478962
"9c942287410db3d0739e182e",599451877.409938
"9c99a85c5dd878568582dd9f",646511584.300448
"9c9c2f05352c92c02d080e96",1382086661.44571
"9c9fd309cfb505b628f84fab",945956235.905535
"9c9ffb3401ab6ab90fcb555e",1383502203.52438
"9ca0839c9c294674e86eb691",1082536179.57635
"9cb40496518bb99a7a00a2ea",1389887171.95967
"9cbed1ed72b444c22d8c1614",674426610.087664
"9cc3c05f0e81b8f6454b80ea",507412380.18605
"9cca7c1e9ff65766c8dd2e29",675729892.03023
"9cd01a5cba1674559752f5c4",1292795495.71087
"9cd1127b1bc10db6b8ce5d4b",1223973518.3553
"9ce3000cd80aeec2c5188e8e",789630671.148092
"9ce7fb3190866e6a02e01e26",655942932.107411
"9d021f3fcbe5f82fa1c1fd94",705495803.85747
"9d028997ff036c154c3fda0b",1083329837.06693
"9d0ae0c4dc11d8c6d94e545e",861667828.122548
"9d0d2774fbcb6fcc66b865b8",703413388.321209
"9d157878dbb41c14b52a956f",788275250.580798
"9d18c354e8939c9f18598f22",535483272.022203
"9d2a195e645a9e8556683b4b",858682331.525321
"9d2ec1ed9eac77d534ed514c",753741431.877306
"9d348aa70957592dbc56ef32",781389773.848552
"9d3f5b59b9735da05588b3d5",785904568.436092
"9d53330b44c300e396cdb402",803701679.362506
"9d576cf721ad30ab1a4fd554",445213284.565333
"9d6288cfead77d622f5f5b95",796536136.828603
"9d64345229b60ad1853d94ce",720619225.90253
"9d6810aa1035e91b72de6a26",704058188.456743
"9d6be7123f2c6e610971374e",909945980.933598
"9d73758bf7569cab4837e49c",829241250.353512
"9d790c8c474c9de2afeb00a2",618729385.105331
"9d7f161ee660b1bcb54574b1",1241373384.34359
"9d7f2c004fd359136a662c9c",734819858.080047
"9d805330fb0df9ae73003ceb",645730813.091565
"9d892f73b02f001c2f715607",566089293.910815
"9d8affa93ce4dc7c1a21b3a3",1050509868.41832
"9d8d3e6fb432174770c74e71",893442291.248224
"9d8e7178912841c2a1232ad2",616005717.325672
"9d9564415e52518c2817f66f",680142451.364175
"9da00f8ff8e19d26c1342274",936620344.29234
"9daaca90887e5144c35daeff",520248400.769199
"9db120a76af04028d2f0ce68",440289640.908344
"9dc0c6ef8389978be58daa59",757034898.210046
"9dc7b0a394309d8b76d0bb7c",865310622.807489
"9dd98816533e4ca8516a5474",1129343490.29909
"9ddc14c8e7fe7ffb078e0019",971770050.729996
"9ddc1924043ee8361201b39d",1128963187.7162
"9ddc7272fe43f07035d3da63",1496504259.45764
"9df0663317db1cf4121a222d",734045269.921784
"9df90c0644948ea5539939eb",966687395.978559
"9dfd5df5a2efca3fbf2c07c8",510066281.586402
"9e07dd563b6ff4572f5d9031",1040480205.44997
"9e0feca2ec3043ae6f840631",1068728492.90808
"9e142165bbde850d4379a49d",493855579.489253
"9e28972500d8ca3fb3b76fd9",1093749759.28719
"9e2c21d635fc25f7790cafa9",520378344.962089
"9e30b310c820d0426f504d90",583765010.526054
"9e360588b18cb15aec3b6609",462574842.195455
"9e3bbcdba89c647e4ce53182",791409394.858528
"9e41c4b41cbdc2553d80e362",1182396898.54812
"9e41f25cf2e77f3fbe903368",1075013986.21224
"9e45b127ea0303f973bac9d1",368370302.643594
"9e52ce2cb6f6b7e2a152dd54",744637579.126192
"9e590ad7d22105456bebc767",932427307.792772
"9e5efd4741a57b9af54e9265",656186391.811114
"9e617d1fd8a4f33d7b66098a",1437473261.64368
"9e7ee8e17b1e76965e96ef95",957922630.822994
"9e80db4c35139bbb18775644",1056522464.67376
"9e858250fcb7320b65bed9c7",997670996.841597
"9e871ee8a61b183aa9051b72",1120923665.13743
"9e8a11484838eed1f4673a32",763240478.779064
"9e8cbeb53820394a460f0879",574044656.044121
"9e90e02c8ed3ad137e4c3abc",428172321.368946
"9e92b27f554068b7dfb640cd",482814833.084669
"9e95710c61a4706e21cf70b3",904762570.13511
"9e9e3655ffa5921889cd8ae1",1033137374.66481
"9ea78159ad117bd9c0b04291",518661460.305604
"9ea7a0d65493cb5487ed2084",720455380.004544
"9eaaf577807d86ab64fb14ae",487454310.881025
"9eab02171cb5f15963670172",1348986521.5823
"9eabba4531191127ee91621b",1078397034.61213
"9eb4041ed9e159ec0d890de6",459817253.539626
"9ebe11eba1a88fcb24fcd141",814797934.660261
"9ec426691c80918203394ee1",495614484.293616
"9ec5fbf8767dd0d2744a79b4",735230847.51136
"9ed0bcdb62b2223d716d40d3",800642778.544994
"9ed988dd6739eb7ad7aa5a06",965570004.813652
"9ee3218bc61636cf0d7f8107",563415520.719404
"9ef3691cdc2bcece41b47e78",886617398.552407
"9ef498b11563827597c82947",692122336.05199
"9f06ad3793ede2ba7f39de43",797463365.819043
"9f0bdae4f8609ec93588de3c",734987610.767461
"9f11661702873852a3d65ed6",473781686.799775
"9f118569fb8b084f0615fa22",567710207.499538
"9f149071cf61295815e3f875",764026377.374003
"9f15c77d67021f349714806c",495042971.628715
"9f2498c12d7b41c213bec0ff",470518867.761814
"9f27627b9e439fce085cb01c",519398546.079511
"9f339d547d83b4ef956a3690",806932898.795299
"9f347bf53e4ca4d264a45241",894456517.332178
"9f3680d00c86707fba024dac",924415972.171561
"9f37bcaa95fb0044aeef6075",661313041.226584
"9f3dfa6e1422f6aeac527c61",517649134.937905
"9f3e09a3461bce2fee7e1c40",1505728832.7851
"9f41ce015f02d67e193c41f5",587910700.115132
"9f43c80d2fa31a09592b030b",759206819.249855
"9f4a25a5550f016ef2370229",1196572319.99383
"9f504cc4e6b170155d38c687",763830740.679936
"9f50ed2b7e40847ffd877f4b",1028187066.1836
"9f52855eab4ca5161f1fb492",802452688.11871
"9f5cf735a842860e7ac753cf",634494933.379143
"9f68ff98e302ab06df4fc672",650452124.198218
"9f6ae3eaafbdfd8d5c0e64c8",982832073.768594
"9f6af9ac2404a8d55f24286b",650744700.413266
"9f7204b4bb3ffb8591e3164d",928397821.193087
"9f8697b55cb665ebb054f9fd",488698325.962656
"9f9f2548425519863e2cd6b6",438491281.409239
"9fa391febd5d0a8e4c6ecb8f",398979787.529771
"9fa39c9eb4b10a20dda6c3c2",963415445.096445
"9fc4385ea76cabf741d38789",657523003.446597
"9fc8c3523883947769b2fe6c",1087316158.21555
"9fcdcb2be94744d00e734a3a",1022391514.34878
"9fd4adb5c63fba5a11661b23",446439297.459315
"9fdbab0b428f19e7e8dc35b0",1059856424.99052
"9fdf7d85fc65849cda3afda7",751733913.919709
"9fe75dbfd537f9ebc6653f18",723657621.097416
"9ff06409b37e5b5dece4604a",672141875.343003
"9ff08a6ca1c63480c563442c",945412324.233505
"9ff3268cd15cf039ab958413",662246488.601443
"9ff3acb07666d53f00d1f1db",849942612.856123
"9ff4b1fc1970cd5c102cb755",931465840.557476
"9ff5828e084070628ef2ad96",783627499.21728
"a00863c7c53b2c059ce22dfb",479900723.306883
"a0087db5e9e2cdd6073021a7",775455478.289895
"a01a51af09a3dc387a18b58c",322827569.505444
"a020e479dc5db78794a5fa77",1019669108.38835
"a02bf67aecbac445a12da958",1326622073.53656
"a02f6ef1f148659297d46b33",752990518.757252
"a041ed3fc0b60fc4ce3cf847",814578399.363822
"a04d3f4eb8810a346fd29ab5",1043328357.8019
"a05da8df13eb4b121d536912",718366786.918113
"a05ef49ad8b2d6c466ac7412",1061630888.75998
"a06733f7b3ba964c20ae2698",893999955.854566
"a0722c5527c6d3cd5cac9477",1307270639.5972
"a083fd17c5e7c9d33540b922",719899387.947367
"a085fab6d9b9d8c24472cfb0",1327165400.58863
"a09413ca0b723170c26652a3",752095799.878974
"a094be8af52cf76977fa5083",905744141.344048
"a09c957598e6cde56cdba03c",669332197.110152
"a0a8d63b5f43b87c0c7e1fb1",889970553.865232
"a0b178016cd26a1d2072e7fc",555780450.918197
"a0be286778d94153d3b22ccb",877306260.24743
"a0c6e0c6fe41e32b3bcb2b26",1046193145.39077
"a0d5001f7dd42d7f0c91d2a9",462501840.448087
"a0e15809e0a284fde27b16ee",809138468.369849
"a0e26a9d56cfb3b7228e5d75",656158445.966735
"a0e3198470f97f6a169044b3",1120230141.41506
"a0e53cdd1132bd19b8ba0c54",987425015.024159
"a0e9310061ff0084d63dd242",993855777.271454
"a0ecc8ce0592a40959bd755f",785560891.690495
"a0ede3a514cede68b721d994",783528269.183082
"a0f1496a0b4a7cd8b850f010",960181189.967964
"a0f1c94cd34fcba92f59a59a",1015066155.33322
"a0f28aaedd12f3d0eee8c6ea",491552796.449994
"a0f86ac00934b57d85b44dde",802570068.152199
"a0fa0aca2f6c2ae65a98ccbc",569742932.48341
"a10055de743532d7b7bd29a0",712889611.95912
"a100f050c34e438070ff487a",710636286.055595
"a102a0a268840439c2c8f4c6",598460568.307047
"a10f459124248ef30f290cad",659946293.199181
"a117f625c794b7d52ec67cd4",875290666.317085
"a11a82cec7f8a243e2f90539",852175122.732748
"a12ac99bf63b547fd9180a79",431316073.276448
"a12f0f00148e564ef78838c5",706732198.039386
"a12f49f4ac3c5bb0dc7d8d20",542402670.602551
"a13004b87c6d7e7bf6b75730",529397177.661815
"a1305fd943ae63715529209e",710300792.775295
"a1320186028a726935bc1cc5",692256754.012407
"a1368aa4d3ae850bbfd90bca",1116677179.48794
"a13a3638569b89ddf1260470",617303204.928068
"a13fc9e9b4e47340a5d53bcb",786831151.456806
"a13ff325f90eb49363f59052",909103386.968667
"a1421c30fb33a249bcd54394",641339456.022147
"a14506a4800c27223fc34728",746998612.686263
"a147a8c29757c5d0c592d347",550897020.508071
"a14f071d8e5c338d9ebed23c",631428099.739723
"a1508f30ba87423e7393b4fd",1180624155.68598
"a157596804522e03efabce48",962573047.368328
"a15a12446d2e5993a0a6c423",867352066.265994
"a15aced0fffc97e219f99545",579840205.371406
"a15bf12a6b8749ac8f9de19c",534898306.256698
"a1647603f732f97a99f5ec6e",1116056530.61799
"a16ca6293e2ee2969f3334c5",844921310.872875
"a173eb804f4bcf6bfe889417",1214862591.5032
"a17807447696896bb61ef8ab",811338108.4945
"a183a1c009abf7251fd725a1",836390549.392691
"a188aa896d1b4520ccd6b65f",469167797.674577
"a18925f908acda4171bfbe36",1072321750.7171
"a189bd7e4eecdd18ebc7d353",1068630791.22237
"a1ae6f9f5d02548c89b23904",794051800.875856
"a1b0b8d18cd78b7cd555dd55",1093096463.12166
"a1c2003dfcdce97d21f9cd15",789605876.411742
"a1c975ab16effc6f97935e16",847926876.570006
"a1cd215fa99b8776818d0b0b",454110019.32024
"a1cd867286d6e82181e5d1bb",1039644642.62208
"a1da74ec074df16a1e8690b9",1268674278.918
"a1e38854d6725e9c48c128b1",388668355.770109
"a1e8f0c7cfbfecfd1549b0b5",678321053.527345
"a1f0d61cef676fbf798b5473",504297597.546404
"a20435d582c7646db231e7d2",987956151.402694
"a20cd5193779526b43612ebe",623541698.573257
"a21923caba05da05449d60f6",713347314.264399
"a21afcc258e50a538dfd43ed",545062307.462737
"a226b4af016a772dc7e39ac8",667640712.640191
"a22bc19d0d83b13a53630b7b",760212627.88169
"a22ed42197987a8534abf76f",937704517.220566
"a23a13e43f3e08ab82c6ef82",468486011.208336
"a23ff4d1b2e24f537a75242e",849581680.883816
"a24901956dac4ee0e4b0c91f",895679783.659058
"a2522c9d3edb7e7a23a42b74",1214959688.30129
"a2529027db6b525e365e7be0",681667933.855477
"a26149f589edb9a903782a3f",782457348.809666
"a2645174e4e15c49331f576a",1021611620.52166
"a266efa4e41df357ac4edda4",1027019459.02993
"a26e967b288a1eb6d8e71d46",555359484.645646
"a270fe47ba30ef0056ec6c4c",425636396.601952
"a277d5e8216fdc3d7c93eb2b",796061329.696041
"a280fe7610c254b935c9dcfc",486316307.908979
"a281d59b685eda4978e0c84c",759018800.29337
"a28a31f7d0e3fc6298606078",542594113.96203
"a28b1d82d3f7dbf8746d5742",926430607.401352
"a28bb09e30bca82627e595c2",908936650.759062
"a2905faba4c1177603e6cd5b",1058500629.49859
"a293de027279019418c070b5",500089475.548682
"a295b12b773127f15e83e174",774336434.957508
"a29e18f37ded2e901181d7d2",868229945.587665
"a2a1665a693852185673f6c1",1138932422.97641
"a2b576643f7a032371587e5e",1187740672.26971
"a2ba273b099221390bee92a9",617478582.026427
"a2c033f497e62ea10ff8ba3d",836730095.518934
"a2c3da753f0116aa5842d4ec",646127548.845681
"a2d1de4211aff373009809ec",724145748.911899
"a2f06081983f748fcd74652d",715808678.161886
"a2f3f7a1cd573e2a33f52e2d",804927268.433513
"a2f40c8227b466249d6cb659",790540316.157751
"a2fdc7da13d098cfeba13b76",686095202.110179
"a3021c7c465dfdd38cda9f9c",879709406.155708
"a302ef23e1d0d6a273274cd0",404090314.958586
"a30e69524af9c1bddbc5de34",685085618.074331
"a310528e34207b5dd813df8f",631465896.057356
"a315b497dd8e80464bf0480b",898012052.355795
"a32d2c51f2bd5f23bb519d12",978519908.51148
"a33329c9ed11ee8b87aad6b4",563906662.883676
"a33800eaaf178e01558ee926",797718787.184554
"a33bfa6cf99e26bd9c49f8d8",726107103.063141
"a33de2559b5f56d1b3cfce08",929595770.278168
"a343e6ec6eadb287711d3834",663740533.899482
"a3460f00d48816ef66e3acc3",658840924.918548
"a34b3b037805f2ec489a95fc",752405506.319796
"a35450284f8dc27e0ed717f0",922778440.550594
"a354cdbaff42acd1a0b5d82d",847641093.80734
"a362533eea6c235049bf3359",663457221.835671
"a36ff3637b7d2b1c52999ea8",950712668.985498
"a37522af63bbed2f4d10900e",1496810679.81244
"a379656c49f4cb1cfc5b3f03",895793292.836564
"a389a1ca097a820fd9af9d15",794377010.167006
"a38b2d75349c56ce04f02a94",1050905863.33845
"a38e7af984a471331b2d758c",872876412.365497
"a392f7f9ace844d712ab2b4a",977756051.187013
"a39617b7adfeb6ae7d5ee5f0",1161982542.66177
"a39f9fd2f143b8ce1f7e1277",752563254.748329
"a3aac701ae444b6d91b7bb0f",577593301.801554
"a3b9c1a3b81f17e6b22b6152",453673495.011837
"a3c3c9fc04cf2e2a051a12e6",705889500.896817
"a3c45875c0834b144f834798",605276532.149573
"a3c4d0ba7b85b9a6370e131a",1049464059.75392
"a3c7c54fa12d5b57dd997210",737678665.247078
"a3cb2a035f98276076f2d848",455239322.845611
"a3cc0422a37512ae124013d8",1126226261.78257
"a3d03a25f84f4d50d2a308b0",761019136.442484
"a3dbd504524f980ac5325150",1105227811.79319
"a3f1214ea44063ad10956fca",802452688.11871
"a3f32d81f4cd99dc85a16bcb",667590474.037921
"a3f969063f78dbd95e6ee795",694858017.406607
"a3fd38336516b98117e328b7",995718408.638454
"a3ff6a1fe37a1bb736b1100d",932740444.500562
"a40861d6573e4539ee3c23e5",597678433.00866
"a41210034abe19957b317d1b",929521460.053887
"a41222195e5c7d7987dc3c7e",448124715.240694
"a4146ec09d782b08e8198e11",848982743.079863
"a4173461aa676e09227559fc",423308432.655055
"a418dbb6d04e505c133c6c1c",959724247.934929
"a41d05f2ae3e022c16088bd0",1025414974.76218
"a42081eac6834da0560ea4ef",851580605.48106
"a4325969a50a14c948446f9e",729221683.419131
"a4410bebf9843297fe32d63c",690342199.618209
"a446507813234e358db8b573",549725746.688431
"a448d8246781ae78dae61619",711126026.43604
"a44c7ace8ab50de7ed8e5a66",641602120.938511
"a456f85bbae3f189ff424e8f",508202931.319404
"a45863121bdec787e119b14c",411635452.241068
"a45ba5d63cd1971de19c25db",848068638.769738
"a460aea3370926825b0dbc13",1066098401.81264
"a465a567a4f60ac534505bdd",998537185.836239
"a4683facc81ccda10e9ae388",1241373384.34359
"a46cfad2458ac7ca4134818c",782113012.308124
"a470bd174fc7587dc1449c89",1389183971.55511
"a478fb93a131fee4119bb9f9",878832528.233333
"a480b654e1b8b7134091e613",744524710.740053
"a482103965890c922a66eedf",829791579.096803
"a4885ce6808ffdb878c41f97",612537036.53131
"a48abdedbe3d132276dbe403",1163430088.66952
"a48f29071cf207b27ddb03da",721326603.682783
"a493488dcd906dc74cf8a604",763449886.703185
"a49c2976ca4f24f3a6b622e3",722430581.174
"a4a49182c79c72854732594a",501078987.588772
"a4a4a57cf20ad739291aafcb",546827732.988003
"a4a5b6a844c14b4eca92dc49",1065631140.71156
"a4ad34eb244e48afe23a780d",825119282.794981
"a4b16572b8bb786561baa3c9",1389183971.55511
"a4b23fbdbc7bbd45c5ebf80e",899062876.134741
"a4b2dd2771f49951c027eef2",718989059.923611
"a4b6ceedaf89cff74a292ab5",722386129.208616
"a4bc87ad4f1ad97c0a63d843",828471739.742564
"a4bf0c02f139c695845c9507",970168352.526118
"a4c324b1353d2f7ea3ae9727",685382483.902789
"a4c70eae507d630c2f285eb5",1111311985.75587
"a4c71322f79dbbbedab3191a",747173872.15639
"a4ca465294c114b1065bfead",824307816.855689
"a4d4d6480b56d6198c0120d4",903310483.222979
"a4d5ea1b907e98be72b5c49b",504051078.469887
"a4dba76865fbd14aa19c0286",986195880.112275
"a4dec2ce375ab5e4bffa5966",643260816.984281
"a4e4f56336e07304cb946b1c",811258667.91468
"a4f272acb4b3b4f5fc72e99d",908554227.602056
"a50640d13126880a423521e8",996328123.797198
"a507a938532411f06c57ed8f",967912883.529501
"a51ad0372758b2bbfe73f8fd",825852425.475478
"a51d415712d8d6c8add7009b",780287404.098895
"a528312b77b7f84741c2bf29",820777054.998049
"a52bd93aa6b0d965914f1101",643472841.682233
"a52e2c893f85b49e2499cbab",920576105.078368
"a530e3ff6d7bc1abe333245d",682641453.677554
"a53b105919c7b46c0cc1b003",866607768.854684
"a53c748935206f61751dec1f",464112591.479935
"a53dc5c58f7384729ba37a21",811148458.679226
"a541b35c62878dc2c425235d",1182415617.75379
"a54b0b282edbd217e9509287",834731049.209746
"a5587c93c012375dee920f71",848364951.819075
"a55906464634558b94d9298e",642074546.896332
"a55d7074220aa6a750297c08",1066324915.02014
"a5620899d410af623a3ff4a9",1013941910.46851
"a56d3b5bc13c9849cf676750",770348017.87252
"a57350d4c79a415137281cb7",455458772.392752
"a57435d71ccc5f032baee302",898096684.481968
"a57a34c7486e7a40e8deb316",1029995477.66098
"a57d01ed5a9641ad64f7f032",674639975.467443
"a57f40f00f80abc7450aaf9b",792101804.624699
"a587c7419568288d68c46feb",743658663.360801
"a58acad50184e66794d8d704",694320533.590021
"a59320023948e2d915c07306",690153351.430301
"a59e7f0e0596ea6633781335",642054914.705359
"a59f1631e721d231eab4d146",1125469742.45026
"a59f39373ee368259b441de6",470417908.794792
"a5a3cab55661982b7d30bc78",671069490.562931
"a5a46af0c9fb5c0a03855660",872370855.119555
"a5a4c0f268548993b61d65c6",1054433037.68002
"a5a71962df1b8bc45bf5547e",694509197.17609
"a5b8869e9cd3d0cc32a0b298",861594354.099059
"a5c85b445f503a56e0e2a924",1257296366.26597
"a600ed86cff36e636d204f39",799715779.099224
"a613b18945052b4576595c4c",901425240.566832
"a619d30d6f2e2aa3b9613c04",499093835.836233
"a6259664a05091ef92129c7c",586684345.357609
"a62a6094ffed3ea7a54fee73",492367865.94165
"a632ececd6a023aae8a7b730",417252577.417734
"a636ffa140f80412f003734d",964242854.136239
"a639ec3b943cf90cb28bc1b3",553460204.272353
"a63b4a22614d334b4a61ea16",855049398.931039
"a63c26369cfbabfc9c2603b6",1093749759.28719
"a63c36f6e7e7ce7c7e7fe457",796600012.062772
"a63ecc5539e8725af4128cb5",775577368.20326
"a640228932682c0c04538ac3",849587557.005262
"a642351076b7706a733dc52f",681506443.750614
"a6555836840c7dd496ba9094",781174137.705838
"a65655a4f42564ac48bdffa4",636423023.871378
"a660d5809085b4823e287a5e",585702809.277515
"a672cd6c8c284e14913222d8",701205102.34012
"a6731fb85da65ce14468341e",562827080.823493
"a67412a01feb64ca6e772858",897086615.913525
"a678e89692df9b14da9f19b2",472560946.334249
"a67c6f6400a176e0a07d6772",803609516.33017
"a67ef3a182aa268bc4d9ea14",834880856.61614
"a681d6e9ccc7bc60eeaf7e3c",1014346430.09855
"a694b9ab05641a6325764e63",948245840.364958
"a698d80ede6cf6243fd9ed99",998465656.946595
"a69ded1c20e05bd6b3a90028",827294278.297078
"a6a06973b5a4c990d5873b7c",600195575.77639
"a6a07d35b3834bc6f81beb6d",1185779308.79663
"a6b1ca7a4e91c4c0f4366984",697779350.911748
"a6b992c9bf4eb32ab3d1df4e",712463567.806582
"a6baf4631223d9b24de8b590",405408495.77219
"a6bdb6221b88a24c9f8381b0",841667018.139533
"a6c86ab7381f6c43fdd61a01",472657776.071512
"a6d7b144058ebc326b9803bb",551933933.985599
"a6da1996f66e545041d920d6",669435644.446365
"a6dac56445613d70e49647e5",969754445.241737
"a6f570e11883e74654898d75",902349565.481658
"a6f616d63d134f14ced205d1",1132171784.89107
"a70b6661eda6ef616e19dded",502103919.388763
"a70d32ccaa78ae9417aa7e4f",622993222.896685
"a70d331be751cdc3bd0aab29",407808321.820537
"a716ec25a219961fbe90f367",1215360146.7027
"a71d187784b309d65cea0b14",1406143057.70411
"a71d53ec4fd0d64f8c06da2c",997655449.906403
"a72041a40ca87928c695b2f8",573218996.048723
"a7283f1587ffd80f4723475f",414780340.422591
"a72f5204153b7c92f52d871a",809591335.051084
"a731b326a61043070c3c853b",786523042.383054
"a73206cd21136b209f25c7cc",721865016.498602
"a732aefa7ea4715325e9e80e",547519239.765302
"a73504d5982fef268f5ff589",786864870.558
"a739d80c3fb6b166a2c2182b",423899283.006323
"a74214a0d4d40b898ee2be88",685303232.754111
"a742819d8e4cf8fdfda6e094",1227450065.77894
"a742f415d6c57e8493762c57",829286312.717911
"a743dc3903eaf3576046ef3d",829059321.376109
"a748841236a7a7fb33138845",436219163.326178
"a74be48ad396ae4aa33ffed6",827753659.088988
"a7546a6c6194506dffd65360",797953325.75806
"a7577260fa10bf408f1997d8",761551147.252029
"a757ba01a02acbdee50462b6",1177275419.73754
"a759e4c03e49c419c8f0cd2d",591070847.829439
"a7618c242fd918ed894304b5",738918031.006597
"a7620d5599ec354541c8af13",1373363014.19498
"a7634531887e969c9c5469d8",540875229.881593
"a77d82703468f2f9e8f2ea0e",819001622.030316
"a77ef77ffa731e8980d36b27",715447198.901262
"a77f5c03a98636d90f50e11a",1124785047.46619
"a7801c67a0ddd71c50ba38d3",445089084.886088
"a78417c74b8c99279912e427",814641509.15732
"a787382d96ef9fce8f27bc70",1141742327.35583
"a792122a1b292f482caf25d1",445103440.087812
"a792bde8819aebc5b2d73a6a",1048226443.40827
"a7a219e7cd18f3c4b83649e0",548649556.30427
"a7ad9c8b5bae531abf68f8d0",845921585.635748
"a7b14faa46e7b73ee4e95ee6",803905522.712417
"a7b15424d7c025d885636a72",833172862.656035
"a7b459470ef58ef3bed7437b",630215110.455674
"a7ba3ccc4831ae7e539f0cfa",364696497.366442
"a7bacd6f783756c9e7cdc068",632082299.313676
"a7c7923f9a4d004eab43413b",1249350408.75608
"a7cc7d2ceedf4d69664dc734",636699308.136645
"a7d8e636db44cf5d3ceb67cd",799391521.554572
"a7df0496d6ce217fadfad10d",888342491.453162
"a7df3d344010d5bb7dc70bf0",580302046.754947
"a7e40088cf53acfc65f4b3f5",1587316734.08657
"a7e41393473834db30f2c1da",767464186.606881
"a7e57a8be8fc8d8a844cf9f0",540550214.602822
"a7e6d3c76bb5507e00ccb501",1026085250.83306
"a7e97bdf2d4f2f62f9889c3b",700852198.726539
"a7ee02ad2a4fa122799a2dfa",1187373110.53269
"a7f0c831d82505044f370b1a",779123663.812757
"a7f1397df30d6521c216e331",962872432.583608
"a7f48fbdf807da68594e9ae0",727721781.955607
"a7ff08f7e09b19c1546453fa",782599537.161268
"a7ff59863f8719590146e71c",738668679.278568
"a804849802cc0820d25f955b",586908643.533877
"a8052c48a500926214eb2e1e",443834630.219543
"a811af7cf12afb1dd9b8eb86",751736430.095402
"a812ed43db71868625b351bb",998335238.262001
"a817e8da0ada143ac87277ee",493212536.334681
"a81abab882910584371c7b66",501812504.319743
"a82fc744f537ddc6fbd16883",975007187.750389
"a83921284639eedd4a511cb6",587800739.797834
"a84cafc064a35cc0ad698009",490748729.202081
"a8549fa4bb56a2bcc0e15b11",518847036.276396
"a85ba83751915d8d5d1a0e09",1020799316.1504
"a8633d3336d097920bc8a9b3",1166256496.17219
"a87c585acf2a147e381005f5",445024954.938502
"a87ed2154a2351cf26f0027d",1066878180.11482
"a8870552db951bc4e76e7f9a",639289889.634053
"a88f4eeeeac5ccd1ba9b8a4e",1162182334.72522
"a8944be7383b5689b5039c87",976245757.03593
"a8a2c61f2b994411af5d9bde",1193920312.61572
"a8b457cf82926e25cd862af1",1114043147.98966
"a8bb80d99280e332084b3950",752403928.825139
"a8c5674b5d110d99a1e097af",661627605.403339
"a8c662f906075eedb098ae5d",821398953.968549
"a8c9489973c54b93737dfe20",627368510.671987
"a8dc954142c54e570bccdca5",720145732.193221
"a8e1adbf076dd737c079129c",1230536586.42284
"a8e696037f8747f562ec98fe",487031551.266696
"a8e74eb5eb523143cb291cea",928033916.104598
"a8ecaa9120c6da21229cf145",837204625.10423
"a8fc825e34bd9bd56ec5331f",875272172.743635
"a8fdb6fb681aeae4d5c22f9a",1065176937.50326
"a904fab9fa4f41a11f673fd9",1051851190.35023
"a9054883a22542257c7e778f",372205744.829343
"a90991f865ac81cdb3de201f",741858909.159131
"a90c60e05e29b77963a11246",790115818.694778
"a90df94f959030227fa015b0",562422241.526372
"a90f7cd68b662c87d9fc2d5e",859545601.16219
"a910019b3d18da92b4c6862f",775015525.80695
"a91664b9f15f9d6f262e7b2e",1109757479.1501
"a918c218ff761315988c6335",887367564.043452
"a91fd5b9b1a791a6af59b70d",1116959094.80524
"a9268ef5b7133cf6ed1a376a",831399906.698258
"a92ae34df90cbf8af7695ed0",614593855.005994
"a92ed9a378272ff174ce2688",432984933.206722
"a93a37e4cc75c069e14ffa00",470039474.546938
"a9407f510e67bdb27ad59b46",744124821.045511
"a947158782fe2832cea53040",1035047240.16238
"a947c2ea296f1da3d10b0a06",458609770.506924
"a949ede7227c8f8587715029",767803030.507372
"a966f298e8d4d3d580a72d99",590707918.034899
"a967a4f0b1dd36d7264cb408",836574864.213788
"a9683df184aa8b4ad5d0cc5a",999846071.216762
"a96b19e82d9811d5de1ed0e6",354669428.248713
"a96cb9d988f5dc99bf5df4ea",848686690.767537
"a98022fc80dd6ff27de693f9",556651942.867238
"a98637742a212e332cb5d1f0",559371769.51074
"a9878134c12696d8199a1ff3",782704590.496596
"a98e4f4db7afb8a6c9f69400",580990474.30744
"a99261116e0158109b3e3bc3",423568600.066504
"a99df3a2cd4f2346c6e903dc",415460262.366709
"a9a4a765b1daec2f3ed59a80",543590832.472528
"a9a710b78e776c16eec24be6",899724797.064693
"a9aad230d22f7dede73acc8c",895713700.273987
"a9b18720f68c7002dc71c3af",678151634.910257
"a9b3d963a14c2c7435f30fbf",1098259006.67862
"a9b83e18ae78d307d1b39b15",792096984.828282
"a9b9263f6aafe8531f3dadca",819430468.274166
"a9b96d2a23ed155043085e87",853269563.204197
"a9c212f77a048ddc33ecebba",470300384.559365
"a9d4f256527be98066c493fa",991930211.155063
"a9dd62f527cb0dbfa51aeb7f",774420956.738178
"a9eafeeab4ba51d3644f4052",461499065.584533
"aa09cc29ab2f2cfc79e5bc7e",857769630.769554
"aa1eaa63043c5c29ab6a1323",645106835.138769
"aa24974831a0c608635bbcea",709043455.564865
"aa25d9f8737f142b8cfa970b",815086593.788381
"aa26461420614755c2a52db2",518096197.619362
"aa31e5995379bc38dd40b8f3",962303988.557653
"aa45f8fda8801c3b4923f4b6",1046956254.26652
"aa4c66791884ea2a8357924a",674501866.203903
"aa592f388454d575e0006206",587450473.812327
"aa643acab634ee591a2a43ce",894639663.943132
"aa668782ae5d0c16e57193fe",881564519.137842
"aa6af44635b5d51da4b02059",606111621.546337
"aa703cc78a1ce659901e711b",661003655.550178
"aa7551be1b8d6278d38fbb00",973670112.349888
"aa75ed5781e6e8584143daa4",787497645.377257
"aa7a25411bc0f9f93dcc40df",675486266.003626
"aa7f56d05ed29183b825d61d",610913668.277681
"aa7f5d0d2fd5474cc67cc70e",830786900.801625
"aa843a050ebe8e4b3a04e9ef",946616790.868469
"aa850af0c6203104e6ed02fa",658477097.622895
"aa8a19a2fd3e2cfeb3b7dbd9",428426884.868423
"aa94d2ad36bc0e91bf561be5",959780122.163244
"aa990d4e5f1a0fc4f0bb29aa",996328123.797198
"aa9988248c7dedb016d8b6ae",863730945.168172
"aa9e131fe4e7982a374bbb84",605115025.477641
"aaa43db51d1ddea564d1bd2e",541461135.04526
"aaa67089a753d255215c15be",614925142.646039
"aaa79ce67339dc53b4f41dd2",1329376623.69057
"aab240140aa4b6602234d88e",525657279.980751
"aabaec5accad3f545f864a3d",569934201.120709
"aac17b54a68bd216e2bd1d45",407569526.896048
"aad0e527c4bf6283f76b5bed",922462403.768987
"aad38b9f22ccf36b0fba4e7c",782319054.435023
"aae3a99ac764b8e9bfc562cf",837729164.801288
"aae7cca10bd7f041c8e02d23",592874300.102708
"aafeff5826516e363471e439",366883470.52937
"ab03c034e2a420f395ca094a",802378699.437612
"ab086fddcb949e3dc0ed9b5d",570774356.488887
"ab0babf6941ef43c35acb951",1164728512.08372
"ab0c047373b5d1810fe42bd9",757784842.13903
"ab0e770ac42dcc82b472c55f",688032233.922174
"ab11db71265771ed4d9de64b",431710779.966355
"ab157c9601861dc387a91b82",1122557556.13757
"ab177c5d60492f2ff087708a",588670099.768044
"ab1c43d6fc4f08e315e322d7",905960439.899068
"ab25a6737b3ee0c4e9cf4ae6",586470801.665154
"ab3110b5dc8ce81471f69c16",1156269279.90584
"ab332133aca64315672a7192",1027118164.874
"ab37764e5f4e00097eac947a",970347175.407946
"ab37f67a3afa274e719ecbd8",781979664.606498
"ab388cb4fa511968783bafee",499605010.964046
"ab38b4fae64ab90a55b5a403",841662515.908892
"ab3e1642655f7e705cb047a9",812300250.992857
"ab405cd390c0681c3c67836e",518203355.253566
"ab419cd48b81038c5a30c721",476794767.169248
"ab4c55e78eb83d80c153f50e",620399868.073227
"ab5f089f9d2ac1bf52222ec5",748563366.274357
"ab614a5008d68aebe34aa201",721884527.181342
"ab64918f2b2b4646e87297c2",1014170444.15348
"ab7559b75b340275587e50b7",1272437707.92569
"ab765acf8b87daf1673b3a97",548833470.270331
"ab8699d3c685fa834d7ccb3f",730637758.241066
"ab8d6823d905f1f0ccf4a75c",937641769.908709
"ab946dfa5b9d7214a3756978",1008177183.65922
"aba39002de605f9ff34bd542",808166874.092749
"aba4e24dcc6998e5020731c8",743468202.881553
"aba54b001154ad881dfeea6c",550115354.564156
"aba85a8a7ea2def1fdd18587",464974304.850858
"abb63383766a9853c1091c5a",1159801626.00663
"abbd422c412c2d57f5df62ba",416888632.009522
"abc2ff9d0e7848169fca170f",603889694.356066
"abc668bf93ec7d1951c65cf6",514397558.75835
"abd9cf3c36309d590e58c2a7",630452468.641759
"abde4b06769fcb1d5577fa7f",826359827.597487
"abf93b2418fcdac14293c9a7",678166206.845079
"abfda926d174a8da1d946e27",750753147.52931
"ac003932eba3a174c5b998ee",463173374.622929
"ac0185c8f724ddd40bc0d235",678721815.721486
"ac028c1580f6e4da4ccedf0c",732654577.545557
"ac048209de77cae737d60545",797064717.759251
"ac0b895f523b53b4abd013dd",696744263.056527
"ac0ee54bdc08632efc0d771d",710633829.734159
"ac11141115d391be44e6426c",800465537.411968
"ac154aaafe98dae45bf9782e",1021447131.11472
"ac180e846fda5cd7f1123f6d",943853459.408664
"ac1b644a8d2ec042ca91f89c",1428525100.07238
"ac208e250f5ae3e5e1008351",675833457.762009
"ac29d71a80307cab65f29ff4",828432191.778657
"ac2b1b560e8bc4fa1deb6f87",525586716.190953
"ac3c9d9357fbe72959817602",799691935.952993
"ac3d21f51637207d3e031c2d",869170067.612623
"ac413fd87de33153899a1d04",728942708.795814
"ac46e3eb688cb1cb17da2545",861863294.884478
"ac50dfe70b599ae93ddee4fe",774322419.539634
"ac65d147ee69785195ef7da1",724869697.52325
"ac6a4c672dfbe20f5bafbd89",725669143.677123
"ac73b8700744cb7835f328cd",511818013.936121
"ac7ab254166442188c6c5c25",635515911.282377
"ac7c0c806b57e4942d9ead3e",835656895.113131
"ac7c323295addefb43c62acc",729792765.284605
"ac7f21d22d013874c362d440",493384954.064626
"ac7f6087e19c2d3502368fac",717564763.719749
"ac822dd448e04e9f8dd1721d",796953721.304764
"ac85c8f7605ceff58dcb55cb",410880729.057138
"ac8aa244c21a9b86de4ed599",1132889945.57298
"ac9ae945fe25a46184057606",1352542174.65189
"ac9baabfd96d58e376149a7e",676696755.034042
"aca1776ef24acabe172d573f",1107088132.10784
"aca37e216a27b4dd5337df99",706733994.905001
"acaf9e18bbc7295633d92e01",819511893.185515
"acb1d16ce30aee0a39f01f09",934464649.378912
"acbb07a2c7a0e39c0102b3a1",831422522.323561
"acbe4eb98668ff4967a8cb86",858046742.47537
"acbec9114912932b9cbaf0a3",803086910.405877
"accf7bdeeff29ec7a209c509",566056261.904256
"acd6ad0081960c0f17b144dc",901824562.370925
"acd7394afcee30e084844c63",749254550.343015
"acdb13c4c8e2a48b0bdabd91",973873326.517955
"acea4c7aa1185baaf6d3b60f",711216038.726128
"acf0f98cd8f8c8ce06f30ab9",1215248275.11728
"acf15357c1a919b6ee78f676",1335674087.37877
"acf4d60dad7953065b59ced3",1037322492.20481
"acf98212eb702c79f16bb058",819694274.951473
"acfa7a1cb136e4474b7efe32",795369784.19738
"acfc06021a7a81313d85f62b",420140531.86226
"ad0025f5b240d00936c82f9b",537776977.867744
"ad1322132f3b533b4aced580",443497936.12765
"ad1492590bf61d2cc83b493c",855150596.18099
"ad14cc63c36789bfc1bac0ef",409680063.726877
"ad14f4403926de76de2604c6",398237243.910319
"ad159116d166e45b70329bd5",694024357.130574
"ad17072ff24e0fc0e61963b4",737841646.988977
"ad1c32cf75ffbcfc842e3959",476544487.008092
"ad2081cd75928b8f5e506944",1262576029.79738
"ad351bb6437583ec871b1739",805342728.977694
"ad37e23456bd4d90010f7784",699072515.793573
"ad38d5660b6f1eef23b76039",505238744.636877
"ad393e9070779969b496fa72",786165228.79143
"ad3b4ae81c322a9f91381bea",752402211.561934
"ad3c644b506498127c7beef1",838815776.811393
"ad46f8bd482500f3bb935737",647740449.78663
"ad47e82c9efcfa36ddac0a95",720733112.834954
"ad4d91ed26c1fd5702b94064",777947762.336556
"ad6317cbcbb8bc27b0774fca",1145749567.44356
"ad662354d28a9b2d65f537f7",1043278226.74916
"ad663952ff2ba1953efdc460",1117324546.5643
"ad71acd782a4fce4d9af04be",648012456.369233
"ad755859e7b6afbc021fcf6d",914403545.722851
"ad77298955813089bce818a2",918680693.987566
"ad7739088e8febc68abb42e5",895798676.704708
"ad79f4fa23a28cc84487517a",933845226.224725
"ad7cfe29b56c915dd016897c",537545317.800744
"ad7f3aae29fa1e7ec900b563",893974133.604839
"ad844bdb1150508a4c6d57b8",913491540.194728
"ad8ac9edabcf2d4b06ba9fc1",905752322.767874
"ad92f3ea52673dee0a56902a",997571298.298914
"ad9a1b23979f0edd2ee19f38",742089399.607544
"ada53307260fa34f3a6411f9",796361551.977555
"adaa406ec9ac311e9f9c0bbe",683116200.138097
"adae78b82caeb073d84f02ee",881604375.127494
"adb51a572f3198367e3760ef",815843234.077996
"adbb5c4ba7be2903799a51b2",1052055633.96545
"adcc03f332b427be46f118a5",799742019.262538
"adce397b6d1473b9b6d02865",838418909.456311
"add1a20e8bba47aad2edec69",919694083.672986
"add4f9dd26fa34829aa25eaf",925965408.750873
"ade0c9cf1f9106e342c69bd1",689083624.688152
"adeadac88e573824f08efa21",696464567.788249
"adeb9a6ac3d357bd96c019ea",850546068.740829
"adebafcf3eb0d34ae31718ef",1117585085.8262
"adf055978a7a8e9bbd88e741",419089543.34131
"adf176b63ea23e08d252b5ea",676735706.852218
"adf5879151c7236f5e055e1f",784014167.952523
"adf948af7b24f9b6f29610cd",665988127.887503
"adfdb0eda9aa97f0d3005c4d",1168856432.77011
"ae08b7f31e69fd930ef4c832",872354805.004435
"ae187fea3c46c3fbee7e6e8f",609886658.078573
"ae26e4726c16cb2f6a6d3f2e",884249893.095617
"ae2c10850b4a8ffca934cc72",1173471071.61223
"ae3868ac8c44128b8a955829",667846353.603189
"ae3f7f428b49e6948ebe6fff",697366953.485793
"ae41a566826a10d5a6768d36",627393959.620877
"ae47cf27964393fd56a52d7e",1053380132.56118
"ae48e30b60ec254bf0dc89ac",1128486897.3446
"ae513b65e06b69e1ff2ad8ec",685170212.394153
"ae556ff5f318b73d3b29142d",690626780.393891
"ae58dee872922a9c678dbfcc",1107319528.72457
"ae59a0d6441697841d86cfcb",664580245.44104
"ae5a4da0000f79f12142e2a7",737133533.007102
"ae5ff2b5eb4f9ac44fef666c",533312468.013196
"ae664789baac0c47d13c3c19",700785594.920388
"ae6ac510d3e46a50ef24896e",453801361.478962
"ae6bfb4eb4770f2266e3b961",567238155.507179
"ae703276c49b6a6a9c39770f",909522778.346892
"ae7ce478fb66882a2c952012",766347895.785381
"aeb330dede55fb66654901fa",866959831.112176
"aeb66f808982c6308d891f55",699114332.762599
"aeb68eb7eecc4aecd5529717",1119110896.62754
"aebaae467e5f01db3afe69ff",493291229.084069
"aebb556fa6c9275a9b5c543c",1070501615.69008
"aebc3c6079c1a80f8b2f1c7d",714053843.410031
"aebd6304298f84e7d440c379",1129116860.48393
"aec1778ae3b5e60cac280b79",1162477692.46036
"aee8b22ecf19495fc5894a08",731631063.886705
"aef06b27b0a080b5ee539b6b",516071369.935383
"aefb3cb6ad2de9ffa90b9534",601465478.071919
"af0502ae1fe341c2ce1b5325",683246868.45218
"af067a8546e1177eefe24916",534022600.319327
"af0cfebd54f32b9b92c5fdf3",729091965.225958
"af10ec1529a63d0bc10b056d",929145553.613638
"af1aeb2ba89d29973f73511c",797768196.827591
"af22669e3ed10470623fd8eb",811717297.817089
"af230af0c73a5f2b72787c1b",1161184162.6991
"af32aa018cdfd081a81bbc80",707434592.490101
"af3e3a83257eb507b96b2a1f",1212694875.67239
"af578bfec5d84cc2f4ffb8bd",723417004.15791
"af672710affcd7e44eee9ba3",604881666.510985
"af67a68803a18663e4b03eb1",576779920.320362
"af67d51867f382dcd9cf34b0",1141014741.09518
"af68665ae8711d009e8810ff",831302151.403714
"af7131ea57639ce5aa1e102f",1039644642.62208
"af820361d5f20198bacf839c",800793373.492319
"af8c90983a23ee15c72b8e22",1442274559.61846
"af8f09175265e1546200ff86",665026159.977455
"af911ba38d5376a8aa53fcef",984260929.409019
"af98a0e223a825cbab78ae49",914956365.871538
"af9d2f5f62bf74a7fa9c74f4",810537574.871812
"afa5698724bea14940667231",730338643.105048
"afa842858299a6ebee166e31",937753874.315013
"afaadd87a196e04b934e0b1a",612141658.916675
"afb02897c700dbac941ba8b1",855912327.977044
"afb03f7cea99023ecea7610a",468415642.386404
"afbc7773755043a40a7f9d6f",844920422.106715
"afbe90d764c1821cdb26e38a",436397819.837926
"afca7b219d52b22522abd00c",773945446.163201
"afce1d7c5576dc49c80bdabf",607248368.510471
"afde90f91b01b0282bb94335",665669579.867533
"afe03b938be9cf14e98d4a0b",483228772.85686
"afeba13fa3f81249549cd2eb",432551961.390254
"aff22625564f00844ea2610b",655679502.326106
"aff9e510eba008f3ba5c1847",953855373.762261
"affae17b6cc59bdaa30e29c2",897021543.831178
"affb62139f02e524692ebc5b",493271567.064224
"b0015b31facc48a49f1313ef",502206728.893083
"b027f75411dce9c742c5d0f1",563410435.890548
"b02f1997e6e6f97dc808b8cf",937327364.846602
"b04449c499843cf46ccb695e",678445019.96265
"b044b9a587b2c6ca00447177",1182183528.78243
"b04d16faf40ee02eda59a9af",694161616.240531
"b057dd8a9c2082d1a78cba88",439389861.182033
"b059afb753452ba358fb432e",1089774094.18475
"b05c741bc5013a7a6abd31d6",530453364.316098
"b05f4b5fae2f2faaddb377fb",647666689.363199
"b06d3ee14ccf3d46fe2431fb",771570300.223296
"b070e3747bcf22ed67509efc",685612845.764427
"b07cd6c30350efc5de211a8e",1482695697.84096
"b08e0cfc5bdf5bdf5068ebdd",866372801.158215
"b08f88ef973c9d1c3a86695d",915456353.797642
"b09111ea69c4be8ae120ddc3",753783267.939883
"b0962bfdb6a2c79a0ca84e48",629658745.380824
"b0978c973ec3291e950185c1",1035444585.30341
"b09de5f1e028d4fafeb8a22b",869526042.098477
"b0a03d567e287bf4cbd7bec3",434783981.983427
"b0a0cc38f73c9d90bff6ad92",1228519584.74342
"b0a32581cbb586f9710dc3e2",854941118.273641
"b0a7295da89516be1c44512e",1226920023.51029
"b0a8e4b4ef6678e6b43865e2",553628293.121494
"b0aaae3a435fde30c4c02fac",866959831.112176
"b0af9b1e84a1886489d46b91",825852425.475478
"b0b0db3bbe07839bc2b600fe",1341280536.31568
"b0b784bfe2d3c1b3b1320613",646882660.460358
"b0bb2299d5f456f800993a11",610317580.905748
"b0bbdcf0916b246ca95c4721",920170585.330403
"b0bcb64f2f2ba69cc712e0ae",573994486.350682
"b0cad5d612954b8cab18101c",693446870.169583
"b0cdf05097df437354564bc8",560687873.890069
"b0cfed2d25a5d78c96d39d20",574112015.98219
"b0d20a04106ebb87e2cdea37",1120079061.09986
"b0d394d6c9b8967250854c66",1126943452.99156
"b0d3d98076883f346cee8d04",982441578.397127
"b0de107a8cfad95f09876eb2",1070554785.06436
"b0df95e9fc94d9aeebc960df",742895857.142977
"b0f9bfd521802b0d2586300b",952710842.99252
"b0fe09d086490092f1690fc2",707468938.396048
"b10b428245022d55db248b72",705982233.771173
"b111b17ae1fc17e3491b7a5b",641386154.907749
"b11672f22fafd555f940a8dc",452513388.800823
"b11c3a4642f7eee2e443eb32",1008302761.06184
"b129a508d1d98a1b6dd2f61f",641287443.77667
"b13683c625c97c23333269eb",611393252.156048
"b13cdf9314a34852e8db4221",434730554.501918
"b13fce1462ed87e57ddec917",724576256.087846
"b143c8ca6d334f6a73c3f2a0",528381018.516885
"b1527eec2e6709dc51e03f9e",908368232.46417
"b1586cdf68f36926c3bf72a2",463585395.266817
"b1589aa1f58f6dffa93a3a61",1474924254.29341
"b15bcd6248958d98867ea585",758614562.070067
"b15c662c56b19d3843737dd4",750578787.390065
"b160d30961ddd3dac16184b8",816550538.941512
"b16fda9be5edaf4cbcf07122",1161666015.44619
"b17840ce59c9d9619b46534d",765088157.296167
"b18107a422b9eb6da9fb692f",861604885.080473
"b183776d007d85bef0f6671a",677547704.341934
"b183e2562cc4816244ce0e1e",579255982.75057
"b1924a5697dfe829b5b8ad76",480183316.946868
"b19ab02a8e22f3e88a26031b",606235727.399662
"b19be1ad7f60717a943ff0f7",473735134.120315
"b19efe9cbc26d61daff5ae90",551477824.115207
"b1a13541b37964b8b85f4669",692767171.386222
"b1d1bc7ea83d5c584988b95c",697433102.358908
"b1d9704dd39c6cef28ae3d17",602038801.313275
"b1dea7d384760535b770311a",706709312.263167
"b1df92683a593edc3f2b45ad",504772956.331735
"b1e3f1efb232cb0976506cc2",764222689.026609
"b1e9075645f4b374c7301346",934684109.612973
"b1ec4b8badc955f9f4fe2131",799855678.812528
"b1ecdceb6ac00b6b047c241b",672370338.221373
"b1f0b12c28c9bd2d16b3545a",682563343.188128
"b1f8fdc8e3e25517ab80c065",702577960.015291
"b1fb98d0ba25b21c6647d423",1213255814.34869
"b1fdade0fbf0470060fc2708",704170451.832784
"b2078743e33e1acc49c2d2ca",812724265.029982
"b20d6ca58e91ae70b6e0a1a5",824074328.569605
"b2183e5bca67574df7d5985b",415900829.796925
"b219848e66fb065d4d2441bc",881562737.939305
"b21f6e217d6733230a8eb7b7",1033886754.6336
"b22350d505b87dffaae3a5e2",649671270.051843
"b225270821758e45cdead76d",532791634.868382
"b2286067a73bc0049328b55b",684084669.046637
"b22c39c3df7d8e32cec2ba43",779483301.893097
"b23341faa7307d9d6009c6d8",712665995.574402
"b234ef225690d57e7c2af4c0",1120230141.41506
"b2357bf117ecb5b9082871ca",475913162.844765
"b239bdcbfae846bf74791728",545651219.10874
"b24bd44eefc3ccf053939dfd",721326603.682783
"b24fb90a2aa5d9d0c7e1541b",923599649.320254
"b2506aa9463aebf01e1e00ca",481906449.811237
"b25734bf3ca94e775f467e85",566770115.176666
"b25f461b3d48d833a73316a9",1329648823.42149
"b26f22f1fd5a991ecd1e07f8",741063234.570993
"b27088c3ccd93e7d8d5571c2",732191814.199525
"b272c1025cf5c1e1df47042c",707715848.755658
"b274adb68a37458cc5181fe2",898149195.851862
"b2759de47d28e8cc05c94e36",684479109.190111
"b27fc4e7f6042d70a7651038",771684957.308909
"b2809471a0164e3d41b8fa60",1001910481.76075
"b287339babba162e290d0fb0",431057862.799603
"b288c52e4d0fab9f579122a0",744351027.526962
"b289cd856f9d15493d31ef6f",1159586497.50341
"b28ba88f3665a2f26c2f8e47",1215111343.63603
"b29e5a75740c8439aefc9321",695677958.576537
"b2a417a8d2440f9124fd2ee8",1013800048.30385
"b2a7a8ccbbec39b63e4cd028",722436105.493775
"b2af005e93b0242e0f62f298",656402995.909505
"b2af9047dbf58867ed0c42af",763713593.30119
"b2b7020e66872c8d83468cec",616013294.860715
"b2b99019a929584b4904b98d",1055107302.1947
"b2bc172a3ab25b8caef50189",1035352343.11112
"b2c5af8615b8899deb16c896",655465116.945709
"b2c62bb0cf8d210dc4635653",1249364055.10911
"b2d160f54ce5f98f46818e4d",1083475463.252
"b2d32589626abfc81e44cf70",793689719.261473
"b2d7355eb2aa975900776275",847223948.947573
"b2e37eb7cde5cf4290649ad3",795739826.424263
"b2e7fd7bcd93309664cd225e",780447173.736527
"b2eb63e5da917ce649a72142",710636286.055595
"b2f089146c30929c4836f0fb",866740739.590685
"b2fd7ee866066f3ae0dfb3c0",1024394594.10159
"b3005057f48c1794b7974f4f",758283772.624002
"b31601cf48b268f3b4107564",794377010.167006
"b319d049a3a8e4a095940106",864650446.989297
"b33c9b03cc12a253e4936cc3",798828050.222344
"b3401023d3097815687d1160",786471578.206942
"b3402a9173d289d6db78e09d",1125930686.2032
"b3413352f0280412f53562e0",448138854.653893
"b348c76e55613f53c8bbc94b",818350395.436081
"b3561144c745ae3d329dfe1e",432422303.348689
"b35c58fc1c05a77433025318",718989059.923611
"b3616a055e722e3720cca48c",1159464594.21958
"b371665aece480b8c1602773",1054103400.37355
"b37af80bba5adc197cb51649",461112633.574516
"b38776cf09ec8e90fceeec84",623979849.503407
"b387b5eebf501a620f352504",798299709.491616
"b38816ece917027a179663d4",621083456.698084
"b39d1b2637dd8e307c8ba13f",1180951941.17374
"b3b30d8b869eaad2382c5447",1090278088.29397
"b3b63d292523ce0a925b871c",802907751.203973
"b3bc9a04a3ebc1b911326735",1066344261.24171
"b3c02569b8fb721934f51c52",510416169.924982
"b3c2187fa96006fecc6b8ba0",560685055.220319
"b3c77f4a398b61d9c204f8a1",883476298.399926
"b3c8714dcaf5322475ce2c60",1201105802.69444
"b3c99f30b16fa80cdb4f213c",692231852.237533
"b3cc5930a3cb26e35a45e09a",418848692.749035
"b3d072ebd7908688d908d350",1114776073.32472
"b3d45812baa819caa1400255",1011739177.18483
"b3d82ceeac64b64142286375",675949572.667636
"b3d9a095c9c73004643c9e78",1077508063.05314
"b3df8c66475021fc04f107a6",798569983.657487
"b3e76a0a1fcacd0218c17908",501217780.253702
"b3ec2f8af6e9adce047536b8",1015375459.41678
"b3f5af523b5d6d938693ebfe",936025069.647588
"b3f8ffa761119a5441a44ad4",1127182383.04146
"b3fcd9cbfd485e4e1da6c89c",637387951.504268
"b40128f5e17574a5d3da9a32",735363638.330009
"b40873d316de1c295f2a97ec",694572342.785996
"b40a9888ec0379fbf85516a3",1040863000.88866
"b40addfc0da42b0e530503f0",387726555.777001
"b40d1d2b7c1db9cc57c65fce",968120383.92306
"b419d977b283e33c0b3da86b",1041558238.58799
"b41edc115f6b439caf392941",551102415.074239
"b41f7c1cb9cfbd188f8e0233",1163668309.61564
"b4245f075bc41aa29b55d324",868639057.310279
"b42734770dacb7e580a6d742",537809352.05065
"b427d767b071c3e5ac2a078c",415424192.688788
"b42d5b5b38686929eadd56d9",474040102.441488
"b42f936db049a74c7d24b0ef",1265501295.27798
"b43b36ea4f81bbfd4dc4d781",1051220465.0775
"b443781523fa0b5be4ad7739",1018149655.50029
"b44b862cbd855d46954eca5c",500167847.30928
"b455979bc938acd34a580eac",837424186.920271
"b45911f1875da543199e97b6",1069887585.66991
"b45bb2d0d137de6984d4e1ec",484537267.04352
"b45c8a6224ae2656b4189526",608148469.673846
"b45fff2e718e54772d46a3fd",842444301.584193
"b463c62e3c21e339e7acb52f",820992473.741912
"b46625b69fba1afc154471e0",1110286783.87657
"b46bbf66cc82a4345c5da177",842300933.158382
"b46d50c84edaa7feba938671",1144640258.55065
"b474103c4b637ca25b5d89e8",570076796.162895
"b47713520859d58efa95bb06",1021402480.78241
"b47fe4670c6b065a9e1db429",783647456.577613
"b48093abeaa178d1f7fbd83b",873894297.1679
"b485036419de03f5bad01f35",1045724982.26976
"b48efa9ddf36e85164354f26",1091619517.70357
"b4a4d705930d9afe896dff17",663591503.157439
"b4aa025f8813a3f0b132b7e0",561036162.670356
"b4c2a0a1a63d35a9a08a6e15",737463552.80543
"b4c779732e827ab2fec8e8eb",985536949.962669
"b4d610e0ecfe007c133a5ea4",779822848.493705
"b4d69c7bc93efb3790eb1422",999897463.234813
"b4dc6733589bb35444b74c55",720576073.701734
"b4e084d14962cc58d4089955",893791123.238264
"b4e14604b888c994b64f94ba",760374854.73818
"b4ef40e00d089a35d750888a",1014346430.09855
"b4fac45659e67d4e91fe65ff",377806254.860418
"b4fd0aa09f993bbfb1fa8abf",822757707.825527
"b4ffd0a2cdcadfb962578199",551149582.816616
"b50a6b85399ea2c6b5c33405",674072870.35452
"b50b45bda0905a116f238c1d",747755509.952851
"b50e8c13de383e64711193f5",724516034.824437
"b50f2c871166ee1009416be6",957954244.87672
"b50ff8bfc0b4c4b165c5ccf7",988360775.533398
"b515b1caa608ff42574e5a06",788545384.493302
"b5254c6c29b4f6984d328216",421542185.600893
"b527813993b7bf4a10c05683",645730813.091565
"b5292c1e1683d40be46bc2de",849328734.441656
"b5293710d0cd75f95de001f6",330468671.740418
"b52e0738dec9d2f119c75a9c",650196555.918232
"b53d3d578b1d7d9e00c8a00d",853628518.556922
"b53d4d8d0bd4a0ae84fbc22e",680582527.420247
"b54940561992090411749db3",661363592.236786
"b549a72c938d767ed504bd83",766321485.726991
"b54d3ce25f3f03cf3fa0127f",444726474.379931
"b54e6757829ac95e2076d954",581022934.64622
"b54e8d557263624947f979cf",1074202902.46501
"b5606ddf3a4e60e2a0e0d6a8",1018798789.45222
"b56533bb19eefcb244e69470",1232232481.8795
"b56659e70367566a4ddb81b2",1025152327.96123
"b56a3a017449fc4ce417009e",631600390.639909
"b57174dd86ed451448dc501b",876061971.481986
"b57250de388b7172a39dae8f",1099330027.28374
"b57ab7afef2b8aee016ce6a0",1116810316.69588
"b57cd3eb0290984f061e1053",511196524.785051
"b57ebf09cc691bcf009ef115",1189215401.8679
"b58208759ce1402501f68906",805018562.898482
"b58533a6850620b0960db713",771489228.049634
"b59711a5971a3b482db4d9f7",811473423.478261
"b5a62d480bc544f891fd8521",761227956.66205
"b5a7d4288dc7a7868678b9e4",997039736.366559
"b5bb9af24f9de68e91a1df76",1475528319.50764
"b5c074ee2e2538aeca099fc4",871498765.166058
"b5c34f90096fc88b8ca758f2",1335947576.56209
"b5cfd5eba0b6297cefd6d3d5",1000205685.55527
"b5d0ae257748ea92c47d8fc2",445006993.045899
"b5d6fe84ee7c6a703891112d",1122400988.80357
"b5dd038cf35169bfd0e62eb7",694475360.023807
"b5f0dfbd34392f6855bb4b52",751805521.861626
"b607bd072e8293d6594f3829",789653876.677023
"b6129a71f8e320aee8abd0c4",655312823.357472
"b61e9e4f3a2e894932b58ed6",502821820.053273
"b624f0438025478c9f66fec2",849592491.096254
"b6281efabdbff697d70925e6",1248194038.97248
"b6283a5714e0b977110318ea",710781794.109805
"b62d64605362afc574ea5b0b",1253893861.77236
"b62e960eebdf95c2eaaaf9f3",1030095085.34595
"b62fc917b3e8ddd64bb81018",679214056.518391
"b638b937d4f62949b9eb9fce",871840102.934397
"b63f49396431089dd646837f",846755849.859765
"b649d315ff3c97c4e8e9db73",398909415.609717
"b6514cdb1e2cf37e3ff8090e",977673378.938917
"b65a2a140ad5fc6e3e26b6e3",631975228.48472
"b65c0544e9deed76615a3138",669804366.980289
"b65efc402cfddc0aed4e1d76",702835336.07093
"b6692a933facd74b4b11569e",409439524.612152
"b6695af1ce28eb50d7a2c25d",991666235.644442
"b6767d1e329ff5e28c42f632",706596726.395163
"b676ed2d0af6807cc2b28ac8",1131159991.06837
"b6775aefafa4dcc161eaf6d5",1016288774.56554
"b6825cfa2fde9b42fcf04c59",493910930.624797
"b6853999c45e21646a0d1b20",372281956.718263
"b6a21387674a509514fa5518",1021275370.8593
"b6a2406025f0e1fa09690c2a",454262688.562376
"b6aa1cb0187c4a1715517fca",463285259.752749
"b6b87c05c4238be76d94da2b",448834463.930664
"b6bf2760cfa26cb28fc989fa",800414335.132964
"b6d3345346f43dba053ceccc",1117252634.31326
"b6d5cb459999de084965e993",1227920821.16779
"b6d84e7d569d8d0f0d0c9066",1186955216.76158
"b6da1db3aa02debd11e26edc",813100850.343295
"b6da2728ee41d035da57c822",1165471813.35838
"b6ebc3b8408793f5058cbb90",1125130033.52795
"b6f195d44ddbe10b78b97191",697791496.383943
"b6fcc49ad3656cbd3f4c2ea6",844488661.266269
"b70082fdca35092802f8745f",437847048.388721
"b71095bf5e80bcefafb12d52",681947429.650796
"b71857f1cc385219f114035c",543065936.756175
"b71905255273cbb0af1290a9",575970899.585394
"b721a5846527d5338322c9d6",701263034.248927
"b72459ea34fa22d1fd012dc5",981979502.944435
"b7273cac93fb7a0034039600",1293704579.22084
"b732021729ecf88d6297b48c",810668658.527658
"b7320c35e90f33fbb1c28813",928823140.879374
"b732ff1637ec53286e890865",735581084.939105
"b73945103f07da807f7a30dc",706442869.579221
"b73bcc0cbfa173c9fa404369",1016680045.70626
"b73d317e1e8ddc3d5d0743ef",1032094663.5348
"b746e4a5c9d04cf4dbf887da",976262966.773428
"b7483c951d2c19de665f07b6",387182256.286166
"b74a02ef5cc838952bb9afd4",576902892.29784
"b74fd7f7db38ec233c6ad71f",508482941.682217
"b755f88ff3907bbe2a417e07",823112996.821933
"b7570bfc5ddc7caaf610908d",583986323.880117
"b7574b06d593fca4eac59815",460172123.902586
"b760fde2d4df27a168ce0e80",1110647510.10885
"b763f71e8a5bdeecf0f3f0e5",443621406.516025
"b764bb8ae8ba0d736bf54f5a",477585942.304984
"b76a3fe6a49dcae6e6bf5815",812403805.150073
"b76c45ccae25a06dd5fc432e",869401547.213412
"b76d853ea415967415ace0d7",956441626.743752
"b7763beef728bc2021ebb841",497732955.799247
"b778282fc4b9c43055629e44",1079965728.36496
"b780a0ec18c61b0760df9433",767241470.003272
"b799aa1dd2de813ccad401e8",614941546.897513
"b7afdbc1b57b52e6fb03accf",1298528953.9758
"b7becde9261820feb7cd926e",560811898.558429
"b7c07f8afe037d55bddb8e41",585943627.507793
"b7c0a0a4f5c5b986a70ff249",486693860.093704
"b7ce05400f0261743073e072",791408706.486054
"b7d245742eef110adc91b5fa",626942569.963752
"b7d66c5f1ad06dfcae5b33ff",710490807.78912
"b7dc47c641b46ca99fb83a0e",970545861.194433
"b7e01962fda2102f1402a444",783917700.756536
"b7e3b0c90c0d3bfe5befec54",614636611.613354
"b7eb15346797508f47ae094f",677493367.637424
"b7ecbd35179a7658f3c11b41",801334244.151788
"b7f164b79658952248866c34",501639201.198638
"b7f47484bbd8113c62cc8c1f",531589239.495599
"b7f906741cae6861bd5fb922",499605010.964046
"b7fa81aa571906a93e9b6cba",1260832416.69521
"b80593fba07e21f8bdbc352e",1240243198.03509
"b80c961aeb98d24d968c71d3",964977924.544217
"b80d0456fba49a40fd774e5d",880610485.783643
"b80f3a46440daae51308d459",705351763.668462
"b815204eed4398e600b366ad",1099143226.49791
"b81679b32ea288e9665dee49",1306735457.24351
"b81801f02a73feb1db7f5e83",1000966072.45852
"b81c26f2ea6b66c8315d1146",1111278444.25442
"b828609eff041a68fa243a12",900939081.19204
"b82e52830b51e823ac7187fe",479565845.927649
"b82f8abc8001cd6731c4ef45",697993574.684445
"b839e76df5d73e7d53691707",1007826744.91267
"b83a5c303a2b079585b9b94f",740870436.43353
"b83b0a53ead29faf9dffc0fe",1248085757.62098
"b84795015be5077f942f5170",596413843.781426
"b849cef46f19e13d3fc9d5c5",906783308.990965
"b84c837c5a1fd0f1ebc5f8a6",635362183.657312
"b85a7389bab2e651f05369da",518400777.304731
"b85acd44e18ab485d3ac543e",444232088.998991
"b85b37ae83ef95baa03752f9",1054891371.92148
"b85fa4bc59149a7a25447537",437224171.610471
"b8680f925773229571014e61",493291695.410463
"b86c526fed01211fdbb62815",1104631642.10526
"b86cad78da7bf06b5ac39f99",1062725312.46767
"b870c8bd8f95426a7e1f9c88",765507555.871949
"b8896656cf6f5dd7c33ae46c",727293307.414753
"b8984fe54819f5fcc43860fd",459269288.949502
"b8a42b02c50438c2ad7598a1",543469199.326132
"b8a5928cf1f7e704e9933bed",519756732.864635
"b8a8ad4c0215077d3e5aa472",1164315163.87083
"b8acc8e72f2c498fede3fefb",760686271.408009
"b8b22c1afac62b05ad389dc5",393292261.538938
"b8b46931b93b7750e0d1ada3",730199336.063781
"b8b9b90d5721a9ed5e72b328",641318291.558169
"b8cca0d70fb46f3a31473e98",976871426.142412
"b8d06f4ce0d6e71ba0fddc26",588769344.123251
"b8d50a94e8166e471fd8282b",735106621.139704
"b8e15d182ac0c74fba332b8b",653669688.33751
"b8e2b98548a234a245d7935c",642948235.448006
"b8e8d84450f5e0bc8a721c94",1028475401.63245
"b8ea07763f2e1a3d635eb23c",713888323.216112
"b8eb177e22c63e84738e7788",857160024.847862
"b8ec643c66478da376153333",734769788.923051
"b8f2b9c2e63f0091b6038ea6",756271612.128329
"b8f7bd85b61951ce83d7f57b",1067888882.85916
"b8ff548543842246ad439703",1306735457.24351
"b925c9218f5132c6c81f3a18",377187955.623236
"b925f9ef733930be26417458",722836211.47328
"b92929668e884453d3a0d633",665529808.895162
"b92c9c464e23f8b987290769",643484505.741904
"b936e36ecacd7cbc3498cee4",636084263.139796
"b9398d6bec5cc44fa39b8bdc",795936422.729432
"b93dc01af5f49e6dcfb7a547",421807411.335603
"b93f2864087d41c3c92d43c3",857939023.573448
"b940561f2d48444e139eaf71",417388874.527191
"b940ba03ea60d4cdc5d2d429",588409033.141049
"b9430e8c145c2a0d7efab2a4",591869800.598799
"b94ea2b8b847a47140d04008",909557163.781203
"b9551c416341fb167049d4ce",800108897.968462
"b95689add02915dab555d9f7",925491557.464898
"b957548768ef014088a61b5a",806760556.313168
"b95ecad591e5c69fdad8763d",553514656.551969
"b961220d34be930fada80887",985337058.500782
"b9643a26731cf2a9a243ef33",1051131240.27526
"b96502e30fecdfae7796f1d6",625063806.790307
"b966fa606a3b50d3ac7249f6",1419091825.69755
"b96b4bf38bdbd61d4dd0bde5",856871241.793882
"b96b8e1d636f0c10c63e5c6e",664579319.449903
"b96c9e2591a4cdf9c4e0c09d",751540684.615929
"b96d8b77fb5ba71ebce2fb26",598316955.101292
"b972611aaf1b68340de16545",519306558.077785
"b9809baae395914981a9296f",892958206.943264
"b980c778ecb2709696265c10",1389752921.25609
"b9826d7a6132b16df1bf58e1",732080182.933123
"b98967876009fab4290736f1",737875386.849878
"b98a462d9782988cb54ced54",1316413297.76109
"b98ee16e8fd7d1c75a9da13c",1060758406.75552
"b9973b07c84b99dd1018050d",601493980.94742
"b998aeafe2cc93bbd96dd9fd",518364830.871502
"b9a0058c58cabd619e226178",782979322.881517
"b9a0575867a59dc5dcbb9cce",737952819.423122
"b9a573a3f2cedd87c7dc6477",896126821.893548
"b9a80a4d84eb918792324dcd",695784523.152976
"b9ab2dcd8d1855e4bdd540c4",1017915808.23173
"b9b95c89c988f68429822e81",751749590.660972
"b9baaab70cb83475ac3bbab4",771249394.749408
"b9bd63208716e4e0f2dedceb",617758789.752919
"b9c893f3c3ac4dce40d0ea19",843299386.688125
"b9de7d7b9a8ef7c64e5f6bdf",691216803.585992
"b9ea1b9fc0e46ba0724cbc0c",715472114.896673
"b9f9dd0d368df912e6e0ce70",709058906.760113
"b9fecb3e6a507ba17764c303",436583183.01729
"ba0d0663943a118228fd12bf",435660164.474292
"ba12305002d24055c159ed34",377651585.096863
"ba12ab0869d66e03df12b6d2",435752139.160656
"ba137cbd10757ad20e5991c4",791054446.485993
"ba16ae6ca55dc3c0d5480944",834119412.238008
"ba187eee3858263fa664812a",452595591.6379
"ba1b3c8ac8afafef56233c84",615304899.711065
"ba2118c330e19baf4f3ecf94",963513427.646057
"ba212b5f12959e34b4887315",628317127.111099
"ba2423d79744d763aa3744f8",1025861944.02652
"ba24834c9fb0e87c4ea7d1a0",778647760.162451
"ba249dc7eae0609f20ccf234",672810317.923555
"ba30cf03fbfb0e36e5d415bf",1141248815.24064
"ba31c38eada33f680d44627a",594135140.931662
"ba32f2964e8b68ff5555fc34",1048265614.89093
"ba35cce2e715bda1684c937b",935641871.184538
"ba47346e7a53412e78363ac4",495542075.975367
"ba4e89128058d5564987dfc5",446256470.285838
"ba511b37b4bda08d191c68da",634889018.634849
"ba524c4e2f13109ce814ea38",758015534.396509
"ba54b5ebc5d4f554bc56dec3",517284277.791796
"ba601c13d20602c988d57246",1061661507.45495
"ba63594585c484bbd20ed3a1",710780257.352533
"ba7120c89c8de0e57e30646d",492405634.483209
"ba72421716765ef6aad9b4cd",1049316781.71624
"ba762cf12cc038e5c43bc6f5",726996435.233281
"ba79c72aa8bbb0517c899b59",1048317769.59792
"ba84fbef80c8a82895ec599d",1241338845.07697
"ba87ed2a657b0b042a05460e",707211742.122337
"ba89ed56d156579ce288dbcc",560603056.081679
"ba8d6800443dcf95bf9c1037",597077258.835186
"ba94572d1e050bb92522f112",461130562.147966
"ba94676bc0385678ce3780a3",599253339.755172
"ba9be0b67571b1e9242664e1",855830890.182964
"baa146a6537e8630180fdd35",573213834.600672
"baabbdaa5e8f69fc90d303c1",1183054451.84997
"baacf0dbd690644d74f3a929",799372676.103278
"baae43ea29f7e419bbecf998",507228448.476796
"bab5690da7c42909464cb9a2",683153079.485148
"bab884e0f99df269805e83a4",801078637.911307
"bab8e472424cd57faab87ff2",651686263.676238
"babe27dc477f5e1b7e438422",740894135.654144
"bac550d41b2cbdc6a110ec7c",484610839.31386
"bad7560aac04600e1ec1a9ce",472464275.128829
"bae512bdd3b04405c519bf4a",654104923.994761
"baeb4e9d612bffb63ae3564a",1222908826.63469
"bafc63f23f097c24d36c76fd",739932011.700598
"bb084299ad23f245d7cc5b69",594134791.293383
"bb19983466b1a1184ee7ea1c",794214388.87587
"bb1ece5366ebb2ef9d52708d",634849283.299914
"bb26b45df6a70b6414958912",684834756.903909
"bb2dedf6198be0f3ce2c4ffb",531589344.78521
"bb31607d0bc3ee4a37fc912d",710808763.526406
"bb33aa4f1a7732fc8ef19039",598077937.32294
"bb38c1c17612ce593e5ae7bd",414623930.962482
"bb433dc1bd769d684d8b3352",889306029.014535
"bb45c98dbab56e5abe20ac0d",814515417.22515
"bb47fda808b52f30364a4d6f",703570855.719849
"bb4c7900162be66534d17541",812238102.427681
"bb5726ac16b4ade709151159",692961279.558184
"bb5a6045d18e19613325dffd",1074575517.27007
"bb63f086543cde77832bd4ed",761653873.032326
"bb67d95fc94532b1fbe80ba6",732580647.570134
"bb6f66493fbafa76d70b0a34",894660440.341438
"bb70d80b0c6ad3022160c8af",431477531.497122
"bb71a24bc5ea4051d84ecacd",897791182.130922
"bb7c68c2652c7e124d88631c",652719264.549723
"bb7e14611ea6b5e4abb5b89c",668327372.610348
"bb812343bd6cd66e9cf9a9ba",399643686.356516
"bb90c874275456d5fe0de83d",686480478.699943
"bb962a9e3861b06ae1daf833",618581410.403136
"bb9991da696d6e1f13a32d0f",471590779.993945
"bb9fa21902daecf876c0467f",744443471.518897
"bb9fe73a8742dec9b2e79135",1238386666.12367
"bb9ffa04d913d06846d082a7",914630553.41689
"bbbf74a3abf9cd8718384a65",527467595.537212
"bbc675f7edfa0425c78c15ea",774802473.098057
"bbdd78a7ed332e679c8e526b",549924219.028787
"bbe2c06e6f90c4234a7781ab",1097978337.79292
"bbe705b86c6ed4da775b68f0",441594234.754147
"bbf16146922556095f53b5ea",702693013.839626
"bbf80c409ab3a6784028eb6f",444181393.785096
"bbfc9b05caa647bd95b3c88f",756591617.491638
"bbff88040e5b20e874cfad9a",770684956.033299
"bc08ce9f24533cd644ef08b8",716049103.538856
"bc10eea54e4a1767881a2391",799370447.267508
"bc1335d419a1c0f6e6860470",1187740672.26971
"bc168cfefe964762cdf8755b",733307381.418367
"bc1ee1f8ffe1ac88f08e2459",966464085.253984
"bc230105784ca8640e499ca2",977818327.627442
"bc23e25cc246ced4731ce5f5",703770527.846917
"bc23ec33573f28442b36f60b",629088767.807645
"bc28e66374356a4fcf9b62d7",805255372.504195
"bc353a421fc579770e432176",685918518.49972
"bc3c509022e3f6104cba5203",989409270.313094
"bc41e69def6bc7490800c4a4",457895394.989737
"bc474096496b98177e40f590",880447053.450248
"bc48ec7245297b4cb85dca1c",563646271.360501
"bc4b7bbf5df92f476b6be103",401792918.060512
"bc4b94c892fea57ebae3eeb6",475688108.16223
"bc52abbda9027e10b879ed50",581488104.895546
"bc54f5dc4e9ce267ea592813",708503316.369278
"bc57535516748048e38d4a2d",617067056.881239
"bc67f29c8679adf31353bec6",795386113.982967
"bc6a7d4ceee8bbff9ac5eda8",1035893472.60388
"bc6b57600fa9edfe13fb3118",850306354.114693
"bc6d6249873222ac7f22b73d",673310940.346487
"bc76b078832a3a81b6d637f8",1238949616.77908
"bc7e867cad6f221dc44754b2",709567760.262053
"bc834280fb45fb308d957640",516331120.295053
"bc8bd1feaa8fca4c52e130f6",444115692.37015
"bc91072d808fe7b43e972f42",490949516.504063
"bca5301e6460eb859b7ef34a",621783284.597682
"bcac2a4cacf13a91805557c1",438133623.904648
"bcaded180edb36336c2f5b96",878366527.218698
"bcbd20cfc50e2f032b174b56",544950724.756991
"bcbe8ed608f233d5ed7362c1",1033502104.13282
"bcc584e6a08822158e2a1454",627990288.42763
"bcc704b2e178dd20497e073e",438850437.813786
"bcd302e3b5342ecd8cc056bd",948217546.813159
"bcd31d201096351079cf7ce4",563184335.233205
"bcdcce01d86d648c4502d42f",810895426.568948
"bcdea05b890394a10d24601c",670893327.158706
"bce0a4447db2d54d36661011",597077258.835186
"bce608b4629b6c8512ea2fde",660180021.383577
"bce7369d51094d3a9d3495e6",1218836307.13215
"bcee01a5d6a36f48d99a5e4b",604743455.208536
"bcf12785c25f6e600eee8fc0",642025967.380585
"bcf2c303fc03897585831351",997165256.416296
"bcf43ae0b4b15ae168abca97",993149465.574052
"bcf775187c0f5ae1cc0e8ca6",804809511.777059
"bd018b302f732baecd085ff0",861904398.427186
"bd0261ab68cf56950ccdced9",872592284.454428
"bd0329ddd50f2dc4dafebd26",1145984168.17173
"bd04c8b6b5e381cd5f881379",441486542.719478
"bd05a6f6ebf924adf92e5577",813021272.790337
"bd066d5d19d41c06b904d51c",773030456.042125
"bd094081331ab259b1076261",705016291.715583
"bd0f754b0fd9b7af284419b2",920470404.2629
"bd12c705950c46e679c34bf6",1306467948.23392
"bd1fda425d792fb0de7b4499",758720305.177499
"bd23b1463f0936d2ced5fc67",735678083.853425
"bd264728a0464376e22b6bee",550704690.872582
"bd2759d469829bb8926dbe09",721536424.028268
"bd2f9648ee9ebc1fdbfa53b3",556506412.594517
"bd3edc7854cffd6b6debfb98",672470348.936905
"bd4526ea5b404df442892788",530306698.460318
"bd4d0b8799fa5999c5d2ee3c",1164139511.55827
"bd52dc8dc5398e5ca2952473",450288965.196693
"bd57e5cd29d935cb26006835",647475271.905329
"bd5d2030639ef16370cca032",777435900.357951
"bd612d494e2f21051556ebe7",893791123.238264
"bd6ad9a9ab28aaef9b4955c8",716215753.379985
"bd6b68abb113370c35786557",893965977.133696
"bd6c24498bf413b6c5adf81a",530071032.742412
"bd6f3819a1c0e551598fb9c7",424952925.882032
"bd74d43d99a240ef4190ecfd",720936340.19232
"bd850d1ccfc4b21a72f3ec44",996863700.847512
"bd8b005383020611b8922147",502790349.978272
"bd8c1ff6f9919ec6f1dccda9",786449774.585463
"bd98add659faedc1820f96a0",526888846.220837
"bda2fcbba2b412981e708054",936025069.647588
"bda3c74ea6f73407a3c0a17e",745271827.42851
"bda5b2e5a87a4905a30f3b8a",701830377.970643
"bda914dbacd42b2b7c6c5179",910271334.370607
"bda9e5d8048acbbe5a9d49ea",647125743.398182
"bdac2f1c4b306a7742f60ab9",897174319.478507
"bdac560af3e155db33d13d57",938304361.125945
"bdbaafd11259af6300321a89",677665657.904365
"bdc17ea3f30318b11df30508",822431969.353345
"bdc8e1a1e06d387f9c7b026b",748434001.51631
"bdd287e9de82903f210878d6",738658873.557352
"bdda694c42c52ba4803d482f",817849856.488489
"bddb9388922dd56737d8847b",845883121.347373
"bddcc7fb72bb973f84b864dd",981808353.064005
"bde81ef5ff9edabfc7e30d10",778420993.421543
"bdeddd3f84cb0ffdd1fc27bd",921638201.49778
"bdeed3a7395cdb9b175273a6",1093301990.05503
"bdfa334bc331e3e547f7568f",1037811710.90163
"be094e5db0f784e3aa013aae",388474799.210648
"be0a8f4be774eeaa42fe460d",781709797.320784
"be0e466ca7d6942282c8626d",709871752.260978
"be164f9025f346390b986668",690078333.084756
"be1695a7b8d3dc68c9887abc",778874129.862945
"be1c6023731fb633c4f41f96",708656863.457951
"be22ce55ba31cbf7cd285e5b",823723529.018288
"be26f0523e5cb13846539384",728977766.036858
"be28b90a71e2922437f25110",567158479.347193
"be364e85b988ef8627ece74e",444339878.691818
"be3b1df5f008636e14bec3fe",873515619.93615
"be3ee4457a26c6b6ad4237d7",612706747.457422
"be4b96920e3aa5c57baa13b3",523586947.746235
"be4bdb73add69f12f7aa6d06",593733119.636402
"be685d2954b8c7337ec94942",727278016.89377
"be706475abdfd64aabfe45fb",765216372.826263
"be70989d473cd731f6d8e580",897938463.462955
"be78bb0e06d5768ac1908247",493443787.481162
"be8bbf40db0dde8ed4cf338c",586908643.533877
"be8c05b72ee7867fdcb05455",1119542296.80802
"be8fbefb8e06fe169237d4bd",563344197.793932
"be9f5ade682aa1fced79b068",579374589.712519
"beaa09cb49a98e8025fd7e8a",472754556.259427
"beadf1de0732143f0699895d",789160017.423881
"beae197df95b84881128790d",894981641.331203
"beb73d27906bea7a7d880791",824110609.246621
"beb7b99cf12926d8714d1c5d",922121174.730706
"bebcca3e75e747b5a01f5485",654503837.521066
"becc3ae7a71d597bcb16d261",664031485.602553
"bed1fbafde11c156b655e04f",622307864.687204
"bed21c41b31a3bf2095aa273",938131088.392544
"bed932e11a599f7cd4bfa31a",965941257.54347
"bedc5ab20edc896f814c3f06",698457655.018513
"bee2e008ee41f8a711fb8d29",605480470.000124
"bee721e93b8d8e7cb37dc992",793233256.468134
"bee9de3e2817bdd591c02897",589791800.181475
"bef19d0084cfc9f6fa37ddd0",839139299.459887
"bef2008b362c4af1fc3be566",735783758.504902
"bef4759bfc25c7d44a8112af",775756754.01913
"bf00f36c4dbb273d7ba4b7dd",869511292.679847
"bf02fad806fde4e3575e75c7",725311855.549826
"bf0485c2e267d06b9b1d90c6",941154848.752981
"bf0ad098fbccd3548d834ff1",822757707.825527
"bf11c5dfcb321e020601e9ba",1098089775.10646
"bf120b883bfaf7641eda65a9",710198387.911543
"bf17b59bf2ac2d06894bd786",953619574.167248
"bf17eca5afccd9cd6299b9a4",923766426.471369
"bf1dae54bab00fcd3e8c9ce2",657201730.951321
"bf38bb7a2a7ea663cc8f3d57",685883064.367033
"bf41b26c090dbf0a19252e43",731732255.038621
"bf430621f17dcaf17fb91ac7",597039613.84621
"bf43226ba66a3e2033d32fe0",944314165.84939
"bf4b8b23cd87377169684e98",1010044378.33244
"bf5e687721e030639ec81416",831302151.403714
"bf6005f6f71da582a6fab8c7",655308503.088833
"bf6845aac15fde9b89a7208b",718329567.844861
"bf6bd06201e60a4c98c8623d",852378360.514174
"bf6e713a689f574b532edd4c",1083469156.6429
"bf7463534babd284da6ca671",400709621.469172
"bf79649b531e876c5f03883b",479989056.031092
"bf95acc88b60a3d531fbd42e",484178364.772224
"bfa4cb65827c4ebb91478e53",981888705.592872
"bfa56d6230b858591743473e",743800448.705667
"bfaf8b7796c8c57bb5997be7",748656877.310267
"bfb30ae71cdca27f5a5494c6",1052780642.68556
"bfba8fe959dd2e44a4202943",893608150.336749
"bfc41facefe9428865e4c29f",1195477230.82953
"bfc5aa443994e3f3f78c6105",1158343149.31191
"bfd2f20a7bfb0d865d7f7193",1475226255.98198
"bfdbb7aef98d4855d459ac94",818739346.531514
"bfde6e7200fc27e6e6f1497e",1073523563.44342
"bfe19954cd4680149c682587",625816897.153637
"bfe7c873b2fbad871327994a",954456088.53085
"bfeab1b12dd82efa96efac31",625550026.429557
"c00083aa30ba7d953361674f",471952557.355703
"c00592c7c0c3a863a1bab9c3",747114110.113062
"c00facb3e4cbb27c47a621db",1389468417.28443
"c0109086d0f49aac6c3f3f18",668149008.987558
"c01199a4b2fbf0f6cbdf2a65",712990513.275316
"c01440b8ff0d80e7bbad715c",630601924.090973
"c0155096575af5fc8db843cf",340056278.830045
"c0174ef555bfdd648acf4346",646329587.710462
"c0224f0cee5a388014db4f55",1241178145.07678
"c0277899d5f185cc78fc4a79",757060017.630938
"c02caec41084656408c2696e",786831151.456806
"c02ce25a3334860d3bad53e8",574276298.296182
"c036fb38fbd2d1b59ed5b7f7",759864001.03187
"c038742e427830aef3ac1c17",538045056.838845
"c041a933261204155415c2d4",929545876.882406
"c04e72fb6244d9a9b28322b8",830225169.998457
"c059affd0c19f6d4d76f37c2",635285845.226217
"c06088db17767866b7f4ba7d",1104302180.84166
"c061b886b7136a1b00c8ea2d",942652194.115323
"c0620585c12f3d9f1298696f",764059277.738408
"c062d873af3b7cb98ccbeec9",1021142103.1315
"c06a1d212fed896b6ee4e1c5",583278057.667125
"c06c737cc0cef7fafa3fc4c5",701564545.953742
"c06c8b6425e3a7c2d7481e42",647180282.145983
"c06f36b42021a1512cb6e3bb",472555147.67933
"c0706c78d5d98202dc24e46b",885241329.922663
"c07e2ef0bed4be12e41c783e",753732326.521296
"c07e98122103d1546d995f9b",1169997171.74381
"c083a5c64c4d6952accd7bdc",491565059.363766
"c08b016afc6a07105d7703a2",702755428.381894
"c09b8c236316b87a92a620b2",580487089.413609
"c09c39339b5bbd48f349a430",721969396.345945
"c09d691e4c7d7b8c8f6a8370",866786633.665631
"c0a9e3f5c57cfbb4aa9b2357",811590924.394725
"c0bf06891690188e17ceeb8a",585768934.293341
"c0c01ecbb9189d77098659b8",669953320.204718
"c0c4ecc8d3aefc53c4c06a38",646763469.146683
"c0c4fa199f0ad751930cf78d",762444616.129683
"c0c820463dfec602a6118ed6",963125365.303818
"c0ccf6d535d1316e37e1024e",831940932.544139
"c0cdcb5f860e3a974c401861",814033581.343613
"c0cf9517f20ae81c79ceb0ed",1033340082.95518
"c0ea6c76eb977d83c163fd7a",545234017.466609
"c0ec1e7ae2c6c3c2f2ae34b8",712279097.169433
"c0ef32a7a294e5891505bf35",423777784.060249
"c0f911fe7ee2113ec59cb5f8",782591737.713286
"c0ff8812c1e8eeab07c698a1",428133074.024221
"c1034173dda31d20c4efbed1",599615546.869499
"c10f25fd39dd36287a6cde73",1389468417.28443
"c1168159d4e2fffdd5662757",821746649.260115
"c119f62348e418d9ada13362",800319337.961224
"c11cd2e00942ffe56db5ae88",780528265.207783
"c11d82cd360eae99c04009b1",1180865897.24498
"c11fdc02a288af0572a2bca1",779785242.525481
"c12904320223ddd043f39c63",712463567.806582
"c12c81b3eb12bb329466e88a",1142619244.65043
"c12f362b9060344ad044cfb7",1015227758.18976
"c13263f9c8628bdef086106b",796329701.077532
"c1329245f57c5d9019105382",967327870.309534
"c139bf6b72a93a73155e1f5b",397480300.835736
"c13e387f56342f88c993f0a2",775033672.680554
"c1420f278d45b85c56f415fa",955998103.561188
"c14f644116669a160446a945",625550026.429557
"c15cecbbe717e72f09a84271",655610355.514969
"c166a9293fa27e910e1fa9c1",843966240.974121
"c16ab4a11cf67a39fec6f049",756736280.418097
"c16e9d9444f85bdfade710a0",737590575.016379
"c17a3139c360750a6de5950a",437364783.902988
"c18c2ea88f4ac53970b53d2c",831778917.322509
"c1976383069b6b82ab29d092",798222237.948156
"c197faa8bdbd51c075a6d3bc",1010114381.2125
"c1ac42dad98d2f23dcbf140d",995720651.450648
"c1ae2af40e1ea9da6380b8ee",1019917289.45374
"c1b0ddd3c104ec4482d5025b",611574636.499021
"c1b386f478152f9be1f546ea",744802396.844041
"c1ba606f32ce0337cbccc2b1",739177694.34584
"c1c1dc8df6996a94ef3c7d33",462565637.329643
"c1c8024bb6c3635ff655843b",548133558.117235
"c1ca38f941200a9d666aaedc",549397256.791518
"c1d0c0846ec652774ed5474b",1077339675.8676
"c1d9119fa7ae7d44362f18ce",916674590.746293
"c1e0b47866cf4a0120e4b3d6",649550965.860639
"c1e51ab95336a51885b4c672",840280908.251308
"c1eace64bd2c9f6bea289c4b",929761392.46101
"c1fc25faadb151c73ff254ec",733868462.936579
"c2071e85fbffa3d2c2168319",579189757.017548
"c214d2383936dafbe0652c51",1126687515.37316
"c2164829374d5e880c1a1f31",788681834.164673
"c218434cb0b05ebcef935e5b",988028946.861557
"c21a3eaa136ef8a912ce7b74",888148171.068187
"c2242a77d30c0abbed667ce4",1003782604.76403
"c2282da3ece2dca6e8a3bca5",881019846.48531
"c23150d0aaaf932579561998",994249479.797681
"c23a1372c81ba03e6dabb0df",533510890.199585
"c2424b4861f2ef50f8876c0c",577227476.475881
"c2439ab65fe194d1d60eaa07",957111224.562078
"c245bfa6587eeb55227c8a4d",691437360.172619
"c24be8293c8f4080562ec0fa",657196891.590286
"c2555955d5175b31e5f783ac",945738590.05266
"c2580329ee6d7a03925725aa",624164678.233556
"c25e1e289cac1bbbee489122",839881557.996579
"c25f892c01420855f61c3dd9",722879968.830173
"c269765ece36cd93058efab9",553616612.980145
"c26990b034ee83450a4517b1",821233004.833981
"c26af6fdd00a85a17b823d92",763830740.679936
"c2717194de73e1a1d8dce40f",407188887.210266
"c27b2b735106bd5a77a15616",673724621.277062
"c27d72aa1fc5d37f4cc105eb",986738441.594464
"c287dbff188e95f833ab21f0",732145428.434605
"c28cb417dd28fe4d4d41d114",765159189.929873
"c29b30cc5db2ffc273e4cb14",679361765.819653
"c29c69bc6758d5976024e455",705016291.715583
"c29ec380fc7295a9a770a74b",438580974.517103
"c2a2ddb94f60de25378aecee",798730477.492582
"c2a9b4b389ae6f20140e21eb",867234992.358684
"c2aa451b62293042b7244fff",955912340.328759
"c2b5216a8050ea0fe4008f59",968084730.192379
"c2b880a6bc90cdef9dac52ca",793819834.113075
"c2b91ce4b1bc8c576a0ce1c8",763360921.246732
"c2b9a3b2747f32d26c8219fe",706117868.974486
"c2bbdb2e5d0191071e6db37b",799528226.614161
"c2ebd39857dbbacb99e6cc96",738895962.591957
"c2ee475efec76c46efbf1b08",615805147.568358
"c2eeb1cf0549df1359ef4dcb",550227994.766189
"c2fc3f04c3870e14b89d5fbb",599766857.050957
"c2ffdd10fe424afa1b09f31d",642198108.626483
"c310efec13e312442f7e1a01",570598971.832333
"c3140ab2134de662162af508",423648441.21457
"c3191b6b40191009ae9f4b7f",1028464881.89128
"c31c4bd09d8cfba562ed2b41",887080423.108566
"c31d98f67673691ece007a65",739775605.032993
"c32249c7c0819b1a29fd611b",702279553.661215
"c32df77def9978a84f8ba7f1",920199231.253056
"c33613eff66948d1bb8ea3bc",631967827.324698
"c342f6492f90ccf623e8e8cf",534574883.836991
"c344e3be381326a1b6cb5989",911213516.586073
"c34c2aabac06323fa180b24b",535881452.820035
"c34c94e7129f84267a5e4fd7",729033039.613906
"c34d46d83e76f54d53cadcb2",867526015.718162
"c357cc3d2f4b45ca3e1250d2",561481820.869318
"c35f5ef73168d03cba1b1f4f",466439762.292561
"c36cf907ee28017eb1b40674",450215830.692267
"c372834e8e7a4279f861aa4c",827468052.045028
"c3733b88ebafc0a05f5bdc99",694538331.968558
"c37348f8247ade33ac513855",1221191569.62923
"c3786f81345d39fd8b353da3",756588036.940289
"c378ef33f40f8be9263e517b",578273219.430548
"c37b357d57918c3a651a5760",685735627.107162
"c37c7859956931d77cd5c9a8",1038461754.89659
"c38677ed0876b7996f596336",473464786.214211
"c386d1ac4fa8dcec4cbf9788",858012570.051147
"c38ce4f3763795c61efee6f3",531267657.026806
"c3a78d9bb10165d9be188394",747089753.746536
"c3ae3f44bbae215f7f2fad9b",371151405.089378
"c3b357d17afd631df02dc39a",830770335.224693
"c3b8b774037044a2524913a6",602183549.961182
"c3b8bbc492a7d7bdd63da22f",985292181.600693
"c3bbe8c09f5e58281dddd412",881558207.059273
"c3bd0b8277a37832f56be54b",644775029.779422
"c3ca43d0474dea2f2dfb9791",503784285.600172
"c3cdfd0733404ec885eb3edd",772631784.598509
"c3daf2abea55af99c9579319",892244174.774099
"c3dc5ad23dc8cfce0671adde",966330698.590562
"c3dd975d0aed59a65a784e47",930525610.625111
"c3df4b9fdaa4dcb13723b5f1",783360726.844777
"c3e1e0d2618556de7df13403",745773801.471165
"c3e648317c360c76b94bf541",516277740.655999
"c3f889c41c1effea85bcc706",669827854.731064
"c402811ade75f5e3dee73ac3",887070364.385817
"c4074029fba935dafd82eba8",580820705.653554
"c412ab869616d6576cbb8309",465922011.577247
"c41964afa164d8b75f8dbe92",733641306.837925
"c41dfc0b917edb6e6ef7b1c8",569161613.876106
"c42c59e8a08e8657ab4201f1",445560655.733589
"c42c99f5da3248e7bcc73fa7",832433951.990204
"c42ce8f9f62f7a315e028e3b",652498463.152485
"c431fd6dbad57351a497fae8",650390949.818064
"c43530f324a3ac90f53a8849",689838224.295656
"c4476befe0002dcd0c315993",782294424.726507
"c451b61851c8ae1e6222109e",1038556756.60406
"c455b8a15dbfff94c2909f37",856052881.081004
"c45d7f326a2f279760d1a4ae",911693691.906001
"c45d86d17d1d0519b455b7d4",1090475865.90627
"c462f0736fdefd319cee232e",1039242060.17219
"c46b122728ef4c9ae8be444f",856796587.144895
"c4749eb8f59cca469236df01",444154189.032192
"c491a13a87fa1ef595b35826",783534200.80786
"c4955010d066e013812a85ea",1155231833.46828
"c49644baf8dc51d3f76d7e7c",538192359.335532
"c4a3d64de5e401a86395a919",677265762.366199
"c4aef1d92cf264c548ef1f2f",398594152.351965
"c4b2a42a8908cc35e649fb16",692108879.070974
"c4b97a459e2c6d13710fa273",540298417.175727
"c4cef41167a5e8354a61feb4",907697696.409947
"c4cf9ab3776289a412684892",930168602.220524
"c4d7a906b747428aabd368cf",839441954.775326
"c4e8559ee733a551649a5dcf",766810928.744309
"c4eccc400db2dc9627c9879f",840491190.35041
"c509f2036a11b7132c633d2a",661868482.285303
"c50d5b4e75f165eeeb2eba97",755004582.945101
"c514c9a35632e5a9c0476a31",739687798.191866
"c51d1eff1b6d29b4164df520",1335400654.18292
"c520b7e8de3796450ce49a30",403522156.869884
"c523380518164e1e317cf1b8",1264618853.55202
"c5346c37454ac2b13b92240e",1157470816.94025
"c535169307e21e5df7ec88e6",876661836.960199
"c537ea2620b8c3a3f013c0b9",973859037.633441
"c53c58dd7b26902f67c3becd",958058399.296301
"c53f3bdfe8159bae98ab005d",1198919247.7983
"c5498cdddd7856e99d21f52b",621437043.582273
"c54a573c9aef013dfa2abeff",967138815.844877
"c54c645c340f59dd5f47bea4",445247925.521345
"c552cfa8e6b8c8be2c963ae8",394501469.763916
"c5602c608080e2546dea5463",374284939.277629
"c56163e390d9e5a7a76e77be",820924678.551409
"c5641447732d3d1269965ffb",1116033428.18057
"c5788cd5507c577b7b585ffa",400709621.469172
"c578eb2dffe903475aecbffa",428075915.473954
"c57c3c7edd591e16c0b7c1f6",645224770.068528
"c57d333e383039db0fcd2620",982413662.644808
"c57e1c323ddeaa7475e5189e",670809675.112111
"c58947cd4f238cfdc0007bf7",1236510173.13544
"c58b56f1202d1cdffdda3021",748700667.019588
"c59c2a19b93ca666b7c389d4",888742068.541908
"c59e06a2ed37fd750cf39976",1080776575.07146
"c5a5676bdb1698f8c38cdcd5",508423216.689342
"c5a64fe5ed5901734d98a22b",696906510.513859
"c5a8695b7aeba06e46266959",718496039.006473
"c5b333e454ed6e93ad32d96d",759828266.848097
"c5b40b510bf7f121c93a2332",861051783.573329
"c5b47ac5c4b7476d50bd56ec",742223415.473731
"c5c024d11b3ebb2cd088bf6a",992469311.794954
"c5c3f06bbf812593d1b95a40",1078838699.41887
"c5c7631ddb5b485d0e992f7b",517349751.616548
"c5dc941305b5fb59e66479ba",830662586.067812
"c5f7f0323f554a7419f78359",860702296.612957
"c606665f3a3f70ef61fa5cf0",1098402103.87587
"c6084b85c8d95e0ededc25d1",974065976.327235
"c60c2efec3c12959d86fe3c8",615220090.115697
"c61076b24927a46ef506322c",1021175462.35867
"c6115d5e908e04e67915a581",803022963.486028
"c617d1f15d294f0b0aea8ed8",876899111.470701
"c62494a9d7aede44f2f84023",1235124466.90772
"c627c6287efaeb6fd9049312",710490807.78912
"c62886167530efe1f84086ba",710191196.148223
"c62a4288a4a0336b1436132e",609618585.061615
"c631f8920a2fd1160f6b15cc",701830377.970643
"c641febd8bc2ece3e4d2d8b6",561651582.665211
"c64346c8b0ba32a55292e66a",1000205685.55527
"c658639b590415bc6ea44119",544729077.982304
"c666974c4303d43b87714c62",515302022.052525
"c670315562766401f92913d0",426765866.489559
"c6706db3eb4f0bbb0510578a",1009690987.55257
"c673d94552bc3e451672939f",911475755.636049
"c681519ec1ee1a28f6a3607b",873702809.674074
"c697ec00214cad882d5e9812",526520164.293242
"c69e08214cb1fbc09ced0971",501782786.817765
"c6a089a9bb326c22e3f3aaa7",978855507.336314
"c6b157e7a6ca08d04ec4de4f",448148174.838206
"c6b7e739125907c86a8997d3",790382788.18254
"c6bb4ca5a0c839d38dd8ce19",1096492315.28601
"c6c7409bbf52c86461aa1dd7",688987677.438275
"c6c978051fdc655d21a370ab",573765339.78133
"c6cb6ccd3f5876c9b9e29685",716163786.043134
"c6d075772255b1efa52317ac",946837580.70817
"c6d679cc07ce4373197748a8",1226567837.70569
"c6da2874d2dfbb2ebab542bf",1095162647.58754
"c6dc8c201ce38ff2ea49cd68",1280756411.60475
"c6e34cb4e79a729a5df4183a",878798722.631084
"c6e9772058edb2268434d7cf",809146066.565352
"c6ecbe7b57db2db74b0d788f",995713089.267799
"c6faa40acaccc1603c29df96",628341905.935452
"c6faa5d2ac8e74c26fdaad4a",865308212.070199
"c70439fc435337f1e8fd2f5e",1220536844.63347
"c70f6bd5ca138bacfdf8b5cf",886942269.305202
"c71123c31d02408cdaa74daa",556962347.879267
"c714b30713eb7877ed3cd92a",488064654.343512
"c716d4dfb5a3c2e1120bd84f",1000986156.6749
"c71fbecd8f7310c201adbf40",855872162.226125
"c7205874bee601a7b01a0cd3",1097345628.29003
"c7214222fefdd8d2ad7f8f8f",737787418.962858
"c72cf05b93b9c290c063b08b",899768097.515216
"c73a1177d787a5ed72b8a9a7",829344142.410034
"c73c38b652e9418f06f89b67",514139724.731421
"c73ee8d419b96c6e7c53f95d",850750522.704938
"c73ffac843c155f24985e6f6",795660984.458297
"c74020c85c9fcb2a2cb3ac74",759294215.542948
"c740655aea4eab7066446c42",748401814.23546
"c757b3960436c23dfaed4f2d",1055826828.28202
"c75b265c0eb946ce77e32ce7",826117718.2019
"c75d43b8089321e359e14264",889387183.188149
"c76207e622cf8a208910707a",796723662.428425
"c7694e92a97bb66794e62fbc",573899315.683541
"c76c4695ed005277a59451f4",762742302.237825
"c76f482d2a8f8db5eb79ae89",1106084528.1281
"c7746198cb5871bd687c2538",602192176.259975
"c77509a6eb6665bb8eb07d95",884184237.533556
"c775d4f60fea55d5511da4d4",876920273.826
"c77a63e92b9f727034913d8f",735334035.34018
"c77d7a08d5b9abd4d3082fb5",758790538.207198
"c7876dc81e250503076f43f2",657848396.83679
"c78b16f05ef58855da0d4f2f",685034142.632497
"c798ea36d2e4a8119723eae7",1009385043.15116
"c7aad87d39537083a5620757",722149184.509578
"c7ac975025713f368bdb0af8",1093525851.75244
"c7b6e7a287602275f7854ef0",1121609275.99387
"c7be09a810b9e54d2dfba4b2",682929795.717702
"c7c3da1f12d872a3726736f5",783467078.517733
"c7c5ee499c712082931032a4",1507432415.32701
"c7c835349181bd3f0d964eca",1592524748.97427
"c7c99ae9259b34bf9b8ba799",438477694.348497
"c7d5f021595b58c507f47d3b",948191192.791634
"c7e45098251c687efe670815",716874997.251548
"c7f422224808e043753683f8",1313131458.87324
"c80ef212c870e2f20ed2234a",698238136.405638
"c80f897787541816ad63bc17",636317659.945534
"c81133d5a58d7e8eebb10c8c",1261535399.27996
"c823e3fcfbf0c43bf2d82586",1173941038.87344
"c82434222f4129168fa82e5b",658858202.690411
"c8244d916b0110b1acbd38ac",692612785.859899
"c82929467d22589ec62c0475",808981740.905972
"c832701653f1e7f01913660f",1006294904.34537
"c8346a875be8391145a2f9aa",423126617.712263
"c843044c1fb30819300448d9",438704252.911027
"c844a386941b86a3d4c0312a",724936173.338745
"c846d5698bb295697186555d",680036548.249183
"c84e1db639ee43ad83f930c3",765903599.683258
"c84f96cf4570158c3832c3f3",792631283.919365
"c858f0f3f5594e7bb0f3b6a4",1217618823.75656
"c859144477dcaacbc1654a8c",635551449.035691
"c85d56080167254c7bc19303",797933821.557976
"c85e9bd6e20ee2a883d0a7d9",399849870.206675
"c86e643b7f7b57b4482020ef",681942601.17967
"c876ed979c9127674000b740",748078896.091909
"c87ae84ef029febca1e633e8",613684285.086784
"c87d9677bed80b0fe06308b7",606216434.162706
"c89167e42af0d42c88e8573a",739705263.152552
"c8941b8d7626f7b33628158f",1260484204.61657
"c8958d280d0cf2d8a0b481f3",752198295.494177
"c89ac55660cee4608bff27d5",627360369.685748
"c8a3dc3654c53cf66953de0e",725123233.689682
"c8a40314be3014c2a218f5bd",1040621777.05397
"c8bccdccc9186136a332e995",1000312176.69001
"c8c8d083c9b9600059a8b8d1",692834501.738145
"c8d179013c5bb6379693ef03",517325248.195723
"c8d39eef5a5422e0da4172cd",930602764.314215
"c8d4ffb290aa9cea002e8d67",407527209.995223
"c8d5a0e9614dcf96a500206f",707234902.547157
"c8e00b4dcfa2d05d6a7fde26",1085111454.91833
"c8ef57ddfb35061d1876f94e",548233198.162697
"c8fd8b729f4ac6270aff9c9d",1063149634.59007
"c900d19cade1443983274ac4",1384582747.92675
"c90486bba327ede32dec60a6",678904144.756918
"c908280d0461c3585af94d53",1204099652.39893
"c918e02b3e6d80125a2db1cc",536871483.351304
"c91945dcab0bf200c3ef321e",776676988.966833
"c926ee21c2bd9da7da193514",503858923.439217
"c926feb307c493aea729001d",511129009.828317
"c92bdf97d7f0a9a12c024406",422006270.017329
"c933750eeb53302db0245782",472270853.403337
"c94056bc09a4bea0e853cc41",644841960.7377
"c94dc49efe0a350bb522a56a",1032082488.94929
"c954618c48b70cb00efb49fe",843499990.944752
"c9620e3e2dce92bf95c57c6d",708817191.441709
"c963faee3ac527dfab08f61c",541971137.229703
"c965b03014d21473b27072f8",966852211.981169
"c97715bec6032974060480d6",1125930686.2032
"c97adfa6f5ad3e3db6b80edd",973167833.921417
"c97e4d7e08db3171290e939c",926919491.666722
"c97e70a767a3661c4869bf86",667653262.460915
"c98157c582392cb895071f28",820743962.703305
"c9851396352bfeb05fbd7580",1065634493.04115
"c9859204696f3440cdb541c3",975043141.394775
"c98807fc596bb2f505b4da9b",909697683.089692
"c9a215f284e095850c809425",816484198.139402
"c9b0673becdedeede0209697",407246735.296888
"c9b6d3bce20b7f528fff8123",762948878.121718
"c9c3973bb37b5c688a7c0157",699686414.65486
"c9c51c39725d7df94822fb20",746500226.543001
"c9c769e7ccc99016f61269d0",688388665.903412
"c9cfeb97323bd6a0564e1903",642111489.135329
"c9d096d4353b8eb843e793d1",748452839.69889
"c9d254244e315974cdf5d921",1294826813.58438
"c9d285946ffc4c4b3ee95da8",1306791011.22217
"c9d5c08973c493f3acdef892",665890525.781919
"c9d996f458794961d9957c1d",754976990.291656
"c9e20cadac540faa59d9aa3f",528265370.216848
"c9e92b994e48df83dcf9976b",1389602640.50481
"c9ee7f0666429c0c15c37499",366826078.156114
"c9f92088dbdc0d81412968dd",907014859.338634
"c9fdc3f80534b32f1a75f530",866467065.643528
"ca02c904cf5eb96ad20705ca",818834014.784008
"ca0b59b35225b44447967ef8",514139724.731421
"ca13bacbf6dc8d1b09fe4c67",983633874.259612
"ca1b1c17572f776fc1059691",661637915.349723
"ca2f81b8fb6fda20aefb0ccb",993662475.24443
"ca3b5cd3505049f1471c47e8",813267338.7776
"ca438e13d8aa6285858da0aa",936216727.728195
"ca463fbe3e5cacc152aa70a6",515542972.326147
"ca4f4a66d83f2043a7dca261",423777784.060249
"ca50f7143937a99accef865f",1074293031.19838
"ca516516b33dc09d712b3154",905780027.625286
"ca54914a1cf1028b9c8b681f",808046965.069844
"ca5949c4bcf0b63e5d1be784",386846579.437928
"ca5eecb01282d4a84017bd50",718357438.480927
"ca643c04044fabc6fc566d12",1035146428.12455
"ca77a424800783bb9c5c0450",921362729.01457
"ca7b9296080c9fc9fb232782",1021727565.32553
"ca7d715827b39c417e5b75ad",898029625.378971
"ca86f53a857c23b15eef428a",999122323.530566
"ca87bd8401c0c7bbc4b3f286",953298585.494312
"ca8c85e8100f64416146368e",1004464337.64794
"ca8dacc29a57d39640e3e59c",928397821.193087
"ca9520c7b8432b0521b2e8dc",628168619.748543
"ca9b2ef10b512905af6be620",876620643.034987
"caa4aecacff2beded2e76beb",660906981.264296
"cab0a460167bb64c037cf25d",366733272.434699
"cabc4fd04b60a66bdbe2cf9a",1120459516.85133
"cabf47337c2cd619f12fe69f",661584182.459582
"cac3eb4606346268cea48e32",1182812262.25994
"cac7e7c3e13af91bdc7107e8",838391563.090911
"cac82fdc4d960947bbc590c8",795724044.86316
"cacb91ac1b835d62422b8a8e",1082789131.18933
"cad16b2ea432d926d961109a",771489228.049634
"cad720be1395e2ab5869807c",620670979.614955
"cadbfbea1d03e6538af648e5",551527809.719782
"cadd4a6e1075b57f7b74c63e",850860889.124753
"caddb9dce27a7e8012478da5",651549243.702806
"caec584b5b6998684bbc6a70",387805945.667165
"caf878b42daeee3c7de336e9",845268396.022518
"caf9c761d21329c993a0bdf3",858757542.114437
"cafa94c4a56c23ec73ee9071",971366308.841423
"cafe7c1ee67458e05c84d5fb",869348036.635311
"cb00154afcad81df60ee58f6",454614375.586445
"cb00e44cea76a92e9c44e793",823172892.558002
"cb01687abe09df6838e1b224",714038326.987038
"cb083fa7ff634f424a351840",671663024.709439
"cb09a84a1d7b929607d01ee5",904564156.596589
"cb1c8ab11838d9f0a1197e25",928992915.824116
"cb1dcee1f4ede0877be1ad15",802657989.845238
"cb2188cb8e534973ea3411a5",786276361.373127
"cb29bd3ae3d5da88c99d3db5",794154551.227681
"cb332695a296899d1c798426",639727398.494244
"cb383b7a746ed55b21a8b245",794116050.84638
"cb38dc837baf3e0531c6c115",842918733.221675
"cb40d6ea6a1eab77a60c1ba3",722065221.526884
"cb482d76b3b4904c595f2dc1",494706159.068228
"cb604e3a56cc847189462004",783649246.949123
"cb626b981c0997d254388e76",449817282.073088
"cb645955c851790e83e696a7",904706922.959292
"cb64b363295d36b9b0fde3cc",621806491.952908
"cb6d29f005078d4d4efc2d04",653801008.617898
"cb6d4db44c789fcfe8236b40",699057366.76578
"cb70f4993947b640317a07b9",782678248.690454
"cb778195c5d61a7c4185424c",972013575.078606
"cb79e02041eddcfa9225346a",739891191.95204
"cb7ed5960f325114bd3489c3",904608707.776388
"cb7f62ac4c1afbb4256601f0",645354416.258153
"cb83c138aefeadb184d2c7e0",590153466.609448
"cb8844cf2070d8697bcccf27",590072170.570177
"cb89ad8156c3428ac80a4db3",546649773.573697
"cb8b826e929f4f8a8e3687bd",693834824.006338
"cb8fbae1b4141461127c97da",1008296590.62018
"cb915d1ef92dff803c5cceae",1240611155.26567
"cb93b0d5e9a26628b0462b14",591871481.271114
"cb93bf58a01eb262cb003061",795803006.264365
"cb94eee5ecfc75d0fd5ba6e5",1004748315.29668
"cb9d8fe7c18dba6827836403",732584056.837363
"cb9de5719b978a78c71db699",1024591879.71018
"cb9e058f82b10cf80990beea",843720414.774844
"cba57e3b393b3e392c7431fb",962026186.774837
"cba9aead5bad82b31da51e6e",1019797907.72784
"cbab68c32d78424452249d9d",1118508108.15121
"cbb10e7618b1385cf922e815",1078428382.36817
"cbc99d6202cd3a31e1c14a16",611321579.628655
"cbcf4d76223673724b0f9811",844906322.3207
"cbd48f3342e63a84173a8dfd",398074209.922497
"cbd78f55af1db4d89b53b496",545545640.363296
"cbe4318f63d73fea6238079b",1271399985.48913
"cbf6faf7b47b43b2a77b3654",858139132.933061
"cbfc3ca911ca23517da8c2d0",1069604082.15321
"cc019e30685c91634d2fd4f4",936408425.05219
"cc03087e0f18d59c521b6ce2",999846071.216762
"cc125d0f70d6d0819d6d90ee",569060804.528087
"cc1a11362066152d21d4cc60",600454672.715801
"cc27435df779f16e6a62b0c2",1308933147.18741
"cc2c78d41e3fe29de0b4ec4c",1089230569.39684
"cc2e8713dd087d3b842d2f11",438047804.661174
"cc385eff95aa00310eb22111",650852950.313668
"cc3ef2f4fd5568aea96c257e",652925272.133505
"cc48e66185c23195cf958612",518523230.704066
"cc51811e23409f4d77995768",640869976.331671
"cc5563550bebb29c83ae3054",1232180748.08548
"cc6fcb8ea6556f676c13a76e",1067013490.63053
"cc72295ef156cb2d60d6b10f",907476425.229771
"cc9743189c3671adbb1be49b",858881031.94984
"cc97f62e2fb9d3e31ef1c00f",630779816.666063
"cca9a08bc4a91f317b851f11",1080983115.77947
"ccc4457f68fcc1a416e3acf3",844865590.276509
"ccc4e48073c3da10a2e2d08a",861092037.050733
"ccc625df8f51248e3dc93214",467664928.489778
"ccc66d77e5f68779b1c016db",554912497.575778
"ccc70d1d8e4411331730bd7d",522393346.622993
"ccd2f6ec8e9841f1068b7c76",589019281.471608
"ccdf0abddccb1a670f31c2f2",921450559.950167
"cceb25e83ecf22252aa92d2e",1287580642.69539
"cd0236af88ded6bc15b49eb2",915860115.359652
"cd05166ab9bf3128c23fb8c7",944163434.922576
"cd07b4553b6d3863a9e444e8",1010757489.09692
"cd08976dc2d69110375f8541",675048486.388157
"cd097f6cd92275ec8ace1f20",603774265.728492
"cd10d6e28fd7ce92518ea31a",994800919.132949
"cd14f8aa1613d754221c4735",736574633.369722
"cd17bb739ac79f80d6f651a8",819887839.562279
"cd19dcd4aff76caaa1cffe54",401038307.905536
"cd1fc7362660bce494b5117a",545571428.468695
"cd270a11dd8257648d1f0444",860982858.726012
"cd2913f013727119158b98c0",1143364097.3193
"cd2aeb1b2649ef421102def7",877508016.170932
"cd2e4dff930a1c7a1a569992",880217901.837891
"cd365053914fcde97b7ee9a8",838915778.082562
"cd4656aed92f5c0a0b6b7c0c",857939023.573448
"cd5111edd2fe80f56db29531",744027680.277047
"cd53a991573ecb5c53f47986",1074189586.77734
"cd55abdb54bd56d54b11fad2",1004313027.68714
"cd5658fc146ae4b5d78fb565",671529522.353603
"cd5c6655243a4be0912bc92a",1029995477.66098
"cd62ad28163c8df131a8f2fb",971184136.947991
"cd69a049dd8a3822e228ebaf",822773548.064165
"cd6ecb0f77acd93cc1c9038e",1148306586.57278
"cd74b689350ef612ddf1b96a",720785064.247191
"cd77cb445eb0f72df89b9fb7",812735837.300304
"cd791a46ed616911ae7d4fbd",645995276.517966
"cd89201cfe3fa19a4eb14bf1",712090246.69794
"cd968f8973a267790a38f2f2",755286835.72356
"cdacddfdb6ce41a3eb752496",529619829.877786
"cdadb2607807935a0a5597e1",631809833.590814
"cdae3bf05372c13649a2adc8",441298550.641467
"cdb5f8327360c750469cee74",858881031.94984
"cdc0c282ee62c51e3a20459a",1128596264.57207
"cdc3e114698984145df842c7",1318741565.98542
"cdcb874d2e62220d12230632",835216438.16126
"cdde8657b5a215915a04126d",1336604904.88395
"cde84d2435eb1d0d4ffe2a43",894090336.581421
"cdeba97450c735185e486eab",772797122.282762
"cdef6e87c007bcd9b4efa9fa",1049980020.81963
"cdf11b53a23fcf9b6032cc8d",610261839.588622
"cdfc387f8246a1bb3110d724",1024184884.64453
"ce011b7462e9be36184a2984",434082803.088576
"ce03d8ae43a426e074ed35f5",1105328065.31195
"ce12b48120daa5704a4c81e2",431901883.799899
"ce14bec246191176c16c4e27",893866858.453514
"ce164af02f76ab3a68b0f980",813663096.951347
"ce18358366157fa869bf3833",809103309.247457
"ce1b06502cb0c5d9846cff9a",455190218.349982
"ce1d63bc4411a615b816a76c",987403593.275834
"ce206b82f2de3793156baadd",733317533.292545
"ce21f368495d385fbd98de73",587316847.823648
"ce25e9fd3bce9b75050aef5d",994053345.616991
"ce2cce355f493a75ab59b242",475504454.148054
"ce30c2c7cda56a69005300d4",652247527.566801
"ce3deac5963eeb96826c14f1",778069267.565784
"ce407c1e25333d7c7eba1b0a",471347632.653763
"ce44699aeddaeb77f23c9b9c",1256432942.13231
"ce47299ee877638c4729f60a",476402526.079117
"ce509ce153f452ff8a997538",887185906.144104
"ce53f3477814fdea2889cd2c",504712429.532411
"ce60e2ce2a420052e67564d2",943266365.347282
"ce6a3868227d78852fad9f62",1218836307.13215
"ce6ddb82d2ece3b8d58fcc63",514194657.502984
"ce6e91b53465250effacca98",1208171196.32093
"ce6fc507df0105c68c29214c",696405596.245206
"ce78e1dbbf0f7aee98e244df",934492765.283085
"ce84187750fa7aadd141b5fb",729462834.227722
"ce86066ad78dea43089d25c1",1158292129.60075
"ce8ce41a36b610be164a25de",820256298.311528
"ce8e1e2e4a79fa55a8547457",1214862591.5032
"ce9474244dc2d40f357146c0",545547571.406519
"ce95aab452311a0cc27e0c7b",722731984.09201
"ce9dbb6d009cbdbe654edcfc",886199175.963416
"ce9f2f0071be658ae75ca6f9",1241373384.34359
"ceab390b6906d5cbe65fc402",749340118.172522
"ceaf16e097500022498950ff",461130562.147966
"ceba7d0f56f6cb03538962fb",714798119.880774
"cec8daf847f52cb2845a9f58",939598307.914568
"cece8267e60c2461d6c409a2",994853787.816233
"ced1f52def08143f0b2b6849",806285574.217482
"ced624c6debaa01c732e9f60",821871365.991675
"cedd20027ebbf47baaa0dbff",739701434.739884
"cee124f4b9031f59c4fbef47",947061023.135698
"cee1833e8964355b9aabbce2",556734333.563604
"cee66eef685e4764b9553a02",550479238.37352
"cee8fedd5685633435d77a06",1212720332.50521
"ceee9fd6e692196b960443d8",586890305.322683
"cef379fa831f936cad745dbc",752063617.337266
"cf0152b0a5e886e8291ef4a8",844281763.566276
"cf07a5af6ee98d735bde14bd",1238962941.54339
"cf0ca58262feb1f8b0dc7b68",703893790.820089
"cf184cc576effe39c0f857b8",719897150.041013
"cf1ba56710023ede80a8381e",1066902835.89978
"cf2e8824527989d3cd29c058",873618885.945238
"cf3665f24927de548639ee4d",758873802.437814
"cf379b41b70374ac4cf82dc4",677131413.794851
"cf4d2297b73dbc357d21e31b",542335393.419592
"cf4ebcab3fe4d12e1a20146a",831835559.896916
"cf5213877dfb4df98f0dc10f",628210376.998713
"cf60297d9d9bf1268f35ad95",949870565.61999
"cf6092df1f22a7c4b8ff9d50",577123195.307911
"cf68e05962a41395844e9c80",697077922.605598
"cf6f0a3cc030024f4e9ad06d",751733913.919709
"cf707785919dbb92cfc7b5f6",1044089755.03902
"cf76689ebaa20c70d9db4d51",1125700190.73373
"cf76e6077d47a14abaf0cfb3",474132813.396711
"cf7741583fc5315ba70b70f1",830545915.365587
"cf7cbedea50333cd2dfb0e30",853628518.556922
"cf81103f31f74edfe0453de8",1099170004.29016
"cf8418c60f4e54dfa09b1e6e",852109112.511435
"cf88be51d6f31c10e5868ff7",318296240.575425
"cf8bbd3528d3e7e2b8f50c29",882833551.057689
"cf8fb8db6f74c236cad0cfcd",1352782874.55038
"cf9eb2cd0f20b13cc8816bbc",457099544.77074
"cfb8d15c6b0c0e6ee4b92109",1167086804.87786
"cfba6db03f0e38d1aa0802a7",748424266.787377
"cfbc690c55e5c2bd8dd9d89d",961804111.899696
"cfc069bd55e152e40b3a1391",796060783.685597
"cfc2ab56604b4e3734d7cbbe",935450330.785979
"cfc61dd41ee5f5dcb76bacfc",542148327.059822
"cfc8dcf337e020b875ef1572",1317816829.49156
"cfcd97bfad6e013aeb57a2a8",579863674.071492
"cfeb42023e2737491b3e4283",927906984.721985
"cfeb702df06baadf29f12eda",423818776.687437
"cfed0221146f4d83d641e1aa",495004860.722154
"cff851746578050bdfd46090",1035893472.60388
"d0100c18dba3c334327b29e1",704992606.275153
"d0116b53467b3081664fb268",790540316.157751
"d0119d7bb15452c473ed28ba",771422036.991631
"d012efd4a77c5aa5e8d6e508",980370713.907775
"d013a0e910b1fe2e3913af7a",442662597.932674
"d01f6c0b2b338289e9fe3768",415583050.312266
"d029158b36963961fdcc3974",846581060.582535
"d02c3b5ac6fa0ed6db06e490",1104076113.0626
"d03101c7f823dd7d17e49a83",929798025.095922
"d03558acc19951a882bd568b",494920125.90059
"d038e5695b32bdc6fff1f72d",892953453.664517
"d040e15e50d655f4d19bff54",586731964.120223
"d041129f83f1f13fd7b35e4b",1114776073.32472
"d043d368d2584ae95ad3672c",796932411.864417
"d048fdc255a5a7f474d48c0a",1120000812.9355
"d04d42ff91707e3957b4a29c",1185968792.89646
"d04f549fdf8f34bab19a171c",476260480.35261
"d05030b0eb8931161855450b",731545497.617365
"d061615fcc6355d79665f9a6",613617760.723032
"d06ab7503c6deaf9cd405f66",1249379201.91796
"d0751cb5e704e28e03514fb7",825772767.506539
"d0792d22549d1b3f63baf3ad",417636714.445014
"d0804da971548399183ecb85",971547420.483204
"d084dce4ab9c4008ffa3bbc4",1038024210.55251
"d090a9e520ef74848bb060a6",489223263.196934
"d09c1af87ddad4ad11b82626",621182634.028827
"d09dc3a3270073e5f1cb353c",1029152312.43954
"d0a5f33f0689445e22db6626",414907122.022928
"d0ac1f63c75987c92038bd30",707187362.043937
"d0ba7b90f6ba3392a165b46a",1589880638.1704
"d0bdb51c8020a37fe8344650",597928001.419413
"d0c411218ffa7c3ebc10783e",741140879.898273
"d0c7294b2184d0b4d0e2fa07",1190536869.50881
"d0d6a1b5c60ad420ebf2ab8f",1017786244.13016
"d0d77497c8a7d567f01d3afe",673805802.329594
"d0dc69570223bce949a4c17e",746896030.147838
"d0df2748d371d98d76408d66",607767157.412345
"d0e45d520227ef8a1f53ba28",704338081.710514
"d0ea7bcd8cef8588ca50c778",702553440.315356
"d0f5cebc2059ca89aae30c76",674501866.203903
"d0f6e19e92c03b40a5aae3fa",1117598029.41633
"d0fccd2708fc7def00c72317",910370169.929997
"d0fe3d393eee5c0cea5bb6e2",1101887901.69893
"d10bdbfbd411ae625dc80611",405325502.367084
"d10f89691119d4a4a2c1e650",1604795528.13362
"d1166776fca47427c77fa8e1",906740672.105977
"d117e9672b3ea0435e7a894d",661910629.203795
"d11eadc78d95c96f50b41a10",1085312682.84189
"d12059af22bc7d6ff170430f",1067020584.93672
"d12298e0d398e9d21d2e2eed",457059333.490924
"d128186867f91603af4fa481",932549498.06906
"d1281c9f037ea5c4fa683b84",657482552.917386
"d12c08cf48be75014a149873",1091040245.78727
"d12d6ea066b67c3db9b2dfb5",901581198.462405
"d12dc721a59af021e8ac68e5",486316307.908979
"d12e6de49fcca906c3586994",757922957.326372
"d12eda0ba04f846d73cd7acf",753095863.510596
"d135cfa351ed6abe4ec2033b",535990245.504991
"d13e3d432783206eecb0e192",1030879984.94375
"d14173913bf5ed21e3ab50fb",890704393.136438
"d1481d9d2bc9d1a3811f2faa",964245126.773885
"d14f7f939468e641c43abfe4",689122891.553112
"d1526bc5e5446680841a9cd7",848686690.767537
"d162a90b37622c1dc6550690",368381503.094815
"d1668e2d35a939ed126a3f8e",935990544.090104
"d168181ef0dcb853171cdbb4",923150994.928358
"d177236e8c725d4405025916",1039833842.12988
"d17ba799e68d7775f2104b3a",691211303.146376
"d186e369ed884150e71906da",1278135767.51046
"d18d990404e7fd07424f5a77",515960904.877733
"d197410ebc0e3b9937464923",607031816.888973
"d19937a773269962c7f9e8a3",1180624155.68598
"d1a6132098a4bd640321c7d3",739425113.1546
"d1be4eae680cb16d0c842606",1234993824.49884
"d1c6037d0750bcfe47d425a5",475026487.553755
"d1dc16c82942902c668a5c9b",875947018.409804
"d1dca15e36fcc5ec14dfd870",995995178.805866
"d1e38d7cbd32567c874e194b",779735818.010417
"d1e6d6900eebd9ace65d6c36",872247112.093853
"d1f39f86c82916524273bada",726547162.815895
"d1f8eacef9bb4d300d086837",1089760173.44111
"d1f92e6b18faf07ab70ca1ae",859715739.590178
"d1fcd31555048d043cf084be",659297474.971413
"d206aafc71e8aec2afc3f8ee",651638715.646651
"d20a5b3eb857e1f4b548066e",662522565.764424
"d22313a06e43b8ab8f6672fa",402453553.573256
"d224080523a2bf2e81698d15",471510595.978299
"d22d5776b6305308c9e774d7",889569291.815311
"d233eb8af3ef7e325f6c8f9f",450836869.740506
"d23d12bd86def2657038a481",867137347.57256
"d24258de8d2ca10186660a1c",799239271.109398
"d2526a3e39ea01f87c99d073",1029573808.73695
"d254d88ea0989a609b71fb72",550395072.927731
"d255f73d4066fe559065266f",532127736.807614
"d2637d64e4022075c8f539e1",879237590.717226
"d2644b46136fd95c0fc2353d",902538051.433369
"d2655e69f5dbd09ddb9268e7",995736822.56986
"d2684e676cae87d75dea5ea0",693134509.285698
"d26d35e33a0cf88f735a9322",747522482.712395
"d26efb0e1213e19c378edfbd",813660661.95129
"d27283e3c941f8fc256c3f4f",641214435.793277
"d273a2075d28e343a657d9de",1050448736.87423
"d280fed64d1c23ac9d79ce20",1024394594.10159
"d2aa3386ae240d7387424e07",536995821.878903
"d2ab14487e0ecf640a785277",857926295.167698
"d2c02052de9c97c531a4453f",561417091.709511
"d2c46ef63db73ba3cb7e32a1",694936956.081811
"d2ce77db7cade7f2c6189002",710781794.109805
"d2d2f335839ed35571b19bb1",885262647.831772
"d2d317f2990465269ef58c41",742162742.498109
"d2d46c70dc048c92c8e4f09e",854225163.438246
"d2d8f5356f77507f8839280c",1091263644.37575
"d2da963bf6c2f6fe724be23c",974347752.205941
"d2de34876a7a6914c2dc479e",906783733.875922
"d2e6ab3b3106f36f2c3fc119",468107451.038764
"d2e737461b916ba78030c76f",1151902316.19819
"d2e7484c81358d4c79f040b7",863178028.976159
"d2eeec3fb1ee4d686758534e",1089890088.32369
"d2f20425e236285124eaebad",650297340.817562
"d2fb81a477ef3690cb11c93f",1459854846.10654
"d300473e3d2ced1177c9fbd3",836256842.469296
"d3054072b2175deec2c1f8dc",491599888.41519
"d309cdb5688ff7bdbb682d17",761985754.989983
"d3169d4a467cb7eac41849ff",762739936.324655
"d3222a7545e302bf10894658",926734238.421286
"d331a4d58875a393080fdc48",525119143.792365
"d337476c2cfa780518523a6b",699282983.733989
"d33994c75d98941acffeeb90",1201687987.55799
"d342a1ae299065045a957767",1054330594.56096
"d348d38769937c8f350297bb",1106598410.55373
"d34c48ffe935cec3358b2247",759051397.842149
"d353be29e7ed2c35b920f7c3",628369155.622569
"d35462df6c686296a3c7bb23",770516458.236057
"d354a2581dcb183c0cd70540",929016845.926303
"d35596846155e74d1a637d7c",751562794.358829
"d3609eabe59175fcb4441ac2",1296783377.86764
"d36dd340e5875df6cba999ad",1047729290.53271
"d379dc03d78685ad14c647c0",628100800.191254
"d37a1dda09e30da13ff5bfc3",859597707.881502
"d38353aaffa4af168518c6c5",917951951.193606
"d39797a12d9a4aaf15ac11e6",658652138.054217
"d3aa845e96d22f31a3656aa1",453085430.399075
"d3ace27450b980262ba9bf76",1294318796.30615
"d3aee2a35856634eb710efa9",987422276.537684
"d3bf3146ec856cc26c607d70",1108104299.86349
"d3cda82d1fa53a7ca1b46a33",1058582859.54658
"d3de7e975a9215d04567e467",552765966.6512
"d3e119e8fa4d96abaa8c43c2",944619926.762871
"d3e971e2e224a20530ee295c",684699146.077113
"d3ed5316a463d38c1bd321d0",1219304718.21109
"d3f297fadece964afe5f1cc4",984054712.363313
"d3f688e0deaff6648f2925b6",512088320.278583
"d3f7847147c88352bd3b9707",784924874.510993
"d3f9cf66c1c05f55325b894a",1215111343.63603
"d406baf5cc9b4473ae9b8426",563612993.954021
"d40e0c2222c0debe89735e88",985809015.897716
"d414907e75a1c105ad2b74d1",581886282.599569
"d415dc486936995f8b3704e3",659172351.664524
"d417ff438d2a418b1f9e50b6",589335880.463633
"d41d07d1aa700278cb81ff30",576300350.176859
"d41fc79d800458b1691bbb87",886892383.236011
"d433ad6c3cdbd707e6839082",715691612.76939
"d436abc2ee37ba3dd561e940",1024195464.85988
"d43d2bda7b6e4d5177c0d032",870061552.341522
"d43f045d046fbc8f5ecf465e",847796690.777985
"d4436ad417941fde0aed2818",1028941629.00377
"d4439c35bcb88e1490916c67",520065194.772051
"d44778d36fc789f8b8c745b4",591972951.249415
"d4492ffc4aaa4ca9c4dd2357",798759702.069817
"d44eebc871d1fa6981c32ccb",826721272.839408
"d450dd622183c7cc43a20d70",741347396.404783
"d463fae95232d30e0f78f93f",627733008.601305
"d4646b7f4dbebf9785963cfc",517404698.678167
"d464858ed94a1a74948f479a",526388708.343952
"d4653d505cede3d24e258d4b",893608150.336749
"d470d84f5d8299c52fa24499",578768630.752615
"d4716e228067a7bb0f30aa30",763391883.39305
"d48866a153ea0fd23a858cd6",753836454.094377
"d48a061a2040d851937413aa",930909131.179248
"d4990842f549d8139fa94c87",577210199.97665
"d49aeae19e13909e75dda2b6",979559511.227341
"d4a43654382201db5d318dca",797392209.806333
"d4ae25b207949fbf0df3b404",797062588.755146
"d4bee60a74c2e2235f507ec0",830615418.457343
"d4c40178c19d6cb2fcc88e48",721966456.117793
"d4c45f35f214fc226ec85b36",690120752.210924
"d4c6dda51fa949743a46e835",624183792.972073
"d4c7b3372d70b898b167b92a",781549769.20455
"d4ca9506161d3f4bb3ca57fa",464349433.358214
"d4d138bbc80a0b29ed28a4d6",663714884.346181
"d4dd48521efc020762ea141e",479829099.641723
"d4dfddb6564c9f46b26e7aab",479637433.802156
"d4f1fcd4c20dec55e977720a",1123221049.52724
"d4f4d0ed36ac9affd71f302f",893943506.746194
"d4f6cc3cc6e923cd37d0fbb7",499103054.671879
"d4f90a6b73b1e179d3f8eb70",508895353.869597
"d4fac54e137f5d27ce5f457a",787145630.89608
"d504ed869ece1b1d6e724452",412366129.72403
"d505277049a254f960e114ef",882797976.159663
"d50b80d68eb3b928e4bb4317",814135545.858675
"d50f33fe5acdaf5caf1c6ac5",781690552.102043
"d5182c47a954c964445f25d1",616940578.257899
"d519a8de5fdd1a84ca1baac3",692286516.918099
"d51bcf03d649839ca803c357",440144706.258159
"d51d3ef396efd4760c979de4",827184805.917107
"d520e90e7d0c44a6b8852e5b",511196524.785051
"d5239537894ce7f2a9cb5a49",703593472.373662
"d52c3915fd7d2ef8c92a22fe",681729038.071531
"d52cd6eee468311666218625",816592307.382221
"d52f04fb69bed41ffb10fce8",685252106.060947
"d5333f639d11bc3ab073ed72",784103012.273515
"d533a334c2ad9d510865fe54",594718577.943061
"d53b60b0f2c65918153ca2e5",466001813.185946
"d53ddfac67129aebbe054024",722386129.208616
"d54270fd6b09b38a978cd7b9",597396339.957366
"d5436eeef04e1a8e51a38912",490877043.710286
"d5475993f9db58c3e4baf7a3",878839415.267076
"d54a4c353cebf18d452be515",719970786.075582
"d54d787189cc8f014ae58aaa",1060943282.1056
"d54e80ee72354c70cb84323a",590707918.034899
"d555b82c192794e87e9d536f",774102204.480933
"d5583fa23ed97a3b9413e910",888055810.622925
"d55cdfba22aae78b6fab5491",546378210.015975
"d56159653f5d2abc5ed5acd7",817594400.974989
"d563312854016e9115d034aa",766388277.081571
"d56fda10944b088d9cbe1162",663077730.242311
"d573d2caf8c67aa32bbe592b",501580883.403298
"d57535248bb34f65ae678a39",813100850.343295
"d57541684e5c00bd9354cc35",698324399.873906
"d58f191c74d26bc1fb02cfe2",747743937.267735
"d5999beafbdc8acc8a6ad809",863850163.820587
"d5a83c31bec18d1c3eb9af7d",697162127.309863
"d5abd56b5a8ab8c2f61a07f3",730836093.75134
"d5af3041d95f5e89969c9868",487316998.12444
"d5b5bbf927f763a43190fabd",758064565.304105
"d5b950c5510c19ccb926e7c8",1052607771.01784
"d5c79ef12f43e2bc19e22fdc",887800972.851439
"d5c8073e3ceefbfbb547eee3",1019141236.60078
"d5c950db90c92be5fe753189",549555383.757198
"d5ccfaaaa739b2bb2b3d46f7",488081857.864419
"d5ddcb0a54416bdadb4bf57b",746713559.457307
"d5e001b2f1dad3962cfff9aa",965084927.556326
"d5e29042106130114cf3694c",526955332.475045
"d5e2bbb69ba3876b93af2d3c",1245275933.662
"d5f41dd3258aa346367d7725",436155793.053852
"d5f905cebe05262cfc44bb11",781229811.246063
"d600310e19c926cda14ac923",1000000927.94285
"d60cf6dcb7b4b40077536604",1201441983.39428
"d61700c4ecc128290bc42d3f",371005078.148405
"d61ac80c0d4737c3529f4a2e",493872713.220775
"d61ccfd4239026feb484cc93",359876890.231423
"d62663a447beaec69808f85a",382769487.607031
"d626a635ee75c23aee2fb327",1181080576.28325
"d6297cc548b16bff11eea51a",1052996207.33632
"d639498fabe1db1236656593",515623268.582508
"d63ebc63c82fbf66d8b6ffd3",973988700.227928
"d63fe229354bef8b02b4a934",801593346.289458
"d6438814f4ff3853bf6cdb13",673586699.400717
"d644b23e4bce0e6e50ab9356",1030589364.29669
"d6496a3215daad9089fcd5c6",901212100.944836
"d64a2ad3297e2fad8ce66197",481360255.833198
"d654c9bbda61c4c0ee1ae2cc",617442208.792115
"d65946f9c27e417e6bc60057",469062792.521356
"d663ca1a0d29b4cbc5cae9ce",994303436.599061
"d66bd7e4bc7b51d23af57de2",1141062883.04036
"d66cca2c8e08c89af26e7622",1029784621.61621
"d670be6c848b1e92abbf415d",499605010.964046
"d69209d7a26bd306bde5a37d",629174053.355513
"d692ba46b098c6658799ea8f",827001560.637674
"d69b019e6d54faa1cb044d39",809259897.181148
"d6a43f209f810455fa41dfd6",658642378.650198
"d6a8f4abcb02142c6dd15b30",585044005.40516
"d6b051fbaa13e3d92a798521",891840671.604652
"d6bf8bfc752bf4580e99794f",922651284.793061
"d6c6e7f923ce2cffba8ff9df",778266376.109669
"d6cfd3ddca2a59f0b6999d77",759487535.830986
"d6d5717a4b7e2edaef162b6a",632744571.892802
"d6d581e852a025b61cffd6cc",1163191916.49088
"d6de5d741702387dc3f4481f",1020995356.5191
"d6e333e793f75c2ab34fb127",519222745.53055
"d6f1594affb8db7a865e3452",683814156.731693
"d6f4479f9226e52c93d70eca",521005140.339838
"d6f9abcb58befa3d05373a72",925036020.284759
"d6fc6059bba177ab56d85ec6",904323212.550187
"d6fd079beb9f759fa4c6886f",498991663.589374
"d6fee4f680569a54f4267215",991187677.240947
"d7047492f4c53a0cdbde60e5",1000410485.09334
"d7080c3742cd9d72e9d0ae48",629421128.614516
"d70948f87875325380885803",1589883313.20837
"d709a76487a49bf257489c0b",529385550.359625
"d70b133f81d6f1c9d93e2ed5",491706360.985788
"d714e15ab5c2d5a2503bffcb",1200466080.29205
"d71cc157c0c43935989009f5",716980910.746972
"d71d0c8357f09fe2f77bedde",813552998.476964
"d723eb2516802250027312b4",927109285.312625
"d737b8b7b39e99f7d877b7ed",717274555.133244
"d743892816160218a63dcd35",909260395.468997
"d74d0241fe5222f5c5b67222",663863748.64162
"d74da3bb780515b1273d741c",808928594.998242
"d753227b5c685e93b378baea",736834075.540155
"d75b7730e8c291ed41d7caf1",596258463.477847
"d762007a4ea5de370738e875",714155876.6
"d76d5b14d0acc5295b8057e2",768039924.520593
"d76fadda8063e44483aa024e",788527527.083285
"d78d84e4e42f145e02e423c9",957886781.825729
"d78f7a1592c0779093150ddc",939401127.109226
"d792d1eec60822752c8d52f1",942565915.102471
"d793efed9a723e77ca8272f8",1027906719.54089
"d7997b9126bef50985bab347",663187553.814075
"d79d71be963d418a4c9dec68",1000615326.56563
"d79e2addf7c11180be222103",1220912468.41727
"d7ad46cde8eca723de6510d7",1166495295.84622
"d7ad6527cae719481f849927",1069364562.67341
"d7b82133acf54bd3eac338c1",1073457897.00208
"d7b9566ffb28c753bea96f0e",775913107.813085
"d7c48db0385bdbf7ecb7088f",1255283552.1079
"d7c70d831e88d552da09ff29",858833514.849674
"d7cc3d199e538258fcc83f75",586554159.756365
"d7ced905983af0800c19b7fe",1166017745.38415
"d7d30819fc6ad6e7e41453c1",922715537.472505
"d7d3cd587d291f389ba2e8d1",811404811.092604
"d7d6f668e3e40d957163276f",706948108.39498
"d7d924ec35768a3e6bd39b20",637776648.498168
"d7e3cdd3ac239a5c318f2e9b",1316930516.19684
"d7e97cc158c6c54b02fe635c",704153734.906812
"d7ee2851bb69088f851970e9",786787980.842624
"d7f22a4e6daa572583e02640",407965423.66025
"d7fb188814d4c118ccd83989",414936947.711755
"d80c5f0b8ba55e7cf105d282",805515178.597982
"d8171d498291341094daaa39",1181625281.81794
"d81a040e22d541a74122f3c3",377728912.062011
"d81b170177769c0121b8935a",924606594.877574
"d8216aa4e029c0d3d646efbc",1110008857.45037
"d82f743ff414299f8c222db9",1066666171.93723
"d839ca90c5df85e5cab54ea1",742237020.043362
"d841d6a82425710e36460f64",697341607.623651
"d84248b3ce8ff6f5fa480a83",786857187.66369
"d846dbe691d0ee3ac5c3bec6",932959108.531826
"d84d7edc4a4896c4a8722328",594059550.999155
"d85fafb4d5ec056e6db9a79b",587315311.617888
"d8607e3261ef1546eb0c30f0",1073316179.66125
"d8654c08e95b39e3b4891cd9",814642760.95187
"d8735967c942d1a7b0cff7c6",794377010.167006
"d87896f889ddfe1ba210d74d",523568580.922622
"d87bbd60fdb8b84a9fe23ba7",456835907.937452
"d87c489d3572187e3280965b",1545886256.19057
"d87cbdc4896e0e0160999520",763577668.652016
"d88544e4e85add30aa795ce6",448651342.305148
"d885902c923752eab7b619e5",484458770.386724
"d88bba495701ae7a44eecc64",1345687750.70707
"d89dff35fa1944191aa9ed98",577519703.773839
"d89f812c7edfeb3121bf639a",800075494.497923
"d8a7c0b01bb545c414e12a23",1359030503.52471
"d8add8f5e0aa562a63c894d7",764647364.686825
"d8b3a1d0cffc913ebd05b931",944309543.895345
"d8b83253855448caa81f7780",784103012.273515
"d8ba9eb448ce35ed404e68e3",883262295.585457
"d8bb6151d30573c7595ee7c0",723027983.869329
"d8c1f7303b205fbaba2890b9",564811930.808189
"d8dc9de06461e0220bc55906",517284277.791796
"d8dd26eb78ff22272358e302",1028979550.77128
"d8e51f7b40bf1887ac007163",762824918.529305
"d8e981acf77bb46a9dbd3109",689101784.509973
"d8ed50fbd5ed46d36b3d2dba",675686811.090633
"d8f4955ed4fc363d6d9ea897",851708229.586354
"d8fde541f142e6a7f0b28099",886923320.454913
"d9000c1afed253d05de7819b",431534042.277653
"d9028df78f9b14a720dbaa8c",993822843.555122
"d908973d90db91f772890c9e",467586373.596392
"d90c961aa01e51d63e50a2de",967921742.362504
"d91017d9c530e058ace2e017",820270373.255788
"d9110b2b5b1c02766da9e24e",944528868.420118
"d912e45dda1a3a628fdf50d6",837567562.571333
"d916219daa90cd2d99edc609",738719101.756632
"d919dc64995903c9120eb61a",686666360.604622
"d92232d77f7a124e7ff13ee9",809591335.051084
"d925c1d4dcb68990c7204b33",797660118.06948
"d9357452fcd193b6c5284bc8",909759700.8822
"d937ac866f671e4a0c090879",883458527.697275
"d938d682332fa9e5c4986024",857926295.167698
"d9398ef84ae71419cb7cc82c",868992135.022929
"d93ba0c32244c455e0f7baf4",620059408.327943
"d93f6d8fe212ee3c0f7cca95",909036028.529567
"d94d18cbc812d560c1e38ffb",1100191388.9425
"d955edf16ddb9d3f59501a9f",1053218809.23501
"d95f38f5d1293c74ac52e823",1213868092.10176
"d96155b72c02bfa04f7ea98f",724522991.416262
"d96855b0ec427f041e7a36c3",1284774931.71021
"d96e3063ce77ab1235e2ba26",492579315.938155
"d96f6225db81dbf3d1a0e9bd",651328482.121761
"d9706de7190ae64c83e65769",913036258.508953
"d972dc3dfccf2a48a6384e54",860830045.677446
"d974970034de145d469d09c5",499302262.800931
"d97895a836e6ea22ff3265d8",509937610.197508
"d97d462ac4f5d9cbbf04e9ca",737510030.604029
"d988975f8c4e6ee8fd8dc1e1",767803030.507372
"d98ba43504fb49a4f0bd9c05",1032504987.9052
"d994f3919c3c8fe0ebd538ad",832002113.445121
"d99c00c516cf57b6fd9e877b",914028487.900742
"d9a94194ae1350512beff3e6",776312536.921753
"d9b46a34e48e04b5a3e026cc",761174960.759273
"d9c46d54ba6df0d21ed4ca49",752094186.295908
"d9cb0f637cd4feaaaf8a21c0",583957119.976726
"d9ce31250d4ae25c3b850124",1002000821.79704
"d9d8aeafa748f8f1ff2fca22",828471739.742564
"d9eaec557a7a6674565db1ac",681087984.619164
"d9ebae84cb53d29bbd8a466e",398686258.899225
"d9ec26c1c3e1811e38f070b2",542627330.51147
"d9ed55fb72efda67f5144330",1072288164.01594
"d9ee40ccf461ce3e9ebb815c",701664504.356589
"d9f0b4c92bdc9476f50638ed",783627499.21728
"da12ac932dd8a2fabade4bdd",663906285.487421
"da16828139a19aa11bd94ffe",908182275.402346
"da26059a2cf36e02b8702320",688540936.422753
"da273cee807e254fc9aabb9d",810222095.121255
"da34d6cd832009e428d2b467",446410499.771681
"da35c757f211ecaab20aeb3d",465817528.250983
"da3aafeb2d0105f8e09c051f",726889399.493674
"da40d46cb91d9e59fe12e6ba",767362441.863395
"da474e23f34cb63de4ef28a4",781389773.848552
"da482df3d0fc97f9f8582e22",503632629.617126
"da598f8a82b1ad1b02961cd1",664961636.656383
"da5b958667b31f4f9a1d84a9",850051220.606318
"da5bf7f1c7b2f4ad670e2382",1006384017.75249
"da5d47596a755078a2261328",856024860.251705
"da627dae6941b59d1eb98e35",622601682.355616
"da782fc0c8a79e3e250f0f67",390263826.418177
"da7a511a5f470d99ab2bc4a6",626897128.53727
"da83b03a6c9d405f55714b0c",1271666819.15365
"da846b08fe2205d2e2a3dc71",462739471.276047
"da88bf5bc2a7310ff382be4c",997451214.366761
"da8b5c8a320821ab8ca00a80",934492765.283085
"da8d3092ed0e085a83a7d67a",681188141.429129
"da8f986b6ee6f594780f4a91",1039644642.62208
"da94e4a5fdebe3ae7bb1adcc",972934484.30156
"daa0be53e7a1d7ff76f32955",688487610.060603
"daa4d7da8d7df8efc1adc9d1",470764227.285269
"daa52a91f1fee77f75550246",493925010.086543
"daae80933675e767b50bdd17",801006186.644884
"dab58562904cd13a93d913e1",811404811.092604
"dac29573163315edf99e0e7a",880763096.629266
"dacd62440872b6e94ea56fab",722746543.109028
"dad2bbb0fe138e426000a33e",791652387.269619
"dad46c20f9f7d834e522fdd1",950932459.723054
"dad7e45e4706ab2564ef9cf1",395314751.784551
"dadce7c7a446a6a177821b73",833999688.204916
"dadd9ddd29102f529caa3bbe",648548824.491149
"dadf0a00434e8ceefb3e26af",916261279.47551
"dae0265a0f2f79d3dc010ac8",1069944323.96874
"dae09210f48e5bbe0d31c728",464378078.753535
"dae55582e86b1f514a4ec3bc",864438583.760479
"dae776f643e809387148900f",1404914735.67821
"daeb02020f23715e663b4a38",779481534.162011
"daf2efda70c6f3cd9257d0dc",517747966.260446
"daf8d6d3f4ba21513341eb3e",1125278087.33456
"daff79365fd94d1d3a2bbbd3",680810213.568788
"db05818b6de8d77c1c3fd053",685174408.457812
"db122cadb7a9c33f420fe246",578448587.53799
"db1c3ece26da7b342eb7c8a5",784633337.389989
"db1cfd89dad114c11ab2d409",1204099652.39893
"db244703ce223e6acacbe85d",603759978.245319
"db297b6ab332cbbba338e7a0",660969981.753025
"db352cbc2aa3066ea9b34184",731343911.136223
"db3aeb3a96304f3c255e8a22",682181752.447837
"db3b84e5b3a9097392a57319",896694265.961042
"db3dae76fed5fdbed29862fe",871213755.314206
"db3edc43e89840a65749cd94",794481789.358518
"db41266d7b500a6daead96cc",528206412.650997
"db534a5f57e92d29b9e150cf",852497378.548128
"db563e5a1cd9eb1be832bf5f",1489927747.83604
"db575f8a4e10a29fe81b335e",1029573808.73695
"db5e320f51680100f1ec06f9",419977683.342939
"db5ea791b33be91840a6d045",1166605772.63803
"db6061f876f890071f7ed957",1205820434.78828
"db7535339826028d0fb3355a",475504454.148054
"db78a3ce9c6f6a7f4ecc6853",778705474.392824
"db81ec58863dcc5d12839883",415728879.095416
"db8912c5c5e5e49431b2c85c",778062534.030463
"db924733e88c361cdfab874a",496997070.045063
"db9798a3f9ac287754f3ae01",792708042.975465
"db9f66f68aa772fe29e37edc",720138635.713534
"dba1be42bef913f35a95735b",772151069.3483
"dba6308e2358f30b7ec33f59",890083394.864924
"dba9fa9642ebc97ccd765db6",601735657.435716
"dbaa5d47ff63125584bf7ac0",930376298.419796
"dbab5ea45ae910567c97fbb0",1011232274.03611
"dbb30f9d010677de2aee1b71",851288407.53123
"dbb4260c89524c78de7433be",706905303.597823
"dbbe0b6f5eb07a5f9ec873a2",789282620.370757
"dbc123f9502159d660f375ca",1671093302.02254
"dbf200ef5f1e15211e2fc6d3",741786583.974391
"dbffe8f46b3d9da2e57c97fc",914803388.145715
"dc014623ed69c32abce2d0f4",647592101.003164
"dc082fe46a714afd43b9dc19",817523420.548024
"dc0a4632d7378c25be351760",845901063.475106
"dc0ac888f1e87924e3994b4e",576980888.02685
"dc0e9ce44b9932c6e48a9390",847280938.89041
"dc1fa8fcd0ffb8872d434dbf",642792750.240832
"dc20d46be2470d85ad9e7e45",793862793.431826
"dc25c9240c67effcf655b02d",768440548.297952
"dc298d37c5235e15b4cd68a3",854686575.824183
"dc33d5ffcd2aa2b7d56d2ad3",817649280.286897
"dc3b8d97b11cc2af4cfbcc79",911916966.041475
"dc3cbbb2fa00043d02958219",641287443.77667
"dc40c56571cbee9c2b7770f0",805426786.823239
"dc420bf2dd1759b7f281cfa6",1114254769.40039
"dc4331d09a1e36baaa6bde53",595847798.623524
"dc486a3d7e9e2e608ab2a7b0",620059408.327943
"dc51caa89a74da37ae644ff8",553514656.551969
"dc537b5973d2b94acf6f23df",1292728937.08928
"dc544c90e6ee38346a6002bd",709723549.583893
"dc65f0bafddf39c6c4b2c9f2",671282885.966586
"dc69d70e4d2713fcdfd93dd9",645538856.828498
"dc722ea5c4d62773f9fb6bbc",720302459.622715
"dc81900a751b64dedcb4ac39",836771774.78637
"dc8262e1493ed593103acfa6",645493431.764328
"dc8bc7cb687a3a42b7e7d5fb",1048777079.41407
"dc8c76f5b3977f90839918b0",870422824.784531
"dc9119767bf4f21fcccdcc69",754338076.132776
"dc91e3fe1b190fd8cf2584c9",721930901.549384
"dc93d8ca60d60a118f61390b",653615569.64614
"dc99f2871bc05ea7e8a97d72",849676760.722476
"dc9cd30b760a1280e0318512",880180027.740489
"dca2e851b82c512f01611ade",1035761359.33597
"dca45f1c1a79ea5ebe639920",948350782.241916
"dcac44d3f8024c6ea1632432",498497847.539385
"dcafab7adc7b763bb934496b",833147690.721752
"dcc9e2c9c1151bd9f93f44b8",545037536.496767
"dcca1c7f109175760ff531c6",468163685.742697
"dccbc668caff517f649cadbb",904129278.203079
"dcceb6a2073faf9f89f3431d",974789018.251476
"dcd314dabc7d162cfc29c81d",865846722.93315
"dcdb8d97ae65daf55570c88c",819923057.9626
"dce05cf86b42124fc93d41da",1344474108.44591
"dce18d258c352b7edc60c304",711944470.783177
"dce1dd028695bfc5a47aa6a1",606368667.424088
"dcef5b332fd31d0ed8d754f3",787786328.782857
"dcf5b42ecb23800a458562e9",1021813969.06575
"dcf606270a4612aafc5f9f29",540484332.964592
"dd007a202a0a3d56ebc4868c",882919076.894857
"dd10dcc52d2549df85f2a8ec",563281107.873696
"dd178fd542fc716e32b4136a",724294023.128922
"dd1d2e305d37d9dde55393b0",1096073278.88
"dd1dacc0c90022e5b40849bf",584596805.208234
"dd206b6ea2d7f6555109ea39",478544926.901718
"dd21457e18f07d7a927c0104",602374844.112814
"dd21c6799a32ce6ef27f5281",650326660.089073
"dd2396a42097b2e8bce52a72",637854091.761991
"dd27922be5b6f730f8b4e058",403757336.780896
"dd34882ac55c57480663f7ec",673724621.277062
"dd3d529f3745159d9e7746b2",1321610725.32046
"dd4e23681e00fa1cb9a679a1",617495007.647086
"dd4eb14b56cb00130955d021",1324464093.2987
"dd4fd04b9fd80818bd543f9d",1023587720.26694
"dd59ac4f6706a1399360bd14",797916804.169594
"dd59b8122458557041903207",477958883.777276
"dd5a565f854eaef90976c5fc",922335960.964941
"dd5b4eb5d20b8b9c813ba52b",619107796.234921
"dd5c910c2a3d63b8fa92096f",611291580.109532
"dd610d7ece83bb02dcd7a22f",855231090.438491
"dd625806063f76dcf53582d5",997042868.709435
"dd6d47e2626e2bf24f842f21",793889246.160126
"dd7b4c374bbbcc60bb090fe8",936771681.475693
"dd7ec9d7dfad5364dd303f49",509235131.661242
"dd7ee555ce0b2d58dbd8a9ea",389075018.491169
"dd8aa138623604829d56ac2c",514397558.75835
"dd8c289ec872be3fe3352313",596049351.594362
"dd8eff6162c32ecbc6972509",711739348.240446
"dd926903e87d691a0f15dba3",877604502.345494
"dd9a60c3d502ca3cc98d9b73",830167753.330408
"dd9d63c612aaddbd86676c34",676126986.200024
"dd9f28d722d43112651786e6",811167877.977161
"dda4ee9f3811c29e2b261a5c",511196524.785051
"dda7a886135a1fd8106d04b8",817392267.217398
"ddaa88a11432ca21d3eca774",509394885.660307
"ddaf8a1e5e6922cc3dee5caa",695441051.424501
"ddba305c2a3ad29db24a0658",795414059.21101
"ddbca69ad74877086c4110e6",901849460.50761
"ddc1c85af165e47502447242",674890797.016057
"ddcc7f7a087aa5f4797a8a5d",692021236.825746
"ddccad3e5a4eaf791ce3a7c9",652484166.897922
"ddcce0b9776593e3ef3ce21b",756944234.643114
"ddce386b0ad3199ca09aac93",713561810.048828
"ddd55d8001b809f304883ce4",434360112.904024
"ddd8906ea4a22b782c7888bd",977335870.018948
"dddaba511b6a18f49b41c1af",936600161.627634
"ddf2583bd65f02abf7ce3280",1054466828.24849
"ddf47d32045769c0596826db",1394027749.87986
"ddf5182c482fca7d881fcba4",711528239.86391
"ddf8733adb641e15837bd728",586564241.975339
"ddfa979b1d7cdea1d7dd0a86",690943732.628135
"de060e07dfb0a5494c5550a3",466219780.127682
"de2137c70bacfd5087bc5c68",763224178.144075
"de26819064a290ce78d8fcc1",537776977.867744
"de28370454624724128a0688",714009677.818767
"de28e62bd01870dfceb5d78b",472232263.619491
"de2e3a592cda5b76c9573c5c",784656496.081742
"de2f5db1cd1024a9734871c3",612186068.050099
"de328410e22767c66d919423",873292035.055275
"de32ca7785b71dbcc76a50a1",800944730.668257
"de3b619a7c80549db6ab16af",520271815.446201
"de3d078e5d524d8a7b65841c",977927465.137776
"de416f239b27327e0f78b862",646333808.278239
"de44f54fd6b1b62f30956f5c",816665793.024424
"de53880a3299626eb6c2cdf9",1390037483.48204
"de54862f5b7b8ff345c6b297",643564417.027182
"de585856ff546e00a5a4672e",533473469.22546
"de6010c57fe78d975be38c2b",453639745.491876
"de630da5e1c9e27bfd94efcb",878002947.466932
"de6aef9a5e47a614b75ee576",1213192370.52571
"de754bceba2d206a9cb4f116",543149399.702215
"de7f584df6103e8bf95f4a37",608689188.266204
"de8ee990e70c8e5ad167dc89",703282619.332712
"de901d3433ade456e9edcd79",590707918.034899
"de9053a55630670ee8e59c9d",704604307.957437
"de926223fe4296d96466c685",908282514.452974
"de9a32ec454c2696cf75eb0d",792287248.789716
"de9ab30042562789601833f6",533671876.997261
"dea79d1b25bb9c78d331e3e6",666411778.644072
"dea95d98e8bff87b905f9172",1296818307.55501
"deb2c93acfaf6994bb3c0608",741845439.155414
"deb844a2812586991b3022f4",800016733.306616
"debd031585e9527fe00f116d",936889162.719127
"debd60afab03fd1552719270",1085218243.82879
"decb25b7fdc0eb259831cc71",676867515.108952
"ded674ba9c7b76cda404bac6",755278616.745293
"ded79c11c30167a9d8accf77",755168215.662209
"deda3ad684384ed67711ae71",527585436.53875
"dedeafb60b4a39950e7a984d",463285259.752749
"dee2e190c4e2539124ac3ee1",697304876.430059
"deeb837c2c6bcbd01930431d",655280416.491857
"def06f49a0b8230ab613db94",668590696.564601
"defd03ae7d0c0a44baf80abd",728001099.397515
"df06b65985649c7107b794a4",495321242.787153
"df07a34d0ee2f78f115c45cb",989149852.178829
"df10ecb67d79e645f77a90a6",612266155.871873
"df1c66d8dfb9520c6818a32b",652529068.973359
"df1f513009808ebd46ec0847",651315873.295559
"df22426db407f4c660681c7f",616214478.625675
"df298574e35dda90fb568023",445013089.608243
"df35908d6ae2847dfc73cf9f",1011686735.87435
"df37b916acdce817865197ae",795833453.784211
"df3abaff81c430b4ba85d4a3",955343655.073964
"df3ada98307fc85428022d00",568909153.940551
"df3eca0f59974a812b4ea9b4",1192789130.04972
"df4400c44a166c851ff46eab",855392708.269284
"df4a1968046eed5326119599",1336439698.78432
"df4be33c0931aa86231b7a2e",1034051564.72059
"df58a4244134d3493f3c9f30",730488185.363123
"df81d07cc6e8fb0a01c0f404",775700254.292429
"df82719238ea0e102c282c09",728412144.098545
"df865201353bc7b915b56ac6",788403388.985725
"df8979b26c9971dd7c3500d8",1081406456.64701
"df89e7dea6c313b0cc262249",430782051.97968
"df89fa06e32e90b0b6c2014e",697525032.373118
"df91a3c7f364df5e6831f2de",738501995.534129
"df91a494d5d244f20dab0eb0",449909385.500337
"df93a6e36d9f19e252fa9de3",900929711.166499
"df98fd10dd8ae59956994521",449514902.164025
"dfa744f733abef97d82dbb32",749972748.732608
"dfa7461510c6dbe5e119d106",753269519.195563
"dfa988a524343181a0d3ead5",828471739.742564
"dfaba547699e319462abfd6d",531483868.625803
"dfbb0ed74ed85bd186f40ccc",486209920.629126
"dfc4f3facf91bbd93ee0fa4d",724516034.824437
"dfc817b569fd71d2dd47e980",934461774.910561
"dfd84193c81ca8430fd27ad0",753450671.367053
"dfe09a5f848e8e819c361ac9",542347174.197354
"dfe8e2542755d41d920e28b8",408939402.698328
"dffa1057472b06bfc0fa7a66",1051773344.54564
"dfff73eccd591bb26453eec5",772973667.28994
"e00e5934d1941490834c3145",1165931090.73783
"e0137390f0186c98f4e91263",1006054646.9265
"e017c3311e2fdeb50a686547",1000410485.09334
"e01c1b69abb6a4c1c69c77d7",974864010.344868
"e01c49250329331a442615d6",660427870.475411
"e029511780468f4cfbd10d3e",748577512.211141
"e029c89d59f2caf4af4bd908",808741975.780009
"e02fa06a8de8a603e417d5ad",479921601.232652
"e03610db09ed7315cfcd64c9",771755453.715285
"e0432ecc0c1fb2b00b5435af",457659015.072908
"e04473aa943812de1d662058",988933668.162255
"e04fab3d74d14be3b8dd2c8c",541649884.603337
"e05598d3c49f409b937ff2a1",519513731.433865
"e056ada7a37336bbe878f38b",783694635.251194
"e0587d29cb717f725e991ef3",802574755.009718
"e05c52c9c8fcb792ace06b61",565597856.989303
"e064b4dd7b4e64a3e0016f0b",1162953793.06982
"e066ee04cd3a597dac8ced59",454980386.972947
"e07035cb49625760c7da85d1",380060732.368937
"e07bc486c6f5541e4788f83b",817094020.105706
"e07ca567b0678126a1aec803",762244139.868478
"e07d8e9e38e309958288a516",849382003.883878
"e07eb36210e90ef0419fa0d0",1045333000.68313
"e083d83369cbc93fb94842a1",833511424.258389
"e08561df5747246d74136dc4",450986096.376542
"e08aabb998103a941d24d0a9",608711136.116021
"e08e1f260e5c3231c49e5a96",528360791.938655
"e08ed8c82d05dc3cad8cd2c1",915738146.039882
"e0ad3e9588636f454e9e484d",805913044.645541
"e0ae474a5307ef4057da4994",398155718.571663
"e0ae53aa3cc9e9ba7ce65f74",689499704.699496
"e0ae8d2a51c771aef5f245e9",457849233.851792
"e0b041a39e732783f98bde56",877104611.263247
"e0b13f6dc213d05133252d15",1030879984.94375
"e0d6155cb3cdac98f81d44e8",738470725.404964
"e0d7e4dffa0f3dbc40c7da53",559383320.199085
"e0d837e6d5d74fe91d39d23c",868946861.393109
"e0dd5e6879d824a95c3c1773",824908749.172661
"e0df3391aeb8d3f4b00f418b",713991239.4655
"e0e6852c6d6393d6d3719131",1068029927.64528
"e0eae2174807cc7ada38c726",700614135.250938
"e0f47a028df2dbe9129cde7d",871386353.933283
"e102f1d841d7cdb596d50624",361846943.457913
"e104567c1cc70000692f502c",932049400.171972
"e109ccb29c02c9b35b789c90",722836211.47328
"e110abe74ba0ad062c9b575f",867194449.605574
"e111bda6d24089dac82907ad",421047859.70625
"e1132006785632e4ec5deb02",782772282.081396
"e113c48e4e1b53adaca275f2",852386070.848608
"e114160e3ffe6a703eb42440",650124686.850916
"e118b149654cca1c0b3a58a2",1150664280.46457
"e11f9a5cf9d6ab0ffddd6096",897730713.794457
"e120c33346ead011ab7789ce",700355584.473032
"e137b5003b8c8f18892ee9d3",597253943.293983
"e13947242fe19bc3925919f8",653281965.799661
"e13a1c06ccbf814945dbc768",885394834.958122
"e13ef02a57d35f71a4fe6121",732612491.839167
"e14328c988a27176e9fc63af",1096738288.61144
"e148c2b109eecef0175b3c5d",597921861.308826
"e1490f0730f8fdc36993027c",771989905.089678
"e14b31f8a454e47c383cae94",811729186.822242
"e1558509b120809eface5b87",817083264.584362
"e16685dae2bd3b0a4803ec9a",1009634588.85119
"e1717a317481b0765a7a6a0d",816383664.440074
"e18337bbdfb106a3f1739960",690764629.150109
"e186499af986f1959f729b9b",589410789.876223
"e18fecb7e40bbcaf26c863cb",672776177.225849
"e192181121fe58a8bf94aecf",617991161.343286
"e1967b56ab8ecd035bf39534",749184836.805128
"e196b7cdeab1468d5d4e07c5",1296517906.20305
"e1a4437b17f7bec650d8cd97",748475909.759632
"e1aa6c46135f4d1aa1b7a1f4",602905258.308027
"e1b64df8e809ba220c9722aa",914082490.054903
"e1b753c283bb9c6d4e438bec",1008796605.75762
"e1b9ae3e0ce3da16f18e1079",960929008.173117
"e1c33552eeab60683f2f89d5",981899652.467082
"e1c7a101e5d518583f9a2a7b",1204839448.88059
"e1cecc8f17883ba6e2723826",542224368.955433
"e1d875468eea7b2eecbb49c7",838809005.792599
"e1d8eacecd35515eb19f9135",1154959728.94693
"e1e188d3f9940f9dad98488c",878438952.010871
"e1e5b0bd721a67318a3848ed",584320611.623381
"e1e69b5a90431b8a44265487",650279854.711334
"e1e78f3432ea2dff6b69c6c0",695188617.102942
"e1eb183eb261b6de96e20a56",939054307.879078
"e1eea7716ca6490b7640717a",816833011.407181
"e1f5f0e96e5865370423c142",898365722.547736
"e1fb88779e55aef2b66f2c10",851394729.716236
"e1fdbdecc84b991f582a2e00",522854750.148147
"e1ffd027cce28c44c0d2f80c",844717775.189746
"e2094d28cacad3e2a711c5ca",560455516.86884
"e216fba4bffe753a527ecd4c",796939902.196934
"e21f2a8d9c641e45d442686a",1049946668.33448
"e224f9ffc7bd70369a5e8b68",1312863305.53534
"e22b8126863c9ca8fb04df9f",1074189586.77734
"e22bad460ec1bc991f14bfbc",773291934.431299
"e22ca3f1c8073e246079d57f",711136575.253072
"e23017438478050a655f6d67",904573457.448797
"e239ff5eaaebb287beaf76fa",957746491.139244
"e23ae41983b9f112f05bb703",879936147.058796
"e23d93ade25e73614d7bcd77",1171523466.17653
"e2544529df4efb7e90afcd21",472401088.400975
"e26dcf5836f5bb53553cc413",709671577.32486
"e26eafffe4ca3c22b7f4a272",938667659.914143
"e28474959994ea9c0c2eeac6",931748862.520484
"e286b12e5aa7929334322842",979405464.032279
"e28d8dac5c1c75d295a9eb3f",586908643.533877
"e299f614cd8ae525fc8fd0e6",925843216.49381
"e29d9a401a246c00f5eb2413",605739456.403894
"e2b7f984616fff25e3dd6a3f",1166734144.4163
"e2b8d1aba0c583984aab25bd",1001590613.58004
"e2bbe9221780d01a265e2ef4",763927735.544724
"e2c3acee51cdd03b1f211278",869686670.956422
"e2cdca1756b1635dd1ac2b2c",800201762.177334
"e2d00e4fd93a02ea81895355",710695521.758354
"e2d88f49873bbcc5476f4ff5",559447414.761054
"e2da7c1bb33be76b86b9a07a",520771261.418347
"e2dad5c148ecc797018439b3",720121461.395534
"e2dcb036931bf4b2aa030036",750144988.339145
"e2e2218086e6ef5377c01b68",897907559.366616
"e2e4641b20d81a90033a536a",698470843.980533
"e2e639b53456889ab5350ba0",458447815.290751
"e2e7b03feffb21bad63eca2d",824595642.952508
"e2ecbfaacf11ed16fd71abcd",713995669.051987
"e2f00293305c464b361b6178",483801184.870077
"e2fed68e0b614e65c05200b7",680504126.331868
"e3034ebf243b024cbef83cc9",659857130.4703
"e3077f6e47d130106e7165c9",927765368.774404
"e3197263bf47b3d37f027e11",920387648.875759
"e31a209077a3e47712588730",964126317.486074
"e3202b635974f7a3367c0ff9",1125239341.34309
"e3295e732bcf306a2d338387",703636148.233962
"e3338ac993873aca45755dc8",786857187.66369
"e335b8464a61ea0781f7928d",1174931752.28096
"e336d9d892441c7ad886a98d",552055090.557083
"e34517b1563d829104e230b4",399461806.717127
"e35579e8b9b24dcccf93abba",859575835.428327
"e35d8f589e6b1909f5e4132b",962909063.419082
"e35f95823a486c52b0f4c2b6",633146684.328205
"e364018f4d994cd15d4af374",951144729.717599
"e3676f99542f27c9037fca29",737471914.449449
"e369c63f83c44329ddad488d",715037295.147211
"e36d70d72c2758d7fef242df",816594415.039957
"e380184391898aaa2d3dc540",651989085.936794
"e382002b0685aabb01891743",608484932.37619
"e38259adbfd953bf085a69b6",544759269.042383
"e3896296cb80d50d9ad3f903",1078703729.16007
"e38b4072ff8b856487864f31",1146964752.84395
"e3903705d5a48c6d9f828ab9",833394409.108345
"e3950ce025371da2b4ad9db6",1001627683.34576
"e3a62f080c25f404ca995e06",925651193.314734
"e3b7dc4e8990f3cd436bf738",798957263.424607
"e3bd8bd5884a55fc1a151687",779577883.317845
"e3cd7b6dc0495d5109086407",881146557.671776
"e3d6fe5d97bf4fe851aee9d3",1079081786.6858
"e3dc8b417819e9afe3fc7d0d",605908975.699414
"e3e2e3080cc309d34014e8fd",692751786.097001
"e3e7ffecb903d2daccbf8a53",692231852.237533
"e3e9d1d073b129c697c1e9e9",614715755.023559
"e3ec7a8fba3e1ea07a135dfc",643709270.046522
"e3f39c6e4a41fbdc4bc30e0f",845250285.916507
"e3ff13537ffb7172336ab5c0",1205573584.64855
"e40742774df7d2b614f32de6",431875384.417334
"e4082fa99f92fc7a89092fff",776715346.055303
"e40f616637f6187024b34086",750040508.948356
"e40fe4ac43cabe82c03dda59",674501866.203903
"e42fc32db529e088f15cec8b",1040797213.05518
"e43151473292e4e98f121f63",437537247.788958
"e439c77c0d871996bf06bf88",869170067.612623
"e4434407771070783b97c014",799621270.034145
"e44b023e39910ed29f4dde2d",769835944.290233
"e45293f1e6ceb2fe79f6e0d5",598565726.345506
"e4559824c3390efd6282960a",702597865.494656
"e45ba581daff88707ad842a9",890546391.440971
"e471b2ef30c388893119a010",1098188639.77936
"e47aa2541fb576b9915fd625",748050180.859797
"e491adef93281c097ab08dea",550395072.927731
"e4a021b625f4ffbed391c6e7",771085349.017136
"e4a70600296b0bde6c28fb19",789653396.403562
"e4a9626b1107b9397d0067aa",673540798.465009
"e4aa393309860fd5e30f49d9",1496810679.81244
"e4b85269ca413066323f66e0",1065945396.57051
"e4d6b81f169cab8ea0244d75",546917540.217254
"e4d89c9d33a0f2659df21185",714978293.044275
"e4e529e778dbc89f854252f1",890883851.473777
"e4ee1a81aa121aa5f55e20f3",706685347.569786
"e4f26a73bad4e41c375dd897",1310176103.87269
"e4f2ec7e2f4389c1efa52c0f",780881110.089455
"e4f2fecf58a038d7b18f7160",1307159134.52272
"e4f3e425e9f6e393999d7a08",555177406.10785
"e5092b4a94f1c231a0c47680",1188227119.5036
"e5099db945e4f04aa3f0bfeb",912639253.825324
"e5168779de76d99010e37c7c",799507990.116462
"e51873d6421addab3b539dd4",653429947.16387
"e538d52c9b2dc994491be3db",389975413.045272
"e53bc68f0e97ccead24f3e56",514199103.132394
"e54567ced41a40938b85485b",744485140.267821
"e548ef7a5650696c0e968cf3",755550057.201014
"e54a8b735724b2af56c7a36e",560881123.533673
"e54c7ea1f012656f7fafa49c",637953580.76842
"e5527bb25c85988e00da339d",1168845108.34499
"e55634fce84f78466095e730",560765857.902183
"e567e9e5862b13f0085505d4",547722617.169544
"e570a5157e02d440a78ca008",689812986.263696
"e570c5f58a20fda42bfb535b",549689948.801293
"e57ad52764215c3d54740ac5",753741431.877306
"e58b92216ee6438a921ee0d4",836356505.729986
"e58ba64bfa5280630bfcfa97",696029702.359107
"e59afca092e0ddaf60c9419c",770832028.468262
"e5a40a555d11d4429b9675c3",810303433.872703
"e5b2a446c12222efc187e02e",640337244.865562
"e5b92a0c67c506ca6e92315a",495241452.360738
"e5bc85e227ed7dabfccbd005",486316307.908979
"e5c8f2d536c3f931eff2d70c",919974322.228563
"e5cd7a2aed48057b0dc8d970",671030697.547093
"e5cfd99e2308b7b73581dbdc",459701124.91858
"e5d445e39104d9ee6b244822",878775945.862871
"e5d6be06fd53d317c8e5c7c0",683257830.136031
"e5d9afdaf318dbe749bf9950",681061326.315745
"e5da0e3919341762d5beed25",588103846.879719
"e5dba7fa0cfb81488b0c331e",538281975.868181
"e5de98822287c2caf8b209da",805781398.047231
"e5e06913ec3c851340d7c91a",776769866.923376
"e5ef29d41082025c42f7c921",845877182.226318
"e5fd3cdc6a19653275c7f4a8",469107556.32598
"e60024d6e0b5aa52e27a3b5a",761653873.032326
"e6016afcc032d20fc9d6f2be",798822870.54226
"e60850405ccec092b8fb5d02",742237020.043362
"e611a37562f88ebe07bb28d3",615823636.758474
"e611d41aaf38a58acaa0bf23",922089213.316127
"e6144e15d5cafcfe87c07c9a",493652515.715435
"e61476e47d7e7be706d23fee",608459909.316945
"e61e5d3288f02b904d3b1e38",1091040245.78727
"e6387696767d20cfa4918ca9",839372042.817811
"e6396355c1249c6290906b78",811193481.584268
"e63d334d9ae8b672dc7b7d5c",1210249185.16175
"e63f468e1d9f86530d47ba4c",327108658.735631
"e640424f3b7d1db403c36ba0",1092105724.43962
"e6424086fe1cf2a2931f4847",697944085.374507
"e6477c2014ad081d22f12b9d",689972385.837144
"e6482f3b6184515453d16bf2",1110051035.93964
"e65a4eec62e2a5bbfaad5565",737545150.768085
"e663064dd77e3c63ab9222af",1133223354.47835
"e6653cc1c94306d4e56ba216",713296984.443624
"e667133c29f90c8fbf30ede7",634597976.320879
"e66b2c71519ef8756db69b97",836851374.504886
"e6717956eeaadb3e95840256",1216385410.68676
"e674ba41f9657ac8f30d4f7c",1200526963.58525
"e67fa931031bed13c711ad00",711040826.187177
"e6807209b634455bad257998",565376163.444333
"e685650979374c571dea2ec1",674178909.972067
"e68b18b57fbc5fd6cbb477e1",713562067.046184
"e68ceeb098f60054c19fda0e",838191218.940445
"e68f5a98070efada9b5538ee",666377976.657038
"e6a5007ffb7c1321d4fc21a8",659764654.213423
"e6a547b2c0d126c9b6800515",1212429365.32241
"e6a7e6b41e6c6bbdc16e1e14",838809005.792599
"e6a9d5c9a82ba73e76817a81",600432894.844152
"e6ac4d158437142c15bbd4d9",830208450.671131
"e6bc998ad1d87c5be3559ab1",697944085.374507
"e6bda9370c80a5f7e5cb6b07",1017245432.51729
"e6c6625db90e519f9dcf1b23",510450526.784261
"e6d2e862f58445084b2980bb",1166413765.51072
"e6e3bcae6ba114caf108049f",823255162.39004
"e6eb47d050702ed49ef5c49f",1047205442.07324
"e6ed64435c659f236cf213a8",672244558.859723
"e6ef433629e193042bd30f4d",1054815941.11858
"e6eff72b7c5b0fc2677af2ad",646035388.495034
"e6f2c7d7317fd433e26878e4",1154163838.16026
"e6f312a0877af26b69855a3d",1121233233.20444
"e6f3eee9f5048005f24f0943",778107052.915148
"e6f5ae869a5b7a30e8f0fd0d",970168352.526118
"e6f9288cdadc5851d29fabff",1241793784.41094
"e6f948282e81570fd03e4df2",1070537281.11765
"e6fd53315e92a55c6b67405f",534836797.65038
"e7081fb59ffa298320321633",836645085.405413
"e71c6f7437c633e2d9da643e",665542765.69692
"e724a1db86d8d0c6334041b6",903683500.193262
"e72ff7414cceec6b162df345",730478935.812119
"e73e5e75cb18f52dd7239361",857399510.578034
"e7439820086f8d1cb13d7c9b",527682917.621393
"e74a31e6edd4459d4e215c5a",727404888.115751
"e74d815ad652f7046ba33295",752608668.089619
"e75699a7693c678786ced75c",554181882.315943
"e75a05dc0018f29517948ea1",424385113.681062
"e75d4ce522cf587cd66adae4",657848396.83679
"e77da26aa7ecdab5505fab60",946376914.3604
"e781547cf6f8cb4ec0742b5c",876939122.191624
"e7834f52ebad3d3cd00d069b",644895393.882908
"e789e801fb5d4501b5d64e2d",936025069.647588
"e78a4111d943044a9a32ed80",791423511.212492
"e78ad3483c5aa5a7a4310720",593972643.052979
"e78ef4d2b165a8e8781c258d",678778765.11379
"e790b21630ab963a65c53df0",574747680.558609
"e7a2e8e1c22a52f78ffd1b19",1722434152.28438
"e7a85e64ee07971696f555f2",790378480.297367
"e7ae63f81f8fad37bb9c1b32",1181910959.44099
"e7b3ec90b47c9e6009ca8a75",914770349.980703
"e7b717278f7c95cbfceba80b",771114948.68491
"e7b721ed96269bb195906bae",344609300.402831
"e7bb12e99318573a6e6ce1cf",694061996.087976
"e7c08555cb8f5c7d0f32fdda",509050423.362837
"e7c92ef9784a92c8b7fca693",718989059.923611
"e7cb4cf600b9d931eb295c71",499461021.500171
"e7cf67cbc08fa04be9f0a3d4",537545317.800744
"e7d1ee027da436cbaa122f48",1188470417.82584
"e7dc05756684b070b36d681f",931950304.781538
"e7def7d0999433ad6d3ea412",1049550170.44138
"e7ef0d61e27de15f10b0d643",848686277.535205
"e7fbff0a25cde72a38e7c7bb",1044586560.80965
"e7fc4e6b1fdb38ffe68fb680",717311906.710938
"e803e3806630c6579f004610",905814422.337956
"e80ba06329760362c7685ca5",683339143.588431
"e81c5c1b820636f691e5c5cc",790890220.953596
"e82508e88e3f62fc8e67dc16",697801832.318752
"e828e83be8651bc2e07641e2",685253529.864157
"e83119808dd08ca090f5ed85",880372132.231907
"e83ef75473fefbf8d7e52302",539176285.308732
"e840095310907e82a159d683",906429687.115042
"e84605e3aadd50b064c8eac3",1329648823.42149
"e84888d2f22e14a5016ac789",892441795.608419
"e8491a7994738d098a7aede1",1144989424.24715
"e84da6ce78339d50a72cd87d",442424443.033911
"e852246b7661d30dd2e1f0ab",576451807.114055
"e8544410d811163a13c6a326",566306151.149608
"e857db57a89e165eade00770",461373392.742161
"e8603da6012c2116a70176b7",1048111179.37194
"e86b99e5dac8ed0d8296e950",433089961.476679
"e876c6fd9c161861fb92ad5a",1146218816.93613
"e87779bf2f8af86fc4ae9583",597719325.357744
"e88009be52bf5803ba3665d3",730611985.049685
"e8872302ba40e4ea413689da",484416644.276104
"e8948741a987cbb3759b7a44",1064828253.06338
"e89774d061d50c83b409a071",338451874.117285
"e89cf4cc82c5283f3db6f5f6",566999224.484901
"e89fbcbd4d3414e30c30fc29",1061444168.88286
"e8a3d9d6134ae8d631791e52",1326622073.53656
"e8a7ddb4e5d43d156692326c",996777169.74751
"e8abf103cbe9fecbdd758516",893791123.238264
"e8b8d0c4cb87efc13344bcd2",982464417.124011
"e8bdc4a088a6b99a538a6f0a",413459300.021692
"e8bf121ec117e383c843bc51",1226979673.3798
"e8c79fd41b001fb1da0d4fe1",911759192.525761
"e8c9070ca596f88bc2e0868a",981701953.728473
"e8caed8cd754b0e3d43e6954",910573559.926325
"e8cf39cada5b7755f60306d1",686669136.102929
"e8d2cdda77c1d885e21c7bbc",1331799458.45762
"e8d83f7dcb876d5d05ae3e98",810980390.766809
"e8df85384a1f51c31015ba08",1029119366.30283
"e8e215437d023387c4a55515",548280743.654258
"e8e97b7919856f9cbb9ad02f",844190631.419167
"e8fc9a1fd4b39f946b914398",526275381.290501
"e9081115ab418ef1031326c3",584466901.298247
"e91425bd357561183b935d27",764756043.896202
"e91598736dbb7319952f0dfc",843396662.39239
"e9182661e36239f091259232",387475022.554435
"e91a3f962129068a3a76d209",930050790.214108
"e9205b722e624eba0fd36145",1116881855.74301
"e93a9b257ecd815c860d0b82",766702986.348768
"e93abbb49b24717d3a0767e8",716983844.148904
"e93dbc804920c0bf7bcf8cb3",760063513.133387
"e95653d504208e8da19fdd03",908182275.402346
"e958bd2b19db118c31f893cd",587910700.115132
"e96a7f5424558193663ef6f4",921571185.729374
"e9772a54bc6638c723dcebdc",698766839.106556
"e97c998a6a0709605432ccb1",541742978.851224
"e97d03ef9638c8e1d270ed2a",671353571.77143
"e9804af0513b2f68daf182b3",482940416.011385
"e981d4fb3a33f372ac26901d",1219133081.68309
"e9830411c3092327f4e66a99",716777201.305566
"e9860f6b4c3e6699e62f6c31",780076276.433392
"e98bb3a89bcec8650e33e730",801209382.852533
"e98cb170e4383546988c6829",611291580.109532
"e99d9dcb9880cbfd219b4297",1126228546.45802
"e9a0dff7ae48bd3fa2ecfcfc",773423009.659026
"e9a37a1a4150461126dbb6e9",590707918.034899
"e9a427f23e80fa59d9d517c0",560340782.93445
"e9ab6916a79b4d5182d33bf5",1004472048.18079
"e9b054016b281140d2566d88",904646963.347837
"e9bbc31499ca187c6a492175",814755639.132752
"e9be8cd37abed8ab510ba1f5",1077977585.36612
"e9c905ff64c7e2f8c21b0a9c",338580028.381852
"e9d514f90ebff0de1936d09c",843178255.54582
"e9da7f2549d914aab6a30e10",593221473.348866
"e9e39766e2c96bc783d580a9",1390037483.48204
"e9e6e054c1d09a22b7efa20a",759105245.894511
"e9f3f41366d5d784c2928937",744894506.455974
"e9f44786cf982100af0984e4",1171429119.58561
"e9fac47a0f02f27abc96d568",881576730.564186
"ea0ca17e989ec57a480aa464",1125239341.34309
"ea16314310144a10c81da9c7",438768294.861232
"ea21ddfa37d60737492509cf",913194210.029556
"ea230d5eccd2b687888173bb",798050274.001992
"ea28f68a1d1d81d29b88531d",815276021.314438
"ea2e380226005bb55c724ce1",1109552299.30285
"ea2efa1a857332559120b823",670947534.208827
"ea34dfefac91681864c2bfe1",866237957.264281
"ea359d571ad0c986f826d31e",1017304691.94653
"ea37ad89fbe4159940586718",441365757.254303
"ea47ad6335e74dea06228b16",671958902.23957
"ea4a797b3d73d1b2cba9d651",1035767198.82236
"ea4add08aa912717cd42f9f7",1217796934.36825
"ea4af07bef4ed93e81ded95c",1264752000.80859
"ea63bca8e3a77fe88d88fafc",559426345.686161
"ea6e83dbade169818975e5b3",654331222.62861
"ea7c9e327eab66ca286f6726",669526485.364038
"ea7d5c601c3f8c86ca8f15e1",783888101.488966
"ea7e3ba584cc5ee45ff8ba7b",863800609.516147
"ea84b58f733c8e491db98a52",1024184884.64453
"ea87e3259c2b0d6263d39a2f",737598937.837248
"ea8cc21bf7d48979bcae1458",918695032.041236
"ea8d704272b2cd066a7e7867",906783308.990965
"ea91281d5eaf6b8f436d47f6",1210249185.16175
"ea935b76abe664d5e2c4736f",550591953.083465
"ea9d6dc517c77ff8bffd596b",926979366.053444
"eaa4893a313d85fcf38dbb6b",856071821.277432
"eaa6d58e226904e9993b3493",553411378.775996
"eab4ae491bbbe7b8ab107229",901279427.877326
"eabdd1bad2bc4351ba4a2635",849381590.313016
"eac458ffc1da75fa1a4ab384",727788259.811575
"eac7136b26bccb3c5d2b6202",797844761.822877
"eac89e705cfd337a99417320",583536046.616112
"eae4243c274735d616c6b9bb",911341334.151415
"eae4a1cce7c039c644f01c6a",822169391.719084
"eae52c81f779a61f57cb5b58",905659726.437958
"eae5eecfa2fe828afbc94b0a",495038705.907104
"eaf0f2b00b6994a9ba8c5ed0",415560530.336702
"eaf53eeb911ecbae638409e5",463538051.89328
"eaf87358d89af17c3e004c21",817305340.638685
"eb055771816b45213df3ff3b",615833372.825424
"eb09010915ee68091d6675d4",653598213.416054
"eb0c6a8231b38b2a1e1f789a",847408550.715552
"eb0f3b14782c9a484408c606",924249765.333658
"eb14a5813f860bb74740da2b",446977444.029183
"eb1b9e15dcb88964f79e6a4a",686480478.699943
"eb24e0a0ebfbe16eba466280",953424910.529517
"eb270972f0f69f1671a0a740",848183695.809893
"eb2880c2433c4b2500fd40ef",630113976.9478
"eb2bbf82cb615e3227305b55",568722404.567291
"eb2c7a973d4d6ce8e6ae87a0",959281961.838666
"eb3356f3856526dc140be7f4",584334355.327503
"eb339d562b72b3bf51073cc1",495140068.756523
"eb40a304997a6e66c550b704",964814415.218169
"eb4e1b72abce1d184dd4d5e4",662869865.27287
"eb55b0778607da932c3b311f",978095491.868791
"eb5e382e1372c4e94f467673",774749135.212673
"eb61a13df1c8d8d0efc4db3a",630025237.501512
"eb64fd330053a41ce5be4a7e",513745059.083657
"eb6e6060b78676d13d6bda48",762105062.36198
"eb7173223a27076d16b87f33",740079928.785914
"eb77734d12df7528af57c674",518364830.871502
"eb8021804e63016fd934c9b2",881951227.015537
"eb85bf9ab77f59615960fbe0",977637655.817229
"eb86c1da60250e5559fc3cfe",715689863.52769
"eb8956f0c4a885619bf1ff79",988546023.53646
"eb89d0b7914010148e6bb597",821328716.768013
"eb8cc67810d95d1b102410b7",1077977585.36612
"eb8f668912b70fd554c8c723",520203410.918178
"eb90d9e9eb53b44b07ef9613",873047600.97321
"eb963f082209fc077aa72bc9",939971857.196575
"eb9a59d4e85a3f124e866f47",841239457.146957
"eb9ab213defc2de5d878653f",616842047.722193
"eba0410242fa1e8dea90b194",854042496.072989
"eba3cb8156e0115bd7dfb525",1201590786.58935
"eba6a2b80a17a846ae560ece",576697988.106147
"eba756e88209c420d288c4be",680208795.114796
"eba86391ca00fb217ed1f774",724410565.799386
"ebab054e5f256bf4e382002a",1187983870.98827
"ebacf31727972e81d0a0d904",511196524.785051
"ebacfa0a8e569ab603cccd11",367651725.243463
"ebbc5fdad817b304af3585c4",498752655.265062
"ebc3a6574ebc530ef715ea7e",1052565122.16418
"ebc96ea800887a647422b8fe",955293231.593959
"ebcab2f8506c64a461591d1c",576996238.223128
"ebe09efa32acf6d680341840",1047665568.08611
"ebe1b5c9471f3441a388f7ac",718162756.167314
"ebe33bde2abbecd6d1fb0cfc",811319508.727
"ebf2d540aff82f1aadf95f9b",647238458.989368
"ebf4bda17341de806444ba83",717274555.133244
"ec03a01c961659f2cfd9c973",677556510.525409
"ec0c283eeb8db461c20af1d6",884995241.02196
"ec0eb8d68807f52b681f138e",995570863.349579
"ec1171cac1eee089be6f427d",596413843.781426
"ec13a869c212c39b6ba21b57",969669133.513965
"ec15e2a131d9724b012d68ea",911945881.987889
"ec199e33b7557dd669fe1aa4",407160109.115101
"ec232a7ee3aeac713516614b",874669950.3715
"ec27554aa1c62314f4d46fc8",591002663.713209
"ec2f16aabd36fd9ee2203276",1192787759.64975
"ec3f1679451b9c0037f89386",1116574890.70226
"ec401de1c0ab2dbc149da048",725437096.582944
"ec4226205a38a45d97f35828",871243126.951119
"ec422df56b811a0aa42d8bbc",830662586.067812
"ec43b2789c9cc266a8e0d1f6",430829128.349508
"ec4df02b32d90c019125d108",1076099606.07644
"ec4f7794cb756b995d5d207f",755577154.555946
"ec5866fcdb9afffad2d7f5c6",1002778415.8051
"ec674ba8cd16c2264d270901",929978352.405213
"ec6ffe86e9ece6fc03556ea5",431156434.11246
"ec824ecd0319e05d1ca6a9c7",520866507.122883
"ec8b305ddc2bc211a8a05d0c",779789201.249173
"ec903c33a379d8d2cc04ab36",1027472981.24478
"eca500b92ff96f10ccd45e54",772382603.141512
"ecaa5e38ff6cddc14942eb7a",842290540.171126
"ecabfcb8ce9bb47ec3089c7e",748475909.759632
"ecc3362a649cf08afef96fc0",466466113.048002
"ecc36a3a4610829ee3f88993",685522821.053583
"ecc4d05489c5ffc8164d5469",447753417.584592
"ecc5e3781d5e004ceef8cf76",969936012.724093
"ecd0b4bfd66fe04c278dd4ae",596126093.331999
"ecd1e3003c5d74a3c7cbdb11",568569716.373832
"ecda0d714f52da919223a520",803682153.200213
"ecdb747ee4a3ebf958252309",797062588.755146
"ece0394e38b152e6c1571324",981497673.449722
"ece6f8c652d4227370ef0fcf",959436860.038159
"ecf47573fe1ff641f6914d0a",1095989731.21639
"ecf4e968c925cf8322f8a0bd",450001507.786434
"ecf5c9bd618e3976ceb5697f",1038870145.82583
"ecfe155a407ad2c2f74522e8",841995654.170976
"ed0051ae106fd0df60a14586",876261908.433951
"ed09fe201c9ab02a91779dcd",806251263.630891
"ed1c8ac25a3db5120c92525f",511242708.463367
"ed1f81648083d4d2726710ac",747455776.253737
"ed2c02ddcf0e54789d9d2675",968771019.301214
"ed3275b560f020baeb9ce3c0",675785427.998464
"ed40f198ace8a4405cce7a1a",646244366.739896
"ed43b0ac46067bf886457c01",882622390.179004
"ed44705c17c414af8442b6ae",607200513.28389
"ed48916725be6970cd2f273a",704113163.676497
"ed5192bd8038c77ed2e46f0c",623309500.874064
"ed5559fbfaba86299e87ed89",588078870.200818
"ed5622c308bfd10602e939ca",890008897.796785
"ed5c3d2952d2575b1bb757ee",890242706.917778
"ed5dfe95f82f4c087af07045",505464717.736216
"ed68664efdb7377c33f4010d",971719108.979185
"ed6c8c45bc8c1d160cf0d0eb",986999497.835332
"ed70b749e030cc8715c0eba5",1065493465.07547
"ed75d1c40109eeb51fd636f1",1036105335.43862
"ed764bed1d05cb1e9a4e67f8",861879021.422414
"ed7f61ea4c9095bd4aca258a",640090338.783849
"ed80ba018de35d5d76d50db4",1265171452.63313
"ed88c773fa9ae8bb29645fbf",710634610.402142
"ed8eacb8746dbcc3c2ef3aa9",787475787.487892
"ed9703ed896c6118a3458e78",494848908.964438
"ed9976e922a774cafb601f5e",641334980.286813
"ed9c4f4e06183b15b877f077",541442721.667665
"edb259013ceb62ad9b23eee3",1215111343.63603
"edbafba81b92efa9b1400987",1001012978.41342
"edbb5db63dbd0452c51047a0",825966636.894022
"edbb6dd10f8c9e7596368225",945754096.734407
"edbeef6a08dd17a941634d49",1034822248.10258
"edc204c3e18368e0a9eab593",1231906763.48518
"edc3879a1102740f2f96227a",954266911.604945
"edc43e57b2905405a13f8f3f",523586947.746235
"edca31377b4f7299f8b45187",1392842742.43924
"edd0b57b90629fb00d036e34",621175062.927119
"edd1c4fdbef4e6beafbd39b8",626180902.878118
"edd2afd07fa1305fc3126078",352031456.919731
"edd342f84fc90478e344ea1f",737915325.991386
"edd4d560363f7575aee42d39",764434387.771488
"edd9a278b86b1c56e237a0f3",650401295.867931
"ede08c77d6090e0900654eff",1005399931.14025
"ede10672118071a215ae09fc",992946152.47927
"ede43dcb1715b959ba34a37d",752133012.315727
"ede7995bc4e7e672fda4fa5a",910817482.545838
"ededebb1a544fb3246d3e131",562516793.676643
"edf4e11d1f1aa6f8080c3156",1136894526.65596
"edf8c961862a4ff8e1e44f1a",748561530.174941
"ee042a4b4a0bf9a1dcdf1eab",668727595.472283
"ee102e9d0791ee82ee4da2e8",771082882.021061
"ee13d186a24af238d06e0c2b",824142826.411026
"ee18825bcf4065d29287b54e",1153967975.90224
"ee27eba49457286b5ab76172",711476172.391022
"ee2c509989c7155bb472c5b0",590847838.607136
"ee2d16316e6f4f2388494c7f",589103356.591391
"ee30ab004ac5270daf59758e",805427134.565313
"ee3b5d47d05a80c07751f7a1",1069944323.96874
"ee3c0c7fe3fe73ad0449870c",1793810709.81801
"ee4377ff95580b93e80ae08c",977297739.112175
"ee4dea05e93581750d613c59",652660744.927754
"ee4fc6a146e888e993a4412a",792564027.240792
"ee594b6bb0751dab39055b3e",707658721.730406
"ee5fa0932e098cba28d950b1",804155598.415311
"ee667413d1cc49427ad448f9",811404811.092604
"ee6a288e644183bb191a6526",421134072.380718
"ee70354146295365bf241d9c",748050180.859797
"ee703dca75c4dfd5d035c9a1",668003648.470889
"ee786b818284cb382c755e9d",905525835.316499
"ee796b35e39c7beb6aee2b49",890499678.924942
"ee7f7d547af56773a4b0afaa",814500933.431344
"ee8103b958673c589b9cb27b",973558377.61014
"ee85a12b8f764bc15164dc7a",731321666.019367
"ee8651631861c1b94283a953",1011105150.86014
"ee8bad3fdc93f7fb79c9cbd8",1158668968.33421
"ee9171c496fa78b1461acf88",764619669.741245
"ee96d947484aaace40f9b77f",1050509868.41832
"ee98e745afca6de4550fe570",725836768.028488
"ee9e5adab1455d38edfcaa6e",980764291.322446
"ee9e7dcede0ffc20442b4407",940770974.015349
"eea6a2137473c3ba6708b576",496322942.114985
"eeb6fa8f820ec63aa0aaa303",1114271256.5931
"eebc02ff14b6d270746ca055",707998525.611678
"eec4d59429b1d1bb75b4d686",737686188.564278
"eec51f949083f39691e37e15",865613628.752989
"eeca3f5c399785a1cf15b1c6",666614756.895395
"eecc82010ce9803ebea6dc75",739139504.461286
"eed12d0c3e65e9989fc4f4bd",717723823.211686
"eee841bc785b1824b6419a73",676538580.214651
"eef1d35ffd08dd161a36a2d1",1192919314.24267
"ef0e5b23069a9fe377b77ccf",960685731.230704
"ef26c0f1cd9e3203ad16558f",769904741.987975
"ef2ae24039bf2cff1caa4340",562652585.363235
"ef2b9c11f884cc5f31c26f60",795139640.302451
"ef34f331871e8ca6573981e1",619414646.348403
"ef3887783a12f591198d6c27",873691167.539893
"ef450748c440c4958e5db54d",978095491.868791
"ef53741b01120666a08db213",1078725247.61556
"ef61986cca74fe8585b1b287",631011068.493528
"ef64565957b5278185b2429e",928274401.41776
"ef64a8989a6444cc529dd1cb",913048808.589299
"ef6ac2a5102d7be910a3e4c8",375628791.497248
"ef72df5586ad0cbe59e36e07",968936286.717777
"ef73428a38c201019267afb1",492654045.179067
"ef7ba10407cd74590ea3fff3",731520160.135081
"ef8430c4d15e5887b8103bc3",1095750253.31605
"ef92f63b46f27ccd2151a21c",619240857.630135
"ef961c130fa3b9015b103154",1063448315.82444
"ef9cf29f71434be184a4ebd9",763861470.782685
"efa0c01632d13ab59f629ab1",657478547.089969
"efa36c7738fc14a11cc352eb",534817882.130148
"efb0b413b3f661b23d674b3d",1249350408.75608
"efc5412fb02ba9d8f604e493",576778563.933652
"efc7e89ddf3de559154d8e0c",1216703886.39815
"efc8ccaeb09a5e1bb0bfe011",576347254.957388
"efc9ae02fd6c3f18db866cac",850352690.343296
"efcc8d268982e95fe2fdb311",1327437147.55517
"efd178c4aaf3fc9d05b8dbdb",501051096.269902
"efd9d848677015f13688453b",652177110.269655
"efddad1eec775ce61d3b7b64",840361683.822097
"efde559422ec1dcc55abc686",779306438.167434
"efebd19fc5a2ab30f2ccedcf",1179512075.98793
"efede59a47d17737f90f4bcb",975545200.119986
"eff8b3fe996b6d7db10b0263",798155287.330132
"effc32659ff9bf30faffb3db",785035015.811388
"effe4219e6cb56e5ab70ff6b",760089396.142951
"f002603a6990ec405d82cc47",1041289293.37777
"f003a46a1c8e04da0052d72f",613302317.161848
"f00b8eac1812a500d7a732ff",865645601.847781
"f016623361c6ccc5163e79d5",1145984168.17173
"f016ba59a64f287099fc4af4",673963776.292249
"f019dfbfa7fbbddec988fb25",1145450766.26994
"f01fa45466e2730f935a4128",837167270.207289
"f020fef57e9069e4dea2d71f",1058130792.51187
"f02865ea64b156bf4cf4cfa4",1998396080.61243
"f02f6c5b97b8e3cc5d5a74dd",897028576.637495
"f033750cb9db15e886b156ce",998979925.61629
"f03400cc18e12903b3ffbe5a",783797366.483652
"f03f97ca55e9a43928c18237",610627444.233285
"f040a167241599987e7b0967",472108162.360483
"f04b574dc221473cfd616e22",598807131.617618
"f04d3ee8b175c8f2f30f4f39",1127047277.54322
"f04eb16931448e87aec205fd",738311671.744475
"f053d3918234bad409410755",774420494.554727
"f055602beb49dd6040641c9a",674694699.60411
"f059e39d22124eb9e7e8e20c",762042276.717826
"f05aee3e433cb036653b4375",926521709.352484
"f05b3779581ac0015f29571f",712169112.812822
"f07126d58455b20f547c4380",659157755.415985
"f08001f2590d7b734467c58b",481162351.820141
"f083a8f187e2227696695ee1",855201905.973754
"f084bfc530f4039f6631537b",664009325.971656
"f0862f57dd6be5e7659c65ba",684617382.772832
"f08a5c2992cfee4c0910f68c",913523373.368818
"f09bb33b65b5ebb8fffc3a21",1055813972.82291
"f0a8fb06fcdf8997bcdcb03d",677840615.532706
"f0aa18bf86a36daeb59946e8",975846092.661746
"f0ad965090221d2349e90d5c",908554227.602056
"f0ae62ce6eebc4d07415c48d",901866874.664188
"f0b2a0602bb5a83f0827ac75",810121350.827064
"f0c7ecd3b2261873d3664748",804114170.607739
"f0cb484eb3f6e04b5b1806ab",714793352.885518
"f0ce47907c3c30b6b5e990b1",763875514.72781
"f0e68102ff84f49d90fe38f4",677619750.547446
"f0e8b39d2e4644dade9d8954",886867094.139011
"f0ebddf2bd5aac661e4945ce",566176114.18831
"f0ec99c13c61e89310ca9b8a",708868365.734352
"f0efda3f7fb18af1b44d6aa5",1093078174.18555
"f0f883c45e8470e74280e8ca",590931875.501832
"f0f8e755058d48542b9cc4e3",609684719.758506
"f0f9bedbcb57383511805d17",593734235.220659
"f0fb8232343d235741a20586",940390012.482044
"f10e210fc04e3fb073568323",763830740.679936
"f11137d27a5d7fa57f94e97f",903145961.644539
"f11d7627e2f18c9a75595501",1084197870.53229
"f123231ff18912a3dfd7cae7",475815638.728198
"f126c4b36c00d0ca11c21a2d",708035403.510879
"f1319a9332946bd68db250c2",697270657.795059
"f13d8f4b2e3114d71e5ed941",814054964.124385
"f13f72c1cb469db92b25c2fb",1301540284.33679
"f14b11d270282b317d9cbadc",841924580.742
"f1582fc47e7b8c0eb0cc9949",690538077.514908
"f15ae83fbc4e4ee3f646b4c9",606570673.409218
"f15c6403c6d4e3676a607780",559127665.662961
"f15f48d4cf4f85a3cd68dfa3",815121785.449337
"f164514211012e3a1686b148",659993336.001311
"f1793973b462cdbffb1ad648",833937879.664791
"f17c8b14e56a76ea84a45fd6",1312533574.91022
"f181f74e96a93820a23bc0a0",531054722.403956
"f183e3651c485e0001e64880",695004911.666313
"f1a4afc2e543ce4260f1d781",1290973530.116
"f1a5856ba56e7b12cbb9459b",564604097.859008
"f1a7fa5dc1996591ff97a34e",678721815.721486
"f1a8f09837660445961375c1",1127909104.83652
"f1a924badef699637ea8fcc2",610434109.357921
"f1b30c4ea99f19a81d12f73b",1390037483.48204
"f1b7ae24195b4414e6d6a001",1027066057.67328
"f1bc08407f40396c094e0499",839744262.159688
"f1c8da86597a427e24dcd557",1070975726.90914
"f1cb3c0b97ae1c6819fb86e0",1144321570.62342
"f1d76d78f9266d9552bb86f2",514712169.945394
"f1da5388b772159ec90c3210",1158316214.35429
"f1e38e53ddb8a9d5b641d934",854817516.660782
"f1e7a0c7804083963b5b6de6",591458754.847973
"f1e9676bc91a76740f4e9b0e",771801421.248073
"f1ef14babbc4123c5157eb9e",789775461.362
"f203b18854b75c4564d7a17d",985538813.577094
"f20a7f264a8285a75dacdc1d",1063605159.66824
"f21625fb82740d6f4cf1c325",482006731.153847
"f21d2c0802e3858d493c1984",899135297.740488
"f221dd5d745def063eeb7258",809479424.983571
"f22ae3d17c92427f5227cbf7",381891480.534543
"f22d6cc8c9611a7c23fa8969",803741982.848348
"f2387712fa17435f56d7b102",714847079.433218
"f239b7fe0de40d208c01c45d",829352047.893478
"f23b32fa4894b6d59f73c151",810157694.513983
"f2409d037bc8b3e63ca69fd7",749853256.706336
"f258fdece395f0c4f4da6a96",903035264.748228
"f25b2ce0d988bf5490fd780a",470276935.623957
"f25f5df33f25576f805a95b5",980865606.872344
"f26c2bb4d5787541e9c36463",687742967.944404
"f26c43f2304c8c694c818a9b",574910628.863574
"f270dfd9ef449a02b6d7ae2e",706431114.276666
"f27397321c007765244e56e3",924808931.837867
"f28514aa4d6ffa36104411c7",712374237.882171
"f2a4f5010f3da37e27505ece",670953250.453521
"f2b67c40a560af8729bc6072",648404741.378547
"f2ba4a7a0765c3ce737b5c81",890551822.181542
"f2ba7982bed03cac394ef87a",686054002.163658
"f2bfe55b6188070fc5c3f59e",938215489.031107
"f2c86c1edac4eec6c01ec11d",729916279.516632
"f2c87b07466aad7328b7e0b0",862083067.616579
"f2d4c1faeb7694370bc65ec2",527044852.695513
"f2e0163fa07f89820739dfcf",985808158.883466
"f2ec3a3598c99bb8c38cd680",446110093.468924
"f2eca7e3226f625807f7d6be",1393457050.11067
"f2f43244cda8e2f5219f3db8",526492893.929336
"f2f4e6cbafe527b155707f01",1215360146.7027
"f2fa898e1bcccbdb92dd91e9",752352836.068143
"f2fce80439462bb9231d7fba",650892810.949083
"f304bc9e9edfc24eeeb720d5",822588231.887222
"f309733881a4f89d9c8a8958",822361380.551697
"f3270f2ccbcccf3046346809",1078988668.91534
"f3293c4064d71f9322ca97b2",1043178899.94056
"f32a3b542efba398907ec912",604844608.486302
"f32a7d08d176bf9177dbcab1",907613829.61307
"f32ea78bc5ea15d700d3c118",746990328.610816
"f336d60e41c8bfee91d58728",564358023.32022
"f340405bd7f2c4bf524c50d9",907898219.712701
"f3478cf008a7ad268a434ba3",658787001.968294
"f34a38cdec7eb598e55fa41e",918854740.58462
"f34ff57e272cd08056e6a243",669674093.125074
"f3523e0626df8cea803ead0f",445013089.608243
"f35538e95b4a567f9b834034",758000407.158562
"f359afc7bb50cf6a61ac63d6",494392620.109912
"f35f884365b1bf6fb303d7b5",609752917.847127
"f36031f3a3f77a3fcad337aa",637898451.096235
"f361109d06f6609c16724b39",550366546.738009
"f36a379e0149d4800e793001",757400094.897052
"f36bb15462fb29f80b127458",1214365239.99734
"f37c9693e058492ec3715de9",590848072.313644
"f37d31c512866b575780c4b7",1240865179.60808
"f388112376e68ccb2290074b",985538813.577094
"f3962b552d34eb8bf38b4763",1195214500.30711
"f3986309e4fc4cde2b5feed9",918703727.267357
"f3a1bbe01d265470a2d7332a",718767955.132635
"f3a6132006d54d0e22a17e84",880683624.17485
"f3bb60434cb36fcdfe218478",474279609.764798
"f3bf0be37be6292ba0a8736b",971653340.907287
"f3c8cf1fbbd6cced1fba0930",694776431.492438
"f3d82ce1c6fac06e4997f7ba",713986450.578386
"f3d94d0616744b87ff139533",571322046.384116
"f3dbdb2b69017cfa026ee18b",1003033575.08453
"f3dd24a17ea51b7a2b0f037e",679174671.684
"f3dea3d678d959aaf6b2849f",1428616089.25919
"f3e2fddf1dbb400788a5517d",873360416.678407
"f4022026c279a9b77a894ee2",725277330.764992
"f403b20cb52d4ad3f9469ee7",839163444.920935
"f404deec9ec16a8460397815",670633957.83696
"f406c9c3c92e9b31310a50ec",586905900.349199
"f409c701e200046f574f4e06",640973418.714459
"f40a182d82c489f55c64ab7b",801078637.911307
"f40acdcf5cb9925c09c9df7a",844371077.534495
"f40defb11ff73ba4e3db7611",1121838933.81819
"f415c2bc1bc0fdca091285cf",1093859923.97453
"f418efb887a15127cf2563b1",525581680.060693
"f424ca724e7df1c37ed78aa9",774863302.676632
"f426c41d6d8bc99f359f480c",464038672.289669
"f42a53a05dc90e617e0e4c38",449061219.656231
"f42b6680baf774d27fdf1e48",678096571.523909
"f4311c45516bafcfe8864c70",982162875.388427
"f433278518a80c3301f26cfa",853803305.332085
"f4350916cbddd5a544c6ae46",501609355.847408
"f43c684b789900c58c8b5fd4",552765966.6512
"f44362b932a8b70ad4b99a29",683290629.449761
"f44726680d0c594a2d430bbb",646627325.311529
"f44d035ea2b15b2c69d4da50",777248307.087075
"f45161bb79292e974dc88b5c",499502734.071726
"f45234a3f0aceb12341be024",986029747.394859
"f45dfcffe189327cb0d303f2",1087931902.79996
"f45e3be8500d7bd91cc8855a",584007135.128024
"f4635193372f669612744011",1023483332.37313
"f4658aee77fa0e35a71da7f1",729246704.366881
"f46d46ccc7fc415433e471e4",559038682.595176
"f46f5e911c6c595efb5b7ab5",748070243.312969
"f47c64c8ee69e744e654d4b9",669466778.431391
"f487761a658a4247563faa38",791339006.693563
"f4897a8a0a911a2acfb8e8c7",1214116640.60349
"f48e503ebd3908838c1f2ae6",540195599.568447
"f48fb9d9c42b0ebee72cfcaa",685174408.457812
"f49045b312d12268eefedcba",682359849.297103
"f499c1513abf0b05aa1f460e",1462333092.12649
"f4a6ec71ad7790df9578324f",620851284.417282
"f4b1645da3f4286e39f2fe4a",631336625.197284
"f4beded3c5ed9fd6cd5177c0",751234036.354549
"f4c118396d781c140d8c9b08",718674620.497168
"f4c6c3210a3c2eb935c6d5bb",1112082232.49779
"f4c7cc4a249ae7037aa0b35e",594868618.833697
"f4cdf3ff86fe70fae3e59f4c",576789778.169564
"f4ce15aaa352d707b68cf773",672941510.51426
"f4cf541f02d99ea1851b9f12",667629299.951584
"f4d53276bdb5899c6f059c67",839443156.878916
"f4d6ce332121f814aa663fca",769008557.713589
"f4da2c8dd901cca9cdd51025",775741590.187356
"f4dc67569fd340be3dc592d5",583860070.57139
"f4df4ad4366bd794594c111f",781968580.227815
"f4e0fa1172c1d4b70b6c4d73",818473946.156903
"f4e646df504728ee1e6ad0d8",649774664.412955
"f4ea9c80fe71a1bd0b692475",815954060.480103
"f4eca80958b7a22922b0efa1",685310506.08078
"f4ecb15ef992a677e8b4fee7",540024901.025447
"f4ed8924f5d1a3e6374715aa",673079300.283391
"f4f6e48b618064ced466c302",589189459.132356
"f4f7bd9d03eecf35e9f37619",820133278.379394
"f4fc081a112f5ee1b3a09e70",726791167.008968
"f4fc2da675d6a2583054fc56",434952454.207595
"f4fc67d9b9c6078003f9af35",719351894.708781
"f5006b435fc92111d55c0603",384944657.372881
"f50941445773dd62e87e0416",1098188639.77936
"f50a72cfa82f3742189b7fc0",1045236828.80227
"f50e0ea2c3831235704b8c72",689883220.891842
"f51000446ab65417942e535d",804984737.365403
"f512fde4fa3f1f7fe885de83",795477213.185975
"f51658b9fea670bd943d6db7",894389794.068789
"f51a78ac4b03665561552b0a",808822741.936567
"f51fce25d8376d48fbe73a43",719967456.076709
"f520fd12dd3ed32ba78d357b",796329701.077532
"f52226b24ca3d5b04b7cfcde",1104076113.0626
"f52ce56f20251f018d7864e0",633601605.04913
"f53efb47de2bca5912ad7517",948519373.256554
"f53fe605b0a2857cf3facf73",833814360.524069
"f5418917530b72c9fea14f66",472367554.365963
"f548ef815603ec44f4629a60",1234993824.49884
"f54c16df774e70d49355cf4c",460598448.573467
"f54d358d26af89636906f686",1176652532.37094
"f54dbd8f0aa752f79c581e5c",942254502.627497
"f550bc7ab5992a6fb48eb60a",1031302188.82112
"f5534949a53bef05de31b07e",783044116.105064
"f563f0899884de7f9bdab405",902353287.900002
"f566603aacc78da47a283804",698126786.665953
"f56bca5bebfc765162c8cae0",1180624155.68598
"f56d8f5cfaca0691c6ffbe00",731025894.959458
"f571f85be35a72b2ac358d27",573267306.255145
"f5741fdd9f509d3bb02e35bc",899298386.67201
"f57cab248d2d832725d78135",703199344.720756
"f5802200af1d28eb48466c1d",715070088.036301
"f58528d3ddce3bc6c71bfce9",766417610.27801
"f5896513d1cb044108d23785",1066892016.25509
"f591597c9a1ddd9852eb3cfd",892006140.507465
"f59686ef2740247394547078",1184268656.65607
"f59b9c03bcd4e0e06d23fb47",731532985.714593
"f59ed9b8ef1726f1a55a4dc3",601949815.966157
"f5acbf43add5776430d8d4a9",684045461.895741
"f5add08cb615eb18b3153bf2",1154433503.17671
"f5b0b51ed49be034c290efd2",1035057114.36955
"f5b9cbae30356fb3a1d005c6",953261879.884601
"f5c79a564600bcad99c74f03",573479032.355362
"f5c866d489889ab2f124799c",945334098.53315
"f5d529ff6a35fa78ab14de21",545360710.154198
"f5d852e25d51377686c43bc8",700355584.473032
"f5d9d8082e7652e97973e0e4",1294826813.58438
"f5dbd7dcf63b08f711561e58",1013645349.08027
"f5dcdfdcc8f414cb7a38309f",709622262.790681
"f5e7ab7c2edf566fa22501b9",1239679384.13484
"f5ee97750fd4e04eafa9d1d7",734586408.659845
"f6013cab49ef9188aaf87972",828471739.742564
"f60d9f0751a14efe41be383b",479985475.361607
"f6173e36f95ad05b8e94321b",917486342.118181
"f6252e878aef5f8a641c3d6e",535623584.535851
"f63608198bfcc858abe1ab0a",702183483.421372
"f637a4885488bbd499199148",936039857.112098
"f640753edfd8fb1a995f1de1",761716074.069265
"f640eb21bdbb9369acc4e863",630242997.46155
"f64d4e029592761bee698958",607226448.833702
"f64f642775ed2c9f45aff215",883250117.565852
"f6503aab62a68ca16eba3fec",1175991019.36139
"f651cc17b051c962e4124795",874833207.469627
"f6544a1c169aafe6c8142907",956884289.258031
"f655ec98cd42b0bf2d7cfbfe",817864716.068143
"f660a48b0eb17e98dd77c0bc",646172095.296383
"f665a58fa8eda69547c1a159",804443501.010517
"f66bad2cd4b09ac29f540f63",807209626.610117
"f67028acda5ecaa4c8781ba6",682107154.854895
"f677c51266f5ada9e23f20eb",432003815.814698
"f68b7dfd0579838324895097",1096221796.48076
"f69962045e9aea6b8200888c",532237677.507709
"f69aa18a64d8b8494fd9fe3f",457226770.109806
"f69e25355ce3887bb1078fef",696833505.322217
"f6a12c0f02fcff1be042ed0e",881426317.244881
"f6a5c88d1bca87c1e89d8084",1347386351.90521
"f6b405af32c398147475dc9b",748165261.15064
"f6c1705a83c039f7a7d46255",777399943.150079
"f6c6eb3fac9658c4951c4222",580858038.067608
"f6c6ee12e338b1f9730b6e2c",613755402.358121
"f6c990e406b3756ee39b3b30",740397801.098807
"f6ce37c42fad91fce47758aa",521068147.387423
"f6d2d31af94a6a73912dd9f5",967578185.296719
"f6d3f7e963c9aa1783b3adab",642659104.969256
"f6e1752b9f4a0a3c8573910a",752352373.804986
"f6e74a4b1e026352e5759b2e",595780554.793194
"f6f4a467f40bace72ecff598",1091211016.51357
"f6faf74c3f4e02a6b333b7af",886938372.501834
"f6fc3807b54d8c69459c4f64",503023511.929287
"f70ac0d227db6f5333aa821e",587864893.076563
"f7101a05db93cbefd6a3b31f",446003530.612812
"f719b387fac4f688b57dc646",950216189.353511
"f71d2bca0c5fe2720a1544c4",763100158.259723
"f7216fd19f41ca5ea66a9169",543469199.326132
"f725f6ebcc3fdeed22bee385",640702766.077843
"f727924f0f35ec9fb58d0c31",455058678.732753
"f72992cff50931d2e19b3ccd",845921585.635748
"f72cc14d79ce15491a96ddfe",1023328958.00945
"f72e2f6cfbd32d97bbff3ac5",787677648.555888
"f72fb486fae49fc1de1fdcfd",893538340.87028
"f7399e57df358ae7adc9e08f",659134548.259121
"f73f720abdfe4b5adfa2bcda",653858245.034723
"f74eed3a7dad1bd8d92854d0",855577271.263545
"f75009356c700f7da7106cc7",742003769.53469
"f759f71e444c16a59187a067",1104192504.57099
"f770b66579bf2b55a714c43a",861040582.063222
"f776a4e0c8c82b3d29756b34",1187254424.18202
"f778fa43c92344cfbd700432",778830212.902891
"f781bb1ed340e08b23258ceb",469324170.113674
"f7847aaf1491103fd931aa5b",1254477446.00803
"f78886545677e19e472fd0c4",524775196.144159
"f788ac4a8b2a6dc11c458c90",722581980.661395
"f7959842378c94c9f620f561",985809015.897716
"f7972b1936c6d9e95d3f632b",958887261.736179
"f798e7105aa8aa66750a2c85",966258544.612978
"f79f0c23b5cb96b5d022582c",556988902.569872
"f7a7281a19733251134364fc",867492489.544159
"f7a79e1211fc72e06a3a82b6",1307003021.02752
"f7b7e298ca8fb75e11e92999",506333738.157937
"f7d11c2601959921f536f804",727187121.244505
"f7de22825945329521642f49",655745614.509651
"f7e5bf5b0f6157ed1f604d37",376956354.373166
"f7ea437311c0d217b0d572b2",550225313.019351
"f7ee7282cb9edc77740f392b",1062034831.78952
"f7f00e13da4910d724aba4f6",539475500.76793
"f7f46ac9158f0a1edd01709e",938586823.260081
"f7f8607535159c82dbfc6c14",483100079.591387
"f802b026db4bf9d68cf00b16",388354372.147269
"f80b20e0649dcf1c16003255",472419933.623686
"f80b9e8c51cd71c5be281652",387880303.037567
"f80eace37237614562f942aa",794044983.653252
"f81107599bc083fec4a13ca3",907303224.338371
"f815ec1a63e980717c9c3290",580408615.37398
"f8189811dc639d760937df95",478277123.446952
"f81aa0f575dbbacdbdc681f9",774430189.811988
"f8232717e74332384075dde8",460680582.499737
"f823f6d95b4340e8e4dd0d57",590707918.034899
"f8243b7b679dfe8303180d73",1093353608.7488
"f8263893418eb0752dae48f3",453801361.478962
"f82adf71d17c261b41a5231a",782393923.966138
"f82e1c70884ee1285e1bc491",448946511.506856
"f839de5370a225ff993f5b2e",728456999.800905
"f83f29f28978d7dd76cf5942",799364550.789145
"f842221d74340270e757fd41",864696759.738624
"f844345b6224bc76bc3c6f91",460706554.196644
"f849ad486e84a82190675b89",841020071.126737
"f849dfccaa8163d24ed935e2",977944314.390756
"f851b02d18e74610a900bf14",1017488156.77198
"f852e0f3fb8563ea6918164f",1107696809.41728
"f855725acc115bbbf03bacec",1174370470.49746
"f85d09bb2ea40bd4b68465da",1023975218.11825
"f865411c20924c43a080794a",921100353.787804
"f865cd15368fefd8c9d6aabf",857960166.529845
"f86ab537a2f5d8c2b223574c",753450671.367053
"f86e80b2a831572b85b04e55",554238095.958618
"f872f224d2af413cd104f24d",687742967.944404
"f8731413b0d976c03b7e05ca",1145798308.52592
"f87c76eb5071c5b309e3ac3a",387464525.218148
"f87f8003f15b0fbc12609514",620443199.737777
"f884247fa6414f384480bf38",655750534.859586
"f88bade1cb7ee0fa643f31ad",791463953.262287
"f88bb9c5a471504c13d3616c",588020990.989519
"f8948886cb4cb018eca25d19",484657780.911616
"f8bb20be599b79cbe29f36cb",1109552299.30285
"f8be64dc83c5923983fbb770",744347278.961888
"f8bf37a8f81a310e299385a5",677719157.242445
"f8c787390e4c6d2e99fc7c3d",967261797.552865
"f8ccd21343b112d8f9e7123c",861060756.405159
"f8d4ec209ad5fa5ba4a68e56",537293578.278912
"f8d64df401009704c152bcb6",737527650.9863
"f8dc73052c66ab334cb7be14",688061366.88409
"f8e25b7d7e93c45df1b3a4c5",1335674087.37877
"f8f217756d32f31faa784c2f",655178670.661644
"f8fad48343ee5134dbae918f",682762073.062113
"f8fb6d1b0dafc28920393dab",933491641.004103
"f900f7a9c5e2ea51689e8992",949714026.27288
"f9038f7e24e0a29bd9f3e24d",1021854545.07686
"f908e1de4c4be0d77411a998",780836750.50828
"f90efcbfcafe544674c02586",777894410.912614
"f90fd39477c8da38e33ba0fb",928879561.796398
"f9158cf51f5e9f644349a774",422569886.299583
"f91cc2e5edcbb704c293084a",1097453041.06764
"f923bfcb8cdb543c23bafd52",812300250.992857
"f925a05397ca6163230f7ad1",547222872.95832
"f927027bc766ae6c111fb685",483319098.985193
"f92935374a7ef86314223c5b",973271478.331665
"f92f4d135119fa88994929ec",1131147024.61811
"f9379319f992cbadc43b9189",801797334.034126
"f939b7271c4d399a5e647f8f",769111665.799524
"f9402b785deedebd3ddbce6e",800027713.500269
"f943cfd29effc9c048b8e106",777257618.298027
"f952c40e24c9df4ab2d62017",782522476.765904
"f967aa89a4440cc1c44bdc54",625346099.580839
"f967ad5e086f485c27f09990",1052565122.16418
"f968e756cbe6504fa0f32458",824210675.864097
"f9718594fa52500c16e3cd71",842237995.927826
"f976ec33e004b2d4d32c2eb2",784640134.046007
"f9793063f561dc76c0b49a9d",1049018563.18313
"f9796e9d13fe1becef435e54",859352779.896029
"f9798cc6285c9fb3ed7cb668",750875724.07638
"f984d34c8f27e3cdb7c2a44a",841614960.329161
"f995364cc33c431b3c93db45",701312831.78562
"f99adfe85d32b0a66f4d483a",830785493.129448
"f99bdff027d28ceca0caacd1",1066366403.92287
"f9a136d7944cb7768b598a88",808723195.145353
"f9a802cbc802d49a087cf23e",1471283600.16689
"f9acdd3fa50068bc0180d008",830819086.895592
"f9b0a27bd3619ae88ffe5455",695592206.34785
"f9bca38d3e08176649504e74",778140938.414792
"f9c11e980254045d7478f273",1008452700.53967
"f9c133f7a12f2b8c1b2beedc",840207013.513117
"f9cc6760b1112ce5197bf399",708703200.261079
"f9ce5b7edb104d4e8407a344",486244094.184137
"f9e6a759b069e04b0cbf0182",846396887.51988
"f9e7582dd99d36bfada56249",976245757.03593
"f9ef8fcf24d28ce11e71d758",1404545103.4174
"f9f5fa4ad495197a5c9b492c",413108105.477088
"fa00e05d83ee890a38c3a686",844366424.868333
"fa0aa00078cc178de0cc7d96",713346613.701341
"fa1533051ea4145f7f710ed9",716088239.540412
"fa29c89363ac9cb59667a43d",784633337.389989
"fa2c1092f17ce021964f8953",656168417.936024
"fa2c5c19c86087f207c379ab",815215398.53966
"fa3017d74586eb4c3b5b7db9",491484807.197394
"fa3ee96e6b6ffdfd00aa335e",1305137700.62356
"fa4028ad48fb2082d167989d",589397035.577767
"fa4af69aa064a4306cb110d0",997488347.880676
"fa4f331f05b1488990a69ec8",1188713765.96521
"fa4fd8380dd2620c672facc5",757890560.534001
"fa5234ddf23dd0d9cbd3cac2",655048304.124779
"fa56058283c975be76d7c990",727550889.185919
"fa57f96bc6affd285d10c4f9",477179223.432013
"fa5c81237a94f2f78f05977d",901716798.506472
"fa631a714774fc22ca15ec10",1031912180.9424
"fa653848d69ce620a41a73ac",1012813881.63867
"fa6db64bd7cd8b0f1c0e2453",1006943530.11206
"fa6e53a7107c0e33e3d505d1",900658737.970102
"fa70a55dd0e2053a1b566de1",391379049.425232
"fa736ec3f2f066cba4328908",739961727.236616
"fa74fbeb90bdaf8eb26f8329",769842579.819325
"fa823373d2e7fc9443ebb6ff",643508810.53572
"fa84c07cc90e2a2058b57c9e",943880435.798606
"fa8f13da6d8be3bc1f05fcee",680195330.444738
"fa908c8dd43fcbe9f721c0d5",1070653734.3948
"fa926bec03068764c8545d41",811618021.273066
"fa9dec2129f7218b4c4d4b35",851944412.134089
"faa204421a94ef95b79eddf6",655312823.357472
"faa37a79a1d72e4b8b0c80a6",1063142084.33655
"faa72370e4c7718964930805",668590696.564601
"faae4324336f1211ce4c7809",822403273.800576
"fab91f0b03598c943fa425dd",960797896.519997
"fabd2201750747891eb6af77",1039768612.1957
"fabe0f299a4e4bc6f51d54b9",657244288.704018
"fac4f0bee67523194fd4312f",537024155.059049
"fac651cf404a58f24dc7d286",1212678058.34738
"fac682b61b813044a3e3ad01",1020931096.30193
"fad033a3c81708df7b6ee73d",839292459.813945
"fad4ecc419fb64b3f77971ad",646946912.845601
"fae37ecd6046e53ea121b1c6",799636303.798235
"fae53fba5d405b2e6a3abf01",407416994.960333
"fae649fc7256b9a3ec036583",704841931.236054
"faed63c1287896e97987c4c9",876902008.969194
"faedbe92e3296977872a4aeb",1611831362.06344
"faee4c33e892029b79b63742",976058408.939114
"faee80ca0efce20e731823bb",781255209.024407
"faf872c4bca132b52dec368c",789653396.403562
"faf92fbca9baf8cce4a00063",840117671.122972
"faf9f8aa50d936c1465e880c",831183484.884399
"fafaa5dcf66d22bff322c72e",617710780.917439
"fb01d990afd25ef96ed048da",1167194897.46958
"fb0664d59b6333ae1861f343",678376201.771057
"fb06aae0e711d628b16eb910",767803030.507372
"fb0dbfeedbab00cdc7eb93ee",827002813.949955
"fb10f3b45e865b4626f65ddf",681282085.414418
"fb14ddcaa459b49a3b30eb3a",896422612.370003
"fb338e93dda9159476b8382c",419238831.376303
"fb39ca089d05381b3a7ba847",579868731.808758
"fb3d29813052141c015669c2",961844028.312475
"fb50f2f13a30fccc3903577e",1217560006.72223
"fb63e870ceb7ff355299f3da",673345816.342648
"fb672b4cb1b66f2022f36a40",1013566676.29416
"fb7048ba61e9e6b1de829bdf",926010420.735068
"fb7154b2dfd2a48c13ef70cc",814892932.878316
"fb72b8e0457c0199e158e599",881546219.550659
"fb76da6072bea5801e407990",515998044.402509
"fb7bd85c05cd74d945d22de0",466838824.536504
"fb82175fad61a81e9b665fd3",1078985647.54099
"fb8aa6b6c5d2499d404f3f73",848089840.796464
"fb9371f86ca6f4e62ae374c3",603628899.637415
"fba35c04cfb7b6db50cbb57b",890076254.565083
"fba6203abad5f4b3b721f29e",560744775.055683
"fba83f5feea2522888377066",447172409.370067
"fba946e4ceea37176170835b",626668183.630513
"fba9ae05a6a8a9e0c6268a9f",770910347.450427
"fbaf74ce4c2c6e88950d3fdb",1064392323.98066
"fbb0a76f05908c118f7a3df6",669859821.594921
"fbb89795386c14f5088fccdc",808928594.998242
"fbd613ac06b6bf20d76822db",630026785.841751
"fbdb9caee4455e99259cf921",706164891.64057
"fbe3b74f9e11c829d4dc69d3",1217061550.92397
"fbe555f6bd0edc1bc950d9ea",1242656816.51514
"fbf8b0f1159e89428778c847",632449334.124211
"fc0572d7185e132770c3bad7",753450671.367053
"fc16776abc877decb82a5954",1180073588.03165
"fc174b19baedc11f78b647d2",1166973041.89236
"fc17f35d300be9680971f95b",1086290451.53863
"fc1b713d5605b0030421d5a2",971931900.636669
"fc25df25f4151a16cf0c90f8",1094013536.17824
"fc2ac43013ba8ab17da28041",1233046562.4213
"fc2ceba651bc629e7f690849",881426317.244881
"fc2f58cc289d29fffe8a5fe0",960432618.449812
"fc321e2d9b4e954e80805be2",743871080.921725
"fc43df7f26644fa464ecb090",628341905.935452
"fc57fa9bbc16d1b8106c2c70",1244334867.49647
"fc5e8e45dd0a338ab5835428",729499774.098627
"fc5f41aad1b4bdcbd8298037",700731284.981002
"fc64387d7c3c91a6e6e876ab",608737367.399335
"fc65a77fbdd07fb490ad870e",782992892.071889
"fc6616c62030a53d2aa46b12",787503214.756151
"fc72e535900c592d6053b806",891836129.167715
"fc72ebf9381496067101da61",659505038.838487
"fc762d2d172737cabbdfcc75",867261358.479835
"fc7e93bffb7fbbdebebfaa2c",1243695422.5223
"fc7ecefb27bbb5c3e25e899f",589554485.19099
"fc815b59cce7934f816f0502",1060476286.76948
"fc8836e71725949c5f3fa7f7",1389183971.55511
"fc9151dd6f8850502c747bab",850186489.001119
"fc9fb2f209a4b5e66f89712b",894822848.054714
"fca1c40a338288036b1eb25c",1069687442.92757
"fca3a0fe5db369235960d285",469324170.113674
"fca6d7455056792cd61e2ddf",478024383.549773
"fcaddcc78938f3a234dd2d3f",531388332.26574
"fcc4c878af8bdbda6e1fc86d",1184467175.6223
"fcc6c3c10bb52776accaf06f",718506758.220042
"fcc96840d952d32a7300366c",586444163.180094
"fcd7c10d81aff25d9233214d",634152932.65804
"fcdbfb9e15352cf210cce7cd",667183204.537021
"fce26c7fbf0bc93937ea5198",695226543.487368
"fce385656705a8f4389cbb6a",802919974.952307
"fce89a9ffaba32f9f7c5895d",1188713765.96521
"fcefb2186b13c8bc39b17915",1028941629.00377
"fcf46edf6d612ff1f5ed6134",887781638.795298
"fcf79745f8cd716d3ff9d27b",698311379.45917
"fcfa51e5eec6829b9f4f2c59",462737965.294975
"fcfd6f08490be39064aae41c",782431417.288898
"fd0c010fa0c4b84dc75ede86",1030048099.81316
"fd0f6c0b5234ec1f6c7d1fd8",871834918.556753
"fd1431e595693fac0406151d",414876915.848986
"fd15189b99da46b098a949e6",696799587.006261
"fd19e1b2e61f5efde879f6dd",1019767394.99195
"fd20cc372715855081e24eae",933990479.025907
"fd26da8e62b5d1155962f0c5",722731984.09201
"fd2dcbcb8a31e97f31d22a53",758708066.268043
"fd2efcb61008dc9d11756381",900658737.970102
"fd36cffb856c2a14982a5fa9",549157803.529634
"fd41747287a480d5c4dcb56d",1181107688.30232
"fd45b984efcdb0b434033fd9",598727857.498927
"fd4ce3ddaf79d1b97043ce0b",1305665749.73983
"fd5758238e7ec91e415779f7",877103687.778972
"fd5793113661540ee34b8cb8",810950357.841175
"fd5ba2795eb7b5fe338d6b4e",720080952.329604
"fd6112c82d5808311b08e29f",919946906.97599
"fd689e54d5c418dc9f2425e7",987452957.254828
"fd6b2efe5da2c35058333bbf",781592932.639561
"fd6e9c9ed7679485dfd0b022",903577264.779721
"fd77ee8ca0551b5b614b40e1",1030589364.29669
"fd7a48744bf966e417f34a51",1120249747.00814
"fd7b741b96080ca5b964cac4",910085514.0533
"fd7f194d9929a6f28ea57cf4",467030675.989884
"fd81506b0a00fab1ff680b64",928274401.41776
"fd82c710aad91bc90af490fe",935286386.857799
"fd8b9540f1e9da778d566d25",393795587.231125
"fd8caba10cd4d1df27605358",675253078.810059
"fd9ebf37acdbb0e4bffd2fb3",587685423.958365
"fd9f78fb2d2f4d01e462bcea",1158394295.34788
"fd9fda1abfcdd1066a177e14",772282746.801959
"fda25a0b6b9f62f92e3ea6b8",45874609797.7301
"fda6cee77fbfbce6ec0eabdd",811072630.805317
"fdad0c86eb89fe93633c8571",611809301.221843
"fdb192e57e3e48f70a492b87",861515876.007417
"fdb1cffa6b7346fde667d72c",557882618.959153
"fdbc74fb5882051327b3caf8",638040378.347289
"fdbe5801070756d1744211cc",927812009.184073
"fdc00f6ebd155e84a387878c",600372881.101888
"fdc28a68bf8a5bc86288b4c7",746275243.651554
"fdcf0e439ae8b2ff5730680d",712543232.923993
"fdd4b5fcf9ebadf96545038c",1093078174.18555
"fde3d4a4a819b1fa40530238",705751986.449295
"fdf103976a39cc12f5effaa2",605739456.403894
"fe004acdfad6ac6b00911ef0",769105777.478012
"fe0182e1795e2b87eef4bf41",664696907.541979
"fe2bf1f402addaf17a213030",720652682.605382
"fe2f1459eb0a380dc31e3a4e",876425285.141075
"fe368a7d2e09fe88b1b972e4",578170678.105899
"fe409f9ea8d18c9d9ba4d02e",514397558.75835
"fe483817d899e0044abc3787",755228924.979498
"fe4a6d7d7ed28b85c5816fa2",1063378248.83017
"fe6c19c6f54606a611d412c8",560799859.647015
"fe6c8cd2e792d62a4c324da5",498999678.040632
"fe6fb32f623a9e3d5586a8d3",673448805.759119
"fe8305e287f6a8e7899c9459",798816877.959247
"fe8a10fb4031669a9b21c919",997859727.264788
"fe8a78de9ba7b59a112e0046",510733143.772656
"fe8ab5495cae81b5478026a4",577799838.840354
"fe8bcbd17b16ad023a202843",1091619517.70357
"fe8e45caf7605fb91d6bc5f7",832493051.340151
"fe96a7d758a874b1f0c42145",607778798.005906
"fe9b6a82fcc3266ddcb3e36b",1166256496.17219
"fea142787b18327108ee8929",545967402.85572
"fea5eb95dfad452d6786b042",622872489.083334
"feade1f4b3b06fdc12ec213f",869071694.540647
"feb3384733ed8feeedf9ce8b",905744141.344048
"feb87029d5a2e8125e165bef",585365908.816872
"febc9a1b054671445d756cec",593228678.572951
"fec1212eae4e6369d5555d8c",964555568.156957
"fed1a50c562ffd7f30451adf",978018543.187801
"fed1a608e3c0f2b79cd02ebb",634290348.582891
"fed2e1459e9ccc06943a05d1",1249742115.93683
"fed8f3bf4a2d7a426901706c",637678293.850189
"fedc2418db2353b7c97a260d",906598101.185528
"fede7e1a7a6f23338af6f40e",969872420.399956
"fedf2e30e390f5cf74b27e97",669908158.864491
"feea3a2bd9f643219de51c46",594590999.358365
"ff03a8cc833d067d439b9903",933300540.791002
"ff058f978e97c389e7a31f6b",637700536.249211
"ff143fed55f12a0105f9f88d",750859615.582036
"ff1498465e4db86f4f652e87",506114192.580968
"ff185be4fdbe3790c72d00cb",567790122.100717
"ff188e88378c8e2abed8119e",658056347.014523
"ff1a7adf260e637bf316812f",403395354.360596
"ff228869121d053ca7bbe431",835919131.255163
"ff25ded6333278149f8fb68f",622882293.817702
"ff27ae490bf03513b6bb386f",1031302188.82112
"ff2897a56a0fd08996d19424",792681795.118852
"ff28f1a1ea72e21acb157f08",1112276521.9674
"ff29f12bbd7ac4b860909966",973357887.574319
"ff3696c808d4835d6c7cc9e3",922932618.663005
"ff3b85eb538fb9a7dd03f459",426287147.238606
"ff424474d2d10a2c2a1c1892",529728273.469028
"ff46d9f7dd86b8bff7cc305c",692591381.413208
"ff54bb34225682d25c551178",1091040245.78727
"ff56b24cf15289dc6d14800f",850188281.498229
"ff5a27ffe7de039e65170f9e",730033541.717979
"ff61104cbeb37f077c565fd1",484558563.949051
"ff61abc1e7843e20b1bf8656",493444900.796229
"ff6fa86afbf9da2aa8eb7991",590707918.034899
"ff71037ec8e5a91aad6f0686",495497127.951598
"ff7ebaf86962fd0ab6ff41f3",682417142.094628
"ff83788b9f8db0297f6c0148",928514680.128828
"ff8e7294270343a00978dbc2",762872796.915918
"ff9c4796bc3ef18ae7bb724e",992742881.005831
"ff9cb7bc0b972d4515ea3837",445089084.886088
"ff9d1cf7bd90c5e47a0bba3f",427275258.692293
"ffaca67ff9f0d7cbd5bbd295",1574731568.49836
"ffad647e8ee35eaea6378fb6",781869858.203985
"ffb510bd3f847f4ede255fbb",401179380.613998
"ffbce3ccf241890ec95104e4",679817014.793432
"ffbedc0873b99654d10188a3",370766705.490191
"ffbf6a54fb00029ba24dd3ad",471259889.848741
"ffc171cf73514bed077339a6",464742113.318195
"ffc49242bb0edf3e22076501",1272617859.50084
"ffcbce226963f10da8c53fd7",881853584.873201
"ffce0b151f293cad0a6f770f",1356700586.39923
"ffcf6794a400aba909383b41",989480320.719517
"ffd3d51ecc85abff64258e1c",794207570.257411
"ffd916080b1019827491de0b",1024801672.5025
"ffe653c61bf13df43fa22190",771794846.734016
