"property_id","price"
"0006c9478f4e7edc53d84916",491212987.811544
"00076c8f390d5dcccc133309",786844958.652057
"001399d3861c5792ccb8b515",1199030331.63151
"0016e35cfd881ee2e37b49b3",822074103.156342
"001c03f6103d35389825b62e",833395511.749819
"001d77bfb387bdf0b53e9e83",841851324.1056
"001dbdd202e9908ee42713a8",844020563.095154
"00304df33a3c9a7e396ddd3a",740681330.554285
"0037d98f6ac46a86e36def45",844650553.467224
"0038a3b703f4ec779bbcfe6b",469434058.558527
"004776514ad269b380581066",544887042.567211
"004c9da9ef1b3b5e309e475a",627151163.202521
"00571815d5a7f208eb3e7737",1288083912.60715
"00586a92b53f4a8f9f6b3022",768337103.975972
"005ab848b35907e42aa0f4f2",1453567416.20337
"0064cd1c55914cc8370a096f",494969860.427538
"0083ef74db679d22463a1afe",698296738.235807
"00858277a3cf4f31b8e3f738",664761766.523639
"008c7a02d158f3b17ee8e015",660991773.557088
"00a5133e7373eae3f0be8f2e",701593448.503403
"00af33cff3ff7c6927306df4",690037032.580003
"00ba709f184e70be13e5bf9b",556984620.929481
"00bff9be2d524083e3b3149d",597526137.372437
"00c1165df93a4cfe679f54e2",946942546.93129
"00c75d59ed4777481a50cbd3",1144759595.11785
"00ce045307538da1b0bb7972",779382524.915148
"00cea81b78d6007eb405d5b3",570385080.983526
"00dd36caffef00fcde85b235",1121825777.69337
"00dea98fbfbfeae74c513bb6",1270858554.57772
"00e7c5894c739852052f566a",751258735.157179
"00e80be4feb1e8593b7713fe",514269486.048961
"00e9afbd1d27062a7bd40a3c",1107208027.36812
"00eb120ba4410ed8efa24a8e",694121396.535543
"00f2621035b1969d53f03fca",926319721.391381
"00f5ba660a4fcf6ddb96220a",634377525.507021
"00f6a62599f25ac506113149",992187932.756982
"0100b3a412accebf6a3aa4b1",471428328.313254
"01018b9796a105be650ec802",1118498148.52262
"010e676743f6afc01fd0838b",1124523592.0176
"011a6d0f12ba108ef15076b4",401788720.743524
"011c2017b63235bf0ed3f241",551314861.2506
"01230eede2a4a74ec4ee5105",971181247.786575
"0123237414f757b9c3809f88",717094591.076676
"012b8d616667a6dcece0dfaf",694536594.915263
"013e2a07f94a99323b64d370",895468732.887357
"014799b9ef7d5244fb6640ff",1017078182.33016
"0152ffa8757aaaf417e9f997",1794251096.53431
"015d17895f32e2a8b616ca1b",818053556.761307
"01636da0aa2bc223af023a13",693844693.040285
"016bb199b12846ccb0b03191",743475508.062962
"016dd08801ad1a1e7f6e695b",1089126221.36567
"0172678cb0737e21a317eda4",536134998.664051
"017487de3455d9f642a7fadc",903506227.218139
"0181972aeb6bf451012a47c6",916250867.775319
"0183b38955437e8d0128a013",957450629.99003
"019cd320e02a64ba3ba9a37d",738335454.219522
"019f4a25794ef01294845b51",884033209.962549
"01a5a230e8a808d844e64397",1233290565.98688
"01abe3cfc94be46c1153c82d",929241420.104547
"01afa737bcfa6b1ab530eb09",1012467275.04737
"01b78983d268b52137e5ac1b",701460733.984662
"01b7bb1556b5c32df8f618cc",851491823.509232
"01cac7d033166094ab9f87b0",654991700.999412
"01cda25ee8545b9fe19717ed",1319509329.70036
"01db5867a69f8ea7849d69e8",1216422381.01235
"01e033f5bd502c4ad398ece7",622661843.531264
"01e907d7672006fa2bba8b0f",757493661.669168
"01e9c7531cf3c63c04b9189f",708443267.296822
"01eb0a2c1033c30830161321",672401997.146021
"01edceb6c5afc2af1e129e86",444373979.464416
"01f6c99999c154461765f4c4",682295133.066072
"01f855427cbe3eb51b38288f",744738688.238107
"01f8b6799e2910f7769db175",652926400.467203
"01fb5931cb55f5308382818e",1487476192.94672
"01fe5add1e7df4b15dd73bc9",588094562.552308
"020473766363019ee40d6685",943982648.578074
"02060d2f56e979a61427f806",571858383.371085
"02091877f01c926c350b013b",706933079.361999
"020dfae44183c65b708727c7",453100901.407954
"022357a3d48ea87d58ffb46e",608562829.105686
"02259637b8ef1311c69d3d90",825033093.915816
"02277f636716264116015dde",457585398.266911
"0232a50c9afca03cbf4277c8",681184909.891302
"024c5c787d005adbe770b9bf",742203191.386938
"024d2e34a561efaf4811c17a",1154959956.72218
"024e94e72ae88464621539eb",858425026.174207
"0252fcaf7bcde09274d34be5",801057933.349786
"025a98586386211b1519f9be",513638884.24838
"025b094e1ea7248f4aba72f0",419090974.126488
"025d96090a8e5bd6f786e9b6",813274412.619074
"026c6384ceba017c5f2cd66e",624223912.062862
"0274166db611aabe4e946a83",746930765.219921
"02779b92b2f9bafde0c75c11",597449535.691832
"027947dd01dc991ffefc5082",462447751.789074
"0283890ab76b10547b27e634",559374281.520213
"02888257efaae858fdc7938e",755479302.700366
"028adaf559a05c8882893767",852810082.633615
"029224b78e8f358aa9c38e94",445995001.329582
"02990998f3621fc5a3d0ee63",647820106.187102
"02a0a38b45e1b196165b0098",1053490328.15434
"02a2ebb6eca5772e3526d78b",878681428.009626
"02a9c37b3d92a6da473c6fbc",510103048.292971
"02b47e60ab77588aff6cb433",641738452.038583
"02c6e8c7f36a2c68851600c6",698090647.852037
"02cb957c3db9ded3691a9004",668470838.305501
"02ce5bc5d5d286a4cc0928f6",966126765.729667
"02d598a32d864c289e3ba6b0",782149364.663665
"02d5bac2567ee9e19041ad42",1307493349.72803
"02d89daa77bb313328fe0c4e",599126627.469855
"02e52d3895522d9be85c4544",549036809.061971
"02e8811bff38125bcf8e1a6d",588883532.794577
"02e89c055b7692dab024defc",487865341.382339
"02e9b077d6cece81387fda35",845347093.4779
"02ea72128a99862e9537718e",805080930.255321
"02ed31afcba033953c79d95d",753416248.213334
"02f6ffcfcdd3dbba94dd7b33",997412611.849149
"03025756be203027ab75aaae",480669731.656444
"03243195c467c67e67a7823e",668375087.306803
"0332c7ec0d3e547ec6d61664",1072940775.55117
"033307467830cb865a785e3e",686244320.059152
"033521a46dae036839ad6c90",414253930.720888
"033599f7e7ecd8d9c8cfba46",958199694.225348
"033d3f8ff56907db4c453700",593908168.961184
"03463535ae93b8b123eaba8b",798444937.498176
"0349908483ce628a0a5fc164",1193436491.62054
"034a30994bb2e0e446e35957",785701152.001897
"0356797c1683d002bcd94899",1006679313.10063
"0357d0ee6e0646113ea543cf",838176673.310936
"035c61042b7dbc7ef888d1a7",1232958061.27294
"035d955df5a765531d1d0d07",972976256.052743
"035de58d60807ee2c272ce82",1294182458.31347
"035ea0f13f2ca01c902d5388",661672844.680418
"036177aff84b1901e0f18759",677123378.653183
"0367da7dc5374f1957a1b7f6",985247158.875461
"036fc9e01b2b1e3ef4574372",943198378.507885
"0379b6a001e4018c34e944da",597412957.52705
"038272b33c075765464761e8",598608694.536091
"038bb35043651579f443c481",873955475.280717
"0391d158ab104c5cdba31872",629181315.963239
"039a9029c4341b1528ca6b46",411532440.249545
"03a84af05df0f577e09d60c1",655817474.795656
"03ad99f1799f2a20c8cc0a50",686510019.829684
"03aea1b6ff072f117ec733af",664304055.863024
"03be8ec62dae56680beb2cf3",915755770.452235
"03d54a6e80d48c96a7f6a1fa",533904055.689162
"03de77e22e987fc3fed4eb78",714403216.600564
"03eb8da7205428e61bfb2845",626839375.898424
"03f518e2e5861002772345fd",430422415.541555
"03fb5bfbc1895115a04e8116",984436952.577764
"042bd2cfb2d33467149ece1e",918127409.926097
"042ff73057dce4d92d383cf7",369649920.115501
"04308f869d7c992ed3ea646a",872786330.283046
"0449a82dd1667c8c564904f8",836002889.156377
"044b8431b186eb022cf6fc24",406791328.750544
"044e2daf937c0d8373f2e914",904347386.521223
"045108344bf09b01b597e7ce",836544768.983903
"0451f65828e628c2220df77f",785210090.968745
"0460eacc73398bb95f0518e2",990466583.589713
"0466a7e06b152c1860d44334",1041181190.23704
"0468cf58f40372acb9d5fefa",920931351.500801
"046aaa4162cd410e92b216d0",704353498.174896
"047b0ded64dcae203a3015eb",709904112.102633
"047f94605add5f6f84fc3f90",869639652.520915
"048051ce9bf8f6a48e9451fd",1477277682.23782
"0482cd89d767b3b7de976c3a",694029498.876271
"0489a476b376f7f6efbc193b",422379758.198704
"04a071d777e60627223e28d4",473759174.873624
"04b28e63fbba92daf83865ba",969771595.380403
"04bb7cdebb8b66e783058248",549801056.986486
"04cc75f46642efb1192f1875",544590491.872965
"04d77c8ade9a55fddd28b00c",861411507.060303
"04e29dbe2175919265c82463",741796559.983559
"04e337d3c692f3429d47aef4",844803864.461329
"04e6a79dd3e4d8d17c8b5387",1294722440.80795
"04eb0b590ce7483c615b043b",735323775.73579
"04ece9352b3810031f3f9a90",897859094.302693
"04f0fd25e2456759753bd2bc",990861298.351537
"04f968f1873a655fde8702f6",691692855.493789
"04fe204d03bd1c9876242ccd",1012929851.38542
"05076b448cfbf9dede72904a",895403030.93644
"0508cd7bd2c77ebb6fea1e56",702392364.019849
"0509650d34981639b9c64a22",621268852.375622
"05119815bd72ced29391ba87",1036884240.7937
"051416c05445860d5b4095e6",509470258.501535
"0515734883eea12cdacb7aab",468284678.999552
"051d68945b95562009d4029c",824931066.444066
"052505ca8210e5e651fc0b63",807191871.450325
"052957f95b6e7b41bc625009",964816323.944085
"052c93502aa794e0574db9e9",755325774.435096
"052d00805b2602cac76fed4d",619923824.710357
"05308c4f3d0e0887e4a68a92",597412957.52705
"05397b2087e5cf381809f169",700589145.346293
"053d37bf1d988505b5e91809",818747696.453547
"05402dd344c77623fa053ffa",718428297.560775
"0545fc14aece3f37864ced2d",627714134.052217
"05498e49d0b875ae6aaddd83",666310346.263448
"054cd21c3b12f165bd520313",831598048.987069
"0553a3aa7d961ada6dfcd52d",602642366.355801
"055d5ab6b22d4d0ac325fe73",790531841.024893
"055d7c66464d7e327711b497",872009284.385496
"055e29f236bb61603d4ce9eb",1090400057.41704
"057585ba19d6144408d4e2da",748410397.249197
"058265732a484ac8d5497f5c",632831159.126148
"05858b1e4445f56f22e1f4bb",850951464.745162
"0587e7e1f03af8ea6c46290e",653008928.961401
"05926b977b5df59857194ec1",632149945.393693
"059516a91f938d2e8fbcca0b",797436104.864865
"059aaea3859c4b9662ab4df8",589172131.1667
"059d77736dc72013de7767f1",726824184.716696
"05a98feedbd3f422bf063112",837759252.384219
"05aecff6fd8d866c6c157a9a",773623853.035539
"05b12b1916e51a804419c654",603625230.242839
"05b71daf88eff5ae8cf5789d",708700257.877596
"05bbd028f30492fc0a9f35d0",639131909.253921
"05bcc7d7db8d352216a4af59",865786681.5968
"05c47739fa4c4f00285a2c48",905161037.437795
"05d1c33ea8c89ded7391ea92",742056196.153044
"05d9818d3f9f2a5c358d3911",1075959096.13896
"05db9fc492801eac98f69c7e",663001739.174082
"05e06a93e9f01dd3984a85ab",554391371.186693
"05e8878bcb68d03e3b656eb3",831945409.339271
"05f79195e285c126125d258c",805678538.611742
"060451a9e3e0416ff41d253d",628382082.527976
"061386497cc2dede3ea70b1e",551351118.673104
"0616401503f2ebc05af7ce4f",762143595.208986
"061d3fd39da1b4b1397054c1",785458401.676847
"06220a42e68510eccb4d790d",676240446.674838
"062b36cb4a87cec372f9f91d",739037852.220837
"062d5544f5c96db90fa3a526",1273617342.38292
"062efee92601be294d7346a1",754430296.255367
"063e53d45e5e7945f1f10fc2",755505582.797414
"0648a4bd7ca088f4b3834401",997215594.157656
"0648aae13097ac649fe714b9",898565315.06543
"064c1cd5e94efdf8c7262fec",793949831.918269
"0668a4a4521c783a2d817413",776215260.142916
"0669fb98aed75d79f8decb7f",1012302930.94129
"066f1b68f7c053a196662fe0",729732813.445331
"0685f2225b939147c8482e6f",459728107.097815
"069499abc4e393fe540777b4",392582520.647436
"069798704327652a899a189d",729378128.914649
"069c529aaef7d7e0774c4a66",868978106.859184
"069ddc5d1f3c855e6498ac50",563990683.668354
"069fb1f8d0f06ac2fee87314",743464794.824948
"06a2efde5244f7d653ddfb8e",729253540.127134
"06a5364639452a9d663a2dbc",527960371.29094
"06acca3d0ef4685dc055ffa5",411527150.740695
"06b90d41ad3ce1d0d389fea9",768453185.092613
"06baade01a74972cc4a419ec",627238677.6564
"06bbc353bf62fda3b3786fd0",662875589.331724
"06bfbccfb3ec0b1f65f4b351",960415803.868521
"06c1673c4a7444e7aa80abb7",503062510.740581
"06ca01d3ff86406e896b6fa6",876703948.591843
"06ccfa37fa6b011ac38422de",746099139.684693
"06d33fff99a62c330ef2d585",641994525.935893
"06e350e3c733e5a0afb613cb",690534239.340665
"06e59cc783be86bd145a56c6",1018223166.44619
"06e91b526821a6ad1372fc44",379862768.482153
"06ee1d8f3ea326a0e3a9791d",756973162.101991
"06f22f7a8e4e78f45ae81638",753570862.672623
"070062cd1c769f3be9255af1",1293202191.51079
"070543b03770991d65cc337f",1061602844.43172
"0706ce398b2bd64913e68d39",897798175.108389
"070912b7e5fb205918c1f4a3",528736923.471059
"071f284d07719a3517c55567",775525531.795034
"07284e4caec09fbbb16adf2f",1058950657.39289
"072a6f084d31a5a4be4060dc",985527557.009155
"072efeafd082025bbc5a25e5",946228570.520775
"073a3ae443f3333f0f526f7e",799789992.941755
"073fccba71b28afd815be434",790442571.750617
"07412230b931192771072334",704686867.708924
"07481a101afc1d5db45245df",680619125.401028
"075a5474294e25da55373a09",362479573.683866
"075b5c16441d9d67cf638386",488164389.439276
"075be16d8d9ed6831d139b2e",871990188.178999
"0761d0b7c6e319a75b06d420",631782669.94211
"07641db461323a5cfcda4f98",473689294.115262
"0768e70fbda0e09b88c1548a",513325792.157807
"076ccba20dac8bfcf184b8a8",889122126.322206
"076ceb408227ab2563a663d0",396717585.31227
"0775d831f68b88ca59eb871d",1006557352.90913
"077659c14c3cebbe192f8247",1033529351.04826
"077db8e0877b924d1b57ab1e",526755526.581339
"078144699729ee0c46f36123",947390152.269081
"078f7c6532204fe046b13d14",729574004.953962
"0798af235e9926b1e7e4642d",675934607.964544
"079bc331430e94ee76f8097e",810106904.392771
"07a6da2c9c4833ee4cbe8625",756747794.080674
"07b7ba964a8e30dc16d66443",1113672510.72114
"07bd45129563bd2fd974deeb",509100259.19717
"07c46b493733d74c4f384b79",676574178.451185
"07c753474a847bf2bccd55b7",760001518.0646
"07c8af84608e6c9206ad6961",691722762.542624
"07cd866c871333283ecb2d23",924815513.349367
"07ce6f95a7719abc9a204b6d",815834830.643679
"07d1137c1f0aaecbbad32f7b",701988762.930983
"07dd30f04c5953f325df9aad",836544768.983903
"07de14db9dcc2d4f9eac0dd2",1402734471.64979
"07e76c765d1137cdd7c2ff53",654703061.301264
"07edd16680605925192efcf1",858037708.700261
"07f10df13b244dc33b464582",858587654.738765
"07f24808e42c9e11a7c20232",767106544.459976
"07f4aa9b9ff5b0b05d31e6c0",990912430.955747
"07f9017eb4b8c169eb9de536",1035756850.50191
"07fa1ad76017843232107517",1293202191.51079
"0802b7e10706252dab8db909",908968816.982856
"0803ef3270948a30b3fee2f0",590667146.318
"080969c751cb94822aeeb755",526823604.165689
"080df3efe1fe81f97e74c4c9",544471310.556898
"0816f29a68aa35abd5978e7c",696871402.562561
"081bbc273db70f1d2cc84ed2",977095311.74437
"081e008e772c6a79b809a87b",800674740.438343
"0821109831351eb2501e362b",1210352217.1082
"0821fde7debf7cc445434024",489669758.658921
"082293a465231208059c5d53",680499668.617964
"0823b0dc92805ab05d3f8650",1462904372.40375
"0823be832fff81b3f1291859",479841835.639745
"0825f2ca4baf5b34231ecfd2",1021829896.9616
"0838d0df248d723da4e25ea9",833762649.951218
"083f05fe52ab15e8d481ad41",1029498501.50544
"0842816a5ef4f24435c8df22",900507698.772565
"0842a0730545c623043b1d8e",799633710.09973
"08451af5a81fd6a63c4012cd",731791505.07905
"0845e73ae95dbd4aec3f1f43",685156286.939851
"084de1226de9a6f4a6075c2d",766293428.252203
"084de965e32a2a65bd3aff5f",746658197.042285
"08513fe1cddb2cad74874a59",473720380.08165
"086521dbe18727963538aa7b",722946214.326351
"086540702ba0876c0c05c5d5",1083378719.7128
"0867853879129bfb46dae700",1154522466.87454
"0872074f7bd512dbd4609c85",424819190.891492
"0872198056be7edd5eff220c",868665049.092944
"0878a639ab8e6b6e69a3df41",751837348.542891
"0878fd8b66aeb22f6af2d7af",798641611.851051
"087b564ba475edbea431d4e4",737579324.752706
"087caf4bce7b0a3fe3c47dc6",1013602441.39217
"0880b703bf2064f59f2bf20f",561134177.8916
"0890a0d20f33b9af2bfe488b",688605194.772556
"089dc5de66c6c4132734b9c0",695546011.161622
"08a82bb9fbe4b7abb50cece1",720262391.623057
"08ad96681afa49c74721daad",753387928.673408
"08b09c586530266c14e611f9",636118574.362938
"08ba99aa6a8ee752209de6ae",805719558.228257
"08bb88dabf0070f72a801a4b",785512456.36519
"08c1db1e620e975c4d476b2c",613189205.287366
"08c61259a756e617d976e8b8",660541335.973283
"08d0615cff29645ee70e20e9",885214878.218759
"08d4fa42a34c74c94db5080b",1035058191.71037
"08d90f931e7e0a6f43c9d0e0",931867514.714833
"08d9f04bc4ebdc74e9d80b16",1062196721.7093
"08db0ce5cd15db2404ff3d28",755555689.887727
"08dbbd8d672fd09463c061a5",633212662.540493
"08e1ad8d1f0be0287a395ef6",813866539.509164
"08eaca41f26eb387b67bf30d",1246176926.15836
"08ead1ac0b9b30c2a72db17f",1220899742.89625
"08f1c136d5a456c0215ebea4",790099092.313176
"08f35bfbfe1bd663c40d9e54",742790993.792672
"08f6bf438980d55b35ce7537",1246525448.97134
"08f74ad7f06f2c409903ddf9",837906803.544203
"0901e845b6c56d4761377a09",706581462.02028
"0906b6a88fb1eb0d7bfb6bb5",474173308.5977
"090d371309090bf83b6fe0f1",773981497.119211
"0913364c688d7375d0f7af5d",447982692.655076
"091f6342ad934f4e7f84045d",1095351642.44981
"092045750c36a8945c526a12",486118285.010751
"0920b2df9df4f0e509a7efb5",497744037.919853
"0922cc27581d9058e55a2239",631472886.987219
"09254c66d93cbbf2675b775e",734556011.607657
"092b7b5bafe25bf485de37a4",567723540.372318
"0935e87627068206f6d9c0c4",648002568.714373
"093a92c6846c924f88ba8750",1008649270.04922
"093c849ad2bea8292c4d15f9",738714169.222134
"094da6ca19427f1a943105f6",1148224525.04784
"0952c73b02dd5432aebdf2c1",507839962.915466
"09656004f0a7f544580958fb",1249725074.31722
"096912698fd9a59d94935478",769322083.679551
"097314d920292b46eab5dbc1",794574506.885351
"09759befd8899fc1e359935f",872904683.612259
"097a1a08a389439cc2c760f8",347408804.193774
"098327587a877bd50df27551",749273591.352536
"0996cb112fc3919564e87c37",876580913.620377
"099721566fdd0a32546fedbd",1037975086.70599
"0997324f14c5823413463546",968489033.605022
"0998999f12dfdd50c597c6c1",1056206492.09209
"099ee1a7c91105ef46b5e7e8",650632607.272035
"099f07f9ec4ff6d835337f86",481004788.500687
"09a5fd22f920267b464e2a00",686055447.229101
"09ac622c303bce9ad5514442",473551491.903074
"09ae7df5577582ce7e7b0aa7",588861461.617666
"09b15382686c42fd89b24285",1024278958.95615
"09b18e3f3cabb7d5469a8d51",753186296.289027
"09b61cf8ff3ff09ac892d073",746525569.606993
"09c28a830f8093802384071c",846123626.771296
"09c4d4b5d1c0118d877d5734",942759092.452901
"09caddf25db3ac8e1a98565b",1386440669.69491
"09ce36a03c52d6721bc5276b",660054422.324292
"09d4b5b5c2f97ff88215708d",795300373.533961
"09dcdf0b8b37c1d537b9fcf8",708486392.027893
"09e0c3a1b90d46c361007323",514230584.222237
"09e4397bf9794fe24d87d07c",677328243.980189
"09e47ad8508e7cfee83c6d68",1088002701.62941
"09eb808ca3859318d6328db8",571884852.245017
"09eeb116cb0944a28742d282",1103557203.01295
"09fd7896d5445f422892b196",748109611.769941
"09fe153b0027697e58bd08b5",416746631.029748
"09feba43c0b8f3560fe09be8",1107134417.67444
"0a00771ee714a2f3f96c31a3",672971359.954111
"0a040fd24e23a77f0c58495c",765807500.618374
"0a0e3ee960f60d04ffd6bc0a",905420292.153331
"0a0f206f04bfb10c137388d3",1175042653.94949
"0a199d5741b5a6213b39b793",716586367.148083
"0a1af9bb571b90233856289a",460880778.071989
"0a1b14f320e330b405b27a6b",848822066.126516
"0a1b1a3d68b04cdcb2d757cb",998604374.260876
"0a1cdd0d5c3c8b973ab1a98c",1104664108.97532
"0a1e6a95a0f9598150c121ce",1220218916.32615
"0a231779f131c36d8e6910f4",697336082.007866
"0a268e25a5f3a0bfd8898a40",357806376.005104
"0a2a67e8b310471b115c60bf",697416231.515558
"0a2f7379cd1bed7d2d2d5a01",944130137.114639
"0a2f8c8ca6094e6626d4e8b1",705217163.041459
"0a369278a1ef6f5e9d79e2e3",841032438.40283
"0a3911a1a9284f2ff81689e6",812516950.355186
"0a41279a5ea9b92bf8cb79c0",877691226.504743
"0a45eb817938241ca988c2e3",941437889.788828
"0a482968c7cdf212401d72b7",819408708.434862
"0a4b0a004c894654663bdcdb",1028961548.43725
"0a53b0b7c365879a6d2cce39",905985211.358918
"0a5908a92d0ba3e36f54b1f3",379600759.557955
"0a59b506798fb96edd7681c7",846584566.928644
"0a606d19ae362a58922b172e",581823105.58372
"0a61250b2c208d42a3077bde",747395644.389536
"0a6966f19bc2c303886ca82c",990758446.861489
"0a6ade3bea1768aab76680ed",938338863.112959
"0a759932f763df64a463ac18",781514706.609722
"0a7758f69ddd8fb27a839661",591570929.30281
"0a7fb26822c2ca556f62a257",673187815.524845
"0a85c354c48921e0ca202d15",1226825886.38531
"0a8aaa78f68d43e3b1bf6c51",747774441.901279
"0a8d749a2336d8f66a4f19ef",596601671.82543
"0a9e4dd0eec86037a36fe769",731716301.134961
"0aa1332c56bf357f492da2c0",446124675.147803
"0ab4a4b8adda35f634812221",1154085142.74469
"0ab6e52af85ebf23432d7698",681884082.883215
"0ab85344c5fe6ccb0edb6313",1041831865.64618
"0abc98f7ea1e477c6fe3425c",993204255.723524
"0ac639a7c5ec115b3df8111b",972206036.613819
"0ad01fb039a198262ec59b72",977031879.133338
"0ada7044c5b29925abc90879",728771988.935387
"0af13e27cfe9b8f237a9949c",706329201.268239
"0af466463f2cf50d61315da4",759009065.806227
"0afc6cbb60f34f1cf00fdfb0",769191025.674487
"0afec1b2e7060b99dbe41a10",548194772.499135
"0b06da0ceff947975cf8951e",974829566.590229
"0b117f10e699f10f97a7e7c6",936029012.267186
"0b221ebf810f632568c1e2c9",503417257.952462
"0b3021c156324d1e7974ce3b",1520406549.80425
"0b35c4a3f20cc0eb751acbac",461910202.923593
"0b42bbe66e438fa81a2ff77a",676452380.858364
"0b49dedfb53ec812962e31e7",735856619.083675
"0b4b741487c001323f508d5d",951330391.451242
"0b51fb3a65a86d7799f27264",440010332.607821
"0b54c51a787fe58bdf677658",1190960864.08549
"0b65098a19c2fc1caa6577ed",1112172853.53623
"0b67da6d74bb3998c80893f4",707059733.759081
"0b6cd71df4dde546e665f865",755325774.435096
"0b6dcb5c1952dcea931e2c20",684876610.405367
"0b6f2534f862a7ef551a116c",747591062.701635
"0b715ccd3b3e01444b855857",482879646.938148
"0b71d334a6db66cf6f1a8eb1",736576324.991272
"0b7c8732558fc04f4fc51ec1",1081633391.47196
"0b829c23806ff01a0c84e9a9",946575379.32071
"0b937a3ea4864896b744108e",338243417.314263
"0b9730cff49bcaeb4d703c06",641484598.033485
"0ba20e953e8e76add161cd6c",522610839.039338
"0bbd23df46a4ea4e4734b680",914952412.727374
"0bc16b384acd3f8263e386de",1054798640.51445
"0bc8475715e42b752649b4e6",667215168.707021
"0bcdef6d56052acd2afad93d",412798635.456581
"0bcf7987c4b0ba485c44caf9",856638354.272976
"0bd42f8ee9d36dae4cf35886",415496584.304129
"0be57099d9c3ad8a16984861",811209924.916718
"0be7803a34b11d89133beaf4",953240834.681631
"0bf9fe130da23aea7142bb7a",672602019.389812
"0c017cf9740cb67d530267d0",688475759.92782
"0c068dbfdafa3429c71189af",754189389.586982
"0c12f73305bc7d72bdbd9789",597187787.385206
"0c19c54de06d1c139df99ab0",711159581.468342
"0c1c0ba7d75dc4090b7183f5",979262341.709979
"0c25a552c34e114a1780739a",411705398.115456
"0c302f1c924f8efe0b6bb58e",595526025.742823
"0c37c0d27631960f9e0fda1d",881346565.778872
"0c3af9e0e9c80a68acebd041",880651761.69079
"0c3e734afaa6b7c370754082",754037979.748849
"0c4781c598c06d538c5fcdf7",913242080.261411
"0c4afcff5f5a90cb79807682",882930193.872671
"0c5067ff99e15fcf99792cbf",968786460.114815
"0c61a011d7fe0227be2b3575",751958708.763789
"0c621256c4d7ca81045fcde2",885717418.450318
"0c62d4d501a426cc8fde0c36",844299091.23959
"0c7da0c2613129bc322b1da5",1045173307.20619
"0c85506b301862fb58b467cb",619797002.807863
"0c8b133effcdbcd49d52add5",1092323606.82927
"0c91369119a06c40623afbb4",482059564.785216
"0caa7856aca178f826fe90c4",787508131.75338
"0cad79296edb4b18582dd77c",846444910.186667
"0cb4217cde38e09571fa73ba",1105009205.02188
"0cb6801c9b57e874102ca349",692250225.043755
"0cc2f3a49dd703e7554ba638",1013073331.42606
"0cc5caa9b48a835c92da7653",728135548.556455
"0cdcd8cd52bd1967dab88a5f",513459811.311118
"0cddda1c211fcdce819d5f8f",563944254.456218
"0ce068461fb3bf34eee000bc",700901882.371491
"0ce9a7d4b0682dbbca68e070",697771444.448924
"0cec193a20d720af010383b1",833604723.591322
"0cf7a6d43221664a060ef681",725585816.677009
"0cf7dd52e117832b4698b310",679451156.214147
"0cf82b1128ebb8d1087b640d",1213556610.19113
"0d00fdc440d7612434a6b91f",526985020.654691
"0d027b81f8391d73fe0046aa",1008510660.30137
"0d099b1e1a314dfd9aee5293",612140228.852208
"0d0f8ce05ebe99dd3bb7b23b",970083247.581201
"0d130b8bea4321300396fa34",1178464263.22423
"0d173e7afc8f8babbef6ae97",914873571.749689
"0d1ef14606c58310cae371f2",494406675.986091
"0d24fc1c5deb78eb1a0caa51",520391707.237941
"0d2c4bbd8a4dbeb6337b5c14",587983112.928871
"0d30768d188b6bb53d599ea1",953536800.721364
"0d3245463127143a8a52014b",1080158862.62291
"0d3bc6532812ea618d154bdc",687206112.094871
"0d45e78397d4bc0d363be47e",594020684.824617
"0d477acd9c95e9ec63839a53",531148046.223252
"0d50b435188b7830a6949026",495344623.838887
"0d53bfcecf0397ca27e5f78c",812453901.94942
"0d63e52a47fa884e36f10810",691838636.760111
"0d70ceba3aea278cb4a2082a",1122656861.41775
"0d7d434afcc5e93050e0b86d",1079031388.80114
"0d8074979d302868c2534262",1039963111.0737
"0d8b0ca08838d1dac052d51c",1079986508.63947
"0d8cda2859d9903f6202af54",600092950.111787
"0d926a0b5ef567c627a7eb0a",1097928463.58173
"0d95d756b838d3a319277424",429715497.343997
"0d9616f0ac8b0c2e9e0a97a3",558724854.980283
"0d995f0ad226dd21bc96ff6b",569650574.917912
"0d9e73c14529fa3f1ec8a56f",716006271.326433
"0d9f91cbcc9339146bf75bba",776078053.261431
"0da10eb6093728074b34fb75",975837027.186028
"0da2a849e0f83b17b006e50b",845452352.423984
"0daf89cf494e0f40a94d3e5c",989095621.006325
"0db51d4771623f5fc1026d74",514855069.361221
"0dbe463995c605bcdffb133b",550118904.747452
"0dc2a023fb6c5e0b92d86ae2",593949432.621321
"0dcc222d83e1bf05f2c2c090",862117997.421641
"0dd1bb83f0f18af30da139f4",838239126.46492
"0dd30227247f145bae82f96c",1134667773.39573
"0dd49fa8bb7be52b851c6dc9",947560504.413936
"0dd510aaba8036e8fd9d667a",1016329128.02681
"0dd795526c080e8efdf8eb0e",680958546.935134
"0ddd21dcfe89f72e2246ed79",523012502.762873
"0de34892fee879f449facb19",777256541.177466
"0de426088a306321990cf60e",438277036.452917
"0df87025a6351b435958ce95",1108908916.56572
"0df96c81adcd6fbc2f7141c3",650118618.155148
"0dfc7d77d3dca86a221fe62b",1168280745.7513
"0e001ee8f27e1a2fffaa0225",1057289883.93624
"0e04f84529d92f2832ef986f",455536213.013745
"0e05eba6eed4e55e89dc5f14",980133227.575835
"0e0d19168609ac1d75253edc",506950681.285277
"0e1bc8ba1953ec8c28e53b9e",742081991.828533
"0e1c100d8e57de8296363d6f",454884695.93275
"0e1c66f843e06f14d7264864",564839754.597146
"0e1fbbe248919eb71e53ea75",688647185.712915
"0e21abdf04b36e5f6a1fc337",1315439517.19839
"0e22a41ec27869c8f83f9be9",1078157451.28122
"0e2a5d040f6361adb9927388",741346207.925068
"0e2d6e5882fd3b4eeb9ef286",765738035.857924
"0e3067f71dfb9dc2e03bba59",715017501.85727
"0e35349077490a01f25e2ddb",1075868663.03783
"0e3f82238c54e85ca4229977",606795820.832175
"0e49eaa5cde9375b1f026820",589785996.034816
"0e51111c47813a0b0dd51b64",744384838.585185
"0e5db1a36a521a5d2912b238",652680194.895808
"0e64230b70f4a227b444115e",741937093.292894
"0e67ae9abf1e2b2f66a91a28",747949431.717962
"0e694269bbff1e45395190d6",1007095735.87891
"0e6c74a0056ee94b10bfa86a",691007630.219093
"0e6dc789744b678028e74d56",721973588.683247
"0e6dcbf136294f2a99410052",893536798.947399
"0e776964ba3733f3ac18a7a0",840074819.12922
"0e7dbec40eab1b3e5c6bc665",833430196.207483
"0e97f66cf4208c1a57d1fb17",542106844.134488
"0e9a5ea81f6d91038d8711d9",639605246.020108
"0ea1a5d32324d270cde1993a",692632221.403767
"0ea201bfd515584bbf72f902",1024180498.98365
"0eb7c68fb7ea1e58f3e76345",888016853.838886
"0eb8f10c9d5ded1b09f60baf",829596552.218914
"0ebbe9d3831727f90d677ed0",1137146563.38907
"0ed0dc77661be57aab63bc83",675681355.987161
"0eda675541a035b1f620ccc8",1048712712.67268
"0ee7273686a0a92fbf48a383",1221362385.46735
"0ef36d33e6c378c946b8a65e",581333798.283578
"0ef45eb4356e2f0331ad2457",973556728.411958
"0eff08cf4bc42dd442a70231",853030750.059772
"0f059b39ca45bbbcb996fa45",601728239.772474
"0f06896d7502890175cbc4a0",953858489.580645
"0f0df5694eb388d843e1f17c",688953201.203472
"0f10d20cff5664f9564bc88f",1293447188.58063
"0f15a78ce3ff90b6894fe3c7",693462181.044349
"0f1c472b94feffc41f1caa44",598651529.816393
"0f21ea53a480e4363b8d7aa9",893401158.143239
"0f2913c5aa681a2bd45a5484",697202315.323559
"0f2aa0d9fdcfe894caa8fddc",817258349.716388
"0f2fb3cf22613a339c88f7e4",873472381.432052
"0f366a36001c0766521b9dce",510562251.836239
"0f3b424c398a8e8b53162c37",881601876.763425
"0f44b84024412099f27439a7",470059538.183147
"0f4765c8929a87746217e957",921541465.483291
"0f4abd70b68453d3500eebb5",384837539.074906
"0f4b077de4ba5f5db6fb0065",666774636.490997
"0f4de499e5bd2c57fcc75013",551246685.025005
"0f601f5ee798174ea9d52caf",843325530.710238
"0f679cc583a47b30ea132bbb",891783883.260127
"0f728f676325ece6a001b4d5",467811886.526814
"0f761aab549e7f6bc025ab0f",870889189.053164
"0f7e28b6efb9d550ba28a1e0",694836193.067032
"0f8ded86be8d3543a5069b6f",864674552.094384
"0f8fa0a074b743c92f0fc56f",1199495647.47633
"0f937643c067371018c8deee",1003578927.01617
"0f9867abe3ea0b9c5363982c",832643258.990418
"0f98c4e431100aa87e6fa6af",743273266.562855
"0f9c26956bfe983c8c7fc227",1354643273.97265
"0fa87864632b7bbbd161f879",725822610.482287
"0fa99fd0e8cebb71a3bb0871",546835785.2099
"0faec12daf0493a512b2fa0c",1546216349.22322
"0fbc9e52ccf1b7ea8136cbbe",796871765.728067
"0fc7d98f75bc1c0b782a328e",924356573.144435
"0fca6767d8f442da1f8bc6d2",451502935.949352
"0fcab263453a9f196468e552",971800287.633594
"0fd313e5a0f02df07eb6b104",443498866.447824
"0fd954262ee740999c31d407",373482317.992677
"0fd9a2a99c44c9e5565fc17b",968430540.278924
"0fdd03a2dfb18e323d96f468",886923714.022917
"0fe23ccd8e42605f4d9f78a7",438586157.174706
"0fe3dbfdf25d4b013b842b51",787474947.532478
"0ff24418ecb6888dd8ec734f",1053456461.97962
"0ffbcf7d58378c85b4103c7a",734371823.116952
"0ffdec8eb5272d9fe4775251",656839333.043303
"10037227b2a24d9a72ced322",886053851.534668
"10084cfff54a17bcda6f19d3",1164896398.11898
"10092cf2f8afb3658ae475ac",691750839.660272
"100bdfc998bbde3d00548bdb",1176943918.76953
"100e9e2623cb0fc52fb08813",964202421.661413
"1014341bbcd2fd5775631f78",697041030.981246
"1014d3a98e886e1a7358e29f",800883618.892008
"102434eee07ed18268857a9d",1194998018.81574
"102de0a5ee4f19454b922b96",674180642.828618
"1034b1af0331daddad70f3a5",464424296.383184
"1034ee7a5160fecdb5e8c27c",709933660.910255
"103687e73b0528ec29725f1e",566744359.309283
"103f6eaf04b44c4013acf097",1189948554.54157
"104722434c2deed04a901aa0",465857484.880448
"104cd052884247b14d697673",541717890.734341
"104e960974eee31e7e0eac6b",840678040.873661
"10563c278e7ce8eb2066d398",940163181.864064
"105bcd15e02d39f70ec2ecb7",419007741.9691
"105d05ab3d5334b976e448e5",866959099.982829
"1062419f9cf94418ba88b6b8",646913604.707428
"106ad411e13ea21ad68e5f59",1112008769.53345
"107e76f0c913e19217662faf",835463796.868469
"107f29b67164ad6861cb7059",1233257952.02651
"107fffd601a2bb7a3e4a69e8",740221495.89572
"10970057efd092c98037498d",555173500.320642
"1097d9a61690cc58a4b91e62",755269491.269583
"109bb36f29b223a81dbfa340",846309833.761996
"10a650e8cb5425c97f08f68a",815903497.748011
"10afe23f1f58f96422c97934",419953173.254772
"10b7c99bee9a4a21e1f32d50",820358228.81502
"10bf1c2d1124f6d8f8b9497b",1012629713.45585
"10c836c2e566dfe9edcf3d8e",1262714097.38887
"10c94f25ce3f7532bf4f3152",1346249399.05627
"10ce9c7a0a58aad19778e5f2",927560296.862974
"10d01825744060a7b777ee4e",810702187.272876
"10d0506d84d778da572ec635",754888897.284833
"10d47d2c73f0ccbc97979bcd",628231661.296838
"10e5e54ab66b58b3f41ec381",931064301.137012
"10fbecd8de540f1fe4c57b7d",416618149.593324
"1101f533fd18cae5d32c1cbe",935738897.868686
"1102f91444b8e1abb636f1bc",1027353245.83215
"1103c663f6b5ed0309a767b2",486500776.374653
"110539d2ac34e5180e3fd95b",954235572.091871
"11075db1cf9899c8640e1b90",742790993.792672
"110a2f124bad0f9381edce7d",1196761417.07592
"110af3c21ecdf156898c7c0d",1106879249.67203
"110d49e1d79a3534e146b300",862411677.637069
"1117078fa37ed101e9120923",872186462.004602
"111bf82100a6fab0c9ded743",747883861.547758
"111d509185303ed970d710c7",1068175665.00303
"1122a042822658cb504dc147",747883861.547758
"112d996c4c0662bd13af3ea0",1141190302.39493
"112dce80bf512f3f24391d23",799289835.862391
"113887ac25fbff9d30fe8d35",703099217.901676
"11429e0923f804d7dc5d27b6",928082302.827739
"114318a8e5822ece53ad897c",483174397.244762
"11433baf7716402e8c58bd33",902358374.999734
"114436e00c03b44096823522",598559733.36876
"11444a88bb3b230b4feb5b58",717511940.86748
"1163ab2c0bc8c998e121b922",630351700.167436
"11723d1d472bf1a3fdd8b72c",1215168696.97745
"11727589f7c66554e9114407",728564679.817278
"11734add51785f1ddb999c5e",686192243.219052
"117f37774a78d65f9e68f906",579822822.501364
"1181e18553eafcf5edf6fa05",932146261.761652
"119805b72aeb50f05d3a5bd9",750383866.601574
"119833a13f3f7df22d2b270a",758187053.125498
"11a79681fb0a3f6eedf11d1f",703800352.936697
"11a905e4e01e7d15d35cbb82",695286949.19162
"11bccaef3431fc17953eb81c",985714265.13982
"11be39d287e5a8bdbecb5994",785254768.053164
"11c4dba68fb47eb9c49df169",533703019.711605
"11c86230e62bd2c9ba44131f",1034468353.02826
"11cd643195dbe5dd4567b62a",1011754592.70047
"11dc32d92ac579720303c019",810895624.762677
"11df35a3fbcef34e47747e38",535738775.987719
"11e36a3effeb0119b8bded5b",843544426.324975
"11e4350271e9cbb37bcb75af",440238335.531737
"11e6e5ee92c97e31d34db891",1003451655.46155
"11f8f836e5626605ee4b41c6",990633015.658585
"11ffdf367d817b582d590db7",616424109.121465
"12062de068acd322b610fcf1",964474176.108422
"121cc20fd81d6322f56d5c53",801654866.134794
"123106a60208725514f3a343",790531841.024893
"1240a616080d6ba5459335a5",1019869081.92651
"1240f50cf2d8ef1d8713e671",570776885.428537
"1242d7e61857ba8ad285b6f4",852702987.816227
"124959d1429de095473bf5a0",635822413.383734
"12501015fb631d7c10ff08fb",1028835634.39669
"126f4d890004b8035a7de091",963148195.167861
"12785f791e04b3a49547fbc6",1010908572.02939
"1278c9fd86258bcb435e7127",735766325.084637
"127e08fa99afcaa339eff684",761543400.148805
"127e197a2f70e7ddb5dc92aa",617600515.613538
"1282e129e1a355b161621dd8",833461545.023264
"1284d7ed08122731aa7c0461",461686786.934221
"128cb9247755abf5f2801431",489293237.72182
"12a63d4fcb56c1d690e1bbb1",786548656.726492
"12bb70a95996dc6e286086ed",805872201.745391
"12bf6b9badebc2902cc11c62",570776885.428537
"12c7037cfa63de49e984a789",720055909.340742
"12d1678bc86ccdcc8ad756be",1089162851.81999
"12d40725335f83e2fb9b937a",783691937.600644
"12d73fb8f4ca87b19ca46231",724421821.545136
"12db154d9d29cafa574ad387",536375917.422085
"12e32a758e15fbeefa255207",738066490.733593
"12ed2c22a923c840ef616a3c",997831973.63942
"12f9d50fad58e4e40a187d98",910365768.211269
"12f9e1f78c630defe302f781",784241722.34097
"1308dad458274c698b2fec72",723448510.831631
"130a119701171ed3c439c527",676356105.621048
"1310e9cafc0b9fc21c212f73",653498959.597803
"1338e58f7dcebf5a1ea59388",741606283.99993
"1340b0805cb34eb9a982190f",677379964.914826
"1342c307971094041c9c240b",896622426.558158
"13477d8ef90576ca84258984",439970650.656175
"1355fdce5b97bb36da15734e",1192287422.64667
"135ca1dc80ae4d9993ec46f5",640181979.466569
"135f6f92c4ec95847e8840eb",532477794.503258
"1376058cb128a1c7729cd2e9",1015824468.74458
"1376106ebc19c929df27bb62",635130552.537333
"137baf1609138c6ca2715c7c",490056303.900445
"1381c0399ebbf19db3a11820",633272775.441249
"1382140d8fb634851d4d210e",1311371789.82461
"138a1990291ba31024455eb3",1148460138.17765
"139331d23d9e3c40cf083a7d",740790232.007731
"13a44ce5066ce00846b59ae3",1047695498.96297
"13ab6a062601d40843de37b8",956137682.385834
"13ac95652fb3cf6c43dafc66",573542862.237415
"13adc7946bd4e6e3e4416e52",428203342.798552
"13b181b46359620191e6e4c1",473648806.846566
"13b3a55d79b79ea89a73d21a",744235557.382354
"13c39860029403ea94b5439a",929083445.691383
"13c51ea93d19df6c273a1502",728727539.595155
"13c7f3592bd432c7cd0a42ab",731944937.208397
"13c86cdff4dd32a9f8b9adcf",1050982502.54631
"13c9960a03a1c446aa5515cd",576105957.942795
"13cf784fb3553f75acf25a4b",477550992.509567
"13d08f7e14471fcf517c204a",458712055.332585
"13d43933e04c3c7a9e5071cd",821911474.005634
"13dbc077e552640736267a49",358999067.292118
"13e2ec0a12c8a48a753b85ef",644304741.422883
"13e6c5cde1004803fed93cfc",760304292.495642
"13f42390057bd294cd787822",768887691.505949
"13f681a090b36edf38a4abd0",668383304.120444
"13faa4142e9d60412abb4184",443179706.847163
"13fc2dd1cd32d9cfa457a5b1",798110258.398086
"140a0002732574ecc516e9a8",963160940.670803
"140c4de69883df9f3fb3a538",579077676.710676
"1414ec3cdd3f6ab772fc7584",715094026.1464
"141ac7bbe9637f9e5142135c",1216107471.27906
"141dfd80a005f7b32bf70375",883384247.087756
"1420543e2eb5f38e4d38ba81",1480319954.97604
"1421bdbd9cf7572b799b732c",894312130.938264
"1427aec89ee9564b95e93cd4",505751004.43622
"142cf530f13cbccc3cc9d0a6",676768504.137247
"1432cf7de2beb14fc7603ae7",950836453.191483
"14331a3db021936067b15890",633924648.763484
"1437d1f1601d26a3dca7594f",762602336.6948
"143ca16847cc47d4a4c01ac0",705447824.500255
"143f07eb2a8f0a9e26fc4c56",1052135491.25079
"144162ecfcba71bf09048dae",893910353.977109
"1441a28c376a20c90d72cfac",663468878.38745
"145a241c80430b1e4ddebcfe",912757488.230532
"145f33a8350a080231306bd1",739677734.03223
"14611fccccfa2a6499b2acef",643956252.507155
"146a5a4f3d111dc7b955ce42",1186976840.17562
"1470749d0d2551a93827e441",692725972.359758
"1475cdbbac4aa486266e439f",678377596.888237
"147de03212e554abbf3fc3b7",928814595.104935
"147e7f5381d3c951fc446376",599876528.367419
"147f80fbae69dd577ff19950",769226149.131526
"148aedc984c7f6831c7f9601",421776631.791513
"148b157ece514d99be0a7f93",359924061.866647
"1494f223c9d3ffba26e42738",1220521825.89584
"1496d159d31717ce254f67a7",443704752.873247
"1498ce1c1bbe2e89b84a4a45",1006678717.05912
"149e49c22fa0eb163a36c932",779457491.718795
"14a14706d405569501327924",406440689.177385
"14a55e5887af840860b41ddf",406375699.714278
"14a5bf235097782f468fbf23",801747429.588076
"14a8134a56af1b328321cad4",809148512.187202
"14acd96163e6b3e17177f35b",726859856.629282
"14b81320fc31c7a513242171",452652867.96681
"14bc234ffb3ff7f974afc8e7",467167596.431554
"14caab87a129f51b2b70508e",675144526.267566
"14cd5f188cf6d2433240b5cd",689007363.711964
"14cee0bdd9dd5537b96d0786",906925911.154658
"14e179618d1a44c5c55e23e6",663668006.769584
"14ea4a7c57d830eba13638b1",851059367.217923
"14ead7469d05e5eacce6a575",568492667.36074
"14f1bf9aa68aee1ac094097c",838010323.701345
"14f9ab54432e5f54a50be4a5",426569533.675479
"14feeb619f409386e6eaeda5",449143366.437059
"15005fe7eb24aa25b9e3cee7",812810201.167793
"1508ebe40f90f90a68f6dd69",664950672.198986
"151a16e94d538a7a6d658ee0",636852184.403956
"1533da89d388196f19e2c5a3",899176974.352402
"153436858070f7e724f0cbc1",835005255.873878
"153c89081fd85dcc66a02421",954876484.156732
"15515ecdd35e9f175842a738",846151615.820459
"15537000b6806ee84d4615bf",1091899875.87537
"1554f8aa4c8fbe17e9e82d0e",878833654.810633
"1555743ec7e2f38904852860",759166992.109935
"155a8e4186d1626fdda4d0ee",1039763116.09113
"155da5ad9ad19d57a7632cd0",810151902.711181
"1562a23a312478d7a05a33dd",927156313.525499
"156a20e2bf9e48b9a360f9c4",647274281.156239
"156dc81d6e14a71716aebcab",701821928.525108
"156ecfd8ca6004281b191db7",1136332253.72137
"156f706d1d30de19f7e369ea",534799588.534486
"157195fb2358bf2d5051c439",822852847.809713
"1574958978c9b5d23d9521b5",662681426.183308
"15a3e60c7a5d55243057d7df",496495523.534699
"15b57b0ad8794d64a2784ce6",709424781.731749
"15c4aef8401208054697b81e",1140411476.33285
"15d10635d71919d0c9663fde",753196993.207675
"15d3ae51558bfeef80b9e97b",684399773.867462
"15d910dd93e0aec22ccc2083",1232790803.5073
"15d9a0353ad54798ef95e0d3",1081842405.26599
"15ec532ec6fb73074b9b12c9",557997566.164454
"15ee6357e02b76367682d6bd",1107718280.86924
"15f02dd18da12f4d7b0ac2ab",490298784.502588
"15fb97d6a43731d61e95d004",1021721663.37998
"15fbd295328ad698d3c76aec",972794362.316915
"16194707d4e85fe332411bd4",851059367.217923
"16261339c3a99635717fcda8",1132004329.07503
"16263617308958055850aef9",1079545187.08342
"163228979751798ded8c3fcb",543662649.534675
"163405cd6248bc3e832dc93a",714375582.534414
"163bec92a997aa8263f5a909",941261708.96084
"164cf5fb9a759f2e4be67b6e",890443759.132501
"164fb89266e40a2530400599",511934528.882867
"1655a92b20740a11a5889519",668814594.071827
"165fab7a9f8dd404cf4e9d9a",551599409.78074
"16601a92574531c1fd57a359",824217448.346969
"166ae8e3d0704209d6715240",792388234.342021
"166c21ff83e97c6e74169d92",959756737.714425
"166e1e60acca831bfad07736",734864324.72075
"16716773b2a43df0332622bb",506627789.915189
"1672a21e6b2d8d0525df1759",566409305.307023
"1679719f26e7c650f24eee6d",650474980.539303
"1689c3e3982382e27a4ae074",783820625.243149
"168f81689afa1f055d8bf7c8",839873942.84629
"169013bdcc2ef214e0163ccb",550928991.533426
"1690af2e30b05da545f1576f",1222268103.52319
"1695225258263bd2f463b21e",707192451.965774
"169c742419c0d4335d09fb45",849028137.899654
"169cdb07bd175b4325fd28fb",442723653.290648
"16a05fee8dfbe78d26664c3a",879548760.115736
"16a40e3dbfbb9c703e04028e",837942872.224193
"16b3311b337c0cb9312ddba1",677379964.914826
"16b79a8af9d6376c73c2478e",1020989017.95218
"16cc5c280124618cd5d00027",673909696.545601
"16cf0d7977ed97d6ae8d2cc5",1088901436.63936
"16d6b756f5ebcacf221918b8",822400313.388655
"16da41b1128c039ff8f83919",628369568.566231
"16db516a238934a730ced1e8",569344060.467563
"16deb26bf740fa61e258f545",1052445370.08667
"16e62269e6aa2ea052d05f71",688960868.403083
"16ede6f8833a93677d05a131",585393414.639676
"16ef7eaf29eab571e229e537",1325436577.08656
"16f60cac352cc0d668d226d0",454198261.349724
"16fb51fd3d35db53eebbe5b8",1034823281.91613
"16fe92ffdb7e1aeefcde80f4",824051901.797375
"17005d6ec889a947397ab980",423195503.083735
"1704b2d5f4a33401fb153608",499246421.851845
"17056748001fd65cb961b384",1102851129.11939
"17060f24d81fe2661c7628c9",814737006.873311
"17069e9f4ba45c93738b109a",584217650.963961
"1709b1446b20b21482dd2d36",936206342.901789
"170a69c11cf4f855ed015bed",1118833463.34061
"1710873f951e7f695fca3568",905818955.793385
"171149ef76fe0a2074c5bf69",818047637.009245
"171b560236ce760573a990fb",1127833703.8443
"17230f18b30b94606fea047d",398304087.081545
"1747dd033c2c2769974a06af",594617479.464792
"17484950b143d0395907ae6d",660423060.412114
"174bcb77be3b7e408e61d7e1",813855798.161453
"174fa597347f2b1d3e9016e3",666934502.848668
"175590951b6f8c6b8b4af9ff",487367760.077527
"1769a8ec5ec94aedc397b4ae",464751454.294042
"176c9a90fcbceb91569fa3e2",907261999.000395
"176e00102fb65cba56279287",610671866.961164
"17707d66753c1eb0aca28926",591988051.869933
"1770bd5b0a07a6aa785e0caa",777049995.80515
"17821a9cb766b0f3ecf24e83",765712068.575546
"17914fbe0c3634dae8ce9d71",735829699.090608
"179bf83034539c8a391e0310",755270438.647859
"179d467dacdf674a66c7310c",922506919.376899
"17a2323b855e93533a9f09f2",803669143.802273
"17afbce5c0b56732abbea936",1139418115.41842
"17b360d57782208f5afdfe4b",888524221.189641
"17b5e8357e17b516d947ebe3",718881527.197753
"17c0a8fd3a2c8b5b18d61e4b",769727522.755672
"17c8b228fa2591e3a234d55c",684360220.415695
"17d0418e4a439e9de8006f5f",855506228.227109
"17d0e3208fdf10c77e95bdf4",559826190.486157
"17d0f69ae2c4f1aaa1aca9c7",555682654.666239
"17d311554f40ae8b40234c31",821714884.544208
"17d34f9cb105ca5010191142",1046386664.80251
"17d51fdfe8fd16185bf5feb4",689480107.682673
"17d7986a62e0b066e4e5530e",823452332.784547
"17d7e6d321bb7394546e6b7b",641466320.505957
"17e5796a30da5eaf310d02b4",702545829.974656
"17fbebdfe6bc0618ecdd247c",1093970243.89665
"17fed4a312a9b773f64861d3",444181891.250811
"180172e4eee8ba756207b3a8",668320064.871106
"1807debb0a0b590b9ba4ebcc",943456958.459305
"181caecd269e115cb5cfd75e",626456016.349205
"182077fd9c5142d503309490",589189351.393709
"183a8459fa248605b8b5bc1c",742028268.495442
"183d99d88d1e7d995180918c",496591449.867506
"183f2cf1a1c7eb9700b6e72a",1311620229.12365
"18420ed4661539a2d72ff400",833237749.02856
"18531c57f6dca78763d360bf",509758174.878802
"18539b6cb6884f753e0ac18f",979125326.925416
"185b333862e7420f25622efa",826928631.82444
"185dd9366a6dd1e820880917",830388509.835618
"1862e0c4d8e89fd2302ab376",1990681000.90656
"186d4731b3af01bbe4d08b23",891195813.512002
"187a143dbd6d4bd81d6d9c32",681242651.635896
"1894346a27970572aa703cd2",823780344.422899
"18a74c9a49ad381aee5e02de",695154270.893114
"18ac3368b1f6d8f7171b07b3",1019085733.64927
"18bd0dd7580f2a7cb19a90b9",606958334.311669
"18c38418824075acaad8f960",597705428.825319
"18c8dc4549d38c918af2972e",1109260758.72709
"18cb1adb2078fef29a613a96",589609395.607806
"18d5cc463455fdb4d443a6f2",646347665.836264
"18e89f083fdbce3da0a82a4a",1079151742.40776
"18f6240cad6e92f9151099c5",877323675.866966
"18fd9bee381e7a8c29a44c4b",755899520.251007
"1900e7808046a5fe89d8e440",787526681.584404
"1902f509aa05287ba42f546c",735899977.006793
"1905b860a8d463c3048b4e46",636495108.889619
"19105db21495d546e6792a25",908228176.700957
"191094739043620c72aad2a0",982776720.593102
"191cb509fd44e580ee32486f",766420552.344688
"191f96722301456877893b22",641139336.4496
"192b505186d0bcadb46b7032",764422928.923552
"192e05cd731950f91fef1d83",1103332396.85166
"193d70ead1ff1043845e7671",793660731.78953
"193ff8d291a9f163a4f3301b",906601197.602489
"19466034c2ce19c24a179fe6",737393161.281489
"19487167081a9b0dd09d7975",959959572.916468
"1951c1c8855fed5db8031e5c",777067104.85491
"196969a98960a68088266261",762125322.16087
"1969ba34b72e61337246cb5b",441754058.554578
"196ac46f656726bcb8087ba9",721992132.855527
"1978d8fc2031af21e98a4e9e",850898164.61679
"1985a2a5c3b2b0c7eca22afe",783704543.54817
"1988513503246248b80c7f17",1199495647.47633
"198cd3f4e9be65b83f01ceea",794853161.269274
"1990717d8c7aa8e732bb1165",716106574.374383
"19921a97a52bed6c6b8f4135",739213718.227565
"19957244dabc3f727733527d",673521165.882071
"19993833220392781bc15279",1168352423.0025
"19994da77ce4f2db3efe6660",837416434.791537
"199a6f7df516a685f086dfa2",590914057.605561
"199fe72cad28e4554e359ff1",868259903.403203
"19ace6cdfbd8bed6e99c86d9",511947716.546267
"19ad2fa7e170c67870ee58f7",965837883.280831
"19baa03dc4143a83920a7d2a",978615891.102246
"19c07fc2b01a0edec4784e64",832482771.179001
"19c77db46d23e0c07a06a8b2",638728911.04433
"19cb65620d2330624252d01c",521832901.284532
"19e03fc1a7ca4b0761eb9ef3",839593003.388675
"19e11b2d60326895b5e6ba01",745527526.410645
"19e19ad0cd6b5e84d8aa970e",509867263.995713
"19ecf1fc86396ada203c2a19",670907656.718659
"19f538269846412f3e150a4a",918270444.046686
"1a0134583a5854d5aa9cdb9f",1036718671.92087
"1a06bfdfaa9d9ac754ad07bb",502967807.435879
"1a1016e7a96da2237b391be5",632748833.893027
"1a111211207627bb4c840442",783538245.190963
"1a26960e24de046588ca7837",600886784.764962
"1a2aa38b8e18fd7ed5be77ff",618565484.002119
"1a2c0e46bc18bf3224450064",477580865.795649
"1a309175498997e1b8f0aae7",1006714255.84795
"1a34acf8e509659534a56b63",788270604.01469
"1a36f98c62f5126c8064314c",938633772.42137
"1a46c13974f3634ca6dcb51e",840143045.239979
"1a486877c62f2aced41a2ca0",900704868.028611
"1a593800d5785ecc36c25ead",979948512.323375
"1a5f6f7e8b7af9d48644f1e0",603808034.070396
"1a61721fb7306d55dd77b6ba",857616710.049586
"1a6714ac2350ad371d8280ae",852052015.979098
"1a6af7fd6a5b0602052c4c27",636335998.379836
"1a6b9a6d92ec5e905ac97cce",731992452.363538
"1a6ecf722b2eed8cdc19ba20",896080034.860741
"1a71d0d3503f9eff28acef6f",803093949.82818
"1a75e436fc23e7f48e639b9c",602235036.857556
"1a77ac51e03c77ad280be447",705252479.459063
"1a7e331d9ff88ae5efafa8ea",971613977.574958
"1a805101f78cbb783e6f919d",624677494.658787
"1a93cae134c79a43b13ce656",1112594295.60098
"1a95522f43288e32addff2ba",410010563.076411
"1aac53220223d0d823e70d0f",814415907.586764
"1ac2b23683ba89e9175d1b99",836653223.706471
"1ac6c220eb690db798a3d4d5",850179143.505174
"1ac702e7c265717b34419fe7",790579988.802479
"1acb5576ccae1f0534f614df",759545414.98153
"1acc5749203f964fa8b2092a",595225437.243976
"1ad916edbe6fd38f40289a04",442889001.678501
"1ad9e105d9da875001111075",916989276.278775
"1ae17f134221d5d9ee69ebd9",478962429.092706
"1ae2058fbe26f384be45df4d",661497573.431015
"1ae6fd60628e7d186a5e0174",680499668.617964
"1aee9081ac4a04490eb3f0e9",1051059830.83842
"1af16b7f14dc04f05edf71ea",629804574.228672
"1af243eb63d893b1251f44dd",617941259.26454
"1b002164d34a71bd06e0445b",763072355.893272
"1b09874d5a3e4c9e0d544198",954170428.740188
"1b09c89b546d0058cb09c1a9",986588543.739486
"1b1c220eb91c9448b520b76a",666479694.524722
"1b288024824312c8b1681bd9",477941109.424768
"1b2fa2ee5927660313569617",628290897.193036
"1b300634b71b898299c54671",564892443.837728
"1b425a31cbb73b713f291e19",792255493.343563
"1b4b3662ca18e731acc18928",1415403746.69488
"1b4db5fcd1f92d3aadd5c28f",624479938.43228
"1b4e4016cb766bfadea42f73",498074737.054342
"1b59d33f9000d2e1aad46239",412445100.115355
"1b5d3ddc71634099fa1f04a8",707767120.606202
"1b5db6af0a1c0f7787064020",1096447032.86039
"1b5de74aea685b506a952f4e",410693584.387399
"1b67fbd144a4a3ef40bd9824",907089893.812891
"1b69d2c7fa8f802c4af1369b",908968816.982856
"1b70fbd3e46da8c47c3eed61",435889872.771906
"1b7151cf29b565b2f1caa559",713126820.983027
"1b750e6e2e92e8222482cb46",881027698.700479
"1b7c062b606d0560e850a2e6",585220089.627788
"1b85d69a0f8ce1d6ac4d4475",758887981.134238
"1b87ffa033dcbf4e2805dbb8",628451645.410112
"1b88c06bb3c1bc2bb39d1b86",663500071.867506
"1b989360ec91f5da55806bc4",1179619798.07155
"1ba2c2eedb352ef9bb59c638",593570749.227286
"1ba481abe0d3890c42884d97",681222164.422691
"1baabd705f72393167dba5c8",576105957.942795
"1bb885a07f57936b919629b9",499526994.758703
"1bbbe4e1eb264f5c69467e50",638855379.165212
"1bc2ae31ed1970ba52b1ff60",1729505396.34676
"1bc2c099466f9a989266be0d",438100966.621299
"1bc8874a13914055c2759a35",557142047.40617
"1bd64811bd59706844230198",950835077.477807
"1bd6861d451d128c8bdb72e4",824149211.908584
"1bd78ecec17b584e827dd0f9",648355659.909761
"1bd7b990be19afa5acc78bc0",462981651.971532
"1bdc0d441e63089737ac4c27",467167515.63074
"1be01d052c6a65c5ed286bf4",1208083901.44888
"1be9d865ac8d01f0378bc148",724963574.068417
"1bee6a5aed5417181a3db77f",664552436.33781
"1bf1913f806bd4b461233551",424281681.670586
"1bf77cd1c4037f4d2ed28036",665365854.378053
"1c0236d4bc291372483a9151",585449256.043882
"1c177af5bb41e26ac0135b4a",825224678.882283
"1c1ff56435675288e78c4735",739486128.051045
"1c224347a1445ae01184e0a2",1293447188.58063
"1c2739878e452a340a4e8972",1234442291.11554
"1c2e69465c75fb3af2d57351",1059593091.81366
"1c2ec62e8ebba12c6146a04c",1092467325.35667
"1c3236613cf95c84c5791bdb",505345864.010294
"1c35d9468cdc55670d48db84",1112172853.53623
"1c4fab7d9cf798617fa90a19",980569798.946299
"1c50477e5b3a67f3d8fec62c",468038859.573159
"1c510a71734e955f75187106",1018730981.75572
"1c51566c7dedd4a46503131d",1043903581.95511
"1c5c4f4c731545aa3388c554",662032832.859187
"1c6038b67a40f0749a72e6cd",728586044.27706
"1c65d5172e53b4c7f1c4d6a9",703347352.677801
"1c67456195075a051513b28c",529082009.917438
"1c7452cfc46652a60b7a4f05",722549600.71245
"1c7586fd8a1a38bbda9c92cb",643712326.887782
"1c835128915211131bc561ab",640266291.058914
"1c88ddc21f3e8e4ca633621d",542209617.877579
"1c9325df5599379a73e18053",785675727.719854
"1c9e38cd216595b33e283134",1109703821.94175
"1c9f65b631d2f2856bc97079",895194988.506281
"1caac10c1121a795a172889b",812742469.40463
"1cb79aba890b35f9d2a400f6",1506148279.85729
"1cbeccacfa11843a256b2e2e",870643955.131722
"1cbf39c44f6b0fdbf9554845",695535882.09751
"1cccddc33bd892b44d7e4b7a",835901768.877976
"1cd6531d8539468cd5f4b315",840322318.092844
"1ce08c19161bd0545eef8a16",780160607.609893
"1cf29f882ee8b458b8f27091",958237209.749814
"1cfc7d60ce613536d23b093d",851787143.497529
"1cfe7df5431f3dc6a9289551",984138406.239476
"1cfe9cba4c2015e7b58f05a0",715309832.855352
"1d029020622a600aad4c2991",732459830.888634
"1d03efada56f8a70bdae6aea",666335926.370938
"1d04d5450762d664fcfab674",995614584.314916
"1d0853f825cc0aec6f5544cb",920563834.327424
"1d0919344e52b315441aeafb",808843451.667021
"1d0a6bf40e609fc74a319310",664008166.457744
"1d0c3ba50087cf01637de6c0",561063953.527624
"1d0c635770f2e51aed4c8664",1480319954.97604
"1d17f0ff708e6f0b93a990ec",662763465.22993
"1d19edc1e0d907e5ab0899e5",746036650.552923
"1d1e29d9601aa0eddb4d6c2c",871462783.161883
"1d2467e5f991b935d676e906",477900696.721232
"1d2b83d973547da8c168f743",673037620.956728
"1d35c364daa0f021ef263c60",549707647.128045
"1d43fd3f7fb4e24a0b7c9ec3",1054547896.34178
"1d45332e2f04df18cdac590c",586582951.427304
"1d4891dc27e0050efcc6c403",749812543.376137
"1d493f3954b15e84c41afc82",538596003.462344
"1d4bafec52ec7575161bcbe0",753279920.123854
"1d4bbb5b756033b4be28643a",848793932.413807
"1d4c50978603ef41377af057",476378927.068177
"1d55f4694f3e000ee3ce47b3",810523423.078054
"1d58ad85a82f7731e0f198dc",1233754777.07617
"1d7912750a5e345f7edcdcbf",457279894.708592
"1d7a2572b466070f08c6e564",850901330.382415
"1d8d51cfdf78f1361710708c",747417372.047034
"1d917f9f5a3cd44cc4dc8d2e",532924947.560176
"1d91edf33a141fa2181abc4b",1009341685.9604
"1d968cecf268a7f14def1af7",848560626.293956
"1d9addd835c9fe8665e01500",567097970.446393
"1db1d1b76e09197dd915a8f1",1457913410.24646
"1db68ed64501f35c51d74c5c",965934716.577084
"1dbb46a250f504e9c8673bed",745671399.45326
"1dbec7879e793ba9685741b4",724469967.381755
"1dc0fe5bcea9d08874871326",524020074.040156
"1dc1a51628b8eb1bba214498",537564073.893359
"1dc3b6ea53413ece15bea33b",863454482.461513
"1dc9e5c684c831b204d21585",1062332912.55423
"1dcf71e8fbfef2c6534576df",709156057.14276
"1dcff645d389e7b687a498f2",786365098.622017
"1dd3d7e197075859c1ff5b23",924352874.295819
"1dd6b0ade195edae38a4a20a",727222847.427437
"1dd6f560c804c4548561cae6",1290078405.25327
"1ddeeae13139b7c9ada353a3",600901933.18058
"1e057cf20757627d1b006141",618668876.559108
"1e158f436f2a4caedd1563a2",658466125.100289
"1e18024ab7d931bc7ab5873f",801068111.651219
"1e21ee2ab4ef88194cc85166",739329370.654875
"1e2270f9f49aaf3be01dab49",973428774.655525
"1e32a8825a7ea79c28e27a8d",695191399.407981
"1e3798d739f85ee0e5a314ca",518590545.574836
"1e37ea0918a00bcfaded3453",600417405.990316
"1e37fb708b70b6b5e8fb5cd2",656299460.701325
"1e48878318d35476c3e87520",1089132205.5698
"1e4fd826fc8693b17f6efc3b",1013396827.41756
"1e5919cbe4373aa261d672d7",497980394.701416
"1e6176a558f301d81bb050f8",786415640.963021
"1e63fac2629793fdcb793f1e",788852321.425424
"1e64759f297a66524eb07b7e",1004729370.26866
"1e7173670334937dc61243a1",1040211255.31882
"1e73d6064abab2cccdb6610c",456362191.957731
"1e7a931100be734988955242",1066973779.12672
"1e7e26077db3bca2821a9b45",926980697.093595
"1e83b53963792d7445e19d27",738295213.490307
"1e866483995b30ec7f79d9e8",797504701.273643
"1e884932e57cfcab75ebbacd",995882278.530509
"1e90d068f3c86c6f691649ff",863320198.660885
"1e91de6194769980800b4de8",687789667.278132
"1e9850a50070dd51861a5e63",717419340.779519
"1e9c53e09220d689a0210ab9",357467164.748953
"1e9cb258a0b7e08244d7fcb1",762081790.323274
"1ea5db844a6d3a926480351b",837879704.83391
"1ea66dd4a72d93f5967be730",1036140948.09267
"1eacbf36422a54f1327fa291",480450565.798171
"1ee04111d277e8758f740139",749668267.062697
"1ee436f045a0662037f9d2cf",560522126.329378
"1ee45a731b6f0242b6d2936d",678399630.467143
"1eee0ff52c53f04307cc3216",839308638.594229
"1ef15e2b882a0da85858269e",491254199.980498
"1f00fb18ad48b32c666fd319",784853072.261051
"1f0d83013ea5e4c3f4beb583",617324745.559625
"1f11cd977996d909ffacadef",1325299187.14766
"1f18df9ee1b19359816ed13c",588854612.582975
"1f1f3e47f3593e4b2824e628",550015043.125985
"1f2c22839c470363ff41551f",936383707.131695
"1f33395df1e4f6a185c507cb",641004652.133694
"1f34129d15f992a3b62d4b21",459676646.280601
"1f3544c9f47bc00fcdf59d74",418347301.706028
"1f39ea319382fb0e41ead713",1175062507.2411
"1f3b3bd08063993c23586c93",456207018.510392
"1f3d3fbcb686ada1a96e01e4",505751004.43622
"1f40dff9a973064aa4737eea",1074474250.24183
"1f4109e1a4b47a9b11c2c019",868441752.094033
"1f4a78e094987ce29f054fb8",745448102.751825
"1f4b6eaf52fb940e666c1c93",901115864.970228
"1f4cd62152d4940990ac6a9d",555843113.823619
"1f53612f7029a21e2e9f74e1",721172201.56947
"1f592cc4ed728909040f953d",987961256.777035
"1f6050fd5261a2d21d5a178e",390255233.916012
"1f674965c913f9fe282d07cd",439489586.995583
"1f79204a8f62c29b0a1b29d5",558951103.079489
"1f7daef9ba898c4d8ac1c81b",611736539.998599
"1f8068ab65469ba56a1f0c4a",719742013.004618
"1f81176d8a0c61a7177c6c2b",1252096020.19983
"1f8742e662666147955c9872",831141055.037182
"1f8ad363a0539a6f2455c3fc",572282172.903213
"1f8ecf6c089ce6168b3be52f",877835514.768588
"1f8f74ce8831d5532f330925",1018699711.90042
"1f95c205d5094c674f6e45a5",974982969.655321
"1f9c0f9c3c6460a323171d72",1151314511.29683
"1fae43a9450fae02919962b9",598221913.635665
"1fb4c88bbf995f77f2f29b7e",818986061.702161
"1fbc660f780245bd72015f07",850540561.137201
"1fc0faf46f3b533f2cae2c06",1167587402.06538
"1fc94e9dec93d52e0062e07e",961931192.673085
"1fce0e993a57a3e3873b8d7c",1325299187.14766
"1fd7e9b1e717578f751c21c7",781082216.144822
"1fe392004a09aeeaa6e8bce7",613056888.137169
"1fe514ada76363511cc79105",915732156.848413
"1fe929afafa91bee53df4e86",460526727.107529
"1ffafa78622c45ea4127ce82",1023593117.81995
"1ffdc10c53bb83d3be84c327",624340641.968399
"200020552855ed39d1af999a",569590928.772479
"200897b1f8bcd7c116a85306",464188029.828277
"200ea08f57fa23013d0e661a",1168944863.68312
"201053b106a0b89a0a47e2cc",654972000.954821
"2018131ad3f6e5aa8f4be704",1027631519.1621
"2019bd32dbd09fa285a388f7",662648084.68345
"20289e986c1959f0c83a6a4b",774976768.680998
"20488db7a62f765ac8da0a2c",691856216.113059
"204ddf6ba4822d55ba80f713",364259941.151967
"2054c223fcd48a48f67d02fd",753613221.322389
"2054c61f0162a18c6fa2291e",437248448.387155
"205e9d987013859f391b27b5",1309243205.76874
"205ffcec56fd884ab24c5600",738633817.666041
"20718780218eac9668776956",746270987.533104
"2072a783a44474cd0dd10d7d",765582210.160979
"207e39d9cc4402edd48864d5",719601578.447388
"207f669778ed0db0e619ed40",464800226.302541
"2086639384041f3a9b519140",894191973.568135
"209bf65e11bd7053d9658824",760266552.829825
"20a2a0dfc963fb8a355e704b",552500895.594037
"20a783884d6bcf1aa5697772",814511982.660949
"20bce83e2b75fc535a148dc8",830900743.578917
"20c3cb2d4fa486b23eb81bc2",873819903.357754
"20c3cc21b44eb37d0b359c1a",957632018.948724
"20d8980a4fa8e094b7a5f00c",456539172.652003
"20db610da64f80afc1621b12",444570406.560977
"20fe2d7fb3910ef786cff965",668183528.292181
"2100201e0851e80488371b67",554339073.822182
"2105c17a4e2f97183e24aa4b",764374151.812044
"210d58091ea74bb902915250",849668415.722008
"210ff5d4404ee8578a5ecf9f",727290480.795644
"2112e589911b979db6e05a6c",973264593.812762
"21264b5a73fd27b85a4e2654",420416577.525103
"213032fd36fa1a6342570158",638486965.501242
"213ddc1761cd6b018349786a",785680439.238397
"2149d04442f73cfc78f93bab",958564243.343992
"214df9371aa59f68e5740212",588014366.017075
"2152ed6b2b2eaf16ec272cb6",726204219.949733
"215e8852679b9cb6c4029ce3",611057068.679519
"2162e09e137eb5f4a1f32b16",779627513.178339
"21642991a20d6b0d17dea2bb",745393435.198228
"216a598114a403676011cb51",984767761.646328
"217e1715fdd5db76ce93cfe2",845563242.250238
"218445f989b2da5eff4029f4",716377932.762877
"2189d3297ea703e50ec34d96",755968195.236806
"219164e1d9b14cabb9bbb8ab",796713424.678428
"21932b5a5fa65d237ddb6293",705314202.771086
"219555efc5b4291791143252",549352169.876198
"21a7c5d6ea818dfb25077e13",785640365.494882
"21aa860fd839233ed8b82653",509739789.832443
"21adc839dec9e8efb128abf1",749273591.352536
"21b4c1ad11bb1feac4d02308",1041524301.05578
"21c8b93e50ac884e63514f10",1212519906.79064
"21d0f28d5f30a64352e60ac4",600219292.15665
"21d141a84af5f0e2ade9b0b8",821762707.880651
"21d42e80f6f818eed990bfc7",996754344.741619
"21dd47ac3c4e1d6bd0ed2485",710897568.442701
"21e0bc9789139640ea33ed09",789155880.462374
"21e96ca8dbe2f12b55723335",832262981.712636
"21eef7da02b0f2a2fd987135",738299344.524156
"21f00ad1214253dd5bb97817",886144759.866282
"21f5bac85d5eec57acf501ef",944799459.687787
"21fcb5c7e497f0580b820379",971377526.980061
"2202c5c9a16b771d1e242c18",614666122.608488
"2207c1ed62f59d6eacb3c18d",551246685.025005
"220d466e3737f1f2a8ed06ae",437745703.985887
"22127243f7ba3a68c3fc33bf",704644453.843571
"2212e0125cb7f75390020951",791415398.874277
"2214e2c62cf8d2d14f11d47c",805884469.594475
"2218c6bddc994984cdc6e567",556804412.366564
"2221052e00c236f31e6d5a06",732945424.413256
"222a35842b0bc09f48e1d0cf",736138521.226262
"2233f50cf7b04791cf1ddeaa",639479388.940017
"223813dc0188fc229b63e8f3",975410233.82483
"22385ae2b3e7640e8c40411b",739408422.82339
"223b3c04803ae7b855f9fd10",678059820.091207
"22428154baf95870f1d83fdc",629860112.682033
"224f6e839dcbd91491f3f1ac",402887745.512918
"2258ec00dec6a2b85f439135",646113463.400806
"226277c02e8532922a1c769d",922580368.95281
"22796587bee45b8f64ee6e44",791331609.245603
"2280b5f7c47c3b36924b84a9",838181835.711067
"228280554ba149e60f81d639",600337128.879025
"228d165257ef052ad50433c7",582556706.811195
"228d98c82021e2325263c7d2",605559745.903741
"22903633f8c4d91158f65c58",470710779.355563
"22958cc4622a0050d1aead77",790059374.571504
"229607e2faf76efeeadcdfce",615023807.477221
"229a7640d41a8b8d6d2f8f83",1194597916.16663
"229bcf400e309619268dda31",574445150.33376
"22a025ad47ba22ea9fd1a094",676633627.245822
"22a0f3315f7600e5120db131",639402783.71831
"22a43024821ad081e654c5be",822722581.08441
"22a6058ffe790c98a8922258",828914399.681852
"22abc78ce812c519511f8a4c",1340103342.24694
"22ae194316f34d482bdf404b",659083553.532542
"22af7bb676cb4c9ffe014506",479623314.413998
"22b066e6dbd0f2562a0554f1",1161855665.38564
"22b34331d7ca2ea642d29946",736863736.351019
"22c780d56cb97fc34f29e9cb",436620769.598053
"22c9b57a67cbef0920d09174",396590528.688049
"22caf82aae904c79057fcb3b",550438190.783761
"22cfdfbff44541dba9091753",807123126.71185
"22d167639ccaace593dffa31",460464527.351115
"22d6cb11333f2839b8112b89",1350928413.37851
"22e00f8057294350ddf4d42a",662413066.609849
"22e524f1fab17d5b8616d741",965098635.917942
"22e8713e2051c88cdafe2364",696095904.009191
"22e9f1b4b5e887cb5f0dbfd1",718758760.899365
"22ea31eadbd3a54216443137",375804249.917002
"22eb737351bd0958d3e60efe",747571944.284893
"22fcf0650753e2b5a2fa3786",544424466.585488
"230864c9c9c5959f9f0d36ee",898183100.258591
"230cb38e035b85a4353220e9",804477435.018834
"230cdc90e6c825d391d5025d",605223161.312483
"23101b0002252f3d4b3e1d5e",1024235789.05256
"23141c17df584746755dc508",651250729.043844
"2314e3ffc7242a429e00207c",757890816.11214
"231688922448e4d64622120e",618754272.30049
"23178c72b063ecbaaa04b37a",548667569.917827
"23187388f9d6e2bffb88b9ed",913772725.450389
"231c050bebe12f568ef92afc",439228788.694305
"23208132621583ce4a46de77",1289254976.90346
"23229e392dbd8fd9d80637da",885106298.614709
"23264fdd1059460e079e5810",577463975.605563
"2326bb628b4a571921eb7345",796896021.078888
"232e859fc353dbff75c97cf8",985807229.995213
"23374ef76774d4f95f022473",1034216889.93196
"2346533f4712f3bbd036d85b",1191412161.74484
"23473bcde48f634641769e22",540523210.565403
"2347f69ec1ce4a3fb6989eb7",485519686.021667
"234c94e9a248ae57bb5a0771",747622076.295846
"235a2209cde8f8b0276c845a",682706312.72546
"235b10cad7233d579a966948",668873821.409229
"235c56f4afd6d87f1b3e199b",722118363.270421
"2364014bfd851a68a824d1da",882966578.557884
"2372f7c0499de8aa2e5ffa06",1062549849.82288
"2373c595d24a7b862b518ec5",1124221577.73164
"23799891583435710f66303a",788817391.295931
"237bce11f35d32ff029498a3",870178193.032192
"237da4784755f090c89f07be",558655154.151005
"2383b8bc2cd3d307caba34ba",665157178.262636
"238cf9f99c4b01777a97f82d",468561044.38527
"2390c275fccc98eb4fa33af0",810473691.69043
"23959a0f6e27c8c2b4a7f436",919453210.314923
"239a2dd25f604c730136c720",1127895483.49118
"23aa0804aabdc61650b8562a",1031844968.07882
"23b0d67dc2a0ae6e5ebc9eee",780002689.7508
"23b2b5b9f5bf3e1208f5f80d",1137616942.84967
"23b5f2af5d39edd25db6a522",890558603.811039
"23c7f9a0534a4ae6a24e38a6",866368595.994028
"23cc24e23a1d74159ff78464",821395063.494185
"23cfc154896b93bce4356ae6",471033606.370359
"23d95cbbc056b4456b94c97d",717023958.129668
"23e7dd821ec2601ee2c6e353",1058976398.30151
"23ef4d57d130e4130205f30d",852940138.216407
"23f12add67accdc9ed40f59f",380310830.178354
"23f859b889afe2639ad55a21",557948354.685114
"23fe512fcb21a0b84781a318",443842422.313336
"2406d47133763272a965ef51",420250345.06937
"240ccc45a242f80f817b04d9",975262998.691417
"240d2474c81482baaf79b6fd",1029985078.94471
"241d9f8599ce6cadac1d6609",831929563.873226
"2422ffac7337b402339dc550",880998901.203358
"24258361a4ba8f772a83ba7c",933668714.661167
"24297f4a3e14c24c941e7720",1161093778.72626
"243ab5db6e47f3536d04d312",681129024.443105
"244210fb4bcc0a04f2cdff95",1025159412.02866
"245663c600727f7c214063c9",832613999.066451
"246576e24f66d495fe0d509b",791064854.913254
"24671f63cd061228ec0b5b9b",685108611.296791
"24756921525595f1684929ba",900440873.390388
"247715511199c5b680088b56",909313257.771717
"2478e48a3c6bedd57c13c72c",806712171.127383
"24849579dc9ba7fef1b24396",622308087.842198
"24857a7a80d5f13a52eeb054",744597624.267307
"248993a27da888a6e3ffefe4",559697840.942394
"248ed6abe6e528dedde951a3",707007794.137374
"2492a7a74edb57f784f6361c",478530898.897907
"249667af8d0835c9830e2b37",566916066.535741
"249cf6f96144f769030d1b4d",871742915.853295
"24a4199c17f9c56f0b3ed12f",865580505.147233
"24a4a43ae4c687bda1066227",1294967725.88892
"24a89527a6744456750baf54",644088469.729058
"24b28522c72f7fc359f2a718",987784925.73804
"24c32572ca6161a603a7d0d0",350908256.378601
"24d6d85cd0e2dc3deb2db896",1121635515.78207
"24e90a7d9a2bd0c30a4f661e",867437911.733953
"24f22d76b86498d5c3563288",722029766.454675
"24fadbd1dec637edb728baa3",610849235.754026
"24fd0b7f75feda5db89a4127",820486823.757238
"25093735f186b70beb018317",990088185.202081
"250d84aac8add089061d3204",1161983371.79119
"25187d9f4cfe89a525ef2493",452652867.96681
"251903f4b947b337e0134415",790681607.230005
"251db9c4b7398902b38b4a4e",881237882.854124
"25202264e18928158b89278b",792521798.399868
"2524e62e917e8a1aec5c9c26",735265283.755095
"253560c855216bd9eb102595",724294609.346947
"253725ec3d7939088faf71b7",641004652.133694
"2537dfc786054c61eb3a80b5",692303663.536602
"2538cfce1c108ebfb1056c8d",935734333.406596
"253b34c2c5ce15cbd8b5826d",803159342.856449
"253c85b226a15d0ec2fbbff4",852498359.128453
"253fe7aef58ea97fefef922a",688098286.017341
"25414034e50ca33fcdcda4cf",817338649.589077
"2547bcc87b618d3d7e22dc21",755541188.15875
"25488b1c8fedde6250b413ba",520608025.970213
"254892c6b84c59ff5ac4f354",589321680.038375
"254de3f3fc52b8cb62141baa",598317875.23116
"255914e9b13ad94efa6ed365",1029985078.94471
"255c5b92d71a00c3a73b9aa8",411204561.838796
"256491790d0a2d5e1ebdc2e2",508136013.023801
"2566d8588566312ffa4fde42",1002823471.24194
"256a46a6d45d168169f63aab",536046456.764862
"256a6ba3ff423a899229f154",554182819.073843
"2571fe181b6ab939eac19d2d",1159177113.98293
"2575d932e98c421bbb38b267",1088736008.67125
"257b533b6a66b40d0f097c55",804993845.082898
"257c765ac81bcf773473039b",588301835.081894
"257c889187ad5de900a430c9",612589824.059904
"25813f7204a2e796170c4836",704184707.508515
"258a968e403e747af5693a3a",1177898627.865
"258abe0fc321f6b24d37ad86",499627130.156488
"258f10f742fcc835d53063cf",1084649411.31084
"25986c851e13c92ede6c6d6b",1183509224.68829
"25995099875f0ee622ebc31d",780293626.715409
"259f4f7fd5d851be70d63633",426075993.95405
"25b1ada57fd1e5c88d939c71",883003991.679004
"25b893f6073bd66258a9cf03",784597796.901298
"25c76b5a1da0c2d8158b3732",748486737.220067
"25d233d2779009affadf5e91",545772841.236484
"25d4a0ec9301ba5d53deb780",870358065.390834
"25d62e6b1a1a52cd8080354f",733784761.602034
"25d89911e830697217d460f5",742482028.119351
"25e3793214088669aaaa4ca5",1092355905.60167
"25e832098d9e6e7c2f9afe2c",734377542.722199
"25f925538316d3cdda8218c4",1184054534.04347
"25fb1c0c4aace859265de172",594955494.220343
"26206185deb023a344eb2e99",980642091.405852
"2621e068043a5019aeed6c8c",647732485.524625
"262688a95a32f10fa070a887",655818753.440004
"262b1c8ce7db2b4aca2400a1",1039223243.89187
"262b5b0bb408d7cf53073832",436723386.831426
"262e3b4091dfa6b71af020ea",935055459.754473
"26301269301b6f96862af599",790382103.187582
"26313750bd29b2c59a81b58e",914773498.816516
"2641f220611056a1f5616dae",1146710134.28567
"26454cbe44a07cd0df12ca07",1055967547.04425
"264e00a64cecb861d2c05b1d",949747941.225517
"26526235b34fa5b7349df00a",377926543.906751
"26617e1fb3b4f0e4a70e1b0e",998728982.300919
"2679ba671751ff16e76f1807",823483889.281091
"267e000c89d3416e551462c2",1079373214.38907
"267e46cb9eaec6c7009348b6",531385001.742242
"2684f67bcc89c8a5b95e5592",770929854.915766
"2688e4cd1fd441d1da455504",702868839.098647
"268c1e17bc17dd646d1885cb",518702121.209066
"268f887f25d416dcd3c0c9c2",812355067.022567
"2690ba8b22a95cb837cb87b6",407114350.164686
"2691d7125e9046e597437f2b",736043992.616651
"26922ebaf11e35a7a320d30b",1135097739.58999
"26be10d0ce8b763e9b457e76",704364768.584942
"26c08d7331ae19e1934a22da",784675102.474153
"26c66cf2f43bea00e6387326",961648000.414661
"26c8961848e3a77d98049638",669582812.081038
"26cc292628ce4aa87cd287d6",1085489116.53065
"26cdd114566b7cc63cd96fb8",1193662588.08512
"26db92c003c8e67d92d88aaf",1155140939.34995
"26e58d0b13e7f7f5a54585d2",809240025.997006
"26f3d5bc3adcd1396747a414",1328461903.18106
"26ff1e1f4a6f6bda702fdabe",733169003.949095
"2703313a3e5a6fef2157928c",822229845.040957
"270a97e07eec2be02cd89a86",583536529.134355
"270b930a9e22d5016ffa4019",1036007011.58589
"2714bcd5c0c503c3bee0e0b2",641307560.115128
"27151512d4b592014137ac1f",632108595.230851
"2721f5495ef5dde16fd29cf4",942408889.184999
"272b5b5c28e46c6f5ad95c22",689641425.083612
"273cb73a7bdec0d291e845f1",633864623.885126
"27472c6c6a801eb749b9719d",806125333.815254
"2749b5cfd2728ebdf124a0a3",752805490.833021
"275360e29bf3309e09ec41d9",467693762.069307
"2754b4e12a7604efe8e03f5b",942553572.692419
"2755af908b841e9024718b3d",814933048.935183
"275c8bfdd3fec33752493861",663081551.524175
"275d73c7dc0fda7cbecfea89",868156572.409529
"275ec6bd936600c7eceac599",1317506688.90208
"27663c0e271e26dfdbf4d289",833644944.573395
"27721beb237824844adbc289",802432610.128753
"2772adb268cffadfb2917c2f",407656529.560627
"2778de5e56ad7ece898249e9",1184215363.78398
"277f6440854cb0c98728e685",706663641.359928
"27881ecd655786b093349ab0",925579401.353465
"278a2cd98528eb1341a6b685",556252982.236766
"278fcdbf16e3064ba42c6785",1249752661.23337
"2790ead3eba9370f00024472",891614966.863495
"27929c0a3e0fd2d6d2969e03",772544696.152842
"27942219389ecffbce2e1d9e",1085660480.29067
"2795cdb2f4d568a782dcfc3f",1202916662.23263
"279b76adc4bc9f8dd86759b1",777770749.490708
"279f6f594d3f8ca8e8a5e2d5",1370499377.01052
"27a6f3e8f9649ccce7680f0a",800307242.578614
"27a8a052b815998c771a1f55",965098635.917942
"27aa789e29e52ef8d78b9bf5",782806767.854254
"27b06d060ecf702fc88c7956",1020239077.49032
"27bcae7ffb9f79b8f59fe1c3",687994610.187326
"27bebaf73dff207d7f6829e2",1076445495.3039
"27c3b7ba2991e7bc0c9fc322",753956112.065047
"27ca0c2320c520342717355d",588327629.006152
"27cf45528b4266162f7c9029",746236190.446995
"27d14f352b2983177e836e3c",867025712.419206
"27d413eab7b562b984c5a682",875531117.495789
"27d4f17375f76219b446c092",600232138.674921
"27dd503d4fbf4d5f5d850d4d",595971739.937158
"27e0810a702796d97878c34c",595519731.573026
"27eaac0ebf8a5ee99d143218",832422541.87666
"27ee3504d1df34ee8ae5dbb2",1008649270.04922
"27f41f09ccf8d182c79cd48a",1029315163.55578
"27fe3fc3838695ce34c5d287",420108774.613422
"2809252a96f47776d12021af",920542758.222011
"281ea3a3fab48c028721ee1d",836065948.440374
"283c1142d027be336a7bfacd",443498866.447824
"28403f16831effcb75471738",431254524.963897
"285b8cb5e9c887794ed2fd1b",895036349.534348
"2860e4435c857cc8a661ec97",1104193010.77387
"2861f1a224b4c879b845779f",418089205.360472
"2865962bdff8929888a51341",819238918.977281
"2868ac4225657a13f6149e6e",855436409.344311
"2869a2d2689af65497775b1a",1160992707.23844
"286ab2411118455780314355",701669968.282809
"286cdf6dfcd95ee9edf73a93",410724085.203671
"2876aa9ef0b44e43084393fa",444760732.070142
"2887a0d34994d284759db20e",759320728.678338
"288c09c33907dadbae495c11",1963161149.75729
"289db1292d4ee40a1ed6e518",1038496668.02703
"28ac1562ebb5050f1492f576",748179047.668382
"28b838c94d10823ceed62e0e",658446801.069251
"28be121ada9c9303be802474",825911416.903794
"28c0649dd8b294574a876e95",734858246.703429
"28db5acb7b224d44e3d7ce80",662089643.627166
"28e572584fea1555e2a517ed",519683753.248846
"28e748e7aa0a447731e06706",599071465.175456
"28f905e91295a47d106a3214",1238423456.25724
"28f980b3c741866e0db5b761",868264872.83716
"28fc5f188c5e11717cdb4a98",435156721.494172
"28fd0437736c1b17c7ea1f33",586503867.550527
"2900dcf3f944a7fcb33aff36",620277749.243856
"29028322a6d692edc5ca713f",730135177.748146
"2906d21b1d96a1ec43bab50b",951790396.990483
"290725d6b15062397597b954",591329590.504805
"2910f3631d1db77e4b61f8b5",819108772.803721
"291479f573955e063f2d8bda",1307245692.11793
"291a2f9022933c9d81311e81",937096896.74363
"291a4ea1a695347e1901bd4b",971742025.987803
"291fc50c4ffe7935b01e5d9c",631825964.965123
"291ff191bb029742387a72a3",725576425.537047
"292224fa68b0303a90063801",1074274142.74297
"293320b55fad21ea3f4a5899",369480847.358025
"2935cc0e053bf558a8b73054",703800352.936697
"293c8a0a4a358fe7554a4ae1",937937110.566598
"29425249fed4a74ada083dc5",512161860.607082
"294985765f4d12e51a68a451",983720296.323521
"294b04da3eaabadd55da9c20",1022462714.95549
"29503210dfd57bfef8f16802",602407958.545868
"29535d858fa3a11792697820",867766614.977674
"29616bf14b5f1cd42786a91d",763554524.124939
"29671ce02e285f69afeb3fc2",956536772.388759
"296f0158b5cc1541cfc8419e",665365854.378053
"2979f2d91d649a8c14f5453c",670425864.267775
"29881785ae39aec014c4982c",1005763384.28314
"299117d35bcdd48afa4c2eb0",742639473.788117
"299a94a02e887c6ab1de59c7",775416911.840249
"29a115ba5b198689fce5f93b",426399392.123015
"29a230f7dde5753e65b661dd",962205607.947848
"29bd4cbe11f44759e07487fd",831401409.357505
"29cc054742b256e6fbc6da1c",604190112.285918
"29d0dd2d4b120dd54c34b13c",963463364.648695
"29daf0d5008fa9e3f0f30132",605882657.938526
"29e7796eabea247af4e8a0f7",635442283.997905
"29ea1796aede16cab8a50497",478299303.542376
"29eb473852b36dcfbda0c702",1143552710.46458
"29fd909e7cef62de53430e1a",709236746.65743
"29fdab43da21ed0d22c9c71d",439611396.728814
"2a01945c2ce528c02b391c61",834376438.521887
"2a0e902f3c07cc9696000177",605753381.301805
"2a1edfd6cf74573521ed74a1",592516663.128413
"2a2f455525c8e0bd709db91a",800786626.458462
"2a330fdcebb247d6a6fdea23",1047576655.59479
"2a33fa5b25963f3dc928f668",578741883.131916
"2a487cfffeb12837a5586a41",810780795.75481
"2a531aa9576c5f91891cc8a9",816881764.662632
"2a5aedaaad2d908122f28f22",1081403966.12621
"2a5ecebe40fc09b45d6ee5fc",501713468.826145
"2a5f727304ad67d1cd269361",898873271.995216
"2a623b33f3cc1f54620b5233",525062987.544075
"2a66eb4d2a205bc4474c0afa",812897221.440062
"2a68f627f4dc8060484cdb18",1007101278.76579
"2a787b39e84958ca6b7001d0",586055274.496919
"2a7fc28219bee48a2368e730",707461256.768697
"2a805135d8030b614d9df9aa",850575551.596913
"2a872557ba401f4c95e0ad2e",1127366879.38172
"2a89ac6511416d0920f1b9a2",1309102829.94026
"2a9338f62c99dbad25aec5d3",736146908.506431
"2a99204f0a53c4a4d0a2393f",611786427.01356
"2a9974fe07b1e4427e386e06",780308408.985542
"2a9bbd878f3f45745d76f059",714746892.485083
"2a9bbffb1b98c49d79bae509",886159856.446249
"2a9e75d221912230f98485cd",827781677.876882
"2a9e77fd00aaaf773d130914",451235271.106245
"2aac28d03c2110d871b5f274",687485822.125426
"2ab0eeac4a228d5769fb4365",667544055.171828
"2ab24b9c5349427998338d21",763619885.220375
"2ab263b5d1ba72fa562d64e6",787377512.966534
"2ab88dcecdb565b6412f5bfa",673333570.408044
"2abbf26e80643dfc1b75edcb",984093063.120952
"2abd46909a251b8ebbd37133",642893452.008139
"2ac1105447a71f68a50105d1",1107134417.67444
"2ac425aa592565b44b25cdc3",687638621.001834
"2acc857ede19953734600dcd",684536107.699376
"2ace3da2fc4e0c022f7a8755",734492556.006745
"2ad02d6d56b95ff3382b53b6",993259325.784222
"2ad54bda875fcf8c6b675bf5",766599377.339027
"2ae3ae7f794d558ec119287d",845831100.17026
"2aeb794adc9892354aff7240",469673174.672992
"2aecb598de8c74d9d5108d8c",839677100.927752
"2af941adae2e8dfd66542055",503921097.97917
"2af9e271765438a47fa7e7a9",428307921.455078
"2afa1699af46ad8124f76e4e",833525255.75135
"2afa66b726ed0b1492b9e01b",904053994.808888
"2afd31619c21dc537e4797ca",914252619.368107
"2afd9dd680803e3c12d5242b",993464098.291657
"2b028932adc74c961170a4ce",777339934.387806
"2b05f001ed1a84425a45d0ac",482086452.686977
"2b10af4fcbef695b327b7d0b",1049833430.16146
"2b2fa2ed0055a19859e78446",873019117.064269
"2b352d996677e67156391e25",567408469.412019
"2b36d2ed79caaccd687f2ab0",511912813.227988
"2b36d797d32013a126e15709",745527526.410645
"2b451da55be3683c33e4de31",1149690112.04738
"2b4913f28d07628bf2d3ed92",1025686698.95624
"2b50969f1faab80655bb9104",628451645.410112
"2b53b13cd912f353cf9c4757",917603115.592223
"2b552d7b1a1488dfd618b120",466882269.355971
"2b55989b2253416428ece917",874194914.991159
"2b6d63d6b072901effbc8e1e",659017833.201552
"2b7a5be93795a65d29970b02",1144653135.71333
"2b802261b8bd839aa0b04b16",800906201.722713
"2b8b979cf1952fcedc63ca9e",437665900.36023
"2b8e9560dd58d880dbe77c61",1027742546.71445
"2b9681901b216f2174af0089",979317762.822883
"2b9fd26383758104d567d474",621720453.180615
"2ba0807f8cbdac389424ae04",578457134.279335
"2ba1672e49c023258d262d1d",1013410450.84912
"2ba24fd47c2ef8520bccf6eb",471939010.508518
"2baa6afba131b74487c94d74",594127671.055861
"2babb357d1d828c49bb89be0",640712402.694085
"2bb55b0a92d62454867bb158",775583778.565254
"2bbbd9878a1e7c55bdacb330",701624701.121724
"2bbbe93b615c46483056bfe6",992932588.918943
"2bc88a5c4bea2bd00fd8f13c",690090351.410917
"2bc9bbe0f0216ed9d865a85a",739227530.806687
"2bcc6a15181273b2fad05e3b",827625432.562291
"2bce6544d58b6970192a1838",648095055.421851
"2bd08c0964ef4a95295db843",608616340.176082
"2bd1c70db60a44d4400847ca",1054573574.36311
"2bd47c19e5d29a3157fb8465",1179850339.61278
"2bd6682ad8343b69fae1a59e",715451770.412117
"2bd96c7fe678945fcaf9662f",987206147.05124
"2be93bf5132bb788bf045c28",540409319.007386
"2bfa301ea435f929e6c0d1ba",833797189.264136
"2c03c38782e365e68b32d6bf",582556706.811195
"2c0b3d69fca6677ba9e95327",825307449.348696
"2c0b4c8269cbe25a4e85e049",465898845.113652
"2c12cbaa1f14553c1d41b958",412184795.257746
"2c13f29a8b9ac9b464e3a582",511753794.73349
"2c15a0733cdb932ba8f2225f",767487022.163823
"2c1c91f2bb4d9dae38a44360",519357958.514596
"2c2e56e3e5210c111c7de708",727220743.383417
"2c30c2736472590fe45277c3",866605388.386868
"2c340ee014e39ad0fd1309d8",1104770706.09854
"2c34c1e1655e87ada03f411a",963671240.100547
"2c37a1280b18e095b43e19f5",835017795.31421
"2c47c3ef9e139d8c4513a090",660389483.179782
"2c567face144ca714454abf2",1007267092.08838
"2c58f2cbd00035febac060e1",713414808.701481
"2c5d940b5ef2276f1fac1ca5",798925164.987871
"2c5f07a9402cc93f4c683759",534691660.158593
"2c8352c418097f82a50d9bbf",1005632345.42665
"2c85b19f02bb3768c10d14fc",621505184.405468
"2c91099736f3158f7f09778f",457083480.786616
"2c924b9d45667f7168bae6ee",837688931.860799
"2ca47f5c36ea5d1cf00dbd2f",460361615.244939
"2ca6b3016a89139ec7590f9a",1191068901.31488
"2ca6ce8266afc6721d179335",881165806.387051
"2ca8b22013c529b412ad764b",918593386.885427
"2cb64650b876ccbc7337a0e4",444231319.316728
"2cc0129b386acf9cdfa4eeb3",802314329.568684
"2cc821cd7b5fa82b27308f87",592955735.008597
"2cc9f2411f98d0fd41511211",717332987.129685
"2cd0b2d7561919f0223608d5",443246899.431168
"2cd372392fda500e6526695b",676248489.445182
"2ce779caef0637db97954912",833913185.250435
"2cfa1397c901b4e940d9f673",731172581.707258
"2d0d803cdbeaec6e2626eebb",646789670.009571
"2d14ad8ab9573c406e203ed4",716090450.263064
"2d1f036c96e92d9c557605cb",477550992.509567
"2d26b8360f1da9a677670fcd",780160607.609893
"2d2ee255ed2144b9fa1fcc39",722991544.249803
"2d3236cf646f19a25932676a",964719015.912857
"2d4031f171f965d7dbce0ef6",908924846.480175
"2d437a09b860d9d46644ea23",568951206.993099
"2d4a781f969a4fa2a4f04a7a",1011318787.45939
"2d4bd56e71f90e6fb387a2b4",1688597748.07475
"2d531a26f8b1a8afa511e3dd",667006765.473546
"2d5564a502635dce2d46ef8e",842177403.338059
"2d564574f0191164ff1d068b",443731365.855995
"2d5ccb12ebb6fc7d4ba462b0",557891873.58582
"2d5d9119602c228b333402a4",384692741.896501
"2d60a221b478264cab9816f7",957450629.99003
"2d65980024ded46854c25260",938355084.490511
"2d6aaefe0f50db8acde6fd1b",1991224320.59691
"2d6f5bc20de99dd0bd4e34bc",1096654754.67844
"2d778563921376962d126cbb",876249330.829839
"2d7a48a6b9fff20ded24f86d",462323969.389004
"2d7bf0032580e6b6dd1ce36b",1126939841.57714
"2d8d64261ba659302da4a481",614690991.747084
"2d91b3a8c62b890fd246183c",1205325817.64545
"2da346c00d6fc39268f12b82",952796248.953259
"2db9b3463f85dfa87347d6e3",1069735047.35961
"2dba091723891d8907905a74",820686826.900339
"2dbef742d0c59d21ad7392e3",945772628.723945
"2dc58e6aab9399e9677265a6",1162050793.18424
"2ddda0ae748b38a6258f660c",1308946173.97456
"2de0ad9bf15232d6056285fe",788159755.859797
"2de93fc191360ae22b0402dd",474557605.840533
"2dee15f1b082bb986f8d9513",557436468.049417
"2df90c0a3e2b9138fe276a75",561014555.440007
"2dfd1808bb95170a088deac6",741652565.873063
"2dfeb06300828182d4109c43",758643356.966962
"2e0a8235637e98dfea862909",703369773.810612
"2e111ff939191cc6df2c59bd",788520065.732579
"2e1608b8c646a102e27df16b",681059123.229797
"2e1f3fb2323fa16150f8bc88",597689054.201875
"2e1f7569d134a931098a2ede",718198796.731382
"2e23ee2beaf5293f57a5c504",643307231.016066
"2e2d3f42f4f8369733b3bcb9",723827156.201867
"2e2f1072d8db7372b2c2419d",730370601.940179
"2e2ff1e620063f416a387058",789027624.320779
"2e3fc1d628f6727880d3d4e6",482057681.767399
"2e41ceccc918145dbe7de0be",646497687.72011
"2e52008bd11000eb776bd80a",1526462011.30216
"2e58c9b6fbe9c57c83bc0aed",754476331.834799
"2e653d2567a47067df169d97",1033126823.49189
"2e6fb29cbc1ccc3d97c92c72",934063582.128446
"2e797c8302fb7ada13ef2d4c",582647324.768091
"2e7c6a89d2cf2d835839f5f1",909930270.775446
"2e8af16a155fe18c8c6730a2",1002302234.10842
"2e8c76f4ed59cd3924f7136d",903986394.169799
"2e9390c4423db604e1c7c4ec",604036838.52627
"2e992370de3eed4ec1271589",819865719.675727
"2e99240e23b0542f1cc75026",776204015.092072
"2ea47ef8f02712c32613fbd1",659204447.116502
"2ead9549bab6f1386b7a2c77",970960801.073663
"2ec9f5265334241fc594976f",668565055.62927
"2ed1ae5e6fa77e447af230fb",889049915.324243
"2ee7f959d069c9ca223115cc",904493941.586955
"2eeb4b0d7afa57b63778b69f",1163187176.47482
"2ef897a38b95d7b769856e78",904099134.684481
"2ef8a530db816223dcf474a1",751669092.413795
"2ef9126614eeef828f797e66",899343883.140134
"2f0bbbbb466fae3fe5c4f614",681852819.716735
"2f13a428281ffc425f2c2e38",694695135.922406
"2f171883b97d9c02b90f93a9",511664923.574974
"2f1880c9b8f7ac2715e1236d",983346882.55863
"2f3281ef06475d2114fbf9a7",477596350.36205
"2f34de2546f13e8a9dee1edf",550348251.911669
"2f3d01cbf0ee0b985386418d",499365699.583087
"2f412384597554f3dab07985",785358848.968661
"2f48a73bfcc91272161afd39",732377601.800202
"2f4b0b1b81c792f43f4ccd5c",557063186.757822
"2f4ed160fe2a21722e6299f8",555383875.41254
"2f610d2242d583654337d468",1459180734.85777
"2f6515defc3b21d82e0ca4dc",585220089.627788
"2f6dfe9443645d6629eeccb9",451259009.781194
"2f76a2b53e091df35a125b13",473198396.002552
"2f7784465c1c69c8f786a0a9",1966510974.2045
"2f7d36523df4a5eee3edbe05",945642731.510364
"2f801cf48edb712627196b2c",686759412.798723
"2f854c9df6212c39091bcf28",722997154.216655
"2fa288389b3031d595973793",783485652.158384
"2fad468e1c248f40ee3586ad",714482899.973861
"2fb149a70fa14ac05582ae69",818111729.266368
"2fb5206d246ee7ab22fb8143",1031844968.07882
"2fb8b2990751692b8ef1ab6e",863158803.97391
"2fba6801eb9a7bce7ed2c081",711873599.713608
"2fc150cf6ea4141106bb8ac4",490405331.50454
"2fc19f73fb877ed8b88a5250",401470159.841063
"2fc38ab2689eb24f63e32efc",964116444.468437
"2fc96ec5fb2c8dec0a5b09ab",989799876.167421
"2fcab31c752b699af5e8ce8b",1041372714.59008
"2fdb80ee4f9a35663e92b3b2",628130491.896789
"2fde05df6a3aa9f57385e6a7",698756991.129547
"2fe64bad1bc8a43fedfe0700",657009144.010637
"2ff0775d2c131d19804f2a2e",590615500.194569
"2ff531e27672ecd2362eed55",1113416632.38414
"2fffe55a1584619bd7c489f6",821092484.033824
"3008e821640b33a8d70beec9",424723701.853585
"30091c32a5046d563597bbf4",570581341.694313
"301b5da33d32c0632b16e8a8",887954577.630588
"301ce25214ddb4b5144373ef",1121278910.0446
"302918a3460b98acb64fafdd",609950804.152788
"302adfed183564312f9e3087",1079545187.08342
"3032ae39e739fe46e9e198e5",938800354.442715
"3035d7ea4b71d204b588dccf",689531252.751817
"303dc73dc1130de9aa2f70f3",689038525.859692
"3043d0b025fac4ed90b448e6",658591908.689879
"304ce5835e685778b1c2b6a1",598634579.213646
"305080502cba05a1c165560b",738001823.810913
"3053732169b2260529f90133",823488349.62934
"3057660e38fb757dbc8bd898",833250642.710585
"3058b792e3f6781e438a2e9b",886147574.933118
"305d6abea2f3e496e3b6fcf4",687017696.778894
"3061729865dd2d68858600b1",604751031.36273
"3064379f468404110d594c87",743697926.047025
"30652905d3eacda34ff61a9e",975479589.431053
"30677852542c78698083d4f3",1681938293.61561
"307acb7b4044cfa5680e4227",1223862193.46066
"307eb683db84db535106c445",670139716.894062
"3083a7ab1deb092f7aca6a54",731125121.488817
"30a30e4ab286fd822c68ab5a",722387239.019279
"30a8b9c197bc42f088d0b873",706291056.980045
"30ab0bbf876dfa515b266c9f",420856049.468096
"30b0c440c0bc8c6005855ff8",768881522.541549
"30b3f38716be209a894b0942",488150133.793408
"30d2ac3ecb8150e4d4339d1a",1158687426.90023
"30d38a7bab2eaaef1ff6be0d",707691193.63095
"30d5185ca2ac2fcda2bcb79c",722983348.163079
"30e10a03626eeaf8bc2c380e",876537888.546704
"30e134a6cbe61d7954d0f56b",376772052.536367
"30e1bd4619483b0e896b5229",790232393.712743
"30e6d4e1c53e9e81ff66df43",555173500.320642
"30f381306494ebaa760b990c",690946817.651387
"30f3b383f2d5e4709c9304b1",827416533.782167
"30f6404e8034dbd513aa8a30",429868085.244846
"30f77637dd52e728efaddd6d",947245464.591835
"31081c78ce92e1d8dbb315b9",772929619.609211
"310e768d2e8836432f8b3e97",383029419.601175
"3115e2391cc3a078b5e6066f",678953588.820212
"311dcf366691c44243b7b89c",888858734.209358
"311fa1bf3c405f9bed13b38a",480450565.798171
"3128a4896665d38feb72b456",785106029.767637
"312a6b2a57dc6947f95213a5",504792638.021909
"312ef52e0250429a5ecb3b27",1054218885.51534
"313abf19d78b719cce4b3188",971365238.009904
"313e17c442fa3040065b7489",741842875.002927
"314153750510e92ddcecf33c",962032632.588719
"314479aa7b73ef6ef44e1c89",630963736.813715
"3146f3ec9b237fa0944cec7b",566449154.943631
"31474c62a8f39e250fb2882b",1051355006.66017
"314a1e163d0b77b0f384da29",452938492.719898
"3151daf55106dd159f27a8b6",532499588.755172
"315ea6fbd6b3261cae7fb900",873765599.906311
"3164e0ecd246b8ed6cb6d054",778505942.818445
"317d8f9d18599b346639a4d1",502996137.742854
"317e95fad7d399673719537e",750835430.169691
"3186cd0a3125adf3b25587aa",986770091.697508
"3192bb7190b9130c4e67be4e",761992012.107111
"31977cd5d4c09eff149e74ea",812607499.416703
"3198c4acc62c1a2276bf15de",753640626.441365
"319b9accf9980ef2ef81099b",1077334461.60562
"319ba1ec06c9b6ca6990f4c1",1213259667.7594
"31a1492e589f317a58a79df7",843224898.257901
"31a3719e57ab1425e7267fad",876703948.591843
"31a6c440ca9eb29acc0f1086",1274552848.38813
"31a73382ae20331521bf2e6f",677401765.907093
"31c69cf4d197f97ac594a896",913426595.44986
"31cdb68dc6476128c4bb2f5c",906688369.19406
"31d3215c8345d48ce9734c65",466275103.15307
"31d6f089626c4fd08536fac0",632261570.752743
"31e241881acaceb02ef915d2",855213775.176035
"31ed69311bfbbe000f4483d4",797860250.922485
"31ef69bed8e54b5e1fb245aa",792430782.955065
"31f52502e89beb1b2e0dc3d3",920389466.603716
"31f56b841b122b35615bae2c",582272229.574445
"31f630c44db4be5360a57640",633228242.765706
"31f6a25d56f3bb36386d07ae",1016997819.08258
"32036c1eb131e6cc4f3bad3e",446966601.691662
"32040dd7b8edfbe331773288",893863182.831445
"3206523e850b5b5fbce567a3",1183665737.28023
"320ff6c0320674fd278f6fc7",685333139.669634
"3214488a8fa9cf8b3dae877a",570982988.812036
"32161228e9c502d2c21beaa3",619239520.089281
"322bad590ae06fb48f80c533",423604781.356898
"32354bff9df0267a5e139156",615025197.331413
"32366fe92222b329e3d03b29",778913985.680083
"32421841f7eeda76160d7959",728585088.876653
"3247399a31df838ec5fe58c5",897955687.553285
"32474481a0f8af34a4edfec9",555754763.648702
"3256c6c6f30aea9cc79b7283",919356492.817109
"325ce336d3df17a078db5166",475742594.373072
"326a82671272d893ce699476",814734536.402937
"3279efb86571efde18eeebef",842103317.975618
"3289958459cd87f24089cd14",427254631.536594
"32915b77ca68000ba9eed6d8",688615914.842479
"32a10e550bf7095627d17da3",532515441.270994
"32a555016892e7a74d231545",908796645.518337
"32b678be83da2a07b37f3012",406725148.05109
"32bdf33933c29b1cbf89539c",843384647.159229
"32c1f617f2b1f537ef703712",931975900.175884
"32c7a2d032ee21f8bbc6eccf",673737757.707874
"32c7b848ef60432d98f415c5",669236811.034787
"32cb6246cd94f962f780a1fa",440033520.823722
"32ce96d8adc8e549b90b4a8b",740221495.89572
"32d2c5f1707b00c93407a19a",699921322.750115
"32d56542ab5486bdaf4466fc",910176719.556876
"32d5772adbcc785ecbc2c55f",837295716.230248
"32d5a20c542a8194a6aae965",715094026.1464
"32dd96f4f07f67806146ec46",695480774.341531
"32e182242a654ac03a8f3ea8",385732225.48168
"32e6518755191bef743b28f6",649170118.511862
"32ea7e13e8d9391aa9b7ab9e",443330872.527014
"32ecec7d5c47d02969368779",697014752.471438
"32f3364ac1fabdd13db1cfe5",444983235.910963
"32fbc0f1934f7325a404a2eb",802669644.075438
"33043b254b9085fc82ee1f7f",425561625.461043
"3307731f3bc518012912f1b3",691645967.206132
"330c37fb5065311564fd35a2",688960868.403083
"331c515e7f0dbb4460810999",653559166.0801
"331d54f8a1bd3dabce73d6d9",987816274.573877
"331e915e2a66fb70380282d6",795177262.41749
"331f0957d55d7f03df7fdc4b",852864532.340996
"332201e2583141f3a02dcca4",1003500659.70164
"33258f995a375ca192ca4d3c",812897221.440062
"332e395d4ce62523a2e3208e",491511389.302289
"33305df46dc2186c7e3f727e",1168280745.7513
"3335313b9060ff29782906b6",605569862.499329
"33379968a83c8a90c23e77dc",664930206.14288
"333a643c623a9bc75f3a40f2",1208534100.13338
"33425419e1a8e854418c5180",366567438.40032
"3348706086aa3db5c92259c3",439410593.033151
"334b5b9fc68a18387ae59ebf",532269440.477299
"33501f96ba3b02da073d586d",468827401.417044
"33510511ff07dc7354cca7e8",539515281.646172
"3352469ca509e8ca652fad1a",823125764.923583
"335626f385c28e8370c207cb",631706288.250485
"33598222854631e92fb72baa",811155191.416731
"3360f48c1ec30dd1c3175101",721742509.251157
"336888717766096b24215b26",925498155.074096
"3370a48ec22302456c41ded9",532863963.967289
"337c81be4cb14d494ca69db4",796144727.381589
"3393fece8a6ed311ad865e66",734426982.753839
"339bc881458ca34bdcb771da",1038198652.35415
"339ca7bc687766f517ab3274",493658422.447314
"33a334a16c4547b9d7842c3d",684951017.394862
"33a61cda27fadacce0d1aa7b",1036718671.92087
"33a7f6aebc3e2d480d287199",895525219.900088
"33ab442cf58cfaa33eefb6dd",376986231.428902
"33b702ced6de5f7ab8b29e7a",603634072.075375
"33b92225cef255b0e4b4edf9",608527749.429567
"33d2d1db291a13affdc209bf",726569359.214356
"33d6b1bbab4524c3aa03756c",637302063.849654
"33dbec39ef8c0667e4c3f039",783957590.802064
"33ddf4e1ed8c864e9db16887",515827224.078526
"33dfb510aae260ccefa4d349",982807826.724502
"33e22ea4154e8f71062dba8b",703371537.287984
"33e4901b6e72593513a02207",535800098.153489
"33ea5de5e8f5c639a213414d",602532769.721513
"33f1a7739cb556a78af083de",867449610.140805
"33f4f9988387bfc237d114fa",950837885.158185
"33f7d5aa494288cc90d60456",806498122.654701
"34067d9b2b4e45be1e5cfa32",489000514.370906
"340ae520163a220061bd7f28",775940476.035951
"340c4d762f830197fdaf0977",1011180513.93003
"340d1313fc2dc8e5b6918262",650105423.246927
"340f96c7de105aec5b7a28b9",694153774.417251
"3413f37549869d2172b76d6e",985410733.458256
"341c307eedfce3f735f4a63f",691808288.039765
"342027b17940a0cc5cdbf8d9",962724746.972331
"34291b30d129222905ffdaba",775098542.775936
"3429c774b736cefc051e2c55",609703420.898649
"3438e5d77044f21743e56edc",731829422.438526
"343be18b0f77260f32ec05d2",529251013.89187
"343f45e7d178eb780a9a9818",590022872.094627
"34447730b60ad12f4775894d",1198349121.10675
"344823ba2777540ffa2a8fbc",1030023021.63774
"344a104d2210954497a5a388",894700283.686462
"344be03236aed65e74b14a2f",688047166.763888
"344f3bcc1acdba48c12f8441",925751774.427151
"3454ab4ad567d2d22d990fec",877351632.883385
"346c734ce163296a07526a35",596601760.800622
"3477646f548971044f8f0494",340923386.910278
"3477d85a434f66df58fbc094",1264034261.27741
"347a4deda03bfdde6d1c163d",695537741.093027
"347d5081f7bd36c8edc1f352",939797064.028005
"3487768de3a13b7ee3df0254",799831242.029807
"34896afec0b639648c527483",908683534.448531
"34926bd7f9880e277e75a447",574404708.852692
"349602317da0e456d88fe24f",1102311606.08791
"349768047d470d2fa6ff1930",812508967.636404
"34993717af3f861b9735df6e",533569169.942506
"349fa9cfa15d8f8bdcbe863a",1111777027.06742
"34a9e3ca94ac06347d879942",1156985792.10893
"34bca71dc9c74a2072f11e9f",935851558.812091
"34bcfc2f0cefad790922879e",1109681097.29495
"34bd7be0761ab3d43da7a81c",646883670.37431
"34c84d0a410920c303ba69f8",669053056.613556
"34c92caf68dd0cec9fc383ef",983511577.501752
"34d1394dbb483e55d1cc2da5",444034872.743173
"34dd15023216e187daaf5a07",846326877.355226
"34e5602cb58501859e32dc9f",892464328.526152
"34f0542a538cee9f3624d897",375794858.133951
"34f220a8ee1f24bcc5790364",607944091.989902
"34f4df9fce2ec05633d0cbd1",556803087.665465
"34f99327fe595ba6e32d89a1",702668453.515069
"3503f56e09e639be4762ff2d",778427388.443383
"3507f260c3c6e195fc444533",668460031.141673
"35114fa32397272437e67a54",787726606.639638
"351701c5d1b821253e2c8c42",456047012.424271
"351a3e1b62cd51d46913a8eb",984269764.959597
"35255f80583ffbd504250554",854588155.380436
"3528df61a44a9895248336c9",637686730.802079
"352a76b301243d22d1b31f79",634293139.941713
"353207faab3dcf10feaac8ee",787976251.455895
"35352b370a31d01748616b01",1161088873.19559
"353743db4334fee80ac08d0b",956611240.856469
"35381d7a5b25317d7588ce77",749876752.133257
"3548fa5ad26ba2ea999380a0",529761585.394287
"354e2de1e3a81a63e7fae4bf",935105524.696941
"355d1fb69bcb4e8e8ed9ba1a",1081813748.75924
"35616923c84423b44d1d1438",1109270846.52375
"356712646865d98127b92a57",891614966.863495
"356815b8ffc300fe03073b7a",686887236.405823
"3569024b3ae4865240973e6d",444503987.111892
"3573093e56e95a982a41879c",999366779.816234
"3578144f12e13e98e8cb2480",692859722.408105
"357e2add3d68167a4f3ce15e",1028576066.3124
"357e58ef96c53f39e267b80c",1309491241.80769
"357e653c4bea02df1b08c62a",766547426.106145
"357fda0abf79ec95f73e3584",648987618.884285
"3580dcbd0a6d7d6d3546dad6",761481606.880756
"358e1287e24c3c4fb353315b",831364527.175053
"358e85ba765ddde3ac31be33",443246899.431168
"358eb586d9649d20dca9bfcd",876594341.853996
"35984f749eeb84eaf938bb08",862971271.889078
"359f6a66a407e30b40979d2c",926021552.083078
"35a39cf33d16f8f5ff75fd6c",858991463.564861
"35ae7661d8191507cf9e7cdf",580465673.69304
"35b03ab66c19ba2049ddb9a4",495154833.031845
"35b1cd8020e7efbb9ba5adde",729083308.329817
"35b789e1d63f8f25980d21a1",997320957.207282
"35bc25d0f9de2ed4f714fc8c",916268956.368062
"35c7a7c0ace36f4b95423c4c",460502707.786865
"35cb50346289f0590dd24d83",812434608.879217
"35ce37bbecac6b164fa21e6c",534810595.04263
"35d79b2ac92083bc439124ac",495481622.313366
"35dc60a65969b264ab283d6d",524086057.143254
"35dedbaace193598c9c438a7",488115025.800208
"35e0cac576415a4e61acec80",1309491241.80769
"35e55d060b1c4239a85c0ebb",459717972.607126
"35ed4187f732a1ea68dce712",968786460.114815
"35ef99962cd5984ca87bd326",726148138.317668
"35f69c7a9870ac62735d7639",430179811.704681
"35fca2d53ed17ea7637c528a",1219429199.97876
"360be0df2c003005e3db080e",1200992935.22945
"360e5cc9ee1282e5a6ea17dc",711479253.07354
"3611c89dc71078cd0aefd2cd",790506536.359066
"361715cb422c5fcd9125d5e6",486637632.331341
"361ccd7f37ada9c07ffcf71c",891600736.414017
"362212de783981c9ddb767bb",591179630.270321
"363c96b85cf07dacbb10b92e",536140499.113036
"364256d0881131148655e006",786225421.081121
"36445c32822146606f75dfdb",1002077222.09088
"364b8b8759e3c408c4005021",709140768.583534
"365a227184022e99f1d2a816",732887036.532299
"36753a5e31b0edb1eecb8bcc",557786201.02683
"3676e34e4824101f3fd9aa2c",804945010.933832
"3676f63aa0ab23ca7cd344b7",702643077.850819
"3679e1844a35c0c87fffefeb",584421371.00171
"367bc4fef78a9800f8616d02",574445150.33376
"367cd12d7f4aa93124047eb9",689007363.711964
"368e740cb71b9175fe5b7b6a",1168280745.7513
"368eddd8b6d39bcc7124a41e",749273591.352536
"368f7a70a62962bf31ec9583",1200992935.22945
"3697e556be961a16a621f3e5",499731434.997075
"369e9e64898ea16b7ffefb7c",772878196.015681
"36a0a1f0432c954604825b6e",937733604.66962
"36a11817b32bc24eda6ec8eb",505751004.43622
"36aa7d0cbfe40adf3c86a134",673346503.921309
"36ab522893b5f01caea4cd0d",570953051.984687
"36bec92975612d091a3c78b1",696942670.652104
"36c0d26b83e575a500a6c30c",631762620.469416
"36c2cae6de0add92f32d29f4",782376911.495916
"36cd68fc3ffab79fcaa340ab",520793537.070177
"36d5003f0b5ec7f80e89262d",880802297.421014
"36eb8139a5ca1b8459eb52c1",776645044.545689
"36f85981124e858c157f83df",812799480.115323
"36f9a0ea831710344f468bba",480450565.798171
"36fab4c38cdd91de650e6abd",727105513.103057
"36fd9fc1f1d9b2e10c1c6463",712053128.618067
"36ffb5566bc35fbce9e42679",506038502.379065
"37050aba3553f3869d59f809",856851449.893836
"37063e689732880621e4e733",976549458.365019
"370a0d0da794efd58cab251d",1009702686.67266
"3710ec95af4702c45f165279",812502314.986115
"371a0ee537001f7a9d58465a",820160246.964103
"371b5ecf08973fc6e6849d14",789075018.683045
"37227e66adec69299f853e51",749716433.374022
"372a3934e8179422b5cf5729",723107802.973898
"372d67ccb9d251e290891f0a",419925642.468665
"3747996611a842c452865a9c",894687236.485499
"374ca1a16b8eba42b35374ac",762791590.746103
"375419559910484b17782b47",1457584582.78076
"3771c66b9ecd6db0b201d4c4",512995428.688893
"3786baf40b31a20f3bf3aa80",535738775.987719
"3786daeec4a4fb40ef07d8e5",943050958.046801
"3787f6da3e961c0e10d30e6d",1041760201.39921
"378d846a7af35e0c3efe53a9",888120403.225287
"378e6374da00b72bcd7920df",733088461.725347
"379429ee3675d1adbf816cc5",693535010.779196
"379c4fce87557848548b0944",499124852.400237
"379fcab709c66fa146d3491f",862316977.716618
"37ac1ae3a7e2a3319eafbb58",590727392.262121
"37b8e8a194e4f2fed7ddcd96",449659196.174717
"37cf2c5c1c6fb6e601d2f76e",400425586.762101
"37d12acc69d0e3e92420e62d",806823992.099384
"37d39cb7d3849a784497ed0d",909997106.292659
"37d5a902f1036cf3d80c275b",806909345.005061
"37d5b8f329ed1ec29d4bc035",550223124.737652
"37dba4927e327d3a4a0c1d36",683546882.060476
"37e009a57645b845b1673b8b",729641788.779689
"37e0fe114a3c7406daa57443",889989814.049657
"37e28ed39a51956880d211af",1287839931.41713
"37e696957da15625da71146e",564539872.349829
"37efd3e2a5b6567957c62081",701110040.470384
"37f39916813a58b844e17833",892512614.07553
"37fc4ce5dfff7faba6bebf8c",831988828.784715
"38026eb43ff9876cd5767ac3",666358038.009943
"38029a1aa22c0a5beb065edb",967981803.598056
"3804d5b313b742228ef0f1d8",1230843107.44978
"380759598c614cbe10ae4bfc",779685036.629968
"380ae516dd46442f97acfe14",918006992.761484
"38117bca778373247df86e14",590022872.094627
"3825ce5030d951ef0fc2f7c5",469430729.280534
"38328747d2e1e0e568c05523",623283498.58724
"383af3a5794a0ec3efe78b2f",715302865.537485
"383b3198861942064a63184a",693569338.855731
"383c0948aac71636973507f4",682443132.235474
"38410183814a757520143737",785403534.517173
"385488342bff3d3587250c84",802609463.893533
"385fcde12021f4bbae6ac2fa",548673036.544725
"385fee7bd9ad7722d45dd034",579722443.050428
"3865974fbc1b412f24c47eaf",915538964.676238
"386ad1ba1cada9649f3415c0",795927798.955289
"386ee01c3f7bd8bdb91181ad",1026972270.95395
"387af5fb4b4a7f5c3fdcce57",745020896.358408
"387f18b1f01b1aae536752e5",643833826.999479
"3882da646752a82db088c614",532094946.96995
"388a6dbda422f886e503e685",1479198700.00938
"3897d9b5fe3a0cfaed7c18a6",532380560.339225
"3898683e5d24bab9eea24d30",721477467.971678
"38a0fcb41f0dbe8b0ef7af8f",664335128.892411
"38a1e2050dcab9b4c70c5e83",529329214.749265
"38b424cb0e54f0f7f2745781",843384647.159229
"38b87cf007043b76670207d8",1162959027.82087
"38cbcd7f88c1520fa083af9a",936015376.423671
"38cccc333e2c38bd608e1880",696969614.746332
"38d4b1837c595b6d9a23e994",959845546.271522
"38d5b9319bc16bae99fe73b9",772544696.152842
"38d6842c2807d54f386bdb5c",857361647.589163
"38d6c2a9beac610279bc110f",504945182.505537
"38dbf1b9c5963e9c3d008340",869120733.655875
"38e84c560b0455548ce186e4",472188971.82324
"38e8630f2c05ea38e2257c21",685333139.669634
"38faca2d6e338d328428f986",643866946.589233
"390107256faa08574d7231d2",757356152.87042
"39124b1ec419566a371af8d4",836011469.490776
"3917b95a3d05a5e58c117f68",630727805.639272
"3918fa99179953461fe07f2a",1033408367.51084
"391a98a344e894c6397d62f3",450026170.079782
"391cfff759030283411dfe1a",467168155.92999
"3920eb3f72b96fcb58ef778a",513407639.265329
"3921d7b508fa1591d40802d4",445700805.023655
"39222ab30001b3cf45b7de65",517611621.123083
"3923f0e655615aa6b52721b8",814135338.549031
"3929df6d73b3ba01bc018476",482662212.222163
"392abbc83cfacfe87c401e27",693391999.940765
"39351adf139f820864dfe8f4",1288201167.7429
"39377d0d271da03ad85c7bd1",622661843.531264
"393d99ca47315ae98fe9e7c8",1429510046.63126
"393e2e7ea1f20eb6b4148d60",892121812.063079
"3943b64f9550a575f15d6d29",1116760555.10866
"394718d9d069a126e13be804",838297933.860357
"3951171501fc51e2d830cc82",1190497249.62046
"39542105a7c46ded0cc373a7",886378855.934652
"39579c195f288da8d77f5ce9",980856035.986826
"3958d0cb732f3d623764be54",739966838.728902
"395c34e4b8f52cbdb0522459",817549051.382001
"395e3718423aeac3d40494a7",688959255.63539
"395fbdeb9f0c0586a2b20edc",583791556.630464
"396761edaa353e0828949bbb",623776722.24941
"396c8060d9767b4debf2a54c",784489661.349388
"3977cf1326ff502251f78f66",755054412.724676
"397a7d1cfb809e34797f2bb4",721476066.130359
"397d0f6319465fd7fea6f710",998049029.88834
"397d4e490eb2db8a1b18051b",773772713.334447
"398274b1c46fd88151420c6e",579119656.36274
"398a67970cee5dc873d71bbc",1006557352.90913
"398c195aa41ace34a16b0d7b",1105515232.48414
"3991b04509fa61b36a8f7d2a",997593474.806005
"39940234a26e7264b464450b",790356803.314825
"3997c10ceccd2f8c8e43cda0",1199030331.63151
"39a12600317b58457f68b5b8",438888778.90635
"39af71aaea23b5c1e987de32",559909930.468741
"39b62c6fca161b80bc6726c4",1313697404.36955
"39bc028f3b42d9ea48808ad0",435560500.934099
"39be6f994f2cd3d68b51126c",827903666.699253
"39c1613acc0ba4fe622c1f31",826061970.627237
"39c6bd862f908b7e8088f0dd",782380675.789664
"39c70622597e64c4821d0731",1049944469.76866
"39dee9b1661292cdda6c4823",648590882.918685
"39e306be57a992bcc75e089a",434595156.940036
"39e4765ae5c8284e1f3f618b",846602776.825632
"39ef085809bc80e32e7b6af6",1273559846.93828
"39ef4fb2a43fa3bba15a0b16",813114111.538037
"39f70d6b68b22668a0631f37",907509115.737456
"39f9f736d802b166ed688224",1103413316.24456
"3a00543fb00cbc044a5b3527",379366491.861707
"3a103803cf9cf0451582d89f",410442763.272668
"3a10398b72905bd710ffe9e1",1127153340.25576
"3a26efe201689493724ba464",627643597.255002
"3a276f0df8c12422e14107c5",885574502.668381
"3a28bf9841e6a9d3f1bc293a",859627758.127699
"3a2a2df4f07902b04b809125",754848153.34876
"3a2cacbd3b4f9a23514b1433",1393302945.55268
"3a2e95f5eddda4df84b2e2b3",580486356.851917
"3a2f110334251e97abe3583f",570889116.240163
"3a36f59d7c0e6c4eb85ca0cd",1223674683.04626
"3a384d68b7ddab45e01b6e99",890182301.720243
"3a3ce11d981d0893ec732e22",892290824.4815
"3a40bebb521445fcd32cf033",661799603.76598
"3a413637f3108ddf7bd53bcc",775940476.035951
"3a488b9e24d9b8fc7c222e20",445763242.664631
"3a50d40f15b1cf5bfb338092",440880339.333197
"3a513410a390c75fc14b0b3b",610775158.870955
"3a53919313bd750f2b1af906",1032052678.22332
"3a576586fa1aac85c2ffb75b",1474550355.56428
"3a6262eed8967d695182e435",744152206.403095
"3a810dc80d3a63f8cf106717",876732349.765525
"3a878d44356885ea61bd882b",621720453.180615
"3a8a506c99ede47ae2257e87",753038212.125963
"3a8b7b9048c82797fb01a8a1",802476786.135728
"3a99197868ce338c738a3b20",755827489.732582
"3a9b2ef74c59e96a6b107357",695265019.916637
"3a9c7ec02f3e7e419669fee2",443246899.431168
"3ab2ed6d140698cfa41f2e3f",645938252.9494
"3abe8f334f0f20f8006ca5d6",512721876.949885
"3ac517f74dbf8cdc8feadfe8",641709344.966141
"3ac77ed776aa4630c7293240",988159232.768919
"3ad3c519ced4b63ddbfdb0a1",427007594.359272
"3ad457c8855ab8921a7974c7",798925164.987871
"3adadd50e603746e5e4fc082",699186677.017337
"3adca5eeda4939a5ea11444b",833382146.173063
"3adcc2c662c8c7c9db5f0982",627334517.294483
"3aee70815bcf6effcf0e5fdf",1109260758.72709
"3af2a1ec9efa6884a8254d28",699174676.190143
"3af3a702988bfa0599727982",902037120.087453
"3af4b54bb5ee5fcff80f1e53",562189617.026085
"3b05e06aa0bc40b9db16416e",479441636.833296
"3b0b0bb06d95c5ea1aed2d95",480813085.980246
"3b14b48188fdbb0917414039",803746571.81806
"3b16ff50ec7fa717efbd62ab",859476998.077372
"3b185e3e31f7f5e6a1b3193c",786485677.955682
"3b224cf6107d815a2e78996c",802014934.272163
"3b23a71bf40e800a66bdeab2",435315851.832775
"3b29177e99201cf4eaae612a",1036391790.06005
"3b2936127f5a4684a1d3de22",744266078.961555
"3b2fa7905fd8fcb3e11ebcf2",965990732.047901
"3b368c10d243f6bc9c027061",454822564.267676
"3b380c563ed2505b7630feaa",1119170365.22304
"3b39471f854357b7e5d2853f",863617683.52013
"3b3e423e248b23090a2897ee",614972027.000258
"3b43e7acfab46651b099b1ed",1087537943.24565
"3b4b303bbeece313f92cb85e",785210090.968745
"3b4ce006ef95420847da20b9",688733203.154671
"3b4e889562e4078f8f369172",741378256.702473
"3b51828a1e891f3a52a4653c",768230256.684016
"3b52bd5eee5ef8e3871dcb3d",1153053558.27662
"3b54ab53b6e3453e333a0939",386374702.373044
"3b5a5d6536a9fd24f02e8ba0",441650376.205399
"3b6c37e7e6ff1c03ee4fe995",858869814.346591
"3b6c94e3e3684eac73b3e7f6",1938796099.06151
"3b6cedd9966332f0722208cf",461218286.578317
"3b6d88f864f6c1759f957c73",1310701871.26759
"3b739666f401ca6b2135652c",1022293459.24177
"3b758c26283c2f11251bfb89",1045111672.94413
"3b7ddf527979726fb8aa1683",644038355.787199
"3b7fd4008e14e394dd09a0e9",1459180734.85777
"3b823e81c5378ee3c977e863",709610481.042204
"3b8302dabc47048245acc09f",778618939.121167
"3b98c8e46cf8477a1968244f",625893181.940477
"3b9971f91bbe4b8dcc704ba0",765287338.681621
"3ba644c7be754c21e3cc48ee",878097512.854335
"3ba6b07e752fa580f630eb8f",1045918884.34844
"3ba769d65f02217656e0f5b5",1123511432.17424
"3baeb28cb33d048bcd6e42cf",392470790.541772
"3bb15c6313ee70bf4d88f4e0",789932061.012075
"3bb987adb4ff573ef09b8c12",634321411.94894
"3bc1d407f7e7c8e67f7dd27c",780293626.715409
"3bc68bc2d6a2b81f9e3b9a50",871494869.972755
"3bc80c56871193dd782696d3",485312865.310469
"3bdce823d3b96e8f0170d96d",854749768.615018
"3bdd7be0b5e18d266189d991",819694431.107939
"3be69554b1cb31ed5732a836",774951728.222166
"3bed16373c8ae820187e3d5a",787526681.584404
"3bee8a9981a1e9e13a05cafd",736380629.963228
"3bf1bea2a835d7fd11e47ce8",557575255.843686
"3bfccc757ef82ff2774f2db9",1345642116.14613
"3c0b438c7a4fcbfaff9f678e",810978014.908502
"3c1b1f86087f9b99380e387c",825265163.592667
"3c1b7a0a306e16e8c22d78c9",863364910.45373
"3c1ee7e502c6bfb20873b47c",695418692.721671
"3c268e9119b8027f78f91954",754759198.23526
"3c26b2954be250bfe239db68",393047021.519857
"3c2a535f1df831771b859a86",779935235.375405
"3c2f62f464aa5c48c470bff2",831968775.69869
"3c35c8993bb937164ae4a880",826530823.428585
"3c38153bc36b364b92548965",990758446.861489
"3c3a0f57e030472879f454d8",779900032.428978
"3c3c7861a9727bedf5e3cb29",943291175.990387
"3c3cc027fb179e91a46f11f4",558296205.418775
"3c45bf3e3e31e7804ac91704",522294103.652963
"3c4c18326318a7207b589dbd",402760647.370029
"3c6092e8458ee81aed0db0a3",667902254.845352
"3c660885ddd7e98ba5ea26a1",1508396571.81215
"3c6d485d7b01ddd6147746c2",612856440.903316
"3c753ecb3a4f8ce43077a6c1",1134002778.71721
"3c840c206546c20b3e53d4fa",786258821.473663
"3c86651d9bbfbb335f15b544",613928451.612678
"3c877a0fbe08cda958ff8f46",1160953531.02718
"3c8eaefb3f5dd8d4c9f5386c",746452646.522934
"3c95dcc4bc3788b4cd5602d5",796313563.212648
"3c9e3b97db788dcd10acf0e1",520588902.264667
"3ca0e7723afebbf53e390297",882349404.114231
"3ca34fa833e6ba10cb4b1944",590279951.139468
"3ca74495aa9adbd533ccfb96",969904577.872897
"3ca7f183cc0b303e5d455309",1081302056.77004
"3caab5e89722761d5ab2498a",643468493.665537
"3cb1773d90dc240c4ffed5c4",1024726440.05911
"3cc722d5c764ac261611c2b0",456298196.114729
"3cd016f68705e73b819cf74b",796859396.740553
"3cd3537b5f9475657060cae8",1304471596.40417
"3cd5562115870363ed5d7558",1118840643.4612
"3cdee5304896e4cb9604ebe3",831294259.149688
"3ce2c7f1ee7569e1b916cddc",807571300.675219
"3ce50f34a7974ec17178a79f",824627951.664348
"3ce908c9b70f349158f7d04a",887848650.970539
"3cecc0cc43ef46670a8e69bd",852240696.911307
"3cf9282136fad24af0f7ebb1",874731677.211887
"3cfd9ba5c6993718c0c532ff",675681355.987161
"3d04304c8644c81114c36f98",965149526.429614
"3d0cc51b7a2392f3be3b1666",719292857.860127
"3d0de71d822da8a999bb6222",536420543.942979
"3d11a16b008c26fe43deca03",585948617.571552
"3d141576443a97b0202c9672",1037400838.68207
"3d162a854aa05447e2cae0c0",786263670.675548
"3d1a767dc286fe1cb86ed9f6",964656895.677437
"3d1a8884a9687e53e5fb0bb7",775198571.228724
"3d1deb639d94b292552a123c",932383985.12788
"3d24d985b95a3e200a734bc2",1366797449.03931
"3d266736d0307404a5804073",666481825.550905
"3d31144a77cb51647f3deb02",753756908.743457
"3d3317303679a6a5a381d0ea",1127477569.95687
"3d389130627ca7bade643f47",729717257.581155
"3d3a318662cbe218db0878e7",1081608838.03624
"3d405df6e5dd012419f43ba6",814209059.427281
"3d43dd23536f843c2c5bd268",764467899.668538
"3d44c742b1aa4c022a968ea2",362022576.514568
"3d474c6a88ceb86e00f68b3a",646712443.142964
"3d4c48167a8de8cb0e4956f6",984850887.601846
"3d57abd322b0077efa1091df",1099747435.60148
"3d580d0df1bf9dd124c282c9",776234507.629425
"3d5ece38670c1c96df4cfff8",690946817.651387
"3d63320260d150d134fe8648",736449605.893818
"3d6815fb68ce959cb95e225e",778908406.10492
"3d6a9a4f2336a46eb62e6a47",1166753144.2098
"3d6d51ca99f2747d6b92dd19",795433061.897607
"3d722d960b860b4bee79ae2f",649088631.208331
"3d9856c3ee0a4b5a833c69ab",591781641.885614
"3d997123b33373024bd2cbe1",957267780.708979
"3da41d55a2b9f78c2b10c75d",815903497.748011
"3da9de8f610e5c40401a5b78",862124780.789527
"3db3b80a902c10004cd3a3d5",972417865.483394
"3dbafa8cd5225e261ec9b6ef",430177877.708076
"3dbb09358256bae5199e1318",641208656.741276
"3dbf89c6e97182647bb44e69",781027595.223447
"3dc0fa238745fbc31ba88853",445538263.157202
"3dc8277f29d0a2406fa25ce1",497591168.138538
"3dcdbb92628e6a200adf48e8",1232563186.40492
"3dd4fa53bc59e5852f9fee98",894810367.417407
"3dd8085a65f24b497ea59557",883901624.881111
"3dda25226646e1e91f4c948d",908328065.378682
"3de5d35f742cb4eb68d5f314",735276547.289602
"3de8187003cbf6c4813bee45",453215725.346401
"3dea0748459a295fcbd2f0b6",508669008.236185
"3dec1da01706b06f5d6a9266",430357428.413921
"3df855d8893dbc62eabd95c6",592643411.258404
"3dfd7e954d6f7f40af60bc9d",615005948.731586
"3e040e87b89a043564f0d0a2",792753824.548933
"3e0c656b64d39ab38201a112",557271075.571347
"3e0ccd899ad73579898fe73c",1103644978.36497
"3e18c851788fa8724ca8b7cb",533843125.398296
"3e1a1b2a518d3ca2fe3950b4",722776136.842062
"3e1c2c5b0831edf78f7b7082",704686867.708924
"3e2c1d2cba8755ffad9cff27",749513421.568684
"3e3717eda8ec9a68c9d83027",510862144.559159
"3e3880088f0df7c447e27840",649702940.213585
"3e3f264cd0ac7a65ed2349a2",1107718280.86924
"3e4c1e6435ea1a9c3150aed0",590022872.094627
"3e523ee3a6c2d89436539792",951330391.451242
"3e6645f2cd377ba17ae2e46e",446189608.649111
"3e66557e876a876c259c40a0",788174395.7235
"3e7217f628a1d0fc9bc47071",840640746.268499
"3e7f514983daa92e49a7c87a",347605583.56453
"3e85b447edd3b23b5a0d3b79",716993716.030495
"3e85deb0237521f1a7a8fa84",868095442.778832
"3e874c25176a3abb336b31ac",719437307.663433
"3e891afdcb568befebd66fe4",485683695.215848
"3e8a4318d93b1fed4c48f48d",1151963887.2392
"3e9083411c44213130b2ece8",763865839.947561
"3e9754a961d2cf348c9ff7af",763855407.10149
"3e9cdf767389ee551b5349a3",554286361.672037
"3e9d73530ff24d3f4a543091",954248086.405671
"3ea5478270517f299b20bd06",777444932.038897
"3ea6e8da2cb0bf83872dfd8c",758357468.073488
"3eb79541c2ce9413d2c54736",843384647.159229
"3eb97ecf8069775b9104af85",1063346844.77088
"3ec50faceb434f716d73613c",1058128154.13962
"3ecdb7a7d178b48361340ea9",744328968.382287
"3edc0e70e7cf6a21be2f0d53",437165627.38789
"3ee3ee47bfa21462a1fd455d",593621950.404897
"3ee9cfee7b0acd482672ed47",657823208.1848
"3ef167ca6c4ac77f6968d17d",909141021.065273
"3ef8fee6a5cf42827d8bf562",1056087026.86231
"3f081fb77ad08f8370569bf9",677311070.384289
"3f0c845deec1c24472a35efd",1371927078.08392
"3f208f32cc24d8ce1506ed90",790636525.298291
"3f226452520ee8f04e306bb9",1170957702.70609
"3f295e6c14e23cff1468bf82",889367788.046465
"3f2c18ea5d8e9a25adca4c42",904647826.840418
"3f35c44229ba13940d8a705d",1088501673.74878
"3f370094239ab6fc817e9ec0",1187978624.69255
"3f39a260b81dd7de1dff2b31",971077785.288182
"3f39b25dedb96409dc9d1947",1319259396.09483
"3f418a8bcc7adfa87e0f67dd",872493816.595934
"3f4272a3a4b14ce152fc3abb",771529446.089361
"3f438d6202cfd4527bd8f983",562043909.49302
"3f45ed2f08a2b03b738fbb5e",480167122.379571
"3f4c2c98a5a6cb78d7d26327",389130916.976762
"3f54091296f773f5a1bb240b",1068959953.42211
"3f5a0cbba1433e9b6588dd73",644434399.314798
"3f6b2f0c0876c21755369cb6",870823067.452249
"3f6c05c97778fbdc86304bf4",972854614.967782
"3f6eba5c365508ac192f2b82",503992997.733858
"3f6effb8881ea683838437be",770499588.328754
"3f7c5d8304fc650bf97247ee",799372475.237386
"3f87d08afecc4aba03587848",957525844.064177
"3f895518a7fccca44e534578",552976361.369298
"3f97341f90b11e6a7a7f7c2c",913514070.357465
"3f9a3edf25152433969f98e9",788721784.625934
"3f9e95762d2f2056e9716039",738792059.6804
"3fa0d9e247f28968a5bf8476",611932124.934043
"3fa4ef366575bc72ca5a0582",1072904729.25495
"3fb3a581a9a74146dcf9b71f",563485567.416283
"3fbc0746bd620a0baabbd859",697692310.608897
"3fc7a0f9c30978f24d688fb7",705290269.774109
"3fc826461ec4648e4f7877da",913534316.966284
"3fcacd1cf9770a2724a5fb01",805985995.695572
"3fcc5ff04edf753621d6cbb6",718689482.554894
"3fdfa23ac43d1df0503ccf1e",954883215.177933
"3fea10126c0c651f02de7167",594617479.464792
"3fed1dd17fcfbd2b86e73143",492264330.363849
"3fee486268a1451a7b9fff7c",952693887.728997
"3ff2a2fd905d81f0422c54b2",667774405.845207
"3ff6e77706eae698f86eec29",818055497.75198
"3ff7b739ce65f0b3066806ba",949131722.817159
"3ff9e75c6de41de517d1c4a4",374606347.177683
"3ffefb3f453c54585fa6ef22",798158175.848067
"4002635ca8b087877ad22d5b",1006501528.57211
"400a103762ad652e81c8d3c6",685794485.919379
"401f0de98764e9fdd4055406",615706035.933024
"4029115038a899d98dc93d3a",634961383.107702
"402f18888d480f5af146daab",831342358.912782
"4032d6a6a13399797a794ab7",788161900.769438
"4034cb3cb77e9cb39cc98fc5",911560068.924047
"4034cd9a70d18fe0c883a0fa",490318977.477383
"40355fef059659469e16e3ec",499816456.74243
"404364fe956884368e2f8300",567269637.530254
"4045e30cced205e8c5b2373c",866635136.892525
"4046ebeeb7ab85affcfe337c",1016002894.04357
"4049086139009c35dfebb3ab",385586113.115124
"40525fc425906c9485f1ddfc",476792148.554611
"40558b62d83e4362efe1fe26",563928671.703885
"4056182cbd8c12cd87ad9e84",804372835.410902
"4057a676e7012fd37af9c3b1",702026426.989821
"405baee61afa4b08dc25e586",967784335.057764
"405bc08707001684d19f6edd",677273456.495456
"405fec98d5a3c8981173311c",872295339.867749
"4066155e224520530ce985eb",492290536.503673
"4066da904062a0041a809b02",592332746.514539
"40713332e88c6d3a393c8b2a",486006877.397973
"40768729f2697b87ed6519d1",911613310.630036
"407e4196114b64578beac143",679196030.804561
"4083248d3d2f2bbf9589b971",822840679.03608
"40871d7ade3e592560d0b3e3",693666400.941219
"4090c1b86074c8e769cc72fd",624197497.889668
"4091a115125eb4a67f494620",824717267.910745
"409cb370961c60bacbdf7416",395837128.240191
"409eb9b8f2ba87ca299a7f6d",429201944.490068
"40a1cefb3cbb7e2972e30d97",564363767.60366
"40a53a3f3d49f7905966295f",855300497.194452
"40a561bf79fa7a08155e1183",640218264.169602
"40a65310ce666e80a9611d4c",795566914.113791
"40aad45bb7a980c9c5e1884e",870823067.452249
"40aaf6665b489033ba0e55b5",1026829895.58684
"40b20b5a3a986802d64f7675",685515445.686679
"40c2ea5f89f5b77cc09d1455",747763713.248863
"40c74dec061500aaa78f78b7",720884699.511355
"40c9f947e826f89c6ff3f898",491394775.478532
"40ce7321869b706210eda9da",715531153.822638
"40d04ff9c405cccfc82ed5a5",499112105.272361
"40d3f1f00de86e74e0304bd1",874755138.234698
"40d5384e2e8f8fef2032928a",447594795.696997
"40d9a852bbed67a6036c6d8b",638602787.469371
"40db880aba8951909e6e4ef6",999866122.895125
"40dd67aeb6e9979211c9345d",848562110.486343
"40e56beaf4a7f28f8108b132",442281475.760009
"40e9ef1e7c6749b7a8d04ea9",500279527.649901
"40eb0c78da8b51b53548d914",981895286.950661
"40eefaf8c26b8b4736308bf7",677623156.384774
"40ef1682158d0c3cd07f484b",1247967796.81618
"40efc0dc313284d3b57492f9",661262480.512658
"40f301afabee5be092ba20ad",738617979.30366
"40fd167916ff071afdc44792",1078337051.56232
"41037a3f8625082544979179",609818808.919626
"410e5af026805ec8088f2e71",730396566.779199
"4116cde03803e63a3e87e847",1124848583.31095
"41227dc9c9948a5f0688e426",633151683.345917
"4122eca7b73c1347a7814a70",866304308.056042
"412e7b9e1de3df8c3dbcf198",691115701.424065
"41353584f956b9e316c6c67d",660348829.407301
"41376f69b086937257387f1d",985341378.536801
"413d6e4fb772beff60f73e2b",696045866.96089
"41454361857cf70c44e1f5ac",667059992.187742
"41479709513815cf5fc1eac9",773635755.197151
"415622d0f7adb1a9f7009a63",407026159.984718
"415b68c7a5cfb073676c443b",642400468.883745
"415e1faab81016a460db7a0b",830653545.322402
"4163b665043ed27d7bf26c00",485033943.326946
"4167fdc804227ed43224a32c",933702521.668428
"41719542347401b04dfbaa59",814879640.780512
"417e974a3f0d97e502e49800",1054551275.89758
"4184fd9a546823ff1fea0b74",829648301.734681
"41877a677d1856bf609515fe",873389155.060831
"4188712d431ba996cd59fbe5",588124583.548468
"419398139a3aa2ca2be3f941",682363694.78905
"4195a9d13c0a526d7cc959f8",515242145.74072
"4195fdfe50e42e9981fa2f4f",772197378.71585
"4199eaa19ddf8ac436bb2ba3",1112594295.60098
"419a2f823e87ab67b1311bee",824725811.760868
"419ce7158ed62eb6897cf09e",584266621.055815
"41a269c661f20e443a7a25f6",1079929766.4694
"41abd8a2cbca609cf868f227",584641207.0481
"41ac76d4fa450fe0c377a0e5",418627670.757239
"41ae9d3d280d4eebe510606a",821918390.771451
"41d174db6f695472063ceef3",933039617.127135
"41d2864e1f73e29f222c61e0",612375705.476531
"41d3afc1118758b5314db48e",738783079.806701
"41df29e27c0bbb52aa8ffe49",735126014.180222
"41f33deb9990562def18c917",620811306.001518
"41f99600339a7afc8e386e6e",680550651.290872
"41fc4ca2b3f48508d840bbb1",452852075.170583
"4202dc3f8255586e1ccfff46",528071582.797836
"420b03095062d9571144a276",1176325935.26284
"421db6a58670e53f563eb9ad",697472419.033836
"4224e69acf9fb071d4cab498",851650985.987544
"422e994aaca85628ff759004",840605311.31689
"423ddbfe2f575e6bcb22e7b8",741014996.016073
"424b41f5e01ea2e2ccd3ca48",596636910.353327
"424bb491c71e913e900db76f",730848882.727409
"42525c57e13abbfafe9bb395",1316635901.99234
"42556b1bae874a5c09777873",1134452851.37787
"4255eae670033d9c9e9a6e3c",805150636.294614
"428f4bc76d4cd315ba8f89e9",519619366.15001
"429460d5f5c5381e945cf449",927043674.400808
"429b049255a7edf227a980a1",536075766.655165
"42a73bad238f2d3f5e376044",500438066.705544
"42aa1e6f6b8220a63fe165b2",836554234.715729
"42aaf6521fdf1dc9bc50f88e",548563631.871573
"42ac33321bb1920fe2a78036",691077717.480413
"42b3b56289972176c20c4990",614670128.440362
"42b5ebbca90572b9cea79177",558103278.766556
"42b6cf2a5225dc62342d3a20",714335642.487725
"42c282041583e6e2090b50f2",962130788.412289
"42cde300d741cb134a529031",501028324.30192
"42d34ca2252acaf6e777d23b",1580338040.53601
"42d42ad031a2c62be9b5cdca",728427012.508066
"42d91ed3f3615247f57ebecc",941660089.785569
"42defcc69fa22e4c858f3c24",1208491817.49577
"42f05e5d4862d653efda75c0",794086546.252932
"42f1a529f5ff3a6371dccea5",625609195.825272
"42f38b1b2dc077c88a746c1e",625032597.254906
"42fa0158217c9cb820f2a06b",810776289.46062
"42fc4101da60fdb41f41f0a4",1027570705.91178
"42fc6a80b882c32f6264ac10",715013283.859189
"430112bf4fa9324f0149a879",700039489.505357
"43041a793a13a4171f22e492",772029594.074945
"43059ceabe98412315566838",1599525542.87149
"430c46358b85ad4a741c7187",382134431.448919
"4310c7a552b20afd46f930d9",988962964.493516
"4317746d5b88142780e6897c",844316955.962269
"43228eaa1230dc0f7f1473df",564336284.877468
"43272151f217feab78190393",663306108.578577
"432f082ac51bb0d39ce45b0c",997223687.887289
"4336ff9b2dc1d97ac8f9694a",431570169.194552
"4340fcb9c80733260565c24b",904997188.919951
"4345863fe83682f6091d8a77",520793537.070177
"434782c3d1dc2b9ce7bcbbd9",858099861.451636
"4347966ceb1770f758cb6e37",893074856.575527
"4347bf26ecd61ebc7a16b4a3",605340319.222271
"4349d6bfd5a518fcb231cb3f",735028939.648052
"434ff40bff8fad0962ec07e4",617189116.359258
"4354c1b6b27a87c451ddaf36",439822686.060154
"43600371d44fbbc81f6b6fa3",447597830.52335
"436089e2bf605d00849691e8",976070637.131693
"43650eb8b70dfa256ca64979",809139185.843206
"436fd4dce2ff0f71232f4b6c",546219790.05966
"437167a9db41b677da7d5a7d",552976361.369298
"439004dc23f97a878ebf371a",849635111.590599
"4394a27b21889bf78927ddf8",579139202.615908
"43969367322e86c68b51c2fa",512031514.84558
"4396f94f7f3c403c43d3ede9",705447824.500255
"43a2ceffa8ed90bc1a43255f",451576190.784733
"43a3fbb8218e73b956ca50fe",818770247.935668
"43a91a731e86b9a0784f717d",772610575.525775
"43b10ad2660d7552ab6c3b10",847040104.409495
"43b2fb09efd1593a94b61b4c",683141170.189946
"43b5b5a9a1615eba48ab8b66",541092572.065973
"43c22bfa9a14df7b0126c12e",485309148.901661
"43c88f1874dc7f91c899df36",885403580.143123
"43d1fb0646562c3f1dd6fefa",706727377.424137
"43d7b77a99e86e8bd21a19ff",1209993904.89893
"43e11f10650837933261fa7e",725705139.573179
"43e59f5312e304fc21c1e052",967711323.768823
"43eeb2567c61bfbb059fcd4e",810833071.09087
"43fd6b5cb01d05c9b1db0e65",701985413.275731
"43fefda5a3b0781578d9f2d3",730553927.238286
"440cd2efd45c019c7151902d",990094730.216065
"442c6bda79f63bae28674b1e",722048151.441787
"4433060d0fa95ae1382f2de1",504538050.54496
"44394e66504a4d77587ee105",895195828.139738
"44412a9e16b2824c4a520a72",695727814.894295
"4443407341bec8b7b0af40b4",812508967.636404
"444c68a7a6cd0b794768d5af",792234230.616035
"444f102b4d54503044154ff5",688733203.154671
"44551251fe345b31ed71aa5b",520588902.264667
"445e241d8bfaceb149609d6a",485505901.402594
"445fa7f5e8e9d7f12e8991d4",825624310.467649
"446138cfd3749c0b6715b0c3",1240906811.39413
"44672de0d6d9d0cb3b4ae938",698396226.084826
"44760087930212643641eeb4",1293202191.51079
"447dd594fdadb1b12ab32e6c",747622076.295846
"447f51e37fda773ab748814b",878866870.765988
"448ad01af4c5cfba3feeab26",1062100046.46685
"448ad6cf4b43298a39c7b5e6",515666972.751587
"448d159391c38e4ffcc405b4",627295226.145696
"44916ca9b874075f55949f87",726258478.229443
"4491bda913188aad3c66ef20",948270926.366102
"4499adb2aa3aee94d1f1a1b3",1377126985.29689
"449cddc4dc3ef1e93b7f7c26",495705201.034778
"44a587fc89d6b6489157ff49",1056623975.12031
"44b623f7fca1a306560172ac",625922121.562642
"44b6382d9195ceb3f12d4939",851911686.062694
"44c8131b88accb3b46b79ba5",462323969.389004
"44cdcca08e1e66a1496fac6a",690985763.301578
"44d596fa36e3992208292ade",853444716.317091
"44e4574527acc86977f5bc41",513705607.923203
"44e9224b9735235fc7271672",480480159.006436
"44effc9574c74ea4ad98ede4",553360506.156195
"44f0e088fee626993778e7fb",558199064.001481
"44f5380847c175a42becfcdb",1226076118.27257
"44f77a86369d6607753adc09",647845824.872829
"44f8d5ab70828e06198579f3",964401717.462529
"44fab96fa2ea501e0b94548d",1225818021.04897
"44ff213b9cfb3604b7e4b66f",730597017.192064
"4502e2809bb5bd47b2781212",912838181.845204
"450c4eff7e37a271fc24ce3b",824905374.085591
"4514844d15690b7331fdb6cb",693410783.860001
"451744cf3ce55a98db8a3562",905744268.791003
"4520ceed2e5fe3458850a805",1212282991.28172
"45269f56121b796d0392e2da",1037753129.51939
"4526cb4a2b8238dcc4e496e3",1067975015.29554
"452ae373210337b8008ea2a3",1372472809.46379
"452e0518f7164287e47e6354",476821603.412472
"453202a234f5b370ae9e586f",894463506.393593
"453ef603a66a34f17ae22227",844443989.785876
"454e4126257189bcce9b681b",1058529116.73514
"45550aa81c0151f1fd9fd8fe",959564598.797864
"456243bb3fab3e74df21b5a0",516805116.738712
"4565bcc95c54bf0c8d376eb0",806511845.573824
"4570a3ca0571c70657b4a1c6",646701752.712826
"45750daec6238508791d0d4c",803264838.228279
"4577c1623c8407e95e893e63",620423863.915278
"4582ec985de48290c5f1f5e1",527509247.541065
"4583a6b01449530079415768",1062100046.46685
"45917f1bac415feac7e41124",445281023.470429
"45969f25857aa7263927b400",794118341.039812
"459963742bbaadbd9db97723",882071054.874521
"45a033d121ca5afef24161ba",868351789.423283
"45a7517c4d29f5bc7787dedf",799239653.78186
"45a8f6d942533794501d775d",859476998.077372
"45aa335dae223bccb31ff7cc",782548642.35393
"45abee1de734dc32936d0b1d",594955494.220343
"45ac018012e7dd91d41a5876",753599793.624511
"45ae1e929b0fc88718151191",458932070.852537
"45ae8ffacfd00fb4a4f53d0f",1087796618.63177
"45b894a8b028be29ed137f1e",1965393731.43146
"45badd183bb1a4c630174f3a",510039328.765247
"45ccde79aee811756030903d",933734165.066966
"45dd7eee4488e88d71d46783",1042929592.27041
"45e2395bee937c187e3486e2",983545146.061344
"45e2411d38589a2d85774c5f",680396913.74692
"45e92799de1a5334c3d2d72f",518590545.574836
"45ee2db87e9ca0a1a9faf050",689270063.676862
"45f18e0bb676d2495a227dfb",522472908.110756
"45f24dd99d362f49c0adb875",544587707.860342
"45fc0d46c7a4df7ff6976fce",1049273679.57135
"46136f5f078dd31170c58e64",769192115.439652
"4615a8a7af9d7cefc7fe4c4a",1203296054.2336
"46161effff173111bb6c3a32",1054260897.46008
"461749398bbd48d69b444d7b",589495366.418271
"4623317e8c9044e314ccc4e8",742504037.4096
"4625168852b335b223a05bb3",913340765.134873
"462c7546b358b00e617ce012",824738834.809678
"462ced9cfb28550c160e5664",799076521.307654
"4630a9af58fb79c0008e5fa1",721289891.079402
"4632f1e8fc93e268ddeba07b",672324495.820211
"464039bbcabc650d659f6683",813293658.713449
"464864b367e16547fe319229",843224898.257901
"46529f0455fd35b2f4a489d0",485280280.321766
"4662aa1c44351dfe271e3a9d",876760337.897828
"46673c69814a0b3f25818dee",976263348.83279
"466c542d7825d36d18a86486",871627881.728667
"466d4240af2cfd09a31cf3ff",676224422.495077
"4670d21fa84e40184f03d5de",416319484.49584
"4672d1c9c3b04fcc87a0ae9b",873116730.950843
"4673ef4fa28aabb0fe61043b",443414861.531569
"468df200fa490e667bfaa31d",849112080.5507
"46941e09b153ec19f86c0c2a",1342231049.61206
"469b33a6f153ec334b6123d7",431949323.02045
"46a2a88ef09b2aab932ea02a",781671042.268817
"46a7d0f520dd1e78c0cbce0f",963671240.100547
"46aa67b5e0abe39dae442d76",511664923.574974
"46c34a4e5987c20eb1f5ff99",775646555.819381
"46c42803286c800351fe633b",727020863.367694
"46cf5b18fd7bac0d3332d70a",843502271.519497
"46d0544f411bbfb6b452858c",739195218.887935
"46d34fc9a8edcc199a537b30",1064409990.75208
"46d4b0cdc81137aa56f516df",1031708552.18395
"46d77c92811f0c87d2d4907d",981046537.330516
"46d8bb3e9a0ca584d3c7a317",832765780.559927
"46dcddfc78444011abd29870",727109504.490707
"46de3fbec5bc6c0e256e7751",566300721.197039
"46e7860100b0c09a6a475b9e",792654231.442057
"46eeb8f186f86f7859274d4d",1010114659.55387
"46f0731f62232b32eb733dc3",824039123.059975
"46fb04e7578da5741f6da4b8",492415308.77629
"46fcc0d53b263beae95b8eb9",1215168696.97745
"46ff039321805b51870c64f2",982209328.207395
"47051c25acf866250b5d3ec4",741855203.142891
"4718488d664194a3c0c5b446",853505024.802727
"471b5135fced50f7cb4197e2",717627988.947257
"471bd64a0576aa67f494eb98",855661847.003521
"471d6fb8037049e1e4d120a7",928302124.219672
"4721d06c49413558bda1fb68",655162627.490889
"472601b5b5719855ae3528af",962412489.215524
"47344a66471fa51f61c64652",754949261.763599
"473a59415b6214218a15e363",826932834.487205
"473cb30713e88ecf782651fd",600618230.576217
"4769743185eaeb0e4158e0e0",565878589.881787
"47720fb9e2586dced75db114",702643077.850819
"478ac408d2a5c603aa23cbd5",917708876.622552
"478e13e8c1cb5bc80f1080e0",769176363.26829
"4794d9994512f01a4bbb6c48",574424598.118775
"479b2c9c12602551bbd0212a",537748909.795763
"47a3c63f65a9794384c655dc",790531841.024893
"47b5804ba1a998c3e7544092",602531932.903541
"47bed52dee0d311ae0016b08",728717011.947634
"47bf8d322af3c13e8868ed0a",687423992.679699
"47c2934aaa5934c68dcb9e51",918593386.885427
"47d252717c4bcae3e1ff19e4",963671240.100547
"47d288f8f9227013424d6976",368969494.512772
"47d7ba800f164f397fcafa9d",716226782.842597
"47e0c773f65485ab7c78d49f",701122773.470011
"47e282cb12ae01243d713178",612587279.382348
"47e5ea8cb7f5ab6703803690",848135532.821663
"47e6a61fd652a3dd37556ddf",628501129.47206
"47f7065118bcd4c3878e50fc",715309832.855352
"47fe78f6299f757b231be10e",991530924.965526
"480041bbef3a540df2a36ea2",687282819.915887
"4803a3aedb6c20eb194469c1",680350195.405267
"480aa7fe286f4aa31f56d4b9",785701152.001897
"48107a1dd2a3b027637f250a",990758446.861489
"481492907baba4574d4a6f35",1112172853.53623
"48299e52748ecff3b69f7a90",695517253.333313
"482c7150c7555cb35558398c",1109919909.77639
"482f57e65a3f4c6792775a05",617597355.276255
"48378a6148532f71abcc2f98",785850003.033293
"4845ca0d30483b36bfa55061",840394076.352579
"484922bbe02cb218ced0e779",628339831.569616
"484cde8e47fbf62a339c8219",990192494.906066
"485cd615660dda11586f797c",988399025.888409
"48740edcbe275bed3c82efed",750436531.10649
"487ede1f7f155194b69c531a",492932066.704842
"48815b454dfb64fe60e2cde4",686997062.305468
"4883f7ce7086ba9c8ddd4315",819563945.360623
"488cdcddd0938ad0205ab8f0",1561633069.72355
"4890edc33a555cbbac71795c",688168496.587155
"4893b21db2d6aa4417e1cd1d",1008530393.84075
"48976c41de22ddaea3f8c296",679091614.199496
"489fca3e6dc044412d00cca1",898620594.38021
"48a20e676a060954308c9ecf",691864831.249603
"48aa146a36aba8a0270a8a1d",1199030331.63151
"48b1f800656bcae6a9e70802",727680345.609867
"48b270a493af4fa28dab9211",506313531.794296
"48b34600046c903f0ae4e6d1",1088708756.01568
"48b9efef82faf72bcbdf66b2",1110101595.14415
"48bee96c1f65b8e283d67483",426448928.494226
"48c346042d9cb826a3714466",521082765.175034
"48d3b0ef6e5f999bb90fbfc1",576382725.478506
"48de5d43e88caea594ccd27c",803126803.325038
"48df432642971a97d3d4bd45",561698049.581061
"48e687093fb26d29cda9ad6e",439294473.338578
"48e71c45f41778f8dca24cf5",664738622.448915
"48ebc3d79e01061c926066ba",376843431.976861
"48f1c6e343a4724ed865533b",1043507080.25774
"48f9e9a87e7fc0a678460e05",807895563.458794
"4902ccbe8456d3f0a29e5059",520472576.312909
"490b89e972abd7e64b5ba6c2",895535049.850614
"4911a6285f548dd30c8061e3",605579889.071354
"4911d01ea0a4505d5db5bb2d",618279365.278831
"4911f8879e5bc9c27ac13bb1",615458738.426588
"4912c91afa6e4aff6ffdc6a8",885025045.896659
"493367258be5d63dc8db97d1",1166753144.2098
"494580f4974c33d7ce0cdb28",1046002471.1918
"4954ce465ba712543bdf34fb",471936963.053974
"4957e0b129c5caf47b026c58",825485097.222245
"495aa774f4db66db6df30e93",554445860.682133
"495b6e61d1b887f8b4c1bcbf",407424925.812906
"495eeef459e80680720a0ec8",460604044.503343
"4962650cfa3decf487ccbd0c",980642091.405852
"496ce19c015093e97144d375",469637028.499666
"496fd5c93b2a578d970ed55f",529210242.833757
"49721aafec7123f6ff4d8010",743458643.155546
"49737c7682eff2513869b3f7",727859736.474536
"4977af03eebca1aa266289e2",913294560.595904
"498d632cf0868a8e641cecb2",451273426.6959
"498de85ba30cb01e9c686081",861807288.776817
"4993d1487d78cd9ae2c23619",983851615.548778
"499f6f4997474415f0bd596f",985097667.987421
"49a0715897795017ee0de843",547724591.876446
"49a2d111903c77053d44573f",613254072.272622
"49a4cebdb22fc2d72bd1aa78",731473108.054748
"49ad389014995f0187edf726",700759361.88263
"49b59d19432dbeb8921e57b8",983332286.593378
"49bb5311607e4c7600caa03b",622779806.77643
"49bdf0f970af03d83a57dcff",1156766642.7448
"49cc8164d94a2afe8b750af4",597888793.344398
"49ce19caa1325233d0de331e",1129513967.3987
"49d020d2056717c2108b0927",635578929.297438
"49d42ab711abd95fb5947c0d",900477194.461673
"49d6752dd196e7dd583baf44",598731611.397248
"49d9cb2bcc98d69222b03165",1010775528.41288
"49dbaf0bcca86f32f86e641e",1124441037.28644
"49e531941384af389b0aff59",412373220.706913
"49f0323d28ef0610248c87c0",708787874.553393
"49fb2771ea6c1e8950cc9a57",945590289.895607
"4a016eba4744dd01954f137f",401140492.054019
"4a119b1bbf04b4bd6051c5b1",1018506755.86271
"4a20d03d09fb9d0ee5565ec9",626007729.688032
"4a2ae08359e1ecd39b43afbc",763962813.156778
"4a33d213841d2af537aa967a",1005960534.11801
"4a3a6698b5490216e8f8e6f5",1585096361.00622
"4a3d0390e005fa5b4c9403f4",1151558515.236
"4a3defc2b7d2cd751c9c970e",925659429.384165
"4a4fe76c58f5735ce6b018aa",832015514.976732
"4a5405b1e181f5b10fec35a6",804442915.23521
"4a611bd82c9216a3771ca7b6",843083286.617823
"4a629aaf60a113402834c042",1056624052.7646
"4a7156189e1f06b0fe87a7fc",756417057.647431
"4a73dad0ff8a5262e8b07c4b",897858174.194445
"4a7ecb05c9886bc35f6b9160",635129725.789548
"4a809b3987cff0290c1df8fc",552799420.643729
"4a80ffd8e908a3291a32fb6d",1017874307.34976
"4a81bdc14b5bcc4c84f5ce4b",567071511.031791
"4a85c36fb854e922936b57fa",565332011.761891
"4a8acae29064919c68fc8600",654619166.565613
"4a8eaccbde5a4a6747818d29",929227106.280341
"4a9e2358d64df916e2cfa213",773455581.264021
"4aaf6763c105ddf2a6eddbfe",523470352.192294
"4abef5720fd889512ecff70a",705462233.367593
"4ac4fbcacef08524ccbf3623",396218644.715652
"4addcabbe23020d3d0d46ac6",621720453.180615
"4ae10e7fec364242c88e511b",703571411.163456
"4ae6d75b10848d259ecba576",767707777.211048
"4ae7dd50c6b743bd47340f20",763258213.551451
"4aebacb9ecd0a117307c7841",950448945.679127
"4af83eb7718f5823ae69fe47",970309891.389923
"4afa3a1b63c076123e7a5279",1175225240.96615
"4b04e0296820d04421db5219",567405039.614159
"4b068c79664179605b145a15",952846353.075182
"4b092d4d5885cc224f6775e9",367447537.507151
"4b0ac2ce45d7ee385ca369a2",758882853.51251
"4b0fba692104472b36c38c3d",845535953.024021
"4b193d78ea6e3740bf37b36a",531840401.749207
"4b30968cdae59b4ef3298f19",1048042597.62727
"4b38595746dcb78fbb459781",666925701.116527
"4b3a6baf8196a59bac8c08c0",481800840.930597
"4b45cba0d601f29c2b7db97a",887645540.13412
"4b52ebb0f0a8878def4170c9",887876346.251149
"4b6fb9b705d80ff350bd620e",466558096.421643
"4b75f2b374e8674e8b55eceb",1058723266.14478
"4b82eef445edeae7a55fd019",680928314.064136
"4b8d7217da1b1f225f254914",797710018.157561
"4b905620f76873355d317dc1",705969255.237627
"4b92ca1cee4739104e620871",1262537255.43065
"4ba19ab08d1fe7f72d0dd37a",884668015.084605
"4ba65b1fb8d8ab0a914b0b8c",692170510.431137
"4ba85374c1d1f1d3f4632ca1",352099099.047191
"4baceaad0b0081bdaa37473c",868259903.403203
"4bad47078442f3416b2c1ff4",454821831.878385
"4bad966abb5e8c4121ec69fc",639719626.433952
"4baf1bfced8e85013eca94b9",965990732.047901
"4bb0666c55d174e0280482a0",698699906.691723
"4bb5265c6e63449e5fbaa270",1014307358.09396
"4bc1e2cf5e5ffcbe1020df08",712688965.676339
"4bc3f597867c6844e9b47fc9",541400160.187387
"4bd031478b15017efd41b2bf",1096618323.33604
"4bd0a354d75759510ab6bb46",716531513.962829
"4bd30aa3e2b4aa077ae27490",693135350.11901
"4bdff22689954e5b1e575d30",882194359.769617
"4be510fa977b93e34a789f26",693666400.941219
"4be6d93d8ae1375156444f05",468739408.560735
"4becfb041b0439429f2cffb4",694515989.627531
"4bf02d040efe5358d4a5940a",874068040.467248
"4bf284e6ba81bcaa21a437fd",627238677.6564
"4bf620c6c6d4c916bea70e81",796727818.697771
"4bf70f19da0bddec9241d310",590134651.888808
"4bf89c9e50c5417ed669c481",629856285.862431
"4c00508300f40d74c79f2596",610279644.831584
"4c03afca943c3f2484b8db6f",600822118.103842
"4c0892a39011cc6a37fc1145",673418452.293908
"4c0f9275581b5572635613a1",755001100.04671
"4c11f4ebc622483532c24a06",747930524.319038
"4c14547b7e02e75204ca9f4a",667652384.045897
"4c243fc50d5511a1288bdc0f",625650318.624252
"4c25d939eb3ec218403dc4ce",844745271.446401
"4c2b14bfeacd87b878cbcc92",800003536.726853
"4c3865a97f5877090e7a9649",777651748.677952
"4c3a2b3e3d5999f747ae0d53",996383325.907251
"4c40683e401dae89f6537ab0",691005864.914245
"4c59acda820b7b75823fa277",687085238.483352
"4c5b79f3656501fce2e2178d",657313659.800051
"4c5d3dd8802acb9ee22ab912",1121326953.89148
"4c79f17573007a39bb2b4b7b",964304130.372346
"4c7e7cfb286d82aa96356fb5",894142735.656002
"4c8ca73cb51a58933de61f0b",852429438.173589
"4c90ce573f1d61d11294d05c",973081226.529413
"4c94103d4366bcaaee4b550f",953399085.395512
"4c9dc4494a3428435457f575",407941805.197082
"4c9e6812520f4aea4ce435ae",1010642984.29464
"4c9f3af11fa91e729384580c",846000767.017254
"4ca66e564ed478d06c471357",579750866.540195
"4caab3951bd6cb6dc71ac8a0",679421384.623558
"4cac81eebdeb45eb0e8aa5fe",874452133.664713
"4caf356c110a50c6c94f3eab",737063715.196531
"4cb11f32806c0e07b4251984",795994320.302999
"4cb59b46927df31150830d5e",638227788.259205
"4cb5e4aa83c476a5b71d77ce",960778685.683533
"4cb9319ff5adaa62386b713b",1096239350.3878
"4cbc74a93e33f7b4812e1a7c",697236075.663062
"4cbe75a162b076c4c454dfe9",668097781.904293
"4cc8c95dee29e43463a8dfd9",641152933.00715
"4cc968db25c2cf03991c0041",873071343.832237
"4cd5338bcf246ebf263baa35",423827202.54425
"4cdaece5d1dd4e089a99f47b",592068758.59723
"4cdbcefc434b48ba3d51a498",1060097071.47119
"4ce0fcf14266d144c82f8d4b",627509416.884965
"4cea8ea969dcc433fcb59d96",1011772179.52814
"4cfd1be6a93641b110fcaf67",456093626.779641
"4d069f925100b6cad0b657b8",520793537.070177
"4d0985935e1432b3916d45be",724022388.036419
"4d09c2354c67243c968dbbcb",592909209.433373
"4d09ece928ffac7e7d270bd8",458672567.13386
"4d0cf77f8cfcada2265ac585",428796954.353836
"4d1b0315b5aaf21bac150d96",723188125.141827
"4d1f49443787c874ba19f968",1074876633.78591
"4d20f253940a4492b4f6a9f0",731111620.889785
"4d2ec23fff8eb502a9d93353",1072617107.70512
"4d35e00e86a9d508d82ea90a",416652744.332264
"4d3a66e028dc8f3e9ad9e9cf",721318239.233068
"4d3d887d2236c2f897f3bbd4",427935243.31689
"4d3f5e7ecf4d361d7eb55f5e",701706222.079979
"4d418d0079828e244dbaff5a",651097939.621353
"4d45fbe5a5d39188b5eccbfe",974383469.821538
"4d485ae48974213b1594c905",935851715.221498
"4d592a67596afbca92d26bcb",741377732.161541
"4d60db10157fd0b5eab9a23f",780943727.827949
"4d666967b74ccdf5b04e9787",636522865.782889
"4d69f7c7e0e837879abbdf78",493123340.400003
"4d743a1250f7d91e2782708e",674349355.074103
"4d852bd93332172bfb081aff",1127833703.8443
"4d85bbc09ae56cd85a8f87c6",769998176.043403
"4d882ac2b82569f74aa08824",446615474.904615
"4d8b338266822739bc9c8fc9",1005280283.17827
"4d8deb43d663fb079262708f",834297626.903364
"4d8e365b35a6b8ebe6d7a15f",711896862.472631
"4d94a2295f612b96264a0db8",526747369.528619
"4da8ef54252a92d9cc62c174",965409201.468985
"4da93e7126354a474d435a4a",919851039.097915
"4dacc190eae91b059dacbb00",1351142094.66239
"4daf52564456895ca7f4429c",723461045.761975
"4db632fdebc000c9e64a589b",820819302.720459
"4db834146c4e73b515d510ce",707544303.846519
"4db8d32011163bc4fe01d02e",839290046.464649
"4db8d529af9f718e6d81a85d",448152449.316879
"4dcaaac494053749f30875fa",959663738.039682
"4dd3d1288ccb66ee4fb9c097",1309664770.65599
"4df222356df121a41adadda7",458578840.845233
"4df3717406f9852284576caa",550405916.027535
"4e01f07ee4b1241360de460e",1232025721.59747
"4e0b1df5e05ac505c701f519",465960930.537543
"4e0b293ec3d5eda7d9fcf8b6",752121863.281961
"4e104916ab915cf3c0bef846",892620473.383504
"4e134600155a64783b3f8c3e",963926225.033023
"4e1b5798dcbed1842f260b17",652197905.083446
"4e1bfbbd8689a95fc97fabdd",473125881.977737
"4e25bad08182b79f5ba9639b",1126789506.47832
"4e27458d179a469435d02ff4",771058087.73563
"4e327acca2e033c3fb305c5d",701819372.422546
"4e3cce6b581e74879c2dbc4f",456485322.791427
"4e47d2c8ccf9929ad9c84544",761200493.586383
"4e4abc111c07656e5bbdb0ee",845612399.90074
"4e613cde51f9760d3c051562",785358848.968661
"4e665d479b3bf2e25cd463a2",853345962.257614
"4e6f695bcd4d3c0d8497c1fd",1002083473.70446
"4e78cffaea2008f3919ba0ae",681413394.6865
"4e78d095988a92642a1bd18c",724083779.132982
"4e7d3cbe3c62123fa7e2d969",836433333.759079
"4e84c5953b493be7ca96103a",909908171.987432
"4e878e99ad2fc34400381c3d",716493814.587124
"4e8cdb49a2bdf68ad8d12625",1127794079.00616
"4e9acf6e9f80f65178766740",778618939.121167
"4e9f1e21c855f1166428fbdd",448263377.675578
"4ea46b833575642ecb2ed1cf",376914824.940185
"4ec02a406caf200b700f5c62",791968315.78753
"4ec06163d39f96baebe11bd3",823193500.228843
"4ec0aee1b202642d2739068b",889849238.02872
"4ec4683fcf928d9fb33eb7b9",870681073.915117
"4ec47b8100d224499ec608e8",892355841.803185
"4ec5ab39cae4afc3b0e69438",976035080.495822
"4ec741bc6ab20515070cf1ee",812220895.88994
"4ecf579a5d5e70d3b4314ef7",729359584.066866
"4ed3eb724d4e57a7b35ddf5c",820593468.618846
"4ed5718470ffa3e5b5f40bae",587975462.027089
"4eeafa126ac5f301cf60f9ff",413493947.228207
"4eeb8b5347526d721092a7be",755325774.435096
"4eff2f2297ce85a0a3964d2c",980818851.786845
"4f076c220dad47bd9bf248a6",982009696.566449
"4f0b2f7e4d787a108a4d2537",869104115.132966
"4f140229175de685a0999773",431529455.849865
"4f18341de355d2cf57a03983",548979901.687468
"4f2ca698ff03df0c6386e48f",789933059.828905
"4f3c7b9bc78f882f858b3d3a",403412217.559906
"4f431d80287051ca323f2c08",800003536.726853
"4f450ba5de4766e5ecb8a4a5",701859307.349545
"4f480aae78aa068901ee9468",657027397.410212
"4f4e3350c429c6afc0bb0094",739677734.03223
"4f4f7d2b14079ddf8754d6ad",833762649.951218
"4f500afb7f7bb42189820a18",867571051.356316
"4f5bc448658287ffb3d49b75",788374190.713947
"4f5de1bc90694fedd216ef40",1051121342.24275
"4f65732875c007d3c1102140",600913250.483082
"4f7d630c921cff500705ee5a",541478753.005543
"4f8dfb8de411b8a05c55dbbb",820953413.740465
"4f992c2a0526c0074bbcd875",690848401.110519
"4f99b97100d003ba3a2ecd46",807623155.205494
"4fa51848638f4437a3e31682",903306082.448224
"4fab4e66ead1948498d2a4dd",785187904.490822
"4fb644a95cc04f7bc6cda786",686545556.435696
"4fc89ee51cb0e1b9d6459819",1197248871.15758
"4fcba82455866a6931590dec",812801162.19127
"4fd7984773d2872e51574ffd",932296253.034706
"4fd8643e1c43ce9a0c18a19e",1014903691.45875
"4fd8d01a5c3abb90ad70cbe6",732140892.364195
"4fd907c202de4f06cade3b3b",1100838955.98453
"4fdc382b65441412fef509ad",1048464861.62734
"4fe0482ad622080f55a0460f",712077238.054031
"4ff17c9b88aeeff105b8301c",603440331.013135
"4ff6c53c0bcfd1d24bac7ad5",519417016.047072
"500a3c5953f89b431184fead",838924769.875407
"500d7c5346ca11ba934e7ca5",867513762.716356
"501193fb57014ffbd7bf218f",739748794.667853
"501531d637608f7098ba6242",749592201.550082
"50160783a9a0503df5a38dee",527289389.547289
"502154647e351af240615b98",539604382.748054
"50287f73d47b4cc4c2e1840f",846060731.415006
"502aca1a1097438b32eb362e",942036902.414016
"502aff943d74cd4cbb976dcc",846326877.355226
"503a04e079773a04f2abe075",780896704.154836
"503f33d11f75b6b5102ba4ad",539017427.020551
"5045ba9a65b4bce4fd305f82",705132189.277735
"50563038c05963223b459beb",829105912.126066
"505740f7746e0154932dbdc0",470916794.770937
"505f3d545ce83d0c848f828d",769904864.414802
"506763d35b04358fb0e967ff",804792543.039664
"506b653545eebba4c8821588",1194189141.61944
"506d4cc6613a07c313a12de4",902355509.344203
"506f2b1ff3e4e7e43a5596f2",970967757.24366
"50857161c59b991304f5c55c",668205793.988687
"508bfd077c80b6cdfc5a10e1",825758859.370113
"5098115b26f2473c812b70ed",764294571.676087
"50b2bb276e598c9cfdb42b0b",909141021.065273
"50b619ba3e0b2a4c6512bc97",725041471.77588
"50c123baa5783185ddbe29c6",911099160.365061
"50cb0ad562ab5ef4e06f84ed",881848494.241571
"50cb49d65d04a5d166f96e3c",565555536.66797
"50cb893af4ad0e21a69f05d5",687423992.679699
"50d8333064f0560cbe549f89",533364345.129328
"50db9d168354ea3d75a03a6f",783983653.369419
"50de04936770f874e1eb86c2",589892986.599286
"50eeed30ba674cb079689afb",731449649.144701
"50f8068603edac10c87411ec",405029090.56704
"50fe589dea73e764b7735938",424282437.05091
"5102f4786cc032e24781c7ab",798916383.634752
"510c03bfb80d92d180803887",412960351.286773
"5110c49047db23ac3aa4ace4",590076571.25715
"5115b0da9c95559dcee9e58d",1158167763.93933
"5122b2e9638d3438434fc56b",1311371789.82461
"51230c899cea0054bb74cc44",501518848.80882
"51273a81121232e7f30cfd1e",504272822.757416
"512a6de80962ab797ed2bf72",1181313319.76603
"512b4ad817c387bed877b7d1",1479198700.00938
"512effa47a1c7a5420bdcd6e",367338745.078895
"513211d9f07fd6645711ae31",537462251.705242
"513a83ac5bfe27c5b813ce4d",643027498.256518
"513aa9c91c245ee4be31507c",827671026.464148
"513c6ea5a3c2c560c409eaa8",1192753053.66155
"513d0ddf1ce44ca671675fe1",1112383554.60997
"5146ecaa8b7ed507c4f30785",800906201.722713
"514aefd8a44ca048a8088c51",751755546.141011
"514b09016ef85b9ddc4fafb2",742664256.572179
"51516e102f8d43a07037ed29",905076568.005844
"5155f70c7f8978e487e71479",794268786.707115
"51608bf64739db05c47a3bc8",736707658.094037
"516881e914708f6ea6062ad1",823194855.646124
"51744814dd3a7e60c0791041",785049902.812166
"518858c561af5c13c8aef9f9",716242240.71764
"518b37b51f824fa0fb5075d3",886923714.022917
"5193b43c32a2bfb3aac6b2af",900704868.028611
"51a0a1a680770b625579e25b",1480319954.97604
"51a696388218fc2e412f8806",796424910.840992
"51a8c190ffb673d4fc27f4e1",838267640.167049
"51ba7338f5900d8ef12206fe",821451430.559091
"51bf7bc1c19fcd42e71f2463",625239980.132241
"51c48d17e774d6cd84f4c355",705252479.459063
"51c4a8b438bb0d97f712af31",883369144.94149
"51cf2fa527c3db62914169b7",571929944.424668
"51d1df6e1f28c40dc9074b74",1354984494.36723
"51df325f026f4cc5ed2e9a65",1369980242.50712
"51f0f76e2a8cf50ef3650901",556540939.865408
"51f4aec91124a9a96f4c5372",755056128.861174
"51f94ebbd6d2533862a1fdbf",627357507.982488
"5201393754f4a5f2a476ef0e",805071053.72513
"520415ebcdd1a4059d18e2fc",684413941.957675
"5219c3cae1c92b52551a8571",1047532067.17828
"5219cb469fff40cd9606bad9",480450565.798171
"521e9326a2003c7b56fc4365",804980395.122177
"52338f4f7c8af6c649106a96",473557087.537198
"5234aeb6d817b8ad876e50fe",609858484.130986
"523605d1fbb75b0c5acec5f7",786809530.770709
"52373e15e9dc1ad371a0c090",579779127.08038
"5246f7d8023a4c178af6d10c",649631728.93531
"524e00e537f841c13497cd52",627692822.182391
"5271cd1cb962066407490051",949850622.147925
"5272c50f1d8fded01f7fb0e0",709887755.655834
"527a1c27e038e45d2d1fcd9f",505182076.311607
"527a8fb085995119f846a5d1",835844538.463725
"527e4b1b06637b5362c8f17d",720795472.138787
"527e571030a7d8fbbf1a41c4",838400667.783755
"528014ff6b7cdbfc174f4fcb",725177933.875762
"5282c3c48495dc31359e70c6",570110870.345093
"52864916eb1984abca41ec66",936206342.901789
"52871480f7bdf5ac3d785630",651062650.813903
"528a6345df87dd0db33bf822",736601074.413763
"528a96aa31409c32bc9f1f63",1020298014.9229
"529d6599d8a64c63566a11e9",630710028.308134
"52a438d024af0d5c38627ad0",768341167.035575
"52b3823c59546a6ff3de4d09",475664593.305907
"52b52aced4853a3e3d7fa058",760199722.446664
"52b699f9900d81ae85ddc7d6",762125322.16087
"52c1ab7484e412ccbf5d57a5",853815378.977878
"52cec2691ff635031fce9507",551631223.214691
"52d6c4bcb442eebdab338116",993620453.036956
"52e5904902e4d75ad87afde7",565610461.261073
"52e7657a539be5f36f48bed8",1255215811.32071
"52f026e670e9851b08c70542",739941105.750961
"52f24ab479fad35c8bb5a8f6",996261554.952639
"52fa1eb3cc7cc2f77ff98764",615993751.593801
"52fbef3effd854b0ad0f62b1",894312130.938264
"530a3bae5a13291c69bb8474",646924999.292856
"530b25326f39c347a35a8caa",524267689.348748
"5325f16558ed6d2689bcbb46",688025218.213746
"532bf5813d7e70958f71a480",970379221.557607
"533134592237b2748915eed8",1036195482.89417
"533363375cf2cbc50d86773c",827007729.202139
"534466a857d28dcc598e3a49",645521458.304539
"53462704cfc47d32492b4847",790958322.84099
"534be635a841fe21c7a702f2",944616480.615942
"5354a816a7da90e205448832",852629857.821969
"535bdffc5b79d62aa6179c48",1307245692.11793
"53647abd1d1b10c9226eac73",694515989.627531
"53688de79b052b3185fa9435",1081696881.15452
"536b5a8aea016aaa90fe744a",819414249.063935
"536fa59adc007df763949045",858870103.521434
"53715a484e20d6152c76fdab",1047522471.29914
"5372f93d988c3c917629f9f3",683061129.051116
"537a9a2dd0ace0d0131722a1",1016731607.72379
"5384587ecbf956275d86e60a",396227877.319443
"53870de54350a8cd7c13f014",765237004.826458
"53881f29c7a6bef0ab537466",434799191.700868
"539467d04a2b3e78c592b11b",448152449.316879
"53973c17ea7e89fbee5e6cf4",392394770.491428
"5399af7ea98c97b5906efe1d",631017029.302472
"539c12d2fe8cbf950b75a0fd",453366430.598252
"53a447ad5e011909080c0ecb",1459457176.55171
"53aa9cd32e2a6aa346d3d789",692303663.536602
"53ab42a93b6deb152951f82f",1070957777.52388
"53b5ffa0cf0dd12e4eeb6a2a",906996670.862984
"53bbf1d3345eabc2a8b7f5ff",944311619.708661
"53bdf5c3cd800459acca551c",472939069.21543
"53d33316e237830ad463a26b",508399132.701415
"53d3e32b1dc782308e352a33",1155957741.16556
"53de17a986d62a44d7897200",478485942.367478
"53e14e867f8b02c6043ae02a",444767719.608544
"53e94de217ec45ad576fd83b",920435563.041778
"53eab0ecc3ff098d55666699",1032893147.5798
"53ebe061b85f046ed12ee9c5",625578596.475524
"53fbed4f9680917f0615ae7e",507215085.956231
"53fd196fd0c0558ed1219329",412540910.713597
"53fdb16ec08e794dba9a10ea",738897868.068494
"53ffa19a09c447f3759f86f3",688960868.403083
"54022fa49ecd9cf290aefc89",1068105955.00535
"540c4d7a79864885d73cca95",509059195.690893
"54228579fd8812c3ea160341",769439431.596561
"5428bf7f37a94ce9fb2dd435",796514073.02468
"542b5322e59a3273e10dcda9",835292638.792964
"542db19bc6b9a1366715dd7e",747166226.855183
"54304b6117b797791d266cc0",651950857.590186
"543822711986a454cfd764e3",1107134417.67444
"5438c2127072b47e3af428d8",867931013.305639
"543edc342ad39b149501aaeb",428841495.85699
"5440ee15bccc4eaf827fefa8",695006127.656041
"54445913b2dc2d6ba35abc66",1030310378.21706
"54561e6ed5570577ea97eeeb",1044860967.85081
"545db4962e6294cc5ed07727",1156328468.53855
"5461aeb15c7f826f0ce157e8",463856188.182781
"5464fe43eded098294d634ba",833446827.144922
"54673ffd4971d04493a1b1c7",910272978.690593
"5469c33200ffa87952b356d0",416357436.576956
"546b56fbf616a6dfd1ad9d88",1025608832.5418
"546d570784c7ab8746bba80e",577793666.688432
"5472d536d1b6b731537bb67e",863216302.737687
"547661e79bf0c62cb8de63d1",1072107382.90025
"547c8638128424b89d602f50",1090821355.66451
"548791b5faf236b1c03b7523",738808189.72596
"549024cda1c093c9f8bc2ea3",483121952.990761
"54933f8b33a4fd6f031ed5be",909564866.280637
"54952b5f463c64c605576601",457769601.632804
"5498b3e3ca091bb81be87166",595731476.342098
"549ebb2f616d50ca778e92cb",860027286.881528
"54a09a85767156b072c808c8",759924337.390115
"54aad3aa4a166d2d50df48cb",1149100820.18049
"54b474bc7cb126bfe8e6c144",832740359.028409
"54bc553b5b8abad0ceed4d53",611057068.679519
"54c0e5e6d368ec51f6e75c1e",921747739.023512
"54c33befb89cc873771c3be6",1040427328.97237
"54c3eff286c62f05ebe2ba57",543721715.144295
"54c74b36962edcc922573792",494966703.056951
"54c9bffcdc46819f67e4b3d1",941179599.377374
"54cdeb67ca9ea56205e4e533",828010259.52939
"54d10cb2a44179fd4d726f1b",916021812.331119
"54d11dce9374378326f7ac62",556353519.723292
"54de2275006e273686ae5fac",1075606123.77901
"54ec4fd8f49c897c644ce83a",788843312.730753
"54f16cb9563346e15b019102",582319496.567313
"54f7aab6b91b48272a81fb47",843424155.145003
"54fb79bb019bfd10e5481ec9",781466009.981167
"550157aa4dae5fafc5d795b4",610890816.450075
"550c5061428d09afa0c409f3",827584288.730412
"55118881731616058c929b1a",1215255871.96175
"55163359d7cd910861059389",1183282874.39418
"551ca6ad1ecfc7ac21f8ef0d",927857491.197323
"55209683056fe2f9faef7fc8",561009430.195439
"5520cf373444931ed8630635",562460507.820486
"552152b60bdc1ca16d2dbb71",651069027.807718
"552217c633d2562cdcaa81bb",806467003.20016
"5529091bcc05ba5cb2156b15",805524249.443172
"5529d858e9c9e3e92ce8a95a",761499315.986344
"552ab0964056c1d1d1b7398c",938406666.781286
"552b01d72edb192663998c4b",938989454.322646
"5531b9663c5a37a2bdd97e9a",697079218.808358
"5537b994e85c2688fe555d5c",667597044.307134
"5541cbe23acd6ffd4aa0d939",643556227.870832
"554ec896fe4f9d8f2e8eabe0",916827027.809896
"55597a7b8637f24198415ed8",803125927.640733
"555a293dbc104e00f182fe34",570385865.2372
"5561eab714583013b422e7d4",790382103.187582
"556210496090b42ac10cf1b8",1180297427.09707
"55657bb933aa2ea3083e0b90",406027537.492646
"556a39ca66e10ba3545f2234",583025613.65046
"556cb23459a9007127b3ad46",807395000.317434
"557e40fdc93c1824b0bed769",812416862.034258
"558b7d06789a1c8e488c38d2",815392257.461038
"558cb38bcb8de04588bdfa30",836065430.352931
"558d9e4b57fbe6c7e0a09a95",1143337559.96293
"55902baa0ece72e2e8c869d6",1242255550.81936
"559fabe06aaee537322d0af8",495481868.782534
"55a615a3b3919798d54e885f",858473149.985715
"55a615b65a28b64d46ec63e4",458963984.589954
"55ae7bc854658aa5fa49d368",525511820.558755
"55b72f6c7163a9b0b3b0b262",568735692.701533
"55bfd350162592f2571e3a0d",666565282.911761
"55c5e58ec636586755df3dee",631798534.792467
"55c5eeb4861e8cd71731274d",1060972297.56497
"55c7cbf5e572d2342d0d7071",915602232.263644
"55d0225b44a81e82eea3efcf",1068095440.56201
"55d2ad80322427ee3426dceb",889509643.973561
"55d47b5f3d0d2dd7c2bf4034",624293331.645396
"55d4b530b881abfce2d03e56",808413985.031322
"55e307c88e2a943acd64a9a5",599516721.235009
"55ea155410b001104518e992",496477393.854946
"55f0e95dc857256aec65ec1a",1861279175.02498
"55f67dd7302b68477e803399",533613488.257493
"55f747145222c070fdd50175",797048357.19019
"55ff644abd72eaff17d533f0",901210746.144032
"5607cef08511dbbf3288a5bd",820954502.255315
"560a750cb6f8683ccac4563b",1018699711.90042
"561689dc0f267cc5011ede3a",1077049283.40361
"561840990333852ace562b82",591515024.664021
"561a262410ca91d69a58645f",1057331023.04245
"561cf254aba002fdef8258ff",591933536.116583
"56234f11aae98489ae00a8d3",683215536.459146
"562c7846b05072561d96698d",551120864.503418
"56334a9db3ccc24faf138edf",782474121.717908
"5637f3d3278ea049333afff4",574777769.071747
"5644b84ee2edcf7267b2189c",804595316.892437
"5648633b1f92de1ddaa7e7ab",478927903.762141
"565fb93190cd34ac8b01f01b",965105385.115966
"5664cfe452394ff9376bcc8b",701594507.835357
"5666f3c36f0ce4eab2c39299",705086824.615875
"567ca46ac91cc53e3b479547",535319577.372985
"56807890f8587cd75893aec9",769030670.458523
"56822f406646f93fb39d9e60",484488571.91624
"568509a7aba60f8fe2d0cd5a",567646422.176695
"5688288ee38f1a69894ac77a",861062514.792595
"5694c1f689779fb5ca95686f",546927942.936425
"56991f74ed430ed942b2d6d6",1102493156.31639
"569bb17b961fbdadf7106d56",1340001637.27869
"569e2cad5c18a5f393f80a8d",696955416.708237
"56a7470ed14454665aaef75a",1938796099.06151
"56ae6108c1b53c649da2f6ba",825911416.903794
"56b22bd973f94a4bfaaf6b33",803671951.767137
"56b78bb57b2d1f064c47891f",761792710.28327
"56b7a6da82134b135fb7de2d",1109016918.11715
"56ba332c82c36f07ba6bd271",1179052507.4169
"56bd3b61805077405af098a9",747018366.184397
"56c2e8e14f9c6c9a9f046a08",705581471.544052
"56c41a58ed5b9864b68fc910",660943598.746046
"56c6bf831d3c6737e3844969",859279498.292733
"56dd1bc39664f8e9f316851b",845483138.671591
"56ddb54e50deaf650a25e82c",614690991.747084
"56e3e7d822e13838ab9f85b0",598971612.899515
"56e5afaecb2cac6293cde16d",577882041.236656
"56f30ea777f5493139f22384",1579739420.77907
"56f72c2d672b7bc3c264f7fd",561196749.99487
"56fc1855dc6375dee0506133",817229363.752219
"56fe5c13f11813b82dfb04f8",640591042.76329
"56ff1f7e81fda0c8491c354d",689068012.326627
"5703b4ab6e77d88f751bc6e7",803168697.552441
"5703df84eef7ca9bec5bde45",853863147.773462
"57062f248424c47282d3da30",764685907.552278
"5716ed7d678cc2575397174d",433760894.768338
"5717732a654405ba208c0f5f",891816522.889045
"571e1a8c252cd67ee0475974",918270444.046686
"57238dca767ebf3a842c5f10",1094018167.77668
"572488a9a75f64434dca5dc5",463495743.24807
"5724ecee1b12e888d538c1fe",826663419.80184
"572ae40f693551547e13a196",1375670516.49134
"5731cdf8cac0b8371d786c90",799076521.307654
"5734cd4805f5c055d36ec645",889459046.490271
"5738bc8873b341bf92ece0db",781991512.230277
"573bf87f57db6e037aeb94b1",822203448.88889
"573ea1962372999346590c0f",828261576.593567
"574b6bef16abb21fd67db401",590078515.606916
"57551742fefae23bb32571f4",827155229.982469
"5766f7cfab59c920081e3046",823066900.612258
"57744cb947a923584fc6bcc4",367526535.554097
"577b17cb350bd2a646725b6d",996845947.31132
"5787d7c671378e596edfb58c",785335813.456068
"57891292fbd530872cbe68b2",1188428792.27475
"5790e4cf8102dba35e184ca1",702031031.790478
"5796e37eb1a995db5cc06eea",450036207.113455
"57999ba0ed9089739a1f4de1",936943081.860548
"579ee47bc31f5408314bca28",616613367.594149
"57a5f4f83a474ae156f207ee",769176363.26829
"57aa22792684debb8d4079dc",622308087.842198
"57b3791f2c5acffb0097f7c4",1391717826.64836
"57b7aff18c444fa3c577b079",524954755.396612
"57c1ed738536d177d66fc52c",1479478934.10548
"57c29184563b31f5f752c5c1",992932588.918943
"57c63e412f3fceedd3a7e698",969574938.935027
"57c68d470f6248d00b6719e4",641186087.453165
"57c74f7b9bc5e33cc823439f",797037884.24724
"57c7684f8cd8d78909711b53",449483710.335279
"57c87ce038e4e523b4ec189b",931920610.387742
"57cafce17dc4de3bf8a9ba90",954091854.382403
"57d17db2cc5ce1aa889f1f50",1151582552.77851
"57d8cac189a13c180f08cd2d",483741950.451582
"57dd353ac00d0e99abdb3733",1006643883.64213
"57deff02895d5286eda10d89",1097914059.22469
"57e5120d0b71ec6a67746a59",814968149.181071
"57e8ea351ecd1ff0825b1324",877401147.290464
"57eaaaf24cf82d885f0f1dff",622661843.531264
"57ef53ecf8b709ddc05aceec",870988044.824909
"57f4a3f6fe2e41ad97116002",658239461.715742
"57f8a1e37c4ffb1b8cbd342a",589369666.250004
"57fd11f829e31e198326ac98",1127904811.52593
"580452a616b4f5170eb628d0",475595245.741312
"580d8eee8dc4b7d43cb193c7",867931013.305639
"5814a1dd61362ded4f1d8d8d",1963161149.75729
"5814dc311aa87b24e26aceb3",1040589659.25884
"58185ef7646efa724e904f5b",765379192.133274
"5826567e12ee3192785e36f3",955589663.957156
"5838e86b74020a5bead56161",530005315.921682
"583a8d8c5d7fa63125f62155",805338974.229792
"583af1118e60e46c347ec593",1204043675.79388
"584364cece0bc4d17f0e7fac",452053037.212716
"5844c83fecdf7e09b188c2f0",753171726.167741
"584990ea9718bb5598495061",398992913.511131
"5852773a80f7f1b929c7dabc",1743484042.21875
"5859ec20de4a5036292ee947",986712676.825497
"586fde402c82c1eb5a74d634",637001319.310075
"58708fd9e83147daf1a80c48",577097375.253021
"587e67078115103d184970be",572564997.556169
"588400f7829874f9de919e39",695286949.19162
"5885faa4aac834118c5e4351",763167800.459874
"58954e79191c62ceb1ead100",1127420468.94512
"58a3a9f44bc7846ae26413e5",800398725.201301
"58a5dacf2f664512c2b00ea2",728044408.191371
"58a724e8a0e05140b07539b6",878263868.370197
"58a86bf535b4c16b50dfca06",432479627.410722
"58ac250fa52a1ac7ce39f70f",462038725.517705
"58b139bc16fa2731e4b76f28",635983989.334847
"58b3ab31de2f9fdb0da0dc8d",789177105.552148
"58b40969f1b73182cb6d30db",551351118.673104
"58bc2b0acdb0702732894fa9",637422800.68361
"58bc65fd2e0e4430fb353d83",903552811.819021
"58be66aeab226c35330d57d5",588578335.864517
"58c2b87098ad454b1fadb13a",788049719.264401
"58c6518f9d2d0526d31e7566",426916671.135603
"58cdc29143b85386c76bedbd",1055580570.42305
"58d24ab99d74ae4c449c90ba",889459046.490271
"58d92e8a26589e37b7123716",607498761.519898
"58f02c785ee9a506e899b967",800490406.428104
"58f55e9bf743e2e3ad43c274",704132701.473975
"5910c9b29a1025bada93a5e1",908454548.011975
"5915093d458d4b6589e86f59",507873201.239657
"5921ce922675f6517f8f0007",1293692232.06519
"5929c81cfde8ae068a8b822c",820997065.841974
"592c9c45c07388359f663219",675565961.773752
"5933c18b8cb17cc6e4ae91cf",1056740120.74792
"59374f70d5e7da97e3b8b35f",1031286378.71771
"5943151d9a76010179f6c297",792714571.134379
"594d46a91315527995cbd807",697584917.291443
"594d8d78af90086bf8cdf09c",868997783.355272
"59519bb6d5d299ee0b767224",887191148.895615
"595415e95e075b70c39d5c5d",885061018.817063
"5960f14f2a81075fa66568f8",806414287.906186
"5965d19a68a8414b0419bc68",894710376.802314
"596b6f435f76058493a16cd6",1030899020.81811
"59764968800501c68631aea3",821190983.334268
"597d3f78e2f413acabf825c0",845622577.059905
"59805e5f4080246ac1d92b34",808034755.192405
"5987f6171a2bcb37062ccc94",971729735.492066
"599506739a6544839bd97b81",919468243.170636
"5996fc90f923d6e8527097ae",606589595.898811
"5997da918101ff14bddf20eb",625234020.340799
"59a309a6af425b2028a2ad69",811416607.90219
"59a3b1a44c35ed4936cf7843",883130742.709942
"59afb00a84b4f2a9ffbf71c6",828137093.251198
"59b271bf9e2d29ed35352f5e",689149791.16514
"59b5fe8d4f5ae272dbaa5ba0",1199257487.8487
"59b88e154c07bb7c0ddb4e8f",913906295.525927
"59b9a5730cc8a41bb7a1d16a",839585302.535995
"59be3c447844f31267366cbe",490841006.322335
"59c11d3de7153d2605cc2273",657182554.915502
"59cb7abb39785d5263a156c3",792555707.280508
"59cbc0e7dc6e6922feffab8f",729606049.219311
"59db28ba77489750903261d5",640240725.527083
"59dd396f70b8458772307895",841042306.226377
"59e48259a076518d929f5db8",547588185.060253
"59f9cc9b23cdea5bd4cc3ae9",979908479.302597
"5a066d6bb65d28c2094051f6",933021909.564267
"5a06a8b33611251b62d77e72",925235762.860595
"5a11cc89d3b01eb87535ff1b",858900505.700691
"5a12a15af3c0585d81ba8f5a",741540512.254865
"5a16b30f4d580352710e92f1",754037979.748849
"5a2624a08494481388f6daff",1087619872.96152
"5a3119efc021fd0f102ab958",623216927.83443
"5a3625846567d06dbe4cea0a",974486248.946052
"5a38f908d8d75c5810280e12",503375890.129456
"5a4039f0ca12767138ae585f",733641656.02274
"5a428139d5ce6bbd9505945c",1045821985.0066
"5a44636153b1d4a74d58513a",736151319.868731
"5a44be6fad8878eb2c394ca9",906747471.839039
"5a5377f2d087b7bb183783bb",550543938.758532
"5a5a581ad5540fc82cd3c2ed",791971481.967008
"5a6397b85f45fba27dd9311f",592511556.629143
"5a681060eeb2fc8f1b3261da",759962295.570547
"5a6878f8a47f1fa2fc1d600d",1118307132.70544
"5a69ebde2e113923ddbcd18d",1016142602.40498
"5a6b30b4d33e068d421bc2a1",877896457.239319
"5a6eab133b7e95155f6a9012",444988095.102512
"5a72e2a62121158efe59069d",744582232.862918
"5a7b67d4c79ecd83b7ab66e9",802748860.400176
"5a80dd0f68dc2cf9fb1b0c03",630912483.445954
"5a82fa348f3b97e74cdd3a61",784749531.264687
"5a83bd697db5076016c0671e",485046267.363569
"5a84e6d2ab8db0fc60775d03",744888513.459478
"5a8638c17d14ec4f6d447b8c",698191499.801567
"5a8950a64b4aea4ac13dad45",1061854524.25494
"5a9892659590355b91442979",708307906.835745
"5aa1667bc8db26bac1c72f5f",948650513.218639
"5aa715bbe2b178ad0c9e4b08",571460341.243974
"5aa78a2bc8ec5e2be315fbcc",1123187023.11217
"5aac1a1d5da10b76ba4b690c",1149991046.8855
"5aaed76349fc95f6c12ced7b",1516524180.62088
"5ab0b8b0d6d93c4654b5cc14",517013239.57196
"5abb555cb9d65db8e6c28201",780725635.093814
"5ac98c971b9293bc6a8a6aae",920672451.378522
"5acc9d767e3117bed0fd8464",785850003.033293
"5ad6f4091b77715b7f74587c",603540598.205637
"5ad71b7cfd356a75021174ab",867480230.537993
"5ade8e9c79288d511ce1fd79",802682767.425938
"5ae03c0e33dc7d3e0e0d54a5",724874798.146899
"5ae08e5999ca2ba0a1e2d8a7",692808085.459369
"5ae2fec22f535ec2490174c5",407405809.447516
"5ae3359bfe2a704de00e8801",601513542.931199
"5af99278b1091dca9b0b0332",858262428.413759
"5b0219cdbb8ed527aec91659",868242379.259279
"5b0530f544da162b9a8ff772",779569682.010914
"5b0918cab84af6fa6c464037",769322083.679551
"5b139fdb19ff722a846d71f0",801209693.722406
"5b146f1914acf2ae78360fec",899031801.21133
"5b169f28ea1dc473ddf11580",376772052.536367
"5b1902dd7768f5144ae7704c",1156766642.7448
"5b29d453bd368190e0e356c2",700536555.42977
"5b312ebdf71ab7971f9fd2d6",654861941.507129
"5b328b80dd844db2e946302b",549563371.157673
"5b36bc6e78872d2ca6d3d1f9",594532418.987928
"5b377636fe30946fff973f3d",812911739.432436
"5b3a467a3b0feb8ed81be1b7",1173826469.13023
"5b3ba9e56e24e08e1f81e220",595085895.204713
"5b462279f602c5b67ada82ee",674454682.980332
"5b57258272dfd1babb29e7fb",590570381.480403
"5b5bb8156b98eb51a58e73bd",588102554.097115
"5b5db88fa09ecd8f4b9cef6a",532192703.462639
"5b6f21752f3744ec6e529d74",1016731607.72379
"5b76ae185e6b41243777cb4a",443532906.976167
"5b83b73ec31031582aabc527",457578848.928933
"5b83d91f4d6364d3e4be1428",781307297.271288
"5b84f5de073000ad4d4b1a04",1311868715.48954
"5b908b8abd8dd0862440c172",656842982.650411
"5b9469c3ff6b197bfe3513cd",577819360.204463
"5b9a21a42d5f50ed4b10581c",898875674.05889
"5b9bae6f556700e099fedf08",917461581.963964
"5b9ef8d6defdaf13dccc5ae9",454373797.338887
"5ba05f67a77cebe5cda31e74",863890555.714568
"5ba4bb943139d7930cb91650",699798429.071392
"5ba6b4953759b45cb83512c7",788786290.49643
"5bb87c8d49ba8ae67a659b52",859380510.066578
"5bb9dac6e0e9409e89aa6cee",738563375.024409
"5bba6c40aeb129c433d2c58e",1070778311.51546
"5bbc190cdc5ff3296801ac0a",693184729.516242
"5bbc4ff9cc3ddacb39469e27",920834302.897333
"5bbd0476c27c53e2bcaf9462",780326841.340478
"5bc46671989de2534553ae49",772076177.852222
"5bd24b842a67601630036d0c",796166865.787685
"5bd59dbebb0d6fa71efa4c66",478338469.043448
"5bdb5174517b8faa23df9587",919660126.933323
"5bf6c1862c0bc967da2cc484",1193888727.38369
"5c02d79c59fb636ca4cbe86e",425504683.905441
"5c0e328a04f881674ae1046e",1039768512.05121
"5c1bd88edef0a4146c871fcc",710808253.975884
"5c1d1ee26cbde5b766cb4ca1",964291491.149033
"5c208e5c37aad07602f7cd7f",943674857.171893
"5c25ccfc7ae77f1d85981a79",758992212.783024
"5c2ba5028fd94a6b9859de70",507910066.426024
"5c372bd1e01f3243256e27ca",499313988.655176
"5c3aaf3f75d6d3ae9b55cee6",775793502.008193
"5c449356b8b2d7e0928cce59",1111565459.8863
"5c5039602efa36222e64108a",660254126.59997
"5c50853824c890a5a7f0cd70",997794884.355781
"5c535b7d92e34c0fe4b66891",507267284.01046
"5c5963c17bafef1a1bfd5e03",968342690.3448
"5c5ea0d8bae75e0a5c88414f",838769076.824869
"5c60d7880850970facc54bb8",1004765451.42724
"5c6e6dae74e39d33621c7119",1092857183.19194
"5c6edbdf110bca5a66a51585",517953933.725818
"5c77e242474e477513b60ad8",793972093.555236
"5c789f2834a1a69aede6316c",466569873.526052
"5c7c83526b72ced12a08e573",824882360.361378
"5c7efb015b8ff7f108c99723",640469705.819789
"5c802e198dc0906016741026",763735167.660244
"5c8240a1ebf6138f81dac715",980383264.380374
"5c8f3b7ccb4340263c255d00",631433319.029528
"5ca0586ab7d20dce5e9ca8a0",610809430.850084
"5cae4522fa829a1614739b64",1058950657.39289
"5cb29f5aaad14b6c33813580",613685507.097987
"5cc0700421954934cd8dc445",559231696.02717
"5cccf025fcc0a7d9ea01b170",456401071.231779
"5cd742ea274b4a8832114080",719911498.581601
"5cde1a59393643d7ed4e909b",962646483.002425
"5cde51bd6de3759821216d5c",1002679573.70085
"5cf70a67ec25288657d6fff4",829748232.988868
"5cfc9e48ab90da0f4e98a7ae",810819320.770427
"5d030db414b00948ec10d18f",375701653.417904
"5d09f2d1cc5fec761ac4372d",887848650.970539
"5d17daf3e98cf433267d978f",1002368976.99296
"5d2200b04fde91f830478aa4",775123189.945701
"5d2be469f69f31090769efe3",771019041.329486
"5d2fd288d33283826210cb90",1327958692.14574
"5d34f871e5a5cb3a655a0b13",800155097.344091
"5d42f42059617a5ca7ff3a32",565905362.033678
"5d4a23137173c0e2288ec418",641118497.53042
"5d507cdfb7c233cf96dc6a83",605635095.320157
"5d54a0a596d49d9f85f1b5e8",839785749.870129
"5d61946d53efdd9bd0af140b",919829012.635356
"5d646ababb10f51c141e0d8a",766254245.694401
"5d6c275d9d3326e738c875c8",890042405.110328
"5d82060575bdb7be33e63ecb",900762115.562478
"5d85d77a06d0f0324d15d162",1106879249.67203
"5d86154fc1769d4dccac1269",754018650.223587
"5d86a1db39e324770ae58efa",413244001.468991
"5d86b884df3627d93f206952",1183507047.25668
"5d91dd63b6aef851e0c78389",779716009.616815
"5d97aad3e83e26b551c3399a",646113463.400806
"5d9f8f380a6434096a0cd906",639719154.094861
"5dac2d2027b6c81c1b7ee3a4",456362191.957731
"5daf1136686fc538db40afad",586879197.084191
"5db3d671b5aa03dc33f258dc",451108617.178776
"5db50c50b523f3d454e94dc9",658466125.100289
"5dba98aa20e371c3947c19b9",991970894.522494
"5dbcb55dbba823dc31b041f6",1107298685.80098
"5dc1fd6ec7ec8c8af71e3b6b",1047541710.62434
"5dc404d1c214abd2d45b2a0a",1311543038.98661
"5dcc8f6a6854a864dcd27a87",703800352.936697
"5de0f045039122af0052c544",865544432.587233
"5de86bddd492f76596b17a0d",1167584725.01167
"5dead94ad2dd86dd41448994",622779806.77643
"5dedb7b64b6ad0b514de2bfb",730848882.727409
"5df95b44c73b249be0fc69e3",469730228.05892
"5e0100ae728e347eedce5b14",1221131042.27198
"5e04875f99a5e4476c0b4186",658349512.560299
"5e113e1e878da12e312cf875",1135097739.58999
"5e187b07578d582ff3d8e189",721275753.426076
"5e18ac352e3f3119f5f9197a",851699254.642218
"5e1cc2905f7a701f895123d8",602848164.382158
"5e36efb290bb265d81706bd4",1069080395.50504
"5e3785bd517f4faa2bcf43d6",1211251756.26892
"5e3d7da3cfe55ad1fe609579",783769346.523651
"5e455623c380290e0a8e4e48",559909930.468741
"5e5ca2753a908aa1b7fe80a2",826685594.689568
"5e5ea93675900efebecaa19a",471548524.747817
"5e6324cfe41c3676c7d0a5da",894101446.834767
"5e6b2661bb7ba0ce4776d483",396533962.841898
"5e6b54654c98c2517c2e31d7",989799876.167421
"5e72dbafa642e4f416e6f01a",685410680.204425
"5e7ac1ffc0886c27471d1a54",761637313.57217
"5e7e36116dbc08932f5fcbf0",902496397.22873
"5e8b2528c1c0a5c12a476919",1000484830.74634
"5e931fda1e62fe41ff0f2ba2",514552240.078559
"5e935d4a03c6abc86ac5adfa",1071948279.92242
"5e93ed2a9b36625c4450b5bd",660511072.980222
"5e9e9339fe1c3a06470cf7c6",635936259.826503
"5ea150753f8d07c71af45cd9",929669173.728352
"5eb268b95d7b6006b064f9af",769176363.26829
"5eb815f9023e6eb97786233f",1370239785.17365
"5ebc5cc2c1488f681cd119f2",781165776.945096
"5ec01e911785dbd5b49b166c",522209558.198165
"5ec12159380f4d1a85e8b0ef",523294079.926247
"5ec3abf721e13b0d55829bba",641064637.79983
"5ec6e033b9dcb454c57050c3",781165776.945096
"5ecbd5b92092264f4e9101bd",756932637.477278
"5ed1320fe84a518e267ff537",1204504185.98069
"5ed8cd2cf2c6dd5b5241d6ac",1156985792.10893
"5edc37d9746cbef8352f0fa4",705088237.975753
"5ee020d4adc767b3b16fffdb",392431620.220181
"5ef33cf17d4b45277edf35a1",890642331.90535
"5efca36c25884a2822bb7a81",594425582.263705
"5f088237d263c37e78264bba",471088013.386305
"5f0c7a6b4f46203648a0bacc",623471177.988421
"5f0fa37b7c5cf77e0508abd2",923136472.026373
"5f18524e839c2987594a11a9",981914689.354558
"5f26f33bd89fa7563ac6873f",739519110.969022
"5f284a75ec8e9c72abc76695",891725229.591189
"5f2df52db15d2e0ebd327a36",461487615.743505
"5f2f7596a284915ebdb81a35",405655686.351163
"5f39cf56c4e1bd43f61ecde4",763655998.437179
"5f3a1ab21669ad9234d4dc63",1018699711.90042
"5f3a2a31f6d1838e0a9531fd",1158156183.14054
"5f467c6c80023b0174823d85",901495400.945065
"5f4b0ec9c7452b888b33c3e8",751158344.477717
"5f501c4532ade3f412359a1c",1119422333.1915
"5f52e316136696cdb56e65a5",655043699.595544
"5f5346deedcb7cf5dcd1e9be",673812275.836076
"5f537d233678443192d22642",1523655685.90653
"5f5856dd16c0e5131835e650",772544696.152842
"5f6ad58df27b562db077b5ce",699426556.699207
"5f798656baebb094a3c83793",1033244417.78094
"5f8d0a2ab1f9136de446528a",727698490.30161
"5f9ee280509afd55d24f39b7",843384647.159229
"5f9fa56b99677a489a9966bf",673067645.735577
"5fa1c8237da8fc7683bc10e0",885847072.573905
"5fa3b0993cb43d3c72c30093",1140541952.78756
"5fb76f2095eb1a5cacc2524d",687176401.964428
"5fb9bd3aee2e1320dcbea448",484639724.118879
"5fc0f0c4fa019b6f1b2a016d",465873713.53973
"5fc3634e1fcc96b9215a6cd9",1353310626.85909
"5fc3de15eb0cd87be5ed2e6f",673557657.089754
"5fc3ffb33090bf75a81aad8b",789463578.809305
"5fc559104e0ba1112ce00f5d",925783883.40295
"5fc77edb0e5bec0ed8e72a60",561858520.170175
"5fcd9836a3ea537fe86d457d",627515092.26229
"5fcf1e2ab4edf13ec844decf",809292477.208566
"5fd213a5236154ae5206c372",1372105377.58683
"5fd3b0299c0d52e48195fbdc",601417158.397812
"5fd89a857727753eae6632f3",539743469.414838
"5fe25ab9cf4ea071cd6287dd",550817007.134423
"5fe5f3c5919c0ebd57ec8e36",618675467.69005
"5fedc401fc32ecc4d9ba7e89",447372053.866289
"5ff696d8369101b6dc60e2ed",730047575.190686
"6005ebd6442c62f8becdd2f5",1073045025.20053
"600dc823c42aa64f60fc3ab9",592531156.269952
"601193433c99337fe806b158",682406613.517332
"601310d800d88f0d387235e4",1003301430.18225
"6013b8c04f7b9fbc74ef1ec4",639599815.921643
"601da8fc375ba0b3df3b38bc",1044498502.66416
"602abdc140c40112afc1dc98",476632087.663131
"603c736378e07570fb985ab0",945617780.312707
"6049fb02c166ec9b4471a7c6",674736508.170814
"604f1b5149f770a8f370fc75",511934528.882867
"605276b332b5e5984b83ea8d",461503501.352597
"605e7a71eecb13b23ffca0c1",550118583.478997
"606affed5c707249158c4b49",831598048.987069
"606df4826416ea0f146ddf99",676562857.56249
"60704a08df293592e4cb5719",660442972.992598
"6079fb3769f843e99b47988a",678399630.467143
"607ed21e896eb5ffb50d5ead",559803875.661425
"60823c81f0b98e8a57192a9b",792322265.736576
"608a2339d558a6cea9478756",1014685398.12957
"608b26adceba64d9ebc5486d",589172131.1667
"608cf4f46a188cf84f853c72",385954186.925735
"60a04215bee81d26f20cf0c3",799088266.562494
"60a495b86d6eff1e345ecb06",477649516.457107
"60a4f09c268e61fbbe423ff1",562348618.646092
"60b5b0aa0c1319557cd0cc85",1139534439.53456
"60bae7a45a084f117eda823d",804837597.702091
"60c116411ab3cca49f7f49f1",580162745.931491
"60c71a98253b5550d773a529",839198318.749456
"60caee98c3cc8526d16d7f44",625151009.639208
"60d5f19c16554cc2d8e5940f",983347670.727239
"60dd7dc49139e7816dd8b143",720070043.515924
"60de8c37c9eb96efc432451e",1078652798.49825
"60e768892afb284b0e5042bb",941282823.754281
"60f0df18cb4324ce5f4bf650",719908626.207196
"610061a0e67aea7d222f08cf",1136212438.34967
"6103571d9525ded3c09668c6",448285510.559201
"61055e6eb1910507640ce6b4",835566749.921675
"610f192d22864016cc2df1c9",1057463056.28291
"6110b5bf07cf38c437c7ca8a",1082662958.25455
"611a369172eb6e3e2e4bdbfb",994664650.080952
"611a3e1d63c6ce5ff8779243",886818267.568195
"6121943254877ee48716c4e1",367482071.453032
"6123a0dd128e45216f832e3d",835604732.525995
"6128a8deb1f0bfbbf0d67769",803671716.308961
"613ad83abcebf6598f0079ab",810092679.367698
"6140125d2a94efe499a6941d",613153342.491859
"616a5485bc7721ecfcc21c70",455778737.78268
"61779f1bec05260cf10a0d2b",841336071.904215
"6183257f16bce94113879745",693451163.083205
"6184f12f3a903658f3319290",695818918.428009
"618dede0dbd48df4fe610af1",1045219888.01666
"61953f4c9bac7cac5ddda5d9",996477452.466937
"61974f593c799e5d5090c067",427787710.190642
"619abd5f978b1573761be86d",706933079.361999
"619dab52b321ab297a604185",1006697785.99767
"61a12496ac1e6f39c5ac5d3b",1005367388.23141
"61a363a73f3c93aa1775c4ff",923885148.891192
"61b3bd442f6fc8838e2f45af",821289159.756981
"61b9307a25be3119effbd0d2",608002068.86443
"61ba09084039a467410aeadb",890288801.228665
"61c3c304eb8a06b5a483efd9",718947328.881405
"61cb98125f43429f7f93c898",801057933.349786
"61d6969334fc63611c810e2b",715429653.694103
"61e1e0c49f3aafee6ec9179d",738534378.119871
"61e57e5539c40e5ffeb77997",786809530.770709
"61e9c2375626a18bc9920c5d",541294409.603172
"61f634438de4a10a861f42c0",720428413.597804
"61f84e5a07f37865c31d4a07",1249776420.04552
"61fe9ea90c8a777971db8384",843716794.603836
"61ffbbc24b30698ab8f735c0",684134017.084775
"620e467297aed5c47e22735a",330168816.253099
"62103a85a8ddcfbf5e40e284",1079749706.84787
"6218a5d7267f02c576e5bf16",841462867.242187
"621c3051ef29e8da01e6bb2a",888750581.253901
"62259b400be228a30a655a59",973741168.669908
"622872d345b4b0d9c1b9302f",701669968.282809
"6228854021e72af611d2e59a",785118395.41369
"622fdba953206a65224f2c82",694546044.495106
"62313cfe4272d263173e1ea9",691265884.102255
"623b7d96c0fa09e50148aa7b",807638915.246519
"623df36ea9610ed5c58dbd8b",738816486.426757
"6240b85a47c079cd0efb077b",712011330.365519
"6247fb0e5261d4225f6c9f1e",663409720.312523
"6251cda3676ecbdb6555c526",480575372.292856
"6254ee88812e303bdedb8767",1282329266.74714
"625caf4f4f56f3f6bfd3f786",411985836.629456
"6270356f1cc3dff186d0ff4e",643521826.298916
"6276bb8ceb13d174b8e405f0",459479463.267865
"628b3b56449724e7d945351b",611217468.677051
"6293e4a72b5c84782bcdbf78",898532907.04618
"629a6122db92e378f0eab96e",982343831.336025
"62be98264dbfd418ba21cfac",893973372.45956
"62c017eac96743cfbb61e86b",712409293.207493
"62c39ad30e9a26d8cf3593b4",1057664133.1893
"62cd6a29e98a5b7a5ad38050",603280567.087351
"62d338c26b44153bb075b234",1293829979.70795
"62db5fd2a4eb831d281ba8ba",1262714097.38887
"62dc69d80cd6ea9fb7fe52db",792997912.924891
"62e0110b1c8dda16cc7da89c",686352594.37138
"62e376b22a4cf0d84b7f6bff",1178882034.69608
"62e9330888566f1f826e1ee7",760240239.264568
"62ea31859e01c2f4d4e97baa",755121459.889862
"62f022e19ce6608919eab5f9",421446412.261287
"62f46b8989bee43db86ff589",566694197.277763
"62f96ed5c1e5f28117949a23",456539172.652003
"62fbacd4e172983a2a998daf",817636585.81376
"6302477fe8172d08f3b4815f",675805986.848541
"6302d4fff078a118c3211794",1077319503.40033
"6302e608d8f37e63f4e5cc27",412319951.985842
"6305f02255274ab5fb6bd39c",871153053.452522
"630f00e15cbd7826475d1509",996845947.31132
"63131b8d125073c7dfec72f2",1067448879.89588
"63182bbbd5f94cea67de2d8b",597043260.865625
"631e6aee6ec1f720f3c78775",752674636.969585
"631ecfa47fe167bfaaa967e5",492683856.374978
"631f4c509de8dd64f1c400db",786872741.058472
"6320f26d77fcd56675db6b97",714555856.075704
"632820af2a0477aea5ccfa1e",774701699.298754
"6334eb4a37d102ee00c6e2a1",726656908.488484
"6337f924f515625e7fa638a4",856562916.935106
"633a7038a23ffaf4b3f7896d",1140974144.91847
"6361330195fa7cdc6d5c603b",777311594.348582
"63613a9290bcd9e1bcf2786c",903316426.034869
"63674e7ddf6f2b4d7c6d5c1b",488883968.012128
"6367a127b452cfa27043f74f",812047353.242163
"63698398738ebc7ccebac817",772639869.519346
"63717ed97f95e32b2ca321f3",631988726.793672
"63773145b1a896df26504b0d",644486235.876557
"6388b4cfd09e2b1219268cb2",722836618.713035
"6396667677a878ff61e1b536",462020113.324655
"639b98d0798b5670e7bb2569",901715087.056579
"63a25d279fc5a9e8fc1dfae3",444997727.27417
"63a5989d0dad994a6af7734c",707084855.294064
"63b09e45c1b7dca181491030",819476571.890866
"63b982fab95cd17211a4a58d",497630737.212888
"63cc884a9c5c888de176461a",979417081.827011
"63cdd73026431f5566fe246e",822968984.946886
"63cde4fad1be942dc5ee695d",606690424.566327
"63cee15dc4a6808616a2c2e6",476378927.068177
"63cf422266e7c39a6c895b3e",755337019.742529
"63cff4b5ebb2b6528ad34cd6",750977675.892387
"63dfd58a5c43cc7c0a468209",375804249.917002
"63e1ff737ea11ec607ecee08",880444308.599629
"63e73f1b8b385d89de1329c2",430430282.8244
"63f3295df28c02953241e2a0",561485282.729111
"63f4e57fb2cc22659e80d6fc",474501605.59652
"63fa384ea296390350f23d7f",866468429.350033
"640a801d503d85835eb65a42",1155178763.80979
"640e9fe41fb79ecba89d8951",853941726.188598
"6410d336f6e61c4a81403c61",776148445.229561
"641600a4cbb13b35dc7913e8",1021548325.60099
"641ac8f4f60ae2b9cf6add93",886035162.130902
"641f4319c315cbb74872b8ac",551254874.103749
"64335f6d4c1a7514377be77d",617933606.79773
"643e13f00dfe7787a19b1254",788025104.419461
"64593641e470908ef23b46cb",893438471.072314
"645e1c7b799a489887086a1d",798925164.987871
"645f3c4490ce43ed68c7df10",643434329.279613
"6461c0a03ad3ecf2f8112759",761764095.874364
"6463505a740324c7aa869d79",786422569.433304
"6464d5cc161ac659dd963897",455595420.978315
"646bb3de5a1cfe4bfb7a7ea7",1378203504.04319
"646de9441934226c2ffeff77",785850003.033293
"64731b6eaf4fd2bb6c155013",927305021.86347
"647ec3f486cedf045cdd3b68",636771617.818781
"648217f4d8b5e0e65dea066c",851653347.483405
"6483f2fcdfbd26c621a527fb",945993997.022749
"6490a1eff73727bf62458b0c",536246902.778578
"64955a117f2d9264eb59fa82",855917007.672503
"649a2784beb9b821d36179af",745523683.332433
"649cca8c83352caf7442f20a",858099861.451636
"64a24372d58a2cf535c3aac0",777786055.325287
"64a4528640fe492865ebc0dd",986942837.016335
"64a9f0bf04f1c890cc6e31eb",767314142.765746
"64adcb2941e9553ee394caee",464453307.079097
"64b4837e4550ce39f2f85342",773780557.433086
"64cb8fc8412c9247a5c243ce",1311371789.82461
"64d1c45a2968b0fbf0eeacaa",826265972.213536
"64d9dff81c79a16579cef2f4",1200992935.22945
"64e3401f22d18b573ff0504a",711077604.641335
"64e5093d6bae57e8b4298123",869228969.070084
"64ea18085495f759116f62c9",663830512.652611
"64ecb100d7882ddec6bafbcb",801069743.938416
"64edef308b6a9805f0846cbc",891208692.218512
"64eea2e9a13a8edfe8ac7027",752001628.051711
"64f36d32a3a64853227fa69b",1131514772.05494
"64fbc9cac3f15c0f1a16f4d7",763215592.085937
"65010e340fa495d060e32f7d",468826929.399513
"65070c554133f2b4143fe051",570259417.071422
"6511180e3128e083bbbb6940",777615902.983244
"6514f355887c64136edb5595",1002737925.64705
"6517c1efabdea4c1f93078b7",455756244.825782
"651d5cd65f80c4938deb7da4",792215709.19083
"651d6af0968fc05584cb3d25",750828320.609547
"652793275729ff3b69e86072",553655930.961969
"6528ca87df8bb477f4b6b8c7",656353534.186532
"6542b39cc8d2d13dc828772d",1095396131.71876
"654d2a3a0e02065560ba2484",726278363.559271
"655120f80a39c19221623311",830192725.404729
"655d6eafd78be856479767e2",853852703.461736
"65647ca6e47eb2b9ba20058d",868594805.9389
"6565b3281cc2d632febbb6dc",1157760632.73726
"656c13ca7a1974df58e1b826",1342134321.25764
"65766c8572b629744f00b45c",820505859.194839
"658c0b009a09339a3f312145",708613510.896913
"659abd72d12756ba0670f466",495153861.679962
"659bccaa707b94f303610225",671108181.589108
"659e9ad0f593b644071cd850",569584820.912107
"65a626faaed9d9e3b172415d",575110895.031004
"65a8795e7a5b88acd7a469c4",775693544.51198
"65ac61968819927b8fd9b990",581168020.510131
"65ae1a893abdc2eaa63d9271",1173253104.62643
"65b8c48546af394a924decbc",658288832.73816
"65ba1feafecd7efdcf214ed2",1009977315.23674
"65ba6e178f3565a84c6ff973",1106383699.11546
"65bb6acd9be0f8d95fbc722f",694967829.737974
"65c3e09ee6f1ef0500ca4316",887470587.758962
"65c83da72c07b8e74bf581f5",1033966880.65046
"65d5918e826c33bb950fc008",551455572.106151
"65e1a61d984712e76829c821",901421571.326264
"65eaf65f8dccb8e49a93b753",832326155.203561
"65f736c3fee3d14c31a57d1f",808246149.678685
"65ff6cef76efb4c83ac0611e",681060301.931004
"6601706d2133f96aecfcbfbb",677379964.914826
"66019487c37339e9354ca999",894124690.575044
"660eb3b40b2bcd07df8f5c3f",717082115.541194
"660f3f9ed9a72d8875a9efcd",714704634.253583
"6615da422a3864d415b28fe9",668314162.643638
"661f7eaf134a5b142843368c",546662041.664073
"662a221bbbd961c285069c49",863615126.562064
"662a3e343a7e207ecc09d6b7",790373975.345416
"66379c5752189c150954b4f0",448586462.832154
"663e062b85f16c2419f8456b",839052308.985924
"6641ef09c0bf5f3180952b30",454456376.868827
"6645a3080e5d10779672d139",909430066.654375
"664934c8e209352d2c79c971",756905352.200136
"66526276a7e8da597683e8c9",735046212.350926
"665d62a8019b27bf5ce6e6b4",658746956.120119
"6665e5bc4774d04321d1ba9f",598549536.952825
"6666ab486afcbc162fb560c6",952005202.389883
"666af58bb684c2d8e7574e86",727772073.065777
"6670cde3fbc11c263c6c3163",779382524.915148
"667685f89a61aa2ad5c9ac7d",404576690.204107
"6683685692e955a8ff172c89",876699862.412114
"6687a2299f38c15598d11eef",895605964.751288
"6689af92cae5d7c9c3e2f215",600103153.211933
"668db5244c4d5b5c76b0b395",812508967.636404
"668e5bdda1f4011578534f54",997287850.277476
"66a2ec5aac8969b2be538c1c",1009906672.07108
"66a45b0aaf5f696d35f5cebb",725960117.527944
"66a59937c54eff29ab14b474",1058344051.49608
"66b7baef9c6c3c7ad24636e1",1123899070.83613
"66bc6e56bcac9bfc4a7341d8",495378091.447637
"66bd80fd26836fd426be5733",610003600.23082
"66cf83769d16a4d659edba6d",1080016803.47529
"66d402a9b7d05f29282ddb00",746273025.961402
"66d41314804d77ea0f440695",845991342.816368
"66d8ce8e6aad18a4963275fc",549675740.173979
"66e4f010db2febff23b4a4f5",578067885.137788
"66e9c614882d58c022de7a2c",799076521.307654
"66f58d9d1e1eb7e81cab24a2",1209898522.00314
"66fa7c9e82a2876216b14b1e",838447815.082678
"6700ad4d4d7f70def59a5d59",745977387.731884
"670583e7a2ec6e337429fbf9",1143273555.76238
"670f7dfbe2eba87e55176257",730459460.023571
"670fe8f7b8ebe006885b2777",842690193.891356
"67138978493b84ff42daad45",565735115.843918
"6714f846f2fa3527641ad96c",690922416.865409
"671603ba1f755be5d7219a01",704669706.683884
"6720db016112cd2a4a5e0358",905172329.291495
"67250a8950aebdbc67f7fbfa",1268632698.74955
"67308f6bb80d2a203e306104",445135357.985923
"6732b448d2e4f32679f235ad",996845947.31132
"6732c28a236aa1ccc0cb2c86",779221750.065064
"673c72783eb4f9a02c511b83",895775637.242231
"673f2b913006ee8b33e75b5e",746458341.676846
"674c02227165e1c7189c54e4",975779851.642432
"674c915c52b27df2c06b8bd3",792954596.475104
"674cccf4c7772d6091166aae",1008337552.27007
"674ea6932fa9e6b7581479dc",757736818.820076
"6750be41e08a725705256b0c",1088515075.24594
"6752fcf8f1af18d61124e32c",581599257.853358
"6765fc17d98c08142d3d7757",942630263.606354
"6771a8c70428fec0f21d51a1",858099861.451636
"677c8056695a5a539dcfa3d0",479488510.066852
"6784e116d96e03911e2a07f7",746040801.347441
"678927546243e932b48d6058",1224952813.12303
"678a80840673787b3aa64228",766391452.948904
"678ba0c80536dd27e385b31f",529970612.169713
"678c70903bcb6c90e3578d6f",1207472417.11062
"678d0e011f710cefa49f6465",501200598.304863
"67a10f161cf7215302b6ca1b",416795907.610742
"67a7cfe6e95aa5200c064717",590110162.055817
"67ade5109553a9d784886a46",1199711929.39548
"67af004f80b08fae38f472eb",529254595.241688
"67bd5b20df7f2a9cf4e04358",681222164.422691
"67c78ce1b8a64f36ddf90cf6",833288960.606326
"67c945ee31cf1fa0a874e4a6",627881433.85811
"67cf2149b4c214da77694088",890784858.148503
"67dec8c47ad4de9605d56db7",652676329.355092
"67f664c8f9250a22c10b4f67",800306686.674501
"67f694b29bfa494bd9d9cf44",761429293.209883
"68006626a3321fb0de032307",605485865.810742
"68075b0ac8e779bf5e66dd3d",681278258.411923
"6808b10f5876ca36f569a4b8",1111677049.9613
"680a71ef7ec15bd919c06320",937066892.959613
"68181ef118970fdb1d83f030",863066847.406149
"681e772045fbee930fcc9ff3",1384752187.60047
"6820ee22d6fafc9c030cb286",1284442047.74429
"682b38de3539b2a584446922",430854144.390714
"682c0a5f5f3130a61b5214d8",965162664.119796
"68340674853f0ea101e32b46",414951542.916219
"6834b61ee23cf04daf4fb83e",716106574.374383
"6852e8bbadc1a9f4fbcd695d",717301689.60958
"6859481703fb0cb34c1e564d",517322255.466549
"685982808b30597cc013e2c7",489060527.226003
"68699eb9653684fdd3fc79b0",1157204982.99092
"6879f05563a9f0748088cc65",868424395.184603
"687b1dd576eb7d06a08c3439",882071054.874521
"6883fb90099426e6f3922909",655443224.371586
"68925fb9f8f0c84fa0ffa9fb",823463054.276331
"68939c438c34e79a317a4f3b",1032414037.04996
"68963f5f3657cb64276e3beb",810885596.914843
"689aafdc12fd1610c2393a6c",1002108750.55081
"689b510fa99bda54284cfe7e",835826111.163972
"689ba3a92dd7c12f1965031c",735295344.059909
"68a00651ead62911f850cacd",607217836.401151
"68a3f9ac977f56cd39a6a1b9",1033887805.74578
"68a7d01e50462f7506f8c8d7",804636139.730268
"68a8b8d077a8232723bf37e9",709424781.731749
"68b547621c25c7418cfdf5dc",907627078.563307
"68bda8b092d5a53a35dfaf07",1353098545.11036
"68c145df0ef91fb4d14d001b",469608613.370382
"68c319925551b9484778bb65",741590054.077302
"68cd88b657b59f5671f59e04",435964935.056376
"68cda50b602acb4efeb275a7",711136223.36443
"68d35dadc6d0dea61bf4b513",573535650.526619
"68dd15c8e9b71171348ea24b",1288982019.72085
"68de232e27aa83405b4a19b9",1394783133.1468
"68ea36e3f441cb6da8d36198",1068110759.86969
"68f431548c330f84c46174f6",902266704.988201
"68f4e3d4355bb71db0f35a65",614327540.603945
"68fabddb27fc928b57efcfea",650102990.700479
"68fb3b3cc3e5b13440eb014b",1177805069.78358
"6906a20be4962df7725dda7c",1327958692.14574
"69190139558b2ef3eface18d",622518634.006426
"691b030abfe1190802349715",426293534.303622
"691c35e98d0d5780aa82aa06",585238832.771093
"6920e6d7fff656d66844949a",778766448.427811
"6921133528bd6fa3675ce8de",646858711.961999
"692cc1c9949d35ae11412fd6",498007573.871298
"6930d8e260fafaa5c317dc82",627057611.59351
"69442123283ab024a911506e",1008967359.44054
"6946fb4c877f35e9215ef4be",829501797.811393
"694b0a500f1619c4ac4c85fb",830621218.357497
"6974d82e41437d61c627b16e",896559521.886698
"697b6c6f7666391fc689cfb9",911701765.030762
"698383c101fb784f8e1b1ee6",433792777.674515
"69843aedb25a928097a22a89",600740489.914758
"698f3f1929a2dbbc69865b65",769322083.679551
"699095150a7f3f32c40454fe",770196608.899202
"699412bfdab1157487c81725",1241117248.77481
"6996e88c10a94d9ee7d05357",612293834.06619
"699ac8957d9b4eb7fcfbcc40",1172425115.24398
"699b68daa574a0f169436ccc",736154358.385057
"699bf5460c63a4d0e4542ade",1191163104.52271
"69a1f439de0f06e1143a0006",608518120.622346
"69acab4a6f82ae943850b9ae",743815485.191874
"69ae1f2868fe714ad8e2f114",349422632.961869
"69bcce6b58fc3702580d3234",924538413.456816
"69c28dce8eeaa86605143419",1024031669.1966
"69c7e97037c747b93c33251b",1054838606.0081
"69cb0f3d422c2c78373c2e0c",954716554.181144
"69d1e47b6bdc57512f1838a5",763115962.313786
"69d83d8492db7ade6c37c3de",658887673.858881
"69d9908e13bf7c8ac4c30531",527609140.368956
"69dd957e78fcdd4d8e874acb",700405851.454173
"69df7bc1d82d9723c70eca70",1072489170.49429
"69e663ffb4935aecb875854c",1047071567.9822
"69e6fbd4d3816c4cc37b265a",1044412894.8461
"69f59487924240bac2e75bd4",1044215068.37031
"69f7ab8608b5328f106b42e5",720933784.846607
"69f7b81b70ea61f304ccd36d",645102294.725936
"69fe76202cd89637a15de1d4",599071465.175456
"6a01b6d09d516d67f4a2fb43",588660468.293043
"6a04f8684e083eb6319b5272",716880782.610976
"6a1024c5da689de67bdfa274",1016747383.49631
"6a112af84d5a81f3d16dfc32",927384603.910965
"6a21be8a7a429eacb1de8c1d",1104962907.38102
"6a2ce95a8be0654f193592e5",512242390.800203
"6a2d4d9a257fdfb2ead837a1",625109507.015966
"6a2db40e5f210a31b2f7119e",749480615.546607
"6a39a747417143f0cd24f3bd",1053363989.17185
"6a3f9046cfdbf4eefca3ca69",512256881.190473
"6a42271a0b03bf9a856d1acf",652297156.313083
"6a4f08cd04d558a56af732d9",477408834.783573
"6a6178c4cae2e92a08b0dd0d",734462870.877604
"6a65986cecddc5c47fbddb9e",923603552.220787
"6a6d4f8251ff961609019ddf",473542065.345405
"6a6d990b9b1bea0f844d3065",936058045.643604
"6a8b9fd89b745a52703715ab",666920279.461797
"6a9ef848f22fecb9569098c2",845580165.277839
"6aaefcb58913bb3f49954b2d",932015055.137978
"6ab5a87a537d2ce326c867c1",624741420.312367
"6ab7f97fb9880e48fab16a1a",456056228.327061
"6ac5f5f52cfeed2f0ac9d018",751780900.445115
"6ac747618b6ca674e86cd275",480772222.346741
"6acf9cef08906fe569c38572",965051138.676252
"6ad1fb94accb91bbc30449c4",606134275.243054
"6ad3e1a47d1055b55d14e091",864372056.148417
"6ae2221c504027acfb7368e8",602178283.558354
"6ae4843a827b36bf189a32ff",910586009.744014
"6aebff5b1fb3a438c2c7969f",607298361.494976
"6afa85ee6594d1c8296f04b2",676108583.664466
"6afff7782d129021eebee968",769599490.79857
"6b0828221f9cdf5cf39e7c15",468390123.74347
"6b1a1afa055c15908a855e9e",681555062.754408
"6b1c0866e6f12f7fa8de94b2",687939407.884246
"6b23aa3ca5edd20134811cea",444823125.935165
"6b23f191d2ccbebf9166926c",1020728936.19811
"6b2d7f88f15cbf7d998986da",1018120953.42617
"6b3411cb8c50c1498572e681",609888050.159117
"6b44648a905e7f4c0de6c855",436293611.123691
"6b49a668de0edbe7f8110740",1025964056.32902
"6b6c365359d20be719ce815a",993875273.573391
"6b7219005737d8660d134ace",1275231807.9285
"6b74ef5c8ab1df614bfba866",1001905201.66505
"6b7aff233052b9bcb6b9448a",1290303682.38133
"6b8c1c7c855656b0e56f0bb6",668438420.014711
"6b8ce573bc2ee68ace26a67f",779863726.763391
"6b8f7074aed7ae7e6cfbb090",906891785.756938
"6b9b9d28723c7ad176a9306e",912691645.558861
"6b9bba3c6afa1f999a9429bd",415912778.303765
"6b9d38e0b9a3e28e3e695be1",1164465665.72644
"6ba298925ffad32daae55385",723324012.075601
"6bb2ac0cf2369cd8fd85bc12",742033944.411766
"6bb760d54e5b0f54d9612a8a",729732813.445331
"6bbb24fd1b9df3df4e939fc3",695271304.905499
"6bbb8f89bae38eff88c89c46",519912740.64899
"6bbf09c3bbc3e3a000cd2afb",908156015.281519
"6bbf67d88846e94a63014eee",1183509224.68829
"6bcc29a0afc735bcf3621595",837537650.091553
"6bd1a412c01387af8810ce57",1244226727.38831
"6bdb3153f267395eefbf588c",732641505.297553
"6bdd97526b1a9cf10853df1b",750203572.693489
"6be0ddd4180b5eb92908da05",452439444.464325
"6bf86a580c8b510b7447071a",722664131.401659
"6bff92260afd556a98d3e3a5",796018987.52596
"6c02bbf7f6b087a1f0c8a47a",611861281.457959
"6c07175274fba6a0dc467cbe",931609561.693278
"6c09a3ccddc797f77d63f1bc",1077374811.56341
"6c0ac32bc8a66844197c5fb4",792408133.188851
"6c17875f20f58b1fb211c18f",1104201386.3806
"6c21f6a3513869f93b32e9ec",1112451115.7122
"6c316d2bb84fff36bb01f14c",1369461304.64778
"6c3435048735371c36dd3892",1161226271.67794
"6c36e346957e336a33a7708d",889469746.184822
"6c3bb7e1696df587990161b1",468118977.094766
"6c3bc8c58ce67b8bb9f5894f",863364910.45373
"6c568d2287dcf12b2aacd388",793283788.892428
"6c589b7e6a3cfad34e98bd87",750342954.514201
"6c598362e322971968739673",351342107.664784
"6c5bbbfa3a1515e5cdec9ae1",842754656.33001
"6c618bfe55cac120a4f1e08b",519318631.166662
"6c679d5b6a1c1b74bf483478",752001628.051711
"6c67b1b0991a1d79251855c3",1213326745.51923
"6c6e7af42a6ddf62b04c35fe",658544531.391434
"6c75d7867807d942c975079f",934689338.375099
"6c778557da9b5d99f90b1238",815263280.739374
"6c8119e00b901efd2dd40f0b",838334882.747107
"6c81a0b90366db9f514362b4",969655020.819785
"6c8c5e22025ca4f450a428c3",816894603.202692
"6c8e1cda487c9841c8d297d4",672529383.660025
"6c8e27967ec63e6dec4bd6ac",1183282874.39418
"6c94fd185169e708a08d3535",629113018.277594
"6ca31945172976c3a11732c6",1054374244.4686
"6caf180e36fe18078703db02",587645765.976439
"6cb19c3e491a60bb2c166669",723461045.761975
"6cc06c89c226a062fc46795a",459480403.152389
"6cc0e6bfd30ed93fca2bb217",524516639.995544
"6cc0fe8ddc318f1bbad360c5",997194929.111223
"6cc4f32b39180bd1ec7e117b",699131552.961091
"6cc6b0672aaccb8909f3a751",652881198.232857
"6cc7718e834ba47a429d6874",621572103.997404
"6cc8e22f11d382206273af23",896096775.36228
"6cc9d912370da36c38ac2cbc",962661782.376408
"6cd0aca2bc40d83473a39885",868624434.38674
"6cd147720319f60ed2599361",857299248.805731
"6cd4e68300a8bafb9d22700d",751979784.078978
"6cd96d73fc58b1502bc6ead8",728123306.862263
"6cda1a7622d5577c0056ba40",981136907.467882
"6ce8991a39ec7b9883f85000",1060174118.38799
"6cf924390dd3ed4454403887",535916893.660527
"6cfb8a07fc1100569413b33a",909485527.108419
"6d0680692396c07afc1a260c",797891631.349653
"6d0c5546a498fafba15f2e17",469158073.737805
"6d11001f164d81734a82ec1d",427760642.074222
"6d12669907d7d80d0b458a93",1047485334.01353
"6d13129db564ad15e69fd534",1018313836.37361
"6d1534800bf0ce97197efb6f",454463811.57644
"6d21e1de9c880bfbb17350cd",773690141.849156
"6d2328def08bae481705e20c",767604376.991749
"6d255e0026d70dd44229a2f7",1072870879.86841
"6d2ec752890a2f1c4094044d",1068449194.43984
"6d305d6f3e3c2a53515d5f6d",974486248.946052
"6d32649478d9d86d840969f6",796801733.612102
"6d3e508ff42615eb78862723",591329590.504805
"6d4a961e099de1939adc6496",893791052.592611
"6d534e4baa1740d7839664eb",705452933.107304
"6d592a69209ef3356e656c44",656783386.090706
"6d5a91ae44cad7849dc4e969",763291065.05416
"6d6aaf30227f16b2be29e79c",1168502076.46151
"6d6ad5e3ebaba1c11dec0f16",538865425.356916
"6d76a22793aa9b571da64572",908318133.418088
"6d7ac64b8b9f27f61fb155ec",645817812.620234
"6d825b439d8622ab90245049",643241847.583073
"6d848e54ee68e6d8f23b3b1a",548880591.584562
"6d860c215908949c4ba1c536",455020127.471521
"6d8998442d831addafbc878f",906190232.605636
"6d8a0768adedcc1070d28390",939153589.621404
"6d8d2ba62c52445d78f687ed",964108840.79277
"6d90801ea8cbc12f9e2131a3",723737643.114479
"6d9c4bf994147d8892d27f27",1096578119.24549
"6d9c89a406cf2e755d4172c5",440776278.258151
"6db318f828d464be421eb572",612947382.942072
"6dbb494acdc64c03742fa730",887104879.599393
"6dbc77ad8c5c1e39f72cd2f6",948538851.080601
"6dbfb281abaa9a6956c080d7",364897981.055733
"6dd97377cbc262b07ea2eb99",453659938.407445
"6ddb6863958ded0d72fcc6a9",381795634.306407
"6dde6686bfdff12620f198d3",683659001.519861
"6dde9af12b6597425160a47a",1621557808.37432
"6de06f867a28393a9e95c7d4",409212952.034357
"6de3c3d53d6aee18ccdee958",691130204.568294
"6de7bfc5e8149ebc40ec0e4b",532259864.875424
"6dfa362ff7a0d55693793db3",683373003.996199
"6e0140e1d667cecd155c6e23",502830012.238456
"6e07d31b81f3fc9b9de8e1a8",1514121330.80716
"6e0d6bcb01e99fc4959d3f7f",513018967.546462
"6e163c3a0e30e7bf1e909661",486314078.769278
"6e1a9c8457d3ac6a57598052",756746683.562536
"6e233ae6294318baaeebb59b",983480757.383207
"6e26918c69487a735a639c1c",1253860312.52678
"6e2a3e49dd6434ed01eb5e71",822736283.785385
"6e2c39fbeb5392e6aee9b644",1233240644.86569
"6e2f79cf68ac0ba2b1a6b0c4",1066907757.46755
"6e36550a6ff6fdb2711a88c1",1414217083.66673
"6e3cbbbd3f4d0578144cf021",908800709.461365
"6e3cbc252c449fd4b758b97b",481614966.934111
"6e426f60d25aa8a4c6f8c9e9",433510981.607658
"6e4adafdd872a2837921276f",455280160.786656
"6e4ce81e713a571601d861a2",885679280.692601
"6e508fb72f189a4fa91bde58",905202339.758951
"6e51ca1a9c2bba9fa0cbe5db",1035189402.33032
"6e537e91af0de67558bc1ee2",659246323.096077
"6e5383a7f9a68147c2788565",838045281.701095
"6e57de8c4ec2e42832cd4b09",1011155622.30931
"6e5ca223128fa2de422b4009",636859849.32847
"6e606a7c8bc632ba0ba37184",492237335.92547
"6e64677f8d730e1f9ca240d2",1143786128.54423
"6e6f7fa167c0f617f50c86cb",814655304.272903
"6e710984bbf2662a9cc7bc4c",443246899.431168
"6e73e42a0d2ef8d6e403112b",465038492.371973
"6e794276348acc39751eaf47",875924886.600528
"6e7f3a0cb6246f13656fc95c",1219243391.81628
"6e807e25b64bf0de81f51c12",1085684620.50362
"6e895a15d402ea7fcee98156",925522910.717981
"6e8e08e09da8dc598b8a8b2b",689280350.547597
"6e9009ad01cf466e8f8136e5",1164465665.72644
"6e9984a3c3daf63fce5cd3d6",870885084.578852
"6e9c7f27d6b89c5f9696fae6",497886070.21827
"6ea022e53741adac484c1798",669287108.966333
"6ea0d50e822913d0f444d89e",655857180.115166
"6ea18874ea84b5b4840f9b85",464229557.504253
"6ea5fbf037ba7e5c74d7ca39",853078331.935556
"6eabd14e55ff090e8a93c727",724728437.658555
"6eb27e2a66d08a8a60567272",949611850.726866
"6ebe90f7140b738b3696f086",692414124.127919
"6ec4c88b8d3a16148e2e7348",859063224.344839
"6ed2970ed02a3e50ac984aa1",895762234.43243
"6ed5fa8f114431d158d35f43",467581161.467579
"6ed772640e5a311cbfd17c31",787305444.744797
"6edd2530070918074c8e7d07",647952751.168646
"6ee1e976768b68cbc8008950",880392102.492244
"6eec5b03718975e5137d5e92",647156018.38285
"6eee8548b87c9349ce90ac2b",636584533.749622
"6ef43ab43841696400d91859",823530402.08053
"6ef9135481d8fc882a1a735f",826937604.086391
"6ef9ce7a53ba3bd892e21f1b",788024191.151589
"6eff15cd6372aeaab2e665d8",458040844.307336
"6f01f2c67343ebb8ec717a5b",564492754.920475
"6f060a8ee8d6d15f46289759",805175087.168233
"6f0fcd78c473e4e04fd411c8",807170932.285497
"6f17875bd3ecf00566dd5c1b",845603104.102473
"6f192e6a537c1509521e1e8a",696119863.0727
"6f293451319bae38c71b8266",674529386.412835
"6f3041147f930cd6cd4fae05",726306935.502822
"6f3070318ab65b867b2702f0",546012886.252026
"6f35fcba4ffd6a58bce85892",773646100.888144
"6f37300b1fefaaf746f53907",1071592994.46997
"6f3dd53b0935c9593a301bdc",532051710.247883
"6f412fbb33519fdd31e741c4",649229870.259421
"6f435cb10e5728ef45be9f29",1492135044.8653
"6f502f363fb55811478e3b88",438579916.991535
"6f52ea8340cdd283f9a79720",722152318.949678
"6f543782174a964402b64de4",673447710.423395
"6f5929e67fb8da068b91096c",1106924710.86102
"6f63e4f866bda86d5c993c8d",489669758.658921
"6f65de020f663622146b89aa",492783028.486712
"6f68b289516faa0b7ef36a34",561587676.063986
"6f6c83ff891e43b7c84728e0",911518847.013173
"6f7bc7fd41ed908494d8e098",1012782271.6027
"6f7e390aa6135019dc5a828f",802118423.142038
"6f83f14861e13af92a2b8cf9",469966365.517889
"6f84d405f419590075610c5e",772392592.455028
"6f8a0e8f1bce0243ea50213c",640187631.431279
"6f8a22e4dd21f44bc6d383af",1585694136.30532
"6f953b9964d60f6a74c81226",744507127.989461
"6f968f62a6fa4dc255397bf7",1223693599.02859
"6fa35f1af6d51d341a3165ae",879953525.474007
"6fa5e5160d7c2bed824bc0d0",648478555.640343
"6faf9b6c30b176e36f2f1d32",625358431.805215
"6fb3e33e16eb81331d389ad7",517194085.304654
"6fb4126e3ff41b8052fd0657",633415749.87203
"6fb45859693c703fd9c812c8",528972939.397716
"6fb9e9ac6d44d3a286f317ae",616011054.615126
"6fc2a4f29e3b896bce631ee0",799289835.862391
"6fca3b70ba2c68d9e0d2540f",546321199.742427
"6fcea2c6b9e39576e10581ea",759016995.125837
"6fd936b82bcfd3cd2451bdfa",679359170.715852
"6fecee4b1e5f50c0b27dbba4",1349700507.46588
"6ff3186df9d15b65dae5bd17",460024011.525315
"6ff3eaf8b5a2f16efddde1cc",819231547.831984
"6ff848f65f2507e58cfaa231",464168626.444865
"6fffb7958a58a73b0e16f2b2",1029263469.85274
"7002d00c9acf8b8a4a5865b6",1241488883.7326
"700a052900adbfa149dd5b6c",1165642284.84777
"701768887155444b77c4f446",561313423.429455
"70209b9024acb3e5baa769ff",983720296.323521
"70215712bdd8ae7585520550",536018423.08068
"70217bd08583854329722821",829596552.218914
"7023f5a68e1ce9cfd23fd021",447481882.592556
"702525f05b47353c95b0905e",473711134.869064
"7026113e0cd7b2d17f8a3459",537040207.441881
"70298b5e8fbd66aee975ff14",571080528.068795
"702aaf395bc78986a008d70a",889040969.900589
"70314b0bd995a4b03c771ae7",587368981.53852
"70463649ffbda5fdf3c10ec8",659298610.363826
"704e5657734af93d19a0e5fa",851987835.507895
"7055f85f7749c4646577a51a",535786748.140056
"7057326ac489bcc17d580883",854165716.986304
"7063abb555d919d5300af3aa",796231250.422753
"706bddaf0b87e4f076247450",629894258.371455
"7095d576a0b963eb340d8fdf",551246685.025005
"70962daad7cd15ee8af564fa",996972113.280838
"709d17b62bc95253601f243c",847493980.894094
"70b15c2a38c404e62ad05171",663913626.06383
"70b821bc1c7dd846a8be343c",401770771.066522
"70baafa9789d2fcf1bc212bb",696711508.737265
"70bec150e1d8ac537cfd90e2",1193025890.61303
"70c0a72b31dbc1b97c102c13",1093888925.14788
"70c19d59c6b9e194b6bc09fe",785829286.345783
"70c3b086af66b0c9db4b0b96",703800352.936697
"70c77552b1bb67a2a71c2ee1",1309243205.76874
"70cb6337c8c3f5225fa80026",937652700.516559
"70e427235490d7d9c9239676",896537436.562009
"70ea0403b722a1dae1ff9b18",785254768.053164
"70ea911907d320da1f7f9c41",725865530.807958
"70ebbf6a402f0f707b893979",598617266.267701
"70f51b4abf26651111305b1b",887065585.191982
"710542343cece039a279dbee",630342531.790268
"710b0541a025b1b6a5a80c41",649604538.998645
"711045fc099712aae3fe4d14",705118894.730989
"7110d6374f3fc282e4f4bdb0",718222152.509631
"711736da4f0e8282fc8c9e69",1238689179.93769
"711b570ff195fb77229deb35",1328909000.18488
"71235a69058912dec1d355a0",1072591970.78553
"71273ae563da6bbc66aa87af",538893013.155232
"712f16cf2506710d7f2a2e8d",820663828.012377
"7134b03f54b10f282ac34fcd",800968063.327988
"7136cad475a0480044707984",923632729.122335
"7148b0d9e2e1e92d41633230",872569145.287131
"71493c81121558b8ba18c1c8",688602747.409617
"714f90489426e80933ef31b3",709887755.655834
"7157dafd306fa99e4c2ad233",648855477.240309
"7158e3a6d456211d4533e246",582882577.3794
"71590ac868415f3a185dc15c",736149097.032502
"7169b5a3b9a796162de685cf",993996971.357803
"71710d25975271eb32c0c8f4",475011063.367671
"719055eed27f361071cb9eca",847684626.438056
"719190aff81379902beb6497",987086249.768336
"7192b9d32e4ad55f6af9e241",736784622.625884
"719679261d84d6b93035143d",808293729.044851
"71978c139faf2a251db6ff5e",416479795.307117
"7198cf5aae5d0d5ba2e43b96",936738536.402771
"71a20a4daea6d31de942b2ce",1023096737.15763
"71a3f0980cdfea0ebb869935",494700374.179139
"71a42155184509caba01a1dc",388803419.147151
"71a8b68f38fccf71a229df76",908529549.95585
"71a929d79a6cccbce6ac5d79",1028486202.18783
"71aacbd62d72d3eb29a744dc",591232211.465307
"71ab3644da08b8cb0a0b34b3",995765857.888401
"71b1fe15c5bffb750c99f648",769404423.950046
"71b99de83d83dd970b00f07f",1100994759.83417
"71ba2f992908a5f91f832406",720535324.799336
"71be583d473084bc0608d066",689927926.70736
"71d422db0c0c638e448142bc",1232003067.3381
"71dca93007d6ba45fa40eaad",833446827.144922
"71eebcb108c4828b8bd5b84a",862297561.567954
"71f80198e68fbba902650b1a",707084855.294064
"71fdd2b1214b9371ef149c1c",1106225324.75684
"71fe067a5ae994180f530686",723737643.114479
"7200e3ba2013876cdbbde972",671161887.620991
"7202b83b651382e2630359c3",545477607.660612
"7216c895aa047c4f405c4941",631730818.730488
"722699e593085cdd72102baf",435354557.446175
"722f262a44b2bb6fc05ec35a",454957916.77151
"723078b6cbdf02c88286c596",811653535.490797
"723655990d58df33d55009b5",1068713127.82777
"7240bbe28e950ed75637b504",759084278.066688
"72488318dfb2181843f17c03",913411434.289014
"724a5f9542f86cc43334d3e6",404002253.397505
"724c854b1a991f060701d005",482344493.720175
"72536bfda19f78d370d95f26",916964711.538121
"7254c91fc9b51e76c6fd2a99",985027306.927839
"72569ddc5828fc702b2fc773",1021929436.17257
"725c029b7c5807a4b0ba2bc9",1140325918.11762
"72699647b590d11ed9b2f2e8",458372230.394356
"7272c3521b7083038ff0a690",697405298.880331
"7279c610bda9354e1c840b0e",886412395.134179
"728961e03bfa6e3242f06d8a",687625216.080767
"728ce22c8db9bd0abe3f20a8",983653022.964518
"7290697f96d8e2101089984a",852368121.50981
"72927abf4bcd53d6907aeeda",785210090.968745
"729f5fab1578f8cae4fca8f9",829981810.282342
"72a47f70aa99d42320e54787",428818054.276934
"72a66bc6d15390eb05a5c688",1135173317.50971
"72bc42a5c73e7b1f9d54c835",741855203.142891
"72d0f19409c85dbe32cf6ec4",816614877.981983
"72ddab9ba5f24941e4dbed6b",959901922.937966
"72dec1e6e65f6117e10a2473",502041789.612778
"72e4fa00e8aab44cf210251f",751442344.096215
"72eb1af691a950fbb7e8d635",643379054.584124
"72eb64cd02ad2a54b65083eb",1140143008.0204
"72f0540aab38ebaaf9a389f6",729871061.27868
"72fe83366bf13a53937b7034",799076521.307654
"730804efcdd755786bf734ff",602682863.125041
"730b528617c2841eea5addaf",757918455.146012
"730c7382d76a07904f559b28",620481694.708234
"732615f6d1526ec9bd519eda",595234791.161687
"732a3bd457d7798e1fd892f6",785253861.304431
"7333f19416625d6f4244fe02",699426556.699207
"733c7cdfd50db77066a67140",420588228.53342
"7340afa659775cc18d83aa4a",850119387.312061
"73494d52196ef9838b1be34a",1155056833.50554
"734c9446d0674b8d6545bfef",944628837.70436
"734efe04fa6b326ae1d072e8",546354579.127008
"734fbae84cebd50aaf71c48d",905883922.016146
"73578b4214e2eca83b1e70ac",843819379.334052
"735c3aff4c151dbc32f9a76b",906996670.862984
"735deef3382aa15930482f3e",972546428.84082
"736d25efc9e570379d32c089",874731476.28648
"736eef4bb36681acbcc3c41b",495423573.797143
"73786d11f1fa714aaa9f1f90",723733559.974726
"737c83218f0e486ef4feba40",421932784.151623
"73806685dec82cf637f19384",482393619.103177
"738111512f5e5052927468d9",917352162.194474
"7387e7e385063c180f05a7cb",663699774.626722
"738e86beb569a7bf51fbe199",537308968.895517
"739c2b9be0941e4c126d2f3a",1085295269.62993
"739de8928aab4ec77a1ecb0b",779716009.616815
"73a23c9d154fec88d396d2a8",911020546.374625
"73a8efbc036911954c07b91c",936561104.963216
"73b60c9053ff8193c2dd2823",1170031023.77097
"73bcd7efb7a25587bb1c31ff",495352316.271822
"73bde441e18a9548c034372d",603166297.272121
"73bf75d5762e3dd30fca7b3a",865021051.481456
"73c618d704a2e1ac2bc41954",747395644.389536
"73d09646de4e0ab46feaceba",475591620.276026
"73d6bb3d6ae08921a6117f5d",712325677.100339
"73eaff92528288fdbcd61e2a",1287839931.41713
"73ec13a5687c542137eb9a41",579516626.340035
"73ec6f4da3c277958cd2c228",1057690528.88123
"73f4074e5e09e52e0e03598f",924106917.976304
"73fbb3e6b22b957ba6b7557c",885219149.500657
"73fd5bc0aee47d89a160f5d1",1011609196.46297
"73ff3a6b0cf4f7ffb244507b",964766721.971464
"73ff6ce99ba5dd8cfab0faed",551351118.673104
"74286242739391c4eaecefbe",480686067.45179
"742acc26686d04596ba60a34",705574246.887476
"742da63af109164c21dd57af",739195218.887935
"742fd57dd463c1b5cb79f63e",484894772.555727
"7436750d73f2e56b4f29e98f",980834320.405566
"74448f56811e9562536eff6d",911277787.555077
"7447156f2967391975d335f0",667480078.888477
"7450139ad1b39b2a380472fa",939995091.682751
"7458171e4db497a4cc1365fb",905669683.50937
"745e7f6a83b55196f231466f",838497723.154538
"74746d24b9bd86e23338bcd9",769176363.26829
"7478693f3e7e8963e95be8bb",437190784.856948
"7486ef139d41d91423317e0e",521865662.996647
"748c981380925e1247b9e64e",1126777199.58038
"74a51274abc8358d628ecfe4",1121539389.20889
"74a791baebeffcb7e7b917d0",647120378.218409
"74af10afa02e7724eeeef108",538767657.325827
"74b64bd536ebbcd7c30ef8fd",911780547.295803
"74c24c5e142e5267456b24a7",643434329.279613
"74c4f233c7f385be73168e0f",689007363.711964
"74cca5cd08c4bbf5d0404d74",823273620.904872
"74cd885ec200a0c21fa9e03c",736571781.311189
"74cea4c9dc0e00dbbcff8b1d",1311719511.01233
"74d0b6e87c2045f95fd493c4",955490561.712426
"74d8df07206df08e8f3dc232",1077578920.15036
"74dbd25d407e51337f883659",995104748.915195
"74df03749e60c216a3e1292f",417786908.285711
"74e15493f395fdd312d50cc8",352814671.158656
"74e178e2398895d2288e6fcb",800306686.674501
"74e43ea3081841278c76cda6",735961121.172598
"74f099ca0d949c8042569d51",521082765.175034
"74f8ffe35e8d3bc9be725d7a",679288114.993296
"74fdeb4c56b29662f13aa8ca",862726054.242477
"75060f295e0aba8e1224f766",499479578.109874
"75075631f0fd84fb0ff49417",702126429.000133
"7515b37b7ae7c62f3dafbe7d",697175732.804009
"751795587d1396e0daa25783",799990045.350027
"751ba0c00d4fae1078c02fb9",490327228.916062
"7523e95fc2afaf31bcf30979",904965099.072572
"7538c609fdd115c9dac551f4",582717256.313334
"75392e8381e1c891377fcb29",1042659562.1999
"753b47e2a3b9fcdf9d7fd9fa",639599815.921643
"753e74e4dbefeccf3e6b27fb",609123050.25724
"7543d0e85e6328ebc8283d75",440880339.333197
"7549cbd5c8003204c85ce1a5",544067457.626964
"7557a9bc12cf0f2901c00264",1016958012.56693
"755a3e09dba04bb6ba6c9851",752243652.808072
"755a4fb96ff2b2276836f49b",784761363.797651
"7569fb4aaa9a52d6a525e3b0",577855308.7591
"7573c18a79e5e3ee0610d7cc",835432398.175074
"75801c34fb510d824a7d8366",451209060.128576
"7586a79a0151387a1c0cd85a",713446687.595453
"758b4df32244a51b2271a891",498857195.294482
"758d9f47824eb74d1b486024",883618541.509023
"758efd6f99db309c67cefb12",484915094.793053
"759e76e38d84a4188dff5446",834462167.883162
"75a287d87aaf6ffe7b6db546",448983508.56905
"75a4421cced1111492d00298",776087477.907952
"75ae43992df8ef41eaf9d98a",561951489.522022
"75b5bb7b5ff8ebcc863fbdcc",1018506755.86271
"75c1083db5c940e626c02f53",457838360.858204
"75c16273d3a593752446c27b",757732595.146761
"75ce506dcb994b10497e6816",515735679.429732
"75d3c9e0da9a24f4849f2078",458718619.698267
"75e0815e2ba7269a10d9786f",398618624.256433
"75e0fa8e5c83c49d3a0dea48",1059422984.11525
"75ecbc0c0e8e76bb8d734f60",936943081.860548
"75f167e2273fbecb2c81ac0e",600526620.890623
"75f5290d61164d42b39d9d51",684978842.100359
"75f5aff9fa70208ddd843779",826211697.328025
"75f6d6beb64d846d965fa9ef",865901506.515832
"75fa60dfb737ad50073848f2",873299578.230714
"75fd5603c4de9678627f81d9",905729941.607713
"75fd66abeaf040fa76eae2e7",618750269.715675
"75fdbee42ec89d428143066c",435074296.697375
"760125efabf13246774a9f16",587590386.535058
"7602cb1e6fef087d8ee81aac",883757178.627552
"760a5dbccf4eb4ccc2622b77",944954974.277934
"760f24a443eb01721c6ffea3",751665517.622028
"760fd4c893a56a4586030772",705386089.494775
"76167f6ca3d2c404104b77fd",773330810.337718
"7618cb8d215425c931f47886",404791722.161753
"761ba98d35074faee3594dbc",682365191.204757
"7621f476bc8040270958de6e",671658932.865371
"762374e94f17a8783a66d598",551351118.673104
"76258b7b7e8778cd60d3435a",818461270.543448
"762979729fb21e56a32ed14e",1180297427.09707
"762e044ce9371d7b8c7acb6f",774721002.315103
"763206de4c26e3825b69f4c6",795440879.595307
"7634d584c3042533942e2dc0",995735888.818412
"7634d7acd4197594271c84d5",587625116.287931
"7635a792e5002ab99ceef583",860790980.73011
"7636a187e29abcbd8fad6244",407424925.812906
"7637c251618135e082a9e2b8",801323324.356131
"763c9a528d0f99f34e5b0031",412686063.220918
"7641dcf512a05ca754930bed",591105599.455638
"764da64c41700da5ee80b8c7",694840194.650798
"764f506bb2aa1ac4de918a71",571595828.525897
"7651626df0e2e3119b801466",784497872.177153
"76556774906f9e12b319c232",455785746.224233
"76558d67def95bc708039f05",1043819527.82494
"7667cd57d0bec809417c9b11",726974473.916706
"76698030899efea431dbb81f",565010827.129414
"766a8ff17723a5c34324576b",820936957.581387
"766c7906cf0493736436fdea",1325299187.14766
"766d34ea891f3af53f1391ba",853811667.670886
"767024c66d3a88bb18407b6d",1168184209.7389
"76745c2648b66151008f6399",660523408.858914
"767ae7de1818d645a33749e2",837218812.55685
"767cb14f03c909c595c2a731",709115746.276026
"767ff947b16b2271f516c28d",596601760.800622
"76846ed8b7ab36821b848f2f",949452814.829689
"768f69f0241fe339b6f52fa2",1039655509.62802
"76974826c758eec5c255c5da",558978072.080416
"7698775967b96e3e7bf66e6c",821576015.781424
"76991a35e9c1b69e1616659d",607077103.12787
"76a307d6b36b8a51115e91b2",950982420.662682
"76a5158e1a5c1f9fae8ee882",685246283.794643
"76ae7be5da1785c37736fdb8",1293202191.51079
"76b41682fa6953a3b20d3f27",844238550.990358
"76b719681617ff7f28d33df3",866921833.52007
"76b8190137ba3daa55db33a6",658596916.528292
"76b9af8036e38d5d30ac4c7a",1227058308.46854
"76bd7a0b87bfb6d2723766ec",545776286.606906
"76c4045b5dad9a8226e9244a",617162233.182392
"76c510c0ad11fa67f0e9a4de",681158731.222162
"76df3d616d8bc1de789bd83b",420289551.366255
"76e4ebad138d50c690f0aec1",331822210.541583
"76f50ce5f30cb96d48a69357",510862144.559159
"7700df9486a1684157527739",698841512.858346
"7703f868650a8252e954e457",709021733.022229
"77069fb9fac6b61aa6a89ae3",640743898.602375
"7712f963ee37e91abb7342e7",640483790.446136
"7734421098413f27fae86fef",598317875.23116
"77348acef84ef77f6a076268",644390932.072706
"77359d0d34ba4c9d825e46ed",661597888.287939
"7736ac030d8b587f44f7898b",911193042.436845
"7738f18d533d0f0379e3a06d",920124942.640944
"7742e8923a4b832e3d94f3c7",800458304.723476
"7745863791b5cc6d49f84c8b",432896611.719299
"7749b2b534213ec7b536372b",569747913.804661
"7749f3bcfa8339444b0a8b7e",812416862.034258
"774a4b48d34052a978b1180f",875860013.311631
"775a6affce535c5a19ea5f30",798095345.694965
"775f25d8144580541bf2746b",768453225.810275
"77668d4325802de9d63609a9",827253179.0385
"776d4a19fb3852fe6dcd3ddb",441778289.427725
"776d7d1326576f07762ab3c7",1011318787.45939
"776e1192349cb7cf1579056a",992510042.692202
"777a8d05edda0a335d89e90d",815186645.67015
"77866048ba7b69532d0a18cc",903906746.654711
"778ec765417db9ee48d697de",831136360.189565
"77924a3c7880310a4822e5a7",530005315.921682
"77a06084509952c6cfe8f501",423013308.374378
"77a62d5e2c89da24f66a2118",792941749.611024
"77a887ca508d924ad5203194",1073322134.70139
"77b5c9a5f534a5b80cc16d09",827411866.616678
"77bab76414ecb20888cef7a1",1066207747.56363
"77bd7837b02bd8f2c290c9f8",466388209.865314
"77c886207faa6965238b152c",396759375.540212
"77c9e5e3a6d965ede708cda6",813750579.218635
"77cd6b199ee485314bc74626",520706585.599456
"77d6855eb6a30d268e49eb1a",846396633.765145
"77deea164a3a622df41249f5",680030875.494411
"77e5e0b64140fa00b0227a3b",493635301.309224
"77fa49bcb52539888d481ab1",806635224.6225
"77fbf1f0c35c1025ea4803e3",669977458.701351
"7800f742ee14c4b4142f8b58",793598607.993232
"780ae52ac9eae675f6fdb312",501602401.679738
"780c809c52509bb4855a4efc",610853717.992279
"7815163b8e4a54843d121dc1",766617345.669711
"781989d4b732f961f91bc3e4",615119427.249584
"78257e76c16db549022fbf2c",936738536.402771
"782a6028457ec55d4fd5189e",725041471.77588
"782b0fb8641849c2c34291e6",487155388.782574
"783161faf2e3501c38c0aaaa",479211108.423624
"783ecf989538582ad008fd95",1215877123.43825
"78410b0193dc989de2d24da3",998084216.501175
"78419be95416d2991ade8be1",841955349.945476
"7844b0b2bc65dced90a355c6",790681607.230005
"7845cf57552577b059dd13ae",655070844.448373
"784714647351cb6745c867b1",630342531.790268
"784822ba0060eac9358cce22",432811345.410808
"784b1db005d39c2f57666efb",838712924.713775
"784f67fcb2d009d352740ed1",577117497.57636
"784fa9e78f7cfeca4133e8ed",831956798.296597
"785dea91d94ab384bbd6ce3e",996837856.647529
"78682041182f01ee4db04e8e",1293447188.58063
"788c49c17df556bce0abf6ce",555493559.716285
"789e5d19fa507823cc4c5296",1039998464.3498
"78a080fc98669c0cd9153904",1168265810.03999
"78a08f21f7d7c51ff4d5b8ac",774783740.05881
"78a39ae05ac53535ba0fad2c",736273216.915344
"78a7eac41dd672cd1863e3b4",827830712.468811
"78ab6cb1f62a7e781d4c4d0a",545262867.695569
"78b0f0bd0494fba0293eb0c3",714236147.712187
"78b57a58368ab056c11bb0dc",779752308.405587
"78bb43910ad6ed105610d9dd",797003168.483717
"78beee9b7fab8600d420fd27",664545329.301725
"78c17e6ceb87f7587364c873",616725539.911533
"78d10967c36cbf346bd58f63",499423770.8988
"78d727d0e61a7c8b1cf6fb1a",537904016.439641
"78e85ca7c532a77700bfae6d",854054489.383915
"78eb6f51d94a61a967da24f4",863638939.020751
"78f670c0d7a26c0323281ffa",850944401.982594
"78fbb49efe7dc0d8e144ad83",1193436491.62054
"78fd849c9429091347d7e5c9",769855404.305462
"79005399fa92d05558fd6f6f",898486547.779609
"7902ada9116a1cf7458933cc",1130125869.36568
"7910ac9782a1a315f68799c4",802121803.130408
"792ac070d1a314f585f09987",480694336.718254
"7930bb0822caea5f6451bfa6",1035647406.09756
"7930f32456e796e40fbf78ed",1081608838.03624
"79382c56606e701e44d55033",1168723449.10279
"793efc460dd25b67c644e92f",727919322.207615
"7947f71467036449efb99972",1523655685.90653
"795cd68f9a5ef45902712524",632695141.991186
"79631cac54b1e71c1022da12",1592667473.80109
"796935018bf2b241646a2dae",736606515.277274
"796eb5ae3ca5b63c9fbb240a",780145828.139741
"79733fdf8881b0d25412abcd",1144508291.49784
"797da4e993a993ef80277108",747713571.740403
"7988f76ba063d25a4f467730",842595026.757796
"798bf22408ef6814759da1f5",841754083.658776
"798d87a368f073efafead25b",581333798.283578
"799301c01a3e7fc2af5a14a9",796844545.829771
"799862427c1f335eadedf4e8",415524653.543886
"799afa0396b9f268f239db51",450596182.028681
"799bc0f95ef9a23fc16bb1d4",1054648156.1125
"799be2171dae4763df530e4d",838017910.873001
"799cb909791d43a1eb305eaf",807821720.864638
"79a0bffec81b17d606a606f5",1010521434.4314
"79a675215fed2e293b27f43d",792053401.456972
"79ac12d8436c07b620190b9c",678550055.816891
"79acb227b5ea365414982957",737870655.22195
"79b5a037bea858706838a62d",790207098.632127
"79b943894c4dd68bfd8cde7f",818614008.061483
"79b955adf84fb2c52381921a",790025479.392755
"79beab95c6857412ebbbdedd",920215131.907677
"79c5085c14068e492e402a26",921688918.434841
"79d230806fbfe96368b83dbf",1610780442.14504
"79e307acac5f42f2696b0436",1021664775.03784
"79e643789a85dc4ffad49a25",726487147.952406
"79e822115c5c1a4531366001",398065204.206058
"79ea72e7b03cfd4fdb5219b3",568622341.0552
"79f1a5bc0be914956d632658",951942394.194165
"79f989fd66108a2c38a9764e",785552329.164956
"79fe5105ed7a7861d3c0187c",421386908.725473
"7a0f351e8562fb7aafe6e714",916316505.619702
"7a0f887a9426270ff3c24e36",735114905.027538
"7a10ffd970cc822108ce7cf0",746555692.356601
"7a134e45b9ebe710c6c6efe6",938989454.322646
"7a13669d2d7ed2e50b80b4d8",444519671.741946
"7a1bca1ed03e7cd0e277fb95",600822118.103842
"7a1cb1f751cd36bdb6412ba2",801186959.687322
"7a21a8d99a85171334695004",847023912.709663
"7a26e5936765b409b7b73cf2",1091693054.69818
"7a34bcd9f86f5036b526c3f4",908328065.378682
"7a3ec914a15b47726567af96",464104746.986493
"7a464b948b65544159cd0db0",882219635.767054
"7a48bc2c3f4aad08dc7fd5a8",508349289.095257
"7a564ce9a4ed3d2b8fbb1103",594955494.220343
"7a608479334951a3afdc655a",1280754721.27003
"7a80663cae7c191b5d025fa0",781131820.066723
"7a82ce4b2dcd2b43485f5047",764091961.979434
"7a832790d068e1e85182b5a5",510907092.762851
"7a861f1e3af4dbbf55b2c301",566333508.607393
"7a91cfb02df63e4396b15aeb",682908045.353871
"7a9264f3a12de839a42c1783",685853327.158677
"7a94d3d31471ae313659aeae",911430569.959988
"7a9c505db21b777203d34bf6",681838433.730128
"7aa8d04246d3e84e5ac470bc",1027628517.00768
"7ab96f83915bc84f8c03c1bd",437248448.387155
"7abc8a11d3d6c905de3f567e",538727280.71638
"7abf9cd6b26e2e2bb6d91e5c",957158760.18661
"7ac0428c4b7197ca14f3b86a",460464527.351115
"7ac1b85bd87929705b7a86ca",1117263538.8119
"7ac96f16bdc50ee7619f3548",861152758.461636
"7acb92246dbaaec1cc7b423f",630530565.873998
"7acdaa0cee1ee62e15f4490b",859842829.902766
"7ad046b20064565644ebfaca",619421408.332996
"7af0a604d1901925aa179436",964023756.949707
"7b0258f1aaee97661c34de64",576568916.157668
"7b037e6e5d110999e51b79c9",1122315467.5417
"7b08cade91e2be20656ee856",656519023.334311
"7b0a2bd964c04d01387d78de",1233871529.11447
"7b1377c8d81755bb9b501064",470154379.513621
"7b30dbf2f6d835ea0c14b392",614807444.914905
"7b31b5e53015f8116fedb0c6",1197592106.15248
"7b32938ebf0b1b167a3d2d20",817112295.492396
"7b346d5a5f5ec7165d1f8644",701142719.750081
"7b35a3e9f3e67fa1974f5c25",909741736.270208
"7b3621124731bcd2e543562c",691184232.076075
"7b473504c85e9cb576f951e2",541059693.95181
"7b4ca3a8d09968e48c185260",735934097.070452
"7b4fcc72822460a428c19282",679639711.790344
"7b50b071f4d795c9b5ad7531",866252366.265781
"7b5582907bf47bb9e873a513",624012987.940442
"7b5db1e4f4f47b4bf7c827ee",717498055.90368
"7b6322fd5810990820167a23",489471262.058426
"7b63445c5e1ce95bd12c31ee",841491972.666759
"7b71229680a50bc26677a427",657346311.024348
"7b7c0544ece4aa383fd5b4ce",751545972.881116
"7b81996f3abd287b50adf8da",642456759.089469
"7b8a4d701066372dfbdffbec",732494043.032792
"7b8a6949d55b5bb27c3c6839",542105269.947409
"7b95396ef4d0e97de8fb4986",923481291.242622
"7b9e6b7eb3a5db0443193fbd",606697016.878827
"7ba0c14dce0cb09ef5735d9f",695285967.823879
"7ba618fdb1fe8694eaecb64f",530186804.733169
"7baa3608aad1fbf357d789a6",687493565.794868
"7baf3723bac87b0b393ba52c",900543486.464991
"7bb1bc81e6eb3b4390440165",918248566.692877
"7bba885503ea7716ffea503c",574740103.863778
"7bbf8e16cc32dec423afa6b3",586059625.498482
"7bc034984b19479f29886cc9",764054497.647253
"7bc0c9e2760e4b1488522768",1119913063.74322
"7bc57b136bcec053cbd073f3",738941688.137866
"7bc9022fa1eadbd9ab39acd9",676899368.659575
"7bcd1fe7a140b6eeb4df2aae",860719555.6394
"7bcfd82ced5d6f1ae390d388",483741950.451582
"7bd9cefba3f5dab498ef926c",1292555692.76503
"7bdb94165857bcd37206cf18",591973365.218988
"7bdd64032a4f011bd4fe7df6",906911534.358335
"7be186f4eeff5c0efd58e424",889919132.671621
"7be46b6dd9891ab771fc4be4",472099677.291678
"7be8abb5d23794ac47ceda32",623739268.46969
"7bef2da7f3c160e94fe91ead",623372589.172017
"7bf4beee26ba81ad0b884f9f",559909930.468741
"7bf592c5c34bfe6a5df3dd40",695814882.800451
"7bfbcfd0fb8f5b6d553c2d0d",734545135.403354
"7c06a2f06cb4226f9043578c",765445673.763448
"7c07ba1982289ca3abcbece3",862960326.304222
"7c1dc421f5a689aea5babe4c",740350877.252291
"7c29fc3861c9f074e3a89449",855872579.416228
"7c316b981173919b6cae5516",745619697.898649
"7c3ea8523ece273991a190da",775964368.9451
"7c3f7b513bb20c918a51dec6",563598523.536014
"7c463a59e7d2f2b4bbd07e12",739185264.149401
"7c50c93bc9e8846345892c12",985037467.537537
"7c581e2b9daf20131803eed3",866930415.54471
"7c5c0f2d9a0e355069fe1c64",947457417.616397
"7c5ce0e65cb26773edc9ddef",1183733440.43281
"7c6319c04025c4ed6aa3f051",716006271.326433
"7c6880b05c212c66b8961b71",800354758.533894
"7c69d43fe2488db51e6c8da3",633732165.17178
"7c7a3f51a58dfd1588d7c088",446706910.649468
"7c972ecb7b90537b1da0deba",651588088.841022
"7c979648ab3729b2c0cd2106",696899378.486493
"7caa4bad394586a46dfad854",806212870.560869
"7cad62cfb4fc3ad9acb09f1f",658993988.893567
"7cb64b94877a9361f20027cd",452722569.37833
"7cbc8fca4f84908ed4e7192a",901924933.378722
"7cc8772ebde8902f55e14b44",598072792.720472
"7cc9cdd32c209a62908a18ad",601383065.098758
"7ccaf332cf87e07b38b340d9",971592614.825857
"7cd0c7174b957df1f004fc88",984664343.007045
"7cd39eb8de56700519d8f287",783098717.524998
"7cdcecc706fc7c79cce45b20",841918515.682244
"7ce704ef5752dd496a61d857",1016924227.45979
"7cf15f80838e8edf4f9cdead",983514502.655321
"7cf183ed411cf82df26640e9",724355592.767697
"7cf50019422bc9569a985736",993056370.902538
"7cf573f273b14a6cfafa3ec8",592782164.855621
"7cf74cbec871e465ec2f6a61",887848650.970539
"7cfa0c98191ef9b7c45f0520",458285171.46163
"7cfc3061c0b2f3bd48375ab9",750167331.326208
"7cfe5c3f5cb1bf095eb2c503",940381547.566376
"7d02b3479cb2d89d55bd4fe7",1009906672.07108
"7d0a4771afb00cf9a38ccb81",1459733670.61751
"7d132190218425df1857b8b8",924798354.042245
"7d133cde943d189c9abbb6e4",761341231.6604
"7d157359b413e107f5f9cfd6",609747260.115697
"7d25023ecf668945c87e0666",776233147.960399
"7d2e3464d5f2f79ac29e6c0c",729671313.098814
"7d3220a91e78f8bc2924d1cd",1190578186.51446
"7d383abbb6ac49c6599ffb0c",997026707.513687
"7d3e4ead63a869bae978027e",805152349.89094
"7d4097722aad95158c51d24a",518252032.184643
"7d4ba999100c8e694fd820cf",1102059255.39359
"7d4ffe0038b3ebc149d8f4cd",715909141.751052
"7d50144c4b2ead9b7b9f594c",993428090.980182
"7d503f126b5863fa0626d4bb",792816534.046347
"7d5459e48101349c75d43aec",662767902.170694
"7d58eba13f418d890ef563da",597412957.52705
"7d66238672def6f73c25247a",756521631.714521
"7d73a548c2a29ef2d9655e1d",483429752.064953
"7d8e345c9b16d0fd69f848ea",1094955143.50346
"7d9a9c3b4442efdb53c24448",751597976.743107
"7da10de45c866c7d066d2586",664976739.090246
"7daa9115f755a6c70411b9cc",1029693539.92863
"7dab6cd1002a8521e5825bcc",644736073.961782
"7dabee85f750266dce02399e",570953051.984687
"7db1c8214f229d865da455cc",526522238.962553
"7db5291ce4602d9b2b266872",420040482.804245
"7dc4f9de14c2924b229ca0a3",868264872.83716
"7dc609a3c7a3ab1f9a3146e6",666332991.468055
"7dc68d5cac1b7fcdab35586e",473550780.480284
"7dcbeb0aef2e2cac0d73315a",331696518.869342
"7dcd1597e11f83093cbfd7a5",1315477755.39949
"7dcd1916c0485e0b80f9eeb4",641956611.920726
"7dd1e46dcbddc6bf5ef694de",856788033.7959
"7dd96ddad0fa88f5c5978e39",920121941.60435
"7dd9760286606c45e6a15926",697028888.896909
"7de63633c7666484bd098e2b",753416248.213334
"7de7a2a651273df62aa6a21c",1126326045.73417
"7df538c0c831520e6d36e39f",645021662.415924
"7e1153d411af129357ae5c10",675116696.662323
"7e177acdec9c0fe684d8fe44",469450309.367367
"7e299fd8c2d53ff1cf95aee3",960593744.748204
"7e3937cfe43dc906983fd321",1107614507.27827
"7e41d90a838048eda035fb27",931011861.999184
"7e4b240c601e37977faffeb0",659017833.201552
"7e5064603267b61520d8f83b",717762168.799945
"7e554b821e6955ab259a25f3",694189961.173093
"7e647c5e0a7d95ce87cfc8fd",1007434742.84234
"7e64ab35f5e336d5bd2e1b51",981014187.577544
"7e6d8c4742b38854d819696b",1092476087.85078
"7e6f68184d84e09cc9ebc09f",769911248.684827
"7e73516d57a251061b3916e0",764612728.061681
"7e74469fe0b030254756296d",1091493079.17978
"7e844f8a24422ec3b833b4a8",545284452.07991
"7e86148f53beefced6e0f3e4",628352356.4715
"7e86f11cd63ff6c8a3c12fe2",891605071.187304
"7e8dfae9a5f1faf8afa706f7",597798302.638016
"7ea01fd99b389d08ca50c0a6",858425026.174207
"7ea2c18341f69f21b523906c",750889831.540453
"7ea4af39a7e577ffbd600f0d",809139185.843206
"7ea8da3b1481993b14bed9d4",651619025.482033
"7ead45d1f505649429904307",789481828.760436
"7eb78d4dea434674a230caa6",940341295.716824
"7eb991f4c69215377e4dac8f",899780158.64684
"7ec025b9b6e6f33bf65af41b",480263604.649911
"7ed35835fbe694bc237abe38",792322265.736576
"7ee7fba3a30e0e7c2ed3043c",577745636.453012
"7ee83e5d70855ed21455b6d5",1232790803.5073
"7ef2d4777310765d0c8121af",813796030.24119
"7ef3f8bfd0368696369ac957",739889793.489799
"7f02f056d5eb4aff92b44659",1025739277.94998
"7f0b4b5851c77d78805320c5",681191907.561191
"7f0d874df9235245f47b04c3",1072059549.07603
"7f0f27f6d30c743acb3e867f",803239062.720563
"7f0f5931fe148f6187ebf512",874596775.597689
"7f134c92e20aa9c6f084edc1",733086665.096205
"7f1a4e79fa92196101baa7eb",1168915226.95493
"7f25471be85adf0baeb8ebbc",649219886.998013
"7f2a2959f5ae816761be658c",1213715373.3155
"7f2e3f2eb5abf86b56897250",699770253.018721
"7f2e9d302a6ed1770db9f7cf",677016910.578374
"7f3e02524981fc7e40eccfdc",437331285.076853
"7f45d3809b08bb32a45139f8",695155252.07498
"7f4cdc01f9086bcee46d1d6c",877811747.578645
"7f4e6f790de012946197e0df",837879704.83391
"7f5280804c59f56fba3d6201",559803875.661425
"7f5e87fbb4952caa0cb658e2",785210090.968745
"7f7141f5e1a7964ac6dc688e",952746088.563499
"7f73a8e83d41ea252ad61197",763629855.469978
"7f78955c480d050f2c8ae3c9",743620157.782784
"7f7f5313341b3ca499968716",751127812.985803
"7f85c59323701ee0e75abb92",659484328.038713
"7f8f506137780f4cf12e73b6",790951166.117572
"7f9875a5336a32d73df2402c",880471524.105784
"7f9bdd2157f6c3d488c77ddf",706151577.134893
"7fa11c05ed1c123c1a457b1f",903756668.964887
"7fb856eba0ae98a40eac3efd",985224082.820756
"7fcbcd9e274b75a157cf5d5e",778348428.115762
"7fdbc3fed9c9607e6d01e958",724431826.91291
"7fe1adc0a5873cbba4b021d1",738576368.679047
"7fe25ebd70b89f4602bee6a2",857646488.78969
"7fe364ae771a7689d2fa5584",1091381928.68243
"7fe6ac57e87b8126ac4f8530",835853117.172864
"7ff62b2f8a28d60f6c4237c6",883571587.024245
"7ff6f389e364e67c4238df8a",717728124.209182
"7ff8b0b5ab4fd12f3be399ce",721482185.509622
"8002e2cd1b70ddcae88ebc4b",940743208.0711
"80035ad5b3b4a948469800bb",831346516.658999
"8015080cf97316a08453a9fb",882952781.420662
"8018df1613094a9e4606c875",1028806769.24905
"801d821fd6ab7ee01b62a800",685974280.890318
"80255211d99c72e343b32798",1414867602.76549
"8026e480ba395cfe1e09cec6",453295768.076807
"80279a7533c44bbae477ea4b",760086952.275168
"802fe3175a2059f12d7edb99",903780356.46542
"803711fede531ad1621a6823",744456587.016026
"8037e40c0c8b20ab6e0d4b78",649571009.673871
"804289a128775f7d1652cb43",555403186.57496
"8059e45ca26bfefbb18d8e40",985802038.29463
"805a27aeafb3ca91cac56d14",897485717.287457
"805a491334f865f06ff42329",722831651.621861
"8062b4109c12a95dd62bd43e",752050817.183656
"806907598158861a6958388c",450080067.981962
"806f9ab2a016e774689ce2b9",368923278.646495
"807687fdb46614d9aa139b20",725803533.799541
"807c04729620ec60ef18598d",516963859.500806
"807d7f5155bd299afbb6491f",592306710.077019
"808dd470aed6064f02aa5103",711947755.528086
"809082a38e6fc3faa66845b9",871513216.307575
"8095589d5e1a55a76281e13b",985126613.584539
"809800b56b7b29399986115f",551744383.136366
"80a1dc97797c41b61f46ec6a",790374569.551005
"80ab8d9f157c25b40f102854",785106029.767637
"80abc4c356813c1e4ead1e1e",662202882.709928
"80aef024b0ecebb01913504d",571375289.217798
"80b37d5ebdb325edef39258f",857624110.147541
"80b6c823bad5b4c0fff46657",833666864.662285
"80bbc51dd90d131d091521a0",591900025.769346
"80d2415c0460088d69574285",800788025.365897
"80d95b058cb11ec829b5ec96",763882732.243183
"80de6a9303eedbfd1c69601f",955492926.15949
"80ded3bf4f2973a5ceb1ffb7",462629860.113006
"80e7c6b194b3229e3e2b9aae",910665253.325256
"80e88d50c151d5534a57f61c",953535487.215194
"80ed77aff62d4c57ede6ba94",517019923.992717
"80f633154b6f94b8fa24f213",543104702.61974
"8100a4b0288d5d9d9dc86d2f",444485739.93949
"812646c7de863919cae5edff",891508943.10361
"812ad0d57e4291da184bfae5",637164654.930261
"812c9b5407424f956d308b06",1007885121.78474
"8130ab67c5e0d96a9a67fb12",731182437.851458
"813d9415d9abca46ad4d92f0",1213149323.42896
"81406ce289219cdab015549d",1193888727.38369
"814694a725a50c306d774342",958479555.311824
"8147da5e5f53a163443e8506",952693887.728997
"814d93fc94b4de6d3a860bcb",680649215.367281
"81516aa72c98ded9223db098",902994543.266563
"81519727c7ad9f60d2c5f224",969233626.489353
"8153b36347669087e363801f",687737066.330537
"81547b223494084af3e15bf3",688581307.55311
"815cfcc4d26738f74cbb67ae",582364581.318991
"81600c1e6b6e3ae770e40b28",1159095679.82052
"8164023f628f550f322aad61",839370255.909738
"816f93a2e035e4fcf61ee4c9",1077177751.61795
"81716dd4aedf72a6a14392e4",427097895.954803
"817422f4c278ff27a22b05d7",583786345.983355
"817915cc3582112fb5541a49",878273457.735117
"817da44fa842fe304b93c199",556264451.303214
"818ee3b0c3862d4aae6e7776",356929417.407528
"819265a930d32a97533d132d",766395574.184375
"819d2a7c3330480b7217577d",1054217116.4773
"81b14dbf863114fdddb38579",557574915.952692
"81b3256980dd7d7f49030c78",1015079029.71155
"81ba4b47e9222c15c4102992",574740103.863778
"81c890b0d7cf787a091d4081",835333879.664832
"81ccb7e0255eee6274f5d930",983214598.719439
"81df59c6d8be19568d16ea3e",412263536.811697
"81e1f8b1c0e3b15f2ebfd84a",779157706.585485
"81e7c8c1894e0c3a9315ff27",636802659.693367
"81eea19e7c12d65d21e23648",1039119661.8152
"81f5c32a2c2d3b32329a645b",456241489.816683
"81f6d6790aca5e9270c3d1a1",404344551.689394
"81fc8d666c8735e1095d0d4a",758705374.864026
"8207612808b5947f2802d2a6",828307453.979974
"8209afd76e36d8b5c4f7a991",763691202.478143
"821eabfeef3dcc622fbcbfc4",489267394.031769
"822896f609e7761b58e7f6e7",695155252.07498
"822ba8fd3c7392bda84461a4",685333139.669634
"823124264778e5ed64d8664d",748676280.916855
"8236c798dbffb3db51d5d744",547412430.138471
"823c9c7abf2d00140766a2bb",1186690336.12629
"823ed628bddea9b56792d108",870823067.452249
"82433a009defc21498037127",912069756.484558
"8248697f70c21fa361840755",946250211.153062
"824894236c20b081af2c9868",1045286717.52424
"824cad597aae34d7d59ac939",638223514.433067
"825012911321d636425cd0bb",1336834738.71072
"825f57ad0527d4abf41cffc9",983720296.323521
"8267eeb41ed1e68144301a3f",745887252.714313
"82780776619be0eade3d72ef",602011698.274215
"82902f2082dd405ab538ff58",589540607.586324
"829bde7f8716daf76f65ffab",871029821.561793
"82a3742862a06803242b703d",810771550.87579
"82a7920524816f3db7f5a4ca",630164175.735157
"82abb1fb693f34877bf1327e",1248079975.42656
"82ad4b3d5a215f17e745d77e",987374473.686198
"82ad984f02ccda30bd60da8c",740359335.792536
"82af190e32398942775056d5",1062100046.46685
"82b15a5da307865c7045dd56",759089087.527212
"82b69c38d041325a4bb2fbce",457531695.846692
"82b90288bffe8c1c0b5a1259",769079501.157574
"82bdf442e186baa829e06da1",683659001.519861
"82bef17c2a4db1f6dc6eaf01",847285161.046459
"82c9556e19072558cbe3a7ff",391996207.520112
"82c9ce0d018c1d620b7a6689",596125441.404924
"82d22ca21e31222068e1ecba",743791717.830967
"82d6244acae149ed9ed88e8e",480660749.34714
"82e1ae440b386c7da3a580be",1049820705.06571
"82f08aadf1eeaf2058b50592",797376312.283869
"82f34c2a6644c4cb0649c44b",893919434.717949
"82ff2a63a863c089ea90bb5d",1051169114.8312
"83007c444fa52b34482ed55e",752733770.459152
"8302e2afc48d6eda16784da6",952101628.783911
"830b1a2d33f7754b9acfdd82",962484538.219067
"831629494c6d15d5ff6a00a1",844650553.467224
"831693b6fb81df1359e45db7",648190837.416224
"831725656d9df81b63c0ae38",790729144.710491
"83196bef0e5dc6c981bc57a9",1242592696.58816
"8333d32b98625a2742cfabd6",868343134.540609
"83349bba5fbddbfa2db5078a",570164156.565898
"8334a4cc7db8ed5c0071fe95",705244353.229153
"833bd3c8ef9d4da2f304a94a",1122869548.68606
"833ded72a8cc9c0d606a7a74",690549041.924522
"834263730047f308d71d4d8c",660548177.517345
"8346d64ed6211083fd420ede",522073873.760697
"834fe4a1e9e4efeefb5aba08",502156341.532685
"8356123e4d10a479a12e98bb",707173384.16634
"835842cdc8ea0a2206c2b46e",967899334.447772
"835eff7679889fcff6795d8a",943101190.595427
"8364aa431b2e267e41efabc2",701367288.381856
"83727953ecffc17bed632d94",453194698.920897
"837cb6389640f3919bc73e9b",1042287160.26733
"83852e78afcc4127481adccc",554286361.672037
"8398ba3b03595704b5897704",747725944.843878
"8398e3b96d1311c7264f6603",1244908805.52387
"83a376df2024c4c9fbf2a0ca",572276170.829772
"83a8d9df3a535fd273b27c15",926389957.693065
"83ad1ce7ef6d70842ec986f2",701076425.694923
"83c1d0e2b8826844416abd9b",533488232.982749
"83ca3a41ca4b5337107c197e",759361811.415928
"83ce7c2d2823f888f2e06ea8",844943298.64639
"83d969bfc020aea27d2b829b",839733307.854212
"83da19e7fbbca11083090574",533689419.937582
"83da39bc1a2eeb75e2825c22",761811767.376962
"83da5fb4c15e3daf727a3cc6",833784154.965436
"83e91710343450cb0812a6e4",874709422.355098
"83e9507b9ca2987a21d1b195",508132457.00541
"83f402857435d4fadb27fa36",801504174.372238
"84114798ccd01ae3dc97cb27",601827472.442273
"841482deb90d19ecb1ec8a06",974061198.091478
"841c57617a075690ce412083",648416935.920749
"841fed959f036a03697868e8",672219797.86968
"8420bb74fadc0c8853cda025",363325656.063792
"842c9f0e4edf1e5a672ce15e",709252227.418945
"843234d3c6c20bb60a17fbee",881999373.297952
"8437a42a8e7ebca46eb088cd",637718909.155228
"84394774ab45e0c8b733bed2",421048043.839259
"8445e5cf42307960535a3b11",743902758.519885
"8447ca83d928dc34c2e7f9fa",518354591.840377
"844dc89fe6588acccf0c7536",702449064.328328
"844e127aa7802cdf75db074c",432461417.333368
"8467eedcf9a48fee0d72d95f",1217421662.911
"846b75324c0f3cbb027387c3",998793017.668288
"846e6f1ba1c94966314345d8",755192800.512299
"847a7fbd4425fd2fbc4b3edf",968128799.25527
"848067a69d18a171e7fa34f2",763215592.085937
"84856812b63dfd9630fa49e7",879345433.083613
"8497f34947cb4c0ff18a0eaa",516780739.93276
"849c918d78991c57f32f2031",706704260.455863
"84a074517742e09a7eb6f320",730072378.14967
"84a2673eccd3cf3bd7fd3eb0",936916001.456674
"84a7286c91f1ca3ecacdaaa2",1107088947.87283
"84aa7d1c2590f37f0fd6dca1",637961048.002791
"84ab3ece52fe00ee50f057aa",991368812.715993
"84b05da6a859ff5384f37ee7",449893396.063827
"84b758716f47bb0f4e4a2bed",677895583.645402
"84c2ab0573d3cbffa0be90f4",833920606.230229
"84c7006b5a63add890a224e8",590565376.402471
"84cfb0342a0bf2c6777de39d",655387692.710485
"84d8504f0e860b0760c3592d",775735010.542544
"84d8f7109615519f2ab0a48c",938531289.055838
"84e4f6c6b5dec0da7f7ca0fa",474985506.373575
"84eb4861db0816bc8722f379",728830244.937357
"84ec2d5245cfa146dab05065",722261074.518651
"84f47e531a916b7f7dc1f1b3",833566391.175583
"84fb7e582456d7409f27cd2a",941813057.09837
"850342685ececa472945f7ed",856562916.935106
"851f50292e30b0a464c0804d",685580988.107802
"8520fdd4f5fec0ba861ca9ac",547101426.23894
"852a11f12646f0a1121824c2",416888273.971518
"8532c64eaed74b64b4d4707c",612970659.943872
"8538a41c0e0fdcb3829364e8",816232810.600296
"853a14b680761098d4bf6136",715745066.366993
"853febf898a1dba351d6f917",803669143.802273
"8541eec88f0dd8229b4fb041",837428189.509415
"8544bc14286a51e60ffee7b0",1270798647.96475
"854e27be18fb8f24fd433eb7",778913985.680083
"85524880fdc4e4daf90e96fd",512019149.629544
"8553a05c2b30be81c64a6295",965912986.35928
"855ce1721230ba103fc0ae84",461185896.929215
"855dcebac302ec5760f67121",674014931.232731
"855f4b67d2bd6d18fd03d8e7",712338811.545107
"8561bc940a91f029147430f1",971729735.492066
"856559e93205dd1561d8ada3",847344814.163146
"8567e677b30c410df80004c9",813371667.289487
"8570a1d8156dbcc267d3b495",964121477.622009
"85734fd69714897264ce2214",822792381.839517
"857761b5fc5c7d101cb765b6",603482331.314633
"857870b1412b84f0f19ed751",712451554.665296
"857c5dae475eadef41c25603",942866426.299714
"85815a09bde2a30e296f65bf",459446236.088429
"858288683063dea9d5c57420",442962258.137697
"859025f2f41efa521a74a00c",477248398.361848
"85956152686438c48c52e018",663049892.993683
"8595b5517cb3f1ff8094d67c",973458985.485752
"85a856b4d0dfb1fae861f513",908796645.518337
"85a86e01443aba593f95dae4",793364380.096567
"85abc5c0353c5b678f087824",891952831.657984
"85b633e09a41cf22a10f28c8",1145692366.28274
"85b8a65f1b00f78e67622bfb",744518625.043236
"85bb6775065df76bda33f738",890773564.579356
"85c24df2d836cc8addd9b7b0",623686481.223675
"85c7e8ac008493b34e8e0176",669991393.163103
"85ceb648cee9f6f3d221254c",885166904.763599
"85cf1ee98e1a85ff4619e27c",897500442.563908
"85d58cf85a179e167428ffa5",993977214.703815
"85d731901b48348f57932240",861188889.578018
"85de01c0aa787152c77c6180",391198478.018616
"85e15a0a63ffe482c68ec474",1331167838.38989
"85e332a999931ecd0e04475d",462350163.965433
"85e4ee2583c51592d68ef5d9",396609086.174989
"860435300909449c0443c10e",922391773.847313
"86137b9624049333f7e0315a",790220402.908624
"8616b310e335f539ab1109dc",779209144.042691
"861aa922b483f9bf7884dac5",578242394.935292
"86242b25bcb2dd775d25191a",701972123.660062
"8627562772d9d63bac507fcd",688695437.791433
"86276ef138e0babab9863276",499361228.073863
"8632f5681d04d9c934675409",1101163253.91058
"8635edb61b1dda6f4742cac7",1357920858.25344
"863e5cf88a808b8ca96907ff",898536577.091981
"863f8f2aeda01a9fea1cb3e0",939949014.890801
"8654295684292e74d0245238",492795438.208654
"865459f5342a0102d255fa07",422608749.088382
"865ed399cc344e0638e45128",974781337.133832
"866f2a55f42cf30c4105631b",797504701.273643
"86792949f2e6a347208cbffd",626200648.400091
"8694b149f7c0deadf820f0e4",926696484.731851
"8697b1d337145af0ef8e4619",991144802.6967
"86a47522586da2884181f128",598427844.810594
"86af11931b004aad3fd27b88",892290824.4815
"86b0aa633bb16582bab5640f",722052663.486673
"86b0c9c1277e9143ee765b43",664646137.201564
"86b290218a62d0c51b099a08",925968838.6864
"86b2d3ad1dacb372734f810e",649702940.213585
"86b89233e0176e034ae3cb7b",851433727.939167
"86ce27f9ca03821d13030f18",835552317.866315
"86d46a3fd9d7bbcac3319829",847146290.472989
"86d80d3757377df6f2b8a0b3",839649302.354242
"86db204f7ef6e0e0e6687246",807746601.282557
"86dd7931177df94a649a4d62",654545861.060511
"86e80098f5a3e7dbd635838d",526996733.250718
"86e81141e429bd81d7f0e73d",700836894.043286
"86e98ed0bd2565b661b81ef4",802973804.306499
"86ee57ce617b2be312a9efd6",1197998677.25764
"86ee80cbe81724e6919bdb73",439817483.045252
"86f15ce6ea8e97837e6b9383",729508351.726055
"86f1d6fc54152004e69027a0",939483340.502729
"86ff8f274b698e7757ced1af",584779183.649352
"8700c9b62ff5a5c3394b0bd8",528039095.054635
"871204bd1b3505acfa632954",855799768.826534
"87199c236bf22903d1aafdd0",595194434.840077
"871befe27fa79fc1e1813b19",1128801348.35182
"87332a7e03cb851342667b98",1063321174.97365
"8736dfe0f1c6e2181b0ee31e",930599735.877709
"874102a58234cc7888902d42",739257497.576105
"8745eefb9e2761ff7eef558f",1040899980.65878
"874e2c6f3e9f90db80d243d0",540804544.483912
"874e3e3ec6f67c160807628d",764401897.095026
"874ee4f1b9c6dfd3d2358834",1132785586.0492
"874f4a836cb74be301e068cd",966261599.946988
"875126e5776dabde40e29b09",752097966.389205
"876ebdaa0bc953890e323843",519574074.109221
"8780134f8b40f0fec4d1b661",997223687.887289
"878ff8ef3c862929bbb19ebc",844222148.700961
"879d9e3b4ef9063de41ddaed",666441565.698324
"87aa28825a5b8ffbac5f2e2f",659195547.430464
"87b940bd3dae37b9fdac5d4f",487097530.83509
"87bd6ee6f17d2bd5b61b0ddf",1295226917.47228
"87c73db5d50e8ec3a22e6ccc",698574362.466545
"87ca8a2b3251a38d45730f5c",675240924.452659
"87ddb3a17b601cf7c61e8c07",684172124.822024
"87e1b1170c163689d60bcd09",797422847.357382
"87e74ed42a2c8c97f7bdd239",1047812087.68823
"87ee5c7c49ced4ec99f44d5f",905037666.621433
"87f1e9ca16a7ea48de04fa73",965939539.33285
"880bd21afee7038459b5847e",800203623.490973
"8816e8101ddc4e704053e23c",845831100.17026
"8826b9e008064cea38855d35",692603676.992955
"882907ccf178b23a02ce262e",583562146.438441
"882e8e77fa1a71288f6b61cf",1510010420.11051
"882eb7115cd5b8b09fca0e47",1137340414.47488
"8831ae77efac99a6c58ce05d",1140758028.38525
"883371e374936fdd74d09fe8",837321143.666915
"883ee78c03efdb4bdc57796b",856814609.781396
"883f095dd3f7e972d7dd3c2b",718597916.853945
"885a312d9a5bfa8a8db5279a",641126090.422748
"885c77c839d705ca7d04d383",830952979.876302
"88622b66e6c47cc62c3824c1",914473560.503641
"88668347361a227b6dbba15e",971277204.978302
"886706f32695891af743f986",649580516.878281
"886be9a1881866ab1f300533",621733148.11446
"8876b38f90f5571639b7d879",916688779.940891
"887761f34ce0996bb05ac48a",1146842545.09213
"8877941794810464749ba5d5",870988044.824909
"887ba6b287a8b3ccdd5691b5",833446827.144922
"887d749eeaaae288b2818b86",799056937.439033
"888bc3c4ceaa108e048ad28d",898317274.621961
"8890eca19a9e1cdc9e0f0541",1106782985.57012
"88964e1202647db0519a8a00",565424878.499142
"889bd77c8271961a6e4925ea",722462314.03049
"88a4da0d72977b0c56b31061",819608942.279648
"88a83e58eaf136a82ab1fe37",620505976.552942
"88ab887e18e38d0b8315286e",736289174.091188
"88ae3f4a8ef76675c66e925f",1186957334.13074
"88aed38ca59c09e1a6202672",684997362.394047
"88b02e7b20ce6db956afcdd2",1239391135.03963
"88b0d688281db2ef0a782921",1066550811.22654
"88b98c026b7650192034535f",938474572.447079
"88c4b21ecffe12cb6c408a6c",833237654.93108
"88da5851280dbe750968c565",513644504.119827
"88ea2d2d7cb6d641df3ad76d",1085171571.5707
"88ed5ebb575d026f8d440c60",592085514.53398
"88f36882dae9a0487383b769",775793502.008193
"88f3f39ea06fb882c69bbd10",692151843.043711
"88f632cc304cd769e2d4be27",658143878.748804
"88fce3ad9b8a965dc11336cf",686855595.519036
"88ff73eb829a6ec5bfcc0222",1030083727.63205
"88ffa9f0bc3f6c9f2e589a75",1094198280.66858
"89016540f8b3fb727d863bec",905841262.571143
"890df90091e14d1c3a1b30e8",404067703.146918
"89131a0af2db172538723b08",919143756.318894
"8919ca18fff7571002e440ec",924241034.296426
"8923182b6dcc9f2d8be1ab53",706124744.925891
"8925028d6e7a6cfce9967779",491886352.032169
"8925e22f8511be30d50545cd",748592562.764805
"8930f231a5b9d8db14e9c656",721993574.890372
"893c1b081e383de73b9f2e16",1155080906.97411
"893caa7433c200e0d43e9f27",993715265.023962
"89498fdf642e770ea75be7d8",1079782227.49762
"894f346e0ad39c57fc0f369f",1044011955.10673
"89575a90c7b9b960c8f4e052",914132084.905359
"8964dbb5b0cbfe509613a63f",964918834.763952
"89690c80b7adcb8a8afe531a",705461277.946764
"8978ec4c5b2f02fbc1f57820",1161983371.79119
"897c0578bdc8d59843bcbe38",481755793.416806
"898d1eb301c92ab6603e0b81",630060461.854512
"898ed7299f0c7b8a99e4877b",1074274142.74297
"89952b237fda041b09f0efa1",985037467.537537
"8997555e7bea06f7b90ce821",802282357.53488
"89a03e25c43a555b47c53864",900447246.289986
"89a066b7d6a31dd066fa0d32",809093020.907118
"89b0592a715c9e135967f947",671902960.269653
"89ca905d858c7731313c82e1",822051740.127719
"89d36acc5f617a6a97e02f23",958831676.306162
"89e1d01cb5bfdf567faca443",710886889.436719
"89e2d612654b3c792311faf7",948630260.129625
"89eed91bf5148b5645408222",893401131.968127
"89f8ccb0c1e2136adf87a10e",909781790.374185
"8a0053376ffdc75d0bdde77a",1308330924.44669
"8a0114372706f30bf6867a2e",805233452.784439
"8a0d2f8860a90322d6c3b61f",589473708.250007
"8a100bd7f5da66664a2680e8",678164341.051482
"8a1105028a1a1b83c5080abb",373300328.101257
"8a1b0f59f86e33a7aa7c2c23",1161807338.91931
"8a1d1f70adbdeb233ed3ec3a",846567147.76782
"8a1d93bbc83f4728657317d1",1059630546.71499
"8a1ea9d91b3d8a66c6341243",813949310.262915
"8a20478528e97700dcc84abb",457919029.880648
"8a222af682e2d7796643ccf7",635852470.257906
"8a3b7f5a8da339fe19e8f138",929254864.965567
"8a41638edfc5183469b6c43f",855617072.374934
"8a44e15417d8e520a99454b2",451986419.787325
"8a451ef547efb90a8fcfa6c8",1088817068.07228
"8a4b7e86a90a296e10a49ea3",526949330.731241
"8a514fffdec277cd46c7cc71",734823937.314868
"8a5866428508658b4a2a4cb4",581791148.190966
"8a69b9d7461107db6d16d1a9",801806739.596279
"8a6cb559a488d6ce1b641585",769406116.675775
"8a6d013451e46411d35c2b6a",870604028.377706
"8a724286cf661794084aa87a",974114532.937155
"8a7ddcd0c452e7993bc5087b",658574306.632791
"8a84a073b855e37a12327357",980951066.35307
"8a8c202c069c20696c2de85a",778786702.178829
"8a8c8f5aa68c4e530d62776d",586080179.80791
"8a8dff62516671aee2250cb0",819083743.616107
"8a8e4996e24142eb413c0d12",1157322082.01533
"8a9663cb622a55f2a1a8e3b4",685429009.167269
"8a975117ab302b77ac057823",680672190.030122
"8a9e6d0839f9fabad2fc3214",697774707.585945
"8aa21f48a83be25f924f85c7",870582162.775698
"8aa5ae4637ba83e672cd3ab9",909141021.065273
"8aa5d44a72b2a6851d14ef86",897983014.851473
"8aa76df8fea21a42fb6229ff",641495657.444004
"8aa9e1e89993aa49c5c3eced",720175544.659937
"8aac8946e7ae5725971c5557",611636762.210209
"8aad5795547ade3c804c0ef0",750518203.473733
"8aaeae6bcfcee5ad928ce28d",1083160329.48606
"8ab41842b8e41b89d8670ecb",394848361.430129
"8ab5eda5b66a6c2becffad29",798320489.20025
"8abe99f2b71b13dfe7d71616",1325550264.99121
"8acebaa9fd7e917d7e3b391b",679666876.212502
"8ad016d414e2d2be053d7612",757045913.250396
"8ae41ff6a828f175a9f628b2",514799455.183685
"8ae869c5033c248f881ac313",675943480.982424
"8af2e264b801b3e155e52be8",1046554483.19526
"8af6bb75c85a2789156b3696",464592739.895086
"8b083d7ac086f52fd2942a82",705554165.111755
"8b0e1911b8ab8028409dc9fe",812355141.67615
"8b13054b3318289aac1f13db",383561816.246985
"8b1acd29eb268fd684036180",557440456.781891
"8b2d8edfa6788ddc0c7b3eba",721587048.332808
"8b3350aaa66b9fa1c682c15d",933178855.35532
"8b353ba6823f4f800635f0cb",786933618.901377
"8b36b7364e4a4c80a6e50bed",612146340.499846
"8b450ea6c21fe0b5157529a4",890182301.720243
"8b45db8a4f2c0f772c8d44cf",423916967.435884
"8b47b76193159a21c3580a3f",916152911.19114
"8b4c54125d9165554e4123a3",1117168834.95822
"8b5369b126b75c497b1a7b73",621720453.180615
"8b554961129384797391d1ae",991653289.067627
"8b5b351e07a26c25cf51e176",501814519.209143
"8b63358f3cdf8df0eb1f43e2",961151468.116117
"8b674605311d296990ec72e7",581060903.90453
"8b69bb9fd7f0f19a248f5cf3",641738452.038583
"8b6efcdb553f6e936bd90f3e",853361093.813713
"8b716bc4d6d833f9bff3e729",660532260.064677
"8b716c3dca89b7caa7db1aad",517209154.376476
"8b753628bd37b9759dad06ea",692828218.085705
"8b788f742021f2438ffbf528",464101278.606218
"8b801b4cc1d254d0277fba5f",739130793.3957
"8b871cc48b99bd4190877bd3",844650553.467224
"8b89813a4ae5f9209f854be1",839459436.97498
"8b8ec04a78d3826b2c8a5754",662082623.048287
"8b91a957eca1985938860c28",769720463.831983
"8ba2d7afde20563e38892304",752050817.183656
"8ba4e8e071e458a13efd179a",845799707.408634
"8ba9304ea7b8d2b071bb0699",529746195.156216
"8baa01b8c6d29c82a6108cb8",541314490.702978
"8bad8a7faae115ac9007b13a",852128122.975837
"8bb1a2ecc997779d1addf12c",485425824.596664
"8bc002e1f02beb4d83a6f6ae",952568371.335248
"8bcc1b035ea93a5192256b37",732972820.218468
"8bce0097d22b34a804b502bb",661597888.287939
"8bcebf3cdc54d4ec99ba0d88",609470450.256843
"8bd2490f83568ba653cb74f6",1091761860.74129
"8bd45966c16d4eafb49ee2a2",1130125869.36568
"8bd8a7e19b6d3b8bcabb84d9",618095276.076869
"8bdebb8914fbcaad625b1764",698721530.802146
"8be43cd8653accbb8fe8a270",770725311.920985
"8be5fca8f4339712c6f3e29e",505244461.746207
"8bed46960db1b2a7954ffbcb",1294427641.09479
"8bf61f106e60d6be03799de7",975120941.249658
"8c0154eb5be437746213aec8",1047812087.68823
"8c02948b66db263420c20d3d",867790923.401268
"8c04aa7506b8c80c1bac23f5",1255901562.31989
"8c05c66be6008af7f6dcc10b",964219046.227826
"8c107da7487ed0cd409f4daa",937759452.100283
"8c1695c9a31de0f956e4ccdc",626506866.506871
"8c18d3417886c150136a03ba",427719698.46814
"8c2423c14aefa13d255fa77b",781191128.294944
"8c258d10ce32150f5fe5b712",869412481.834411
"8c32b6b31d1a1d5736c4df61",1385722085.03371
"8c3373f9c0372b87ef021512",948470196.007741
"8c3a02c9ca043cf0f322ba84",675552511.047942
"8c3aa295f7bcfd9a43eb2037",1069917406.85553
"8c40078231bf7af2f3a06457",486546997.186897
"8c41bfacbc1a6ab831b26fa8",893288174.345317
"8c44d216517f5c59e2611aac",429186183.319234
"8c45ac143f5cc43e9249c17b",1016937943.66325
"8c47395a28f8177923d7b75b",591062353.223163
"8c4cc779f5034e9c10b2e698",450642845.017307
"8c51f1b43f15b70d2a294918",379687709.327403
"8c5aa3c826f325a9a6c6f524",887848650.970539
"8c714badfcdef8ccc73df9cb",1991224320.59691
"8c787c1e6161b18601e6d7de",712586528.56531
"8c801a266256e3fbabe7e3d2",702346126.960924
"8c9849cf3d20991e5126420b",964607941.971839
"8c9b472c55d4b99e44041de5",743416219.057567
"8c9bf9031bd378c1105e3f3e",944620942.226868
"8caab74ced535ec5e75acdfd",473028667.490882
"8cab957b322f1aba06bae4ad",677976230.573891
"8ccd326e4f515bf7e817a14a",850018107.630779
"8cd0345dfac13ab380240b0d",709610481.042204
"8cd3031963c612efd0049f8d",859867309.934897
"8cd46b5c9cbd056d3712f155",769322083.679551
"8cdd55d191f206b0841e56eb",753315402.156132
"8cdfda9067e0934a8ebe0894",806490234.308254
"8ce2d6e505ad1da079f34a8d",949976821.265171
"8cef9b18f20e9c5a32e7ccc9",1168864535.8724
"8cfa1121fc87d9483ec63611",835904430.502251
"8d01d6561223272181235c69",746277033.33794
"8d041784b65d33c76e5245a4",865712768.271825
"8d06037db08d0754bb67da4f",729732813.445331
"8d06af8e439c45e0e125de91",808628804.641714
"8d0ae601094562744c8dba4f",494304572.554642
"8d114cef336100a8d8c81ce1",812047353.242163
"8d15b4bb1447eba7a680ef47",407998485.489289
"8d16b1bdea35630a3b09b192",847736214.31938
"8d1b3071f5396359c0b6cc62",979559561.226138
"8d1f7b0cfde7e496e7bfe972",714796320.891264
"8d252e9b0912f09703110b81",754933123.639739
"8d27746cd9d2532fe9cfc408",582047149.167385
"8d2e85825e95f6941445cace",912518768.93828
"8d2f9968ec8aece8d1a20137",823017385.711239
"8d3f4ec0c37443eb3f953584",925419148.137114
"8d48f73816b248d1166a09db",829892328.190395
"8d5192b6208902ddf4804839",919660126.933323
"8d54b9bd24cd9da341cc942a",1009626889.32564
"8d5a73b1d27a66b3f72fa662",1081199133.0218
"8d5e662ba25a71727f1eac77",1029985078.94471
"8d6c523d4100ab0c83a31fed",914883022.636732
"8d7dd9de4e919fec5916862e",895055748.248601
"8d81b4681ad0055c274e7da4",590525094.698477
"8d911c1a195567dae3cad99e",469009600.551188
"8d97cda83fc7353a86c9393a",800775142.638264
"8d983b9ca65f19ff3d69985f",1582464555.08256
"8d9b143cd8eb71b05d32cd2f",1164465665.72644
"8d9cd237c737f6e62092a08e",1290164550.63393
"8da2439f391c6db92b9260f5",1052534183.01208
"8db285eda04ca37b86dc9724",888500809.89202
"8dbdd7c8971a514eb7cb4d3f",991713216.023427
"8dcfc24742ba669335a2d65f",808601379.945296
"8dd453e986d05c6c1dd104d2",771477679.262815
"8dd46fd8ff592358e4c3e7e5",673617508.92199
"8dd954e7312e6e6a07d6d4db",584183099.733468
"8de317591cefdbc375a41483",768636512.909251
"8df5099d856c7f9de43990ab",693421230.74332
"8df9256029f526ca313202b7",1045758060.89005
"8dfa059401e1dca80ae65ae1",798813483.088578
"8dfd846e6df9a040ae1188b7",451461585.449322
"8e0ba427ea909cb7943929b0",704670062.356526
"8e160f094a0425aca23f04ac",746811033.961693
"8e17bc9f09099ba3138c232a",1126326045.73417
"8e17d7d78e7acffdcb04d982",658024811.625143
"8e1bd01ce4b7910d42f59be4",653102686.944555
"8e1e9ae57400052cbbaed9dc",1372992888.48999
"8e273f1dde4801825fb19742",863605721.200386
"8e2a5f8431996ae0db65d0be",1039177783.66422
"8e35609c1265ddf59e1c015c",826529016.188311
"8e3700ec731701361d7bb7c9",574713618.72821
"8e374b19fb87640c56243088",477301415.338035
"8e4709859d50a75dd08b03e5",492201002.278189
"8e4875b7ecd0898571f0b1ae",662743785.948173
"8e4df02eee6cab9bd1011987",790082712.594959
"8e5123f5ef1da66571ccb600",1291017115.62673
"8e5661e79f4fc282abac1f37",992288925.831424
"8e56b5dbc4cf628ac12e5bef",1597490571.02742
"8e604d41e0cfe9c93ad536d8",1285730700.78367
"8e6dfdcc28f830f2696de9cf",1241552957.65515
"8e712705b7de6e791c8735de",799289835.862391
"8e79eebcff019c3362a76a26",862657402.223294
"8e8852450fd5556f748c98cf",758839970.052501
"8e88e6cc55ca769e472aadfe",647165978.211072
"8e9e35321545774dc1f85776",806595487.117893
"8ea02baab0c59eac6584f62d",1045327091.43096
"8eae4346936f8c6c67be81ba",548360959.995072
"8eb66c4b057dd4b07b5fbca5",1085780226.32342
"8ec00d454698c119085cbee7",744506196.029204
"8ec09555f5a47f96a8683699",1332514246.16406
"8ec491780efb2c27df8dc08b",800963850.561967
"8ec8cac469f2448654312aaf",841413121.472024
"8eccd2a6352c33d8c7abcea7",835734420.918346
"8ed11c1d4e7aa1ccf0ea0508",475612141.327037
"8ed5e7770d03c43ed19abf42",702139744.012779
"8ed95f9bf057114664ea441c",810253074.546317
"8ed9c13717d2bb274a81e460",936206342.901789
"8ee4a7cef562d388b8444c29",686415515.061667
"8ee7d2e0692e49bf9d308b4b",947636913.361665
"8f0a61533b6a01badf43b6ed",1023787037.46857
"8f0b6d6dd914911c7e90d302",879466718.112169
"8f165174bc07c28f9fddeee3",1194881980.77253
"8f2218126da9580268661c70",1064261938.95521
"8f221efe392ba42b519e5f57",1001918937.07428
"8f2fbced5d357bcd6b1c7de9",791064864.637845
"8f35a5d800d98481d7a8b6a4",625825039.435416
"8f36d25584407d9e3c326e71",869474930.552689
"8f378dc1215f9213f187c02c",618782626.109466
"8f3924eb214f5194d21499b2",996534485.852958
"8f4241a17d1211687bf232c4",483319960.10782
"8f428b58a5189effe993ca4b",363226077.407793
"8f4687b666256e136148c3d0",927946031.619579
"8f541a839df1ae79d563427f",719608792.688583
"8f543f9c31af1eb17ef1e353",627595236.17614
"8f5444b81998e52ad76b3ddc",830542200.917348
"8f570610ef199a3ecc49a0a5",730898326.601741
"8f59ec48e38092ab01c23e33",1191637874.70026
"8f6076f8ed13e87862d82255",437231295.077147
"8f619dd7fcf5e1a17af301c4",1066381337.99488
"8f8a92abd28c8990534e847d",1062154735.0031
"8f90134b8e68948cb18fced1",595990460.105442
"8f9417de118ef8486538955f",1024806071.8704
"8fa4be9ac1ef719dda1f96bf",455113992.479692
"8fa53bd51f5d54be50b3fa29",379830857.192754
"8fa9b20af1508af7a01e2267",570953051.984687
"8fac177c5a8b4faa21b33138",424940237.171029
"8fc4070ce12262679c381515",752001628.051711
"8fc50169e6ec98a3f4229ffd",1059367495.88401
"8fc78c514a2f1cdbc5ae6e1b",1180521034.36677
"8fd452d3f5f1dbb3b65f5274",1025186652.66185
"8fd5b95f5808b4676043de35",644197910.187655
"8fdc9f203c3de5d486de7ba0",497980394.701416
"8fddeb4ca696706f6cbe573b",874391193.033143
"8fe1a07cbe9b8f3498cf74b0",483195032.18778
"8fe7db56d501b9c11461f62b",753898896.495226
"8fea95d0a70b1ea918803f58",890288801.228665
"8fedbf13ebb7cd3475fa3074",1018208381.19723
"9012294b64280c565a88a1d8",775099944.925702
"9017accdd4fe3229fc45280b",427625667.53361
"9017bd24d173b2fcf564b32b",1221131042.27198
"90186e67d802be6d12eb3696",765052461.451934
"9019f1dd02ede61479b62406",458612237.781743
"901e3b835718ccae27c8831b",800458304.723476
"902d4fc2c44ae5ca2703426e",802719464.891026
"902fbbf9f5037be8759775a7",1063946467.62938
"9030f17b47b3940c2e2c4093",745527526.410645
"90332d50e91925eb9b614bef",869086253.073854
"9039bc918a76e486041842d0",606327766.975555
"90470cdcdd2b813b39f28ab3",802506629.859239
"9047c4764f2c6b1a10b87e99",1211664631.31167
"904ad71e7d108930d69a7332",767502964.23554
"9050b1061469970ce28742a7",404341680.944031
"90511f2411d4a37a7224b995",833446827.144922
"9051c6d14018b4894b560e2f",1403401825.40448
"9052c644813d546987a72305",511296022.967262
"905cea21c0ce1cae97fe86ab",906860141.245794
"906014f0ee3f3f4f0576d4da",512932053.572635
"906e1f2e1bc5cd51a55b0266",1081403966.12621
"907f968e78d748fde69dd44f",618750269.715675
"90822d4e3a369948cdc4d998",677587023.181336
"908330b0d2651093c0bb6719",902145760.240784
"9086e6e757243bdda003878d",970636420.18811
"9090236db3ef719edf72a330",1309980695.47654
"909182c92bbc39b00536ce6b",407455763.185347
"90921c9fce21986dd23bc645",573326677.220207
"90961073d9887bc1023315a0",659598624.774767
"90a269d52e47c1705f9b6cf0",1180073862.18176
"90a43053efa1d292af692a87",546375792.491823
"90a711f776d53cf654614649",814766174.225181
"90ae7af091c23957b88de5e9",811470290.685623
"90b04117887941ac898a67a8",457811853.768198
"90b25b6b913c1bf0396c149a",559461554.001275
"90b28f5125a0b8a0e3b10580",1097070316.38058
"90b34ed38e0f18988f11d77c",860451081.719228
"90bf218565cd67ed83240033",1158163094.99982
"90c3b93badfe7231410e95bf",869563436.271444
"90dcc3f9428a4e7cc396a15b",974627816.231557
"90dfa0d7be06e7a1dc15770e",536814884.552918
"90e00fc58569167c00fae7d0",887102038.092719
"90e62f8656ae504bf6175e0d",553197916.834918
"90e858d3740d4aec0fa21c12",962155287.454128
"90e94b7e392f84e01a5f1551",1124848583.31095
"90f0cf22cf9c8fcc290e495d",596380566.080407
"90f320e94aa429856e37bb35",483796929.18182
"9120f0e5a6f505a2553bfd58",749812086.123551
"912471caea3c71e3f9f70877",790382103.187582
"9129b78a741bf5e24df5379d",743533733.671925
"913cdfdd62e35472522d0a6a",575110895.031004
"9151a8c65e1f01ce591c595d",679781172.325642
"91561030d87ff5bc0a497f1d",981127211.185828
"915842a8a03914c08a6607c3",463158296.021082
"9168a08b1fac4c5448626ff0",799861830.206856
"916a413537580440c4ac6028",762851196.231661
"916f946082d03023ffad6f2a",832603911.059598
"917218fe1425d2c222da1ed3",803669143.802273
"9172caeeaf6498737fa0c6dd",863841846.519197
"917829a0aba571cbe794838d",649706425.101496
"91892eac5e9565b12b2a99f7",458075001.7226
"918947d51e52e0caf692f22f",520410823.699591
"918b0d900ead8267aab4cdf7",573518411.119272
"918bec54bd7587daafff66e9",741194179.877226
"918c48a512fd6ff22fdce5d3",740149928.706505
"918dbe66979d16b147bd3322",743906670.760241
"918f56ffe325f21522cc60d3",465090446.665293
"919bdfeb16dd0bf67787d53e",692282971.164699
"919c1e281329379c4d130416",1138469972.85456
"91a08474a18644c43224c62b",531867840.481034
"91a08f81b621333ac58c3845",667777682.830819
"91a73bedc30e0c2acd95d6eb",665709657.349471
"91a7bcd95c0c960e4cc22d91",739367577.413614
"91af29fa680d8033188ffc39",1064613347.40692
"91b57e8d6c41b7afe949bcba",427449542.057452
"91b8b9db5372a2c3a5c30c58",593394862.946391
"91ba0c5b21b52734d1e244f0",628531295.792965
"91bd11b5a8e0c0124be78f46",456590876.812367
"91be1260a84ab7fa3521c495",980561977.540859
"91c4f018fc7939d150593935",1006037867.07954
"91c5967cc1acb3f108d6e0f1",560014881.339117
"91d265ffaa6b407e9747b15b",1008649270.04922
"91d35b9421c4982b54dd520a",888365809.421095
"91e2f9f7d4ed776d38a3274f",833553398.474545
"9200d647b6ce9aea67ff8ac7",835509506.734619
"920b50f4355cd2674ceee068",666952586.464961
"920e2bd03c9d34e36fc38ad5",1062100046.46685
"9215d29512b14aab6178da01",1479759221.29195
"922c37e46fe9e75e73fc1f35",575007865.64599
"9231ec89e58a3daf459c5b43",1224547410.31233
"92369f73435d1ac3fa95f185",768647502.819895
"9239fafbffc066dff0811302",369085433.730796
"92507b623f039b4ef5be8870",775130553.297058
"9251f3dafa0e747b6e78f295",708715010.731454
"925754da6fea9c9cdc06e18e",740681284.949498
"925b457b5df270a68b84753b",411993030.522407
"925f83e20a153a1e094bc606",1005205483.54425
"9267fcc93ae3b6df8c12d9fb",521733819.03748
"926a7b18e48cdbf6ac3b396b",575463390.572777
"926cdc0242544bbc850520ff",702026426.989821
"926d12cfe05643554837664c",448705550.348473
"927de0269795dbe0566a0326",1024726440.05911
"9297c340db8a74e10dbba148",677145171.387404
"9299c976b1afe4d2c0bf351e",749595240.622987
"92a1a8b617b6d2c3669167a6",558046303.544516
"92a9c07259efc617e7d58f9c",699924062.853319
"92ab018394a5398b832d0b97",900694427.4491
"92b3b7d8dac6b2f6d5fcfd9a",698310674.090332
"92b772a38d5e38bb51a3f621",599821003.063279
"92ba019bd942fa33ab742924",791549871.501742
"92ba222e2dd63a4453a30637",600799691.394551
"92c4faf0ba1fbac44db6d1c8",705936116.673091
"92c5129009b7e377fa004a93",808900923.41783
"92c8d6ee8496b91821d7ba3e",715667053.114927
"92cade7b5347d1c00a48a1fc",1153044288.66311
"92d7d4fa9fd09075bec14a3c",1050487226.74589
"92e4dcc5911b42e7f70311d7",803360648.312997
"92fecc04105a999a622ba3cd",655767427.848976
"93086ab3e32aa9599708382a",1031250081.99946
"9309d812688d0d2bdd33d830",660294270.629244
"9327563b40f2a0f888c68f28",1422756880.23083
"932a93e3ee2093d7f806fef8",761691390.380656
"932ce2fe93b8e1ec0e7bbc8f",457408198.110159
"933018604a8d5a9020aac221",754466618.280663
"933251193ded6df07c83128a",1020489577.26262
"933740e21e9b61721b2c6053",810975178.877335
"93375efb2e74f4913d21d94f",762603954.250164
"9337becb0628955b47e45b98",1069099723.39551
"9350225547486ad75c0b5ab3",962302455.993162
"9353136b0c791bec58f93ad2",828434159.688855
"935a1e8c7e62ca9d3bff398e",1109470908.10462
"9362189c5d784741c9b0f8e7",842232053.93865
"936307e2f478c3ff7b9652e3",833395511.749819
"936cdcce007bce08a72112b7",888659403.577777
"936e18fcf06ca3c46eda7c8c",782409399.593873
"936e6d2192f28a2b40939a4d",862412296.562375
"937708417ef2642b7d05abad",968526142.803581
"937876bdc44c3b8fe063a9aa",748599697.635636
"937c0b6350beb0f51e53ff8c",514838273.276887
"937f0b37f566f65a1871615d",527843582.472039
"9381bdf491d48236e84590fa",575111693.402418
"93822a34ec8dcf104e7f49c4",717535660.811071
"9390ae5c166e1a976e53e16b",673654306.065091
"939afc1f6250d528b0be8e3a",852774571.547391
"939ce1536f15c0e6bf203dd4",997439866.15032
"93a1aefcc4ccafe4866bfc76",535043756.251013
"93ab279de0b7b414ce758153",677891083.108309
"93ac0b004ca60ea56cc2bb9f",969234443.499767
"93acd9176ff299221e0d2152",889305993.474149
"93b27fa67eae8cdfcb846772",874102017.14817
"93b7fc7c4f07a7f117e687a4",729153012.164049
"93b8ea95ca1c1ff3881d91d2",594043785.72782
"93ba409ab36d3e10eaae18c1",747994105.829964
"93bcdd2a8ee1d5b61d00d58a",812201195.559645
"93c24fa31fa780d28ecbc318",643443597.028162
"93c5c5d9d1e99824178be9ff",763710722.155555
"93ca9e75cbeaceee69b4f0e4",495378091.447637
"93d4c413d2a1ac59f1b46830",684197092.388497
"93de58cb0d8fbe74b0cbb556",709606090.487779
"93df4118ec3536b312822d90",1246944974.88149
"93e443a5b3864d52765e6484",1143786128.54423
"93f5694b4854068f42ffe55b",815831089.009964
"93fa1c8ebb75b77dea76ab99",1016924227.45979
"940dd8311f2b49d4ec212fde",520528882.141875
"940e08f8fc66ac29f6d76687",871524964.981498
"94116b7517a06255bf4320c2",846517749.057036
"94118bd8c3da3f14f9c7836f",747072271.2041
"941392f9a135909273422dec",612494319.667616
"941569c4352c3a2e32c908c3",1293692232.06519
"94160aa4e5c54bb479b1d0db",472362429.390433
"942133ad6b84f9d08e1d4e7d",889701024.435294
"94213637892f5fe643cbe8ca",690940122.943201
"9421ce9f204f373a50357fce",678359449.192352
"9425283b41165156aacfd43b",664804259.019881
"942c934c0d41ab822d60c795",671532382.169085
"942ed340950f02adf9749a36",471447497.295119
"94301e20cb91669986c4b34f",441694610.412931
"9446f801f30e8b2997fbd72a",1208191862.89626
"945202a450bea48fa7f2a95c",581706595.147391
"94535dcf38c9c6461a73db02",416116312.122203
"945f85a061dc4e95e779e27e",962051164.966898
"945fad7539481410e8bb60e5",789153053.843914
"946eb4523f76bb23d0348309",875530844.397825
"947421747f33db213e6b1326",693020465.577335
"947ba86487536d611f548142",1271039400.68478
"948ba87dfd7993460c967cb4",687712853.607494
"948c392520e1cb3a030ce86c",883133856.517922
"949184accb5878f82fd5c10f",1130391297.90413
"949292b23ece12b655122038",553505530.521603
"9499edd83df77bd6a90560c8",562242101.916972
"949c4a5382aff4750b4dff83",917774950.939168
"94af5eccfe170cbe7d428184",541765491.638149
"94c15574aacdc5c3cf5a406b",523812570.22842
"94d3fe901550dd4ba77ffbaf",1017299223.28927
"94d91969cc4b9aa1e856d801",620097950.484168
"94dc108f1d146641b221cb81",651100651.56855
"94fd4bb5f41087921ca12b58",565192256.442324
"94fecb92077ffe3a72aedec4",621374808.261773
"9511afb73b656135daaceb43",889322527.810337
"95173735a8f6e554f083c065",626487129.419367
"9530217ea0b5d2395adfcc9d",1327958692.14574
"953176c9a901b4f61c030432",923034321.67024
"9535ab027f9f2a9a8fdc21fd",636333060.277956
"9536c686b6ec514d92493f9b",760345087.314919
"953fd7541735fa8d9a342642",910279391.41157
"9543c16bd5eea47111e6b266",598083697.733746
"954e3065b1e8b31a68f6d4be",862166213.001617
"9551dc6098b721dd495e5c57",1160124775.79546
"955544a0bc2eff312e965c2e",1278439741.63318
"95561bd325f60967cb6653dc",1143305795.18206
"95570bee1792641c7c12e4ef",830066489.3171
"9559637fc2bdf96defd2438d",913917865.661965
"955a15a734e56eb287555307",475107055.798525
"9562ef63320854bc6f94b5a4",606666351.198176
"95632ec6578a204881694dc2",628667933.676082
"956600c9a4ed31e588f8c593",1013042819.64587
"9567966987eb1d3117677cc5",473332503.391497
"9569a50febeb4163e28c192c",981451782.956537
"956ad3b1dcbe8f236efe2d2b",631103275.322325
"957731b9940c9131d92a22fa",988019847.411573
"95781f187bd3fffa3d1b19f5",534112567.778274
"9580bf8358095abb15a10c36",375990254.804811
"95815bf7c79e4bff3f41b233",823330208.788288
"958f3e102c6ecf5f6386a004",528953907.435013
"959397711c3f452486ae591c",756768417.261413
"959b2293af0ee4f7c9fea7c0",762604098.482801
"959b7ea50d93bf1c36e35005",936468414.859163
"959d0cba47f650933b9a5168",965120690.131646
"95a7b01cd60cd10e7364a600",775949847.936135
"95ade3ab8dc04237acd6441a",572515623.60057
"95aebb36dc0b4ea86db49492",1014066332.31806
"95b822f76b4d3d6ceb0c5077",790077593.458328
"95bb852a958d7b16fd676e3c",997034799.710253
"95bdebef7fdc2ac0e9541c51",1044475053.14838
"95c9cee9b36fd1d68f647aa5",676783554.86459
"95dae083200a9e43a5aaf210",1132189810.58269
"95e561c7292d64305a2cf4f9",870724230.405175
"95e5e774dac6f0159e8afc0d",791704800.249778
"95e98113e39820523e95adf4",699783625.226029
"95f17e64d2222c904a7d42cc",795963710.032368
"95f27bf0d25bbcd0d1eb9cdb",817619032.972228
"95f7bbdcfb59b4cdb41b0394",796859396.740553
"960c9349b6ef9b747ebe5829",1123701496.0728
"961886897eda4b0ce54d1d82",1019126087.02535
"961baf163a07179bceba67a2",1060537209.90655
"961de1cc8601447b03682e1d",862565058.341986
"9620068cef0622c404e15960",958706700.687888
"96298da2f44ca873f345867b",659887762.767694
"9634cfebe7e6b095f0065ee7",783042800.768614
"963985c57392ed0423d74caf",808142129.030015
"963cc728f3bc207a7ad74ec4",749308378.406431
"963da21c3c571d7bbc36f1b6",613812164.938529
"96448fa0eb077563a2d168ca",479083214.818305
"964734d3430de94d22c927cc",431353684.150813
"964b7d9de17c1ce396fb83fd",602797041.353704
"964e9c3f87176e761484543e",682546861.492582
"9662cce3c4b92d1c99849899",972781739.733954
"966e8fc9af08e76f8b276245",539235840.200089
"96786aff35713dc21f6bfe5f",984664343.007045
"967a7676754d6f9aa3e14473",447387234.367158
"969219d7b193ac92e7a008ec",737143229.374837
"969b956eb7769b6f509d3ee6",984477833.74641
"96a478c359fea0014fde607d",857616710.049586
"96a77e8e42d676b0da3fa572",908796645.518337
"96ad0e75433cc18f20ed83f5",700246806.043957
"96b3ea80cce599b68f96f86e",796859396.740553
"96cb3c08c80815907de81e73",711379087.266911
"96d14697ed6847ee757d113f",471399075.49715
"96d14a1d29b7abc2cad573cd",817672176.024601
"96f59167d17d1c99f31be997",824554703.546019
"96f5db1dd0f36d1087172fcf",737038743.041779
"96fa88a07329d3988b6b41b3",873992482.44803
"9700892d7133ff2c0d1763e7",1168723449.10279
"9702737c9e4ecb12d0f9ea5c",959924711.680257
"9702cf3039b86f97c003e20c",726727920.729412
"9705748d2bb061678a80826c",1014042263.7315
"970c0d4928a9292748c0fd00",945954924.507682
"970cb360eb64128037be7e23",857190425.302262
"97106114a8d353ffebbd07b7",567471104.694652
"9717b066e135a82feb422181",688516746.260764
"971a322e9087b67650689ea0",903365525.122212
"971c610e55f133a1d1e6c2b2",836881901.850993
"97337d2f347a50e0ef518516",472494075.848302
"97388d009acd9e5ad49e7c4f",497697474.847727
"973ab56a202e039f5ef37353",574957893.441447
"973afa2d67c20297aa108bda",562716910.412923
"97419310c7e696dc8ca61f7e",772985357.991645
"9741ff1b895a038c32205784",998131142.017691
"97439d5a82f970e7f50d51b9",888602982.403427
"9752758072e096fce6f7f4cf",620809755.45468
"9753470e033b35407a2eca2d",897842774.554282
"975482a692bb98df98b2f243",494990057.570071
"9756b47e9dd47f99dbb23115",823463406.313771
"975ea2f56001edae07f28fca",479750946.85451
"975ee5aeee84593bbeb331b1",409309598.357424
"9761b0f43949eb5307472ba2",874023784.580977
"9762ecd72557ad6728274e1d",847677437.461566
"976945e68af6a66f6fb0850d",688615914.842479
"976d317efade1dd77ef3687c",520878767.57803
"978195f1745ab7e3d69e1f50",851860609.009827
"978edd828fc71300e6723e06",1102209271.00051
"97986583e1c988373765eab5",798773837.337101
"97a22807207cdfb341d5c50c",343692252.767977
"97aacb0847561f45a5540f21",908624506.665512
"97b12012ece8a740944aa547",1001059478.47484
"97b57932e5e20416bad6919e",1169923325.48307
"97b69097fee8d8496a6b8c04",699870730.259478
"97b791fd94b2339ba115a75a",1047570711.07127
"97badba651a94721af5df3f0",717283451.476953
"97c799300453ab511bd06361",637993766.980568
"97ce3e0ef38ad12f7fa8c4d0",376700686.616142
"97d49e61c1ef55451e52c8e7",935781620.708684
"97d64459dfb368b1f6067ab2",864274165.937984
"97def72de478566ad58020a3",906780333.388433
"97ea5dc81ba49ade4f8f580b",715059300.593696
"97f5e6ee143998e0b3fc97c0",821918390.771451
"97f9cfef1e35be84ceea2a46",1126112703.75676
"97fa4be3ed93c37c048f507c",448307406.318626
"97fc10f5ce4a6fd7357381a6",688047166.763888
"97fe6eeed892111bfa20255b",486314078.769278
"980bafcd065c8e3d6cece127",867935980.857213
"980d809e549333b475477bf9",611084791.389981
"981b55d5c38361caaddaddad",728065493.728896
"981fcb79db3881259eb303bb",663982441.549743
"98318f22c00ab335d8aa23c0",827133627.191984
"983503bb75d84c410d1c5d3e",1026544535.38965
"9836bf9b64f27104c7863b79",612039800.256109
"983874e637a1a5782f31089f",513352684.944816
"9844c3773f7a50c71f218e99",919803352.579402
"9847a4ab995b7b1c30196704",1222654783.55216
"98502628de3c4fd3905000a7",698027061.775326
"9850d970fe9fd9bae89f09ad",818112801.806234
"98510008e150296ca9d27d0f",900587091.861594
"9855712ed7be7e865656de13",766827582.614139
"98575cb25b358dde32ad042a",1088901436.63936
"985e40843a30150e6892e4f9",821341009.48495
"985fc7ab5aabf1831ce3d298",705117256.700616
"9865836c04a9582688f50496",484637673.145827
"98665b825fb3a06b914d39cf",1062567887.25823
"986defbe9082519824ebc882",1063796933.13805
"987199d3a23c08ca887b301d",882906202.514246
"987476ca395533347581b2df",689335410.124539
"98799228c26c9e4899bed65e",492117234.368697
"9881fb167319b34cc23da955",1170686154.82506
"98865eb2f40b8a30893cd351",566046578.031305
"989360149d9cc6088391db4d",755705641.521638
"989a4fc1590097414d7c3fa3",564888084.296893
"98a0289e513d5ba036b24252",606773870.43746
"98abd5139cc3ea136faf7c8c",993788348.004298
"98aee6a36f208227a992f9b6",1166449851.33515
"98b77fc0888335702d082f8b",824931066.444066
"98b973c8597d5805f87dd074",898221108.658415
"98c5b154ec80083bf6f51835",1011510381.73695
"98c98982020ba42198aeb45d",697906900.958248
"98c9c866109bedd605ab7dbd",993464098.291657
"98d7f0935f021acf313630a5",673620013.344743
"98d8411005ac05d77cb12516",986568990.746705
"98e04fd660ca1276d1510a72",532361319.561053
"98f253233bfcd16533e2a448",984157685.757745
"98f2d7810641693c44096ada",819324713.351423
"98f89d21e5dbe53f8704e745",764257108.63623
"98fdd3fc6c9447d0f05eb1c0",494877573.451207
"990379c9f9f210206c6f1916",1124260342.77917
"990c8d65ca11a97a1d34c5e5",810833071.09087
"991a94dd1e99de493672da14",581333798.283578
"9931470b50580f51e1a4fac7",594233279.331112
"99340b6cf8f818392d501e9e",1113777313.10695
"993898470c6676ce46ede92d",870159840.363692
"993a18ae04d78d374f854262",844338147.981643
"9943a2530009f62cab6b466f",819729124.617925
"9949cbc958bbc0114404960a",630238156.456849
"995362e3fea8e54538ac135c",781731549.44555
"99543a17b33ab955d03adfef",851210526.315111
"9957ccd807718945178bb847",1036585927.91173
"9957e5492f63fa295772246b",964121477.622009
"99587dcb4237fe90acb15b5e",511967857.678186
"995a5799d9a1a7e4dfe4fe34",771896886.293631
"995ba6d1fd63d5160fb18e71",1140584167.21967
"9965f598c5b95b3cfaac50ad",1018589526.17781
"9969f6f4bfb29e3a97c2fccc",721955040.762456
"9982169d6f3e9ca61dacfed5",681440605.454222
"998c1a6ace613d8a7468ba5c",964291491.149033
"998c864a446f06d114f42fa2",1135964488.41558
"9990217fa4eae1d1c4ed051a",1020448834.13749
"99970db787f55a4d1963942e",481894778.409731
"999c8da7dbed7412dcbafb70",752712243.202505
"99ad7b36c3c916393e951507",715229500.662482
"99b31d0b5d5ab75a2653b1a1",511697400.0722
"99bdce7cdea643b0442976f5",858306439.818443
"99c1b39476ee8e2ebfff6ffc",743697926.047025
"99c539fecb3bc233288ff905",830080880.525488
"99c69eeb96e1016a7e53b33f",758094076.293431
"99c6f87ac92cc323c8caa005",973556728.411958
"99d39d72083d7485e8944a3e",732804622.139583
"99e48a46a1a599471d3260e0",446784713.478722
"99e860bbf3033ee4654d393b",883126302.866409
"99e9c4f8fd7fb7929da10a20",468940968.127166
"99f10097f39b32a478877340",738824949.522876
"99f1712af0fe96f67d11037b",619578762.279773
"99f8eedcdc31cc0ff6fda7a6",437013092.238117
"99fa9611d644cf325e20e603",1329778209.47304
"99fad8a7877c57c0af05b318",507969417.784115
"99fae85157be04554b236007",711593464.356586
"99fdac6a2ddb1136f7117f0a",657905240.839957
"9a08127164a0bb61cefb3680",432117160.423513
"9a091c59b3cb4c730372b34b",432449912.313232
"9a1819c45b01c341647a2410",838184316.803541
"9a2051367d6dcbd90a4d60e0",710029934.848997
"9a296eb9b63ffbdf2a07cd0d",895812789.985272
"9a2b53c1c7151a8b26a71edc",584998412.810029
"9a3368605e5f563e29182f3b",723505704.427659
"9a354d8c526efc5bcce59dca",681298990.187883
"9a38e7293e9ad7d8462eeaf7",1181192110.38222
"9a3920f803b087c29b487cec",532849148.367906
"9a471715e4c4865b822a6b77",568164952.669296
"9a51784f33b0cdfce8312163",644740087.968159
"9a53016fdce3d3b5c2baf3fa",1159900322.0231
"9a565e7220cbc3d5d340e8d7",704680316.15301
"9a5fdeb5f389590eb46e7aac",1053997904.52804
"9a61bfe6ba2b8364a92e5a97",940728839.613584
"9a6440e5318b2de28b180a2a",819234161.486281
"9a65fe451b30c59beb3d62ef",923855951.61647
"9a6849637f1b8332ab289e27",1459180734.85777
"9a6a8802cbf3549870c55031",420000132.805086
"9a6b537a7319b3446977919d",1436061953.59297
"9a6b77dc2c414f0baa11effc",574038523.585019
"9a76a405640f670c6355630a",712236941.171668
"9a76cc7c650230c670e703e7",701759379.110407
"9a7f24ba55c92696d377bcb8",968065046.355741
"9a889078a0225c013570609f",442203204.174411
"9a8d13d56d677379ebf9a347",1090900639.85609
"9a8e471c8f4488c3799483ba",547270445.681934
"9a9553eb431458a3e30fc672",891734487.208336
"9a958690c3947f5a8f05cc80",978462046.942483
"9aad22f3d25e46538e1558fb",860617821.355165
"9ab245a4c91877cb7a8661ce",911704008.463755
"9ab273eca8cd5dd4b6339ca4",467537193.159921
"9ab385e399a4673732b6a799",974726803.259422
"9ab4e5f8cf2b807603329cdd",994708433.568092
"9ab5ef2c5650c4bd05248990",497697474.847727
"9ab74e81283becc00a779172",790420747.554885
"9abad9f79352ed42d1a9f099",461671628.418703
"9ad9ac8728cfc2387285c24f",536713204.271788
"9adaadeeaf6a403e1c8754bf",1124150100.65473
"9aea45bade274e4ed91ec301",705386089.494775
"9aeed339b2d916cc89f38bc3",671383184.102347
"9af17837ac2bbe7c8ba16e0f",782467190.906028
"9af6ac77a9aa0c6da3cdaeb0",443414861.531569
"9af956dd8d83bc715592b97a",379642808.401161
"9b06c7cebd33cd26cd6cc089",1479198700.00938
"9b0833992397c6e50b54715f",557351278.62398
"9b0abbbbfe0bc85686304ad6",935831736.837776
"9b1223cd8c9d7b348d6a5c94",874068040.467248
"9b13a371ed4724d2e2966447",999038605.126056
"9b1590945c0c7f7b0704d287",806722183.349318
"9b15aa6c85804621f5c42566",936738536.402771
"9b184e58842bcb14dd42103b",738855327.620928
"9b1be976725ddd512cd222a8",1156328468.53855
"9b1c23d616e9407fff6553d6",443187273.780995
"9b264d26a196a76951308cca",691115701.424065
"9b2c7e6cfb2d6c66e1ee8a6b",709760981.032714
"9b30c679d7da9169580773a1",984206258.303012
"9b337cb1451a8fb078dc9a07",745263798.313899
"9b3557302e940d4da341cdab",497824710.609812
"9b3677d498c2ccf69c756ec7",1180744683.99883
"9b3846c7abf642e0a6220e7a",617863444.010477
"9b3cf0d1b91b9c6a2a887647",646441034.906104
"9b58b5c993540ec3ab1e4a0c",834670330.845736
"9b5f013e795f5fa610d03238",799138439.137834
"9b7de95ec90da0dc8cff7011",799486115.865632
"9b7f17ddae12105d47fad7eb",863621415.592006
"9b858a70a031475e422e375f",762625899.872121
"9b8d798a2c455a960ee74503",582325412.261821
"9b948f070b94c18e00a857a7",508862788.197502
"9b9db425b698a4931173b5a4",686158860.8284
"9ba689b29d0696fb7ebc44d5",1046356251.07252
"9baa578a930a94f761119fdb",393125819.868361
"9baf7967c49fa209de8dda95",712409684.272668
"9bb193ea939c5308a738fcef",626542456.06603
"9bb9864a6bcff25b17477717",645878117.694349
"9bc12d9c9ad95064412c3413",807648377.392681
"9bcd34e7a974c977f65925f3",1419135157.30893
"9bd500fb24eebd53d8262b62",834594603.013359
"9bdb1bc52a9ddfe92e6a948b",857624110.147541
"9bdc79dd02cdf39f92e8c869",844650553.467224
"9bde9f216ecb90814670e87f",688062349.043279
"9be92b361ffd3ea2c69be23b",760811295.796975
"9bef4aacc63605f2b2b62292",503844372.652134
"9bf2e0c1bc82010e92da2540",831598048.987069
"9c20784acde0823e9479be2f",757260255.516763
"9c2c22e70cffe6836f554f24",641495366.504776
"9c2c2b01934d1d519e651786",946537499.949309
"9c38b9798313a3091d13b340",1091325642.74382
"9c4ce4e9f12764544cc8bded",894981213.753092
"9c4dece6127f1f3f3bc1e0f7",823066900.612258
"9c4f397c093dde7de5d485cb",818825531.649119
"9c558e10e5bbf230f16968f6",1059067942.721
"9c611e246a612ac6906abe8e",1146305310.88409
"9c63c6c27c74c03f071385e2",797224538.517038
"9c6a01e3c7ef87d27185e9f3",785756188.86173
"9c6d7e6260e4fe83d43706d4",610089581.318747
"9c7bcf000cb37f48d9f15422",885375450.628035
"9c7c68df14c238ce0b497dd2",685299179.282979
"9c7f7b0ebe440f60d3bd478e",453295768.076807
"9c942287410db3d0739e182e",597076831.639016
"9c99a85c5dd878568582dd9f",646756647.454181
"9c9c2f05352c92c02d080e96",1365305729.77744
"9c9fd309cfb505b628f84fab",936498581.875918
"9c9ffb3401ab6ab90fcb555e",1366599505.29806
"9ca0839c9c294674e86eb691",1068713127.82777
"9cb40496518bb99a7a00a2ea",1393835789.20612
"9cbed1ed72b444c22d8c1614",673812275.836076
"9cc3c05f0e81b8f6454b80ea",507293390.608372
"9cca7c1e9ff65766c8dd2e29",677986446.535298
"9cd01a5cba1674559752f5c4",1277467215.24277
"9cd1127b1bc10db6b8ce5d4b",1216568297.88711
"9ce3000cd80aeec2c5188e8e",792897127.385083
"9ce7fb3190866e6a02e01e26",653809992.57552
"9d021f3fcbe5f82fa1c1fd94",701763104.587428
"9d028997ff036c154c3fda0b",1077361996.88959
"9d0ae0c4dc11d8c6d94e545e",864882861.33198
"9d0d2774fbcb6fcc66b865b8",710808253.975884
"9d157878dbb41c14b52a956f",783238794.345377
"9d18c354e8939c9f18598f22",533588331.663346
"9d2a195e645a9e8556683b4b",852825734.037706
"9d2ec1ed9eac77d534ed514c",745527526.410645
"9d348aa70957592dbc56ef32",785106029.767637
"9d3f5b59b9735da05588b3d5",780873543.51386
"9d53330b44c300e396cdb402",796680873.399255
"9d576cf721ad30ab1a4fd554",445448016.978103
"9d6288cfead77d622f5f5b95",794366347.923803
"9d64345229b60ad1853d94ce",726285707.034552
"9d6810aa1035e91b72de6a26",707312153.41586
"9d6be7123f2c6e610971374e",911553136.995022
"9d73758bf7569cab4837e49c",829285613.911677
"9d790c8c474c9de2afeb00a2",620808509.506969
"9d7f161ee660b1bcb54574b1",1233491592.66414
"9d7f2c004fd359136a662c9c",738522457.423069
"9d805330fb0df9ae73003ceb",641186087.453165
"9d892f73b02f001c2f715607",562761736.693306
"9d8affa93ce4dc7c1a21b3a3",1040264100.11399
"9d8d3e6fb432174770c74e71",892448932.847349
"9d8e7178912841c2a1232ad2",618548236.063975
"9d9564415e52518c2817f66f",678667009.197061
"9da00f8ff8e19d26c1342274",927887591.924736
"9daaca90887e5144c35daeff",517212983.395318
"9db120a76af04028d2f0ce68",438586157.174706
"9dc0c6ef8389978be58daa59",759670098.656314
"9dc7b0a394309d8b76d0bb7c",867214258.018279
"9dd98816533e4ca8516a5474",1128307672.13288
"9ddc14c8e7fe7ffb078e0019",963510286.601706
"9ddc1924043ee8361201b39d",1117746811.28241
"9ddc7272fe43f07035d3da63",1479759221.29195
"9df0663317db1cf4121a222d",737315428.014563
"9df90c0644948ea5539939eb",970473360.28059
"9dfd5df5a2efca3fbf2c07c8",510847307.123567
"9e07dd563b6ff4572f5d9031",1028310086.17299
"9e0feca2ec3043ae6f840631",1058950657.39289
"9e142165bbde850d4379a49d",492358552.838283
"9e28972500d8ca3fb3b76fd9",1080158862.62291
"9e2c21d635fc25f7790cafa9",517292067.689983
"9e30b310c820d0426f504d90",582661785.993115
"9e360588b18cb15aec3b6609",460439253.592491
"9e3bbcdba89c647e4ce53182",784533083.535991
"9e41c4b41cbdc2553d80e362",1169020464.51467
"9e41f25cf2e77f3fbe903368",1066381337.99488
"9e45b127ea0303f973bac9d1",366750722.163681
"9e52ce2cb6f6b7e2a152dd54",744597624.267307
"9e590ad7d22105456bebc767",926365663.045995
"9e5efd4741a57b9af54e9265",658806101.130115
"9e617d1fd8a4f33d7b66098a",1423967545.70086
"9e7ee8e17b1e76965e96ef95",952479491.147713
"9e80db4c35139bbb18775644",1052716340.00582
"9e858250fcb7320b65bed9c7",991381725.117865
"9e871ee8a61b183aa9051b72",1114640633.48731
"9e8a11484838eed1f4673a32",766479170.830093
"9e8cbeb53820394a460f0879",575251093.296307
"9e90e02c8ed3ad137e4c3abc",427556573.16837
"9e92b27f554068b7dfb640cd",480437897.646656
"9e95710c61a4706e21cf70b3",895906410.015137
"9e9e3655ffa5921889cd8ae1",1024952026.91991
"9ea78159ad117bd9c0b04291",516073447.41864
"9ea7a0d65493cb5487ed2084",721984119.462482
"9eaaf577807d86ab64fb14ae",485094309.862181
"9eab02171cb5f15963670172",1340202212.08297
"9eabba4531191127ee91621b",1067348491.16009
"9eb4041ed9e159ec0d890de6",457234286.387426
"9ebe11eba1a88fcb24fcd141",816102477.91222
"9ec426691c80918203394ee1",493247727.265286
"9ec5fbf8767dd0d2744a79b4",736601511.019696
"9ed0bcdb62b2223d716d40d3",799340501.836572
"9ed988dd6739eb7ad7aa5a06",958966644.350423
"9ee3218bc61636cf0d7f8107",563730636.759326
"9ef3691cdc2bcece41b47e78",880434737.915415
"9ef498b11563827597c82947",686782517.819581
"9f06ad3793ede2ba7f39de43",791912850.400897
"9f0bdae4f8609ec93588de3c",737543386.335548
"9f11661702873852a3d65ed6",470855598.435986
"9f118569fb8b084f0615fa22",569368395.10938
"9f149071cf61295815e3f875",763268811.788587
"9f15c77d67021f349714806c",490657568.58223
"9f2498c12d7b41c213bec0ff",468632153.007894
"9f27627b9e439fce085cb01c",517503165.790392
"9f339d547d83b4ef956a3690",800963095.58454
"9f347bf53e4ca4d264a45241",891952831.657984
"9f3680d00c86707fba024dac",918765091.105294
"9f37bcaa95fb0044aeef6075",662197289.829659
"9f3dfa6e1422f6aeac527c61",515575480.938882
"9f3e09a3461bce2fee7e1c40",1506520325.0288
"9f41ce015f02d67e193c41f5",588327629.006152
"9f43c80d2fa31a09592b030b",756166648.552646
"9f4a25a5550f016ef2370229",1187900347.96096
"9f504cc4e6b170155d38c687",755325774.435096
"9f50ed2b7e40847ffd877f4b",1022033050.56213
"9f52855eab4ca5161f1fb492",805781026.931437
"9f5cf735a842860e7ac753cf",634884228.049118
"9f68ff98e302ab06df4fc672",650565626.979952
"9f6ae3eaafbdfd8d5c0e64c8",974076672.964874
"9f6af9ac2404a8d55f24286b",652215841.866895
"9f7204b4bb3ffb8591e3164d",918096510.723291
"9f8697b55cb665ebb054f9fd",486298061.570728
"9f9f2548425519863e2cd6b6",441212278.363747
"9fa391febd5d0a8e4c6ecb8f",400099018.232466
"9fa39c9eb4b10a20dda6c3c2",954141492.46595
"9fc4385ea76cabf741d38789",658200147.833653
"9fc8c3523883947769b2fe6c",1074745886.59402
"9fcdcb2be94744d00e734a3a",1015453026.70267
"9fd4adb5c63fba5a11661b23",444823125.935165
"9fdbab0b428f19e7e8dc35b0",1060417871.60226
"9fdf7d85fc65849cda3afda7",753039057.362248
"9fe75dbfd537f9ebc6653f18",719680979.177082
"9ff06409b37e5b5dece4604a",674593574.446285
"9ff08a6ca1c63480c563442c",936323984.519098
"9ff3268cd15cf039ab958413",667907301.104464
"9ff3acb07666d53f00d1f1db",847462426.231885
"9ff4b1fc1970cd5c102cb755",924291014.699289
"9ff5828e084070628ef2ad96",787875841.393292
"a00863c7c53b2c059ce22dfb",477866622.980872
"a0087db5e9e2cdd6073021a7",769816115.31367
"a01a51af09a3dc387a18b58c",324946074.010175
"a020e479dc5db78794a5fa77",1005424681.19301
"a02bf67aecbac445a12da958",1311371789.82461
"a02f6ef1f148659297d46b33",749613339.568471
"a041ed3fc0b60fc4ce3cf847",807952087.012988
"a04d3f4eb8810a346fd29ab5",1032655376.29739
"a05da8df13eb4b121d536912",723287032.548798
"a05ef49ad8b2d6c466ac7412",1052863220.70911
"a06733f7b3ba964c20ae2698",898547347.628215
"a0722c5527c6d3cd5cac9477",1294427641.09479
"a083fd17c5e7c9d33540b922",723722142.247567
"a085fab6d9b9d8c24472cfb0",1311868715.48954
"a09413ca0b723170c26652a3",752195907.094278
"a094be8af52cf76977fa5083",896948927.450484
"a09c957598e6cde56cdba03c",669674206.433623
"a0a8d63b5f43b87c0c7e1fb1",891460086.531584
"a0b178016cd26a1d2072e7fc",558238758.446982
"a0be286778d94153d3b22ccb",880641732.526222
"a0c6e0c6fe41e32b3bcb2b26",1039211262.90833
"a0d5001f7dd42d7f0c91d2a9",463489361.100421
"a0e15809e0a284fde27b16ee",814880284.389875
"a0e26a9d56cfb3b7228e5d75",655471493.414464
"a0e3198470f97f6a169044b3",1107508463.46393
"a0e53cdd1132bd19b8ba0c54",989825163.421778
"a0e9310061ff0084d63dd242",988317216.917418
"a0ecc8ce0592a40959bd755f",786382196.159836
"a0ede3a514cede68b721d994",788269643.484021
"a0f1496a0b4a7cd8b850f010",963832120.935567
"a0f1c94cd34fcba92f59a59a",1012147661.07398
"a0f28aaedd12f3d0eee8c6ea",489484275.563285
"a0f86ac00934b57d85b44dde",804418565.172716
"a0fa0aca2f6c2ae65a98ccbc",570972357.393367
"a10055de743532d7b7bd29a0",715422175.762967
"a100f050c34e438070ff487a",712451554.665296
"a102a0a268840439c2c8f4c6",592879593.979092
"a10f459124248ef30f290cad",660643246.474803
"a117f625c794b7d52ec67cd4",864595470.94621
"a11a82cec7f8a243e2f90539",850179143.505174
"a12ac99bf63b547fd9180a79",429378285.702154
"a12f0f00148e564ef78838c5",704834497.115596
"a12f49f4ac3c5bb0dc7d8d20",542516770.564156
"a13004b87c6d7e7bf6b75730",526585092.303976
"a1305fd943ae63715529209e",706369834.072287
"a1320186028a726935bc1cc5",687422295.316131
"a1368aa4d3ae850bbfd90bca",1105563681.23747
"a13a3638569b89ddf1260470",620107761.432389
"a13fc9e9b4e47340a5d53bcb",782610018.594086
"a13ff325f90eb49363f59052",910258613.348739
"a1421c30fb33a249bcd54394",642825804.55792
"a14506a4800c27223fc34728",747588181.164769
"a147a8c29757c5d0c592d347",548330420.018915
"a14f071d8e5c338d9ebed23c",632871982.882358
"a1508f30ba87423e7393b4fd",1168502076.46151
"a157596804522e03efabce48",950377097.740862
"a15a12446d2e5993a0a6c423",861248616.51876
"a15aced0fffc97e219f99545",581439090.391271
"a15bf12a6b8749ac8f9de19c",536743091.966422
"a1647603f732f97a99f5ec6e",1108000254.02577
"a16ca6293e2ee2969f3334c5",846024909.700052
"a173eb804f4bcf6bfe889417",1199257487.8487
"a17807447696896bb61ef8ab",813142951.101734
"a183a1c009abf7251fd725a1",837419436.640017
"a188aa896d1b4520ccd6b65f",466767236.93288
"a18925f908acda4171bfbe36",1072576666.27321
"a189bd7e4eecdd18ebc7d353",1060893557.88295
"a1ae6f9f5d02548c89b23904",796166865.787685
"a1b0b8d18cd78b7cd555dd55",1090193520.32656
"a1c2003dfcdce97d21f9cd15",790531841.024893
"a1c975ab16effc6f97935e16",849948699.651492
"a1cd215fa99b8776818d0b0b",458146383.89465
"a1cd867286d6e82181e5d1bb",1029985078.94471
"a1da74ec074df16a1e8690b9",1269152298.64132
"a1e38854d6725e9c48c128b1",387580728.471295
"a1e8f0c7cfbfecfd1549b0b5",674753242.910534
"a1f0d61cef676fbf798b5473",504815006.369029
"a20435d582c7646db231e7d2",987972061.527048
"a20cd5193779526b43612ebe",620982311.252708
"a21923caba05da05449d60f6",714840034.999377
"a21afcc258e50a538dfd43ed",541297611.390631
"a226b4af016a772dc7e39ac8",668500907.776665
"a22bc19d0d83b13a53630b7b",763097183.592472
"a22ed42197987a8534abf76f",934129663.640986
"a23a13e43f3e08ab82c6ef82",470572368.912741
"a23ff4d1b2e24f537a75242e",839947522.719411
"a24901956dac4ee0e4b0c91f",895643110.457089
"a2522c9d3edb7e7a23a42b74",1199607137.8548
"a2529027db6b525e365e7be0",682708171.294341
"a26149f589edb9a903782a3f",783402119.481116
"a2645174e4e15c49331f576a",1010521434.4314
"a266efa4e41df357ac4edda4",1017247786.64407
"a26e967b288a1eb6d8e71d46",555511029.025344
"a270fe47ba30ef0056ec6c4c",424120967.069898
"a277d5e8216fdc3d7c93eb2b",800093061.970026
"a280fe7610c254b935c9dcfc",480450565.798171
"a281d59b685eda4978e0c84c",754862116.908294
"a28a31f7d0e3fc6298606078",540945310.046284
"a28b1d82d3f7dbf8746d5742",925274408.321936
"a28bb09e30bca82627e595c2",904946755.138437
"a2905faba4c1177603e6cd5b",1048839837.92574
"a293de027279019418c070b5",498918688.219662
"a295b12b773127f15e83e174",771882479.230604
"a29e18f37ded2e901181d7d2",871023781.139037
"a2a1665a693852185673f6c1",1126326045.73417
"a2b576643f7a032371587e5e",1180297427.09707
"a2ba273b099221390bee92a9",617823530.059147
"a2c033f497e62ea10ff8ba3d",836918518.880854
"a2c3da753f0116aa5842d4ec",641550574.482377
"a2d1de4211aff373009809ec",725023597.154325
"a2f06081983f748fcd74652d",716321284.980526
"a2f3f7a1cd573e2a33f52e2d",807212424.532679
"a2f40c8227b466249d6cb659",787377512.966534
"a2fdc7da13d098cfeba13b76",686406466.577672
"a3021c7c465dfdd38cda9f9c",882189303.009907
"a302ef23e1d0d6a273274cd0",403052977.824487
"a30e69524af9c1bddbc5de34",686217089.19138
"a310528e34207b5dd813df8f",626030732.829399
"a315b497dd8e80464bf0480b",902382997.318022
"a32d2c51f2bd5f23bb519d12",972002239.641664
"a33329c9ed11ee8b87aad6b4",569107925.889529
"a33800eaaf178e01558ee926",794086546.252932
"a33bfa6cf99e26bd9c49f8d8",728925060.834045
"a33de2559b5f56d1b3cfce08",922318251.423513
"a343e6ec6eadb287711d3834",665166604.694744
"a3460f00d48816ef66e3acc3",653623215.587503
"a34b3b037805f2ec489a95fc",753361147.900374
"a35450284f8dc27e0ed717f0",915905891.753095
"a354cdbaff42acd1a0b5d82d",841714238.846651
"a362533eea6c235049bf3359",668096809.346523
"a36ff3637b7d2b1c52999ea8",949811405.13316
"a37522af63bbed2f4d10900e",1480039561.57877
"a379656c49f4cb1cfc5b3f03",885884299.27827
"a389a1ca097a820fd9af9d15",796468561.883517
"a38b2d75349c56ce04f02a94",1050244629.20169
"a38e7af984a471331b2d758c",865357665.429678
"a392f7f9ace844d712ab2b4a",976678408.975933
"a39617b7adfeb6ae7d5ee5f0",1162143379.88457
"a39f9fd2f143b8ce1f7e1277",744699978.772303
"a3aac701ae444b6d91b7bb0f",575171256.662475
"a3b9c1a3b81f17e6b22b6152",451919477.799107
"a3c3c9fc04cf2e2a051a12e6",708080458.031034
"a3c45875c0834b144f834798",606757904.740679
"a3c4d0ba7b85b9a6370e131a",1038494205.70681
"a3c7c54fa12d5b57dd997210",739399210.597479
"a3cb2a035f98276076f2d848",457919029.880648
"a3cc0422a37512ae124013d8",1109891326.30563
"a3d03a25f84f4d50d2a308b0",761980964.917341
"a3dbd504524f980ac5325150",1094385748.90909
"a3f1214ea44063ad10956fca",805781026.931437
"a3f32d81f4cd99dc85a16bcb",668653420.666982
"a3f969063f78dbd95e6ee795",698087100.346569
"a3fd38336516b98117e328b7",986855688.204125
"a3ff6a1fe37a1bb736b1100d",934841865.264827
"a40861d6573e4539ee3c23e5",595232697.154514
"a41210034abe19957b317d1b",923100169.619224
"a41222195e5c7d7987dc3c7e",445894902.294396
"a4146ec09d782b08e8198e11",849075077.991171
"a4173461aa676e09227559fc",421648398.513114
"a418dbb6d04e505c133c6c1c",949251669.345003
"a41d05f2ae3e022c16088bd0",1017726915.92085
"a42081eac6834da0560ea4ef",843033329.180953
"a4325969a50a14c948446f9e",726530825.290705
"a4410bebf9843297fe32d63c",689906329.871319
"a446507813234e358db8b573",550926374.652795
"a448d8246781ae78dae61619",714941058.961948
"a44c7ace8ab50de7ed8e5a66",643069394.24228
"a456f85bbae3f189ff424e8f",503876267.231484
"a45863121bdec787e119b14c",411674344.848616
"a45ba5d63cd1971de19c25db",854104493.99784
"a460aea3370926825b0dbc13",1055334455.18936
"a465a567a4f60ac534505bdd",989564903.835811
"a4683facc81ccda10e9ae388",1233491592.66414
"a46cfad2458ac7ca4134818c",787137861.636515
"a470bd174fc7587dc1449c89",1369461304.64778
"a478fb93a131fee4119bb9f9",881948491.660936
"a480b654e1b8b7134091e613",743383836.289746
"a482103965890c922a66eedf",825217960.229886
"a4885ce6808ffdb878c41f97",615704386.120996
"a48abdedbe3d132276dbe403",1154959956.72218
"a48f29071cf207b27ddb03da",719967863.591406
"a493488dcd906dc74cf8a604",755345767.199166
"a49c2976ca4f24f3a6b622e3",726306935.502822
"a4a49182c79c72854732594a",499766998.702934
"a4a4a57cf20ad739291aafcb",546368018.043037
"a4a5b6a844c14b4eca92dc49",1056029612.51086
"a4ad34eb244e48afe23a780d",833262026.437273
"a4b16572b8bb786561baa3c9",1369461304.64778
"a4b23fbdbc7bbd45c5ebf80e",903166682.524951
"a4b2dd2771f49951c027eef2",714166684.697737
"a4b6ceedaf89cff74a292ab5",723361383.520137
"a4bc87ad4f1ad97c0a63d843",830644502.519555
"a4bf0c02f139c695845c9507",960402533.996806
"a4c324b1353d2f7ea3ae9727",689149791.16514
"a4c70eae507d630c2f285eb5",1101187771.91207
"a4c71322f79dbbbedab3191a",739023149.978384
"a4ca465294c114b1065bfead",825149838.971686
"a4d4d6480b56d6198c0120d4",903519842.727231
"a4d5ea1b907e98be72b5c49b",504839349.947718
"a4dba76865fbd14aa19c0286",979250288.026136
"a4dec2ce375ab5e4bffa5966",643445881.855302
"a4e4f56336e07304cb946b1c",807395000.317434
"a4f272acb4b3b4f5fc72e99d",902095802.997829
"a50640d13126880a423521e8",987816274.573877
"a507a938532411f06c57ed8f",962579507.237297
"a51ad0372758b2bbfe73f8fd",821607054.478401
"a51d415712d8d6c8add7009b",785813555.695568
"a528312b77b7f84741c2bf29",822541157.551628
"a52bd93aa6b0d965914f1101",648075505.774595
"a52e2c893f85b49e2499cbab",920563834.327424
"a530e3ff6d7bc1abe333245d",679101834.746448
"a53b105919c7b46c0cc1b003",868030134.123904
"a53c748935206f61751dec1f",461374193.624893
"a53dc5c58f7384729ba37a21",810628355.577584
"a541b35c62878dc2c425235d",1183507047.25668
"a54b0b282edbd217e9509287",829260587.303082
"a5587c93c012375dee920f71",849839086.826296
"a55906464634558b94d9298e",643844494.02683
"a55d7074220aa6a750297c08",1067357727.32444
"a5620899d410af623a3ff4a9",1014951784.38284
"a56d3b5bc13c9849cf676750",765103370.683527
"a57350d4c79a415137281cb7",455882618.194377
"a57435d71ccc5f032baee302",899240639.882133
"a57a34c7486e7a40e8deb316",1019278799.37426
"a57d01ed5a9641ad64f7f032",677379964.914826
"a57f40f00f80abc7450aaf9b",791167139.647792
"a587c7419568288d68c46feb",738149471.449662
"a58acad50184e66794d8d704",688449650.260006
"a59320023948e2d915c07306",693409683.773835
"a59e7f0e0596ea6633781335",645966143.662344
"a59f1631e721d231eab4d146",1112594295.60098
"a59f39373ee368259b441de6",469164426.112383
"a5a3cab55661982b7d30bc78",669962668.354766
"a5a46af0c9fb5c0a03855660",875486585.862788
"a5a4c0f268548993b61d65c6",1045574624.85048
"a5a71962df1b8bc45bf5547e",699980961.831456
"a5b8869e9cd3d0cc32a0b298",856815004.414454
"a5c85b445f503a56e0e2a924",1246176926.15836
"a600ed86cff36e636d204f39",803035820.887675
"a613b18945052b4576595c4c",892174537.239816
"a619d30d6f2e2aa3b9613c04",497697474.847727
"a6259664a05091ef92129c7c",580899614.871634
"a62a6094ffed3ea7a54fee73",492382454.983877
"a632ececd6a023aae8a7b730",415931265.175795
"a636ffa140f80412f003734d",960432503.506227
"a639ec3b943cf90cb28bc1b3",551604222.783541
"a63b4a22614d334b4a61ea16",858543647.091554
"a63c26369cfbabfc9c2603b6",1080158862.62291
"a63c36f6e7e7ce7c7e7fe457",796777227.182786
"a63ecc5539e8725af4128cb5",771525690.656534
"a640228932682c0c04538ac3",849092073.809868
"a642351076b7706a733dc52f",683051451.321088
"a6555836840c7dd496ba9094",781041464.067978
"a65655a4f42564ac48bdffa4",637214207.793542
"a660d5809085b4823e287a5e",582591330.513845
"a672cd6c8c284e14913222d8",702199250.269142
"a6731fb85da65ce14468341e",563505810.345794
"a67412a01feb64ca6e772858",890015292.386594
"a678e89692df9b14da9f19b2",470825190.511128
"a67c6f6400a176e0a07d6772",797112008.353215
"a67ef3a182aa268bc4d9ea14",838727957.033581
"a681d6e9ccc7bc60eeaf7e3c",1007129537.96814
"a694b9ab05641a6325764e63",939412794.143538
"a698d80ede6cf6243fd9ed99",990446959.242038
"a69ded1c20e05bd6b3a90028",826737271.17597
"a6a06973b5a4c990d5873b7c",600798816.216143
"a6a07d35b3834bc6f81beb6d",1186271759.8678
"a6b1ca7a4e91c4c0f4366984",697956978.855068
"a6b992c9bf4eb32ab3d1df4e",702643077.850819
"a6baf4631223d9b24de8b590",403714159.940485
"a6bdb6221b88a24c9f8381b0",837115088.637668
"a6c86ab7381f6c43fdd61a01",471180046.500299
"a6d7b144058ebc326b9803bb",552475054.025382
"a6da1996f66e545041d920d6",666411533.153787
"a6dac56445613d70e49647e5",970773626.984856
"a6f570e11883e74654898d75",900668157.438701
"a6f616d63d134f14ced205d1",1134322712.73876
"a70b6661eda6ef616e19dded",499532493.758497
"a70d32ccaa78ae9417aa7e4f",624342097.797148
"a70d331be751cdc3bd0aab29",407546898.925684
"a716ec25a219961fbe90f367",1199711929.39548
"a71d187784b309d65cea0b14",1390479169.62695
"a71d53ec4fd0d64f8c06da2c",997412611.849149
"a72041a40ca87928c695b2f8",574445150.33376
"a7283f1587ffd80f4723475f",414282641.540711
"a72f5204153b7c92f52d871a",812662897.406703
"a731b326a61043070c3c853b",786371223.632369
"a73206cd21136b209f25c7cc",725895422.145456
"a732aefa7ea4715325e9e80e",546944726.664613
"a73504d5982fef268f5ff589",790212082.372726
"a739d80c3fb6b166a2c2182b",422544031.906349
"a74214a0d4d40b898ee2be88",686899182.278346
"a742819d8e4cf8fdfda6e094",1217437545.97244
"a742f415d6c57e8493762c57",830472524.784599
"a743dc3903eaf3576046ef3d",829748232.988868
"a748841236a7a7fb33138845",434697626.945067
"a74be48ad396ae4aa33ffed6",828387636.259544
"a7546a6c6194506dffd65360",792363019.186338
"a7577260fa10bf408f1997d8",754350702.001804
"a757ba01a02acbdee50462b6",1170144967.37987
"a759e4c03e49c419c8f0cd2d",594955494.220343
"a7618c242fd918ed894304b5",739130793.3957
"a7620d5599ec354541c8af13",1352848175.00375
"a7634531887e969c9c5469d8",544883930.867982
"a77d82703468f2f9e8f2ea0e",820928728.076197
"a77ef77ffa731e8980d36b27",718583647.183154
"a77f5c03a98636d90f50e11a",1114099342.20411
"a7801c67a0ddd71c50ba38d3",443498866.447824
"a78417c74b8c99279912e427",818346464.677789
"a787382d96ef9fce8f27bc70",1127904811.52593
"a792122a1b292f482caf25d1",443558569.538671
"a792bde8819aebc5b2d73a6a",1039301608.31118
"a7a219e7cd18f3c4b83649e0",550488084.363953
"a7ad9c8b5bae531abf68f8d0",849760185.608851
"a7b14faa46e7b73ee4e95ee6",807946380.797711
"a7b15424d7c025d885636a72",835527927.054254
"a7b459470ef58ef3bed7437b",631981456.217555
"a7ba3ccc4831ae7e539f0cfa",365029111.811325
"a7bacd6f783756c9e7cdc068",634415342.13325
"a7c7923f9a4d004eab43413b",1234933476.28984
"a7cc7d2ceedf4d69664dc734",638179042.677807
"a7d8e636db44cf5d3ceb67cd",805035687.897458
"a7df0496d6ce217fadfad10d",887309623.565938
"a7df3d344010d5bb7dc70bf0",583006801.363059
"a7e40088cf53acfc65f4b3f5",1576867547.96559
"a7e41393473834db30f2c1da",762892672.360818
"a7e57a8be8fc8d8a844cf9f0",541275204.789422
"a7e6d3c76bb5507e00ccb501",1029196025.49016
"a7e97bdf2d4f2f62f9889c3b",701727980.105025
"a7ee02ad2a4fa122799a2dfa",1178394663.75824
"a7f0c831d82505044f370b1a",787207015.978215
"a7f1397df30d6521c216e331",955500698.619914
"a7f48fbdf807da68594e9ae0",731648501.289675
"a7ff08f7e09b19c1546453fa",784588398.10379
"a7ff59863f8719590146e71c",743323367.169227
"a804849802cc0820d25f955b",589172131.1667
"a8052c48a500926214eb2e1e",445741616.172526
"a811af7cf12afb1dd9b8eb86",747683871.763978
"a812ed43db71868625b351bb",1003386396.05245
"a817e8da0ada143ac87277ee",495634727.685841
"a81abab882910584371c7b66",498775903.781604
"a82fc744f537ddc6fbd16883",977751743.580348
"a83921284639eedd4a511cb6",587099768.48996
"a84cafc064a35cc0ad698009",486795863.281
"a8549fa4bb56a2bcc0e15b11",517953933.725818
"a85ba83751915d8d5d1a0e09",1020523152.41294
"a8633d3336d097920bc8a9b3",1156547534.89061
"a87c585acf2a147e381005f5",443880110.419064
"a87ed2154a2351cf26f0027d",1054892984.82318
"a8870552db951bc4e76e7f9a",640714573.581805
"a88f4eeeeac5ccd1ba9b8a4e",1168073345.65923
"a8944be7383b5689b5039c87",964766721.971464
"a8a2c61f2b994411af5d9bde",1178464263.22423
"a8b457cf82926e25cd862af1",1096862515.84934
"a8bb80d99280e332084b3950",754439192.777325
"a8c5674b5d110d99a1e097af",661233902.784966
"a8c662f906075eedb098ae5d",820810195.995656
"a8c9489973c54b93737dfe20",628293213.027212
"a8dc954142c54e570bccdca5",719380670.498194
"a8e1adbf076dd737c079129c",1221338274.52675
"a8e696037f8747f562ec98fe",488478136.958973
"a8e74eb5eb523143cb291cea",920722697.900073
"a8ecaa9120c6da21229cf145",831472752.431506
"a8fc825e34bd9bd56ec5331f",877656879.631424
"a8fdb6fb681aeae4d5c22f9a",1054638804.75612
"a904fab9fa4f41a11f673fd9",1052327110.29472
"a9054883a22542257c7e778f",372025404.952342
"a90991f865ac81cdb3de201f",746169896.066787
"a90c60e05e29b77963a11246",793347855.690164
"a90df94f959030227fa015b0",562577544.935262
"a90f7cd68b662c87d9fc2d5e",861207986.821079
"a910019b3d18da92b4c6862f",777406428.015058
"a91664b9f15f9d6f262e7b2e",1101905656.89599
"a918c218ff761315988c6335",878449401.514647
"a91fd5b9b1a791a6af59b70d",1118223758.8366
"a9268ef5b7133cf6ed1a376a",834008908.869932
"a92ae34df90cbf8af7695ed0",612200650.899064
"a92ed9a378272ff174ce2688",431748592.860827
"a93a37e4cc75c069e14ffa00",471019676.237485
"a9407f510e67bdb27ad59b46",741890879.438007
"a947158782fe2832cea53040",1028558401.4155
"a947c2ea296f1da3d10b0a06",459527426.362583
"a949ede7227c8f8587715029",769990450.053752
"a966f298e8d4d3d580a72d99",594617479.464792
"a967a4f0b1dd36d7264cb408",830373954.21263
"a9683df184aa8b4ad5d0cc5a",1001918937.07428
"a96b19e82d9811d5de1ed0e6",355305062.760033
"a96cb9d988f5dc99bf5df4ea",850196556.565059
"a98022fc80dd6ff27de693f9",554445860.682133
"a98637742a212e332cb5d1f0",560480054.304338
"a9878134c12696d8199a1ff3",778326879.98525
"a98e4f4db7afb8a6c9f69400",580954553.697484
"a99261116e0158109b3e3bc3",424816825.27553
"a99df3a2cd4f2346c6e903dc",414910944.587064
"a9a4a765b1daec2f3ed59a80",541506152.054273
"a9a710b78e776c16eec24be6",904694611.835261
"a9aad230d22f7dede73acc8c",891342970.949857
"a9b18720f68c7002dc71c3af",682593944.523567
"a9b3d963a14c2c7435f30fbf",1104604313.4432
"a9b83e18ae78d307d1b39b15",792322265.736576
"a9b9263f6aafe8531f3dadca",819171086.394379
"a9b96d2a23ed155043085e87",852014916.234767
"a9c212f77a048ddc33ecebba",468660159.464263
"a9d4f256527be98066c493fa",984477833.74641
"a9dd62f527cb0dbfa51aeb7f",776953928.267067
"a9eafeeab4ba51d3644f4052",462201483.006811
"aa09cc29ab2f2cfc79e5bc7e",857920315.83391
"aa1eaa63043c5c29ab6a1323",641707249.124858
"aa24974831a0c608635bbcea",713465723.486136
"aa25d9f8737f142b8cfa970b",815783587.586118
"aa26461420614755c2a52db2",519515419.566491
"aa31e5995379bc38dd40b8f3",965792375.900487
"aa45f8fda8801c3b4923f4b6",1031844968.07882
"aa4c66791884ea2a8357924a",677251659.632583
"aa592f388454d575e0006206",584442365.325622
"aa643acab634ee591a2a43ce",892121812.063079
"aa668782ae5d0c16e57193fe",884103127.137237
"aa6af44635b5d51da4b02059",605684429.456301
"aa703cc78a1ce659901e711b",658092027.762815
"aa7551be1b8d6278d38fbb00",961877516.485373
"aa75ed5781e6e8584143daa4",790531073.0272
"aa7a25411bc0f9f93dcc40df",667422089.687463
"aa7f56d05ed29183b825d61d",610573246.586784
"aa7f5d0d2fd5474cc67cc70e",833721656.302876
"aa843a050ebe8e4b3a04e9ef",947755605.362781
"aa850af0c6203104e6ed02fa",659477315.05786
"aa8a19a2fd3e2cfeb3b7dbd9",427416533.594818
"aa94d2ad36bc0e91bf561be5",962901195.817256
"aa990d4e5f1a0fc4f0bb29aa",987816274.573877
"aa9988248c7dedb016d8b6ae",856109321.372305
"aa9e131fe4e7982a374bbb84",604151273.265483
"aaa43db51d1ddea564d1bd2e",540603388.170731
"aaa67089a753d255215c15be",614779031.867952
"aaa79ce67339dc53b4f41dd2",1319259396.09483
"aab240140aa4b6602234d88e",526367460.856479
"aabaec5accad3f545f864a3d",568539068.240606
"aac17b54a68bd216e2bd1d45",406847428.224836
"aad0e527c4bf6283f76b5bed",911916783.259731
"aad38b9f22ccf36b0fba4e7c",785359754.469888
"aae3a99ac764b8e9bfc562cf",832592333.133697
"aae7cca10bd7f041c8e02d23",593567061.838757
"aafeff5826516e363471e439",367441145.843681
"ab03c034e2a420f395ca094a",795540670.26128
"ab086fddcb949e3dc0ed9b5d",570385080.983526
"ab0babf6941ef43c35acb951",1157632787.32465
"ab0c047373b5d1810fe42bd9",756276561.634308
"ab0e770ac42dcc82b472c55f",684466440.828108
"ab11db71265771ed4d9de64b",430422415.541555
"ab157c9601861dc387a91b82",1123511432.17424
"ab177c5d60492f2ff087708a",587480258.55331
"ab1c43d6fc4f08e315e322d7",905368413.199836
"ab25a6737b3ee0c4e9cf4ae6",584160123.942416
"ab3110b5dc8ce81471f69c16",1158004011.11131
"ab332133aca64315672a7192",1026770269.32751
"ab37764e5f4e00097eac947a",960447259.419679
"ab37f67a3afa274e719ecbd8",783088069.204433
"ab388cb4fa511968783bafee",498169097.280408
"ab38b4fae64ab90a55b5a403",837926491.662128
"ab3e1642655f7e705cb047a9",813269938.056992
"ab405cd390c0681c3c67836e",516750891.739408
"ab419cd48b81038c5a30c721",473933581.534767
"ab4c55e78eb83d80c153f50e",621560605.401573
"ab5f089f9d2ac1bf52222ec5",753128756.583703
"ab614a5008d68aebe34aa201",724997471.716282
"ab64918f2b2b4646e87297c2",1004639228.14409
"ab7559b75b340275587e50b7",1256084693.76672
"ab765acf8b87daf1673b3a97",549696916.941848
"ab8699d3c685fa834d7ccb3f",729871061.27868
"ab8d6823d905f1f0ccf4a75c",927943833.610805
"ab946dfa5b9d7214a3756978",996837856.647529
"aba39002de605f9ff34bd542",808988987.503177
"aba4e24dcc6998e5020731c8",740221495.89572
"aba54b001154ad881dfeea6c",553632914.958591
"aba85a8a7ea2def1fdd18587",465841426.399549
"abb63383766a9853c1091c5a",1161173473.59703
"abbd422c412c2d57f5df62ba",415944525.036087
"abc2ff9d0e7848169fca170f",605969243.56661
"abc668bf93ec7d1951c65cf6",513018967.546462
"abd9cf3c36309d590e58c2a7",631426172.445002
"abde4b06769fcb1d5577fa7f",822074103.156342
"abf93b2418fcdac14293c9a7",682447708.884698
"abfda926d174a8da1d946e27",746559448.024617
"ac003932eba3a174c5b998ee",462011756.96116
"ac0185c8f724ddd40bc0d235",682965014.560465
"ac028c1580f6e4da4ccedf0c",729458223.057675
"ac048209de77cae737d60545",801572725.778442
"ac0b895f523b53b4abd013dd",696713193.164758
"ac0ee54bdc08632efc0d771d",709552175.731769
"ac11141115d391be44e6426c",796905251.106094
"ac154aaafe98dae45bf9782e",1012922854.09258
"ac180e846fda5cd7f1123f6d",945519565.998325
"ac1b644a8d2ec042ca91f89c",1419582120.68663
"ac208e250f5ae3e5e1008351",676134678.541085
"ac29d71a80307cab65f29ff4",832022828.754089
"ac2b1b560e8bc4fa1deb6f87",522634575.784467
"ac3c9d9357fbe72959817602",800306686.674501
"ac3d21f51637207d3e031c2d",870988044.824909
"ac413fd87de33153899a1d04",723600557.03668
"ac46e3eb688cb1cb17da2545",861185616.358463
"ac50dfe70b599ae93ddee4fe",768810103.354638
"ac65d147ee69785195ef7da1",731170638.903376
"ac6a4c672dfbe20f5bafbd89",728463738.361525
"ac73b8700744cb7835f328cd",511886614.655501
"ac7ab254166442188c6c5c25",636613282.987675
"ac7c0c806b57e4942d9ead3e",826945993.89978
"ac7c323295addefb43c62acc",724421821.545136
"ac7f21d22d013874c362d440",490835786.858927
"ac7f6087e19c2d3502368fac",718337370.576516
"ac822dd448e04e9f8dd1721d",790958322.84099
"ac85c8f7605ceff58dcb55cb",411592788.555925
"ac8aa244c21a9b86de4ed599",1124422499.41733
"ac9ae945fe25a46184057606",1341968091.94645
"ac9baabfd96d58e376149a7e",677230585.296147
"aca1776ef24acabe172d573f",1098036530.75083
"aca37e216a27b4dd5337df99",701323559.975907
"acaf9e18bbc7295633d92e01",823993106.468942
"acb1d16ce30aee0a39f01f09",928221254.032635
"acbb07a2c7a0e39c0102b3a1",826345922.422892
"acbe4eb98668ff4967a8cb86",861966570.022678
"acbec9114912932b9cbaf0a3",809337318.378617
"accf7bdeeff29ec7a209c509",567328478.107932
"acd6ad0081960c0f17b144dc",895864566.42928
"acd7394afcee30e084844c63",747602234.041945
"acdb13c4c8e2a48b0bdabd91",975473498.572398
"acea4c7aa1185baaf6d3b60f",710090027.00298
"acf0f98cd8f8c8ce06f30ab9",1214128384.34159
"acf15357c1a919b6ee78f676",1328210273.83233
"acf4d60dad7953065b59ced3",1030771867.18308
"acf98212eb702c79f16bb058",823466800.282919
"acfa7a1cb136e4474b7efe32",794654831.795637
"acfc06021a7a81313d85f62b",418317572.389118
"ad0025f5b240d00936c82f9b",536541670.131939
"ad1322132f3b533b4aced580",441939801.326754
"ad1492590bf61d2cc83b493c",855988767.808429
"ad14cc63c36789bfc1bac0ef",407875296.703647
"ad14f4403926de76de2604c6",396684223.740203
"ad159116d166e45b70329bd5",691246633.24811
"ad17072ff24e0fc0e61963b4",740365561.029515
"ad1c32cf75ffbcfc842e3959",476177634.966377
"ad2081cd75928b8f5e506944",1250563452.0976
"ad351bb6437583ec871b1739",807472140.085647
"ad37e23456bd4d90010f7784",691972748.385167
"ad38d5660b6f1eef23b76039",503110028.842876
"ad393e9070779969b496fa72",787299527.039585
"ad3b4ae81c322a9f91381bea",754853060.19634
"ad3c644b506498127c7beef1",839250234.48252
"ad46f8bd482500f3bb935737",643556227.870832
"ad47e82c9efcfa36ddac0a95",723109496.485409
"ad4d91ed26c1fd5702b94064",778618939.121167
"ad6317cbcbb8bc27b0774fca",1134667773.39573
"ad662354d28a9b2d65f537f7",1031938906.57557
"ad663952ff2ba1953efdc460",1103638656.91169
"ad71acd782a4fce4d9af04be",644264563.121407
"ad755859e7b6afbc021fcf6d",909191388.694973
"ad77298955813089bce818a2",910958201.8775
"ad7739088e8febc68abb42e5",887371913.047232
"ad79f4fa23a28cc84487517a",928324461.889097
"ad7cfe29b56c915dd016897c",534810595.04263
"ad7f3aae29fa1e7ec900b563",888016853.838886
"ad844bdb1150508a4c6d57b8",905758344.525918
"ad8ac9edabcf2d4b06ba9fc1",906496966.017556
"ad92f3ea52673dee0a56902a",989753841.823425
"ad9a1b23979f0edd2ee19f38",738406164.555532
"ada53307260fa34f3a6411f9",794725043.627376
"adaa406ec9ac311e9f9c0bbe",681723667.212971
"adae78b82caeb073d84f02ee",873245662.40572
"adb51a572f3198367e3760ef",818779903.398541
"adbb5c4ba7be2903799a51b2",1038316153.31796
"adcc03f332b427be46f118a5",799494463.37161
"adce397b6d1473b9b6d02865",830395427.854246
"add1a20e8bba47aad2edec69",911786461.043257
"add4f9dd26fa34829aa25eaf",927057174.67085
"ade0c9cf1f9106e342c69bd1",694010980.803539
"adeadac88e573824f08efa21",691288165.827886
"adeb9a6ac3d357bd96c019ea",851318452.986966
"adebafcf3eb0d34ae31718ef",1109075532.68891
"adf055978a7a8e9bbd88e741",419474919.283849
"adf176b63ea23e08d252b5ea",673734809.332725
"adf5879151c7236f5e055e1f",786564627.354304
"adf948af7b24f9b6f29610cd",661241623.066773
"adfdb0eda9aa97f0d3005c4d",1161849799.18605
"ae08b7f31e69fd930ef4c832",871711718.914185
"ae187fea3c46c3fbee7e6e8f",607071797.059998
"ae26e4726c16cb2f6a6d3f2e",883414786.320185
"ae2c10850b4a8ffca934cc72",1161692410.64164
"ae3868ac8c44128b8a955829",673320149.965399
"ae3f7f428b49e6948ebe6fff",695294180.600586
"ae41a566826a10d5a6768d36",624473345.538754
"ae47cf27964393fd56a52d7e",1044114065.49871
"ae48e30b60ec254bf0dc89ac",1120169498.20659
"ae513b65e06b69e1ff2ad8ec",688937493.164013
"ae556ff5f318b73d3b29142d",692253525.896299
"ae58dee872922a9c678dbfcc",1101332242.93561
"ae59a0d6441697841d86cfcb",665956849.391276
"ae5a4da0000f79f12142e2a7",730652496.643047
"ae5ff2b5eb4f9ac44fef666c",530897984.112922
"ae664789baac0c47d13c3c19",700258177.724983
"ae6ac510d3e46a50ef24896e",453295768.076807
"ae6bfb4eb4770f2266e3b961",564850523.275756
"ae703276c49b6a6a9c39770f",904147356.958742
"ae7ce478fb66882a2c952012",770907221.666087
"aeb330dede55fb66654901fa",867931013.305639
"aeb66f808982c6308d891f55",694265642.409848
"aeb68eb7eecc4aecd5529717",1122199331.35036
"aebaae467e5f01db3afe69ff",491203752.611051
"aebb556fa6c9275a9b5c543c",1062554617.06809
"aebc3c6079c1a80f8b2f1c7d",708286663.193685
"aebd6304298f84e7d440c379",1121859675.46385
"aec1778ae3b5e60cac280b79",1154085142.74469
"aee8b22ecf19495fc5894a08",734545135.403354
"aef06b27b0a080b5ee539b6b",513638884.24838
"aefb3cb6ad2de9ffa90b9534",603003380.097042
"af0502ae1fe341c2ce1b5325",685463209.179877
"af067a8546e1177eefe24916",534264011.172434
"af0cfebd54f32b9b92c5fdf3",723737643.114479
"af10ec1529a63d0bc10b056d",929044146.444304
"af1aeb2ba89d29973f73511c",799594111.082192
"af22669e3ed10470623fd8eb",817849581.042442
"af230af0c73a5f2b72787c1b",1150238380.5226
"af32aa018cdfd081a81bbc80",711396941.664768
"af3e3a83257eb507b96b2a1f",1204271781.78881
"af578bfec5d84cc2f4ffb8bd",717270974.624717
"af672710affcd7e44eee9ba3",600399188.503457
"af67a68803a18663e4b03eb1",578026817.974728
"af67d51867f382dcd9cf34b0",1129911807.64829
"af68665ae8711d009e8810ff",835805552.631053
"af7131ea57639ce5aa1e102f",1029985078.94471
"af820361d5f20198bacf839c",797207227.002528
"af8c90983a23ee15c72b8e22",1426723360.32977
"af8f09175265e1546200ff86",668121912.022753
"af911ba38d5376a8aa53fcef",977868921.095014
"af98a0e223a825cbab78ae49",918509127.323444
"af9d2f5f62bf74a7fa9c74f4",803354806.250121
"afa5698724bea14940667231",729594591.798063
"afa842858299a6ebee166e31",938364218.928419
"afaadd87a196e04b934e0b1a",613685507.097987
"afb02897c700dbac941ba8b1",850184652.164224
"afb03f7cea99023ecea7610a",467735917.11743
"afbc7773755043a40a7f9d6f",849415421.67216
"afbe90d764c1821cdb26e38a",434862349.420408
"afca7b219d52b22522abd00c",776512513.918135
"afce1d7c5576dc49c80bdabf",609295167.092471
"afde90f91b01b0282bb94335",665283192.246162
"afe03b938be9cf14e98d4a0b",483004471.468089
"afeba13fa3f81249549cd2eb",430748752.154991
"aff22625564f00844ea2610b",652761574.258605
"aff9e510eba008f3ba5c1847",945100630.37783
"affae17b6cc59bdaa30e29c2",899543530.556752
"affb62139f02e524692ebc5b",492070531.632298
"b0015b31facc48a49f1313ef",499627130.156488
"b027f75411dce9c742c5d0f1",560186559.881813
"b02f1997e6e6f97dc808b8cf",937439503.670725
"b04449c499843cf46ccb695e",679514355.283585
"b044b9a587b2c6ca00447177",1175367604.03718
"b04d16faf40ee02eda59a9af",696383820.767105
"b057dd8a9c2082d1a78cba88",437911581.486615
"b059afb753452ba358fb432e",1080738824.32169
"b05c741bc5013a7a6abd31d6",528953907.435013
"b05f4b5fae2f2faaddb377fb",651439991.665484
"b06d3ee14ccf3d46fe2431fb",777093819.604969
"b070e3747bcf22ed67509efc",688874479.635443
"b07cd6c30350efc5de211a8e",1476078786.96806
"b08e0cfc5bdf5bdf5068ebdd",871395952.786289
"b08f88ef973c9d1c3a86695d",904322652.854382
"b09111ea69c4be8ae120ddc3",755713001.305431
"b0962bfdb6a2c79a0ca84e48",626293446.342818
"b0978c973ec3291e950185c1",1024932613.26808
"b09de5f1e028d4fafeb8a22b",871318093.341033
"b0a03d567e287bf4cbd7bec3",432436896.049752
"b0a0cc38f73c9d90bff6ad92",1230587677.36695
"b0a32581cbb586f9710dc3e2",846511319.353843
"b0a7295da89516be1c44512e",1216158850.32161
"b0a8e4b4ef6678e6b43865e2",551405551.419678
"b0aaae3a435fde30c4c02fac",867931013.305639
"b0af9b1e84a1886489d46b91",821607054.478401
"b0b0db3bbe07839bc2b600fe",1326004547.69807
"b0b784bfe2d3c1b3b1320613",647546225.30665
"b0bb2299d5f456f800993a11",610383733.122658
"b0bbdcf0916b246ca95c4721",911612604.639706
"b0bcb64f2f2ba69cc712e0ae",571647143.636201
"b0cad5d612954b8cab18101c",690156634.018574
"b0cdf05097df437354564bc8",556469790.767911
"b0cfed2d25a5d78c96d39d20",571755442.149854
"b0d20a04106ebb87e2cdea37",1108620128.32096
"b0d394d6c9b8967250854c66",1116663042.99199
"b0d3d98076883f346cee8d04",974670865.301633
"b0de107a8cfad95f09876eb2",1063596825.55215
"b0df95e9fc94d9aeebc960df",744074918.155828
"b0f9bfd521802b0d2586300b",955766859.184499
"b0fe09d086490092f1690fc2",710247650.348182
"b10b428245022d55db248b72",706755473.426854
"b111b17ae1fc17e3491b7a5b",641050284.869935
"b11672f22fafd555f940a8dc",450571356.966434
"b11c3a4642f7eee2e443eb32",996132977.774048
"b129a508d1d98a1b6dd2f61f",637923100.084581
"b13683c625c97c23333269eb",612746566.375873
"b13cdf9314a34852e8db4221",432975171.394405
"b13fce1462ed87e57ddec917",721014886.802222
"b143c8ca6d334f6a73c3f2a0",529981586.462247
"b1527eec2e6709dc51e03f9e",901924933.378722
"b1586cdf68f36926c3bf72a2",461509785.724221
"b1589aa1f58f6dffa93a3a61",1458904345.52576
"b15bcd6248958d98867ea585",758625674.896517
"b15c662c56b19d3843737dd4",752264308.185729
"b160d30961ddd3dac16184b8",819600224.008866
"b16fda9be5edaf4cbcf07122",1164465665.72644
"b17840ce59c9d9619b46534d",758270521.191121
"b18107a422b9eb6da9fb692f",863561633.53141
"b183776d007d85bef0f6671a",675012914.613864
"b183e2562cc4816244ce0e1e",579630944.061398
"b1924a5697dfe829b5b8ad76",485361784.768254
"b19ab02a8e22f3e88a26031b",605799176.331508
"b19be1ad7f60717a943ff0f7",474384153.224764
"b19efe9cbc26d61daff5ae90",554181372.047675
"b1a13541b37964b8b85f4669",688545283.687491
"b1d1bc7ea83d5c584988b95c",701508591.719072
"b1d9704dd39c6cef28ae3d17",605801052.826451
"b1dea7d384760535b770311a",707603773.482349
"b1df92683a593edc3f2b45ad",503658887.213646
"b1e3f1efb232cb0976506cc2",762019417.892721
"b1e9075645f4b374c7301346",938989454.322646
"b1ec4b8badc955f9f4fe2131",800458304.723476
"b1ecdceb6ac00b6b047c241b",669134102.495295
"b1f0b12c28c9bd2d16b3545a",684197092.388497
"b1f8fdc8e3e25517ab80c065",705180492.678665
"b1fb98d0ba25b21c6647d423",1213786518.41084
"b1fdade0fbf0470060fc2708",704012055.419248
"b2078743e33e1acc49c2d2ca",812823516.348186
"b20d6ca58e91ae70b6e0a1a5",823870967.458773
"b2183e5bca67574df7d5985b",415136504.453552
"b219848e66fb065d4d2441bc",874512952.753424
"b21f6e217d6733230a8eb7b7",1027102356.40819
"b22350d505b87dffaae3a5e2",649661450.07872
"b225270821758e45cdead76d",530463860.135745
"b2286067a73bc0049328b55b",685422688.412477
"b22c39c3df7d8e32cec2ba43",780063332.79358
"b23341faa7307d9d6009c6d8",711876083.359283
"b234ef225690d57e7c2af4c0",1107508463.46393
"b2357bf117ecb5b9082871ca",475664593.305907
"b239bdcbfae846bf74791728",543448482.650637
"b24bd44eefc3ccf053939dfd",719967863.591406
"b24fb90a2aa5d9d0c7e1541b",922959948.037898
"b2506aa9463aebf01e1e00ca",482195926.964934
"b25734bf3ca94e775f467e85",562140161.155368
"b25f461b3d48d833a73316a9",1319509329.70036
"b26f22f1fd5a991ecd1e07f8",734321263.199378
"b27088c3ccd93e7d8d5571c2",736229544.40414
"b272c1025cf5c1e1df47042c",708541080.492413
"b274adb68a37458cc5181fe2",889111946.869552
"b2759de47d28e8cc05c94e36",685723416.902579
"b27fc4e7f6042d70a7651038",771521193.754155
"b2809471a0164e3d41b8fa60",991956357.664004
"b287339babba162e290d0fb0",429626267.796974
"b288c52e4d0fab9f579122a0",740711563.22286
"b289cd856f9d15493d31ef6f",1145358110.69901
"b28ba88f3665a2f26c2f8e47",1199484687.10067
"b29e5a75740c8439aefc9321",695520806.148992
"b2a417a8d2440f9124fd2ee8",1012432822.73022
"b2a7a8ccbbec39b63e4cd028",722776136.842062
"b2af005e93b0242e0f62f298",656448647.085895
"b2af9047dbf58867ed0c42af",762979691.499843
"b2b7020e66872c8d83468cec",617928618.694572
"b2b99019a929584b4904b98d",1041655483.92126
"b2bc172a3ab25b8caef50189",1024428652.56835
"b2c5af8615b8899deb16c896",660156507.613321
"b2c62bb0cf8d210dc4635653",1231076290.59529
"b2d160f54ce5f98f46818e4d",1071110304.96133
"b2d32589626abfc81e44cf70",796562101.783031
"b2d7355eb2aa975900776275",840386321.395379
"b2e37eb7cde5cf4290649ad3",791042895.979016
"b2e7fd7bcd93309664cd225e",785962428.021836
"b2eb63e5da917ce649a72142",712451554.665296
"b2f089146c30929c4836f0fb",863579049.516175
"b2fd7ee866066f3ae0dfb3c0",1015694383.25382
"b3005057f48c1794b7974f4f",752752967.108792
"b31601cf48b268f3b4107564",796468561.883517
"b319d049a3a8e4a095940106",867679751.045959
"b33c9b03cc12a253e4936cc3",801436068.938435
"b3401023d3097815687d1160",788834706.738021
"b3402a9173d289d6db78e09d",1113015897.3652
"b3413352f0280412f53562e0",449896235.669635
"b348c76e55613f53c8bbc94b",813874031.174556
"b3561144c745ae3d329dfe1e",430885349.384836
"b35c58fc1c05a77433025318",714166684.697737
"b3616a055e722e3720cca48c",1145922017.24014
"b371665aece480b8c1602773",1042864328.61638
"b37af80bba5adc197cb51649",459733020.096219
"b38776cf09ec8e90fceeec84",621325703.727172
"b387b5eebf501a620f352504",792996757.776636
"b38816ece917027a179663d4",618448319.008879
"b39d1b2637dd8e307c8ba13f",1179356531.89266
"b3b30d8b869eaad2382c5447",1078072279.38656
"b3b63d292523ce0a925b871c",803399050.951023
"b3bc9a04a3ebc1b911326735",1062087822.05431
"b3c02569b8fb721934f51c52",508778327.338156
"b3c2187fa96006fecc6b8ba0",562242101.916972
"b3c77f4a398b61d9c204f8a1",875040881.034242
"b3c8714dcaf5322475ce2c60",1190002513.01682
"b3c99f30b16fa80cdb4f213c",688516746.260764
"b3cc5930a3cb26e35a45e09a",419756027.673331
"b3d072ebd7908688d908d350",1103351216.18908
"b3d45812baa819caa1400255",1003880560.4227
"b3d82ceeac64b64142286375",675117322.589979
"b3d9a095c9c73004643c9e78",1069193109.71246
"b3df8c66475021fc04f107a6",792223043.039222
"b3e76a0a1fcacd0218c17908",499141668.939078
"b3ec2f8af6e9adce047536b8",1017695762.39396
"b3f5af523b5d6d938693ebfe",936383707.131695
"b3f8ffa761119a5441a44ad4",1117607076.48471
"b3fcd9cbfd485e4e1da6c89c",634847124.956494
"b40128f5e17574a5d3da9a32",736608923.145209
"b40873d316de1c295f2a97ec",696746255.487384
"b40a9888ec0379fbf85516a3",1040033223.19322
"b40addfc0da42b0e530503f0",390968528.968703
"b40d1d2b7c1db9cc57c65fce",972013447.776568
"b419d977b283e33c0b3da86b",1031332052.25045
"b41edc115f6b439caf392941",548042047.055853
"b41f7c1cb9cfbd188f8e0233",1155178763.80979
"b4245f075bc41aa29b55d324",869969190.082977
"b42734770dacb7e580a6d742",536399683.658097
"b427d767b071c3e5ac2a078c",414601007.653961
"b42d5b5b38686929eadd56d9",472326230.15884
"b42f936db049a74c7d24b0ef",1247910212.47667
"b43b36ea4f81bbfd4dc4d781",1041306175.2718
"b443781523fa0b5be4ad7739",1008929960.41951
"b44b862cbd855d46954eca5c",497222208.886418
"b455979bc938acd34a580eac",832781614.394792
"b45911f1875da543199e97b6",1070729159.04086
"b45bb2d0d137de6984d4e1ec",484748524.066716
"b45c8a6224ae2656b4189526",605616274.770406
"b45fff2e718e54772d46a3fd",842853871.174635
"b463c62e3c21e339e7acb52f",824037514.859357
"b46625b69fba1afc154471e0",1105437641.45366
"b46bbf66cc82a4345c5da177",842769220.146791
"b46d50c84edaa7feba938671",1126939841.57714
"b474103c4b637ca25b5d89e8",567930866.148057
"b47713520859d58efa95bb06",1010330027.47437
"b47fe4670c6b065a9e1db429",778459980.676651
"b48093abeaa178d1f7fbd83b",873569711.034538
"b485036419de03f5bad01f35",1048080784.88965
"b48efa9ddf36e85164354f26",1080843346.48659
"b4a4d705930d9afe896dff17",664616271.98044
"b4aa025f8813a3f0b132b7e0",564955088.413686
"b4c2a0a1a63d35a9a08a6e15",739072830.043293
"b4c779732e827ab2fec8e8eb",981387102.128139
"b4d610e0ecfe007c133a5ea4",781467498.217307
"b4d69c7bc93efb3790eb1422",989087039.136458
"b4dc6733589bb35444b74c55",715493321.099467
"b4e084d14962cc58d4089955",887848650.970539
"b4e14604b888c994b64f94ba",762927819.268238
"b4ef40e00d089a35d750888a",1007129537.96814
"b4fac45659e67d4e91fe65ff",377486455.776189
"b4fd0aa09f993bbfb1fa8abf",822287693.680224
"b4ffd0a2cdcadfb962578199",548914463.259279
"b50a6b85399ea2c6b5c33405",672019982.358538
"b50b45bda0905a116f238c1d",742200781.702569
"b50e8c13de383e64711193f5",723448510.831631
"b50f2c871166ee1009416be6",958161466.244835
"b50ff8bfc0b4c4b165c5ccf7",988346439.470355
"b515b1caa608ff42574e5a06",790472796.175859
"b5254c6c29b4f6984d328216",420710345.332566
"b527813993b7bf4a10c05683",641186087.453165
"b5292c1e1683d40be46bc2de",839438270.683435
"b5293710d0cd75f95de001f6",330893608.087612
"b52e0738dec9d2f119c75a9c",647757110.381914
"b53d3d578b1d7d9e00c8a00d",851220600.358903
"b53d4d8d0bd4a0ae84fbc22e",682007864.788303
"b54940561992090411749db3",663436853.341383
"b549a72c938d767ed504bd83",771518747.524832
"b54d3ce25f3f03cf3fa0127f",444851980.823672
"b54e6757829ac95e2076d954",581721441.463893
"b54e8d557263624947f979cf",1064261938.95521
"b5606ddf3a4e60e2a0e0d6a8",1011258137.20512
"b56533bb19eefcb244e69470",1217176338.36112
"b56659e70367566a4ddb81b2",1017106532.52378
"b56a3a017449fc4ce417009e",635419132.971836
"b57174dd86ed451448dc501b",877111872.208799
"b57250de388b7172a39dae8f",1090695319.40836
"b57ab7afef2b8aee016ce6a0",1109016918.11715
"b57cd3eb0290984f061e1053",508295069.931377
"b57ebf09cc691bcf009ef115",1175285122.75557
"b58208759ce1402501f68906",795414999.875163
"b58533a6850620b0960db713",771654443.755227
"b59711a5971a3b482db4d9f7",805080930.255321
"b5a62d480bc544f891fd8521",764750101.891495
"b5a7d4288dc7a7868678b9e4",989164264.078644
"b5bb9af24f9de68e91a1df76",1459457176.55171
"b5c074ee2e2538aeca099fc4",870964446.188094
"b5c34f90096fc88b8ca758f2",1328461903.18106
"b5cfd5eba0b6297cefd6d3d5",998226110.691677
"b5d0ae257748ea92c47d8fc2",446721064.21475
"b5d6fe84ee7c6a703891112d",1113746898.6388
"b5dd038cf35169bfd0e62eb7",694931409.439638
"b5f0dfbd34392f6855bb4b52",755275487.360703
"b607bd072e8293d6594f3829",784252224.257699
"b6129a71f8e320aee8abd0c4",650474980.539303
"b61e9e4f3a2e894932b58ed6",504861768.896451
"b624f0438025478c9f66fec2",853539711.054944
"b6281efabdbff697d70925e6",1232721126.60878
"b6283a5714e0b977110318ea",712586528.56531
"b62d64605362afc574ea5b0b",1252769817.56524
"b62e960eebdf95c2eaaaf9f3",1019744149.54541
"b62fc917b3e8ddd64bb81018",681668792.569361
"b638b937d4f62949b9eb9fce",863785028.612197
"b63f49396431089dd646837f",849005216.318303
"b649d315ff3c97c4e8e9db73",398542387.952605
"b6514cdb1e2cf37e3ff8090e",969046206.480599
"b65a2a140ad5fc6e3e26b6e3",633272775.441249
"b65c0544e9deed76615a3138",666576906.629152
"b65efc402cfddc0aed4e1d76",709933049.200002
"b6692a933facd74b4b11569e",407754219.447906
"b6695af1ce28eb50d7a2c25d",987881025.193265
"b6767d1e329ff5e28c42f632",708769466.536633
"b676ed2d0af6807cc2b28ac8",1131131099.86132
"b6775aefafa4dcc161eaf6d5",1002733389.26511
"b6825cfa2fde9b42fcf04c59",490230316.807971
"b6853999c45e21646a0d1b20",372095885.140769
"b6a21387674a509514fa5518",1014440036.35743
"b6a2406025f0e1fa09690c2a",451576190.784733
"b6aa1cb0187c4a1715517fca",461671628.418703
"b6b87c05c4238be76d94da2b",448642208.251405
"b6bf2760cfa26cb28fc989fa",803838564.879512
"b6d3345346f43dba053ceccc",1106924710.86102
"b6d5cb459999de084965e993",1218456068.60834
"b6d84e7d569d8d0f0d0c9066",1178083633.10457
"b6da1db3aa02debd11e26edc",812502314.986115
"b6da2728ee41d035da57c822",1156839252.79876
"b6ebc3b8408793f5058cbb90",1113389212.05379
"b6f195d44ddbe10b78b97191",702849331.95393
"b6fcc49ad3656cbd3f4c2ea6",845840522.586058
"b70082fdca35092802f8745f",438725157.208261
"b71095bf5e80bcefafb12d52",677807226.219586
"b71857f1cc385219f114035c",544289974.888708
"b71905255273cbb0af1290a9",572714358.756619
"b721a5846527d5338322c9d6",697159539.248036
"b72459ea34fa22d1fd012dc5",981865302.716093
"b7273cac93fb7a0034039600",1282264200.68815
"b732021729ecf88d6297b48c",813276695.580891
"b7320c35e90f33fbb1c28813",930968554.425524
"b732ff1637ec53286e890865",739195218.887935
"b73945103f07da807f7a30dc",704567511.290734
"b73bcc0cbfa173c9fa404369",1008374116.86601
"b73d317e1e8ddc3d5d0743ef",1031831746.22112
"b746e4a5c9d04cf4dbf887da",968016252.726767
"b7483c951d2c19de665f07b6",387102197.93321
"b74a02ef5cc838952bb9afd4",574727583.700071
"b74fd7f7db38ec233c6ad71f",511095299.979094
"b755f88ff3907bbe2a417e07",821655587.381369
"b7570bfc5ddc7caaf610908d",584999976.303491
"b7574b06d593fca4eac59815",459902314.517158
"b760fde2d4df27a168ce0e80",1107339533.57713
"b763f71e8a5bdeecf0f3f0e5",442574930.859256
"b764bb8ae8ba0d736bf54f5a",475816957.665702
"b76a3fe6a49dcae6e6bf5815",813109016.755722
"b76c45ccae25a06dd5fc432e",873773616.03781
"b76d853ea415967415ace0d7",960490439.74055
"b7763beef728bc2021ebb841",496503831.241969
"b778282fc4b9c43055629e44",1066752869.20735
"b780a0ec18c61b0760df9433",762938696.883521
"b799aa1dd2de813ccad401e8",615466484.074443
"b7afdbc1b57b52e6fb03accf",1286174130.2396
"b7becde9261820feb7cd926e",559783903.32049
"b7c07f8afe037d55bddb8e41",586530961.240088
"b7c0a0a4f5c5b986a70ff249",484965318.635796
"b7ce05400f0261743073e072",793349598.290188
"b7d245742eef110adc91b5fa",628249664.414932
"b7d66c5f1ad06dfcae5b33ff",712316606.331235
"b7dc47c641b46ca99fb83a0e",960629216.089621
"b7e01962fda2102f1402a444",785061361.145685
"b7e3b0c90c0d3bfe5befec54",616926600.592156
"b7eb15346797508f47ae094f",679945838.871199
"b7ecbd35179a7658f3c11b41",804153309.006819
"b7f164b79658952248866c34",498276624.268712
"b7f47484bbd8113c62cc8c1f",528754751.188846
"b7f906741cae6861bd5fb922",498169097.280408
"b7fa81aa571906a93e9b6cba",1263808969.33713
"b80593fba07e21f8bdbc352e",1231699765.51113
"b80c961aeb98d24d968c71d3",954987135.462396
"b80d0456fba49a40fd774e5d",874769899.29806
"b80f3a46440daae51308d459",711040971.008304
"b815204eed4398e600b366ad",1091701330.01693
"b81679b32ea288e9665dee49",1293937321.97318
"b81801f02a73feb1db7f5e83",1002754888.33322
"b81c26f2ea6b66c8315d1146",1101024501.3971
"b828609eff041a68fa243a12",893231935.412022
"b82e52830b51e823ac7187fe",479512738.492995
"b82f8abc8001cd6731c4ef45",701181292.849949
"b839e76df5d73e7d53691707",1000168929.45247
"b83a5c303a2b079585b9b94f",742569532.972871
"b83b0a53ead29faf9dffc0fe",1229910816.46581
"b84795015be5077f942f5170",598083697.733746
"b849cef46f19e13d3fc9d5c5",908454548.011975
"b84c837c5a1fd0f1ebc5f8a6",632545975.52091
"b85a7389bab2e651f05369da",518590545.574836
"b85acd44e18ab485d3ac543e",444054420.668646
"b85b37ae83ef95baa03752f9",1056038937.15966
"b85fa4bc59149a7a25447537",434312818.568913
"b8680f925773229571014e61",491824930.980556
"b86c526fed01211fdbb62815",1094323412.83464
"b86cad78da7bf06b5ac39f99",1053974341.07428
"b870c8bd8f95426a7e1f9c88",756817178.686019
"b8896656cf6f5dd7c33ae46c",729629270.24715
"b8984fe54819f5fcc43860fd",459046822.705659
"b8a42b02c50438c2ad7598a1",540639759.302142
"b8a5928cf1f7e704e9933bed",518218041.632698
"b8a8ad4c0215077d3e5aa472",1164234645.03855
"b8acc8e72f2c498fede3fefb",763216919.900739
"b8b22c1afac62b05ad389dc5",395352524.684235
"b8b46931b93b7750e0d1ada3",731971806.397439
"b8b9b90d5721a9ed5e72b328",638460152.27387
"b8cca0d70fb46f3a31473e98",973834122.081992
"b8d06f4ce0d6e71ba0fddc26",585894497.948115
"b8d50a94e8166e471fd8282b",731858936.268037
"b8e15d182ac0c74fba332b8b",656763230.441398
"b8e2b98548a234a245d7935c",643351710.779897
"b8e8d84450f5e0bc8a721c94",1027613109.83318
"b8ea07763f2e1a3d635eb23c",717082115.541194
"b8eb177e22c63e84738e7788",858931576.483867
"b8ec643c66478da376153333",729496424.701598
"b8f2b9c2e63f0091b6038ea6",752178083.724151
"b8f7bd85b61951ce83d7f57b",1061750197.95411
"b8ff548543842246ad439703",1293937321.97318
"b925c9218f5132c6c81f3a18",376914824.940185
"b925f9ef733930be26417458",724018656.447356
"b92929668e884453d3a0d633",667805229.33178
"b92c9c464e23f8b987290769",642783924.442031
"b936e36ecacd7cbc3498cee4",632221196.095508
"b9398d6bec5cc44fa39b8bdc",795067279.858823
"b93dc01af5f49e6dcfb7a547",420496924.63558
"b93f2864087d41c3c92d43c3",856381094.479956
"b940561f2d48444e139eaf71",418393498.517294
"b940ba03ea60d4cdc5d2d429",590223019.197378
"b9430e8c145c2a0d7efab2a4",588969268.482644
"b94ea2b8b847a47140d04008",899384831.260601
"b9551c416341fb167049d4ce",800000268.698272
"b95689add02915dab555d9f7",930013120.877077
"b957548768ef014088a61b5a",809025915.894217
"b95ecad591e5c69fdad8763d",553882705.314957
"b961220d34be930fada80887",986209473.542782
"b9643a26731cf2a9a243ef33",1040568508.38899
"b96502e30fecdfae7796f1d6",627881433.85811
"b966fa606a3b50d3ac7249f6",1406151798.49819
"b96b4bf38bdbd61d4dd0bde5",857036885.666129
"b96b8e1d636f0c10c63e5c6e",667693448.405918
"b96c9e2591a4cdf9c4e0c09d",751689241.798515
"b96d8b77fb5ba71ebce2fb26",595459115.130052
"b972611aaf1b68340de16545",519203977.022494
"b9809baae395914981a9296f",890579033.540721
"b980c778ecb2709696265c10",1369980242.50712
"b9826d7a6132b16df1bf58e1",736277982.620549
"b98967876009fab4290736f1",738254627.042202
"b98a462d9782988cb54ced54",1309491241.80769
"b98ee16e8fd7d1c75a9da13c",1048859028.07468
"b9973b07c84b99dd1018050d",601890604.404137
"b998aeafe2cc93bbd96dd9fd",520688075.745535
"b9a0058c58cabd619e226178",785455062.231093
"b9a0575867a59dc5dcbb9cce",732268446.017596
"b9a573a3f2cedd87c7dc6477",888396556.73169
"b9a80a4d84eb918792324dcd",701903837.505638
"b9ab2dcd8d1855e4bdd540c4",1009960932.52446
"b9b95c89c988f68429822e81",753196993.207675
"b9baaab70cb83475ac3bbab4",765524193.170735
"b9bd63208716e4e0f2dedceb",621225316.71114
"b9c893f3c3ac4dce40d0ea19",833394762.402905
"b9de7d7b9a8ef7c64e5f6bdf",692479373.905366
"b9ea1b9fc0e46ba0724cbc0c",717898148.795457
"b9f9dd0d368df912e6e0ce70",708989454.496114
"b9fecb3e6a507ba17764c303",436586394.439571
"ba0d0663943a118228fd12bf",434819529.270456
"ba12305002d24055c159ed34",377343466.843062
"ba12ab0869d66e03df12b6d2",434633556.700783
"ba137cbd10757ad20e5991c4",794371201.322036
"ba16ae6ca55dc3c0d5480944",829916043.683156
"ba187eee3858263fa664812a",454001490.33149
"ba1b3c8ac8afafef56233c84",615534915.435844
"ba2118c330e19baf4f3ecf94",960960705.142131
"ba212b5f12959e34b4887315",625820743.99711
"ba2423d79744d763aa3744f8",1022167508.35898
"ba24834c9fb0e87c4ea7d1a0",776899701.735909
"ba249dc7eae0609f20ccf234",674130096.187798
"ba30cf03fbfb0e36e5d415bf",1140795551.15375
"ba31c38eada33f680d44627a",594731041.855155
"ba32f2964e8b68ff5555fc34",1039616948.93898
"ba35cce2e715bda1684c937b",936029012.267186
"ba47346e7a53412e78363ac4",495499472.98117
"ba4e89128058d5564987dfc5",443187273.780995
"ba511b37b4bda08d191c68da",636815410.353225
"ba524c4e2f13109ce814ea38",752669539.35454
"ba54b5ebc5d4f554bc56dec3",515666972.751587
"ba601c13d20602c988d57246",1060564504.0274
"ba63594585c484bbd20ed3a1",715590099.769703
"ba7120c89c8de0e57e30646d",490076065.447603
"ba72421716765ef6aad9b4cd",1037728886.68903
"ba762cf12cc038e5c43bc6f5",729954921.817341
"ba79c72aa8bbb0517c899b59",1040362186.35331
"ba84fbef80c8a82895ec599d",1248289327.71116
"ba87ed2a657b0b042a05460e",703375611.556391
"ba89ed56d156579ce288dbcc",562150388.674598
"ba8d6800443dcf95bf9c1037",594809936.447704
"ba94572d1e050bb92522f112",462213146.024691
"ba94676bc0385678ce3780a3",597389869.59708
"ba9be0b67571b1e9242664e1",858037708.700261
"baa146a6537e8630180fdd35",573000950.542288
"baabbdaa5e8f69fc90d303c1",1184503214.64741
"baacf0dbd690644d74f3a929",801970864.879459
"baae43ea29f7e419bbecf998",511598195.864868
"bab5690da7c42909464cb9a2",681320957.35526
"bab884e0f99df269805e83a4",801504174.372238
"bab8e472424cd57faab87ff2",658222744.883692
"babe27dc477f5e1b7e438422",743441623.564448
"bac550d41b2cbdc6a110ec7c",485770284.222453
"bad7560aac04600e1ec1a9ce",471001567.163806
"bae512bdd3b04405c519bf4a",650925601.372579
"baeb4e9d612bffb63ae3564a",1213149323.42896
"bafc63f23f097c24d36c76fd",742401037.949577
"bb084299ad23f245d7cc5b69",592150023.084364
"bb19983466b1a1184ee7ea1c",796317699.547889
"bb1ece5366ebb2ef9d52708d",637140502.356957
"bb26b45df6a70b6414958912",688602747.409617
"bb2dedf6198be0f3ce2c4ffb",530186804.733169
"bb31607d0bc3ee4a37fc912d",709760981.032714
"bb33aa4f1a7732fc8ef19039",600008496.495469
"bb38c1c17612ce593e5ae7bd",414930212.419413
"bb433dc1bd769d684d8b3352",884069079.985613
"bb45c98dbab56e5abe20ac0d",811744725.063225
"bb47fda808b52f30364a4d6f",705314202.771086
"bb4c7900162be66534d17541",814439311.577792
"bb5726ac16b4ade709151159",689454221.361626
"bb5a6045d18e19613325dffd",1072653342.62886
"bb63f086543cde77832bd4ed",761787875.307868
"bb67d95fc94532b1fbe80ba6",739729728.153214
"bb6f66493fbafa76d70b0a34",886616557.480884
"bb70d80b0c6ad3022160c8af",431661198.674625
"bb71a24bc5ea4051d84ecacd",886923714.022917
"bb7c68c2652c7e124d88631c",658744367.096624
"bb7e14611ea6b5e4abb5b89c",673067645.735577
"bb812343bd6cd66e9cf9a9ba",401580363.127469
"bb90c874275456d5fe0de83d",689137896.111549
"bb962a9e3861b06ae1daf833",617594047.574664
"bb9991da696d6e1f13a32d0f",474624092.251833
"bb9fa21902daecf876c0467f",749133708.442812
"bb9fe73a8742dec9b2e79135",1224056106.32086
"bb9ffa04d913d06846d082a7",910261612.49637
"bbbf74a3abf9cd8718384a65",526160206.955692
"bbc675f7edfa0425c78c15ea",777028321.611249
"bbdd78a7ed332e679c8e526b",549603524.776546
"bbe2c06e6f90c4234a7781ab",1081403966.12621
"bbe705b86c6ed4da775b68f0",440455362.53879
"bbf16146922556095f53b5ea",705575675.045028
"bbf80c409ab3a6784028eb6f",442281475.760009
"bbfc9b05caa647bd95b3c88f",759502728.559553
"bbff88040e5b20e874cfad9a",767126283.895849
"bc08ce9f24533cd644ef08b8",726388389.451423
"bc10eea54e4a1767881a2391",800351419.102925
"bc1335d419a1c0f6e6860470",1180297427.09707
"bc168cfefe964762cdf8755b",734879057.642389
"bc1ee1f8ffe1ac88f08e2459",958867535.208952
"bc230105784ca8640e499ca2",970893849.512437
"bc23e25cc246ced4731ce5f5",704859583.591392
"bc23ec33573f28442b36f60b",626333346.383815
"bc28e66374356a4fcf9b62d7",796881611.144922
"bc353a421fc579770e432176",688615914.842479
"bc3c509022e3f6104cba5203",987229895.891271
"bc41e69def6bc7490800c4a4",456797047.722791
"bc474096496b98177e40f590",874194914.991159
"bc48ec7245297b4cb85dca1c",563944254.456218
"bc4b7bbf5df92f476b6be103",403737835.826533
"bc4b94c892fea57ebae3eeb6",474547520.237626
"bc52abbda9027e10b879ed50",576372366.005597
"bc54f5dc4e9ce267ea592813",713527879.082697
"bc57535516748048e38d4a2d",613968570.71333
"bc67f29c8679adf31353bec6",796923257.048493
"bc6a7d4ceee8bbff9ac5eda8",1035530249.98176
"bc6b57600fa9edfe13fb3118",851664566.542496
"bc6d6249873222ac7f22b73d",668311808.386697
"bc76b078832a3a81b6d637f8",1239416871.81141
"bc7e867cad6f221dc44754b2",711046347.369818
"bc834280fb45fb308d957640",513526418.566617
"bc8bd1feaa8fca4c52e130f6",443955040.043197
"bc91072d808fe7b43e972f42",485738545.085575
"bca5301e6460eb859b7ef34a",625569242.170641
"bcac2a4cacf13a91805557c1",437679345.337861
"bcaded180edb36336c2f5b96",873463415.747692
"bcbd20cfc50e2f032b174b56",541195082.018042
"bcbe8ed608f233d5ed7362c1",1026794636.40207
"bcc584e6a08822158e2a1454",629574772.662042
"bcc704b2e178dd20497e073e",437414137.459956
"bcd302e3b5342ecd8cc056bd",939403532.560946
"bcd31d201096351079cf7ce4",564623148.077345
"bcdcce01d86d648c4502d42f",814020726.471364
"bcdea05b890394a10d24601c",668320064.871106
"bce0a4447db2d54d36661011",594809936.447704
"bce608b4629b6c8512ea2fde",662469912.699701
"bce7369d51094d3a9d3495e6",1207618706.90528
"bcee01a5d6a36f48d99a5e4b",604971383.216916
"bcf12785c25f6e600eee8fc0",646497687.72011
"bcf2c303fc03897585831351",990007246.474781
"bcf43ae0b4b15ae168abca97",985597419.456679
"bcf775187c0f5ae1cc0e8ca6",807556496.932208
"bd018b302f732baecd085ff0",861395032.971916
"bd0261ab68cf56950ccdced9",873117060.233835
"bd0329ddd50f2dc4dafebd26",1134882736.13052
"bd04c8b6b5e381cd5f881379",439220898.215952
"bd05a6f6ebf924adf92e5577",814574088.744467
"bd066d5d19d41c06b904d51c",764345550.753694
"bd094081331ab259b1076261",705252479.459063
"bd0f754b0fd9b7af284419b2",912308683.726395
"bd12c705950c46e679c34bf6",1293692232.06519
"bd1fda425d792fb0de7b4499",758111893.540495
"bd23b1463f0936d2ced5fc67",739441691.095557
"bd264728a0464376e22b6bee",551560045.32791
"bd2759d469829bb8926dbe09",714796320.891264
"bd2f9648ee9ebc1fdbfa53b3",557574915.952692
"bd3edc7854cffd6b6debfb98",671123517.592347
"bd4526ea5b404df442892788",528518874.185189
"bd4d0b8799fa5999c5d2ee3c",1154497703.94338
"bd52dc8dc5398e5ca2952473",449357654.287685
"bd57e5cd29d935cb26006835",643312453.777681
"bd5d2030639ef16370cca032",779043551.264618
"bd612d494e2f21051556ebe7",887848650.970539
"bd6ad9a9ab28aaef9b4955c8",710976864.101077
"bd6b68abb113370c35786557",888794762.397708
"bd6c24498bf413b6c5adf81a",528097188.691819
"bd6f3819a1c0e551598fb9c7",425194705.894574
"bd74d43d99a240ef4190ecfd",722916388.324066
"bd850d1ccfc4b21a72f3ec44",1007533687.41971
"bd8b005383020611b8922147",503226567.411031
"bd8c1ff6f9919ec6f1dccda9",779973435.181227
"bd98add659faedc1820f96a0",524367011.827904
"bda2fcbba2b412981e708054",936383707.131695
"bda3c74ea6f73407a3c0a17e",748126163.361085
"bda5b2e5a87a4905a30f3b8a",703779942.305887
"bda914dbacd42b2b7c6c5179",907753949.766935
"bda9e5d8048acbbe5a9d49ea",650710773.634593
"bdac2f1c4b306a7742f60ab9",891291746.999357
"bdac560af3e155db33d13d57",939842911.517823
"bdbaafd11259af6300321a89",684951017.394862
"bdc17ea3f30318b11df30508",816731120.903884
"bdc8e1a1e06d387f9c7b026b",747417372.047034
"bdd287e9de82903f210878d6",739849081.856236
"bdda694c42c52ba4803d482f",809898313.510672
"bddb9388922dd56737d8847b",848271323.201112
"bddcc7fb72bb973f84b864dd",975439293.389362
"bde81ef5ff9edabfc7e30d10",781800852.245902
"bdeddd3f84cb0ffdd1fc27bd",914480372.473118
"bdeed3a7395cdb9b175273a6",1079749706.84787
"bdfa334bc331e3e547f7568f",1029498501.50544
"be094e5db0f784e3aa013aae",390249258.223441
"be0a8f4be774eeaa42fe460d",785403534.517173
"be0e466ca7d6942282c8626d",712710464.500404
"be164f9025f346390b986668",686210656.511166
"be1695a7b8d3dc68c9887abc",776270812.080004
"be1c6023731fb633c4f41f96",711572122.023427
"be22ce55ba31cbf7cd285e5b",828616866.052945
"be26f0523e5cb13846539384",729032721.599903
"be28b90a71e2922437f25110",568434523.751983
"be364e85b988ef8627ece74e",441820986.023796
"be3b1df5f008636e14bec3fe",867403197.760773
"be3ee4457a26c6b6ad4237d7",609124189.053694
"be4b96920e3aa5c57baa13b3",520974623.302046
"be4bdb73add69f12f7aa6d06",598458028.169801
"be685d2954b8c7337ec94942",721673866.719194
"be706475abdfd64aabfe45fb",756596308.324732
"be70989d473cd731f6d8e580",901472085.663451
"be78bb0e06d5768ac1908247",492637474.164845
"be8bbf40db0dde8ed4cf338c",589172131.1667
"be8c05b72ee7867fdcb05455",1106879249.67203
"be8fbefb8e06fe169237d4bd",563558830.110715
"be9f5ade682aa1fced79b068",579740755.105515
"beaa09cb49a98e8025fd7e8a",471269311.529014
"beadf1de0732143f0699895d",792136501.052273
"beae197df95b84881128790d",892382260.775957
"beb73d27906bea7a7d880791",828261576.593567
"beb7b99cf12926d8714d1c5d",916088897.100811
"bebcca3e75e747b5a01f5485",656220177.374661
"becc3ae7a71d597bcb16d261",668073125.177447
"bed1fbafde11c156b655e04f",619870252.159573
"bed21c41b31a3bf2095aa273",932686188.977908
"bed932e11a599f7cd4bfa31a",972095720.86559
"bedc5ab20edc896f814c3f06",696314352.875668
"bee2e008ee41f8a711fb8d29",604169255.727322
"bee721e93b8d8e7cb37dc992",797920121.420285
"bee9de3e2817bdd591c02897",589981442.745284
"bef19d0084cfc9f6fa37ddd0",835380368.698478
"bef2008b362c4af1fc3be566",738676544.204205
"bef4759bfc25c7d44a8112af",777229212.772056
"bf00f36c4dbb273d7ba4b7dd",874232486.012988
"bf02fad806fde4e3575e75c7",721221963.845739
"bf0485c2e267d06b9b1d90c6",934240540.412465
"bf0ad098fbccd3548d834ff1",822287693.680224
"bf11c5dfcb321e020601e9ba",1088795972.52706
"bf120b883bfaf7641eda65a9",711194704.500029
"bf17b59bf2ac2d06894bd786",945673524.35863
"bf17eca5afccd9cd6299b9a4",914357640.748195
"bf1dae54bab00fcd3e8c9ce2",658371959.814546
"bf38bb7a2a7ea663cc8f3d57",688166570.336408
"bf41b26c090dbf0a19252e43",734341306.459968
"bf430621f17dcaf17fb91ac7",597043260.865625
"bf43226ba66a3e2033d32fe0",935201182.726133
"bf4b8b23cd87377169684e98",1001042982.93636
"bf5e687721e030639ec81416",835805552.631053
"bf6005f6f71da582a6fab8c7",656293839.562201
"bf6845aac15fde9b89a7208b",724895975.420913
"bf6bd06201e60a4c98c8623d",858405246.520911
"bf6e713a689f574b532edd4c",1075455627.21239
"bf7463534babd284da6ca671",398873177.817128
"bf79649b531e876c5f03883b",476527659.901602
"bf95acc88b60a3d531fbd42e",483503713.586422
"bfa4cb65827c4ebb91478e53",977495330.782863
"bfa56d6230b858591743473e",747430343.655592
"bfaf8b7796c8c57bb5997be7",751450450.150721
"bfb30ae71cdca27f5a5494c6",1044017279.3656
"bfba8fe959dd2e44a4202943",887680479.962179
"bfc41facefe9428865e4c29f",1179184684.47134
"bfc5aa443994e3f3f78c6105",1141406500.82244
"bfd2f20a7bfb0d865d7f7193",1459180734.85777
"bfdbb7aef98d4855d459ac94",812412774.175837
"bfde6e7200fc27e6e6f1497e",1062287060.52863
"bfe19954cd4680149c682587",628716820.816184
"bfe7c873b2fbad871327994a",944695378.594322
"bfeab1b12dd82efa96efac31",630351700.167436
"c00083aa30ba7d953361674f",472315098.767712
"c00592c7c0c3a863a1bab9c3",752746182.062961
"c00facb3e4cbb27c47a621db",1369720749.00157
"c0109086d0f49aac6c3f3f18",666588424.881159
"c01199a4b2fbf0f6cbdf2a65",714978334.641957
"c01440b8ff0d80e7bbad715c",630931748.788289
"c0155096575af5fc8db843cf",340644644.755031
"c0174ef555bfdd648acf4346",646939254.011181
"c0224f0cee5a388014db4f55",1232437008.15041
"c0277899d5f185cc78fc4a79",754217539.514174
"c02caec41084656408c2696e",782610018.594086
"c02ce25a3334860d3bad53e8",571884852.245017
"c036fb38fbd2d1b59ed5b7f7",757328599.051076
"c038742e427830aef3ac1c17",535448438.660691
"c041a933261204155415c2d4",922048777.82942
"c04e72fb6244d9a9b28322b8",826108254.297899
"c059affd0c19f6d4d76f37c2",641707764.528571
"c06088db17767866b7f4ba7d",1092106736.23481
"c061b886b7136a1b00c8ea2d",945225958.075359
"c0620585c12f3d9f1298696f",769155469.109299
"c062d873af3b7cb98ccbeec9",1013761941.11961
"c06a1d212fed896b6ee4e1c5",582267458.066566
"c06c737cc0cef7fafa3fc4c5",706392320.842283
"c06c8b6425e3a7c2d7481e42",648393548.4123
"c06f36b42021a1512cb6e3bb",469739007.643484
"c0706c78d5d98202dc24e46b",880483383.724749
"c07e2ef0bed4be12e41c783e",757335620.711297
"c07e98122103d1546d995f9b",1157261405.44456
"c083a5c64c4d6952accd7bdc",488999700.75981
"c08b016afc6a07105d7703a2",707500546.113758
"c09b8c236316b87a92a620b2",578966730.570793
"c09c39339b5bbd48f349a430",725756126.458102
"c09d691e4c7d7b8c8f6a8370",860350267.997289
"c0a9e3f5c57cfbb4aa9b2357",807700951.15495
"c0bf06891690188e17ceeb8a",580750410.845661
"c0c01ecbb9189d77098659b8",671471611.259583
"c0c4ecc8d3aefc53c4c06a38",646862884.512859
"c0c4fa199f0ad751930cf78d",754016825.43956
"c0c820463dfec602a6118ed6",965990732.047901
"c0ccf6d535d1316e37e1024e",833963484.594826
"c0cdcb5f860e3a974c401861",818708005.294943
"c0cf9517f20ae81c79ceb0ed",1022604459.46428
"c0ea6c76eb977d83c163fd7a",542427509.574932
"c0ec1e7ae2c6c3c2f2ae34b8",713942514.649852
"c0ef32a7a294e5891505bf35",421621701.12851
"c0f911fe7ee2113ec59cb5f8",783739400.858501
"c0ff8812c1e8eeab07c698a1",426521925.762286
"c1034173dda31d20c4efbed1",597412957.52705
"c10f25fd39dd36287a6cde73",1369720749.00157
"c1168159d4e2fffdd5662757",822917079.963183
"c119f62348e418d9ada13362",800804076.716546
"c11cd2e00942ffe56db5ae88",780160607.609893
"c11d82cd360eae99c04009b1",1168723449.10279
"c11fdc02a288af0572a2bca1",780589307.87334
"c12904320223ddd043f39c63",702643077.850819
"c12c81b3eb12bb329466e88a",1133944453.42481
"c12f362b9060344ad044cfb7",1017696583.20514
"c13263f9c8628bdef086106b",799983087.195586
"c1329245f57c5d9019105382",971277204.978302
"c139bf6b72a93a73155e1f5b",395982618.789476
"c13e387f56342f88c993f0a2",777664703.599255
"c1420f278d45b85c56f415fa",958431945.773883
"c14f644116669a160446a945",630351700.167436
"c15cecbbe717e72f09a84271",656905362.686363
"c166a9293fa27e910e1fa9c1",844952976.863278
"c16ab4a11cf67a39fec6f049",750223697.931363
"c16e9d9444f85bdfade710a0",740704336.516603
"c17a3139c360750a6de5950a",435767727.631718
"c18c2ea88f4ac53970b53d2c",837312600.616652
"c1976383069b6b82ab29d092",789685159.765472
"c197faa8bdbd51c075a6d3bc",1000373166.59002
"c1ac42dad98d2f23dcbf140d",996389005.778714
"c1ae2af40e1ea9da6380b8ee",1012117914.20021
"c1b0ddd3c104ec4482d5025b",613895284.560375
"c1b386f478152f9be1f546ea",746025555.578922
"c1ba606f32ce0337cbccc2b1",741808392.551726
"c1c1dc8df6996a94ef3c7d33",459545624.966969
"c1c8024bb6c3635ff655843b",549095322.078345
"c1ca38f941200a9d666aaedc",550327364.472338
"c1d0c0846ec652774ed5474b",1079631267.20313
"c1d9119fa7ae7d44362f18ce",909741886.912482
"c1e0b47866cf4a0120e4b3d6",649884502.279216
"c1e51ab95336a51885b4c672",831677637.642453
"c1eace64bd2c9f6bea289c4b",932801147.20792
"c1fc25faadb151c73ff254ec",738927061.558641
"c2071e85fbffa3d2c2168319",579641053.580847
"c214d2383936dafbe0652c51",1110311903.81812
"c2164829374d5e880c1a1f31",783389832.03897
"c218434cb0b05ebcef935e5b",980311362.937092
"c21a3eaa136ef8a912ce7b74",879608649.004556
"c2242a77d30c0abbed667ce4",992172126.054284
"c2282da3ece2dca6e8a3bca5",884759951.86866
"c23150d0aaaf932579561998",983347670.727239
"c23a1372c81ba03e6dabb0df",534647176.043728
"c2424b4861f2ef50f8876c0c",577451073.159125
"c2439ab65fe194d1d60eaa07",952098897.982847
"c245bfa6587eeb55227c8a4d",686378439.836881
"c24be8293c8f4080562ec0fa",659083553.532542
"c2555955d5175b31e5f783ac",939838666.571724
"c2580329ee6d7a03925725aa",625976001.24124
"c25e1e289cac1bbbee489122",833634143.798711
"c25f892c01420855f61c3dd9",723187004.345353
"c269765ece36cd93058efab9",557430511.772478
"c26990b034ee83450a4517b1",817942167.740443
"c26af6fdd00a85a17b823d92",755325774.435096
"c2717194de73e1a1d8dce40f",406225134.015665
"c27b2b735106bd5a77a15616",668691715.234938
"c27d72aa1fc5d37f4cc105eb",978452736.12446
"c287dbff188e95f833ab21f0",732853612.681775
"c28cb417dd28fe4d4d41d114",766149497.306293
"c29b30cc5db2ffc273e4cb14",677454917.477064
"c29c69bc6758d5976024e455",705252479.459063
"c29ec380fc7295a9a770a74b",437165627.38789
"c2a2ddb94f60de25378aecee",802631455.359248
"c2a9b4b389ae6f20140e21eb",861335671.446248
"c2aa451b62293042b7244fff",951139630.088789
"c2b5216a8050ea0fe4008f59",957630523.702333
"c2b880a6bc90cdef9dac52ca",785810288.899565
"c2b91ce4b1bc8c576a0ce1c8",764766053.134205
"c2b9a3b2747f32d26c8219fe",706933079.361999
"c2bbdb2e5d0191071e6db37b",800155097.344091
"c2ebd39857dbbacb99e6cc96",738897868.068494
"c2ee475efec76c46efbf1b08",612193862.208793
"c2eeb1cf0549df1359ef4dcb",553737800.677794
"c2fc3f04c3870e14b89d5fbb",597404430.028976
"c2ffdd10fe424afa1b09f31d",638756713.14996
"c310efec13e312442f7e1a01",570457909.874096
"c3140ab2134de662162af508",423009523.870014
"c3191b6b40191009ae9f4b7f",1030520426.98643
"c31c4bd09d8cfba562ed2b41",881332743.190945
"c31d98f67673691ece007a65",735898452.44044
"c32249c7c0819b1a29fd611b",705963722.844674
"c32df77def9978a84f8ba7f1",920215131.907677
"c33613eff66948d1bb8ea3bc",629124115.51439
"c342f6492f90ccf623e8e8cf",531386137.52818
"c344e3be381326a1b6cb5989",913474525.080846
"c34c2aabac06323fa180b24b",538763174.187586
"c34c94e7129f84267a5e4fd7",730805281.151134
"c34d46d83e76f54d53cadcb2",872311204.35049
"c357cc3d2f4b45ca3e1250d2",561404969.59761
"c35f5ef73168d03cba1b1f4f",463276625.08031
"c36cf907ee28017eb1b40674",451009286.448974
"c372834e8e7a4279f861aa4c",823280837.324093
"c3733b88ebafc0a05f5bdc99",688885102.73362
"c37348f8247ade33ac513855",1222806537.81637
"c3786f81345d39fd8b353da3",752639096.649918
"c378ef33f40f8be9263e517b",576568916.157668
"c37b357d57918c3a651a5760",690123112.144628
"c37c7859956931d77cd5c9a8",1029766888.16829
"c38677ed0876b7996f596336",469809466.882227
"c386d1ac4fa8dcec4cbf9788",849126651.074963
"c38ce4f3763795c61efee6f3",529193519.356161
"c3a78d9bb10165d9be188394",747000963.013462
"c3ae3f44bbae215f7f2fad9b",370627436.592712
"c3b357d17afd631df02dc39a",825117724.047674
"c3b8b774037044a2524913a6",601000622.726698
"c3b8bbc492a7d7bdd63da22f",975699672.149815
"c3bbe8c09f5e58281dddd412",879382161.223313
"c3bd0b8277a37832f56be54b",640576104.20979
"c3ca43d0474dea2f2dfb9791",500415068.115719
"c3cdfd0733404ec885eb3edd",768958495.360446
"c3daf2abea55af99c9579319",893848189.374913
"c3dc5ad23dc8cfce0671adde",966968444.209642
"c3dd975d0aed59a65a784e47",929664707.96165
"c3df4b9fdaa4dcb13723b5f1",784097849.570157
"c3e1e0d2618556de7df13403",747610877.972872
"c3e648317c360c76b94bf541",514112217.150599
"c3f889c41c1effea85bcc706",671643329.764238
"c402811ade75f5e3dee73ac3",876870040.097048
"c4074029fba935dafd82eba8",581590022.375089
"c412ab869616d6576cbb8309",465094269.95197
"c41964afa164d8b75f8dbe92",736606515.277274
"c41dfc0b917edb6e6ef7b1c8",564842323.097444
"c42c59e8a08e8657ab4201f1",443634166.454447
"c42c99f5da3248e7bcc73fa7",835321669.224548
"c42ce8f9f62f7a315e028e3b",652565337.5285
"c431fd6dbad57351a497fae8",654845542.819768
"c43530f324a3ac90f53a8849",686459114.723079
"c4476befe0002dcd0c315993",781167897.921234
"c451b61851c8ae1e6222109e",1040233042.35423
"c455b8a15dbfff94c2909f37",856736327.542298
"c45d7f326a2f279760d1a4ae",913725322.492175
"c45d86d17d1d0519b455b7d4",1082016615.66228
"c462f0736fdefd319cee232e",1032523633.54159
"c46b122728ef4c9ae8be444f",850579398.189055
"c4749eb8f59cca469236df01",442965842.835305
"c491a13a87fa1ef595b35826",776282178.102009
"c4955010d066e013812a85ea",1143273555.76238
"c49644baf8dc51d3f76d7e7c",540589814.959945
"c4a3d64de5e401a86395a919",675258433.137726
"c4aef1d92cf264c548ef1f2f",397064103.120754
"c4b2a42a8908cc35e649fb16",687725632.713165
"c4b97a459e2c6d13710fa273",538371197.528152
"c4cef41167a5e8354a61feb4",907578040.351289
"c4cf9ab3776289a412684892",932435289.89537
"c4d7a906b747428aabd368cf",843017362.250899
"c4e8559ee733a551649a5dcf",763078542.470349
"c4eccc400db2dc9627c9879f",831175777.298868
"c509f2036a11b7132c633d2a",657338120.355173
"c50d5b4e75f165eeeb2eba97",751747793.69538
"c514c9a35632e5a9c0476a31",740680861.874345
"c51d1eff1b6d29b4164df520",1327958692.14574
"c520b7e8de3796450ce49a30",402046270.116739
"c523380518164e1e317cf1b8",1258284364.58962
"c5346c37454ac2b13b92240e",1148401467.29809
"c535169307e21e5df7ec88e6",881099257.160157
"c537ea2620b8c3a3f013c0b9",965919184.23521
"c53c58dd7b26902f67c3becd",946590082.195154
"c53f3bdfe8159bae98ab005d",1183509224.68829
"c5498cdddd7856e99d21f52b",622723239.409393
"c54a573c9aef013dfa2abeff",970854439.718554
"c54c645c340f59dd5f47bea4",447303203.026564
"c552cfa8e6b8c8be2c963ae8",394928549.090688
"c5602c608080e2546dea5463",376020216.647579
"c56163e390d9e5a7a76e77be",826801739.233951
"c5641447732d3d1269965ffb",1117329577.87048
"c5788cd5507c577b7b585ffa",398873177.817128
"c578eb2dffe903475aecbffa",426483175.681901
"c57c3c7edd591e16c0b7c1f6",640355947.93754
"c57d333e383039db0fcd2620",981823690.133147
"c57e1c323ddeaa7475e5189e",669287715.831311
"c58947cd4f238cfdc0007bf7",1226232410.06692
"c58b56f1202d1cdffdda3021",743579663.259703
"c59c2a19b93ca666b7c389d4",893907782.001076
"c59e06a2ed37fd750cf39976",1073886401.71889
"c5a5676bdb1698f8c38cdcd5",509850611.569595
"c5a64fe5ed5901734d98a22b",701992274.549005
"c5a8695b7aeba06e46266959",719849791.251134
"c5b333e454ed6e93ad32d96d",755312375.270547
"c5b40b510bf7f121c93a2332",860886291.43281
"c5b47ac5c4b7476d50bd56ec",746082625.717622
"c5c024d11b3ebb2cd088bf6a",986882631.642698
"c5c3f06bbf812593d1b95a40",1067752947.67104
"c5c7631ddb5b485d0e992f7b",516809763.338559
"c5dc941305b5fb59e66479ba",838065128.890457
"c5f7f0323f554a7419f78359",862995309.569464
"c606665f3a3f70ef61fa5cf0",1085191252.0286
"c6084b85c8d95e0ededc25d1",963561097.277003
"c60c2efec3c12959d86fe3c8",618534464.43863
"c61076b24927a46ef506322c",1014428436.48348
"c6115d5e908e04e67915a581",805215286.728974
"c617d1f15d294f0b0aea8ed8",870193207.345129
"c62494a9d7aede44f2f84023",1223995568.84795
"c627c6287efaeb6fd9049312",712316606.331235
"c62886167530efe1f84086ba",707906832.273134
"c62a4288a4a0336b1436132e",608061087.298793
"c631f8920a2fd1160f6b15cc",703779942.305887
"c641febd8bc2ece3e4d2d8b6",558664077.111435
"c64346c8b0ba32a55292e66a",998226110.691677
"c658639b590415bc6ea44119",544478347.464661
"c666974c4303d43b87714c62",512299435.037938
"c670315562766401f92913d0",427574469.027253
"c6706db3eb4f0bbb0510578a",1001263635.90554
"c673d94552bc3e451672939f",916953660.77873
"c681519ec1ee1a28f6a3607b",869174847.701867
"c697ec00214cad882d5e9812",525149521.781024
"c69e08214cb1fbc09ced0971",500939750.31386
"c6a089a9bb326c22e3f3aaa7",981080204.582536
"c6b157e7a6ca08d04ec4de4f",446880427.208312
"c6b7e739125907c86a8997d3",792053401.456972
"c6bb4ca5a0c839d38dd8ce19",1089561287.01766
"c6c7409bbf52c86461aa1dd7",686810201.624346
"c6c978051fdc655d21a370ab",574151728.535716
"c6cb6ccd3f5876c9b9e29685",717841406.26648
"c6d075772255b1efa52317ac",942158160.823119
"c6d679cc07ce4373197748a8",1218201183.54051
"c6da2874d2dfbb2ebab542bf",1085624335.00554
"c6dc8c201ce38ff2ea49cd68",1282882039.2188
"c6e34cb4e79a729a5df4183a",871699367.22466
"c6e9772058edb2268434d7cf",811104155.98253
"c6ecbe7b57db2db74b0d788f",987105170.996235
"c6faa40acaccc1603c29df96",625460089.846766
"c6faa5d2ac8e74c26fdaad4a",869679334.5934
"c70439fc435337f1e8fd2f5e",1213169880.17524
"c70f6bd5ca138bacfdf8b5cf",877240804.04885
"c71123c31d02408cdaa74daa",557997566.164454
"c714b30713eb7877ed3cd92a",486261227.328538
"c716d4dfb5a3c2e1120bd84f",990946145.983878
"c71fbecd8f7310c201adbf40",847082150.35646
"c7205874bee601a7b01a0cd3",1087708338.93092
"c7214222fefdd8d2ad7f8f8f",739261328.335777
"c72cf05b93b9c290c063b08b",898531012.316636
"c73a1177d787a5ed72b8a9a7",834512214.330235
"c73c38b652e9418f06f89b67",513602187.778954
"c73ee8d419b96c6e7c53f95d",850975837.159652
"c73ffac843c155f24985e6f6",795251608.358988
"c74020c85c9fcb2a2cb3ac74",757012057.874438
"c740655aea4eab7066446c42",748541440.619361
"c757b3960436c23dfaed4f2d",1042011926.62988
"c75b265c0eb946ce77e32ce7",820874473.30062
"c75d43b8089321e359e14264",895637121.865137
"c76207e622cf8a208910707a",797817183.425349
"c7694e92a97bb66794e62fbc",569334405.025494
"c76c4695ed005277a59451f4",764546291.660833
"c76f482d2a8f8db5eb79ae89",1092502496.63211
"c7746198cb5871bd687c2538",603447252.889769
"c77509a6eb6665bb8eb07d95",890688693.778348
"c775d4f60fea55d5511da4d4",878187675.315474
"c77a63e92b9f727034913d8f",742510479.679891
"c77d7a08d5b9abd4d3082fb5",751998499.258427
"c7876dc81e250503076f43f2",660098694.40731
"c78b16f05ef58855da0d4f2f",685108611.296791
"c798ea36d2e4a8119723eae7",1000400050.39946
"c7aad87d39537083a5620757",718297060.70346
"c7ac975025713f368bdb0af8",1079954265.3586
"c7b6e7a287602275f7854ef0",1112547986.75246
"c7be09a810b9e54d2dfba4b2",686402415.519484
"c7c3da1f12d872a3726736f5",787726606.639638
"c7c5ee499c712082931032a4",1494169956.85214
"c7c835349181bd3f0d964eca",1575310129.12264
"c7c99ae9259b34bf9b8ba799",438080690.62605
"c7d5f021595b58c507f47d3b",953219730.261081
"c7e45098251c687efe670815",713634091.217307
"c7f422224808e043753683f8",1306515335.37742
"c80ef212c870e2f20ed2234a",698380450.00199
"c80f897787541816ad63bc17",635250877.978615
"c81133d5a58d7e8eebb10c8c",1252423631.45116
"c823e3fcfbf0c43bf2d82586",1163788192.83517
"c82434222f4129168fa82e5b",654581818.359324
"c8244d916b0110b1acbd38ac",694971832.07984
"c82929467d22589ec62c0475",803671951.767137
"c832701653f1e7f01913660f",997497870.167195
"c8346a875be8391145a2f9aa",424443828.824065
"c843044c1fb30819300448d9",437477817.878778
"c844a386941b86a3d4c0312a",719055760.629293
"c846d5698bb295697186555d",674829337.404398
"c84e1db639ee43ad83f930c3",761792710.28327
"c84f96cf4570158c3832c3f3",793790582.634758
"c858f0f3f5594e7bb0f3b6a4",1202906925.45464
"c859144477dcaacbc1654a8c",636574890.303168
"c85d56080167254c7bc19303",791632693.092238
"c85e9bd6e20ee2a883d0a7d9",397902210.19613
"c86e643b7f7b57b4482020ef",680946339.863313
"c876ed979c9127674000b740",749363465.834048
"c87ae84ef029febca1e633e8",614252631.79099
"c87d9677bed80b0fe06308b7",607773998.873583
"c89167e42af0d42c88e8573a",745856284.764149
"c8941b8d7626f7b33628158f",1248624519.86426
"c8958d280d0cf2d8a0b481f3",748108898.255562
"c89ac55660cee4608bff27d5",630629545.315183
"c8a3dc3654c53cf66953de0e",728820363.354929
"c8a40314be3014c2a218f5bd",1032639834.26279
"c8bccdccc9186136a332e995",1001718854.62314
"c8c8d083c9b9600059a8b8d1",694688779.599774
"c8d179013c5bb6379693ef03",521699185.845693
"c8d39eef5a5422e0da4172cd",924154835.87714
"c8d4ffb290aa9cea002e8d67",407957706.848856
"c8d5a0e9614dcf96a500206f",698693330.315209
"c8e00b4dcfa2d05d6a7fde26",1076752631.87407
"c8ef57ddfb35061d1876f94e",549053063.830874
"c8fd8b729f4ac6270aff9c9d",1056723272.99407
"c900d19cade1443983274ac4",1373197280.94188
"c90486bba327ede32dec60a6",674889671.460804
"c908280d0461c3585af94d53",1193436491.62054
"c918e02b3e6d80125a2db1cc",534993299.110267
"c91945dcab0bf200c3ef321e",770164949.57998
"c926ee21c2bd9da7da193514",501892249.847067
"c926feb307c493aea729001d",512175662.901812
"c92bdf97d7f0a9a12c024406",420639869.547463
"c933750eeb53302db0245782",470823155.433896
"c94056bc09a4bea0e853cc41",647227800.911184
"c94dc49efe0a350bb522a56a",1020082795.74961
"c954618c48b70cb00efb49fe",837148225.431062
"c9620e3e2dce92bf95c57c6d",712576383.107136
"c963faee3ac527dfab08f61c",543170785.759749
"c965b03014d21473b27072f8",959569574.789081
"c97715bec6032974060480d6",1113015897.3652
"c97adfa6f5ad3e3db6b80edd",966039590.585718
"c97e4d7e08db3171290e939c",927417040.549114
"c97e70a767a3661c4869bf86",666646505.317779
"c98157c582392cb895071f28",822452828.070711
"c9851396352bfeb05fbd7580",1055205862.5165
"c9859204696f3440cdb541c3",967644007.774229
"c98807fc596bb2f505b4da9b",906403789.553638
"c9a215f284e095850c809425",817205207.238675
"c9b0673becdedeede0209697",409218024.647051
"c9b6d3bce20b7f528fff8123",762391871.885505
"c9c3973bb37b5c688a7c0157",702135409.066157
"c9c51c39725d7df94822fb20",748599697.635636
"c9c769e7ccc99016f61269d0",687901127.164788
"c9cfeb97323bd6a0564e1903",638880214.057112
"c9d096d4353b8eb843e793d1",750097082.364379
"c9d254244e315974cdf5d921",1287839931.41713
"c9d285946ffc4c4b3ee95da8",1297257531.71789
"c9d5c08973c493f3acdef892",669339921.154292
"c9d996f458794961d9957c1d",746658197.042285
"c9e20cadac540faa59d9aa3f",530181926.909913
"c9e92b994e48df83dcf9976b",1393571777.12491
"c9ee7f0666429c0c15c37499",369015523.764166
"c9f92088dbdc0d81412968dd",909689300.3328
"c9fdc3f80534b32f1a75f530",870385966.064797
"ca02c904cf5eb96ad20705ca",821321934.168277
"ca0b59b35225b44447967ef8",513602187.778954
"ca13bacbf6dc8d1b09fe4c67",973982745.918089
"ca1b1c17572f776fc1059691",664353734.611121
"ca2f81b8fb6fda20aefb0ccb",999810047.958568
"ca3b5cd3505049f1471c47e8",812656243.496069
"ca438e13d8aa6285858da0aa",936561104.963216
"ca463fbe3e5cacc152aa70a6",512995428.688893
"ca4f4a66d83f2043a7dca261",421621701.12851
"ca50f7143937a99accef865f",1061509549.59437
"ca516516b33dc09d712b3154",900131509.791796
"ca54914a1cf1028b9c8b681f",804293115.620754
"ca5949c4bcf0b63e5d1be784",385586113.115124
"ca5eecb01282d4a84017bd50",721544472.853708
"ca643c04044fabc6fc566d12",1027455668.6535
"ca77a424800783bb9c5c0450",922055001.321746
"ca7b9296080c9fc9fb232782",1014973651.74524
"ca7d715827b39c417e5b75ad",901909452.61947
"ca86f53a857c23b15eef428a",993147816.094033
"ca87bd8401c0c7bbc4b3f286",943019723.48349
"ca8c85e8100f64416146368e",1009118880.72257
"ca8dacc29a57d39640e3e59c",918096510.723291
"ca9520c7b8432b0521b2e8dc",631433567.651681
"ca9b2ef10b512905af6be620",877102716.381447
"caa4aecacff2beded2e76beb",661821072.688675
"cab0a460167bb64c037cf25d",367301961.995813
"cabc4fd04b60a66bdbe2cf9a",1107718280.86924
"cabf47337c2cd619f12fe69f",655841880.116593
"cac3eb4606346268cea48e32",1184278853.09684
"cac7e7c3e13af91bdc7107e8",839816199.34083
"cac82fdc4d960947bbc590c8",790381449.563428
"cacb91ac1b835d62422b8a8e",1075484359.19962
"cad16b2ea432d926d961109a",771654443.755227
"cad720be1395e2ab5869807c",617746411.993474
"cadbfbea1d03e6538af648e5",547097051.199143
"cadd4a6e1075b57f7b74c63e",844429555.969941
"caddb9dce27a7e8012478da5",645124047.410523
"caec584b5b6998684bbc6a70",391042597.930726
"caf878b42daeee3c7de336e9",846168424.621371
"caf9c761d21329c993a0bdf3",854308750.14424
"cafa94c4a56c23ec73ee9071",961877788.463269
"cafe7c1ee67458e05c84d5fb",871153053.452522
"cb00154afcad81df60ee58f6",452651012.611022
"cb00e44cea76a92e9c44e793",826234825.238641
"cb01687abe09df6838e1b224",717576777.616628
"cb083fa7ff634f424a351840",673194406.692094
"cb09a84a1d7b929607d01ee5",906595415.90473
"cb1c8ab11838d9f0a1197e25",920694530.621119
"cb1dcee1f4ede0877be1ad15",799607614.962572
"cb2188cb8e534973ea3411a5",776087477.907952
"cb29bd3ae3d5da88c99d3db5",792688498.579277
"cb332695a296899d1c798426",639699181.005316
"cb383b7a746ed55b21a8b245",788704759.978068
"cb38dc837baf3e0531c6c115",845541429.445914
"cb40d6ea6a1eab77a60c1ba3",722635896.508503
"cb482d76b3b4904c595f2dc1",492320713.32619
"cb604e3a56cc847189462004",778060623.413427
"cb626b981c0997d254388e76",448067562.946648
"cb645955c851790e83e696a7",898108754.415345
"cb64b363295d36b9b0fde3cc",618886763.694003
"cb6d29f005078d4d4efc2d04",653600465.009491
"cb6d4db44c789fcfe8236b40",700922391.00694
"cb70f4993947b640317a07b9",784038284.053645
"cb778195c5d61a7c4185424c",966986910.040861
"cb79e02041eddcfa9225346a",742113766.702244
"cb7ed5960f325114bd3489c3",894209857.547887
"cb7f62ac4c1afbb4256601f0",640966802.830754
"cb83c138aefeadb184d2c7e0",593457321.632653
"cb8844cf2070d8697bcccf27",584745386.826107
"cb89ad8156c3428ac80a4db3",544964629.17384
"cb8b826e929f4f8a8e3687bd",697175732.804009
"cb8fbae1b4141461127c97da",1001429235.14989
"cb915d1ef92dff803c5cceae",1232790803.5073
"cb93b0d5e9a26628b0462b14",595655033.657863
"cb93bf58a01eb262cb003061",797866935.770428
"cb94eee5ecfc75d0fd5ba6e5",998362088.323973
"cb9d8fe7c18dba6827836403",736997007.684408
"cb9de5719b978a78c71db699",1011318787.45939
"cb9e058f82b10cf80990beea",844723611.941703
"cba57e3b393b3e392c7431fb",953535487.215194
"cba9aead5bad82b31da51e6e",1020042311.77754
"cbab68c32d78424452249d9d",1103084002.17965
"cbb10e7618b1385cf922e815",1069043336.34521
"cbc99d6202cd3a31e1c14a16",610258912.681513
"cbcf4d76223673724b0f9811",838106755.146182
"cbd48f3342e63a84173a8dfd",396533962.841898
"cbd78f55af1db4d89b53b496",542724074.292958
"cbe4318f63d73fea6238079b",1254717538.8814
"cbf6faf7b47b43b2a77b3654",852282046.072956
"cbfc3ca911ca23517da8c2d0",1059753357.99294
"cc019e30685c91634d2fd4f4",936738536.402771
"cc03087e0f18d59c521b6ce2",1001918937.07428
"cc125d0f70d6d0819d6d90ee",570385865.2372
"cc1a11362066152d21d4cc60",601911723.350253
"cc27435df779f16e6a62b0c2",1299224958.72873
"cc2c78d41e3fe29de0b4ec4c",1077472336.20709
"cc2e8713dd087d3b842d2f11",438366278.085868
"cc385eff95aa00310eb22111",654591278.189654
"cc3ef2f4fd5568aea96c257e",653626005.053575
"cc48e66185c23195cf958612",519807547.292956
"cc51811e23409f4d77995768",647403974.995256
"cc5563550bebb29c83ae3054",1224177330.7817
"cc6fcb8ea6556f676c13a76e",1058067411.637
"cc72295ef156cb2d60d6b10f",898794667.392166
"cc9743189c3671adbb1be49b",855213775.176035
"cc97f62e2fb9d3e31ef1c00f",627567566.991307
"cca9a08bc4a91f317b851f11",1069917406.85553
"ccc4457f68fcc1a416e3acf3",837668550.05429
"ccc4e48073c3da10a2e2d08a",856422406.470662
"ccc625df8f51248e3dc93214",465378034.704614
"ccc66d77e5f68779b1c016db",555902309.200729
"ccc70d1d8e4411331730bd7d",521823094.762842
"ccd2f6ec8e9841f1068b7c76",587288353.74525
"ccdf0abddccb1a670f31c2f2",922506919.376899
"cceb25e83ecf22252aa92d2e",1271965835.47122
"cd0236af88ded6bc15b49eb2",911193042.436845
"cd05166ab9bf3128c23fb8c7",935503782.493838
"cd07b4553b6d3863a9e444e8",998493527.641606
"cd08976dc2d69110375f8541",671850118.876276
"cd097f6cd92275ec8ace1f20",600754903.849535
"cd10d6e28fd7ce92518ea31a",998926978.80429
"cd14f8aa1613d754221c4735",738925559.434877
"cd17bb739ac79f80d6f651a8",825917989.117751
"cd19dcd4aff76caaa1cffe54",401218243.011369
"cd1fc7362660bce494b5117a",542228693.753137
"cd270a11dd8257648d1f0444",862204178.532732
"cd2913f013727119158b98c0",1127142549.15409
"cd2aeb1b2649ef421102def7",884762767.50456
"cd2e4dff930a1c7a1a569992",875860013.311631
"cd365053914fcde97b7ee9a8",833870238.306192
"cd4656aed92f5c0a0b6b7c0c",856381094.479956
"cd5111edd2fe80f56db29531",744389719.956389
"cd53a991573ecb5c53f47986",1064543138.24291
"cd55abdb54bd56d54b11fad2",997194929.111223
"cd5658fc146ae4b5d78fb565",673187815.524845
"cd5c6655243a4be0912bc92a",1019278799.37426
"cd62ad28163c8df131a8f2fb",965326602.682864
"cd69a049dd8a3822e228ebaf",821248039.950761
"cd6ecb0f77acd93cc1c9038e",1137136928.86813
"cd74b689350ef612ddf1b96a",721992225.687575
"cd77cb445eb0f72df89b9fb7",807851784.062769
"cd791a46ed616911ae7d4fbd",641429055.790079
"cd89201cfe3fa19a4eb14bf1",710897568.442701
"cd968f8973a267790a38f2f2",757148249.596861
"cdacddfdb6ce41a3eb752496",530385315.27667
"cdadb2607807935a0a5597e1",633512696.419508
"cdae3bf05372c13649a2adc8",440880339.333197
"cdb5f8327360c750469cee74",855213775.176035
"cdc0c282ee62c51e3a20459a",1111478418.6956
"cdc3e114698984145df842c7",1322708869.9857
"cdcb874d2e62220d12230632",838046699.487206
"cdde8657b5a215915a04126d",1318620755.65746
"cde84d2435eb1d0d4ffe2a43",891614966.863495
"cdeba97450c735185e486eab",764332236.867658
"cdef6e87c007bcd9b4efa9fa",1044147271.89526
"cdf11b53a23fcf9b6032cc8d",610098601.892855
"cdfc387f8246a1bb3110d724",1015501996.4676
"ce011b7462e9be36184a2984",432006675.99839
"ce03d8ae43a426e074ed35f5",1099848218.50009
"ce12b48120daa5704a4c81e2",431688916.492388
"ce14bec246191176c16c4e27",887689415.534697
"ce164af02f76ab3a68b0f980",806701356.154508
"ce18358366157fa869bf3833",813091567.478101
"ce1b06502cb0c5d9846cff9a",454209300.505375
"ce1d63bc4411a615b816a76c",981723214.806002
"ce206b82f2de3793156baadd",737343649.406469
"ce21f368495d385fbd98de73",586315084.932998
"ce25e9fd3bce9b75050aef5d",981970930.506513
"ce2cce355f493a75ab59b242",473198396.002552
"ce30c2c7cda56a69005300d4",646848435.611549
"ce3deac5963eeb96826c14f1",778729404.149975
"ce407c1e25333d7c7eba1b0a",469434058.558527
"ce44699aeddaeb77f23c9b9c",1249273060.07204
"ce47299ee877638c4729f60a",474289920.51147
"ce509ce153f452ff8a997538",878283010.856176
"ce53f3477814fdea2889cd2c",507664164.329273
"ce60e2ce2a420052e67564d2",937404236.114282
"ce6a3868227d78852fad9f62",1207618706.90528
"ce6ddb82d2ece3b8d58fcc63",515040247.07701
"ce6e91b53465250effacca98",1193169283.91439
"ce6fc507df0105c68c29214c",699178078.419787
"ce78e1dbbf0f7aee98e244df",938811596.527612
"ce84187750fa7aadd141b5fb",730675488.788871
"ce86066ad78dea43089d25c1",1148632779.61828
"ce8ce41a36b610be164a25de",814283632.167388
"ce8e1e2e4a79fa55a8547457",1199257487.8487
"ce9474244dc2d40f357146c0",548194772.499135
"ce95aab452311a0cc27e0c7b",723050022.566274
"ce9dbb6d009cbdbe654edcfc",885317870.143656
"ce9f2f0071be658ae75ca6f9",1233491592.66414
"ceab390b6906d5cbe65fc402",745903306.345103
"ceaf16e097500022498950ff",462213146.024691
"ceba7d0f56f6cb03538962fb",719426450.25835
"cec8daf847f52cb2845a9f58",940087218.936802
"cece8267e60c2461d6c409a2",985725277.79241
"ced1f52def08143f0b2b6849",800632393.098483
"ced624c6debaa01c732e9f60",815294104.139359
"cedd20027ebbf47baaa0dbff",735046212.350926
"cee124f4b9031f59c4fbef47",949518958.466156
"cee1833e8964355b9aabbce2",557786201.02683
"cee66eef685e4764b9553a02",551351118.673104
"cee8fedd5685633435d77a06",1204873159.55132
"ceee9fd6e692196b960443d8",584435618.906566
"cef379fa831f936cad745dbc",752237067.638412
"cf0152b0a5e886e8291ef4a8",842222882.461256
"cf07a5af6ee98d735bde14bd",1241466629.67328
"cf0ca58262feb1f8b0dc7b68",704237794.935708
"cf184cc576effe39c0f857b8",720882199.251807
"cf1ba56710023ede80a8381e",1055627855.19444
"cf2e8824527989d3cd29c058",865332961.673058
"cf3665f24927de548639ee4d",760945107.600531
"cf379b41b70374ac4cf82dc4",671281904.436713
"cf4d2297b73dbc357d21e31b",545026727.513546
"cf4ebcab3fe4d12e1a20146a",828288805.921312
"cf5213877dfb4df98f0dc10f",631995092.434635
"cf60297d9d9bf1268f35ad95",943536291.907171
"cf6092df1f22a7c4b8ff9d50",574920294.386367
"cf68e05962a41395844e9c80",698400658.070233
"cf6f0a3cc030024f4e9ad06d",753039057.362248
"cf707785919dbb92cfc7b5f6",1038037588.0606
"cf76689ebaa20c70d9db4d51",1112805076.51689
"cf76e6077d47a14abaf0cfb3",474265182.296568
"cf7741583fc5315ba70b70f1",832111788.899419
"cf7cbedea50333cd2dfb0e30",851220600.358903
"cf81103f31f74edfe0453de8",1091069275.89314
"cf8418c60f4e54dfa09b1e6e",843678867.695579
"cf88be51d6f31c10e5868ff7",319167055.231116
"cf8bbd3528d3e7e2b8f50c29",885559134.620377
"cf8fb8db6f74c236cad0cfcd",1342134321.25764
"cf9eb2cd0f20b13cc8816bbc",454650978.472974
"cfb8d15c6b0c0e6ee4b92109",1168102403.84635
"cfba6db03f0e38d1aa0802a7",751594179.029319
"cfbc690c55e5c2bd8dd9d89d",961432893.524635
"cfc069bd55e152e40b3a1391",798001456.229813
"cfc2ab56604b4e3734d7cbbe",935851715.221498
"cfc61dd41ee5f5dcb76bacfc",544992179.893323
"cfc8dcf337e020b875ef1572",1308170240.60547
"cfcd97bfad6e013aeb57a2a8",580479831.064745
"cfeb42023e2737491b3e4283",927816149.686703
"cfeb702df06baadf29f12eda",422620792.568093
"cfed0221146f4d83d641e1aa",492405135.976563
"cff851746578050bdfd46090",1035530249.98176
"d0100c18dba3c334327b29e1",705427554.824115
"d0116b53467b3081664fb268",787377512.966534
"d0119d7bb15452c473ed28ba",773528771.644326
"d012efd4a77c5aa5e8d6e508",971925122.328552
"d013a0e910b1fe2e3913af7a",441557201.588977
"d01f6c0b2b338289e9fe3768",413508723.823721
"d029158b36963961fdcc3974",847333453.627222
"d02c3b5ac6fa0ed6db06e490",1091899875.87537
"d03101c7f823dd7d17e49a83",931933869.955269
"d03558acc19951a882bd568b",492278120.628647
"d038e5695b32bdc6fff1f72d",888253327.843109
"d040e15e50d655f4d19bff54",588152075.417181
"d041129f83f1f13fd7b35e4b",1103351216.18908
"d043d368d2584ae95ad3672c",795813407.859773
"d048fdc255a5a7f474d48c0a",1107298685.80098
"d04d42ff91707e3957b4a29c",1173405973.5854
"d04f549fdf8f34bab19a171c",476197284.121646
"d05030b0eb8931161855450b",736502064.532851
"d061615fcc6355d79665f9a6",609697970.934639
"d06ab7503c6deaf9cd405f66",1234817513.77979
"d0751cb5e704e28e03514fb7",821642505.008876
"d0792d22549d1b3f63baf3ad",419890894.444693
"d0804da971548399183ecb85",963671240.100547
"d084dce4ab9c4008ffa3bbc4",1029693539.92863
"d090a9e520ef74848bb060a6",486314078.769278
"d09c1af87ddad4ad11b82626",622487356.690219
"d09dc3a3270073e5f1cb353c",1018506755.86271
"d0a5f33f0689445e22db6626",413802323.769514
"d0ac1f63c75987c92038bd30",704067424.434883
"d0ba7b90f6ba3392a165b46a",1574371640.16322
"d0bdb51c8020a37fe8344650",595167389.499078
"d0c411218ffa7c3ebc10783e",741205786.537702
"d0c7294b2184d0b4d0e2fa07",1187978624.69255
"d0d6a1b5c60ad420ebf2ab8f",1010931839.24693
"d0d77497c8a7d567f01d3afe",676844203.155556
"d0dc69570223bce949a4c17e",748676690.160298
"d0df2748d371d98d76408d66",609520228.758541
"d0e45d520227ef8a1f53ba28",707143108.49402
"d0ea7bcd8cef8588ca50c778",698764726.908353
"d0f5cebc2059ca89aae30c76",677251659.632583
"d0f6e19e92c03b40a5aae3fa",1111995529.70582
"d0fccd2708fc7def00c72317",903677525.329905
"d0fe3d393eee5c0cea5bb6e2",1089253414.57333
"d10bdbfbd411ae625dc80611",403637690.806588
"d10f89691119d4a4a2c1e650",1607754097.13209
"d1166776fca47427c77fa8e1",901408667.833414
"d117e9672b3ea0435e7a894d",663982441.549743
"d11eadc78d95c96f50b41a10",1075787467.953
"d12059af22bc7d6ff170430f",1055357288.55755
"d12298e0d398e9d21d2e2eed",454711172.486681
"d128186867f91603af4fa481",934664793.081432
"d1281c9f037ea5c4fa683b84",649437082.318798
"d12c08cf48be75014a149873",1077578920.15036
"d12d6ea066b67c3db9b2dfb5",894481558.312477
"d12dc721a59af021e8ac68e5",480450565.798171
"d12e6de49fcca906c3586994",759419886.050615
"d12eda0ba04f846d73cd7acf",745828707.959918
"d135cfa351ed6abe4ec2033b",536626498.906895
"d13e3d432783206eecb0e192",1019868205.11977
"d14173913bf5ed21e3ab50fb",891123769.995007
"d1481d9d2bc9d1a3811f2faa",964816323.944085
"d14f7f939468e641c43abfe4",691050204.982179
"d1526bc5e5446680841a9cd7",850196556.565059
"d162a90b37622c1dc6550690",366810033.036477
"d1668e2d35a939ed126a3f8e",931155406.737112
"d168181ef0dcb853171cdbb4",917601111.469129
"d177236e8c725d4405025916",1032052678.22332
"d17ba799e68d7775f2104b3a",687456177.232913
"d186e369ed884150e71906da",1270107528.66752
"d18d990404e7fd07424f5a77",514144446.086325
"d197410ebc0e3b9937464923",607819058.61116
"d19937a773269962c7f9e8a3",1168502076.46151
"d1a6132098a4bd640321c7d3",742600231.483136
"d1be4eae680cb16d0c842606",1221131042.27198
"d1c6037d0750bcfe47d425a5",473783461.892872
"d1dc16c82942902c668a5c9b",870649173.943863
"d1dca15e36fcc5ec14dfd870",987961256.777035
"d1e38d7cbd32567c874e194b",782393844.050498
"d1e6d6900eebd9ace65d6c36",873031831.850829
"d1f39f86c82916524273bada",727825012.784654
"d1f8eacef9bb4d300d086837",1081192269.92772
"d1f92e6b18faf07ab70ca1ae",861474611.006124
"d1fcd31555048d043cf084be",658347358.977559
"d206aafc71e8aec2afc3f8ee",653123082.886635
"d20a5b3eb857e1f4b548066e",658708041.616922
"d22313a06e43b8ab8f6672fa",402075319.382128
"d224080523a2bf2e81698d15",467759614.368517
"d22d5776b6305308c9e774d7",895806800.258794
"d233eb8af3ef7e325f6c8f9f",448635137.813119
"d23d12bd86def2657038a481",868095442.778832
"d24258de8d2ca10186660a1c",801714501.68797
"d2526a3e39ea01f87c99d073",1018892704.49361
"d254d88ea0989a609b71fb72",552976361.369298
"d255f73d4066fe559065266f",533995437.44159
"d2637d64e4022075c8f539e1",880638329.377946
"d2644b46136fd95c0fc2353d",895246272.59859
"d2655e69f5dbd09ddb9268e7",985261031.672401
"d2684e676cae87d75dea5ea0",694668734.320001
"d26d35e33a0cf88f735a9322",749847263.112082
"d26efb0e1213e19c378edfbd",808989288.52392
"d27283e3c941f8fc256c3f4f",644555595.329408
"d273a2075d28e343a657d9de",1053226365.0927
"d280fed64d1c23ac9d79ce20",1015694383.25382
"d2aa3386ae240d7387424e07",537461646.144568
"d2ab14487e0ecf640a785277",858587654.738765
"d2c02052de9c97c531a4453f",561890785.241139
"d2c46ef63db73ba3cb7e32a1",699995542.193556
"d2ce77db7cade7f2c6189002",712586528.56531
"d2d2f335839ed35571b19bb1",889222920.328846
"d2d317f2990465269ef58c41",746452646.522934
"d2d46c70dc048c92c8e4f09e",859079440.612672
"d2d8f5356f77507f8839280c",1077783067.40567
"d2da963bf6c2f6fe724be23c",968749749.760551
"d2de34876a7a6914c2dc479e",897699063.256523
"d2e6ab3b3106f36f2c3fc119",465787038.620449
"d2e737461b916ba78030c76f",1140215767.4478
"d2e7484c81358d4c79f040b7",864169187.085239
"d2eeec3fb1ee4d686758534e",1093003777.51024
"d2f20425e236285124eaebad",650737817.770121
"d2fb81a477ef3690cb11c93f",1446637654.91016
"d300473e3d2ced1177c9fbd3",831051418.685078
"d3054072b2175deec2c1f8dc",486174570.391535
"d309cdb5688ff7bdbb682d17",760687068.076201
"d3169d4a467cb7eac41849ff",762794657.485995
"d3222a7545e302bf10894658",914296575.617457
"d331a4d58875a393080fdc48",525926094.913266
"d337476c2cfa780518523a6b",701985521.758687
"d33994c75d98941acffeeb90",1191412161.74484
"d342a1ae299065045a957767",1048110155.12718
"d348d38769937c8f350297bb",1105101044.97253
"d34c48ffe935cec3358b2247",756023419.965604
"d353be29e7ed2c35b920f7c3",628157931.842481
"d35462df6c686296a3c7bb23",774809446.621494
"d354a2581dcb183c0cd70540",925257619.872677
"d35596846155e74d1a637d7c",747776907.565826
"d3609eabe59175fcb4441ac2",1284684075.44486
"d36dd340e5875df6cba999ad",1039318313.35635
"d379dc03d78685ad14c647c0",625563086.516795
"d37a1dda09e30da13ff5bfc3",860807009.412593
"d38353aaffa4af168518c6c5",919720225.59964
"d39797a12d9a4aaf15ac11e6",657575856.401678
"d3aa845e96d22f31a3656aa1",456626601.804931
"d3ace27450b980262ba9bf76",1284277011.65369
"d3aee2a35856634eb710efa9",979754414.209145
"d3bf3146ec856cc26c607d70",1102769476.75747
"d3cda82d1fa53a7ca1b46a33",1059370563.25955
"d3de7e975a9215d04567e467",548771514.95274
"d3e119e8fa4d96abaa8c43c2",947277955.870171
"d3e971e2e224a20530ee295c",692444363.546647
"d3ed5316a463d38c1bd321d0",1206842376.19375
"d3f297fadece964afe5f1cc4",974286655.979326
"d3f688e0deaff6648f2925b6",511934528.882867
"d3f7847147c88352bd3b9707",786759233.292557
"d3f9cf66c1c05f55325b894a",1199484687.10067
"d406baf5cc9b4473ae9b8426",564669293.368158
"d40e0c2222c0debe89735e88",973933018.532341
"d414907e75a1c105ad2b74d1",584360592.342244
"d415dc486936995f8b3704e3",661597888.287939
"d417ff438d2a418b1f9e50b6",592042582.005727
"d41d07d1aa700278cb81ff30",573363757.357123
"d41fc79d800458b1691bbb87",879851640.421562
"d433ad6c3cdbd707e6839082",709316326.97466
"d436abc2ee37ba3dd561e940",1029045779.64786
"d43d2bda7b6e4d5177c0d032",858642718.428419
"d43f045d046fbc8f5ecf465e",841336071.904215
"d4436ad417941fde0aed2818",1018313836.37361
"d4439c35bcb88e1490916c67",521260885.920776
"d44778d36fc789f8b8c745b4",588962140.428225
"d4492ffc4aaa4ca9c4dd2357",790446881.231671
"d44eebc871d1fa6981c32ccb",823315656.214191
"d450dd622183c7cc43a20d70",743847835.316241
"d463fae95232d30e0f78f93f",629270736.924467
"d4646b7f4dbebf9785963cfc",518079295.15825
"d464858ed94a1a74948f479a",527340112.802655
"d4653d505cede3d24e258d4b",887680479.962179
"d470d84f5d8299c52fa24499",579729892.489736
"d4716e228067a7bb0f30aa30",764234861.223539
"d48866a153ea0fd23a858cd6",755076145.670192
"d48a061a2040d851937413aa",925233451.482455
"d4990842f549d8139fa94c87",574274351.501841
"d49aeae19e13909e75dda2b6",972072609.275109
"d4a43654382201db5d318dca",793785752.446092
"d4ae25b207949fbf0df3b404",790296748.086417
"d4bee60a74c2e2235f507ec0",829439414.976484
"d4c40178c19d6cb2fcc88e48",725389232.961148
"d4c45f35f214fc226ec85b36",686719238.628958
"d4c6dda51fa949743a46e835",627450375.163186
"d4c7b3372d70b898b167b92a",785254768.053164
"d4ca9506161d3f4bb3ca57fa",462553169.899457
"d4d138bbc80a0b29ed28a4d6",663452653.232031
"d4dd48521efc020762ea141e",477227996.030528
"d4dfddb6564c9f46b26e7aab",480926142.664566
"d4f1fcd4c20dec55e977720a",1113209454.33653
"d4f4d0ed36ac9affd71f302f",896579785.567243
"d4f6cc3cc6e923cd37d0fbb7",498701225.070043
"d4f90a6b73b1e179d3f8eb70",510045637.700757
"d4fac54e137f5d27ce5f457a",789151245.778812
"d504ed869ece1b1d6e724452",410664871.774642
"d505277049a254f960e114ef",876952219.312996
"d50b80d68eb3b928e4bb4317",815950469.094755
"d50f33fe5acdaf5caf1c6ac5",772132844.419869
"d5182c47a954c964445f25d1",615898499.693905
"d519a8de5fdd1a84ca1baac3",693421230.74332
"d51bcf03d649839ca803c357",437938386.935417
"d51d3ef396efd4760c979de4",818625556.344962
"d520e90e7d0c44a6b8852e5b",508295069.931377
"d5239537894ce7f2a9cb5a49",703996170.365637
"d52c3915fd7d2ef8c92a22fe",685528447.85953
"d52cd6eee468311666218625",815186033.666925
"d52f04fb69bed41ffb10fce8",677001341.024324
"d5333f639d11bc3ab073ed72",776233147.960399
"d533a334c2ad9d510865fe54",598175122.718592
"d53b60b0f2c65918153ca2e5",463217823.757136
"d53ddfac67129aebbe054024",723361383.520137
"d54270fd6b09b38a978cd7b9",594289853.625824
"d5436eeef04e1a8e51a38912",489179123.992928
"d5475993f9db58c3e4baf7a3",876018985.428068
"d54a4c353cebf18d452be515",713968486.859695
"d54d787189cc8f014ae58aaa",1050748912.52734
"d54e80ee72354c70cb84323a",594617479.464792
"d555b82c192794e87e9d536f",776965576.254175
"d5583fa23ed97a3b9413e910",890459292.157242
"d55cdfba22aae78b6fab5491",546530292.786523
"d56159653f5d2abc5ed5acd7",811423250.311249
"d563312854016e9115d034aa",766831237.483213
"d56fda10944b088d9cbe1162",664950672.198986
"d573d2caf8c67aa32bbe592b",499103641.770126
"d57535248bb34f65ae678a39",812502314.986115
"d57541684e5c00bd9354cc35",698035855.001058
"d58f191c74d26bc1fb02cfe2",749131668.407383
"d5999beafbdc8acc8a6ad809",865781504.886637
"d5a83c31bec18d1c3eb9af7d",701669968.282809
"d5abd56b5a8ab8c2f61a07f3",729425390.957824
"d5af3041d95f5e89969c9868",484560800.588032
"d5b5bbf927f763a43190fabd",754764635.852601
"d5b950c5510c19ccb926e7c8",1056963140.96381
"d5c79ef12f43e2bc19e22fdc",884930266.629419
"d5c8073e3ceefbfbb547eee3",1027415347.91185
"d5c950db90c92be5fe753189",548422728.62266
"d5ccfaaaa739b2bb2b3d46f7",487924093.50527
"d5ddcb0a54416bdadb4bf57b",739982718.568868
"d5e001b2f1dad3962cfff9aa",959751987.214364
"d5e29042106130114cf3694c",527149010.676004
"d5e2bbb69ba3876b93af2d3c",1236773226.64904
"d5f41dd3258aa346367d7725",433980768.873672
"d5f905cebe05262cfc44bb11",784957319.65523
"d600310e19c926cda14ac923",998037032.641678
"d60cf6dcb7b4b40077536604",1191186491.54259
"d61700c4ecc128290bc42d3f",369063076.86922
"d61ac80c0d4737c3529f4a2e",491797826.286581
"d61ccfd4239026feb484cc93",359701870.112158
"d62663a447beaec69808f85a",381568328.130769
"d626a635ee75c23aee2fb327",1167993658.91597
"d6297cc548b16bff11eea51a",1044215068.37031
"d639498fabe1db1236656593",513210507.136374
"d63ebc63c82fbf66d8b6ffd3",973476379.550316
"d63fe229354bef8b02b4a934",803463688.651888
"d6438814f4ff3853bf6cdb13",668565055.62927
"d644b23e4bce0e6e50ab9356",1017950590.4502
"d6496a3215daad9089fcd5c6",894142735.656002
"d64a2ad3297e2fad8ce66197",479826751.130088
"d654c9bbda61c4c0ee1ae2cc",617911249.402558
"d65946f9c27e417e6bc60057",466979391.324495
"d663ca1a0d29b4cbc5cae9ce",985390395.87659
"d66bd7e4bc7b51d23af57de2",1131575534.64058
"d66cca2c8e08c89af26e7622",1019085733.64927
"d670be6c848b1e92abbf415d",498169097.280408
"d69209d7a26bd306bde5a37d",630325962.60335
"d692ba46b098c6658799ea8f",819012338.376131
"d69b019e6d54faa1cb044d39",812355067.022567
"d6a43f209f810455fa41dfd6",654489527.499744
"d6a8f4abcb02142c6dd15b30",588568180.198487
"d6b051fbaa13e3d92a798521",883466125.665047
"d6bf8bfc752bf4580e99794f",912089545.834165
"d6c6e7f923ce2cffba8ff9df",778913985.680083
"d6cfd3ddca2a59f0b6999d77",752399764.990183
"d6d5717a4b7e2edaef162b6a",630701898.202663
"d6d581e852a025b61cffd6cc",1154741191.07973
"d6de5d741702387dc3f4481f",1012665350.87473
"d6e333e793f75c2ab34fb127",515109945.194245
"d6f1594affb8db7a865e3452",686400307.224595
"d6f4479f9226e52c93d70eca",525233619.085691
"d6f9abcb58befa3d05373a72",918140741.957921
"d6fc6059bba177ab56d85ec6",898844348.739548
"d6fd079beb9f759fa4c6886f",497603203.953577
"d6fee4f680569a54f4267215",983077090.802372
"d7047492f4c53a0cdbde60e5",998415224.562471
"d7080c3742cd9d72e9d0ae48",631580290.84587
"d70948f87875325380885803",1577915882.77282
"d709a76487a49bf257489c0b",530735734.270928
"d70b133f81d6f1c9d93e2ed5",495250224.936361
"d714e15ab5c2d5a2503bffcb",1189281052.14096
"d71cc157c0c43935989009f5",717283451.476953
"d71d0c8357f09fe2f77bedde",809391582.161531
"d723eb2516802250027312b4",927592739.646269
"d737b8b7b39e99f7d877b7ed",717555255.826285
"d743892816160218a63dcd35",910900660.932149
"d74d0241fe5222f5c5b67222",658866631.814683
"d74da3bb780515b1273d741c",812047353.242163
"d753227b5c685e93b378baea",738431370.967472
"d75b7730e8c291ed41d7caf1",592159545.924712
"d762007a4ea5de370738e875",715309832.855352
"d76d5b14d0acc5295b8057e2",771034350.764601
"d76fadda8063e44483aa024e",786364210.966989
"d78d84e4e42f145e02e423c9",951330391.451242
"d78f7a1592c0779093150ddc",931236441.884382
"d792d1eec60822752c8d52f1",941691211.559859
"d793efed9a723e77ca8272f8",1023399234.90244
"d7997b9126bef50985bab347",663301557.731411
"d79d71be963d418a4c9dec68",998604374.260876
"d79e2addf7c11180be222103",1206379968.27806
"d7ad46cde8eca723de6510d7",1156766642.7448
"d7ad6527cae719481f849927",1071429289.33036
"d7b82133acf54bd3eac338c1",1067275787.57082
"d7b9566ffb28c753bea96f0e",775817390.391667
"d7c48db0385bdbf7ecb7088f",1243553198.85901
"d7c70d831e88d552da09ff29",849885811.960656
"d7cc3d199e538258fcc83f75",587809367.882298
"d7ced905983af0800c19b7fe",1156328468.53855
"d7d30819fc6ad6e7e41453c1",924330817.741968
"d7d3cd587d291f389ba2e8d1",813528725.042038
"d7d6f668e3e40d957163276f",704265003.720538
"d7d924ec35768a3e6bd39b20",635499438.137707
"d7e3cdd3ac239a5c318f2e9b",1306869239.90111
"d7e97cc158c6c54b02fe635c",700637756.937676
"d7ee2851bb69088f851970e9",781929201.157623
"d7f22a4e6daa572583e02640",406730478.103367
"d7fb188814d4c118ccd83989",412804516.937756
"d80c5f0b8ba55e7cf105d282",806569240.994589
"d8171d498291341094daaa39",1169884263.77769
"d81a040e22d541a74122f3c3",377414954.537953
"d81b170177769c0121b8935a",925771101.499413
"d8216aa4e029c0d3d646efbc",1100354210.01472
"d82f743ff414299f8c222db9",1056087026.86231
"d839ca90c5df85e5cab54ea1",742970424.859554
"d841d6a82425710e36460f64",698219068.576177
"d84248b3ce8ff6f5fa480a83",781131820.066723
"d846dbe691d0ee3ac5c3bec6",926188771.443162
"d84d7edc4a4896c4a8722328",597717683.099099
"d85fafb4d5ec056e6db9a79b",586893250.058704
"d8607e3261ef1546eb0c30f0",1064016941.14171
"d8654c08e95b39e3b4891cd9",815170553.054488
"d8735967c942d1a7b0cff7c6",796468561.883517
"d87896f889ddfe1ba210d74d",522178137.571317
"d87bbd60fdb8b84a9fe23ba7",454996730.847146
"d87c489d3572187e3280965b",1529564091.63011
"d87cbdc4896e0e0160999520",758865907.23693
"d88544e4e85add30aa795ce6",446780740.478702
"d885902c923752eab7b619e5",486252788.240125
"d88bba495701ae7a44eecc64",1337747512.64594
"d89dff35fa1944191aa9ed98",574869270.904691
"d89f812c7edfeb3121bf639a",792558553.189373
"d8a7c0b01bb545c414e12a23",1349189251.41243
"d8add8f5e0aa562a63c894d7",760287898.427398
"d8b3a1d0cffc913ebd05b931",935289508.888509
"d8b83253855448caa81f7780",776233147.960399
"d8ba9eb448ce35ed404e68e3",877893647.863227
"d8bb6151d30573c7595ee7c0",723324012.075601
"d8c1f7303b205fbaba2890b9",566142189.377509
"d8dc9de06461e0220bc55906",515666972.751587
"d8dd26eb78ff22272358e302",1019783086.53475
"d8e51f7b40bf1887ac007163",754773637.37669
"d8e981acf77bb46a9dbd3109",691985622.39205
"d8ed50fbd5ed46d36b3d2dba",671368126.058749
"d8f4955ed4fc363d6d9ea897",850578696.353101
"d8fde541f142e6a7f0b28099",886796594.129864
"d9000c1afed253d05de7819b",430259374.878631
"d9028df78f9b14a720dbaa8c",997439866.15032
"d908973d90db91f772890c9e",466396309.073049
"d90c961aa01e51d63e50a2de",963346649.175321
"d91017d9c530e058ace2e017",823521033.208888
"d9110b2b5b1c02766da9e24e",944235240.71103
"d912e45dda1a3a628fdf50d6",832167433.180828
"d916219daa90cd2d99edc609",740430397.98175
"d919dc64995903c9120eb61a",688862726.670808
"d92232d77f7a124e7ff13ee9",812662897.406703
"d925c1d4dcb68990c7204b33",794361837.317643
"d9357452fcd193b6c5284bc8",911380476.023985
"d937ac866f671e4a0c090879",876551654.230583
"d938d682332fa9e5c4986024",858587654.738765
"d9398ef84ae71419cb7cc82c",870823067.452249
"d93ba0c32244c455e0f7baf4",621720453.180615
"d93f6d8fe212ee3c0f7cca95",908806633.604463
"d94d18cbc812d560c1e38ffb",1089520430.80895
"d955edf16ddb9d3f59501a9f",1052783206.30307
"d95f38f5d1293c74ac52e823",1198349121.10675
"d96155b72c02bfa04f7ea98f",719955774.310641
"d96855b0ec427f041e7a36c3",1280754721.27003
"d96e3063ce77ab1235e2ba26",490647032.033727
"d96f6225db81dbf3d1a0e9bd",652177920.689006
"d9706de7190ae64c83e65769",912775048.690637
"d972dc3dfccf2a48a6384e54",857499573.949902
"d974970034de145d469d09c5",496835484.389418
"d97895a836e6ea22ff3265d8",507456898.499706
"d97d462ac4f5d9cbbf04e9ca",736436807.086748
"d988975f8c4e6ee8fd8dc1e1",769990450.053752
"d98ba43504fb49a4f0bd9c05",1023599749.25904
"d994f3919c3c8fe0ebd538ad",827637006.875261
"d99c00c516cf57b6fd9e877b",921675990.231829
"d9a94194ae1350512beff3e6",772710495.969911
"d9b46a34e48e04b5a3e026cc",762125322.16087
"d9c46d54ba6df0d21ed4ca49",754567127.728837
"d9cb0f637cd4feaaaf8a21c0",581855340.624463
"d9ce31250d4ae25c3b850124",1001715426.74356
"d9d8aeafa748f8f1ff2fca22",830644502.519555
"d9eaec557a7a6674565db1ac",682663386.211045
"d9ebae84cb53d29bbd8a466e",397580638.775876
"d9ec26c1c3e1811e38f070b2",545270984.985882
"d9ed55fb72efda67f5144330",1061651432.53338
"d9ee40ccf461ce3e9ebb815c",705732893.975911
"d9f0b4c92bdc9476f50638ed",787875841.393292
"da12ac932dd8a2fabade4bdd",661785483.043723
"da16828139a19aa11bd94ffe",901754096.124721
"da26059a2cf36e02b8702320",687864294.342138
"da273cee807e254fc9aabb9d",809274722.508621
"da34d6cd832009e428d2b467",444468691.239793
"da35c757f211ecaab20aeb3d",463896170.150943
"da3aafeb2d0105f8e09c051f",730908234.776125
"da40d46cb91d9e59fe12e6ba",760811295.796975
"da474e23f34cb63de4ef28a4",785106029.767637
"da482df3d0fc97f9f8582e22",501868509.158027
"da598f8a82b1ad1b02961cd1",660142343.050936
"da5b958667b31f4f9a1d84a9",851058029.809635
"da5bf7f1c7b2f4ad670e2382",998534592.520678
"da5d47596a755078a2261328",847517299.990474
"da627dae6941b59d1eb98e35",623213812.208754
"da782fc0c8a79e3e250f0f67",390129472.646217
"da7a511a5f470d99ab2bc4a6",627898354.049411
"da83b03a6c9d405f55714b0c",1257134659.61287
"da846b08fe2205d2e2a3dc71",459697460.78634
"da88bf5bc2a7310ff382be4c",997223687.887289
"da8b5c8a320821ab8ca00a80",938811596.527612
"da8d3092ed0e085a83a7d67a",681530340.716123
"da8f986b6ee6f594780f4a91",1029985078.94471
"da94e4a5fdebe3ae7bb1adcc",968658952.749421
"daa0be53e7a1d7ff76f32955",688693012.674955
"daa4d7da8d7df8efc1adc9d1",469700471.333794
"daa52a91f1fee77f75550246",492050239.259302
"daae80933675e767b50bdd17",803848701.988553
"dab58562904cd13a93d913e1",813528725.042038
"dac29573163315edf99e0e7a",880153580.781743
"dacd62440872b6e94ea56fab",726353246.525986
"dad2bbb0fe138e426000a33e",791913216.021594
"dad46c20f9f7d834e522fdd1",943820626.926234
"dad7e45e4706ab2564ef9cf1",396897492.713404
"dadce7c7a446a6a177821b73",828015512.670531
"dadd9ddd29102f529caa3bbe",649755427.714607
"dadf0a00434e8ceefb3e26af",910361252.15905
"dae0265a0f2f79d3dc010ac8",1062100046.46685
"dae09210f48e5bbe0d31c728",465081534.754037
"dae55582e86b1f514a4ec3bc",856758265.174529
"dae776f643e809387148900f",1394665920.48776
"daeb02020f23715e663b4a38",779863726.763391
"daf2efda70c6f3cd9257d0dc",515666183.005329
"daf8d6d3f4ba21513341eb3e",1112008769.53345
"daff79365fd94d1d3a2bbbd3",681672522.504873
"db05818b6de8d77c1c3fd053",685238405.078008
"db122cadb7a9c33f420fe246",579174464.731274
"db1c3ece26da7b342eb7c8a5",779752308.405587
"db1cfd89dad114c11ab2d409",1193436491.62054
"db244703ce223e6acacbe85d",603961249.771136
"db297b6ab332cbbba338e7a0",659588387.881427
"db352cbc2aa3066ea9b34184",733202520.289453
"db3aeb3a96304f3c255e8a22",682784966.589868
"db3b84e5b3a9097392a57319",888639282.55786
"db3dae76fed5fdbed29862fe",860522802.121016
"db3edc43e89840a65749cd94",794948514.163192
"db41266d7b500a6daead96cc",524974793.977049
"db534a5f57e92d29b9e150cf",849025653.276124
"db563e5a1cd9eb1be832bf5f",1471046931.19898
"db575f8a4e10a29fe81b335e",1018892704.49361
"db5e320f51680100f1ec06f9",418095191.28277
"db5ea791b33be91840a6d045",1171313110.01609
"db6061f876f890071f7ed957",1209044188.13362
"db7535339826028d0fb3355a",473198396.002552
"db78a3ce9c6f6a7f4ecc6853",779677860.824027
"db81ec58863dcc5d12839883",413669097.015427
"db8912c5c5e5e49431b2c85c",782586260.187402
"db924733e88c361cdfab874a",495378091.447637
"db9798a3f9ac287754f3ae01",793808010.419849
"db9f66f68aa772fe29e37edc",720693438.507473
"dba1be42bef913f35a95735b",775233829.136767
"dba6308e2358f30b7ec33f59",889812304.971267
"dba9fa9642ebc97ccd765db6",601272057.057107
"dbaa5d47ff63125584bf7ac0",934016492.625064
"dbab5ea45ae910567c97fbb0",1001377333.47571
"dbb30f9d010677de2aee1b71",845831100.17026
"dbb4260c89524c78de7433be",709439294.109216
"dbbe0b6f5eb07a5f9ec873a2",790232393.712743
"dbc123f9502159d660f375ca",1676891703.18578
"dbf200ef5f1e15211e2fc6d3",742380279.442195
"dbffe8f46b3d9da2e57c97fc",909774682.227231
"dc014623ed69c32abce2d0f4",648970296.524501
"dc082fe46a714afd43b9dc19",814906643.521595
"dc0a4632d7378c25be351760",846807978.201465
"dc0ac888f1e87924e3994b4e",578067885.137788
"dc0e9ce44b9932c6e48a9390",852743925.433748
"dc1fa8fcd0ffb8872d434dbf",638679208.044113
"dc20d46be2470d85ad9e7e45",788974965.026316
"dc25c9240c67effcf655b02d",771517184.864547
"dc298d37c5235e15b4cd68a3",858686523.811697
"dc33d5ffcd2aa2b7d56d2ad3",824061329.982387
"dc3b8d97b11cc2af4cfbcc79",906423133.676285
"dc3cbbb2fa00043d02958219",637923100.084581
"dc40c56571cbee9c2b7770f0",801823661.457603
"dc420bf2dd1759b7f281cfa6",1102966917.3187
"dc4331d09a1e36baaa6bde53",596949482.407846
"dc486a3d7e9e2e608ab2a7b0",621720453.180615
"dc51caa89a74da37ae644ff8",553882705.314957
"dc537b5973d2b94acf6f23df",1280953027.45245
"dc544c90e6ee38346a6002bd",710994090.002006
"dc65f0bafddf39c6c4b2c9f2",667279473.002105
"dc69d70e4d2713fcdfd93dd9",644737618.3522
"dc722ea5c4d62773f9fb6bbc",720937659.5311
"dc81900a751b64dedcb4ac39",827935873.622723
"dc8262e1493ed593103acfa6",648491351.052813
"dc8bc7cb687a3a42b7e7d5fb",1033889316.47603
"dc8c76f5b3977f90839918b0",874122684.02842
"dc9119767bf4f21fcccdcc69",749417552.989583
"dc91e3fe1b190fd8cf2584c9",724157417.77194
"dc93d8ca60d60a118f61390b",656612835.85454
"dc99f2871bc05ea7e8a97d72",844686135.182486
"dc9cd30b760a1280e0318512",881680539.508999
"dca2e851b82c512f01611ade",1026388812.55332
"dca45f1c1a79ea5ebe639920",949941311.644548
"dcac44d3f8024c6ea1632432",498931025.735664
"dcafab7adc7b763bb934496b",830457740.94312
"dcc9e2c9c1151bd9f93f44b8",544746704.358457
"dcca1c7f109175760ff531c6",470859912.534244
"dccbc668caff517f649cadbb",905891394.228169
"dcceb6a2073faf9f89f3431d",967507018.875576
"dcd314dabc7d162cfc29c81d",870280795.21275
"dcdb8d97ae65daf55570c88c",823311819.782434
"dce05cf86b42124fc93d41da",1325550264.99121
"dce18d258c352b7edc60c304",710762914.455463
"dce1dd028695bfc5a47aa6a1",609099468.774341
"dcef5b332fd31d0ed8d754f3",789153053.843914
"dcf5b42ecb23800a458562e9",1010924976.812
"dcf606270a4612aafc5f9f29",541419207.010986
"dd007a202a0a3d56ebc4868c",876054849.432638
"dd10dcc52d2549df85f2a8ec",560838140.035754
"dd178fd542fc716e32b4136a",725160952.826959
"dd1d2e305d37d9dde55393b0",1088418539.12386
"dd1dacc0c90022e5b40849bf",587909914.620927
"dd206b6ea2d7f6555109ea39",476451593.170342
"dd21457e18f07d7a927c0104",604720073.52458
"dd21c6799a32ce6ef27f5281",644940385.794783
"dd2396a42097b2e8bce52a72",633468195.590701
"dd27922be5b6f730f8b4e058",405662426.81617
"dd34882ac55c57480663f7ec",668691715.234938
"dd3d529f3745159d9e7746b2",1309876774.85422
"dd4e23681e00fa1cb9a679a1",617611221.383409
"dd4eb14b56cb00130955d021",1327420601.0756
"dd4fd04b9fd80818bd543f9d",1015630604.67858
"dd59ac4f6706a1399360bd14",801209693.722406
"dd59b8122458557041903207",476378927.068177
"dd5a565f854eaef90976c5fc",928162002.120124
"dd5b4eb5d20b8b9c813ba52b",620434565.262935
"dd5c910c2a3d63b8fa92096f",608700920.993103
"dd610d7ece83bb02dcd7a22f",857301672.457597
"dd625806063f76dcf53582d5",996845947.31132
"dd6d47e2626e2bf24f842f21",796016060.597537
"dd7b4c374bbbcc60bb090fe8",925638952.094144
"dd7ec9d7dfad5364dd303f49",507944491.711667
"dd7ee555ce0b2d58dbd8a9ea",388403511.023194
"dd8aa138623604829d56ac2c",513018967.546462
"dd8c289ec872be3fe3352313",594724858.43088
"dd8eff6162c32ecbc6972509",705738768.361697
"dd926903e87d691a0f15dba3",870823888.644815
"dd9a60c3d502ca3cc98d9b73",828760139.805701
"dd9d63c612aaddbd86676c34",676873757.654378
"dd9f28d722d43112651786e6",805037693.305643
"dda4ee9f3811c29e2b261a5c",508295069.931377
"dda7a886135a1fd8106d04b8",813127559.266191
"ddaa88a11432ca21d3eca774",506211780.008472
"ddaf8a1e5e6922cc3dee5caa",694598980.25089
"ddba305c2a3ad29db24a0658",790743255.083225
"ddbca69ad74877086c4110e6",893806229.610126
"ddc1c85af165e47502447242",675313056.187875
"ddcc7f7a087aa5f4797a8a5d",692414124.127919
"ddccad3e5a4eaf791ce3a7c9",653400125.194065
"ddcce0b9776593e3ef3ce21b",758149957.533723
"ddce386b0ad3199ca09aac93",717165822.591818
"ddd55d8001b809f304883ce4",432356423.824981
"ddd8906ea4a22b782c7888bd",970089089.68552
"dddaba511b6a18f49b41c1af",936916001.456674
"ddf2583bd65f02abf7ce3280",1052579077.99023
"ddf47d32045769c0596826db",1372706960.29715
"ddf5182c482fca7d881fcba4",715587312.702826
"ddf8733adb641e15837bd728",580789584.323212
"ddfa979b1d7cdea1d7dd0a86",692175466.43596
"de060e07dfb0a5494c5550a3",467329608.394981
"de2137c70bacfd5087bc5c68",765343396.378191
"de26819064a290ce78d8fcc1",536541670.131939
"de28370454624724128a0688",715174343.123234
"de28e62bd01870dfceb5d78b",470155195.985566
"de2e3a592cda5b76c9573c5c",787160855.227576
"de2f5db1cd1024a9734871c3",614897386.343212
"de328410e22767c66d919423",866749893.837928
"de32ca7785b71dbcc76a50a1",804115192.97118
"de3b619a7c80549db6ab16af",517194085.304654
"de3d078e5d524d8a7b65841c",969606185.320547
"de416f239b27327e0f78b862",646954522.900769
"de44f54fd6b1b62f30956f5c",819787100.86788
"de53880a3299626eb6c2cdf9",1370239785.17365
"de54862f5b7b8ff345c6b297",645793077.606088
"de585856ff546e00a5a4672e",530005315.921682
"de6010c57fe78d975be38c2b",452006080.433943
"de630da5e1c9e27bfd94efcb",884205168.8352
"de6aef9a5e47a614b75ee576",1214663655.94642
"de754bceba2d206a9cb4f116",540725292.065532
"de7f584df6103e8bf95f4a37",609562985.674833
"de8ee990e70c8e5ad167dc89",700258703.188872
"de901d3433ade456e9edcd79",594617479.464792
"de9053a55630670ee8e59c9d",702941938.369609
"de926223fe4296d96466c685",902069736.693598
"de9a32ec454c2696cf75eb0d",786036172.135006
"de9ab30042562789601833f6",530878864.286092
"dea79d1b25bb9c78d331e3e6",667606023.659568
"dea95d98e8bff87b905f9172",1288210843.87339
"deb2c93acfaf6994bb3c0608",742261398.714369
"deb844a2812586991b3022f4",800265744.732951
"debd031585e9527fe00f116d",928448845.321251
"debd60afab03fd1552719270",1078196225.89799
"decb25b7fdc0eb259831cc71",680353954.273928
"ded674ba9c7b76cda404bac6",758390613.978256
"ded79c11c30167a9d8accf77",751341043.914564
"deda3ad684384ed67711ae71",525909860.089265
"dedeafb60b4a39950e7a984d",461671628.418703
"dee2e190c4e2539124ac3ee1",701802899.612014
"deeb837c2c6bcbd01930431d",654271407.144048
"def06f49a0b8230ab613db94",673328506.383215
"defd03ae7d0c0a44baf80abd",730747073.169712
"df06b65985649c7107b794a4",495813482.029712
"df07a34d0ee2f78f115c45cb",989559596.716593
"df10ecb67d79e645f77a90a6",612181321.98336
"df1c66d8dfb9520c6818a32b",657487197.417417
"df1f513009808ebd46ec0847",655511512.825059
"df22426db407f4c660681c7f",611864485.54439
"df298574e35dda90fb568023",443731365.855995
"df35908d6ae2847dfc73cf9f",1006310883.04169
"df37b916acdce817865197ae",799548556.989513
"df3abaff81c430b4ba85d4a3",957204537.826909
"df3ada98307fc85428022d00",565648671.811186
"df3eca0f59974a812b4ea9b4",1179044011.74515
"df4400c44a166c851ff46eab",859965574.208121
"df4a1968046eed5326119599",1338872345.68393
"df4be33c0931aa86231b7a2e",1023498096.40977
"df58a4244134d3493f3c9f30",729732813.445331
"df81d07cc6e8fb0a01c0f404",771088556.844696
"df82719238ea0e102c282c09",729764167.394809
"df865201353bc7b915b56ac6",785756284.750597
"df8979b26c9971dd7c3500d8",1071862271.26289
"df89e7dea6c313b0cc262249",430250120.976612
"df89fa06e32e90b0b6c2014e",699849658.005906
"df91a3c7f364df5e6831f2de",736241651.347201
"df91a494d5d244f20dab0eb0",448152449.316879
"df93a6e36d9f19e252fa9de3",891289527.007507
"df98fd10dd8ae59956994521",449008682.346087
"dfa744f733abef97d82dbb32",743806928.297321
"dfa7461510c6dbe5e119d106",756905352.200136
"dfa988a524343181a0d3ead5",830644502.519555
"dfaba547699e319462abfd6d",532870814.172144
"dfbb0ed74ed85bd186f40ccc",488329472.96473
"dfc4f3facf91bbd93ee0fa4d",723448510.831631
"dfc817b569fd71d2dd47e980",922344778.143824
"dfd84193c81ca8430fd27ad0",748025548.095973
"dfe09a5f848e8e819c361ac9",545079765.107182
"dfe8e2542755d41d920e28b8",410305951.091842
"dffa1057472b06bfc0fa7a66",1057490187.43501
"dfff73eccd591bb26453eec5",775563025.315134
"e00e5934d1941490834c3145",1157220466.30908
"e0137390f0186c98f4e91263",998123130.09341
"e017c3311e2fdeb50a686547",998415224.562471
"e01c1b69abb6a4c1c69c77d7",964291491.149033
"e01c49250329331a442615d6",662053483.320484
"e029511780468f4cfbd10d3e",751736568.496936
"e029c89d59f2caf4af4bd908",800796972.575927
"e02fa06a8de8a603e417d5ad",480179755.619876
"e03610db09ed7315cfcd64c9",773327888.171831
"e0432ecc0c1fb2b00b5435af",456365548.270416
"e04473aa943812de1d662058",982023283.961056
"e04fab3d74d14be3b8dd2c8c",542115821.044438
"e05598d3c49f409b937ff2a1",517953635.181561
"e056ada7a37336bbe878f38b",776429244.709443
"e0587d29cb717f725e991ef3",806343041.446045
"e05c52c9c8fcb792ace06b61",562711683.750709
"e064b4dd7b4e64a3e0016f0b",1154522466.87454
"e066ee04cd3a597dac8ced59",454434554.376738
"e07035cb49625760c7da85d1",380451964.400574
"e07bc486c6f5541e4788f83b",815649432.267563
"e07ca567b0678126a1aec803",764650693.247867
"e07d8e9e38e309958288a516",850841018.402212
"e07eb36210e90ef0419fa0d0",1035019329.1186
"e083d83369cbc93fb94842a1",836544768.983903
"e08561df5747246d74136dc4",449698240.883473
"e08aabb998103a941d24d0a9",611923352.709222
"e08e1f260e5c3231c49e5a96",532166352.429765
"e08ed8c82d05dc3cad8cd2c1",912183379.418531
"e0ad3e9588636f454e9e484d",806724568.767912
"e0ae474a5307ef4057da4994",396609086.174989
"e0ae53aa3cc9e9ba7ce65f74",682555231.96279
"e0ae8d2a51c771aef5f245e9",455323923.641585
"e0b041a39e732783f98bde56",883368081.599176
"e0b13f6dc213d05133252d15",1019868205.11977
"e0d6155cb3cdac98f81d44e8",734612349.883233
"e0d7e4dffa0f3dbc40c7da53",560090485.927278
"e0d837e6d5d74fe91d39d23c",863215754.369143
"e0dd5e6879d824a95c3c1773",826668150.018244
"e0df3391aeb8d3f4b00f418b",717310597.264783
"e0e6852c6d6393d6d3719131",1054801105.50457
"e0eae2174807cc7ada38c726",700172111.940446
"e0f47a028df2dbe9129cde7d",865171933.40824
"e102f1d841d7cdb596d50624",361675195.266283
"e104567c1cc70000692f502c",925491420.783871
"e109ccb29c02c9b35b789c90",724018656.447356
"e110abe74ba0ad062c9b575f",871813378.440776
"e111bda6d24089dac82907ad",420123807.766142
"e1132006785632e4ec5deb02",783077450.067894
"e113c48e4e1b53adaca275f2",851103824.75396
"e114160e3ffe6a703eb42440",654597492.421929
"e118b149654cca1c0b3a58a2",1137688038.3952
"e11f9a5cf9d6ab0ffddd6096",892322441.429795
"e120c33346ead011ab7789ce",703438144.853336
"e137b5003b8c8f18892ee9d3",593908168.961184
"e13947242fe19bc3925919f8",655436591.040879
"e13a1c06ccbf814945dbc768",877454566.927447
"e13ef02a57d35f71a4fe6121",732641505.297553
"e14328c988a27176e9fc63af",1092949801.09153
"e148c2b109eecef0175b3c5d",598308417.191349
"e1490f0730f8fdc36993027c",774876039.004321
"e14b31f8a454e47c383cae94",805829491.386284
"e1558509b120809eface5b87",815903497.748011
"e16685dae2bd3b0a4803ec9a",1001243213.3663
"e1717a317481b0765a7a6a0d",818976966.4645
"e18337bbdfb106a3f1739960",690745881.903838
"e186499af986f1959f729b9b",590264837.37487
"e18fecb7e40bbcaf26c863cb",667288693.352314
"e192181121fe58a8bf94aecf",619646906.99348
"e1967b56ab8ecd035bf39534",754959925.530469
"e196b7cdeab1468d5d4e07c5",1284440738.23173
"e1a4437b17f7bec650d8cd97",744103165.802807
"e1aa6c46135f4d1aa1b7a1f4",603076605.109083
"e1b64df8e809ba220c9722aa",910513412.214659
"e1b753c283bb9c6d4e438bec",997404516.58616
"e1b9ae3e0ce3da16f18e1079",954052242.06026
"e1c33552eeab60683f2f89d5",973925643.870079
"e1c7a101e5d518583f9a2a7b",1194114909.52431
"e1cecc8f17883ba6e2723826",544923491.793987
"e1d875468eea7b2eecbb49c7",833604723.591322
"e1d8eacecd35515eb19f9135",1139913182.07689
"e1e188d3f9940f9dad98488c",871369174.284955
"e1e5b0bd721a67318a3848ed",587302760.478321
"e1e69b5a90431b8a44265487",655052621.245274
"e1e78f3432ea2dff6b69c6c0",691852088.129965
"e1eb183eb261b6de96e20a56",930737349.133244
"e1eea7716ca6490b7640717a",819942409.480039
"e1f5f0e96e5865370423c142",897630235.571249
"e1fb88779e55aef2b66f2c10",844650553.467224
"e1fdbdecc84b991f582a2e00",523353717.141827
"e1ffd027cce28c44c0d2f80c",836523123.713978
"e2094d28cacad3e2a711c5ca",562029128.982222
"e216fba4bffe753a527ecd4c",800824020.668392
"e21f2a8d9c641e45d442686a",1037607385.93517
"e224f9ffc7bd70369a5e8b68",1296900468.87598
"e22b8126863c9ca8fb04df9f",1064543138.24291
"e22bad460ec1bc991f14bfbc",768184674.684866
"e22ca3f1c8073e246079d57f",712198322.45844
"e23017438478050a655f6d67",906926964.348153
"e239ff5eaaebb287beaf76fa",948312605.811656
"e23ae41983b9f112f05bb703",882053491.864574
"e23d93ade25e73614d7bcd77",1162746570.22034
"e2544529df4efb7e90afcd21",470650802.112008
"e26dcf5836f5bb53553cc413",709290406.711006
"e26eafffe4ca3c22b7f4a272",929948265.965446
"e28474959994ea9c0c2eeac6",925413775.563616
"e286b12e5aa7929334322842",970398877.27388
"e28d8dac5c1c75d295a9eb3f",589172131.1667
"e299f614cd8ae525fc8fd0e6",916945410.340363
"e29d9a401a246c00f5eb2413",605340319.222271
"e2b7f984616fff25e3dd6a3f",1156985792.10893
"e2b8d1aba0c583984aab25bd",1001335984.73185
"e2bbe9221780d01a265e2ef4",764774463.359079
"e2c3acee51cdd03b1f211278",859824913.91013
"e2cdca1756b1635dd1ac2b2c",804685150.153476
"e2d00e4fd93a02ea81895355",709726724.303713
"e2d88f49873bbcc5476f4ff5",556815722.572601
"e2da7c1bb33be76b86b9a07a",521715908.531436
"e2dad5c148ecc797018439b3",721911291.987714
"e2dcb036931bf4b2aa030036",751160478.527781
"e2e2218086e6ef5377c01b68",891433833.877454
"e2e4641b20d81a90033a536a",698826538.776617
"e2e639b53456889ab5350ba0",455625446.839697
"e2e7b03feffb21bad63eca2d",819422489.434901
"e2ecbfaacf11ed16fd71abcd",715076396.761611
"e2f00293305c464b361b6178",482700248.450911
"e2fed68e0b614e65c05200b7",684876500.029842
"e3034ebf243b024cbef83cc9",655606310.510623
"e3077f6e47d130106e7165c9",920691553.707028
"e3197263bf47b3d37f027e11",920389466.603716
"e31a209077a3e47712588730",957648781.354756
"e3202b635974f7a3367c0ff9",1112383554.60997
"e3295e732bcf306a2d338387",703269436.434974
"e3338ac993873aca45755dc8",781131820.066723
"e335b8464a61ea0781f7928d",1164632658.55624
"e336d9d892441c7ad886a98d",547383873.421389
"e34517b1563d829104e230b4",398716262.85944
"e35579e8b9b24dcccf93abba",854174996.679535
"e35d8f589e6b1909f5e4132b",962143261.914735
"e35f95823a486c52b0f4c2b6",633691323.698102
"e364018f4d994cd15d4af374",944462996.590157
"e3676f99542f27c9037fca29",737523563.541024
"e369c63f83c44329ddad488d",716380323.803988
"e36d70d72c2758d7fef242df",810695545.701717
"e380184391898aaa2d3dc540",647026856.684212
"e382002b0685aabb01891743",612899806.020549
"e38259adbfd953bf085a69b6",541092123.14552
"e3896296cb80d50d9ad3f903",1065524815.9777
"e38b4072ff8b856487864f31",1137745904.04425
"e3903705d5a48c6d9f828ab9",837134585.431702
"e3950ce025371da2b4ad9db6",995927416.429181
"e3a62f080c25f404ca995e06",919439006.561974
"e3b7dc4e8990f3cd436bf738",801428799.280627
"e3bd8bd5884a55fc1a151687",779682536.782602
"e3cd7b6dc0495d5109086407",886651312.152848
"e3d6fe5d97bf4fe851aee9d3",1068872543.68788
"e3dc8b417819e9afe3fc7d0d",606551440.067875
"e3e2e3080cc309d34014e8fd",694135712.874855
"e3e7ffecb903d2daccbf8a53",688516746.260764
"e3e9d1d073b129c697c1e9e9",613169097.357066
"e3ec7a8fba3e1ea07a135dfc",644826050.230651
"e3f39c6e4a41fbdc4bc30e0f",837341514.232995
"e3ff13537ffb7172336ab5c0",1208815178.17787
"e40742774df7d2b614f32de6",429711124.683416
"e4082fa99f92fc7a89092fff",776135845.754307
"e40f616637f6187024b34086",740759279.33814
"e40fe4ac43cabe82c03dda59",677251659.632583
"e42fc32db529e088f15cec8b",1032546578.97534
"e43151473292e4e98f121f63",436878958.827069
"e439c77c0d871996bf06bf88",870988044.824909
"e4434407771070783b97c014",793739779.645448
"e44b023e39910ed29f4dde2d",765184299.214696
"e45293f1e6ceb2fe79f6e0d5",601310857.475997
"e4559824c3390efd6282960a",700345144.172251
"e45ba581daff88707ad842a9",885679280.692601
"e471b2ef30c388893119a010",1087237621.28011
"e47aa2541fb576b9915fd625",749415541.184981
"e491adef93281c097ab08dea",552976361.369298
"e4a021b625f4ffbed391c6e7",775910326.487226
"e4a70600296b0bde6c28fb19",790048474.691436
"e4a9626b1107b9397d0067aa",676405119.069552
"e4aa393309860fd5e30f49d9",1480039561.57877
"e4b85269ca413066323f66e0",1074641477.10612
"e4d6b81f169cab8ea0244d75",547123015.289964
"e4d89c9d33a0f2659df21185",715787937.063014
"e4e529e778dbc89f854252f1",889930258.967289
"e4ee1a81aa121aa5f55e20f3",709979128.41469
"e4f26a73bad4e41c375dd897",1312104266.19955
"e4f2ec7e2f4389c1efa52c0f",777094469.851805
"e4f2fecf58a038d7b18f7160",1306302160.45216
"e4f3e425e9f6e393999d7a08",556540939.865408
"e5092b4a94f1c231a0c47680",1180744683.99883
"e5099db945e4f04aa3f0bfeb",903608388.972353
"e5168779de76d99010e37c7c",792114072.907428
"e51873d6421addab3b539dd4",655575306.441664
"e538d52c9b2dc994491be3db",389167379.558762
"e53bc68f0e97ccead24f3e56",510949653.366172
"e54567ced41a40938b85485b",744456587.016026
"e548ef7a5650696c0e968cf3",756828607.91172
"e54a8b735724b2af56c7a36e",561864879.138107
"e54c7ea1f012656f7fafa49c",639252518.989114
"e5527bb25c85988e00da339d",1172045404.6214
"e55634fce84f78466095e730",563180456.112424
"e567e9e5862b13f0085505d4",553290965.378786
"e570a5157e02d440a78ca008",689422311.941627
"e570c5f58a20fda42bfb535b",550039566.424173
"e57ad52764215c3d54740ac5",745527526.410645
"e58b92216ee6438a921ee0d4",838615594.92446
"e58ba64bfa5280630bfcfa97",695397894.433266
"e59afca092e0ddaf60c9419c",775103049.627477
"e5a40a555d11d4429b9675c3",814962992.16916
"e5b2a446c12222efc187e02e",641357290.329396
"e5b92a0c67c506ca6e92315a",495457632.691446
"e5bc85e227ed7dabfccbd005",480450565.798171
"e5c8f2d536c3f931eff2d70c",922003765.144973
"e5cd7a2aed48057b0dc8d970",668446678.06331
"e5cfd99e2308b7b73581dbdc",461216866.783228
"e5d445e39104d9ee6b244822",879518965.074709
"e5d6be06fd53d317c8e5c7c0",685807278.78227
"e5d9afdaf318dbe749bf9950",684360220.415695
"e5da0e3919341762d5beed25",588228492.641465
"e5dba7fa0cfb81488b0c331e",536231293.137228
"e5de98822287c2caf8b209da",807009253.056022
"e5e06913ec3c851340d7c91a",776758596.155363
"e5ef29d41082025c42f7c921",838239126.46492
"e5fd3cdc6a19653275c7f4a8",468191576.58851
"e60024d6e0b5aa52e27a3b5a",761787875.307868
"e6016afcc032d20fc9d6f2be",799062558.344023
"e60850405ccec092b8fb5d02",742970424.859554
"e611a37562f88ebe07bb28d3",619737649.914925
"e611d41aaf38a58acaa0bf23",924435431.463907
"e6144e15d5cafcfe87c07c9a",492147087.969233
"e61476e47d7e7be706d23fee",608248970.649087
"e61e5d3288f02b904d3b1e38",1077578920.15036
"e6387696767d20cfa4918ca9",839198318.749456
"e6396355c1249c6290906b78",808375484.673059
"e63d334d9ae8b672dc7b7d5c",1200992935.22945
"e63f468e1d9f86530d47ba4c",327019166.799458
"e640424f3b7d1db403c36ba0",1083692010.57967
"e6424086fe1cf2a2931f4847",692303663.536602
"e6477c2014ad081d22f12b9d",690657904.041732
"e6482f3b6184515453d16bf2",1099632673.49604
"e65a4eec62e2a5bbfaad5565",741731500.175512
"e663064dd77e3c63ab9222af",1120545627.63523
"e6653cc1c94306d4e56ba216",715928920.114096
"e667133c29f90c8fbf30ede7",635872320.304255
"e66b2c71519ef8756db69b97",839269237.810307
"e6717956eeaadb3e95840256",1212353411.13783
"e674ba41f9657ac8f30d4f7c",1188077106.29835
"e67fa931031bed13c711ad00",710074268.652932
"e6807209b634455bad257998",564112581.228163
"e685650979374c571dea2ec1",677301147.629389
"e68b18b57fbc5fd6cbb477e1",709293482.837907
"e68ceeb098f60054c19fda0e",843366184.174639
"e68f5a98070efada9b5538ee",667424959.620539
"e6a5007ffb7c1321d4fc21a8",655482544.676148
"e6a547b2c0d126c9b6800515",1212569580.04989
"e6a7e6b41e6c6bbdc16e1e14",833604723.591322
"e6a9d5c9a82ba73e76817a81",600192332.249388
"e6ac4d158437142c15bbd4d9",822438913.373078
"e6bc998ad1d87c5be3559ab1",692303663.536602
"e6bda9370c80a5f7e5cb6b07",1024127563.36991
"e6c6625db90e519f9dcf1b23",508394581.65715
"e6d2e862f58445084b2980bb",1172188897.97865
"e6e3bcae6ba114caf108049f",827194432.725954
"e6eb47d050702ed49ef5c49f",1035166653.67743
"e6ed64435c659f236cf213a8",672973611.663143
"e6ef433629e193042bd30f4d",1061417172.90097
"e6eff72b7c5b0fc2677af2ad",648125635.632247
"e6f2c7d7317fd433e26878e4",1142581224.19707
"e6f312a0877af26b69855a3d",1111161169.57409
"e6f3eee9f5048005f24f0943",778766448.427811
"e6f5ae869a5b7a30e8f0fd0d",960402533.996806
"e6f9288cdadc5851d29fabff",1231178582.53286
"e6f948282e81570fd03e4df2",1071799766.1946
"e6fd53315e92a55c6b67405f",536242070.895226
"e7081fb59ffa298320321633",831827712.143533
"e71c6f7437c633e2d9da643e",666268671.809268
"e724a1db86d8d0c6334041b6",897789693.720315
"e72ff7414cceec6b162df345",733783468.571877
"e73e5e75cb18f52dd7239361",858099861.451636
"e7439820086f8d1cb13d7c9b",525529011.199751
"e74a31e6edd4459d4e215c5a",727444572.449076
"e74d815ad652f7046ba33295",748331932.559494
"e75699a7693c678786ced75c",551490473.933159
"e75a05dc0018f29517948ea1",422014916.105362
"e75d4ce522cf587cd66adae4",660098694.40731
"e77da26aa7ecdab5505fab60",936910703.796076
"e781547cf6f8cb4ec0742b5c",874897395.070409
"e7834f52ebad3d3cd00d069b",644573054.248592
"e789e801fb5d4501b5d64e2d",936383707.131695
"e78a4111d943044a9a32ed80",787130779.282095
"e78ad3483c5aa5a7a4310720",591095687.200654
"e78ef4d2b165a8e8781c258d",681610976.785598
"e790b21630ab963a65c53df0",572496731.126482
"e7a2e8e1c22a52f78ffd1b19",1728741846.49665
"e7a85e64ee07971696f555f2",787228372.603296
"e7ae63f81f8fad37bb9c1b32",1173397908.7675
"e7b3ec90b47c9e6009ca8a75",914773498.816516
"e7b717278f7c95cbfceba80b",773539992.563353
"e7b721ed96269bb195906bae",346242095.371746
"e7bb12e99318573a6e6ce1cf",696457278.232914
"e7c08555cb8f5c7d0f32fdda",505810024.315452
"e7c92ef9784a92c8b7fca693",714166684.697737
"e7cb4cf600b9d931eb295c71",498947600.909981
"e7cf67cbc08fa04be9f0a3d4",534810595.04263
"e7d1ee027da436cbaa122f48",1180968376.00132
"e7dc05756684b070b36d681f",933315048.214687
"e7def7d0999433ad6d3ea412",1043751757.03067
"e7ef0d61e27de15f10b0d643",851707621.479269
"e7fbff0a25cde72a38e7c7bb",1031377889.77757
"e7fc4e6b1fdb38ffe68fb680",718118736.582651
"e803e3806630c6579f004610",899036272.177645
"e80ba06329760362c7685ca5",683583848.828172
"e81c5c1b820636f691e5c5cc",789276352.111923
"e82508e88e3f62fc8e67dc16",695126168.21291
"e828e83be8651bc2e07641e2",687629071.871231
"e83119808dd08ca090f5ed85",872740631.198465
"e83ef75473fefbf8d7e52302",541841670.571653
"e840095310907e82a159d683",908328065.378682
"e84605e3aadd50b064c8eac3",1319509329.70036
"e84888d2f22e14a5016ac789",886412395.134179
"e8491a7994738d098a7aede1",1129020234.48432
"e84da6ce78339d50a72cd87d",440729810.222834
"e852246b7661d30dd2e1f0ab",577195380.524455
"e8544410d811163a13c6a326",561714373.172466
"e857db57a89e165eade00770",459981185.090813
"e8603da6012c2116a70176b7",1035279068.22175
"e86b99e5dac8ed0d8296e950",432751923.135961
"e876c6fd9c161861fb92ad5a",1135097739.58999
"e87779bf2f8af86fc4ae9583",599435443.019678
"e88009be52bf5803ba3665d3",734741185.123272
"e8872302ba40e4ea413689da",482208053.679977
"e8948741a987cbb3759b7a44",1052117201.34614
"e89774d061d50c83b409a071",337908899.002417
"e89cf4cc82c5283f3db6f5f6",563229806.898401
"e89fbcbd4d3414e30c30fc29",1060363618.20991
"e8a3d9d6134ae8d631791e52",1311371789.82461
"e8a7ddb4e5d43d156692326c",988376737.841189
"e8abf103cbe9fecbdd758516",887848650.970539
"e8b8d0c4cb87efc13344bcd2",973446797.371816
"e8bdc4a088a6b99a538a6f0a",412030027.834652
"e8bf121ec117e383c843bc51",1221780087.80807
"e8c79fd41b001fb1da0d4fe1",909313257.771717
"e8c9070ca596f88bc2e0868a",985456810.055205
"e8caed8cd754b0e3d43e6954",898292058.142627
"e8cf39cada5b7755f60306d1",682497120.415871
"e8d2cdda77c1d885e21c7bbc",1315190354.47253
"e8d83f7dcb876d5d05ae3e98",811078781.209044
"e8df85384a1f51c31015ba08",1025733700.98268
"e8e215437d023387c4a55515",546192955.93775
"e8e97b7919856f9cbb9ad02f",839439863.040783
"e8fc9a1fd4b39f946b914398",527330784.355133
"e9081115ab418ef1031326c3",588316295.482965
"e91425bd357561183b935d27",756202826.547124
"e91598736dbb7319952f0dfc",843253770.758684
"e9182661e36239f091259232",386050630.15164
"e91a3f962129068a3a76d209",930919217.496901
"e9205b722e624eba0fd36145",1112238083.48063
"e93a9b257ecd815c860d0b82",767876537.695212
"e93abbb49b24717d3a0767e8",720292612.011942
"e93dbc804920c0bf7bcf8cb3",763751825.327476
"e95653d504208e8da19fdd03",901754096.124721
"e958bd2b19db118c31f893cd",588327629.006152
"e96a7f5424558193663ef6f4",915835307.839521
"e9772a54bc6638c723dcebdc",698433008.690343
"e97c998a6a0709605432ccb1",545389804.47837
"e97d03ef9638c8e1d270ed2a",665478316.740152
"e9804af0513b2f68daf182b3",480865641.901302
"e981d4fb3a33f372ac26901d",1217532513.0854
"e9830411c3092327f4e66a99",719328354.442035
"e9860f6b4c3e6699e62f6c31",779948190.771006
"e98bb3a89bcec8650e33e730",798617551.487007
"e98cb170e4383546988c6829",608700920.993103
"e99d9dcb9880cbfd219b4297",1117940088.49481
"e9a0dff7ae48bd3fa2ecfcfc",777286897.414332
"e9a37a1a4150461126dbb6e9",594617479.464792
"e9a427f23e80fa59d9d517c0",561922672.768949
"e9ab6916a79b4d5182d33bf5",1002445954.93604
"e9b054016b281140d2566d88",901178482.757713
"e9bbc31499ca187c6a492175",817441372.440007
"e9be8cd37abed8ab510ba1f5",1064935724.58559
"e9c905ff64c7e2f8c21b0a9c",338947289.542265
"e9d514f90ebff0de1936d09c",845904528.400238
"e9da7f2549d914aab6a30e10",597427450.365713
"e9e39766e2c96bc783d580a9",1370239785.17365
"e9e6e054c1d09a22b7efa20a",760955196.300908
"e9f3f41366d5d784c2928937",738957357.207212
"e9f44786cf982100af0984e4",1161196188.2939
"e9fac47a0f02f27abc96d568",889431269.379321
"ea0ca17e989ec57a480aa464",1112383554.60997
"ea16314310144a10c81da9c7",441574539.937945
"ea21ddfa37d60737492509cf",915255409.260191
"ea230d5eccd2b687888173bb",799711384.778507
"ea28f68a1d1d81d29b88531d",818210478.312066
"ea2e380226005bb55c724ce1",1097914059.22469
"ea2efa1a857332559120b823",665245086.751558
"ea34dfefac91681864c2bfe1",857971481.713147
"ea359d571ad0c986f826d31e",1008947334.67808
"ea37ad89fbe4159940586718",441202591.912963
"ea47ad6335e74dea06228b16",669596821.37786
"ea4a797b3d73d1b2cba9d651",1030047270.37674
"ea4add08aa912717cd42f9f7",1207334875.62507
"ea4af07bef4ed93e81ded95c",1250449839.45155
"ea63bca8e3a77fe88d88fafc",563708917.796378
"ea6e83dbade169818975e5b3",656782699.711382
"ea7c9e327eab66ca286f6726",664152468.128487
"ea7d5c601c3f8c86ca8f15e1",780502450.543407
"ea7e3ba584cc5ee45ff8ba7b",858615377.488113
"ea84b58f733c8e491db98a52",1015501996.4676
"ea87e3259c2b0d6263d39a2f",740662878.999559
"ea8cc21bf7d48979bcae1458",922378530.926699
"ea8d704272b2cd066a7e7867",908454548.011975
"ea91281d5eaf6b8f436d47f6",1200992935.22945
"ea935b76abe664d5e2c4736f",551455572.106151
"ea9d6dc517c77ff8bffd596b",918031285.01942
"eaa4893a313d85fcf38dbb6b",860176784.020415
"eaa6d58e226904e9993b3493",551017366.387585
"eab4ae491bbbe7b8ab107229",894692816.748911
"eabdd1bad2bc4351ba4a2635",852353228.726436
"eac458ffc1da75fa1a4ab384",721077389.572081
"eac7136b26bccb3c5d2b6202",801149923.190121
"eac89e705cfd337a99417320",586071488.480647
"eae4243c274735d616c6b9bb",905871531.858081
"eae4a1cce7c039c644f01c6a",823594495.324704
"eae52c81f779a61f57cb5b58",910284236.398191
"eae5eecfa2fe828afbc94b0a",495269957.194148
"eaf0f2b00b6994a9ba8c5ed0",414047429.292785
"eaf53eeb911ecbae638409e5",463965076.563001
"eaf87358d89af17c3e004c21",811178281.048692
"eb055771816b45213df3ff3b",616687120.112496
"eb09010915ee68091d6675d4",657716512.781583
"eb0c6a8231b38b2a1e1f789a",840408490.045511
"eb0f3b14782c9a484408c606",928864137.294842
"eb14a5813f860bb74740da2b",446134741.855374
"eb1b9e15dcb88964f79e6a4a",689137896.111549
"eb24e0a0ebfbe16eba466280",943099420.35836
"eb270972f0f69f1671a0a740",842357692.052946
"eb2880c2433c4b2500fd40ef",631706288.250485
"eb2bbf82cb615e3227305b55",569290596.540784
"eb2c7a973d4d6ce8e6ae87a0",951463778.753607
"eb3356f3856526dc140be7f4",587837070.869696
"eb339d562b72b3bf51073cc1",495363786.054868
"eb40a304997a6e66c550b704",969932880.678941
"eb4e1b72abce1d184dd4d5e4",663489150.289642
"eb55b0778607da932c3b311f",970786247.929689
"eb5e382e1372c4e94f467673",772885628.049061
"eb61a13df1c8d8d0efc4db3a",630783773.564683
"eb64fd330053a41ce5be4a7e",513133724.913622
"eb6e6060b78676d13d6bda48",764119964.566983
"eb7173223a27076d16b87f33",739888940.028184
"eb77734d12df7528af57c674",520688075.745535
"eb8021804e63016fd934c9b2",885303341.863746
"eb85bf9ab77f59615960fbe0",972625777.743687
"eb86c1da60250e5559fc3cfe",718745784.326954
"eb8956f0c4a885619bf1ff79",994739352.825389
"eb89d0b7914010148e6bb597",824349772.140758
"eb8cc67810d95d1b102410b7",1064935724.58559
"eb8f668912b70fd554c8c723",518039094.358673
"eb90d9e9eb53b44b07ef9613",878670671.986269
"eb963f082209fc077aa72bc9",932624918.344318
"eb9a59d4e85a3f124e866f47",840314554.087238
"eb9ab213defc2de5d878653f",622641963.039279
"eba0410242fa1e8dea90b194",845516342.663813
"eba3cb8156e0115bd7dfb525",1190874146.68166
"eba6a2b80a17a846ae560ece",576915698.626364
"eba756e88209c420d288c4be",683529506.899868
"eba86391ca00fb217ed1f774",724296990.110904
"ebab054e5f256bf4e382002a",1180521034.36677
"ebacf31727972e81d0a0d904",508295069.931377
"ebacfa0a8e569ab603cccd11",367180648.564592
"ebbc5fdad817b304af3585c4",495318427.594123
"ebc3a6574ebc530ef715ea7e",1043819527.82494
"ebc96ea800887a647422b8fe",949171460.550075
"ebcab2f8506c64a461591d1c",577528670.732352
"ebe09efa32acf6d680341840",1039482311.93422
"ebe1b5c9471f3441a388f7ac",717699364.249189
"ebe33bde2abbecd6d1fb0cfc",814094062.568156
"ebf2d540aff82f1aadf95f9b",648098427.633075
"ebf4bda17341de806444ba83",717555255.826285
"ec03a01c961659f2cfd9c973",679782531.446998
"ec0c283eeb8db461c20af1d6",879749798.117659
"ec0eb8d68807f52b681f138e",995563484.182709
"ec1171cac1eee089be6f427d",598083697.733746
"ec13a869c212c39b6ba21b57",969195358.000516
"ec15e2a131d9724b012d68ea",909485527.108419
"ec199e33b7557dd669fe1aa4",406464207.802383
"ec232a7ee3aeac713516614b",875199200.12437
"ec27554aa1c62314f4d46fc8",595130935.687965
"ec2f16aabd36fd9ee2203276",1183641167.7047
"ec3f1679451b9c0037f89386",1106158191.16963
"ec401de1c0ab2dbc149da048",729221957.362896
"ec4226205a38a45d97f35828",865692602.868459
"ec422df56b811a0aa42d8bbc",838065128.890457
"ec43b2789c9cc266a8e0d1f6",429481103.112949
"ec4df02b32d90c019125d108",1074474250.24183
"ec4f7794cb756b995d5d207f",760356125.748695
"ec5866fcdb9afffad2d7f5c6",994862165.354278
"ec674ba8cd16c2264d270901",925458985.169607
"ec6ffe86e9ece6fc03556ea5",428517575.699495
"ec824ecd0319e05d1ca6a9c7",521186685.931595
"ec8b305ddc2bc211a8a05d0c",775054525.421679
"ec903c33a379d8d2cc04ab36",1018723655.84397
"eca500b92ff96f10ccd45e54",770055271.32736
"ecaa5e38ff6cddc14942eb7a",845825563.941306
"ecabfcb8ce9bb47ec3089c7e",744103165.802807
"ecc3362a649cf08afef96fc0",465696202.046827
"ecc36a3a4610829ee3f88993",689280350.547597
"ecc4d05489c5ffc8164d5469",445285137.48887
"ecc5e3781d5e004ceef8cf76",960120163.640606
"ecd0b4bfd66fe04c278dd4ae",601399607.815178
"ecd1e3003c5d74a3c7cbdb11",566450721.434163
"ecda0d714f52da919223a520",805130567.915465
"ecdb747ee4a3ebf958252309",790296748.086417
"ece0394e38b152e6c1571324",973556728.411958
"ece6f8c652d4227370ef0fcf",961361441.645585
"ecf47573fe1ff641f6914d0a",1087693570.17723
"ecf4e968c925cf8322f8a0bd",448237351.768839
"ecf5c9bd618e3976ceb5697f",1028079313.35739
"ecfe155a407ad2c2f74522e8",845771132.06955
"ed0051ae106fd0df60a14586",877700662.153663
"ed09fe201c9ab02a91779dcd",800980547.646534
"ed1c8ac25a3db5120c92525f",509122743.274524
"ed1f81648083d4d2726710ac",748590898.686848
"ed2c02ddcf0e54789d9d2675",969968914.885764
"ed3275b560f020baeb9ce3c0",676136366.157999
"ed40f198ace8a4405cce7a1a",641242486.188935
"ed43b0ac46067bf886457c01",882924002.472404
"ed44705c17c414af8442b6ae",604401405.863308
"ed48916725be6970cd2f273a",705921516.416873
"ed5192bd8038c77ed2e46f0c",628350961.047054
"ed5559fbfaba86299e87ed89",588465078.918334
"ed5622c308bfd10602e939ca",893341961.423396
"ed5c3d2952d2575b1bb757ee",885872358.362186
"ed5dfe95f82f4c087af07045",503557424.611437
"ed68664efdb7377c33f4010d",961061609.777699
"ed6c8c45bc8c1d160cf0d0eb",990605359.679823
"ed70b749e030cc8715c0eba5",1059193691.24074
"ed75d1c40109eeb51fd636f1",1038551617.89086
"ed764bed1d05cb1e9a4e67f8",863557464.21361
"ed7f61ea4c9095bd4aca258a",643195227.689332
"ed80ba018de35d5d76d50db4",1256111103.96576
"ed88c773fa9ae8bb29645fbf",713256552.006973
"ed8eacb8746dbcc3c2ef3aa9",783203248.814138
"ed9703ed896c6118a3458e78",495906672.692262
"ed9976e922a774cafb601f5e",641639977.269274
"ed9c4f4e06183b15b877f077",538491096.54577
"edb259013ceb62ad9b23eee3",1199484687.10067
"edbafba81b92efa9b1400987",994717482.421261
"edbb5db63dbd0452c51047a0",828538994.092375
"edbb6dd10f8c9e7596368225",945871525.150648
"edbeef6a08dd17a941634d49",1026629137.68253
"edc204c3e18368e0a9eab593",1223396112.41714
"edc3879a1102740f2f96227a",944130137.114639
"edc43e57b2905405a13f8f3f",520974623.302046
"edca31377b4f7299f8b45187",1394278018.65904
"edd0b57b90629fb00d036e34",619185784.312643
"edd1c4fdbef4e6beafbd39b8",627020886.9855
"edd2afd07fa1305fc3126078",350493568.475635
"edd342f84fc90478e344ea1f",735872471.47499
"edd4d560363f7575aee42d39",769331559.448701
"edd9a278b86b1c56e237a0f3",652247587.608261
"ede08c77d6090e0900654eff",995487339.502671
"ede10672118071a215ae09fc",985410733.458256
"ede43dcb1715b959ba34a37d",752081113.439407
"ede7995bc4e7e672fda4fa5a",903072600.234685
"ededebb1a544fb3246d3e131",560036679.544478
"edf4e11d1f1aa6f8080c3156",1126563772.14808
"edf8c961862a4ff8e1e44f1a",749166448.872121
"ee042a4b4a0bf9a1dcdf1eab",673456068.424333
"ee102e9d0791ee82ee4da2e8",768405344.806545
"ee13d186a24af238d06e0c2b",824565863.21119
"ee18825bcf4065d29287b54e",1137019521.68553
"ee27eba49457286b5ab76172",717381346.539475
"ee2c509989c7155bb472c5b0",591696639.458238
"ee2d16316e6f4f2388494c7f",585244983.703047
"ee30ab004ac5270daf59758e",807313205.210787
"ee3b5d47d05a80c07751f7a1",1062100046.46685
"ee3c0c7fe3fe73ad0449870c",1794592332.33566
"ee4377ff95580b93e80ae08c",978888904.01655
"ee4dea05e93581750d613c59",648950634.124677
"ee4fc6a146e888e993a4412a",788016359.492073
"ee594b6bb0751dab39055b3e",707016001.913351
"ee5fa0932e098cba28d950b1",805048551.441449
"ee667413d1cc49427ad448f9",813528725.042038
"ee6a288e644183bb191a6526",420203400.193804
"ee70354146295365bf241d9c",749415541.184981
"ee703dca75c4dfd5d035c9a1",665278608.111029
"ee786b818284cb382c755e9d",906675953.545502
"ee796b35e39c7beb6aee2b49",884703276.132527
"ee7f7d547af56773a4b0afaa",807982771.17827
"ee8103b958673c589b9cb27b",972127310.118969
"ee85a12b8f764bc15164dc7a",735025425.831931
"ee8651631861c1b94283a953",1013692420.98426
"ee8bad3fdc93f7fb79c9cbd8",1154619306.96174
"ee9171c496fa78b1461acf88",760995866.621761
"ee96d947484aaace40f9b77f",1040264100.11399
"ee98e745afca6de4550fe570",728651434.304716
"ee9e5adab1455d38edfcaa6e",983793585.076022
"ee9e7dcede0ffc20442b4407",938051152.565801
"eea6a2137473c3ba6708b576",496301715.756233
"eeb6fa8f820ec63aa0aaa303",1097070316.38058
"eebc02ff14b6d270746ca055",711375439.861992
"eec4d59429b1d1bb75b4d686",738620541.796695
"eec51f949083f39691e37e15",865929796.448851
"eeca3f5c399785a1cf15b1c6",669561122.452589
"eecc82010ce9803ebea6dc75",743437518.135618
"eed12d0c3e65e9989fc4f4bd",719223338.95393
"eee841bc785b1824b6419a73",675846220.567198
"eef1d35ffd08dd161a36a2d1",1179920707.5087
"ef0e5b23069a9fe377b77ccf",950529156.168337
"ef26c0f1cd9e3203ad16558f",774160806.82296
"ef2ae24039bf2cff1caa4340",562790725.684428
"ef2b9c11f884cc5f31c26f60",797827211.270058
"ef34f331871e8ca6573981e1",620764672.559102
"ef3887783a12f591198d6c27",868377714.356566
"ef450748c440c4958e5db54d",970786247.929689
"ef53741b01120666a08db213",1067913580.02698
"ef61986cca74fe8585b1b287",626693402.935422
"ef64565957b5278185b2429e",926980697.093595
"ef64a8989a6444cc529dd1cb",911845578.401326
"ef6ac2a5102d7be910a3e4c8",376079716.315022
"ef72df5586ad0cbe59e36e07",971013776.721932
"ef73428a38c201019267afb1",492439886.674069
"ef7ba10407cd74590ea3fff3",734556011.607657
"ef8430c4d15e5887b8103bc3",1082707622.68075
"ef92f63b46f27ccd2151a21c",617941259.26454
"ef961c130fa3b9015b103154",1055068211.83525
"ef9cf29f71434be184a4ebd9",759695430.506717
"efa0c01632d13ab59f629ab1",657427830.130612
"efa36c7738fc14a11cc352eb",534938895.558767
"efb0b413b3f661b23d674b3d",1234933476.28984
"efc5412fb02ba9d8f604e493",577928828.044138
"efc7e89ddf3de559154d8e0c",1200351175.32477
"efc8ccaeb09a5e1bb0bfe011",573162979.204481
"efc9ae02fd6c3f18db866cac",848919140.622452
"efcc8d268982e95fe2fdb311",1312117248.93111
"efd178c4aaf3fc9d05b8dbdb",499332525.0072
"efd9d848677015f13688453b",652809272.920193
"efddad1eec775ce61d3b7b64",835800366.117997
"efde559422ec1dcc55abc686",780145828.139741
"efebd19fc5a2ab30f2ccedcf",1171805498.44806
"efede59a47d17737f90f4bcb",966956919.742698
"eff8b3fe996b6d7db10b0263",794200337.340616
"effc32659ff9bf30faffb3db",790728659.588891
"effe4219e6cb56e5ab70ff6b",763967613.988328
"f002603a6990ec405d82cc47",1040427328.97237
"f003a46a1c8e04da0052d72f",613406549.319178
"f00b8eac1812a500d7a732ff",869488784.048842
"f016623361c6ccc5163e79d5",1134882736.13052
"f016ba59a64f287099fc4af4",676376604.67688
"f019dfbfa7fbbddec988fb25",1135213468.36256
"f01fa45466e2730f935a4128",836518653.211917
"f020fef57e9069e4dea2d71f",1052374973.16508
"f02865ea64b156bf4cf4cfa4",1982070872.70728
"f02f6c5b97b8e3cc5d5a74dd",897177354.802501
"f033750cb9db15e886b156ce",989521062.16934
"f03400cc18e12903b3ffbe5a",786026771.114105
"f03f97ca55e9a43928c18237",607528488.560706
"f040a167241599987e7b0967",469295456.67521
"f04b574dc221473cfd616e22",600182621.552418
"f04d3ee8b175c8f2f30f4f39",1118730899.26792
"f04eb16931448e87aec205fd",730358694.387193
"f053d3918234bad409410755",768183245.142576
"f055602beb49dd6040641c9a",668530920.082123
"f059e39d22124eb9e7e8e20c",762804239.903608
"f05aee3e433cb036653b4375",921902002.956375
"f05b3779581ac0015f29571f",711049231.687703
"f07126d58455b20f547c4380",660560449.93436
"f08001f2590d7b734467c58b",479614966.968668
"f083a8f187e2227696695ee1",851306462.468736
"f084bfc530f4039f6631537b",659267558.624581
"f0862f57dd6be5e7659c65ba",687562779.575458
"f08a5c2992cfee4c0910f68c",906763339.439224
"f09bb33b65b5ebb8fffc3a21",1047389658.71804
"f0a8fb06fcdf8997bcdcb03d",683003934.588838
"f0aa18bf86a36daeb59946e8",964401275.841714
"f0ad965090221d2349e90d5c",902095802.997829
"f0ae62ce6eebc4d07415c48d",895538774.345259
"f0b2a0602bb5a83f0827ac75",810822564.85412
"f0c7ecd3b2261873d3664748",798925164.987871
"f0cb484eb3f6e04b5b1806ab",717909904.490039
"f0ce47907c3c30b6b5e990b1",760943453.807363
"f0e68102ff84f49d90fe38f4",683154696.021954
"f0e8b39d2e4644dade9d8954",878113114.015499
"f0ebddf2bd5aac661e4945ce",567843307.130472
"f0ec99c13c61e89310ca9b8a",707172782.224752
"f0efda3f7fb18af1b44d6aa5",1079545187.08342
"f0f883c45e8470e74280e8ca",589084602.282758
"f0f8e755058d48542b9cc4e3",610684798.342563
"f0f9bedbcb57383511805d17",593863964.567693
"f0fb8232343d235741a20586",934423010.199676
"f10e210fc04e3fb073568323",755325774.435096
"f11137d27a5d7fa57f94e97f",895732515.962279
"f11d7627e2f18c9a75595501",1076217272.39937
"f123231ff18912a3dfd7cae7",474266341.692326
"f126c4b36c00d0ca11c21a2d",704712211.253732
"f1319a9332946bd68db250c2",698736818.540202
"f13d8f4b2e3114d71e5ed941",808251117.748466
"f13f72c1cb469db92b25c2fb",1299896543.9353
"f14b11d270282b317d9cbadc",843544426.324975
"f1582fc47e7b8c0eb0cc9949",695175273.327657
"f15ae83fbc4e4ee3f646b4c9",600118463.820143
"f15c6403c6d4e3676a607780",560209783.019908
"f15f48d4cf4f85a3cd68dfa3",811045300.42675
"f164514211012e3a1686b148",660308210.399891
"f1793973b462cdbffb1ad648",826147426.112901
"f17c8b14e56a76ea84a45fd6",1313697404.36955
"f181f74e96a93820a23bc0a0",528755872.6163
"f183e3651c485e0001e64880",694556608.679211
"f1a4afc2e543ce4260f1d781",1291475457.48774
"f1a5856ba56e7b12cbb9459b",565546236.277035
"f1a7fa5dc1996591ff97a34e",682965014.560465
"f1a8f09837660445961375c1",1116297301.91508
"f1a924badef699637ea8fcc2",607363644.021658
"f1b30c4ea99f19a81d12f73b",1370239785.17365
"f1b7ae24195b4414e6d6a001",1017874307.34976
"f1bc08407f40396c094e0499",832314045.655501
"f1c8da86597a427e24dcd557",1072205909.45284
"f1cb3c0b97ae1c6819fb86e0",1137969393.64101
"f1d76d78f9266d9552bb86f2",511206911.012776
"f1da5388b772159ec90c3210",1150855971.11241
"f1e38e53ddb8a9d5b641d934",853376314.998559
"f1e7a0c7804083963b5b6de6",594684103.301675
"f1e9676bc91a76740f4e9b0e",767853132.421952
"f1ef14babbc4123c5157eb9e",790523711.642885
"f203b18854b75c4564d7a17d",986396310.862462
"f20a7f264a8285a75dacdc1d",1053261987.41079
"f21625fb82740d6f4cf1c325",482383216.565115
"f21d2c0802e3858d493c1984",903194414.999895
"f221dd5d745def063eeb7258",803276723.206095
"f22ae3d17c92427f5227cbf7",381993456.843038
"f22d6cc8c9611a7c23fa8969",799665164.724193
"f2387712fa17435f56d7b102",717131380.211259
"f239b7fe0de40d208c01c45d",820345562.735189
"f23b32fa4894b6d59f73c151",806007868.633399
"f2409d037bc8b3e63ca69fd7",745834052.579257
"f258fdece395f0c4f4da6a96",897937094.384793
"f25b2ce0d988bf5490fd780a",471069180.757415
"f25f5df33f25576f805a95b5",979901128.435632
"f26c2bb4d5787541e9c36463",686248645.93134
"f26c43f2304c8c694c818a9b",576105957.942795
"f270dfd9ef449a02b6d7ae2e",710100697.110075
"f27397321c007765244e56e3",929050371.475724
"f28514aa4d6ffa36104411c7",711606430.236305
"f2a4f5010f3da37e27505ece",671711016.857361
"f2b67c40a560af8729bc6072",650492677.836911
"f2ba4a7a0765c3ce737b5c81",884437796.179066
"f2ba7982bed03cac394ef87a",689358063.553527
"f2bfe55b6188070fc5c3f59e",938338357.98653
"f2c86c1edac4eec6c01ec11d",724145460.551266
"f2c87b07466aad7328b7e0b0",856611592.436821
"f2d4c1faeb7694370bc65ec2",523867580.128068
"f2e0163fa07f89820739dfcf",978939651.622646
"f2ec3a3598c99bb8c38cd680",443707275.415551
"f2eca7e3226f625807f7d6be",1372186989.57836
"f2f43244cda8e2f5219f3db8",524652655.898994
"f2f4e6cbafe527b155707f01",1199711929.39548
"f2fa898e1bcccbdb92dd91e9",755505582.797414
"f2fce80439462bb9231d7fba",652181118.90851
"f304bc9e9edfc24eeeb720d5",823815614.787848
"f309733881a4f89d9c8a8958",824746147.614785
"f3270f2ccbcccf3046346809",1069739242.88141
"f3293c4064d71f9322ca97b2",1045209805.03308
"f32a3b542efba398907ec912",604186971.865361
"f32a7d08d176bf9177dbcab1",911318701.39637
"f32ea78bc5ea15d700d3c118",747658235.159394
"f336d60e41c8bfee91d58728",561607117.325795
"f340405bd7f2c4bf524c50d9",903187193.949694
"f3478cf008a7ad268a434ba3",657700434.104277
"f34a38cdec7eb598e55fa41e",912024649.094032
"f34ff57e272cd08056e6a243",672322957.453372
"f3523e0626df8cea803ead0f",443731365.855995
"f35538e95b4a567f9b834034",750196725.914529
"f359afc7bb50cf6a61ac63d6",491285082.847906
"f35f884365b1bf6fb303d7b5",610393400.129175
"f36031f3a3f77a3fcad337aa",633505640.986189
"f361109d06f6609c16724b39",551246685.025005
"f36a379e0149d4800e793001",758420691.205083
"f36bb15462fb29f80b127458",1198803218.44085
"f37c9693e058492ec3715de9",589746483.738982
"f37d31c512866b575780c4b7",1233024355.64367
"f388112376e68ccb2290074b",986396310.862462
"f3962b552d34eb8bf38b4763",1197117390.10844
"f3986309e4fc4cde2b5feed9",910143417.803006
"f3a1bbe01d265470a2d7332a",718316008.59057
"f3a6132006d54d0e22a17e84",883659873.226544
"f3bb60434cb36fcdfe218478",472857328.7178
"f3bf0be37be6292ba0a8736b",963500315.20271
"f3c8cf1fbbd6cced1fba0930",697523533.987415
"f3d82ce1c6fac06e4997f7ba",713534900.502199
"f3d94d0616744b87ff139533",571388491.746883
"f3dbdb2b69017cfa026ee18b",994329027.444063
"f3dd24a17ea51b7a2b0f037e",680114183.966178
"f3dea3d678d959aaf6b2849f",1427902835.12442
"f3e2fddf1dbb400788a5517d",867741266.518535
"f4022026c279a9b77a894ee2",728089176.380879
"f403b20cb52d4ad3f9469ee7",831085015.173106
"f404deec9ec16a8460397815",669406450.169516
"f406c9c3c92e9b31310a50ec",586944589.890479
"f409c701e200046f574f4e06",640742937.03536
"f40a182d82c489f55c64ab7b",801504174.372238
"f40acdcf5cb9925c09c9df7a",846227377.792443
"f40defb11ff73ba4e3db7611",1112758758.89513
"f415c2bc1bc0fdca091285cf",1081464966.36348
"f418efb887a15127cf2563b1",525802192.936444
"f424ca724e7df1c37ed78aa9",779515930.524953
"f426c41d6d8bc99f359f480c",463828018.413373
"f42a53a05dc90e617e0e4c38",450973912.569143
"f42b6680baf774d27fdf1e48",671006170.625332
"f4311c45516bafcfe8864c70",973435852.666124
"f433278518a80c3301f26cfa",851381864.045466
"f4350916cbddd5a544c6ae46",498918331.455117
"f43c684b789900c58c8b5fd4",548771514.95274
"f44362b932a8b70ad4b99a29",688856054.133774
"f44726680d0c594a2d430bbb",646402055.983674
"f44d035ea2b15b2c69d4da50",775488494.947834
"f45161bb79292e974dc88b5c",498074737.054342
"f45234a3f0aceb12341be024",985807229.995213
"f45dfcffe189327cb0d303f2",1078750943.85433
"f45e3be8500d7bd91cc8855a",588477492.013203
"f4635193372f669612744011",1024225671.92878
"f4658aee77fa0e35a71da7f1",730010630.710412
"f46d46ccc7fc415433e471e4",555294949.685133
"f46f5e911c6c595efb5b7ab5",745990976.750348
"f47c64c8ee69e744e654d4b9",666565282.911761
"f487761a658a4247563faa38",790212482.564212
"f4897a8a0a911a2acfb8e8c7",1198576148.26866
"f48e503ebd3908838c1f2ae6",537839593.026267
"f48fb9d9c42b0ebee72cfcaa",685238405.078008
"f49045b312d12268eefedcba",683022062.249203
"f499c1513abf0b05aa1f460e",1451818802.75395
"f4a6ec71ad7790df9578324f",619344070.664077
"f4b1645da3f4286e39f2fe4a",625912153.813165
"f4beded3c5ed9fd6cd5177c0",756251007.546076
"f4c118396d781c140d8c9b08",720172675.849475
"f4c6c3210a3c2eb935c6d5bb",1103520449.94937
"f4c7cc4a249ae7037aa0b35e",594417960.319734
"f4cdf3ff86fe70fae3e59f4c",574081466.646277
"f4ce15aaa352d707b68cf773",670907656.718659
"f4cf541f02d99ea1851b9f12",669578076.668
"f4d53276bdb5899c6f059c67",840791067.600945
"f4d6ce332121f814aa663fca",762639438.532355
"f4da2c8dd901cca9cdd51025",777207940.299286
"f4dc67569fd340be3dc592d5",582891045.235629
"f4df4ad4366bd794594c111f",776635958.803658
"f4e0fa1172c1d4b70b6c4d73",821684964.322519
"f4e646df504728ee1e6ad0d8",654822708.70803
"f4ea9c80fe71a1bd0b692475",817170908.905542
"f4eca80958b7a22922b0efa1",689068012.326627
"f4ecb15ef992a677e8b4fee7",541833031.872455
"f4ed8924f5d1a3e6374715aa",671034760.129968
"f4f6e48b618064ced466c302",591504587.77785
"f4f7bd9d03eecf35e9f37619",823947951.568387
"f4fc081a112f5ee1b3a09e70",724547785.236033
"f4fc2da675d6a2583054fc56",434195530.636325
"f4fc67d9b9c6078003f9af35",721631887.331802
"f5006b435fc92111d55c0603",386323582.298282
"f50941445773dd62e87e0416",1087237621.28011
"f50a72cfa82f3742189b7fc0",1039183096.06036
"f50e0ea2c3831235704b8c72",691477909.498561
"f51000446ab65417942e535d",806023922.819729
"f512fde4fa3f1f7fe885de83",797564709.981444
"f51658b9fea670bd943d6db7",897858174.194445
"f51a78ac4b03665561552b0a",808900923.41783
"f51fce25d8376d48fbe73a43",722867899.478006
"f520fd12dd3ed32ba78d357b",799983087.195586
"f52226b24ca3d5b04b7cfcde",1091899875.87537
"f52ce56f20251f018d7864e0",636118574.362938
"f53efb47de2bca5912ad7517",943393307.151635
"f53fe605b0a2857cf3facf73",833237654.93108
"f5418917530b72c9fea14f66",470912352.849622
"f548ef815603ec44f4629a60",1221131042.27198
"f54c16df774e70d49355cf4c",460502707.786865
"f54d358d26af89636906f686",1176317050.27976
"f54dbd8f0aa752f79c581e5c",934433369.466647
"f550bc7ab5992a6fb48eb60a",1020254669.65248
"f5534949a53bef05de31b07e",777546743.329898
"f563f0899884de7f9bdab405",895076700.376773
"f566603aacc78da47a283804",691645967.206132
"f56bca5bebfc765162c8cae0",1168502076.46151
"f56d8f5cfaca0691c6ffbe00",736183554.787678
"f571f85be35a72b2ac358d27",569836105.136716
"f5741fdd9f509d3bb02e35bc",900676832.508828
"f57cab248d2d832725d78135",700708406.478535
"f5802200af1d28eb48466c1d",719742013.004618
"f58528d3ddce3bc6c71bfce9",768962967.394069
"f5896513d1cb044108d23785",1060150202.40982
"f591597c9a1ddd9852eb3cfd",895129536.296831
"f59686ef2740247394547078",1175726956.23528
"f59b9c03bcd4e0e06d23fb47",730690964.12658
"f59ed9b8ef1726f1a55a4dc3",604077760.250694
"f5acbf43add5776430d8d4a9",684979422.554955
"f5add08cb615eb18b3153bf2",1139964696.82043
"f5b0b51ed49be034c290efd2",1026658343.97962
"f5b9cbae30356fb3a1d005c6",959673610.712049
"f5c79a564600bcad99c74f03",575405100.341609
"f5c866d489889ab2f124799c",937314486.725207
"f5d529ff6a35fa78ab14de21",544710347.430798
"f5d852e25d51377686c43bc8",703438144.853336
"f5d9d8082e7652e97973e0e4",1287839931.41713
"f5dbd7dcf63b08f711561e58",1002048666.39982
"f5dcdfdcc8f414cb7a38309f",712198796.352374
"f5e7ab7c2edf566fa22501b9",1224580472.00528
"f5ee97750fd4e04eafa9d1d7",744274741.382176
"f6013cab49ef9188aaf87972",830644502.519555
"f60d9f0751a14efe41be383b",480295125.577318
"f6173e36f95ad05b8e94321b",908826100.407542
"f6252e878aef5f8a641c3d6e",531807638.9978
"f63608198bfcc858abe1ab0a",707431446.373924
"f637a4885488bbd499199148",928878598.208092
"f640753edfd8fb1a995f1de1",763156683.362234
"f640eb21bdbb9369acc4e863",631825964.965123
"f64d4e029592761bee698958",608562829.105686
"f64f642775ed2c9f45aff215",878824876.221193
"f6503aab62a68ca16eba3fec",1169395420.6814
"f651cc17b051c962e4124795",875549320.373068
"f6544a1c169aafe6c8142907",957632018.948724
"f655ec98cd42b0bf2d7cfbfe",809399615.185355
"f660a48b0eb17e98dd77c0bc",648936833.363703
"f665a58fa8eda69547c1a159",799227906.301905
"f66bad2cd4b09ac29f540f63",806995944.605266
"f67028acda5ecaa4c8781ba6",684844124.021716
"f677c51266f5ada9e23f20eb",432561560.647607
"f68b7dfd0579838324895097",1088261339.07547
"f69962045e9aea6b8200888c",532717462.708055
"f69aa18a64d8b8494fd9fe3f",455162107.557012
"f69e25355ce3887bb1078fef",699143451.316127
"f6a12c0f02fcff1be042ed0e",878430255.402125
"f6a5c88d1bca87c1e89d8084",1337290580.25188
"f6b405af32c398147475dc9b",743028576.224366
"f6c1705a83c039f7a7d46255",782168011.865244
"f6c6eb3fac9658c4951c4222",582007526.477316
"f6c6ee12e338b1f9730b6e2c",615081793.826117
"f6c990e406b3756ee39b3b30",742569864.027074
"f6ce37c42fad91fce47758aa",523093795.676831
"f6d2d31af94a6a73912dd9f5",972689482.710611
"f6d3f7e963c9aa1783b3adab",637027536.335282
"f6e1752b9f4a0a3c8573910a",744237358.494892
"f6e74a4b1e026352e5759b2e",595977443.469282
"f6f4a467f40bace72ecff598",1077928585.87514
"f6faf74c3f4e02a6b333b7af",879956422.651768
"f6fc3807b54d8c69459c4f64",500810388.836392
"f70ac0d227db6f5333aa821e",588530170.014325
"f7101a05db93cbefd6a3b31f",447112950.224164
"f719b387fac4f688b57dc646",943334383.967826
"f71d2bca0c5fe2720a1544c4",758099755.540464
"f7216fd19f41ca5ea66a9169",540639759.302142
"f725f6ebcc3fdeed22bee385",643258050.99239
"f727924f0f35ec9fb58d0c31",454822564.267676
"f72992cff50931d2e19b3ccd",849760185.608851
"f72cc14d79ce15491a96ddfe",1026269758.23516
"f72e2f6cfbd32d97bbff3ac5",788202323.435812
"f72fb486fae49fc1de1fdcfd",888570314.114741
"f7399e57df358ae7adc9e08f",659114252.011887
"f73f720abdfe4b5adfa2bcda",657188354.876879
"f74eed3a7dad1bd8d92854d0",859744368.534795
"f75009356c700f7da7106cc7",745232271.086408
"f759f71e444c16a59187a067",1107964529.89565
"f770b66579bf2b55a714c43a",861791582.061229
"f776a4e0c8c82b3d29756b34",1179850339.61278
"f778fa43c92344cfbd700432",780585719.150014
"f781bb1ed340e08b23258ceb",467824647.627046
"f7847aaf1491103fd931aa5b",1246525448.97134
"f78886545677e19e472fd0c4",523200917.020044
"f788ac4a8b2a6dc11c458c90",721339408.427036
"f7959842378c94c9f620f561",973933018.532341
"f7972b1936c6d9e95d3f632b",948258129.466004
"f798e7105aa8aa66750a2c85",959024410.187037
"f79f0c23b5cb96b5d022582c",559236327.479148
"f7a7281a19733251134364fc",868424395.184603
"f7a79e1211fc72e06a3a82b6",1294182458.31347
"f7b7e298ca8fb75e11e92999",508307893.669764
"f7d11c2601959921f536f804",730554308.311886
"f7de22825945329521642f49",657481235.462733
"f7e5bf5b0f6157ed1f604d37",376700686.616142
"f7ea437311c0d217b0d572b2",552935766.523517
"f7ee7282cb9edc77740f392b",1053141971.67355
"f7f00e13da4910d724aba4f6",542928243.485119
"f7f46ac9158f0a1edd01709e",937197853.938285
"f7f8607535159c82dbfc6c14",484488571.91624
"f802b026db4bf9d68cf00b16",389394511.621656
"f80b20e0649dcf1c16003255",469946083.706863
"f80b9e8c51cd71c5be281652",388035127.252106
"f80eace37237614562f942aa",797944175.223628
"f81107599bc083fec4a13ca3",908618221.349195
"f815ec1a63e980717c9c3290",586175242.652003
"f8189811dc639d760937df95",480760502.48093
"f81aa0f575dbbacdbdc681f9",779528457.570033
"f8232717e74332384075dde8",458794669.162468
"f823f6d95b4340e8e4dd0d57",594617479.464792
"f8243b7b679dfe8303180d73",1082457886.67932
"f8263893418eb0752dae48f3",453295768.076807
"f82adf71d17c261b41a5231a",777234796.010317
"f82e1c70884ee1285e1bc491",448371776.394936
"f839de5370a225ff993f5b2e",729928475.015656
"f83f29f28978d7dd76cf5942",800003536.726853
"f842221d74340270e757fd41",858839891.484344
"f844345b6224bc76bc3c6f91",463356592.295388
"f849ad486e84a82190675b89",835984458.365573
"f849dfccaa8163d24ed935e2",978204606.431602
"f851b02d18e74610a900bf14",1017150675.19532
"f852e0f3fb8563ea6918164f",1097099059.043
"f855725acc115bbbf03bacec",1161543221.52856
"f85d09bb2ea40bd4b68465da",1015309646.12212
"f865411c20924c43a080794a",913206997.030378
"f865cd15368fefd8c9d6aabf",861319099.962631
"f86ab537a2f5d8c2b223574c",748025548.095973
"f86e80b2a831572b85b04e55",549142793.476199
"f872f224d2af413cd104f24d",686248645.93134
"f8731413b0d976c03b7e05ca",1130496008.33992
"f87c76eb5071c5b309e3ac3a",386202690.442068
"f87f8003f15b0fbc12609514",622308087.842198
"f884247fa6414f384480bf38",655324517.236448
"f88bade1cb7ee0fa643f31ad",788036770.091294
"f88bb9c5a471504c13d3616c",590214479.313924
"f8948886cb4cb018eca25d19",483558712.763585
"f8bb20be599b79cbe29f36cb",1097914059.22469
"f8be64dc83c5923983fbb770",744781767.454158
"f8bf37a8f81a310e299385a5",679874638.599994
"f8c787390e4c6d2e99fc7c3d",956885027.693712
"f8ccd21343b112d8f9e7123c",857186480.17556
"f8d4ec209ad5fa5ba4a68e56",537494680.964807
"f8d64df401009704c152bcb6",739259157.998772
"f8dc73052c66ab334cb7be14",690703863.025707
"f8e25b7d7e93c45df1b3a4c5",1328210273.83233
"f8f217756d32f31faa784c2f",650351771.439123
"f8fad48343ee5134dbae918f",686545556.435696
"f8fb6d1b0dafc28920393dab",935604370.522406
"f900f7a9c5e2ea51689e8992",941372307.238492
"f9038f7e24e0a29bd9f3e24d",1013757032.81823
"f908e1de4c4be0d77411a998",781030791.73366
"f90efcbfcafe544674c02586",779252060.846557
"f90fd39477c8da38e33ba0fb",918643107.808605
"f9158cf51f5e9f644349a774",420845507.623395
"f91cc2e5edcbb704c293084a",1099763735.43095
"f923bfcb8cdb543c23bafd52",813269938.056992
"f925a05397ca6163230f7ad1",546650096.814221
"f927027bc766ae6c111fb685",483135486.50807
"f92935374a7ef86314223c5b",963811356.540556
"f92f4d135119fa88994929ec",1122983243.43864
"f9379319f992cbadc43b9189",804053669.141536
"f939b7271c4d399a5e647f8f",772914799.092273
"f9402b785deedebd3ddbce6e",802999726.78182
"f943cfd29effc9c048b8e106",778661823.418087
"f952c40e24c9df4ab2d62017",784984197.508375
"f967aa89a4440cc1c44bdc54",627189374.928732
"f967ad5e086f485c27f09990",1043819527.82494
"f968e756cbe6504fa0f32458",819443415.379573
"f9718594fa52500c16e3cd71",838099922.211351
"f976ec33e004b2d4d32c2eb2",790259388.312773
"f9793063f561dc76c0b49a9d",1048278478.18421
"f9796e9d13fe1becef435e54",857055517.08343
"f9798cc6285c9fb3ed7cb668",750931903.695759
"f984d34c8f27e3cdb7c2a44a",844747348.309806
"f995364cc33c431b3c93db45",698556635.523611
"f99adfe85d32b0a66f4d483a",829596552.218914
"f99bdff027d28ceca0caacd1",1059996576.06411
"f9a136d7944cb7768b598a88",803326548.151125
"f9a802cbc802d49a087cf23e",1458995326.96
"f9acdd3fa50068bc0180d008",825866601.362566
"f9b0a27bd3619ae88ffe5455",693554508.500686
"f9bca38d3e08176649504e74",772285525.259785
"f9c11e980254045d7478f273",1000666338.95516
"f9c133f7a12f2b8c1b2beedc",834029465.122588
"f9cc6760b1112ce5197bf399",708839795.365283
"f9ce5b7edb104d4e8407a344",486738078.731641
"f9e6a759b069e04b0cbf0182",838715629.768635
"f9e7582dd99d36bfada56249",964766721.971464
"f9ef8fcf24d28ce11e71d758",1399689883.31122
"f9f5fa4ad495197a5c9b492c",412902803.113944
"fa00e05d83ee890a38c3a686",844585264.823718
"fa0aa00078cc178de0cc7d96",716360386.909791
"fa1533051ea4145f7f710ed9",717950095.545022
"fa29c89363ac9cb59667a43d",779752308.405587
"fa2c1092f17ce021964f8953",656001392.599841
"fa2c5c19c86087f207c379ab",818453161.108044
"fa3017d74586eb4c3b5b7db9",489971866.723909
"fa3ee96e6b6ffdfd00aa335e",1304142560.65553
"fa4028ad48fb2082d167989d",586250982.580764
"fa4af69aa064a4306cb110d0",992429150.859067
"fa4f331f05b1488990a69ec8",1181192110.38222
"fa4fd8380dd2620c672facc5",750862263.310845
"fa5234ddf23dd0d9cbd3cac2",652121144.351993
"fa56058283c975be76d7c990",733757659.192313
"fa57f96bc6affd285d10c4f9",478004246.773521
"fa5c81237a94f2f78f05977d",903796779.728621
"fa631a714774fc22ca15ec10",1034484856.04996
"fa653848d69ce620a41a73ac",1003491505.57202
"fa6db64bd7cd8b0f1c0e2453",998964098.389904
"fa6e53a7107c0e33e3d505d1",893634742.299958
"fa70a55dd0e2053a1b566de1",389955664.006985
"fa736ec3f2f066cba4328908",739846446.293545
"fa74fbeb90bdaf8eb26f8329",769322083.679551
"fa823373d2e7fc9443ebb6ff",638754474.531388
"fa84c07cc90e2a2058b57c9e",935466964.972102
"fa8f13da6d8be3bc1f05fcee",682737396.990283
"fa908c8dd43fcbe9f721c0d5",1060197723.10741
"fa926bec03068764c8545d41",804051140.13553
"fa9dec2129f7218b4c4d4b35",851430995.407741
"faa204421a94ef95b79eddf6",650474980.539303
"faa37a79a1d72e4b8b0c80a6",1063321174.97365
"faa72370e4c7718964930805",673328506.383215
"faae4324336f1211ce4c7809",823283110.004142
"fab91f0b03598c943fa425dd",953926841.960718
"fabd2201750747891eb6af77",1038744395.02748
"fabe0f299a4e4bc6f51d54b9",661200630.659151
"fac4f0bee67523194fd4312f",537834327.374274
"fac651cf404a58f24dc7d286",1206023299.13892
"fac682b61b813044a3e3ad01",1014658188.26297
"fad033a3c81708df7b6ee73d",843838463.461727
"fad4ecc419fb64b3f77971ad",652660937.438047
"fae37ecd6046e53ea121b1c6",798992164.019767
"fae53fba5d405b2e6a3abf01",407023930.346448
"fae649fc7256b9a3ec036583",709257289.084921
"faed63c1287896e97987c4c9",868153342.533574
"faedbe92e3296977872a4aeb",1594861574.07964
"faee4c33e892029b79b63742",971070160.280556
"faee80ca0efce20e731823bb",783505222.643894
"faf872c4bca132b52dec368c",790048474.691436
"faf92fbca9baf8cce4a00063",841144008.619445
"faf9f8aa50d936c1465e880c",826490821.41426
"fafaa5dcf66d22bff322c72e",619341901.87325
"fb01d990afd25ef96ed048da",1155280203.72029
"fb0664d59b6333ae1861f343",682324660.927804
"fb06aae0e711d628b16eb910",769990450.053752
"fb0dbfeedbab00cdc7eb93ee",825540398.353721
"fb10f3b45e865b4626f65ddf",678880260.996649
"fb14ddcaa459b49a3b30eb3a",898144966.428933
"fb338e93dda9159476b8382c",421509630.419661
"fb39ca089d05381b3a7ba847",574187897.12544
"fb3d29813052141c015669c2",957297387.570407
"fb50f2f13a30fccc3903577e",1218717205.89308
"fb63e870ceb7ff355299f3da",670957284.642628
"fb672b4cb1b66f2022f36a40",1014985830.69266
"fb7048ba61e9e6b1de829bdf",927760256.883874
"fb7154b2dfd2a48c13ef70cc",815714164.897715
"fb72b8e0457c0199e158e599",876422221.056853
"fb76da6072bea5801e407990",515855337.238907
"fb7bd85c05cd74d945d22de0",464670218.615286
"fb82175fad61a81e9b665fd3",1071907710.52967
"fb8aa6b6c5d2499d404f3f73",848149107.970071
"fb9371f86ca6f4e62ae374c3",605177221.916484
"fba35c04cfb7b6db50cbb57b",883176737.827109
"fba6203abad5f4b3b721f29e",558807104.082987
"fba83f5feea2522888377066",445580708.069238
"fba946e4ceea37176170835b",622548979.070601
"fba9ae05a6a8a9e0c6268a9f",770941206.939635
"fbaf74ce4c2c6e88950d3fdb",1051718667.53427
"fbb0a76f05908c118f7a3df6",672530036.13952
"fbb89795386c14f5088fccdc",812047353.242163
"fbd613ac06b6bf20d76822db",633973868.387865
"fbdb9caee4455e99259cf921",709345714.099235
"fbe3b74f9e11c829d4dc69d3",1218255565.29543
"fbe555f6bd0edc1bc950d9ea",1231455162.40526
"fbf8b0f1159e89428778c847",630481563.14104
"fc0572d7185e132770c3bad7",748025548.095973
"fc16776abc877decb82a5954",1169250438.18094
"fc174b19baedc11f78b647d2",1157204982.99092
"fc17f35d300be9680971f95b",1078761847.23314
"fc1b713d5605b0030421d5a2",962933570.58789
"fc25df25f4151a16cf0c90f8",1082656938.61792
"fc2ac43013ba8ab17da28041",1224073838.92686
"fc2ceba651bc629e7f690849",878430255.402125
"fc2f58cc289d29fffe8a5fe0",952738977.784948
"fc321e2d9b4e954e80805be2",738367212.497292
"fc43df7f26644fa464ecb090",625460089.846766
"fc57fa9bbc16d1b8106c2c70",1236104640.17304
"fc5e8e45dd0a338ab5835428",734803054.150545
"fc5f41aad1b4bdcbd8298037",706462253.325084
"fc64387d7c3c91a6e6e876ab",608873485.164285
"fc65a77fbdd07fb490ad870e",777136591.195303
"fc6616c62030a53d2aa46b12",792794879.959427
"fc72e535900c592d6053b806",886517857.615987
"fc72ebf9381496067101da61",659941830.034937
"fc762d2d172737cabbdfcc75",867401324.463047
"fc7e93bffb7fbbdebebfaa2c",1243748537.26999
"fc7ecefb27bbb5c3e25e899f",591928530.145658
"fc815b59cce7934f816f0502",1049856246.80025
"fc8836e71725949c5f3fa7f7",1369461304.64778
"fc9151dd6f8850502c747bab",847886460.044174
"fc9fb2f209a4b5e66f89712b",892290824.4815
"fca1c40a338288036b1eb25c",1061068844.61163
"fca3a0fe5db369235960d285",467824647.627046
"fca6d7455056792cd61e2ddf",478865252.321373
"fcaddcc78938f3a234dd2d3f",534018062.40457
"fcc4c878af8bdbda6e1fc86d",1170957702.70609
"fcc6c3c10bb52776accaf06f",720120513.629928
"fcc96840d952d32a7300366c",580679574.616122
"fcd7c10d81aff25d9233214d",630151221.561895
"fcdbfb9e15352cf210cce7cd",667595661.03549
"fce26c7fbf0bc93937ea5198",695477657.853022
"fce385656705a8f4389cbb6a",796746441.472405
"fce89a9ffaba32f9f7c5895d",1181192110.38222
"fcefb2186b13c8bc39b17915",1018313836.37361
"fcf46edf6d612ff1f5ed6134",888318388.866707
"fcf79745f8cd716d3ff9d27b",697844438.624416
"fcfa51e5eec6829b9f4f2c59",462651054.116413
"fcfd6f08490be39064aae41c",784664230.440313
"fd0c010fa0c4b84dc75ede86",1020239077.49032
"fd0f6c0b5234ec1f6c7d1fd8",869949972.615627
"fd1431e595693fac0406151d",416496850.91794
"fd15189b99da46b098a949e6",699054057.399421
"fd19e1b2e61f5efde879f6dd",1027999389.85419
"fd20cc372715855081e24eae",934910707.009361
"fd26da8e62b5d1155962f0c5",723050022.566274
"fd2dcbcb8a31e97f31d22a53",754576181.010179
"fd2efcb61008dc9d11756381",893634742.299958
"fd36cffb856c2a14982a5fa9",548485769.557447
"fd41747287a480d5c4dcb56d",1168944863.68312
"fd45b984efcdb0b434033fd9",597896587.743194
"fd4ce3ddaf79d1b97043ce0b",1292957240.84684
"fd5758238e7ec91e415779f7",880923790.632145
"fd5793113661540ee34b8cb8",805738963.12982
"fd5ba2795eb7b5fe338d6b4e",714318556.123654
"fd6112c82d5808311b08e29f",911726290.279267
"fd689e54d5c418dc9f2425e7",981023873.165609
"fd6b2efe5da2c35058333bbf",781423762.332713
"fd6e9c9ed7679485dfd0b022",901502008.500294
"fd77ee8ca0551b5b614b40e1",1017950590.4502
"fd7a48744bf966e417f34a51",1109080103.15061
"fd7b741b96080ca5b964cac4",913529422.347469
"fd7f194d9929a6f28ea57cf4",464931434.923929
"fd81506b0a00fab1ff680b64",926980697.093595
"fd82c710aad91bc90af490fe",940391073.673311
"fd8b9540f1e9da778d566d25",394258920.3412
"fd8caba10cd4d1df27605358",677041966.535085
"fd9ebf37acdbb0e4bffd2fb3",585203734.143957
"fd9f78fb2d2f4d01e462bcea",1154845811.99718
"fd9fda1abfcdd1066a177e14",774338969.056363
"fda25a0b6b9f62f92e3ea6b8",57542362451.9357
"fda6cee77fbfbce6ec0eabdd",813220566.689106
"fdad0c86eb89fe93633c8571",606680109.07163
"fdb192e57e3e48f70a492b87",863631758.650592
"fdb1cffa6b7346fde667d72c",559491991.706368
"fdbc74fb5882051327b3caf8",636335998.379836
"fdbe5801070756d1744211cc",917639404.935689
"fdc00f6ebd155e84a387878c",600782773.201401
"fdc28a68bf8a5bc86288b4c7",743067231.382028
"fdcf0e439ae8b2ff5730680d",718564403.754337
"fdd4b5fcf9ebadf96545038c",1079545187.08342
"fde3d4a4a819b1fa40530238",704603170.623033
"fdf103976a39cc12f5effaa2",605340319.222271
"fe004acdfad6ac6b00911ef0",772544696.152842
"fe0182e1795e2b87eef4bf41",660639728.370037
"fe2bf1f402addaf17a213030",714555856.075704
"fe2f1459eb0a380dc31e3a4e",866976645.761881
"fe368a7d2e09fe88b1b972e4",577901068.303087
"fe409f9ea8d18c9d9ba4d02e",513018967.546462
"fe483817d899e0044abc3787",758539873.769303
"fe4a6d7d7ed28b85c5816fa2",1054573480.67502
"fe6c19c6f54606a611d412c8",562348618.646092
"fe6c8cd2e792d62a4c324da5",496038056.336743
"fe6fb32f623a9e3d5586a8d3",668438420.014711
"fe8305e287f6a8e7899c9459",789742267.971811
"fe8a10fb4031669a9b21c919",997601571.602641
"fe8a78de9ba7b59a112e0046",509835985.525888
"fe8ab5495cae81b5478026a4",576132199.244737
"fe8bcbd17b16ad023a202843",1080843346.48659
"fe8e45caf7605fb91d6bc5f7",832653218.879015
"fe96a7d758a874b1f0c42145",609286702.974929
"fe9b6a82fcc3266ddcb3e36b",1156547534.89061
"fea142787b18327108ee8929",543367619.714742
"fea5eb95dfad452d6786b042",624003470.955863
"feade1f4b3b06fdc12ec213f",866378341.75986
"feb3384733ed8feeedf9ce8b",896948927.450484
"feb87029d5a2e8125e165bef",586611341.202204
"febc9a1b054671445d756cec",590166638.01281
"fec1212eae4e6369d5555d8c",959031214.418034
"fed1a50c562ffd7f30451adf",971077785.288182
"fed1a608e3c0f2b79cd02ebb",630726093.64396
"fed2e1459e9ccc06943a05d1",1239127447.33768
"fed8f3bf4a2d7a426901706c",637397881.065977
"fedc2418db2353b7c97a260d",897529026.441695
"fede7e1a7a6f23338af6f40e",964572059.420887
"fedf2e30e390f5cf74b27e97",663201316.483379
"feea3a2bd9f643219de51c46",591425376.304398
"ff03a8cc833d067d439b9903",935427153.90983
"ff058f978e97c389e7a31f6b",638965074.585731
"ff143fed55f12a0105f9f88d",752050817.183656
"ff1498465e4db86f4f652e87",503633376.666187
"ff185be4fdbe3790c72d00cb",565433150.948264
"ff188e88378c8e2abed8119e",657520978.551279
"ff1a7adf260e637bf316812f",401828194.185009
"ff228869121d053ca7bbe431",837158750.85947
"ff25ded6333278149f8fb68f",624416851.889206
"ff27ae490bf03513b6bb386f",1020254669.65248
"ff2897a56a0fd08996d19424",795927798.955289
"ff28f1a1ea72e21acb157f08",1118485989.86543
"ff29f12bbd7ac4b860909966",962740364.115622
"ff3696c808d4835d6c7cc9e3",923448451.230275
"ff3b85eb538fb9a7dd03f459",425977451.814648
"ff424474d2d10a2c2a1c1892",530485796.739647
"ff46d9f7dd86b8bff7cc305c",688619041.086482
"ff54bb34225682d25c551178",1077578920.15036
"ff56b24cf15289dc6d14800f",851643999.5717
"ff5a27ffe7de039e65170f9e",731459509.023746
"ff61104cbeb37f077c565fd1",483467119.949616
"ff61abc1e7843e20b1bf8656",497828853.782239
"ff6fa86afbf9da2aa8eb7991",594617479.464792
"ff71037ec8e5a91aad6f0686",495837924.36917
"ff7ebaf86962fd0ab6ff41f3",677902680.910354
"ff83788b9f8db0297f6c0148",931013218.668022
"ff8e7294270343a00978dbc2",764193929.091758
"ff9c4796bc3ef18ae7bb724e",985224082.820756
"ff9cb7bc0b972d4515ea3837",443498866.447824
"ff9d1cf7bd90c5e47a0bba3f",429926258.085027
"ffaca67ff9f0d7cbd5bbd295",1561404858.91544
"ffad647e8ee35eaea6378fb6",785552329.164956
"ffb510bd3f847f4ede255fbb",400748371.175016
"ffbce3ccf241890ec95104e4",681244301.919023
"ffbedc0873b99654d10188a3",371422637.48801
"ffbf6a54fb00029ba24dd3ad",468658429.777338
"ffc171cf73514bed077339a6",462957559.515299
"ffc49242bb0edf3e22076501",1273515366.54892
"ffcbce226963f10da8c53fd7",882963302.725163
"ffce0b151f293cad0a6f770f",1344780418.22419
"ffcf6794a400aba909383b41",991503613.25575
"ffd3d51ecc85abff64258e1c",798095345.694965
"ffd916080b1019827491de0b",1011510381.73695
"ffe653c61bf13df43fa22190",773517165.009247
