"property_id","price"
"0006c9478f4e7edc53d84916",513879363
"00076c8f390d5dcccc133309",746999407
"001399d3861c5792ccb8b515",878721692
"0016e35cfd881ee2e37b49b3",635059376
"001c03f6103d35389825b62e",624455774
"001d77bfb387bdf0b53e9e83",622132638
"001dbdd202e9908ee42713a8",713608122
"00304df33a3c9a7e396ddd3a",767029396
"0037d98f6ac46a86e36def45",558659949
"0038a3b703f4ec779bbcfe6b",469592548
"004776514ad269b380581066",527086625
"004c9da9ef1b3b5e309e475a",555758204
"00571815d5a7f208eb3e7737",851593803
"00586a92b53f4a8f9f6b3022",718374563
"005ab848b35907e42aa0f4f2",955106066
"0064cd1c55914cc8370a096f",459154304
"0083ef74db679d22463a1afe",591326288
"00858277a3cf4f31b8e3f738",546094996
"008c7a02d158f3b17ee8e015",530986581
"00a5133e7373eae3f0be8f2e",540190713
"00af33cff3ff7c6927306df4",583439286
"00ba709f184e70be13e5bf9b",616409809
"00bff9be2d524083e3b3149d",546092392
"00c1165df93a4cfe679f54e2",597564504
"00c75d59ed4777481a50cbd3",701413532
"00ce045307538da1b0bb7972",745157942
"00cea81b78d6007eb405d5b3",651664825
"00dd36caffef00fcde85b235",876578831
"00dea98fbfbfeae74c513bb6",936679491
"00e7c5894c739852052f566a",629202677
"00e80be4feb1e8593b7713fe",537070809
"00e9afbd1d27062a7bd40a3c",910514603
"00eb120ba4410ed8efa24a8e",574677185
"00f2621035b1969d53f03fca",679203871
"00f5ba660a4fcf6ddb96220a",596790461
"00f6a62599f25ac506113149",857951850
"0100b3a412accebf6a3aa4b1",496814050
"01018b9796a105be650ec802",683340366
"010e676743f6afc01fd0838b",745995099
"011a6d0f12ba108ef15076b4",457677411
"011c2017b63235bf0ed3f241",481650665
"01230eede2a4a74ec4ee5105",642278198
"0123237414f757b9c3809f88",660902754
"012b8d616667a6dcece0dfaf",700644986
"013e2a07f94a99323b64d370",840838003
"014799b9ef7d5244fb6640ff",861390103
"0152ffa8757aaaf417e9f997",741548280
"015d17895f32e2a8b616ca1b",647536626
"01636da0aa2bc223af023a13",555263537
"016bb199b12846ccb0b03191",783663741
"016dd08801ad1a1e7f6e695b",943228080
"0172678cb0737e21a317eda4",492886840
"017487de3455d9f642a7fadc",756961625
"0181972aeb6bf451012a47c6",778446751
"0183b38955437e8d0128a013",861606096
"019cd320e02a64ba3ba9a37d",706765290
"019f4a25794ef01294845b51",800892552
"01a5a230e8a808d844e64397",893042906
"01abe3cfc94be46c1153c82d",841793955
"01afa737bcfa6b1ab530eb09",839131814
"01b78983d268b52137e5ac1b",511400991
"01b7bb1556b5c32df8f618cc",606112286
"01cac7d033166094ab9f87b0",610208288
"01cda25ee8545b9fe19717ed",936679491
"01db5867a69f8ea7849d69e8",950406446
"01e033f5bd502c4ad398ece7",549356752
"01e907d7672006fa2bba8b0f",511396048
"01e9c7531cf3c63c04b9189f",557048197
"01eb0a2c1033c30830161321",645786778
"01edceb6c5afc2af1e129e86",473411567
"01f6c99999c154461765f4c4",589996539
"01f855427cbe3eb51b38288f",662687246
"01f8b6799e2910f7769db175",653333399
"01fb5931cb55f5308382818e",954013213
"01fe5add1e7df4b15dd73bc9",571493259
"020473766363019ee40d6685",722610742
"02060d2f56e979a61427f806",524108429
"02091877f01c926c350b013b",577840544
"020dfae44183c65b708727c7",482831737
"022357a3d48ea87d58ffb46e",521580625
"02259637b8ef1311c69d3d90",677166864
"02277f636716264116015dde",473165892
"0232a50c9afca03cbf4277c8",506410123
"024c5c787d005adbe770b9bf",576107976
"024d2e34a561efaf4811c17a",731499623
"024e94e72ae88464621539eb",761104651
"0252fcaf7bcde09274d34be5",797392529
"025a98586386211b1519f9be",495541823
"025b094e1ea7248f4aba72f0",464463313
"025d96090a8e5bd6f786e9b6",603829500
"026c6384ceba017c5f2cd66e",558589248
"0274166db611aabe4e946a83",516434027
"02779b92b2f9bafde0c75c11",661421031
"027947dd01dc991ffefc5082",458529750
"0283890ab76b10547b27e634",576262563
"02888257efaae858fdc7938e",628845635
"028adaf559a05c8882893767",787618613
"029224b78e8f358aa9c38e94",491218165
"02990998f3621fc5a3d0ee63",504539262
"02a0a38b45e1b196165b0098",559090500
"02a2ebb6eca5772e3526d78b",612318922
"02a9c37b3d92a6da473c6fbc",526136348
"02b47e60ab77588aff6cb433",528270749
"02c6e8c7f36a2c68851600c6",586251442
"02cb957c3db9ded3691a9004",613974046
"02ce5bc5d5d286a4cc0928f6",615202413
"02d598a32d864c289e3ba6b0",725396637
"02d5bac2567ee9e19041ad42",943288388
"02d89daa77bb313328fe0c4e",500856492
"02e52d3895522d9be85c4544",553904539
"02e8811bff38125bcf8e1a6d",498724016
"02e89c055b7692dab024defc",494867995
"02e9b077d6cece81387fda35",756223978
"02ea72128a99862e9537718e",612943438
"02ed31afcba033953c79d95d",556902565
"02f6ffcfcdd3dbba94dd7b33",821063118
"03025756be203027ab75aaae",487144356
"03243195c467c67e67a7823e",579933135
"0332c7ec0d3e547ec6d61664",703886671
"033307467830cb865a785e3e",563311395
"033521a46dae036839ad6c90",469140582
"033599f7e7ecd8d9c8cfba46",635232502
"033d3f8ff56907db4c453700",568320952
"03463535ae93b8b123eaba8b",609980618
"0349908483ce628a0a5fc164",683340366
"034a30994bb2e0e446e35957",757277846
"0356797c1683d002bcd94899",768448528
"0357d0ee6e0646113ea543cf",666342868
"035c61042b7dbc7ef888d1a7",943575670
"035d955df5a765531d1d0d07",650622782
"035de58d60807ee2c272ce82",884292694
"035ea0f13f2ca01c902d5388",674586361
"036177aff84b1901e0f18759",569465182
"0367da7dc5374f1957a1b7f6",666803554
"036fc9e01b2b1e3ef4574372",579700453
"0379b6a001e4018c34e944da",546092392
"038272b33c075765464761e8",552234534
"038bb35043651579f443c481",822708672
"0391d158ab104c5cdba31872",574205223
"039a9029c4341b1528ca6b46",442303549
"03a84af05df0f577e09d60c1",587992167
"03ad99f1799f2a20c8cc0a50",675877859
"03aea1b6ff072f117ec733af",509638324
"03be8ec62dae56680beb2cf3",628144689
"03d54a6e80d48c96a7f6a1fa",524519040
"03de77e22e987fc3fed4eb78",684268446
"03eb8da7205428e61bfb2845",511217962
"03f518e2e5861002772345fd",468015525
"03fb5bfbc1895115a04e8116",650622782
"042bd2cfb2d33467149ece1e",819371378
"042ff73057dce4d92d383cf7",452534817
"04308f869d7c992ed3ea646a",636571737
"0449a82dd1667c8c564904f8",752594071
"044b8431b186eb022cf6fc24",534204569
"044e2daf937c0d8373f2e914",910322812
"045108344bf09b01b597e7ce",817608391
"0451f65828e628c2220df77f",784787218
"0460eacc73398bb95f0518e2",832997125
"0466a7e06b152c1860d44334",910083920
"0468cf58f40372acb9d5fefa",818224734
"046aaa4162cd410e92b216d0",577580434
"047b0ded64dcae203a3015eb",590954742
"047f94605add5f6f84fc3f90",639462082
"048051ce9bf8f6a48e9451fd",911859170
"0482cd89d767b3b7de976c3a",504955461
"0489a476b376f7f6efbc193b",465419530
"04a071d777e60627223e28d4",490799446
"04b28e63fbba92daf83865ba",820475913
"04bb7cdebb8b66e783058248",496951609
"04cc75f46642efb1192f1875",543177028
"04d77c8ade9a55fddd28b00c",818224734
"04e29dbe2175919265c82463",772509196
"04e337d3c692f3429d47aef4",672212410
"04e6a79dd3e4d8d17c8b5387",950406446
"04eb0b590ce7483c615b043b",745174140
"04ece9352b3810031f3f9a90",615994403
"04f0fd25e2456759753bd2bc",597709980
"04f968f1873a655fde8702f6",507068611
"04fe204d03bd1c9876242ccd",866360511
"05076b448cfbf9dede72904a",793683950
"0508cd7bd2c77ebb6fea1e56",576020169
"0509650d34981639b9c64a22",626059066
"05119815bd72ced29391ba87",836087991
"051416c05445860d5b4095e6",494640005
"0515734883eea12cdacb7aab",467383648
"051d68945b95562009d4029c",743665406
"052505ca8210e5e651fc0b63",748198158
"052957f95b6e7b41bc625009",881985176
"052c93502aa794e0574db9e9",543580093
"052d00805b2602cac76fed4d",547289647
"05308c4f3d0e0887e4a68a92",546092392
"05397b2087e5cf381809f169",556199923
"053d37bf1d988505b5e91809",627882695
"05402dd344c77623fa053ffa",674282127
"0545fc14aece3f37864ced2d",666801578
"05498e49d0b875ae6aaddd83",598568578
"054cd21c3b12f165bd520313",641673748
"0553a3aa7d961ada6dfcd52d",543386895
"055d5ab6b22d4d0ac325fe73",667629815
"055d7c66464d7e327711b497",591471301
"055e29f236bb61603d4ce9eb",846987879
"057585ba19d6144408d4e2da",556785012
"058265732a484ac8d5497f5c",590517552
"05858b1e4445f56f22e1f4bb",799960077
"0587e7e1f03af8ea6c46290e",618123954
"05926b977b5df59857194ec1",607377645
"059516a91f938d2e8fbcca0b",728588350
"059aaea3859c4b9662ab4df8",491456095
"059d77736dc72013de7767f1",525290380
"05a98feedbd3f422bf063112",776443244
"05aecff6fd8d866c6c157a9a",678738545
"05b12b1916e51a804419c654",495977841
"05b71daf88eff5ae8cf5789d",563664925
"05bbd028f30492fc0a9f35d0",551629958
"05bcc7d7db8d352216a4af59",772205884
"05c47739fa4c4f00285a2c48",887248615
"05d1c33ea8c89ded7391ea92",548632285
"05d9818d3f9f2a5c358d3911",860502927
"05db9fc492801eac98f69c7e",493476380
"05e06a93e9f01dd3984a85ab",565709395
"05e8878bcb68d03e3b656eb3",757712644
"05f79195e285c126125d258c",639014076
"060451a9e3e0416ff41d253d",653337311
"061386497cc2dede3ea70b1e",526883523
"0616401503f2ebc05af7ce4f",508976351
"061d3fd39da1b4b1397054c1",662786780
"06220a42e68510eccb4d790d",579127678
"062b36cb4a87cec372f9f91d",779234064
"062d5544f5c96db90fa3a526",722138353
"062efee92601be294d7346a1",557542782
"063e53d45e5e7945f1f10fc2",772060421
"0648a4bd7ca088f4b3834401",725427330
"0648aae13097ac649fe714b9",800297721
"064c1cd5e94efdf8c7262fec",790862856
"0668a4a4521c783a2d817413",777160300
"0669fb98aed75d79f8decb7f",650622782
"066f1b68f7c053a196662fe0",803556665
"0685f2225b939147c8482e6f",471952247
"069499abc4e393fe540777b4",458454883
"069798704327652a899a189d",555642832
"069c529aaef7d7e0774c4a66",626417544
"069ddc5d1f3c855e6498ac50",529746416
"069fb1f8d0f06ac2fee87314",575987059
"06a2efde5244f7d653ddfb8e",579678147
"06a5364639452a9d663a2dbc",489567770
"06acca3d0ef4685dc055ffa5",462900291
"06b90d41ad3ce1d0d389fea9",586170748
"06baade01a74972cc4a419ec",666801578
"06bbc353bf62fda3b3786fd0",666097792
"06bfbccfb3ec0b1f65f4b351",812823264
"06c1673c4a7444e7aa80abb7",481133173
"06ca01d3ff86406e896b6fa6",631882850
"06ccfa37fa6b011ac38422de",511382916
"06d33fff99a62c330ef2d585",563020527
"06e350e3c733e5a0afb613cb",605021320
"06e59cc783be86bd145a56c6",832696423
"06e91b526821a6ad1372fc44",442703492
"06ee1d8f3ea326a0e3a9791d",613425889
"06f22f7a8e4e78f45ae81638",655044947
"070062cd1c769f3be9255af1",884292694
"070543b03770991d65cc337f",733595389
"0706ce398b2bd64913e68d39",859460017
"070912b7e5fb205918c1f4a3",486223264
"071f284d07719a3517c55567",735557181
"07284e4caec09fbbb16adf2f",911859170
"072a6f084d31a5a4be4060dc",867742910
"072efeafd082025bbc5a25e5",591218081
"073a3ae443f3333f0f526f7e",711488086
"073fccba71b28afd815be434",582090680
"07412230b931192771072334",694354838
"07481a101afc1d5db45245df",602718070
"075a5474294e25da55373a09",465631478
"075b5c16441d9d67cf638386",482693203
"075be16d8d9ed6831d139b2e",646581615
"0761d0b7c6e319a75b06d420",495412702
"07641db461323a5cfcda4f98",507814691
"0768e70fbda0e09b88c1548a",512784048
"076ccba20dac8bfcf184b8a8",634898098
"076ceb408227ab2563a663d0",451671971
"0775d831f68b88ca59eb871d",841793955
"077659c14c3cebbe192f8247",889456271
"077db8e0877b924d1b57ab1e",551420047
"078144699729ee0c46f36123",898531168
"078f7c6532204fe046b13d14",776093779
"0798af235e9926b1e7e4642d",536683502
"079bc331430e94ee76f8097e",798877774
"07a6da2c9c4833ee4cbe8625",710909864
"07b7ba964a8e30dc16d66443",902648452
"07bd45129563bd2fd974deeb",488022545
"07c46b493733d74c4f384b79",600036922
"07c753474a847bf2bccd55b7",588612428
"07c8af84608e6c9206ad6961",591520770
"07cd866c871333283ecb2d23",667813911
"07ce6f95a7719abc9a204b6d",758053525
"07d1137c1f0aaecbbad32f7b",580425446
"07dd30f04c5953f325df9aad",817608391
"07de14db9dcc2d4f9eac0dd2",954013213
"07e76c765d1137cdd7c2ff53",510597824
"07edd16680605925192efcf1",647044511
"07f10df13b244dc33b464582",761104651
"07f24808e42c9e11a7c20232",596801182
"07f4aa9b9ff5b0b05d31e6c0",667154762
"07f9017eb4b8c169eb9de536",862402901
"07fa1ad76017843232107517",884292694
"0802b7e10706252dab8db909",631100169
"0803ef3270948a30b3fee2f0",554089101
"080969c751cb94822aeeb755",481727357
"080df3efe1fe81f97e74c4c9",515823657
"0816f29a68aa35abd5978e7c",707547296
"081bbc273db70f1d2cc84ed2",650280276
"081e008e772c6a79b809a87b",620489870
"0821109831351eb2501e362b",893160222
"0821fde7debf7cc445434024",452718923
"082293a465231208059c5d53",516158662
"0823b0dc92805ab05d3f8650",940776740
"0823be832fff81b3f1291859",468015525
"0825f2ca4baf5b34231ecfd2",910475327
"0838d0df248d723da4e25ea9",613839373
"083f05fe52ab15e8d481ad41",935940630
"0842816a5ef4f24435c8df22",833913664
"0842a0730545c623043b1d8e",717805514
"08451af5a81fd6a63c4012cd",610632162
"0845e73ae95dbd4aec3f1f43",571819670
"084de1226de9a6f4a6075c2d",515247012
"084de965e32a2a65bd3aff5f",543580093
"08513fe1cddb2cad74874a59",494692875
"086521dbe18727963538aa7b",749535441
"086540702ba0876c0c05c5d5",758195417
"0867853879129bfb46dae700",731499623
"0872074f7bd512dbd4609c85",468425797
"0872198056be7edd5eff220c",744111062
"0878a639ab8e6b6e69a3df41",673658119
"0878fd8b66aeb22f6af2d7af",515686902
"087b564ba475edbea431d4e4",646740428
"087caf4bce7b0a3fe3c47dc6",557875500
"0880b703bf2064f59f2bf20f",558483279
"0890a0d20f33b9af2bfe488b",496522152
"089dc5de66c6c4132734b9c0",702138706
"08a82bb9fbe4b7abb50cece1",620447609
"08ad96681afa49c74721daad",620029750
"08b09c586530266c14e611f9",579971822
"08ba99aa6a8ee752209de6ae",687465165
"08bb88dabf0070f72a801a4b",736595131
"08c1db1e620e975c4d476b2c",495945383
"08c61259a756e617d976e8b8",665036217
"08d0615cff29645ee70e20e9",815393191
"08d4fa42a34c74c94db5080b",931247534
"08d90f931e7e0a6f43c9d0e0",596986537
"08d9f04bc4ebdc74e9d80b16",906762891
"08db0ce5cd15db2404ff3d28",543580093
"08dbbd8d672fd09463c061a5",528452901
"08e1ad8d1f0be0287a395ef6",573683389
"08eaca41f26eb387b67bf30d",905727899
"08ead1ac0b9b30c2a72db17f",893294847
"08f1c136d5a456c0215ebea4",786121241
"08f35bfbfe1bd663c40d9e54",554356319
"08f6bf438980d55b35ce7537",912959902
"08f74ad7f06f2c409903ddf9",605453870
"0901e845b6c56d4761377a09",562124514
"0906b6a88fb1eb0d7bfb6bb5",473046004
"090d371309090bf83b6fe0f1",626155219
"0913364c688d7375d0f7af5d",462108476
"091f6342ad934f4e7f84045d",822985333
"092045750c36a8945c526a12",526465111
"0920b2df9df4f0e509a7efb5",500145231
"0922cc27581d9058e55a2239",542606989
"09254c66d93cbbf2675b775e",717906858
"092b7b5bafe25bf485de37a4",669841116
"0935e87627068206f6d9c0c4",551136442
"093a92c6846c924f88ba8750",938187180
"093c849ad2bea8292c4d15f9",778850070
"094da6ca19427f1a943105f6",880792484
"0952c73b02dd5432aebdf2c1",527127676
"09656004f0a7f544580958fb",926829017
"096912698fd9a59d94935478",704632505
"097314d920292b46eab5dbc1",577442032
"09759befd8899fc1e359935f",784086620
"097a1a08a389439cc2c760f8",462264931
"098327587a877bd50df27551",542031767
"0996cb112fc3919564e87c37",866525251
"099721566fdd0a32546fedbd",639779195
"0997324f14c5823413463546",862565665
"0998999f12dfdd50c597c6c1",861035619
"099ee1a7c91105ef46b5e7e8",525625866
"099f07f9ec4ff6d835337f86",472715876
"09a5fd22f920267b464e2a00",678297921
"09ac622c303bce9ad5514442",451668987
"09ae7df5577582ce7e7b0aa7",691811309
"09b15382686c42fd89b24285",857895050
"09b18e3f3cabb7d5469a8d51",667480789
"09b61cf8ff3ff09ac892d073",538191131
"09c28a830f8093802384071c",576642832
"09c4d4b5d1c0118d877d5734",723498574
"09caddf25db3ac8e1a98565b",887644520
"09ce36a03c52d6721bc5276b",614477647
"09d4b5b5c2f97ff88215708d",644094315
"09dcdf0b8b37c1d537b9fcf8",591630902
"09e0c3a1b90d46c361007323",561388664
"09e4397bf9794fe24d87d07c",677683958
"09e47ad8508e7cfee83c6d68",879653519
"09eb808ca3859318d6328db8",607663906
"09eeb116cb0944a28742d282",650622782
"09fd7896d5445f422892b196",628993155
"09fe153b0027697e58bd08b5",469749305
"09feba43c0b8f3560fe09be8",911859170
"0a00771ee714a2f3f96c31a3",577996020
"0a040fd24e23a77f0c58495c",735038285
"0a0e3ee960f60d04ffd6bc0a",759291765
"0a0f206f04bfb10c137388d3",872400245
"0a199d5741b5a6213b39b793",636083560
"0a1af9bb571b90233856289a",479484579
"0a1b14f320e330b405b27a6b",788556441
"0a1b1a3d68b04cdcb2d757cb",880792484
"0a1cdd0d5c3c8b973ab1a98c",861136241
"0a1e6a95a0f9598150c121ce",942808086
"0a231779f131c36d8e6910f4",549395380
"0a268e25a5f3a0bfd8898a40",467162010
"0a2a67e8b310471b115c60bf",572695895
"0a2f7379cd1bed7d2d2d5a01",873026644
"0a2f8c8ca6094e6626d4e8b1",691249872
"0a369278a1ef6f5e9d79e2e3",602051536
"0a3911a1a9284f2ff81689e6",539042137
"0a41279a5ea9b92bf8cb79c0",846694000
"0a45eb817938241ca988c2e3",670248234
"0a482968c7cdf212401d72b7",585130770
"0a4b0a004c894654663bdcdb",680035482
"0a53b0b7c365879a6d2cce39",616245861
"0a5908a92d0ba3e36f54b1f3",442703492
"0a59b506798fb96edd7681c7",735697352
"0a606d19ae362a58922b172e",477699982
"0a61250b2c208d42a3077bde",797951182
"0a6966f19bc2c303886ca82c",608215709
"0a6ade3bea1768aab76680ed",782740982
"0a759932f763df64a463ac18",609980618
"0a7758f69ddd8fb27a839661",587129985
"0a7fb26822c2ca556f62a257",588191721
"0a85c354c48921e0ca202d15",904451259
"0a8aaa78f68d43e3b1bf6c51",609565051
"0a8d749a2336d8f66a4f19ef",510261510
"0a9e4dd0eec86037a36fe769",797193363
"0aa1332c56bf357f492da2c0",464946820
"0ab4a4b8adda35f634812221",731499623
"0ab6e52af85ebf23432d7698",611924135
"0ab85344c5fe6ccb0edb6313",837065852
"0abc98f7ea1e477c6fe3425c",610981076
"0ac639a7c5ec115b3df8111b",607034374
"0ad01fb039a198262ec59b72",650622782
"0ada7044c5b29925abc90879",605021320
"0af13e27cfe9b8f237a9949c",692900090
"0af466463f2cf50d61315da4",649841968
"0afc6cbb60f34f1cf00fdfb0",668286249
"0afec1b2e7060b99dbe41a10",504436880
"0b06da0ceff947975cf8951e",798142895
"0b117f10e699f10f97a7e7c6",773600264
"0b221ebf810f632568c1e2c9",525105372
"0b3021c156324d1e7974ce3b",850670421
"0b35c4a3f20cc0eb751acbac",476082827
"0b42bbe66e438fa81a2ff77a",583361392
"0b49dedfb53ec812962e31e7",727286528
"0b4b741487c001323f508d5d",565048197
"0b51fb3a65a86d7799f27264",456967639
"0b54c51a787fe58bdf677658",758195417
"0b65098a19c2fc1caa6577ed",910122993
"0b67da6d74bb3998c80893f4",525290380
"0b6cd71df4dde546e665f865",543580093
"0b6dcb5c1952dcea931e2c20",592639930
"0b6f2534f862a7ef551a116c",612189751
"0b715ccd3b3e01444b855857",483478772
"0b71d334a6db66cf6f1a8eb1",766677338
"0b7c8732558fc04f4fc51ec1",646023860
"0b829c23806ff01a0c84e9a9",650622782
"0b937a3ea4864896b744108e",463922914
"0b9730cff49bcaeb4d703c06",666363245
"0ba20e953e8e76add161cd6c",498244641
"0bbd23df46a4ea4e4734b680",607174590
"0bc16b384acd3f8263e386de",880027526
"0bc8475715e42b752649b4e6",487793571
"0bcdef6d56052acd2afad93d",461820858
"0bcf7987c4b0ba485c44caf9",637069992
"0bd42f8ee9d36dae4cf35886",469749305
"0be57099d9c3ad8a16984861",770061450
"0be7803a34b11d89133beaf4",557796586
"0bf9fe130da23aea7142bb7a",708194662
"0c017cf9740cb67d530267d0",577106371
"0c068dbfdafa3429c71189af",510960375
"0c12f73305bc7d72bdbd9789",534408758
"0c19c54de06d1c139df99ab0",735196945
"0c1c0ba7d75dc4090b7183f5",939913302
"0c25a552c34e114a1780739a",458529750
"0c302f1c924f8efe0b6bb58e",715723013
"0c37c0d27631960f9e0fda1d",830790055
"0c3af9e0e9c80a68acebd041",729359502
"0c3e734afaa6b7c370754082",673658119
"0c4781c598c06d538c5fcdf7",608476080
"0c4afcff5f5a90cb79807682",794419713
"0c5067ff99e15fcf99792cbf",615994403
"0c61a011d7fe0227be2b3575",737695102
"0c621256c4d7ca81045fcde2",589229899
"0c62d4d501a426cc8fde0c36",654884401
"0c7da0c2613129bc322b1da5",842138706
"0c85506b301862fb58b467cb",484948067
"0c8b133effcdbcd49d52add5",859314864
"0c91369119a06c40623afbb4",497386137
"0caa7856aca178f826fe90c4",610321053
"0cad79296edb4b18582dd77c",735178304
"0cb4217cde38e09571fa73ba",814986583
"0cb6801c9b57e874102ca349",622790711
"0cc2f3a49dd703e7554ba638",907057604
"0cc5caa9b48a835c92da7653",737353549
"0cdcd8cd52bd1967dab88a5f",530542589
"0cddda1c211fcdce819d5f8f",651664825
"0ce068461fb3bf34eee000bc",510519773
"0ce9a7d4b0682dbbca68e070",693003259
"0cec193a20d720af010383b1",613839373
"0cf7a6d43221664a060ef681",750471493
"0cf7dd52e117832b4698b310",694721511
"0cf82b1128ebb8d1087b640d",843460294
"0d00fdc440d7612434a6b91f",473664642
"0d027b81f8391d73fe0046aa",815090077
"0d099b1e1a314dfd9aee5293",578407444
"0d0f8ce05ebe99dd3bb7b23b",613839373
"0d130b8bea4321300396fa34",862781952
"0d173e7afc8f8babbef6ae97",840432235
"0d1ef14606c58310cae371f2",465610080
"0d24fc1c5deb78eb1a0caa51",494369512
"0d2c4bbd8a4dbeb6337b5c14",492508987
"0d30768d188b6bb53d599ea1",825650049
"0d3245463127143a8a52014b",915033461
"0d3bc6532812ea618d154bdc",709909613
"0d45e78397d4bc0d363be47e",568320952
"0d477acd9c95e9ec63839a53",557638285
"0d50b435188b7830a6949026",543374933
"0d53bfcecf0397ca27e5f78c",725296663
"0d63e52a47fa884e36f10810",592444667
"0d70ceba3aea278cb4a2082a",925037775
"0d7d434afcc5e93050e0b86d",759624646
"0d8074979d302868c2534262",779724264
"0d8b0ca08838d1dac052d51c",665008787
"0d8cda2859d9903f6202af54",509876552
"0d926a0b5ef567c627a7eb0a",887008146
"0d95d756b838d3a319277424",485033786
"0d9616f0ac8b0c2e9e0a97a3",567007405
"0d995f0ad226dd21bc96ff6b",527608574
"0d9e73c14529fa3f1ec8a56f",595108804
"0d9f91cbcc9339146bf75bba",553182884
"0da10eb6093728074b34fb75",837065852
"0da2a849e0f83b17b006e50b",643293262
"0daf89cf494e0f40a94d3e5c",636889241
"0db51d4771623f5fc1026d74",468912042
"0dbe463995c605bcdffb133b",549550856
"0dc2a023fb6c5e0b92d86ae2",618400088
"0dcc222d83e1bf05f2c2c090",772234809
"0dd1bb83f0f18af30da139f4",605632832
"0dd30227247f145bae82f96c",950406446
"0dd49fa8bb7be52b851c6dc9",791396348
"0dd510aaba8036e8fd9d667a",893521168
"0dd795526c080e8efdf8eb0e",555431164
"0ddd21dcfe89f72e2246ed79",489731530
"0de34892fee879f449facb19",611371626
"0de426088a306321990cf60e",461115967
"0df87025a6351b435958ce95",910514603
"0df96c81adcd6fbc2f7141c3",673521231
"0dfc7d77d3dca86a221fe62b",875860790
"0e001ee8f27e1a2fffaa0225",903320217
"0e04f84529d92f2832ef986f",561093984
"0e05eba6eed4e55e89dc5f14",825650049
"0e0d19168609ac1d75253edc",499464766
"0e1bc8ba1953ec8c28e53b9e",685871683
"0e1c100d8e57de8296363d6f",475446714
"0e1c66f843e06f14d7264864",551408075
"0e1fbbe248919eb71e53ea75",557612353
"0e21abdf04b36e5f6a1fc337",952709156
"0e22a41ec27869c8f83f9be9",882984277
"0e2a5d040f6361adb9927388",776104661
"0e2d6e5882fd3b4eeb9ef286",593668460
"0e3067f71dfb9dc2e03bba59",521289983
"0e35349077490a01f25e2ddb",724964097
"0e3f82238c54e85ca4229977",502466115
"0e49eaa5cde9375b1f026820",554562625
"0e51111c47813a0b0dd51b64",753771082
"0e5db1a36a521a5d2912b238",576807077
"0e64230b70f4a227b444115e",772509196
"0e67ae9abf1e2b2f66a91a28",611757579
"0e694269bbff1e45395190d6",878254332
"0e6c74a0056ee94b10bfa86a",612101308
"0e6dc789744b678028e74d56",525290380
"0e6dcbf136294f2a99410052",543852421
"0e776964ba3733f3ac18a7a0",738094039
"0e7dbec40eab1b3e5c6bc665",796438080
"0e97f66cf4208c1a57d1fb17",488923772
"0e9a5ea81f6d91038d8711d9",656822427
"0ea1a5d32324d270cde1993a",561611127
"0ea201bfd515584bbf72f902",824405043
"0eb7c68fb7ea1e58f3e76345",645577859
"0eb8f10c9d5ded1b09f60baf",741833259
"0ebbe9d3831727f90d677ed0",948389795
"0ed0dc77661be57aab63bc83",492189336
"0eda675541a035b1f620ccc8",868790388
"0ee7273686a0a92fbf48a383",893294847
"0ef36d33e6c378c946b8a65e",493771583
"0ef45eb4356e2f0331ad2457",791826230
"0eff08cf4bc42dd442a70231",597001911
"0f059b39ca45bbbcb996fa45",624950842
"0f06896d7502890175cbc4a0",831236836
"0f0df5694eb388d843e1f17c",532847186
"0f10d20cff5664f9564bc88f",884292694
"0f15a78ce3ff90b6894fe3c7",561668252
"0f1c472b94feffc41f1caa44",506410123
"0f21ea53a480e4363b8d7aa9",663700736
"0f2913c5aa681a2bd45a5484",815752358
"0f2aa0d9fdcfe894caa8fddc",730081881
"0f2fb3cf22613a339c88f7e4",626884752
"0f366a36001c0766521b9dce",533568033
"0f3b424c398a8e8b53162c37",698729686
"0f44b84024412099f27439a7",459583174
"0f4765c8929a87746217e957",870649715
"0f4abd70b68453d3500eebb5",437466240
"0f4b077de4ba5f5db6fb0065",567618932
"0f4de499e5bd2c57fcc75013",526883523
"0f601f5ee798174ea9d52caf",605553408
"0f679cc583a47b30ea132bbb",629649338
"0f728f676325ece6a001b4d5",480832012
"0f761aab549e7f6bc025ab0f",747807380
"0f7e28b6efb9d550ba28a1e0",650470471
"0f8ded86be8d3543a5069b6f",527425443
"0f8fa0a074b743c92f0fc56f",954013213
"0f937643c067371018c8deee",866782038
"0f9867abe3ea0b9c5363982c",854689503
"0f98c4e431100aa87e6fa6af",629546950
"0f9c26956bfe983c8c7fc227",916929812
"0fa87864632b7bbbd161f879",626180079
"0fa99fd0e8cebb71a3bb0871",481130486
"0faec12daf0493a512b2fa0c",940384898
"0fbc9e52ccf1b7ea8136cbbe",758053525
"0fc7d98f75bc1c0b782a328e",778638708
"0fca6767d8f442da1f8bc6d2",458740313
"0fcab263453a9f196468e552",843248007
"0fd313e5a0f02df07eb6b104",457058113
"0fd954262ee740999c31d407",454142267
"0fd9a2a99c44c9e5565fc17b",874033074
"0fdd03a2dfb18e323d96f468",830701482
"0fe23ccd8e42605f4d9f78a7",469343089
"0fe3dbfdf25d4b013b842b51",548049718
"0ff24418ecb6888dd8ec734f",896380509
"0ffbcf7d58378c85b4103c7a",575201624
"0ffdec8eb5272d9fe4775251",511617892
"10037227b2a24d9a72ced322",779639868
"10084cfff54a17bcda6f19d3",912959902
"10092cf2f8afb3658ae475ac",598474757
"100bdfc998bbde3d00548bdb",932722260
"100e9e2623cb0fc52fb08813",857311329
"1014341bbcd2fd5775631f78",585498522
"1014d3a98e886e1a7358e29f",626112023
"102434eee07ed18268857a9d",901877622
"102de0a5ee4f19454b922b96",600584379
"1034b1af0331daddad70f3a5",464305122
"1034ee7a5160fecdb5e8c27c",546161147
"103687e73b0528ec29725f1e",534572629
"103f6eaf04b44c4013acf097",937266385
"104722434c2deed04a901aa0",468091536
"104cd052884247b14d697673",557638285
"104e960974eee31e7e0eac6b",754274537
"10563c278e7ce8eb2066d398",879541037
"105bcd15e02d39f70ec2ecb7",465120770
"105d05ab3d5334b976e448e5",647299601
"1062419f9cf94418ba88b6b8",541114681
"106ad411e13ea21ad68e5f59",949478368
"107e76f0c913e19217662faf",772234809
"107f29b67164ad6861cb7059",798326072
"107fffd601a2bb7a3e4a69e8",663849572
"10970057efd092c98037498d",473032336
"1097d9a61690cc58a4b91e62",543580093
"109bb36f29b223a81dbfa340",860384678
"10a650e8cb5425c97f08f68a",748795355
"10afe23f1f58f96422c97934",462264931
"10b7c99bee9a4a21e1f32d50",634898098
"10bf1c2d1124f6d8f8b9497b",648355640
"10c836c2e566dfe9edcf3d8e",927362784
"10c94f25ce3f7532bf4f3152",651592964
"10ce9c7a0a58aad19778e5f2",855470425
"10d01825744060a7b777ee4e",626112023
"10d0506d84d778da572ec635",570963479
"10d47d2c73f0ccbc97979bcd",492071286
"10e5e54ab66b58b3f41ec381",653765183
"10fbecd8de540f1fe4c57b7d",463987543
"1101f533fd18cae5d32c1cbe",648362482
"1102f91444b8e1abb636f1bc",917161519
"1103c663f6b5ed0309a767b2",465853500
"110539d2ac34e5180e3fd95b",655780167
"11075db1cf9899c8640e1b90",554356319
"110a2f124bad0f9381edce7d",872796781
"110af3c21ecdf156898c7c0d",756002734
"110d49e1d79a3534e146b300",840378748
"1117078fa37ed101e9120923",635497455
"111bf82100a6fab0c9ded743",711651553
"111d509185303ed970d710c7",771345731
"1122a042822658cb504dc147",711651553
"112d996c4c0662bd13af3ea0",705939188
"112dce80bf512f3f24391d23",509486303
"113887ac25fbff9d30fe8d35",629628549
"11429e0923f804d7dc5d27b6",829637085
"114318a8e5822ece53ad897c",466909688
"11433baf7716402e8c58bd33",635232502
"114436e00c03b44096823522",618474131
"11444a88bb3b230b4feb5b58",615228291
"1163ab2c0bc8c998e121b922",506188491
"11723d1d472bf1a3fdd8b72c",937415215
"11727589f7c66554e9114407",649721662
"11734add51785f1ddb999c5e",589472214
"117f37774a78d65f9e68f906",488577439
"1181e18553eafcf5edf6fa05",593090092
"119805b72aeb50f05d3a5bd9",829654518
"119833a13f3f7df22d2b270a",553828433
"11a79681fb0a3f6eedf11d1f",624617886
"11a905e4e01e7d15d35cbb82",572839392
"11bccaef3431fc17953eb81c",867742910
"11be39d287e5a8bdbecb5994",757277846
"11c4dba68fb47eb9c49df169",495835567
"11c86230e62bd2c9ba44131f",902134783
"11cd643195dbe5dd4567b62a",864483587
"11dc32d92ac579720303c019",663737232
"11df35a3fbcef34e47747e38",600416299
"11e36a3effeb0119b8bded5b",606782809
"11e4350271e9cbb37bcb75af",459327495
"11e6e5ee92c97e31d34db891",892855177
"11f8f836e5626605ee4b41c6",889030522
"11ffdf367d817b582d590db7",532183717
"12062de068acd322b610fcf1",654604269
"121cc20fd81d6322f56d5c53",583715930
"123106a60208725514f3a343",667629815
"1240a616080d6ba5459335a5",884616247
"1240f50cf2d8ef1d8713e671",507649446
"1242d7e61857ba8ad285b6f4",857710358
"124959d1429de095473bf5a0",503712424
"12501015fb631d7c10ff08fb",559930294
"126f4d890004b8035a7de091",865721994
"12785f791e04b3a49547fbc6",795278067
"1278c9fd86258bcb435e7127",596592556
"127e08fa99afcaa339eff684",513326660
"127e197a2f70e7ddb5dc92aa",507811642
"1282e129e1a355b161621dd8",747258389
"1284d7ed08122731aa7c0461",457853806
"128cb9247755abf5f2801431",477128751
"12a63d4fcb56c1d690e1bbb1",529608190
"12bb70a95996dc6e286086ed",687465165
"12bf6b9badebc2902cc11c62",507649446
"12c7037cfa63de49e984a789",710909864
"12d1678bc86ccdcc8ad756be",874861924
"12d40725335f83e2fb9b937a",724030138
"12d73fb8f4ca87b19ca46231",694354838
"12db154d9d29cafa574ad387",483132999
"12e32a758e15fbeefa255207",783834752
"12ed2c22a923c840ef616a3c",864562362
"12f9d50fad58e4e40a187d98",834350639
"12f9e1f78c630defe302f781",722994602
"1308dad458274c698b2fec72",510469582
"130a119701171ed3c439c527",577409761
"1310e9cafc0b9fc21c212f73",689844334
"1338e58f7dcebf5a1ea59388",511249526
"1340b0805cb34eb9a982190f",569465182
"1342c307971094041c9c240b",646176123
"13477d8ef90576ca84258984",472506086
"1355fdce5b97bb36da15734e",879130977
"135ca1dc80ae4d9993ec46f5",551629958
"135f6f92c4ec95847e8840eb",551420047
"1376058cb128a1c7729cd2e9",635363613
"1376106ebc19c929df27bb62",600839273
"137baf1609138c6ca2715c7c",474186048
"1381c0399ebbf19db3a11820",552720250
"1382140d8fb634851d4d210e",903367698
"138a1990291ba31024455eb3",889706679
"139331d23d9e3c40cf083a7d",708279789
"13a44ce5066ce00846b59ae3",759176308
"13ab6a062601d40843de37b8",555187031
"13ac95652fb3cf6c43dafc66",484781049
"13adc7946bd4e6e3e4416e52",478952562
"13b181b46359620191e6e4c1",461432359
"13b3a55d79b79ea89a73d21a",557542782
"13c39860029403ea94b5439a",854530484
"13c51ea93d19df6c273a1502",559042994
"13c7f3592bd432c7cd0a42ab",644789245
"13c86cdff4dd32a9f8b9adcf",900902727
"13c9960a03a1c446aa5515cd",550936768
"13cf784fb3553f75acf25a4b",468091536
"13d08f7e14471fcf517c204a",501925842
"13d43933e04c3c7a9e5071cd",820161109
"13dbc077e552640736267a49",451842340
"13e2ec0a12c8a48a753b85ef",521580625
"13e6c5cde1004803fed93cfc",574277396
"13f42390057bd294cd787822",605832150
"13f681a090b36edf38a4abd0",504884816
"13faa4142e9d60412abb4184",464119870
"13fc2dd1cd32d9cfa457a5b1",735368965
"140a0002732574ecc516e9a8",776075083
"140c4de69883df9f3fb3a538",522364076
"1414ec3cdd3f6ab772fc7584",551136442
"141ac7bbe9637f9e5142135c",798326072
"141dfd80a005f7b32bf70375",652624524
"1420543e2eb5f38e4d38ba81",905511092
"1421bdbd9cf7572b799b732c",762630988
"1427aec89ee9564b95e93cd4",482533908
"142cf530f13cbccc3cc9d0a6",714222536
"1432cf7de2beb14fc7603ae7",810345199
"14331a3db021936067b15890",535948277
"1437d1f1601d26a3dca7594f",662660548
"143ca16847cc47d4a4c01ac0",613410228
"143f07eb2a8f0a9e26fc4c56",904163163
"144162ecfcba71bf09048dae",724073459
"1441a28c376a20c90d72cfac",513295991
"145a241c80430b1e4ddebcfe",635059376
"145f33a8350a080231306bd1",718374563
"14611fccccfa2a6499b2acef",530931074
"146a5a4f3d111dc7b955ce42",756910708
"1470749d0d2551a93827e441",573984952
"1475cdbbac4aa486266e439f",688754640
"147de03212e554abbf3fc3b7",527678342
"147e7f5381d3c951fc446376",486785827
"147f80fbae69dd577ff19950",616861675
"148aedc984c7f6831c7f9601",471861392
"148b157ece514d99be0a7f93",464946820
"1494f223c9d3ffba26e42738",899193615
"1496d159d31717ce254f67a7",464079533
"1498ce1c1bbe2e89b84a4a45",852864358
"149e49c22fa0eb163a36c932",576509039
"14a14706d405569501327924",491510916
"14a55e5887af840860b41ddf",452026163
"14a5bf235097782f468fbf23",526885426
"14a8134a56af1b328321cad4",615639149
"14acd96163e6b3e17177f35b",605734455
"14b81320fc31c7a513242171",464844875
"14bc234ffb3ff7f974afc8e7",471963160
"14caab87a129f51b2b70508e",626784411
"14cd5f188cf6d2433240b5cd",541606084
"14cee0bdd9dd5537b96d0786",648006286
"14e179618d1a44c5c55e23e6",508694264
"14ea4a7c57d830eba13638b1",727730545
"14ead7469d05e5eacce6a575",662970212
"14f1bf9aa68aee1ac094097c",825078226
"14f9ab54432e5f54a50be4a5",462015331
"14feeb619f409386e6eaeda5",475021235
"15005fe7eb24aa25b9e3cee7",622057616
"1508ebe40f90f90a68f6dd69",521580625
"151a16e94d538a7a6d658ee0",665690548
"1533da89d388196f19e2c5a3",792830930
"153436858070f7e724f0cbc1",846697508
"153c89081fd85dcc66a02421",712313327
"15515ecdd35e9f175842a738",664488350
"15537000b6806ee84d4615bf",756002734
"1554f8aa4c8fbe17e9e82d0e",742716215
"1555743ec7e2f38904852860",556110245
"155a8e4186d1626fdda4d0ee",705476145
"155da5ad9ad19d57a7632cd0",592094597
"1562a23a312478d7a05a33dd",539785024
"156a20e2bf9e48b9a360f9c4",555431205
"156dc81d6e14a71716aebcab",595414157
"156ecfd8ca6004281b191db7",949478368
"156f706d1d30de19f7e369ea",524930429
"157195fb2358bf2d5051c439",631881411
"1574958978c9b5d23d9521b5",554123724
"15a3e60c7a5d55243057d7df",488809714
"15b57b0ad8794d64a2784ce6",612101308
"15c4aef8401208054697b81e",872567125
"15d10635d71919d0c9663fde",581132675
"15d3ae51558bfeef80b9e97b",748624220
"15d910dd93e0aec22ccc2083",798326072
"15d9a0353ad54798ef95e0d3",942462610
"15ec532ec6fb73074b9b12c9",557827538
"15ee6357e02b76367682d6bd",756002734
"15f02dd18da12f4d7b0ac2ab",490776570
"15fb97d6a43731d61e95d004",911859170
"15fbd295328ad698d3c76aec",706630933
"16194707d4e85fe332411bd4",727730545
"16261339c3a99635717fcda8",870031464
"16263617308958055850aef9",915033461
"163228979751798ded8c3fcb",553818322
"163405cd6248bc3e832dc93a",662687246
"163bec92a997aa8263f5a909",649056824
"164cf5fb9a759f2e4be67b6e",592351994
"164fb89266e40a2530400599",501425200
"1655a92b20740a11a5889519",544150031
"165fab7a9f8dd404cf4e9d9a",495759143
"16601a92574531c1fd57a359",686917059
"166ae8e3d0704209d6715240",623422463
"166c21ff83e97c6e74169d92",799852418
"166e1e60acca831bfad07736",722362285
"16716773b2a43df0332622bb",504764158
"1672a21e6b2d8d0525df1759",501661886
"1679719f26e7c650f24eee6d",679312824
"1689c3e3982382e27a4ae074",723373365
"168f81689afa1f055d8bf7c8",782694990
"169013bdcc2ef214e0163ccb",535252952
"1690af2e30b05da545f1576f",950406446
"1695225258263bd2f463b21e",744168862
"169c742419c0d4335d09fb45",829252764
"169cdb07bd175b4325fd28fb",471579241
"16a05fee8dfbe78d26664c3a",629649338
"16a40e3dbfbb9c703e04028e",622597099
"16b3311b337c0cb9312ddba1",569465182
"16b79a8af9d6376c73c2478e",849123843
"16cc5c280124618cd5d00027",521841932
"16cf0d7977ed97d6ae8d2cc5",822985333
"16d6b756f5ebcacf221918b8",560006294
"16da41b1128c039ff8f83919",590685273
"16db516a238934a730ced1e8",614382017
"16deb26bf740fa61e258f545",911153536
"16e62269e6aa2ea052d05f71",694681497
"16ede6f8833a93677d05a131",517068929
"16ef7eaf29eab571e229e537",898513861
"16f60cac352cc0d668d226d0",488995778
"16fb51fd3d35db53eebbe5b8",796475658
"16fe92ffdb7e1aeefcde80f4",726130110
"17005d6ec889a947397ab980",464946820
"1704b2d5f4a33401fb153608",481130486
"17056748001fd65cb961b384",836676150
"17060f24d81fe2661c7628c9",697454132
"17069e9f4ba45c93738b109a",556871701
"1709b1446b20b21482dd2d36",773600264
"170a69c11cf4f855ed015bed",738091175
"1710873f951e7f695fca3568",528074871
"171149ef76fe0a2074c5bf69",606972429
"171b560236ce760573a990fb",815090077
"17230f18b30b94606fea047d",460389531
"1747dd033c2c2769974a06af",599754754
"17484950b143d0395907ae6d",587624422
"174bcb77be3b7e408e61d7e1",612364501
"174fa597347f2b1d3e9016e3",559305597
"175590951b6f8c6b8b4af9ff",468676758
"1769a8ec5ec94aedc397b4ae",474800528
"176c9a90fcbceb91569fa3e2",758617432
"176e00102fb65cba56279287",609044989
"17707d66753c1eb0aca28926",487829752
"1770bd5b0a07a6aa785e0caa",616411722
"17821a9cb766b0f3ecf24e83",545856112
"17914fbe0c3634dae8ce9d71",590672202
"179bf83034539c8a391e0310",577960532
"179d467dacdf674a66c7310c",909418511
"17a2323b855e93533a9f09f2",614772665
"17afbce5c0b56732abbea936",731499623
"17b360d57782208f5afdfe4b",797895624
"17b5e8357e17b516d947ebe3",635712761
"17c0a8fd3a2c8b5b18d61e4b",556110245
"17c8b228fa2591e3a234d55c",494858796
"17d0418e4a439e9de8006f5f",677710683
"17d0e3208fdf10c77e95bdf4",520663175
"17d0f69ae2c4f1aaa1aca9c7",536346166
"17d311554f40ae8b40234c31",748795355
"17d34f9cb105ca5010191142",758210688
"17d51fdfe8fd16185bf5feb4",547705837
"17d7986a62e0b066e4e5530e",523435586
"17d7e6d321bb7394546e6b7b",527440698
"17e5796a30da5eaf310d02b4",513892383
"17fbebdfe6bc0618ecdd247c",756002734
"17fed4a312a9b773f64861d3",458668138
"180172e4eee8ba756207b3a8",552460389
"1807debb0a0b590b9ba4ebcc",689796349
"181caecd269e115cb5cfd75e",497137626
"182077fd9c5142d503309490",583216169
"183a8459fa248605b8b5bc1c",581082972
"183d99d88d1e7d995180918c",498945868
"183f2cf1a1c7eb9700b6e72a",903367698
"18420ed4661539a2d72ff400",672143759
"18531c57f6dca78763d360bf",508762348
"18539b6cb6884f753e0ac18f",868525493
"185b333862e7420f25622efa",603372631
"185dd9366a6dd1e820880917",626097645
"1862e0c4d8e89fd2302ab376",872008669
"186d4731b3af01bbe4d08b23",694018826
"187a143dbd6d4bd81d6d9c32",574898822
"1894346a27970572aa703cd2",787779631
"18a74c9a49ad381aee5e02de",595414157
"18ac3368b1f6d8f7171b07b3",649227615
"18bd0dd7580f2a7cb19a90b9",524264308
"18c38418824075acaad8f960",574806967
"18c8dc4549d38c918af2972e",705939188
"18cb1adb2078fef29a613a96",615373981
"18d5cc463455fdb4d443a6f2",490502319
"18e89f083fdbce3da0a82a4a",723592648
"18f6240cad6e92f9151099c5",621325587
"18fd9bee381e7a8c29a44c4b",723904820
"1900e7808046a5fe89d8e440",683449303
"1902f509aa05287ba42f546c",744748597
"1905b860a8d463c3048b4e46",561486325
"19105db21495d546e6792a25",855174981
"191094739043620c72aad2a0",661342993
"191cb509fd44e580ee32486f",587917127
"191f96722301456877893b22",568813962
"192b505186d0bcadb46b7032",744182208
"192e05cd731950f91fef1d83",902923356
"193d70ead1ff1043845e7671",621370261
"193ff8d291a9f163a4f3301b",719802398
"19466034c2ce19c24a179fe6",634647847
"19487167081a9b0dd09d7975",703886671
"1951c1c8855fed5db8031e5c",542364965
"196969a98960a68088266261",513116007
"1969ba34b72e61337246cb5b",480176127
"196ac46f656726bcb8087ba9",842059034
"1978d8fc2031af21e98a4e9e",727730545
"1985a2a5c3b2b0c7eca22afe",790764185
"1988513503246248b80c7f17",954013213
"198cd3f4e9be65b83f01ceea",700944179
"1990717d8c7aa8e732bb1165",639098851
"19921a97a52bed6c6b8f4135",754446767
"19957244dabc3f727733527d",555754577
"19993833220392781bc15279",950406446
"19994da77ce4f2db3efe6660",557528452
"199a6f7df516a685f086dfa2",491341904
"199fe72cad28e4554e359ff1",781892915
"19ace6cdfbd8bed6e99c86d9",466013908
"19ad2fa7e170c67870ee58f7",831022605
"19baa03dc4143a83920a7d2a",841793955
"19c07fc2b01a0edec4784e64",651202125
"19c77db46d23e0c07a06a8b2",569731898
"19cb65620d2330624252d01c",510489700
"19e03fc1a7ca4b0761eb9ef3",792512838
"19e11b2d60326895b5e6ba01",543580093
"19e19ad0cd6b5e84d8aa970e",469997896
"19ecf1fc86396ada203c2a19",605233093
"19f538269846412f3e150a4a",839805900
"1a0134583a5854d5aa9cdb9f",797261061
"1a06bfdfaa9d9ac754ad07bb",500219684
"1a1016e7a96da2237b391be5",565739465
"1a111211207627bb4c840442",573644693
"1a26960e24de046588ca7837",572653099
"1a2aa38b8e18fd7ed5be77ff",613802619
"1a2c0e46bc18bf3224450064",497663125
"1a309175498997e1b8f0aae7",878254332
"1a34acf8e509659534a56b63",595597706
"1a36f98c62f5126c8064314c",910083920
"1a46c13974f3634ca6dcb51e",626282709
"1a486877c62f2aced41a2ca0",748798100
"1a593800d5785ecc36c25ead",615994403
"1a5f6f7e8b7af9d48644f1e0",666766952
"1a61721fb7306d55dd77b6ba",782119330
"1a6714ac2350ad371d8280ae",603829500
"1a6af7fd6a5b0602052c4c27",574472586
"1a6b9a6d92ec5e905ac97cce",548804843
"1a6ecf722b2eed8cdc19ba20",596801182
"1a71d0d3503f9eff28acef6f",669061922
"1a75e436fc23e7f48e639b9c",571118766
"1a77ac51e03c77ad280be447",574567021
"1a7e331d9ff88ae5efafa8ea",637080651
"1a805101f78cbb783e6f919d",548474017
"1a93cae134c79a43b13ce656",910122993
"1a95522f43288e32addff2ba",436405178
"1aac53220223d0d823e70d0f",494161053
"1ac2b23683ba89e9175d1b99",634898098
"1ac6c220eb690db798a3d4d5",795742072
"1ac702e7c265717b34419fe7",594447212
"1acb5576ccae1f0534f614df",576124065
"1acc5749203f964fa8b2092a",506411528
"1ad916edbe6fd38f40289a04",472228831
"1ad9e105d9da875001111075",622528139
"1ae17f134221d5d9ee69ebd9",471883291
"1ae2058fbe26f384be45df4d",557821031
"1ae6fd60628e7d186a5e0174",516158662
"1aee9081ac4a04490eb3f0e9",650622782
"1af16b7f14dc04f05edf71ea",532163863
"1af243eb63d893b1251f44dd",525787936
"1b002164d34a71bd06e0445b",749744268
"1b09874d5a3e4c9e0d544198",783649102
"1b09c89b546d0058cb09c1a9",666082509
"1b1c220eb91c9448b520b76a",581797933
"1b288024824312c8b1681bd9",483695208
"1b2fa2ee5927660313569617",727159205
"1b300634b71b898299c54671",548168172
"1b425a31cbb73b713f291e19",757427251
"1b4b3662ca18e731acc18928",941889288
"1b4db5fcd1f92d3aadd5c28f",561996227
"1b4e4016cb766bfadea42f73",471952247
"1b59d33f9000d2e1aad46239",458679239
"1b5d3ddc71634099fa1f04a8",592418085
"1b5db6af0a1c0f7787064020",665826830
"1b5de74aea685b506a952f4e",457058113
"1b67fbd144a4a3ef40bd9824",525207547
"1b69d2c7fa8f802c4af1369b",631100169
"1b70fbd3e46da8c47c3eed61",465650500
"1b7151cf29b565b2f1caa559",510007870
"1b750e6e2e92e8222482cb46",852606133
"1b7c062b606d0560e850a2e6",484845386
"1b85d69a0f8ce1d6ac4d4475",537796085
"1b87ffa033dcbf4e2805dbb8",556021024
"1b88c06bb3c1bc2bb39d1b86",685072964
"1b989360ec91f5da55806bc4",916526972
"1ba2c2eedb352ef9bb59c638",568320952
"1ba481abe0d3890c42884d97",613151694
"1baabd705f72393167dba5c8",550936768
"1bb885a07f57936b919629b9",467222881
"1bbbe4e1eb264f5c69467e50",524264308
"1bc2ae31ed1970ba52b1ff60",875117218
"1bc2c099466f9a989266be0d",462100410
"1bc8874a13914055c2759a35",493481475
"1bd64811bd59706844230198",836676150
"1bd6861d451d128c8bdb72e4",793987086
"1bd78ecec17b584e827dd0f9",513992834
"1bd7b990be19afa5acc78bc0",519727037
"1bdc0d441e63089737ac4c27",555108295
"1be01d052c6a65c5ed286bf4",953719765
"1be9d865ac8d01f0378bc148",669076924
"1bee6a5aed5417181a3db77f",539074909
"1bf1913f806bd4b461233551",457058113
"1bf77cd1c4037f4d2ed28036",662020732
"1c0236d4bc291372483a9151",529249728
"1c177af5bb41e26ac0135b4a",621325587
"1c1ff56435675288e78c4735",499083506
"1c224347a1445ae01184e0a2",884292694
"1c2739878e452a340a4e8972",883502071
"1c2e69465c75fb3af2d57351",879130977
"1c2ec62e8ebba12c6146a04c",906762891
"1c3236613cf95c84c5791bdb",553311192
"1c35d9468cdc55670d48db84",910122993
"1c4fab7d9cf798617fa90a19",559090500
"1c50477e5b3a67f3d8fec62c",472496506
"1c510a71734e955f75187106",879739222
"1c51566c7dedd4a46503131d",831464895
"1c5c4f4c731545aa3388c554",585878289
"1c6038b67a40f0749a72e6cd",590459056
"1c65d5172e53b4c7f1c4d6a9",707547296
"1c67456195075a051513b28c",493113748
"1c7452cfc46652a60b7a4f05",745120641
"1c7586fd8a1a38bbda9c92cb",530931074
"1c835128915211131bc561ab",585646228
"1c88ddc21f3e8e4ca633621d",480943276
"1c9325df5599379a73e18053",723618865
"1c9e38cd216595b33e283134",837065852
"1c9f65b631d2f2856bc97079",763348431
"1caac10c1121a795a172889b",748874841
"1cb79aba890b35f9d2a400f6",917576884
"1cbeccacfa11843a256b2e2e",601731342
"1cbf39c44f6b0fdbf9554845",706996015
"1cccddc33bd892b44d7e4b7a",593581899
"1cd6531d8539468cd5f4b315",597750095
"1ce08c19161bd0545eef8a16",661364609
"1cf29f882ee8b458b8f27091",832308756
"1cfc7d60ce613536d23b093d",662726866
"1cfe7df5431f3dc6a9289551",902923356
"1cfe9cba4c2015e7b58f05a0",568107137
"1d029020622a600aad4c2991",612189751
"1d03efada56f8a70bdae6aea",695195085
"1d04d5450762d664fcfab674",756997087
"1d0853f825cc0aec6f5544cb",798877774
"1d0919344e52b315441aeafb",719255964
"1d0a6bf40e609fc74a319310",571943691
"1d0c3ba50087cf01637de6c0",489556338
"1d0c635770f2e51aed4c8664",905511092
"1d17f0ff708e6f0b93a990ec",677680990
"1d19edc1e0d907e5ab0899e5",618531660
"1d1e29d9601aa0eddb4d6c2c",650077537
"1d2467e5f991b935d676e906",462179803
"1d2b83d973547da8c168f743",571515079
"1d35c364daa0f021ef263c60",481404159
"1d43fd3f7fb4e24a0b7c9ec3",650622782
"1d45332e2f04df18cdac590c",553685278
"1d4891dc27e0050efcc6c403",599153893
"1d493f3954b15e84c41afc82",487197599
"1d4bafec52ec7575161bcbe0",553423682
"1d4bbb5b756033b4be28643a",781768780
"1d4c50978603ef41377af057",485633101
"1d55f4694f3e000ee3ce47b3",708697953
"1d58ad85a82f7731e0f198dc",944185224
"1d7912750a5e345f7edcdcbf",501000811
"1d7a2572b466070f08c6e564",615332924
"1d8d51cfdf78f1361710708c",743402952
"1d917f9f5a3cd44cc4dc8d2e",595308713
"1d91edf33a141fa2181abc4b",728685034
"1d968cecf268a7f14def1af7",662581332
"1d9addd835c9fe8665e01500",487416409
"1db1d1b76e09197dd915a8f1",904235859
"1db68ed64501f35c51d74c5c",939964324
"1dbb46a250f504e9c8673bed",697320016
"1dbec7879e793ba9685741b4",718374563
"1dc0fe5bcea9d08874871326",498150061
"1dc1a51628b8eb1bba214498",503528883
"1dc3b6ea53413ece15bea33b",783960127
"1dc9e5c684c831b204d21585",703886671
"1dcf71e8fbfef2c6534576df",612101308
"1dcff645d389e7b687a498f2",619271178
"1dd3d7e197075859c1ff5b23",824267208
"1dd6b0ade195edae38a4a20a",607145393
"1dd6f560c804c4548561cae6",940058521
"1ddeeae13139b7c9ada353a3",544657738
"1e057cf20757627d1b006141",507649446
"1e158f436f2a4caedd1563a2",586928299
"1e18024ab7d931bc7ab5873f",698937100
"1e21ee2ab4ef88194cc85166",526093598
"1e2270f9f49aaf3be01dab49",854061428
"1e32a8825a7ea79c28e27a8d",576554943
"1e3798d739f85ee0e5a314ca",509739521
"1e37ea0918a00bcfaded3453",616018296
"1e37fb708b70b6b5e8fb5cd2",527518908
"1e48878318d35476c3e87520",559090500
"1e4fd826fc8693b17f6efc3b",851393074
"1e5919cbe4373aa261d672d7",471952247
"1e6176a558f301d81bb050f8",750750571
"1e63fac2629793fdcb793f1e",589033333
"1e64759f297a66524eb07b7e",652193125
"1e7173670334937dc61243a1",748089561
"1e73d6064abab2cccdb6610c",465659382
"1e7a931100be734988955242",858232002
"1e7e26077db3bca2821a9b45",539785024
"1e83b53963792d7445e19d27",719624619
"1e866483995b30ec7f79d9e8",760538322
"1e884932e57cfcab75ebbacd",947563386
"1e90d068f3c86c6f691649ff",598896396
"1e91de6194769980800b4de8",742627978
"1e9850a50070dd51861a5e63",626810876
"1e9c53e09220d689a0210ab9",466494285
"1e9cb258a0b7e08244d7fcb1",609195204
"1ea5db844a6d3a926480351b",795742072
"1ea66dd4a72d93f5967be730",559499096
"1eacbf36422a54f1327fa291",482488379
"1ee04111d277e8758f740139",817912407
"1ee436f045a0662037f9d2cf",551870800
"1ee45a731b6f0242b6d2936d",572121448
"1eee0ff52c53f04307cc3216",666012675
"1ef15e2b882a0da85858269e",466638534
"1f00fb18ad48b32c666fd319",583003991
"1f0d83013ea5e4c3f4beb583",579405297
"1f11cd977996d909ffacadef",916929812
"1f18df9ee1b19359816ed13c",583216169
"1f1f3e47f3593e4b2824e628",532848664
"1f2c22839c470363ff41551f",773600264
"1f33395df1e4f6a185c507cb",552723108
"1f34129d15f992a3b62d4b21",471952247
"1f3544c9f47bc00fcdf59d74",462264931
"1f39ea319382fb0e41ead713",897170374
"1f3b3bd08063993c23586c93",476242091
"1f3d3fbcb686ada1a96e01e4",482533908
"1f40dff9a973064aa4737eea",864377467
"1f4109e1a4b47a9b11c2c019",678442424
"1f4a78e094987ce29f054fb8",511340419
"1f4b6eaf52fb940e666c1c93",786489305
"1f4cd62152d4940990ac6a9d",513535120
"1f53612f7029a21e2e9f74e1",680630514
"1f592cc4ed728909040f953d",601511846
"1f6050fd5261a2d21d5a178e",453643049
"1f674965c913f9fe282d07cd",491416148
"1f79204a8f62c29b0a1b29d5",487197599
"1f7daef9ba898c4d8ac1c81b",550841690
"1f8068ab65469ba56a1f0c4a",522625776
"1f81176d8a0c61a7177c6c2b",934438130
"1f8742e662666147955c9872",586889111
"1f8ad363a0539a6f2455c3fc",501829123
"1f8ecf6c089ce6168b3be52f",803628223
"1f8f74ce8831d5532f330925",649227615
"1f95c205d5094c674f6e45a5",873237395
"1f9c0f9c3c6460a323171d72",903853037
"1fae43a9450fae02919962b9",606228749
"1fb4c88bbf995f77f2f29b7e",591140985
"1fbc660f780245bd72015f07",643524186
"1fc0faf46f3b533f2cae2c06",954013213
"1fc94e9dec93d52e0062e07e",648539234
"1fce0e993a57a3e3873b8d7c",916929812
"1fd7e9b1e717578f751c21c7",749179712
"1fe392004a09aeeaa6e8bce7",529957757
"1fe514ada76363511cc79105",626821789
"1fe929afafa91bee53df4e86",475012243
"1ffafa78622c45ea4127ce82",679940671
"1ffdc10c53bb83d3be84c327",570933310
"200020552855ed39d1af999a",524899733
"200897b1f8bcd7c116a85306",474794615
"200ea08f57fa23013d0e661a",875860790
"201053b106a0b89a0a47e2cc",566985228
"2018131ad3f6e5aa8f4be704",833660046
"2019bd32dbd09fa285a388f7",665690548
"20289e986c1959f0c83a6a4b",640538617
"20488db7a62f765ac8da0a2c",568863978
"204ddf6ba4822d55ba80f713",460643028
"2054c223fcd48a48f67d02fd",510870198
"2054c61f0162a18c6fa2291e",457058113
"205e9d987013859f391b27b5",864706441
"205ffcec56fd884ab24c5600",772779950
"20718780218eac9668776956",711131754
"2072a783a44474cd0dd10d7d",592691793
"207e39d9cc4402edd48864d5",562538265
"207f669778ed0db0e619ed40",458261048
"2086639384041f3a9b519140",864183808
"209bf65e11bd7053d9658824",590617109
"20a2a0dfc963fb8a355e704b",472895295
"20a783884d6bcf1aa5697772",577094297
"20bce83e2b75fc535a148dc8",667764182
"20c3cb2d4fa486b23eb81bc2",651043571
"20c3cc21b44eb37d0b359c1a",861606096
"20d8980a4fa8e094b7a5f00c",476030676
"20db610da64f80afc1621b12",467983933
"20fe2d7fb3910ef786cff965",549208988
"2100201e0851e80488371b67",516230501
"2105c17a4e2f97183e24aa4b",650857417
"210d58091ea74bb902915250",590882417
"210ff5d4404ee8578a5ecf9f",626063735
"2112e589911b979db6e05a6c",855563285
"21264b5a73fd27b85a4e2654",557630262
"213032fd36fa1a6342570158",569731898
"213ddc1761cd6b018349786a",649363552
"2149d04442f73cfc78f93bab",652182993
"214df9371aa59f68e5740212",505293872
"2152ed6b2b2eaf16ec272cb6",542555712
"215e8852679b9cb6c4029ce3",504285220
"2162e09e137eb5f4a1f32b16",635059376
"21642991a20d6b0d17dea2bb",567914397
"216a598114a403676011cb51",637080651
"217e1715fdd5db76ce93cfe2",591218081
"218445f989b2da5eff4029f4",639098851
"2189d3297ea703e50ec34d96",624575330
"219164e1d9b14cabb9bbb8ab",736862700
"21932b5a5fa65d237ddb6293",613410228
"219555efc5b4291791143252",484303189
"21a7c5d6ea818dfb25077e13",757510871
"21aa860fd839233ed8b82653",496299518
"21adc839dec9e8efb128abf1",542031767
"21b4c1ad11bb1feac4d02308",911859170
"21c8b93e50ac884e63514f10",932215662
"21d0f28d5f30a64352e60ac4",526077039
"21d141a84af5f0e2ade9b0b8",635059376
"21d42e80f6f818eed990bfc7",854105597
"21dd47ac3c4e1d6bd0ed2485",618400088
"21e0bc9789139640ea33ed09",765753716
"21e96ca8dbe2f12b55723335",599072286
"21eef7da02b0f2a2fd987135",629525950
"21f00ad1214253dd5bb97817",772397759
"21f5bac85d5eec57acf501ef",844695202
"21fcb5c7e497f0580b820379",867742910
"2202c5c9a16b771d1e242c18",644531366
"2207c1ed62f59d6eacb3c18d",526883523
"220d466e3737f1f2a8ed06ae",457058113
"22127243f7ba3a68c3fc33bf",547506660
"2212e0125cb7f75390020951",666717168
"2214e2c62cf8d2d14f11d47c",636715664
"2218c6bddc994984cdc6e567",493414408
"2221052e00c236f31e6d5a06",510285370
"222a35842b0bc09f48e1d0cf",531770081
"2233f50cf7b04791cf1ddeaa",667487048
"223813dc0188fc229b63e8f3",815090077
"22385ae2b3e7640e8c40411b",635339927
"223b3c04803ae7b855f9fd10",664888706
"22428154baf95870f1d83fdc",659083589
"224f6e839dcbd91491f3f1ac",465763134
"2258ec00dec6a2b85f439135",679091075
"226277c02e8532922a1c769d",795527788
"22796587bee45b8f64ee6e44",742622765
"2280b5f7c47c3b36924b84a9",557557855
"228280554ba149e60f81d639",575266665
"228d165257ef052ad50433c7",499881654
"228d98c82021e2325263c7d2",569465182
"22903633f8c4d91158f65c58",539865782
"22958cc4622a0050d1aead77",541984990
"229607e2faf76efeeadcdfce",526077039
"229a7640d41a8b8d6d2f8f83",936679491
"229bcf400e309619268dda31",493771583
"22a025ad47ba22ea9fd1a094",513048875
"22a0f3315f7600e5120db131",506800078
"22a43024821ad081e654c5be",707105868
"22a6058ffe790c98a8922258",760547178
"22abc78ce812c519511f8a4c",649506309
"22ae194316f34d482bdf404b",549034239
"22af7bb676cb4c9ffe014506",492340529
"22b066e6dbd0f2562a0554f1",862781952
"22b34331d7ca2ea642d29946",614453914
"22c780d56cb97fc34f29e9cb",467626170
"22c9b57a67cbef0920d09174",459039951
"22caf82aae904c79057fcb3b",536294049
"22cfdfbff44541dba9091753",785697891
"22d167639ccaace593dffa31",475012243
"22d6cb11333f2839b8112b89",904451259
"22e00f8057294350ddf4d42a",657416025
"22e524f1fab17d5b8616d741",817790468
"22e8713e2051c88cdafe2364",509513749
"22e9f1b4b5e887cb5f0dbfd1",507293650
"22ea31eadbd3a54216443137",454203665
"22eb737351bd0958d3e60efe",729474101
"22fcf0650753e2b5a2fa3786",549466923
"230864c9c9c5959f9f0d36ee",606774620
"230cb38e035b85a4353220e9",638588357
"230cdc90e6c825d391d5025d",576020169
"23101b0002252f3d4b3e1d5e",898302621
"23141c17df584746755dc508",511382047
"2314e3ffc7242a429e00207c",734228037
"231688922448e4d64622120e",581384669
"23178c72b063ecbaaa04b37a",508947652
"23187388f9d6e2bffb88b9ed",672253464
"231c050bebe12f568ef92afc",467983933
"23208132621583ce4a46de77",897533121
"23229e392dbd8fd9d80637da",781123712
"23264fdd1059460e079e5810",523335847
"2326bb628b4a571921eb7345",624449900
"232e859fc353dbff75c97cf8",666803554
"23374ef76774d4f95f022473",814885746
"2346533f4712f3bbd036d85b",758195417
"23473bcde48f634641769e22",494858796
"2347f69ec1ce4a3fb6989eb7",554993079
"234c94e9a248ae57bb5a0771",575477432
"235a2209cde8f8b0276c845a",638309688
"235b10cad7233d579a966948",579972079
"235c56f4afd6d87f1b3e199b",538662224
"2364014bfd851a68a824d1da",862440810
"2372f7c0499de8aa2e5ffa06",650430526
"2373c595d24a7b862b518ec5",731499623
"23799891583435710f66303a",625250825
"237bce11f35d32ff029498a3",613839373
"237da4784755f090c89f07be",565910560
"2383b8bc2cd3d307caba34ba",616048212
"238cf9f99c4b01777a97f82d",506113177
"2390c275fccc98eb4fa33af0",604015766
"23959a0f6e27c8c2b4a7f436",757609672
"239a2dd25f604c730136c720",893294847
"23aa0804aabdc61650b8562a",742919538
"23b0d67dc2a0ae6e5ebc9eee",532822180
"23b2b5b9f5bf3e1208f5f80d",913769781
"23b5f2af5d39edd25db6a522",665693397
"23c7f9a0534a4ae6a24e38a6",831992675
"23cc24e23a1d74159ff78464",758912827
"23cfc154896b93bce4356ae6",468746526
"23d95cbbc056b4456b94c97d",552850240
"23e7dd821ec2601ee2c6e353",870646097
"23ef4d57d130e4130205f30d",677091994
"23f12add67accdc9ed40f59f",454203665
"23f859b889afe2639ad55a21",657596236
"23fe512fcb21a0b84781a318",469066606
"2406d47133763272a965ef51",468554652
"240ccc45a242f80f817b04d9",650622782
"240d2474c81482baaf79b6fd",669979084
"241d9f8599ce6cadac1d6609",780221946
"2422ffac7337b402339dc550",747807380
"24258361a4ba8f772a83ba7c",817921001
"24297f4a3e14c24c941e7720",927362784
"243ab5db6e47f3536d04d312",662020732
"244210fb4bcc0a04f2cdff95",828179425
"245663c600727f7c214063c9",729079832
"246576e24f66d495fe0d509b",591845990
"24671f63cd061228ec0b5b9b",511551654
"24756921525595f1684929ba",650002017
"247715511199c5b680088b56",631100169
"2478e48a3c6bedd57c13c72c",604457016
"24849579dc9ba7fef1b24396",549356752
"24857a7a80d5f13a52eeb054",662687246
"248993a27da888a6e3ffefe4",506661198
"248ed6abe6e528dedde951a3",545607302
"2492a7a74edb57f784f6361c",495428249
"249667af8d0835c9830e2b37",513906666
"249cf6f96144f769030d1b4d",672029350
"24a4199c17f9c56f0b3ed12f",662660548
"24a4a43ae4c687bda1066227",950406446
"24a89527a6744456750baf54",567837765
"24b28522c72f7fc359f2a718",636889241
"24c32572ca6161a603a7d0d0",450880974
"24d6d85cd0e2dc3deb2db896",652536637
"24e90a7d9a2bd0c30a4f661e",781892915
"24f22d76b86498d5c3563288",592574768
"24fadbd1dec637edb728baa3",560853668
"24fd0b7f75feda5db89a4127",527676846
"25093735f186b70beb018317",936600021
"250d84aac8add089061d3204",893184252
"25187d9f4cfe89a525ef2493",464844875
"251903f4b947b337e0134415",667629815
"251db9c4b7398902b38b4a4e",670329783
"25202264e18928158b89278b",727649171
"2524e62e917e8a1aec5c9c26",625001752
"253560c855216bd9eb102595",580496145
"253725ec3d7939088faf71b7",552723108
"2537dfc786054c61eb3a80b5",588817138
"2538cfce1c108ebfb1056c8d",654509663
"253b34c2c5ce15cbd8b5826d",623116010
"253c85b226a15d0ec2fbbff4",647265301
"253fe7aef58ea97fefef922a",583059110
"25414034e50ca33fcdcda4cf",598352323
"2547bcc87b618d3d7e22dc21",634980606
"25488b1c8fedde6250b413ba",481650665
"254892c6b84c59ff5ac4f354",546138292
"254de3f3fc52b8cb62141baa",655617580
"255914e9b13ad94efa6ed365",669979084
"255c5b92d71a00c3a73b9aa8",457491998
"256491790d0a2d5e1ebdc2e2",503614420
"2566d8588566312ffa4fde42",870432242
"256a46a6d45d168169f63aab",509042357
"256a6ba3ff423a899229f154",533225878
"2571fe181b6ab939eac19d2d",922155237
"2575d932e98c421bbb38b267",733264733
"257b533b6a66b40d0f097c55",576129896
"257c765ac81bcf773473039b",554046788
"257c889187ad5de900a430c9",563737222
"25813f7204a2e796170c4836",505457222
"258a968e403e747af5693a3a",950406446
"258abe0fc321f6b24d37ad86",511054925
"258f10f742fcc835d53063cf",915788851
"25986c851e13c92ede6c6d6b",893294847
"25995099875f0ee622ebc31d",756921982
"259f4f7fd5d851be70d63633",461959933
"25b1ada57fd1e5c88d939c71",678096362
"25b893f6073bd66258a9cf03",669023939
"25c76b5a1da0c2d8158b3732",735038285
"25d233d2779009affadf5e91",522368002
"25d4a0ec9301ba5d53deb780",740285930
"25d62e6b1a1a52cd8080354f",709407221
"25d89911e830697217d460f5",615542846
"25e3793214088669aaaa4ca5",827970572
"25e832098d9e6e7c2f9afe2c",662883760
"25f925538316d3cdda8218c4",818407106
"25fb1c0c4aace859265de172",599754754
"26206185deb023a344eb2e99",844876222
"2621e068043a5019aeed6c8c",602541665
"262688a95a32f10fa070a887",525819958
"262b1c8ce7db2b4aca2400a1",842661577
"262b5b0bb408d7cf53073832",459327495
"262e3b4091dfa6b71af020ea",666663825
"26301269301b6f96862af599",667629815
"26313750bd29b2c59a81b58e",709692842
"2641f220611056a1f5616dae",931590708
"26454cbe44a07cd0df12ca07",938355993
"264e00a64cecb861d2c05b1d",834402534
"26526235b34fa5b7349df00a",475347405
"26617e1fb3b4f0e4a70e1b0e",925985484
"2679ba671751ff16e76f1807",644824448
"267e000c89d3416e551462c2",759507340
"267e46cb9eaec6c7009348b6",515940565
"2684f67bcc89c8a5b95e5592",596592879
"2688e4cd1fd441d1da455504",548410641
"268c1e17bc17dd646d1885cb",493302951
"268f887f25d416dcd3c0c9c2",797392529
"2690ba8b22a95cb837cb87b6",456182964
"2691d7125e9046e597437f2b",646740428
"26922ebaf11e35a7a320d30b",950406446
"26be10d0ce8b763e9b457e76",583292290
"26c08d7331ae19e1934a22da",793193181
"26c66cf2f43bea00e6387326",837065852
"26c8961848e3a77d98049638",644665108
"26cc292628ce4aa87cd287d6",666954317
"26cdd114566b7cc63cd96fb8",683340366
"26db92c003c8e67d92d88aaf",874448234
"26e58d0b13e7f7f5a54585d2",749227529
"26f3d5bc3adcd1396747a414",864706441
"26ff1e1f4a6f6bda702fdabe",788874896
"2703313a3e5a6fef2157928c",635059376
"270a97e07eec2be02cd89a86",654605324
"270b930a9e22d5016ffa4019",815090077
"2714bcd5c0c503c3bee0e0b2",679312824
"27151512d4b592014137ac1f",699979697
"2721f5495ef5dde16fd29cf4",794746444
"272b5b5c28e46c6f5ad95c22",576129896
"273cb73a7bdec0d291e845f1",521580625
"27472c6c6a801eb749b9719d",743759906
"2749b5cfd2728ebdf124a0a3",527399358
"275360e29bf3309e09ec41d9",481355490
"2754b4e12a7604efe8e03f5b",808595743
"2755af908b841e9024718b3d",527676846
"275c8bfdd3fec33752493861",641326212
"275d73c7dc0fda7cbecfea89",866019377
"275ec6bd936600c7eceac599",950406446
"27663c0e271e26dfdbf4d289",831144007
"27721beb237824844adbc289",844576884
"2772adb268cffadfb2917c2f",459039951
"2778de5e56ad7ece898249e9",912959902
"277f6440854cb0c98728e685",696254278
"27881ecd655786b093349ab0",824267208
"278a2cd98528eb1341a6b685",510164284
"278fcdbf16e3064ba42c6785",831531132
"2790ead3eba9370f00024472",629649338
"27929c0a3e0fd2d6d2969e03",638261556
"27942219389ecffbce2e1d9e",897170374
"2795cdb2f4d568a782dcfc3f",936679491
"279b76adc4bc9f8dd86759b1",613672078
"279f6f594d3f8ca8e8a5e2d5",904451259
"27a6f3e8f9649ccce7680f0a",615826521
"27a8a052b815998c771a1f55",817790468
"27aa789e29e52ef8d78b9bf5",595169528
"27b06d060ecf702fc88c7956",796475658
"27bcae7ffb9f79b8f59fe1c3",594466798
"27bebaf73dff207d7f6829e2",586495149
"27c3b7ba2991e7bc0c9fc322",590174825
"27ca0c2320c520342717355d",508872787
"27cf45528b4266162f7c9029",613151694
"27d14f352b2983177e836e3c",803628223
"27d413eab7b562b984c5a682",822708672
"27d4f17375f76219b446c092",511662932
"27dd503d4fbf4d5f5d850d4d",575688675
"27e0810a702796d97878c34c",536312180
"27eaac0ebf8a5ee99d143218",614467936
"27ee3504d1df34ee8ae5dbb2",938187180
"27f41f09ccf8d182c79cd48a",828179425
"27fe3fc3838695ce34c5d287",457655954
"2809252a96f47776d12021af",862452363
"281ea3a3fab48c028721ee1d",613839373
"283c1142d027be336a7bfacd",457058113
"28403f16831effcb75471738",465703349
"285b8cb5e9c887794ed2fd1b",606931017
"2860e4435c857cc8a661ec97",705939188
"2861f1a224b4c879b845779f",452885319
"2865962bdff8929888a51341",672701203
"2868ac4225657a13f6149e6e",783937286
"2869a2d2689af65497775b1a",891684286
"286ab2411118455780314355",706765290
"286cdf6dfcd95ee9edf73a93",471220216
"2876aa9ef0b44e43084393fa",465124916
"2887a0d34994d284759db20e",559248917
"288c09c33907dadbae495c11",942187088
"289db1292d4ee40a1ed6e518",753797764
"28ac1562ebb5050f1492f576",819407670
"28b838c94d10823ceed62e0e",524264308
"28be121ada9c9303be802474",619349668
"28c0649dd8b294574a876e95",720415458
"28db5acb7b224d44e3d7ce80",591049152
"28e572584fea1555e2a517ed",561093984
"28e748e7aa0a447731e06706",659869259
"28f905e91295a47d106a3214",950114107
"28f980b3c741866e0db5b761",705663459
"28fc5f188c5e11717cdb4a98",472506086
"28fd0437736c1b17c7ea1f33",522873845
"2900dcf3f944a7fcb33aff36",536345425
"29028322a6d692edc5ca713f",825078226
"2906d21b1d96a1ec43bab50b",650344375
"290725d6b15062397597b954",569994109
"2910f3631d1db77e4b61f8b5",575155876
"291479f573955e063f2d8bda",943288388
"291a2f9022933c9d81311e81",747471107
"291a4ea1a695347e1901bd4b",842973628
"291fc50c4ffe7935b01e5d9c",570903302
"291ff191bb029742387a72a3",718692682
"292224fa68b0303a90063801",620411487
"293320b55fad21ea3f4a5899",452021805
"2935cc0e053bf558a8b73054",624617886
"293c8a0a4a358fe7554a4ae1",587840404
"29425249fed4a74ada083dc5",497233615
"294985765f4d12e51a68a451",725427330
"294b04da3eaabadd55da9c20",786150445
"29503210dfd57bfef8f16802",607762681
"29535d858fa3a11792697820",781892915
"29616bf14b5f1cd42786a91d",600036922
"29671ce02e285f69afeb3fc2",865721994
"296f0158b5cc1541cfc8419e",662020732
"2979f2d91d649a8c14f5453c",568486908
"29881785ae39aec014c4982c",635404364
"299117d35bcdd48afa4c2eb0",614890262
"299a94a02e887c6ab1de59c7",526885426
"29a115ba5b198689fce5f93b",468734892
"29a230f7dde5753e65b661dd",652408004
"29bd4cbe11f44759e07487fd",620996456
"29cc054742b256e6fbc6da1c",672824226
"29d0dd2d4b120dd54c34b13c",648539234
"29daf0d5008fa9e3f0f30132",491267071
"29e7796eabea247af4e8a0f7",576370774
"29ea1796aede16cab8a50497",493997145
"29eb473852b36dcfbda0c702",862452363
"29fd909e7cef62de53430e1a",492980892
"29fdab43da21ed0d22c9c71d",473165892
"2a01945c2ce528c02b391c61",558659949
"2a0e902f3c07cc9696000177",496033065
"2a1edfd6cf74573521ed74a1",572514142
"2a2f455525c8e0bd709db91a",630044653
"2a330fdcebb247d6a6fdea23",758210688
"2a33fa5b25963f3dc928f668",495617033
"2a487cfffeb12837a5586a41",526883828
"2a531aa9576c5f91891cc8a9",655044947
"2a5aedaaad2d908122f28f22",665826830
"2a5ecebe40fc09b45d6ee5fc",519018550
"2a5f727304ad67d1cd269361",668142192
"2a623b33f3cc1f54620b5233",509424737
"2a66eb4d2a205bc4474c0afa",745614728
"2a68f627f4dc8060484cdb18",857311329
"2a787b39e84958ca6b7001d0",561456739
"2a7fc28219bee48a2368e730",623078615
"2a805135d8030b614d9df9aa",648362482
"2a872557ba401f4c95e0ad2e",665826830
"2a89ac6511416d0920f1b9a2",925343135
"2a9338f62c99dbad25aec5d3",769681297
"2a99204f0a53c4a4d0a2393f",666847304
"2a9974fe07b1e4427e386e06",661364609
"2a9bbd878f3f45745d76f059",613242326
"2a9bbffb1b98c49d79bae509",845913593
"2a9e75d221912230f98485cd",782696337
"2a9e77fd00aaaf773d130914",498645898
"2aac28d03c2110d871b5f274",541809559
"2ab0eeac4a228d5769fb4365",539927692
"2ab24b9c5349427998338d21",623142305
"2ab263b5d1ba72fa562d64e6",683449303
"2ab88dcecdb565b6412f5bfa",509066387
"2abbf26e80643dfc1b75edcb",725427330
"2abd46909a251b8ebbd37133",618654399
"2ac1105447a71f68a50105d1",911859170
"2ac425aa592565b44b25cdc3",583414102
"2acc857ede19953734600dcd",511402925
"2ace3da2fc4e0c022f7a8755",735004448
"2ad02d6d56b95ff3382b53b6",784354720
"2ad54bda875fcf8c6b675bf5",527399358
"2ae3ae7f794d558ec119287d",664488350
"2aeb794adc9892354aff7240",506360205
"2aecb598de8c74d9d5108d8c",749708626
"2af941adae2e8dfd66542055",511744116
"2af9e271765438a47fa7e7a9",473165892
"2afa1699af46ad8124f76e4e",735568960
"2afa66b726ed0b1492b9e01b",653045949
"2afd31619c21dc537e4797ca",759706682
"2afd9dd680803e3c12d5242b",877074290
"2b028932adc74c961170a4ce",586759809
"2b05f001ed1a84425a45d0ac",491512872
"2b10af4fcbef695b327b7d0b",842955601
"2b2fa2ed0055a19859e78446",884843224
"2b352d996677e67156391e25",503779104
"2b36d2ed79caaccd687f2ab0",488995778
"2b36d797d32013a126e15709",543580093
"2b451da55be3683c33e4de31",942462610
"2b4913f28d07628bf2d3ed92",833660046
"2b50969f1faab80655bb9104",556021024
"2b53b13cd912f353cf9c4757",678592871
"2b552d7b1a1488dfd618b120",483209315
"2b55989b2253416428ece917",573507121
"2b6d63d6b072901effbc8e1e",679312824
"2b7a5be93795a65d29970b02",831615549
"2b802261b8bd839aa0b04b16",797392529
"2b8b979cf1952fcedc63ca9e",457677411
"2b8e9560dd58d880dbe77c61",917161519
"2b9681901b216f2174af0089",692372110
"2b9fd26383758104d567d474",551629958
"2ba0807f8cbdac389424ae04",522873845
"2ba1672e49c023258d262d1d",557875500
"2ba24fd47c2ef8520bccf6eb",462154330
"2baa6afba131b74487c94d74",524002946
"2babb357d1d828c49bb89be0",664811432
"2bb55b0a92d62454867bb158",792126378
"2bbbd9878a1e7c55bdacb330",583393436
"2bbbe93b615c46483056bfe6",870263591
"2bc88a5c4bea2bd00fd8f13c",600276486
"2bc9bbe0f0216ed9d865a85a",610477787
"2bcc6a15181273b2fad05e3b",636940543
"2bce6544d58b6970192a1838",526486092
"2bd08c0964ef4a95295db843",698633040
"2bd1c70db60a44d4400847ca",857631599
"2bd47c19e5d29a3157fb8465",798162987
"2bd6682ad8343b69fae1a59e",757050939
"2bd96c7fe678945fcaf9662f",798252727
"2be93bf5132bb788bf045c28",493917352
"2bfa301ea435f929e6c0d1ba",604333904
"2c03c38782e365e68b32d6bf",499881654
"2c0b3d69fca6677ba9e95327",830701482
"2c0b4c8269cbe25a4e85e049",474394580
"2c12cbaa1f14553c1d41b958",452026163
"2c13f29a8b9ac9b464e3a582",466013908
"2c15a0733cdb932ba8f2225f",762336731
"2c1c91f2bb4d9dae38a44360",484890561
"2c2e56e3e5210c111c7de708",576695059
"2c30c2736472590fe45277c3",543329720
"2c340ee014e39ad0fd1309d8",910514603
"2c34c1e1655e87ada03f411a",664389386
"2c37a1280b18e095b43e19f5",777597804
"2c47c3ef9e139d8c4513a090",608687546
"2c567face144ca714454abf2",857895050
"2c58f2cbd00035febac060e1",769681297
"2c5d940b5ef2276f1fac1ca5",746184578
"2c5f07a9402cc93f4c683759",520798960
"2c8352c418097f82a50d9bbf",833704107
"2c85b19f02bb3768c10d14fc",553444366
"2c91099736f3158f7f09778f",467098804
"2c924b9d45667f7168bae6ee",638771108
"2ca47f5c36ea5d1cf00dbd2f",470654710
"2ca6b3016a89139ec7590f9a",925627852
"2ca6ce8266afc6721d179335",747807380
"2ca8b22013c529b412ad764b",884843224
"2cb64650b876ccbc7337a0e4",472145034
"2cc0129b386acf9cdfa4eeb3",690850432
"2cc821cd7b5fa82b27308f87",494481239
"2cc9f2411f98d0fd41511211",548228936
"2cd0b2d7561919f0223608d5",457058113
"2cd372392fda500e6526695b",560792329
"2ce779caef0637db97954912",802746212
"2cfa1397c901b4e940d9f673",551368427
"2d0d803cdbeaec6e2626eebb",573998956
"2d14ad8ab9573c406e203ed4",745942158
"2d1f036c96e92d9c557605cb",468091536
"2d26b8360f1da9a677670fcd",661364609
"2d2ee255ed2144b9fa1fcc39",590910576
"2d3236cf646f19a25932676a",797461555
"2d4031f171f965d7dbce0ef6",648700353
"2d437a09b860d9d46644ea23",503009674
"2d4a781f969a4fa2a4f04a7a",725427330
"2d4bd56e71f90e6fb387a2b4",770407372
"2d531a26f8b1a8afa511e3dd",550549953
"2d5564a502635dce2d46ef8e",770188929
"2d564574f0191164ff1d068b",476789153
"2d5ccb12ebb6fc7d4ba462b0",557827538
"2d5d9119602c228b333402a4",442703492
"2d60a221b478264cab9816f7",861606096
"2d65980024ded46854c25260",847566354
"2d6aaefe0f50db8acde6fd1b",942187088
"2d6f5bc20de99dd0bd4e34bc",665826830
"2d778563921376962d126cbb",585498522
"2d7a48a6b9fff20ded24f86d",462984278
"2d7bf0032580e6b6dd1ce36b",665826830
"2d8d64261ba659302da4a481",608580483
"2d91b3a8c62b890fd246183c",954013213
"2da346c00d6fc39268f12b82",678171302
"2db9b3463f85dfa87347d6e3",910475327
"2dba091723891d8907905a74",769454311
"2dbef742d0c59d21ad7392e3",814524563
"2dc58e6aab9399e9677265a6",935864231
"2ddda0ae748b38a6258f660c",893841743
"2de0ad9bf15232d6056285fe",647662918
"2de93fc191360ae22b0402dd",459143308
"2dee15f1b082bb986f8d9513",567914622
"2df90c0a3e2b9138fe276a75",672198358
"2dfd1808bb95170a088deac6",723373365
"2dfeb06300828182d4109c43",684212002
"2e0a8235637e98dfea862909",786395566
"2e111ff939191cc6df2c59bd",660255665
"2e1608b8c646a102e27df16b",591284164
"2e1f3fb2323fa16150f8bc88",556300617
"2e1f7569d134a931098a2ede",706508152
"2e23ee2beaf5293f57a5c504",504702610
"2e2d3f42f4f8369733b3bcb9",720661967
"2e2f1072d8db7372b2c2419d",527399358
"2e2ff1e620063f416a387058",745157942
"2e3fc1d628f6727880d3d4e6",502506651
"2e41ceccc918145dbe7de0be",567643606
"2e52008bd11000eb776bd80a",911692022
"2e58c9b6fbe9c57c83bc0aed",712374936
"2e653d2567a47067df169d97",902134783
"2e6fb29cbc1ccc3d97c92c72",907190414
"2e797c8302fb7ada13ef2d4c",608782536
"2e7c6a89d2cf2d835839f5f1",648347594
"2e8af16a155fe18c8c6730a2",839781798
"2e8c76f4ed59cd3924f7136d",794320943
"2e9390c4423db604e1c7c4ec",666766952
"2e992370de3eed4ec1271589",724141288
"2e99240e23b0542f1cc75026",574277396
"2ea47ef8f02712c32613fbd1",505078273
"2ead9549bab6f1386b7a2c77",758561026
"2ec9f5265334241fc594976f",679312824
"2ed1ae5e6fa77e447af230fb",593468848
"2ee7f959d069c9ca223115cc",745017148
"2eeb4b0d7afa57b63778b69f",950406446
"2ef897a38b95d7b769856e78",637775030
"2ef8a530db816223dcf474a1",513116007
"2ef9126614eeef828f797e66",815112776
"2f0bbbbb466fae3fe5c4f614",542895310
"2f13a428281ffc425f2c2e38",528259464
"2f171883b97d9c02b90f93a9",501504519
"2f1880c9b8f7ac2715e1236d",678139210
"2f3281ef06475d2114fbf9a7",482199067
"2f34de2546f13e8a9dee1edf",507529460
"2f3d01cbf0ee0b985386418d",479156932
"2f412384597554f3dab07985",784787218
"2f48a73bfcc91272161afd39",591871716
"2f4b0b1b81c792f43f4ccd5c",499829748
"2f4ed160fe2a21722e6299f8",473032336
"2f610d2242d583654337d468",905511092
"2f6515defc3b21d82e0ca4dc",484845386
"2f6dfe9443645d6629eeccb9",475012243
"2f76a2b53e091df35a125b13",466333678
"2f7784465c1c69c8f786a0a9",942187088
"2f7d36523df4a5eee3edbe05",649253355
"2f801cf48edb712627196b2c",603877367
"2f854c9df6212c39091bcf28",562290700
"2fa288389b3031d595973793",755156911
"2fad468e1c248f40ee3586ad",689258536
"2fb149a70fa14ac05582ae69",544272010
"2fb5206d246ee7ab22fb8143",742919538
"2fb8b2990751692b8ef1ab6e",837363183
"2fba6801eb9a7bce7ed2c081",590937400
"2fc150cf6ea4141106bb8ac4",481130486
"2fc19f73fb877ed8b88a5250",483762617
"2fc38ab2689eb24f63e32efc",837065852
"2fc96ec5fb2c8dec0a5b09ab",911859170
"2fcab31c752b699af5e8ce8b",885255360
"2fdb80ee4f9a35663e92b3b2",687813562
"2fde05df6a3aa9f57385e6a7",551881851
"2fe64bad1bc8a43fedfe0700",590005039
"2ff0775d2c131d19804f2a2e",530762996
"2ff531e27672ecd2362eed55",629351380
"2fffe55a1584619bd7c489f6",748795355
"3008e821640b33a8d70beec9",471059342
"30091c32a5046d563597bbf4",522714771
"301b5da33d32c0632b16e8a8",746105588
"301ce25214ddb4b5144373ef",856644846
"302918a3460b98acb64fafdd",594799593
"302adfed183564312f9e3087",915033461
"3032ae39e739fe46e9e198e5",681850486
"3035d7ea4b71d204b588dccf",623507639
"303dc73dc1130de9aa2f70f3",586487364
"3043d0b025fac4ed90b448e6",498845828
"304ce5835e685778b1c2b6a1",518109454
"305080502cba05a1c165560b",549574812
"3053732169b2260529f90133",556022272
"3057660e38fb757dbc8bd898",747289052
"3058b792e3f6781e438a2e9b",731943620
"305d6abea2f3e496e3b6fcf4",601821746
"3061729865dd2d68858600b1",547737000
"3064379f468404110d594c87",621285607
"30652905d3eacda34ff61a9e",705737867
"30677852542c78698083d4f3",833028993
"307acb7b4044cfa5680e4227",950114107
"307eb683db84db535106c445",682804006
"3083a7ab1deb092f7aca6a54",590910576
"30a30e4ab286fd822c68ab5a",588815398
"30a8b9c197bc42f088d0b873",630273427
"30ab0bbf876dfa515b266c9f",468654408
"30b0c440c0bc8c6005855ff8",716478746
"30b3f38716be209a894b0942",482782991
"30d2ac3ecb8150e4d4339d1a",950406446
"30d38a7bab2eaaef1ff6be0d",726135492
"30d5185ca2ac2fcda2bcb79c",488974940
"30e10a03626eeaf8bc2c380e",631882850
"30e134a6cbe61d7954d0f56b",453643049
"30e1bd4619483b0e896b5229",667629815
"30e6d4e1c53e9e81ff66df43",473032336
"30f381306494ebaa760b990c",631400256
"30f3b383f2d5e4709c9304b1",839909178
"30f6404e8034dbd513aa8a30",472324236
"30f77637dd52e728efaddd6d",660678811
"31081c78ce92e1d8dbb315b9",629189798
"310e768d2e8836432f8b3e97",463924151
"3115e2391cc3a078b5e6066f",584060479
"311dcf366691c44243b7b89c",858817134
"311fa1bf3c405f9bed13b38a",482488379
"3128a4896665d38feb72b456",757277846
"312a6b2a57dc6947f95213a5",510319827
"312ef52e0250429a5ecb3b27",899185971
"313abf19d78b719cce4b3188",642278198
"313e17c442fa3040065b7489",714008012
"314153750510e92ddcecf33c",921671333
"314479aa7b73ef6ef44e1c89",567069852
"3146f3ec9b237fa0944cec7b",534893101
"31474c62a8f39e250fb2882b",681928290
"314a1e163d0b77b0f384da29",464305953
"3151daf55106dd159f27a8b6",524205506
"315ea6fbd6b3261cae7fb900",807898551
"3164e0ecd246b8ed6cb6d054",778998052
"317d8f9d18599b346639a4d1",510418683
"317e95fad7d399673719537e",789287148
"3186cd0a3125adf3b25587aa",699220401
"3192bb7190b9130c4e67be4e",596855015
"31977cd5d4c09eff149e74ea",724829177
"3198c4acc62c1a2276bf15de",581232320
"319b9accf9980ef2ef81099b",731499623
"319ba1ec06c9b6ca6990f4c1",879130977
"31a1492e589f317a58a79df7",606782809
"31a3719e57ab1425e7267fad",631882850
"31a6c440ca9eb29acc0f1086",914265558
"31a73382ae20331521bf2e6f",618753818
"31c69cf4d197f97ac594a896",672253464
"31cdb68dc6476128c4bb2f5c",860132720
"31d3215c8345d48ce9734c65",466109163
"31d6f089626c4fd08536fac0",495412702
"31e241881acaceb02ef915d2",796080915
"31ed69311bfbbe000f4483d4",597576851
"31ef69bed8e54b5e1fb245aa",622184715
"31f52502e89beb1b2e0dc3d3",798877774
"31f56b841b122b35615bae2c",507051753
"31f630c44db4be5360a57640",679312824
"31f6a25d56f3bb36386d07ae",850039754
"32036c1eb131e6cc4f3bad3e",461593764
"32040dd7b8edfbe331773288",615487185
"3206523e850b5b5fbce567a3",925359597
"320ff6c0320674fd278f6fc7",596828986
"3214488a8fa9cf8b3dae877a",654605324
"32161228e9c502d2c21beaa3",508870658
"322bad590ae06fb48f80c533",458921870
"32354bff9df0267a5e139156",537376392
"32366fe92222b329e3d03b29",767199881
"32421841f7eeda76160d7959",510013510
"3247399a31df838ec5fe58c5",760182538
"32474481a0f8af34a4edfec9",527484126
"3256c6c6f30aea9cc79b7283",863698249
"325ce336d3df17a078db5166",491512872
"326a82671272d893ce699476",644949151
"3279efb86571efde18eeebef",543852421
"3289958459cd87f24089cd14",466340422
"32915b77ca68000ba9eed6d8",541606084
"32a10e550bf7095627d17da3",508914740
"32a555016892e7a74d231545",631100169
"32b678be83da2a07b37f3012",442703492
"32bdf33933c29b1cbf89539c",606782809
"32c1f617f2b1f537ef703712",824384330
"32c7a2d032ee21f8bbc6eccf",498446824
"32c7b848ef60432d98f415c5",707547296
"32cb6246cd94f962f780a1fa",481816585
"32ce96d8adc8e549b90b4a8b",663849572
"32d2c5f1707b00c93407a19a",524264308
"32d56542ab5486bdaf4466fc",592525318
"32d5772adbcc785ecbc2c55f",518616847
"32d5a20c542a8194a6aae965",551136442
"32dd96f4f07f67806146ec46",544781339
"32e182242a654ac03a8f3ea8",459039951
"32e6518755191bef743b28f6",648914287
"32ea7e13e8d9391aa9b7ab9e",457058113
"32ecec7d5c47d02969368779",592488818
"32f3364ac1fabdd13db1cfe5",469749305
"32fbc0f1934f7325a404a2eb",675395929
"33043b254b9085fc82ee1f7f",486020343
"3307731f3bc518012912f1b3",671948315
"330c37fb5065311564fd35a2",694681497
"331c515e7f0dbb4460810999",618123954
"331d54f8a1bd3dabce73d6d9",650622782
"331e915e2a66fb70380282d6",610875072
"331f0957d55d7f03df7fdc4b",857710358
"332201e2583141f3a02dcca4",677852270
"33258f995a375ca192ca4d3c",745614728
"332e395d4ce62523a2e3208e",495300800
"33305df46dc2186c7e3f727e",875860790
"3335313b9060ff29782906b6",553932578
"33379968a83c8a90c23e77dc",539074909
"333a643c623a9bc75f3a40f2",927362784
"33425419e1a8e854418c5180",452021805
"3348706086aa3db5c92259c3",497386137
"334b5b9fc68a18387ae59ebf",498745966
"33501f96ba3b02da073d586d",506113177
"33510511ff07dc7354cca7e8",495522754
"3352469ca509e8ca652fad1a",576642832
"335626f385c28e8370c207cb",570903302
"33598222854631e92fb72baa",747471107
"3360f48c1ec30dd1c3175101",506768253
"336888717766096b24215b26",613839373
"3370a48ec22302456c41ded9",507896072
"337c81be4cb14d494ca69db4",868815816
"3393fece8a6ed311ad865e66",644539196
"339bc881458ca34bdcb771da",775248609
"339ca7bc687766f517ab3274",482042894
"33a334a16c4547b9d7842c3d",669889055
"33a61cda27fadacce0d1aa7b",797261061
"33a7f6aebc3e2d480d287199",841459939
"33ab442cf58cfaa33eefb6dd",453643049
"33b702ced6de5f7ab8b29e7a",562607191
"33b92225cef255b0e4b4edf9",542823889
"33d2d1db291a13affdc209bf",548127496
"33d6b1bbab4524c3aa03756c",572608608
"33dbec39ef8c0667e4c3f039",624444312
"33ddf4e1ed8c864e9db16887",559053286
"33dfb510aae260ccefa4d349",880192849
"33e22ea4154e8f71062dba8b",560768125
"33e4901b6e72593513a02207",584755523
"33ea5de5e8f5c639a213414d",621431985
"33f1a7739cb556a78af083de",781115211
"33f4f9988387bfc237d114fa",543852421
"33f7d5aa494288cc90d60456",723609536
"34067d9b2b4e45be1e5cfa32",537503661
"340ae520163a220061bd7f28",557542782
"340c4d762f830197fdaf0977",839218280
"340d1313fc2dc8e5b6918262",679312824
"340f96c7de105aec5b7a28b9",722682613
"3413f37549869d2172b76d6e",909810031
"341c307eedfce3f735f4a63f",615246712
"342027b17940a0cc5cdbf8d9",876377503
"34291b30d129222905ffdaba",609521051
"3429c774b736cefc051e2c55",579582585
"3438e5d77044f21743e56edc",595083858
"343be18b0f77260f32ec05d2",499748866
"343f45e7d178eb780a9a9818",515926196
"34447730b60ad12f4775894d",878721692
"344823ba2777540ffa2a8fbc",716517210
"344a104d2210954497a5a388",864183808
"344be03236aed65e74b14a2f",553149644
"344f3bcc1acdba48c12f8441",634454497
"3454ab4ad567d2d22d990fec",828341893
"346c734ce163296a07526a35",573964402
"3477646f548971044f8f0494",461357957
"3477d85a434f66df58fbc094",652343816
"347a4deda03bfdde6d1c163d",562601592
"347d5081f7bd36c8edc1f352",666989437
"3487768de3a13b7ee3df0254",754550120
"34896afec0b639648c527483",684718961
"34926bd7f9880e277e75a447",604899319
"349602317da0e456d88fe24f",843460294
"349768047d470d2fa6ff1930",797392529
"34993717af3f861b9735df6e",522368002
"349fa9cfa15d8f8bdcbe863a",868924795
"34a9e3ca94ac06347d879942",652536637
"34bca71dc9c74a2072f11e9f",637497670
"34bcfc2f0cefad790922879e",705939188
"34bd7be0761ab3d43da7a81c",544671355
"34c84d0a410920c303ba69f8",508591133
"34c92caf68dd0cec9fc383ef",875191782
"34d1394dbb483e55d1cc2da5",461898521
"34dd15023216e187daaf5a07",761104651
"34e5602cb58501859e32dc9f",639875333
"34f0542a538cee9f3624d897",453607063
"34f220a8ee1f24bcc5790364",555588580
"34f4df9fce2ec05633d0cbd1",524519040
"34f99327fe595ba6e32d89a1",692335694
"3503f56e09e639be4762ff2d",768432393
"3507f260c3c6e195fc444533",503703621
"35114fa32397272437e67a54",509486303
"351701c5d1b821253e2c8c42",475108195
"351a3e1b62cd51d46913a8eb",870014874
"35255f80583ffbd504250554",630220213
"3528df61a44a9895248336c9",551519705
"352a76b301243d22d1b31f79",528452901
"353207faab3dcf10feaac8ee",783141852
"35352b370a31d01748616b01",818950137
"353743db4334fee80ac08d0b",757626393
"35381d7a5b25317d7588ce77",627196054
"3548fa5ad26ba2ea999380a0",505875239
"354e2de1e3a81a63e7fae4bf",623774510
"355d1fb69bcb4e8e8ed9ba1a",665826830
"35616923c84423b44d1d1438",863600200
"356712646865d98127b92a57",629649338
"356815b8ffc300fe03073b7a",582594255
"3569024b3ae4865240973e6d",462316471
"3573093e56e95a982a41879c",837065852
"3578144f12e13e98e8cb2480",510779236
"357e2add3d68167a4f3ce15e",652000404
"357e58ef96c53f39e267b80c",864706441
"357e653c4bea02df1b08c62a",733396478
"357fda0abf79ec95f73e3584",523819464
"3580dcbd0a6d7d6d3546dad6",576531184
"358e1287e24c3c4fb353315b",600841072
"358e85ba765ddde3ac31be33",457058113
"358eb586d9649d20dca9bfcd",769454311
"35984f749eeb84eaf938bb08",809480756
"359f6a66a407e30b40979d2c",697356024
"35a39cf33d16f8f5ff75fd6c",591218081
"35ae7661d8191507cf9e7cdf",571493259
"35b03ab66c19ba2049ddb9a4",487144356
"35b1cd8020e7efbb9ba5adde",818157087
"35b789e1d63f8f25980d21a1",854105597
"35bc25d0f9de2ed4f714fc8c",615994403
"35c7a7c0ace36f4b95423c4c",458968760
"35cb50346289f0590dd24d83",748874841
"35ce37bbecac6b164fa21e6c",520798960
"35d79b2ac92083bc439124ac",472702350
"35dc60a65969b264ab283d6d",518323632
"35dedbaace193598c9c438a7",477144209
"35e0cac576415a4e61acec80",864706441
"35e55d060b1c4239a85c0ebb",491218165
"35ed4187f732a1ea68dce712",615994403
"35ef99962cd5984ca87bd326",636185990
"35f69c7a9870ac62735d7639",464880704
"35fca2d53ed17ea7637c528a",683340366
"360be0df2c003005e3db080e",897170374
"360e5cc9ee1282e5a6ea17dc",697462102
"3611c89dc71078cd0aefd2cd",583715930
"361715cb422c5fcd9125d5e6",497216601
"361ccd7f37ada9c07ffcf71c",817755910
"362212de783981c9ddb767bb",479322287
"363c96b85cf07dacbb10b92e",482746909
"364256d0881131148655e006",748458571
"36445c32822146606f75dfdb",720631022
"364b8b8759e3c408c4005021",507293650
"365a227184022e99f1d2a816",794635092
"36753a5e31b0edb1eecb8bcc",557827538
"3676e34e4824101f3fd9aa2c",684407019
"3676f63aa0ab23ca7cd344b7",540769087
"3679e1844a35c0c87fffefeb",574781447
"367bc4fef78a9800f8616d02",493771583
"367cd12d7f4aa93124047eb9",541606084
"368e740cb71b9175fe5b7b6a",875860790
"368eddd8b6d39bcc7124a41e",542031767
"368f7a70a62962bf31ec9583",897170374
"3697e556be961a16a621f3e5",485284011
"369e9e64898ea16b7ffefb7c",625942785
"36a0a1f0432c954604825b6e",607766943
"36a11817b32bc24eda6ec8eb",482533908
"36aa7d0cbfe40adf3c86a134",610405388
"36ab522893b5f01caea4cd0d",585779455
"36bec92975612d091a3c78b1",601908106
"36c0d26b83e575a500a6c30c",553804301
"36c2cae6de0add92f32d29f4",740503051
"36cd68fc3ffab79fcaa340ab",479058537
"36d5003f0b5ec7f80e89262d",796803195
"36eb8139a5ca1b8459eb52c1",619792108
"36f85981124e858c157f83df",583778710
"36f9a0ea831710344f468bba",482488379
"36fab4c38cdd91de650e6abd",709827683
"36fd9fc1f1d9b2e10c1c6463",510013510
"36ffb5566bc35fbce9e42679",482533908
"37050aba3553f3869d59f809",824864627
"37063e689732880621e4e733",807553143
"370a0d0da794efd58cab251d",757571533
"3710ec95af4702c45f165279",622057616
"371a0ee537001f7a9d58465a",777277202
"371b5ecf08973fc6e6849d14",580563554
"37227e66adec69299f853e51",588612428
"372a3934e8179422b5cf5729",715117937
"372d67ccb9d251e290891f0a",457058113
"3747996611a842c452865a9c",706029672
"374ca1a16b8eba42b35374ac",597618321
"375419559910484b17782b47",916526972
"3771c66b9ecd6db0b201d4c4",486073810
"3786baf40b31a20f3bf3aa80",600416299
"3786daeec4a4fb40ef07d8e5",671510241
"3787f6da3e961c0e10d30e6d",904685387
"378d846a7af35e0c3efe53a9",748798100
"378e6374da00b72bcd7920df",567811572
"379429ee3675d1adbf816cc5",549402960
"379c4fce87557848548b0944",492340529
"379fcab709c66fa146d3491f",698844075
"37ac1ae3a7e2a3319eafbb58",530762996
"37b8e8a194e4f2fed7ddcd96",451668987
"37cf2c5c1c6fb6e601d2f76e",457224868
"37d12acc69d0e3e92420e62d",757436125
"37d39cb7d3849a784497ed0d",668142192
"37d5a902f1036cf3d80c275b",586035343
"37d5b8f329ed1ec29d4bc035",549550856
"37dba4927e327d3a4a0c1d36",584514185
"37e009a57645b845b1673b8b",550066560
"37e0fe114a3c7406daa57443",723362002
"37e28ed39a51956880d211af",851593803
"37e696957da15625da71146e",562475071
"37efd3e2a5b6567957c62081",605136572
"37f39916813a58b844e17833",579700453
"37fc4ce5dfff7faba6bebf8c",723618865
"38026eb43ff9876cd5767ac3",511311326
"38029a1aa22c0a5beb065edb",837065852
"3804d5b313b742228ef0f1d8",893294847
"380759598c614cbe10ae4bfc",759426835
"380ae516dd46442f97acfe14",594200952
"38117bca778373247df86e14",515926196
"3825ce5030d951ef0fc2f7c5",460024607
"38328747d2e1e0e568c05523",648610861
"383af3a5794a0ec3efe78b2f",545985491
"383b3198861942064a63184a",527675950
"383c0948aac71636973507f4",612246584
"38410183814a757520143737",757277846
"385488342bff3d3587250c84",805574151
"385fcde12021f4bbae6ac2fa",503203255
"385fee7bd9ad7722d45dd034",511774997
"3865974fbc1b412f24c47eaf",910322812
"386ad1ba1cada9649f3415c0",828997228
"386ee01c3f7bd8bdb91181ad",637080651
"387af5fb4b4a7f5c3fdcce57",662687246
"387f18b1f01b1aae536752e5",588631896
"3882da646752a82db088c614",526885160
"388a6dbda422f886e503e685",905511092
"3897d9b5fe3a0cfaed7c18a6",505867271
"3898683e5d24bab9eea24d30",662883760
"38a0fcb41f0dbe8b0ef7af8f",689844334
"38a1e2050dcab9b4c70c5e83",516535109
"38b424cb0e54f0f7f2745781",606782809
"38b87cf007043b76670207d8",900563893
"38cbcd7f88c1520fa083af9a",818224734
"38cccc333e2c38bd608e1880",594717292
"38d4b1837c595b6d9a23e994",862224609
"38d5b9319bc16bae99fe73b9",638261556
"38d6842c2807d54f386bdb5c",880137472
"38d6c2a9beac610279bc110f",527491273
"38dbf1b9c5963e9c3d008340",747807380
"38e84c560b0455548ce186e4",471814588
"38e8630f2c05ea38e2257c21",596828986
"38faca2d6e338d328428f986",528452901
"390107256faa08574d7231d2",782295382
"39124b1ec419566a371af8d4",816326877
"3917b95a3d05a5e58c117f68",496543574
"3918fa99179953461fe07f2a",859385649
"391a98a344e894c6397d62f3",465939914
"391cfff759030283411dfe1a",503359969
"3920eb3f72b96fcb58ef778a",480335424
"3921d7b508fa1591d40802d4",481137103
"39222ab30001b3cf45b7de65",480758850
"3923f0e655615aa6b52721b8",687924873
"3929df6d73b3ba01bc018476",506805953
"392abbc83cfacfe87c401e27",613151694
"39351adf139f820864dfe8f4",842356844
"39377d0d271da03ad85c7bd1",549356752
"393d99ca47315ae98fe9e7c8",942179097
"393e2e7ea1f20eb6b4148d60",629649338
"3943b64f9550a575f15d6d29",835746854
"394718d9d069a126e13be804",631683722
"3951171501fc51e2d830cc82",907783966
"39542105a7c46ded0cc373a7",748798100
"39579c195f288da8d77f5ce9",831945994
"3958d0cb732f3d623764be54",510744098
"395c34e4b8f52cbdb0522459",595919488
"395e3718423aeac3d40494a7",585382179
"395fbdeb9f0c0586a2b20edc",492982557
"396761edaa353e0828949bbb",499655351
"396c8060d9767b4debf2a54c",625672532
"3977cf1326ff502251f78f66",623992241
"397a7d1cfb809e34797f2bb4",648781589
"397d0f6319465fd7fea6f710",831407081
"397d4e490eb2db8a1b18051b",542031767
"398274b1c46fd88151420c6e",512002399
"398a67970cee5dc873d71bbc",841793955
"398c195aa41ace34a16b0d7b",680428527
"3991b04509fa61b36a8f7d2a",725427330
"39940234a26e7264b464450b",583715930
"3997c10ceccd2f8c8e43cda0",878721692
"39a12600317b58457f68b5b8",476789153
"39af71aaea23b5c1e987de32",506661198
"39b62c6fca161b80bc6726c4",862402901
"39bc028f3b42d9ea48808ad0",478646432
"39be6f994f2cd3d68b51126c",681204165
"39c1613acc0ba4fe622c1f31",781204553
"39c6bd862f908b7e8088f0dd",592040442
"39c70622597e64c4821d0731",749664148
"39dee9b1661292cdda6c4823",593480706
"39e306be57a992bcc75e089a",473165892
"39e4765ae5c8284e1f3f618b",644526943
"39ef085809bc80e32e7b6af6",883283900
"39ef4fb2a43fa3bba15a0b16",627382477
"39f70d6b68b22668a0631f37",601906946
"39f9f736d802b166ed688224",907445320
"3a00543fb00cbc044a5b3527",456967639
"3a103803cf9cf0451582d89f",451944077
"3a10398b72905bd710ffe9e1",665826830
"3a26efe201689493724ba464",561486325
"3a276f0df8c12422e14107c5",856064628
"3a28bf9841e6a9d3f1bc293a",859549336
"3a2a2df4f07902b04b809125",762233424
"3a2cacbd3b4f9a23514b1433",757358008
"3a2e95f5eddda4df84b2e2b3",502732406
"3a2f110334251e97abe3583f",517226621
"3a36f59d7c0e6c4eb85ca0cd",828356776
"3a384d68b7ddab45e01b6e99",691707630
"3a3ce11d981d0893ec732e22",629649338
"3a40bebb521445fcd32cf033",692148114
"3a413637f3108ddf7bd53bcc",557542782
"3a488b9e24d9b8fc7c222e20",483710957
"3a50d40f15b1cf5bfb338092",465763134
"3a513410a390c75fc14b0b3b",527258265
"3a53919313bd750f2b1af906",882465575
"3a576586fa1aac85c2ffb75b",932199839
"3a6262eed8967d695182e435",585580848
"3a810dc80d3a63f8cf106717",621325587
"3a878d44356885ea61bd882b",551629958
"3a8a506c99ede47ae2257e87",617127221
"3a8b7b9048c82797fb01a8a1",748795355
"3a99197868ce338c738a3b20",634980606
"3a9b2ef74c59e96a6b107357",497418734
"3a9c7ec02f3e7e419669fee2",457058113
"3ab2ed6d140698cfa41f2e3f",519173445
"3abe8f334f0f20f8006ca5d6",513264678
"3ac517f74dbf8cdc8feadfe8",554640091
"3ac77ed776aa4630c7293240",636889241
"3ad3c519ced4b63ddbfdb0a1",469066606
"3ad457c8855ab8921a7974c7",746184578
"3adadd50e603746e5e4fc082",648183864
"3adca5eeda4939a5ea11444b",612943438
"3adcc2c662c8c7c9db5f0982",600312431
"3aee70815bcf6effcf0e5fdf",705939188
"3af2a1ec9efa6884a8254d28",598575410
"3af3a702988bfa0599727982",680404025
"3af4b54bb5ee5fcff80f1e53",497601174
"3b05e06aa0bc40b9db16416e",492340529
"3b0b0bb06d95c5ea1aed2d95",482214364
"3b14b48188fdbb0917414039",543419468
"3b16ff50ec7fa717efbd62ab",605301540
"3b185e3e31f7f5e6a1b3193c",573658149
"3b224cf6107d815a2e78996c",686096962
"3b23a71bf40e800a66bdeab2",458812533
"3b29177e99201cf4eaae612a",864792060
"3b2936127f5a4684a1d3de22",756498158
"3b2fa7905fd8fcb3e11ebcf2",809536286
"3b368c10d243f6bc9c027061",471879410
"3b380c563ed2505b7630feaa",889344707
"3b39471f854357b7e5d2853f",792477877
"3b3e423e248b23090a2897ee",594905404
"3b43e7acfab46651b099b1ed",733699973
"3b4b303bbeece313f92cb85e",784787218
"3b4ce006ef95420847da20b9",553149644
"3b4e889562e4078f8f369172",495329191
"3b51828a1e891f3a52a4653c",614403645
"3b52bd5eee5ef8e3871dcb3d",872008669
"3b54ab53b6e3453e333a0939",463946569
"3b5a5d6536a9fd24f02e8ba0",458732500
"3b6c37e7e6ff1c03ee4fe995",609980618
"3b6c94e3e3684eac73b3e7f6",942187088
"3b6cedd9966332f0722208cf",473831999
"3b6d88f864f6c1759f957c73",846824308
"3b739666f401ca6b2135652c",866782181
"3b758c26283c2f11251bfb89",800374973
"3b7ddf527979726fb8aa1683",485044206
"3b7fd4008e14e394dd09a0e9",905511092
"3b823e81c5378ee3c977e863",556902565
"3b8302dabc47048245acc09f",767199881
"3b98c8e46cf8477a1968244f",497897568
"3b9971f91bbe4b8dcc704ba0",756498158
"3ba644c7be754c21e3cc48ee",759213754
"3ba6b07e752fa580f630eb8f",815433258
"3ba769d65f02217656e0f5b5",699525290
"3baeb28cb33d048bcd6e42cf",437484512
"3bb15c6313ee70bf4d88f4e0",674204973
"3bb987adb4ff573ef09b8c12",514109782
"3bc1d407f7e7c8e67f7dd27c",756921982
"3bc68bc2d6a2b81f9e3b9a50",528469750
"3bc80c56871193dd782696d3",512411154
"3bdce823d3b96e8f0170d96d",601731342
"3bdd7be0b5e18d266189d991",614442652
"3be69554b1cb31ed5732a836",609521051
"3bed16373c8ae820187e3d5a",683449303
"3bee8a9981a1e9e13a05cafd",612571391
"3bf1bea2a835d7fd11e47ce8",499829748
"3bfccc757ef82ff2774f2db9",940994765
"3c0b438c7a4fcbfaff9f678e",793636990
"3c1b1f86087f9b99380e387c",742957785
"3c1b7a0a306e16e8c22d78c9",806136144
"3c1ee7e502c6bfb20873b47c",571987160
"3c268e9119b8027f78f91954",556944240
"3c26b2954be250bfe239db68",465553822
"3c2a535f1df831771b859a86",510772409
"3c2f62f464aa5c48c470bff2",737845493
"3c35c8993bb937164ae4a880",694655541
"3c38153bc36b364b92548965",608215709
"3c3a0f57e030472879f454d8",628119665
"3c3c7861a9727bedf5e3cb29",636889241
"3c3cc027fb179e91a46f11f4",527829903
"3c45bf3e3e31e7804ac91704",550036720
"3c4c18326318a7207b589dbd",482149040
"3c6092e8458ee81aed0db0a3",572792174
"3c660885ddd7e98ba5ea26a1",851646243
"3c6d485d7b01ddd6147746c2",561623670
"3c753ecb3a4f8ce43077a6c1",818245362
"3c840c206546c20b3e53d4fa",587790213
"3c86651d9bbfbb335f15b544",602213207
"3c877a0fbe08cda958ff8f46",786749694
"3c8eaefb3f5dd8d4c9f5386c",623654584
"3c95dcc4bc3788b4cd5602d5",615472050
"3c9e3b97db788dcd10acf0e1",494369512
"3ca0e7723afebbf53e390297",875119491
"3ca34fa833e6ba10cb4b1944",530762996
"3ca74495aa9adbd533ccfb96",837065852
"3ca7f183cc0b303e5d455309",875785340
"3caab5e89722761d5ab2498a",530931074
"3cb1773d90dc240c4ffed5c4",744271423
"3cc722d5c764ac261611c2b0",477140501
"3cd016f68705e73b819cf74b",647662918
"3cd3537b5f9475657060cae8",940384898
"3cd5562115870363ed5d7558",733038581
"3cdee5304896e4cb9604ebe3",605632832
"3ce2c7f1ee7569e1b916cddc",542676426
"3ce50f34a7974ec17178a79f",616490396
"3ce908c9b70f349158f7d04a",645577859
"3cecc0cc43ef46670a8e69bd",544536652
"3cf9282136fad24af0f7ebb1",818884110
"3cfd9ba5c6993718c0c532ff",492189336
"3d04304c8644c81114c36f98",650270175
"3d0cc51b7a2392f3be3b1666",594159310
"3d0de71d822da8a999bb6222",524236731
"3d11a16b008c26fe43deca03",522873845
"3d141576443a97b0202c9672",894357060
"3d162a854aa05447e2cae0c0",868815816
"3d1a767dc286fe1cb86ed9f6",654604269
"3d1a8884a9687e53e5fb0bb7",577067816
"3d1deb639d94b292552a123c",537074844
"3d24d985b95a3e200a734bc2",936679491
"3d266736d0307404a5804073",554255029
"3d31144a77cb51647f3deb02",513957227
"3d3317303679a6a5a381d0ea",949478368
"3d389130627ca7bade643f47",574299246
"3d3a318662cbe218db0878e7",665826830
"3d405df6e5dd012419f43ba6",752594071
"3d43dd23536f843c2c5bd268",724807958
"3d44c742b1aa4c022a968ea2",445219880
"3d474c6a88ceb86e00f68b3a",509730673
"3d4c48167a8de8cb0e4956f6",909810031
"3d57abd322b0077efa1091df",731499623
"3d580d0df1bf9dd124c282c9",557542782
"3d5ece38670c1c96df4cfff8",631400256
"3d63320260d150d134fe8648",748028555
"3d6815fb68ce959cb95e225e",611924135
"3d6a9a4f2336a46eb62e6a47",888157598
"3d6d51ca99f2747d6b92dd19",638931076
"3d722d960b860b4bee79ae2f",569778064
"3d9856c3ee0a4b5a833c69ab",541090471
"3d997123b33373024bd2cbe1",865774391
"3da41d55a2b9f78c2b10c75d",748795355
"3da9de8f610e5c40401a5b78",634898098
"3db3b80a902c10004cd3a3d5",847566354
"3dbafa8cd5225e261ec9b6ef",468015525
"3dbb09358256bae5199e1318",619021552
"3dbf89c6e97182647bb44e69",778104228
"3dc0fa238745fbc31ba88853",473571575
"3dc8277f29d0a2406fa25ce1",539089824
"3dcdbb92628e6a200adf48e8",862781952
"3dd4fa53bc59e5852f9fee98",756709889
"3dd8085a65f24b497ea59557",764083109
"3dda25226646e1e91f4c948d",607091742
"3de5d35f742cb4eb68d5f314",694184317
"3de8187003cbf6c4813bee45",476789153
"3dea0748459a295fcbd2f0b6",553545534
"3dec1da01706b06f5d6a9266",458192178
"3df855d8893dbc62eabd95c6",659869259
"3dfd7e954d6f7f40af60bc9d",495964364
"3e040e87b89a043564f0d0a2",798757750
"3e0c656b64d39ab38201a112",487120265
"3e0ccd899ad73579898fe73c",865653300
"3e18c851788fa8724ca8b7cb",498220376
"3e1a1b2a518d3ca2fe3950b4",611315732
"3e1c2c5b0831edf78f7b7082",694354838
"3e2c1d2cba8755ffad9cff27",781922159
"3e3717eda8ec9a68c9d83027",496442315
"3e3880088f0df7c447e27840",528452901
"3e3f264cd0ac7a65ed2349a2",756002734
"3e4c1e6435ea1a9c3150aed0",515926196
"3e523ee3a6c2d89436539792",565048197
"3e6645f2cd377ba17ae2e46e",472525428
"3e66557e876a876c259c40a0",509486303
"3e7217f628a1d0fc9bc47071",597750095
"3e7f514983daa92e49a7c87a",457304638
"3e85b447edd3b23b5a0d3b79",636083560
"3e85deb0237521f1a7a8fa84",781892915
"3e874c25176a3abb336b31ac",538811477
"3e891afdcb568befebd66fe4",506716886
"3e8a4318d93b1fed4c48f48d",949988899
"3e9083411c44213130b2ece8",562171257
"3e9754a961d2cf348c9ff7af",631189456
"3e9cdf767389ee551b5349a3",565709395
"3e9d73530ff24d3f4a543091",538932088
"3ea5478270517f299b20bd06",789355518
"3ea6e8da2cb0bf83872dfd8c",556902565
"3eb79541c2ce9413d2c54736",606782809
"3eb97ecf8069775b9104af85",914247144
"3ec50faceb434f716d73613c",831836139
"3ecdb7a7d178b48361340ea9",592395396
"3edc0e70e7cf6a21be2f0d53",457058113
"3ee3ee47bfa21462a1fd455d",548059643
"3ee9cfee7b0acd482672ed47",694681497
"3ef167ca6c4ac77f6968d17d",631100169
"3ef8fee6a5cf42827d8bf562",882839627
"3f081fb77ad08f8370569bf9",508518377
"3f0c845deec1c24472a35efd",916929812
"3f208f32cc24d8ce1506ed90",591860367
"3f226452520ee8f04e306bb9",878721692
"3f295e6c14e23cff1468bf82",666847304
"3f2c18ea5d8e9a25adca4c42",800784560
"3f35c44229ba13940d8a705d",891797367
"3f370094239ab6fc817e9ec0",864103762
"3f39a260b81dd7de1dff2b31",607034374
"3f39b25dedb96409dc9d1947",936679491
"3f418a8bcc7adfa87e0f67dd",615855160
"3f4272a3a4b14ce152fc3abb",508316796
"3f438d6202cfd4527bd8f983",549369840
"3f45ed2f08a2b03b738fbb5e",484471269
"3f4c2c98a5a6cb78d7d26327",458529750
"3f54091296f773f5a1bb240b",868790388
"3f5a0cbba1433e9b6588dd73",582626612
"3f6b2f0c0876c21755369cb6",649038811
"3f6c05c97778fbdc86304bf4",703886671
"3f6eba5c365508ac192f2b82",504647846
"3f6effb8881ea683838437be",746595113
"3f7c5d8304fc650bf97247ee",695192034
"3f87d08afecc4aba03587848",862402901
"3f895518a7fccca44e534578",506661198
"3f97341f90b11e6a7a7f7c2c",588795250
"3f9a3edf25152433969f98e9",590723119
"3f9e95762d2f2056e9716039",613151694
"3fa0d9e247f28968a5bf8476",511365356
"3fa4ef366575bc72ca5a0582",922906194
"3fb3a581a9a74146dcf9b71f",522364076
"3fbc0746bd620a0baabbd859",563127668
"3fc7a0f9c30978f24d688fb7",745279572
"3fc826461ec4648e4f7877da",607958554
"3fcacd1cf9770a2724a5fb01",614270177
"3fcc5ff04edf753621d6cbb6",688523106
"3fdfa23ac43d1df0503ccf1e",725642992
"3fea10126c0c651f02de7167",599754754
"3fed1dd17fcfbd2b86e73143",501490836
"3fee486268a1451a7b9fff7c",607091742
"3ff2a2fd905d81f0422c54b2",509885895
"3ff6e77706eae698f86eec29",755265482
"3ff7b739ce65f0b3066806ba",864678215
"3ff9e75c6de41de517d1c4a4",457058113
"3ffefb3f453c54585fa6ef22",786921452
"4002635ca8b087877ad22d5b",785655089
"400a103762ad652e81c8d3c6",612949958
"401f0de98764e9fdd4055406",480824560
"4029115038a899d98dc93d3a",640209035
"402f18888d480f5af146daab",557528452
"4032d6a6a13399797a794ab7",570612775
"4034cb3cb77e9cb39cc98fc5",616544144
"4034cd9a70d18fe0c883a0fa",499503287
"40355fef059659469e16e3ec",511054925
"404364fe956884368e2f8300",615958608
"4045e30cced205e8c5b2373c",543510787
"4046ebeeb7ab85affcfe337c",822932462
"4049086139009c35dfebb3ab",459039951
"40525fc425906c9485f1ddfc",477470793
"40558b62d83e4362efe1fe26",512630019
"4056182cbd8c12cd87ad9e84",588048423
"4057a676e7012fd37af9c3b1",557690427
"405baee61afa4b08dc25e586",880769247
"405bc08707001684d19f6edd",618753818
"405fec98d5a3c8981173311c",592040164
"4066155e224520530ce985eb",511145474
"4066da904062a0041a809b02",484536188
"40713332e88c6d3a393c8b2a",466922315
"40768729f2697b87ed6519d1",716016054
"407e4196114b64578beac143",580407817
"4083248d3d2f2bbf9589b971",855150070
"40871d7ade3e592560d0b3e3",549402960
"4090c1b86074c8e769cc72fd",558826499
"4091a115125eb4a67f494620",591218081
"409cb370961c60bacbdf7416",469749305
"409eb9b8f2ba87ca299a7f6d",475686255
"40a1cefb3cbb7e2972e30d97",500146000
"40a53a3f3d49f7905966295f",828781807
"40a561bf79fa7a08155e1183",632128983
"40a65310ce666e80a9611d4c",610981076
"40aad45bb7a980c9c5e1884e",649038811
"40aaf6665b489033ba0e55b5",900589224
"40b20b5a3a986802d64f7675",559256498
"40c2ea5f89f5b77cc09d1455",575477432
"40c74dec061500aaa78f78b7",570662908
"40c9f947e826f89c6ff3f898",485882326
"40ce7321869b706210eda9da",605021320
"40d04ff9c405cccfc82ed5a5",478425841
"40d3f1f00de86e74e0304bd1",614336887
"40d5384e2e8f8fef2032928a",485142847
"40d9a852bbed67a6036c6d8b",590253209
"40db880aba8951909e6e4ef6",751368603
"40dd67aeb6e9979211c9345d",794046056
"40e56beaf4a7f28f8108b132",465192100
"40e9ef1e7c6749b7a8d04ea9",519233560
"40eb0c78da8b51b53548d914",770733015
"40eefaf8c26b8b4736308bf7",694681497
"40ef1682158d0c3cd07f484b",950406446
"40efc0dc313284d3b57492f9",537545613
"40f301afabee5be092ba20ad",779234064
"40fd167916ff071afdc44792",885255360
"41037a3f8625082544979179",554841746
"410e5af026805ec8088f2e71",735795915
"4116cde03803e63a3e87e847",934053980
"41227dc9c9948a5f0688e426",581901094
"4122eca7b73c1347a7814a70",644768006
"412e7b9e1de3df8c3dbcf198",591326288
"41353584f956b9e316c6c67d",587698794
"41376f69b086937257387f1d",876416128
"413d6e4fb772beff60f73e2b",687594080
"41454361857cf70c44e1f5ac",658600354
"41479709513815cf5fc1eac9",698467703
"415622d0f7adb1a9f7009a63",458529750
"415b68c7a5cfb073676c443b",532797318
"415e1faab81016a460db7a0b",536000798
"4163b665043ed27d7bf26c00",504764158
"4167fdc804227ed43224a32c",902923356
"41719542347401b04dfbaa59",631881411
"417e974a3f0d97e502e49800",943228080
"4184fd9a546823ff1fea0b74",629907358
"41877a677d1856bf609515fe",614314884
"4188712d431ba996cd59fbe5",487416409
"419398139a3aa2ca2be3f941",607868880
"4195a9d13c0a526d7cc959f8",586453294
"4195fdfe50e42e9981fa2f4f",543580093
"4199eaa19ddf8ac436bb2ba3",910122993
"419a2f823e87ab67b1311bee",830701482
"419ce7158ed62eb6897cf09e",510614386
"41a269c661f20e443a7a25f6",683340366
"41abd8a2cbca609cf868f227",575266665
"41ac76d4fa450fe0c377a0e5",469749305
"41ae9d3d280d4eebe510606a",635059376
"41d174db6f695472063ceef3",633599443
"41d2864e1f73e29f222c61e0",673445261
"41d3afc1118758b5314db48e",583601237
"41df29e27c0bbb52aa8ffe49",625001752
"41f33deb9990562def18c917",592259989
"41f99600339a7afc8e386e6e",591774060
"41fc4ca2b3f48508d840bbb1",474733456
"4202dc3f8255586e1ccfff46",533955424
"420b03095062d9571144a276",681890744
"421db6a58670e53f563eb9ad",613612932
"4224e69acf9fb071d4cab498",819810295
"422e994aaca85628ff759004",606112286
"423ddbfe2f575e6bcb22e7b8",696187009
"424b41f5e01ea2e2ccd3ca48",547917207
"424bb491c71e913e900db76f",718069418
"42525c57e13abbfafe9bb395",939396054
"42556b1bae874a5c09777873",950406446
"4255eae670033d9c9e9a6e3c",744896976
"428f4bc76d4cd315ba8f89e9",458030619
"429460d5f5c5381e945cf449",882330256
"429b049255a7edf227a980a1",494539792
"42a73bad238f2d3f5e376044",502734945
"42aa1e6f6b8220a63fe165b2",755967134
"42aaf6521fdf1dc9bc50f88e",499493095
"42ac33321bb1920fe2a78036",631400256
"42b3b56289972176c20c4990",508721487
"42b5ebbca90572b9cea79177",557827538
"42b6cf2a5225dc62342d3a20",724138174
"42c282041583e6e2090b50f2",864660660
"42cde300d741cb134a529031",483452584
"42d34ca2252acaf6e777d23b",898539725
"42d42ad031a2c62be9b5cdca",607145393
"42d91ed3f3615247f57ebecc",896283970
"42defcc69fa22e4c858f3c24",822779022
"42f05e5d4862d653efda75c0",647069622
"42f1a529f5ff3a6371dccea5",653680762
"42f38b1b2dc077c88a746c1e",548474017
"42fa0158217c9cb820f2a06b",626699511
"42fc4101da60fdb41f41f0a4",861539778
"42fc6a80b882c32f6264ac10",511528986
"430112bf4fa9324f0149a879",622182964
"43041a793a13a4171f22e492",603937207
"43059ceabe98412315566838",741926131
"430c46358b85ad4a741c7187",464946820
"4310c7a552b20afd46f930d9",650270175
"4317746d5b88142780e6897c",622539518
"43228eaa1230dc0f7f1473df",495964364
"43272151f217feab78190393",604909715
"432f082ac51bb0d39ce45b0c",821063118
"4336ff9b2dc1d97ac8f9694a",481378136
"4340fcb9c80733260565c24b",785478617
"4345863fe83682f6091d8a77",479058537
"434782c3d1dc2b9ce7bcbbd9",761104651
"4347966ceb1770f758cb6e37",845374899
"4347bf26ecd61ebc7a16b4a3",664336980
"4349d6bfd5a518fcb231cb3f",701506442
"434ff40bff8fad0962ec07e4",568584426
"4354c1b6b27a87c451ddaf36",455828985
"43600371d44fbbc81f6b6fa3",481708610
"436089e2bf605d00849691e8",845781485
"43650eb8b70dfa256ca64979",729407831
"436fd4dce2ff0f71232f4b6c",508027027
"437167a9db41b677da7d5a7d",506661198
"439004dc23f97a878ebf371a",647044511
"4394a27b21889bf78927ddf8",507318605
"43969367322e86c68b51c2fa",501425200
"4396f94f7f3c403c43d3ede9",613410228
"43a2ceffa8ed90bc1a43255f",473184054
"43a3fbb8218e73b956ca50fe",820589665
"43a91a731e86b9a0784f717d",698467703
"43b10ad2660d7552ab6c3b10",629241585
"43b2fb09efd1593a94b61b4c",600099991
"43b5b5a9a1615eba48ab8b66",499707695
"43c22bfa9a14df7b0126c12e",478812886
"43c88f1874dc7f91c899df36",783960127
"43d1fb0646562c3f1dd6fefa",564447576
"43d7b77a99e86e8bd21a19ff",903320217
"43e11f10650837933261fa7e",606910598
"43e59f5312e304fc21c1e052",837264474
"43eeb2567c61bfbb059fcd4e",669072460
"43fd6b5cb01d05c9b1db0e65",587332063
"43fefda5a3b0781578d9f2d3",715119117
"440cd2efd45c019c7151902d",835201520
"442c6bda79f63bae28674b1e",532398027
"4433060d0fa95ae1382f2de1",485628002
"44394e66504a4d77587ee105",706029672
"44412a9e16b2824c4a520a72",573215659
"4443407341bec8b7b0af40b4",797392529
"444c68a7a6cd0b794768d5af",615689872
"444f102b4d54503044154ff5",553149644
"44551251fe345b31ed71aa5b",494369512
"445e241d8bfaceb149609d6a",498645898
"445fa7f5e8e9d7f12e8991d4",846514838
"446138cfd3749c0b6715b0c3",911859170
"44672de0d6d9d0cb3b4ae938",581901094
"44760087930212643641eeb4",884292694
"447dd594fdadb1b12ab32e6c",575477432
"447f51e37fda773ab748814b",647299601
"448ad01af4c5cfba3feeab26",885581586
"448ad6cf4b43298a39c7b5e6",561560732
"448d159391c38e4ffcc405b4",512379945
"44916ca9b874075f55949f87",647701223
"4491bda913188aad3c66ef20",841402052
"4499adb2aa3aee94d1f1a1b3",936679491
"449cddc4dc3ef1e93b7f7c26",505787085
"44a587fc89d6b6489157ff49",896503182
"44b623f7fca1a306560172ac",545653747
"44b6382d9195ceb3f12d4939",796275089
"44c8131b88accb3b46b79ba5",462984278
"44cdcca08e1e66a1496fac6a",582987439
"44d596fa36e3992208292ade",613839373
"44e4574527acc86977f5bc41",476956853
"44e9224b9735235fc7271672",469342826
"44effc9574c74ea4ad98ede4",663848145
"44f0e088fee626993778e7fb",634869806
"44f5380847c175a42becfcdb",894049064
"44f77a86369d6607753adc09",554317746
"44f8d5ab70828e06198579f3",664389386
"44fab96fa2ea501e0b94548d",932722260
"44ff213b9cfb3604b7e4b66f",592729361
"4502e2809bb5bd47b2781212",803967416
"450c4eff7e37a271fc24ce3b",576976671
"4514844d15690b7331fdb6cb",806611689
"451744cf3ce55a98db8a3562",559090500
"4520ceed2e5fe3458850a805",934438130
"45269f56121b796d0392e2da",864294505
"4526cb4a2b8238dcc4e496e3",755958928
"452ae373210337b8008ea2a3",919621606
"452e0518f7164287e47e6354",528043829
"453202a234f5b370ae9e586f",649991919
"453ef603a66a34f17ae22227",772377627
"454e4126257189bcce9b681b",831836139
"45550aa81c0151f1fd9fd8fe",829620385
"456243bb3fab3e74df21b5a0",533005932
"4565bcc95c54bf0c8d376eb0",790216976
"4570a3ca0571c70657b4a1c6",585037280
"45750daec6238508791d0d4c",659058845
"4577c1623c8407e95e893e63",597402710
"4582ec985de48290c5f1f5e1",520270573
"4583a6b01449530079415768",885581586
"45917f1bac415feac7e41124",467021943
"45969f25857aa7263927b400",830434223
"459963742bbaadbd9db97723",639462082
"45a033d121ca5afef24161ba",559314537
"45a7517c4d29f5bc7787dedf",696822869
"45a8f6d942533794501d775d",605301540
"45aa335dae223bccb31ff7cc",639841682
"45abee1de734dc32936d0b1d",599754754
"45ac018012e7dd91d41a5876",525087943
"45ae1e929b0fc88718151191",466333678
"45ae8ffacfd00fb4a4f53d0f",879653519
"45b894a8b028be29ed137f1e",942187088
"45badd183bb1a4c630174f3a",561560732
"45ccde79aee811756030903d",755922121
"45dd7eee4488e88d71d46783",864792967
"45e2395bee937c187e3486e2",650622782
"45e2411d38589a2d85774c5f",706765290
"45e92799de1a5334c3d2d72f",509739521
"45ee2db87e9ca0a1a9faf050",623507639
"45f18e0bb676d2495a227dfb",516300416
"45f24dd99d362f49c0adb875",517226621
"45fc0d46c7a4df7ff6976fce",832187836
"46136f5f078dd31170c58e64",748858326
"4615a8a7af9d7cefc7fe4c4a",856484324
"46161effff173111bb6c3a32",868790388
"461749398bbd48d69b444d7b",492992170
"4623317e8c9044e314ccc4e8",722696052
"4625168852b335b223a05bb3",635232502
"462c7546b358b00e617ce012",607679054
"462ced9cfb28550c160e5664",746184578
"4630a9af58fb79c0008e5fa1",574605999
"4632f1e8fc93e268ddeba07b",557517628
"464039bbcabc650d659f6683",544396589
"464864b367e16547fe319229",606782809
"46529f0455fd35b2f4a489d0",519233560
"4662aa1c44351dfe271e3a9d",835950399
"46673c69814a0b3f25818dee",833235260
"466c542d7825d36d18a86486",650077537
"466d4240af2cfd09a31cf3ff",569352164
"4670d21fa84e40184f03d5de",452531828
"4672d1c9c3b04fcc87a0ae9b",742941266
"4673ef4fa28aabb0fe61043b",457058113
"468df200fa490e667bfaa31d",656990827
"46941e09b153ec19f86c0c2a",932265159
"469b33a6f153ec334b6123d7",472233426
"46a2a88ef09b2aab932ea02a",590152798
"46a7d0f520dd1e78c0cbce0f",664389386
"46aa67b5e0abe39dae442d76",501504519
"46c34a4e5987c20eb1f5ff99",557542782
"46c42803286c800351fe633b",546335464
"46cf5b18fd7bac0d3332d70a",780221946
"46d0544f411bbfb6b452858c",590910576
"46d34fc9a8edcc199a537b30",911859170
"46d4b0cdc81137aa56f516df",885169297
"46d77c92811f0c87d2d4907d",719104701
"46d8bb3e9a0ca584d3c7a317",561875315
"46dcddfc78444011abd29870",589775039
"46de3fbec5bc6c0e256e7751",560242691
"46e7860100b0c09a6a475b9e",585517152
"46eeb8f186f86f7859274d4d",838238899
"46f0731f62232b32eb733dc3",608882694
"46fb04e7578da5741f6da4b8",555216958
"46fcc0d53b263beae95b8eb9",937415215
"46ff039321805b51870c64f2",753508422
"47051c25acf866250b5d3ec4",680789663
"4718488d664194a3c0c5b446",613323854
"471b5135fced50f7cb4197e2",555598200
"471bd64a0576aa67f494eb98",880309012
"471d6fb8037049e1e4d120a7",872548463
"4721d06c49413558bda1fb68",505078273
"472601b5b5719855ae3528af",787520658
"47344a66471fa51f61c64652",688840188
"473a59415b6214218a15e363",756498158
"473cb30713e88ecf782651fd",756744459
"4769743185eaeb0e4158e0e0",556668163
"47720fb9e2586dced75db114",540769087
"478ac408d2a5c603aa23cbd5",819419757
"478e13e8c1cb5bc80f1080e0",704632505
"4794d9994512f01a4bbb6c48",611122443
"479b2c9c12602551bbd0212a",501993101
"47a3c63f65a9794384c655dc",667629815
"47b5804ba1a998c3e7544092",596486383
"47bed52dee0d311ae0016b08",547827009
"47bf8d322af3c13e8868ed0a",588817138
"47c2934aaa5934c68dcb9e51",884843224
"47d252717c4bcae3e1ff19e4",664389386
"47d288f8f9227013424d6976",467290974
"47d7ba800f164f397fcafa9d",575943875
"47e0c773f65485ab7c78d49f",509066387
"47e282cb12ae01243d713178",486940126
"47e5ea8cb7f5ab6703803690",635059376
"47e6a61fd652a3dd37556ddf",653337311
"47f7065118bcd4c3878e50fc",568107137
"47fe78f6299f757b231be10e",672340330
"480041bbef3a540df2a36ea2",572470519
"4803a3aedb6c20eb194469c1",644052023
"480aa7fe286f4aa31f56d4b9",757277846
"48107a1dd2a3b027637f250a",608215709
"481492907baba4574d4a6f35",910122993
"48299e52748ecff3b69f7a90",613318847
"482c7150c7555cb35558398c",914265558
"482f57e65a3f4c6792775a05",487829752
"48378a6148532f71abcc2f98",757277846
"4845ca0d30483b36bfa55061",841913895
"484922bbe02cb218ced0e779",488295856
"484cde8e47fbf62a339c8219",543852421
"485cd615660dda11586f797c",665820206
"48740edcbe275bed3c82efed",722802309
"487ede1f7f155194b69c531a",481130486
"48815b454dfb64fe60e2cde4",645857444
"4883f7ce7086ba9c8ddd4315",585130770
"488cdcddd0938ad0205ab8f0",952962622
"4890edc33a555cbbac71795c",678884211
"4893b21db2d6aa4417e1cd1d",728362816
"48976c41de22ddaea3f8c296",576020169
"489fca3e6dc044412d00cca1",830073587
"48a20e676a060954308c9ecf",509070140
"48aa146a36aba8a0270a8a1d",878721692
"48b1f800656bcae6a9e70802",585369952
"48b270a493af4fa28dab9211",516560095
"48b34600046c903f0ae4e6d1",730285343
"48b9efef82faf72bcbdf66b2",705939188
"48bee96c1f65b8e283d67483",463540596
"48c346042d9cb826a3714466",505686924
"48d3b0ef6e5f999bb90fbfc1",584546500
"48de5d43e88caea594ccd27c",680956609
"48df432642971a97d3d4bd45",569371799
"48e687093fb26d29cda9ad6e",456967639
"48e71c45f41778f8dca24cf5",579582585
"48ebc3d79e01061c926066ba",453643049
"48f1c6e343a4724ed865533b",915087633
"48f9e9a87e7fc0a678460e05",783213653
"4902ccbe8456d3f0a29e5059",553637935
"490b89e972abd7e64b5ba6c2",706029672
"4911a6285f548dd30c8061e3",538555197
"4911d01ea0a4505d5db5bb2d",590598171
"4911f8879e5bc9c27ac13bb1",480438153
"4912c91afa6e4aff6ffdc6a8",875379015
"493367258be5d63dc8db97d1",888157598
"494580f4974c33d7ce0cdb28",911859170
"4954ce465ba712543bdf34fb",482199067
"4957e0b129c5caf47b026c58",647821330
"495aa774f4db66db6df30e93",534676926
"495b6e61d1b887f8b4c1bcbf",459039951
"495eeef459e80680720a0ec8",459773319
"4962650cfa3decf487ccbd0c",844876222
"496ce19c015093e97144d375",539489987
"496fd5c93b2a578d970ed55f",483131092
"49721aafec7123f6ff4d8010",597636220
"49737c7682eff2513869b3f7",737353549
"4977af03eebca1aa266289e2",636715664
"498d632cf0868a8e641cecb2",468696095
"498de85ba30cb01e9c686081",536269329
"4993d1487d78cd9ae2c23619",862781952
"499f6f4997474415f0bd596f",836676150
"49a0715897795017ee0de843",558330067
"49a2d111903c77053d44573f",514731239
"49a4cebdb22fc2d72bd1aa78",495445418
"49ad389014995f0187edf726",588557151
"49b59d19432dbeb8921e57b8",647476063
"49bb5311607e4c7600caa03b",549356752
"49bdf0f970af03d83a57dcff",652536637
"49cc8164d94a2afe8b750af4",496886114
"49ce19caa1325233d0de331e",759507340
"49d020d2056717c2108b0927",702627887
"49d42ab711abd95fb5947c0d",746105588
"49d6752dd196e7dd583baf44",477140501
"49d9cb2bcc98d69222b03165",824052839
"49dbaf0bcca86f32f86e641e",907783966
"49e531941384af389b0aff59",458539853
"49f0323d28ef0610248c87c0",769681297
"49fb2771ea6c1e8950cc9a57",598338802
"4a016eba4744dd01954f137f",444225890
"4a119b1bbf04b4bd6051c5b1",649227615
"4a20d03d09fb9d0ee5565ec9",574880449
"4a2ae08359e1ecd39b43afbc",591599046
"4a33d213841d2af537aa967a",719654820
"4a3a6698b5490216e8f8e6f5",934359726
"4a3d0390e005fa5b4c9403f4",939645520
"4a3defc2b7d2cd751c9c970e",842443360
"4a4fe76c58f5735ce6b018aa",636677975
"4a5405b1e181f5b10fec35a6",739635311
"4a611bd82c9216a3771ca7b6",660943700
"4a629aaf60a113402834c042",895307374
"4a7156189e1f06b0fe87a7fc",557542782
"4a73dad0ff8a5262e8b07c4b",787236753
"4a7ecb05c9886bc35f6b9160",642865121
"4a809b3987cff0290c1df8fc",517226621
"4a80ffd8e908a3291a32fb6d",810095580
"4a81bdc14b5bcc4c84f5ce4b",497812286
"4a85c36fb854e922936b57fa",481727357
"4a8acae29064919c68fc8600",575849957
"4a8eaccbde5a4a6747818d29",629561301
"4a9e2358d64df916e2cfa213",557722919
"4aaf6763c105ddf2a6eddbfe",483052864
"4abef5720fd889512ecff70a",734235771
"4ac4fbcacef08524ccbf3623",469140582
"4addcabbe23020d3d0d46ac6",551629958
"4ae10e7fec364242c88e511b",591840953
"4ae6d75b10848d259ecba576",638879896
"4ae7dd50c6b743bd47340f20",610816517
"4aebacb9ecd0a117307c7841",830082307
"4af83eb7718f5823ae69fe47",650270175
"4afa3a1b63c076123e7a5279",942120761
"4b04e0296820d04421db5219",507701946
"4b068c79664179605b145a15",637224693
"4b092d4d5885cc224f6775e9",472794227
"4b0ac2ce45d7ee385ca369a2",674096453
"4b0fba692104472b36c38c3d",643479649
"4b193d78ea6e3740bf37b36a",513376559
"4b30968cdae59b4ef3298f19",864800481
"4b38595746dcb78fbb459781",597133030
"4b3a6baf8196a59bac8c08c0",520977933
"4b45cba0d601f29c2b7db97a",787692188
"4b52ebb0f0a8878def4170c9",654388914
"4b6fb9b705d80ff350bd620e",468981846
"4b75f2b374e8674e8b55eceb",861883715
"4b82eef445edeae7a55fd019",579779286
"4b8d7217da1b1f225f254914",786542614
"4b905620f76873355d317dc1",600519095
"4b92ca1cee4739104e620871",954432529
"4ba19ab08d1fe7f72d0dd37a",612017696
"4ba65b1fb8d8ab0a914b0b8c",605021320
"4ba85374c1d1f1d3f4632ca1",464767362
"4baceaad0b0081bdaa37473c",781892915
"4bad47078442f3416b2c1ff4",474733456
"4bad966abb5e8c4121ec69fc",616252512
"4baf1bfced8e85013eca94b9",809536286
"4bb0666c55d174e0280482a0",588282745
"4bb5265c6e63449e5fbaa270",805917458
"4bc1e2cf5e5ffcbe1020df08",635574196
"4bc3f597867c6844e9b47fc9",499707695
"4bd031478b15017efd41b2bf",888915242
"4bd0a354d75759510ab6bb46",726697060
"4bd30aa3e2b4aa077ae27490",576683832
"4bdff22689954e5b1e575d30",597781240
"4be510fa977b93e34a789f26",549402960
"4be6d93d8ae1375156444f05",496205884
"4becfb041b0439429f2cffb4",521580625
"4bf02d040efe5358d4a5940a",834833846
"4bf284e6ba81bcaa21a437fd",666801578
"4bf620c6c6d4c916bea70e81",746142878
"4bf70f19da0bddec9241d310",515926196
"4bf89c9e50c5417ed669c481",592852469
"4c00508300f40d74c79f2596",604264167
"4c03afca943c3f2484b8db6f",499829748
"4c0892a39011cc6a37fc1145",549957203
"4c0f9275581b5572635613a1",517498353
"4c11f4ebc622483532c24a06",611268247
"4c14547b7e02e75204ca9f4a",585386053
"4c243fc50d5511a1288bdc0f",530390506
"4c25d939eb3ec218403dc4ce",701775941
"4c2b14bfeacd87b878cbcc92",745157942
"4c3865a97f5877090e7a9649",619872429
"4c3a2b3e3d5999f747ae0d53",829832646
"4c40683e401dae89f6537ab0",583345111
"4c59acda820b7b75823fa277",572037611
"4c5b79f3656501fce2e2178d",565256292
"4c5d3dd8802acb9ee22ab912",759288909
"4c79f17573007a39bb2b4b7b",818557966
"4c7e7cfb286d82aa96356fb5",762630988
"4c8ca73cb51a58933de61f0b",744519414
"4c90ce573f1d61d11294d05c",847151028
"4c94103d4366bcaaee4b550f",795876646
"4c9dc4494a3428435457f575",470776353
"4c9e6812520f4aea4ce435ae",686096849
"4c9f3af11fa91e729384580c",782118950
"4ca66e564ed478d06c471357",596134487
"4caab3951bd6cb6dc71ac8a0",598990600
"4cac81eebdeb45eb0e8aa5fe",536551785
"4caf356c110a50c6c94f3eab",767169353
"4cb11f32806c0e07b4251984",571981942
"4cb59b46927df31150830d5e",557230142
"4cb5e4aa83c476a5b71d77ce",839013706
"4cb9319ff5adaa62386b713b",665826830
"4cbc74a93e33f7b4812e1a7c",535960328
"4cbe75a162b076c4c454dfe9",553176053
"4cc8c95dee29e43463a8dfd9",557165933
"4cc968db25c2cf03991c0041",679181633
"4cd5338bcf246ebf263baa35",452022925
"4cdaece5d1dd4e089a99f47b",512834334
"4cdbcefc434b48ba3d51a498",865141636
"4ce0fcf14266d144c82f8d4b",573080454
"4cea8ea969dcc433fcb59d96",649048223
"4cfd1be6a93641b110fcaf67",465659382
"4d069f925100b6cad0b657b8",479058537
"4d0985935e1432b3916d45be",668078567
"4d09c2354c67243c968dbbcb",502346274
"4d09ece928ffac7e7d270bd8",473417176
"4d0cf77f8cfcada2265ac585",458111534
"4d1b0315b5aaf21bac150d96",574677185
"4d1f49443787c874ba19f968",918990870
"4d20f253940a4492b4f6a9f0",558420894
"4d2ec23fff8eb502a9d93353",733699973
"4d35e00e86a9d508d82ea90a",466570465
"4d3a66e028dc8f3e9ad9e9cf",816538064
"4d3d887d2236c2f897f3bbd4",464933381
"4d3f5e7ecf4d361d7eb55f5e",605021320
"4d418d0079828e244dbaff5a",559248917
"4d45fbe5a5d39188b5eccbfe",628583311
"4d485ae48974213b1594c905",773600264
"4d592a67596afbca92d26bcb",689844334
"4d60db10157fd0b5eab9a23f",561927627
"4d666967b74ccdf5b04e9787",538390084
"4d69f7c7e0e837879abbdf78",518936165
"4d743a1250f7d91e2782708e",607426596
"4d852bd93332172bfb081aff",815090077
"4d85bbc09ae56cd85a8f87c6",513957227
"4d882ac2b82569f74aa08824",465789834
"4d8b338266822739bc9c8fc9",866624721
"4d8deb43d663fb079262708f",784841540
"4d8e365b35a6b8ebe6d7a15f",589775039
"4d94a2295f612b96264a0db8",522368002
"4da8ef54252a92d9cc62c174",757180801
"4da93e7126354a474d435a4a",800548269
"4dacc190eae91b059dacbb00",904474986
"4daf52564456895ca7f4429c",611315732
"4db632fdebc000c9e64a589b",609671535
"4db834146c4e73b515d510ce",510409484
"4db8d32011163bc4fe01d02e",541862510
"4db8d529af9f718e6d81a85d",462108476
"4dcaaac494053749f30875fa",862224609
"4dd3d1288ccb66ee4fb9c097",873844888
"4df222356df121a41adadda7",460024607
"4df3717406f9852284576caa",552055578
"4e01f07ee4b1241360de460e",936679491
"4e0b1df5e05ac505c701f519",487232134
"4e0b293ec3d5eda7d9fcf8b6",586789837
"4e104916ab915cf3c0bef846",841913895
"4e134600155a64783b3f8c3e",654604269
"4e1b5798dcbed1842f260b17",697344701
"4e1bfbbd8689a95fc97fabdd",516593475
"4e25bad08182b79f5ba9639b",850450129
"4e27458d179a469435d02ff4",632660954
"4e327acca2e033c3fb305c5d",582880276
"4e3cce6b581e74879c2dbc4f",459996936
"4e47d2c8ccf9929ad9c84544",580957516
"4e4abc111c07656e5bbdb0ee",629427578
"4e613cde51f9760d3c051562",784787218
"4e665d479b3bf2e25cd463a2",786489305
"4e6f695bcd4d3c0d8497c1fd",870646097
"4e78cffaea2008f3919ba0ae",513000394
"4e78d095988a92642a1bd18c",549034239
"4e7d3cbe3c62123fa7e2d969",684567541
"4e84c5953b493be7ca96103a",629427578
"4e878e99ad2fc34400381c3d",696254278
"4e8cdb49a2bdf68ad8d12625",665826830
"4e9acf6e9f80f65178766740",767199881
"4e9f1e21c855f1166428fbdd",471871659
"4ea46b833575642ecb2ed1cf",453643049
"4ec02a406caf200b700f5c62",585203872
"4ec06163d39f96baebe11bd3",512046449
"4ec0aee1b202642d2739068b",702988896
"4ec4683fcf928d9fb33eb7b9",643310765
"4ec47b8100d224499ec608e8",748798100
"4ec5ab39cae4afc3b0e69438",911859170
"4ec741bc6ab20515070cf1ee",748525862
"4ecf579a5d5e70d3b4314ef7",818157087
"4ed3eb724d4e57a7b35ddf5c",605699881
"4ed5718470ffa3e5b5f40bae",514932309
"4eeafa126ac5f301cf60f9ff",465120770
"4eeb8b5347526d721092a7be",543580093
"4eff2f2297ce85a0a3964d2c",647140183
"4f076c220dad47bd9bf248a6",833763699
"4f0b2f7e4d787a108a4d2537",650570798
"4f140229175de685a0999773",502548268
"4f18341de355d2cf57a03983",506920520
"4f2ca698ff03df0c6386e48f",667629815
"4f3c7b9bc78f882f858b3d3a",452534817
"4f431d80287051ca323f2c08",745157942
"4f450ba5de4766e5ecb8a4a5",540190713
"4f480aae78aa068901ee9468",494375629
"4f4e3350c429c6afc0bb0094",718374563
"4f4f7d2b14079ddf8754d6ad",613839373
"4f500afb7f7bb42189820a18",747850288
"4f5bc448658287ffb3d49b75",746906819
"4f5de1bc90694fedd216ef40",868924795
"4f65732875c007d3c1102140",517324640
"4f7d630c921cff500705ee5a",514871672
"4f8dfb8de411b8a05c55dbbb",681981490
"4f992c2a0526c0074bbcd875",501099525
"4f99b97100d003ba3a2ecd46",587291521
"4fa51848638f4437a3e31682",860708342
"4fab4e66ead1948498d2a4dd",555318073
"4fb644a95cc04f7bc6cda786",538390084
"4fc89ee51cb0e1b9d6459819",936679491
"4fcba82455866a6931590dec",826748592
"4fd7984773d2872e51574ffd",631214989
"4fd8643e1c43ce9a0c18a19e",859551216
"4fd8d01a5c3abb90ad70cbe6",564147736
"4fd907c202de4f06cade3b3b",754157615
"4fdc382b65441412fef509ad",931744521
"4fe0482ad622080f55a0460f",586251442
"4ff17c9b88aeeff105b8301c",518523861
"4ff6c53c0bcfd1d24bac7ad5",603138674
"500a3c5953f89b431184fead",593923247
"500d7c5346ca11ba934e7ca5",796080915
"501193fb57014ffbd7bf218f",621877777
"501531d637608f7098ba6242",744896976
"50160783a9a0503df5a38dee",611460364
"502154647e351af240615b98",636166295
"50287f73d47b4cc4c2e1840f",829922796
"502aca1a1097438b32eb362e",845326509
"502aff943d74cd4cbb976dcc",761104651
"503a04e079773a04f2abe075",633538346
"503f33d11f75b6b5102ba4ad",492345998
"5045ba9a65b4bce4fd305f82",718565324
"50563038c05963223b459beb",725145232
"505740f7746e0154932dbdc0",482796183
"505f3d545ce83d0c848f828d",633527785
"506763d35b04358fb0e967ff",684407019
"506b653545eebba4c8821588",950406446
"506d4cc6613a07c313a12de4",676217350
"506f2b1ff3e4e7e43a5596f2",682970027
"50857161c59b991304f5c55c",673445261
"508bfd077c80b6cdfc5a10e1",742020037
"5098115b26f2473c812b70ed",715086787
"50b2bb276e598c9cfdb42b0b",631100169
"50b619ba3e0b2a4c6512bc97",551136442
"50c123baa5783185ddbe29c6",650104548
"50cb0ad562ab5ef4e06f84ed",629427578
"50cb49d65d04a5d166f96e3c",497252369
"50cb893af4ad0e21a69f05d5",588817138
"50d8333064f0560cbe549f89",580684126
"50db9d168354ea3d75a03a6f",573644693
"50de04936770f874e1eb86c2",510403837
"50eeed30ba674cb079689afb",551368427
"50f8068603edac10c87411ec",461833241
"50fe589dea73e764b7735938",464946820
"5102f4786cc032e24781c7ab",682087874
"510c03bfb80d92d180803887",454734410
"5110c49047db23ac3aa4ace4",562641402
"5115b0da9c95559dcee9e58d",850450129
"5122b2e9638d3438434fc56b",903367698
"51230c899cea0054bb74cc44",483478772
"51273a81121232e7f30cfd1e",495767807
"512a6de80962ab797ed2bf72",925359597
"512b4ad817c387bed877b7d1",905511092
"512effa47a1c7a5420bdcd6e",464933381
"513211d9f07fd6645711ae31",503528883
"513a83ac5bfe27c5b813ce4d",579416653
"513aa9c91c245ee4be31507c",757155532
"513c6ea5a3c2c560c409eaa8",929849067
"513d0ddf1ce44ca671675fe1",910122993
"5146ecaa8b7ed507c4f30785",797392529
"514aefd8a44ca048a8088c51",846421596
"514b09016ef85b9ddc4fafb2",754982668
"51516e102f8d43a07037ed29",868170784
"5155f70c7f8978e487e71479",830434223
"51608bf64739db05c47a3bc8",585645626
"516881e914708f6ea6062ad1",612943438
"51744814dd3a7e60c0791041",712411415
"518858c561af5c13c8aef9f9",639098851
"518b37b51f824fa0fb5075d3",830701482
"5193b43c32a2bfb3aac6b2af",748798100
"51a0a1a680770b625579e25b",905511092
"51a696388218fc2e412f8806",774821168
"51a8c190ffb673d4fc27f4e1",664488350
"51ba7338f5900d8ef12206fe",635059376
"51bf7bc1c19fcd42e71f2463",592580268
"51c48d17e774d6cd84f4c355",574567021
"51c4a8b438bb0d97f712af31",607277082
"51cf2fa527c3db62914169b7",492704050
"51d1df6e1f28c40dc9074b74",917576884
"51df325f026f4cc5ed2e9a65",904451259
"51f0f76e2a8cf50ef3650901",556542071
"51f4aec91124a9a96f4c5372",735191915
"51f94ebbd6d2533862a1fdbf",666801578
"5201393754f4a5f2a476ef0e",633527785
"520415ebcdd1a4059d18e2fc",699451511
"5219c3cae1c92b52551a8571",873143686
"5219cb469fff40cd9606bad9",482488379
"521e9326a2003c7b56fc4365",846679376
"52338f4f7c8af6c649106a96",466333678
"5234aeb6d817b8ad876e50fe",564203633
"523605d1fbb75b0c5acec5f7",508309427
"52373e15e9dc1ad371a0c090",583650561
"5246f7d8023a4c178af6d10c",585709679
"524e00e537f841c13497cd52",632229731
"5271cd1cb962066407490051",866317208
"5272c50f1d8fded01f7fb0e0",613202088
"527a1c27e038e45d2d1fcd9f",501362055
"527a8fb085995119f846a5d1",752594071
"527e4b1b06637b5362c8f17d",573312887
"527e571030a7d8fbbf1a41c4",747471107
"528014ff6b7cdbfc174f4fcb",590882417
"5282c3c48495dc31359e70c6",481754766
"52864916eb1984abca41ec66",773600264
"52871480f7bdf5ac3d785630",690078455
"528a6345df87dd0db33bf822",614585253
"528a96aa31409c32bc9f1f63",891065677
"529d6599d8a64c63566a11e9",506188491
"52a438d024af0d5c38627ad0",585518216
"52b3823c59546a6ff3de4d09",489908106
"52b52aced4853a3e3d7fa058",605135143
"52b699f9900d81ae85ddc7d6",513116007
"52c1ab7484e412ccbf5d57a5",744216638
"52cec2691ff635031fce9507",489221721
"52d6c4bcb442eebdab338116",768448528
"52e5904902e4d75ad87afde7",588882866
"52e7657a539be5f36f48bed8",930087309
"52f026e670e9851b08c70542",663849572
"52f24ab479fad35c8bb5a8f6",601028213
"52fa1eb3cc7cc2f77ff98764",572030999
"52fbef3effd854b0ad0f62b1",762630988
"530a3bae5a13291c69bb8474",555095117
"530b25326f39c347a35a8caa",498855918
"5325f16558ed6d2689bcbb46",573984952
"532bf5813d7e70958f71a480",705939188
"533134592237b2748915eed8",864792060
"533363375cf2cbc50d86773c",612521647
"534466a857d28dcc598e3a49",715555448
"53462704cfc47d32492b4847",704338403
"534be635a841fe21c7a702f2",628595356
"5354a816a7da90e205448832",543566123
"535bdffc5b79d62aa6179c48",943288388
"53647abd1d1b10c9226eac73",521580625
"53688de79b052b3185fa9435",603542502
"536b5a8aea016aaa90fe744a",708605835
"536fa59adc007df763949045",760207216
"53715a484e20d6152c76fdab",666055423
"5372f93d988c3c917629f9f3",531942524
"537a9a2dd0ace0d0131722a1",649038811
"5384587ecbf956275d86e60a",470776353
"53870de54350a8cd7c13f014",694312197
"53881f29c7a6bef0ab537466",508095514
"539467d04a2b3e78c592b11b",462108476
"53973c17ea7e89fbee5e6cf4",468734892
"5399af7ea98c97b5906efe1d",692796568
"539c12d2fe8cbf950b75a0fd",483677559
"53a447ad5e011909080c0ecb",905511092
"53aa9cd32e2a6aa346d3d789",588817138
"53ab42a93b6deb152951f82f",910475327
"53b5ffa0cf0dd12e4eeb6a2a",857254811
"53bbf1d3345eabc2a8b7f5ff",662964629
"53bdf5c3cd800459acca551c",462354090
"53d33316e237830ad463a26b",490456303
"53d3e32b1dc782308e352a33",729653212
"53de17a986d62a44d7897200",513955170
"53e14e867f8b02c6043ae02a",464064337
"53e94de217ec45ad576fd83b",614202523
"53eab0ecc3ff098d55666699",893400617
"53ebe061b85f046ed12ee9c5",629816738
"53fbed4f9680917f0615ae7e",503614420
"53fd196fd0c0558ed1219329",468554652
"53fdb16ec08e794dba9a10ea",779234064
"53ffa19a09c447f3759f86f3",694681497
"54022fa49ecd9cf290aefc89",887537872
"540c4d7a79864885d73cca95",508775944
"54228579fd8812c3ea160341",674096453
"5428bf7f37a94ce9fb2dd435",555579855
"542b5322e59a3273e10dcda9",735979626
"542db19bc6b9a1366715dd7e",718300852
"54304b6117b797791d266cc0",697344701
"543822711986a454cfd764e3",911859170
"5438c2127072b47e3af428d8",781892915
"543edc342ad39b149501aaeb",459044124
"5440ee15bccc4eaf827fefa8",670101395
"54445913b2dc2d6ba35abc66",544669327
"54561e6ed5570577ea97eeeb",935724466
"545db4962e6294cc5ed07727",652536637
"5461aeb15c7f826f0ce157e8",482493478
"5464fe43eded098294d634ba",613839373
"54673ffd4971d04493a1b1c7",613574376
"5469c33200ffa87952b356d0",456770986
"546b56fbf616a6dfd1ad9d88",731499623
"546d570784c7ab8746bba80e",527608574
"5472d536d1b6b731537bb67e",525335578
"547661e79bf0c62cb8de63d1",559499096
"547c8638128424b89d602f50",755988648
"548791b5faf236b1c03b7523",714008012
"549024cda1c093c9f8bc2ea3",468091536
"54933f8b33a4fd6f031ed5be",661484575
"54952b5f463c64c605576601",494692875
"5498b3e3ca091bb81be87166",598426361
"549ebb2f616d50ca778e92cb",632974771
"54a09a85767156b072c808c8",733380286
"54aad3aa4a166d2d50df48cb",936679491
"54b474bc7cb126bfe8e6c144",627286632
"54bc553b5b8abad0ceed4d53",504285220
"54c0e5e6d368ec51f6e75c1e",668335510
"54c33befb89cc873771c3be6",893400617
"54c3eff286c62f05ebe2ba57",524245646
"54c74b36962edcc922573792",500145231
"54c9bffcdc46819f67e4b3d1",681861078
"54cdeb67ca9ea56205e4e533",830701482
"54d10cb2a44179fd4d726f1b",592757256
"54d11dce9374378326f7ac62",504514738
"54de2275006e273686ae5fac",822049005
"54ec4fd8f49c897c644ce83a",634165158
"54f16cb9563346e15b019102",506411528
"54f7aab6b91b48272a81fb47",508316796
"54fb79bb019bfd10e5481ec9",705618433
"550157aa4dae5fafc5d795b4",619021552
"550c5061428d09afa0c409f3",627882695
"55118881731616058c929b1a",878618632
"55163359d7cd910861059389",833739928
"551ca6ad1ecfc7ac21f8ef0d",651953837
"55209683056fe2f9faef7fc8",543452007
"5520cf373444931ed8630635",489216662
"552152b60bdc1ca16d2dbb71",543537319
"552217c633d2562cdcaa81bb",617990606
"5529091bcc05ba5cb2156b15",559499096
"5529d858e9c9e3e92ce8a95a",508592974
"552ab0964056c1d1d1b7398c",840584457
"552b01d72edb192663998c4b",910083920
"5531b9663c5a37a2bdd97e9a",558176248
"5537b994e85c2688fe555d5c",595766469
"5541cbe23acd6ffd4aa0d939",627315957
"554ec896fe4f9d8f2e8eabe0",747443306
"55597a7b8637f24198415ed8",675395929
"555a293dbc104e00f182fe34",576052650
"5561eab714583013b422e7d4",667629815
"556210496090b42ac10cf1b8",798162987
"55657bb933aa2ea3083e0b90",472926692
"556a39ca66e10ba3545f2234",534398431
"556cb23459a9007127b3ad46",783231182
"557e40fdc93c1824b0bed769",525207547
"558b7d06789a1c8e488c38d2",672313554
"558cb38bcb8de04588bdfa30",606045856
"558d9e4b57fbe6c7e0a09a95",784952438
"55902baa0ece72e2e8c869d6",733490350
"559fabe06aaee537322d0af8",466001954
"55a615a3b3919798d54e885f",613839373
"55a615b65a28b64d46ec63e4",484815570
"55ae7bc854658aa5fa49d368",595273961
"55b72f6c7163a9b0b3b0b262",503009674
"55bfd350162592f2571e3a0d",608159519
"55c5e58ec636586755df3dee",585447538
"55c5eeb4861e8cd71731274d",892855177
"55c7cbf5e572d2342d0d7071",666121626
"55d0225b44a81e82eea3efcf",758428809
"55d2ad80322427ee3426dceb",833419370
"55d47b5f3d0d2dd7c2bf4034",549537739
"55d4b530b881abfce2d03e56",696372382
"55e307c88e2a943acd64a9a5",602502370
"55ea155410b001104518e992",496285091
"55f0e95dc857256aec65ec1a",918973093
"55f67dd7302b68477e803399",480776724
"55f747145222c070fdd50175",677834576
"55ff644abd72eaff17d533f0",820067171
"5607cef08511dbbf3288a5bd",611507058
"560a750cb6f8683ccac4563b",649227615
"561689dc0f267cc5011ede3a",917161519
"561840990333852ace562b82",605836230
"561a262410ca91d69a58645f",907740255
"561cf254aba002fdef8258ff",601884910
"56234f11aae98489ae00a8d3",558599892
"562c7846b05072561d96698d",532130963
"56334a9db3ccc24faf138edf",740622939
"5637f3d3278ea049333afff4",511210333
"5644b84ee2edcf7267b2189c",739635311
"5648633b1f92de1ddaa7e7ab",504158684
"565fb93190cd34ac8b01f01b",664389386
"5664cfe452394ff9376bcc8b",509232048
"5666f3c36f0ce4eab2c39299",625155576
"567ca46ac91cc53e3b479547",510614386
"56807890f8587cd75893aec9",704632505
"56822f406646f93fb39d9e60",465789834
"568509a7aba60f8fe2d0cd5a",484386452
"5688288ee38f1a69894ac77a",636221200
"5694c1f689779fb5ca95686f",493053028
"56991f74ed430ed942b2d6d6",637224693
"569bb17b961fbdadf7106d56",954013213
"569e2cad5c18a5f393f80a8d",705888570
"56a7470ed14454665aaef75a",942187088
"56ae6108c1b53c649da2f6ba",619349668
"56b22bd973f94a4bfaaf6b33",591218081
"56b78bb57b2d1f064c47891f",524547670
"56b7a6da82134b135fb7de2d",757804629
"56ba332c82c36f07ba6bd271",953505519
"56bd3b61805077405af098a9",510890157
"56c2e8e14f9c6c9a9f046a08",613410228
"56c41a58ed5b9864b68fc910",547011269
"56c6bf831d3c6737e3844969",669058356
"56dd1bc39664f8e9f316851b",724326954
"56ddb54e50deaf650a25e82c",608580483
"56e3e7d822e13838ab9f85b0",623993230
"56e5afaecb2cac6293cde16d",513103427
"56f30ea777f5493139f22384",898539725
"56f72c2d672b7bc3c264f7fd",641999263
"56fc1855dc6375dee0506133",637810463
"56fe5c13f11813b82dfb04f8",664811432
"56ff1f7e81fda0c8491c354d",553149644
"5703b4ab6e77d88f751bc6e7",646330652
"5703df84eef7ca9bec5bde45",785775560
"57062f248424c47282d3da30",595455131
"5716ed7d678cc2575397174d",472506086
"5717732a654405ba208c0f5f",860611481
"571e1a8c252cd67ee0475974",839805900
"57238dca767ebf3a842c5f10",815090077
"572488a9a75f64434dca5dc5",471889902
"5724ecee1b12e888d538c1fe",613729820
"572ae40f693551547e13a196",847763272
"5731cdf8cac0b8371d786c90",746184578
"5734cd4805f5c055d36ec645",634898098
"5738bc8873b341bf92ece0db",544110004
"573bf87f57db6e037aeb94b1",719966090
"573ea1962372999346590c0f",830226045
"574b6bef16abb21fd67db401",544054618
"57551742fefae23bb32571f4",636940543
"5766f7cfab59c920081e3046",573335835
"57744cb947a923584fc6bcc4",459039951
"577b17cb350bd2a646725b6d",821063118
"5787d7c671378e596edfb58c",765339122
"57891292fbd530872cbe68b2",864103762
"5790e4cf8102dba35e184ca1",596327486
"5796e37eb1a995db5cc06eea",466157750
"57999ba0ed9089739a1f4de1",758182115
"579ee47bc31f5408314bca28",602213207
"57a5f4f83a474ae156f207ee",704632505
"57aa22792684debb8d4079dc",549356752
"57b3791f2c5acffb0097f7c4",950534642
"57b7aff18c444fa3c577b079",510936919
"57c1ed738536d177d66fc52c",905511092
"57c29184563b31f5f752c5c1",870263591
"57c63e412f3fceedd3a7e698",650270175
"57c68d470f6248d00b6719e4",679312824
"57c74f7b9bc5e33cc823439f",626021095
"57c7684f8cd8d78909711b53",491537238
"57c87ce038e4e523b4ec189b",845668067
"57cafce17dc4de3bf8a9ba90",883976619
"57d17db2cc5ce1aa889f1f50",681152043
"57d8cac189a13c180f08cd2d",485633101
"57dd353ac00d0e99abdb3733",854530484
"57deff02895d5286eda10d89",911859170
"57e5120d0b71ec6a67746a59",598331552
"57e8ea351ecd1ff0825b1324",626021095
"57eaaaf24cf82d885f0f1dff",549356752
"57ef53ecf8b709ddc05aceec",649038811
"57f4a3f6fe2e41ad97116002",544713644
"57f8a1e37c4ffb1b8cbd342a",689107737
"57fd11f829e31e198326ac98",949478368
"580452a616b4f5170eb628d0",480012962
"580d8eee8dc4b7d43cb193c7",781892915
"5814a1dd61362ded4f1d8d8d",942187088
"5814dc311aa87b24e26aceb3",910083920
"58185ef7646efa724e904f5b",615061341
"5826567e12ee3192785e36f3",885100425
"5838e86b74020a5bead56161",517439513
"583a8d8c5d7fa63125f62155",736674473
"583af1118e60e46c347ec593",910648844
"584364cece0bc4d17f0e7fac",464844875
"5844c83fecdf7e09b188c2f0",589657994
"584990ea9718bb5598495061",468734892
"5852773a80f7f1b929c7dabc",940384898
"5859ec20de4a5036292ee947",751091001
"586fde402c82c1eb5a74d634",506661198
"58708fd9e83147daf1a80c48",508826408
"587e67078115103d184970be",506661198
"588400f7829874f9de919e39",572839392
"5885faa4aac834118c5e4351",493415382
"58954e79191c62ceb1ead100",883176976
"58a3a9f44bc7846ae26413e5",626112023
"58a5dacf2f664512c2b00ea2",697320016
"58a724e8a0e05140b07539b6",759213754
"58a86bf535b4c16b50dfca06",457853806
"58ac250fa52a1ac7ce39f70f",466340422
"58b139bc16fa2731e4b76f28",605276193
"58b3ab31de2f9fdb0da0dc8d",745157942
"58b40969f1b73182cb6d30db",526883523
"58bc2b0acdb0702732894fa9",572608608
"58bc65fd2e0e4430fb353d83",831615549
"58be66aeab226c35330d57d5",526890393
"58c2b87098ad454b1fadb13a",735038285
"58c6518f9d2d0526d31e7566",464800907
"58cdc29143b85386c76bedbd",879130977
"58d24ab99d74ae4c449c90ba",634898098
"58d92e8a26589e37b7123716",549081798
"58f02c785ee9a506e899b967",758127699
"58f55e9bf743e2e3ad43c274",772701181
"5910c9b29a1025bada93a5e1",880839526
"5915093d458d4b6589e86f59",555139587
"5921ce922675f6517f8f0007",884292694
"5929c81cfde8ae068a8b822c",790388597
"592c9c45c07388359f663219",614480876
"5933c18b8cb17cc6e4ae91cf",928252234
"59374f70d5e7da97e3b8b35f",877198158
"5943151d9a76010179f6c297",558659949
"594d46a91315527995cbd807",684268446
"594d8d78af90086bf8cdf09c",645070203
"59519bb6d5d299ee0b767224",682707703
"595415e95e075b70c39d5c5d",668391160
"5960f14f2a81075fa66568f8",527126482
"5965d19a68a8414b0419bc68",822442425
"596b6f435f76058493a16cd6",922155237
"59764968800501c68631aea3",760071484
"597d3f78e2f413acabf825c0",542479733
"59805e5f4080246ac1d92b34",587600849
"5987f6171a2bcb37062ccc94",666803554
"599506739a6544839bd97b81",843437533
"5996fc90f923d6e8527097ae",518275215
"5997da918101ff14bddf20eb",524275139
"59a309a6af425b2028a2ad69",826748592
"59a3b1a44c35ed4936cf7843",650270175
"59afb00a84b4f2a9ffbf71c6",793931046
"59b271bf9e2d29ed35352f5e",553497598
"59b5fe8d4f5ae272dbaa5ba0",878721692
"59b88e154c07bb7c0ddb4e8f",801072967
"59b9a5730cc8a41bb7a1d16a",825344998
"59be3c447844f31267366cbe",497700504
"59c11d3de7153d2605cc2273",662020732
"59cb7abb39785d5263a156c3",757427251
"59cbc0e7dc6e6922feffab8f",614890262
"59db28ba77489750903261d5",544243070
"59dd396f70b8458772307895",789515937
"59e48259a076518d929f5db8",501594352
"59f9cc9b23cdea5bd4cc3ae9",652182993
"5a066d6bb65d28c2094051f6",651518448
"5a06a8b33611251b62d77e72",831882524
"5a11cc89d3b01eb87535ff1b",791861397
"5a12a15af3c0585d81ba8f5a",583279546
"5a16b30f4d580352710e92f1",673658119
"5a2624a08494481388f6daff",864356100
"5a3119efc021fd0f102ab958",513794510
"5a3625846567d06dbe4cea0a",801114176
"5a38f908d8d75c5810280e12",569571195
"5a4039f0ca12767138ae585f",510517094
"5a428139d5ce6bbd9505945c",885255360
"5a44636153b1d4a74d58513a",617319511
"5a44be6fad8878eb2c394ca9",826295314
"5a5377f2d087b7bb183783bb",527707036
"5a5a581ad5540fc82cd3c2ed",587117978
"5a6397b85f45fba27dd9311f",701553208
"5a681060eeb2fc8f1b3261da",593270898
"5a6878f8a47f1fa2fc1d600d",859841610
"5a69ebde2e113923ddbcd18d",705939188
"5a6b30b4d33e068d421bc2a1",624069876
"5a6eab133b7e95155f6a9012",466883250
"5a72e2a62121158efe59069d",508968905
"5a7b67d4c79ecd83b7ab66e9",674986202
"5a80dd0f68dc2cf9fb1b0c03",506661198
"5a82fa348f3b97e74cdd3a61",797256957
"5a83bd697db5076016c0671e",498645898
"5a84e6d2ab8db0fc60775d03",576495917
"5a8638c17d14ec4f6d447b8c",494847144
"5a8950a64b4aea4ac13dad45",866782181
"5a9892659590355b91442979",642370435
"5aa1667bc8db26bac1c72f5f",918744517
"5aa715bbe2b178ad0c9e4b08",686321938
"5aa78a2bc8ec5e2be315fbcc",893160222
"5aac1a1d5da10b76ba4b690c",898260829
"5aaed76349fc95f6c12ced7b",904474986
"5ab0b8b0d6d93c4654b5cc14",487428966
"5abb555cb9d65db8e6c28201",524944555
"5ac98c971b9293bc6a8a6aae",858515923
"5acc9d767e3117bed0fd8464",757277846
"5ad6f4091b77715b7f74587c",581030198
"5ad71b7cfd356a75021174ab",599268868
"5ade8e9c79288d511ce1fd79",648710977
"5ae03c0e33dc7d3e0e0d54a5",654648269
"5ae08e5999ca2ba0a1e2d8a7",550146719
"5ae2fec22f535ec2490174c5",469749305
"5ae3359bfe2a704de00e8801",579582585
"5af99278b1091dca9b0b0332",761104651
"5b0219cdbb8ed527aec91659",846481746
"5b0530f544da162b9a8ff772",661364609
"5b0918cab84af6fa6c464037",704632505
"5b139fdb19ff722a846d71f0",797392529
"5b146f1914acf2ae78360fec",587324320
"5b169f28ea1dc473ddf11580",453643049
"5b1902dd7768f5144ae7704c",652536637
"5b29d453bd368190e0e356c2",591702664
"5b312ebdf71ab7971f9fd2d6",584414672
"5b328b80dd844db2e946302b",505935023
"5b36bc6e78872d2ca6d3d1f9",569713975
"5b377636fe30946fff973f3d",680956609
"5b3a467a3b0feb8ed81be1b7",869250626
"5b3ba9e56e24e08e1f81e220",509417849
"5b462279f602c5b67ada82ee",575654333
"5b57258272dfd1babb29e7fb",662970212
"5b5bb8156b98eb51a58e73bd",508591133
"5b5db88fa09ecd8f4b9cef6a",493948923
"5b6f21752f3744ec6e529d74",649038811
"5b76ae185e6b41243777cb4a",476789153
"5b83b73ec31031582aabc527",469548377
"5b83d91f4d6364d3e4be1428",772701181
"5b84f5de073000ad4d4b1a04",903367698
"5b908b8abd8dd0862440c172",614992305
"5b9469c3ff6b197bfe3513cd",635959793
"5b9a21a42d5f50ed4b10581c",838194427
"5b9bae6f556700e099fedf08",526634400
"5b9ef8d6defdaf13dccc5ae9",472299128
"5ba05f67a77cebe5cda31e74",759057819
"5ba4bb943139d7930cb91650",688625601
"5ba6b4953759b45cb83512c7",783247571
"5bb87c8d49ba8ae67a659b52",767354188
"5bb9dac6e0e9409e89aa6cee",718343478
"5bba6c40aeb129c433d2c58e",616471584
"5bbc190cdc5ff3296801ac0a",509066387
"5bbc4ff9cc3ddacb39469e27",788793178
"5bbd0476c27c53e2bcaf9462",742622765
"5bc46671989de2534553ae49",544396589
"5bd24b842a67601630036d0c",768290072
"5bd59dbebb0d6fa71efa4c66",466883250
"5bdb5174517b8faa23df9587",814885746
"5bf6c1862c0bc967da2cc484",683340366
"5c02d79c59fb636ca4cbe86e",472578327
"5c0e328a04f881674ae1046e",650622782
"5c1bd88edef0a4146c871fcc",635425891
"5c1d1ee26cbde5b766cb4ca1",654604269
"5c208e5c37aad07602f7cd7f",542514868
"5c25ccfc7ae77f1d85981a79",560223443
"5c2ba5028fd94a6b9859de70",467617219
"5c372bd1e01f3243256e27ca",492340529
"5c3aaf3f75d6d3ae9b55cee6",557542782
"5c449356b8b2d7e0928cce59",672741907
"5c5039602efa36222e64108a",620325672
"5c50853824c890a5a7f0cd70",589942976
"5c535b7d92e34c0fe4b66891",557202664
"5c5963c17bafef1a1bfd5e03",839421179
"5c5ea0d8bae75e0a5c88414f",698455831
"5c60d7880850970facc54bb8",684872698
"5c6e6dae74e39d33621c7119",902134783
"5c6edbdf110bca5a66a51585",490799446
"5c77e242474e477513b60ad8",573072084
"5c789f2834a1a69aede6316c",497061760
"5c7c83526b72ced12a08e573",508809463
"5c7efb015b8ff7f108c99723",664811432
"5c802e198dc0906016741026",542031767
"5c8240a1ebf6138f81dac715",928350633
"5c8f3b7ccb4340263c255d00",527440698
"5ca0586ab7d20dce5e9ca8a0",658067673
"5cae4522fa829a1614739b64",911859170
"5cb29f5aaad14b6c33813580",526621594
"5cc0700421954934cd8dc445",582791503
"5cccf025fcc0a7d9ea01b170",468532596
"5cd742ea274b4a8832114080",571772601
"5cde1a59393643d7ed4e909b",705476145
"5cde51bd6de3759821216d5c",810255713
"5cf70a67ec25288657d6fff4",748458571
"5cfc9e48ab90da0f4e98a7ae",643347478
"5d030db414b00948ec10d18f",457224868
"5d09f2d1cc5fec761ac4372d",645577859
"5d17daf3e98cf433267d978f",788375439
"5d2200b04fde91f830478aa4",526885426
"5d2be469f69f31090769efe3",763063679
"5d2fd288d33283826210cb90",864706441
"5d34f871e5a5cb3a655a0b13",745157942
"5d42f42059617a5ca7ff3a32",567244856
"5d4a23137173c0e2288ec418",585709679
"5d507cdfb7c233cf96dc6a83",597952129
"5d54a0a596d49d9f85f1b5e8",666012675
"5d61946d53efdd9bd0af140b",824486749
"5d646ababb10f51c141e0d8a",735038285
"5d6c275d9d3326e738c875c8",834495248
"5d82060575bdb7be33e63ecb",694177366
"5d85d77a06d0f0324d15d162",756002734
"5d86154fc1769d4dccac1269",557542782
"5d86a1db39e324770ae58efa",445074511
"5d86b884df3627d93f206952",833739928
"5d91dd63b6aef851e0c78389",577470430
"5d97aad3e83e26b551c3399a",679091075
"5d9f8f380a6434096a0cd906",546335986
"5dac2d2027b6c81c1b7ee3a4",465659382
"5daf1136686fc538db40afad",500873660
"5db3d671b5aa03dc33f258dc",469820810
"5db50c50b523f3d454e94dc9",586928299
"5dba98aa20e371c3947c19b9",826752636
"5dbcb55dbba823dc31b041f6",756002734
"5dc1fd6ec7ec8c8af71e3b6b",670321063
"5dc404d1c214abd2d45b2a0a",929915914
"5dcc8f6a6854a864dcd27a87",624617886
"5de0f045039122af0052c544",788556441
"5de86bddd492f76596b17a0d",733419033
"5dead94ad2dd86dd41448994",549356752
"5dedb7b64b6ad0b514de2bfb",718069418
"5df95b44c73b249be0fc69e3",475299297
"5e0100ae728e347eedce5b14",893294847
"5e04875f99a5e4476c0b4186",540603439
"5e113e1e878da12e312cf875",950406446
"5e187b07578d582ff3d8e189",634698509
"5e18ac352e3f3119f5f9197a",834833846
"5e1cc2905f7a701f895123d8",655028535
"5e36efb290bb265d81706bd4",643456822
"5e3785bd517f4faa2bcf43d6",945104020
"5e3d7da3cfe55ad1fe609579",565808402
"5e455623c380290e0a8e4e48",506661198
"5e5ca2753a908aa1b7fe80a2",637051025
"5e5ea93675900efebecaa19a",469201451
"5e6324cfe41c3676c7d0a5da",782259551
"5e6b2661bb7ba0ce4776d483",452026163
"5e6b54654c98c2517c2e31d7",911859170
"5e72dbafa642e4f416e6f01a",630315317
"5e7ac1ffc0886c27471d1a54",592488818
"5e7e36116dbc08932f5fcbf0",675403858
"5e8b2528c1c0a5c12a476919",932114323
"5e931fda1e62fe41ff0f2ba2",565971475
"5e935d4a03c6abc86ac5adfa",893294847
"5e93ed2a9b36625c4450b5bd",605991219
"5e9e9339fe1c3a06470cf7c6",614303077
"5ea150753f8d07c71af45cd9",809609069
"5eb268b95d7b6006b064f9af",704632505
"5eb815f9023e6eb97786233f",904451259
"5ebc5cc2c1488f681cd119f2",720477475
"5ec01e911785dbd5b49b166c",495501215
"5ec12159380f4d1a85e8b0ef",523804114
"5ec3abf721e13b0d55829bba",679312824
"5ec6e033b9dcb454c57050c3",720477475
"5ecbd5b92092264f4e9101bd",567168971
"5ed1320fe84a518e267ff537",916346212
"5ed8cd2cf2c6dd5b5241d6ac",652536637
"5edc37d9746cbef8352f0fa4",558826499
"5ee020d4adc767b3b16fffdb",458164701
"5ef33cf17d4b45277edf35a1",525830356
"5efca36c25884a2822bb7a81",563223480
"5f088237d263c37e78264bba",468292127
"5f0c7a6b4f46203648a0bacc",506188491
"5f0fa37b7c5cf77e0508abd2",847353881
"5f18524e839c2987594a11a9",635467104
"5f26f33bd89fa7563ac6873f",558086304
"5f284a75ec8e9c72abc76695",775502360
"5f2df52db15d2e0ebd327a36",467214240
"5f2f7596a284915ebdb81a35",471949732
"5f39cf56c4e1bd43f61ecde4",586746019
"5f3a1ab21669ad9234d4dc63",649227615
"5f3a2a31f6d1838e0a9531fd",627574154
"5f467c6c80023b0174823d85",833216216
"5f4b0ec9c7452b888b33c3e8",513186384
"5f501c4532ade3f412359a1c",911859170
"5f52e316136696cdb56e65a5",522625776
"5f5346deedcb7cf5dcd1e9be",712102477
"5f537d233678443192d22642",904474986
"5f5856dd16c0e5131835e650",638261556
"5f6ad58df27b562db077b5ce",612101308
"5f798656baebb094a3c83793",862402901
"5f8d0a2ab1f9136de446528a",636495064
"5f9ee280509afd55d24f39b7",606782809
"5f9fa56b99677a489a9966bf",583202833
"5fa1c8237da8fc7683bc10e0",565465529
"5fa3b0993cb43d3c72c30093",705939188
"5fb76f2095eb1a5cacc2524d",511396048
"5fb9bd3aee2e1320dcbea448",482795140
"5fc0f0c4fa019b6f1b2a016d",489880232
"5fc3634e1fcc96b9215a6cd9",936562982
"5fc3de15eb0cd87be5ed2e6f",609314803
"5fc3ffb33090bf75a81aad8b",584508127
"5fc559104e0ba1112ce00f5d",724099929
"5fc77edb0e5bec0ed8e72a60",615950305
"5fcd9836a3ea537fe86d457d",557048197
"5fcf1e2ab4edf13ec844decf",729407831
"5fd213a5236154ae5206c372",903432259
"5fd3b0299c0d52e48195fbdc",499829748
"5fd89a857727753eae6632f3",524370794
"5fe25ab9cf4ea071cd6287dd",482199067
"5fe5f3c5919c0ebd57ec8e36",498681401
"5fedc401fc32ecc4d9ba7e89",459430917
"5ff696d8369101b6dc60e2ed",526883828
"6005ebd6442c62f8becdd2f5",911859170
"600dc823c42aa64f60fc3ab9",659869259
"601193433c99337fe806b158",583119331
"601310d800d88f0d387235e4",860609249
"6013b8c04f7b9fbc74ef1ec4",522624833
"601da8fc375ba0b3df3b38bc",837142807
"602abdc140c40112afc1dc98",460209246
"603c736378e07570fb985ab0",814418812
"6049fb02c166ec9b4471a7c6",633942160
"604f1b5149f770a8f370fc75",501425200
"605276b332b5e5984b83ea8d",474924795
"605e7a71eecb13b23ffca0c1",519859289
"606affed5c707249158c4b49",641673748
"606df4826416ea0f146ddf99",596656209
"60704a08df293592e4cb5719",547011269
"6079fb3769f843e99b47988a",572121448
"607ed21e896eb5ffb50d5ead",506661198
"60823c81f0b98e8a57192a9b",766771071
"608a2339d558a6cea9478756",862275343
"608b26adceba64d9ebc5486d",491456095
"608cf4f46a188cf84f853c72",484886946
"60a04215bee81d26f20cf0c3",696822869
"60a495b86d6eff1e345ecb06",483500052
"60a4f09c268e61fbbe423ff1",493629837
"60b5b0aa0c1319557cd0cc85",894296598
"60bae7a45a084f117eda823d",795492026
"60c116411ab3cca49f7f49f1",503703621
"60c71a98253b5550d773a529",639125422
"60caee98c3cc8526d16d7f44",548474017
"60d5f19c16554cc2d8e5940f",725427330
"60dd7dc49139e7816dd8b143",715695530
"60de8c37c9eb96efc432451e",917161519
"60e768892afb284b0e5042bb",608296278
"60f0df18cb4324ce5f4bf650",606645173
"610061a0e67aea7d222f08cf",877419429
"6103571d9525ded3c09668c6",466156602
"61055e6eb1910507640ce6b4",690539401
"610f192d22864016cc2df1c9",599662397
"6110b5bf07cf38c437c7ca8a",831836139
"611a369172eb6e3e2e4bdbfb",847566354
"611a3e1d63c6ce5ff8779243",587788194
"6121943254877ee48716c4e1",447803884
"6123a0dd128e45216f832e3d",674282127
"6128a8deb1f0bfbbf0d67769",650722765
"613ad83abcebf6598f0079ab",592026805
"6140125d2a94efe499a6941d",511276922
"616a5485bc7721ecfcc21c70",469997896
"61779f1bec05260cf10a0d2b",543319441
"6183257f16bce94113879745",589534638
"6184f12f3a903658f3319290",558165970
"618dede0dbd48df4fe610af1",943228080
"61953f4c9bac7cac5ddda5d9",895337502
"61974f593c799e5d5090c067",473571575
"619abd5f978b1573761be86d",577840544
"619dab52b321ab297a604185",856950152
"61a12496ac1e6f39c5ac5d3b",870646097
"61a363a73f3c93aa1775c4ff",687059641
"61b3bd442f6fc8838e2f45af",556857457
"61b9307a25be3119effbd0d2",524285009
"61ba09084039a467410aeadb",650270175
"61c3c304eb8a06b5a483efd9",737353549
"61cb98125f43429f7f93c898",797392529
"61d6969334fc63611c810e2b",638864277
"61e1e0c49f3aafee6ec9179d",765827920
"61e57e5539c40e5ffeb77997",508309427
"61e9c2375626a18bc9920c5d",543096713
"61f634438de4a10a861f42c0",510261510
"61f84e5a07f37865c31d4a07",921914613
"61fe9ea90c8a777971db8384",623455086
"61ffbbc24b30698ab8f735c0",509893534
"620e467297aed5c47e22735a",451839354
"62103a85a8ddcfbf5e40e284",915033461
"6218a5d7267f02c576e5bf16",632755143
"621c3051ef29e8da01e6bb2a",592488818
"62259b400be228a30a655a59",791826230
"622872d345b4b0d9c1b9302f",706765290
"6228854021e72af611d2e59a",613839373
"622fdba953206a65224f2c82",573072084
"62313cfe4272d263173e1ea9",727772585
"623b7d96c0fa09e50148aa7b",757712644
"623df36ea9610ed5c58dbd8b",510856927
"6240b85a47c079cd0efb077b",576020169
"6247fb0e5261d4225f6c9f1e",710778473
"6251cda3676ecbdb6555c526",561400540
"6254ee88812e303bdedb8767",950406446
"625caf4f4f56f3f6bfd3f786",481816585
"6270356f1cc3dff186d0ff4e",543977891
"6276bb8ceb13d174b8e405f0",452026163
"628b3b56449724e7d945351b",705611984
"6293e4a72b5c84782bcdbf78",651336773
"629a6122db92e378f0eab96e",725330583
"62be98264dbfd418ba21cfac",762630988
"62c017eac96743cfbb61e86b",579901439
"62c39ad30e9a26d8cf3593b4",888435250
"62cd6a29e98a5b7a5ad38050",623241220
"62d338c26b44153bb075b234",895912382
"62db5fd2a4eb831d281ba8ba",927362784
"62dc69d80cd6ea9fb7fe52db",773352756
"62e0110b1c8dda16cc7da89c",694861323
"62e376b22a4cf0d84b7f6bff",733490350
"62e9330888566f1f826e1ee7",722802309
"62ea31859e01c2f4d4e97baa",580997843
"62f022e19ce6608919eab5f9",466340422
"62f46b8989bee43db86ff589",503520084
"62f96ed5c1e5f28117949a23",476030676
"62fbacd4e172983a2a998daf",763576051
"6302477fe8172d08f3b4815f",556359525
"6302d4fff078a118c3211794",888898727
"6302e608d8f37e63f4e5cc27",471244742
"6305f02255274ab5fb6bd39c",649038811
"630f00e15cbd7826475d1509",821063118
"63131b8d125073c7dfec72f2",825650049
"63182bbbd5f94cea67de2d8b",668131268
"631e6aee6ec1f720f3c78775",591894540
"631ecfa47fe167bfaaa967e5",477144209
"631f4c509de8dd64f1c400db",743786741
"6320f26d77fcd56675db6b97",600774157
"632820af2a0477aea5ccfa1e",819370703
"6334eb4a37d102ee00c6e2a1",510801439
"6337f924f515625e7fa638a4",754831097
"633a7038a23ffaf4b3f7896d",705939188
"6361330195fa7cdc6d5c603b",680665024
"63613a9290bcd9e1bcf2786c",630498344
"63674e7ddf6f2b4d7c6d5c1b",457853806
"6367a127b452cfa27043f74f",797392529
"63698398738ebc7ccebac817",727976527
"63717ed97f95e32b2ca321f3",608801265
"63773145b1a896df26504b0d",504702610
"6388b4cfd09e2b1219268cb2",588019693
"6396667677a878ff61e1b536",507528554
"639b98d0798b5670e7bb2569",821547373
"63a25d279fc5a9e8fc1dfae3",468696095
"63a5989d0dad994a6af7734c",494900667
"63b09e45c1b7dca181491030",662615486
"63b982fab95cd17211a4a58d",561187277
"63cc884a9c5c888de176461a",649375590
"63cdd73026431f5566fe246e",571186448
"63cde4fad1be942dc5ee695d",516097460
"63cee15dc4a6808616a2c2e6",485633101
"63cf422266e7c39a6c895b3e",757023318
"63cff4b5ebb2b6528ad34cd6",789287148
"63dfd58a5c43cc7c0a468209",454203665
"63e1ff737ea11ec607ecee08",801380254
"63e73f1b8b385d89de1329c2",470561763
"63f3295df28c02953241e2a0",569371799
"63f4e57fb2cc22659e80d6fc",508038594
"63fa384ea296390350f23d7f",644768006
"640a801d503d85835eb65a42",731499623
"640e9fe41fb79ecba89d8951",821824673
"6410d336f6e61c4a81403c61",575201624
"641600a4cbb13b35dc7913e8",886361441
"641ac8f4f60ae2b9cf6add93",728687645
"641f4319c315cbb74872b8ac",502788846
"64335f6d4c1a7514377be77d",598924526
"643e13f00dfe7787a19b1254",509486303
"64593641e470908ef23b46cb",756905771
"645e1c7b799a489887086a1d",746184578
"645f3c4490ce43ed68c7df10",627315957
"6461c0a03ad3ecf2f8112759",664138545
"6463505a740324c7aa869d79",616069867
"6464d5cc161ac659dd963897",468550888
"646bb3de5a1cfe4bfb7a7ea7",911692022
"646de9441934226c2ffeff77",757277846
"64731b6eaf4fd2bb6c155013",653985865
"647ec3f486cedf045cdd3b68",526271083
"648217f4d8b5e0e65dea066c",642170821
"6483f2fcdfbd26c621a527fb",839131814
"6490a1eff73727bf62458b0c",512400025
"64955a117f2d9264eb59fa82",755300195
"649a2784beb9b821d36179af",556806426
"649cca8c83352caf7442f20a",761104651
"64a24372d58a2cf535c3aac0",801137188
"64a4528640fe492865ebc0dd",695965709
"64a9f0bf04f1c890cc6e31eb",652698997
"64adcb2941e9553ee394caee",460037646
"64b4837e4550ce39f2f85342",709038553
"64cb8fc8412c9247a5c243ce",903367698
"64d1c45a2968b0fbf0eeacaa",734008898
"64d9dff81c79a16579cef2f4",897170374
"64e3401f22d18b573ff0504a",635425891
"64e5093d6bae57e8b4298123",706230956
"64ea18085495f759116f62c9",601131241
"64ecb100d7882ddec6bafbcb",613839373
"64edef308b6a9805f0846cbc",697135185
"64eea2e9a13a8edfe8ac7027",786149249
"64f36d32a3a64853227fa69b",900985058
"64fbc9cac3f15c0f1a16f4d7",584346487
"65010e340fa495d060e32f7d",475446714
"65070c554133f2b4143fe051",637100261
"6511180e3128e083bbbb6940",837952375
"6514f355887c64136edb5595",800148867
"6517c1efabdea4c1f93078b7",452987291
"651d5cd65f80c4938deb7da4",524996771
"651d6af0968fc05584cb3d25",590450091
"652793275729ff3b69e86072",562254925
"6528ca87df8bb477f4b6b8c7",510614386
"6542b39cc8d2d13dc828772d",703886671
"654d2a3a0e02065560ba2484",513479057
"655120f80a39c19221623311",626282709
"655d6eafd78be856479767e2",747807380
"65647ca6e47eb2b9ba20058d",598896396
"6565b3281cc2d632febbb6dc",918569355
"656c13ca7a1974df58e1b826",909281522
"65766c8572b629744f00b45c",622156703
"658c0b009a09339a3f312145",708039493
"659abd72d12756ba0670f466",482127921
"659bccaa707b94f303610225",576129896
"659e9ad0f593b644071cd850",547402928
"65a626faaed9d9e3b172415d",493771583
"65a8795e7a5b88acd7a469c4",617533344
"65ac61968819927b8fd9b990",555036579
"65ae1a893abdc2eaa63d9271",822985333
"65b8c48546af394a924decbc",514163360
"65ba1feafecd7efdcf214ed2",889808163
"65ba6e178f3565a84c6ff973",871797890
"65bb6acd9be0f8d95fbc722f",650470471
"65c3e09ee6f1ef0500ca4316",735893753
"65c83da72c07b8e74bf581f5",609812457
"65d5918e826c33bb950fc008",526883523
"65e1a61d984712e76829c821",727336018
"65eaf65f8dccb8e49a93b753",798877774
"65f736c3fee3d14c31a57d1f",616365960
"65ff6cef76efb4c83ac0611e",571515079
"6601706d2133f96aecfcbfbb",569465182
"66019487c37339e9354ca999",649991919
"660eb3b40b2bcd07df8f5c3f",522536305
"660f3f9ed9a72d8875a9efcd",758590694
"6615da422a3864d415b28fe9",555197086
"661f7eaf134a5b142843368c",512464945
"662a221bbbd961c285069c49",791688279
"662a3e343a7e207ecc09d6b7",745157942
"66379c5752189c150954b4f0",470465712
"663e062b85f16c2419f8456b",638401322
"6641ef09c0bf5f3180952b30",460209246
"6645a3080e5d10779672d139",649577662
"664934c8e209352d2c79c971",574898822
"66526276a7e8da597683e8c9",639014076
"665d62a8019b27bf5ce6e6b4",546170061
"6665e5bc4774d04321d1ba9f",548151058
"6666ab486afcbc162fb560c6",815090077
"666af58bb684c2d8e7574e86",581082972
"6670cde3fbc11c263c6c3163",745157942
"667685f89a61aa2ad5c9ac7d",453981974
"6683685692e955a8ff172c89",796622875
"6687a2299f38c15598d11eef",789397370
"6689af92cae5d7c9c3e2f215",663702279
"668db5244c4d5b5c76b0b395",797392529
"668e5bdda1f4011578534f54",855972078
"66a2ec5aac8969b2be538c1c",593419521
"66a45b0aaf5f696d35f5cebb",626180079
"66a59937c54eff29ab14b474",631330788
"66b7baef9c6c3c7ad24636e1",908836015
"66bc6e56bcac9bfc4a7341d8",487428966
"66bd80fd26836fd426be5733",523007932
"66cf83769d16a4d659edba6d",827353182
"66d402a9b7d05f29282ddb00",560991353
"66d41314804d77ea0f440695",664488350
"66d8ce8e6aad18a4963275fc",562475071
"66e4f010db2febff23b4a4f5",485244614
"66e9c614882d58c022de7a2c",746184578
"66f58d9d1e1eb7e81cab24a2",650769886
"66fa7c9e82a2876216b14b1e",574144311
"6700ad4d4d7f70def59a5d59",709904781
"670583e7a2ec6e337429fbf9",943228080
"670f7dfbe2eba87e55176257",800525499
"670fe8f7b8ebe006885b2777",713845167
"67138978493b84ff42daad45",528121648
"6714f846f2fa3527641ad96c",741133263
"671603ba1f755be5d7219a01",522625776
"6720db016112cd2a4a5e0358",579949704
"67250a8950aebdbc67f7fbfa",941773708
"67308f6bb80d2a203e306104",469201451
"6732b448d2e4f32679f235ad",821063118
"6732c28a236aa1ccc0cb2c86",633904147
"673c72783eb4f9a02c511b83",789397370
"673f2b913006ee8b33e75b5e",572497954
"674c02227165e1c7189c54e4",815090077
"674c915c52b27df2c06b8bd3",585517152
"674cccf4c7772d6091166aae",788495340
"674ea6932fa9e6b7581479dc",692335694
"6750be41e08a725705256b0c",884388352
"6752fcf8f1af18d61124e32c",712310412
"6765fc17d98c08142d3d7757",902375815
"6771a8c70428fec0f21d51a1",761104651
"677c8056695a5a539dcfa3d0",459583174
"6784e116d96e03911e2a07f7",576535935
"678927546243e932b48d6058",916388846
"678a80840673787b3aa64228",716024252
"678ba0c80536dd27e385b31f",488207528
"678c70903bcb6c90e3578d6f",866537715
"678d0e011f710cefa49f6465",494553723
"67a10f161cf7215302b6ca1b",469749305
"67a7cfe6e95aa5200c064717",546092392
"67ade5109553a9d784886a46",878721692
"67af004f80b08fae38f472eb",512285582
"67bd5b20df7f2a9cf4e04358",613151694
"67c78ce1b8a64f36ddf90cf6",613839373
"67c945ee31cf1fa0a874e4a6",561486325
"67cf2149b4c214da77694088",778326324
"67dec8c47ad4de9605d56db7",596895057
"67f664c8f9250a22c10b4f67",745157942
"67f694b29bfa494bd9d9cf44",645518981
"68006626a3321fb0de032307",572702843
"68075b0ac8e779bf5e66dd3d",606998276
"6808b10f5876ca36f569a4b8",892648248
"680a71ef7ec15bd919c06320",597536716
"68181ef118970fdb1d83f030",822113765
"681e772045fbee930fcc9ff3",947559214
"6820ee22d6fafc9c030cb286",950406446
"682b38de3539b2a584446922",481456617
"682c0a5f5f3130a61b5214d8",800548269
"68340674853f0ea101e32b46",442515218
"6834b61ee23cf04daf4fb83e",639098851
"6852e8bbadc1a9f4fbcd695d",744168862
"6859481703fb0cb34c1e564d",504704499
"685982808b30597cc013e2c7",468673345
"68699eb9653684fdd3fc79b0",652536637
"6879f05563a9f0748088cc65",781892915
"687b1dd576eb7d06a08c3439",639462082
"6883fb90099426e6f3922909",524271534
"68925fb9f8f0c84fa0ffa9fb",854647930
"68939c438c34e79a317a4f3b",907705288
"68963f5f3657cb64276e3beb",830102224
"689aafdc12fd1610c2393a6c",631401565
"689b510fa99bda54284cfe7e",805924055
"689ba3a92dd7c12f1965031c",613905083
"68a00651ead62911f850cacd",506661198
"68a3f9ac977f56cd39a6a1b9",902923356
"68a7d01e50462f7506f8c8d7",527810443
"68a8b8d077a8232723bf37e9",612101308
"68b547621c25c7418cfdf5dc",670628029
"68bda8b092d5a53a35dfaf07",884698278
"68c145df0ef91fb4d14d001b",460024607
"68c319925551b9484778bb65",729079832
"68cd88b657b59f5671f59e04",464657597
"68cda50b602acb4efeb275a7",738047712
"68d35dadc6d0dea61bf4b513",498382609
"68dd15c8e9b71171348ea24b",884698278
"68de232e27aa83405b4a19b9",897003853
"68ea36e3f441cb6da8d36198",896380509
"68f431548c330f84c46174f6",866019377
"68f4e3d4355bb71db0f35a65",584710957
"68fabddb27fc928b57efcfea",554853338
"68fb3b3cc3e5b13440eb014b",950406446
"6906a20be4962df7725dda7c",864706441
"69190139558b2ef3eface18d",506844017
"691b030abfe1190802349715",457655954
"691c35e98d0d5780aa82aa06",591190926
"6920e6d7fff656d66844949a",767199881
"6921133528bd6fa3675ce8de",707054447
"692cc1c9949d35ae11412fd6",534385954
"6930d8e260fafaa5c317dc82",512379945
"69442123283ab024a911506e",882135512
"6946fb4c877f35e9215ef4be",750124699
"694b0a500f1619c4ac4c85fb",775042745
"6974d82e41437d61c627b16e",801020592
"697b6c6f7666391fc689cfb9",737358715
"698383c101fb784f8e1b1ee6",464639971
"69843aedb25a928097a22a89",508046341
"698f3f1929a2dbbc69865b65",704632505
"699095150a7f3f32c40454fe",633527785
"699412bfdab1157487c81725",831236836
"6996e88c10a94d9ee7d05357",511365356
"699ac8957d9b4eb7fcfbcc40",611871834
"699b68daa574a0f169436ccc",524322284
"699bf5460c63a4d0e4542ade",941335218
"69a1f439de0f06e1143a0006",557524033
"69acab4a6f82ae943850b9ae",609463364
"69ae1f2868fe714ad8e2f114",451842340
"69bcce6b58fc3702580d3234",822671320
"69c28dce8eeaa86605143419",902923356
"69c7e97037c747b93c33251b",758428809
"69cb0f3d422c2c78373c2e0c",893986801
"69d1e47b6bdc57512f1838a5",809957951
"69d83d8492db7ade6c37c3de",563242250
"69d9908e13bf7c8ac4c30531",491203067
"69dd957e78fcdd4d8e874acb",609297262
"69df7bc1d82d9723c70eca70",732796474
"69e663ffb4935aecb875854c",731499623
"69e6fbd4d3816c4cc37b265a",935940630
"69f59487924240bac2e75bd4",935940630
"69f7ab8608b5328f106b42e5",739982466
"69f7b81b70ea61f304ccd36d",633092939
"69fe76202cd89637a15de1d4",659869259
"6a01b6d09d516d67f4a2fb43",498724016
"6a04f8684e083eb6319b5272",628255895
"6a1024c5da689de67bdfa274",613318847
"6a112af84d5a81f3d16dfc32",855470425
"6a21be8a7a429eacb1de8c1d",748115981
"6a2ce95a8be0654f193592e5",512230067
"6a2d4d9a257fdfb2ead837a1",498845828
"6a2db40e5f210a31b2f7119e",561030219
"6a39a747417143f0cd24f3bd",900985058
"6a3f9046cfdbf4eefca3ca69",517184728
"6a42271a0b03bf9a856d1acf",649243794
"6a4f08cd04d558a56af732d9",471941903
"6a6178c4cae2e92a08b0dd0d",613151694
"6a65986cecddc5c47fbddb9e",613839373
"6a6d4f8251ff961609019ddf",488974940
"6a6d990b9b1bea0f844d3065",544669327
"6a8b9fd89b745a52703715ab",534600924
"6a9ef848f22fecb9569098c2",620517448
"6aaefcb58913bb3f49954b2d",652242727
"6ab5a87a537d2ce326c867c1",661227317
"6ab7f97fb9880e48fab16a1a",496205884
"6ac5f5f52cfeed2f0ac9d018",626713902
"6ac747618b6ca674e86cd275",468676758
"6acf9cef08906fe569c38572",680481663
"6ad1fb94accb91bbc30449c4",526118293
"6ad3e1a47d1055b55d14e091",633772171
"6ae2221c504027acfb7368e8",506196194
"6ae4843a827b36bf189a32ff",818143356
"6aebff5b1fb3a438c2c7969f",503049658
"6afa85ee6594d1c8296f04b2",598176444
"6afff7782d129021eebee968",724388762
"6b0828221f9cdf5cf39e7c15",473571575
"6b1a1afa055c15908a855e9e",605094183
"6b1c0866e6f12f7fa8de94b2",562601592
"6b23aa3ca5edd20134811cea",467983933
"6b23f191d2ccbebf9166926c",818581513
"6b2d7f88f15cbf7d998986da",649227615
"6b3411cb8c50c1498572e681",572514142
"6b44648a905e7f4c0de6c855",463313092
"6b49a668de0edbe7f8110740",729064981
"6b6c365359d20be719ce815a",650622782
"6b7219005737d8660d134ace",876170676
"6b74ef5c8ab1df614bfba866",636889241
"6b7aff233052b9bcb6b9448a",954013213
"6b8c1c7c855656b0e56f0bb6",679312824
"6b8ce573bc2ee68ace26a67f",577470430
"6b8f7074aed7ae7e6cfbb090",765614578
"6b9b9d28723c7ad176a9306e",808313164
"6b9bba3c6afa1f999a9429bd",467514508
"6b9d38e0b9a3e28e3e695be1",879132915
"6ba298925ffad32daae55385",611315732
"6bb2ac0cf2369cd8fd85bc12",587402853
"6bb760d54e5b0f54d9612a8a",803556665
"6bbb24fd1b9df3df4e939fc3",557612353
"6bbb8f89bae38eff88c89c46",523726151
"6bbf09c3bbc3e3a000cd2afb",607091742
"6bbf67d88846e94a63014eee",893294847
"6bcc29a0afc735bcf3621595",773766980
"6bd1a412c01387af8810ce57",945977780
"6bdb3153f267395eefbf588c",556657360
"6bdd97526b1a9cf10853df1b",778237438
"6be0ddd4180b5eb92908da05",464844875
"6bf86a580c8b510b7447071a",607679054
"6bff92260afd556a98d3e3a5",648629095
"6c02bbf7f6b087a1f0c8a47a",579738522
"6c07175274fba6a0dc467cbe",693045402
"6c09a3ccddc797f77d63f1bc",837065852
"6c0ac32bc8a66844197c5fb4",576509039
"6c17875f20f58b1fb211c18f",867742910
"6c21f6a3513869f93b32e9ec",846411479
"6c316d2bb84fff36bb01f14c",904451259
"6c3435048735371c36dd3892",917499503
"6c36e346957e336a33a7708d",636907022
"6c3bb7e1696df587990161b1",457763175
"6c3bc8c58ce67b8bb9f5894f",806136144
"6c568d2287dcf12b2aacd388",646869433
"6c589b7e6a3cfad34e98bd87",692983517
"6c598362e322971968739673",451294084
"6c5bbbfa3a1515e5cdec9ae1",592152516
"6c618bfe55cac120a4f1e08b",603138674
"6c679d5b6a1c1b74bf483478",786149249
"6c67b1b0991a1d79251855c3",843460294
"6c6e7af42a6ddf62b04c35fe",505457222
"6c75d7867807d942c975079f",680035409
"6c778557da9b5d99f90b1238",786921452
"6c8119e00b901efd2dd40f0b",654780427
"6c81a0b90366db9f514362b4",744271423
"6c8c5e22025ca4f450a428c3",619349668
"6c8e1cda487c9841c8d297d4",645786778
"6c8e27967ec63e6dec4bd6ac",833739928
"6c94fd185169e708a08d3535",504770005
"6ca31945172976c3a11732c6",943228080
"6caf180e36fe18078703db02",526201771
"6cb19c3e491a60bb2c166669",611315732
"6cc06c89c226a062fc46795a",465939914
"6cc0e6bfd30ed93fca2bb217",498150061
"6cc0fe8ddc318f1bbad360c5",645577859
"6cc4f32b39180bd1ec7e117b",611237221
"6cc6b0672aaccb8909f3a751",611757362
"6cc7718e834ba47a429d6874",541197129
"6cc8e22f11d382206273af23",776402721
"6cc9d912370da36c38ac2cbc",714950634
"6cd0aca2bc40d83473a39885",605632832
"6cd147720319f60ed2599361",750028973
"6cd4e68300a8bafb9d22700d",673658119
"6cd96d73fc58b1502bc6ead8",737353549
"6cda1a7622d5577c0056ba40",907000401
"6ce8991a39ec7b9883f85000",902659512
"6cf924390dd3ed4454403887",496799877
"6cfb8a07fc1100569413b33a",631100169
"6d0680692396c07afc1a260c",634710489
"6d0c5546a498fafba15f2e17",474191594
"6d11001f164d81734a82ec1d",462136181
"6d12669907d7d80d0b458a93",922566219
"6d13129db564ad15e69fd534",649227615
"6d1534800bf0ce97197efb6f",472355283
"6d21e1de9c880bfbb17350cd",688782097
"6d2328def08bae481705e20c",735038285
"6d255e0026d70dd44229a2f7",730862545
"6d2ec752890a2f1c4094044d",728566295
"6d305d6f3e3c2a53515d5f6d",801114176
"6d32649478d9d86d840969f6",623676053
"6d3e508ff42615eb78862723",569994109
"6d4a961e099de1939adc6496",877395848
"6d534e4baa1740d7839664eb",614102765
"6d592a69209ef3356e656c44",510453956
"6d5a91ae44cad7849dc4e969",783663741
"6d6aaf30227f16b2be29e79c",875860790
"6d6ad5e3ebaba1c11dec0f16",472534565
"6d76a22793aa9b571da64572",818289829
"6d7ac64b8b9f27f61fb155ec",576363426
"6d825b439d8622ab90245049",610094130
"6d848e54ee68e6d8f23b3b1a",523726151
"6d860c215908949c4ba1c536",476704023
"6d8998442d831addafbc878f",910321981
"6d8a0768adedcc1070d28390",614426325
"6d8d2ba62c52445d78f687ed",654604269
"6d90801ea8cbc12f9e2131a3",556902565
"6d9c4bf994147d8892d27f27",758195417
"6d9c89a406cf2e755d4172c5",471434175
"6db318f828d464be421eb572",562157551
"6dbb494acdc64c03742fa730",800911461
"6dbc77ad8c5c1e39f72cd2f6",826295314
"6dbfb281abaa9a6956c080d7",457058113
"6dd97377cbc262b07ea2eb99",459154304
"6ddb6863958ded0d72fcc6a9",483026340
"6dde6686bfdff12620f198d3",600099991
"6dde9af12b6597425160a47a",843112411
"6de06f867a28393a9e95c7d4",483306271
"6de3c3d53d6aee18ccdee958",574898822
"6de7bfc5e8149ebc40ec0e4b",520270573
"6dfa362ff7a0d55693793db3",791523565
"6e0140e1d667cecd155c6e23",489870600
"6e07d31b81f3fc9b9de8e1a8",862781952
"6e0d6bcb01e99fc4959d3f7f",505609915
"6e163c3a0e30e7bf1e909661",472715876
"6e1a9c8457d3ac6a57598052",649363552
"6e233ae6294318baaeebb59b",821104073
"6e26918c69487a735a639c1c",943575670
"6e2a3e49dd6434ed01eb5e71",815994484
"6e2c39fbeb5392e6aee9b644",901438439
"6e2f79cf68ac0ba2b1a6b0c4",890069999
"6e36550a6ff6fdb2711a88c1",908240044
"6e3cbbbd3f4d0578144cf021",548554379
"6e3cbc252c449fd4b758b97b",502506651
"6e426f60d25aa8a4c6f8c9e9",472228831
"6e4adafdd872a2837921276f",493548683
"6e4ce81e713a571601d861a2",565465529
"6e508fb72f189a4fa91bde58",771576980
"6e51ca1a9c2bba9fa0cbe5db",720631022
"6e537e91af0de67558bc1ee2",557208096
"6e5383a7f9a68147c2788565",775519016
"6e57de8c4ec2e42832cd4b09",652064673
"6e5ca223128fa2de422b4009",508014413
"6e606a7c8bc632ba0ba37184",494640005
"6e64677f8d730e1f9ca240d2",831615549
"6e6f7fa167c0f617f50c86cb",735979626
"6e710984bbf2662a9cc7bc4c",457058113
"6e73e42a0d2ef8d6e403112b",458961800
"6e794276348acc39751eaf47",848219245
"6e7f3a0cb6246f13656fc95c",891760324
"6e807e25b64bf0de81f51c12",884235684
"6e895a15d402ea7fcee98156",904352124
"6e8e08e09da8dc598b8a8b2b",553497598
"6e9009ad01cf466e8f8136e5",879132915
"6e9984a3c3daf63fce5cd3d6",633791294
"6e9c7f27d6b89c5f9696fae6",471952247
"6ea022e53741adac484c1798",644531366
"6ea0d50e822913d0f444d89e",666557461
"6ea18874ea84b5b4840f9b85",466828001
"6ea5fbf037ba7e5c74d7ca39",648875764
"6eabd14e55ff090e8a93c727",700767504
"6eb27e2a66d08a8a60567272",634386224
"6ebe90f7140b738b3696f086",580863644
"6ec4c88b8d3a16148e2e7348",791861397
"6ed2970ed02a3e50ac984aa1",627991670
"6ed5fa8f114431d158d35f43",492380602
"6ed772640e5a311cbfd17c31",510890157
"6edd2530070918074c8e7d07",758585459
"6ee1e976768b68cbc8008950",755030421
"6eec5b03718975e5137d5e92",660831886
"6eee8548b87c9349ce90ac2b",560393271
"6ef43ab43841696400d91859",593270898
"6ef9135481d8fc882a1a735f",592052540
"6ef9ce7a53ba3bd892e21f1b",635612003
"6eff15cd6372aeaab2e665d8",477798474
"6f01f2c67343ebb8ec717a5b",689107737
"6f060a8ee8d6d15f46289759",631229484
"6f0fcd78c473e4e04fd411c8",592052540
"6f17875bd3ecf00566dd5c1b",676127288
"6f192e6a537c1509521e1e8a",679168263
"6f293451319bae38c71b8266",594159310
"6f3041147f930cd6cd4fae05",573448503
"6f3070318ab65b867b2702f0",508027027
"6f35fcba4ffd6a58bce85892",538906468
"6f37300b1fefaaf746f53907",864377467
"6f3dd53b0935c9593a301bdc",487712931
"6f412fbb33519fdd31e741c4",523376062
"6f435cb10e5728ef45be9f29",942931827
"6f502f363fb55811478e3b88",457407605
"6f52ea8340cdd283f9a79720",610155805
"6f543782174a964402b64de4",727772585
"6f5929e67fb8da068b91096c",911859170
"6f63e4f866bda86d5c993c8d",452718923
"6f65de020f663622146b89aa",528014228
"6f68b289516faa0b7ef36a34",508062262
"6f6c83ff891e43b7c84728e0",795527286
"6f7bc7fd41ed908494d8e098",539418178
"6f7e390aa6135019dc5a828f",818409267
"6f83f14861e13af92a2b8cf9",466351560
"6f84d405f419590075610c5e",523073450
"6f8a0e8f1bce0243ea50213c",675672505
"6f8a22e4dd21f44bc6d383af",905511092
"6f953b9964d60f6a74c81226",629621999
"6f968f62a6fa4dc255397bf7",933065972
"6fa35f1af6d51d341a3165ae",611719537
"6fa5e5160d7c2bed824bc0d0",585709679
"6faf9b6c30b176e36f2f1d32",592580268
"6fb3e33e16eb81331d389ad7",493649527
"6fb4126e3ff41b8052fd0657",566376401
"6fb45859693c703fd9c812c8",520798960
"6fb9e9ac6d44d3a286f317ae",551924430
"6fc2a4f29e3b896bce631ee0",509486303
"6fca3b70ba2c68d9e0d2540f",506661198
"6fcea2c6b9e39576e10581ea",609565051
"6fd936b82bcfd3cd2451bdfa",625850480
"6fecee4b1e5f50c0b27dbba4",889496495
"6ff3186df9d15b65dae5bd17",469997896
"6ff3eaf8b5a2f16efddde1cc",607131451
"6ff848f65f2507e58cfaa231",459154304
"6fffb7958a58a73b0e16f2b2",648539234
"7002d00c9acf8b8a4a5865b6",944378931
"700a052900adbfa149dd5b6c",893294847
"701768887155444b77c4f446",520050374
"70209b9024acb3e5baa769ff",725427330
"70215712bdd8ae7585520550",496799877
"70217bd08583854329722821",741833259
"7023f5a68e1ce9cfd23fd021",469997896
"702525f05b47353c95b0905e",491874955
"7026113e0cd7b2d17f8a3459",553545534
"70298b5e8fbd66aee975ff14",635959793
"702aaf395bc78986a008d70a",605613098
"70314b0bd995a4b03c771ae7",586916231
"70463649ffbda5fdf3c10ec8",550146719
"704e5657734af93d19a0e5fa",729079832
"7055f85f7749c4646577a51a",495759143
"7057326ac489bcc17d580883",593355879
"7063abb555d919d5300af3aa",719614617
"706bddaf0b87e4f076247450",526573972
"7095d576a0b963eb340d8fdf",526883523
"70962daad7cd15ee8af564fa",811930014
"709d17b62bc95253601f243c",786975312
"70b15c2a38c404e62ad05171",504301116
"70b821bc1c7dd846a8be343c",473078789
"70baafa9789d2fcf1bc212bb",587289456
"70bec150e1d8ac537cfd90e2",844682790
"70c0a72b31dbc1b97c102c13",745995099
"70c19d59c6b9e194b6bc09fe",649363552
"70c3b086af66b0c9db4b0b96",624617886
"70c77552b1bb67a2a71c2ee1",864706441
"70cb6337c8c3f5225fa80026",830432735
"70e427235490d7d9c9239676",647447255
"70ea0403b722a1dae1ff9b18",757277846
"70ea911907d320da1f7f9c41",541329377
"70ebbf6a402f0f707b893979",598767018
"70f51b4abf26651111305b1b",830517169
"710542343cece039a279dbee",666165967
"710b0541a025b1b6a5a80c41",538811477
"711045fc099712aae3fe4d14",574567021
"7110d6374f3fc282e4f4bdb0",534722907
"711736da4f0e8282fc8c9e69",943575670
"711b570ff195fb77229deb35",851575793
"71235a69058912dec1d355a0",839700044
"71273ae563da6bbc66aa87af",470157629
"712f16cf2506710d7f2a2e8d",609671535
"7134b03f54b10f282ac34fcd",752594071
"7136cad475a0480044707984",664669498
"7148b0d9e2e1e92d41633230",801264800
"71493c81121558b8ba18c1c8",553149644
"714f90489426e80933ef31b3",613202088
"7157dafd306fa99e4c2ad233",579582585
"7158e3a6d456211d4533e246",488974940
"71590ac868415f3a185dc15c",612189751
"7169b5a3b9a796162de685cf",768448528
"71710d25975271eb32c0c8f4",460571912
"719055eed27f361071cb9eca",857190011
"719190aff81379902beb6497",903758741
"7192b9d32e4ad55f6af9e241",607968252
"719679261d84d6b93035143d",735874760
"71978c139faf2a251db6ff5e",469749305
"7198cf5aae5d0d5ba2e43b96",773600264
"71a20a4daea6d31de942b2ce",862781952
"71a3f0980cdfea0ebb869935",467316168
"71a42155184509caba01a1dc",471474725
"71a8b68f38fccf71a229df76",557973251
"71a929d79a6cccbce6ac5d79",942462610
"71aacbd62d72d3eb29a744dc",655472179
"71ab3644da08b8cb0a0b34b3",832815814
"71b1fe15c5bffb750c99f648",629085567
"71b99de83d83dd970b00f07f",822985333
"71ba2f992908a5f91f832406",620447609
"71be583d473084bc0608d066",614890262
"71d422db0c0c638e448142bc",652536637
"71dca93007d6ba45fa40eaad",613839373
"71eebcb108c4828b8bd5b84a",679622008
"71f80198e68fbba902650b1a",494900667
"71fdd2b1214b9371ef149c1c",666233109
"71fe067a5ae994180f530686",556902565
"7200e3ba2013876cdbbde972",605233093
"7202b83b651382e2630359c3",506661198
"7216c895aa047c4f405c4941",574659813
"722699e593085cdd72102baf",485708876
"722f262a44b2bb6fc05ec35a",503539462
"723078b6cbdf02c88286c596",747292737
"723655990d58df33d55009b5",887537872
"7240bbe28e950ed75637b504",526883828
"72488318dfb2181843f17c03",843918689
"724a5f9542f86cc43334d3e6",477519002
"724c854b1a991f060701d005",465659382
"72536bfda19f78d370d95f26",747807380
"7254c91fc9b51e76c6fd2a99",837065852
"72569ddc5828fc702b2fc773",842443360
"725c029b7c5807a4b0ba2bc9",705939188
"72699647b590d11ed9b2f2e8",467773601
"7272c3521b7083038ff0a690",767392255
"7279c610bda9354e1c840b0e",588795250
"728961e03bfa6e3242f06d8a",589393139
"728ce22c8db9bd0abe3f20a8",931677963
"7290697f96d8e2101089984a",591049152
"72927abf4bcd53d6907aeeda",784787218
"729f5fab1578f8cae4fca8f9",760366150
"72a47f70aa99d42320e54787",472594546
"72a66bc6d15390eb05a5c688",714349365
"72bc42a5c73e7b1f9d54c835",680789663
"72d0f19409c85dbe32cf6ec4",775079167
"72ddab9ba5f24941e4dbed6b",831276280
"72dec1e6e65f6117e10a2473",482127921
"72e4fa00e8aab44cf210251f",721997969
"72eb1af691a950fbb7e8d635",589044658
"72eb64cd02ad2a54b65083eb",935248855
"72f0540aab38ebaaf9a389f6",803556665
"72fe83366bf13a53937b7034",746184578
"730804efcdd755786bf734ff",484104672
"730b528617c2841eea5addaf",607193256
"730c7382d76a07904f559b28",504770005
"732615f6d1526ec9bd519eda",571803294
"732a3bd457d7798e1fd892f6",757277846
"7333f19416625d6f4244fe02",612101308
"733c7cdfd50db77066a67140",474424181
"7340afa659775cc18d83aa4a",749129672
"73494d52196ef9838b1be34a",705783762
"734c9446d0674b8d6545bfef",579700453
"734efe04fa6b326ae1d072e8",538368773
"734fbae84cebd50aaf71c48d",756709889
"73578b4214e2eca83b1e70ac",798792414
"735c3aff4c151dbc32f9a76b",857254811
"735deef3382aa15930482f3e",628246833
"736d25efc9e570379d32c089",839880398
"736eef4bb36681acbcc3c41b",505787085
"73786d11f1fa714aaa9f1f90",759540228
"737c83218f0e486ef4feba40",464011341
"73806685dec82cf637f19384",501287432
"738111512f5e5052927468d9",938422606
"7387e7e385063c180f05a7cb",557048197
"738e86beb569a7bf51fbe199",479229865
"739c2b9be0941e4c126d2f3a",697579572
"739de8928aab4ec77a1ecb0b",577470430
"73a23c9d154fec88d396d2a8",683682972
"73a8efbc036911954c07b91c",773600264
"73b60c9053ff8193c2dd2823",559930294
"73bcd7efb7a25587bb1c31ff",497663125
"73bde441e18a9548c034372d",623241220
"73bf75d5762e3dd30fca7b3a",785879428
"73c618d704a2e1ac2bc41954",797951182
"73d09646de4e0ab46feaceba",468472577
"73d6bb3d6ae08921a6117f5d",535746063
"73eaff92528288fdbcd61e2a",851593803
"73ec13a5687c542137eb9a41",522364076
"73ec6f4da3c277958cd2c228",903320217
"73f4074e5e09e52e0e03598f",849364932
"73fbb3e6b22b957ba6b7557c",632936296
"73fd5bc0aee47d89a160f5d1",722372140
"73ff3a6b0cf4f7ffb244507b",828178760
"73ff6ce99ba5dd8cfab0faed",526883523
"74286242739391c4eaecefbe",506716886
"742acc26686d04596ba60a34",536014072
"742da63af109164c21dd57af",590910576
"742fd57dd463c1b5cb79f63e",512584439
"7436750d73f2e56b4f29e98f",862443400
"74448f56811e9562536eff6d",809900553
"7447156f2967391975d335f0",634647847
"7450139ad1b39b2a380472fa",797261061
"7458171e4db497a4cc1365fb",845374899
"745e7f6a83b55196f231466f",835288002
"74746d24b9bd86e23338bcd9",704632505
"7478693f3e7e8963e95be8bb",457327817
"7486ef139d41d91423317e0e",549466923
"748c981380925e1247b9e64e",912561988
"74a51274abc8358d628ecfe4",759288909
"74a791baebeffcb7e7b917d0",646292750
"74af10afa02e7724eeeef108",636789601
"74b64bd536ebbcd7c30ef8fd",799666529
"74c24c5e142e5267456b24a7",627315957
"74c4f233c7f385be73168e0f",541606084
"74cca5cd08c4bbf5d0404d74",808746757
"74cd885ec200a0c21fa9e03c",586352170
"74cea4c9dc0e00dbbcff8b1d",939396054
"74d0b6e87c2045f95fd493c4",861674036
"74d8df07206df08e8f3dc232",837065852
"74dbd25d407e51337f883659",878404812
"74df03749e60c216a3e1292f",523420870
"74e15493f395fdd312d50cc8",436792273
"74e178e2398895d2288e6fcb",745157942
"74e43ea3081841278c76cda6",569465182
"74f099ca0d949c8042569d51",505686924
"74f8ffe35e8d3bc9be725d7a",524322284
"74fdeb4c56b29662f13aa8ca",819370490
"75060f295e0aba8e1224f766",503049658
"75075631f0fd84fb0ff49417",727976527
"7515b37b7ae7c62f3dafbe7d",586225960
"751795587d1396e0daa25783",558251169
"751ba0c00d4fae1078c02fb9",478609670
"7523e95fc2afaf31bcf30979",889601871
"7538c609fdd115c9dac551f4",527306574
"75392e8381e1c891377fcb29",722735542
"753b47e2a3b9fcdf9d7fd9fa",522624833
"753e74e4dbefeccf3e6b27fb",557455749
"7543d0e85e6328ebc8283d75",465763134
"7549cbd5c8003204c85ce1a5",567659338
"7557a9bc12cf0f2901c00264",856192358
"755a3e09dba04bb6ba6c9851",737695102
"755a4fb96ff2b2276836f49b",573035832
"7569fb4aaa9a52d6a525e3b0",506661198
"7573c18a79e5e3ee0610d7cc",722866676
"75801c34fb510d824a7d8366",493384764
"7586a79a0151387a1c0cd85a",673037087
"758b4df32244a51b2271a891",482927731
"758d9f47824eb74d1b486024",831899256
"758efd6f99db309c67cefb12",477183070
"759e76e38d84a4188dff5446",830196888
"75a287d87aaf6ffe7b6db546",459154304
"75a4421cced1111492d00298",557542782
"75ae43992df8ef41eaf9d98a",488168829
"75b5bb7b5ff8ebcc863fbdcc",649227615
"75c1083db5c940e626c02f53",489106328
"75c16273d3a593752446c27b",581642024
"75ce506dcb994b10497e6816",514954736
"75d3c9e0da9a24f4849f2078",470624231
"75e0815e2ba7269a10d9786f",456182964
"75e0fa8e5c83c49d3a0dea48",893349119
"75ecbc0c0e8e76bb8d734f60",758182115
"75f167e2273fbecb2c81ac0e",608043991
"75f5290d61164d42b39d9d51",511551654
"75f5aff9fa70208ddd843779",765252731
"75f6d6beb64d846d965fa9ef",746216655
"75fa60dfb737ad50073848f2",818224734
"75fd5603c4de9678627f81d9",795662150
"75fd66abeaf040fa76eae2e7",666801578
"75fdbee42ec89d428143066c",472506086
"760125efabf13246774a9f16",565981726
"7602cb1e6fef087d8ee81aac",637051025
"760a5dbccf4eb4ccc2622b77",584596641
"760f24a443eb01721c6ffea3",717580068
"760fd4c893a56a4586030772",574567021
"76167f6ca3d2c404104b77fd",678738545
"7618cb8d215425c931f47886",457647480
"761ba98d35074faee3594dbc",697320016
"7621f476bc8040270958de6e",585888796
"762374e94f17a8783a66d598",526883523
"76258b7b7e8778cd60d3435a",592176916
"762979729fb21e56a32ed14e",798162987
"762e044ce9371d7b8c7acb6f",730307469
"763206de4c26e3825b69f4c6",746078576
"7634d584c3042533942e2dc0",916914216
"7634d7acd4197594271c84d5",503528883
"7635a792e5002ab99ceef583",566729803
"7636a187e29abcbd8fad6244",459039951
"7637c251618135e082a9e2b8",735330756
"763c9a528d0f99f34e5b0031",467098804
"7641dcf512a05ca754930bed",569994109
"764da64c41700da5ee80b8c7",681343242
"764f506bb2aa1ac4de918a71",673132558
"7651626df0e2e3119b801466",735589886
"76556774906f9e12b319c232",465124916
"76558d67def95bc708039f05",935940630
"7667cd57d0bec809417c9b11",748028555
"76698030899efea431dbb81f",481727357
"766a8ff17723a5c34324576b",748795355
"766c7906cf0493736436fdea",916929812
"766d34ea891f3af53f1391ba",638488454
"767024c66d3a88bb18407b6d",671340120
"76745c2648b66151008f6399",488353318
"767ae7de1818d645a33749e2",686644967
"767cb14f03c909c595c2a731",563991093
"767ff947b16b2271f516c28d",573964402
"76846ed8b7ab36821b848f2f",648539234
"768f69f0241fe339b6f52fa2",796226456
"76974826c758eec5c255c5da",571772454
"7698775967b96e3e7bf66e6c",837952375
"76991a35e9c1b69e1616659d",545810295
"76a307d6b36b8a51115e91b2",680414594
"76a5158e1a5c1f9fae8ee882",606617437
"76ae7be5da1785c37736fdb8",884292694
"76b41682fa6953a3b20d3f27",830701482
"76b719681617ff7f28d33df3",790858853
"76b8190137ba3daa55db33a6",541114681
"76b9af8036e38d5d30ac4c7a",904451259
"76bd7a0b87bfb6d2723766ec",515350815
"76c4045b5dad9a8226e9244a",559003280
"76c510c0ad11fa67f0e9a4de",574583509
"76df3d616d8bc1de789bd83b",451668987
"76e4ebad138d50c690f0aec1",451192494
"76f50ce5f30cb96d48a69357",496442315
"7700df9486a1684157527739",510890157
"7703f868650a8252e954e457",612101308
"77069fb9fac6b61aa6a89ae3",690891686
"7712f963ee37e91abb7342e7",542917498
"7734421098413f27fae86fef",655617580
"77348acef84ef77f6a076268",557612353
"77359d0d34ba4c9d825e46ed",496161317
"7736ac030d8b587f44f7898b",626063735
"7738f18d533d0f0379e3a06d",827763011
"7742e8923a4b832e3d94f3c7",745157942
"7745863791b5cc6d49f84c8b",477027537
"7749b2b534213ec7b536372b",572636949
"7749f3bcfa8339444b0a8b7e",525207547
"774a4b48d34052a978b1180f",649227615
"775a6affce535c5a19ea5f30",756498158
"775f25d8144580541bf2746b",551088387
"77668d4325802de9d63609a9",735178304
"776d4a19fb3852fe6dcd3ddb",467383648
"776d7d1326576f07762ab3c7",725427330
"776e1192349cb7cf1579056a",864514542
"777a8d05edda0a335d89e90d",554774768
"77866048ba7b69532d0a18cc",632166629
"778ec765417db9ee48d697de",641751344
"77924a3c7880310a4822e5a7",517439513
"77a06084509952c6cfe8f501",468385363
"77a62d5e2c89da24f66a2118",767291920
"77a887ca508d924ad5203194",716407163
"77b5c9a5f534a5b80cc16d09",817608391
"77bab76414ecb20888cef7a1",876273045
"77bd7837b02bd8f2c290c9f8",471952247
"77c886207faa6965238b152c",452026163
"77c9e5e3a6d965ede708cda6",570963479
"77cd6b199ee485314bc74626",491289308
"77d6855eb6a30d268e49eb1a",541984990
"77deea164a3a622df41249f5",523668585
"77e5e0b64140fa00b0227a3b",498645898
"77fa49bcb52539888d481ab1",593446259
"77fbf1f0c35c1025ea4803e3",591326288
"7800f742ee14c4b4142f8b58",598502530
"780ae52ac9eae675f6fdb312",509305400
"780c809c52509bb4855a4efc",578680732
"7815163b8e4a54843d121dc1",745614728
"781989d4b732f961f91bc3e4",522986394
"78257e76c16db549022fbf2c",773600264
"782a6028457ec55d4fd5189e",551136442
"782b0fb8641849c2c34291e6",502032033
"783161faf2e3501c38c0aaaa",501287432
"783ecf989538582ad008fd95",798326072
"78410b0193dc989de2d24da3",642592975
"78419be95416d2991ade8be1",527794714
"7844b0b2bc65dced90a355c6",667629815
"7845cf57552577b059dd13ae",524271534
"784714647351cb6745c867b1",666165967
"784822ba0060eac9358cce22",473358667
"784b1db005d39c2f57666efb",556022272
"784f67fcb2d009d352740ed1",489609398
"784fa9e78f7cfeca4133e8ed",821298599
"785dea91d94ab384bbd6ce3e",725427330
"78682041182f01ee4db04e8e",884292694
"788c49c17df556bce0abf6ce",578427397
"789e5d19fa507823cc4c5296",910083920
"78a080fc98669c0cd9153904",729064981
"78a08f21f7d7c51ff4d5b8ac",637184650
"78a39ae05ac53535ba0fad2c",555846163
"78a7eac41dd672cd1863e3b4",577447559
"78ab6cb1f62a7e781d4c4d0a",467102517
"78b0f0bd0494fba0293eb0c3",548048018
"78b57a58368ab056c11bb0dc",628119665
"78bb43910ad6ed105610d9dd",664488350
"78beee9b7fab8600d420fd27",553636209
"78c17e6ceb87f7587364c873",507648190
"78d10967c36cbf346bd58f63",527019761
"78d727d0e61a7c8b1cf6fb1a",518552805
"78e85ca7c532a77700bfae6d",759621458
"78eb6f51d94a61a967da24f4",669178704
"78f670c0d7a26c0323281ffa",781488293
"78fbb49efe7dc0d8e144ad83",683340366
"78fd849c9429091347d7e5c9",718374563
"79005399fa92d05558fd6f6f",786939782
"7902ada9116a1cf7458933cc",868077711
"7910ac9782a1a315f68799c4",607486426
"792ac070d1a314f585f09987",475607344
"7930bb0822caea5f6451bfa6",798252727
"7930f32456e796e40fbf78ed",665826830
"79382c56606e701e44d55033",875860790
"793efc460dd25b67c644e92f",678536616
"7947f71467036449efb99972",904474986
"795cd68f9a5ef45902712524",584294049
"79631cac54b1e71c1022da12",917576884
"796935018bf2b241646a2dae",649721662
"796eb5ae3ca5b63c9fbb240a",756921982
"79733fdf8881b0d25412abcd",652536637
"797da4e993a993ef80277108",729474101
"7988f76ba063d25a4f467730",592152516
"798bf22408ef6814759da1f5",619474487
"798d87a368f073efafead25b",493771583
"799301c01a3e7fc2af5a14a9",681374653
"799862427c1f335eadedf4e8",477953758
"799afa0396b9f268f239db51",469820810
"799bc0f95ef9a23fc16bb1d4",862565665
"799be2171dae4763df530e4d",666342868
"799cb909791d43a1eb305eaf",579979853
"79a0bffec81b17d606a606f5",910475327
"79a675215fed2e293b27f43d",817702156
"79ac12d8436c07b620190b9c",499829748
"79acb227b5ea365414982957",659848813
"79b5a037bea858706838a62d",583715930
"79b943894c4dd68bfd8cde7f",579305759
"79b955adf84fb2c52381921a",578810209
"79beab95c6857412ebbbdedd",798877774
"79c5085c14068e492e402a26",845987477
"79d230806fbfe96368b83dbf",946108740
"79e307acac5f42f2696b0436",892855177
"79e643789a85dc4ffad49a25",652893146
"79e822115c5c1a4531366001",438224883
"79ea72e7b03cfd4fdb5219b3",487388690
"79f1a5bc0be914956d632658",842443360
"79f989fd66108a2c38a9764e",757277846
"79fe5105ed7a7861d3c0187c",464946820
"7a0f351e8562fb7aafe6e714",544382598
"7a0f887a9426270ff3c24e36",801810097
"7a10ffd970cc822108ce7cf0",756779017
"7a134e45b9ebe710c6c6efe6",910083920
"7a13669d2d7ed2e50b80b4d8",464729174
"7a1bca1ed03e7cd0e277fb95",499829748
"7a1cb1f751cd36bdb6412ba2",793987086
"7a21a8d99a85171334695004",767392255
"7a26e5936765b409b7b73cf2",756002734
"7a34bcd9f86f5036b526c3f4",607091742
"7a3ec914a15b47726567af96",468589457
"7a464b948b65544159cd0db0",633240218
"7a48bc2c3f4aad08dc7fd5a8",486830575
"7a564ce9a4ed3d2b8fbb1103",599754754
"7a608479334951a3afdc655a",831296622
"7a80663cae7c191b5d025fa0",525041706
"7a82ce4b2dcd2b43485f5047",730307469
"7a832790d068e1e85182b5a5",504647846
"7a861f1e3af4dbbf55b2c301",540495000
"7a91cfb02df63e4396b15aeb",568457135
"7a9264f3a12de839a42c1783",596132591
"7a94d3d31471ae313659aeae",698762618
"7a9c505db21b777203d34bf6",590761216
"7aa8d04246d3e84e5ac470bc",666082509
"7ab96f83915bc84f8c03c1bd",457058113
"7abc8a11d3d6c905de3f567e",528581115
"7abf9cd6b26e2e2bb6d91e5c",859825965
"7ac0428c4b7197ca14f3b86a",475012243
"7ac1b85bd87929705b7a86ca",681890744
"7ac96f16bdc50ee7619f3548",747471107
"7acb92246dbaaec1cc7b423f",543620623
"7acdaa0cee1ee62e15f4490b",650441890
"7ad046b20064565644ebfaca",545720099
"7af0a604d1901925aa179436",832297537
"7b0258f1aaee97661c34de64",588811168
"7b037e6e5d110999e51b79c9",931953405
"7b08cade91e2be20656ee856",508087954
"7b0a2bd964c04d01387d78de",652536637
"7b1377c8d81755bb9b501064",475517490
"7b30dbf2f6d835ea0c14b392",608580483
"7b31b5e53015f8116fedb0c6",874650854
"7b32938ebf0b1b167a3d2d20",659119665
"7b346d5a5f5ec7165d1f8644",509232048
"7b35a3e9f3e67fa1974f5c25",645669322
"7b3621124731bcd2e543562c",741133263
"7b473504c85e9cb576f951e2",467764950
"7b4ca3a8d09968e48c185260",776093779
"7b4fcc72822460a428c19282",693087567
"7b50b071f4d795c9b5ad7531",648170894
"7b5582907bf47bb9e873a513",535774384
"7b5db1e4f4f47b4bf7c827ee",547190380
"7b6322fd5810990820167a23",545113460
"7b63445c5e1ce95bd12c31ee",804815322
"7b71229680a50bc26677a427",567381371
"7b7c0544ece4aa383fd5b4ce",581131332
"7b81996f3abd287b50adf8da",673445261
"7b8a4d701066372dfbdffbec",595527579
"7b8a6949d55b5bb27c3c6839",516907276
"7b95396ef4d0e97de8fb4986",798501065
"7b9e6b7eb3a5db0443193fbd",664336980
"7ba0c14dce0cb09ef5735d9f",595414157
"7ba618fdb1fe8694eaecb64f",519833932
"7baa3608aad1fbf357d789a6",709027796
"7baf3723bac87b0b393ba52c",831531132
"7bb1bc81e6eb3b4390440165",668770726
"7bba885503ea7716ffea503c",509973680
"7bbf8e16cc32dec423afa6b3",522873845
"7bc034984b19479f29886cc9",728657765
"7bc0c9e2760e4b1488522768",733602728
"7bc57b136bcec053cbd073f3",718147079
"7bc9022fa1eadbd9ab39acd9",557971895
"7bcd1fe7a140b6eeb4df2aae",634898098
"7bcfd82ced5d6f1ae390d388",485633101
"7bd9cefba3f5dab498ef926c",770641380
"7bdb94165857bcd37206cf18",520842640
"7bdd64032a4f011bd4fe7df6",542402690
"7be186f4eeff5c0efd58e424",604333904
"7be46b6dd9891ab771fc4be4",475299297
"7be8abb5d23794ac47ceda32",482193242
"7bef2da7f3c160e94fe91ead",484948067
"7bf4beee26ba81ad0b884f9f",506661198
"7bf592c5c34bfe6a5df3dd40",700552633
"7bfbcfd0fb8f5b6d553c2d0d",615246712
"7c06a2f06cb4226f9043578c",783470993
"7c07ba1982289ca3abcbece3",688942635
"7c1dc421f5a689aea5babe4c",584152257
"7c29fc3861c9f074e3a89449",773090109
"7c316b981173919b6cae5516",632641505
"7c3ea8523ece273991a190da",791400263
"7c3f7b513bb20c918a51dec6",551408075
"7c463a59e7d2f2b4bbd07e12",543580093
"7c50c93bc9e8846345892c12",909810031
"7c581e2b9daf20131803eed3",856245864
"7c5c0f2d9a0e355069fe1c64",866267162
"7c5ce0e65cb26773edc9ddef",893294847
"7c6319c04025c4ed6aa3f051",595108804
"7c6880b05c212c66b8961b71",580563554
"7c69d43fe2488db51e6c8da3",516434027
"7c7a3f51a58dfd1588d7c088",482607815
"7c972ecb7b90537b1da0deba",528452901
"7c979648ab3729b2c0cd2106",687594080
"7caa4bad394586a46dfad854",757436125
"7cad62cfb4fc3ad9acb09f1f",603431132
"7cb64b94877a9361f20027cd",459039951
"7cbc8fca4f84908ed4e7192a",866019377
"7cc8772ebde8902f55e14b44",492674041
"7cc9cdd32c209a62908a18ad",485244614
"7ccaf332cf87e07b38b340d9",778850070
"7cd0c7174b957df1f004fc88",909810031
"7cd39eb8de56700519d8f287",608062274
"7cdcecc706fc7c79cce45b20",747471107
"7ce704ef5752dd496a61d857",649038811
"7cf15f80838e8edf4f9cdead",896752690
"7cf183ed411cf82df26640e9",585660623
"7cf50019422bc9569a985736",708329073
"7cf573f273b14a6cfafa3ec8",574702785
"7cf74cbec871e465ec2f6a61",645577859
"7cfa0c98191ef9b7c45f0520",476660731
"7cfc3061c0b2f3bd48375ab9",562908398
"7cfe5c3f5cb1bf095eb2c503",635059376
"7d02b3479cb2d89d55bd4fe7",593419521
"7d0a4771afb00cf9a38ccb81",905511092
"7d132190218425df1857b8b8",793683950
"7d133cde943d189c9abbb6e4",511259562
"7d157359b413e107f5f9cfd6",527113388
"7d25023ecf668945c87e0666",515076946
"7d2e3464d5f2f79ac29e6c0c",523420679
"7d3220a91e78f8bc2924d1cd",799029954
"7d383abbb6ac49c6599ffb0c",725427330
"7d3e4ead63a869bae978027e",832909667
"7d4097722aad95158c51d24a",487065063
"7d4ba999100c8e694fd820cf",872947714
"7d4ffe0038b3ebc149d8f4cd",713873655
"7d50144c4b2ead9b7b9f594c",835139824
"7d503f126b5863fa0626d4bb",576801213
"7d5459e48101349c75d43aec",559495416
"7d58eba13f418d890ef563da",546092392
"7d66238672def6f73c25247a",722030410
"7d73a548c2a29ef2d9655e1d",469072749
"7d8e345c9b16d0fd69f848ea",879739222
"7d9a9c3b4442efdb53c24448",616941803
"7da10de45c866c7d066d2586",509066387
"7daa9115f755a6c70411b9cc",935940630
"7dab6cd1002a8521e5825bcc",665690548
"7dabee85f750266dce02399e",585779455
"7db1c8214f229d865da455cc",573812443
"7db5291ce4602d9b2b266872",485975167
"7dc4f9de14c2924b229ca0a3",705663459
"7dc609a3c7a3ab1f9a3146e6",645687470
"7dc68d5cac1b7fcdab35586e",473594142
"7dcbeb0aef2e2cac0d73315a",451192494
"7dcd1597e11f83093cbfd7a5",866522299
"7dcd1916c0485e0b80f9eeb4",734801999
"7dd1e46dcbddc6bf5ef694de",541852644
"7dd96ddad0fa88f5c5978e39",543463421
"7dd9760286606c45e6a15926",707547296
"7de63633c7666484bd098e2b",556902565
"7de7a2a651273df62aa6a21c",906884823
"7df538c0c831520e6d36e39f",525290380
"7e1153d411af129357ae5c10",511419905
"7e177acdec9c0fe684d8fe44",497663125
"7e299fd8c2d53ff1cf95aee3",910083920
"7e3937cfe43dc906983fd321",868277750
"7e41d90a838048eda035fb27",840075647
"7e4b240c601e37977faffeb0",679312824
"7e5064603267b61520d8f83b",511260707
"7e554b821e6955ab259a25f3",511402925
"7e647c5e0a7d95ce87cfc8fd",800672850
"7e64ab35f5e336d5bd2e1b51",614314884
"7e6d8c4742b38854d819696b",884053494
"7e6f68184d84e09cc9ebc09f",557722919
"7e73516d57a251061b3916e0",724807958
"7e74469fe0b030254756296d",758195417
"7e844f8a24422ec3b833b4a8",507126565
"7e86148f53beefced6e0f3e4",550394097
"7e86f11cd63ff6c8a3c12fe2",840202379
"7e8dfae9a5f1faf8afa706f7",522364076
"7ea01fd99b389d08ca50c0a6",761104651
"7ea2c18341f69f21b523906c",796813103
"7ea4af39a7e577ffbd600f0d",729407831
"7ea8da3b1481993b14bed9d4",508808502
"7ead45d1f505649429904307",614202523
"7eb78d4dea434674a230caa6",879541037
"7eb991f4c69215377e4dac8f",796737605
"7ec025b9b6e6f33bf65af41b",462108476
"7ed35835fbe694bc237abe38",766771071
"7ee7fba3a30e0e7c2ed3043c",642557333
"7ee83e5d70855ed21455b6d5",798326072
"7ef2d4777310765d0c8121af",621504947
"7ef3f8bfd0368696369ac957",526093598
"7f02f056d5eb4aff92b44659",643331922
"7f0b4b5851c77d78805320c5",524944555
"7f0d874df9235245f47b04c3",934546371
"7f0f27f6d30c743acb3e867f",634802771
"7f0f5931fe148f6187ebf512",541172154
"7f134c92e20aa9c6f084edc1",571843457
"7f1a4e79fa92196101baa7eb",954013213
"7f25471be85adf0baeb8ebbc",547607805
"7f2a2959f5ae816761be658c",882465575
"7f2e3f2eb5abf86b56897250",690627590
"7f2e9d302a6ed1770db9f7cf",618753818
"7f3e02524981fc7e40eccfdc",457058113
"7f45d3809b08bb32a45139f8",572839392
"7f4cdc01f9086bcee46d1d6c",798792414
"7f4e6f790de012946197e0df",795742072
"7f5280804c59f56fba3d6201",506661198
"7f5e87fbb4952caa0cb658e2",784787218
"7f7141f5e1a7964ac6dc688e",834887120
"7f73a8e83d41ea252ad61197",541753070
"7f78955c480d050f2c8ae3c9",595602454
"7f7f5313341b3ca499968716",602783106
"7f85c59323701ee0e75abb92",564423729
"7f8f506137780f4cf12e73b6",542282171
"7f9875a5336a32d73df2402c",838391532
"7f9bdd2157f6c3d488c77ddf",676334130
"7fa11c05ed1c123c1a457b1f",637775030
"7fb856eba0ae98a40eac3efd",909810031
"7fcbcd9e274b75a157cf5d5e",606104693
"7fdbc3fed9c9607e6d01e958",580496145
"7fe1adc0a5873cbba4b021d1",750694876
"7fe25ebd70b89f4602bee6a2",678407928
"7fe364ae771a7689d2fa5584",856347922
"7fe6ac57e87b8126ac4f8530",816326877
"7ff62b2f8a28d60f6c4237c6",769556037
"7ff6f389e364e67c4238df8a",569465182
"7ff8b0b5ab4fd12f3be399ce",650139288
"8002e2cd1b70ddcae88ebc4b",834887120
"80035ad5b3b4a948469800bb",735415251
"8015080cf97316a08453a9fb",749786788
"8018df1613094a9e4606c875",805917458
"801d821fd6ab7ee01b62a800",517147778
"80255211d99c72e343b32798",941889288
"8026e480ba395cfe1e09cec6",464844875
"80279a7533c44bbae477ea4b",592628873
"802fe3175a2059f12d7edb99",558659949
"803711fede531ad1621a6823",662687246
"8037e40c0c8b20ab6e0d4b78",509486303
"804289a128775f7d1652cb43",471085323
"8059e45ca26bfefbb18d8e40",664834620
"805a27aeafb3ca91cac56d14",680388286
"805a491334f865f06ff42329",727302163
"8062b4109c12a95dd62bd43e",727649171
"806907598158861a6958388c",466056286
"806f9ab2a016e774689ce2b9",457677411
"807687fdb46614d9aa139b20",692164811
"807c04729620ec60ef18598d",498968114
"807d7f5155bd299afbb6491f",659869259
"808dd470aed6064f02aa5103",540901168
"809082a38e6fc3faa66845b9",620003831
"8095589d5e1a55a76281e13b",862402901
"809800b56b7b29399986115f",531944812
"80a1dc97797c41b61f46ec6a",641788077
"80ab8d9f157c25b40f102854",757277846
"80abc4c356813c1e4ead1e1e",521580625
"80aef024b0ecebb01913504d",526093598
"80b37d5ebdb325edef39258f",750028973
"80b6c823bad5b4c0fff46657",808672870
"80bbc51dd90d131d091521a0",500115479
"80d2415c0460088d69574285",689143826
"80d95b058cb11ec829b5ec96",613318847
"80de6a9303eedbfd1c69601f",713278202
"80ded3bf4f2973a5ceb1ffb7",469809990
"80e7c6b194b3229e3e2b9aae",645343967
"80e88d50c151d5534a57f61c",853780126
"80ed77aff62d4c57ede6ba94",571876820
"80f633154b6f94b8fa24f213",511228828
"8100a4b0288d5d9d9dc86d2f",474650274
"812646c7de863919cae5edff",801380254
"812ad0d57e4291da184bfae5",512123805
"812c9b5407424f956d308b06",912859677
"8130ab67c5e0d96a9a67fb12",723373365
"813d9415d9abca46ad4d92f0",943288388
"81406ce289219cdab015549d",683340366
"814694a725a50c306d774342",841793955
"8147da5e5f53a163443e8506",607091742
"814d93fc94b4de6d3a860bcb",524285009
"81516aa72c98ded9223db098",770612662
"81519727c7ad9f60d2c5f224",884388352
"8153b36347669087e363801f",600673937
"81547b223494084af3e15bf3",573383689
"815cfcc4d26738f74cbb67ae",577290058
"81600c1e6b6e3ae770e40b28",939356491
"8164023f628f550f322aad61",638401322
"816f93a2e035e4fcf61ee4c9",914247144
"81716dd4aedf72a6a14392e4",457082888
"817422f4c278ff27a22b05d7",587129985
"817915cc3582112fb5541a49",594447212
"817da44fa842fe304b93c199",513535120
"818ee3b0c3862d4aae6e7776",464767362
"819265a930d32a97533d132d",839852351
"819d2a7c3330480b7217577d",839131814
"81b14dbf863114fdddb38579",557827538
"81b3256980dd7d7f49030c78",847566354
"81ba4b47e9222c15c4102992",509973680
"81c890b0d7cf787a091d4081",773600264
"81ccb7e0255eee6274f5d930",802789561
"81df59c6d8be19568d16ea3e",458529750
"81e1f8b1c0e3b15f2ebfd84a",494161053
"81e7c8c1894e0c3a9315ff27",512123805
"81eea19e7c12d65d21e23648",879130977
"81f5c32a2c2d3b32329a645b",479579933
"81f6d6790aca5e9270c3d1a1",471889902
"81fc8d666c8735e1095d0d4a",818651828
"8207612808b5947f2802d2a6",627148932
"8209afd76e36d8b5c4f7a991",511274962
"821eabfeef3dcc622fbcbfc4",486992368
"822896f609e7761b58e7f6e7",572839392
"822ba8fd3c7392bda84461a4",596828986
"823124264778e5ed64d8664d",595400485
"8236c798dbffb3db51d5d744",502577046
"823c9c7abf2d00140766a2bb",814986583
"823ed628bddea9b56792d108",649038811
"82433a009defc21498037127",776205593
"8248697f70c21fa361840755",856325312
"824894236c20b081af2c9868",674727393
"824cad597aae34d7d59ac939",551827524
"825012911321d636425cd0bb",890142241
"825f57ad0527d4abf41cffc9",725427330
"8267eeb41ed1e68144301a3f",623654584
"82780776619be0eade3d72ef",499829748
"82902f2082dd405ab538ff58",560124909
"829bde7f8716daf76f65ffab",823043731
"82a3742862a06803242b703d",634725064
"82a7920524816f3db7f5a4ca",585883580
"82abb1fb693f34877bf1327e",893042906
"82ad4b3d5a215f17e745d77e",650622782
"82ad984f02ccda30bd60da8c",793193181
"82af190e32398942775056d5",885581586
"82b15a5da307865c7045dd56",684212002
"82b69c38d041325a4bb2fbce",469749305
"82b90288bffe8c1c0b5a1259",570417524
"82bdf442e186baa829e06da1",600099991
"82bef17c2a4db1f6dc6eaf01",609011505
"82c9556e19072558cbe3a7ff",460341166
"82c9ce0d018c1d620b7a6689",547737000
"82d22ca21e31222068e1ecba",786149249
"82d6244acae149ed9ed88e8e",497460179
"82e1ae440b386c7da3a580be",881560412
"82f08aadf1eeaf2058b50592",543392410
"82f34c2a6644c4cb0649c44b",864219563
"82ff2a63a863c089ea90bb5d",831887181
"83007c444fa52b34482ed55e",543580093
"8302e2afc48d6eda16784da6",614363046
"830b1a2d33f7754b9acfdd82",559090500
"831629494c6d15d5ff6a00a1",558659949
"831693b6fb81df1359e45db7",571132842
"831725656d9df81b63c0ae38",558407824
"83196bef0e5dc6c981bc57a9",873507937
"8333d32b98625a2742cfabd6",768405882
"83349bba5fbddbfa2db5078a",525186876
"8334a4cc7db8ed5c0071fe95",547998209
"833bd3c8ef9d4da2f304a94a",925037775
"833ded72a8cc9c0d606a7a74",694777086
"834263730047f308d71d4d8c",587624422
"8346d64ed6211083fd420ede",483939854
"834fe4a1e9e4efeefb5aba08",469327763
"8356123e4d10a479a12e98bb",512109858
"835842cdc8ea0a2206c2b46e",651903919
"835eff7679889fcff6795d8a",558414195
"8364aa431b2e267e41efabc2",509066387
"83727953ecffc17bed632d94",483677559
"837cb6389640f3919bc73e9b",705939188
"83852e78afcc4127481adccc",565709395
"8398ba3b03595704b5897704",615421520
"8398e3b96d1311c7264f6603",940058521
"83a376df2024c4c9fbf2a0ca",487624254
"83a8d9df3a535fd273b27c15",855900054
"83ad1ce7ef6d70842ec986f2",558786813
"83c1d0e2b8826844416abd9b",524918980
"83ca3a41ca4b5337107c197e",597458453
"83ce7c2d2823f888f2e06ea8",677348514
"83d969bfc020aea27d2b829b",665978752
"83da19e7fbbca11083090574",484217100
"83da39bc1a2eeb75e2825c22",691579505
"83da5fb4c15e3daf727a3cc6",793228511
"83e91710343450cb0812a6e4",831659987
"83e9507b9ca2987a21d1b195",569603346
"83f402857435d4fadb27fa36",798757750
"84114798ccd01ae3dc97cb27",485626771
"841482deb90d19ecb1ec8a06",559090500
"841c57617a075690ce412083",545323749
"841fed959f036a03697868e8",547614751
"8420bb74fadc0c8853cda025",451294084
"842c9f0e4edf1e5a672ce15e",597968973
"843234d3c6c20bb60a17fbee",900902727
"8437a42a8e7ebca46eb088cd",553182884
"84394774ab45e0c8b733bed2",471783334
"8445e5cf42307960535a3b11",637808897
"8447ca83d928dc34c2e7f9fa",550136774
"844dc89fe6588acccf0c7536",525059028
"844e127aa7802cdf75db074c",443435797
"8467eedcf9a48fee0d72d95f",899312611
"846b75324c0f3cbb027387c3",650446961
"846e6f1ba1c94966314345d8",586292664
"847a7fbd4425fd2fbc4b3edf",861390103
"848067a69d18a171e7fa34f2",584346487
"84856812b63dfd9630fa49e7",792403596
"8497f34947cb4c0ff18a0eaa",468890940
"849c918d78991c57f32f2031",592853799
"84a074517742e09a7eb6f320",710909864
"84a2673eccd3cf3bd7fd3eb0",773600264
"84a7286c91f1ca3ecacdaaa2",756002734
"84aa7d1c2590f37f0fd6dca1",532163863
"84ab3ece52fe00ee50f057aa",870809420
"84b05da6a859ff5384f37ee7",493548683
"84b758716f47bb0f4e4a2bed",509070140
"84c2ab0573d3cbffa0be90f4",613839373
"84c7006b5a63add890a224e8",571265400
"84cfb0342a0bf2c6777de39d",605450179
"84d8504f0e860b0760c3592d",694312197
"84d8f7109615519f2ab0a48c",886653653
"84e4f6c6b5dec0da7f7ca0fa",466943947
"84eb4861db0816bc8722f379",607145393
"84ec2d5245cfa146dab05065",677992302
"84f47e531a916b7f7dc1f1b3",747289052
"84fb7e582456d7409f27cd2a",834887120
"850342685ececa472945f7ed",754831097
"851f50292e30b0a464c0804d",595375891
"8520fdd4f5fec0ba861ca9ac",502577046
"852a11f12646f0a1121824c2",464541805
"8532c64eaed74b64b4d4707c",601553941
"8538a41c0e0fdcb3829364e8",626282709
"853a14b680761098d4bf6136",717972981
"853febf898a1dba351d6f917",614772665
"8541eec88f0dd8229b4fb041",604333904
"8544bc14286a51e60ffee7b0",785655089
"854e27be18fb8f24fd433eb7",767199881
"85524880fdc4e4daf90e96fd",458362848
"8553a05c2b30be81c64a6295",869291332
"855ce1721230ba103fc0ae84",480990574
"855dcebac302ec5760f67121",580078502
"855f4b67d2bd6d18fd03d8e7",620044057
"8561bc940a91f029147430f1",666803554
"856559e93205dd1561d8ada3",635897464
"8567e677b30c410df80004c9",590613590
"8570a1d8156dbcc267d3b495",818557966
"85734fd69714897264ce2214",590760665
"857761b5fc5c7d101cb765b6",589253598
"857870b1412b84f0f19ed751",561875315
"857c5dae475eadef41c25603",836676150
"85815a09bde2a30e296f65bf",471952247
"858288683063dea9d5c57420",474800528
"859025f2f41efa521a74a00c",486102656
"85956152686438c48c52e018",627562061
"8595b5517cb3f1ff8094d67c",650622782
"85a856b4d0dfb1fae861f513",631100169
"85a86e01443aba593f95dae4",612040702
"85abc5c0353c5b678f087824",629649338
"85b633e09a41cf22a10f28c8",630988891
"85b8a65f1b00f78e67622bfb",629035768
"85bb6775065df76bda33f738",674598887
"85c24df2d836cc8addd9b7b0",658185091
"85c7e8ac008493b34e8e0176",623585673
"85ceb648cee9f6f3d221254c",665945915
"85cf1ee98e1a85ff4619e27c",598502530
"85d58cf85a179e167428ffa5",730762451
"85d731901b48348f57932240",609837740
"85de01c0aa787152c77c6180",451192494
"85e15a0a63ffe482c68ec474",954432529
"85e332a999931ecd0e04475d",470823489
"85e4ee2583c51592d68ef5d9",452026163
"860435300909449c0443c10e",930175296
"86137b9624049333f7e0315a",672466672
"8616b310e335f539ab1109dc",767199881
"861aa922b483f9bf7884dac5",508328275
"86242b25bcb2dd775d25191a",605021320
"8627562772d9d63bac507fcd",637893963
"86276ef138e0babab9863276",473525765
"8632f5681d04d9c934675409",858087346
"8635edb61b1dda6f4742cac7",918973093
"863e5cf88a808b8ca96907ff",880839526
"863f8f2aeda01a9fea1cb3e0",870367616
"8654295684292e74d0245238",486469687
"865459f5342a0102d255fa07",466570465
"865ed399cc344e0638e45128",910475327
"866f2a55f42cf30c4105631b",760538322
"86792949f2e6a347208cbffd",553488510
"8694b149f7c0deadf820f0e4",613839373
"8697b1d337145af0ef8e4619",854530484
"86a47522586da2884181f128",576187488
"86af11931b004aad3fd27b88",629649338
"86b0aa633bb16582bab5640f",621024225
"86b0c9c1277e9143ee765b43",522145867
"86b290218a62d0c51b099a08",679203871
"86b2d3ad1dacb372734f810e",528452901
"86b89233e0176e034ae3cb7b",803382430
"86ce27f9ca03821d13030f18",735557181
"86d46a3fd9d7bbcac3319829",783937286
"86d80d3757377df6f2b8a0b3",769731435
"86db204f7ef6e0e0e6687246",715838762
"86dd7931177df94a649a4d62",573998956
"86e80098f5a3e7dbd635838d",661487366
"86e81141e429bd81d7f0e73d",517810848
"86e98ed0bd2565b661b81ef4",675395929
"86ee57ce617b2be312a9efd6",863705596
"86ee80cbe81724e6919bdb73",483413699
"86f15ce6ea8e97837e6b9383",606645173
"86f1d6fc54152004e69027a0",727390576
"86ff8f274b698e7757ced1af",575101891
"8700c9b62ff5a5c3394b0bd8",496239335
"871204bd1b3505acfa632954",830874541
"87199c236bf22903d1aafdd0",512379945
"871befe27fa79fc1e1813b19",831407081
"87332a7e03cb851342667b98",720406342
"8736dfe0f1c6e2181b0ee31e",859721580
"874102a58234cc7888902d42",718374563
"8745eefb9e2761ff7eef558f",919136799
"874e2c6f3e9f90db80d243d0",487982107
"874e3e3ec6f67c160807628d",748517283
"874ee4f1b9c6dfd3d2358834",785157767
"874f4a836cb74be301e068cd",864138123
"875126e5776dabde40e29b09",720676040
"876ebdaa0bc953890e323843",491026587
"8780134f8b40f0fec4d1b661",821063118
"878ff8ef3c862929bbb19ebc",680404025
"879d9e3b4ef9063de41ddaed",569352164
"87aa28825a5b8ffbac5f2e2f",559495416
"87b940bd3dae37b9fdac5d4f",479156932
"87bd6ee6f17d2bd5b61b0ddf",954013213
"87c73db5d50e8ec3a22e6ccc",583121175
"87ca8a2b3251a38d45730f5c",573321633
"87ddb3a17b601cf7c61e8c07",599104703
"87e1b1170c163689d60bcd09",606241732
"87e74ed42a2c8c97f7bdd239",907429182
"87ee5c7c49ced4ec99f44d5f",602685788
"87f1e9ca16a7ea48de04fa73",870014874
"880bd21afee7038459b5847e",655044947
"8816e8101ddc4e704053e23c",664488350
"8826b9e008064cea38855d35",524944555
"882907ccf178b23a02ce262e",552594723
"882e8e77fa1a71288f6b61cf",946108740
"882eb7115cd5b8b09fca0e47",559930294
"8831ae77efac99a6c58ce05d",705939188
"883371e374936fdd74d09fe8",591218081
"883ee78c03efdb4bdc57796b",605653316
"883f095dd3f7e972d7dd3c2b",577449451
"885a312d9a5bfa8a8db5279a",552723108
"885c77c839d705ca7d04d383",609329162
"88622b66e6c47cc62c3824c1",677796281
"88668347361a227b6dbba15e",824524799
"886706f32695891af743f986",638852374
"886be9a1881866ab1f300533",485082875
"8876b38f90f5571639b7d879",816489455
"887761f34ce0996bb05ac48a",838187322
"8877941794810464749ba5d5",649038811
"887ba6b287a8b3ccdd5691b5",613839373
"887d749eeaaae288b2818b86",598002322
"888bc3c4ceaa108e048ad28d",609145665
"8890eca19a9e1cdc9e0f0541",902537732
"88964e1202647db0519a8a00",505026332
"889bd77c8271961a6e4925ea",716152749
"88a4da0d72977b0c56b31061",576411415
"88a83e58eaf136a82ab1fe37",568902812
"88ab887e18e38d0b8315286e",597401644
"88ae3f4a8ef76675c66e925f",879130977
"88aed38ca59c09e1a6202672",767375060
"88b02e7b20ce6db956afcdd2",935864231
"88b0d688281db2ef0a782921",915033461
"88b98c026b7650192034535f",733097733
"88c4b21ecffe12cb6c408a6c",624455774
"88da5851280dbe750968c565",467279066
"88ea2d2d7cb6d641df3ad76d",893680969
"88ed5ebb575d026f8d440c60",520842640
"88f36882dae9a0487383b769",557542782
"88f3f39ea06fb882c69bbd10",580863644
"88f632cc304cd769e2d4be27",494808147
"88fce3ad9b8a965dc11336cf",526370694
"88ff73eb829a6ec5bfcc0222",935940630
"88ffa9f0bc3f6c9f2e589a75",943392082
"89016540f8b3fb727d863bec",845374899
"890df90091e14d1c3a1b30e8",499797724
"89131a0af2db172538723b08",596801182
"8919ca18fff7571002e440ec",804457832
"8923182b6dcc9f2d8be1ab53",610467265
"8925028d6e7a6cfce9967779",467247782
"8925e22f8511be30d50545cd",711651553
"8930f231a5b9d8db14e9c656",637633847
"893c1b081e383de73b9f2e16",934546371
"893caa7433c200e0d43e9f27",684084220
"89498fdf642e770ea75be7d8",759507340
"894f346e0ad39c57fc0f369f",857669574
"89575a90c7b9b960c8f4e052",833495064
"8964dbb5b0cbfe509613a63f",626417544
"89690c80b7adcb8a8afe531a",485850640
"8978ec4c5b2f02fbc1f57820",893184252
"897c0578bdc8d59843bcbe38",468074636
"898d1eb301c92ab6603e0b81",590751278
"898ed7299f0c7b8a99e4877b",620411487
"89952b237fda041b09f0efa1",909810031
"8997555e7bea06f7b90ce821",619763352
"89a03e25c43a555b47c53864",679349248
"89a066b7d6a31dd066fa0d32",584725034
"89b0592a715c9e135967f947",707547296
"89ca905d858c7731313c82e1",831144007
"89d36acc5f617a6a97e02f23",607034374
"89e1d01cb5bfdf567faca443",581080059
"89e2d612654b3c792311faf7",841402052
"89eed91bf5148b5645408222",681850486
"89f8ccb0c1e2136adf87a10e",778332600
"8a0053376ffdc75d0bdde77a",893294847
"8a0114372706f30bf6867a2e",612943438
"8a0d2f8860a90322d6c3b61f",578371208
"8a100bd7f5da66664a2680e8",556359525
"8a1105028a1a1b83c5080abb",457677411
"8a1b0f59f86e33a7aa7c2c23",929820144
"8a1d1f70adbdeb233ed3ec3a",804568658
"8a1d93bbc83f4728657317d1",597667389
"8a1ea9d91b3d8a66c6341243",781400439
"8a20478528e97700dcc84abb",484027150
"8a222af682e2d7796643ccf7",573790218
"8a3b7f5a8da339fe19e8f138",650270175
"8a41638edfc5183469b6c43f",604812330
"8a44e15417d8e520a99454b2",481137103
"8a451ef547efb90a8fcfa6c8",870432242
"8a4b7e86a90a296e10a49ea3",485966581
"8a514fffdec277cd46c7cc71",510261510
"8a5866428508658b4a2a4cb4",549556286
"8a69b9d7461107db6d16d1a9",583715930
"8a6cb559a488d6ce1b641585",609565051
"8a6d013451e46411d35c2b6a",605632832
"8a724286cf661794084aa87a",837065852
"8a7ddcd0c452e7993bc5087b",507649446
"8a84a073b855e37a12327357",907000401
"8a8c202c069c20696c2de85a",630011964
"8a8c8f5aa68c4e530d62776d",628028384
"8a8dff62516671aee2250cb0",672701203
"8a8e4996e24142eb413c0d12",918569355
"8a9663cb622a55f2a1a8e3b4",650001175
"8a975117ab302b77ac057823",591284164
"8a9e6d0839f9fabad2fc3214",666763781
"8aa21f48a83be25f924f85c7",604361102
"8aa5ae4637ba83e672cd3ab9",631100169
"8aa5d44a72b2a6851d14ef86",629665718
"8aa76df8fea21a42fb6229ff",566211392
"8aa9e1e89993aa49c5c3eced",752874721
"8aac8946e7ae5725971c5557",696207844
"8aad5795547ade3c804c0ef0",735275187
"8aaeae6bcfcee5ad928ce28d",877754247
"8ab41842b8e41b89d8670ecb",467812132
"8ab5eda5b66a6c2becffad29",756838492
"8abe99f2b71b13dfe7d71616",916929812
"8acebaa9fd7e917d7e3b391b",511419905
"8ad016d414e2d2be053d7612",570612775
"8ae41ff6a828f175a9f628b2",541107116
"8ae869c5033c248f881ac313",694053568
"8af2e264b801b3e155e52be8",862565665
"8af6bb75c85a2789156b3696",457853806
"8b083d7ac086f52fd2942a82",632225465
"8b0e1911b8ab8028409dc9fe",748874841
"8b13054b3318289aac1f13db",483122347
"8b1acd29eb268fd684036180",592206460
"8b2d8edfa6788ddc0c7b3eba",725396637
"8b3350aaa66b9fa1c682c15d",650270175
"8b353ba6823f4f800635f0cb",768186293
"8b36b7364e4a4c80a6e50bed",613982384
"8b450ea6c21fe0b5157529a4",691707630
"8b45db8a4f2c0f772c8d44cf",471595929
"8b47b76193159a21c3580a3f",860584414
"8b4c54125d9165554e4123a3",936679491
"8b5369b126b75c497b1a7b73",551629958
"8b554961129384797391d1ae",878832943
"8b5b351e07a26c25cf51e176",472393891
"8b63358f3cdf8df0eb1f43e2",696507374
"8b674605311d296990ec72e7",508305877
"8b69bb9fd7f0f19a248f5cf3",528270749
"8b6efcdb553f6e936bd90f3e",648875764
"8b716bc4d6d833f9bff3e729",689076812
"8b716c3dca89b7caa7db1aad",487428966
"8b753628bd37b9759dad06ea",512065574
"8b788f742021f2438ffbf528",474260450
"8b801b4cc1d254d0277fba5f",624218005
"8b871cc48b99bd4190877bd3",558659949
"8b89813a4ae5f9209f854be1",758053525
"8b8ec04a78d3826b2c8a5754",600945392
"8b91a957eca1985938860c28",553469593
"8ba2d7afde20563e38892304",727649171
"8ba4e8e071e458a13efd179a",600839582
"8ba9304ea7b8d2b071bb0699",547859630
"8baa01b8c6d29c82a6108cb8",464907721
"8bad8a7faae115ac9007b13a",631659845
"8bb1a2ecc997779d1addf12c",497609461
"8bc002e1f02beb4d83a6f6ae",825998537
"8bcc1b035ea93a5192256b37",626216486
"8bce0097d22b34a804b502bb",496161317
"8bcebf3cdc54d4ec99ba0d88",513805601
"8bd2490f83568ba653cb74f6",884579670
"8bd45966c16d4eafb49ee2a2",868077711
"8bd8a7e19b6d3b8bcabb84d9",497137626
"8bdebb8914fbcaad625b1764",524264308
"8be43cd8653accbb8fe8a270",527436058
"8be5fca8f4339712c6f3e29e",528932760
"8bed46960db1b2a7954ffbcb",884292694
"8bf61f106e60d6be03799de7",837065852
"8c0154eb5be437746213aec8",907429182
"8c02948b66db263420c20d3d",799336457
"8c04aa7506b8c80c1bac23f5",838030373
"8c05c66be6008af7f6dcc10b",664389386
"8c107da7487ed0cd409f4daa",587840404
"8c1695c9a31de0f956e4ccdc",597408639
"8c18d3417886c150136a03ba",464436625
"8c2423c14aefa13d255fa77b",543027164
"8c258d10ce32150f5fe5b712",768731193
"8c32b6b31d1a1d5736c4df61",934172165
"8c3373f9c0372b87ef021512",803561259
"8c3a02c9ca043cf0f322ba84",610195522
"8c3aa295f7bcfd9a43eb2037",758428809
"8c40078231bf7af2f3a06457",489710769
"8c41bfacbc1a6ab831b26fa8",747471107
"8c44d216517f5c59e2611aac",457677411
"8c45ac143f5cc43e9249c17b",635232502
"8c47395a28f8177923d7b75b",538718746
"8c4cc779f5034e9c10b2e698",489106328
"8c51f1b43f15b70d2a294918",481897339
"8c5aa3c826f325a9a6c6f524",645577859
"8c714badfcdef8ccc73df9cb",942187088
"8c787c1e6161b18601e6d7de",561875315
"8c801a266256e3fbabe7e3d2",650905231
"8c9849cf3d20991e5126420b",819471311
"8c9b472c55d4b99e44041de5",621285607
"8c9bf9031bd378c1105e3f3e",831033037
"8caab74ced535ec5e75acdfd",462354090
"8cab957b322f1aba06bae4ad",550549953
"8ccd326e4f515bf7e817a14a",795742072
"8cd0345dfac13ab380240b0d",556902565
"8cd3031963c612efd0049f8d",653937866
"8cd46b5c9cbd056d3712f155",704632505
"8cdd55d191f206b0841e56eb",591845990
"8cdfda9067e0934a8ebe0894",614503641
"8ce2d6e505ad1da079f34a8d",839781798
"8cef9b18f20e9c5a32e7ccc9",759273616
"8cfa1121fc87d9483ec63611",786227817
"8d01d6561223272181235c69",745906898
"8d041784b65d33c76e5245a4",803628223
"8d06037db08d0754bb67da4f",803556665
"8d06af8e439c45e0e125de91",609814375
"8d0ae601094562744c8dba4f",498625500
"8d114cef336100a8d8c81ce1",797392529
"8d15b4bb1447eba7a680ef47",488596393
"8d16b1bdea35630a3b09b192",631229484
"8d1b3071f5396359c0b6cc62",840473944
"8d1f7b0cfde7e496e7bfe972",601908106
"8d252e9b0912f09703110b81",556248817
"8d27746cd9d2532fe9cfc408",490477389
"8d2e85825e95f6941445cace",808313164
"8d2f9968ec8aece8d1a20137",565561300
"8d3f4ec0c37443eb3f953584",765650777
"8d48f73816b248d1166a09db",840653581
"8d5192b6208902ddf4804839",814885746
"8d54b9bd24cd9da341cc942a",680772972
"8d5a73b1d27a66b3f72fa662",665826830
"8d5e662ba25a71727f1eac77",669979084
"8d6c523d4100ab0c83a31fed",825650049
"8d7dd9de4e919fec5916862e",683886535
"8d81b4681ad0055c274e7da4",668131268
"8d911c1a195567dae3cad99e",473283208
"8d97cda83fc7353a86c9393a",749919273
"8d983b9ca65f19ff3d69985f",932199839
"8d9b143cd8eb71b05d32cd2f",879132915
"8d9cd237c737f6e62092a08e",937415215
"8da2439f391c6db92b9260f5",904163163
"8db285eda04ca37b86dc9724",830493237
"8dbdd7c8971a514eb7cb4d3f",837065852
"8dcfc24742ba669335a2d65f",777277202
"8dd453e986d05c6c1dd104d2",661214969
"8dd46fd8ff592358e4c3e7e5",509496947
"8dd954e7312e6e6a07d6d4db",526832832
"8de317591cefdbc375a41483",613318847
"8df5099d856c7f9de43990ab",648995377
"8df9256029f526ca313202b7",648230482
"8dfa059401e1dca80ae65ae1",686454486
"8dfd846e6df9a040ae1188b7",471233114
"8e0ba427ea909cb7943929b0",503119713
"8e160f094a0425aca23f04ac",659295020
"8e17bc9f09099ba3138c232a",906884823
"8e17d7d78e7acffdcb04d982",576020169
"8e1bd01ce4b7910d42f59be4",567381371
"8e1e9ae57400052cbbaed9dc",919621606
"8e273f1dde4801825fb19742",797213158
"8e2a5f8431996ae0db65d0be",650622782
"8e35609c1265ddf59e1c015c",818914763
"8e3700ec731701361d7bb7c9",493414408
"8e374b19fb87640c56243088",475110799
"8e4709859d50a75dd08b03e5",577677559
"8e4875b7ecd0898571f0b1ae",503491437
"8e4df02eee6cab9bd1011987",667629815
"8e5123f5ef1da66571ccb600",916929812
"8e5661e79f4fc282abac1f37",911578688
"8e56b5dbc4cf628ac12e5bef",867005627
"8e604d41e0cfe9c93ad536d8",936679491
"8e6dfdcc28f830f2696de9cf",778619423
"8e712705b7de6e791c8735de",509486303
"8e79eebcff019c3362a76a26",625175436
"8e8852450fd5556f748c98cf",578924597
"8e88e6cc55ca769e472aadfe",585709679
"8e9e35321545774dc1f85776",590633696
"8ea02baab0c59eac6584f62d",759492043
"8eae4346936f8c6c67be81ba",523726151
"8eb66c4b057dd4b07b5fbca5",650622782
"8ec00d454698c119085cbee7",512272639
"8ec09555f5a47f96a8683699",866522299
"8ec491780efb2c27df8dc08b",559201390
"8ec8cac469f2448654312aaf",733313082
"8eccd2a6352c33d8c7abcea7",613193908
"8ed11c1d4e7aa1ccf0ea0508",468535990
"8ed5e7770d03c43ed19abf42",697320016
"8ed95f9bf057114664ea441c",531379805
"8ed9c13717d2bb274a81e460",773600264
"8ee4a7cef562d388b8444c29",538390084
"8ee7d2e0692e49bf9d308b4b",866267162
"8f0a61533b6a01badf43b6ed",679940671
"8f0b6d6dd914911c7e90d302",847353881
"8f165174bc07c28f9fddeee3",614982452
"8f2218126da9580268661c70",911859170
"8f221efe392ba42b519e5f57",631401565
"8f2fbced5d357bcd6b1c7de9",799845084
"8f35a5d800d98481d7a8b6a4",569877928
"8f36d25584407d9e3c326e71",639462082
"8f378dc1215f9213f187c02c",545865347
"8f3924eb214f5194d21499b2",753797764
"8f4241a17d1211687bf232c4",475143614
"8f428b58a5189effe993ca4b",437554302
"8f4687b666256e136148c3d0",824688124
"8f541a839df1ae79d563427f",523145136
"8f543f9c31af1eb17ef1e353",666801578
"8f5444b81998e52ad76b3ddc",618940093
"8f570610ef199a3ecc49a0a5",593364377
"8f59ec48e38092ab01c23e33",758195417
"8f6076f8ed13e87862d82255",466243136
"8f619dd7fcf5e1a17af301c4",923761793
"8f8a92abd28c8990534e847d",752109144
"8f90134b8e68948cb18fced1",566257380
"8f9417de118ef8486538955f",870031464
"8fa4be9ac1ef719dda1f96bf",472785022
"8fa53bd51f5d54be50b3fa29",453508633
"8fa9b20af1508af7a01e2267",585779455
"8fac177c5a8b4faa21b33138",465778661
"8fc4070ce12262679c381515",786149249
"8fc50169e6ec98a3f4229ffd",911578688
"8fc78c514a2f1cdbc5ae6e1b",798162987
"8fd452d3f5f1dbb3b65f5274",837065852
"8fd5b95f5808b4676043de35",545223927
"8fdc9f203c3de5d486de7ba0",471952247
"8fddeb4ca696706f6cbe573b",877865731
"8fe1a07cbe9b8f3498cf74b0",486992368
"8fe7db56d501b9c11461f62b",613672078
"8fea95d0a70b1ea918803f58",650270175
"8fedbf13ebb7cd3475fa3074",836780011
"9012294b64280c565a88a1d8",718587271
"9017accdd4fe3229fc45280b",473571575
"9017bd24d173b2fcf564b32b",893294847
"90186e67d802be6d12eb3696",577580434
"9019f1dd02ede61479b62406",517329214
"901e3b835718ccae27c8831b",745157942
"902d4fc2c44ae5ca2703426e",793987086
"902fbbf9f5037be8759775a7",911859170
"9030f17b47b3940c2e2c4093",543580093
"90332d50e91925eb9b614bef",597564504
"9039bc918a76e486041842d0",533333970
"90470cdcdd2b813b39f28ab3",627561319
"9047c4764f2c6b1a10b87e99",824538209
"904ad71e7d108930d69a7332",614403645
"9050b1061469970ce28742a7",452686900
"90511f2411d4a37a7224b995",613839373
"9051c6d14018b4894b560e2f",903000466
"9052c644813d546987a72305",504456454
"905cea21c0ce1cae97fe86ab",860132720
"906014f0ee3f3f4f0576d4da",509739521
"906e1f2e1bc5cd51a55b0266",665826830
"907f968e78d748fde69dd44f",666801578
"90822d4e3a369948cdc4d998",662020732
"908330b0d2651093c0bb6719",901897125
"9086e6e757243bdda003878d",910083920
"9090236db3ef719edf72a330",916929812
"909182c92bbc39b00536ce6b",439638902
"90921c9fce21986dd23bc645",715452771
"90961073d9887bc1023315a0",506661198
"90a269d52e47c1705f9b6cf0",798162987
"90a43053efa1d292af692a87",486384830
"90a711f776d53cf654614649",746847526
"90ae7af091c23957b88de5e9",543580093
"90b04117887941ac898a67a8",474186048
"90b25b6b913c1bf0396c149a",492568171
"90b28f5125a0b8a0e3b10580",665826830
"90b34ed38e0f18988f11d77c",642254391
"90bf218565cd67ed83240033",948268577
"90c3b93badfe7231410e95bf",747471107
"90dcc3f9428a4e7cc396a15b",719654820
"90dfa0d7be06e7a1dc15770e",535051868
"90e00fc58569167c00fae7d0",558380251
"90e62f8656ae504bf6175e0d",558847836
"90e858d3740d4aec0fa21c12",588651474
"90e94b7e392f84e01a5f1551",934053980
"90f0cf22cf9c8fcc290e495d",506661198
"90f320e94aa429856e37bb35",459327495
"9120f0e5a6f505a2553bfd58",645245078
"912471caea3c71e3f9f70877",667629815
"9129b78a741bf5e24df5379d",609463364
"913cdfdd62e35472522d0a6a",493771583
"9151a8c65e1f01ce591c595d",624500591
"91561030d87ff5bc0a497f1d",559090500
"915842a8a03914c08a6607c3",458914225
"9168a08b1fac4c5448626ff0",624333713
"916a413537580440c4ac6028",644210402
"916f946082d03023ffad6f2a",633332925
"917218fe1425d2c222da1ed3",614772665
"9172caeeaf6498737fa0c6dd",818224734
"917829a0aba571cbe794838d",658974682
"91892eac5e9565b12b2a99f7",460029328
"918947d51e52e0caf692f22f",481650665
"918b0d900ead8267aab4cdf7",644823312
"918bec54bd7587daafff66e9",817613212
"918c48a512fd6ff22fdce5d3",615228291
"918dbe66979d16b147bd3322",614890262
"918f56ffe325f21522cc60d3",484052271
"919bdfeb16dd0bf67787d53e",580863644
"919c1e281329379c4d130416",868076607
"91a08474a18644c43224c62b",486729034
"91a08f81b621333ac58c3845",587698794
"91a73bedc30e0c2acd95d6eb",678202480
"91a7bcd95c0c960e4cc22d91",610477787
"91af29fa680d8033188ffc39",679765045
"91b57e8d6c41b7afe949bcba",485596129
"91b8b9db5372a2c3a5c30c58",584620642
"91ba0c5b21b52734d1e244f0",595535902
"91bd11b5a8e0c0124be78f46",481366890
"91be1260a84ab7fa3521c495",705939188
"91c4f018fc7939d150593935",786889969
"91c5967cc1acb3f108d6e0f1",499493095
"91d265ffaa6b407e9747b15b",938187180
"91d35b9421c4982b54dd520a",591629720
"91e2f9f7d4ed776d38a3274f",624455774
"9200d647b6ce9aea67ff8ac7",805924055
"920b50f4355cd2674ceee068",674630881
"920e2bd03c9d34e36fc38ad5",885581586
"9215d29512b14aab6178da01",905511092
"922c37e46fe9e75e73fc1f35",546875272
"9231ec89e58a3daf459c5b43",903320217
"92369f73435d1ac3fa95f185",631242255
"9239fafbffc066dff0811302",467409049
"92507b623f039b4ef5be8870",614771268
"9251f3dafa0e747b6e78f295",597968973
"925754da6fea9c9cdc06e18e",732061322
"925b457b5df270a68b84753b",472816621
"925f83e20a153a1e094bc606",843743394
"9267fcc93ae3b6df8c12d9fb",475953785
"926a7b18e48cdbf6ac3b396b",587550379
"926cdc0242544bbc850520ff",557690427
"926d12cfe05643554837664c",457139232
"927de0269795dbe0566a0326",744271423
"9297c340db8a74e10dbba148",618753818
"9299c976b1afe4d2c0bf351e",762994768
"92a1a8b617b6d2c3669167a6",678464169
"92a9c07259efc617e7d58f9c",590874692
"92ab018394a5398b832d0b97",613435679
"92b3b7d8dac6b2f6d5fcfd9a",513186384
"92b772a38d5e38bb51a3f621",546682345
"92ba019bd942fa33ab742924",615472050
"92ba222e2dd63a4453a30637",616417082
"92c4faf0ba1fbac44db6d1c8",506274689
"92c5129009b7e377fa004a93",719931421
"92c8d6ee8496b91821d7ba3e",697120544
"92cade7b5347d1c00a48a1fc",886385196
"92d7d4fa9fd09075bec14a3c",867742910
"92e4dcc5911b42e7f70311d7",624253273
"92fecc04105a999a622ba3cd",606757293
"93086ab3e32aa9599708382a",758428809
"9309d812688d0d2bdd33d830",704115886
"9327563b40f2a0f888c68f28",905611697
"932a93e3ee2093d7f806fef8",580512504
"932ce2fe93b8e1ec0e7bbc8f",482990771
"933018604a8d5a9020aac221",673658119
"933251193ded6df07c83128a",768448528
"933740e21e9b61721b2c6053",748082097
"93375efb2e74f4913d21d94f",556662024
"9337becb0628955b47e45b98",745995099
"9350225547486ad75c0b5ab3",862402901
"9353136b0c791bec58f93ad2",527147792
"935a1e8c7e62ca9d3bff398e",705939188
"9362189c5d784741c9b0f8e7",624953859
"936307e2f478c3ff7b9652e3",624455774
"936cdcce007bce08a72112b7",614374709
"936e18fcf06ca3c46eda7c8c",613268494
"936e6d2192f28a2b40939a4d",765052018
"937708417ef2642b7d05abad",839421179
"937876bdc44c3b8fe063a9aa",576107976
"937c0b6350beb0f51e53ff8c",553637935
"937f0b37f566f65a1871615d",501903431
"9381bdf491d48236e84590fa",569713975
"93822a34ec8dcf104e7f49c4",726135492
"9390ae5c166e1a976e53e16b",509564138
"939afc1f6250d528b0be8e3a",625639312
"939ce1536f15c0e6bf203dd4",834191732
"93a1aefcc4ccafe4866bfc76",536234261
"93ab279de0b7b414ce758153",720107222
"93ac0b004ca60ea56cc2bb9f",605872356
"93acd9176ff299221e0d2152",795697046
"93b27fa67eae8cdfcb846772",784756427
"93b7fc7c4f07a7f117e687a4",612264647
"93b8ea95ca1c1ff3881d91d2",531419810
"93ba409ab36d3e10eaae18c1",775210807
"93bcdd2a8ee1d5b61d00d58a",797392529
"93c24fa31fa780d28ecbc318",512138184
"93c5c5d9d1e99824178be9ff",631189456
"93ca9e75cbeaceee69b4f0e4",487428966
"93d4c413d2a1ac59f1b46830",614102765
"93de58cb0d8fbe74b0cbb556",741133263
"93df4118ec3536b312822d90",941773708
"93e443a5b3864d52765e6484",831615549
"93f5694b4854068f42ffe55b",523010654
"93fa1c8ebb75b77dea76ab99",649038811
"940dd8311f2b49d4ec212fde",582864116
"940e08f8fc66ac29f6d76687",823043731
"94116b7517a06255bf4320c2",835908220
"94118bd8c3da3f14f9c7836f",516434027
"941392f9a135909273422dec",613982384
"941569c4352c3a2e32c908c3",884292694
"94160aa4e5c54bb479b1d0db",490799446
"942133ad6b84f9d08e1d4e7d",858817134
"94213637892f5fe643cbe8ca",509251044
"9421ce9f204f373a50357fce",510361154
"9425283b41165156aacfd43b",539074909
"942c934c0d41ab822d60c795",555154670
"942ed340950f02adf9749a36",465650500
"94301e20cb91669986c4b34f",467383648
"9446f801f30e8b2997fbd72a",798162987
"945202a450bea48fa7f2a95c",661418585
"94535dcf38c9c6461a73db02",457398483
"945f85a061dc4e95e779e27e",831464895
"945fad7539481410e8bb60e5",570560106
"946eb4523f76bb23d0348309",727390576
"947421747f33db213e6b1326",585646228
"947ba86487536d611f548142",785655089
"948ba87dfd7993460c967cb4",553149644
"948c392520e1cb3a030ce86c",862440810
"949184accb5878f82fd5c10f",554341793
"949292b23ece12b655122038",511126847
"9499edd83df77bd6a90560c8",493629837
"949c4a5382aff4750b4dff83",718374743
"94af5eccfe170cbe7d428184",512584439
"94c15574aacdc5c3cf5a406b",507237183
"94d3fe901550dd4ba77ffbaf",935940630
"94d91969cc4b9aa1e856d801",588290086
"94dc108f1d146641b221cb81",497201438
"94fd4bb5f41087921ca12b58",546031535
"94fecb92077ffe3a72aedec4",557891404
"9511afb73b656135daaceb43",804824574
"95173735a8f6e554f083c065",640209035
"9530217ea0b5d2395adfcc9d",864706441
"953176c9a901b4f61c030432",610432218
"9535ab027f9f2a9a8fdc21fd",499371125
"9536c686b6ec514d92493f9b",592883835
"953fd7541735fa8d9a342642",803628223
"9543c16bd5eea47111e6b266",490398462
"954e3065b1e8b31a68f6d4be",513025923
"9551dc6098b721dd495e5c57",932075564
"955544a0bc2eff312e965c2e",937415215
"95561bd325f60967cb6653dc",635232502
"95570bee1792641c7c12e4ef",799393439
"9559637fc2bdf96defd2438d",780877447
"955a15a734e56eb287555307",481194171
"9562ef63320854bc6f94b5a4",495244625
"95632ec6578a204881694dc2",567224613
"956600c9a4ed31e588f8c593",839131814
"9567966987eb1d3117677cc5",484358414
"9569a50febeb4163e28c192c",833763699
"956ad3b1dcbe8f236efe2d2b",552482225
"957731b9940c9131d92a22fa",830993022
"95781f187bd3fffa3d1b19f5",522368002
"9580bf8358095abb15a10c36",474084655
"95815bf7c79e4bff3f41b233",765150035
"958f3e102c6ecf5f6386a004",512285582
"959397711c3f452486ae591c",718083360
"959b2293af0ee4f7c9fea7c0",626438839
"959b7ea50d93bf1c36e35005",840473944
"959d0cba47f650933b9a5168",882135512
"95a7b01cd60cd10e7364a600",597646113
"95ade3ab8dc04237acd6441a",506661198
"95aebb36dc0b4ea86db49492",862565665
"95b822f76b4d3d6ceb0c5077",698937100
"95bb852a958d7b16fd676e3c",821063118
"95bdebef7fdc2ac0e9541c51",930104941
"95c9cee9b36fd1d68f647aa5",515193047
"95dae083200a9e43a5aaf210",874422916
"95e561c7292d64305a2cf4f9",747807380
"95e5e774dac6f0159e8afc0d",596659024
"95e98113e39820523e95adf4",510761785
"95f17e64d2222c904a7d42cc",569785670
"95f27bf0d25bbcd0d1eb9cdb",735038285
"95f7bbdcfb59b4cdb41b0394",647662918
"960c9349b6ef9b747ebe5829",868076607
"961886897eda4b0ce54d1d82",836676150
"961baf163a07179bceba67a2",926545656
"961de1cc8601447b03682e1d",616572278
"9620068cef0622c404e15960",524526959
"96298da2f44ca873f345867b",627057094
"9634cfebe7e6b095f0065ee7",573507121
"963985c57392ed0423d74caf",614442652
"963cc728f3bc207a7ad74ec4",684930179
"963da21c3c571d7bbc36f1b6",602213207
"96448fa0eb077563a2d168ca",577448725
"964734d3430de94d22c927cc",455767993
"964b7d9de17c1ce396fb83fd",484104672
"964e9c3f87176e761484543e",680121425
"9662cce3c4b92d1c99849899",680035409
"966e8fc9af08e76f8b276245",530655349
"96786aff35713dc21f6bfe5f",909810031
"967a7676754d6f9aa3e14473",469257909
"969219d7b193ac92e7a008ec",589905846
"969b956eb7769b6f509d3ee6",909810031
"96a478c359fea0014fde607d",782119330
"96a77e8e42d676b0da3fa572",631100169
"96ad0e75433cc18f20ed83f5",719703802
"96b3ea80cce599b68f96f86e",647662918
"96cb3c08c80815907de81e73",589472214
"96d14697ed6847ee757d113f",475082954
"96d14a1d29b7abc2cad573cd",557937919
"96f59167d17d1c99f31be997",779913152
"96f5db1dd0f36d1087172fcf",587500945
"96fa88a07329d3988b6b41b3",704962517
"9700892d7133ff2c0d1763e7",875860790
"9702737c9e4ecb12d0f9ea5c",650622782
"9702cf3039b86f97c003e20c",580327685
"9705748d2bb061678a80826c",842407051
"970c0d4928a9292748c0fd00",829390537
"970cb360eb64128037be7e23",644343972
"97106114a8d353ffebbd07b7",612740718
"9717b066e135a82feb422181",557612353
"971a322e9087b67650689ea0",870874368
"971c610e55f133a1d1e6c2b2",823239579
"97337d2f347a50e0ef518516",472993417
"97388d009acd9e5ad49e7c4f",471952247
"973ab56a202e039f5ef37353",509973680
"973afa2d67c20297aa108bda",524289869
"97419310c7e696dc8ca61f7e",767392083
"9741ff1b895a038c32205784",650622782
"97439d5a82f970e7f50d51b9",759072353
"9752758072e096fce6f7f4cf",509582731
"9753470e033b35407a2eca2d",735697352
"975482a692bb98df98b2f243",488758557
"9756b47e9dd47f99dbb23115",746637677
"975ea2f56001edae07f28fca",468015525
"975ee5aeee84593bbeb331b1",444225890
"9761b0f43949eb5307472ba2",752317003
"9762ecd72557ad6728274e1d",615812380
"976945e68af6a66f6fb0850d",541606084
"976d317efade1dd77ef3687c",507260708
"978195f1745ab7e3d69e1f50",834833846
"978edd828fc71300e6723e06",748911582
"97986583e1c988373765eab5",746184578
"97a22807207cdfb341d5c50c",454541434
"97aacb0847561f45a5540f21",631100169
"97b12012ece8a740944aa547",650622782
"97b57932e5e20416bad6919e",758759514
"97b69097fee8d8496a6b8c04",573448503
"97b791fd94b2339ba115a75a",730564852
"97badba651a94721af5df3f0",626810876
"97c799300453ab511bd06361",667329628
"97ce3e0ef38ad12f7fa8c4d0",453643049
"97d49e61c1ef55451e52c8e7",811968327
"97d64459dfb368b1f6067ab2",818224734
"97def72de478566ad58020a3",593758829
"97ea5dc81ba49ade4f8f580b",574677185
"97f5e6ee143998e0b3fc97c0",635059376
"97f9cfef1e35be84ceea2a46",906884823
"97fa4be3ed93c37c048f507c",492645068
"97fc10f5ce4a6fd7357381a6",553149644
"97fe6eeed892111bfa20255b",472715876
"980bafcd065c8e3d6cece127",705663459
"980d809e549333b475477bf9",505935023
"981b55d5c38361caaddaddad",598176444
"981fcb79db3881259eb303bb",526883828
"98318f22c00ab335d8aa23c0",646869433
"983503bb75d84c410d1c5d3e",911859170
"9836bf9b64f27104c7863b79",545257000
"983874e637a1a5782f31089f",467279066
"9844c3773f7a50c71f218e99",783043302
"9847a4ab995b7b1c30196704",936679491
"98502628de3c4fd3905000a7",650149481
"9850d970fe9fd9bae89f09ad",727743652
"98510008e150296ca9d27d0f",616658460
"9855712ed7be7e865656de13",741480981
"98575cb25b358dde32ad042a",822985333
"985e40843a30150e6892e4f9",795045942
"985fc7ab5aabf1831ce3d298",674520236
"9865836c04a9582688f50496",490156978
"98665b825fb3a06b914d39cf",810095580
"986defbe9082519824ebc882",652536637
"987199d3a23c08ca887b301d",757436125
"987476ca395533347581b2df",600264124
"98799228c26c9e4899bed65e",561933233
"9881fb167319b34cc23da955",863657289
"98865eb2f40b8a30893cd351",496725542
"989360149d9cc6088391db4d",745977707
"989a4fc1590097414d7c3fa3",507260102
"98a0289e513d5ba036b24252",549304199
"98abd5139cc3ea136faf7c8c",652182993
"98aee6a36f208227a992f9b6",897170374
"98b77fc0888335702d082f8b",743665406
"98b973c8597d5805f87dd074",617048492
"98c5b154ec80083bf6f51835",725427330
"98c98982020ba42198aeb45d",666763781
"98c9c866109bedd605ab7dbd",877074290
"98d7f0935f021acf313630a5",715053928
"98d8411005ac05d77cb12516",695965709
"98e04fd660ca1276d1510a72",545463864
"98f253233bfcd16533e2a448",880792484
"98f2d7810641693c44096ada",581974833
"98f89d21e5dbe53f8704e745",748517283
"98fdd3fc6c9447d0f05eb1c0",497663125
"990379c9f9f210206c6f1916",870570170
"990c8d65ca11a97a1d34c5e5",669072460
"991a94dd1e99de493672da14",493771583
"9931470b50580f51e1a4fac7",533707214
"99340b6cf8f818392d501e9e",902923356
"993898470c6676ce46ede92d",638227407
"993a18ae04d78d374f854262",631880523
"9943a2530009f62cab6b466f",544536652
"9949cbc958bbc0114404960a",557524033
"995362e3fea8e54538ac135c",509066387
"99543a17b33ab955d03adfef",819376293
"9957ccd807718945178bb847",864483587
"9957e5492f63fa295772246b",818557966
"99587dcb4237fe90acb15b5e",497233615
"995a5799d9a1a7e4dfe4fe34",771345678
"995ba6d1fd63d5160fb18e71",783596277
"9965f598c5b95b3cfaac50ad",682220217
"9969f6f4bfb29e3a97c2fccc",613151694
"9982169d6f3e9ca61dacfed5",694681497
"998c1a6ace613d8a7468ba5c",654604269
"998c864a446f06d114f42fa2",937356516
"9990217fa4eae1d1c4ed051a",884616247
"99970db787f55a4d1963942e",481567313
"999c8da7dbed7412dcbafb70",709260688
"99ad7b36c3c916393e951507",551136442
"99b31d0b5d5ab75a2653b1a1",525845700
"99bdce7cdea643b0442976f5",800325046
"99c1b39476ee8e2ebfff6ffc",621285607
"99c539fecb3bc233288ff905",652242727
"99c69eeb96e1016a7e53b33f",619390242
"99c6f87ac92cc323c8caa005",791826230
"99d39d72083d7485e8944a3e",523308791
"99e48a46a1a599471d3260e0",465789834
"99e860bbf3033ee4654d393b",617668826
"99e9c4f8fd7fb7929da10a20",460024607
"99f10097f39b32a478877340",546161147
"99f1712af0fe96f67d11037b",524051525
"99f8eedcdc31cc0ff6fda7a6",475683576
"99fa9611d644cf325e20e603",905089525
"99fad8a7877c57c0af05b318",555139587
"99fae85157be04554b236007",498349211
"99fdac6a2ddb1136f7117f0a",504702610
"9a08127164a0bb61cefb3680",467388562
"9a091c59b3cb4c730372b34b",468088737
"9a1819c45b01c341647a2410",604812330
"9a2051367d6dcbd90a4d60e0",713595290
"9a296eb9b63ffbdf2a07cd0d",808875644
"9a2b53c1c7151a8b26a71edc",484845386
"9a3368605e5f563e29182f3b",510432814
"9a354d8c526efc5bcce59dca",753884487
"9a38e7293e9ad7d8462eeaf7",798162987
"9a3920f803b087c29b487cec",554503814
"9a471715e4c4865b822a6b77",490398462
"9a51784f33b0cdfce8312163",550158322
"9a53016fdce3d3b5c2baf3fa",674428509
"9a565e7220cbc3d5d340e8d7",689258536
"9a5fdeb5f389590eb46e7aac",900589224
"9a61bfe6ba2b8364a92e5a97",877142712
"9a6440e5318b2de28b180a2a",874587915
"9a65fe451b30c59beb3d62ef",587788194
"9a6849637f1b8332ab289e27",905511092
"9a6a8802cbf3549870c55031",466159332
"9a6b537a7319b3446977919d",954432529
"9a6b77dc2c414f0baa11effc",485085993
"9a76a405640f670c6355630a",607426596
"9a76cc7c650230c670e703e7",589507472
"9a7f24ba55c92696d377bcb8",849364932
"9a889078a0225c013570609f",453446089
"9a8d13d56d677379ebf9a347",897170374
"9a8e471c8f4488c3799483ba",485206429
"9a9553eb431458a3e30fc672",606735434
"9a958690c3947f5a8f05cc80",898898649
"9aad22f3d25e46538e1558fb",796080915
"9ab245a4c91877cb7a8661ce",847566354
"9ab273eca8cd5dd4b6339ca4",469823443
"9ab385e399a4673732b6a799",821878274
"9ab4e5f8cf2b807603329cdd",605872356
"9ab5ef2c5650c4bd05248990",471952247
"9ab74e81283becc00a779172",585885196
"9abad9f79352ed42d1a9f099",469406155
"9ad9ac8728cfc2387285c24f",535051868
"9adaadeeaf6a403e1c8754bf",699525290
"9aea45bade274e4ed91ec301",574567021
"9aeed339b2d916cc89f38bc3",702285176
"9af17837ac2bbe7c8ba16e0f",536269329
"9af6ac77a9aa0c6da3cdaeb0",457058113
"9af956dd8d83bc715592b97a",466073146
"9b06c7cebd33cd26cd6cc089",905511092
"9b0833992397c6e50b54715f",602477610
"9b0abbbbfe0bc85686304ad6",539457569
"9b1223cd8c9d7b348d6a5c94",834833846
"9b13a371ed4724d2e2966447",682357207
"9b1590945c0c7f7b0704d287",607741830
"9b15aa6c85804621f5c42566",773600264
"9b184e58842bcb14dd42103b",610694148
"9b1be976725ddd512cd222a8",652536637
"9b1c23d616e9407fff6553d6",473008525
"9b264d26a196a76951308cca",591326288
"9b2c7e6cfb2d6c66e1ee8a6b",713595290
"9b30c679d7da9169580773a1",744078264
"9b337cb1451a8fb078dc9a07",643470031
"9b3557302e940d4da341cdab",540687672
"9b3677d498c2ccf69c756ec7",798162987
"9b3846c7abf642e0a6220e7a",495867801
"9b3cf0d1b91b9c6a2a887647",605186257
"9b58b5c993540ec3ab1e4a0c",557822105
"9b5f013e795f5fa610d03238",509486303
"9b7de95ec90da0dc8cff7011",558114851
"9b7f17ddae12105d47fad7eb",786492862
"9b858a70a031475e422e375f",771960518
"9b8d798a2c455a960ee74503",510164284
"9b948f070b94c18e00a857a7",491512872
"9b9db425b698a4931173b5a4",612059188
"9ba689b29d0696fb7ebc44d5",862565665
"9baa578a930a94f761119fdb",470891339
"9baf7967c49fa209de8dda95",756016012
"9bb193ea939c5308a738fcef",524285009
"9bb9864a6bcff25b17477717",586103693
"9bc12d9c9ad95064412c3413",821190765
"9bcd34e7a974c977f65925f3",786926205
"9bd500fb24eebd53d8262b62",791861397
"9bdb1bc52a9ddfe92e6a948b",750028973
"9bdc79dd02cdf39f92e8c869",558659949
"9bde9f216ecb90814670e87f",600774157
"9be92b361ffd3ea2c69be23b",574579870
"9bef4aacc63605f2b2b62292",557441968
"9bf2e0c1bc82010e92da2540",641673748
"9c20784acde0823e9479be2f",755390008
"9c2c22e70cffe6836f554f24",528270749
"9c2c2b01934d1d519e651786",649048223
"9c38b9798313a3091d13b340",666287127
"9c4ce4e9f12764544cc8bded",824150881
"9c4dece6127f1f3f3bc1e0f7",573335835
"9c4f397c093dde7de5d485cb",681229563
"9c558e10e5bbf230f16968f6",725587029
"9c611e246a612ac6906abe8e",879130977
"9c63c6c27c74c03f071385e2",635059376
"9c6a01e3c7ef87d27185e9f3",829091698
"9c6d7e6260e4fe83d43706d4",564203633
"9c7bcf000cb37f48d9f15422",650270175
"9c7c68df14c238ce0b497dd2",650001175
"9c7f7b0ebe440f60d3bd478e",464844875
"9c942287410db3d0739e182e",568444746
"9c99a85c5dd878568582dd9f",554558606
"9c9c2f05352c92c02d080e96",898539725
"9c9fd309cfb505b628f84fab",824267208
"9c9ffb3401ab6ab90fcb555e",898539725
"9ca0839c9c294674e86eb691",887537872
"9cb40496518bb99a7a00a2ea",871797890
"9cbed1ed72b444c22d8c1614",712102477
"9cc3c05f0e81b8f6454b80ea",523726151
"9cca7c1e9ff65766c8dd2e29",537383942
"9cd01a5cba1674559752f5c4",884292694
"9cd1127b1bc10db6b8ce5d4b",798326072
"9ce3000cd80aeec2c5188e8e",576642832
"9ce7fb3190866e6a02e01e26",574671387
"9d021f3fcbe5f82fa1c1fd94",509066387
"9d028997ff036c154c3fda0b",744000308
"9d0ae0c4dc11d8c6d94e545e",609411411
"9d0d2774fbcb6fcc66b865b8",635425891
"9d157878dbb41c14b52a956f",541984990
"9d18c354e8939c9f18598f22",484217100
"9d2a195e645a9e8556683b4b",612122101
"9d2ec1ed9eac77d534ed514c",543580093
"9d348aa70957592dbc56ef32",757277846
"9d3f5b59b9735da05588b3d5",524944555
"9d53330b44c300e396cdb402",618940093
"9d576cf721ad30ab1a4fd554",472785022
"9d6288cfead77d622f5f5b95",728526530
"9d64345229b60ad1853d94ce",636185990
"9d6810aa1035e91b72de6a26",507293650
"9d6be7123f2c6e610971374e",808346798
"9d73758bf7569cab4837e49c",661809274
"9d790c8c474c9de2afeb00a2",483531043
"9d7f161ee660b1bcb54574b1",798326072
"9d7f2c004fd359136a662c9c",596845391
"9d805330fb0df9ae73003ceb",679312824
"9d892f73b02f001c2f715607",496442315
"9d8affa93ce4dc7c1a21b3a3",917161519
"9d8d3e6fb432174770c74e71",665731866
"9d8e7178912841c2a1232ad2",545865347
"9d9564415e52518c2817f66f",569418744
"9da00f8ff8e19d26c1342274",948284665
"9daaca90887e5144c35daeff",526817953
"9db120a76af04028d2f0ce68",469343089
"9dc0c6ef8389978be58daa59",829654518
"9dc7b0a394309d8b76d0bb7c",792875035
"9dd98816533e4ca8516a5474",850450129
"9ddc14c8e7fe7ffb078e0019",695324500
"9ddc1924043ee8361201b39d",757858445
"9ddc7272fe43f07035d3da63",905511092
"9df0663317db1cf4121a222d",776902060
"9df90c0644948ea5539939eb",797739426
"9dfd5df5a2efca3fbf2c07c8",540149936
"9e07dd563b6ff4572f5d9031",683047959
"9e0feca2ec3043ae6f840631",911859170
"9e142165bbde850d4379a49d",548399071
"9e28972500d8ca3fb3b76fd9",915033461
"9e2c21d635fc25f7790cafa9",493649527
"9e30b310c820d0426f504d90",488974940
"9e360588b18cb15aec3b6609",478939514
"9e3bbcdba89c647e4ce53182",613672078
"9e41c4b41cbdc2553d80e362",681521191
"9e41f25cf2e77f3fbe903368",923761793
"9e45b127ea0303f973bac9d1",457935040
"9e52ce2cb6f6b7e2a152dd54",662687246
"9e590ad7d22105456bebc767",840075647
"9e5efd4741a57b9af54e9265",612759234
"9e617d1fd8a4f33d7b66098a",892897931
"9e7ee8e17b1e76965e96ef95",649380662
"9e80db4c35139bbb18775644",864545813
"9e858250fcb7320b65bed9c7",866332013
"9e871ee8a61b183aa9051b72",650622782
"9e8a11484838eed1f4673a32",636310270
"9e8cbeb53820394a460f0879",484700631
"9e90e02c8ed3ad137e4c3abc",475200270
"9e92b27f554068b7dfb640cd",468890940
"9e95710c61a4706e21cf70b3",601906946
"9e9e3655ffa5921889cd8ae1",910377382
"9ea78159ad117bd9c0b04291",553637935
"9ea7a0d65493cb5487ed2084",546026712
"9eaaf577807d86ab64fb14ae",484217100
"9eab02171cb5f15963670172",936679491
"9eabba4531191127ee91621b",940613090
"9eb4041ed9e159ec0d890de6",482285258
"9ebe11eba1a88fcb24fcd141",543415657
"9ec426691c80918203394ee1",474084655
"9ec5fbf8767dd0d2744a79b4",737439935
"9ed0bcdb62b2223d716d40d3",711293456
"9ed988dd6739eb7ad7aa5a06",678920678
"9ee3218bc61636cf0d7f8107",651664825
"9ef3691cdc2bcece41b47e78",840122641
"9ef498b11563827597c82947",587960898
"9f06ad3793ede2ba7f39de43",592040442
"9f0bdae4f8609ec93588de3c",716914040
"9f11661702873852a3d65ed6",477913775
"9f118569fb8b084f0615fa22",505349749
"9f149071cf61295815e3f875",713595290
"9f15c77d67021f349714806c",512328641
"9f2498c12d7b41c213bec0ff",468554652
"9f27627b9e439fce085cb01c",487428966
"9f339d547d83b4ef956a3690",655267416
"9f347bf53e4ca4d264a45241",629649338
"9f3680d00c86707fba024dac",607766943
"9f37bcaa95fb0044aeef6075",590372025
"9f3dfa6e1422f6aeac527c61",551703705
"9f3e09a3461bce2fee7e1c40",911692022
"9f41ce015f02d67e193c41f5",508872787
"9f43c80d2fa31a09592b030b",657107654
"9f4a25a5550f016ef2370229",725930532
"9f504cc4e6b170155d38c687",543580093
"9f50ed2b7e40847ffd877f4b",684994949
"9f52855eab4ca5161f1fb492",723407838
"9f5cf735a842860e7ac753cf",651364314
"9f68ff98e302ab06df4fc672",505457222
"9f6ae3eaafbdfd8d5c0e64c8",830833216
"9f6af9ac2404a8d55f24286b",585709679
"9f7204b4bb3ffb8591e3164d",839805900
"9f8697b55cb665ebb054f9fd",481265544
"9f9f2548425519863e2cd6b6",476181212
"9fa391febd5d0a8e4c6ecb8f",491218165
"9fa39c9eb4b10a20dda6c3c2",635232502
"9fc4385ea76cabf741d38789",507649446
"9fc8c3523883947769b2fe6c",912859677
"9fcdcb2be94744d00e734a3a",756526154
"9fd4adb5c63fba5a11661b23",467983933
"9fdbab0b428f19e7e8dc35b0",872548463
"9fdf7d85fc65849cda3afda7",626155219
"9fe75dbfd537f9ebc6653f18",619160327
"9ff06409b37e5b5dece4604a",562574684
"9ff08a6ca1c63480c563442c",824267208
"9ff3268cd15cf039ab958413",510761785
"9ff3acb07666d53f00d1f1db",633450667
"9ff4b1fc1970cd5c102cb755",847324123
"9ff5828e084070628ef2ad96",509486303
"a00863c7c53b2c059ce22dfb",476319974
"a0087db5e9e2cdd6073021a7",591043379
"a01a51af09a3dc387a18b58c",435949726
"a020e479dc5db78794a5fa77",867742910
"a02bf67aecbac445a12da958",903367698
"a02f6ef1f148659297d46b33",551957134
"a041ed3fc0b60fc4ce3cf847",594118942
"a04d3f4eb8810a346fd29ab5",896897221
"a05da8df13eb4b121d536912",613151694
"a05ef49ad8b2d6c466ac7412",820402208
"a06733f7b3ba964c20ae2698",829144375
"a0722c5527c6d3cd5cac9477",884292694
"a083fd17c5e7c9d33540b922",563632066
"a085fab6d9b9d8c24472cfb0",903367698
"a09413ca0b723170c26652a3",735275187
"a094be8af52cf76977fa5083",656795043
"a09c957598e6cde56cdba03c",550419213
"a0a8d63b5f43b87c0c7e1fb1",778326324
"a0b178016cd26a1d2072e7fc",508305877
"a0be286778d94153d3b22ccb",810299853
"a0c6e0c6fe41e32b3bcb2b26",637224693
"a0d5001f7dd42d7f0c91d2a9",472993417
"a0e15809e0a284fde27b16ee",748263685
"a0e26a9d56cfb3b7228e5d75",575059488
"a0e3198470f97f6a169044b3",756002734
"a0e53cdd1132bd19b8ba0c54",620302223
"a0e9310061ff0084d63dd242",866235674
"a0ecc8ce0592a40959bd755f",592832303
"a0ede3a514cede68b721d994",601198215
"a0f1496a0b4a7cd8b850f010",709149205
"a0f1c94cd34fcba92f59a59a",827594023
"a0f28aaedd12f3d0eee8c6ea",452718923
"a0f86ac00934b57d85b44dde",794210865
"a0fa0aca2f6c2ae65a98ccbc",635959793
"a10055de743532d7b7bd29a0",685355601
"a100f050c34e438070ff487a",561875315
"a102a0a268840439c2c8f4c6",497897568
"a10f459124248ef30f290cad",556359118
"a117f625c794b7d52ec67cd4",620097019
"a11a82cec7f8a243e2f90539",795742072
"a12ac99bf63b547fd9180a79",458101676
"a12f0f00148e564ef78838c5",693169172
"a12f49f4ac3c5bb0dc7d8d20",500142104
"a13004b87c6d7e7bf6b75730",522368002
"a1305fd943ae63715529209e",743446257
"a1320186028a726935bc1cc5",617022705
"a1368aa4d3ae850bbfd90bca",681598958
"a13a3638569b89ddf1260470",522364076
"a13fc9e9b4e47340a5d53bcb",630797676
"a13ff325f90eb49363f59052",832308756
"a1421c30fb33a249bcd54394",531113723
"a14506a4800c27223fc34728",843516830
"a147a8c29757c5d0c592d347",513449416
"a14f071d8e5c338d9ebed23c",540264413
"a1508f30ba87423e7393b4fd",875860790
"a157596804522e03efabce48",648539234
"a15a12446d2e5993a0a6c423",681850486
"a15aced0fffc97e219f99545",504048593
"a15bf12a6b8749ac8f9de19c",498244641
"a1647603f732f97a99f5ec6e",759624646
"a16ca6293e2ee2969f3334c5",669061922
"a173eb804f4bcf6bfe889417",878721692
"a17807447696896bb61ef8ab",707346199
"a183a1c009abf7251fd725a1",794489170
"a188aa896d1b4520ccd6b65f",458263777
"a18925f908acda4171bfbe36",841725311
"a189bd7e4eecdd18ebc7d353",885581586
"a1ae6f9f5d02548c89b23904",768290072
"a1b0b8d18cd78b7cd555dd55",846987879
"a1c2003dfcdce97d21f9cd15",667629815
"a1c975ab16effc6f97935e16",783365710
"a1cd215fa99b8776818d0b0b",497402510
"a1cd867286d6e82181e5d1bb",669979084
"a1da74ec074df16a1e8690b9",867005627
"a1e38854d6725e9c48c128b1",457224868
"a1e8f0c7cfbfecfd1549b0b5",513502151
"a1f0d61cef676fbf798b5473",527019761
"a20435d582c7646db231e7d2",636889241
"a20cd5193779526b43612ebe",548255207
"a21923caba05da05449d60f6",758590694
"a21afcc258e50a538dfd43ed",499707695
"a226b4af016a772dc7e39ac8",590856192
"a22bc19d0d83b13a53630b7b",512486055
"a22ed42197987a8534abf76f",834320002
"a23a13e43f3e08ab82c6ef82",482990771
"a23ff4d1b2e24f537a75242e",613839373
"a24901956dac4ee0e4b0c91f",808875644
"a2522c9d3edb7e7a23a42b74",900935309
"a2529027db6b525e365e7be0",586263279
"a26149f589edb9a903782a3f",587961944
"a2645174e4e15c49331f576a",910475327
"a266efa4e41df357ac4edda4",856644846
"a26e967b288a1eb6d8e71d46",504514738
"a270fe47ba30ef0056ec6c4c",457058113
"a277d5e8216fdc3d7c93eb2b",711488086
"a280fe7610c254b935c9dcfc",482488379
"a281d59b685eda4978e0c84c",640978865
"a28a31f7d0e3fc6298606078",577933100
"a28b1d82d3f7dbf8746d5742",786889969
"a28bb09e30bca82627e595c2",796080915
"a2905faba4c1177603e6cd5b",888141381
"a293de027279019418c070b5",516041411
"a295b12b773127f15e83e174",527126482
"a29e18f37ded2e901181d7d2",593791332
"a2a1665a693852185673f6c1",906884823
"a2b576643f7a032371587e5e",798162987
"a2ba273b099221390bee92a9",527086625
"a2c033f497e62ea10ff8ba3d",662581332
"a2c3da753f0116aa5842d4ec",679312824
"a2d1de4211aff373009809ec",573215659
"a2f06081983f748fcd74652d",572653665
"a2f3f7a1cd573e2a33f52e2d",699348036
"a2f40c8227b466249d6cb659",683449303
"a2fdc7da13d098cfeba13b76",516434027
"a3021c7c465dfdd38cda9f9c",625373227
"a302ef23e1d0d6a273274cd0",457571814
"a30e69524af9c1bddbc5de34",573658149
"a310528e34207b5dd813df8f",579405297
"a315b497dd8e80464bf0480b",624786327
"a32d2c51f2bd5f23bb519d12",832379352
"a33329c9ed11ee8b87aad6b4",526093598
"a33800eaaf178e01558ee926",647069622
"a33bfa6cf99e26bd9c49f8d8",607145393
"a33de2559b5f56d1b3cfce08",544620128
"a343e6ec6eadb287711d3834",679442766
"a3460f00d48816ef66e3acc3",509066387
"a34b3b037805f2ec489a95fc",613318847
"a35450284f8dc27e0ed717f0",882465575
"a354cdbaff42acd1a0b5d82d",689233837
"a362533eea6c235049bf3359",707547296
"a36ff3637b7d2b1c52999ea8",893488057
"a37522af63bbed2f4d10900e",905511092
"a379656c49f4cb1cfc5b3f03",590413045
"a389a1ca097a820fd9af9d15",768290072
"a38b2d75349c56ce04f02a94",636889241
"a38e7af984a471331b2d758c",792830930
"a392f7f9ace844d712ab2b4a",882181662
"a39617b7adfeb6ae7d5ee5f0",798313031
"a39f9fd2f143b8ce1f7e1277",543580093
"a3aac701ae444b6d91b7bb0f",605522097
"a3b9c1a3b81f17e6b22b6152",470982921
"a3c3c9fc04cf2e2a051a12e6",549034239
"a3c45875c0834b144f834798",506661198
"a3c4d0ba7b85b9a6370e131a",897170374
"a3c7c54fa12d5b57dd997210",523308791
"a3cb2a035f98276076f2d848",484027150
"a3cc0422a37512ae124013d8",705939188
"a3d03a25f84f4d50d2a308b0",513116007
"a3dbd504524f980ac5325150",705455309
"a3f1214ea44063ad10956fca",723407838
"a3f32d81f4cd99dc85a16bcb",501406582
"a3f969063f78dbd95e6ee795",575413584
"a3fd38336516b98117e328b7",812441586
"a3ff6a1fe37a1bb736b1100d",803978438
"a40861d6573e4539ee3c23e5",585597893
"a41210034abe19957b317d1b",827971812
"a41222195e5c7d7987dc3c7e",464233926
"a4146ec09d782b08e8198e11",825616375
"a4173461aa676e09227559fc",460327425
"a418dbb6d04e505c133c6c1c",755333994
"a41d05f2ae3e022c16088bd0",814885746
"a42081eac6834da0560ea4ef",753519759
"a4325969a50a14c948446f9e",584636608
"a4410bebf9843297fe32d63c",583439286
"a446507813234e358db8b573",531776251
"a448d8246781ae78dae61619",718565324
"a44c7ace8ab50de7ed8e5a66",531113723
"a456f85bbae3f189ff424e8f",506809108
"a45863121bdec787e119b14c",483014638
"a45ba5d63cd1971de19c25db",857561451
"a460aea3370926825b0dbc13",917161519
"a465a567a4f60ac534505bdd",812087483
"a4683facc81ccda10e9ae388",798326072
"a46cfad2458ac7ca4134818c",574277396
"a470bd174fc7587dc1449c89",904451259
"a478fb93a131fee4119bb9f9",786150445
"a480b654e1b8b7134091e613",724807958
"a482103965890c922a66eedf",576976671
"a4885ce6808ffdb878c41f97",492998327
"a48abdedbe3d132276dbe403",731499623
"a48f29071cf207b27ddb03da",618400088
"a493488dcd906dc74cf8a604",612189751
"a49c2976ca4f24f3a6b622e3",573448503
"a4a49182c79c72854732594a",550136774
"a4a4a57cf20ad739291aafcb",532142376
"a4a5b6a844c14b4eca92dc49",870646097
"a4ad34eb244e48afe23a780d",544382598
"a4b16572b8bb786561baa3c9",904451259
"a4b23fbdbc7bbd45c5ebf80e",856371870
"a4b2dd2771f49951c027eef2",743446257
"a4b6ceedaf89cff74a292ab5",730701795
"a4bc87ad4f1ad97c0a63d843",837952375
"a4bf0c02f139c695845c9507",815090077
"a4c324b1353d2f7ea3ae9727",553497598
"a4c70eae507d630c2f285eb5",911153536
"a4c71322f79dbbbedab3191a",756640906
"a4ca465294c114b1065bfead",810249987
"a4d4d6480b56d6198c0120d4",858695394
"a4d5ea1b907e98be72b5c49b",512687504
"a4dba76865fbd14aa19c0286",870809420
"a4dec2ce375ab5e4bffa5966",596790461
"a4e4f56336e07304cb946b1c",783231182
"a4f272acb4b3b4f5fc72e99d",866019377
"a50640d13126880a423521e8",650622782
"a507a938532411f06c57ed8f",921671333
"a51ad0372758b2bbfe73f8fd",635059376
"a51d415712d8d6c8add7009b",858228267
"a528312b77b7f84741c2bf29",631881411
"a52bd93aa6b0d965914f1101",758585459
"a52e2c893f85b49e2499cbab",798877774
"a530e3ff6d7bc1abe333245d",625850480
"a53b105919c7b46c0cc1b003",572112350
"a53c748935206f61751dec1f",459327495
"a53dc5c58f7384729ba37a21",615290180
"a541b35c62878dc2c425235d",833739928
"a54b0b282edbd217e9509287",591962303
"a5587c93c012375dee920f71",653937866
"a55906464634558b94d9298e",567837765
"a55d7074220aa6a750297c08",888571279
"a5620899d410af623a3ff4a9",784955056
"a56d3b5bc13c9849cf676750",587279860
"a57350d4c79a415137281cb7",458529750
"a57435d71ccc5f032baee302",698765562
"a57a34c7486e7a40e8deb316",649227615
"a57d01ed5a9641ad64f7f032",569465182
"a57f40f00f80abc7450aaf9b",748795355
"a587c7419568288d68c46feb",651064693
"a58acad50184e66794d8d704",676178001
"a59320023948e2d915c07306",605220802
"a59e7f0e0596ea6633781335",702104659
"a59f1631e721d231eab4d146",910122993
"a59f39373ee368259b441de6",467504939
"a5a3cab55661982b7d30bc78",544941523
"a5a46af0c9fb5c0a03855660",842138706
"a5a4c0f268548993b61d65c6",663375894
"a5a71962df1b8bc45bf5547e",728395955
"a5b8869e9cd3d0cc32a0b298",836191323
"a5c85b445f503a56e0e2a924",905727899
"a600ed86cff36e636d204f39",593334696
"a613b18945052b4576595c4c",579700453
"a619d30d6f2e2aa3b9613c04",471952247
"a6259664a05091ef92129c7c",479322287
"a62a6094ffed3ea7a54fee73",506716886
"a632ececd6a023aae8a7b730",465980887
"a636ffa140f80412f003734d",819120252
"a639ec3b943cf90cb28bc1b3",546031535
"a63b4a22614d334b4a61ea16",816147034
"a63c26369cfbabfc9c2603b6",915033461
"a63c36f6e7e7ce7c7e7fe457",710104728
"a63ecc5539e8725af4128cb5",591845990
"a640228932682c0c04538ac3",781892915
"a642351076b7706a733dc52f",640749986
"a6555836840c7dd496ba9094",633610607
"a65655a4f42564ac48bdffa4",665690548
"a660d5809085b4823e287a5e",488953597
"a672cd6c8c284e14913222d8",559404744
"a6731fb85da65ce14468341e",487197599
"a67412a01feb64ca6e772858",833419370
"a678e89692df9b14da9f19b2",477942068
"a67c6f6400a176e0a07d6772",736645570
"a67ef3a182aa268bc4d9ea14",628104820
"a681d6e9ccc7bc60eeaf7e3c",841793955
"a694b9ab05641a6325764e63",650270175
"a698d80ede6cf6243fd9ed99",857854950
"a69ded1c20e05bd6b3a90028",735038285
"a6a06973b5a4c990d5873b7c",641395797
"a6a07d35b3834bc6f81beb6d",871033069
"a6b1ca7a4e91c4c0f4366984",685477901
"a6b992c9bf4eb32ab3d1df4e",540769087
"a6baf4631223d9b24de8b590",452534817
"a6bdb6221b88a24c9f8381b0",632755143
"a6c86ab7381f6c43fdd61a01",485633101
"a6d7b144058ebc326b9803bb",640314038
"a6da1996f66e545041d920d6",636567859
"a6dac56445613d70e49647e5",790668292
"a6f570e11883e74654898d75",807859469
"a6f616d63d134f14ced205d1",874364729
"a70b6661eda6ef616e19dded",511054925
"a70d32ccaa78ae9417aa7e4f",531942524
"a70d331be751cdc3bd0aab29",469749305
"a716ec25a219961fbe90f367",878721692
"a71d187784b309d65cea0b14",895549220
"a71d53ec4fd0d64f8c06da2c",821063118
"a72041a40ca87928c695b2f8",493771583
"a7283f1587ffd80f4723475f",469749305
"a72f5204153b7c92f52d871a",797392529
"a731b326a61043070c3c853b",600399983
"a73206cd21136b209f25c7cc",517897737
"a732aefa7ea4715325e9e80e",554640091
"a73504d5982fef268f5ff589",757436125
"a739d80c3fb6b166a2c2182b",464933381
"a74214a0d4d40b898ee2be88",613151694
"a742819d8e4cf8fdfda6e094",942120761
"a742f415d6c57e8493762c57",653252436
"a743dc3903eaf3576046ef3d",748458571
"a748841236a7a7fb33138845",461564397
"a74be48ad396ae4aa33ffed6",816546614
"a7546a6c6194506dffd65360",592040442
"a7577260fa10bf408f1997d8",693849627
"a757ba01a02acbdee50462b6",758759514
"a759e4c03e49c419c8f0cd2d",599754754
"a7618c242fd918ed894304b5",624218005
"a7620d5599ec354541c8af13",916929812
"a7634531887e969c9c5469d8",507399290
"a77d82703468f2f9e8f2ea0e",743759906
"a77ef77ffa731e8980d36b27",583824154
"a77f5c03a98636d90f50e11a",935864231
"a7801c67a0ddd71c50ba38d3",457058113
"a78417c74b8c99279912e427",788122129
"a787382d96ef9fce8f27bc70",949478368
"a792122a1b292f482caf25d1",485107276
"a792bde8819aebc5b2d73a6a",902475713
"a7a219e7cd18f3c4b83649e0",498845828
"a7ad9c8b5bae531abf68f8d0",622597099
"a7b14faa46e7b73ee4e95ee6",687924873
"a7b15424d7c025d885636a72",752594071
"a7b459470ef58ef3bed7437b",489713089
"a7ba3ccc4831ae7e539f0cfa",446120652
"a7bacd6f783756c9e7cdc068",496917452
"a7c7923f9a4d004eab43413b",933195306
"a7cc7d2ceedf4d69664dc734",515073435
"a7d8e636db44cf5d3ceb67cd",736937572
"a7df0496d6ce217fadfad10d",865232680
"a7df3d344010d5bb7dc70bf0",498244641
"a7e40088cf53acfc65f4b3f5",905511092
"a7e41393473834db30f2c1da",646480653
"a7e57a8be8fc8d8a844cf9f0",492392819
"a7e6d3c76bb5507e00ccb501",614219746
"a7e97bdf2d4f2f62f9889c3b",537704697
"a7ee02ad2a4fa122799a2dfa",943222477
"a7f0c831d82505044f370b1a",536805910
"a7f1397df30d6521c216e331",824688124
"a7f48fbdf807da68594e9ae0",532555375
"a7ff08f7e09b19c1546453fa",756838492
"a7ff59863f8719590146e71c",783075905
"a804849802cc0820d25f955b",491456095
"a8052c48a500926214eb2e1e",491218165
"a811af7cf12afb1dd9b8eb86",630797676
"a812ed43db71868625b351bb",828994760
"a817e8da0ada143ac87277ee",488052331
"a81abab882910584371c7b66",468585619
"a82fc744f537ddc6fbd16883",632166629
"a83921284639eedd4a511cb6",651664825
"a84cafc064a35cc0ad698009",558085795
"a8549fa4bb56a2bcc0e15b11",490799446
"a85ba83751915d8d5d1a0e09",722205950
"a8633d3336d097920bc8a9b3",652536637
"a87c585acf2a147e381005f5",497386137
"a87ed2154a2351cf26f0027d",680772972
"a8870552db951bc4e76e7f9a",524502539
"a88f4eeeeac5ccd1ba9b8a4e",857985347
"a8944be7383b5689b5039c87",828178760
"a8a2c61f2b994411af5d9bde",862781952
"a8b457cf82926e25cd862af1",665826830
"a8bb80d99280e332084b3950",607145393
"a8c5674b5d110d99a1e097af",709561836
"a8c662f906075eedb098ae5d",611603032
"a8c9489973c54b93737dfe20",595535902
"a8dc954142c54e570bccdca5",572490196
"a8e1adbf076dd737c079129c",912959902
"a8e696037f8747f562ec98fe",556958256
"a8e74eb5eb523143cb291cea",800548269
"a8ecaa9120c6da21229cf145",757712644
"a8fc825e34bd9bd56ec5331f",617800674
"a8fdb6fb681aeae4d5c22f9a",758428809
"a904fab9fa4f41a11f673fd9",924300812
"a9054883a22542257c7e778f",453643049
"a90991f865ac81cdb3de201f",623654584
"a90c60e05e29b77963a11246",576642832
"a90df94f959030227fa015b0",570775990
"a90f7cd68b662c87d9fc2d5e",698176552
"a910019b3d18da92b4c6862f",727976527
"a91664b9f15f9d6f262e7b2e",911859170
"a918c218ff761315988c6335",797511279
"a91fd5b9b1a791a6af59b70d",928377948
"a9268ef5b7133cf6ed1a376a",797253434
"a92ae34df90cbf8af7695ed0",560663389
"a92ed9a378272ff174ce2688",483132613
"a93a37e4cc75c069e14ffa00",520331115
"a9407f510e67bdb27ad59b46",602562126
"a947158782fe2832cea53040",576839599
"a947c2ea296f1da3d10b0a06",472993417
"a949ede7227c8f8587715029",776902060
"a966f298e8d4d3d580a72d99",599754754
"a967a4f0b1dd36d7264cb408",758053525
"a9683df184aa8b4ad5d0cc5a",631401565
"a96b19e82d9811d5de1ed0e6",464367019
"a96cb9d988f5dc99bf5df4ea",822006393
"a98022fc80dd6ff27de693f9",534676926
"a98637742a212e332cb5d1f0",492392819
"a9878134c12696d8199a1ff3",614403645
"a98e4f4db7afb8a6c9f69400",555410404
"a99261116e0158109b3e3bc3",472043172
"a99df3a2cd4f2346c6e903dc",469749305
"a9a4a765b1daec2f3ed59a80",585687561
"a9a710b78e776c16eec24be6",841913895
"a9aad230d22f7dede73acc8c",790958038
"a9b18720f68c7002dc71c3af",514306486
"a9b3d963a14c2c7435f30fbf",903045192
"a9b83e18ae78d307d1b39b15",766771071
"a9b9263f6aafe8531f3dadca",779452297
"a9b96d2a23ed155043085e87",705963704
"a9c212f77a048ddc33ecebba",467779831
"a9d4f256527be98066c493fa",909810031
"a9dd62f527cb0dbfa51aeb7f",609463364
"a9eafeeab4ba51d3644f4052",479484579
"aa09cc29ab2f2cfc79e5bc7e",787402796
"aa1eaa63043c5c29ab6a1323",554837269
"aa24974831a0c608635bbcea",807223886
"aa25d9f8737f142b8cfa970b",781204553
"aa26461420614755c2a52db2",603138674
"aa31e5995379bc38dd40b8f3",872130989
"aa45f8fda8801c3b4923f4b6",742919538
"aa4c66791884ea2a8357924a",569465182
"aa592f388454d575e0006206",502346274
"aa643acab634ee591a2a43ce",629649338
"aa668782ae5d0c16e57193fe",862402901
"aa6af44635b5d51da4b02059",664336980
"aa703cc78a1ce659901e711b",586928299
"aa7551be1b8d6278d38fbb00",650269689
"aa75ed5781e6e8584143daa4",735589886
"aa7a25411bc0f9f93dcc40df",537964200
"aa7f56d05ed29183b825d61d",519952150
"aa7f5d0d2fd5474cc67cc70e",815433392
"aa843a050ebe8e4b3a04e9ef",862057847
"aa850af0c6203104e6ed02fa",513295991
"aa8a19a2fd3e2cfeb3b7dbd9",466340422
"aa94d2ad36bc0e91bf561be5",796603448
"aa990d4e5f1a0fc4f0bb29aa",650622782
"aa9988248c7dedb016d8b6ae",804758861
"aa9e131fe4e7982a374bbb84",666766952
"aaa43db51d1ddea564d1bd2e",521262027
"aaa67089a753d255215c15be",523882551
"aaa79ce67339dc53b4f41dd2",936679491
"aab240140aa4b6602234d88e",551420047
"aabaec5accad3f545f864a3d",572366199
"aac17b54a68bd216e2bd1d45",486020343
"aad0e527c4bf6283f76b5bed",634389044
"aad38b9f22ccf36b0fba4e7c",598290392
"aae3a99ac764b8e9bfc562cf",639779195
"aae7cca10bd7f041c8e02d23",641395797
"aafeff5826516e363471e439",442703492
"ab03c034e2a420f395ca094a",541984990
"ab086fddcb949e3dc0ed9b5d",651664825
"ab0babf6941ef43c35acb951",888898727
"ab0c047373b5d1810fe42bd9",592001931
"ab0e770ac42dcc82b472c55f",561668252
"ab11db71265771ed4d9de64b",468015525
"ab157c9601861dc387a91b82",699525290
"ab177c5d60492f2ff087708a",586916231
"ab1c43d6fc4f08e315e322d7",857169390
"ab25a6737b3ee0c4e9cf4ae6",544917626
"ab3110b5dc8ce81471f69c16",875117218
"ab332133aca64315672a7192",865918242
"ab37764e5f4e00097eac947a",884985835
"ab37f67a3afa274e719ecbd8",608824282
"ab388cb4fa511968783bafee",471952247
"ab38b4fae64ab90a55b5a403",668860652
"ab3e1642655f7e705cb047a9",621200914
"ab405cd390c0681c3c67836e",546743977
"ab419cd48b81038c5a30c721",481926032
"ab4c55e78eb83d80c153f50e",545720099
"ab5f089f9d2ac1bf52222ec5",553423682
"ab614a5008d68aebe34aa201",708195873
"ab64918f2b2b4646e87297c2",876549331
"ab7559b75b340275587e50b7",916929812
"ab765acf8b87daf1673b3a97",496951609
"ab8699d3c685fa834d7ccb3f",803556665
"ab8d6823d905f1f0ccf4a75c",858504471
"ab946dfa5b9d7214a3756978",725427330
"aba39002de605f9ff34bd542",780354498
"aba4e24dcc6998e5020731c8",663849572
"aba54b001154ad881dfeea6c",521580625
"aba85a8a7ea2def1fdd18587",549259560
"abb63383766a9853c1091c5a",786749694
"abbd422c412c2d57f5df62ba",483132613
"abc2ff9d0e7848169fca170f",595414157
"abc668bf93ec7d1951c65cf6",505609915
"abd9cf3c36309d590e58c2a7",557875655
"abde4b06769fcb1d5577fa7f",635059376
"abf93b2418fcdac14293c9a7",638309688
"abfda926d174a8da1d946e27",511276922
"ac003932eba3a174c5b998ee",460378926
"ac0185c8f724ddd40bc0d235",638309688
"ac028c1580f6e4da4ccedf0c",511657551
"ac048209de77cae737d60545",528074871
"ac0b895f523b53b4abd013dd",608244660
"ac0ee54bdc08632efc0d771d",618400088
"ac11141115d391be44e6426c",758984303
"ac154aaafe98dae45bf9782e",664782631
"ac180e846fda5cd7f1123f6d",755731020
"ac1b644a8d2ec042ca91f89c",678037955
"ac208e250f5ae3e5e1008351",605021320
"ac29d71a80307cab65f29ff4",845455899
"ac2b1b560e8bc4fa1deb6f87",549466923
"ac3c9d9357fbe72959817602",745157942
"ac3d21f51637207d3e031c2d",649038811
"ac413fd87de33153899a1d04",556902565
"ac46e3eb688cb1cb17da2545",763802481
"ac50dfe70b599ae93ddee4fe",742000587
"ac65d147ee69785195ef7da1",793193181
"ac6a4c672dfbe20f5bafbd89",607145393
"ac73b8700744cb7835f328cd",547171102
"ac7ab254166442188c6c5c25",633092939
"ac7c0c806b57e4942d9ead3e",770937222
"ac7c323295addefb43c62acc",694354838
"ac7f21d22d013874c362d440",541377091
"ac7f6087e19c2d3502368fac",532231126
"ac822dd448e04e9f8dd1721d",704338403
"ac85c8f7605ceff58dcb55cb",460209246
"ac8aa244c21a9b86de4ed599",934053980
"ac9ae945fe25a46184057606",897003853
"ac9baabfd96d58e376149a7e",690237193
"aca1776ef24acabe172d573f",912959902
"aca37e216a27b4dd5337df99",654626338
"acaf9e18bbc7295633d92e01",793987086
"acb1d16ce30aee0a39f01f09",607766943
"acbb07a2c7a0e39c0102b3a1",682467392
"acbe4eb98668ff4967a8cb86",819017370
"acbec9114912932b9cbaf0a3",621526951
"accf7bdeeff29ec7a209c509",522883177
"acd6ad0081960c0f17b144dc",841459939
"acd7394afcee30e084844c63",771989641
"acdb13c4c8e2a48b0bdabd91",880165734
"acea4c7aa1185baaf6d3b60f",618400088
"acf0f98cd8f8c8ce06f30ab9",904075883
"acf15357c1a919b6ee78f676",864706441
"acf4d60dad7953065b59ced3",756099271
"acf98212eb702c79f16bb058",794139971
"acfa7a1cb136e4474b7efe32",725396637
"acfc06021a7a81313d85f62b",457292931
"ad0025f5b240d00936c82f9b",546031535
"ad1322132f3b533b4aced580",464800907
"ad1492590bf61d2cc83b493c",800911461
"ad14cc63c36789bfc1bac0ef",462533377
"ad14f4403926de76de2604c6",452026163
"ad159116d166e45b70329bd5",591326288
"ad17072ff24e0fc0e61963b4",727976527
"ad1c32cf75ffbcfc842e3959",488995778
"ad2081cd75928b8f5e506944",954013213
"ad351bb6437583ec871b1739",735038285
"ad37e23456bd4d90010f7784",671015928
"ad38d5660b6f1eef23b76039",484557430
"ad393e9070779969b496fa72",735038285
"ad3b4ae81c322a9f91381bea",636189081
"ad3c644b506498127c7beef1",735368965
"ad46f8bd482500f3bb935737",627315957
"ad47e82c9efcfa36ddac0a95",510633983
"ad4d91ed26c1fd5702b94064",767199881
"ad6317cbcbb8bc27b0774fca",950406446
"ad662354d28a9b2d65f537f7",698852092
"ad663952ff2ba1953efdc460",650446961
"ad71acd782a4fce4d9af04be",558207184
"ad755859e7b6afbc021fcf6d",921277436
"ad77298955813089bce818a2",615930964
"ad7739088e8febc68abb42e5",654388914
"ad79f4fa23a28cc84487517a",646267925
"ad7cfe29b56c915dd016897c",520798960
"ad7f3aae29fa1e7ec900b563",645577859
"ad844bdb1150508a4c6d57b8",626612575
"ad8ac9edabcf2d4b06ba9fc1",835698744
"ad92f3ea52673dee0a56902a",855079829
"ad9a1b23979f0edd2ee19f38",590073220
"ada53307260fa34f3a6411f9",601567347
"adaa406ec9ac311e9f9c0bbe",542895310
"adae78b82caeb073d84f02ee",747471107
"adb51a572f3198367e3760ef",585778039
"adbb5c4ba7be2903799a51b2",868790388
"adcc03f332b427be46f118a5",793819895
"adce397b6d1473b9b6d02865",652242727
"add1a20e8bba47aad2edec69",880895845
"add4f9dd26fa34829aa25eaf",795877445
"ade0c9cf1f9106e342c69bd1",706765290
"adeadac88e573824f08efa21",633642963
"adeb9a6ac3d357bd96c019ea",789974931
"adebafcf3eb0d34ae31718ef",822049005
"adf055978a7a8e9bbd88e741",472707686
"adf176b63ea23e08d252b5ea",616480463
"adf5879151c7236f5e055e1f",750750571
"adf948af7b24f9b6f29610cd",524264308
"adfdb0eda9aa97f0d3005c4d",630988891
"ae08b7f31e69fd930ef4c832",830073587
"ae187fea3c46c3fbee7e6e8f",538292588
"ae26e4726c16cb2f6a6d3f2e",705239125
"ae2c10850b4a8ffca934cc72",902923356
"ae3868ac8c44128b8a955829",727772585
"ae3f7f428b49e6948ebe6fff",666557461
"ae41a566826a10d5a6768d36",551071880
"ae47cf27964393fd56a52d7e",650430526
"ae48e30b60ec254bf0dc89ac",652536637
"ae513b65e06b69e1ff2ad8ec",553149644
"ae556ff5f318b73d3b29142d",579818839
"ae58dee872922a9c678dbfcc",858187747
"ae59a0d6441697841d86cfcb",514109782
"ae5a4da0000f79f12142e2a7",643308289
"ae5ff2b5eb4f9ac44fef666c",507237183
"ae664789baac0c47d13c3c19",702285176
"ae6ac510d3e46a50ef24896e",464844875
"ae6bfb4eb4770f2266e3b961",509840629
"ae703276c49b6a6a9c39770f",812304764
"ae7ce478fb66882a2c952012",757277846
"aeb330dede55fb66654901fa",781892915
"aeb66f808982c6308d891f55",565561300
"aeb68eb7eecc4aecd5529717",871797890
"aebaae467e5f01db3afe69ff",460103246
"aebb556fa6c9275a9b5c543c",888766054
"aebc3c6079c1a80f8b2f1c7d",653851223
"aebd6304298f84e7d440c379",779127085
"aec1778ae3b5e60cac280b79",731499623
"aee8b22ecf19495fc5894a08",615246712
"aef06b27b0a080b5ee539b6b",495541823
"aefb3cb6ad2de9ffa90b9534",587967390
"af0502ae1fe341c2ce1b5325",589547153
"af067a8546e1177eefe24916",495617033
"af0cfebd54f32b9b92c5fdf3",556902565
"af10ec1529a63d0bc10b056d",881810671
"af1aeb2ba89d29973f73511c",607741830
"af22669e3ed10470623fd8eb",734911456
"af230af0c73a5f2b72787c1b",939356491
"af32aa018cdfd081a81bbc80",510718727
"af3e3a83257eb507b96b2a1f",910648844
"af578bfec5d84cc2f4ffb8bd",682011036
"af672710affcd7e44eee9ba3",508046341
"af67a68803a18663e4b03eb1",494414532
"af67d51867f382dcd9cf34b0",868077711
"af68665ae8711d009e8810ff",624355921
"af7131ea57639ce5aa1e102f",669979084
"af820361d5f20198bacf839c",758984303
"af8c90983a23ee15c72b8e22",954142713
"af8f09175265e1546200ff86",579933135
"af911ba38d5376a8aa53fcef",607034374
"af98a0e223a825cbab78ae49",837719560
"af9d2f5f62bf74a7fa9c74f4",731374216
"afa5698724bea14940667231",803556665
"afa842858299a6ebee166e31",636889241
"afaadd87a196e04b934e0b1a",526621594
"afb02897c700dbac941ba8b1",558932199
"afb03f7cea99023ecea7610a",507712281
"afbc7773755043a40a7f9d6f",511533066
"afbe90d764c1821cdb26e38a",461564397
"afca7b219d52b22522abd00c",609463364
"afce1d7c5576dc49c80bdabf",587132801
"afde90f91b01b0282bb94335",616048212
"afe03b938be9cf14e98d4a0b",495641802
"afeba13fa3f81249549cd2eb",470604267
"aff22625564f00844ea2610b",618123954
"aff9e510eba008f3ba5c1847",675290976
"affae17b6cc59bdaa30e29c2",803642398
"affb62139f02e524692ebc5b",521425080
"b0015b31facc48a49f1313ef",511054925
"b027f75411dce9c742c5d0f1",472895295
"b02f1997e6e6f97dc808b8cf",890017010
"b04449c499843cf46ccb695e",577302231
"b044b9a587b2c6ca00447177",892047751
"b04d16faf40ee02eda59a9af",526883828
"b057dd8a9c2082d1a78cba88",457058113
"b059afb753452ba358fb432e",871099791
"b05c741bc5013a7a6abd31d6",512285582
"b05f4b5fae2f2faaddb377fb",557237249
"b06d3ee14ccf3d46fe2431fb",761185836
"b070e3747bcf22ed67509efc",684546789
"b07cd6c30350efc5de211a8e",788899313
"b08e0cfc5bdf5bdf5068ebdd",736913569
"b08f88ef973c9d1c3a86695d",665708517
"b09111ea69c4be8ae120ddc3",728657765
"b0962bfdb6a2c79a0ca84e48",573129167
"b0978c973ec3291e950185c1",815090077
"b09de5f1e028d4fafeb8a22b",649038811
"b0a03d567e287bf4cbd7bec3",458451697
"b0a0cc38f73c9d90bff6ad92",868304183
"b0a32581cbb586f9710dc3e2",884088277
"b0a7295da89516be1c44512e",680428527
"b0a8e4b4ef6678e6b43865e2",521089933
"b0aaae3a435fde30c4c02fac",781892915
"b0af9b1e84a1886489d46b91",635059376
"b0b0db3bbe07839bc2b600fe",893294847
"b0b784bfe2d3c1b3b1320613",679974817
"b0bb2299d5f456f800993a11",525347584
"b0bbdcf0916b246ca95c4721",635232502
"b0bcb64f2f2ba69cc712e0ae",613471698
"b0cad5d612954b8cab18101c",629029651
"b0cdf05097df437354564bc8",505935023
"b0cfed2d25a5d78c96d39d20",613471698
"b0d20a04106ebb87e2cdea37",860667969
"b0d394d6c9b8967250854c66",878721692
"b0d3d98076883f346cee8d04",801114176
"b0de107a8cfad95f09876eb2",882984277
"b0df95e9fc94d9aeebc960df",735812196
"b0f9bfd521802b0d2586300b",698762618
"b0fe09d086490092f1690fc2",602919941
"b10b428245022d55db248b72",544110004
"b111b17ae1fc17e3491b7a5b",610082715
"b11672f22fafd555f940a8dc",466485849
"b11c3a4642f7eee2e443eb32",837065852
"b129a508d1d98a1b6dd2f61f",603196834
"b13683c625c97c23333269eb",524796110
"b13cdf9314a34852e8db4221",459242595
"b13fce1462ed87e57ddec917",679168263
"b143c8ca6d334f6a73c3f2a0",496273524
"b1527eec2e6709dc51e03f9e",866019377
"b1586cdf68f36926c3bf72a2",476789153
"b1589aa1f58f6dffa93a3a61",905511092
"b15bcd6248958d98867ea585",696367224
"b15c662c56b19d3843737dd4",557632675
"b160d30961ddd3dac16184b8",613612932
"b16fda9be5edaf4cbcf07122",879132915
"b17840ce59c9d9619b46534d",613027758
"b18107a422b9eb6da9fb692f",777788262
"b183776d007d85bef0f6671a",526378019
"b183e2562cc4816244ce0e1e",571422514
"b1924a5697dfe829b5b8ad76",561093984
"b19ab02a8e22f3e88a26031b",664336980
"b19be1ad7f60717a943ff0f7",499672025
"b19efe9cbc26d61daff5ae90",565709395
"b1a13541b37964b8b85f4669",509126691
"b1d1bc7ea83d5c584988b95c",605136572
"b1d9704dd39c6cef28ae3d17",554830681
"b1dea7d384760535b770311a",573575063
"b1df92683a593edc3f2b45ad",512687056
"b1e3f1efb232cb0976506cc2",629441529
"b1e9075645f4b374c7301346",910083920
"b1ec4b8badc955f9f4fe2131",745157942
"b1ecdceb6ac00b6b047c241b",601771711
"b1f0b12c28c9bd2d16b3545a",614102765
"b1f8fdc8e3e25517ab80c065",509232048
"b1fb98d0ba25b21c6647d423",843460294
"b1fdade0fbf0470060fc2708",542503005
"b2078743e33e1acc49c2d2ca",634816710
"b20d6ca58e91ae70b6e0a1a5",790250714
"b2183e5bca67574df7d5985b",468944540
"b219848e66fb065d4d2441bc",819717275
"b21f6e217d6733230a8eb7b7",639779195
"b22350d505b87dffaae3a5e2",586887294
"b225270821758e45cdead76d",512375943
"b2286067a73bc0049328b55b",561896693
"b22c39c3df7d8e32cec2ba43",527147792
"b23341faa7307d9d6009c6d8",592906401
"b234ef225690d57e7c2af4c0",756002734
"b2357bf117ecb5b9082871ca",489908106
"b239bdcbfae846bf74791728",554929594
"b24bd44eefc3ccf053939dfd",618400088
"b24fb90a2aa5d9d0c7e1541b",872041830
"b2506aa9463aebf01e1e00ca",471689299
"b25734bf3ca94e775f467e85",501851067
"b25f461b3d48d833a73316a9",936679491
"b26f22f1fd5a991ecd1e07f8",614890262
"b27088c3ccd93e7d8d5571c2",593350225
"b272c1025cf5c1e1df47042c",542792843
"b274adb68a37458cc5181fe2",606914775
"b2759de47d28e8cc05c94e36",596132591
"b27fc4e7f6042d70a7651038",725277437
"b2809471a0164e3d41b8fa60",862272765
"b287339babba162e290d0fb0",467021943
"b288c52e4d0fab9f579122a0",650139288
"b289cd856f9d15493d31ef6f",899312611
"b28ba88f3665a2f26c2f8e47",878721692
"b29e5a75740c8439aefc9321",720107222
"b2a417a8d2440f9124fd2ee8",895102712
"b2a7a8ccbbec39b63e4cd028",611315732
"b2af005e93b0242e0f62f298",512950270
"b2af9047dbf58867ed0c42af",713595290
"b2b7020e66872c8d83468cec",527440698
"b2b99019a929584b4904b98d",650446961
"b2bc172a3ab25b8caef50189",837873552
"b2c5af8615b8899deb16c896",589641677
"b2c62bb0cf8d210dc4635653",893294847
"b2d160f54ce5f98f46818e4d",896573413
"b2d32589626abfc81e44cf70",765339122
"b2d7355eb2aa975900776275",624665860
"b2e37eb7cde5cf4290649ad3",708697953
"b2e7fd7bcd93309664cd225e",858228267
"b2eb63e5da917ce649a72142",561875315
"b2f089146c30929c4836f0fb",603461574
"b2fd7ee866066f3ae0dfb3c0",914247144
"b3005057f48c1794b7974f4f",617127221
"b31601cf48b268f3b4107564",768290072
"b319d049a3a8e4a095940106",631340140
"b33c9b03cc12a253e4936cc3",623797307
"b3401023d3097815687d1160",723618865
"b3402a9173d289d6db78e09d",910122993
"b3413352f0280412f53562e0",491218165
"b348c76e55613f53c8bbc94b",674986202
"b3561144c745ae3d329dfe1e",461668323
"b35c58fc1c05a77433025318",743446257
"b3616a055e722e3720cca48c",721882895
"b371665aece480b8c1602773",864974284
"b37af80bba5adc197cb51649",502548268
"b38776cf09ec8e90fceeec84",485638307
"b387b5eebf501a620f352504",620795133
"b38816ece917027a179663d4",613802619
"b39d1b2637dd8e307c8ba13f",874855530
"b3b30d8b869eaad2382c5447",838238899
"b3b63d292523ce0a925b871c",735038285
"b3bc9a04a3ebc1b911326735",759273616
"b3c02569b8fb721934f51c52",491720141
"b3c2187fa96006fecc6b8ba0",493629837
"b3c77f4a398b61d9c204f8a1",831659987
"b3c8714dcaf5322475ce2c60",936679491
"b3c99f30b16fa80cdb4f213c",557612353
"b3cc5930a3cb26e35a45e09a",459102971
"b3d072ebd7908688d908d350",732060966
"b3d45812baa819caa1400255",725225090
"b3d82ceeac64b64142286375",572903209
"b3d9a095c9c73004643c9e78",814885746
"b3df8c66475021fc04f107a6",597564504
"b3e76a0a1fcacd0218c17908",488953597
"b3ec2f8af6e9adce047536b8",868181345
"b3f5af523b5d6d938693ebfe",773600264
"b3f8ffa761119a5441a44ad4",835746854
"b3fcd9cbfd485e4e1da6c89c",546019337
"b40128f5e17574a5d3da9a32",723373858
"b40873d316de1c295f2a97ec",514564149
"b40a9888ec0379fbf85516a3",893400617
"b40addfc0da42b0e530503f0",495974346
"b40d1d2b7c1db9cc57c65fce",824524799
"b419d977b283e33c0b3da86b",896752690
"b41edc115f6b439caf392941",506920520
"b41f7c1cb9cfbd188f8e0233",731499623
"b4245f075bc41aa29b55d324",639462082
"b42734770dacb7e580a6d742",567659338
"b427d767b071c3e5ac2a078c",468554652
"b42d5b5b38686929eadd56d9",474431068
"b42f936db049a74c7d24b0ef",902467229
"b43b36ea4f81bbfd4dc4d781",753141070
"b443781523fa0b5be4ad7739",650622782
"b44b862cbd855d46954eca5c",499383214
"b455979bc938acd34a580eac",513158000
"b45911f1875da543199e97b6",859971662
"b45bb2d0d137de6984d4e1ec",558402461
"b45c8a6224ae2656b4189526",745017337
"b45fff2e718e54772d46a3fd",617683010
"b463c62e3c21e339e7acb52f",645611594
"b46625b69fba1afc154471e0",791607841
"b46bbf66cc82a4345c5da177",722749313
"b46d50c84edaa7feba938671",665826830
"b474103c4b637ca25b5d89e8",585687561
"b47713520859d58efa95bb06",910475327
"b47fe4670c6b065a9e1db429",541984990
"b48093abeaa178d1f7fbd83b",728313944
"b485036419de03f5bad01f35",922566219
"b48efa9ddf36e85164354f26",911859170
"b4a4d705930d9afe896dff17",507473996
"b4aa025f8813a3f0b132b7e0",523499926
"b4c2a0a1a63d35a9a08a6e15",729170861
"b4c779732e827ab2fec8e8eb",667305604
"b4d610e0ecfe007c133a5ea4",526093598
"b4d69c7bc93efb3790eb1422",828977885
"b4dc6733589bb35444b74c55",665900976
"b4e084d14962cc58d4089955",645577859
"b4e14604b888c994b64f94ba",749744268
"b4ef40e00d089a35d750888a",841793955
"b4fac45659e67d4e91fe65ff",453643049
"b4fd0aa09f993bbfb1fa8abf",573335835
"b4ffd0a2cdcadfb962578199",602487765
"b50a6b85399ea2c6b5c33405",645786778
"b50b45bda0905a116f238c1d",615542846
"b50e8c13de383e64711193f5",510469582
"b50f2c871166ee1009416be6",724532794
"b50ff8bfc0b4c4b165c5ccf7",636889241
"b515b1caa608ff42574e5a06",662660548
"b5254c6c29b4f6984d328216",503539462
"b527813993b7bf4a10c05683",679312824
"b5292c1e1683d40be46bc2de",629907358
"b5293710d0cd75f95de001f6",457058113
"b52e0738dec9d2f119c75a9c",551136442
"b53d3d578b1d7d9e00c8a00d",727730545
"b53d4d8d0bd4a0ae84fbc22e",537383942
"b54940561992090411749db3",510403837
"b549a72c938d767ed504bd83",832381524
"b54d3ce25f3f03cf3fa0127f",464064337
"b54e6757829ac95e2076d954",635505932
"b54e8d557263624947f979cf",911859170
"b5606ddf3a4e60e2a0e0d6a8",645577859
"b56533bb19eefcb244e69470",879130977
"b56659e70367566a4ddb81b2",935940630
"b56a3a017449fc4ce417009e",576020169
"b57174dd86ed451448dc501b",512046449
"b57250de388b7172a39dae8f",705939188
"b57ab7afef2b8aee016ce6a0",757804629
"b57cd3eb0290984f061e1053",467617219
"b57ebf09cc691bcf009ef115",897170374
"b58208759ce1402501f68906",625321594
"b58533a6850620b0960db713",575565201
"b59711a5971a3b482db4d9f7",612943438
"b5a62d480bc544f891fd8521",830249969
"b5a7d4288dc7a7868678b9e4",907166195
"b5bb9af24f9de68e91a1df76",905511092
"b5c074ee2e2538aeca099fc4",705239125
"b5c34f90096fc88b8ca758f2",864706441
"b5cfd5eba0b6297cefd6d3d5",880792484
"b5d0ae257748ea92c47d8fc2",493952654
"b5d6fe84ee7c6a703891112d",943228080
"b5dd038cf35169bfd0e62eb7",700644986
"b5f0dfbd34392f6855bb4b52",610749932
"b607bd072e8293d6594f3829",694299098
"b6129a71f8e320aee8abd0c4",679312824
"b61e9e4f3a2e894932b58ed6",528932760
"b624f0438025478c9f66fec2",785775560
"b6281efabdbff697d70925e6",899312611
"b6283a5714e0b977110318ea",561875315
"b62d64605362afc574ea5b0b",894049064
"b62e960eebdf95c2eaaaf9f3",911578688
"b62fc917b3e8ddd64bb81018",531812630
"b638b937d4f62949b9eb9fce",786492862
"b63f49396431089dd646837f",647044511
"b649d315ff3c97c4e8e9db73",457058113
"b6514cdb1e2cf37e3ff8090e",861390103
"b65a2a140ad5fc6e3e26b6e3",552720250
"b65c0544e9deed76615a3138",662020732
"b65efc402cfddc0aed4e1d76",794635092
"b6692a933facd74b4b11569e",485206295
"b6695af1ce28eb50d7a2c25d",814587779
"b6767d1e329ff5e28c42f632",607145393
"b676ed2d0af6807cc2b28ac8",885400104
"b6775aefafa4dcc161eaf6d5",557822105
"b6825cfa2fde9b42fcf04c59",469344819
"b6853999c45e21646a0d1b20",453643049
"b6a21387674a509514fa5518",897170374
"b6a2406025f0e1fa09690c2a",473184054
"b6aa1cb0187c4a1715517fca",469406155
"b6b87c05c4238be76d94da2b",469749305
"b6bf2760cfa26cb28fc989fa",593581899
"b6d3345346f43dba053ceccc",911859170
"b6d5cb459999de084965e993",757804629
"b6d84e7d569d8d0f0d0c9066",650757064
"b6da1db3aa02debd11e26edc",622057616
"b6da2728ee41d035da57c822",887091858
"b6ebc3b8408793f5058cbb90",943575670
"b6f195d44ddbe10b78b97191",540190713
"b6fcc49ad3656cbd3f4c2ea6",782118950
"b70082fdca35092802f8745f",463986726
"b71095bf5e80bcefafb12d52",528883898
"b71857f1cc385219f114035c",482199067
"b71905255273cbb0af1290a9",475891485
"b721a5846527d5338322c9d6",554093232
"b72459ea34fa22d1fd012dc5",779227365
"b7273cac93fb7a0034039600",950406446
"b732021729ecf88d6297b48c",725145232
"b7320c35e90f33fbb1c28813",647656811
"b732ff1637ec53286e890865",590910576
"b73945103f07da807f7a30dc",693169172
"b73bcc0cbfa173c9fa404369",878404812
"b73d317e1e8ddc3d5d0743ef",781922692
"b746e4a5c9d04cf4dbf887da",652182993
"b7483c951d2c19de665f07b6",472816621
"b74a02ef5cc838952bb9afd4",562895468
"b74fd7f7db38ec233c6ad71f",504704499
"b755f88ff3907bbe2a417e07",806669749
"b7570bfc5ddc7caaf610908d",485244614
"b7574b06d593fca4eac59815",471952247
"b760fde2d4df27a168ce0e80",929236746
"b763f71e8a5bdeecf0f3f0e5",482693203
"b764bb8ae8ba0d736bf54f5a",483478772
"b76a3fe6a49dcae6e6bf5815",655524767
"b76c45ccae25a06dd5fc432e",779108028
"b76d853ea415967415ace0d7",784756427
"b7763beef728bc2021ebb841",503539462
"b778282fc4b9c43055629e44",915033461
"b780a0ec18c61b0760df9433",596638531
"b799aa1dd2de813ccad401e8",525525878
"b7afdbc1b57b52e6fb03accf",883881005
"b7becde9261820feb7cd926e",537104947
"b7c07f8afe037d55bddb8e41",527086625
"b7c0a0a4f5c5b986a70ff249",503955568
"b7ce05400f0261743073e072",607426596
"b7d245742eef110adc91b5fa",652386006
"b7d66c5f1ad06dfcae5b33ff",561875315
"b7dc47c641b46ca99fb83a0e",884985835
"b7e01962fda2102f1402a444",784787218
"b7e3b0c90c0d3bfe5befec54",595400485
"b7eb15346797508f47ae094f",730499853
"b7ecbd35179a7658f3c11b41",804432436
"b7f164b79658952248866c34",466638534
"b7f47484bbd8113c62cc8c1f",532068209
"b7f906741cae6861bd5fb922",471952247
"b7fa81aa571906a93e9b6cba",840909329
"b80593fba07e21f8bdbc352e",891737994
"b80c961aeb98d24d968c71d3",784841540
"b80d0456fba49a40fd774e5d",812643791
"b80f3a46440daae51308d459",680925795
"b815204eed4398e600b366ad",729064981
"b81679b32ea288e9665dee49",884292694
"b81801f02a73feb1db7f5e83",804299353
"b81c26f2ea6b66c8315d1146",899973325
"b828609eff041a68fa243a12",663700736
"b82e52830b51e823ac7187fe",492380602
"b82f8abc8001cd6731c4ef45",605301540
"b839e76df5d73e7d53691707",910083920
"b83a5c303a2b079585b9b94f",524644878
"b83b0a53ead29faf9dffc0fe",893294847
"b84795015be5077f942f5170",490398462
"b849cef46f19e13d3fc9d5c5",880839526
"b84c837c5a1fd0f1ebc5f8a6",559635905
"b85a7389bab2e651f05369da",509739521
"b85acd44e18ab485d3ac543e",472506086
"b85b37ae83ef95baa03752f9",859971662
"b85fa4bc59149a7a25447537",480824560
"b8680f925773229571014e61",553637935
"b86c526fed01211fdbb62815",759288909
"b86cad78da7bf06b5ac39f99",717916467
"b870c8bd8f95426a7e1f9c88",557542782
"b8896656cf6f5dd7c33ae46c",604856960
"b8984fe54819f5fcc43860fd",517329214
"b8a42b02c50438c2ad7598a1",495541823
"b8a5928cf1f7e704e9933bed",538552034
"b8a8ad4c0215077d3e5aa472",890671341
"b8acc8e72f2c498fede3fefb",749744268
"b8b22c1afac62b05ad389dc5",471507806
"b8b46931b93b7750e0d1ada3",624417452
"b8b9b90d5721a9ed5e72b328",506927763
"b8cca0d70fb46f3a31473e98",765674518
"b8d06f4ce0d6e71ba0fddc26",531570938
"b8d50a94e8166e471fd8282b",587917127
"b8e15d182ac0c74fba332b8b",595674849
"b8e2b98548a234a245d7935c",694861323
"b8e8d84450f5e0bc8a721c94",787885567
"b8ea07763f2e1a3d635eb23c",522536305
"b8eb177e22c63e84738e7788",775395255
"b8ec643c66478da376153333",543319441
"b8f2b9c2e63f0091b6038ea6",719062794
"b8f7bd85b61951ce83d7f57b",862781952
"b8ff548543842246ad439703",884292694
"b925c9218f5132c6c81f3a18",453643049
"b925f9ef733930be26417458",709827683
"b92929668e884453d3a0d633",509923492
"b92c9c464e23f8b987290769",579416653
"b936e36ecacd7cbc3498cee4",503119713
"b9398d6bec5cc44fa39b8bdc",756817458
"b93dc01af5f49e6dcfb7a547",464036431
"b93f2864087d41c3c92d43c3",768186293
"b940561f2d48444e139eaf71",442502225
"b940ba03ea60d4cdc5d2d429",596653774
"b9430e8c145c2a0d7efab2a4",589078394
"b94ea2b8b847a47140d04008",830701482
"b9551c416341fb167049d4ce",748082097
"b95689add02915dab555d9f7",795414833
"b957548768ef014088a61b5a",508976351
"b95ecad591e5c69fdad8763d",556173058
"b961220d34be930fada80887",699220401
"b9643a26731cf2a9a243ef33",637080651
"b96502e30fecdfae7796f1d6",561486325
"b966fa606a3b50d3ac7249f6",947559214
"b96b4bf38bdbd61d4dd0bde5",880137472
"b96b8e1d636f0c10c63e5c6e",688989486
"b96c9e2591a4cdf9c4e0c09d",725396637
"b96d8b77fb5ba71ebce2fb26",503779104
"b972611aaf1b68340de16545",547171102
"b9809baae395914981a9296f",640405447
"b980c778ecb2709696265c10",904451259
"b9826d7a6132b16df1bf58e1",531770081
"b98967876009fab4290736f1",765827920
"b98a462d9782988cb54ced54",864706441
"b98ee16e8fd7d1c75a9da13c",835379681
"b9973b07c84b99dd1018050d",503871682
"b998aeafe2cc93bbd96dd9fd",505686924
"b9a0058c58cabd619e226178",747772398
"b9a0575867a59dc5dcbb9cce",591138448
"b9a573a3f2cedd87c7dc6477",635059376
"b9a80a4d84eb918792324dcd",488879455
"b9ab2dcd8d1855e4bdd540c4",895866699
"b9b95c89c988f68429822e81",581132675
"b9baaab70cb83475ac3bbab4",615061341
"b9bd63208716e4e0f2dedceb",494483301
"b9c893f3c3ac4dce40d0ea19",592488818
"b9de7d7b9a8ef7c64e5f6bdf",750927770
"b9ea1b9fc0e46ba0724cbc0c",511260707
"b9f9dd0d368df912e6e0ce70",727212501
"b9fecb3e6a507ba17764c303",469545770
"ba0d0663943a118228fd12bf",463203042
"ba12305002d24055c159ed34",453643049
"ba12ab0869d66e03df12b6d2",466485849
"ba137cbd10757ad20e5991c4",639936961
"ba16ae6ca55dc3c0d5480944",605699881
"ba187eee3858263fa664812a",476792553
"ba1b3c8ac8afafef56233c84",655371819
"ba2118c330e19baf4f3ecf94",839013706
"ba212b5f12959e34b4887315",591219519
"ba2423d79744d763aa3744f8",680327619
"ba24834c9fb0e87c4ea7d1a0",619271178
"ba249dc7eae0609f20ccf234",554529975
"ba30cf03fbfb0e36e5d415bf",913769781
"ba31c38eada33f680d44627a",662970212
"ba32f2964e8b68ff5555fc34",831236836
"ba35cce2e715bda1684c937b",773600264
"ba47346e7a53412e78363ac4",536780849
"ba4e89128058d5564987dfc5",473008525
"ba511b37b4bda08d191c68da",499371125
"ba524c4e2f13109ce814ea38",589972448
"ba54b5ebc5d4f554bc56dec3",561560732
"ba601c13d20602c988d57246",755251743
"ba63594585c484bbd20ed3a1",654517038
"ba7120c89c8de0e57e30646d",464279090
"ba72421716765ef6aad9b4cd",819469203
"ba762cf12cc038e5c43bc6f5",635339927
"ba79c72aa8bbb0517c899b59",929260343
"ba84fbef80c8a82895ec599d",833179256
"ba87ed2a657b0b042a05460e",511548953
"ba89ed56d156579ce288dbcc",549369840
"ba8d6800443dcf95bf9c1037",587550379
"ba94572d1e050bb92522f112",465689710
"ba94676bc0385678ce3780a3",558238069
"ba9be0b67571b1e9242664e1",647044511
"baa146a6537e8630180fdd35",715452771
"baabbdaa5e8f69fc90d303c1",818407106
"baacf0dbd690644d74f3a929",795065764
"baae43ea29f7e419bbecf998",536555691
"bab5690da7c42909464cb9a2",580461066
"bab884e0f99df269805e83a4",798757750
"bab8e472424cd57faab87ff2",541114681
"babe27dc477f5e1b7e438422",581232320
"bac550d41b2cbdc6a110ec7c",506716886
"bad7560aac04600e1ec1a9ce",485633101
"bae512bdd3b04405c519bf4a",579901439
"baeb4e9d612bffb63ae3564a",943288388
"bafc63f23f097c24d36c76fd",616376112
"bb084299ad23f245d7cc5b69",546031535
"bb19983466b1a1184ee7ea1c",768290072
"bb1ece5366ebb2ef9d52708d",508305877
"bb26b45df6a70b6414958912",553149644
"bb2dedf6198be0f3ce2c4ffb",519833932
"bb31607d0bc3ee4a37fc912d",713595290
"bb33aa4f1a7732fc8ef19039",496917452
"bb38c1c17612ce593e5ae7bd",495612781
"bb433dc1bd769d684d8b3352",764083109
"bb45c98dbab56e5abe20ac0d",700373547
"bb47fda808b52f30364a4d6f",613410228
"bb4c7900162be66534d17541",778822576
"bb5726ac16b4ade709151159",511522078
"bb5a6045d18e19613325dffd",893400617
"bb63f086543cde77832bd4ed",508592974
"bb67d95fc94532b1fbe80ba6",798095906
"bb6f66493fbafa76d70b0a34",670628029
"bb70d80b0c6ad3022160c8af",457677411
"bb71a24bc5ea4051d84ecacd",830701482
"bb7c68c2652c7e124d88631c",603431132
"bb7e14611ea6b5e4abb5b89c",583202833
"bb812343bd6cd66e9cf9a9ba",454730354
"bb90c874275456d5fe0de83d",541606084
"bb962a9e3861b06ae1daf833",528166139
"bb9991da696d6e1f13a32d0f",482990771
"bb9fa21902daecf876c0467f",675332237
"bb9fe73a8742dec9b2e79135",893793293
"bb9ffa04d913d06846d082a7",855955463
"bbbf74a3abf9cd8718384a65",506012733
"bbc675f7edfa0425c78c15ea",605186257
"bbdd78a7ed332e679c8e526b",481404159
"bbe2c06e6f90c4234a7781ab",665826830
"bbe705b86c6ed4da775b68f0",481816585
"bbf16146922556095f53b5ea",757334604
"bbf80c409ab3a6784028eb6f",465192100
"bbfc9b05caa647bd95b3c88f",613612932
"bbff88040e5b20e874cfad9a",638879896
"bc08ce9f24533cd644ef08b8",613445699
"bc10eea54e4a1767881a2391",613737988
"bc1335d419a1c0f6e6860470",798162987
"bc168cfefe964762cdf8755b",790199348
"bc1ee1f8ffe1ac88f08e2459",607034374
"bc230105784ca8640e499ca2",607034374
"bc23e25cc246ced4731ce5f5",759540228
"bc23ec33573f28442b36f60b",513473331
"bc28e66374356a4fcf9b62d7",547866481
"bc353a421fc579770e432176",541606084
"bc3c509022e3f6104cba5203",859949685
"bc41e69def6bc7490800c4a4",469545770
"bc474096496b98177e40f590",573507121
"bc48ec7245297b4cb85dca1c",651664825
"bc4b7bbf5df92f476b6be103",454633453
"bc4b94c892fea57ebae3eeb6",478646432
"bc52abbda9027e10b879ed50",534408758
"bc54f5dc4e9ce267ea592813",597256407
"bc57535516748048e38d4a2d",635905979
"bc67f29c8679adf31353bec6",562932867
"bc6a7d4ceee8bbff9ac5eda8",867899938
"bc6b57600fa9edfe13fb3118",861508424
"bc6d6249873222ac7f22b73d",679312824
"bc76b078832a3a81b6d637f8",864054196
"bc7e867cad6f221dc44754b2",725396637
"bc834280fb45fb308d957640",475795327
"bc8bd1feaa8fca4c52e130f6",493602407
"bc91072d808fe7b43e972f42",471762106
"bca5301e6460eb859b7ef34a",590517552
"bcac2a4cacf13a91805557c1",464119870
"bcaded180edb36336c2f5b96",747807380
"bcbd20cfc50e2f032b174b56",499707695
"bcbe8ed608f233d5ed7362c1",931856434
"bcc584e6a08822158e2a1454",574202419
"bcc704b2e178dd20497e073e",457058113
"bcd302e3b5342ecd8cc056bd",807553143
"bcd31d201096351079cf7ce4",527787635
"bcdcce01d86d648c4502d42f",573683389
"bcdea05b890394a10d24601c",552460389
"bce0a4447db2d54d36661011",587550379
"bce608b4629b6c8512ea2fde",588489742
"bce7369d51094d3a9d3495e6",927362784
"bcee01a5d6a36f48d99a5e4b",664336980
"bcf12785c25f6e600eee8fc0",567643606
"bcf2c303fc03897585831351",928583598
"bcf43ae0b4b15ae168abca97",909810031
"bcf775187c0f5ae1cc0e8ca6",607277082
"bd018b302f732baecd085ff0",865232680
"bd0261ab68cf56950ccdced9",636571737
"bd0329ddd50f2dc4dafebd26",950406446
"bd04c8b6b5e381cd5f881379",468386370
"bd05a6f6ebf924adf92e5577",669061922
"bd066d5d19d41c06b904d51c",557542782
"bd094081331ab259b1076261",574567021
"bd0f754b0fd9b7af284419b2",847566354
"bd12c705950c46e679c34bf6",884292694
"bd1fda425d792fb0de7b4499",617543385
"bd23b1463f0936d2ced5fc67",563607112
"bd264728a0464376e22b6bee",526883523
"bd2759d469829bb8926dbe09",601908106
"bd2f9648ee9ebc1fdbfa53b3",557827538
"bd3edc7854cffd6b6debfb98",612017696
"bd4526ea5b404df442892788",521962570
"bd4d0b8799fa5999c5d2ee3c",939769365
"bd52dc8dc5398e5ca2952473",472966435
"bd57e5cd29d935cb26006835",627315957
"bd5d2030639ef16370cca032",644648879
"bd612d494e2f21051556ebe7",645577859
"bd6ad9a9ab28aaef9b4955c8",624600916
"bd6b68abb113370c35786557",629423092
"bd6c24498bf413b6c5adf81a",504792209
"bd6f3819a1c0e551598fb9c7",471861392
"bd74d43d99a240ef4190ecfd",604473001
"bd850d1ccfc4b21a72f3ec44",788865266
"bd8b005383020611b8922147",525105372
"bd8c1ff6f9919ec6f1dccda9",587790213
"bd98add659faedc1820f96a0",498855918
"bda2fcbba2b412981e708054",773600264
"bda3c74ea6f73407a3c0a17e",806047337
"bda5b2e5a87a4905a30f3b8a",719287004
"bda914dbacd42b2b7c6c5179",718411314
"bda9e5d8048acbbe5a9d49ea",510181106
"bdac2f1c4b306a7742f60ab9",593949064
"bdac560af3e155db33d13d57",690253723
"bdbaafd11259af6300321a89",669889055
"bdc17ea3f30318b11df30508",743325163
"bdc8e1a1e06d387f9c7b026b",743402952
"bdd287e9de82903f210878d6",590573366
"bdda694c42c52ba4803d482f",569931444
"bddb9388922dd56737d8847b",747573988
"bddcc7fb72bb973f84b864dd",948772277
"bde81ef5ff9edabfc7e30d10",700790389
"bdeddd3f84cb0ffdd1fc27bd",605872356
"bdeed3a7395cdb9b175273a6",915033461
"bdfa334bc331e3e547f7568f",935940630
"be094e5db0f784e3aa013aae",446982736
"be0a8f4be774eeaa42fe460d",757277846
"be0e466ca7d6942282c8626d",612504863
"be164f9025f346390b986668",499007874
"be1695a7b8d3dc68c9887abc",591894540
"be1c6023731fb633c4f41f96",522625776
"be22ce55ba31cbf7cd285e5b",614288321
"be26f0523e5cb13846539384",672442522
"be28b90a71e2922437f25110",484700631
"be364e85b988ef8627ece74e",465419530
"be3b1df5f008636e14bec3fe",757712644
"be3ee4457a26c6b6ad4237d7",513805601
"be4b96920e3aa5c57baa13b3",488995778
"be4bdb73add69f12f7aa6d06",566695022
"be685d2954b8c7337ec94942",556211268
"be706475abdfd64aabfe45fb",557542782
"be70989d473cd731f6d8e580",677219889
"be78bb0e06d5768ac1908247",501490836
"be8bbf40db0dde8ed4cf338c",491456095
"be8c05b72ee7867fdcb05455",756002734
"be8fbefb8e06fe169237d4bd",508611933
"be9f5ade682aa1fced79b068",571422514
"beaa09cb49a98e8025fd7e8a",485633101
"beadf1de0732143f0699895d",765339122
"beae197df95b84881128790d",576687803
"beb73d27906bea7a7d880791",830226045
"beb7b99cf12926d8714d1c5d",678096362
"bebcca3e75e747b5a01f5485",692796568
"becc3ae7a71d597bcb16d261",694681497
"bed1fbafde11c156b655e04f",647424724
"bed21c41b31a3bf2095aa273",633599443
"bed932e11a599f7cd4bfa31a",734114354
"bedc5ab20edc896f814c3f06",638901950
"bee2e008ee41f8a711fb8d29",661421031
"bee721e93b8d8e7cb37dc992",591392623
"bee9de3e2817bdd591c02897",578680732
"bef19d0084cfc9f6fa37ddd0",697047128
"bef2008b362c4af1fc3be566",510856927
"bef4759bfc25c7d44a8112af",589657994
"bf00f36c4dbb273d7ba4b7dd",592040164
"bf02fad806fde4e3575e75c7",627380503
"bf0485c2e267d06b9b1d90c6",907190414
"bf0ad098fbccd3548d834ff1",573335835
"bf11c5dfcb321e020601e9ba",950212293
"bf120b883bfaf7641eda65a9",775534286
"bf17b59bf2ac2d06894bd786",844386859
"bf17eca5afccd9cd6299b9a4",675403858
"bf1dae54bab00fcd3e8c9ce2",548508021
"bf38bb7a2a7ea663cc8f3d57",548768180
"bf41b26c090dbf0a19252e43",635224903
"bf430621f17dcaf17fb91ac7",668131268
"bf43226ba66a3e2033d32fe0",648770490
"bf4b8b23cd87377169684e98",650622782
"bf5e687721e030639ec81416",624355921
"bf6005f6f71da582a6fab8c7",557875655
"bf6845aac15fde9b89a7208b",562908398
"bf6bd06201e60a4c98c8623d",829986647
"bf6e713a689f574b532edd4c",756099271
"bf7463534babd284da6ca671",452026163
"bf79649b531e876c5f03883b",459430917
"bf95acc88b60a3d531fbd42e",505366157
"bfa4cb65827c4ebb91478e53",769454311
"bfa56d6230b858591743473e",729474101
"bfaf8b7796c8c57bb5997be7",817702156
"bfb30ae71cdca27f5a5494c6",935940630
"bfba8fe959dd2e44a4202943",645577859
"bfc41facefe9428865e4c29f",898302621
"bfc5aa443994e3f3f78c6105",705939188
"bfd2f20a7bfb0d865d7f7193",905511092
"bfdbb7aef98d4855d459ac94",655267416
"bfde6e7200fc27e6e6f1497e",822985333
"bfe19954cd4680149c682587",589254872
"bfe7c873b2fbad871327994a",635232502
"bfeab1b12dd82efa96efac31",506188491
"c00083aa30ba7d953361674f",472993417
"c00592c7c0c3a863a1bab9c3",622873826
"c00facb3e4cbb27c47a621db",904451259
"c0109086d0f49aac6c3f3f18",695195085
"c01199a4b2fbf0f6cbdf2a65",728752758
"c01440b8ff0d80e7bbad715c",575284474
"c0155096575af5fc8db843cf",452021805
"c0174ef555bfdd648acf4346",491794028
"c0224f0cee5a388014db4f55",889666944
"c0277899d5f185cc78fc4a79",632319579
"c02caec41084656408c2696e",630797676
"c02ce25a3334860d3bad53e8",607663906
"c036fb38fbd2d1b59ed5b7f7",602598999
"c038742e427830aef3ac1c17",515350815
"c041a933261204155415c2d4",826295314
"c04e72fb6244d9a9b28322b8",781551154
"c059affd0c19f6d4d76f37c2",591141222
"c06088db17767866b7f4ba7d",756002734
"c061b886b7136a1b00c8ea2d",826670571
"c0620585c12f3d9f1298696f",532822180
"c062d873af3b7cb98ccbeec9",882252901
"c06a1d212fed896b6ee4e1c5",665371734
"c06c737cc0cef7fafa3fc4c5",610467265
"c06c8b6425e3a7c2d7481e42",536000798
"c06f36b42021a1512cb6e3bb",470015745
"c0706c78d5d98202dc24e46b",847080646
"c07e2ef0bed4be12e41c783e",574898822
"c07e98122103d1546d995f9b",934456226
"c083a5c64c4d6952accd7bdc",499383214
"c08b016afc6a07105d7703a2",686508843
"c09b8c236316b87a92a620b2",556899621
"c09c39339b5bbd48f349a430",690986888
"c09d691e4c7d7b8c8f6a8370",806575272
"c0a9e3f5c57cfbb4aa9b2357",783231182
"c0bf06891690188e17ceeb8a",536814430
"c0c01ecbb9189d77098659b8",556210627
"c0c4ecc8d3aefc53c4c06a38",709561836
"c0c4fa199f0ad751930cf78d",557542782
"c0c820463dfec602a6118ed6",809536286
"c0ccf6d535d1316e37e1024e",772377627
"c0cdcb5f860e3a974c401861",793987086
"c0cf9517f20ae81c79ceb0ed",910475327
"c0ea6c76eb977d83c163fd7a",498724016
"c0ec1e7ae2c6c3c2f2ae34b8",590882417
"c0ef32a7a294e5891505bf35",452026163
"c0f911fe7ee2113ec59cb5f8",633481833
"c0ff8812c1e8eeab07c698a1",452633720
"c1034173dda31d20c4efbed1",546092392
"c10f25fd39dd36287a6cde73",904451259
"c1168159d4e2fffdd5662757",608824282
"c119f62348e418d9ada13362",784513489
"c11cd2e00942ffe56db5ae88",661364609
"c11d82cd360eae99c04009b1",875860790
"c11fdc02a288af0572a2bca1",756921982
"c12904320223ddd043f39c63",540769087
"c12c81b3eb12bb329466e88a",912959902
"c12f362b9060344ad044cfb7",842650761
"c13263f9c8628bdef086106b",720831332
"c1329245f57c5d9019105382",824524799
"c139bf6b72a93a73155e1f5b",481000048
"c13e387f56342f88c993f0a2",722417200
"c1420f278d45b85c56f415fa",838403900
"c14f644116669a160446a945",506188491
"c15cecbbe717e72f09a84271",567618932
"c166a9293fa27e910e1fa9c1",627882695
"c16ab4a11cf67a39fec6f049",526898968
"c16e9d9444f85bdfade710a0",607426596
"c17a3139c360750a6de5950a",467021943
"c18c2ea88f4ac53970b53d2c",576642832
"c1976383069b6b82ab29d092",522334140
"c197faa8bdbd51c075a6d3bc",650430526
"c1ac42dad98d2f23dcbf140d",699525290
"c1ae2af40e1ea9da6380b8ee",650622782
"c1b0ddd3c104ec4482d5025b",510936149
"c1b386f478152f9be1f546ea",571900068
"c1ba606f32ce0337cbccc2b1",708279789
"c1c1dc8df6996a94ef3c7d33",468598146
"c1c8024bb6c3635ff655843b",495357105
"c1ca38f941200a9d666aaedc",549550856
"c1d0c0846ec652774ed5474b",906362663
"c1d9119fa7ae7d44362f18ce",636677975
"c1e0b47866cf4a0120e4b3d6",491237864
"c1e51ab95336a51885b4c672",635059376
"c1eace64bd2c9f6bea289c4b",824486749
"c1fc25faadb151c73ff254ec",615589292
"c2071e85fbffa3d2c2168319",596134487
"c214d2383936dafbe0652c51",705939188
"c2164829374d5e880c1a1f31",573644693
"c218434cb0b05ebcef935e5b",650270175
"c21a3eaa136ef8a912ce7b74",736765984
"c2242a77d30c0abbed667ce4",867742910
"c2282da3ece2dca6e8a3bca5",900902727
"c23150d0aaaf932579561998",725427330
"c23a1372c81ba03e6dabb0df",547166880
"c2424b4861f2ef50f8876c0c",567914622
"c2439ab65fe194d1d60eaa07",643826456
"c245bfa6587eeb55227c8a4d",547926333
"c24be8293c8f4080562ec0fa",549034239
"c2555955d5175b31e5f783ac",650430526
"c2580329ee6d7a03925725aa",693246033
"c25e1e289cac1bbbee489122",747471107
"c25f892c01420855f61c3dd9",611315732
"c269765ece36cd93058efab9",614160832
"c26990b034ee83450a4517b1",729384272
"c26af6fdd00a85a17b823d92",543580093
"c2717194de73e1a1d8dce40f",469201451
"c27b2b735106bd5a77a15616",679312824
"c27d72aa1fc5d37f4cc105eb",608476080
"c287dbff188e95f833ab21f0",551047307
"c28cb417dd28fe4d4d41d114",634980606
"c29b30cc5db2ffc273e4cb14",580961773
"c29c69bc6758d5976024e455",574567021
"c29ec380fc7295a9a770a74b",457058113
"c2a2ddb94f60de25378aecee",641698124
"c2a9b4b389ae6f20140e21eb",680404025
"c2aa451b62293042b7244fff",626417544
"c2b5216a8050ea0fe4008f59",865774391
"c2b880a6bc90cdef9dac52ca",603372631
"c2b91ce4b1bc8c576a0ce1c8",718297756
"c2b9a3b2747f32d26c8219fe",577840544
"c2bbdb2e5d0191071e6db37b",745157942
"c2ebd39857dbbacb99e6cc96",779234064
"c2ee475efec76c46efbf1b08",568444746
"c2eeb1cf0549df1359ef4dcb",521580625
"c2fc3f04c3870e14b89d5fbb",607991694
"c2ffdd10fe424afa1b09f31d",534886803
"c310efec13e312442f7e1a01",672962119
"c3140ab2134de662162af508",469749305
"c3191b6b40191009ae9f4b7f",892855177
"c31c4bd09d8cfba562ed2b41",747807380
"c31d98f67673691ece007a65",511276922
"c32249c7c0819b1a29fd611b",602491133
"c32df77def9978a84f8ba7f1",798877774
"c33613eff66948d1bb8ea3bc",625875250
"c342f6492f90ccf623e8e8cf",475299297
"c344e3be381326a1b6cb5989",807331319
"c34c2aabac06323fa180b24b",562195451
"c34c94e7129f84267a5e4fd7",595704484
"c34d46d83e76f54d53cadcb2",616658460
"c357cc3d2f4b45ca3e1250d2",527720446
"c35f5ef73168d03cba1b1f4f",485401854
"c36cf907ee28017eb1b40674",477519002
"c372834e8e7a4279f861aa4c",571186448
"c3733b88ebafc0a05f5bdc99",575241089
"c37348f8247ade33ac513855",866598590
"c3786f81345d39fd8b353da3",648238834
"c378ef33f40f8be9263e517b",588811168
"c37b357d57918c3a651a5760",706765290
"c37c7859956931d77cd5c9a8",605872356
"c38677ed0876b7996f596336",516832993
"c386d1ac4fa8dcec4cbf9788",648362482
"c38ce4f3763795c61efee6f3",524541415
"c3a78d9bb10165d9be188394",623420621
"c3ae3f44bbae215f7f2fad9b",459039951
"c3b357d17afd631df02dc39a",788556441
"c3b8b774037044a2524913a6",572653099
"c3b8bbc492a7d7bdd63da22f",915334118
"c3bbe8c09f5e58281dddd412",629649338
"c3bd0b8277a37832f56be54b",523349484
"c3ca43d0474dea2f2dfb9791",465263904
"c3cdfd0733404ec885eb3edd",647797641
"c3daf2abea55af99c9579319",772701181
"c3dc5ad23dc8cfce0671adde",929475656
"c3dd975d0aed59a65a784e47",587403581
"c3df4b9fdaa4dcb13723b5f1",735038285
"c3e1e0d2618556de7df13403",574898822
"c3e648317c360c76b94bf541",496552252
"c3f889c41c1effea85bcc706",488577391
"c402811ade75f5e3dee73ac3",631882850
"c4074029fba935dafd82eba8",506661198
"c412ab869616d6576cbb8309",450649479
"c41964afa164d8b75f8dbe92",649721662
"c41dfc0b917edb6e6ef7b1c8",550806157
"c42c59e8a08e8657ab4201f1",457372713
"c42c99f5da3248e7bcc73fa7",846697508
"c42ce8f9f62f7a315e028e3b",549258774
"c431fd6dbad57351a497fae8",507050906
"c43530f324a3ac90f53a8849",705544112
"c4476befe0002dcd0c315993",588081979
"c451b61851c8ae1e6222109e",857561451
"c455b8a15dbfff94c2909f37",669626389
"c45d7f326a2f279760d1a4ae",756079092
"c45d86d17d1d0519b455b7d4",731959859
"c462f0736fdefd319cee232e",655119922
"c46b122728ef4c9ae8be444f",601551424
"c4749eb8f59cca469236df01",466156602
"c491a13a87fa1ef595b35826",783409652
"c4955010d066e013812a85ea",943228080
"c49644baf8dc51d3f76d7e7c",574438512
"c4a3d64de5e401a86395a919",610785117
"c4aef1d92cf264c548ef1f2f",460961033
"c4b2a42a8908cc35e649fb16",564691840
"c4b97a459e2c6d13710fa273",467983933
"c4cef41167a5e8354a61feb4",678563276
"c4cf9ab3776289a412684892",843437533
"c4d7a906b747428aabd368cf",641751344
"c4e8559ee733a551649a5dcf",671567756
"c4eccc400db2dc9627c9879f",594777041
"c509f2036a11b7132c633d2a",634700989
"c50d5b4e75f165eeeb2eba97",611924135
"c514c9a35632e5a9c0476a31",569978902
"c51d1eff1b6d29b4164df520",864706441
"c520b7e8de3796450ce49a30",452026163
"c523380518164e1e317cf1b8",709200667
"c5346c37454ac2b13b92240e",911859170
"c535169307e21e5df7ec88e6",539504128
"c537ea2620b8c3a3f013c0b9",827971812
"c53c58dd7b26902f67c3becd",584744420
"c53f3bdfe8159bae98ab005d",893294847
"c5498cdddd7856e99d21f52b",489713089
"c54a573c9aef013dfa2abeff",797461555
"c54c645c340f59dd5f47bea4",484826011
"c552cfa8e6b8c8be2c963ae8",466570465
"c5602c608080e2546dea5463",464986910
"c56163e390d9e5a7a76e77be",634898098
"c5641447732d3d1269965ffb",892855177
"c5788cd5507c577b7b585ffa",452026163
"c578eb2dffe903475aecbffa",465980887
"c57c3c7edd591e16c0b7c1f6",509533285
"c57d333e383039db0fcd2620",833763699
"c57e1c323ddeaa7475e5189e",601227274
"c58947cd4f238cfdc0007bf7",884140198
"c58b56f1202d1cdffdda3021",625700905
"c59c2a19b93ca666b7c389d4",841268465
"c59e06a2ed37fd750cf39976",765487377
"c5a5676bdb1698f8c38cdcd5",518164547
"c5a64fe5ed5901734d98a22b",540190713
"c5a8695b7aeba06e46266959",638423769
"c5b333e454ed6e93ad32d96d",644149593
"c5b40b510bf7f121c93a2332",825616375
"c5b47ac5c4b7476d50bd56ec",710909864
"c5c024d11b3ebb2cd088bf6a",669887161
"c5c3f06bbf812593d1b95a40",940613090
"c5c7631ddb5b485d0e992f7b",561388664
"c5dc941305b5fb59e66479ba",512530187
"c5f7f0323f554a7419f78359",837363183
"c606665f3a3f70ef61fa5cf0",755885987
"c6084b85c8d95e0ededc25d1",654604269
"c60c2efec3c12959d86fe3c8",595769036
"c61076b24927a46ef506322c",911182509
"c6115d5e908e04e67915a581",609991629
"c617d1f15d294f0b0aea8ed8",740285930
"c62494a9d7aede44f2f84023",936679491
"c627c6287efaeb6fd9049312",561875315
"c62886167530efe1f84086ba",511522078
"c62a4288a4a0336b1436132e",664230407
"c631f8920a2fd1160f6b15cc",719287004
"c641febd8bc2ece3e4d2d8b6",512456193
"c64346c8b0ba32a55292e66a",880792484
"c658639b590415bc6ea44119",521438935
"c666974c4303d43b87714c62",488800825
"c670315562766401f92913d0",474579627
"c6706db3eb4f0bbb0510578a",914247144
"c673d94552bc3e451672939f",818997071
"c681519ec1ee1a28f6a3607b",812304764
"c697ec00214cad882d5e9812",511368436
"c69e08214cb1fbc09ced0971",481952319
"c6a089a9bb326c22e3f3aaa7",702937287
"c6b157e7a6ca08d04ec4de4f",459139215
"c6b7e739125907c86a8997d3",817702156
"c6bb4ca5a0c839d38dd8ce19",733264733
"c6c7409bbf52c86461aa1dd7",598362894
"c6c978051fdc655d21a370ab",654605324
"c6cb6ccd3f5876c9b9e29685",621200914
"c6d075772255b1efa52317ac",671510241
"c6d679cc07ce4373197748a8",943228080
"c6da2874d2dfbb2ebab542bf",681890744
"c6dc8c201ce38ff2ea49cd68",905511092
"c6e34cb4e79a729a5df4183a",837148481
"c6e9772058edb2268434d7cf",644675331
"c6ecbe7b57db2db74b0d788f",665826830
"c6faa40acaccc1603c29df96",510902022
"c6faa5d2ac8e74c26fdaad4a",819017370
"c70439fc435337f1e8fd2f5e",872258141
"c70f6bd5ca138bacfdf8b5cf",830701482
"c71123c31d02408cdaa74daa",557827538
"c714b30713eb7877ed3cd92a",481130486
"c716d4dfb5a3c2e1120bd84f",608215709
"c71fbecd8f7310c201adbf40",558094960
"c7205874bee601a7b01a0cd3",907626926
"c7214222fefdd8d2ad7f8f8f",734408603
"c72cf05b93b9c290c063b08b",839324952
"c73a1177d787a5ed72b8a9a7",520050374
"c73c38b652e9418f06f89b67",480335424
"c73ee8d419b96c6e7c53f95d",625607874
"c73ffac843c155f24985e6f6",781274491
"c74020c85c9fcb2a2cb3ac74",596801182
"c740655aea4eab7066446c42",563272798
"c757b3960436c23dfaed4f2d",867742910
"c75b265c0eb946ce77e32ce7",618706078
"c75d43b8089321e359e14264",614455784
"c76207e622cf8a208910707a",510870198
"c7694e92a97bb66794e62fbc",514066553
"c76c4695ed005277a59451f4",633602624
"c76f482d2a8f8db5eb79ae89",910514603
"c7746198cb5871bd687c2538",678297921
"c77509a6eb6665bb8eb07d95",841913895
"c775d4f60fea55d5511da4d4",866598590
"c77a63e92b9f727034913d8f",628227081
"c77d7a08d5b9abd4d3082fb5",528472316
"c7876dc81e250503076f43f2",587698794
"c78b16f05ef58855da0d4f2f",511551654
"c798ea36d2e4a8119723eae7",911578688
"c7aad87d39537083a5620757",559868286
"c7ac975025713f368bdb0af8",915033461
"c7b6e7a287602275f7854ef0",915369195
"c7be09a810b9e54d2dfba4b2",558165970
"c7c3da1f12d872a3726736f5",509486303
"c7c5ee499c712082931032a4",942187088
"c7c835349181bd3f0d964eca",919621606
"c7c99ae9259b34bf9b8ba799",468577888
"c7d5f021595b58c507f47d3b",854796222
"c7e45098251c687efe670815",588191721
"c7f422224808e043753683f8",945104020
"c80ef212c870e2f20ed2234a",703040799
"c80f897787541816ad63bc17",600839273
"c81133d5a58d7e8eebb10c8c",919849365
"c823e3fcfbf0c43bf2d82586",815090077
"c82434222f4129168fa82e5b",562435345
"c8244d916b0110b1acbd38ac",681343242
"c82929467d22589ec62c0475",591218081
"c832701653f1e7f01913660f",911859170
"c8346a875be8391145a2f9aa",460389531
"c843044c1fb30819300448d9",460024607
"c844a386941b86a3d4c0312a",558420894
"c846d5698bb295697186555d",602710657
"c84e1db639ee43ad83f930c3",524547670
"c84f96cf4570158c3832c3f3",784378606
"c858f0f3f5594e7bb0f3b6a4",879130977
"c859144477dcaacbc1654a8c",547506660
"c85d56080167254c7bc19303",613839373
"c85e9bd6e20ee2a883d0a7d9",464887438
"c86e643b7f7b57b4482020ef",579775358
"c876ed979c9127674000b740",624884723
"c87ae84ef029febca1e633e8",550860355
"c87d9677bed80b0fe06308b7",518561317
"c89167e42af0d42c88e8573a",781401153
"c8941b8d7626f7b33628158f",949628781
"c8958d280d0cf2d8a0b481f3",630797676
"c89ac55660cee4608bff27d5",555066842
"c8a3dc3654c53cf66953de0e",549574812
"c8a40314be3014c2a218f5bd",646730789
"c8bccdccc9186136a332e995",834862305
"c8c8d083c9b9600059a8b8d1",544398031
"c8d179013c5bb6379693ef03",507170726
"c8d39eef5a5422e0da4172cd",608476080
"c8d4ffb290aa9cea002e8d67",483978527
"c8d5a0e9614dcf96a500206f",542063756
"c8e00b4dcfa2d05d6a7fde26",758210688
"c8ef57ddfb35061d1876f94e",652404566
"c8fd8b729f4ac6270aff9c9d",571828100
"c900d19cade1443983274ac4",851100196
"c90486bba327ede32dec60a6",522788232
"c908280d0461c3585af94d53",683340366
"c918e02b3e6d80125a2db1cc",491947128
"c91945dcab0bf200c3ef321e",577841622
"c926ee21c2bd9da7da193514",474298347
"c926feb307c493aea729001d",508328275
"c92bdf97d7f0a9a12c024406",464986910
"c933750eeb53302db0245782",485633101
"c94056bc09a4bea0e853cc41",555022799
"c94dc49efe0a350bb522a56a",705317047
"c954618c48b70cb00efb49fe",574579870
"c9620e3e2dce92bf95c57c6d",591885051
"c963faee3ac527dfab08f61c",567914622
"c965b03014d21473b27072f8",841793955
"c97715bec6032974060480d6",910122993
"c97adfa6f5ad3e3db6b80edd",828179425
"c97e4d7e08db3171290e939c",585181258
"c97e70a767a3661c4869bf86",592184818
"c98157c582392cb895071f28",845769147
"c9851396352bfeb05fbd7580",847566354
"c9859204696f3440cdb541c3",876578831
"c98807fc596bb2f505b4da9b",849048485
"c9a215f284e095850c809425",748224600
"c9b0673becdedeede0209697",466097209
"c9b6d3bce20b7f528fff8123",512045580
"c9c3973bb37b5c688a7c0157",740121480
"c9c51c39725d7df94822fb20",576107976
"c9c769e7ccc99016f61269d0",531856291
"c9cfeb97323bd6a0564e1903",575654333
"c9d096d4353b8eb843e793d1",595576475
"c9d254244e315974cdf5d921",851593803
"c9d285946ffc4c4b3ee95da8",912959902
"c9d5c08973c493f3acdef892",511526807
"c9d996f458794961d9957c1d",543580093
"c9e20cadac540faa59d9aa3f",498244641
"c9e92b994e48df83dcf9976b",871797890
"c9ee7f0666429c0c15c37499",467409049
"c9f92088dbdc0d81412968dd",783649102
"c9fdc3f80534b32f1a75f530",624619553
"ca02c904cf5eb96ad20705ca",523308791
"ca0b59b35225b44447967ef8",480335424
"ca13bacbf6dc8d1b09fe4c67",637051025
"ca1b1c17572f776fc1059691",514989549
"ca2f81b8fb6fda20aefb0ccb",832308756
"ca3b5cd3505049f1471c47e8",622057616
"ca438e13d8aa6285858da0aa",773600264
"ca463fbe3e5cacc152aa70a6",486073810
"ca4f4a66d83f2043a7dca261",452026163
"ca50f7143937a99accef865f",881249163
"ca516516b33dc09d712b3154",613839373
"ca54914a1cf1028b9c8b681f",545755979
"ca5949c4bcf0b63e5d1be784",459039951
"ca5eecb01282d4a84017bd50",726135492
"ca643c04044fabc6fc566d12",756997087
"ca77a424800783bb9c5c0450",665539456
"ca7b9296080c9fc9fb232782",827992849
"ca7d715827b39c417e5b75ad",687465165
"ca86f53a857c23b15eef428a",630226130
"ca87bd8401c0c7bbc4b3f286",579700453
"ca8c85e8100f64416146368e",862681769
"ca8dacc29a57d39640e3e59c",839805900
"ca9520c7b8432b0521b2e8dc",509251044
"ca9b2ef10b512905af6be620",678563276
"caa4aecacff2beded2e76beb",590372025
"cab0a460167bb64c037cf25d",442703492
"cabc4fd04b60a66bdbe2cf9a",756002734
"cabf47337c2cd619f12fe69f",531889742
"cac3eb4606346268cea48e32",818407106
"cac7e7c3e13af91bdc7107e8",750961845
"cac82fdc4d960947bbc590c8",541984990
"cacb91ac1b835d62422b8a8e",888898727
"cad16b2ea432d926d961109a",575565201
"cad720be1395e2ab5869807c",495867801
"cadbfbea1d03e6538af648e5",493917352
"cadd4a6e1075b57f7b74c63e",649577662
"caddb9dce27a7e8012478da5",563664925
"caec584b5b6998684bbc6a70",495974346
"caf878b42daeee3c7de336e9",656990827
"caf9c761d21329c993a0bdf3",620097019
"cafa94c4a56c23ec73ee9071",855850250
"cafe7c1ee67458e05c84d5fb",649038811
"cb00154afcad81df60ee58f6",472394547
"cb00e44cea76a92e9c44e793",510013510
"cb01687abe09df6838e1b224",593006558
"cb083fa7ff634f424a351840",563374307
"cb09a84a1d7b929607d01ee5",687640160
"cb1c8ab11838d9f0a1197e25",830517169
"cb1dcee1f4ede0877be1ad15",639342767
"cb2188cb8e534973ea3411a5",557542782
"cb29bd3ae3d5da88c99d3db5",623422463
"cb332695a296899d1c798426",753076337
"cb383b7a746ed55b21a8b245",735605974
"cb38dc837baf3e0531c6c115",794548909
"cb40d6ea6a1eab77a60c1ba3",572387035
"cb482d76b3b4904c595f2dc1",502705526
"cb604e3a56cc847189462004",633278845
"cb626b981c0997d254388e76",462108476
"cb645955c851790e83e696a7",747471107
"cb64b363295d36b9b0fde3cc",579901439
"cb6d29f005078d4d4efc2d04",708006525
"cb6d4db44c789fcfe8236b40",587332063
"cb70f4993947b640317a07b9",598388541
"cb778195c5d61a7c4185424c",732644504
"cb79e02041eddcfa9225346a",815547861
"cb7ed5960f325114bd3489c3",830464071
"cb7f62ac4c1afbb4256601f0",586884994
"cb83c138aefeadb184d2c7e0",491737139
"cb8844cf2070d8697bcccf27",497897568
"cb89ad8156c3428ac80a4db3",546031535
"cb8b826e929f4f8a8e3687bd",586225960
"cb8fbae1b4141461127c97da",729540106
"cb915d1ef92dff803c5cceae",798326072
"cb93b0d5e9a26628b0462b14",583650561
"cb93bf58a01eb262cb003061",756838492
"cb94eee5ecfc75d0fd5ba6e5",589942976
"cb9d8fe7c18dba6827836403",709149205
"cb9de5719b978a78c71db699",725427330
"cb9e058f82b10cf80990beea",748458571
"cba57e3b393b3e392c7431fb",853780126
"cba9aead5bad82b31da51e6e",809584101
"cbab68c32d78424452249d9d",902192463
"cbb10e7618b1385cf922e815",911859170
"cbc99d6202cd3a31e1c14a16",590598171
"cbcf4d76223673724b0f9811",601028213
"cbd48f3342e63a84173a8dfd",452026163
"cbd78f55af1db4d89b53b496",501594352
"cbe4318f63d73fea6238079b",879130977
"cbf6faf7b47b43b2a77b3654",704999998
"cbfc3ca911ca23517da8c2d0",911859170
"cc019e30685c91634d2fd4f4",773600264
"cc03087e0f18d59c521b6ce2",631401565
"cc125d0f70d6d0819d6d90ee",576052650
"cc1a11362066152d21d4cc60",629796613
"cc27435df779f16e6a62b0c2",912959902
"cc2c78d41e3fe29de0b4ec4c",822985333
"cc2e8713dd087d3b842d2f11",472506086
"cc385eff95aa00310eb22111",687924873
"cc3ef2f4fd5568aea96c257e",619652448
"cc48e66185c23195cf958612",555768119
"cc51811e23409f4d77995768",541114681
"cc5563550bebb29c83ae3054",885581586
"cc6fcb8ea6556f676c13a76e",650622782
"cc72295ef156cb2d60d6b10f",847566354
"cc9743189c3671adbb1be49b",796080915
"cc97f62e2fb9d3e31ef1c00f",630779408
"cca9a08bc4a91f317b851f11",758428809
"ccc4457f68fcc1a416e3acf3",600200500
"ccc4e48073c3da10a2e2d08a",796080915
"ccc625df8f51248e3dc93214",457058113
"ccc66d77e5f68779b1c016db",526872806
"ccc70d1d8e4411331730bd7d",493113748
"ccd2f6ec8e9841f1068b7c76",569880860
"ccdf0abddccb1a670f31c2f2",909418511
"cceb25e83ecf22252aa92d2e",837065852
"cd0236af88ded6bc15b49eb2",626063735
"cd05166ab9bf3128c23fb8c7",737140656
"cd07b4553b6d3863a9e444e8",648539234
"cd08976dc2d69110375f8541",543580093
"cd097f6cd92275ec8ace1f20",553541323
"cd10d6e28fd7ce92518ea31a",876970322
"cd14f8aa1613d754221c4735",599078876
"cd17bb739ac79f80d6f651a8",666930053
"cd19dcd4aff76caaa1cffe54",482946434
"cd1fc7362660bce494b5117a",506688531
"cd270a11dd8257648d1f0444",861508424
"cd2913f013727119158b98c0",867742910
"cd2aeb1b2649ef421102def7",818956355
"cd2e4dff930a1c7a1a569992",649227615
"cd365053914fcde97b7ee9a8",633929999
"cd4656aed92f5c0a0b6b7c0c",768186293
"cd5111edd2fe80f56db29531",623133052
"cd53a991573ecb5c53f47986",650622782
"cd55abdb54bd56d54b11fad2",645577859
"cd5658fc146ae4b5d78fb565",588191721
"cd5c6655243a4be0912bc92a",649227615
"cd62ad28163c8df131a8f2fb",650270175
"cd69a049dd8a3822e228ebaf",748795355
"cd6ecb0f77acd93cc1c9038e",911153536
"cd74b689350ef612ddf1b96a",570662908
"cd77cb445eb0f72df89b9fb7",665900976
"cd791a46ed616911ae7d4fbd",679312824
"cd89201cfe3fa19a4eb14bf1",618400088
"cd968f8973a267790a38f2f2",541753070
"cdacddfdb6ce41a3eb752496",475576737
"cdadb2607807935a0a5597e1",557392177
"cdae3bf05372c13649a2adc8",465763134
"cdb5f8327360c750469cee74",796080915
"cdc0c282ee62c51e3a20459a",665826830
"cdc3e114698984145df842c7",867416893
"cdcb874d2e62220d12230632",783488061
"cdde8657b5a215915a04126d",925359597
"cde84d2435eb1d0d4ffe2a43",629649338
"cdeba97450c735185e486eab",642352436
"cdef6e87c007bcd9b4efa9fa",828356776
"cdf11b53a23fcf9b6032cc8d",630543076
"cdfc387f8246a1bb3110d724",914247144
"ce011b7462e9be36184a2984",452534817
"ce03d8ae43a426e074ed35f5",870269298
"ce12b48120daa5704a4c81e2",457058113
"ce14bec246191176c16c4e27",650270175
"ce164af02f76ab3a68b0f980",646907976
"ce18358366157fa869bf3833",510886923
"ce1b06502cb0c5d9846cff9a",488316871
"ce1d63bc4411a615b816a76c",645195157
"ce206b82f2de3793156baadd",620637515
"ce21f368495d385fbd98de73",547462741
"ce25e9fd3bce9b75050aef5d",868790388
"ce2cce355f493a75ab59b242",466333678
"ce30c2c7cda56a69005300d4",538811477
"ce3deac5963eeb96826c14f1",750147811
"ce407c1e25333d7c7eba1b0a",469592548
"ce44699aeddaeb77f23c9b9c",934438130
"ce47299ee877638c4729f60a",475082954
"ce509ce153f452ff8a997538",797511279
"ce53f3477814fdea2889cd2c",508105483
"ce60e2ce2a420052e67564d2",587840404
"ce6a3868227d78852fad9f62",927362784
"ce6ddb82d2ece3b8d58fcc63",565220773
"ce6e91b53465250effacca98",874562961
"ce6fc507df0105c68c29214c",504301116
"ce78e1dbbf0f7aee98e244df",910083920
"ce84187750fa7aadd141b5fb",708039493
"ce86066ad78dea43089d25c1",815090077
"ce8ce41a36b610be164a25de",721234396
"ce8e1e2e4a79fa55a8547457",878721692
"ce9474244dc2d40f357146c0",504436880
"ce95aab452311a0cc27e0c7b",611315732
"ce9dbb6d009cbdbe654edcfc",754032674
"ce9f2f0071be658ae75ca6f9",798326072
"ceab390b6906d5cbe65fc402",630797676
"ceaf16e097500022498950ff",465689710
"ceba7d0f56f6cb03538962fb",635712761
"cec8daf847f52cb2845a9f58",847293669
"cece8267e60c2461d6c409a2",842582116
"ced1f52def08143f0b2b6849",597564504
"ced624c6debaa01c732e9f60",631408970
"cedd20027ebbf47baaa0dbff",639014076
"cee124f4b9031f59c4fbef47",859677249
"cee1833e8964355b9aabbce2",557827538
"cee66eef685e4764b9553a02",526883523
"cee8fedd5685633435d77a06",757804629
"ceee9fd6e692196b960443d8",504582493
"cef379fa831f936cad745dbc",601716272
"cf0152b0a5e886e8291ef4a8",598896396
"cf07a5af6ee98d735bde14bd",837719560
"cf0ca58262feb1f8b0dc7b68",705599909
"cf184cc576effe39c0f857b8",543042795
"cf1ba56710023ede80a8381e",915833680
"cf2e8824527989d3cd29c058",503090785
"cf3665f24927de548639ee4d",587846316
"cf379b41b70374ac4cf82dc4",676178001
"cf4d2297b73dbc357d21e31b",555645432
"cf4ebcab3fe4d12e1a20146a",625648643
"cf5213877dfb4df98f0dc10f",603926949
"cf60297d9d9bf1268f35ad95",801718498
"cf6092df1f22a7c4b8ff9d50",555144801
"cf68e05962a41395844e9c80",583787538
"cf6f0a3cc030024f4e9ad06d",626155219
"cf707785919dbb92cfc7b5f6",832997125
"cf76689ebaa20c70d9db4d51",910122993
"cf76e6077d47a14abaf0cfb3",492380602
"cf7741583fc5315ba70b70f1",791103444
"cf7cbedea50333cd2dfb0e30",727730545
"cf81103f31f74edfe0453de8",652536637
"cf8418c60f4e54dfa09b1e6e",597564504
"cf88be51d6f31c10e5868ff7",436844360
"cf8bbd3528d3e7e2b8f50c29",644526102
"cf8fb8db6f74c236cad0cfcd",909281522
"cf9eb2cd0f20b13cc8816bbc",469875067
"cfb8d15c6b0c0e6ee4b92109",862396670
"cfba6db03f0e38d1aa0802a7",605730597
"cfbc690c55e5c2bd8dd9d89d",843263534
"cfc069bd55e152e40b3a1391",818721821
"cfc2ab56604b4e3734d7cbbe",773600264
"cfc61dd41ee5f5dcb76bacfc",533139464
"cfc8dcf337e020b875ef1572",939645520
"cfcd97bfad6e013aeb57a2a8",662970212
"cfeb42023e2737491b3e4283",867074618
"cfeb702df06baadf29f12eda",470561763
"cfed0221146f4d83d641e1aa",488983795
"cff851746578050bdfd46090",867899938
"d0100c18dba3c334327b29e1",623585673
"d0116b53467b3081664fb268",683449303
"d0119d7bb15452c473ed28ba",639588826
"d012efd4a77c5aa5e8d6e508",613839373
"d013a0e910b1fe2e3913af7a",485878728
"d01f6c0b2b338289e9fe3768",458529750
"d029158b36963961fdcc3974",786975312
"d02c3b5ac6fa0ed6db06e490",756002734
"d03101c7f823dd7d17e49a83",721557693
"d03558acc19951a882bd568b",499464766
"d038e5695b32bdc6fff1f72d",647476063
"d040e15e50d655f4d19bff54",489609398
"d041129f83f1f13fd7b35e4b",732060966
"d043d368d2584ae95ad3672c",745210003
"d048fdc255a5a7f474d48c0a",756002734
"d04d42ff91707e3957b4a29c",918526620
"d04f549fdf8f34bab19a171c",495641802
"d05030b0eb8931161855450b",745977707
"d061615fcc6355d79665f9a6",576007087
"d06ab7503c6deaf9cd405f66",847566354
"d0751cb5e704e28e03514fb7",639956473
"d0792d22549d1b3f63baf3ad",482533908
"d0804da971548399183ecb85",664389386
"d084dce4ab9c4008ffa3bbc4",935940630
"d090a9e520ef74848bb060a6",472715876
"d09c1af87ddad4ad11b82626",489713089
"d09dc3a3270073e5f1cb353c",649227615
"d0a5f33f0689445e22db6626",477076027
"d0ac1f63c75987c92038bd30",631349387
"d0ba7b90f6ba3392a165b46a",904175890
"d0bdb51c8020a37fe8344650",621431985
"d0c411218ffa7c3ebc10783e",776104661
"d0c7294b2184d0b4d0e2fa07",864103762
"d0d6a1b5c60ad420ebf2ab8f",907704668
"d0d77497c8a7d567f01d3afe",593422472
"d0dc69570223bce949a4c17e",628993155
"d0df2748d371d98d76408d66",558795291
"d0e45d520227ef8a1f53ba28",548232472
"d0ea7bcd8cef8588ca50c778",513492254
"d0f5cebc2059ca89aae30c76",569465182
"d0f6e19e92c03b40a5aae3fa",893521168
"d0fccd2708fc7def00c72317",795916951
"d0fe3d393eee5c0cea5bb6e2",544669327
"d10bdbfbd411ae625dc80611",452534817
"d10f89691119d4a4a2c1e650",904235859
"d1166776fca47427c77fa8e1",814884525
"d117e9672b3ea0435e7a894d",526883828
"d11eadc78d95c96f50b41a10",912561988
"d12059af22bc7d6ff170430f",862781952
"d12298e0d398e9d21d2e2eed",472715876
"d128186867f91603af4fa481",803978438
"d1281c9f037ea5c4fa683b84",537964200
"d12c08cf48be75014a149873",837065852
"d12d6ea066b67c3db9b2dfb5",762630988
"d12dc721a59af021e8ac68e5",482488379
"d12e6de49fcca906c3586994",536269329
"d12eda0ba04f846d73cd7acf",662465053
"d135cfa351ed6abe4ec2033b",535252952
"d13e3d432783206eecb0e192",862402901
"d14173913bf5ed21e3ab50fb",671444333
"d1481d9d2bc9d1a3811f2faa",881985176
"d14f7f939468e641c43abfe4",496543574
"d1526bc5e5446680841a9cd7",822006393
"d162a90b37622c1dc6550690",464033108
"d1668e2d35a939ed126a3f8e",660047808
"d168181ef0dcb853171cdbb4",718374743
"d177236e8c725d4405025916",882465575
"d17ba799e68d7775f2104b3a",587702727
"d186e369ed884150e71906da",936679491
"d18d990404e7fd07424f5a77",503505134
"d197410ebc0e3b9937464923",510614386
"d19937a773269962c7f9e8a3",875860790
"d1a6132098a4bd640321c7d3",642824763
"d1be4eae680cb16d0c842606",893294847
"d1c6037d0750bcfe47d425a5",495072902
"d1dc16c82942902c668a5c9b",672193563
"d1dca15e36fcc5ec14dfd870",601511846
"d1e38d7cbd32567c874e194b",624530991
"d1e6d6900eebd9ace65d6c36",689504616
"d1f39f86c82916524273bada",588403026
"d1f8eacef9bb4d300d086837",862056606
"d1f92e6b18faf07ab70ca1ae",682589966
"d1fcd31555048d043cf084be",545465822
"d206aafc71e8aec2afc3f8ee",527675950
"d20a5b3eb857e1f4b548066e",591282193
"d22313a06e43b8ab8f6672fa",473078789
"d224080523a2bf2e81698d15",536789212
"d22d5776b6305308c9e774d7",614455784
"d233eb8af3ef7e325f6c8f9f",469201451
"d23d12bd86def2657038a481",781892915
"d24258de8d2ca10186660a1c",635631015
"d2526a3e39ea01f87c99d073",649227615
"d254d88ea0989a609b71fb72",506661198
"d255f73d4066fe559065266f",504423169
"d2637d64e4022075c8f539e1",838391532
"d2644b46136fd95c0fc2353d",603399907
"d2655e69f5dbd09ddb9268e7",840138074
"d2684e676cae87d75dea5ea0",586225960
"d26d35e33a0cf88f735a9322",520467346
"d26efb0e1213e19c378edfbd",757712644
"d27283e3c941f8fc256c3f4f",603489155
"d273a2075d28e343a657d9de",839519408
"d280fed64d1c23ac9d79ce20",914247144
"d2aa3386ae240d7387424e07",482865845
"d2ab14487e0ecf640a785277",761104651
"d2c02052de9c97c531a4453f",495617033
"d2c46ef63db73ba3cb7e32a1",714328953
"d2ce77db7cade7f2c6189002",561875315
"d2d2f335839ed35571b19bb1",816489455
"d2d317f2990465269ef58c41",623654584
"d2d46c70dc048c92c8e4f09e",823043731
"d2d8f5356f77507f8839280c",837065852
"d2da963bf6c2f6fe724be23c",897170374
"d2de34876a7a6914c2dc479e",847566354
"d2e6ab3b3106f36f2c3fc119",477913775
"d2e737461b916ba78030c76f",757248830
"d2e7484c81358d4c79f040b7",818224734
"d2eeec3fb1ee4d686758534e",887191671
"d2f20425e236285124eaebad",576295128
"d2fb81a477ef3690cb11c93f",946214151
"d300473e3d2ced1177c9fbd3",558659949
"d3054072b2175deec2c1f8dc",471762106
"d309cdb5688ff7bdbb682d17",626454401
"d3169d4a467cb7eac41849ff",581429580
"d3222a7545e302bf10894658",557822105
"d331a4d58875a393080fdc48",508328275
"d337476c2cfa780518523a6b",528830385
"d33994c75d98941acffeeb90",758195417
"d342a1ae299065045a957767",839794467
"d348d38769937c8f350297bb",754032674
"d34c48ffe935cec3358b2247",657107654
"d353be29e7ed2c35b920f7c3",493671397
"d35462df6c686296a3c7bb23",691800452
"d354a2581dcb183c0cd70540",587788194
"d35596846155e74d1a637d7c",576509039
"d3609eabe59175fcb4441ac2",954138952
"d36dd340e5875df6cba999ad",840075647
"d379dc03d78685ad14c647c0",491038363
"d37a1dda09e30da13ff5bfc3",650539997
"d38353aaffa4af168518c6c5",715426448
"d39797a12d9a4aaf15ac11e6",558147636
"d3aa845e96d22f31a3656aa1",508734039
"d3ace27450b980262ba9bf76",904872529
"d3aee2a35856634eb710efa9",650270175
"d3bf3146ec856cc26c607d70",849103790
"d3cda82d1fa53a7ca1b46a33",831236836
"d3de7e975a9215d04567e467",508947652
"d3e119e8fa4d96abaa8c43c2",866267162
"d3e971e2e224a20530ee295c",749356538
"d3ed5316a463d38c1bd321d0",950114107
"d3f297fadece964afe5f1cc4",837065852
"d3f688e0deaff6648f2925b6",501425200
"d3f7847147c88352bd3b9707",725396637
"d3f9cf66c1c05f55325b894a",878721692
"d406baf5cc9b4473ae9b8426",520050374
"d40e0c2222c0debe89735e88",604333904
"d414907e75a1c105ad2b74d1",509730673
"d415dc486936995f8b3704e3",496161317
"d417ff438d2a418b1f9e50b6",569255202
"d41d07d1aa700278cb81ff30",519278518
"d41fc79d800458b1691bbb87",609145665
"d433ad6c3cdbd707e6839082",669215435
"d436abc2ee37ba3dd561e940",842341517
"d43d2bda7b6e4d5177c0d032",625784777
"d43f045d046fbc8f5ecf465e",543319441
"d4436ad417941fde0aed2818",649227615
"d4439c35bcb88e1490916c67",533005932
"d44778d36fc789f8b8c745b4",511012978
"d4492ffc4aaa4ca9c4dd2357",736414132
"d44eebc871d1fa6981c32ccb",644197118
"d450dd622183c7cc43a20d70",561030219
"d463fae95232d30e0f78f93f",552720250
"d4646b7f4dbebf9785963cfc",491943311
"d464858ed94a1a74948f479a",534652447
"d4653d505cede3d24e258d4b",645577859
"d470d84f5d8299c52fa24499",522825401
"d4716e228067a7bb0f30aa30",586746019
"d48866a153ea0fd23a858cd6",556248817
"d48a061a2040d851937413aa",635468572
"d4990842f549d8139fa94c87",564106405
"d49aeae19e13909e75dda2b6",784602583
"d4a43654382201db5d318dca",647069622
"d4ae25b207949fbf0df3b404",635467104
"d4bee60a74c2e2235f507ec0",741833259
"d4c40178c19d6cb2fcc88e48",613612932
"d4c45f35f214fc226ec85b36",705544112
"d4c6dda51fa949743a46e835",594905404
"d4c7b3372d70b898b167b92a",757277846
"d4ca9506161d3f4bb3ca57fa",464463313
"d4d138bbc80a0b29ed28a4d6",517835833
"d4dd48521efc020762ea141e",471941903
"d4dfddb6564c9f46b26e7aab",558796002
"d4f1fcd4c20dec55e977720a",950406446
"d4f4d0ed36ac9affd71f302f",711326525
"d4f6cc3cc6e923cd37d0fbb7",510432595
"d4f90a6b73b1e179d3f8eb70",488845554
"d4fac54e137f5d27ce5f457a",589033333
"d504ed869ece1b1d6e724452",464355611
"d505277049a254f960e114ef",639335995
"d50b80d68eb3b928e4bb4317",576432075
"d50f33fe5acdaf5caf1c6ac5",540769087
"d5182c47a954c964445f25d1",629073754
"d519a8de5fdd1a84ca1baac3",648995377
"d51bcf03d649839ca803c357",465629309
"d51d3ef396efd4760c979de4",541753070
"d520e90e7d0c44a6b8852e5b",467617219
"d5239537894ce7f2a9cb5a49",609748356
"d52c3915fd7d2ef8c92a22fe",538390084
"d52cd6eee468311666218625",701168293
"d52f04fb69bed41ffb10fce8",568540706
"d5333f639d11bc3ab073ed72",515076946
"d533a334c2ad9d510865fe54",584838066
"d53b60b0f2c65918153ca2e5",482607815
"d53ddfac67129aebbe054024",730701795
"d54270fd6b09b38a978cd7b9",524454042
"d5436eeef04e1a8e51a38912",476742514
"d5475993f9db58c3e4baf7a3",758830797
"d54a4c353cebf18d452be515",562386638
"d54d787189cc8f014ae58aaa",649052656
"d54e80ee72354c70cb84323a",599754754
"d555b82c192794e87e9d536f",707005153
"d5583fa23ed97a3b9413e910",909847823
"d55cdfba22aae78b6fab5491",508027027
"d56159653f5d2abc5ed5acd7",757712644
"d563312854016e9115d034aa",839852351
"d56fda10944b088d9cbe1162",521580625
"d573d2caf8c67aa32bbe592b",469632152
"d57535248bb34f65ae678a39",622057616
"d57541684e5c00bd9354cc35",693003259
"d58f191c74d26bc1fb02cfe2",542031767
"d5999beafbdc8acc8a6ad809",662660548
"d5a83c31bec18d1c3eb9af7d",706765290
"d5abd56b5a8ab8c2f61a07f3",602177983
"d5af3041d95f5e89969c9868",465941989
"d5b5bbf927f763a43190fabd",742111043
"d5b950c5510c19ccb926e7c8",830364073
"d5c79ef12f43e2bc19e22fdc",670601912
"d5c8073e3ceefbfbb547eee3",880027526
"d5c950db90c92be5fe753189",600518880
"d5ccfaaaa739b2bb2b3d46f7",547638590
"d5ddcb0a54416bdadb4bf57b",595919488
"d5e001b2f1dad3962cfff9aa",650404385
"d5e29042106130114cf3694c",485966581
"d5e2bbb69ba3876b93af2d3c",937415215
"d5f41dd3258aa346367d7725",466485849
"d5f905cebe05262cfc44bb11",757277846
"d600310e19c926cda14ac923",880792484
"d60cf6dcb7b4b40077536604",758195417
"d61700c4ecc128290bc42d3f",457677411
"d61ac80c0d4737c3529f4a2e",475421748
"d61ccfd4239026feb484cc93",477778696
"d62663a447beaec69808f85a",475347405
"d626a635ee75c23aee2fb327",903853037
"d6297cc548b16bff11eea51a",935940630
"d639498fabe1db1236656593",512687056
"d63ebc63c82fbf66d8b6ffd3",787542167
"d63fe229354bef8b02b4a934",623116010
"d6438814f4ff3853bf6cdb13",679312824
"d644b23e4bce0e6e50ab9356",866338514
"d6496a3215daad9089fcd5c6",762630988
"d64a2ad3297e2fad8ce66197",485744124
"d654c9bbda61c4c0ee1ae2cc",527086625
"d65946f9c27e417e6bc60057",524245003
"d663ca1a0d29b4cbc5cae9ce",650622782
"d66bd7e4bc7b51d23af57de2",870031464
"d66cca2c8e08c89af26e7622",649227615
"d670be6c848b1e92abbf415d",471952247
"d69209d7a26bd306bde5a37d",655496339
"d692ba46b098c6658799ea8f",526634400
"d69b019e6d54faa1cb044d39",797392529
"d6a43f209f810455fa41dfd6",493577765
"d6a8f4abcb02142c6dd15b30",547678775
"d6b051fbaa13e3d92a798521",735460314
"d6bf8bfc752bf4580e99794f",634389044
"d6c6e7f923ce2cffba8ff9df",767199881
"d6cfd3ddca2a59f0b6999d77",614890262
"d6d5717a4b7e2edaef162b6a",551136442
"d6d581e852a025b61cffd6cc",731499623
"d6de5d741702387dc3f4481f",911859170
"d6e333e793f75c2ab34fb127",479058537
"d6f1594affb8db7a865e3452",521841932
"d6f4479f9226e52c93d70eca",536555691
"d6f9abcb58befa3d05373a72",825981503
"d6fc6059bba177ab56d85ec6",792097577
"d6fd079beb9f759fa4c6886f",471952247
"d6fee4f680569a54f4267215",721835890
"d7047492f4c53a0cdbde60e5",880792484
"d7080c3742cd9d72e9d0ae48",513008633
"d70948f87875325380885803",955106066
"d709a76487a49bf257489c0b",506169335
"d70b133f81d6f1c9d93e2ed5",524009011
"d714e15ab5c2d5a2503bffcb",908879779
"d71cc157c0c43935989009f5",626810876
"d71d0c8357f09fe2f77bedde",558932199
"d723eb2516802250027312b4",585181258
"d737b8b7b39e99f7d877b7ed",626810876
"d743892816160218a63dcd35",824197128
"d74d0241fe5222f5c5b67222",585386053
"d74da3bb780515b1273d741c",797392529
"d753227b5c685e93b378baea",577580434
"d75b7730e8c291ed41d7caf1",550831492
"d762007a4ea5de370738e875",568107137
"d76d5b14d0acc5295b8057e2",759343960
"d76fadda8063e44483aa024e",793950522
"d78d84e4e42f145e02e423c9",565048197
"d78f7a1592c0779093150ddc",635232502
"d792d1eec60822752c8d52f1",692095080
"d793efed9a723e77ca8272f8",679940671
"d7997b9126bef50985bab347",493520696
"d79d71be963d418a4c9dec68",880792484
"d79e2addf7c11180be222103",904474986
"d7ad46cde8eca723de6510d7",652536637
"d7ad6527cae719481f849927",809536286
"d7b82133acf54bd3eac338c1",817267549
"d7b9566ffb28c753bea96f0e",791400263
"d7c48db0385bdbf7ecb7088f",891260005
"d7c70d831e88d552da09ff29",875896455
"d7cc3d199e538258fcc83f75",510614386
"d7ced905983af0800c19b7fe",652536637
"d7d30819fc6ad6e7e41453c1",810301543
"d7d3cd587d291f389ba2e8d1",818557966
"d7d6f668e3e40d957163276f",609565051
"d7d924ec35768a3e6bd39b20",574671387
"d7e3cdd3ac239a5c318f2e9b",856644846
"d7e97cc158c6c54b02fe635c",596638531
"d7ee2851bb69088f851970e9",591860862
"d7f22a4e6daa572583e02640",458529750
"d7fb188814d4c118ccd83989",459842383
"d80c5f0b8ba55e7cf105d282",680315107
"d8171d498291341094daaa39",884480191
"d81a040e22d541a74122f3c3",453643049
"d81b170177769c0121b8935a",866598590
"d8216aa4e029c0d3d646efbc",607145712
"d82f743ff414299f8c222db9",882839627
"d839ca90c5df85e5cab54ea1",591265897
"d841d6a82425710e36460f64",622663630
"d84248b3ce8ff6f5fa480a83",525041706
"d846dbe691d0ee3ac5c3bec6",823623709
"d84d7edc4a4896c4a8722328",561320408
"d85fafb4d5ec056e6db9a79b",517235455
"d8607e3261ef1546eb0c30f0",879512096
"d8654c08e95b39e3b4891cd9",748458571
"d8735967c942d1a7b0cff7c6",768290072
"d87896f889ddfe1ba210d74d",481130486
"d87bbd60fdb8b84a9fe23ba7",482611971
"d87c489d3572187e3280965b",919621606
"d87cbdc4896e0e0160999520",524944555
"d88544e4e85add30aa795ce6",465155733
"d885902c923752eab7b619e5",485966581
"d88bba495701ae7a44eecc64",945977780
"d89dff35fa1944191aa9ed98",582354425
"d89f812c7edfeb3121bf639a",576839599
"d8a7c0b01bb545c414e12a23",889496495
"d8add8f5e0aa562a63c894d7",576531184
"d8b3a1d0cffc913ebd05b931",864462981
"d8b83253855448caa81f7780",515076946
"d8ba9eb448ce35ed404e68e3",829974114
"d8bb6151d30573c7595ee7c0",611315732
"d8c1f7303b205fbaba2890b9",481600430
"d8dc9de06461e0220bc55906",561560732
"d8dd26eb78ff22272358e302",650622782
"d8e51f7b40bf1887ac007163",612189751
"d8e981acf77bb46a9dbd3109",695950815
"d8ed50fbd5ed46d36b3d2dba",589278077
"d8f4955ed4fc363d6d9ea897",775881423
"d8fde541f142e6a7f0b28099",612327514
"d9000c1afed253d05de7819b",468015525
"d9028df78f9b14a720dbaa8c",834191732
"d908973d90db91f772890c9e",471952247
"d90c961aa01e51d63e50a2de",697819216
"d91017d9c530e058ace2e017",669079911
"d9110b2b5b1c02766da9e24e",872167461
"d912e45dda1a3a628fdf50d6",651202125
"d916219daa90cd2d99edc609",615228291
"d919dc64995903c9120eb61a",747918328
"d92232d77f7a124e7ff13ee9",797392529
"d925c1d4dcb68990c7204b33",617370621
"d9357452fcd193b6c5284bc8",808346798
"d937ac866f671e4a0c090879",789515937
"d938d682332fa9e5c4986024",761104651
"d9398ef84ae71419cb7cc82c",649038811
"d93ba0c32244c455e0f7baf4",551629958
"d93f6d8fe212ee3c0f7cca95",634898098
"d94d18cbc812d560c1e38ffb",822985333
"d955edf16ddb9d3f59501a9f",850450129
"d95f38f5d1293c74ac52e823",878721692
"d96155b72c02bfa04f7ea98f",526239930
"d96855b0ec427f041e7a36c3",831296622
"d96e3063ce77ab1235e2ba26",483092967
"d96f6225db81dbf3d1a0e9bd",506828249
"d9706de7190ae64c83e65769",663026675
"d972dc3dfccf2a48a6384e54",625915513
"d974970034de145d469d09c5",469180942
"d97895a836e6ea22ff3265d8",498968114
"d97d462ac4f5d9cbbf04e9ca",766677338
"d988975f8c4e6ee8fd8dc1e1",776902060
"d98ba43504fb49a4f0bd9c05",911859170
"d994f3919c3c8fe0ebd538ad",846828585
"d99c00c516cf57b6fd9e877b",558958568
"d9a94194ae1350512beff3e6",632225465
"d9b46a34e48e04b5a3e026cc",513116007
"d9c46d54ba6df0d21ed4ca49",636189081
"d9cb0f637cd4feaaaf8a21c0",607688719
"d9ce31250d4ae25c3b850124",636889241
"d9d8aeafa748f8f1ff2fca22",837952375
"d9eaec557a7a6674565db1ac",640749986
"d9ebae84cb53d29bbd8a466e",469663325
"d9ec26c1c3e1811e38f070b2",506661198
"d9ed55fb72efda67f5144330",865057578
"d9ee40ccf461ce3e9ebb815c",586677470
"d9f0b4c92bdc9476f50638ed",509486303
"da12ac932dd8a2fabade4bdd",671856888
"da16828139a19aa11bd94ffe",866019377
"da26059a2cf36e02b8702320",594466798
"da273cee807e254fc9aabb9d",795742072
"da34d6cd832009e428d2b467",460024607
"da35c757f211ecaab20aeb3d",539489987
"da3aafeb2d0105f8e09c051f",525290380
"da40d46cb91d9e59fe12e6ba",574579870
"da474e23f34cb63de4ef28a4",757277846
"da482df3d0fc97f9f8582e22",505875239
"da598f8a82b1ad1b02961cd1",679312824
"da5b958667b31f4f9a1d84a9",649526779
"da5bf7f1c7b2f4ad670e2382",607034374
"da5d47596a755078a2261328",635059376
"da627dae6941b59d1eb98e35",543962574
"da782fc0c8a79e3e250f0f67",435849157
"da7a511a5f470d99ab2bc4a6",652450495
"da83b03a6c9d405f55714b0c",893294847
"da846b08fe2205d2e2a3dc71",480728043
"da88bf5bc2a7310ff382be4c",821063118
"da8b5c8a320821ab8ca00a80",910083920
"da8d3092ed0e085a83a7d67a",700155412
"da8f986b6ee6f594780f4a91",669979084
"da94e4a5fdebe3ae7bb1adcc",637080651
"daa0be53e7a1d7ff76f32955",777689633
"daa4d7da8d7df8efc1adc9d1",484502604
"daa52a91f1fee77f75550246",471085323
"daae80933675e767b50bdd17",804432436
"dab58562904cd13a93d913e1",818557966
"dac29573163315edf99e0e7a",671438471
"dacd62440872b6e94ea56fab",509953615
"dad2bbb0fe138e426000a33e",614088663
"dad46c20f9f7d834e522fdd1",824688124
"dad7e45e4706ab2564ef9cf1",438797424
"dadce7c7a446a6a177821b73",746220139
"dadd9ddd29102f529caa3bbe",496003707
"dadf0a00434e8ceefb3e26af",747471107
"dae0265a0f2f79d3dc010ac8",885581586
"dae09210f48e5bbe0d31c728",459242595
"dae55582e86b1f514a4ec3bc",804758861
"dae776f643e809387148900f",900539233
"daeb02020f23715e663b4a38",577470430
"daf2efda70c6f3cd9257d0dc",468328406
"daf8d6d3f4ba21513341eb3e",949478368
"daff79365fd94d1d3a2bbbd3",581343456
"db05818b6de8d77c1c3fd053",511551654
"db122cadb7a9c33f420fe246",506661198
"db1c3ece26da7b342eb7c8a5",628119665
"db1cfd89dad114c11ab2d409",683340366
"db244703ce223e6acacbe85d",672824226
"db297b6ab332cbbba338e7a0",639733588
"db352cbc2aa3066ea9b34184",754774088
"db3aeb3a96304f3c255e8a22",580863644
"db3b84e5b3a9097392a57319",680404025
"db3dae76fed5fdbed29862fe",636004376
"db3edc43e89840a65749cd94",581001367
"db41266d7b500a6daead96cc",507084998
"db534a5f57e92d29b9e150cf",749786788
"db563e5a1cd9eb1be832bf5f",954448504
"db575f8a4e10a29fe81b335e",649227615
"db5e320f51680100f1ec06f9",452026163
"db5ea791b33be91840a6d045",884579670
"db6061f876f890071f7ed957",866621918
"db7535339826028d0fb3355a",466333678
"db78a3ce9c6f6a7f4ecc6853",745157942
"db81ec58863dcc5d12839883",472150712
"db8912c5c5e5e49431b2c85c",640527021
"db924733e88c361cdfab874a",487428966
"db9798a3f9ac287754f3ae01",767054927
"db9f66f68aa772fe29e37edc",531942524
"dba1be42bef913f35a95735b",747258389
"dba6308e2358f30b7ec33f59",800898840
"dba9fa9642ebc97ccd765db6",508014413
"dbaa5d47ff63125584bf7ac0",890483142
"dbab5ea45ae910567c97fbb0",637224693
"dbb30f9d010677de2aee1b71",664488350
"dbb4260c89524c78de7433be",513360606
"dbbe0b6f5eb07a5f9ec873a2",667629815
"dbc123f9502159d660f375ca",773826249
"dbf200ef5f1e15211e2fc6d3",697556674
"dbffe8f46b3d9da2e57c97fc",649577662
"dc014623ed69c32abce2d0f4",548508021
"dc082fe46a714afd43b9dc19",593330182
"dc0a4632d7378c25be351760",761104651
"dc0ac888f1e87924e3994b4e",485244614
"dc0e9ce44b9932c6e48a9390",702385867
"dc1fa8fcd0ffb8872d434dbf",551090174
"dc20d46be2470d85ad9e7e45",544396589
"dc25c9240c67effcf655b02d",613318847
"dc298d37c5235e15b4cd68a3",607426596
"dc33d5ffcd2aa2b7d56d2ad3",686917059
"dc3b8d97b11cc2af4cfbcc79",803628223
"dc3cbbb2fa00043d02958219",603196834
"dc40c56571cbee9c2b7770f0",590799139
"dc420bf2dd1759b7f281cfa6",862272765
"dc4331d09a1e36baaa6bde53",547737000
"dc486a3d7e9e2e608ab2a7b0",551629958
"dc51caa89a74da37ae644ff8",556173058
"dc537b5973d2b94acf6f23df",927362784
"dc544c90e6ee38346a6002bd",726441977
"dc65f0bafddf39c6c4b2c9f2",485352117
"dc69d70e4d2713fcdfd93dd9",620163996
"dc722ea5c4d62773f9fb6bbc",574898822
"dc81900a751b64dedcb4ac39",557557855
"dc8262e1493ed593103acfa6",566654139
"dc8bc7cb687a3a42b7e7d5fb",894977566
"dc8c76f5b3977f90839918b0",819017370
"dc9119767bf4f21fcccdcc69",619390242
"dc91e3fe1b190fd8cf2584c9",580496145
"dc93d8ca60d60a118f61390b",579582585
"dc99f2871bc05ea7e8a97d72",513158000
"dc9cd30b760a1280e0318512",830790055
"dca2e851b82c512f01611ade",637080651
"dca45f1c1a79ea5ebe639920",808184311
"dcac44d3f8024c6ea1632432",467736051
"dcafab7adc7b763bb934496b",668476840
"dcc9e2c9c1151bd9f93f44b8",613494699
"dcca1c7f109175760ff531c6",530287745
"dccbc668caff517f649cadbb",795677930
"dcceb6a2073faf9f89f3431d",878404812
"dcd314dabc7d162cfc29c81d",782603197
"dcdb8d97ae65daf55570c88c",640304567
"dce05cf86b42124fc93d41da",916929812
"dce18d258c352b7edc60c304",618400088
"dce1dd028695bfc5a47aa6a1",504702610
"dcef5b332fd31d0ed8d754f3",570560106
"dcf5b42ecb23800a458562e9",698762618
"dcf606270a4612aafc5f9f29",503137764
"dd007a202a0a3d56ebc4868c",650270175
"dd10dcc52d2549df85f2a8ec",491533434
"dd178fd542fc716e32b4136a",573215659
"dd1d2e305d37d9dde55393b0",914265558
"dd1dacc0c90022e5b40849bf",570575930
"dd206b6ea2d7f6555109ea39",466598012
"dd21457e18f07d7a927c0104",506450514
"dd21c6799a32ce6ef27f5281",539174063
"dd2396a42097b2e8bce52a72",679312824
"dd27922be5b6f730f8b4e058",493593975
"dd34882ac55c57480663f7ec",679312824
"dd3d529f3745159d9e7746b2",733086054
"dd4e23681e00fa1cb9a679a1",511617892
"dd4eb14b56cb00130955d021",929112889
"dd4fd04b9fd80818bd543f9d",652536637
"dd59ac4f6706a1399360bd14",797392529
"dd59b8122458557041903207",485633101
"dd5a565f854eaef90976c5fc",810217544
"dd5b4eb5d20b8b9c813ba52b",506710971
"dd5c910c2a3d63b8fa92096f",522027404
"dd610d7ece83bb02dcd7a22f",605653316
"dd625806063f76dcf53582d5",821063118
"dd6d47e2626e2bf24f842f21",768290072
"dd7b4c374bbbcc60bb090fe8",529158024
"dd7ec9d7dfad5364dd303f49",495389770
"dd7ee555ce0b2d58dbd8a9ea",468734892
"dd8aa138623604829d56ac2c",505609915
"dd8c289ec872be3fe3352313",580346322
"dd8eff6162c32ecbc6972509",503119713
"dd926903e87d691a0f15dba3",607826336
"dd9a60c3d502ca3cc98d9b73",783625574
"dd9d63c612aaddbd86676c34",598593252
"dd9f28d722d43112651786e6",541984990
"dda4ee9f3811c29e2b261a5c",467617219
"dda7a886135a1fd8106d04b8",707105868
"ddaa88a11432ca21d3eca774",484250885
"ddaf8a1e5e6922cc3dee5caa",545607302
"ddba305c2a3ad29db24a0658",708697953
"ddbca69ad74877086c4110e6",791820347
"ddc1c85af165e47502447242",707153191
"ddcc7f7a087aa5f4797a8a5d",580863644
"ddccad3e5a4eaf791ce3a7c9",554505872
"ddcce0b9776593e3ef3ce21b",735861300
"ddce386b0ad3199ca09aac93",744168862
"ddd55d8001b809f304883ce4",456962727
"ddd8906ea4a22b782c7888bd",635232502
"dddaba511b6a18f49b41c1af",773600264
"ddf2583bd65f02abf7ce3280",858928242
"ddf47d32045769c0596826db",916929812
"ddf5182c482fca7d881fcba4",757050939
"ddf8733adb641e15837bd728",479322287
"ddfa979b1d7cdea1d7dd0a86",521841932
"de060e07dfb0a5494c5550a3",459225972
"de2137c70bacfd5087bc5c68",621217257
"de26819064a290ce78d8fcc1",546031535
"de28370454624724128a0688",568107137
"de28e62bd01870dfceb5d78b",475446714
"de2e3a592cda5b76c9573c5c",750750571
"de2f5db1cd1024a9734871c3",517226621
"de328410e22767c66d919423",677710683
"de32ca7785b71dbcc76a50a1",689803198
"de3b619a7c80549db6ab16af",493649527
"de3d078e5d524d8a7b65841c",650622782
"de416f239b27327e0f78b862",698934233
"de44f54fd6b1b62f30956f5c",662615486
"de53880a3299626eb6c2cdf9",904451259
"de54862f5b7b8ff345c6b297",508062262
"de585856ff546e00a5a4672e",517439513
"de6010c57fe78d975be38c2b",479329371
"de630da5e1c9e27bfd94efcb",760396082
"de6aef9a5e47a614b75ee576",863705596
"de754bceba2d206a9cb4f116",503203255
"de7f584df6103e8bf95f4a37",502555757
"de8ee990e70c8e5ad167dc89",585618762
"de901d3433ade456e9edcd79",599754754
"de9053a55630670ee8e59c9d",793904982
"de926223fe4296d96466c685",747443306
"de9a32ec454c2696cf75eb0d",525830356
"de9ab30042562789601833f6",514474556
"dea79d1b25bb9c78d331e3e6",727257754
"dea95d98e8bff87b905f9172",937415215
"deb2c93acfaf6994bb3c0608",649737219
"deb844a2812586991b3022f4",609463364
"debd031585e9527fe00f116d",663700736
"debd60afab03fd1552719270",637224693
"decb25b7fdc0eb259831cc71",621714430
"ded674ba9c7b76cda404bac6",783895886
"ded79c11c30167a9d8accf77",524547670
"deda3ad684384ed67711ae71",517184728
"dedeafb60b4a39950e7a984d",469406155
"dee2e190c4e2539124ac3ee1",706765290
"deeb837c2c6bcbd01930431d",619891260
"def06f49a0b8230ab613db94",614630203
"defd03ae7d0c0a44baf80abd",586048039
"df06b65985649c7107b794a4",519350136
"df07a34d0ee2f78f115c45cb",902612068
"df10ecb67d79e645f77a90a6",629794904
"df1c66d8dfb9520c6818a32b",569031742
"df1f513009808ebd46ec0847",544059131
"df22426db407f4c660681c7f",625634798
"df298574e35dda90fb568023",476789153
"df35908d6ae2847dfc73cf9f",785655089
"df37b916acdce817865197ae",793636990
"df3abaff81c430b4ba85d4a3",826954395
"df3ada98307fc85428022d00",528121648
"df3eca0f59974a812b4ea9b4",918835168
"df4400c44a166c851ff46eab",605301540
"df4a1968046eed5326119599",889496495
"df4be33c0931aa86231b7a2e",870158506
"df58a4244134d3493f3c9f30",803556665
"df81d07cc6e8fb0a01c0f404",631189456
"df82719238ea0e102c282c09",767392255
"df865201353bc7b915b56ac6",548566712
"df8979b26c9971dd7c3500d8",911859170
"df89e7dea6c313b0cc262249",464634992
"df89fa06e32e90b0b6c2014e",595962291
"df91a3c7f364df5e6831f2de",513015006
"df91a494d5d244f20dab0eb0",462108476
"df93a6e36d9f19e252fa9de3",603886289
"df98fd10dd8ae59956994521",478646432
"dfa744f733abef97d82dbb32",704402193
"dfa7461510c6dbe5e119d106",574898822
"dfa988a524343181a0d3ead5",837952375
"dfaba547699e319462abfd6d",654605324
"dfbb0ed74ed85bd186f40ccc",491026630
"dfc4f3facf91bbd93ee0fa4d",510469582
"dfc817b569fd71d2dd47e980",866019377
"dfd84193c81ca8430fd27ad0",711651553
"dfe09a5f848e8e819c361ac9",506661198
"dfe8e2542755d41d920e28b8",458020852
"dffa1057472b06bfc0fa7a66",903320217
"dfff73eccd591bb26453eec5",681032751
"e00e5934d1941490834c3145",680772972
"e0137390f0186c98f4e91263",683340366
"e017c3311e2fdeb50a686547",880792484
"e01c1b69abb6a4c1c69c77d7",654604269
"e01c49250329331a442615d6",531113723
"e029511780468f4cfbd10d3e",605730597
"e029c89d59f2caf4af4bd908",604102424
"e02fa06a8de8a603e417d5ad",472993417
"e03610db09ed7315cfcd64c9",570560106
"e0432ecc0c1fb2b00b5435af",478741620
"e04473aa943812de1d662058",753508422
"e04fab3d74d14be3b8dd2c8c",498597950
"e05598d3c49f409b937ff2a1",502160919
"e056ada7a37336bbe878f38b",783409652
"e0587d29cb717f725e991ef3",621735301
"e05c52c9c8fcb792ace06b61",539000410
"e064b4dd7b4e64a3e0016f0b",731499623
"e066ee04cd3a597dac8ced59",472836605
"e07035cb49625760c7da85d1",471041355
"e07bc486c6f5541e4788f83b",701168293
"e07ca567b0678126a1aec803",569978902
"e07d8e9e38e309958288a516",822006393
"e07eb36210e90ef0419fa0d0",796475658
"e083d83369cbc93fb94842a1",817608391
"e08561df5747246d74136dc4",495728769
"e08aabb998103a941d24d0a9",491971639
"e08e1f260e5c3231c49e5a96",495399124
"e08ed8c82d05dc3cad8cd2c1",598174632
"e0ad3e9588636f454e9e484d",735442110
"e0ae474a5307ef4057da4994",452026163
"e0ae53aa3cc9e9ba7ce65f74",544520990
"e0ae8d2a51c771aef5f245e9",459192077
"e0b041a39e732783f98bde56",760396082
"e0b13f6dc213d05133252d15",862402901
"e0d6155cb3cdac98f81d44e8",500994553
"e0d7e4dffa0f3dbc40c7da53",678606432
"e0d837e6d5d74fe91d39d23c",610661178
"e0dd5e6879d824a95c3c1773",605659713
"e0df3391aeb8d3f4b00f418b",560792329
"e0e6852c6d6393d6d3719131",882077876
"e0eae2174807cc7ada38c726",622182964
"e0f47a028df2dbe9129cde7d",640209035
"e102f1d841d7cdb596d50624",452021805
"e104567c1cc70000692f502c",673740300
"e109ccb29c02c9b35b789c90",709827683
"e110abe74ba0ad062c9b575f",628075611
"e111bda6d24089dac82907ad",458454883
"e1132006785632e4ec5deb02",602072924
"e113c48e4e1b53adaca275f2",664319598
"e114160e3ffe6a703eb42440",507050906
"e118b149654cca1c0b3a58a2",893793293
"e11f9a5cf9d6ab0ffddd6096",747807380
"e120c33346ead011ab7789ce",591840953
"e137b5003b8c8f18892ee9d3",568320952
"e13947242fe19bc3925919f8",555431205
"e13a1c06ccbf814945dbc768",676127288
"e13ef02a57d35f71a4fe6121",556657360
"e14328c988a27176e9fc63af",623204129
"e148c2b109eecef0175b3c5d",492206351
"e1490f0730f8fdc36993027c",592176916
"e14b31f8a454e47c383cae94",559499096
"e1558509b120809eface5b87",748795355
"e16685dae2bd3b0a4803ec9a",932114323
"e1717a317481b0765a7a6a0d",575155876
"e18337bbdfb106a3f1739960",612101308
"e186499af986f1959f729b9b",537376139
"e18fecb7e40bbcaf26c863cb",620852277
"e192181121fe58a8bf94aecf",575409667
"e1967b56ab8ecd035bf39534",761185836
"e196b7cdeab1468d5d4e07c5",954138952
"e1a4437b17f7bec650d8cd97",568990501
"e1aa6c46135f4d1aa1b7a1f4",655028535
"e1b64df8e809ba220c9722aa",645565627
"e1b753c283bb9c6d4e438bec",725427330
"e1b9ae3e0ce3da16f18e1079",878404812
"e1c33552eeab60683f2f89d5",791826230
"e1c7a101e5d518583f9a2a7b",683340366
"e1cecc8f17883ba6e2723826",555645432
"e1d875468eea7b2eecbb49c7",613839373
"e1d8eacecd35515eb19f9135",888766054
"e1e188d3f9940f9dad98488c",837148481
"e1e5b0bd721a67318a3848ed",506661198
"e1e69b5a90431b8a44265487",574129543
"e1e78f3432ea2dff6b69c6c0",498776396
"e1eb183eb261b6de96e20a56",882124001
"e1eea7716ca6490b7640717a",662615486
"e1f5f0e96e5865370423c142",657903934
"e1fb88779e55aef2b66f2c10",558659949
"e1fdbdecc84b991f582a2e00",548947593
"e1ffd027cce28c44c0d2f80c",635059376
"e2094d28cacad3e2a711c5ca",493629837
"e216fba4bffe753a527ecd4c",617800674
"e21f2a8d9c641e45d442686a",867742910
"e224f9ffc7bd70369a5e8b68",952709156
"e22b8126863c9ca8fb04df9f",650622782
"e22bad460ec1bc991f14bfbc",704507052
"e22ca3f1c8073e246079d57f",581001367
"e23017438478050a655f6d67",909847823
"e239ff5eaaebb287beaf76fa",794238451
"e23ae41983b9f112f05bb703",636715664
"e23d93ade25e73614d7bcd77",950406446
"e2544529df4efb7e90afcd21",459327495
"e26dcf5836f5bb53553cc413",612101308
"e26eafffe4ca3c22b7f4a272",615994403
"e28474959994ea9c0c2eeac6",871999553
"e286b12e5aa7929334322842",723498574
"e28d8dac5c1c75d295a9eb3f",491456095
"e299f614cd8ae525fc8fd0e6",859825965
"e29d9a401a246c00f5eb2413",664336980
"e2b7f984616fff25e3dd6a3f",652536637
"e2b8d1aba0c583984aab25bd",636889241
"e2bbe9221780d01a265e2ef4",743402952
"e2c3acee51cdd03b1f211278",591218081
"e2cdca1756b1635dd1ac2b2c",795492026
"e2d00e4fd93a02ea81895355",700155412
"e2d88f49873bbcc5476f4ff5",535814517
"e2da7c1bb33be76b86b9a07a",533005932
"e2dad5c148ecc797018439b3",784176629
"e2dcb036931bf4b2aa030036",666439699
"e2e2218086e6ef5377c01b68",612109911
"e2e4641b20d81a90033a536a",536000798
"e2e639b53456889ab5350ba0",466557852
"e2e7b03feffb21bad63eca2d",796737605
"e2ecbfaacf11ed16fd71abcd",573215659
"e2f00293305c464b361b6178",467661404
"e2fed68e0b614e65c05200b7",745598710
"e3034ebf243b024cbef83cc9",493577765
"e3077f6e47d130106e7165c9",614030019
"e3197263bf47b3d37f027e11",798877774
"e31a209077a3e47712588730",650270175
"e3202b635974f7a3367c0ff9",910122993
"e3295e732bcf306a2d338387",591538401
"e3338ac993873aca45755dc8",525041706
"e335b8464a61ea0781f7928d",939645520
"e336d9d892441c7ad886a98d",559075791
"e34517b1563d829104e230b4",476789153
"e35579e8b9b24dcccf93abba",542688230
"e35d8f589e6b1909f5e4132b",871279573
"e35f95823a486c52b0f4c2b6",524275139
"e364018f4d994cd15d4af374",841793955
"e3676f99542f27c9037fca29",749264879
"e369c63f83c44329ddad488d",586746019
"e36d70d72c2758d7fef242df",614147459
"e380184391898aaa2d3dc540",583587269
"e382002b0685aabb01891743",602491133
"e38259adbfd953bf085a69b6",524859347
"e3896296cb80d50d9ad3f903",720631022
"e38b4072ff8b856487864f31",885049593
"e3903705d5a48c6d9f828ab9",612272446
"e3950ce025371da2b4ad9db6",861674036
"e3a62f080c25f404ca995e06",635468572
"e3b7dc4e8990f3cd436bf738",570295972
"e3bd8bd5884a55fc1a151687",706926900
"e3cd7b6dc0495d5109086407",731943620
"e3d6fe5d97bf4fe851aee9d3",652536637
"e3dc8b417819e9afe3fc7d0d",495244625
"e3e2e3080cc309d34014e8fd",606777419
"e3e7ffecb903d2daccbf8a53",557612353
"e3e9d1d073b129c697c1e9e9",588580505
"e3ec7a8fba3e1ea07a135dfc",526077039
"e3f39c6e4a41fbdc4bc30e0f",592313740
"e3ff13537ffb7172336ab5c0",866621918
"e40742774df7d2b614f32de6",458893488
"e4082fa99f92fc7a89092fff",859549336
"e40f616637f6187024b34086",680789663
"e40fe4ac43cabe82c03dda59",569465182
"e42fc32db529e088f15cec8b",815433258
"e43151473292e4e98f121f63",483389562
"e439c77c0d871996bf06bf88",649038811
"e4434407771070783b97c014",515850628
"e44b023e39910ed29f4dde2d",561668252
"e45293f1e6ceb2fe79f6e0d5",591823985
"e4559824c3390efd6282960a",688626928
"e45ba581daff88707ad842a9",565465529
"e471b2ef30c388893119a010",733782054
"e47aa2541fb576b9915fd625",542031767
"e491adef93281c097ab08dea",506661198
"e4a021b625f4ffbed391c6e7",736595131
"e4a70600296b0bde6c28fb19",767199881
"e4a9626b1107b9397d0067aa",638063861
"e4aa393309860fd5e30f49d9",905511092
"e4b85269ca413066323f66e0",852313448
"e4d6b81f169cab8ea0244d75",486919394
"e4d89c9d33a0f2659df21185",547086532
"e4e529e778dbc89f854252f1",674598887
"e4ee1a81aa121aa5f55e20f3",846421596
"e4f26a73bad4e41c375dd897",870211384
"e4f2ec7e2f4389c1efa52c0f",557165430
"e4f2fecf58a038d7b18f7160",949407543
"e4f3e425e9f6e393999d7a08",556542071
"e5092b4a94f1c231a0c47680",798162987
"e5099db945e4f04aa3f0bfeb",635232502
"e5168779de76d99010e37c7c",793566522
"e51873d6421addab3b539dd4",510403837
"e538d52c9b2dc994491be3db",456578711
"e53bc68f0e97ccead24f3e56",498720128
"e54567ced41a40938b85485b",662687246
"e548ef7a5650696c0e968cf3",670392180
"e54a8b735724b2af56c7a36e",498469230
"e54c7ea1f012656f7fafa49c",557831687
"e5527bb25c85988e00da339d",859514922
"e55634fce84f78466095e730",633215967
"e567e9e5862b13f0085505d4",477510508
"e570a5157e02d440a78ca008",668298270
"e570c5f58a20fda42bfb535b",595620132
"e57ad52764215c3d54740ac5",543580093
"e58b92216ee6438a921ee0d4",631683722
"e58ba64bfa5280630bfcfa97",623856570
"e59afca092e0ddaf60c9419c",691800452
"e5a40a555d11d4429b9675c3",783399172
"e5b2a446c12222efc187e02e",558795291
"e5b92a0c67c506ca6e92315a",505433133
"e5bc85e227ed7dabfccbd005",482488379
"e5c8f2d536c3f931eff2d70c",649641905
"e5cd7a2aed48057b0dc8d970",552460389
"e5cfd99e2308b7b73581dbdc",493593975
"e5d445e39104d9ee6b244822",787750675
"e5d6be06fd53d317c8e5c7c0",595351603
"e5d9afdaf318dbe749bf9950",494858796
"e5da0e3919341762d5beed25",599683414
"e5dba7fa0cfb81488b0c331e",553895729
"e5de98822287c2caf8b209da",609494020
"e5e06913ec3c851340d7c91a",600399983
"e5ef29d41082025c42f7c921",605632832
"e5fd3cdc6a19653275c7f4a8",480814046
"e60024d6e0b5aa52e27a3b5a",508592974
"e6016afcc032d20fc9d6f2be",709673011
"e60850405ccec092b8fb5d02",591265897
"e611a37562f88ebe07bb28d3",486992368
"e611d41aaf38a58acaa0bf23",636745274
"e6144e15d5cafcfe87c07c9a",502160919
"e61476e47d7e7be706d23fee",664336980
"e61e5d3288f02b904d3b1e38",837065852
"e6387696767d20cfa4918ca9",639125422
"e6396355c1249c6290906b78",839882538
"e63d334d9ae8b672dc7b7d5c",897170374
"e63f468e1d9f86530d47ba4c",452531828
"e640424f3b7d1db403c36ba0",593972528
"e6424086fe1cf2a2931f4847",588817138
"e6477c2014ad081d22f12b9d",579775358
"e6482f3b6184515453d16bf2",732553035
"e65a4eec62e2a5bbfaad5565",745942158
"e663064dd77e3c63ab9222af",879130977
"e6653cc1c94306d4e56ba216",607426596
"e667133c29f90c8fbf30ede7",511276922
"e66b2c71519ef8756db69b97",590906848
"e6717956eeaadb3e95840256",824538209
"e674ba41f9657ac8f30d4f7c",628244979
"e67fa931031bed13c711ad00",528259464
"e6807209b634455bad257998",546031535
"e685650979374c571dea2ec1",495154182
"e68b18b57fbc5fd6cbb477e1",713924741
"e68ceeb098f60054c19fda0e",795197392
"e68f5a98070efada9b5538ee",521580625
"e6a5007ffb7c1321d4fc21a8",574064910
"e6a547b2c0d126c9b6800515",733253387
"e6a7e6b41e6c6bbdc16e1e14",613839373
"e6a9d5c9a82ba73e76817a81",664336980
"e6ac4d158437142c15bbd4d9",747471107
"e6bc998ad1d87c5be3559ab1",588817138
"e6bda9370c80a5f7e5cb6b07",633372428
"e6c6625db90e519f9dcf1b23",548532435
"e6d2e862f58445084b2980bb",859631328
"e6e3bcae6ba114caf108049f",543566123
"e6eb47d050702ed49ef5c49f",910122993
"e6ed64435c659f236cf213a8",555485503
"e6ef433629e193042bd30f4d",782138326
"e6eff72b7c5b0fc2677af2ad",575295914
"e6f2c7d7317fd433e26878e4",904474986
"e6f312a0877af26b69855a3d",861606096
"e6f3eee9f5048005f24f0943",767199881
"e6f5ae869a5b7a30e8f0fd0d",815090077
"e6f9288cdadc5851d29fabff",903756481
"e6f948282e81570fd03e4df2",699525290
"e6fd53315e92a55c6b67405f",482746909
"e7081fb59ffa298320321633",731893224
"e71c6f7437c633e2d9da643e",534057762
"e724a1db86d8d0c6334041b6",525830356
"e72ff7414cceec6b162df345",592151452
"e73e5e75cb18f52dd7239361",761104651
"e7439820086f8d1cb13d7c9b",503329020
"e74a31e6edd4459d4e215c5a",573633121
"e74d815ad652f7046ba33295",633541170
"e75699a7693c678786ced75c",578474736
"e75a05dc0018f29517948ea1",451668987
"e75d4ce522cf587cd66adae4",587698794
"e77da26aa7ecdab5505fab60",755922121
"e781547cf6f8cb4ec0742b5c",818884110
"e7834f52ebad3d3cd00d069b",594702020
"e789e801fb5d4501b5d64e2d",773600264
"e78a4111d943044a9a32ed80",758053525
"e78ad3483c5aa5a7a4310720",548008900
"e78ef4d2b165a8e8781c258d",538134211
"e790b21630ab963a65c53df0",589304656
"e7a2e8e1c22a52f78ffd1b19",843112411
"e7a85e64ee07971696f555f2",683449303
"e7ae63f81f8fad37bb9c1b32",632775786
"e7b3ec90b47c9e6009ca8a75",709692842
"e7b717278f7c95cbfceba80b",612040702
"e7b721ed96269bb195906bae",462264931
"e7bb12e99318573a6e6ce1cf",605481613
"e7c08555cb8f5c7d0f32fdda",468585619
"e7c92ef9784a92c8b7fca693",743446257
"e7cb4cf600b9d931eb295c71",498625500
"e7cf67cbc08fa04be9f0a3d4",520798960
"e7d1ee027da436cbaa122f48",798162987
"e7dc05756684b070b36d681f",817921001
"e7def7d0999433ad6d3ea412",828356776
"e7ef0d61e27de15f10b0d643",831724130
"e7fbff0a25cde72a38e7c7bb",722592170
"e7fc4e6b1fdb38ffe68fb680",581080059
"e803e3806630c6579f004610",725801047
"e80ba06329760362c7685ca5",508673576
"e81c5c1b820636f691e5c5cc",759278704
"e82508e88e3f62fc8e67dc16",679168263
"e828e83be8651bc2e07641e2",651207411
"e83119808dd08ca090f5ed85",679181633
"e83ef75473fefbf8d7e52302",510614386
"e840095310907e82a159d683",607091742
"e84605e3aadd50b064c8eac3",936679491
"e84888d2f22e14a5016ac789",588795250
"e8491a7994738d098a7aede1",892632167
"e84da6ce78339d50a72cd87d",476124729
"e852246b7661d30dd2e1f0ab",506661198
"e8544410d811163a13c6a326",501851067
"e857db57a89e165eade00770",498645898
"e8603da6012c2116a70176b7",667305604
"e86b99e5dac8ed0d8296e950",481897339
"e876c6fd9c161861fb92ad5a",950406446
"e87779bf2f8af86fc4ae9583",518561317
"e88009be52bf5803ba3665d3",613151694
"e8872302ba40e4ea413689da",458168954
"e8948741a987cbb3759b7a44",915033461
"e89774d061d50c83b409a071",451192494
"e89cf4cc82c5283f3db6f5f6",506166042
"e89fbcbd4d3414e30c30fc29",755251743
"e8a3d9d6134ae8d631791e52",903367698
"e8a7ddb4e5d43d156692326c",824323274
"e8abf103cbe9fecbdd758516",645577859
"e8b8d0c4cb87efc13344bcd2",845327151
"e8bdc4a088a6b99a538a6f0a",454796580
"e8bf121ec117e383c843bc51",770641380
"e8c79fd41b001fb1da0d4fe1",631100169
"e8c9070ca596f88bc2e0868a",680414594
"e8caed8cd754b0e3d43e6954",679521818
"e8cf39cada5b7755f60306d1",562680398
"e8d2cdda77c1d885e21c7bbc",952709156
"e8d83f7dcb876d5d05ae3e98",634725064
"e8df85384a1f51c31015ba08",616471584
"e8e215437d023387c4a55515",531929311
"e8e97b7919856f9cbb9ad02f",747471107
"e8fc9a1fd4b39f946b914398",632121046
"e9081115ab418ef1031326c3",605488066
"e91425bd357561183b935d27",557542782
"e91598736dbb7319952f0dfc",634577072
"e9182661e36239f091259232",451192494
"e91a3f962129068a3a76d209",784606966
"e9205b722e624eba0fd36145",851213988
"e93a9b257ecd815c860d0b82",727649171
"e93abbb49b24717d3a0767e8",744846728
"e93dbc804920c0bf7bcf8cb3",509112164
"e95653d504208e8da19fdd03",866019377
"e958bd2b19db118c31f893cd",508872787
"e96a7f5424558193663ef6f4",648875764
"e9772a54bc6638c723dcebdc",586979618
"e97c998a6a0709605432ccb1",484217100
"e97d03ef9638c8e1d270ed2a",524264308
"e9804af0513b2f68daf182b3",459394789
"e981d4fb3a33f372ac26901d",901898333
"e9830411c3092327f4e66a99",601037584
"e9860f6b4c3e6699e62f6c31",510870198
"e98bb3a89bcec8650e33e730",546954971
"e98cb170e4383546988c6829",522027404
"e99d9dcb9880cbfd219b4297",917116847
"e9a0dff7ae48bd3fa2ecfcfc",668147532
"e9a37a1a4150461126dbb6e9",599754754
"e9a427f23e80fa59d9d517c0",493629837
"e9ab6916a79b4d5182d33bf5",758754882
"e9b054016b281140d2566d88",784449182
"e9bbc31499ca187c6a492175",666305425
"e9be8cd37abed8ab510ba1f5",915033461
"e9c905ff64c7e2f8c21b0a9c",464767362
"e9d514f90ebff0de1936d09c",737118491
"e9da7f2549d914aab6a30e10",517357837
"e9e39766e2c96bc783d580a9",904451259
"e9e6e054c1d09a22b7efa20a",623174826
"e9f3f41366d5d784c2928937",620666258
"e9f44786cf982100af0984e4",683340366
"e9fac47a0f02f27abc96d568",868602326
"ea0ca17e989ec57a480aa464",910122993
"ea16314310144a10c81da9c7",491962829
"ea21ddfa37d60737492509cf",666121626
"ea230d5eccd2b687888173bb",830419867
"ea28f68a1d1d81d29b88531d",755265482
"ea2e380226005bb55c724ce1",911859170
"ea2efa1a857332559120b823",563664925
"ea34dfefac91681864c2bfe1",678407928
"ea359d571ad0c986f826d31e",878404812
"ea37ad89fbe4159940586718",487837140
"ea47ad6335e74dea06228b16",591326288
"ea4a797b3d73d1b2cba9d651",822173599
"ea4add08aa912717cd42f9f7",936679491
"ea4af07bef4ed93e81ded95c",790356511
"ea63bca8e3a77fe88d88fafc",518586248
"ea6e83dbade169818975e5b3",574299246
"ea7c9e327eab66ca286f6726",556801501
"ea7d5c601c3f8c86ca8f15e1",556902565
"ea7e3ba584cc5ee45ff8ba7b",747807380
"ea84b58f733c8e491db98a52",914247144
"ea87e3259c2b0d6263d39a2f",509226315
"ea8cc21bf7d48979bcae1458",631229484
"ea8d704272b2cd066a7e7867",880839526
"ea91281d5eaf6b8f436d47f6",897170374
"ea935b76abe664d5e2c4736f",526883523
"ea9d6dc517c77ff8bffd596b",895866699
"eaa4893a313d85fcf38dbb6b",697955857
"eaa6d58e226904e9993b3493",492392819
"eab4ae491bbbe7b8ab107229",613839373
"eabdd1bad2bc4351ba4a2635",831724130
"eac458ffc1da75fa1a4ab384",525072522
"eac7136b26bccb3c5d2b6202",745614728
"eac89e705cfd337a99417320",527135269
"eae4243c274735d616c6b9bb",752317003
"eae4a1cce7c039c644f01c6a",816840428
"eae52c81f779a61f57cb5b58",891760324
"eae5eecfa2fe828afbc94b0a",505433133
"eaf0f2b00b6994a9ba8c5ed0",466761792
"eaf53eeb911ecbae638409e5",490757430
"eaf87358d89af17c3e004c21",628229674
"eb055771816b45213df3ff3b",487752317
"eb09010915ee68091d6675d4",558492452
"eb0c6a8231b38b2a1e1f789a",621172468
"eb0f3b14782c9a484408c606",867302304
"eb14a5813f860bb74740da2b",476789153
"eb1b9e15dcb88964f79e6a4a",541606084
"eb24e0a0ebfbe16eba466280",748798100
"eb270972f0f69f1671a0a740",663632169
"eb2880c2433c4b2500fd40ef",570903302
"eb2bbf82cb615e3227305b55",498235534
"eb2c7a973d4d6ce8e6ae87a0",856484324
"eb3356f3856526dc140be7f4",605566413
"eb339d562b72b3bf51073cc1",505433133
"eb40a304997a6e66c550b704",821009971
"eb4e1b72abce1d184dd4d5e4",580600760
"eb55b0778607da932c3b311f",650344375
"eb5e382e1372c4e94f467673",624651354
"eb61a13df1c8d8d0efc4db3a",502559970
"eb64fd330053a41ce5be4a7e",521977219
"eb6e6060b78676d13d6bda48",638261556
"eb7173223a27076d16b87f33",621877777
"eb77734d12df7528af57c674",505686924
"eb8021804e63016fd934c9b2",689423702
"eb85bf9ab77f59615960fbe0",628143816
"eb86c1da60250e5559fc3cfe",590882417
"eb8956f0c4a885619bf1ff79",845579782
"eb89d0b7914010148e6bb597",645611594
"eb8cc67810d95d1b102410b7",915033461
"eb8f668912b70fd554c8c723",480838394
"eb90d9e9eb53b44b07ef9613",802833231
"eb963f082209fc077aa72bc9",795662150
"eb9a59d4e85a3f124e866f47",787957721
"eb9ab213defc2de5d878653f",590935509
"eba0410242fa1e8dea90b194",684395073
"eba3cb8156e0115bd7dfb525",927077533
"eba6a2b80a17a846ae560ece",493476380
"eba756e88209c420d288c4be",600099991
"eba86391ca00fb217ed1f774",695263909
"ebab054e5f256bf4e382002a",798162987
"ebacf31727972e81d0a0d904",467617219
"ebacfa0a8e569ab603cccd11",462264931
"ebbc5fdad817b304af3585c4",480824560
"ebc3a6574ebc530ef715ea7e",935940630
"ebc96ea800887a647422b8fe",719323000
"ebcab2f8506c64a461591d1c",562143408
"ebe09efa32acf6d680341840",629493675
"ebe1b5c9471f3441a388f7ac",621763631
"ebe33bde2abbecd6d1fb0cfc",626884752
"ebf2d540aff82f1aadf95f9b",573998956
"ebf4bda17341de806444ba83",626810876
"ec03a01c961659f2cfd9c973",677302089
"ec0c283eeb8db461c20af1d6",614572671
"ec0eb8d68807f52b681f138e",842612155
"ec1171cac1eee089be6f427d",490398462
"ec13a869c212c39b6ba21b57",626915550
"ec15e2a131d9724b012d68ea",631100169
"ec199e33b7557dd669fe1aa4",469749305
"ec232a7ee3aeac713516614b",727390576
"ec27554aa1c62314f4d46fc8",504702610
"ec2f16aabd36fd9ee2203276",943575670
"ec3f1679451b9c0037f89386",904474986
"ec401de1c0ab2dbc149da048",586677470
"ec4226205a38a45d97f35828",592040442
"ec422df56b811a0aa42d8bbc",512530187
"ec43b2789c9cc266a8e0d1f6",466074157
"ec4df02b32d90c019125d108",864377467
"ec4f7794cb756b995d5d207f",738944388
"ec5866fcdb9afffad2d7f5c6",837065852
"ec674ba8cd16c2264d270901",596924337
"ec6ffe86e9ece6fc03556ea5",457593712
"ec824ecd0319e05d1ca6a9c7",495522754
"ec8b305ddc2bc211a8a05d0c",522901045
"ec903c33a379d8d2cc04ab36",911859170
"eca500b92ff96f10ccd45e54",655044947
"ecaa5e38ff6cddc14942eb7a",617893881
"ecabfcb8ce9bb47ec3089c7e",568990501
"ecc3362a649cf08afef96fc0",487232134
"ecc36a3a4610829ee3f88993",553497598
"ecc4d05489c5ffc8164d5469",473571575
"ecc5e3781d5e004ceef8cf76",544669327
"ecd0b4bfd66fe04c278dd4ae",579582585
"ecd1e3003c5d74a3c7cbdb11",577515932
"ecda0d714f52da919223a520",593775846
"ecdb747ee4a3ebf958252309",635467104
"ece0394e38b152e6c1571324",791826230
"ece6f8c652d4227370ef0fcf",880165734
"ecf47573fe1ff641f6914d0a",850570186
"ecf4e968c925cf8322f8a0bd",462108476
"ecf5c9bd618e3976ceb5697f",896159560
"ecfe155a407ad2c2f74522e8",722866676
"ed0051ae106fd0df60a14586",798636796
"ed09fe201c9ab02a91779dcd",597401644
"ed1c8ac25a3db5120c92525f",502506651
"ed1f81648083d4d2726710ac",509895228
"ed2c02ddcf0e54789d9d2675",833216216
"ed3275b560f020baeb9ce3c0",613151694
"ed40f198ace8a4405cce7a1a",603791869
"ed43b0ac46067bf886457c01",831531132
"ed44705c17c414af8442b6ae",689107737
"ed48916725be6970cd2f273a",524765310
"ed5192bd8038c77ed2e46f0c",535831431
"ed5559fbfaba86299e87ed89",626888581
"ed5622c308bfd10602e939ca",768448528
"ed5c3d2952d2575b1bb757ee",623940492
"ed5dfe95f82f4c087af07045",533568033
"ed68664efdb7377c33f4010d",849364932
"ed6c8c45bc8c1d160cf0d0eb",879064050
"ed70b749e030cc8715c0eba5",628145552
"ed75d1c40109eeb51fd636f1",862424851
"ed764bed1d05cb1e9a4e67f8",822113765
"ed7f61ea4c9095bd4aca258a",570764055
"ed80ba018de35d5d76d50db4",940058521
"ed88c773fa9ae8bb29645fbf",770837409
"ed8eacb8746dbcc3c2ef3aa9",630797676
"ed9703ed896c6118a3458e78",480874304
"ed9976e922a774cafb601f5e",505457222
"ed9c4f4e06183b15b877f077",536234261
"edb259013ceb62ad9b23eee3",878721692
"edbafba81b92efa9b1400987",885581586
"edbb5db63dbd0452c51047a0",590906848
"edbb6dd10f8c9e7596368225",650280276
"edbeef6a08dd17a941634d49",703886671
"edc204c3e18368e0a9eab593",936391374
"edc3879a1102740f2f96227a",873026644
"edc43e57b2905405a13f8f3f",488995778
"edca31377b4f7299f8b45187",881849650
"edd0b57b90629fb00d036e34",607508942
"edd1c4fdbef4e6beafbd39b8",500108238
"edd2afd07fa1305fc3126078",452827158
"edd342f84fc90478e344ea1f",617319511
"edd4d560363f7575aee42d39",778275524
"edd9a278b86b1c56e237a0f3",575295914
"ede08c77d6090e0900654eff",858087346
"ede10672118071a215ae09fc",909810031
"ede43dcb1715b959ba34a37d",621589198
"ede7995bc4e7e672fda4fa5a",840432235
"ededebb1a544fb3246d3e131",514389872
"edf4e11d1f1aa6f8080c3156",912561988
"edf8c961862a4ff8e1e44f1a",684930179
"ee042a4b4a0bf9a1dcdf1eab",614630203
"ee102e9d0791ee82ee4da2e8",609127022
"ee13d186a24af238d06e0c2b",767392255
"ee18825bcf4065d29287b54e",902467229
"ee27eba49457286b5ab76172",771509979
"ee2c509989c7155bb472c5b0",666407217
"ee2d16316e6f4f2388494c7f",507890667
"ee30ab004ac5270daf59758e",614072442
"ee3b5d47d05a80c07751f7a1",885581586
"ee3c0c7fe3fe73ad0449870c",864792967
"ee4377ff95580b93e80ae08c",835589441
"ee4dea05e93581750d613c59",549860875
"ee4fc6a146e888e993a4412a",591871716
"ee594b6bb0751dab39055b3e",626709463
"ee5fa0932e098cba28d950b1",781204553
"ee667413d1cc49427ad448f9",818557966
"ee6a288e644183bb191a6526",458454883
"ee70354146295365bf241d9c",542031767
"ee703dca75c4dfd5d035c9a1",503712424
"ee786b818284cb382c755e9d",785040322
"ee796b35e39c7beb6aee2b49",747807380
"ee7f7d547af56773a4b0afaa",677834576
"ee8103b958673c589b9cb27b",880792484
"ee85a12b8f764bc15164dc7a",605385793
"ee8651631861c1b94283a953",853850358
"ee8bad3fdc93f7fb79c9cbd8",705783762
"ee9171c496fa78b1461acf88",742828474
"ee96d947484aaace40f9b77f",917161519
"ee98e745afca6de4550fe570",607145393
"ee9e5adab1455d38edfcaa6e",827837655
"ee9e7dcede0ffc20442b4407",776239440
"eea6a2137473c3ba6708b576",496273524
"eeb6fa8f820ec63aa0aaa303",665826830
"eebc02ff14b6d270746ca055",726135492
"eec4d59429b1d1bb75b4d686",613268494
"eec51f949083f39691e37e15",811488028
"eeca3f5c399785a1cf15b1c6",750639431
"eecc82010ce9803ebea6dc75",510802583
"eed12d0c3e65e9989fc4f4bd",569312191
"eee841bc785b1824b6419a73",591722135
"eef1d35ffd08dd161a36a2d1",879130977
"ef0e5b23069a9fe377b77ccf",831304048
"ef26c0f1cd9e3203ad16558f",620104266
"ef2ae24039bf2cff1caa4340",570775990
"ef2b9c11f884cc5f31c26f60",748517283
"ef34f331871e8ca6573981e1",503524867
"ef3887783a12f591198d6c27",637051025
"ef450748c440c4958e5db54d",650344375
"ef53741b01120666a08db213",928791869
"ef61986cca74fe8585b1b287",497137626
"ef64565957b5278185b2429e",539785024
"ef64a8989a6444cc529dd1cb",607542395
"ef6ac2a5102d7be910a3e4c8",453607063
"ef72df5586ad0cbe59e36e07",841972550
"ef73428a38c201019267afb1",506716886
"ef7ba10407cd74590ea3fff3",717906858
"ef8430c4d15e5887b8103bc3",745995099
"ef92f63b46f27ccd2151a21c",525787936
"ef961c130fa3b9015b103154",899193615
"ef9cf29f71434be184a4ebd9",516386984
"efa0c01632d13ab59f629ab1",565343216
"efa36c7738fc14a11cc352eb",512549965
"efb0b413b3f661b23d674b3d",933195306
"efc5412fb02ba9d8f604e493",635959793
"efc7e89ddf3de559154d8e0c",902738040
"efc8ccaeb09a5e1bb0bfe011",564195962
"efc9ae02fd6c3f18db866cac",768185591
"efcc8d268982e95fe2fdb311",903367698
"efd178c4aaf3fc9d05b8dbdb",503210558
"efd9d848677015f13688453b",504702610
"efddad1eec775ce61d3b7b64",727336018
"efde559422ec1dcc55abc686",756921982
"efebd19fc5a2ab30f2ccedcf",559930294
"efede59a47d17737f90f4bcb",670562824
"eff8b3fe996b6d7db10b0263",574700635
"effc32659ff9bf30faffb3db",592026805
"effe4219e6cb56e5ab70ff6b",748517283
"f002603a6990ec405d82cc47",893400617
"f003a46a1c8e04da0052d72f",527086625
"f00b8eac1812a500d7a732ff",840512964
"f016623361c6ccc5163e79d5",950406446
"f016ba59a64f287099fc4af4",560792329
"f019dfbfa7fbbddec988fb25",688068398
"f01fa45466e2730f935a4128",676320731
"f020fef57e9069e4dea2d71f",854729262
"f02865ea64b156bf4cf4cfa4",933949229
"f02f6c5b97b8e3cc5d5a74dd",636701043
"f033750cb9db15e886b156ce",821093924
"f03400cc18e12903b3ffbe5a",751912837
"f03f97ca55e9a43928c18237",503049658
"f040a167241599987e7b0967",459479717
"f04b574dc221473cfd616e22",609432363
"f04d3ee8b175c8f2f30f4f39",859841610
"f04eb16931448e87aec205fd",543580093
"f053d3918234bad409410755",555659751
"f055602beb49dd6040641c9a",501381596
"f059e39d22124eb9e7e8e20c",773389126
"f05aee3e433cb036653b4375",698031624
"f05b3779581ac0015f29571f",629681983
"f07126d58455b20f547c4380",557587710
"f08001f2590d7b734467c58b",479579933
"f083a8f187e2227696695ee1",666012675
"f084bfc530f4039f6631537b",679312824
"f0862f57dd6be5e7659c65ba",577006339
"f08a5c2992cfee4c0910f68c",747471107
"f09bb33b65b5ebb8fffc3a21",911859170
"f0a8fb06fcdf8997bcdcb03d",614931162
"f0aa18bf86a36daeb59946e8",828178760
"f0ad965090221d2349e90d5c",866019377
"f0ae62ce6eebc4d07415c48d",747807380
"f0b2a0602bb5a83f0827ac75",675517657
"f0c7ecd3b2261873d3664748",746184578
"f0cb484eb3f6e04b5b1806ab",563294229
"f0ce47907c3c30b6b5e990b1",614461491
"f0e68102ff84f49d90fe38f4",509564138
"f0e8b39d2e4644dade9d8954",746216655
"f0ebddf2bd5aac661e4945ce",666671494
"f0ec99c13c61e89310ca9b8a",572822932
"f0efda3f7fb18af1b44d6aa5",915033461
"f0f883c45e8470e74280e8ca",691811309
"f0f8e755058d48542b9cc4e3",612146880
"f0f9bedbcb57383511805d17",654605324
"f0fb8232343d235741a20586",869291332
"f10e210fc04e3fb073568323",543580093
"f11137d27a5d7fa57f94e97f",726166852
"f11d7627e2f18c9a75595501",774307359
"f123231ff18912a3dfd7cae7",465538223
"f126c4b36c00d0ca11c21a2d",585618762
"f1319a9332946bd68db250c2",558251169
"f13d8f4b2e3114d71e5ed941",757712644
"f13f72c1cb469db92b25c2fb",870705008
"f14b11d270282b317d9cbadc",606782809
"f1582fc47e7b8c0eb0cc9949",722749313
"f15ae83fbc4e4ee3f646b4c9",553678594
"f15c6403c6d4e3676a607780",526992040
"f15f48d4cf4f85a3cd68dfa3",513443485
"f164514211012e3a1686b148",555050571
"f1793973b462cdbffb1ad648",747471107
"f17c8b14e56a76ea84a45fd6",862402901
"f181f74e96a93820a23bc0a0",486729034
"f183e3651c485e0001e64880",662020732
"f1a4afc2e543ce4260f1d781",882546852
"f1a5856ba56e7b12cbb9459b",481727357
"f1a7fa5dc1996591ff97a34e",638309688
"f1a8f09837660445961375c1",903853037
"f1a924badef699637ea8fcc2",551924430
"f1b30c4ea99f19a81d12f73b",904451259
"f1b7ae24195b4414e6d6a001",810095580
"f1bc08407f40396c094e0499",830493237
"f1c8da86597a427e24dcd557",699525290
"f1cb3c0b97ae1c6819fb86e0",856535907
"f1d76d78f9266d9552bb86f2",576069125
"f1da5388b772159ec90c3210",912959902
"f1e38e53ddb8a9d5b641d934",816809717
"f1e7a0c7804083963b5b6de6",507649446
"f1e9676bc91a76740f4e9b0e",747584388
"f1ef14babbc4123c5157eb9e",745157942
"f203b18854b75c4564d7a17d",699220401
"f20a7f264a8285a75dacdc1d",928791869
"f21625fb82740d6f4cf1c325",461464608
"f21d2c0802e3858d493c1984",870874368
"f221dd5d745def063eeb7258",643638160
"f22ae3d17c92427f5227cbf7",476789153
"f22d6cc8c9611a7c23fa8969",634165158
"f2387712fa17435f56d7b102",510013510
"f239b7fe0de40d208c01c45d",661037519
"f23b32fa4894b6d59f73c151",791248038
"f2409d037bc8b3e63ca69fd7",639861296
"f258fdece395f0c4f4da6a96",606774620
"f25b2ce0d988bf5490fd780a",481708610
"f25f5df33f25576f805a95b5",825998537
"f26c2bb4d5787541e9c36463",724299953
"f26c43f2304c8c694c818a9b",550936768
"f270dfd9ef449a02b6d7ae2e",576695059
"f27397321c007765244e56e3",829109150
"f28514aa4d6ffa36104411c7",592906401
"f2a4f5010f3da37e27505ece",584333399
"f2b67c40a560af8729bc6072",554505872
"f2ba4a7a0765c3ce737b5c81",648875764
"f2ba7982bed03cac394ef87a",623983386
"f2bfe55b6188070fc5c3f59e",882330256
"f2c86c1edac4eec6c01ec11d",558333876
"f2c87b07466aad7328b7e0b0",820261160
"f2d4c1faeb7694370bc65ec2",478451817
"f2e0163fa07f89820739dfcf",832379352
"f2ec3a3598c99bb8c38cd680",466570465
"f2eca7e3226f625807f7d6be",916929812
"f2f43244cda8e2f5219f3db8",487712931
"f2f4e6cbafe527b155707f01",878721692
"f2fa898e1bcccbdb92dd91e9",772060421
"f2fce80439462bb9231d7fba",510455386
"f304bc9e9edfc24eeeb720d5",738292093
"f309733881a4f89d9c8a8958",725145232
"f3270f2ccbcccf3046346809",731499623
"f3293c4064d71f9322ca97b2",837259668
"f32a3b542efba398907ec912",550790425
"f32a7d08d176bf9177dbcab1",564049340
"f32ea78bc5ea15d700d3c118",719506228
"f336d60e41c8bfee91d58728",475771785
"f340405bd7f2c4bf524c50d9",526886920
"f3478cf008a7ad268a434ba3",558147636
"f34a38cdec7eb598e55fa41e",613839373
"f34ff57e272cd08056e6a243",622904686
"f3523e0626df8cea803ead0f",476789153
"f35538e95b4a567f9b834034",690941150
"f359afc7bb50cf6a61ac63d6",477140501
"f35f884365b1bf6fb303d7b5",487801800
"f36031f3a3f77a3fcad337aa",595189024
"f361109d06f6609c16724b39",526883523
"f36a379e0149d4800e793001",608895515
"f36bb15462fb29f80b127458",878721692
"f37c9693e058492ec3715de9",664230407
"f37d31c512866b575780c4b7",798326072
"f388112376e68ccb2290074b",699220401
"f3962b552d34eb8bf38b4763",922155237
"f3986309e4fc4cde2b5feed9",879188621
"f3a1bbe01d265470a2d7332a",536667559
"f3a6132006d54d0e22a17e84",767354188
"f3bb60434cb36fcdfe218478",469170331
"f3bf0be37be6292ba0a8736b",864678215
"f3c8cf1fbbd6cced1fba0930",577006339
"f3d82ce1c6fac06e4997f7ba",510409484
"f3d94d0616744b87ff139533",492704050
"f3dbdb2b69017cfa026ee18b",650622782
"f3dd24a17ea51b7a2b0f037e",559495416
"f3dea3d678d959aaf6b2849f",917438599
"f3e2fddf1dbb400788a5517d",668428117
"f4022026c279a9b77a894ee2",607145393
"f403b20cb52d4ad3f9469ee7",542479733
"f404deec9ec16a8460397815",609686669
"f406c9c3c92e9b31310a50ec",587761262
"f409c701e200046f574f4e06",556173058
"f40a182d82c489f55c64ab7b",798757750
"f40acdcf5cb9925c09c9df7a",729079832
"f40defb11ff73ba4e3db7611",915369195
"f415c2bc1bc0fdca091285cf",868924795
"f418efb887a15127cf2563b1",487992400
"f424ca724e7df1c37ed78aa9",748028555
"f426c41d6d8bc99f359f480c",472412662
"f42a53a05dc90e617e0e4c38",493554008
"f42b6680baf774d27fdf1e48",522434501
"f4311c45516bafcfe8864c70",649255596
"f433278518a80c3301f26cfa",727730545
"f4350916cbddd5a544c6ae46",469066606
"f43c684b789900c58c8b5fd4",508947652
"f44362b932a8b70ad4b99a29",531770081
"f44726680d0c594a2d430bbb",696207844
"f44d035ea2b15b2c69d4da50",675703458
"f45161bb79292e974dc88b5c",471952247
"f45234a3f0aceb12341be024",666803554
"f45dfcffe189327cb0d303f2",585048329
"f45e3be8500d7bd91cc8855a",504423169
"f4635193372f669612744011",902923356
"f4658aee77fa0e35a71da7f1",595383273
"f46d46ccc7fc415433e471e4",501594352
"f46f5e911c6c595efb5b7ab5",604663540
"f47c64c8ee69e744e654d4b9",608159519
"f487761a658a4247563faa38",611325740
"f4897a8a0a911a2acfb8e8c7",878721692
"f48e503ebd3908838c1f2ae6",519738074
"f48fb9d9c42b0ebee72cfcaa",511551654
"f49045b312d12268eefedcba",581021715
"f499c1513abf0b05aa1f460e",942179097
"f4a6ec71ad7790df9578324f",524051525
"f4b1645da3f4286e39f2fe4a",579405297
"f4beded3c5ed9fd6cd5177c0",557844417
"f4c118396d781c140d8c9b08",521392357
"f4c6c3210a3c2eb935c6d5bb",883886213
"f4c7cc4a249ae7037aa0b35e",674290485
"f4cdf3ff86fe70fae3e59f4c",579894263
"f4ce15aaa352d707b68cf773",605233093
"f4cf541f02d99ea1851b9f12",551837836
"f4d53276bdb5899c6f059c67",787618613
"f4d6ce332121f814aa663fca",591860862
"f4da2c8dd901cca9cdd51025",589657994
"f4dc67569fd340be3dc592d5",482028795
"f4df4ad4366bd794594c111f",805796624
"f4e0fa1172c1d4b70b6c4d73",520310914
"f4e646df504728ee1e6ad0d8",524271534
"f4ea9c80fe71a1bd0b692475",813639672
"f4eca80958b7a22922b0efa1",553149644
"f4ecb15ef992a677e8b4fee7",630917248
"f4ed8924f5d1a3e6374715aa",605233093
"f4f6e48b618064ced466c302",488974940
"f4f7bd9d03eecf35e9f37619",734008898
"f4fc081a112f5ee1b3a09e70",563682103
"f4fc2da675d6a2583054fc56",472925127
"f4fc67d9b9c6078003f9af35",780456519
"f5006b435fc92111d55c0603",442703492
"f50941445773dd62e87e0416",733782054
"f50a72cfa82f3742189b7fc0",836855242
"f50e0ea2c3831235704b8c72",510332207
"f51000446ab65417942e535d",671079504
"f512fde4fa3f1f7fe885de83",756838492
"f51658b9fea670bd943d6db7",787236753
"f51a78ac4b03665561552b0a",719931421
"f51fce25d8376d48fbe73a43",513479057
"f520fd12dd3ed32ba78d357b",720831332
"f52226b24ca3d5b04b7cfcde",756002734
"f52ce56f20251f018d7864e0",579971822
"f53efb47de2bca5912ad7517",660047808
"f53fe605b0a2857cf3facf73",624455774
"f5418917530b72c9fea14f66",485633101
"f548ef815603ec44f4629a60",893294847
"f54c16df774e70d49355cf4c",458968760
"f54d358d26af89636906f686",953719765
"f54dbd8f0aa752f79c581e5c",904076785
"f550bc7ab5992a6fb48eb60a",862402901
"f5534949a53bef05de31b07e",527126482
"f563f0899884de7f9bdab405",603399907
"f566603aacc78da47a283804",671948315
"f56bca5bebfc765162c8cae0",875860790
"f56d8f5cfaca0691c6ffbe00",565373510
"f571f85be35a72b2ac358d27",530650370
"f5741fdd9f509d3bb02e35bc",821878274
"f57cab248d2d832725d78135",511522078
"f5802200af1d28eb48466c1d",522625776
"f58528d3ddce3bc6c71bfce9",725396637
"f5896513d1cb044108d23785",903678690
"f591597c9a1ddd9852eb3cfd",840838003
"f59686ef2740247394547078",737917482
"f59b9c03bcd4e0e06d23fb47",706993079
"f59ed9b8ef1726f1a55a4dc3",576020169
"f5acbf43add5776430d8d4a9",744964915
"f5add08cb615eb18b3153bf2",893294847
"f5b0b51ed49be034c290efd2",652536637
"f5b9cbae30356fb3a1d005c6",863661501
"f5c79a564600bcad99c74f03",491726284
"f5c866d489889ab2f124799c",824267208
"f5d529ff6a35fa78ab14de21",522153190
"f5d852e25d51377686c43bc8",591840953
"f5d9d8082e7652e97973e0e4",851593803
"f5dbd7dcf63b08f711561e58",696507374
"f5dcdfdcc8f414cb7a38309f",583817520
"f5e7ab7c2edf566fa22501b9",932296839
"f5ee97750fd4e04eafa9d1d7",727257754
"f6013cab49ef9188aaf87972",837952375
"f60d9f0751a14efe41be383b",524035528
"f6173e36f95ad05b8e94321b",696091351
"f6252e878aef5f8a641c3d6e",507707258
"f63608198bfcc858abe1ab0a",790154379
"f637a4885488bbd499199148",670628029
"f640753edfd8fb1a995f1de1",542031767
"f640eb21bdbb9369acc4e863",570903302
"f64d4e029592761bee698958",521580625
"f64f642775ed2c9f45aff215",523073450
"f6503aab62a68ca16eba3fec",856535907
"f651cc17b051c962e4124795",817056136
"f6544a1c169aafe6c8142907",861606096
"f655ec98cd42b0bf2d7cfbfe",584725034
"f660a48b0eb17e98dd77c0bc",564545580
"f665a58fa8eda69547c1a159",746184578
"f66bad2cd4b09ac29f540f63",748795355
"f67028acda5ecaa4c8781ba6",614653744
"f677c51266f5ada9e23f20eb",457853806
"f68b7dfd0579838324895097",909314002
"f69962045e9aea6b8200888c",486919394
"f69aa18a64d8b8494fd9fe3f",468015525
"f69e25355ce3887bb1078fef",598855200
"f6a12c0f02fcff1be042ed0e",759213754
"f6a5c88d1bca87c1e89d8084",936679491
"f6b405af32c398147475dc9b",590789400
"f6c1705a83c039f7a7d46255",779939397
"f6c6eb3fac9658c4951c4222",493771583
"f6c6ee12e338b1f9730b6e2c",506661198
"f6c990e406b3756ee39b3b30",511311326
"f6ce37c42fad91fce47758aa",498769304
"f6d2d31af94a6a73912dd9f5",819371378
"f6d3f7e963c9aa1783b3adab",593866775
"f6e1752b9f4a0a3c8573910a",557542782
"f6e74a4b1e026352e5759b2e",715723013
"f6f4a467f40bace72ecff598",885255360
"f6faf74c3f4e02a6b333b7af",769454311
"f6fc3807b54d8c69459c4f64",555139587
"f70ac0d227db6f5333aa821e",663848145
"f7101a05db93cbefd6a3b31f",472528238
"f719b387fac4f688b57dc646",861606096
"f71d2bca0c5fe2720a1544c4",516306702
"f7216fd19f41ca5ea66a9169",495541823
"f725f6ebcc3fdeed22bee385",607576196
"f727924f0f35ec9fb58d0c31",471879410
"f72992cff50931d2e19b3ccd",622597099
"f72cc14d79ce15491a96ddfe",833660046
"f72e2f6cfbd32d97bbff3ac5",652108896
"f72fb486fae49fc1de1fdcfd",831781316
"f7399e57df358ae7adc9e08f",620705237
"f73f720abdfe4b5adfa2bcda",631861211
"f74eed3a7dad1bd8d92854d0",658848942
"f75009356c700f7da7106cc7",543549094
"f759f71e444c16a59187a067",639317988
"f770b66579bf2b55a714c43a",720037276
"f776a4e0c8c82b3d29756b34",798162987
"f778fa43c92344cfbd700432",559248917
"f781bb1ed340e08b23258ceb",466340422
"f7847aaf1491103fd931aa5b",912959902
"f78886545677e19e472fd0c4",559053286
"f788ac4a8b2a6dc11c458c90",648781589
"f7959842378c94c9f620f561",604333904
"f7972b1936c6d9e95d3f632b",654313177
"f798e7105aa8aa66750a2c85",841793955
"f79f0c23b5cb96b5d022582c",504549209
"f7a7281a19733251134364fc",781892915
"f7a79e1211fc72e06a3a82b6",884292694
"f7b7e298ca8fb75e11e92999",506265616
"f7d11c2601959921f536f804",723541995
"f7de22825945329521642f49",570187356
"f7e5bf5b0f6157ed1f604d37",453643049
"f7ea437311c0d217b0d572b2",512072044
"f7ee7282cb9edc77740f392b",908261262
"f7f00e13da4910d724aba4f6",561152298
"f7f46ac9158f0a1edd01709e",861179844
"f7f8607535159c82dbfc6c14",465789834
"f802b026db4bf9d68cf00b16",465136049
"f80b20e0649dcf1c16003255",459331590
"f80b9e8c51cd71c5be281652",472144493
"f80eace37237614562f942aa",756498158
"f81107599bc083fec4a13ca3",679267272
"f815ec1a63e980717c9c3290",574432251
"f8189811dc639d760937df95",596905999
"f81aa0f575dbbacdbdc681f9",563800466
"f8232717e74332384075dde8",485191052
"f823f6d95b4340e8e4dd0d57",599754754
"f8243b7b679dfe8303180d73",831836139
"f8263893418eb0752dae48f3",464844875
"f82adf71d17c261b41a5231a",573389989
"f82e1c70884ee1285e1bc491",481194171
"f839de5370a225ff993f5b2e",636083560
"f83f29f28978d7dd76cf5942",745157942
"f842221d74340270e757fd41",621272201
"f844345b6224bc76bc3c6f91",471949732
"f849ad486e84a82190675b89",805924055
"f849dfccaa8163d24ed935e2",857951850
"f851b02d18e74610a900bf14",856192358
"f852e0f3fb8563ea6918164f",842292195
"f855725acc115bbbf03bacec",893184252
"f85d09bb2ea40bd4b68465da",914247144
"f865411c20924c43a080794a",829144375
"f865cd15368fefd8c9d6aabf",819017370
"f86ab537a2f5d8c2b223574c",711651553
"f86e80b2a831572b85b04e55",552234534
"f872f224d2af413cd104f24d",724299953
"f8731413b0d976c03b7e05ca",681152043
"f87c76eb5071c5b309e3ac3a",458331841
"f87f8003f15b0fbc12609514",549356752
"f884247fa6414f384480bf38",583152722
"f88bade1cb7ee0fa643f31ad",611858939
"f88bb9c5a471504c13d3616c",506410123
"f8948886cb4cb018eca25d19",485633101
"f8bb20be599b79cbe29f36cb",911859170
"f8be64dc83c5923983fbb770",619557109
"f8bf37a8f81a310e299385a5",588357473
"f8c787390e4c6d2e99fc7c3d",543852421
"f8ccd21343b112d8f9e7123c",746945934
"f8d4ec209ad5fa5ba4a68e56",525178991
"f8d64df401009704c152bcb6",523308791
"f8dc73052c66ab334cb7be14",708039493
"f8e25b7d7e93c45df1b3a4c5",864706441
"f8f217756d32f31faa784c2f",679312824
"f8fad48343ee5134dbae918f",538390084
"f8fb6d1b0dafc28920393dab",811968327
"f900f7a9c5e2ea51689e8992",875543687
"f9038f7e24e0a29bd9f3e24d",732434244
"f908e1de4c4be0d77411a998",653368598
"f90efcbfcafe544674c02586",735038285
"f90fd39477c8da38e33ba0fb",635232502
"f9158cf51f5e9f644349a774",451944077
"f91cc2e5edcbb704c293084a",951135204
"f923bfcb8cdb543c23bafd52",621200914
"f925a05397ca6163230f7ad1",647339146
"f927027bc766ae6c111fb685",477840545
"f92935374a7ef86314223c5b",785042720
"f92f4d135119fa88994929ec",870570170
"f9379319f992cbadc43b9189",723373365
"f939b7271c4d399a5e647f8f",694917260
"f9402b785deedebd3ddbce6e",664998825
"f943cfd29effc9c048b8e106",735038285
"f952c40e24c9df4ab2d62017",723618865
"f967aa89a4440cc1c44bdc54",501701123
"f967ad5e086f485c27f09990",935940630
"f968e756cbe6504fa0f32458",827231580
"f9718594fa52500c16e3cd71",796080915
"f976ec33e004b2d4d32c2eb2",495542814
"f9793063f561dc76c0b49a9d",866782181
"f9796e9d13fe1becef435e54",769906081
"f9798cc6285c9fb3ed7cb668",714919993
"f984d34c8f27e3cdb7c2a44a",787779631
"f995364cc33c431b3c93db45",591326288
"f99adfe85d32b0a66f4d483a",741833259
"f99bdff027d28ceca0caacd1",628145552
"f9a136d7944cb7768b598a88",557984165
"f9a802cbc802d49a087cf23e",954432529
"f9acdd3fa50068bc0180d008",559703816
"f9b0a27bd3619ae88ffe5455",693412038
"f9bca38d3e08176649504e74",615826521
"f9c11e980254045d7478f273",827108001
"f9c133f7a12f2b8c1b2beedc",597564504
"f9cc6760b1112ce5197bf399",608957067
"f9ce5b7edb104d4e8407a344",565067852
"f9e6a759b069e04b0cbf0182",605632832
"f9e7582dd99d36bfada56249",828178760
"f9ef8fcf24d28ce11e71d758",849358478
"f9f5fa4ad495197a5c9b492c",472816621
"fa00e05d83ee890a38c3a686",701775941
"fa0aa00078cc178de0cc7d96",740121480
"fa1533051ea4145f7f710ed9",534722907
"fa29c89363ac9cb59667a43d",628119665
"fa2c1092f17ce021964f8953",716570867
"fa2c5c19c86087f207c379ab",614442652
"fa3017d74586eb4c3b5b7db9",487428966
"fa3ee96e6b6ffdfd00aa335e",864792967
"fa4028ad48fb2082d167989d",568835123
"fa4af69aa064a4306cb110d0",589491242
"fa4f331f05b1488990a69ec8",798162987
"fa4fd8380dd2620c672facc5",597401644
"fa5234ddf23dd0d9cbd3cac2",527258265
"fa56058283c975be76d7c990",720292659
"fa57f96bc6affd285d10c4f9",488052331
"fa5c81237a94f2f78f05977d",858788414
"fa631a714774fc22ca15ec10",922566219
"fa653848d69ce620a41a73ac",860609249
"fa6db64bd7cd8b0f1c0e2453",787388511
"fa6e53a7107c0e33e3d505d1",762630988
"fa70a55dd0e2053a1b566de1",457234618
"fa736ec3f2f066cba4328908",723606508
"fa74fbeb90bdaf8eb26f8329",704632505
"fa823373d2e7fc9443ebb6ff",583587269
"fa84c07cc90e2a2058b57c9e",605872356
"fa8f13da6d8be3bc1f05fcee",526621594
"fa908c8dd43fcbe9f721c0d5",911859170
"fa926bec03068764c8545d41",543419468
"fa9dec2129f7218b4c4d4b35",640717644
"faa204421a94ef95b79eddf6",679312824
"faa37a79a1d72e4b8b0c80a6",720406342
"faa72370e4c7718964930805",614630203
"faae4324336f1211ce4c7809",619941798
"fab91f0b03598c943fa425dd",559499096
"fabd2201750747891eb6af77",788700366
"fabe0f299a4e4bc6f51d54b9",683979871
"fac4f0bee67523194fd4312f",519965096
"fac651cf404a58f24dc7d286",911049100
"fac682b61b813044a3e3ad01",652182993
"fad033a3c81708df7b6ee73d",802833231
"fad4ecc419fb64b3f77971ad",533678075
"fae37ecd6046e53ea121b1c6",652959159
"fae53fba5d405b2e6a3abf01",469140582
"fae649fc7256b9a3ec036583",569010098
"faed63c1287896e97987c4c9",645669322
"faedbe92e3296977872a4aeb",942187088
"faee4c33e892029b79b63742",649375590
"faee80ca0efce20e731823bb",814049043
"faf872c4bca132b52dec368c",767199881
"faf92fbca9baf8cce4a00063",599430556
"faf9f8aa50d936c1465e880c",768662086
"fafaa5dcf66d22bff322c72e",494691817
"fb01d990afd25ef96ed048da",835752932
"fb0664d59b6333ae1861f343",757334604
"fb06aae0e711d628b16eb910",776902060
"fb0dbfeedbab00cdc7eb93ee",735275187
"fb10f3b45e865b4626f65ddf",692977870
"fb14ddcaa459b49a3b30eb3a",819857345
"fb338e93dda9159476b8382c",473481957
"fb39ca089d05381b3a7ba847",498382609
"fb3d29813052141c015669c2",555746048
"fb50f2f13a30fccc3903577e",806119540
"fb63e870ceb7ff355299f3da",610212217
"fb672b4cb1b66f2022f36a40",830331889
"fb7048ba61e9e6b1de829bdf",634710489
"fb7154b2dfd2a48c13ef70cc",849987526
"fb72b8e0457c0199e158e599",748458042
"fb76da6072bea5801e407990",546312142
"fb7bd85c05cd74d945d22de0",479555956
"fb82175fad61a81e9b665fd3",912859677
"fb8aa6b6c5d2499d404f3f73",647297234
"fb9371f86ca6f4e62ae374c3",507648190
"fba35c04cfb7b6db50cbb57b",674556106
"fba6203abad5f4b3b721f29e",531421547
"fba83f5feea2522888377066",460024607
"fba946e4ceea37176170835b",559251897
"fba9ae05a6a8a9e0c6268a9f",527147792
"fbaf74ce4c2c6e88950d3fdb",915033461
"fbb0a76f05908c118f7a3df6",520050374
"fbb89795386c14f5088fccdc",797392529
"fbd613ac06b6bf20d76822db",576499405
"fbdb9caee4455e99259cf921",492210206
"fbe3b74f9e11c829d4dc69d3",806119540
"fbe555f6bd0edc1bc950d9ea",927362784
"fbf8b0f1159e89428778c847",574671387
"fc0572d7185e132770c3bad7",711651553
"fc16776abc877decb82a5954",922746300
"fc174b19baedc11f78b647d2",652536637
"fc17f35d300be9680971f95b",559930294
"fc1b713d5605b0030421d5a2",729231982
"fc25df25f4151a16cf0c90f8",911859170
"fc2ac43013ba8ab17da28041",841252912
"fc2ceba651bc629e7f690849",759213754
"fc2f58cc289d29fffe8a5fe0",680772972
"fc321e2d9b4e954e80805be2",625807767
"fc43df7f26644fa464ecb090",510902022
"fc57fa9bbc16d1b8106c2c70",759153069
"fc5e8e45dd0a338ab5835428",671195109
"fc5f41aad1b4bdcbd8298037",566706643
"fc64387d7c3c91a6e6e876ab",666053130
"fc65a77fbdd07fb490ad870e",583055720
"fc6616c62030a53d2aa46b12",733759873
"fc72e535900c592d6053b806",752317003
"fc72ebf9381496067101da61",508305877
"fc762d2d172737cabbdfcc75",712653195
"fc7e93bffb7fbbdebebfaa2c",858521436
"fc7ecefb27bbb5c3e25e899f",509730673
"fc815b59cce7934f816f0502",650622782
"fc8836e71725949c5f3fa7f7",904451259
"fc9151dd6f8850502c747bab",767561347
"fc9fb2f209a4b5e66f89712b",629649338
"fca1c40a338288036b1eb25c",910377382
"fca3a0fe5db369235960d285",466340422
"fca6d7455056792cd61e2ddf",471498380
"fcaddcc78938f3a234dd2d3f",504423169
"fcc4c878af8bdbda6e1fc86d",878721692
"fcc6c3c10bb52776accaf06f",614335426
"fcc96840d952d32a7300366c",479322287
"fcd7c10d81aff25d9233214d",508809463
"fcdbfb9e15352cf210cce7cd",720107222
"fce26c7fbf0bc93937ea5198",587998771
"fce385656705a8f4389cbb6a",677834576
"fce89a9ffaba32f9f7c5895d",798162987
"fcefb2186b13c8bc39b17915",649227615
"fcf46edf6d612ff1f5ed6134",787692188
"fcf79745f8cd716d3ff9d27b",626709463
"fcfa51e5eec6829b9f4f2c59",478789558
"fcfd6f08490be39064aae41c",522625776
"fd0c010fa0c4b84dc75ede86",796475658
"fd0f6c0b5234ec1f6c7d1fd8",709916202
"fd1431e595693fac0406151d",459291375
"fd15189b99da46b098a949e6",581799489
"fd19e1b2e61f5efde879f6dd",880027526
"fd20cc372715855081e24eae",894671674
"fd26da8e62b5d1155962f0c5",611315732
"fd2dcbcb8a31e97f31d22a53",640978865
"fd2efcb61008dc9d11756381",762630988
"fd36cffb856c2a14982a5fa9",532362452
"fd41747287a480d5c4dcb56d",875860790
"fd45b984efcdb0b434033fd9",496758966
"fd4ce3ddaf79d1b97043ce0b",884292694
"fd5758238e7ec91e415779f7",785827755
"fd5793113661540ee34b8cb8",670240383
"fd5ba2795eb7b5fe338d6b4e",574677185
"fd6112c82d5808311b08e29f",605872356
"fd689e54d5c418dc9f2425e7",829981217
"fd6b2efe5da2c35058333bbf",706926900
"fd6e9c9ed7679485dfd0b022",646176123
"fd77ee8ca0551b5b614b40e1",866338514
"fd7a48744bf966e417f34a51",870031464
"fd7b741b96080ca5b964cac4",785762436
"fd7f194d9929a6f28ea57cf4",492674817
"fd81506b0a00fab1ff680b64",539785024
"fd82c710aad91bc90af490fe",783225074
"fd8b9540f1e9da778d566d25",442196543
"fd8caba10cd4d1df27605358",544110004
"fd9ebf37acdbb0e4bffd2fb3",510691628
"fd9f78fb2d2f4d01e462bcea",842087234
"fd9fda1abfcdd1066a177e14",594361986
"fda25a0b6b9f62f92e3ea6b8",831549346
"fda6cee77fbfbce6ec0eabdd",818557966
"fdad0c86eb89fe93633c8571",517226621
"fdb192e57e3e48f70a492b87",790712231
"fdb1cffa6b7346fde667d72c",503546244
"fdbc74fb5882051327b3caf8",574472586
"fdbe5801070756d1744211cc",677464051
"fdc00f6ebd155e84a387878c",489609398
"fdc28a68bf8a5bc86288b4c7",585976013
"fdcf0e439ae8b2ff5730680d",674282127
"fdd4b5fcf9ebadf96545038c",915033461
"fde3d4a4a819b1fa40530238",494065887
"fdf103976a39cc12f5effaa2",664336980
"fe004acdfad6ac6b00911ef0",638261556
"fe0182e1795e2b87eef4bf41",608687546
"fe2bf1f402addaf17a213030",600774157
"fe2f1459eb0a380dc31e3a4e",782101077
"fe368a7d2e09fe88b1b972e4",493266342
"fe409f9ea8d18c9d9ba4d02e",505609915
"fe483817d899e0044abc3787",729407831
"fe4a6d7d7ed28b85c5816fa2",717916467
"fe6c19c6f54606a611d412c8",493629837
"fe6c8cd2e792d62a4c324da5",465009922
"fe6fb32f623a9e3d5586a8d3",679312824
"fe8305e287f6a8e7899c9459",597401644
"fe8a10fb4031669a9b21c919",821063118
"fe8a78de9ba7b59a112e0046",549379704
"fe8ab5495cae81b5478026a4",588811168
"fe8bcbd17b16ad023a202843",911859170
"fe8e45caf7605fb91d6bc5f7",588638015
"fe96a7d758a874b1f0c42145",561194257
"fe9b6a82fcc3266ddcb3e36b",652536637
"fea142787b18327108ee8929",524236731
"fea5eb95dfad452d6786b042",489609398
"feade1f4b3b06fdc12ec213f",759213754
"feb3384733ed8feeedf9ce8b",656795043
"feb87029d5a2e8125e165bef",493043084
"febc9a1b054671445d756cec",583456072
"fec1212eae4e6369d5555d8c",671510241
"fed1a50c562ffd7f30451adf",607034374
"fed1a608e3c0f2b79cd02ebb",504214783
"fed2e1459e9ccc06943a05d1",950114107
"fed8f3bf4a2d7a426901706c",664336980
"fedc2418db2353b7c97a260d",847566354
"fede7e1a7a6f23338af6f40e",904352124
"fedf2e30e390f5cf74b27e97",538811477
"feea3a2bd9f643219de51c46",509203741
"ff03a8cc833d067d439b9903",811968327
"ff058f978e97c389e7a31f6b",575798260
"ff143fed55f12a0105f9f88d",727649171
"ff1498465e4db86f4f652e87",559554230
"ff185be4fdbe3790c72d00cb",498262814
"ff188e88378c8e2abed8119e",666596539
"ff1a7adf260e637bf316812f",457395896
"ff228869121d053ca7bbe431",829563188
"ff25ded6333278149f8fb68f",706374146
"ff27ae490bf03513b6bb386f",862402901
"ff2897a56a0fd08996d19424",828997228
"ff28f1a1ea72e21acb157f08",903045192
"ff29f12bbd7ac4b860909966",829747623
"ff3696c808d4835d6c7cc9e3",680414594
"ff3b85eb538fb9a7dd03f459",452021805
"ff424474d2d10a2c2a1c1892",475576737
"ff46d9f7dd86b8bff7cc305c",559680459
"ff54bb34225682d25c551178",837065852
"ff56b24cf15289dc6d14800f",631659845
"ff5a27ffe7de039e65170f9e",723373365
"ff61104cbeb37f077c565fd1",485633101
"ff61abc1e7843e20b1bf8656",473411567
"ff6fa86afbf9da2aa8eb7991",599754754
"ff71037ec8e5a91aad6f0686",531632825
"ff7ebaf86962fd0ab6ff41f3",587343717
"ff83788b9f8db0297f6c0148",785205000
"ff8e7294270343a00978dbc2",631141221
"ff9c4796bc3ef18ae7bb724e",909810031
"ff9cb7bc0b972d4515ea3837",457058113
"ff9d1cf7bd90c5e47a0bba3f",466431641
"ffaca67ff9f0d7cbd5bbd295",892045531
"ffad647e8ee35eaea6378fb6",757277846
"ffb510bd3f847f4ede255fbb",460024607
"ffbce3ccf241890ec95104e4",548137418
"ffbedc0873b99654d10188a3",444225890
"ffbf6a54fb00029ba24dd3ad",471590127
"ffc171cf73514bed077339a6",460024607
"ffc49242bb0edf3e22076501",882546852
"ffcbce226963f10da8c53fd7",799501036
"ffce0b151f293cad0a6f770f",954013213
"ffcf6794a400aba909383b41",817451633
"ffd3d51ecc85abff64258e1c",756498158
"ffd916080b1019827491de0b",725427330
"ffe653c61bf13df43fa22190",511311326
