"property_id","price"
"0006c9478f4e7edc53d84916",467813145
"00076c8f390d5dcccc133309",835554351
"001399d3861c5792ccb8b515",1048909357
"0016e35cfd881ee2e37b49b3",740987552
"001c03f6103d35389825b62e",708047014
"001d77bfb387bdf0b53e9e83",751250321
"001dbdd202e9908ee42713a8",983222784
"00304df33a3c9a7e396ddd3a",794976425
"0037d98f6ac46a86e36def45",681361527
"0038a3b703f4ec779bbcfe6b",471791527
"004776514ad269b380581066",442015986
"004c9da9ef1b3b5e309e475a",568605263
"00571815d5a7f208eb3e7737",1102787541
"00586a92b53f4a8f9f6b3022",745339758
"005ab848b35907e42aa0f4f2",1361619101
"0064cd1c55914cc8370a096f",425892109
"0083ef74db679d22463a1afe",625975824
"00858277a3cf4f31b8e3f738",583785697
"008c7a02d158f3b17ee8e015",465638424
"00a5133e7373eae3f0be8f2e",484960393
"00af33cff3ff7c6927306df4",626520370
"00ba709f184e70be13e5bf9b",644313887
"00bff9be2d524083e3b3149d",674046810
"00c1165df93a4cfe679f54e2",692353231
"00c75d59ed4777481a50cbd3",938964347
"00ce045307538da1b0bb7972",815756530
"00cea81b78d6007eb405d5b3",624006458
"00dd36caffef00fcde85b235",1067261674
"00dea98fbfbfeae74c513bb6",1225797240
"00e7c5894c739852052f566a",725200205
"00e80be4feb1e8593b7713fe",519939968
"00e9afbd1d27062a7bd40a3c",1190591535
"00eb120ba4410ed8efa24a8e",621873060
"00f2621035b1969d53f03fca",831978029
"00f5ba660a4fcf6ddb96220a",580785201
"00f6a62599f25ac506113149",971695759
"0100b3a412accebf6a3aa4b1",434246740
"01018b9796a105be650ec802",1042212588
"010e676743f6afc01fd0838b",1065785114
"011a6d0f12ba108ef15076b4",409288259
"011c2017b63235bf0ed3f241",453849491
"01230eede2a4a74ec4ee5105",829547680
"0123237414f757b9c3809f88",936229677
"012b8d616667a6dcece0dfaf",756228826
"013e2a07f94a99323b64d370",1082721299
"014799b9ef7d5244fb6640ff",1212026805
"0152ffa8757aaaf417e9f997",1003942018
"015d17895f32e2a8b616ca1b",699512612
"01636da0aa2bc223af023a13",669349368
"016bb199b12846ccb0b03191",804698937
"016dd08801ad1a1e7f6e695b",1320507248
"0172678cb0737e21a317eda4",416838692
"017487de3455d9f642a7fadc",839072053
"0181972aeb6bf451012a47c6",898973189
"0183b38955437e8d0128a013",1182453990
"019cd320e02a64ba3ba9a37d",752726389
"019f4a25794ef01294845b51",850470479
"01a5a230e8a808d844e64397",1160836662
"01abe3cfc94be46c1153c82d",883048499
"01afa737bcfa6b1ab530eb09",980767457
"01b78983d268b52137e5ac1b",450575662
"01b7bb1556b5c32df8f618cc",749002306
"01cac7d033166094ab9f87b0",756847807
"01cda25ee8545b9fe19717ed",1250870603
"01db5867a69f8ea7849d69e8",1350718288
"01e033f5bd502c4ad398ece7",553211094
"01e907d7672006fa2bba8b0f",451771717
"01e9c7531cf3c63c04b9189f",607091223
"01eb0a2c1033c30830161321",689721031
"01edceb6c5afc2af1e129e86",385487440
"01f6c99999c154461765f4c4",588586818
"01f855427cbe3eb51b38288f",822324126
"01f8b6799e2910f7769db175",854981378
"01fb5931cb55f5308382818e",1320576592
"01fe5add1e7df4b15dd73bc9",652584134
"020473766363019ee40d6685",840054892
"02060d2f56e979a61427f806",600417160
"02091877f01c926c350b013b",609580145
"020dfae44183c65b708727c7",480244844
"022357a3d48ea87d58ffb46e",461418605
"02259637b8ef1311c69d3d90",865223012
"02277f636716264116015dde",399996648
"0232a50c9afca03cbf4277c8",485378613
"024c5c787d005adbe770b9bf",552388654
"024d2e34a561efaf4811c17a",942142929
"024e94e72ae88464621539eb",779343293
"0252fcaf7bcde09274d34be5",809212355
"025a98586386211b1519f9be",467213448
"025b094e1ea7248f4aba72f0",402565915
"025d96090a8e5bd6f786e9b6",685494987
"026c6384ceba017c5f2cd66e",581252709
"0274166db611aabe4e946a83",518729185
"02779b92b2f9bafde0c75c11",640813803
"027947dd01dc991ffefc5082",430267697
"0283890ab76b10547b27e634",562477527
"02888257efaae858fdc7938e",647110054
"028adaf559a05c8882893767",850408762
"029224b78e8f358aa9c38e94",468421479
"02990998f3621fc5a3d0ee63",440000101
"02a0a38b45e1b196165b0098",676267131
"02a2ebb6eca5772e3526d78b",672856198
"02a9c37b3d92a6da473c6fbc",467580812
"02b47e60ab77588aff6cb433",476511734
"02c6e8c7f36a2c68851600c6",587624686
"02cb957c3db9ded3691a9004",717791892
"02ce5bc5d5d286a4cc0928f6",850815643
"02d598a32d864c289e3ba6b0",760241965
"02d5bac2567ee9e19041ad42",1281813145
"02d89daa77bb313328fe0c4e",491633273
"02e52d3895522d9be85c4544",543145601
"02e8811bff38125bcf8e1a6d",423753808
"02e89c055b7692dab024defc",476994900
"02e9b077d6cece81387fda35",809577131
"02ea72128a99862e9537718e",780421324
"02ed31afcba033953c79d95d",579066465
"02f6ffcfcdd3dbba94dd7b33",1032102966
"03025756be203027ab75aaae",479299137
"03243195c467c67e67a7823e",570294699
"0332c7ec0d3e547ec6d61664",864622267
"033307467830cb865a785e3e",612869852
"033521a46dae036839ad6c90",390273915
"033599f7e7ecd8d9c8cfba46",790205406
"033d3f8ff56907db4c453700",544875002
"03463535ae93b8b123eaba8b",676286331
"0349908483ce628a0a5fc164",1086279358
"034a30994bb2e0e446e35957",772520629
"0356797c1683d002bcd94899",859700652
"0357d0ee6e0646113ea543cf",632845168
"035c61042b7dbc7ef888d1a7",1385729933
"035d955df5a765531d1d0d07",866429086
"035de58d60807ee2c272ce82",1077168960
"035ea0f13f2ca01c902d5388",667055113
"036177aff84b1901e0f18759",520957795
"0367da7dc5374f1957a1b7f6",952221048
"036fc9e01b2b1e3ef4574372",726383388
"0379b6a001e4018c34e944da",674046810
"038272b33c075765464761e8",564224894
"038bb35043651579f443c481",885172427
"0391d158ab104c5cdba31872",718405737
"039a9029c4341b1528ca6b46",384666606
"03a84af05df0f577e09d60c1",582884763
"03ad99f1799f2a20c8cc0a50",711685093
"03aea1b6ff072f117ec733af",469943642
"03be8ec62dae56680beb2cf3",814210701
"03d54a6e80d48c96a7f6a1fa",506727587
"03de77e22e987fc3fed4eb78",729088520
"03eb8da7205428e61bfb2845",504443377
"03f518e2e5861002772345fd",396588312
"03fb5bfbc1895115a04e8116",856215791
"042bd2cfb2d33467149ece1e",918629226
"042ff73057dce4d92d383cf7",387822148
"04308f869d7c992ed3ea646a",770113289
"0449a82dd1667c8c564904f8",840007110
"044b8431b186eb022cf6fc24",528125488
"044e2daf937c0d8373f2e914",950613802
"045108344bf09b01b597e7ce",894359241
"0451f65828e628c2220df77f",814599424
"0460eacc73398bb95f0518e2",967513149
"0466a7e06b152c1860d44334",1067561720
"0468cf58f40372acb9d5fefa",934479158
"046aaa4162cd410e92b216d0",653556089
"047b0ded64dcae203a3015eb",615294668
"047f94605add5f6f84fc3f90",693221885
"048051ce9bf8f6a48e9451fd",1221638955
"0482cd89d767b3b7de976c3a",429847344
"0489a476b376f7f6efbc193b",411351258
"04a071d777e60627223e28d4",427772279
"04b28e63fbba92daf83865ba",919936305
"04bb7cdebb8b66e783058248",514699904
"04cc75f46642efb1192f1875",553365697
"04d77c8ade9a55fddd28b00c",841314905
"04e29dbe2175919265c82463",883696933
"04e337d3c692f3429d47aef4",817784624
"04e6a79dd3e4d8d17c8b5387",1334019563
"04eb0b590ce7483c615b043b",742064367
"04ece9352b3810031f3f9a90",712813302
"04f0fd25e2456759753bd2bc",673090146
"04f968f1873a655fde8702f6",440562733
"04fe204d03bd1c9876242ccd",971881873
"05076b448cfbf9dede72904a",852181243
"0508cd7bd2c77ebb6fea1e56",617445197
"0509650d34981639b9c64a22",629359314
"05119815bd72ced29391ba87",972926997
"051416c05445860d5b4095e6",468272722
"0515734883eea12cdacb7aab",460119328
"051d68945b95562009d4029c",690748118
"052505ca8210e5e651fc0b63",887915506
"052957f95b6e7b41bc625009",969839418
"052c93502aa794e0574db9e9",665618153
"052d00805b2602cac76fed4d",587969335
"05308c4f3d0e0887e4a68a92",674046810
"05397b2087e5cf381809f169",525229571
"053d37bf1d988505b5e91809",670117517
"05402dd344c77623fa053ffa",778468093
"0545fc14aece3f37864ced2d",691098036
"05498e49d0b875ae6aaddd83",527080706
"054cd21c3b12f165bd520313",756172326
"0553a3aa7d961ada6dfcd52d",540223089
"055d5ab6b22d4d0ac325fe73",779848418
"055d7c66464d7e327711b497",679512218
"055e29f236bb61603d4ce9eb",966564454
"057585ba19d6144408d4e2da",520927479
"058265732a484ac8d5497f5c",555694640
"05858b1e4445f56f22e1f4bb",845365070
"0587e7e1f03af8ea6c46290e",669157195
"05926b977b5df59857194ec1",589997103
"059516a91f938d2e8fbcca0b",797321698
"059aaea3859c4b9662ab4df8",433516737
"059d77736dc72013de7767f1",532520473
"05a98feedbd3f422bf063112",823340682
"05aecff6fd8d866c6c157a9a",830060566
"05b12b1916e51a804419c654",465559115
"05b71daf88eff5ae8cf5789d",610209816
"05bbd028f30492fc0a9f35d0",601922574
"05bcc7d7db8d352216a4af59",854453945
"05c47739fa4c4f00285a2c48",1182757706
"05d1c33ea8c89ded7391ea92",619158436
"05d9818d3f9f2a5c358d3911",1022604828
"05db9fc492801eac98f69c7e",419893919
"05e06a93e9f01dd3984a85ab",524327156
"05e8878bcb68d03e3b656eb3",827051734
"05f79195e285c126125d258c",711983717
"060451a9e3e0416ff41d253d",698456919
"061386497cc2dede3ea70b1e",550992760
"0616401503f2ebc05af7ce4f",447222407
"061d3fd39da1b4b1397054c1",678979172
"06220a42e68510eccb4d790d",509439492
"062b36cb4a87cec372f9f91d",867346623
"062d5544f5c96db90fa3a526",938270612
"062efee92601be294d7346a1",689316881
"063e53d45e5e7945f1f10fc2",815760006
"0648a4bd7ca088f4b3834401",941479958
"0648aae13097ac649fe714b9",861649778
"064c1cd5e94efdf8c7262fec",854423791
"0668a4a4521c783a2d817413",804300660
"0669fb98aed75d79f8decb7f",850682411
"066f1b68f7c053a196662fe0",904232410
"0685f2225b939147c8482e6f",435820579
"069499abc4e393fe540777b4",414284685
"069798704327652a899a189d",571239599
"069c529aaef7d7e0774c4a66",743884908
"069ddc5d1f3c855e6498ac50",448735996
"069fb1f8d0f06ac2fee87314",651568692
"06a2efde5244f7d653ddfb8e",623043064
"06a5364639452a9d663a2dbc",443905746
"06acca3d0ef4685dc055ffa5",393526085
"06b90d41ad3ce1d0d389fea9",634686548
"06baade01a74972cc4a419ec",691098036
"06bbc353bf62fda3b3786fd0",678543128
"06bfbccfb3ec0b1f65f4b351",928775686
"06c1673c4a7444e7aa80abb7",425238791
"06ca01d3ff86406e896b6fa6",816424663
"06ccfa37fa6b011ac38422de",442652069
"06d33fff99a62c330ef2d585",599389573
"06e350e3c733e5a0afb613cb",600209051
"06e59cc783be86bd145a56c6",950505548
"06e91b526821a6ad1372fc44",382282440
"06ee1d8f3ea326a0e3a9791d",713353065
"06f22f7a8e4e78f45ae81638",689402361
"070062cd1c769f3be9255af1",1077287929
"070543b03770991d65cc337f",928307342
"0706ce398b2bd64913e68d39",1014798951
"070912b7e5fb205918c1f4a3",409590086
"071f284d07719a3517c55567",815304054
"07284e4caec09fbbb16adf2f",1162329164
"072a6f084d31a5a4be4060dc",922962993
"072efeafd082025bbc5a25e5",701359076
"073a3ae443f3333f0f526f7e",765518641
"073fccba71b28afd815be434",627815479
"07412230b931192771072334",748019572
"07481a101afc1d5db45245df",638549031
"075a5474294e25da55373a09",402949813
"075b5c16441d9d67cf638386",439061193
"075be16d8d9ed6831d139b2e",731528069
"0761d0b7c6e319a75b06d420",475493412
"07641db461323a5cfcda4f98",498114028
"0768e70fbda0e09b88c1548a",501444146
"076ccba20dac8bfcf184b8a8",716883886
"076ceb408227ab2563a663d0",383548224
"0775d831f68b88ca59eb871d",949753105
"077659c14c3cebbe192f8247",1123436121
"077db8e0877b924d1b57ab1e",515598349
"078144699729ee0c46f36123",1054451652
"078f7c6532204fe046b13d14",885921710
"0798af235e9926b1e7e4642d",602328823
"079bc331430e94ee76f8097e",814198944
"07a6da2c9c4833ee4cbe8625",723220223
"07b7ba964a8e30dc16d66443",1198631447
"07bd45129563bd2fd974deeb",415553839
"07c46b493733d74c4f384b79",615430980
"07c753474a847bf2bccd55b7",663647330
"07c8af84608e6c9206ad6961",622778453
"07cd866c871333283ecb2d23",760736256
"07ce6f95a7719abc9a204b6d",816278802
"07d1137c1f0aaecbbad32f7b",610861964
"07dd30f04c5953f325df9aad",894359241
"07de14db9dcc2d4f9eac0dd2",1371217431
"07e76c765d1137cdd7c2ff53",447986581
"07edd16680605925192efcf1",723205274
"07f10df13b244dc33b464582",779343293
"07f24808e42c9e11a7c20232",655244976
"07f4aa9b9ff5b0b05d31e6c0",948786634
"07f9017eb4b8c169eb9de536",1179964402
"07fa1ad76017843232107517",1077287929
"0802b7e10706252dab8db909",742608668
"0803ef3270948a30b3fee2f0",483676964
"080969c751cb94822aeeb755",390843180
"080df3efe1fe81f97e74c4c9",426797292
"0816f29a68aa35abd5978e7c",721852861
"081bbc273db70f1d2cc84ed2",728997033
"081e008e772c6a79b809a87b",720639938
"0821109831351eb2501e362b",1048927934
"0821fde7debf7cc445434024",417780605
"082293a465231208059c5d53",507976632
"0823b0dc92805ab05d3f8650",1259821104
"0823be832fff81b3f1291859",411424147
"0825f2ca4baf5b34231ecfd2",1066484508
"0838d0df248d723da4e25ea9",683148611
"083f05fe52ab15e8d481ad41",1070748094
"0842816a5ef4f24435c8df22",1082022246
"0842a0730545c623043b1d8e",811202841
"08451af5a81fd6a63c4012cd",565423215
"0845e73ae95dbd4aec3f1f43",597815436
"084de1226de9a6f4a6075c2d",547591081
"084de965e32a2a65bd3aff5f",664513726
"08513fe1cddb2cad74874a59",467472028
"086521dbe18727963538aa7b",800086647
"086540702ba0876c0c05c5d5",1059501453
"0867853879129bfb46dae700",941211552
"0872074f7bd512dbd4609c85",428617710
"0872198056be7edd5eff220c",865009005
"0878a639ab8e6b6e69a3df41",837846004
"0878fd8b66aeb22f6af2d7af",478852724
"087b564ba475edbea431d4e4",759835763
"087caf4bce7b0a3fe3c47dc6",587599918
"0880b703bf2064f59f2bf20f",628163620
"0890a0d20f33b9af2bfe488b",427063930
"089dc5de66c6c4132734b9c0",734539243
"08a82bb9fbe4b7abb50cece1",569454246
"08ad96681afa49c74721daad",650746444
"08b09c586530266c14e611f9",554399774
"08ba99aa6a8ee752209de6ae",666803781
"08bb88dabf0070f72a801a4b",792381040
"08c1db1e620e975c4d476b2c",441920720
"08c61259a756e617d976e8b8",805097024
"08d0615cff29645ee70e20e9",956477043
"08d4fa42a34c74c94db5080b",1079786621
"08d90f931e7e0a6f43c9d0e0",676051596
"08d9f04bc4ebdc74e9d80b16",1013216244
"08db0ce5cd15db2404ff3d28",665529531
"08dbbd8d672fd09463c061a5",477988306
"08e1ad8d1f0be0287a395ef6",566506508
"08eaca41f26eb387b67bf30d",1165680728
"08ead1ac0b9b30c2a72db17f",1039562148
"08f1c136d5a456c0215ebea4",859068952
"08f35bfbfe1bd663c40d9e54",550328455
"08f6bf438980d55b35ce7537",1285132308
"08f74ad7f06f2c409903ddf9",707183183
"0901e845b6c56d4761377a09",584160426
"0906b6a88fb1eb0d7bfb6bb5",455041627
"090d371309090bf83b6fe0f1",731645217
"0913364c688d7375d0f7af5d",414869671
"091f6342ad934f4e7f84045d",1016614288
"092045750c36a8945c526a12",593491021
"0920b2df9df4f0e509a7efb5",511832106
"0922cc27581d9058e55a2239",503952844
"09254c66d93cbbf2675b775e",794504058
"092b7b5bafe25bf485de37a4",652313695
"0935e87627068206f6d9c0c4",586948996
"093a92c6846c924f88ba8750",1091150592
"093c849ad2bea8292c4d15f9",995682227
"094da6ca19427f1a943105f6",1172262695
"0952c73b02dd5432aebdf2c1",501994541
"09656004f0a7f544580958fb",1307328694
"096912698fd9a59d94935478",739108193
"097314d920292b46eab5dbc1",646864572
"09759befd8899fc1e359935f",853661157
"097a1a08a389439cc2c760f8",382746359
"098327587a877bd50df27551",557542298
"0996cb112fc3919564e87c37",1064939362
"099721566fdd0a32546fedbd",932398110
"0997324f14c5823413463546",1148243867
"0998999f12dfdd50c597c6c1",896888121
"099ee1a7c91105ef46b5e7e8",550154166
"099f07f9ec4ff6d835337f86",453630463
"09a5fd22f920267b464e2a00",705988639
"09ac622c303bce9ad5514442",412636199
"09ae7df5577582ce7e7b0aa7",861460720
"09b15382686c42fd89b24285",1140098905
"09b18e3f3cabb7d5469a8d51",815254484
"09b61cf8ff3ff09ac892d073",544851713
"09c28a830f8093802384071c",592909158
"09c4d4b5d1c0118d877d5734",688036765
"09caddf25db3ac8e1a98565b",1059790254
"09ce36a03c52d6721bc5276b",585847320
"09d4b5b5c2f97ff88215708d",794846676
"09dcdf0b8b37c1d537b9fcf8",622077209
"09e0c3a1b90d46c361007323",524801175
"09e4397bf9794fe24d87d07c",674629436
"09e47ad8508e7cfee83c6d68",975401392
"09eb808ca3859318d6328db8",760365116
"09eeb116cb0944a28742d282",922476652
"09fd7896d5445f422892b196",695469679
"09fe153b0027697e58bd08b5",382312690
"09feba43c0b8f3560fe09be8",1225435741
"0a00771ee714a2f3f96c31a3",676872973
"0a040fd24e23a77f0c58495c",753795441
"0a0e3ee960f60d04ffd6bc0a",858461954
"0a0f206f04bfb10c137388d3",1194575803
"0a199d5741b5a6213b39b793",614928396
"0a1af9bb571b90233856289a",476768904
"0a1b14f320e330b405b27a6b",948735574
"0a1b1a3d68b04cdcb2d757cb",1139308999
"0a1cdd0d5c3c8b973ab1a98c",1055959291
"0a1e6a95a0f9598150c121ce",1146794528
"0a231779f131c36d8e6910f4",587785808
"0a268e25a5f3a0bfd8898a40",374084187
"0a2a67e8b310471b115c60bf",521181656
"0a2f7379cd1bed7d2d2d5a01",1013145884
"0a2f8c8ca6094e6626d4e8b1",726818729
"0a369278a1ef6f5e9d79e2e3",683516764
"0a3911a1a9284f2ff81689e6",506029337
"0a41279a5ea9b92bf8cb79c0",1033961582
"0a45eb817938241ca988c2e3",930060242
"0a482968c7cdf212401d72b7",697526621
"0a4b0a004c894654663bdcdb",1016306587
"0a53b0b7c365879a6d2cce39",764126149
"0a5908a92d0ba3e36f54b1f3",373173240
"0a59b506798fb96edd7681c7",796727387
"0a606d19ae362a58922b172e",471654037
"0a61250b2c208d42a3077bde",903933148
"0a6966f19bc2c303886ca82c",861650450
"0a6ade3bea1768aab76680ed",1103293385
"0a759932f763df64a463ac18",653934802
"0a7758f69ddd8fb27a839661",555421005
"0a7fb26822c2ca556f62a257",583404997
"0a85c354c48921e0ca202d15",1237907369
"0a8aaa78f68d43e3b1bf6c51",644766123
"0a8d749a2336d8f66a4f19ef",505559089
"0a9e4dd0eec86037a36fe769",802955892
"0aa1332c56bf357f492da2c0",404561769
"0ab4a4b8adda35f634812221",941211552
"0ab6e52af85ebf23432d7698",622062045
"0ab85344c5fe6ccb0edb6313",948140908
"0abc98f7ea1e477c6fe3425c",850007050
"0ac639a7c5ec115b3df8111b",725501668
"0ad01fb039a198262ec59b72",854350448
"0ada7044c5b29925abc90879",607240343
"0af13e27cfe9b8f237a9949c",681267138
"0af466463f2cf50d61315da4",828836264
"0afc6cbb60f34f1cf00fdfb0",911069510
"0afec1b2e7060b99dbe41a10",427130906
"0b06da0ceff947975cf8951e",964107196
"0b117f10e699f10f97a7e7c6",874989250
"0b221ebf810f632568c1e2c9",506827774
"0b3021c156324d1e7974ce3b",1149782992
"0b35c4a3f20cc0eb751acbac",439090293
"0b42bbe66e438fa81a2ff77a",613111376
"0b49dedfb53ec812962e31e7",780679486
"0b4b741487c001323f508d5d",637028652
"0b51fb3a65a86d7799f27264",405242064
"0b54c51a787fe58bdf677658",1089814153
"0b65098a19c2fc1caa6577ed",1051858955
"0b67da6d74bb3998c80893f4",501941572
"0b6cd71df4dde546e665f865",665618153
"0b6dcb5c1952dcea931e2c20",644051322
"0b6f2534f862a7ef551a116c",694416244
"0b715ccd3b3e01444b855857",426724566
"0b71d334a6db66cf6f1a8eb1",893187791
"0b7c8732558fc04f4fc51ec1",789051896
"0b829c23806ff01a0c84e9a9",841349676
"0b937a3ea4864896b744108e",390381710
"0b9730cff49bcaeb4d703c06",809431491
"0ba20e953e8e76add161cd6c",403462211
"0bbd23df46a4ea4e4734b680",691541240
"0bc16b384acd3f8263e386de",981390653
"0bc8475715e42b752649b4e6",480308112
"0bcdef6d56052acd2afad93d",419398325
"0bcf7987c4b0ba485c44caf9",750025668
"0bd42f8ee9d36dae4cf35886",397251888
"0be57099d9c3ad8a16984861",893667733
"0be7803a34b11d89133beaf4",641503049
"0bf9fe130da23aea7142bb7a",728116271
"0c017cf9740cb67d530267d0",621429089
"0c068dbfdafa3429c71189af",506547669
"0c12f73305bc7d72bdbd9789",507421385
"0c19c54de06d1c139df99ab0",842475908
"0c1c0ba7d75dc4090b7183f5",1112260322
"0c25a552c34e114a1780739a",397292562
"0c302f1c924f8efe0b6bb58e",811971784
"0c37c0d27631960f9e0fda1d",831507846
"0c3af9e0e9c80a68acebd041",837942712
"0c3e734afaa6b7c370754082",842474804
"0c4781c598c06d538c5fcdf7",720402729
"0c4afcff5f5a90cb79807682",835193888
"0c5067ff99e15fcf99792cbf",759180519
"0c61a011d7fe0227be2b3575",764858440
"0c621256c4d7ca81045fcde2",624566362
"0c62d4d501a426cc8fde0c36",803429172
"0c7da0c2613129bc322b1da5",1015774390
"0c85506b301862fb58b467cb",428202760
"0c8b133effcdbcd49d52add5",1043570295
"0c91369119a06c40623afbb4",468467226
"0caa7856aca178f826fe90c4",818706371
"0cad79296edb4b18582dd77c",814143776
"0cb4217cde38e09571fa73ba",1035089475
"0cb6801c9b57e874102ca349",668807869
"0cc2f3a49dd703e7554ba638",1052631882
"0cc5caa9b48a835c92da7653",848934804
"0cdcd8cd52bd1967dab88a5f",484239830
"0cddda1c211fcdce819d5f8f",619728526
"0ce068461fb3bf34eee000bc",498496169
"0ce9a7d4b0682dbbca68e070",693400819
"0cec193a20d720af010383b1",683148611
"0cf7a6d43221664a060ef681",753972912
"0cf7dd52e117832b4698b310",747397660
"0cf82b1128ebb8d1087b640d",1043840540
"0d00fdc440d7612434a6b91f",502807644
"0d027b81f8391d73fe0046aa",928405889
"0d099b1e1a314dfd9aee5293",622797551
"0d0f8ce05ebe99dd3bb7b23b",725430928
"0d130b8bea4321300396fa34",1241089196
"0d173e7afc8f8babbef6ae97",1108067015
"0d1ef14606c58310cae371f2",444709517
"0d24fc1c5deb78eb1a0caa51",499026873
"0d2c4bbd8a4dbeb6337b5c14",552279039
"0d30768d188b6bb53d599ea1",908700375
"0d3245463127143a8a52014b",988045849
"0d3bc6532812ea618d154bdc",915918311
"0d45e78397d4bc0d363be47e",544875002
"0d477acd9c95e9ec63839a53",534405599
"0d50b435188b7830a6949026",494139426
"0d53bfcecf0397ca27e5f78c",759265387
"0d63e52a47fa884e36f10810",621887697
"0d70ceba3aea278cb4a2082a",1009973177
"0d7d434afcc5e93050e0b86d",1123804402
"0d8074979d302868c2534262",1071128711
"0d8b0ca08838d1dac052d51c",923334817
"0d8cda2859d9903f6202af54",503109651
"0d926a0b5ef567c627a7eb0a",1120266518
"0d95d756b838d3a319277424",493790510
"0d9616f0ac8b0c2e9e0a97a3",583735811
"0d995f0ad226dd21bc96ff6b",527114491
"0d9e73c14529fa3f1ec8a56f",585748229
"0d9f91cbcc9339146bf75bba",525315203
"0da10eb6093728074b34fb75",922371417
"0da2a849e0f83b17b006e50b",914922240
"0daf89cf494e0f40a94d3e5c",857095355
"0db51d4771623f5fc1026d74",503577843
"0dbe463995c605bcdffb133b",519568084
"0dc2a023fb6c5e0b92d86ae2",629882693
"0dcc222d83e1bf05f2c2c090",891779214
"0dd1bb83f0f18af30da139f4",709385211
"0dd30227247f145bae82f96c",1246744590
"0dd49fa8bb7be52b851c6dc9",940371192
"0dd510aaba8036e8fd9d667a",1142594555
"0dd795526c080e8efdf8eb0e",519877142
"0ddd21dcfe89f72e2246ed79",442327957
"0de34892fee879f449facb19",609233007
"0de426088a306321990cf60e",423733073
"0df87025a6351b435958ce95",1209658318
"0df96c81adcd6fbc2f7141c3",666659823
"0dfc7d77d3dca86a221fe62b",1035451942
"0e001ee8f27e1a2fffaa0225",1216823164
"0e04f84529d92f2832ef986f",544702075
"0e05eba6eed4e55e89dc5f14",908208353
"0e0d19168609ac1d75253edc",504603579
"0e1bc8ba1953ec8c28e53b9e",701760449
"0e1c100d8e57de8296363d6f",473014353
"0e1c66f843e06f14d7264864",587678482
"0e1fbbe248919eb71e53ea75",585304885
"0e21abdf04b36e5f6a1fc337",1316608008
"0e22a41ec27869c8f83f9be9",995637190
"0e2a5d040f6361adb9927388",818341903
"0e2d6e5882fd3b4eeb9ef286",672306283
"0e3067f71dfb9dc2e03bba59",466739149
"0e35349077490a01f25e2ddb",995825818
"0e3f82238c54e85ca4229977",560220321
"0e49eaa5cde9375b1f026820",538674676
"0e51111c47813a0b0dd51b64",743234803
"0e5db1a36a521a5d2912b238",559832023
"0e64230b70f4a227b444115e",883696933
"0e67ae9abf1e2b2f66a91a28",606691030
"0e694269bbff1e45395190d6",1218232086
"0e6c74a0056ee94b10bfa86a",654275025
"0e6dc789744b678028e74d56",504174879
"0e6dcbf136294f2a99410052",582047860
"0e776964ba3733f3ac18a7a0",791745875
"0e7dbec40eab1b3e5c6bc665",850477413
"0e97f66cf4208c1a57d1fb17",424372664
"0e9a5ea81f6d91038d8711d9",630538501
"0ea1a5d32324d270cde1993a",585468391
"0ea201bfd515584bbf72f902",888101701
"0eb7c68fb7ea1e58f3e76345",990227934
"0eb8f10c9d5ded1b09f60baf",775992130
"0ebbe9d3831727f90d677ed0",1190861779
"0ed0dc77661be57aab63bc83",460209548
"0eda675541a035b1f620ccc8",982759332
"0ee7273686a0a92fbf48a383",1039447345
"0ef36d33e6c378c946b8a65e",521954050
"0ef45eb4356e2f0331ad2457",900522588
"0eff08cf4bc42dd442a70231",743039328
"0f059b39ca45bbbcb996fa45",688435737
"0f06896d7502890175cbc4a0",950499736
"0f0df5694eb388d843e1f17c",477737463
"0f10d20cff5664f9564bc88f",1077168960
"0f15a78ce3ff90b6894fe3c7",592953441
"0f1c472b94feffc41f1caa44",459334505
"0f21ea53a480e4363b8d7aa9",732286606
"0f2913c5aa681a2bd45a5484",861858013
"0f2aa0d9fdcfe894caa8fddc",846636378
"0f2fb3cf22613a339c88f7e4",662709694
"0f366a36001c0766521b9dce",540877254
"0f3b424c398a8e8b53162c37",839904924
"0f44b84024412099f27439a7",448500379
"0f4765c8929a87746217e957",1107813808
"0f4abd70b68453d3500eebb5",404551437
"0f4b077de4ba5f5db6fb0065",551055756
"0f4de499e5bd2c57fcc75013",550992760
"0f601f5ee798174ea9d52caf",610877507
"0f679cc583a47b30ea132bbb",726629330
"0f728f676325ece6a001b4d5",453949788
"0f761aab549e7f6bc025ab0f",840167115
"0f7e28b6efb9d550ba28a1e0",769517523
"0f8ded86be8d3543a5069b6f",535349981
"0f8fa0a074b743c92f0fc56f",1338388350
"0f937643c067371018c8deee",1120889094
"0f9867abe3ea0b9c5363982c",967082361
"0f98c4e431100aa87e6fa6af",665779363
"0f9c26956bfe983c8c7fc227",1289948027
"0fa87864632b7bbbd161f879",568990575
"0fa99fd0e8cebb71a3bb0871",377268279
"0faec12daf0493a512b2fa0c",1344150780
"0fbc9e52ccf1b7ea8136cbbe",809703763
"0fc7d98f75bc1c0b782a328e",919220346
"0fca6767d8f442da1f8bc6d2",420124592
"0fcab263453a9f196468e552",947982219
"0fd313e5a0f02df07eb6b104",403893232
"0fd954262ee740999c31d407",397473032
"0fd9a2a99c44c9e5565fc17b",953062472
"0fdd03a2dfb18e323d96f468",1124790946
"0fe23ccd8e42605f4d9f78a7",391633003
"0fe3dbfdf25d4b013b842b51",529259010
"0ff24418ecb6888dd8ec734f",1206668268
"0ffbcf7d58378c85b4103c7a",591208572
"0ffdec8eb5272d9fe4775251",500487176
"10037227b2a24d9a72ced322",907358545
"10084cfff54a17bcda6f19d3",1239065513
"10092cf2f8afb3658ae475ac",573193798
"100bdfc998bbde3d00548bdb",1244707342
"100e9e2623cb0fc52fb08813",1147920916
"1014341bbcd2fd5775631f78",619899522
"1014d3a98e886e1a7358e29f",686434768
"102434eee07ed18268857a9d",1089935588
"102de0a5ee4f19454b922b96",611818554
"1034b1af0331daddad70f3a5",452960535
"1034ee7a5160fecdb5e8c27c",613876288
"103687e73b0528ec29725f1e",541590937
"103f6eaf04b44c4013acf097",1092122512
"104722434c2deed04a901aa0",442297347
"104cd052884247b14d697673",548925505
"104e960974eee31e7e0eac6b",829405921
"10563c278e7ce8eb2066d398",886591355
"105bcd15e02d39f70ec2ecb7",421954757
"105d05ab3d5334b976e448e5",794145704
"1062419f9cf94418ba88b6b8",550797729
"106ad411e13ea21ad68e5f59",1246669403
"107e76f0c913e19217662faf",858639012
"107f29b67164ad6861cb7059",1072074138
"107fffd601a2bb7a3e4a69e8",777357190
"10970057efd092c98037498d",482405316
"1097d9a61690cc58a4b91e62",665321042
"109bb36f29b223a81dbfa340",982489828
"10a650e8cb5425c97f08f68a",797836754
"10afe23f1f58f96422c97934",407730206
"10b7c99bee9a4a21e1f32d50",716449147
"10bf1c2d1124f6d8f8b9497b",821986419
"10c836c2e566dfe9edcf3d8e",1267066123
"10c94f25ce3f7532bf4f3152",938709387
"10ce9c7a0a58aad19778e5f2",1105593447
"10d01825744060a7b777ee4e",664149625
"10d0506d84d778da572ec635",615408232
"10d47d2c73f0ccbc97979bcd",492076004
"10e5e54ab66b58b3f41ec381",784727076
"10fbecd8de540f1fe4c57b7d",408884221
"1101f533fd18cae5d32c1cbe",804226692
"1102f91444b8e1abb636f1bc",1046662022
"1103c663f6b5ed0309a767b2",476998438
"110539d2ac34e5180e3fd95b",832517946
"11075db1cf9899c8640e1b90",550328455
"110a2f124bad0f9381edce7d",1139262920
"110af3c21ecdf156898c7c0d",1065184029
"110d49e1d79a3534e146b300",1131414017
"1117078fa37ed101e9120923",704077932
"111bf82100a6fab0c9ded743",784668542
"111d509185303ed970d710c7",1020490414
"1122a042822658cb504dc147",784668542
"112d996c4c0662bd13af3ea0",956635321
"112dce80bf512f3f24391d23",467418749
"113887ac25fbff9d30fe8d35",540813291
"11429e0923f804d7dc5d27b6",1035530304
"114318a8e5822ece53ad897c",420305340
"11433baf7716402e8c58bd33",754877059
"114436e00c03b44096823522",741070651
"11444a88bb3b230b4feb5b58",759650239
"1163ab2c0bc8c998e121b922",429480901
"11723d1d472bf1a3fdd8b72c",1143700051
"11727589f7c66554e9114407",647648640
"11734add51785f1ddb999c5e",599547524
"117f37774a78d65f9e68f906",444750075
"1181e18553eafcf5edf6fa05",679800229
"119805b72aeb50f05d3a5bd9",1004681256
"119833a13f3f7df22d2b270a",602544903
"11a79681fb0a3f6eedf11d1f",711852877
"11a905e4e01e7d15d35cbb82",614968122
"11bccaef3431fc17953eb81c",922962993
"11be39d287e5a8bdbecb5994",772520629
"11c4dba68fb47eb9c49df169",489327959
"11c86230e62bd2c9ba44131f",1145538776
"11cd643195dbe5dd4567b62a",1059514012
"11dc32d92ac579720303c019",766617648
"11df35a3fbcef34e47747e38",694437122
"11e36a3effeb0119b8bded5b",673770310
"11e4350271e9cbb37bcb75af",432849672
"11e6e5ee92c97e31d34db891",1167182750
"11f8f836e5626605ee4b41c6",1164166766
"11ffdf367d817b582d590db7",523380343
"12062de068acd322b610fcf1",866982569
"121cc20fd81d6322f56d5c53",600786843
"123106a60208725514f3a343",779848418
"1240a616080d6ba5459335a5",1167957301
"1240f50cf2d8ef1d8713e671",433435807
"1242d7e61857ba8ad285b6f4",1131480563
"124959d1429de095473bf5a0",530438666
"12501015fb631d7c10ff08fb",675804002
"126f4d890004b8035a7de091",981675361
"12785f791e04b3a49547fbc6",910280786
"1278c9fd86258bcb435e7127",709780176
"127e08fa99afcaa339eff684",656312185
"127e197a2f70e7ddb5dc92aa",434900945
"1282e129e1a355b161621dd8",813660088
"1284d7ed08122731aa7c0461",395267890
"128cb9247755abf5f2801431",466269531
"12a63d4fcb56c1d690e1bbb1",546032610
"12bb70a95996dc6e286086ed",666803781
"12bf6b9badebc2902cc11c62",433435807
"12c7037cfa63de49e984a789",718881879
"12d1678bc86ccdcc8ad756be",971261209
"12d40725335f83e2fb9b937a",891948526
"12d73fb8f4ca87b19ca46231",780510672
"12db154d9d29cafa574ad387",412153644
"12e32a758e15fbeefa255207",809212120
"12ed2c22a923c840ef616a3c",1132361380
"12f9d50fad58e4e40a187d98",1117121814
"12f9e1f78c630defe302f781",794147204
"1308dad458274c698b2fec72",450020582
"130a119701171ed3c439c527",620815180
"1310e9cafc0b9fc21c212f73",696440874
"1338e58f7dcebf5a1ea59388",508926374
"1340b0805cb34eb9a982190f",520957795
"1342c307971094041c9c240b",863440118
"13477d8ef90576ca84258984",437780910
"1355fdce5b97bb36da15734e",1056609260
"135ca1dc80ae4d9993ec46f5",582983839
"135f6f92c4ec95847e8840eb",515622290
"1376058cb128a1c7729cd2e9",824091523
"1376106ebc19c929df27bb62",607483293
"137baf1609138c6ca2715c7c",430155177
"1381c0399ebbf19db3a11820",581071313
"1382140d8fb634851d4d210e",1252600233
"138a1990291ba31024455eb3",1063313062
"139331d23d9e3c40cf083a7d",768658498
"13a44ce5066ce00846b59ae3",1077496006
"13ab6a062601d40843de37b8",649861757
"13ac95652fb3cf6c43dafc66",422441209
"13adc7946bd4e6e3e4416e52",412174552
"13b181b46359620191e6e4c1",408746271
"13b3a55d79b79ea89a73d21a",691493090
"13c39860029403ea94b5439a",1171586335
"13c51ea93d19df6c273a1502",537447920
"13c7f3592bd432c7cd0a42ab",672818079
"13c86cdff4dd32a9f8b9adcf",1008508300
"13c9960a03a1c446aa5515cd",562984836
"13cf784fb3553f75acf25a4b",432132554
"13d08f7e14471fcf517c204a",446318015
"13d43933e04c3c7a9e5071cd",1097576496
"13dbc077e552640736267a49",370338540
"13e2ec0a12c8a48a753b85ef",479526412
"13e6c5cde1004803fed93cfc",572687215
"13f42390057bd294cd787822",613977579
"13f681a090b36edf38a4abd0",502481132
"13faa4142e9d60412abb4184",463467481
"13fc2dd1cd32d9cfa457a5b1",785044883
"140a0002732574ecc516e9a8",1004352873
"140c4de69883df9f3fb3a538",457421342
"1414ec3cdd3f6ab772fc7584",629346330
"141ac7bbe9637f9e5142135c",1070974095
"141dfd80a005f7b32bf70375",879540742
"1420543e2eb5f38e4d38ba81",1291598885
"1421bdbd9cf7572b799b732c",872861148
"1427aec89ee9564b95e93cd4",493511065
"142cf530f13cbccc3cc9d0a6",820352189
"1432cf7de2beb14fc7603ae7",1002184769
"14331a3db021936067b15890",545025994
"1437d1f1601d26a3dca7594f",685718689
"143ca16847cc47d4a4c01ac0",557602956
"143f07eb2a8f0a9e26fc4c56",1235039967
"144162ecfcba71bf09048dae",700891241
"1441a28c376a20c90d72cfac",477806980
"145a241c80430b1e4ddebcfe",792539103
"145f33a8350a080231306bd1",765740883
"14611fccccfa2a6499b2acef",470977970
"146a5a4f3d111dc7b955ce42",1069901582
"1470749d0d2551a93827e441",578389936
"1475cdbbac4aa486266e439f",724477467
"147de03212e554abbf3fc3b7",544368901
"147e7f5381d3c951fc446376",511703052
"147f80fbae69dd577ff19950",782556146
"148aedc984c7f6831c7f9601",471182828
"148b157ece514d99be0a7f93",391821243
"1494f223c9d3ffba26e42738",1072296732
"1496d159d31717ce254f67a7",434238256
"1498ce1c1bbe2e89b84a4a45",862428583
"149e49c22fa0eb163a36c932",633018874
"14a14706d405569501327924",434011886
"14a55e5887af840860b41ddf",398621759
"14a5bf235097782f468fbf23",515774663
"14a8134a56af1b328321cad4",585601395
"14acd96163e6b3e17177f35b",648411173
"14b81320fc31c7a513242171",421870187
"14bc234ffb3ff7f974afc8e7",429798156
"14caab87a129f51b2b70508e",603039718
"14cd5f188cf6d2433240b5cd",515099167
"14cee0bdd9dd5537b96d0786",710789288
"14e179618d1a44c5c55e23e6",466885898
"14ea4a7c57d830eba13638b1",813552808
"14ead7469d05e5eacce6a575",652380300
"14f1bf9aa68aee1ac094097c",969528030
"14f9ab54432e5f54a50be4a5",389859353
"14feeb619f409386e6eaeda5",462066661
"15005fe7eb24aa25b9e3cee7",667976637
"1508ebe40f90f90a68f6dd69",472675354
"151a16e94d538a7a6d658ee0",671644795
"1533da89d388196f19e2c5a3",855609070
"153436858070f7e724f0cbc1",981081054
"153c89081fd85dcc66a02421",815170455
"15515ecdd35e9f175842a738",932399226
"15537000b6806ee84d4615bf",1063096933
"1554f8aa4c8fbe17e9e82d0e",898936679
"1555743ec7e2f38904852860",561907348
"155a8e4186d1626fdda4d0ee",895041619
"155da5ad9ad19d57a7632cd0",681749234
"1562a23a312478d7a05a33dd",640017919
"156a20e2bf9e48b9a360f9c4",494478741
"156dc81d6e14a71716aebcab",591075109
"156ecfd8ca6004281b191db7",1251213353
"156f706d1d30de19f7e369ea",506261877
"157195fb2358bf2d5051c439",755036135
"1574958978c9b5d23d9521b5",592895491
"15a3e60c7a5d55243057d7df",466816391
"15b57b0ad8794d64a2784ce6",654320246
"15c4aef8401208054697b81e",1017098848
"15d10635d71919d0c9663fde",610947620
"15d3ae51558bfeef80b9e97b",771863823
"15d910dd93e0aec22ccc2083",1072074138
"15d9a0353ad54798ef95e0d3",1217740670
"15ec532ec6fb73074b9b12c9",561011057
"15ee6357e02b76367682d6bd",1067286022
"15f02dd18da12f4d7b0ac2ab",508614489
"15fb97d6a43731d61e95d004",1088923478
"15fbd295328ad698d3c76aec",1009922937
"16194707d4e85fe332411bd4",813552808
"16261339c3a99635717fcda8",1052832595
"16263617308958055850aef9",988045849
"163228979751798ded8c3fcb",513443854
"163405cd6248bc3e832dc93a",821257502
"163bec92a997aa8263f5a909",755805298
"164cf5fb9a759f2e4be67b6e",675366434
"164fb89266e40a2530400599",428324593
"1655a92b20740a11a5889519",486957618
"165fab7a9f8dd404cf4e9d9a",440648753
"16601a92574531c1fd57a359",671461366
"166ae8e3d0704209d6715240",626183162
"166c21ff83e97c6e74169d92",911886863
"166e1e60acca831bfad07736",804841102
"16716773b2a43df0332622bb",470664387
"1672a21e6b2d8d0525df1759",465522294
"1679719f26e7c650f24eee6d",764871560
"1689c3e3982382e27a4ae074",798313902
"168f81689afa1f055d8bf7c8",823412856
"169013bdcc2ef214e0163ccb",525934600
"1690af2e30b05da545f1576f",1352527014
"1695225258263bd2f463b21e",808854990
"169c742419c0d4335d09fb45",1094076995
"169cdb07bd175b4325fd28fb",463512450
"16a05fee8dfbe78d26664c3a",724420763
"16a40e3dbfbb9c703e04028e",680044547
"16b3311b337c0cb9312ddba1",520957795
"16b79a8af9d6376c73c2478e",1008002297
"16cc5c280124618cd5d00027",456133461
"16cf0d7977ed97d6ae8d2cc5",1016851399
"16d6b756f5ebcacf221918b8",662483175
"16da41b1128c039ff8f83919",591108148
"16db516a238934a730ced1e8",573507349
"16deb26bf740fa61e258f545",1141739685
"16e62269e6aa2ea052d05f71",707979844
"16ede6f8833a93677d05a131",503855343
"16ef7eaf29eab571e229e537",1036014872
"16f60cac352cc0d668d226d0",426513280
"16fb51fd3d35db53eebbe5b8",942225563
"16fe92ffdb7e1aeefcde80f4",839639924
"17005d6ec889a947397ab980",403791996
"1704b2d5f4a33401fb153608",414911879
"17056748001fd65cb961b384",988809426
"17060f24d81fe2661c7628c9",856934299
"17069e9f4ba45c93738b109a",553313727
"1709b1446b20b21482dd2d36",874892622
"170a69c11cf4f855ed015bed",839027578
"1710873f951e7f695fca3568",527618946
"171149ef76fe0a2074c5bf69",668703639
"171b560236ce760573a990fb",978840046
"17230f18b30b94606fea047d",388082636
"1747dd033c2c2769974a06af",607654968
"17484950b143d0395907ae6d",597875431
"174bcb77be3b7e408e61d7e1",610745333
"174fa597347f2b1d3e9016e3",598467556
"175590951b6f8c6b8b4af9ff",471660472
"1769a8ec5ec94aedc397b4ae",461547155
"176c9a90fcbceb91569fa3e2",895892561
"176e00102fb65cba56279287",589838845
"17707d66753c1eb0aca28926",458614244
"1770bd5b0a07a6aa785e0caa",665864928
"17821a9cb766b0f3ecf24e83",511042762
"17914fbe0c3634dae8ce9d71",645993343
"179bf83034539c8a391e0310",628211972
"179d467dacdf674a66c7310c",974306950
"17a2323b855e93533a9f09f2",657359960
"17afbce5c0b56732abbea936",902181439
"17b360d57782208f5afdfe4b",896093334
"17b5e8357e17b516d947ebe3",621590638
"17c0a8fd3a2c8b5b18d61e4b",563751894
"17c8b228fa2591e3a234d55c",439526245
"17d0418e4a439e9de8006f5f",751239152
"17d0e3208fdf10c77e95bdf4",521186542
"17d0f69ae2c4f1aaa1aca9c7",556975561
"17d311554f40ae8b40234c31",797836754
"17d34f9cb105ca5010191142",1015567544
"17d51fdfe8fd16185bf5feb4",601783551
"17d7986a62e0b066e4e5530e",493987831
"17d7e6d321bb7394546e6b7b",489244988
"17e5796a30da5eaf310d02b4",533241391
"17fbebdfe6bc0618ecdd247c",1064479843
"17fed4a312a9b773f64861d3",399266068
"180172e4eee8ba756207b3a8",545533889
"1807debb0a0b590b9ba4ebcc",748238040
"181caecd269e115cb5cfd75e",472741945
"182077fd9c5142d503309490",577733392
"183a8459fa248605b8b5bc1c",670366048
"183d99d88d1e7d995180918c",465714040
"183f2cf1a1c7eb9700b6e72a",1252600233
"18420ed4661539a2d72ff400",791434606
"18531c57f6dca78763d360bf",521875910
"18539b6cb6884f753e0ac18f",892996546
"185b333862e7420f25622efa",769291404
"185dd9366a6dd1e820880917",705808169
"1862e0c4d8e89fd2302ab376",1348275404
"186d4731b3af01bbe4d08b23",754297178
"187a143dbd6d4bd81d6d9c32",531329148
"1894346a27970572aa703cd2",859831618
"18a74c9a49ad381aee5e02de",606646028
"18ac3368b1f6d8f7171b07b3",844395532
"18bd0dd7580f2a7cb19a90b9",431322312
"18c38418824075acaad8f960",528666878
"18c8dc4549d38c918af2972e",915647569
"18cb1adb2078fef29a613a96",780323448
"18d5cc463455fdb4d443a6f2",449787623
"18e89f083fdbce3da0a82a4a",1105449176
"18f6240cad6e92f9151099c5",832662004
"18fd9bee381e7a8c29a44c4b",749800135
"1900e7808046a5fe89d8e440",794653221
"1902f509aa05287ba42f546c",752614551
"1905b860a8d463c3048b4e46",568465333
"19105db21495d546e6792a25",897632846
"191094739043620c72aad2a0",914580354
"191cb509fd44e580ee32486f",678713689
"191f96722301456877893b22",593742232
"192b505186d0bcadb46b7032",767388060
"192e05cd731950f91fef1d83",1240484610
"193d70ead1ff1043845e7671",647023523
"193ff8d291a9f163a4f3301b",652506614
"19466034c2ce19c24a179fe6",574285929
"19487167081a9b0dd09d7975",823726400
"1951c1c8855fed5db8031e5c",630642766
"196969a98960a68088266261",518997616
"1969ba34b72e61337246cb5b",442312221
"196ac46f656726bcb8087ba9",927105442
"1978d8fc2031af21e98a4e9e",813552808
"1985a2a5c3b2b0c7eca22afe",819012880
"1988513503246248b80c7f17",1338388350
"198cd3f4e9be65b83f01ceea",790041803
"1990717d8c7aa8e732bb1165",744962986
"19921a97a52bed6c6b8f4135",840879866
"19957244dabc3f727733527d",508218074
"19993833220392781bc15279",1305481459
"19994da77ce4f2db3efe6660",595012723
"199a6f7df516a685f086dfa2",415574348
"199fe72cad28e4554e359ff1",889724347
"19ace6cdfbd8bed6e99c86d9",430903445
"19ad2fa7e170c67870ee58f7",960021654
"19baa03dc4143a83920a7d2a",964126968
"19c07fc2b01a0edec4784e64",642259839
"19c77db46d23e0c07a06a8b2",584598581
"19cb65620d2330624252d01c",410267578
"19e03fc1a7ca4b0761eb9ef3",823754298
"19e11b2d60326895b5e6ba01",662997222
"19e19ad0cd6b5e84d8aa970e",449431388
"19ecf1fc86396ada203c2a19",567861174
"19f538269846412f3e150a4a",1008310688
"1a0134583a5854d5aa9cdb9f",963330915
"1a06bfdfaa9d9ac754ad07bb",510413682
"1a1016e7a96da2237b391be5",539865172
"1a111211207627bb4c840442",661019669
"1a26960e24de046588ca7837",696185917
"1a2aa38b8e18fd7ed5be77ff",802145218
"1a2c0e46bc18bf3224450064",488516416
"1a309175498997e1b8f0aae7",1218232086
"1a34acf8e509659534a56b63",648129862
"1a36f98c62f5126c8064314c",972884486
"1a46c13974f3634ca6dcb51e",718399705
"1a486877c62f2aced41a2ca0",862937993
"1a593800d5785ecc36c25ead",719926528
"1a5f6f7e8b7af9d48644f1e0",660484133
"1a61721fb7306d55dd77b6ba",819035125
"1a6714ac2350ad371d8280ae",663626091
"1a6af7fd6a5b0602052c4c27",550094885
"1a6b9a6d92ec5e905ac97cce",698548525
"1a6ecf722b2eed8cdc19ba20",691078164
"1a71d0d3503f9eff28acef6f",878302083
"1a75e436fc23e7f48e639b9c",496111920
"1a77ac51e03c77ad280be447",602680882
"1a7e331d9ff88ae5efafa8ea",850560564
"1a805101f78cbb783e6f919d",560555465
"1a93cae134c79a43b13ce656",1051858955
"1a95522f43288e32addff2ba",383334895
"1aac53220223d0d823e70d0f",428419699
"1ac2b23683ba89e9175d1b99",742475517
"1ac6c220eb690db798a3d4d5",789984724
"1ac702e7c265717b34419fe7",679660086
"1acb5576ccae1f0534f614df",661240909
"1acc5749203f964fa8b2092a",449738610
"1ad916edbe6fd38f40289a04",464232014
"1ad9e105d9da875001111075",836645721
"1ae17f134221d5d9ee69ebd9",460488141
"1ae2058fbe26f384be45df4d",582482957
"1ae6fd60628e7d186a5e0174",507976632
"1aee9081ac4a04490eb3f0e9",896989919
"1af16b7f14dc04f05edf71ea",584264428
"1af243eb63d893b1251f44dd",565203728
"1b002164d34a71bd06e0445b",774307334
"1b09874d5a3e4c9e0d544198",880975388
"1b09c89b546d0058cb09c1a9",955122512
"1b1c220eb91c9448b520b76a",618990070
"1b288024824312c8b1681bd9",488853061
"1b2fa2ee5927660313569617",748370297
"1b300634b71b898299c54671",640788393
"1b425a31cbb73b713f291e19",839488064
"1b4b3662ca18e731acc18928",1187245657
"1b4db5fcd1f92d3aadd5c28f",609300968
"1b4e4016cb766bfadea42f73",436664343
"1b59d33f9000d2e1aad46239",422264630
"1b5d3ddc71634099fa1f04a8",681143552
"1b5db6af0a1c0f7787064020",967422146
"1b5de74aea685b506a952f4e",391491188
"1b67fbd144a4a3ef40bd9824",517002900
"1b69d2c7fa8f802c4af1369b",742608668
"1b70fbd3e46da8c47c3eed61",434458106
"1b7151cf29b565b2f1caa559",471032081
"1b750e6e2e92e8222482cb46",936498359
"1b7c062b606d0560e850a2e6",414866095
"1b85d69a0f8ce1d6ac4d4475",459982829
"1b87ffa033dcbf4e2805dbb8",500604395
"1b88c06bb3c1bc2bb39d1b86",696982186
"1b989360ec91f5da55806bc4",1271933873
"1ba2c2eedb352ef9bb59c638",544875002
"1ba481abe0d3890c42884d97",598962530
"1baabd705f72393167dba5c8",562984836
"1bb885a07f57936b919629b9",503401070
"1bbbe4e1eb264f5c69467e50",478048895
"1bc2ae31ed1970ba52b1ff60",1249444787
"1bc2c099466f9a989266be0d",396343114
"1bc8874a13914055c2759a35",434510470
"1bd64811bd59706844230198",900120068
"1bd6861d451d128c8bdb72e4",865796714
"1bd78ecec17b584e827dd0f9",454178339
"1bd7b990be19afa5acc78bc0",481204096
"1bdc0d441e63089737ac4c27",521825431
"1be01d052c6a65c5ed286bf4",1257015341
"1be9d865ac8d01f0378bc148",1073689660
"1bee6a5aed5417181a3db77f",467713500
"1bf1913f806bd4b461233551",391759012
"1bf77cd1c4037f4d2ed28036",742233950
"1c0236d4bc291372483a9151",562175557
"1c177af5bb41e26ac0135b4a",804227767
"1c1ff56435675288e78c4735",465445455
"1c224347a1445ae01184e0a2",1077168960
"1c2739878e452a340a4e8972",1088421277
"1c2e69465c75fb3af2d57351",1003994327
"1c2ec62e8ebba12c6146a04c",1096601322
"1c3236613cf95c84c5791bdb",595930776
"1c35d9468cdc55670d48db84",1051858955
"1c4fab7d9cf798617fa90a19",614413806
"1c50477e5b3a67f3d8fec62c",474272984
"1c510a71734e955f75187106",986093004
"1c51566c7dedd4a46503131d",974421902
"1c5c4f4c731545aa3388c554",578514045
"1c6038b67a40f0749a72e6cd",622577281
"1c65d5172e53b4c7f1c4d6a9",719801420
"1c67456195075a051513b28c",560071948
"1c7452cfc46652a60b7a4f05",795171512
"1c7586fd8a1a38bbda9c92cb",470977970
"1c835128915211131bc561ab",570759084
"1c88ddc21f3e8e4ca633621d",379216836
"1c9325df5599379a73e18053",795184100
"1c9e38cd216595b33e283134",983083894
"1c9f65b631d2f2856bc97079",878647886
"1caac10c1121a795a172889b",1024466633
"1cb79aba890b35f9d2a400f6",1301502101
"1cbeccacfa11843a256b2e2e",666516715
"1cbf39c44f6b0fdbf9554845",722968072
"1cccddc33bd892b44d7e4b7a",682287200
"1cd6531d8539468cd5f4b315",667408698
"1ce08c19161bd0545eef8a16",826284440
"1cf29f882ee8b458b8f27091",955346525
"1cfc7d60ce613536d23b093d",852605848
"1cfe7df5431f3dc6a9289551",1219687979
"1cfe9cba4c2015e7b58f05a0",634018537
"1d029020622a600aad4c2991",692604939
"1d03efada56f8a70bdae6aea",719570899
"1d04d5450762d664fcfab674",1104708598
"1d0853f825cc0aec6f5544cb",844092856
"1d0919344e52b315441aeafb",784777048
"1d0a6bf40e609fc74a319310",583770532
"1d0c3ba50087cf01637de6c0",497113724
"1d0c635770f2e51aed4c8664",1291598885
"1d17f0ff708e6f0b93a990ec",773478045
"1d19edc1e0d907e5ab0899e5",650878967
"1d1e29d9601aa0eddb4d6c2c",811226954
"1d2467e5f991b935d676e906",426837412
"1d2b83d973547da8c168f743",642013932
"1d35c364daa0f021ef263c60",376785883
"1d43fd3f7fb4e24a0b7c9ec3",884951829
"1d45332e2f04df18cdac590c",550491018
"1d4891dc27e0050efcc6c403",663976652
"1d493f3954b15e84c41afc82",408204668
"1d4bafec52ec7575161bcbe0",525941928
"1d4bbb5b756033b4be28643a",876971680
"1d4c50978603ef41377af057",478964561
"1d55f4694f3e000ee3ce47b3",1025259123
"1d58ad85a82f7731e0f198dc",1135683181
"1d7912750a5e345f7edcdcbf",461962250
"1d7a2572b466070f08c6e564",693063422
"1d8d51cfdf78f1361710708c",816413772
"1d917f9f5a3cd44cc4dc8d2e",601128251
"1d91edf33a141fa2181abc4b",811047853
"1d968cecf268a7f14def1af7",810330703
"1d9addd835c9fe8665e01500",458059681
"1db1d1b76e09197dd915a8f1",1297832219
"1db68ed64501f35c51d74c5c",1180975718
"1dbb46a250f504e9c8673bed",747526476
"1dbec7879e793ba9685741b4",739063995
"1dc0fe5bcea9d08874871326",461690038
"1dc1a51628b8eb1bba214498",503644659
"1dc3b6ea53413ece15bea33b",877380308
"1dc9e5c684c831b204d21585",882793613
"1dcf71e8fbfef2c6534576df",654320246
"1dcff645d389e7b687a498f2",763652399
"1dd3d7e197075859c1ff5b23",911574188
"1dd6b0ade195edae38a4a20a",654773674
"1dd6f560c804c4548561cae6",1173108563
"1ddeeae13139b7c9ada353a3",470173004
"1e057cf20757627d1b006141",441645665
"1e158f436f2a4caedd1563a2",616296308
"1e18024ab7d931bc7ab5873f",784737156
"1e21ee2ab4ef88194cc85166",505760884
"1e2270f9f49aaf3be01dab49",1164254442
"1e32a8825a7ea79c28e27a8d",591512912
"1e3798d739f85ee0e5a314ca",461380450
"1e37ea0918a00bcfaded3453",646299073
"1e37fb708b70b6b5e8fb5cd2",623640114
"1e48878318d35476c3e87520",667214004
"1e4fd826fc8693b17f6efc3b",1091537744
"1e5919cbe4373aa261d672d7",436664343
"1e6176a558f301d81bb050f8",821481856
"1e63fac2629793fdcb793f1e",695540955
"1e64759f297a66524eb07b7e",817544275
"1e7173670334937dc61243a1",999243190
"1e73d6064abab2cccdb6610c",422025509
"1e7a931100be734988955242",1020426187
"1e7e26077db3bca2821a9b45",640017919
"1e83b53963792d7445e19d27",815915589
"1e866483995b30ec7f79d9e8",836815696
"1e884932e57cfcab75ebbacd",1139415558
"1e90d068f3c86c6f691649ff",706357871
"1e91de6194769980800b4de8",792162513
"1e9850a50070dd51861a5e63",611566424
"1e9c53e09220d689a0210ab9",395457542
"1e9cb258a0b7e08244d7fcb1",584406282
"1ea5db844a6d3a926480351b",787045596
"1ea66dd4a72d93f5967be730",662240435
"1eacbf36422a54f1327fa291",438723739
"1ee04111d277e8758f740139",804320849
"1ee436f045a0662037f9d2cf",604248952
"1ee45a731b6f0242b6d2936d",641710070
"1eee0ff52c53f04307cc3216",660441875
"1ef15e2b882a0da85858269e",487677756
"1f00fb18ad48b32c666fd319",634973193
"1f0d83013ea5e4c3f4beb583",672912327
"1f11cd977996d909ffacadef",1261568482
"1f18df9ee1b19359816ed13c",577733392
"1f1f3e47f3593e4b2824e628",505331567
"1f2c22839c470363ff41551f",874892622
"1f33395df1e4f6a185c507cb",576369816
"1f34129d15f992a3b62d4b21",435820579
"1f3544c9f47bc00fcdf59d74",414670594
"1f39ea319382fb0e41ead713",1250924852
"1f3b3bd08063993c23586c93",462883644
"1f3d3fbcb686ada1a96e01e4",493511065
"1f40dff9a973064aa4737eea",1095766855
"1f4109e1a4b47a9b11c2c019",763232509
"1f4a78e094987ce29f054fb8",461552466
"1f4b6eaf52fb940e666c1c93",839121330
"1f4cd62152d4940990ac6a9d",429524398
"1f53612f7029a21e2e9f74e1",798554881
"1f592cc4ed728909040f953d",582015175
"1f6050fd5261a2d21d5a178e",402761197
"1f674965c913f9fe282d07cd",483710765
"1f79204a8f62c29b0a1b29d5",443005911
"1f7daef9ba898c4d8ac1c81b",510252324
"1f8068ab65469ba56a1f0c4a",474443226
"1f81176d8a0c61a7177c6c2b",1241989648
"1f8742e662666147955c9872",753520446
"1f8ad363a0539a6f2455c3fc",425118358
"1f8ecf6c089ce6168b3be52f",876943744
"1f8f74ce8831d5532f330925",842732516
"1f95c205d5094c674f6e45a5",1092240163
"1f9c0f9c3c6460a323171d72",1210282082
"1fae43a9450fae02919962b9",594109917
"1fb4c88bbf995f77f2f29b7e",675991018
"1fbc660f780245bd72015f07",826024323
"1fc0faf46f3b533f2cae2c06",1301391501
"1fc94e9dec93d52e0062e07e",801412988
"1fce0e993a57a3e3873b8d7c",1261568482
"1fd7e9b1e717578f751c21c7",863037142
"1fe392004a09aeeaa6e8bce7",585045490
"1fe514ada76363511cc79105",815686475
"1fe929afafa91bee53df4e86",484319145
"1ffafa78622c45ea4127ce82",849754922
"1ffdc10c53bb83d3be84c327",700690456
"200020552855ed39d1af999a",505917087
"200897b1f8bcd7c116a85306",412465321
"200ea08f57fa23013d0e661a",1035451942
"201053b106a0b89a0a47e2cc",607655466
"2018131ad3f6e5aa8f4be704",1038136447
"2019bd32dbd09fa285a388f7",679433499
"20289e986c1959f0c83a6a4b",684715174
"20488db7a62f765ac8da0a2c",661796868
"204ddf6ba4822d55ba80f713",411706269
"2054c223fcd48a48f67d02fd",448154082
"2054c61f0162a18c6fa2291e",403969822
"205e9d987013859f391b27b5",1137895957
"205ffcec56fd884ab24c5600",816346679
"20718780218eac9668776956",738154894
"2072a783a44474cd0dd10d7d",670176699
"207e39d9cc4402edd48864d5",565233891
"207f669778ed0db0e619ed40",469800318
"2086639384041f3a9b519140",1013991797
"209bf65e11bd7053d9658824",623673835
"20a2a0dfc963fb8a355e704b",517722392
"20a783884d6bcf1aa5697772",589371687
"20bce83e2b75fc535a148dc8",828024839
"20c3cb2d4fa486b23eb81bc2",729454734
"20c3cc21b44eb37d0b359c1a",1182453990
"20d8980a4fa8e094b7a5f00c",435742704
"20db610da64f80afc1621b12",394454562
"20fe2d7fb3910ef786cff965",560207497
"2100201e0851e80488371b67",450396339
"2105c17a4e2f97183e24aa4b",611887414
"210d58091ea74bb902915250",632863701
"210ff5d4404ee8578a5ecf9f",701254429
"2112e589911b979db6e05a6c",1139358824
"21264b5a73fd27b85a4e2654",521395248
"213032fd36fa1a6342570158",584598581
"213ddc1761cd6b018349786a",731532242
"2149d04442f73cfc78f93bab",876994604
"214df9371aa59f68e5740212",571796437
"2152ed6b2b2eaf16ec272cb6",478472937
"215e8852679b9cb6c4029ce3",498636286
"2162e09e137eb5f4a1f32b16",701080971
"21642991a20d6b0d17dea2bb",646669044
"216a598114a403676011cb51",880629553
"217e1715fdd5db76ce93cfe2",661111974
"218445f989b2da5eff4029f4",746066554
"2189d3297ea703e50ec34d96",725792189
"219164e1d9b14cabb9bbb8ab",813553466
"21932b5a5fa65d237ddb6293",557602956
"219555efc5b4291791143252",408372612
"21a7c5d6ea818dfb25077e13",792999897
"21aa860fd839233ed8b82653",466379893
"21adc839dec9e8efb128abf1",557542298
"21b4c1ad11bb1feac4d02308",1129535173
"21c8b93e50ac884e63514f10",1205813016
"21d0f28d5f30a64352e60ac4",469570698
"21d141a84af5f0e2ade9b0b8",739528195
"21d42e80f6f818eed990bfc7",1124781743
"21dd47ac3c4e1d6bd0ed2485",634647617
"21e0bc9789139640ea33ed09",972223952
"21e96ca8dbe2f12b55723335",705632246
"21eef7da02b0f2a2fd987135",771202179
"21f00ad1214253dd5bb97817",1161799479
"21f5bac85d5eec57acf501ef",892193403
"21fcb5c7e497f0580b820379",926114924
"2202c5c9a16b771d1e242c18",768812626
"2207c1ed62f59d6eacb3c18d",550992760
"220d466e3737f1f2a8ed06ae",403969822
"22127243f7ba3a68c3fc33bf",612770061
"2212e0125cb7f75390020951",783608211
"2214e2c62cf8d2d14f11d47c",809958560
"2218c6bddc994984cdc6e567",442465557
"2221052e00c236f31e6d5a06",462456435
"222a35842b0bc09f48e1d0cf",485187823
"2233f50cf7b04791cf1ddeaa",668042236
"223813dc0188fc229b63e8f3",913277811
"22385ae2b3e7640e8c40411b",647373089
"223b3c04803ae7b855f9fd10",735980034
"22428154baf95870f1d83fdc",883698541
"224f6e839dcbd91491f3f1ac",425265231
"2258ec00dec6a2b85f439135",705165034
"226277c02e8532922a1c769d",914060387
"22796587bee45b8f64ee6e44",858841017
"2280b5f7c47c3b36924b84a9",671910021
"228280554ba149e60f81d639",683769481
"228d165257ef052ad50433c7",570302590
"228d98c82021e2325263c7d2",525678344
"22903633f8c4d91158f65c58",502634150
"22958cc4622a0050d1aead77",519196446
"229607e2faf76efeeadcdfce",470360902
"229a7640d41a8b8d6d2f8f83",1160687262
"229bcf400e309619268dda31",521954050
"22a025ad47ba22ea9fd1a094",629676450
"22a0f3315f7600e5120db131",456323784
"22a43024821ad081e654c5be",882650433
"22a6058ffe790c98a8922258",872088403
"22abc78ce812c519511f8a4c",881103181
"22ae194316f34d482bdf404b",505300404
"22af7bb676cb4c9ffe014506",423786035
"22b066e6dbd0f2562a0554f1",1240961777
"22b34331d7ca2ea642d29946",707054786
"22c780d56cb97fc34f29e9cb",421835421
"22c9b57a67cbef0920d09174",421661348
"22caf82aae904c79057fcb3b",502086077
"22cfdfbff44541dba9091753",807243537
"22d167639ccaace593dffa31",484319145
"22d6cb11333f2839b8112b89",1289301709
"22e00f8057294350ddf4d42a",697698887
"22e524f1fab17d5b8616d741",901977502
"22e8713e2051c88cdafe2364",507571753
"22e9f1b4b5e887cb5f0dbfd1",490598787
"22ea31eadbd3a54216443137",390834220
"22eb737351bd0958d3e60efe",832564088
"22fcf0650753e2b5a2fa3786",530878201
"230864c9c9c5959f9f0d36ee",701488445
"230cb38e035b85a4353220e9",827079609
"230cdc90e6c825d391d5025d",547276549
"23101b0002252f3d4b3e1d5e",1045970847
"23141c17df584746755dc508",465790119
"2314e3ffc7242a429e00207c",782602768
"231688922448e4d64622120e",598624729
"23178c72b063ecbaaa04b37a",552990484
"23187388f9d6e2bffb88b9ed",881104001
"231c050bebe12f568ef92afc",392928184
"23208132621583ce4a46de77",1108360721
"23229e392dbd8fd9d80637da",825335733
"23264fdd1059460e079e5810",577606805
"2326bb628b4a571921eb7345",781501992
"232e859fc353dbff75c97cf8",952221048
"23374ef76774d4f95f022473",947187083
"2346533f4712f3bbd036d85b",1090892579
"23473bcde48f634641769e22",421908358
"2347f69ec1ce4a3fb6989eb7",513666592
"234c94e9a248ae57bb5a0771",618202520
"235a2209cde8f8b0276c845a",702819553
"235b10cad7233d579a966948",508118193
"235c56f4afd6d87f1b3e199b",479798460
"2364014bfd851a68a824d1da",1126812230
"2372f7c0499de8aa2e5ffa06",793982571
"2373c595d24a7b862b518ec5",947943001
"23799891583435710f66303a",633733030
"237bce11f35d32ff029498a3",698030984
"237da4784755f090c89f07be",552701635
"2383b8bc2cd3d307caba34ba",714755534
"238cf9f99c4b01777a97f82d",455484352
"2390c275fccc98eb4fa33af0",601465916
"23959a0f6e27c8c2b4a7f436",859879068
"239a2dd25f604c730136c720",1025388672
"23aa0804aabdc61650b8562a",970528875
"23b0d67dc2a0ae6e5ebc9eee",484726307
"23b2b5b9f5bf3e1208f5f80d",1242669663
"23b5f2af5d39edd25db6a522",695111064
"23c7f9a0534a4ae6a24e38a6",854580272
"23cc24e23a1d74159ff78464",815061053
"23cfc154896b93bce4356ae6",475967133
"23d95cbbc056b4456b94c97d",634274986
"23e7dd821ec2601ee2c6e353",1180606924
"23ef4d57d130e4130205f30d",935948660
"23f12add67accdc9ed40f59f",390612354
"23f859b889afe2639ad55a21",622411065
"23fe512fcb21a0b84781a318",407298712
"2406d47133763272a965ef51",410544794
"240ccc45a242f80f817b04d9",892841487
"240d2474c81482baaf79b6fd",939479326
"241d9f8599ce6cadac1d6609",809383072
"2422ffac7337b402339dc550",842049654
"24258361a4ba8f772a83ba7c",823607658
"24297f4a3e14c24c941e7720",1164662933
"243ab5db6e47f3536d04d312",713058577
"244210fb4bcc0a04f2cdff95",970313567
"245663c600727f7c214063c9",859644408
"246576e24f66d495fe0d509b",662850038
"24671f63cd061228ec0b5b9b",483511317
"24756921525595f1684929ba",717576642
"247715511199c5b680088b56",742608668
"2478e48a3c6bedd57c13c72c",735315527
"24849579dc9ba7fef1b24396",553211094
"24857a7a80d5f13a52eeb054",822324126
"248993a27da888a6e3ffefe4",445693074
"248ed6abe6e528dedde951a3",488833669
"2492a7a74edb57f784f6361c",533657785
"249667af8d0835c9830e2b37",503294071
"249cf6f96144f769030d1b4d",869106699
"24a4199c17f9c56f0b3ed12f",724855636
"24a4a43ae4c687bda1066227",1334019563
"24a89527a6744456750baf54",547106165
"24b28522c72f7fc359f2a718",857095355
"24c32572ca6161a603a7d0d0",388240451
"24d6d85cd0e2dc3deb2db896",874607757
"24e90a7d9a2bd0c30a4f661e",889974868
"24f22d76b86498d5c3563288",615872197
"24fadbd1dec637edb728baa3",661733981
"24fd0b7f75feda5db89a4127",501966043
"25093735f186b70beb018317",1184456263
"250d84aac8add089061d3204",1208612525
"25187d9f4cfe89a525ef2493",421870187
"251903f4b947b337e0134415",779848418
"251db9c4b7398902b38b4a4e",843697055
"25202264e18928158b89278b",762310895
"2524e62e917e8a1aec5c9c26",598680092
"253560c855216bd9eb102595",629480982
"253725ec3d7939088faf71b7",576369816
"2537dfc786054c61eb3a80b5",692668431
"2538cfce1c108ebfb1056c8d",825192976
"253b34c2c5ce15cbd8b5826d",721635426
"253c85b226a15d0ec2fbbff4",727552159
"253fe7aef58ea97fefef922a",612115237
"25414034e50ca33fcdcda4cf",682840192
"2547bcc87b618d3d7e22dc21",651191950
"25488b1c8fedde6250b413ba",441421800
"254892c6b84c59ff5ac4f354",480769919
"254de3f3fc52b8cb62141baa",773607975
"255914e9b13ad94efa6ed365",939479326
"255c5b92d71a00c3a73b9aa8",392031924
"256491790d0a2d5e1ebdc2e2",480926706
"2566d8588566312ffa4fde42",1052125122
"256a46a6d45d168169f63aab",489023050
"256a6ba3ff423a899229f154",504444082
"2571fe181b6ab939eac19d2d",1098739979
"2575d932e98c421bbb38b267",941911950
"257b533b6a66b40d0f097c55",649580790
"257c765ac81bcf773473039b",526217125
"257c889187ad5de900a430c9",607658128
"25813f7204a2e796170c4836",461471625
"258a968e403e747af5693a3a",1296098710
"258abe0fc321f6b24d37ad86",460185289
"258f10f742fcc835d53063cf",1106095568
"25986c851e13c92ede6c6d6b",1022431420
"25995099875f0ee622ebc31d",789047489
"259f4f7fd5d851be70d63633",401058276
"25b1ada57fd1e5c88d939c71",782297952
"25b893f6073bd66258a9cf03",765578638
"25c76b5a1da0c2d8158b3732",746698383
"25d233d2779009affadf5e91",489428498
"25d4a0ec9301ba5d53deb780",881125464
"25d62e6b1a1a52cd8080354f",788301311
"25d89911e830697217d460f5",574036182
"25e3793214088669aaaa4ca5",936081953
"25e832098d9e6e7c2f9afe2c",732328660
"25f925538316d3cdda8218c4",1063490110
"25fb1c0c4aace859265de172",607654968
"26206185deb023a344eb2e99",985223706
"2621e068043a5019aeed6c8c",619295243
"262688a95a32f10fa070a887",476707721
"262b1c8ce7db2b4aca2400a1",1012305996
"262b5b0bb408d7cf53073832",440304109
"262e3b4091dfa6b71af020ea",871258147
"26301269301b6f96862af599",779848418
"26313750bd29b2c59a81b58e",862492850
"2641f220611056a1f5616dae",1134583135
"26454cbe44a07cd0df12ca07",1154877704
"264e00a64cecb861d2c05b1d",942008769
"26526235b34fa5b7349df00a",401740993
"26617e1fb3b4f0e4a70e1b0e",1219534070
"2679ba671751ff16e76f1807",662339382
"267e000c89d3416e551462c2",1069018872
"267e46cb9eaec6c7009348b6",504212802
"2684f67bcc89c8a5b95e5592",658534148
"2688e4cd1fd441d1da455504",614997440
"268c1e17bc17dd646d1885cb",433716710
"268f887f25d416dcd3c0c9c2",809219014
"2690ba8b22a95cb837cb87b6",402997216
"2691d7125e9046e597437f2b",759624189
"26922ebaf11e35a7a320d30b",1246744590
"26be10d0ce8b763e9b457e76",600443237
"26c08d7331ae19e1934a22da",825613868
"26c66cf2f43bea00e6387326",920312779
"26c8961848e3a77d98049638",738435734
"26cc292628ce4aa87cd287d6",1017374600
"26cdd114566b7cc63cd96fb8",1086279358
"26db92c003c8e67d92d88aaf",1051762250
"26e58d0b13e7f7f5a54585d2",807698911
"26f3d5bc3adcd1396747a414",1137835890
"26ff1e1f4a6f6bda702fdabe",757407465
"2703313a3e5a6fef2157928c",740987552
"270a97e07eec2be02cd89a86",640358649
"270b930a9e22d5016ffa4019",920909441
"2714bcd5c0c503c3bee0e0b2",764191147
"27151512d4b592014137ac1f",718408123
"2721f5495ef5dde16fd29cf4",921412077
"272b5b5c28e46c6f5ad95c22",641282105
"273cb73a7bdec0d291e845f1",472901771
"27472c6c6a801eb749b9719d",779603231
"2749b5cfd2728ebdf124a0a3",508140908
"275360e29bf3309e09ec41d9",429578991
"2754b4e12a7604efe8e03f5b",932195903
"2755af908b841e9024718b3d",508895018
"275c8bfdd3fec33752493861",706434391
"275d73c7dc0fda7cbecfea89",1084184354
"275ec6bd936600c7eceac599",1379191319
"27663c0e271e26dfdbf4d289",921303252
"27721beb237824844adbc289",1008791391
"2772adb268cffadfb2917c2f",413567919
"2778de5e56ad7ece898249e9",1171356862
"277f6440854cb0c98728e685",734290653
"27881ecd655786b093349ab0",911574188
"278a2cd98528eb1341a6b685",505472739
"278fcdbf16e3064ba42c6785",977845852
"2790ead3eba9370f00024472",726629330
"27929c0a3e0fd2d6d2969e03",637690514
"27942219389ecffbce2e1d9e",1200933293
"2795cdb2f4d568a782dcfc3f",1224313628
"279b76adc4bc9f8dd86759b1",676623511
"279f6f594d3f8ca8e8a5e2d5",1287241174
"27a6f3e8f9649ccce7680f0a",688087610
"27a8a052b815998c771a1f55",901977502
"27aa789e29e52ef8d78b9bf5",674019334
"27b06d060ecf702fc88c7956",942716748
"27bcae7ffb9f79b8f59fe1c3",519191941
"27bebaf73dff207d7f6829e2",802982933
"27c3b7ba2991e7bc0c9fc322",685789778
"27ca0c2320c520342717355d",442410317
"27cf45528b4266162f7c9029",626772310
"27d14f352b2983177e836e3c",873481381
"27d413eab7b562b984c5a682",885537662
"27d4f17375f76219b446c092",408966797
"27dd503d4fbf4d5f5d850d4d",706643452
"27e0810a702796d97878c34c",575825843
"27eaac0ebf8a5ee99d143218",769099906
"27ee3504d1df34ee8ae5dbb2",1091150592
"27f41f09ccf8d182c79cd48a",1001032301
"27fe3fc3838695ce34c5d287",409956454
"2809252a96f47776d12021af",857368733
"281ea3a3fab48c028721ee1d",675842241
"283c1142d027be336a7bfacd",403893232
"28403f16831effcb75471738",411470615
"285b8cb5e9c887794ed2fd1b",727612064
"2860e4435c857cc8a661ec97",934632621
"2861f1a224b4c879b845779f",384427398
"2865962bdff8929888a51341",783171652
"2868ac4225657a13f6149e6e",839556982
"2869a2d2689af65497775b1a",1162243663
"286ab2411118455780314355",723558626
"286cdf6dfcd95ee9edf73a93",396339003
"2876aa9ef0b44e43084393fa",455227047
"2887a0d34994d284759db20e",642995194
"288c09c33907dadbae495c11",1327682263
"289db1292d4ee40a1ed6e518",991731090
"28ac1562ebb5050f1492f576",848845027
"28b838c94d10823ceed62e0e",502895460
"28be121ada9c9303be802474",574658612
"28c0649dd8b294574a876e95",877749086
"28db5acb7b224d44e3d7ce80",606335196
"28e572584fea1555e2a517ed",528340372
"28e748e7aa0a447731e06706",645872159
"28f905e91295a47d106a3214",1275629205
"28f980b3c741866e0db5b761",938413853
"28fc5f188c5e11717cdb4a98",434325345
"28fd0437736c1b17c7ea1f33",606785083
"2900dcf3f944a7fcb33aff36",553593096
"29028322a6d692edc5ca713f",923024123
"2906d21b1d96a1ec43bab50b",787944197
"290725d6b15062397597b954",568236041
"2910f3631d1db77e4b61f8b5",586568714
"291479f573955e063f2d8bda",1281813145
"291a2f9022933c9d81311e81",880587522
"291a4ea1a695347e1901bd4b",986359932
"291fc50c4ffe7935b01e5d9c",473272081
"291ff191bb029742387a72a3",746194042
"292224fa68b0303a90063801",617750969
"293320b55fad21ea3f4a5899",390829918
"2935cc0e053bf558a8b73054",711852877
"293c8a0a4a358fe7554a4ae1",741247453
"29425249fed4a74ada083dc5",440887662
"294985765f4d12e51a68a451",938642602
"294b04da3eaabadd55da9c20",927167493
"29503210dfd57bfef8f16802",652426871
"29535d858fa3a11792697820",889724347
"29616bf14b5f1cd42786a91d",663770359
"29671ce02e285f69afeb3fc2",978071225
"296f0158b5cc1541cfc8419e",742233950
"2979f2d91d649a8c14f5453c",646403127
"29881785ae39aec014c4982c",824732284
"299117d35bcdd48afa4c2eb0",700851782
"299a94a02e887c6ab1de59c7",479583216
"29a115ba5b198689fce5f93b",381361514
"29a230f7dde5753e65b661dd",850463149
"29bd4cbe11f44759e07487fd",653523833
"29cc054742b256e6fbc6da1c",700533552
"29d0dd2d4b120dd54c34b13c",790233320
"29daf0d5008fa9e3f0f30132",402554261
"29e7796eabea247af4e8a0f7",615162969
"29ea1796aede16cab8a50497",518148689
"29eb473852b36dcfbda0c702",903797138
"29fd909e7cef62de53430e1a",457261741
"29fdab43da21ed0d22c9c71d",411121060
"2a01945c2ce528c02b391c61",682679394
"2a0e902f3c07cc9696000177",513835139
"2a1edfd6cf74573521ed74a1",529242361
"2a2f455525c8e0bd709db91a",629717757
"2a330fdcebb247d6a6fdea23",1016888626
"2a33fa5b25963f3dc928f668",488086284
"2a487cfffeb12837a5586a41",539710280
"2a531aa9576c5f91891cc8a9",713463877
"2a5aedaaad2d908122f28f22",964415026
"2a5ecebe40fc09b45d6ee5fc",476995877
"2a5f727304ad67d1cd269361",884013127
"2a623b33f3cc1f54620b5233",476645749
"2a66eb4d2a205bc4474c0afa",768040158
"2a68f627f4dc8060484cdb18",1148946546
"2a787b39e84958ca6b7001d0",568051498
"2a7fc28219bee48a2368e730",642685141
"2a805135d8030b614d9df9aa",751827119
"2a872557ba401f4c95e0ad2e",1003339441
"2a89ac6511416d0920f1b9a2",1177437210
"2a9338f62c99dbad25aec5d3",793709969
"2a99204f0a53c4a4d0a2393f",710024657
"2a9974fe07b1e4427e386e06",826284440
"2a9bbd878f3f45745d76f059",678167916
"2a9bbffb1b98c49d79bae509",881549169
"2a9e75d221912230f98485cd",799401518
"2a9e77fd00aaaf773d130914",452195615
"2aac28d03c2110d871b5f274",498178560
"2ab0eeac4a228d5769fb4365",483273926
"2ab24b9c5349427998338d21",639186337
"2ab263b5d1ba72fa562d64e6",794653221
"2ab88dcecdb565b6412f5bfa",500771886
"2abbf26e80643dfc1b75edcb",939855750
"2abd46909a251b8ebbd37133",715257960
"2ac1105447a71f68a50105d1",1225435741
"2ac425aa592565b44b25cdc3",616166207
"2acc857ede19953734600dcd",470387749
"2ace3da2fc4e0c022f7a8755",856491778
"2ad02d6d56b95ff3382b53b6",1029507390
"2ad54bda875fcf8c6b675bf5",509298718
"2ae3ae7f794d558ec119287d",930562889
"2aeb794adc9892354aff7240",439232926
"2aecb598de8c74d9d5108d8c",800748546
"2af941adae2e8dfd66542055",469357962
"2af9e271765438a47fa7e7a9",390899227
"2afa1699af46ad8124f76e4e",805039927
"2afa66b726ed0b1492b9e01b",752404823
"2afd31619c21dc537e4797ca",888241841
"2afd9dd680803e3c12d5242b",923011828
"2b028932adc74c961170a4ce",493525522
"2b05f001ed1a84425a45d0ac",444735143
"2b10af4fcbef695b327b7d0b",992859569
"2b2fa2ed0055a19859e78446",1087723007
"2b352d996677e67156391e25",502030785
"2b36d2ed79caaccd687f2ab0",441766235
"2b36d797d32013a126e15709",662997222
"2b451da55be3683c33e4de31",1297649586
"2b4913f28d07628bf2d3ed92",1038136447
"2b50969f1faab80655bb9104",500604395
"2b53b13cd912f353cf9c4757",842696454
"2b552d7b1a1488dfd618b120",423547164
"2b55989b2253416428ece917",796722532
"2b6d63d6b072901effbc8e1e",799033269
"2b7a5be93795a65d29970b02",1001529495
"2b802261b8bd839aa0b04b16",809212355
"2b8b979cf1952fcedc63ca9e",392943786
"2b8e9560dd58d880dbe77c61",1046662022
"2b9681901b216f2174af0089",821647695
"2b9fd26383758104d567d474",584959352
"2ba0807f8cbdac389424ae04",606785083
"2ba1672e49c023258d262d1d",587599918
"2ba24fd47c2ef8520bccf6eb",447610166
"2baa6afba131b74487c94d74",543872089
"2babb357d1d828c49bb89be0",682682756
"2bb55b0a92d62454867bb158",810677997
"2bbbd9878a1e7c55bdacb330",604772973
"2bbbe93b615c46483056bfe6",1169765603
"2bc88a5c4bea2bd00fd8f13c",626337281
"2bc9bbe0f0216ed9d865a85a",673942390
"2bcc6a15181273b2fad05e3b",698945764
"2bce6544d58b6970192a1838",466258544
"2bd08c0964ef4a95295db843",739450076
"2bd1c70db60a44d4400847ca",1116682779
"2bd47c19e5d29a3157fb8465",1068588866
"2bd6682ad8343b69fae1a59e",836171161
"2bd96c7fe678945fcaf9662f",1019053579
"2be93bf5132bb788bf045c28",455910233
"2bfa301ea435f929e6c0d1ba",631494533
"2c03c38782e365e68b32d6bf",570302590
"2c0b3d69fca6677ba9e95327",1032160569
"2c0b4c8269cbe25a4e85e049",439584905
"2c12cbaa1f14553c1d41b958",398346597
"2c13f29a8b9ac9b464e3a582",430903445
"2c15a0733cdb932ba8f2225f",826612169
"2c1c91f2bb4d9dae38a44360",438902604
"2c2e56e3e5210c111c7de708",628993145
"2c30c2736472590fe45277c3",561161951
"2c340ee014e39ad0fd1309d8",1204881311
"2c34c1e1655e87ada03f411a",764097063
"2c37a1280b18e095b43e19f5",853518199
"2c47c3ef9e139d8c4513a090",595829833
"2c567face144ca714454abf2",1131956212
"2c58f2cbd00035febac060e1",790756526
"2c5d940b5ef2276f1fac1ca5",809956810
"2c5f07a9402cc93f4c683759",511889656
"2c8352c418097f82a50d9bbf",997541543
"2c85b19f02bb3768c10d14fc",554318826
"2c91099736f3158f7f09778f",446601413
"2c924b9d45667f7168bae6ee",683258103
"2ca47f5c36ea5d1cf00dbd2f",430605284
"2ca6b3016a89139ec7590f9a",1151729527
"2ca6ce8266afc6721d179335",842049654
"2ca8b22013c529b412ad764b",1037997957
"2cb64650b876ccbc7337a0e4",445537912
"2cc0129b386acf9cdfa4eeb3",630310670
"2cc821cd7b5fa82b27308f87",444594332
"2cc9f2411f98d0fd41511211",527173271
"2cd0b2d7561919f0223608d5",403969822
"2cd372392fda500e6526695b",561887985
"2ce779caef0637db97954912",825649418
"2cfa1397c901b4e940d9f673",600118493
"2d0d803cdbeaec6e2626eebb",570778337
"2d14ad8ab9573c406e203ed4",759888260
"2d1f036c96e92d9c557605cb",432132554
"2d26b8360f1da9a677670fcd",826284440
"2d2ee255ed2144b9fa1fcc39",582835711
"2d3236cf646f19a25932676a",1004758619
"2d4031f171f965d7dbce0ef6",773250076
"2d437a09b860d9d46644ea23",534209045
"2d4a781f969a4fa2a4f04a7a",950461508
"2d4bd56e71f90e6fb387a2b4",1018912915
"2d531a26f8b1a8afa511e3dd",605665474
"2d5564a502635dce2d46ef8e",874209017
"2d564574f0191164ff1d068b",434852280
"2d5ccb12ebb6fc7d4ba462b0",561011057
"2d5d9119602c228b333402a4",377036082
"2d60a221b478264cab9816f7",1182453990
"2d65980024ded46854c25260",1100107323
"2d6aaefe0f50db8acde6fd1b",1326928954
"2d6f5bc20de99dd0bd4e34bc",967422146
"2d778563921376962d126cbb",657196604
"2d7a48a6b9fff20ded24f86d",438266701
"2d7bf0032580e6b6dd1ce36b",1003339441
"2d8d64261ba659302da4a481",643131210
"2d91b3a8c62b890fd246183c",1314967150
"2da346c00d6fc39268f12b82",845156052
"2db9b3463f85dfa87347d6e3",1061661366
"2dba091723891d8907905a74",847590526
"2dbef742d0c59d21ad7392e3",914525066
"2dc58e6aab9399e9677265a6",1131633262
"2ddda0ae748b38a6258f660c",1209618112
"2de0ad9bf15232d6056285fe",627708236
"2de93fc191360ae22b0402dd",476794573
"2dee15f1b082bb986f8d9513",534589361
"2df90c0a3e2b9138fe276a75",671817836
"2dfd1808bb95170a088deac6",740476050
"2dfeb06300828182d4109c43",728241292
"2e0a8235637e98dfea862909",827585205
"2e111ff939191cc6df2c59bd",781827673
"2e1608b8c646a102e27df16b",612669524
"2e1f3fb2323fa16150f8bc88",511921485
"2e1f7569d134a931098a2ede",758024806
"2e23ee2beaf5293f57a5c504",448924993
"2e2d3f42f4f8369733b3bcb9",742765079
"2e2f1072d8db7372b2c2419d",480826073
"2e2ff1e620063f416a387058",821688479
"2e3fc1d628f6727880d3d4e6",493220036
"2e41ceccc918145dbe7de0be",542496239
"2e52008bd11000eb776bd80a",1304481637
"2e58c9b6fbe9c57c83bc0aed",903900399
"2e653d2567a47067df169d97",1145538776
"2e6fb29cbc1ccc3d97c92c72",975857953
"2e797c8302fb7ada13ef2d4c",600136666
"2e7c6a89d2cf2d835839f5f1",726678871
"2e8af16a155fe18c8c6730a2",974356912
"2e8c76f4ed59cd3924f7136d",872505051
"2e9390c4423db604e1c7c4ec",660484133
"2e992370de3eed4ec1271589",767773346
"2e99240e23b0542f1cc75026",578945390
"2ea47ef8f02712c32613fbd1",452508880
"2ead9549bab6f1386b7a2c77",920422684
"2ec9f5265334241fc594976f",799614937
"2ed1ae5e6fa77e447af230fb",656924753
"2ee7f959d069c9ca223115cc",882363997
"2eeb4b0d7afa57b63778b69f",1342934879
"2ef897a38b95d7b769856e78",640792250
"2ef8a530db816223dcf474a1",518717509
"2ef9126614eeef828f797e66",937210186
"2f0bbbbb466fae3fe5c4f614",550340362
"2f13a428281ffc425f2c2e38",532904581
"2f171883b97d9c02b90f93a9",394437055
"2f1880c9b8f7ac2715e1236d",928231237
"2f3281ef06475d2114fbf9a7",429492532
"2f34de2546f13e8a9dee1edf",561619010
"2f3d01cbf0ee0b985386418d",517029992
"2f412384597554f3dab07985",814599424
"2f48a73bfcc91272161afd39",640066147
"2f4b0b1b81c792f43f4ccd5c",434035093
"2f4ed160fe2a21722e6299f8",482405316
"2f610d2242d583654337d468",1292255727
"2f6515defc3b21d82e0ca4dc",414866095
"2f6dfe9443645d6629eeccb9",486304815
"2f76a2b53e091df35a125b13",451351292
"2f7784465c1c69c8f786a0a9",1327151086
"2f7d36523df4a5eee3edbe05",764228997
"2f801cf48edb712627196b2c",585366608
"2f854c9df6212c39091bcf28",572955558
"2fa288389b3031d595973793",780687759
"2fad468e1c248f40ee3586ad",783168066
"2fb149a70fa14ac05582ae69",544078528
"2fb5206d246ee7ab22fb8143",970528875
"2fb8b2990751692b8ef1ab6e",890907605
"2fba6801eb9a7bce7ed2c081",594448712
"2fc150cf6ea4141106bb8ac4",376765320
"2fc19f73fb877ed8b88a5250",452623075
"2fc38ab2689eb24f63e32efc",912082886
"2fc96ec5fb2c8dec0a5b09ab",1077886432
"2fcab31c752b699af5e8ce8b",1119855905
"2fdb80ee4f9a35663e92b3b2",764572230
"2fde05df6a3aa9f57385e6a7",520023346
"2fe64bad1bc8a43fedfe0700",618112107
"2ff0775d2c131d19804f2a2e",588035987
"2ff531e27672ecd2362eed55",919195623
"2fffe55a1584619bd7c489f6",797836754
"3008e821640b33a8d70beec9",415441321
"30091c32a5046d563597bbf4",468836806
"301b5da33d32c0632b16e8a8",878467648
"301ce25214ddb4b5144373ef",1010899824
"302918a3460b98acb64fafdd",559956766
"302adfed183564312f9e3087",988045849
"3032ae39e739fe46e9e198e5",1019469282
"3035d7ea4b71d204b588dccf",588184894
"303dc73dc1130de9aa2f70f3",577489963
"3043d0b025fac4ed90b448e6",477411638
"304ce5835e685778b1c2b6a1",555194787
"305080502cba05a1c165560b",600945587
"3053732169b2260529f90133",662060542
"3057660e38fb757dbc8bd898",772155145
"3058b792e3f6781e438a2e9b",939278443
"305d6abea2f3e496e3b6fcf4",673572843
"3061729865dd2d68858600b1",590855676
"3064379f468404110d594c87",645816051
"30652905d3eacda34ff61a9e",854522496
"30677852542c78698083d4f3",1059109084
"307acb7b4044cfa5680e4227",1289727200
"307eb683db84db535106c445",757178532
"3083a7ab1deb092f7aca6a54",594020072
"30a30e4ab286fd822c68ab5a",638752494
"30a8b9c197bc42f088d0b873",623986722
"30ab0bbf876dfa515b266c9f",422482247
"30b0c440c0bc8c6005855ff8",814465294
"30b3f38716be209a894b0942",449298604
"30d2ac3ecb8150e4d4339d1a",1231123364
"30d38a7bab2eaaef1ff6be0d",747541185
"30d5185ca2ac2fcda2bcb79c",468185387
"30e10a03626eeaf8bc2c380e",815370838
"30e134a6cbe61d7954d0f56b",402216722
"30e1bd4619483b0e896b5229",779848418
"30e6d4e1c53e9e81ff66df43",482405316
"30f381306494ebaa760b990c",643886657
"30f3b383f2d5e4709c9304b1",1064277792
"30f6404e8034dbd513aa8a30",484579873
"30f77637dd52e728efaddd6d",943954000
"31081c78ce92e1d8dbb315b9",578473913
"310e768d2e8836432f8b3e97",418219665
"3115e2391cc3a078b5e6066f",732716812
"311dcf366691c44243b7b89c",847299152
"311fa1bf3c405f9bed13b38a",438723739
"3128a4896665d38feb72b456",772520629
"312a6b2a57dc6947f95213a5",502091122
"312ef52e0250429a5ecb3b27",1153127923
"313abf19d78b719cce4b3188",829547680
"313e17c442fa3040065b7489",730799001
"314153750510e92ddcecf33c",1237710911
"314479aa7b73ef6ef44e1c89",620475854
"3146f3ec9b237fa0944cec7b",514078833
"31474c62a8f39e250fb2882b",997447439
"314a1e163d0b77b0f384da29",426874172
"3151daf55106dd159f27a8b6",539309937
"315ea6fbd6b3261cae7fb900",870181551
"3164e0ecd246b8ed6cb6d054",1019531380
"317d8f9d18599b346639a4d1",499109126
"317e95fad7d399673719537e",855097084
"3186cd0a3125adf3b25587aa",878834847
"3192bb7190b9130c4e67be4e",769758731
"31977cd5d4c09eff149e74ea",803508398
"3198c4acc62c1a2276bf15de",663423541
"319b9accf9980ef2ef81099b",897439960
"319ba1ec06c9b6ca6990f4c1",1058277355
"31a1492e589f317a58a79df7",674429782
"31a3719e57ab1425e7267fad",816424663
"31a6c440ca9eb29acc0f1086",1190271624
"31a73382ae20331521bf2e6f",674703186
"31c69cf4d197f97ac594a896",881104001
"31cdb68dc6476128c4bb2f5c",1036070416
"31d3215c8345d48ce9734c65",440868259
"31d6f089626c4fd08536fac0",475493412
"31e241881acaceb02ef915d2",854911662
"31ed69311bfbbe000f4483d4",606147807
"31ef69bed8e54b5e1fb245aa",687713071
"31f52502e89beb1b2e0dc3d3",844092856
"31f56b841b122b35615bae2c",448906144
"31f630c44db4be5360a57640",763739354
"31f6a25d56f3bb36386d07ae",924168925
"32036c1eb131e6cc4f3bad3e",402402167
"32040dd7b8edfbe331773288",672684797
"3206523e850b5b5fbce567a3",1111102159
"320ff6c0320674fd278f6fc7",594435246
"3214488a8fa9cf8b3dae877a",632564680
"32161228e9c502d2c21beaa3",431973163
"322bad590ae06fb48f80c533",439238013
"32354bff9df0267a5e139156",609398879
"32366fe92222b329e3d03b29",769891774
"32421841f7eeda76160d7959",459349257
"3247399a31df838ec5fe58c5",846081059
"32474481a0f8af34a4edfec9",492056605
"3256c6c6f30aea9cc79b7283",886159327
"325ce336d3df17a078db5166",444735143
"326a82671272d893ce699476",734933898
"3279efb86571efde18eeebef",559963207
"3289958459cd87f24089cd14",436777017
"32915b77ca68000ba9eed6d8",515099167
"32a10e550bf7095627d17da3",577555945
"32a555016892e7a74d231545",742608668
"32b678be83da2a07b37f3012",390331755
"32bdf33933c29b1cbf89539c",674429782
"32c1f617f2b1f537ef703712",913841879
"32c7a2d032ee21f8bbc6eccf",488945834
"32c7b848ef60432d98f415c5",708277159
"32cb6246cd94f962f780a1fa",435411103
"32ce96d8adc8e549b90b4a8b",777357190
"32d2c5f1707b00c93407a19a",480727022
"32d56542ab5486bdaf4466fc",663298082
"32d5772adbcc785ecbc2c55f",534748626
"32d5a20c542a8194a6aae965",629346330
"32dd96f4f07f67806146ec46",512902018
"32e182242a654ac03a8f3ea8",407487609
"32e6518755191bef743b28f6",841578142
"32ea7e13e8d9391aa9b7ab9e",403969822
"32ecec7d5c47d02969368779",636153046
"32f3364ac1fabdd13db1cfe5",380912245
"32fbc0f1934f7325a404a2eb",864528821
"33043b254b9085fc82ee1f7f",418269588
"3307731f3bc518012912f1b3",858568702
"330c37fb5065311564fd35a2",707979844
"331c515e7f0dbb4460810999",675997803
"331d54f8a1bd3dabce73d6d9",856726411
"331e915e2a66fb70380282d6",831205170
"331f0957d55d7f03df7fdc4b",1131480563
"332201e2583141f3a02dcca4",798912218
"33258f995a375ca192ca4d3c",768040158
"332e395d4ce62523a2e3208e",480809731
"33305df46dc2186c7e3f727e",1035451942
"3335313b9060ff29782906b6",577876584
"33379968a83c8a90c23e77dc",467713500
"333a643c623a9bc75f3a40f2",1220296952
"33425419e1a8e854418c5180",387482064
"3348706086aa3db5c92259c3",448121613
"334b5b9fc68a18387ae59ebf",410873670
"33501f96ba3b02da073d586d",455484352
"33510511ff07dc7354cca7e8",495164515
"3352469ca509e8ca652fad1a",562828846
"335626f385c28e8370c207cb",473272081
"33598222854631e92fb72baa",803903211
"3360f48c1ec30dd1c3175101",502815843
"336888717766096b24215b26",708704708
"3370a48ec22302456c41ded9",462854167
"337c81be4cb14d494ca69db4",975256196
"3393fece8a6ed311ad865e66",943045793
"339bc881458ca34bdcb771da",939831810
"339ca7bc687766f517ab3274",448590386
"33a334a16c4547b9d7842c3d",688095518
"33a61cda27fadacce0d1aa7b",963330915
"33a7f6aebc3e2d480d287199",904117461
"33ab442cf58cfaa33eefb6dd",402216722
"33b702ced6de5f7ab8b29e7a",618593761
"33b92225cef255b0e4b4edf9",559115922
"33d2d1db291a13affdc209bf",620701978
"33d6b1bbab4524c3aa03756c",545829943
"33dbec39ef8c0667e4c3f039",762273660
"33ddf4e1ed8c864e9db16887",524970304
"33dfb510aae260ccefa4d349",1120073158
"33e22ea4154e8f71062dba8b",542504311
"33e4901b6e72593513a02207",637369940
"33ea5de5e8f5c639a213414d",721276328
"33f1a7739cb556a78af083de",819662194
"33f4f9988387bfc237d114fa",612543710
"33f7d5aa494288cc90d60456",867864498
"34067d9b2b4e45be1e5cfa32",507138432
"340ae520163a220061bd7f28",661976417
"340c4d762f830197fdaf0977",987436114
"340d1313fc2dc8e5b6918262",764871560
"340f96c7de105aec5b7a28b9",799813247
"3413f37549869d2172b76d6e",1013238806
"341c307eedfce3f735f4a63f",821409301
"342027b17940a0cc5cdbf8d9",1133009009
"34291b30d129222905ffdaba",681099446
"3429c774b736cefc051e2c55",546083611
"3438e5d77044f21743e56edc",629488713
"343be18b0f77260f32ec05d2",434319720
"343f45e7d178eb780a9a9818",501798175
"34447730b60ad12f4775894d",1049025204
"344823ba2777540ffa2a8fbc",956455557
"344a104d2210954497a5a388",1013991797
"344be03236aed65e74b14a2f",538998765
"344f3bcc1acdba48c12f8441",764594893
"3454ab4ad567d2d22d990fec",891426757
"346c734ce163296a07526a35",592622454
"3477646f548971044f8f0494",416295365
"3477d85a434f66df58fbc094",953642607
"347a4deda03bfdde6d1c163d",611228977
"347d5081f7bd36c8edc1f352",1024003511
"3487768de3a13b7ee3df0254",851144396
"34896afec0b639648c527483",938577556
"34926bd7f9880e277e75a447",692669383
"349602317da0e456d88fe24f",987149743
"349768047d470d2fa6ff1930",809219014
"34993717af3f861b9735df6e",489146065
"349fa9cfa15d8f8bdcbe863a",1229389064
"34a9e3ca94ac06347d879942",955792456
"34bca71dc9c74a2072f11e9f",742914301
"34bcfc2f0cefad790922879e",915647569
"34bd7be0761ab3d43da7a81c",559647061
"34c84d0a410920c303ba69f8",493565270
"34c92caf68dd0cec9fc383ef",1148710340
"34d1394dbb483e55d1cc2da5",415973005
"34dd15023216e187daaf5a07",778688574
"34e5602cb58501859e32dc9f",702965387
"34f0542a538cee9f3624d897",392781701
"34f220a8ee1f24bcc5790364",500900590
"34f4df9fce2ec05633d0cbd1",519982496
"34f99327fe595ba6e32d89a1",696283600
"3503f56e09e639be4762ff2d",783279375
"3507f260c3c6e195fc444533",475385492
"35114fa32397272437e67a54",464868269
"351701c5d1b821253e2c8c42",437811440
"351a3e1b62cd51d46913a8eb",1119615196
"35255f80583ffbd504250554",752621518
"3528df61a44a9895248336c9",544843337
"352a76b301243d22d1b31f79",477988306
"353207faab3dcf10feaac8ee",914053698
"35352b370a31d01748616b01",1063090767
"353743db4334fee80ac08d0b",999672521
"35381d7a5b25317d7588ce77",646828764
"3548fa5ad26ba2ea999380a0",498931361
"354e2de1e3a81a63e7fae4bf",793510701
"355d1fb69bcb4e8e8ed9ba1a",964415026
"35616923c84423b44d1d1438",1060852116
"356712646865d98127b92a57",726629330
"356815b8ffc300fe03073b7a",572808751
"3569024b3ae4865240973e6d",426842580
"3573093e56e95a982a41879c",916134231
"3578144f12e13e98e8cb2480",463735446
"357e2add3d68167a4f3ce15e",811876867
"357e58ef96c53f39e267b80c",1137895957
"357e653c4bea02df1b08c62a",776885358
"357fda0abf79ec95f73e3584",463812503
"3580dcbd0a6d7d6d3546dad6",608336737
"358e1287e24c3c4fb353315b",693879385
"358e85ba765ddde3ac31be33",403969822
"358eb586d9649d20dca9bfcd",894133761
"35984f749eeb84eaf938bb08",974860570
"359f6a66a407e30b40979d2c",831000152
"35a39cf33d16f8f5ff75fd6c",701933932
"35ae7661d8191507cf9e7cdf",652584134
"35b03ab66c19ba2049ddb9a4",475791994
"35b1cd8020e7efbb9ba5adde",976481024
"35b789e1d63f8f25980d21a1",1124781743
"35bc25d0f9de2ed4f714fc8c",744855918
"35c7a7c0ace36f4b95423c4c",464384034
"35cb50346289f0590dd24d83",1024466633
"35ce37bbecac6b164fa21e6c",505166525
"35d79b2ac92083bc439124ac",463127777
"35dc60a65969b264ab283d6d",475025479
"35dedbaace193598c9c438a7",404508822
"35e0cac576415a4e61acec80",1137895957
"35e55d060b1c4239a85c0ebb",470451817
"35ed4187f732a1ea68dce712",759180519
"35ef99962cd5984ca87bd326",655459043
"35f69c7a9870ac62735d7639",435719964
"35fca2d53ed17ea7637c528a",1069993039
"360be0df2c003005e3db080e",1223824351
"360e5cc9ee1282e5a6ea17dc",708842112
"3611c89dc71078cd0aefd2cd",596658626
"361715cb422c5fcd9125d5e6",503407343
"361ccd7f37ada9c07ffcf71c",841046177
"362212de783981c9ddb767bb",475544818
"363c96b85cf07dacbb10b92e",430119551
"364256d0881131148655e006",777997957
"36445c32822146606f75dfdb",866868678
"364b8b8759e3c408c4005021",488697771
"365a227184022e99f1d2a816",879044046
"36753a5e31b0edb1eecb8bcc",561011057
"3676e34e4824101f3fd9aa2c",850575053
"3676f63aa0ab23ca7cd344b7",517774993
"3679e1844a35c0c87fffefeb",515432622
"367bc4fef78a9800f8616d02",521954050
"367cd12d7f4aa93124047eb9",515099167
"368e740cb71b9175fe5b7b6a",1035451942
"368eddd8b6d39bcc7124a41e",557542298
"368f7a70a62962bf31ec9583",1223824351
"3697e556be961a16a621f3e5",455751432
"369e9e64898ea16b7ffefb7c",712139779
"36a0a1f0432c954604825b6e",836514878
"36a11817b32bc24eda6ec8eb",493511065
"36aa7d0cbfe40adf3c86a134",684987107
"36ab522893b5f01caea4cd0d",614980439
"36bec92975612d091a3c78b1",677778213
"36c0d26b83e575a500a6c30c",564870506
"36c2cae6de0add92f32d29f4",815890960
"36cd68fc3ffab79fcaa340ab",447434398
"36d5003f0b5ec7f80e89262d",883036631
"36eb8139a5ca1b8459eb52c1",768604982
"36f85981124e858c157f83df",722194428
"36f9a0ea831710344f468bba",438723739
"36fab4c38cdd91de650e6abd",762120221
"36fd9fc1f1d9b2e10c1c6463",453225490
"36ffb5566bc35fbce9e42679",493511065
"37050aba3553f3869d59f809",844123014
"37063e689732880621e4e733",912441006
"370a0d0da794efd58cab251d",984066821
"3710ec95af4702c45f165279",667976637
"371a0ee537001f7a9d58465a",849266097
"371b5ecf08973fc6e6849d14",625058942
"37227e66adec69299f853e51",664296894
"372a3934e8179422b5cf5729",923444953
"372d67ccb9d251e290891f0a",389662946
"3747996611a842c452865a9c",895423131
"374ca1a16b8eba42b35374ac",673123939
"375419559910484b17782b47",1295127655
"3771c66b9ecd6db0b201d4c4",444047189
"3786baf40b31a20f3bf3aa80",694437122
"3786daeec4a4fb40ef07d8e5",807590183
"3787f6da3e961c0e10d30e6d",1165604463
"378d846a7af35e0c3efe53a9",851110108
"378e6374da00b72bcd7920df",591559380
"379429ee3675d1adbf816cc5",496796812
"379c4fce87557848548b0944",448165706
"379fcab709c66fa146d3491f",765074850
"37ac1ae3a7e2a3319eafbb58",588035987
"37b8e8a194e4f2fed7ddcd96",405490712
"37cf2c5c1c6fb6e601d2f76e",418000417
"37d12acc69d0e3e92420e62d",775082950
"37d39cb7d3849a784497ed0d",886671568
"37d5a902f1036cf3d80c275b",643407209
"37d5b8f329ed1ec29d4bc035",519568084
"37dba4927e327d3a4a0c1d36",563232991
"37e009a57645b845b1673b8b",610877055
"37e0fe114a3c7406daa57443",800629430
"37e28ed39a51956880d211af",1102787541
"37e696957da15625da71146e",536205582
"37efd3e2a5b6567957c62081",592678017
"37f39916813a58b844e17833",721849393
"37fc4ce5dfff7faba6bebf8c",824986024
"38026eb43ff9876cd5767ac3",454347100
"38029a1aa22c0a5beb065edb",921043483
"3804d5b313b742228ef0f1d8",1052964258
"380759598c614cbe10ae4bfc",825988547
"380ae516dd46442f97acfe14",715082296
"38117bca778373247df86e14",501798175
"3825ce5030d951ef0fc2f7c5",388829941
"38328747d2e1e0e568c05523",674235093
"383af3a5794a0ec3efe78b2f",504753253
"383b3198861942064a63184a",493143005
"383c0948aac71636973507f4",694738101
"38410183814a757520143737",772520629
"385488342bff3d3587250c84",983175836
"385fcde12021f4bbae6ac2fa",460557473
"385fee7bd9ad7722d45dd034",448636886
"3865974fbc1b412f24c47eaf",952530059
"386ad1ba1cada9649f3415c0",979452082
"386ee01c3f7bd8bdb91181ad",863165493
"387af5fb4b4a7f5c3fdcce57",822324126
"387f18b1f01b1aae536752e5",544835115
"3882da646752a82db088c614",489978006
"388a6dbda422f886e503e685",1291598885
"3897d9b5fe3a0cfaed7c18a6",486572163
"3898683e5d24bab9eea24d30",728954043
"38a0fcb41f0dbe8b0ef7af8f",694920890
"38a1e2050dcab9b4c70c5e83",550901996
"38b424cb0e54f0f7f2745781",674429782
"38b87cf007043b76670207d8",1076723873
"38cbcd7f88c1520fa083af9a",927375616
"38cccc333e2c38bd608e1880",711624542
"38d4b1837c595b6d9a23e994",1123450358
"38d5b9319bc16bae99fe73b9",637690514
"38d6842c2807d54f386bdb5c",1048859142
"38d6c2a9beac610279bc110f",527684977
"38dbf1b9c5963e9c3d008340",834650817
"38e84c560b0455548ce186e4",453912685
"38e8630f2c05ea38e2257c21",594435246
"38faca2d6e338d328428f986",490067699
"390107256faa08574d7231d2",886270860
"39124b1ec419566a371af8d4",944547993
"3917b95a3d05a5e58c117f68",454116132
"3918fa99179953461fe07f2a",1163653696
"391a98a344e894c6397d62f3",448917155
"391cfff759030283411dfe1a",491285265
"3920eb3f72b96fcb58ef778a",380168965
"3921d7b508fa1591d40802d4",431344453
"39222ab30001b3cf45b7de65",528959766
"3923f0e655615aa6b52721b8",760019297
"3929df6d73b3ba01bc018476",460491436
"392abbc83cfacfe87c401e27",600599439
"39351adf139f820864dfe8f4",1037581992
"39377d0d271da03ad85c7bd1",553211094
"393d99ca47315ae98fe9e7c8",1245728918
"393e2e7ea1f20eb6b4148d60",726629330
"3943b64f9550a575f15d6d29",1022720514
"394718d9d069a126e13be804",724409770
"3951171501fc51e2d830cc82",1204598208
"39542105a7c46ded0cc373a7",841050881
"39579c195f288da8d77f5ce9",990552158
"3958d0cb732f3d623764be54",466844950
"395c34e4b8f52cbdb0522459",668769463
"395e3718423aeac3d40494a7",584978428
"395fbdeb9f0c0586a2b20edc",441812595
"396761edaa353e0828949bbb",441468632
"396c8060d9767b4debf2a54c",708927323
"3977cf1326ff502251f78f66",672851145
"397a7d1cfb809e34797f2bb4",735047036
"397d0f6319465fd7fea6f710",962312377
"397d4e490eb2db8a1b18051b",503598946
"398274b1c46fd88151420c6e",486774514
"398a67970cee5dc873d71bbc",949753105
"398c195aa41ace34a16b0d7b",1045560602
"3991b04509fa61b36a8f7d2a",941479958
"39940234a26e7264b464450b",596658626
"3997c10ceccd2f8c8e43cda0",1048909357
"39a12600317b58457f68b5b8",427477222
"39af71aaea23b5c1e987de32",445693074
"39b62c6fca161b80bc6726c4",1246626241
"39bc028f3b42d9ea48808ad0",450309756
"39be6f994f2cd3d68b51126c",673176827
"39c1613acc0ba4fe622c1f31",871594738
"39c6bd862f908b7e8088f0dd",657600303
"39c70622597e64c4821d0731",1064197624
"39dee9b1661292cdda6c4823",642785676
"39e306be57a992bcc75e089a",391874886
"39e4765ae5c8284e1f3f618b",981914743
"39ef085809bc80e32e7b6af6",1054470688
"39ef4fb2a43fa3bba15a0b16",799523649
"39f70d6b68b22668a0631f37",709729386
"39f9f736d802b166ed688224",1181831416
"3a00543fb00cbc044a5b3527",394696482
"3a103803cf9cf0451582d89f",414833452
"3a10398b72905bd710ffe9e1",1003339441
"3a26efe201689493724ba464",568466349
"3a276f0df8c12422e14107c5",1068889882
"3a28bf9841e6a9d3f1bc293a",1007858366
"3a2a2df4f07902b04b809125",806846934
"3a2cacbd3b4f9a23514b1433",1105033763
"3a2e95f5eddda4df84b2e2b3",518292943
"3a2f110334251e97abe3583f",439192260
"3a36f59d7c0e6c4eb85ca0cd",944518883
"3a384d68b7ddab45e01b6e99",794826898
"3a3ce11d981d0893ec732e22",726629330
"3a40bebb521445fcd32cf033",745681129
"3a413637f3108ddf7bd53bcc",661976417
"3a488b9e24d9b8fc7c222e20",432581807
"3a50d40f15b1cf5bfb338092",438084146
"3a513410a390c75fc14b0b3b",499191970
"3a53919313bd750f2b1af906",1173651170
"3a576586fa1aac85c2ffb75b",1215536007
"3a6262eed8967d695182e435",606492087
"3a810dc80d3a63f8cf106717",834387575
"3a878d44356885ea61bd882b",584959352
"3a8a506c99ede47ae2257e87",610001535
"3a8b7b9048c82797fb01a8a1",774791760
"3a99197868ce338c738a3b20",651191950
"3a9b2ef74c59e96a6b107357",494338879
"3a9c7ec02f3e7e419669fee2",403969822
"3ab2ed6d140698cfa41f2e3f",434735605
"3abe8f334f0f20f8006ca5d6",481896394
"3ac517f74dbf8cdc8feadfe8",588704799
"3ac77ed776aa4630c7293240",857095355
"3ad3c519ced4b63ddbfdb0a1",412026051
"3ad457c8855ab8921a7974c7",809956810
"3adadd50e603746e5e4fc082",712167993
"3adca5eeda4939a5ea11444b",774597817
"3adcc2c662c8c7c9db5f0982",555601196
"3aee70815bcf6effcf0e5fdf",915647569
"3af2a1ec9efa6884a8254d28",667838873
"3af3a702988bfa0599727982",949398200
"3af4b54bb5ee5fcff80f1e53",475426907
"3b05e06aa0bc40b9db16416e",423786035
"3b0b0bb06d95c5ea1aed2d95",514382302
"3b14b48188fdbb0917414039",612601371
"3b16ff50ec7fa717efbd62ab",683196651
"3b185e3e31f7f5e6a1b3193c",652484696
"3b224cf6107d815a2e78996c",906021200
"3b23a71bf40e800a66bdeab2",415052709
"3b29177e99201cf4eaae612a",949980133
"3b2936127f5a4684a1d3de22",763856194
"3b2fa7905fd8fcb3e11ebcf2",970101148
"3b368c10d243f6bc9c027061",426359420
"3b380c563ed2505b7630feaa",1029265824
"3b39471f854357b7e5d2853f",907949946
"3b3e423e248b23090a2897ee",541411298
"3b43e7acfab46651b099b1ed",963465396
"3b4b303bbeece313f92cb85e",814599424
"3b4ce006ef95420847da20b9",524506458
"3b4e889562e4078f8f369172",464977992
"3b51828a1e891f3a52a4653c",643169431
"3b52bd5eee5ef8e3871dcb3d",1247820592
"3b54ab53b6e3453e333a0939",395582116
"3b5a5d6536a9fd24f02e8ba0",401231336
"3b6c37e7e6ff1c03ee4fe995",707616947
"3b6c94e3e3684eac73b3e7f6",1326886417
"3b6cedd9966332f0722208cf",446561853
"3b6d88f864f6c1759f957c73",1255824169
"3b739666f401ca6b2135652c",1001732807
"3b758c26283c2f11251bfb89",948647325
"3b7ddf527979726fb8aa1683",438303798
"3b7fd4008e14e394dd09a0e9",1292255727
"3b823e81c5378ee3c977e863",588877780
"3b8302dabc47048245acc09f",769891774
"3b98c8e46cf8477a1968244f",492307742
"3b9971f91bbe4b8dcc704ba0",765356335
"3ba644c7be754c21e3cc48ee",811552107
"3ba6b07e752fa580f630eb8f",984886033
"3ba769d65f02217656e0f5b5",916540316
"3baeb28cb33d048bcd6e42cf",381947170
"3bb15c6313ee70bf4d88f4e0",642455904
"3bb987adb4ff573ef09b8c12",489480093
"3bc1d407f7e7c8e67f7dd27c",789047489
"3bc68bc2d6a2b81f9e3b9a50",580849574
"3bc80c56871193dd782696d3",519790756
"3bdce823d3b96e8f0170d96d",657271812
"3bdd7be0b5e18d266189d991",677681925
"3be69554b1cb31ed5732a836",681099446
"3bed16373c8ae820187e3d5a",794653221
"3bee8a9981a1e9e13a05cafd",674700959
"3bf1bea2a835d7fd11e47ce8",433970662
"3bfccc757ef82ff2774f2db9",1177380671
"3c0b438c7a4fcbfaff9f678e",837828640
"3c1b1f86087f9b99380e387c",841513870
"3c1b7a0a306e16e8c22d78c9",951123687
"3c1ee7e502c6bfb20873b47c",602655231
"3c268e9119b8027f78f91954",594188616
"3c26b2954be250bfe239db68",388826075
"3c2a535f1df831771b859a86",455233846
"3c2f62f464aa5c48c470bff2",818774946
"3c35c8993bb937164ae4a880",869508184
"3c38153bc36b364b92548965",861650450
"3c3a0f57e030472879f454d8",741469005
"3c3c7861a9727bedf5e3cb29",835754964
"3c3cc027fb179e91a46f11f4",577438958
"3c45bf3e3e31e7804ac91704",583273027
"3c4c18326318a7207b589dbd",431648933
"3c6092e8458ee81aed0db0a3",692908503
"3c660885ddd7e98ba5ea26a1",1159058709
"3c6d485d7b01ddd6147746c2",620057130
"3c753ecb3a4f8ce43077a6c1",1035585688
"3c840c206546c20b3e53d4fa",671490541
"3c86651d9bbfbb335f15b544",619648634
"3c877a0fbe08cda958ff8f46",909253727
"3c8eaefb3f5dd8d4c9f5386c",694789720
"3c95dcc4bc3788b4cd5602d5",689926976
"3c9e3b97db788dcd10acf0e1",499026873
"3ca0e7723afebbf53e390297",1013360862
"3ca34fa833e6ba10cb4b1944",588035987
"3ca74495aa9adbd533ccfb96",913387468
"3ca7f183cc0b303e5d455309",1053585308
"3caab5e89722761d5ab2498a",470977970
"3cb1773d90dc240c4ffed5c4",917902789
"3cc722d5c764ac261611c2b0",448908794
"3cd016f68705e73b819cf74b",629574706
"3cd3537b5f9475657060cae8",1236990014
"3cd5562115870363ed5d7558",936279917
"3cdee5304896e4cb9604ebe3",667086476
"3ce2c7f1ee7569e1b916cddc",581942455
"3ce50f34a7974ec17178a79f",744377241
"3ce908c9b70f349158f7d04a",990227934
"3cecc0cc43ef46670a8e69bd",528266499
"3cf9282136fad24af0f7ebb1",840878831
"3cfd9ba5c6993718c0c532ff",460209548
"3d04304c8644c81114c36f98",833973636
"3d0cc51b7a2392f3be3b1666",682909531
"3d0de71d822da8a999bb6222",497671044
"3d11a16b008c26fe43deca03",606785083
"3d141576443a97b0202c9672",1135045204
"3d162a854aa05447e2cae0c0",972972568
"3d1a767dc286fe1cb86ed9f6",866982569
"3d1a8884a9687e53e5fb0bb7",580910790
"3d1deb639d94b292552a123c",546484859
"3d24d985b95a3e200a734bc2",1195745367
"3d266736d0307404a5804073",507180730
"3d31144a77cb51647f3deb02",536285669
"3d3317303679a6a5a381d0ea",1247189788
"3d389130627ca7bade643f47",630861148
"3d3a318662cbe218db0878e7",964415026
"3d405df6e5dd012419f43ba6",815777423
"3d43dd23536f843c2c5bd268",1069222591
"3d44c742b1aa4c022a968ea2",384694060
"3d474c6a88ceb86e00f68b3a",442719707
"3d4c48167a8de8cb0e4956f6",1013238806
"3d57abd322b0077efa1091df",920957213
"3d580d0df1bf9dd124c282c9",663282736
"3d5ece38670c1c96df4cfff8",643886657
"3d63320260d150d134fe8648",755895121
"3d6815fb68ce959cb95e225e",649165475
"3d6a9a4f2336a46eb62e6a47",1054188119
"3d6d51ca99f2747d6b92dd19",707536348
"3d722d960b860b4bee79ae2f",647227359
"3d9856c3ee0a4b5a833c69ab",535281857
"3d997123b33373024bd2cbe1",899217531
"3da41d55a2b9f78c2b10c75d",797836754
"3da9de8f610e5c40401a5b78",750569786
"3db3b80a902c10004cd3a3d5",1156627635
"3dbafa8cd5225e261ec9b6ef",396588312
"3dbb09358256bae5199e1318",611996740
"3dbf89c6e97182647bb44e69",795557263
"3dc0fa238745fbc31ba88853",391969935
"3dc8277f29d0a2406fa25ce1",537022749
"3dcdbb92628e6a200adf48e8",1258983362
"3dd4fa53bc59e5852f9fee98",994873371
"3dd8085a65f24b497ea59557",886769269
"3dda25226646e1e91f4c948d",783659934
"3de5d35f742cb4eb68d5f314",746444853
"3de8187003cbf6c4813bee45",436269081
"3dea0748459a295fcbd2f0b6",519211017
"3dec1da01706b06f5d6a9266",434910155
"3df855d8893dbc62eabd95c6",641002693
"3dfd7e954d6f7f40af60bc9d",424664832
"3e040e87b89a043564f0d0a2",867433565
"3e0c656b64d39ab38201a112",438748895
"3e0ccd899ad73579898fe73c",1139764709
"3e18c851788fa8724ca8b7cb",466161028
"3e1a1b2a518d3ca2fe3950b4",696997504
"3e1c2c5b0831edf78f7b7082",748019572
"3e2c1d2cba8755ffad9cff27",1001439097
"3e3717eda8ec9a68c9d83027",539607716
"3e3880088f0df7c447e27840",477071923
"3e3f264cd0ac7a65ed2349a2",1067286022
"3e4c1e6435ea1a9c3150aed0",501798175
"3e523ee3a6c2d89436539792",637028652
"3e6645f2cd377ba17ae2e46e",442556486
"3e66557e876a876c259c40a0",464868269
"3e7217f628a1d0fc9bc47071",667408698
"3e7f514983daa92e49a7c87a",387598032
"3e85b447edd3b23b5a0d3b79",614928396
"3e85deb0237521f1a7a8fa84",889724347
"3e874c25176a3abb336b31ac",458528744
"3e891afdcb568befebd66fe4",520080256
"3e8a4318d93b1fed4c48f48d",1319933090
"3e9083411c44213130b2ece8",587844478
"3e9754a961d2cf348c9ff7af",726547903
"3e9cdf767389ee551b5349a3",524327156
"3e9d73530ff24d3f4a543091",596976091
"3ea5478270517f299b20bd06",846718786
"3ea6e8da2cb0bf83872dfd8c",581263547
"3eb79541c2ce9413d2c54736",674429782
"3eb97ecf8069775b9104af85",1180325059
"3ec50faceb434f716d73613c",1135248348
"3ecdb7a7d178b48361340ea9",700169545
"3edc0e70e7cf6a21be2f0d53",403969822
"3ee3ee47bfa21462a1fd455d",596653314
"3ee9cfee7b0acd482672ed47",701157632
"3ef167ca6c4ac77f6968d17d",742608668
"3ef8fee6a5cf42827d8bf562",1004003435
"3f081fb77ad08f8370569bf9",483619905
"3f0c845deec1c24472a35efd",1288923202
"3f208f32cc24d8ce1506ed90",675245571
"3f226452520ee8f04e306bb9",1026787269
"3f295e6c14e23cff1468bf82",898221513
"3f2c18ea5d8e9a25adca4c42",928908987
"3f35c44229ba13940d8a705d",1134448567
"3f370094239ab6fc817e9ec0",1083359549
"3f39a260b81dd7de1dff2b31",728630318
"3f39b25dedb96409dc9d1947",1250870603
"3f418a8bcc7adfa87e0f67dd",693967202
"3f4272a3a4b14ce152fc3abb",449692845
"3f438d6202cfd4527bd8f983",491091610
"3f45ed2f08a2b03b738fbb5e",490198180
"3f4c2c98a5a6cb78d7d26327",387898952
"3f54091296f773f5a1bb240b",968453060
"3f5a0cbba1433e9b6588dd73",569056918
"3f6b2f0c0876c21755369cb6",785538556
"3f6c05c97778fbdc86304bf4",833621512
"3f6eba5c365508ac192f2b82",484145197
"3f6effb8881ea683838437be",795343100
"3f7c5d8304fc650bf97247ee",846926237
"3f87d08afecc4aba03587848",1172480729
"3f895518a7fccca44e534578",446461374
"3f97341f90b11e6a7a7f7c2c",553444578
"3f9a3edf25152433969f98e9",650333027
"3f9e95762d2f2056e9716039",619005583
"3fa0d9e247f28968a5bf8476",458477125
"3fa4ef366575bc72ca5a0582",1123827839
"3fb3a581a9a74146dcf9b71f",469164662
"3fbc0746bd620a0baabbd859",607572937
"3fc7a0f9c30978f24d688fb7",739307928
"3fc826461ec4648e4f7877da",733493063
"3fcacd1cf9770a2724a5fb01",646729823
"3fcc5ff04edf753621d6cbb6",788191959
"3fdfa23ac43d1df0503ccf1e",947302566
"3fea10126c0c651f02de7167",607654968
"3fed1dd17fcfbd2b86e73143",535477999
"3fee486268a1451a7b9fff7c",795668652
"3ff2a2fd905d81f0422c54b2",453692537
"3ff6e77706eae698f86eec29",826094533
"3ff7b739ce65f0b3066806ba",952093972
"3ff9e75c6de41de517d1c4a4",383920502
"3ffefb3f453c54585fa6ef22",791923380
"4002635ca8b087877ad22d5b",1142482926
"400a103762ad652e81c8d3c6",642069381
"401f0de98764e9fdd4055406",504026825
"4029115038a899d98dc93d3a",932779954
"402f18888d480f5af146daab",571631587
"4032d6a6a13399797a794ab7",658045753
"4034cb3cb77e9cb39cc98fc5",737038162
"4034cd9a70d18fe0c883a0fa",464815527
"40355fef059659469e16e3ec",460185289
"404364fe956884368e2f8300",696320247
"4045e30cced205e8c5b2373c",560679589
"4046ebeeb7ab85affcfe337c",980106111
"4049086139009c35dfebb3ab",407487609
"40525fc425906c9485f1ddfc",447419131
"40558b62d83e4362efe1fe26",415911660
"4056182cbd8c12cd87ad9e84",669316355
"4057a676e7012fd37af9c3b1",543134991
"405baee61afa4b08dc25e586",1038418476
"405bc08707001684d19f6edd",674703186
"405fec98d5a3c8981173311c",658062781
"4066155e224520530ce985eb",488443630
"4066da904062a0041a809b02",477178159
"40713332e88c6d3a393c8b2a",480866523
"40768729f2697b87ed6519d1",751644006
"407e4196114b64578beac143",615130961
"4083248d3d2f2bbf9589b971",1085196701
"40871d7ade3e592560d0b3e3",496796812
"4090c1b86074c8e769cc72fd",603497745
"4091a115125eb4a67f494620",671051429
"409cb370961c60bacbdf7416",385812353
"409eb9b8f2ba87ca299a7f6d",438398151
"40a1cefb3cbb7e2972e30d97",427205257
"40a53a3f3d49f7905966295f",924193737
"40a561bf79fa7a08155e1183",686028979
"40a65310ce666e80a9611d4c",811226352
"40aad45bb7a980c9c5e1884e",785538556
"40aaf6665b489033ba0e55b5",1201236484
"40b20b5a3a986802d64f7675",558604018
"40c2ea5f89f5b77cc09d1455",619001515
"40c74dec061500aaa78f78b7",561007743
"40c9f947e826f89c6ff3f898",428536886
"40ce7321869b706210eda9da",616307300
"40d04ff9c405cccfc82ed5a5",489626048
"40d3f1f00de86e74e0304bd1",741553556
"40d5384e2e8f8fef2032928a",446876843
"40d9a852bbed67a6036c6d8b",594338698
"40db880aba8951909e6e4ef6",962284911
"40dd67aeb6e9979211c9345d",838532168
"40e56beaf4a7f28f8108b132",407980249
"40e9ef1e7c6749b7a8d04ea9",478038580
"40eb0c78da8b51b53548d914",964519740
"40eefaf8c26b8b4736308bf7",704503397
"40ef1682158d0c3cd07f484b",1332350486
"40efc0dc313284d3b57492f9",656479422
"40f301afabee5be092ba20ad",867346623
"40fd167916ff071afdc44792",1138650742
"41037a3f8625082544979179",534617783
"410e5af026805ec8088f2e71",809957689
"4116cde03803e63a3e87e847",1249872354
"41227dc9c9948a5f0688e426",572253610
"4122eca7b73c1347a7814a70",814283292
"412e7b9e1de3df8c3dbcf198",616507607
"41353584f956b9e316c6c67d",600209726
"41376f69b086937257387f1d",1008537941
"413d6e4fb772beff60f73e2b",772147758
"41454361857cf70c44e1f5ac",797957851
"41479709513815cf5fc1eac9",765202287
"415622d0f7adb1a9f7009a63",393302609
"415b68c7a5cfb073676c443b",475706261
"415e1faab81016a460db7a0b",535177349
"4163b665043ed27d7bf26c00",470664387
"4167fdc804227ed43224a32c",1193779865
"41719542347401b04dfbaa59",728151303
"417e974a3f0d97e502e49800",1181503031
"4184fd9a546823ff1fea0b74",754098691
"41877a677d1856bf609515fe",690045732
"4188712d431ba996cd59fbe5",451538944
"419398139a3aa2ca2be3f941",508796586
"4195a9d13c0a526d7cc959f8",556403750
"4195fdfe50e42e9981fa2f4f",585195488
"4199eaa19ddf8ac436bb2ba3",1051858955
"419a2f823e87ab67b1311bee",1036817958
"419ce7158ed62eb6897cf09e",415853738
"41a269c661f20e443a7a25f6",1066200300
"41abd8a2cbca609cf868f227",683145213
"41ac76d4fa450fe0c377a0e5",397584868
"41ae9d3d280d4eebe510606a",739528195
"41d174db6f695472063ceef3",724049504
"41d2864e1f73e29f222c61e0",665430299
"41d3afc1118758b5314db48e",620560552
"41df29e27c0bbb52aa8ffe49",598680092
"41f33deb9990562def18c917",651557836
"41f99600339a7afc8e386e6e",615649710
"41fc4ca2b3f48508d840bbb1",474838954
"4202dc3f8255586e1ccfff46",480169613
"420b03095062d9571144a276",1112251300
"421db6a58670e53f563eb9ad",616398605
"4224e69acf9fb071d4cab498",1117187667
"422e994aaca85628ff759004",744548399
"423ddbfe2f575e6bcb22e7b8",774384161
"424b41f5e01ea2e2ccd3ca48",574879601
"424bb491c71e913e900db76f",756234965
"42525c57e13abbfafe9bb395",1290167510
"42556b1bae874a5c09777873",1246744590
"4255eae670033d9c9e9a6e3c",804517050
"428f4bc76d4cd315ba8f89e9",405598822
"429460d5f5c5381e945cf449",1123336411
"429b049255a7edf227a980a1",465891911
"42a73bad238f2d3f5e376044",479801179
"42aa1e6f6b8220a63fe165b2",825907665
"42aaf6521fdf1dc9bc50f88e",453252368
"42ac33321bb1920fe2a78036",643886657
"42b3b56289972176c20c4990",547357389
"42b5ebbca90572b9cea79177",561011057
"42b6cf2a5225dc62342d3a20",747535507
"42c282041583e6e2090b50f2",921197920
"42cde300d741cb134a529031",458199518
"42d34ca2252acaf6e777d23b",1099285291
"42d42ad031a2c62be9b5cdca",654133422
"42d91ed3f3615247f57ebecc",1138358405
"42defcc69fa22e4c858f3c24",1040801746
"42f05e5d4862d653efda75c0",710024642
"42f1a529f5ff3a6371dccea5",641844047
"42f38b1b2dc077c88a746c1e",560555465
"42fa0158217c9cb820f2a06b",660026085
"42fc4101da60fdb41f41f0a4",970690101
"42fc6a80b882c32f6264ac10",473807951
"430112bf4fa9324f0149a879",741302532
"43041a793a13a4171f22e492",612107593
"43059ceabe98412315566838",1131962375
"430c46358b85ad4a741c7187",399554486
"4310c7a552b20afd46f930d9",859496052
"4317746d5b88142780e6897c",753210426
"43228eaa1230dc0f7f1473df",408729106
"43272151f217feab78190393",589069032
"432f082ac51bb0d39ce45b0c",1032102966
"4336ff9b2dc1d97ac8f9694a",424851535
"4340fcb9c80733260565c24b",913252330
"4345863fe83682f6091d8a77",447434398
"434782c3d1dc2b9ce7bcbbd9",779343293
"4347966ceb1770f758cb6e37",1032008758
"4347bf26ecd61ebc7a16b4a3",645688252
"4349d6bfd5a518fcb231cb3f",731663757
"434ff40bff8fad0962ec07e4",542343308
"4354c1b6b27a87c451ddaf36",430381718
"43600371d44fbbc81f6b6fa3",432533622
"436089e2bf605d00849691e8",986818262
"43650eb8b70dfa256ca64979",819099118
"436fd4dce2ff0f71232f4b6c",447419991
"437167a9db41b677da7d5a7d",446461374
"439004dc23f97a878ebf371a",737139795
"4394a27b21889bf78927ddf8",457605139
"43969367322e86c68b51c2fa",428324593
"4396f94f7f3c403c43d3ede9",557602956
"43a2ceffa8ed90bc1a43255f",473441170
"43a3fbb8218e73b956ca50fe",897060090
"43a91a731e86b9a0784f717d",765202287
"43b10ad2660d7552ab6c3b10",711082903
"43b2fb09efd1593a94b61b4c",598702091
"43b5b5a9a1615eba48ab8b66",415403814
"43c22bfa9a14df7b0126c12e",480773758
"43c88f1874dc7f91c899df36",878241137
"43d1fb0646562c3f1dd6fefa",634551042
"43d7b77a99e86e8bd21a19ff",1289741960
"43e11f10650837933261fa7e",566604527
"43e59f5312e304fc21c1e052",959395319
"43eeb2567c61bfbb059fcd4e",800060583
"43fd6b5cb01d05c9b1db0e65",651407194
"43fefda5a3b0781578d9f2d3",675032575
"440cd2efd45c019c7151902d",959416512
"442c6bda79f63bae28674b1e",499619720
"4433060d0fa95ae1382f2de1",468521376
"44394e66504a4d77587ee105",894822119
"44412a9e16b2824c4a520a72",585242875
"4443407341bec8b7b0af40b4",809219014
"444c68a7a6cd0b794768d5af",634070565
"444f102b4d54503044154ff5",524506458
"44551251fe345b31ed71aa5b",499026873
"445e241d8bfaceb149609d6a",512844673
"445fa7f5e8e9d7f12e8991d4",965251470
"446138cfd3749c0b6715b0c3",1219959458
"44672de0d6d9d0cb3b4ae938",597830045
"44760087930212643641eeb4",1077287929
"447dd594fdadb1b12ab32e6c",618202520
"447f51e37fda773ab748814b",764216281
"448ad01af4c5cfba3feeab26",1164318599
"448ad6cf4b43298a39c7b5e6",605211957
"448d159391c38e4ffcc405b4",489009505
"44916ca9b874075f55949f87",691802667
"4491bda913188aad3c66ef20",879141261
"4499adb2aa3aee94d1f1a1b3",1275656466
"449cddc4dc3ef1e93b7f7c26",483974601
"44a587fc89d6b6489157ff49",1165502828
"44b623f7fca1a306560172ac",566874243
"44b6382d9195ceb3f12d4939",932981943
"44c8131b88accb3b46b79ba5",438266701
"44cdcca08e1e66a1496fac6a",580753265
"44d596fa36e3992208292ade",673889622
"44e4574527acc86977f5bc41",507549502
"44e9224b9735235fc7271672",437999329
"44effc9574c74ea4ad98ede4",647336959
"44f0e088fee626993778e7fb",631773745
"44f5380847c175a42becfcdb",1248845201
"44f77a86369d6607753adc09",549429337
"44f8d5ab70828e06198579f3",765050774
"44fab96fa2ea501e0b94548d",1238379764
"44ff213b9cfb3604b7e4b66f",608537497
"4502e2809bb5bd47b2781212",865261988
"450c4eff7e37a271fc24ce3b",622221408
"4514844d15690b7331fdb6cb",871079115
"451744cf3ce55a98db8a3562",595293912
"4520ceed2e5fe3458850a805",1198434500
"45269f56121b796d0392e2da",1158977631
"4526cb4a2b8238dcc4e496e3",1004685689
"452ae373210337b8008ea2a3",1301534043
"452e0518f7164287e47e6354",558283476
"453202a234f5b370ae9e586f",793864805
"453ef603a66a34f17ae22227",856940507
"454e4126257189bcce9b681b",1135248348
"45550aa81c0151f1fd9fd8fe",1007548819
"456243bb3fab3e74df21b5a0",508434921
"4565bcc95c54bf0c8d376eb0",930124554
"4570a3ca0571c70657b4a1c6",568431444
"45750daec6238508791d0d4c",642386454
"4577c1623c8407e95e893e63",605461315
"4582ec985de48290c5f1f5e1",515510767
"4583a6b01449530079415768",1164318599
"45917f1bac415feac7e41124",452961263
"45969f25857aa7263927b400",1030950279
"459963742bbaadbd9db97723",693145330
"45a033d121ca5afef24161ba",708779266
"45a7517c4d29f5bc7787dedf",767256244
"45a8f6d942533794501d775d",683196651
"45aa335dae223bccb31ff7cc",786394678
"45abee1de734dc32936d0b1d",607654968
"45ac018012e7dd91d41a5876",541745085
"45ae1e929b0fc88718151191",440967591
"45ae8ffacfd00fb4a4f53d0f",975401392
"45b894a8b028be29ed137f1e",1327151086
"45badd183bb1a4c630174f3a",596279737
"45ccde79aee811756030903d",1034844575
"45dd7eee4488e88d71d46783",1203243077
"45e2395bee937c187e3486e2",799844789
"45e2411d38589a2d85774c5f",718067756
"45e92799de1a5334c3d2d72f",461380450
"45ee2db87e9ca0a1a9faf050",588184894
"45f18e0bb676d2495a227dfb",438409944
"45f24dd99d362f49c0adb875",400477891
"45fc0d46c7a4df7ff6976fce",1035317040
"46136f5f078dd31170c58e64",856144228
"4615a8a7af9d7cefc7fe4c4a",1190188614
"46161effff173111bb6c3a32",984498273
"461749398bbd48d69b444d7b",460610704
"4623317e8c9044e314ccc4e8",746126034
"4625168852b335b223a05bb3",780353304
"462c7546b358b00e617ce012",681133599
"462ced9cfb28550c160e5664",809956810
"4630a9af58fb79c0008e5fa1",667162018
"4632f1e8fc93e268ddeba07b",578516496
"464039bbcabc650d659f6683",638092607
"464864b367e16547fe319229",674429782
"46529f0455fd35b2f4a489d0",467129145
"4662aa1c44351dfe271e3a9d",1031025686
"46673c69814a0b3f25818dee",1050766776
"466c542d7825d36d18a86486",811226954
"466d4240af2cfd09a31cf3ff",563599203
"4670d21fa84e40184f03d5de",396560985
"4672d1c9c3b04fcc87a0ae9b",815346600
"4673ef4fa28aabb0fe61043b",403969822
"468df200fa490e667bfaa31d",913545966
"46941e09b153ec19f86c0c2a",1227646258
"469b33a6f153ec334b6123d7",456084740
"46a2a88ef09b2aab932ea02a",778762629
"46a7d0f520dd1e78c0cbce0f",764097063
"46aa67b5e0abe39dae442d76",394437055
"46c34a4e5987c20eb1f5ff99",661769042
"46c42803286c800351fe633b",560228816
"46cf5b18fd7bac0d3332d70a",808882986
"46d0544f411bbfb6b452858c",596013291
"46d34fc9a8edcc199a537b30",1171351401
"46d4b0cdc81137aa56f516df",1122391024
"46d77c92811f0c87d2d4907d",965788723
"46d8bb3e9a0ca584d3c7a317",576295236
"46dcddfc78444011abd29870",625860735
"46de3fbec5bc6c0e256e7751",500378583
"46e7860100b0c09a6a475b9e",725294905
"46eeb8f186f86f7859274d4d",1011866013
"46f0731f62232b32eb733dc3",696727032
"46fb04e7578da5741f6da4b8",491055737
"46fcc0d53b263beae95b8eb9",1143700051
"46ff039321805b51870c64f2",938977442
"47051c25acf866250b5d3ec4",819340017
"4718488d664194a3c0c5b446",670278296
"471b5135fced50f7cb4197e2",537107439
"471bd64a0576aa67f494eb98",1119144789
"471d6fb8037049e1e4d120a7",1041897187
"4721d06c49413558bda1fb68",452508880
"472601b5b5719855ae3528af",925866587
"47344a66471fa51f61c64652",751026179
"473a59415b6214218a15e363",829248507
"473cb30713e88ecf782651fd",647644681
"4769743185eaeb0e4158e0e0",521055366
"47720fb9e2586dced75db114",517774993
"478ac408d2a5c603aa23cbd5",1060579242
"478e13e8c1cb5bc80f1080e0",739108193
"4794d9994512f01a4bbb6c48",580779532
"479b2c9c12602551bbd0212a",493821591
"47a3c63f65a9794384c655dc",779848418
"47b5804ba1a998c3e7544092",638314056
"47bed52dee0d311ae0016b08",616930982
"47bf8d322af3c13e8868ed0a",692701875
"47c2934aaa5934c68dcb9e51",1037997957
"47d252717c4bcae3e1ff19e4",764097063
"47d288f8f9227013424d6976",402033438
"47d7ba800f164f397fcafa9d",593688982
"47e0c773f65485ab7c78d49f",507540586
"47e282cb12ae01243d713178",464460904
"47e5ea8cb7f5ab6703803690",728737048
"47e6a61fd652a3dd37556ddf",698456919
"47f7065118bcd4c3878e50fc",634018537
"47fe78f6299f757b231be10e",792913198
"480041bbef3a540df2a36ea2",754643479
"4803a3aedb6c20eb194469c1",609637615
"480aa7fe286f4aa31f56d4b9",772520629
"48107a1dd2a3b027637f250a",861650450
"481492907baba4574d4a6f35",1051858955
"48299e52748ecff3b69f7a90",622670832
"482c7150c7555cb35558398c",1179120337
"482f57e65a3f4c6792775a05",442069043
"48378a6148532f71abcc2f98",772520629
"4845ca0d30483b36bfa55061",881876874
"484922bbe02cb218ced0e779",416421871
"484cde8e47fbf62a339c8219",614254885
"485cd615660dda11586f797c",740664151
"48740edcbe275bed3c82efed",744398264
"487ede1f7f155194b69c531a",415482151
"48815b454dfb64fe60e2cde4",546717487
"4883f7ce7086ba9c8ddd4315",697526621
"488cdcddd0938ad0205ab8f0",1323089350
"4890edc33a555cbbac71795c",852051803
"4893b21db2d6aa4417e1cd1d",1033662465
"48976c41de22ddaea3f8c296",590480621
"489fca3e6dc044412d00cca1",872376562
"48a20e676a060954308c9ecf",456295908
"48aa146a36aba8a0270a8a1d",1048909357
"48b1f800656bcae6a9e70802",603911615
"48b270a493af4fa28dab9211",465164978
"48b34600046c903f0ae4e6d1",970175975
"48b9efef82faf72bcbdf66b2",915647569
"48bee96c1f65b8e283d67483",448320681
"48c346042d9cb826a3714466",461510548
"48d3b0ef6e5f999bb90fbfc1",603510213
"48de5d43e88caea594ccd27c",858017965
"48df432642971a97d3d4bd45",597457482
"48e687093fb26d29cda9ad6e",398782644
"48e71c45f41778f8dca24cf5",554796151
"48ebc3d79e01061c926066ba",402216722
"48f1c6e343a4724ed865533b",1133164706
"48f9e9a87e7fc0a678460e05",894135344
"4902ccbe8456d3f0a29e5059",548768751
"490b89e972abd7e64b5ba6c2",894822119
"4911a6285f548dd30c8061e3",565631250
"4911d01ea0a4505d5db5bb2d",575681885
"4911f8879e5bc9c27ac13bb1",412864026
"4912c91afa6e4aff6ffdc6a8",1081314701
"493367258be5d63dc8db97d1",1054188119
"494580f4974c33d7ce0cdb28",1128891485
"4954ce465ba712543bdf34fb",429492532
"4957e0b129c5caf47b026c58",735473292
"495aa774f4db66db6df30e93",455576801
"495b6e61d1b887f8b4c1bcbf",413567919
"495eeef459e80680720a0ec8",437514946
"4962650cfa3decf487ccbd0c",985223706
"496ce19c015093e97144d375",484695405
"496fd5c93b2a578d970ed55f",455921679
"49721aafec7123f6ff4d8010",613328085
"49737c7682eff2513869b3f7",848934804
"4977af03eebca1aa266289e2",855628527
"498d632cf0868a8e641cecb2",409377279
"498de85ba30cb01e9c686081",522738783
"4993d1487d78cd9ae2c23619",1161042080
"499f6f4997474415f0bd596f",910014989
"49a0715897795017ee0de843",508685694
"49a2d111903c77053d44573f",476501370
"49a4cebdb22fc2d72bd1aa78",442585727
"49ad389014995f0187edf726",648728817
"49b59d19432dbeb8921e57b8",894521597
"49bb5311607e4c7600caa03b",553211094
"49bdf0f970af03d83a57dcff",955792456
"49cc8164d94a2afe8b750af4",470347716
"49ce19caa1325233d0de331e",1132796898
"49d020d2056717c2108b0927",806202832
"49d42ab711abd95fb5947c0d",883407570
"49d6752dd196e7dd583baf44",465215533
"49d9cb2bcc98d69222b03165",987421134
"49dbaf0bcca86f32f86e641e",1153029312
"49e531941384af389b0aff59",446866883
"49f0323d28ef0610248c87c0",785786811
"49fb2771ea6c1e8950cc9a57",698695633
"4a016eba4744dd01954f137f",390793474
"4a119b1bbf04b4bd6051c5b1",842732516
"4a20d03d09fb9d0ee5565ec9",571691155
"4a2ae08359e1ecd39b43afbc",661922609
"4a33d213841d2af537aa967a",829769361
"4a3a6698b5490216e8f8e6f5",1300378168
"4a3d0390e005fa5b4c9403f4",1126840049
"4a3defc2b7d2cd751c9c970e",949139646
"4a4fe76c58f5735ce6b018aa",796661856
"4a5405b1e181f5b10fec35a6",916113093
"4a611bd82c9216a3771ca7b6",764043798
"4a629aaf60a113402834c042",1149507208
"4a7156189e1f06b0fe87a7fc",675634680
"4a73dad0ff8a5262e8b07c4b",884718959
"4a7ecb05c9886bc35f6b9160",663435046
"4a809b3987cff0290c1df8fc",438193574
"4a80ffd8e908a3291a32fb6d",940129907
"4a81bdc14b5bcc4c84f5ce4b",442110766
"4a85c36fb854e922936b57fa",400062136
"4a8acae29064919c68fc8600",635711256
"4a8eaccbde5a4a6747818d29",746634749
"4a9e2358d64df916e2cfa213",626587828
"4aaf6763c105ddf2a6eddbfe",428420042
"4abef5720fd889512ecff70a",764620828
"4ac4fbcacef08524ccbf3623",385493822
"4addcabbe23020d3d0d46ac6",584959352
"4ae10e7fec364242c88e511b",570899713
"4ae6d75b10848d259ecba576",690150069
"4ae7dd50c6b743bd47340f20",682075155
"4aebacb9ecd0a117307c7841",960414679
"4af83eb7718f5823ae69fe47",793008394
"4afa3a1b63c076123e7a5279",1193298937
"4b04e0296820d04421db5219",457973532
"4b068c79664179605b145a15",852627084
"4b092d4d5885cc224f6775e9",432568656
"4b0ac2ce45d7ee385ca369a2",855357216
"4b0fba692104472b36c38c3d",720324014
"4b193d78ea6e3740bf37b36a",487435929
"4b30968cdae59b4ef3298f19",1000025969
"4b38595746dcb78fbb459781",555336891
"4b3a6baf8196a59bac8c08c0",497092713
"4b45cba0d601f29c2b7db97a",865875513
"4b52ebb0f0a8878def4170c9",761166100
"4b6fb9b705d80ff350bd620e",487320846
"4b75f2b374e8674e8b55eceb",983243409
"4b82eef445edeae7a55fd019",578934547
"4b8d7217da1b1f225f254914",833858402
"4b905620f76873355d317dc1",687882758
"4b92ca1cee4739104e620871",1294240706
"4ba19ab08d1fe7f72d0dd37a",730238623
"4ba65b1fb8d8ab0a914b0b8c",622744191
"4ba85374c1d1f1d3f4632ca1",383067012
"4baceaad0b0081bdaa37473c",889724347
"4bad47078442f3416b2c1ff4",458285464
"4bad966abb5e8c4121ec69fc",610718946
"4baf1bfced8e85013eca94b9",970101148
"4bb0666c55d174e0280482a0",582856735
"4bb5265c6e63449e5fbaa270",1028310478
"4bc1e2cf5e5ffcbe1020df08",793311942
"4bc3f597867c6844e9b47fc9",415403814
"4bd031478b15017efd41b2bf",1066049976
"4bd0a354d75759510ab6bb46",757095593
"4bd30aa3e2b4aa077ae27490",616551026
"4bdff22689954e5b1e575d30",719652751
"4be510fa977b93e34a789f26",496796812
"4be6d93d8ae1375156444f05",529991962
"4becfb041b0439429f2cffb4",505835305
"4bf02d040efe5358d4a5940a",1067856260
"4bf284e6ba81bcaa21a437fd",691098036
"4bf620c6c6d4c916bea70e81",778575933
"4bf70f19da0bddec9241d310",501798175
"4bf89c9e50c5417ed669c481",575740829
"4c00508300f40d74c79f2596",540328566
"4c03afca943c3f2484b8db6f",441708665
"4c0892a39011cc6a37fc1145",553540644
"4c0f9275581b5572635613a1",451516548
"4c11f4ebc622483532c24a06",632365457
"4c14547b7e02e75204ca9f4a",673668893
"4c243fc50d5511a1288bdc0f",565401543
"4c25d939eb3ec218403dc4ce",817599065
"4c2b14bfeacd87b878cbcc92",823382635
"4c3865a97f5877090e7a9649",586273439
"4c3a2b3e3d5999f747ae0d53",985723148
"4c40683e401dae89f6537ab0",559815289
"4c59acda820b7b75823fa277",544060720
"4c5b79f3656501fce2e2178d",603992321
"4c5d3dd8802acb9ee22ab912",1028919331
"4c79f17573007a39bb2b4b7b",969727103
"4c7e7cfb286d82aa96356fb5",872861148
"4c8ca73cb51a58933de61f0b",863098343
"4c90ce573f1d61d11294d05c",1114208259
"4c94103d4366bcaaee4b550f",903869050
"4c9dc4494a3428435457f575",412368476
"4c9e6812520f4aea4ce435ae",873686249
"4c9f3af11fa91e729384580c",867773315
"4ca66e564ed478d06c471357",694122957
"4caab3951bd6cb6dc71ac8a0",641238575
"4cac81eebdeb45eb0e8aa5fe",573801925
"4caf356c110a50c6c94f3eab",830593715
"4cb11f32806c0e07b4251984",545635836
"4cb59b46927df31150830d5e",605152262
"4cb5e4aa83c476a5b71d77ce",890708758
"4cb9319ff5adaa62386b713b",967422146
"4cbc74a93e33f7b4812e1a7c",615081374
"4cbe75a162b076c4c454dfe9",475637320
"4cc8c95dee29e43463a8dfd9",502848139
"4cc968db25c2cf03991c0041",914723400
"4cd5338bcf246ebf263baa35",424293971
"4cdaece5d1dd4e089a99f47b",492350083
"4cdbcefc434b48ba3d51a498",1070402964
"4ce0fcf14266d144c82f8d4b",573815385
"4cea8ea969dcc433fcb59d96",796360303
"4cfd1be6a93641b110fcaf67",422025509
"4d069f925100b6cad0b657b8",447434398
"4d0985935e1432b3916d45be",861876903
"4d09c2354c67243c968dbbcb",515553480
"4d09ece928ffac7e7d270bd8",465669195
"4d0cf77f8cfcada2265ac585",400959054
"4d1b0315b5aaf21bac150d96",647455307
"4d1f49443787c874ba19f968",1111247689
"4d20f253940a4492b4f6a9f0",635904210
"4d2ec23fff8eb502a9d93353",964353743
"4d35e00e86a9d508d82ea90a",415020639
"4d3a66e028dc8f3e9ad9e9cf",848417401
"4d3d887d2236c2f897f3bbd4",470112941
"4d3f5e7ecf4d361d7eb55f5e",583341471
"4d418d0079828e244dbaff5a",594750786
"4d45fbe5a5d39188b5eccbfe",789815034
"4d485ae48974213b1594c905",875138966
"4d592a67596afbca92d26bcb",731758476
"4d60db10157fd0b5eab9a23f",616043263
"4d666967b74ccdf5b04e9787",443768093
"4d69f7c7e0e837879abbdf78",466553903
"4d743a1250f7d91e2782708e",662818201
"4d852bd93332172bfb081aff",978840046
"4d85bbc09ae56cd85a8f87c6",546122363
"4d882ac2b82569f74aa08824",400236241
"4d8b338266822739bc9c8fc9",1005554839
"4d8deb43d663fb079262708f",833087395
"4d8e365b35a6b8ebe6d7a15f",621227756
"4d94a2295f612b96264a0db8",489146065
"4da8ef54252a92d9cc62c174",955298598
"4da93e7126354a474d435a4a",942194558
"4dacc190eae91b059dacbb00",1270821040
"4daf52564456895ca7f4429c",696997504
"4db632fdebc000c9e64a589b",712713925
"4db834146c4e73b515d510ce",531860439
"4db8d32011163bc4fe01d02e",607087198
"4db8d529af9f718e6d81a85d",414869671
"4dcaaac494053749f30875fa",1123450358
"4dd3d1288ccb66ee4fb9c097",1081556022
"4df222356df121a41adadda7",394524526
"4df3717406f9852284576caa",612638290
"4e01f07ee4b1241360de460e",1189012605
"4e0b1df5e05ac505c701f519",468692484
"4e0b293ec3d5eda7d9fcf8b6",666983016
"4e104916ab915cf3c0bef846",930558356
"4e134600155a64783b3f8c3e",866125494
"4e1b5798dcbed1842f260b17",699985584
"4e1bfbbd8689a95fc97fabdd",486387147
"4e25bad08182b79f5ba9639b",1044425380
"4e27458d179a469435d02ff4",734503306
"4e327acca2e033c3fb305c5d",667043413
"4e3cce6b581e74879c2dbc4f",430095836
"4e47d2c8ccf9929ad9c84544",575570122
"4e4abc111c07656e5bbdb0ee",666856721
"4e613cde51f9760d3c051562",814599424
"4e665d479b3bf2e25cd463a2",827799039
"4e6f695bcd4d3c0d8497c1fd",1164477647
"4e78cffaea2008f3919ba0ae",479084767
"4e78d095988a92642a1bd18c",527287029
"4e7d3cbe3c62123fa7e2d969",884421371
"4e84c5953b493be7ca96103a",694209788
"4e878e99ad2fc34400381c3d",734409819
"4e8cdb49a2bdf68ad8d12625",1003339441
"4e9acf6e9f80f65178766740",769891774
"4e9f1e21c855f1166428fbdd",451790140
"4ea46b833575642ecb2ed1cf",402216722
"4ec02a406caf200b700f5c62",658309533
"4ec06163d39f96baebe11bd3",470506332
"4ec0aee1b202642d2739068b",845928432
"4ec4683fcf928d9fb33eb7b9",721645728
"4ec47b8100d224499ec608e8",859028973
"4ec5ab39cae4afc3b0e69438",1068737711
"4ec741bc6ab20515070cf1ee",782592254
"4ecf579a5d5e70d3b4314ef7",976481024
"4ed3eb724d4e57a7b35ddf5c",676019195
"4ed5718470ffa3e5b5f40bae",581256825
"4eeafa126ac5f301cf60f9ff",421647812
"4eeb8b5347526d721092a7be",665618153
"4eff2f2297ce85a0a3964d2c",893584176
"4f076c220dad47bd9bf248a6",918809118
"4f0b2f7e4d787a108a4d2537",847745522
"4f140229175de685a0999773",482125518
"4f18341de355d2cf57a03983",468058605
"4f2ca698ff03df0c6386e48f",779848418
"4f3c7b9bc78f882f858b3d3a",387822579
"4f431d80287051ca323f2c08",823382635
"4f450ba5de4766e5ecb8a4a5",484960393
"4f480aae78aa068901ee9468",435093802
"4f4e3350c429c6afc0bb0094",765740883
"4f4f7d2b14079ddf8754d6ad",683148611
"4f500afb7f7bb42189820a18",889316743
"4f5bc448658287ffb3d49b75",831397008
"4f5de1bc90694fedd216ef40",1236189572
"4f65732875c007d3c1102140",429501645
"4f7d630c921cff500705ee5a",540599819
"4f8dfb8de411b8a05c55dbbb",797216385
"4f992c2a0526c0074bbcd875",482340888
"4f99b97100d003ba3a2ecd46",670043220
"4fa51848638f4437a3e31682",909311918
"4fab4e66ead1948498d2a4dd",602025378
"4fb644a95cc04f7bc6cda786",440247365
"4fc89ee51cb0e1b9d6459819",1217328770
"4fcba82455866a6931590dec",944097626
"4fd7984773d2872e51574ffd",830689608
"4fd8643e1c43ce9a0c18a19e",971398192
"4fd8d01a5c3abb90ad70cbe6",630340645
"4fd907c202de4f06cade3b3b",1046973307
"4fdc382b65441412fef509ad",1071700931
"4fe0482ad622080f55a0460f",584423447
"4ff17c9b88aeeff105b8301c",476680872
"4ff6c53c0bcfd1d24bac7ad5",643206792
"500a3c5953f89b431184fead",690211241
"500d7c5346ca11ba934e7ca5",855264322
"501193fb57014ffbd7bf218f",582548741
"501531d637608f7098ba6242",756473391
"50160783a9a0503df5a38dee",588369561
"502154647e351af240615b98",577557282
"50287f73d47b4cc4c2e1840f",875159442
"502aca1a1097438b32eb362e",1135433972
"502aff943d74cd4cbb976dcc",778688574
"503a04e079773a04f2abe075",766929053
"503f33d11f75b6b5102ba4ad",421276952
"5045ba9a65b4bce4fd305f82",749053052
"50563038c05963223b459beb",878889145
"505740f7746e0154932dbdc0",462254179
"505f3d545ce83d0c848f828d",938536654
"506763d35b04358fb0e967ff",850575053
"506b653545eebba4c8821588",1342407072
"506d4cc6613a07c313a12de4",766820047
"506f2b1ff3e4e7e43a5596f2",1093050126
"50857161c59b991304f5c55c",671872581
"508bfd077c80b6cdfc5a10e1",770407706
"5098115b26f2473c812b70ed",735196817
"50b2bb276e598c9cfdb42b0b",742608668
"50b619ba3e0b2a4c6512bc97",638583896
"50c123baa5783185ddbe29c6",805849590
"50cb0ad562ab5ef4e06f84ed",742993679
"50cb49d65d04a5d166f96e3c",423519619
"50cb893af4ad0e21a69f05d5",692701875
"50d8333064f0560cbe549f89",613985995
"50db9d168354ea3d75a03a6f",661019669
"50de04936770f874e1eb86c2",454198582
"50eeed30ba674cb079689afb",600118493
"50f8068603edac10c87411ec",428030833
"50fe589dea73e764b7735938",400780030
"5102f4786cc032e24781c7ab",836014376
"510c03bfb80d92d180803887",410115525
"5110c49047db23ac3aa4ace4",669604285
"5115b0da9c95559dcee9e58d",1092877615
"5122b2e9638d3438434fc56b",1252600233
"51230c899cea0054bb74cc44",424779890
"51273a81121232e7f30cfd1e",498386136
"512a6de80962ab797ed2bf72",1080945131
"512b4ad817c387bed877b7d1",1291598885
"512effa47a1c7a5420bdcd6e",407556789
"513211d9f07fd6645711ae31",502994564
"513a83ac5bfe27c5b813ce4d",523647787
"513aa9c91c245ee4be31507c",909918804
"513c6ea5a3c2c560c409eaa8",1323463990
"513d0ddf1ce44ca671675fe1",1051858955
"5146ecaa8b7ed507c4f30785",809212355
"514aefd8a44ca048a8088c51",990657696
"514b09016ef85b9ddc4fafb2",788838700
"51516e102f8d43a07037ed29",1077775374
"5155f70c7f8978e487e71479",1030950279
"51608bf64739db05c47a3bc8",645024462
"516881e914708f6ea6062ad1",773781276
"51744814dd3a7e60c0791041",737937519
"518858c561af5c13c8aef9f9",745505292
"518b37b51f824fa0fb5075d3",1124790946
"5193b43c32a2bfb3aac6b2af",862937993
"51a0a1a680770b625579e25b",1291598885
"51a696388218fc2e412f8806",761463658
"51a8c190ffb673d4fc27f4e1",927423421
"51ba7338f5900d8ef12206fe",738573626
"51bf7bc1c19fcd42e71f2463",671255052
"51c48d17e774d6cd84f4c355",602680882
"51c4a8b438bb0d97f712af31",704496410
"51cf2fa527c3db62914169b7",486806804
"51d1df6e1f28c40dc9074b74",1277704720
"51df325f026f4cc5ed2e9a65",1287241174
"51f0f76e2a8cf50ef3650901",524949739
"51f4aec91124a9a96f4c5372",751703774
"51f94ebbd6d2533862a1fdbf",691098036
"5201393754f4a5f2a476ef0e",940778645
"520415ebcdd1a4059d18e2fc",720348484
"5219c3cae1c92b52551a8571",1021620940
"5219cb469fff40cd9606bad9",438723739
"521e9326a2003c7b56fc4365",995936731
"52338f4f7c8af6c649106a96",451351292
"5234aeb6d817b8ad876e50fe",537208989
"523605d1fbb75b0c5acec5f7",462473302
"52373e15e9dc1ad371a0c090",569064557
"5246f7d8023a4c178af6d10c",555064713
"524e00e537f841c13497cd52",635864325
"5271cd1cb962066407490051",928735868
"5272c50f1d8fded01f7fb0e0",623854772
"527a1c27e038e45d2d1fcd9f",479292873
"527a8fb085995119f846a5d1",840007110
"527e4b1b06637b5362c8f17d",570194430
"527e571030a7d8fbbf1a41c4",809981613
"528014ff6b7cdbfc174f4fcb",598985316
"5282c3c48495dc31359e70c6",426818367
"52864916eb1984abca41ec66",874892622
"52871480f7bdf5ac3d785630",708660379
"528a6345df87dd0db33bf822",619026780
"528a96aa31409c32bc9f1f63",1076355329
"529d6599d8a64c63566a11e9",429480901
"52a438d024af0d5c38627ad0",671885744
"52b3823c59546a6ff3de4d09",422390652
"52b52aced4853a3e3d7fa058",622651194
"52b699f9900d81ae85ddc7d6",518997616
"52c1ab7484e412ccbf5d57a5",849577264
"52cec2691ff635031fce9507",425373290
"52d6c4bcb442eebdab338116",850746398
"52e5904902e4d75ad87afde7",533679151
"52e7657a539be5f36f48bed8",1158296059
"52f026e670e9851b08c70542",775826205
"52f24ab479fad35c8bb5a8f6",580869448
"52fa1eb3cc7cc2f77ff98764",535947137
"52fbef3effd854b0ad0f62b1",872861148
"530a3bae5a13291c69bb8474",521234781
"530b25326f39c347a35a8caa",513383679
"5325f16558ed6d2689bcbb46",578004897
"532bf5813d7e70958f71a480",889274996
"533134592237b2748915eed8",949980133
"533363375cf2cbc50d86773c",630853059
"534466a857d28dcc598e3a49",847391040
"53462704cfc47d32492b4847",890977952
"534be635a841fe21c7a702f2",764484256
"5354a816a7da90e205448832",510100297
"535bdffc5b79d62aa6179c48",1281813145
"53647abd1d1b10c9226eac73",505835305
"53688de79b052b3185fa9435",695066006
"536b5a8aea016aaa90fe744a",810679766
"536fa59adc007df763949045",862762877
"53715a484e20d6152c76fdab",1016642376
"5372f93d988c3c917629f9f3",491189619
"537a9a2dd0ace0d0131722a1",903073987
"5384587ecbf956275d86e60a",399484771
"53870de54350a8cd7c13f014",799686034
"53881f29c7a6bef0ab537466",474771935
"539467d04a2b3e78c592b11b",414869671
"53973c17ea7e89fbee5e6cf4",369261186
"5399af7ea98c97b5906efe1d",729311219
"539c12d2fe8cbf950b75a0fd",413787312
"53a447ad5e011909080c0ecb",1292255727
"53aa9cd32e2a6aa346d3d789",692668431
"53ab42a93b6deb152951f82f",1061661366
"53b5ffa0cf0dd12e4eeb6a2a",1035817738
"53bbf1d3345eabc2a8b7f5ff",885634757
"53bdf5c3cd800459acca551c",508900750
"53d33316e237830ad463a26b",519422554
"53d3e32b1dc782308e352a33",931282757
"53de17a986d62a44d7897200",466740730
"53e14e867f8b02c6043ae02a",425684526
"53e94de217ec45ad576fd83b",691169493
"53eab0ecc3ff098d55666699",1207201366
"53ebe061b85f046ed12ee9c5",943844696
"53fbed4f9680917f0615ae7e",471007095
"53fd196fd0c0558ed1219329",403519545
"53fdb16ec08e794dba9a10ea",867346623
"53ffa19a09c447f3759f86f3",707979844
"54022fa49ecd9cf290aefc89",1006843757
"540c4d7a79864885d73cca95",467245045
"54228579fd8812c3ea160341",857396701
"5428bf7f37a94ce9fb2dd435",644404845
"542b5322e59a3273e10dcda9",838966488
"542db19bc6b9a1366715dd7e",735279029
"54304b6117b797791d266cc0",699985584
"543822711986a454cfd764e3",1225435741
"5438c2127072b47e3af428d8",889724347
"543edc342ad39b149501aaeb",405326365
"5440ee15bccc4eaf827fefa8",760650806
"54445913b2dc2d6ba35abc66",614660989
"54561e6ed5570577ea97eeeb",1108113741
"545db4962e6294cc5ed07727",955792456
"5461aeb15c7f826f0ce157e8",436437359
"5464fe43eded098294d634ba",683817261
"54673ffd4971d04493a1b1c7",696682667
"5469c33200ffa87952b356d0",412718233
"546b56fbf616a6dfd1ad9d88",867536760
"546d570784c7ab8746bba80e",527413890
"5472d536d1b6b731537bb67e",510205021
"547661e79bf0c62cb8de63d1",716081524
"547c8638128424b89d602f50",1084059832
"548791b5faf236b1c03b7523",742534460
"549024cda1c093c9f8bc2ea3",438544774
"54933f8b33a4fd6f031ed5be",732192569
"54952b5f463c64c605576601",449862380
"5498b3e3ca091bb81be87166",603558835
"549ebb2f616d50ca778e92cb",785965446
"54a09a85767156b072c808c8",794566285
"54aad3aa4a166d2d50df48cb",1144732834
"54b474bc7cb126bfe8e6c144",852024699
"54bc553b5b8abad0ceed4d53",498636286
"54c0e5e6d368ec51f6e75c1e",793188480
"54c33befb89cc873771c3be6",1230454903
"54c3eff286c62f05ebe2ba57",466090692
"54c74b36962edcc922573792",510109545
"54c9bffcdc46819f67e4b3d1",889828635
"54cdeb67ca9ea56205e4e533",1040916414
"54d10cb2a44179fd4d726f1b",724728778
"54d11dce9374378326f7ac62",442950995
"54de2275006e273686ae5fac",958918052
"54ec4fd8f49c897c644ce83a",857226344
"54f16cb9563346e15b019102",427044577
"54f7aab6b91b48272a81fb47",532521072
"54fb79bb019bfd10e5481ec9",815817730
"550157aa4dae5fafc5d795b4",609859971
"550c5061428d09afa0c409f3",736655672
"55118881731616058c929b1a",1059605395
"55163359d7cd910861059389",1017040581
"551ca6ad1ecfc7ac21f8ef0d",870353964
"55209683056fe2f9faef7fc8",524259052
"5520cf373444931ed8630635",530246401
"552152b60bdc1ca16d2dbb71",689177594
"552217c633d2562cdcaa81bb",681454693
"5529091bcc05ba5cb2156b15",613915627
"5529d858e9c9e3e92ce8a95a",453661569
"552ab0964056c1d1d1b7398c",891932068
"552b01d72edb192663998c4b",972884486
"5531b9663c5a37a2bdd97e9a",616078414
"5537b994e85c2688fe555d5c",580545161
"5541cbe23acd6ffd4aa0d939",702551773
"554ec896fe4f9d8f2e8eabe0",975481034
"55597a7b8637f24198415ed8",864528821
"555a293dbc104e00f182fe34",577898247
"5561eab714583013b422e7d4",779848418
"556210496090b42ac10cf1b8",1069421020
"55657bb933aa2ea3083e0b90",424877464
"556a39ca66e10ba3545f2234",513767027
"556cb23459a9007127b3ad46",896280734
"557e40fdc93c1824b0bed769",463337025
"558b7d06789a1c8e488c38d2",667473087
"558cb38bcb8de04588bdfa30",651959430
"558d9e4b57fbe6c7e0a09a95",895784138
"55902baa0ece72e2e8c869d6",996789885
"559fabe06aaee537322d0af8",437740035
"55a615a3b3919798d54e885f",682425820
"55a615b65a28b64d46ec63e4",405712934
"55ae7bc854658aa5fa49d368",545160172
"55b72f6c7163a9b0b3b0b262",534209045
"55bfd350162592f2571e3a0d",682641595
"55c5e58ec636586755df3dee",552925642
"55c5eeb4861e8cd71731274d",1191305846
"55c7cbf5e572d2342d0d7071",741432804
"55d0225b44a81e82eea3efcf",1049900386
"55d2ad80322427ee3426dceb",1113077882
"55d47b5f3d0d2dd7c2bf4034",585129116
"55d4b530b881abfce2d03e56",833295196
"55e307c88e2a943acd64a9a5",628640689
"55ea155410b001104518e992",515083173
"55f0e95dc857256aec65ec1a",1342134166
"55f67dd7302b68477e803399",486100856
"55f747145222c070fdd50175",816838450
"55ff644abd72eaff17d533f0",1235773719
"5607cef08511dbbf3288a5bd",685783283
"560a750cb6f8683ccac4563b",842732516
"561689dc0f267cc5011ede3a",1133575696
"561840990333852ace562b82",585204211
"561a262410ca91d69a58645f",1159800220
"561cf254aba002fdef8258ff",596881260
"56234f11aae98489ae00a8d3",601709223
"562c7846b05072561d96698d",507571151
"56334a9db3ccc24faf138edf",841676657
"5637f3d3278ea049333afff4",438552241
"5644b84ee2edcf7267b2189c",916113093
"5648633b1f92de1ddaa7e7ab",502653088
"565fb93190cd34ac8b01f01b",765050774
"5664cfe452394ff9376bcc8b",450644289
"5666f3c36f0ce4eab2c39299",644822315
"567ca46ac91cc53e3b479547",418491748
"56807890f8587cd75893aec9",739108193
"56822f406646f93fb39d9e60",421779438
"568509a7aba60f8fe2d0cd5a",502428183
"5688288ee38f1a69894ac77a",883547516
"5694c1f689779fb5ca95686f",498693604
"56991f74ed430ed942b2d6d6",943126480
"569bb17b961fbdadf7106d56",1284981915
"569e2cad5c18a5f393f80a8d",752345467
"56a7470ed14454665aaef75a",1326886417
"56ae6108c1b53c649da2f6ba",574658612
"56b22bd973f94a4bfaaf6b33",632484444
"56b78bb57b2d1f064c47891f",552511362
"56b7a6da82134b135fb7de2d",964378808
"56ba332c82c36f07ba6bd271",1284339503
"56bd3b61805077405af098a9",525602464
"56c2e8e14f9c6c9a9f046a08",557602956
"56c41a58ed5b9864b68fc910",504866068
"56c6bf831d3c6737e3844969",702868867
"56dd1bc39664f8e9f316851b",827322086
"56ddb54e50deaf650a25e82c",643131210
"56e3e7d822e13838ab9f85b0",758675220
"56e5afaecb2cac6293cde16d",471516936
"56f30ea777f5493139f22384",1099285291
"56f72c2d672b7bc3c264f7fd",592830323
"56fc1855dc6375dee0506133",745086268
"56fe5c13f11813b82dfb04f8",682682756
"56ff1f7e81fda0c8491c354d",538998765
"5703b4ab6e77d88f751bc6e7",639972500
"5703df84eef7ca9bec5bde45",878735588
"57062f248424c47282d3da30",728249897
"5716ed7d678cc2575397174d",427065839
"5717732a654405ba208c0f5f",1107811122
"571e1a8c252cd67ee0475974",1008310688
"57238dca767ebf3a842c5f10",948687855
"572488a9a75f64434dca5dc5",485031675
"5724ecee1b12e888d538c1fe",643948694
"572ae40f693551547e13a196",1105155846
"5731cdf8cac0b8371d786c90",809956810
"5734cd4805f5c055d36ec645",716883886
"5738bc8873b341bf92ece0db",598971813
"573bf87f57db6e037aeb94b1",803171729
"573ea1962372999346590c0f",1041301755
"574b6bef16abb21fd67db401",535330380
"57551742fefae23bb32571f4",698945764
"5766f7cfab59c920081e3046",560966092
"57744cb947a923584fc6bcc4",423965868
"577b17cb350bd2a646725b6d",1032102966
"5787d7c671378e596edfb58c",790034857
"57891292fbd530872cbe68b2",1084492280
"5790e4cf8102dba35e184ca1",645711689
"5796e37eb1a995db5cc06eea",458981267
"57999ba0ed9089739a1f4de1",846288113
"579ee47bc31f5408314bca28",582140108
"57a5f4f83a474ae156f207ee",739108193
"57aa22792684debb8d4079dc",553211094
"57b3791f2c5acffb0097f7c4",1207824165
"57b7aff18c444fa3c577b079",466215304
"57c1ed738536d177d66fc52c",1291598885
"57c29184563b31f5f752c5c1",1169765603
"57c63e412f3fceedd3a7e698",792224448
"57c68d470f6248d00b6719e4",764191147
"57c74f7b9bc5e33cc823439f",759449585
"57c7684f8cd8d78909711b53",484403226
"57c87ce038e4e523b4ec189b",881882640
"57cafce17dc4de3bf8a9ba90",1022188385
"57d17db2cc5ce1aa889f1f50",1076678782
"57d8cac189a13c180f08cd2d",481119758
"57dd353ac00d0e99abdb3733",1168328254
"57deff02895d5286eda10d89",1118161015
"57e5120d0b71ec6a67746a59",678593707
"57e8ea351ecd1ff0825b1324",787686868
"57eaaaf24cf82d885f0f1dff",553211094
"57ef53ecf8b709ddc05aceec",785538556
"57f4a3f6fe2e41ad97116002",594912485
"57f8a1e37c4ffb1b8cbd342a",642823097
"57fd11f829e31e198326ac98",1247189788
"580452a616b4f5170eb628d0",506307956
"580d8eee8dc4b7d43cb193c7",889724347
"5814a1dd61362ded4f1d8d8d",1327682263
"5814dc311aa87b24e26aceb3",1067561720
"58185ef7646efa724e904f5b",642907908
"5826567e12ee3192785e36f3",1117163171
"5838e86b74020a5bead56161",436614898
"583a8d8c5d7fa63125f62155",806248641
"583af1118e60e46c347ec593",1284767127
"584364cece0bc4d17f0e7fac",421870187
"5844c83fecdf7e09b188c2f0",618486820
"584990ea9718bb5598495061",388550765
"5852773a80f7f1b929c7dabc",1337376602
"5859ec20de4a5036292ee947",970287708
"586fde402c82c1eb5a74d634",461465866
"58708fd9e83147daf1a80c48",439807895
"587e67078115103d184970be",420135421
"588400f7829874f9de919e39",614968122
"5885faa4aac834118c5e4351",463097119
"58954e79191c62ceb1ead100",1055548485
"58a3a9f44bc7846ae26413e5",661705768
"58a5dacf2f664512c2b00ea2",725522551
"58a724e8a0e05140b07539b6",811552107
"58a86bf535b4c16b50dfca06",392693355
"58ac250fa52a1ac7ce39f70f",467407350
"58b139bc16fa2731e4b76f28",561357131
"58b3ab31de2f9fdb0da0dc8d",821688479
"58b40969f1b73182cb6d30db",550992760
"58bc2b0acdb0702732894fa9",545829943
"58bc65fd2e0e4430fb353d83",937446686
"58be66aeab226c35330d57d5",568507807
"58c2b87098ad454b1fadb13a",743247712
"58c6518f9d2d0526d31e7566",425220289
"58cdc29143b85386c76bedbd",1008632693
"58d24ab99d74ae4c449c90ba",716883886
"58d92e8a26589e37b7123716",549582853
"58f02c785ee9a506e899b967",823970794
"58f55e9bf743e2e3ad43c274",816086994
"5910c9b29a1025bada93a5e1",1085656534
"5915093d458d4b6589e86f59",540464863
"5921ce922675f6517f8f0007",1077168960
"5929c81cfde8ae068a8b822c",905570117
"592c9c45c07388359f663219",547168189
"5933c18b8cb17cc6e4ae91cf",1023916038
"59374f70d5e7da97e3b8b35f",1113778772
"5943151d9a76010179f6c297",663575996
"594d46a91315527995cbd807",725001580
"594d8d78af90086bf8cdf09c",773151781
"59519bb6d5d299ee0b767224",742032754
"595415e95e075b70c39d5c5d",780294888
"5960f14f2a81075fa66568f8",576357110
"5965d19a68a8414b0419bc68",876153556
"596b6f435f76058493a16cd6",1059940912
"59764968800501c68631aea3",841106512
"597d3f78e2f413acabf825c0",546123225
"59805e5f4080246ac1d92b34",672527338
"5987f6171a2bcb37062ccc94",949992862
"599506739a6544839bd97b81",900058321
"5996fc90f923d6e8527097ae",542153903
"5997da918101ff14bddf20eb",496689307
"59a309a6af425b2028a2ad69",944097626
"59a3b1a44c35ed4936cf7843",759299595
"59afb00a84b4f2a9ffbf71c6",810653806
"59b271bf9e2d29ed35352f5e",548194461
"59b5fe8d4f5ae272dbaa5ba0",1048909357
"59b88e154c07bb7c0ddb4e8f",935736106
"59b9a5730cc8a41bb7a1d16a",947950346
"59be3c447844f31267366cbe",519090470
"59c11d3de7153d2605cc2273",706370266
"59cb7abb39785d5263a156c3",839488064
"59cbc0e7dc6e6922feffab8f",695419065
"59db28ba77489750903261d5",561835583
"59dd396f70b8458772307895",820998941
"59e48259a076518d929f5db8",428758870
"59f9cc9b23cdea5bd4cc3ae9",899748095
"5a066d6bb65d28c2094051f6",717754927
"5a06a8b33611251b62d77e72",956931128
"5a11cc89d3b01eb87535ff1b",843436192
"5a12a15af3c0585d81ba8f5a",578635201
"5a16b30f4d580352710e92f1",842474804
"5a2624a08494481388f6daff",1069908487
"5a3119efc021fd0f102ab958",507901374
"5a3625846567d06dbe4cea0a",910774336
"5a38f908d8d75c5810280e12",570802499
"5a4039f0ca12767138ae585f",517387096
"5a428139d5ce6bbd9505945c",1122623811
"5a44636153b1d4a74d58513a",626125441
"5a44be6fad8878eb2c394ca9",918595427
"5a5377f2d087b7bb183783bb",527595699
"5a5a581ad5540fc82cd3c2ed",720610393
"5a6397b85f45fba27dd9311f",850360118
"5a681060eeb2fc8f1b3261da",699492882
"5a6878f8a47f1fa2fc1d600d",1202823724
"5a69ebde2e113923ddbcd18d",914829073
"5a6b30b4d33e068d421bc2a1",708417949
"5a6eab133b7e95155f6a9012",481493510
"5a72e2a62121158efe59069d",497843145
"5a7b67d4c79ecd83b7ab66e9",883298008
"5a80dd0f68dc2cf9fb1b0c03",441847362
"5a82fa348f3b97e74cdd3a61",813435810
"5a83bd697db5076016c0671e",512844673
"5a84e6d2ab8db0fc60775d03",608454796
"5a8638c17d14ec4f6d447b8c",449876356
"5a8950a64b4aea4ac13dad45",1002111009
"5a9892659590355b91442979",727461786
"5aa1667bc8db26bac1c72f5f",1008389125
"5aa715bbe2b178ad0c9e4b08",720154721
"5aa78a2bc8ec5e2be315fbcc",1025580088
"5aac1a1d5da10b76ba4b690c",985920718
"5aaed76349fc95f6c12ced7b",1303716824
"5ab0b8b0d6d93c4654b5cc14",480327096
"5abb555cb9d65db8e6c28201",450245672
"5ac98c971b9293bc6a8a6aae",1030970565
"5acc9d767e3117bed0fd8464",772520629
"5ad6f4091b77715b7f74587c",562695419
"5ad71b7cfd356a75021174ab",613287513
"5ade8e9c79288d511ce1fd79",751407820
"5ae03c0e33dc7d3e0e0d54a5",765512135
"5ae08e5999ca2ba0a1e2d8a7",654542741
"5ae2fec22f535ec2490174c5",388156275
"5ae3359bfe2a704de00e8801",545980411
"5af99278b1091dca9b0b0332",779343293
"5b0219cdbb8ed527aec91659",1043594235
"5b0530f544da162b9a8ff772",826284440
"5b0918cab84af6fa6c464037",739108193
"5b139fdb19ff722a846d71f0",809212355
"5b146f1914acf2ae78360fec",714635847
"5b169f28ea1dc473ddf11580",402216722
"5b1902dd7768f5144ae7704c",955792456
"5b29d453bd368190e0e356c2",601265673
"5b312ebdf71ab7971f9fd2d6",566148934
"5b328b80dd844db2e946302b",405989087
"5b36bc6e78872d2ca6d3d1f9",549627520
"5b377636fe30946fff973f3d",857884326
"5b3a467a3b0feb8ed81be1b7",1189806330
"5b3ba9e56e24e08e1f81e220",437289794
"5b462279f602c5b67ada82ee",619846392
"5b57258272dfd1babb29e7fb",656248224
"5b5bb8156b98eb51a58e73bd",461348252
"5b5db88fa09ecd8f4b9cef6a",525244860
"5b6f21752f3744ec6e529d74",903073987
"5b76ae185e6b41243777cb4a",427783321
"5b83b73ec31031582aabc527",425383035
"5b83d91f4d6364d3e4be1428",792492402
"5b84f5de073000ad4d4b1a04",1252600233
"5b908b8abd8dd0862440c172",576060129
"5b9469c3ff6b197bfe3513cd",615549667
"5b9a21a42d5f50ed4b10581c",942516093
"5b9bae6f556700e099fedf08",559440946
"5b9ef8d6defdaf13dccc5ae9",452137553
"5ba05f67a77cebe5cda31e74",864009622
"5ba4bb943139d7930cb91650",803829719
"5ba6b4953759b45cb83512c7",918278712
"5bb87c8d49ba8ae67a659b52",845489070
"5bb9dac6e0e9409e89aa6cee",735747224
"5bba6c40aeb129c433d2c58e",761439677
"5bbc190cdc5ff3296801ac0a",521784617
"5bbc4ff9cc3ddacb39469e27",918420464
"5bbd0476c27c53e2bcaf9462",857532966
"5bc46671989de2534553ae49",609614092
"5bd24b842a67601630036d0c",794754715
"5bd59dbebb0d6fa71efa4c66",478881834
"5bdb5174517b8faa23df9587",901669911
"5bf6c1862c0bc967da2cc484",1086279358
"5c02d79c59fb636ca4cbe86e",432561883
"5c0e328a04f881674ae1046e",817226159
"5c1bd88edef0a4146c871fcc",615335129
"5c1d1ee26cbde5b766cb4ca1",866982569
"5c208e5c37aad07602f7cd7f",498212268
"5c25ccfc7ae77f1d85981a79",519192696
"5c2ba5028fd94a6b9859de70",485235650
"5c372bd1e01f3243256e27ca",448165706
"5c3aaf3f75d6d3ae9b55cee6",662624345
"5c449356b8b2d7e0928cce59",1003726175
"5c5039602efa36222e64108a",747561093
"5c50853824c890a5a7f0cd70",586459988
"5c535b7d92e34c0fe4b66891",567209002
"5c5963c17bafef1a1bfd5e03",999940531
"5c5ea0d8bae75e0a5c88414f",901521012
"5c60d7880850970facc54bb8",816805157
"5c6e6dae74e39d33621c7119",1189326749
"5c6edbdf110bca5a66a51585",425461944
"5c77e242474e477513b60ad8",546740224
"5c789f2834a1a69aede6316c",477775472
"5c7c83526b72ced12a08e573",546411386
"5c7efb015b8ff7f108c99723",682682756
"5c802e198dc0906016741026",501540430
"5c8240a1ebf6138f81dac715",1028644570
"5c8f3b7ccb4340263c255d00",476826724
"5ca0586ab7d20dce5e9ca8a0",666493008
"5cae4522fa829a1614739b64",1162329164
"5cb29f5aaad14b6c33813580",477854777
"5cc0700421954934cd8dc445",570907271
"5cccf025fcc0a7d9ea01b170",442015289
"5cd742ea274b4a8832114080",675757597
"5cde1a59393643d7ed4e909b",819622737
"5cde51bd6de3759821216d5c",988854872
"5cf70a67ec25288657d6fff4",813515717
"5cfc9e48ab90da0f4e98a7ae",816014213
"5d030db414b00948ec10d18f",389617950
"5d09f2d1cc5fec761ac4372d",990227934
"5d17daf3e98cf433267d978f",1177436134
"5d2200b04fde91f830478aa4",479583216
"5d2be469f69f31090769efe3",817171050
"5d2fd288d33283826210cb90",1137835890
"5d34f871e5a5cb3a655a0b13",823382635
"5d42f42059617a5ca7ff3a32",541120477
"5d4a23137173c0e2288ec418",549468602
"5d507cdfb7c233cf96dc6a83",686280530
"5d54a0a596d49d9f85f1b5e8",660995571
"5d61946d53efdd9bd0af140b",925854260
"5d646ababb10f51c141e0d8a",750050257
"5d6c275d9d3326e738c875c8",897255670
"5d82060575bdb7be33e63ecb",899399871
"5d85d77a06d0f0324d15d162",1065184029
"5d86154fc1769d4dccac1269",694012245
"5d86a1db39e324770ae58efa",400324785
"5d86b884df3627d93f206952",1017040581
"5d91dd63b6aef851e0c78389",682311681
"5d97aad3e83e26b551c3399a",705165034
"5d9f8f380a6434096a0cd906",489557587
"5dac2d2027b6c81c1b7ee3a4",422025509
"5daf1136686fc538db40afad",436260427
"5db3d671b5aa03dc33f258dc",400390646
"5db50c50b523f3d454e94dc9",616296308
"5dba98aa20e371c3947c19b9",911071749
"5dbcb55dbba823dc31b041f6",1067286022
"5dc1fd6ec7ec8c8af71e3b6b",764660433
"5dc404d1c214abd2d45b2a0a",1191294304
"5dcc8f6a6854a864dcd27a87",711852877
"5de0f045039122af0052c544",968870471
"5de86bddd492f76596b17a0d",956669934
"5dead94ad2dd86dd41448994",553211094
"5dedb7b64b6ad0b514de2bfb",756234965
"5df95b44c73b249be0fc69e3",467613458
"5e0100ae728e347eedce5b14",1039562148
"5e04875f99a5e4476c0b4186",611850223
"5e113e1e878da12e312cf875",1246744590
"5e187b07578d582ff3d8e189",838198169
"5e18ac352e3f3119f5f9197a",1063160207
"5e1cc2905f7a701f895123d8",651166943
"5e36efb290bb265d81706bd4",757803765
"5e3785bd517f4faa2bcf43d6",1220611351
"5e3d7da3cfe55ad1fe609579",725287882
"5e455623c380290e0a8e4e48",445693074
"5e5ca2753a908aa1b7fe80a2",743299212
"5e5ea93675900efebecaa19a",418609471
"5e6324cfe41c3676c7d0a5da",885494488
"5e6b2661bb7ba0ce4776d483",377563941
"5e6b54654c98c2517c2e31d7",1077886432
"5e72dbafa642e4f416e6f01a",704237010
"5e7ac1ffc0886c27471d1a54",641633510
"5e7e36116dbc08932f5fcbf0",777929885
"5e8b2528c1c0a5c12a476919",1021353441
"5e931fda1e62fe41ff0f2ba2",565544467
"5e935d4a03c6abc86ac5adfa",1014152536
"5e93ed2a9b36625c4450b5bd",672280815
"5e9e9339fe1c3a06470cf7c6",617940240
"5ea150753f8d07c71af45cd9",930571841
"5eb268b95d7b6006b064f9af",739108193
"5eb815f9023e6eb97786233f",1287241174
"5ebc5cc2c1488f681cd119f2",791249465
"5ec01e911785dbd5b49b166c",495854916
"5ec12159380f4d1a85e8b0ef",498822674
"5ec3abf721e13b0d55829bba",764191147
"5ec6e033b9dcb454c57050c3",791249465
"5ecbd5b92092264f4e9101bd",611452536
"5ed1320fe84a518e267ff537",1278070290
"5ed8cd2cf2c6dd5b5241d6ac",955792456
"5edc37d9746cbef8352f0fa4",618155277
"5ee020d4adc767b3b16fffdb",399595092
"5ef33cf17d4b45277edf35a1",531774316
"5efca36c25884a2822bb7a81",540091999
"5f088237d263c37e78264bba",462980748
"5f0c7a6b4f46203648a0bacc",428119756
"5f0fa37b7c5cf77e0508abd2",1113127195
"5f18524e839c2987594a11a9",978053672
"5f26f33bd89fa7563ac6873f",592615636
"5f284a75ec8e9c72abc76695",854844783
"5f2df52db15d2e0ebd327a36",432329132
"5f2f7596a284915ebdb81a35",440694783
"5f39cf56c4e1bd43f61ecde4",677537962
"5f3a1ab21669ad9234d4dc63",842732516
"5f3a2a31f6d1838e0a9531fd",875309963
"5f467c6c80023b0174823d85",939624817
"5f4b0ec9c7452b888b33c3e8",540916628
"5f501c4532ade3f412359a1c",1147568542
"5f52e316136696cdb56e65a5",459180675
"5f5346deedcb7cf5dcd1e9be",721052379
"5f537d233678443192d22642",1140706302
"5f5856dd16c0e5131835e650",637690514
"5f6ad58df27b562db077b5ce",654214075
"5f798656baebb094a3c83793",1161520960
"5f8d0a2ab1f9136de446528a",703645999
"5f9ee280509afd55d24f39b7",674429782
"5f9fa56b99677a489a9966bf",670135872
"5fa1c8237da8fc7683bc10e0",593540843
"5fa3b0993cb43d3c72c30093",956635321
"5fb76f2095eb1a5cacc2524d",452101306
"5fb9bd3aee2e1320dcbea448",459138381
"5fc0f0c4fa019b6f1b2a016d",429496741
"5fc3634e1fcc96b9215a6cd9",1316091017
"5fc3de15eb0cd87be5ed2e6f",632196460
"5fc3ffb33090bf75a81aad8b",589975777
"5fc559104e0ba1112ce00f5d",1010138401
"5fc77edb0e5bec0ed8e72a60",728316680
"5fcd9836a3ea537fe86d457d",552036953
"5fcf1e2ab4edf13ec844decf",819099118
"5fd213a5236154ae5206c372",1256932034
"5fd3b0299c0d52e48195fbdc",443394251
"5fd89a857727753eae6632f3",527443873
"5fe25ab9cf4ea071cd6287dd",453401485
"5fe5f3c5919c0ebd57ec8e36",449642064
"5fedc401fc32ecc4d9ba7e89",450125523
"5ff696d8369101b6dc60e2ed",500567129
"6005ebd6442c62f8becdd2f5",1108261793
"600dc823c42aa64f60fc3ab9",641002693
"601193433c99337fe806b158",587427291
"601310d800d88f0d387235e4",1051409182
"6013b8c04f7b9fbc74ef1ec4",518741706
"601da8fc375ba0b3df3b38bc",1036958247
"602abdc140c40112afc1dc98",418776033
"603c736378e07570fb985ab0",900525969
"6049fb02c166ec9b4471a7c6",608468415
"604f1b5149f770a8f370fc75",428324593
"605276b332b5e5984b83ea8d",492950050
"605e7a71eecb13b23ffca0c1",580898307
"606affed5c707249158c4b49",756172326
"606df4826416ea0f146ddf99",532467261
"60704a08df293592e4cb5719",504866068
"6079fb3769f843e99b47988a",641710070
"607ed21e896eb5ffb50d5ead",445693074
"60823c81f0b98e8a57192a9b",797227395
"608a2339d558a6cea9478756",1146868055
"608b26adceba64d9ebc5486d",433516737
"608cf4f46a188cf84f853c72",447401733
"60a04215bee81d26f20cf0c3",767256244
"60a495b86d6eff1e345ecb06",503244508
"60a4f09c268e61fbbe423ff1",419254106
"60b5b0aa0c1319557cd0cc85",1172431496
"60bae7a45a084f117eda823d",902726727
"60c116411ab3cca49f7f49f1",453398438
"60c71a98253b5550d773a529",775557275
"60caee98c3cc8526d16d7f44",560555465
"60d5f19c16554cc2d8e5940f",938642602
"60dd7dc49139e7816dd8b143",728947325
"60de8c37c9eb96efc432451e",1053728184
"60e768892afb284b0e5042bb",767601770
"60f0df18cb4324ce5f4bf650",747996482
"610061a0e67aea7d222f08cf",1157742844
"6103571d9525ded3c09668c6",432450505
"61055e6eb1910507640ce6b4",854290115
"610f192d22864016cc2df1c9",744027451
"6110b5bf07cf38c437c7ca8a",1137619226
"611a369172eb6e3e2e4bdbfb",1181525174
"611a3e1d63c6ce5ff8779243",501654054
"6121943254877ee48716c4e1",400319805
"6123a0dd128e45216f832e3d",837646132
"6128a8deb1f0bfbbf0d67769",759807006
"613ad83abcebf6598f0079ab",712040299
"6140125d2a94efe499a6941d",476044232
"616a5485bc7721ecfcc21c70",405147666
"61779f1bec05260cf10a0d2b",613375528
"6183257f16bce94113879745",592732627
"6184f12f3a903658f3319290",607655792
"618dede0dbd48df4fe610af1",1300533513
"61953f4c9bac7cac5ddda5d9",1151629468
"61974f593c799e5d5090c067",376774720
"619abd5f978b1573761be86d",609580145
"619dab52b321ab297a604185",1145647492
"61a12496ac1e6f39c5ac5d3b",1167039796
"61a363a73f3c93aa1775c4ff",752030099
"61b3bd442f6fc8838e2f45af",642919580
"61b9307a25be3119effbd0d2",497491357
"61ba09084039a467410aeadb",807193835
"61c3c304eb8a06b5a483efd9",814848641
"61cb98125f43429f7f93c898",809212355
"61d6969334fc63611c810e2b",783366783
"61e1e0c49f3aafee6ec9179d",777613069
"61e57e5539c40e5ffeb77997",462473302
"61e9c2375626a18bc9920c5d",551841279
"61f634438de4a10a861f42c0",536797368
"61f84e5a07f37865c31d4a07",1166953722
"61fe9ea90c8a777971db8384",747926393
"61ffbbc24b30698ab8f735c0",470740065
"620e467297aed5c47e22735a",368802274
"62103a85a8ddcfbf5e40e284",988045849
"6218a5d7267f02c576e5bf16",732928715
"621c3051ef29e8da01e6bb2a",665284020
"62259b400be228a30a655a59",900522588
"622872d345b4b0d9c1b9302f",723558626
"6228854021e72af611d2e59a",657384321
"622fdba953206a65224f2c82",524702384
"62313cfe4272d263173e1ea9",789102385
"623b7d96c0fa09e50148aa7b",805553008
"623df36ea9610ed5c58dbd8b",454803875
"6240b85a47c079cd0efb077b",614152618
"6247fb0e5261d4225f6c9f1e",763211807
"6251cda3676ecbdb6555c526",522584576
"6254ee88812e303bdedb8767",1348471752
"625caf4f4f56f3f6bfd3f786",422586869
"6270356f1cc3dff186d0ff4e",648109955
"6276bb8ceb13d174b8e405f0",408743047
"628b3b56449724e7d945351b",761123419
"6293e4a72b5c84782bcdbf78",914543308
"629a6122db92e378f0eab96e",890964745
"62be98264dbfd418ba21cfac",872861148
"62c017eac96743cfbb61e86b",648932345
"62c39ad30e9a26d8cf3593b4",1081365640
"62cd6a29e98a5b7a5ad38050",737649300
"62d338c26b44153bb075b234",1101609642
"62db5fd2a4eb831d281ba8ba",1267066123
"62dc69d80cd6ea9fb7fe52db",798468765
"62e0110b1c8dda16cc7da89c",702488106
"62e376b22a4cf0d84b7f6bff",997767160
"62e9330888566f1f826e1ee7",756812050
"62ea31859e01c2f4d4e97baa",636193589
"62f022e19ce6608919eab5f9",426847087
"62f46b8989bee43db86ff589",430182677
"62f96ed5c1e5f28117949a23",435742704
"62fbacd4e172983a2a998daf",794847893
"6302477fe8172d08f3b4815f",514988262
"6302d4fff078a118c3211794",1020104272
"6302e608d8f37e63f4e5cc27",423598372
"6305f02255274ab5fb6bd39c",784770441
"630f00e15cbd7826475d1509",1032102966
"63131b8d125073c7dfec72f2",926125990
"63182bbbd5f94cea67de2d8b",665002565
"631e6aee6ec1f720f3c78775",627990072
"631ecfa47fe167bfaaa967e5",411904579
"631f4c509de8dd64f1c400db",837384380
"6320f26d77fcd56675db6b97",649478682
"632820af2a0477aea5ccfa1e",999243476
"6334eb4a37d102ee00c6e2a1",462736091
"6337f924f515625e7fa638a4",837419577
"633a7038a23ffaf4b3f7896d",956635321
"6361330195fa7cdc6d5c603b",857141926
"63613a9290bcd9e1bcf2786c",739975838
"63674e7ddf6f2b4d7c6d5c1b",395539555
"6367a127b452cfa27043f74f",809219014
"63698398738ebc7ccebac817",765423664
"63717ed97f95e32b2ca321f3",791280025
"63773145b1a896df26504b0d",457452423
"6388b4cfd09e2b1219268cb2",598550627
"6396667677a878ff61e1b536",505819148
"639b98d0798b5670e7bb2569",954446779
"63a25d279fc5a9e8fc1dfae3",409040208
"63a5989d0dad994a6af7734c",433661350
"63b09e45c1b7dca181491030",702974985
"63b982fab95cd17211a4a58d",603774797
"63cc884a9c5c888de176461a",905813407
"63cdd73026431f5566fe246e",499552130
"63cde4fad1be942dc5ee695d",436520336
"63cee15dc4a6808616a2c2e6",478964561
"63cf422266e7c39a6c895b3e",781145941
"63cff4b5ebb2b6528ad34cd6",855097084
"63dfd58a5c43cc7c0a468209",390834220
"63e1ff737ea11ec607ecee08",892278916
"63e73f1b8b385d89de1329c2",450413092
"63f3295df28c02953241e2a0",597570777
"63f4e57fb2cc22659e80d6fc",454910019
"63fa384ea296390350f23d7f",815089066
"640a801d503d85835eb65a42",942142929
"640e9fe41fb79ecba89d8951",1068383752
"6410d336f6e61c4a81403c61",635517961
"641600a4cbb13b35dc7913e8",1061099900
"641ac8f4f60ae2b9cf6add93",843977726
"641f4319c315cbb74872b8ac",416658896
"64335f6d4c1a7514377be77d",657945003
"643e13f00dfe7787a19b1254",464868269
"64593641e470908ef23b46cb",977431752
"645e1c7b799a489887086a1d",809956810
"645f3c4490ce43ed68c7df10",702551773
"6461c0a03ad3ecf2f8112759",833646934
"6463505a740324c7aa869d79",758258216
"6464d5cc161ac659dd963897",460574219
"646bb3de5a1cfe4bfb7a7ea7",1280377495
"646de9441934226c2ffeff77",772520629
"64731b6eaf4fd2bb6c155013",740424901
"647ec3f486cedf045cdd3b68",562109051
"648217f4d8b5e0e65dea066c",756429288
"6483f2fcdfbd26c621a527fb",980600340
"6490a1eff73727bf62458b0c",536904040
"64955a117f2d9264eb59fa82",811949442
"649a2784beb9b821d36179af",543023807
"649cca8c83352caf7442f20a",779343293
"64a24372d58a2cf535c3aac0",883706730
"64a4528640fe492865ebc0dd",977193995
"64a9f0bf04f1c890cc6e31eb",730006814
"64adcb2941e9553ee394caee",470520790
"64b4837e4550ce39f2f85342",810647753
"64cb8fc8412c9247a5c243ce",1252600233
"64d1c45a2968b0fbf0eeacaa",804589644
"64d9dff81c79a16579cef2f4",1223824351
"64e3401f22d18b573ff0504a",615335129
"64e5093d6bae57e8b4298123",928709138
"64ea18085495f759116f62c9",617744523
"64ecb100d7882ddec6bafbcb",675421569
"64edef308b6a9805f0846cbc",898537282
"64eea2e9a13a8edfe8ac7027",936815521
"64f36d32a3a64853227fa69b",1247293761
"64fbc9cac3f15c0f1a16f4d7",470063475
"65010e340fa495d060e32f7d",470278810
"65070c554133f2b4143fe051",615648416
"6511180e3128e083bbbb6940",1062320269
"6514f355887c64136edb5595",895942263
"6517c1efabdea4c1f93078b7",421976959
"651d5cd65f80c4938deb7da4",519330961
"651d6af0968fc05584cb3d25",619343648
"652793275729ff3b69e86072",541214768
"6528ca87df8bb477f4b6b8c7",469873307
"6542b39cc8d2d13dc828772d",893012103
"654d2a3a0e02065560ba2484",454423062
"655120f80a39c19221623311",659636844
"655d6eafd78be856479767e2",814424756
"65647ca6e47eb2b9ba20058d",706854554
"6565b3281cc2d632febbb6dc",1269848084
"656c13ca7a1974df58e1b826",1207650067
"65766c8572b629744f00b45c",575464828
"658c0b009a09339a3f312145",721506150
"659abd72d12756ba0670f466",458801751
"659bccaa707b94f303610225",620205853
"659e9ad0f593b644071cd850",538554948
"65a626faaed9d9e3b172415d",522259051
"65a8795e7a5b88acd7a469c4",705176064
"65ac61968819927b8fd9b990",533536712
"65ae1a893abdc2eaa63d9271",1037180604
"65b8c48546af394a924decbc",509061761
"65ba1feafecd7efdcf214ed2",1019674302
"65ba6e178f3565a84c6ff973",1057219046
"65bb6acd9be0f8d95fbc722f",769517523
"65c3e09ee6f1ef0500ca4316",858498394
"65c83da72c07b8e74bf581f5",745422869
"65d5918e826c33bb950fc008",550992760
"65e1a61d984712e76829c821",867224656
"65eaf65f8dccb8e49a93b753",862186979
"65f736c3fee3d14c31a57d1f",730026544
"65ff6cef76efb4c83ac0611e",642935404
"6601706d2133f96aecfcbfbb",520957795
"66019487c37339e9354ca999",793864805
"660eb3b40b2bcd07df8f5c3f",496964955
"660f3f9ed9a72d8875a9efcd",832185775
"6615da422a3864d415b28fe9",510397310
"661f7eaf134a5b142843368c",539521165
"662a221bbbd961c285069c49",892222390
"662a3e343a7e207ecc09d6b7",821688479
"66379c5752189c150954b4f0",397437320
"663e062b85f16c2419f8456b",695000177
"6641ef09c0bf5f3180952b30",413428262
"6645a3080e5d10779672d139",760372800
"664934c8e209352d2c79c971",552531825
"66526276a7e8da597683e8c9",689133532
"665d62a8019b27bf5ce6e6b4",545445726
"6665e5bc4774d04321d1ba9f",600800182
"6666ab486afcbc162fb560c6",915317656
"666af58bb684c2d8e7574e86",684946211
"6670cde3fbc11c263c6c3163",815756530
"667685f89a61aa2ad5c9ac7d",397966735
"6683685692e955a8ff172c89",877464164
"6687a2299f38c15598d11eef",1078321729
"6689af92cae5d7c9c3e2f215",813589493
"668db5244c4d5b5c76b0b395",809219014
"668e5bdda1f4011578534f54",1120878640
"66a2ec5aac8969b2be538c1c",715865806
"66a45b0aaf5f696d35f5cebb",568990575
"66a59937c54eff29ab14b474",763051570
"66b7baef9c6c3c7ad24636e1",1161349218
"66bc6e56bcac9bfc4a7341d8",480113810
"66bd80fd26836fd426be5733",582448791
"66cf83769d16a4d659edba6d",923068133
"66d402a9b7d05f29282ddb00",578527556
"66d41314804d77ea0f440695",932399226
"66d8ce8e6aad18a4963275fc",534124344
"66e4f010db2febff23b4a4f5",503837793
"66e9c614882d58c022de7a2c",809956810
"66f58d9d1e1eb7e81cab24a2",923506382
"66fa7c9e82a2876216b14b1e",568692073
"6700ad4d4d7f70def59a5d59",782595121
"670583e7a2ec6e337429fbf9",1232325636
"670f7dfbe2eba87e55176257",824333582
"670fe8f7b8ebe006885b2777",784722218
"67138978493b84ff42daad45",588290039
"6714f846f2fa3527641ad96c",750957460
"671603ba1f755be5d7219a01",474279834
"6720db016112cd2a4a5e0358",703645078
"67250a8950aebdbc67f7fbfa",1275144655
"67308f6bb80d2a203e306104",400056264
"6732b448d2e4f32679f235ad",1032102966
"6732c28a236aa1ccc0cb2c86",714512200
"673c72783eb4f9a02c511b83",1078321729
"673f2b913006ee8b33e75b5e",634101240
"674c02227165e1c7189c54e4",913176954
"674c915c52b27df2c06b8bd3",725294905
"674cccf4c7772d6091166aae",1024915610
"674ea6932fa9e6b7581479dc",710477395
"6750be41e08a725705256b0c",1154128655
"6752fcf8f1af18d61124e32c",699357047
"6765fc17d98c08142d3d7757",962962665
"6771a8c70428fec0f21d51a1",779343293
"677c8056695a5a539dcfa3d0",447154812
"6784e116d96e03911e2a07f7",557958803
"678927546243e932b48d6058",1291510627
"678a80840673787b3aa64228",802376499
"678ba0c80536dd27e385b31f",421401609
"678c70903bcb6c90e3578d6f",1021100976
"678d0e011f710cefa49f6465",430162744
"67a10f161cf7215302b6ca1b",398750554
"67a7cfe6e95aa5200c064717",674802088
"67ade5109553a9d784886a46",1048909357
"67af004f80b08fae38f472eb",485548903
"67bd5b20df7f2a9cf4e04358",598962530
"67c78ce1b8a64f36ddf90cf6",683817261
"67c945ee31cf1fa0a874e4a6",568466349
"67cf2149b4c214da77694088",876930320
"67dec8c47ad4de9605d56db7",569312803
"67f664c8f9250a22c10b4f67",823382635
"67f694b29bfa494bd9d9cf44",831288069
"68006626a3321fb0de032307",528498845
"68075b0ac8e779bf5e66dd3d",578780502
"6808b10f5876ca36f569a4b8",1033836053
"680a71ef7ec15bd919c06320",698506606
"68181ef118970fdb1d83f030",869037841
"681e772045fbee930fcc9ff3",1186323641
"6820ee22d6fafc9c030cb286",1339958252
"682b38de3539b2a584446922",393757313
"682c0a5f5f3130a61b5214d8",971579099
"68340674853f0ea101e32b46",392101776
"6834b61ee23cf04daf4fb83e",744962986
"6852e8bbadc1a9f4fbcd695d",808854990
"6859481703fb0cb34c1e564d",493590094
"685982808b30597cc013e2c7",486411958
"68699eb9653684fdd3fc79b0",955792456
"6879f05563a9f0748088cc65",889724347
"687b1dd576eb7d06a08c3439",693145330
"6883fb90099426e6f3922909",458329532
"68925fb9f8f0c84fa0ffa9fb",1072748498
"68939c438c34e79a317a4f3b",1040290827
"68963f5f3657cb64276e3beb",1017490396
"689aafdc12fd1610c2393a6c",841172462
"689b510fa99bda54284cfe7e",801713378
"689ba3a92dd7c12f1965031c",660708028
"68a00651ead62911f850cacd",444392360
"68a3f9ac977f56cd39a6a1b9",1240114870
"68a7d01e50462f7506f8c8d7",486101737
"68a8b8d077a8232723bf37e9",654320246
"68b547621c25c7418cfdf5dc",857811129
"68bda8b092d5a53a35dfaf07",1109118588
"68c145df0ef91fb4d14d001b",388829941
"68c319925551b9484778bb65",835141566
"68cd88b657b59f5671f59e04",421258477
"68cda50b602acb4efeb275a7",782309727
"68d35dadc6d0dea61bf4b513",412571083
"68dd15c8e9b71171348ea24b",1106512324
"68de232e27aa83405b4a19b9",1154378842
"68ea36e3f441cb6da8d36198",1204663397
"68f431548c330f84c46174f6",1087032932
"68f4e3d4355bb71db0f35a65",569546365
"68fabddb27fc928b57efcfea",621778045
"68fb3b3cc3e5b13440eb014b",1343638632
"6906a20be4962df7725dda7c",1137835890
"69190139558b2ef3eface18d",445331263
"691b030abfe1190802349715",390276980
"691c35e98d0d5780aa82aa06",559390422
"6920e6d7fff656d66844949a",769891774
"6921133528bd6fa3675ce8de",723408055
"692cc1c9949d35ae11412fd6",549086547
"6930d8e260fafaa5c317dc82",489009505
"69442123283ab024a911506e",1115094379
"6946fb4c877f35e9215ef4be",829955933
"694b0a500f1619c4ac4c85fb",873270109
"6974d82e41437d61c627b16e",883821965
"697b6c6f7666391fc689cfb9",913701012
"698383c101fb784f8e1b1ee6",446318110
"69843aedb25a928097a22a89",524618821
"698f3f1929a2dbbc69865b65",739108193
"699095150a7f3f32c40454fe",938536654
"699412bfdab1157487c81725",1036675035
"6996e88c10a94d9ee7d05357",450282849
"699ac8957d9b4eb7fcfbcc40",770827412
"699b68daa574a0f169436ccc",511139102
"699bf5460c63a4d0e4542ade",1125160991
"69a1f439de0f06e1143a0006",529964349
"69acab4a6f82ae943850b9ae",595526170
"69ae1f2868fe714ad8e2f114",370599391
"69bcce6b58fc3702580d3234",884507802
"69c28dce8eeaa86605143419",1196261274
"69c7e97037c747b93c33251b",1041061052
"69cb0f3d422c2c78373c2e0c",1122070603
"69d1e47b6bdc57512f1838a5",888875976
"69d83d8492db7ade6c37c3de",559995958
"69d9908e13bf7c8ac4c30531",453901668
"69dd957e78fcdd4d8e874acb",606481833
"69df7bc1d82d9723c70eca70",921775103
"69e663ffb4935aecb875854c",895526424
"69e6fbd4d3816c4cc37b265a",1071837195
"69f59487924240bac2e75bd4",1071837195
"69f7ab8608b5328f106b42e5",840143899
"69f7b81b70ea61f304ccd36d",693177238
"69fe76202cd89637a15de1d4",645872159
"6a01b6d09d516d67f4a2fb43",423753808
"6a04f8684e083eb6319b5272",737752369
"6a1024c5da689de67bdfa274",677191303
"6a112af84d5a81f3d16dfc32",1105593447
"6a21be8a7a429eacb1de8c1d",964652245
"6a2ce95a8be0654f193592e5",497450420
"6a2d4d9a257fdfb2ead837a1",423606089
"6a2db40e5f210a31b2f7119e",541257788
"6a39a747417143f0cd24f3bd",1195843732
"6a3f9046cfdbf4eefca3ca69",495544300
"6a42271a0b03bf9a856d1acf",682908611
"6a4f08cd04d558a56af732d9",465177216
"6a6178c4cae2e92a08b0dd0d",652695900
"6a65986cecddc5c47fbddb9e",726728560
"6a6d4f8251ff961609019ddf",400055865
"6a6d990b9b1bea0f844d3065",646154287
"6a8b9fd89b745a52703715ab",502436252
"6a9ef848f22fecb9569098c2",800481019
"6aaefcb58913bb3f49954b2d",734199895
"6ab5a87a537d2ce326c867c1",700099094
"6ab7f97fb9880e48fab16a1a",502760095
"6ac5f5f52cfeed2f0ac9d018",655750674
"6ac747618b6ca674e86cd275",471660472
"6acf9cef08906fe569c38572",1006058092
"6ad1fb94accb91bbc30449c4",523497622
"6ad3e1a47d1055b55d14e091",723803520
"6ae2221c504027acfb7368e8",466673365
"6ae4843a827b36bf189a32ff",891174835
"6aebff5b1fb3a438c2c7969f",587469061
"6afa85ee6594d1c8296f04b2",592874127
"6afff7782d129021eebee968",763111621
"6b0828221f9cdf5cf39e7c15",423641540
"6b1a1afa055c15908a855e9e",581632820
"6b1c0866e6f12f7fa8de94b2",609184705
"6b23aa3ca5edd20134811cea",394454562
"6b23f191d2ccbebf9166926c",957671213
"6b2d7f88f15cbf7d998986da",843557364
"6b3411cb8c50c1498572e681",546767382
"6b44648a905e7f4c0de6c855",474483918
"6b49a668de0edbe7f8110740",972042298
"6b6c365359d20be719ce815a",861018418
"6b7219005737d8660d134ace",1084611976
"6b74ef5c8ab1df614bfba866",860086662
"6b7aff233052b9bcb6b9448a",1317921007
"6b8c1c7c855656b0e56f0bb6",799614937
"6b8ce573bc2ee68ace26a67f",682311681
"6b8f7074aed7ae7e6cfbb090",1125485758
"6b9b9d28723c7ad176a9306e",924086145
"6b9bba3c6afa1f999a9429bd",415918885
"6b9d38e0b9a3e28e3e695be1",1040058096
"6ba298925ffad32daae55385",696997504
"6bb2ac0cf2369cd8fd85bc12",623847056
"6bb760d54e5b0f54d9612a8a",904232410
"6bbb24fd1b9df3df4e939fc3",592862340
"6bbb8f89bae38eff88c89c46",503813191
"6bbf09c3bbc3e3a000cd2afb",783659934
"6bbf67d88846e94a63014eee",1022431420
"6bcc29a0afc735bcf3621595",855037318
"6bd1a412c01387af8810ce57",1278636370
"6bdb3153f267395eefbf588c",506446788
"6bdd97526b1a9cf10853df1b",897969953
"6be0ddd4180b5eb92908da05",421870187
"6bf86a580c8b510b7447071a",656144816
"6bff92260afd556a98d3e3a5",699912604
"6c02bbf7f6b087a1f0c8a47a",546879259
"6c07175274fba6a0dc467cbe",692090164
"6c09a3ccddc797f77d63f1bc",946885954
"6c0ac32bc8a66844197c5fb4",635342402
"6c17875f20f58b1fb211c18f",1007637936
"6c21f6a3513869f93b32e9ec",1075079780
"6c316d2bb84fff36bb01f14c",1287241174
"6c3435048735371c36dd3892",1181939610
"6c36e346957e336a33a7708d",810056376
"6c3bb7e1696df587990161b1",413571057
"6c3bc8c58ce67b8bb9f5894f",951123687
"6c568d2287dcf12b2aacd388",711190848
"6c589b7e6a3cfad34e98bd87",871194160
"6c598362e322971968739673",402066895
"6c5bbbfa3a1515e5cdec9ae1",673090085
"6c618bfe55cac120a4f1e08b",643206792
"6c679d5b6a1c1b74bf483478",936815521
"6c67b1b0991a1d79251855c3",1043840540
"6c6e7af42a6ddf62b04c35fe",448854609
"6c75d7867807d942c975079f",957958068
"6c778557da9b5d99f90b1238",791923380
"6c8119e00b901efd2dd40f0b",782023802
"6c81a0b90366db9f514362b4",917902789
"6c8c5e22025ca4f450a428c3",572477686
"6c8e1cda487c9841c8d297d4",689721031
"6c8e27967ec63e6dec4bd6ac",1017040581
"6c94fd185169e708a08d3535",447814080
"6ca31945172976c3a11732c6",1272608288
"6caf180e36fe18078703db02",492515434
"6cb19c3e491a60bb2c166669",696997504
"6cc06c89c226a062fc46795a",473154731
"6cc0e6bfd30ed93fca2bb217",461690038
"6cc0fe8ddc318f1bbad360c5",962437749
"6cc4f32b39180bd1ec7e117b",629197009
"6cc6b0672aaccb8909f3a751",590711003
"6cc7718e834ba47a429d6874",551431213
"6cc8e22f11d382206273af23",850002719
"6cc9d912370da36c38ac2cbc",939822313
"6cd0aca2bc40d83473a39885",691624405
"6cd147720319f60ed2599361",840047870
"6cd4e68300a8bafb9d22700d",837846004
"6cd96d73fc58b1502bc6ead8",853856021
"6cda1a7622d5577c0056ba40",988410734
"6ce8991a39ec7b9883f85000",1243206463
"6cf924390dd3ed4454403887",472306912
"6cfb8a07fc1100569413b33a",742608668
"6d0680692396c07afc1a260c",678993446
"6d0c5546a498fafba15f2e17",408530322
"6d11001f164d81734a82ec1d",459452204
"6d12669907d7d80d0b458a93",1048330897
"6d13129db564ad15e69fd534",843557364
"6d1534800bf0ce97197efb6f",462112137
"6d21e1de9c880bfbb17350cd",776493880
"6d2328def08bae481705e20c",757859226
"6d255e0026d70dd44229a2f7",939123093
"6d2ec752890a2f1c4094044d",1040968682
"6d305d6f3e3c2a53515d5f6d",910774336
"6d32649478d9d86d840969f6",669631576
"6d3e508ff42615eb78862723",568236041
"6d4a961e099de1939adc6496",1073529405
"6d534e4baa1740d7839664eb",614485409
"6d592a69209ef3356e656c44",444206657
"6d5a91ae44cad7849dc4e969",805080821
"6d6aaf30227f16b2be29e79c",1035451942
"6d6ad5e3ebaba1c11dec0f16",513985654
"6d76a22793aa9b571da64572",868997282
"6d7ac64b8b9f27f61fb155ec",580465322
"6d825b439d8622ab90245049",618639413
"6d848e54ee68e6d8f23b3b1a",509817787
"6d860c215908949c4ba1c536",420833361
"6d8998442d831addafbc878f",955665314
"6d8a0768adedcc1070d28390",760264781
"6d8d2ba62c52445d78f687ed",866125494
"6d90801ea8cbc12f9e2131a3",583796773
"6d9c4bf994147d8892d27f27",1060931563
"6d9c89a406cf2e755d4172c5",438624211
"6db318f828d464be421eb572",598076186
"6dbb494acdc64c03742fa730",910324031
"6dbc77ad8c5c1e39f72cd2f6",927504739
"6dbfb281abaa9a6956c080d7",367695227
"6dd97377cbc262b07ea2eb99",415796557
"6ddb6863958ded0d72fcc6a9",455199297
"6dde6686bfdff12620f198d3",598702091
"6dde9af12b6597425160a47a",1098194420
"6de06f867a28393a9e95c7d4",412822233
"6de3c3d53d6aee18ccdee958",519493358
"6de7bfc5e8149ebc40ec0e4b",515510767
"6dfa362ff7a0d55693793db3",872353773
"6e0140e1d667cecd155c6e23",461752105
"6e07d31b81f3fc9b9de8e1a8",1281410147
"6e0d6bcb01e99fc4959d3f7f",454418631
"6e163c3a0e30e7bf1e909661",464732431
"6e1a9c8457d3ac6a57598052",730805539
"6e233ae6294318baaeebb59b",868833582
"6e26918c69487a735a639c1c",1317744493
"6e2a3e49dd6434ed01eb5e71",811289876
"6e2c39fbeb5392e6aee9b644",1239657653
"6e2f79cf68ac0ba2b1a6b0c4",1173819856
"6e36550a6ff6fdb2711a88c1",1208494114
"6e3cbbbd3f4d0578144cf021",571899926
"6e3cbc252c449fd4b758b97b",493220036
"6e426f60d25aa8a4c6f8c9e9",447322040
"6e4adafdd872a2837921276f",484317586
"6e4ce81e713a571601d861a2",593540843
"6e508fb72f189a4fa91bde58",881931716
"6e51ca1a9c2bba9fa0cbe5db",854680440
"6e537e91af0de67558bc1ee2",576662894
"6e5383a7f9a68147c2788565",870033813
"6e57de8c4ec2e42832cd4b09",895549835
"6e5ca223128fa2de422b4009",483558190
"6e606a7c8bc632ba0ba37184",437653052
"6e64677f8d730e1f9ca240d2",1001113401
"6e6f7fa167c0f617f50c86cb",799388614
"6e710984bbf2662a9cc7bc4c",403969822
"6e73e42a0d2ef8d6e403112b",406169408
"6e794276348acc39751eaf47",1025320035
"6e7f3a0cb6246f13656fc95c",1148759791
"6e807e25b64bf0de81f51c12",1178658988
"6e895a15d402ea7fcee98156",1093540528
"6e8e08e09da8dc598b8a8b2b",548194461
"6e9009ad01cf466e8f8136e5",1040058096
"6e9984a3c3daf63fce5cd3d6",715627506
"6e9c7f27d6b89c5f9696fae6",436664343
"6ea022e53741adac484c1798",780556101
"6ea0d50e822913d0f444d89e",715795422
"6ea18874ea84b5b4840f9b85",459583356
"6ea5fbf037ba7e5c74d7ca39",777267556
"6eabd14e55ff090e8a93c727",764603868
"6eb27e2a66d08a8a60567272",731817689
"6ebe90f7140b738b3696f086",580153435
"6ec4c88b8d3a16148e2e7348",843436192
"6ed2970ed02a3e50ac984aa1",771554399
"6ed5fa8f114431d158d35f43",458192450
"6ed772640e5a311cbfd17c31",516559028
"6edd2530070918074c8e7d07",922246634
"6ee1e976768b68cbc8008950",1033002637
"6eec5b03718975e5137d5e92",653982885
"6eee8548b87c9349ce90ac2b",507299053
"6ef43ab43841696400d91859",739976067
"6ef9135481d8fc882a1a735f",713238280
"6ef9ce7a53ba3bd892e21f1b",800863305
"6eff15cd6372aeaab2e665d8",418294664
"6f01f2c67343ebb8ec717a5b",642823097
"6f060a8ee8d6d15f46289759",740096664
"6f0fcd78c473e4e04fd411c8",706260196
"6f17875bd3ecf00566dd5c1b",734326564
"6f192e6a537c1509521e1e8a",765462126
"6f293451319bae38c71b8266",664360140
"6f3041147f930cd6cd4fae05",551320283
"6f3070318ab65b867b2702f0",447419991
"6f35fcba4ffd6a58bce85892",481144202
"6f37300b1fefaaf746f53907",1111737435
"6f3dd53b0935c9593a301bdc",533266945
"6f412fbb33519fdd31e741c4",474358696
"6f435cb10e5728ef45be9f29",1254943544
"6f502f363fb55811478e3b88",423432758
"6f52ea8340cdd283f9a79720",632813239
"6f543782174a964402b64de4",788188971
"6f5929e67fb8da068b91096c",1225435741
"6f63e4f866bda86d5c993c8d",417780605
"6f65de020f663622146b89aa",595472578
"6f68b289516faa0b7ef36a34",440598927
"6f6c83ff891e43b7c84728e0",883147924
"6f7bc7fd41ed908494d8e098",526033316
"6f7e390aa6135019dc5a828f",869104720
"6f83f14861e13af92a2b8cf9",449577024
"6f84d405f419590075610c5e",529911859
"6f8a0e8f1bce0243ea50213c",698627290
"6f8a22e4dd21f44bc6d383af",1322994640
"6f953b9964d60f6a74c81226",661341853
"6f968f62a6fa4dc255397bf7",1232142939
"6fa35f1af6d51d341a3165ae",724066138
"6fa5e5160d7c2bed824bc0d0",568111422
"6faf9b6c30b176e36f2f1d32",671255052
"6fb3e33e16eb81331d389ad7",438138924
"6fb4126e3ff41b8052fd0657",619112691
"6fb45859693c703fd9c812c8",493790609
"6fb9e9ac6d44d3a286f317ae",580155090
"6fc2a4f29e3b896bce631ee0",467418749
"6fca3b70ba2c68d9e0d2540f",422922540
"6fcea2c6b9e39576e10581ea",652735071
"6fd936b82bcfd3cd2451bdfa",759145202
"6fecee4b1e5f50c0b27dbba4",1141108729
"6ff3186df9d15b65dae5bd17",414325627
"6ff3eaf8b5a2f16efddde1cc",673503225
"6ff848f65f2507e58cfaa231",424613063
"6fffb7958a58a73b0e16f2b2",829074455
"7002d00c9acf8b8a4a5865b6",1217832497
"700a052900adbfa149dd5b6c",1044916359
"701768887155444b77c4f446",413089621
"70209b9024acb3e5baa769ff",938642602
"70215712bdd8ae7585520550",472306912
"70217bd08583854329722821",775992130
"7023f5a68e1ce9cfd23fd021",404513312
"702525f05b47353c95b0905e",437566749
"7026113e0cd7b2d17f8a3459",521983657
"70298b5e8fbd66aee975ff14",615549667
"702aaf395bc78986a008d70a",738741483
"70314b0bd995a4b03c771ae7",555365415
"70463649ffbda5fdf3c10ec8",681078053
"704e5657734af93d19a0e5fa",868093457
"7055f85f7749c4646577a51a",442797802
"7057326ac489bcc17d580883",708691078
"7063abb555d919d5300af3aa",781334731
"706bddaf0b87e4f076247450",583728033
"7095d576a0b963eb340d8fdf",550992760
"70962daad7cd15ee8af564fa",996613153
"709d17b62bc95253601f243c",776308620
"70b15c2a38c404e62ad05171",410640566
"70b821bc1c7dd846a8be343c",455299385
"70baafa9789d2fcf1bc212bb",613933254
"70bec150e1d8ac537cfd90e2",1033279698
"70c0a72b31dbc1b97c102c13",1007350253
"70c19d59c6b9e194b6bc09fe",731532242
"70c3b086af66b0c9db4b0b96",711852877
"70c77552b1bb67a2a71c2ee1",1137895957
"70cb6337c8c3f5225fa80026",926270460
"70e427235490d7d9c9239676",744569329
"70ea0403b722a1dae1ff9b18",772520629
"70ea911907d320da1f7f9c41",491947187
"70ebbf6a402f0f707b893979",712598784
"70f51b4abf26651111305b1b",1055330921
"710542343cece039a279dbee",704050288
"710b0541a025b1b6a5a80c41",453564935
"711045fc099712aae3fe4d14",602680882
"7110d6374f3fc282e4f4bdb0",483832832
"711736da4f0e8282fc8c9e69",1381235055
"711b570ff195fb77229deb35",1082914401
"71235a69058912dec1d355a0",1037767605
"71273ae563da6bbc66aa87af",420520685
"712f16cf2506710d7f2a2e8d",712713925
"7134b03f54b10f282ac34fcd",815321965
"7136cad475a0480044707984",884450171
"7148b0d9e2e1e92d41633230",881364639
"71493c81121558b8ba18c1c8",524506458
"714f90489426e80933ef31b3",623854772
"7157dafd306fa99e4c2ad233",550496750
"7158e3a6d456211d4533e246",433333842
"71590ac868415f3a185dc15c",691709853
"7169b5a3b9a796162de685cf",850746398
"71710d25975271eb32c0c8f4",459095594
"719055eed27f361071cb9eca",999035290
"719190aff81379902beb6497",1043453696
"7192b9d32e4ad55f6af9e241",607861739
"719679261d84d6b93035143d",804033189
"71978c139faf2a251db6ff5e",397468604
"7198cf5aae5d0d5ba2e43b96",874892622
"71a20a4daea6d31de942b2ce",1160452823
"71a3f0980cdfea0ebb869935",484040281
"71a42155184509caba01a1dc",415901880
"71a8b68f38fccf71a229df76",682147774
"71a929d79a6cccbce6ac5d79",1215676575
"71aacbd62d72d3eb29a744dc",639090098
"71ab3644da08b8cb0a0b34b3",972801559
"71b1fe15c5bffb750c99f648",656755076
"71b99de83d83dd970b00f07f",1020043648
"71ba2f992908a5f91f832406",569454246
"71be583d473084bc0608d066",675079613
"71d422db0c0c638e448142bc",899993869
"71dca93007d6ba45fa40eaad",683817261
"71eebcb108c4828b8bd5b84a",839871080
"71f80198e68fbba902650b1a",433661350
"71fdd2b1214b9371ef149c1c",1069185299
"71fe067a5ae994180f530686",583796773
"7200e3ba2013876cdbbde972",567861174
"7202b83b651382e2630359c3",445223751
"7216c895aa047c4f405c4941",534369581
"722699e593085cdd72102baf",445162541
"722f262a44b2bb6fc05ec35a",448335901
"723078b6cbdf02c88286c596",859886584
"723655990d58df33d55009b5",1006843757
"7240bbe28e950ed75637b504",525714040
"72488318dfb2181843f17c03",1000780450
"724a5f9542f86cc43334d3e6",465868321
"724c854b1a991f060701d005",424621598
"72536bfda19f78d370d95f26",869628502
"7254c91fc9b51e76c6fd2a99",914467047
"72569ddc5828fc702b2fc773",1048146943
"725c029b7c5807a4b0ba2bc9",956635321
"72699647b590d11ed9b2f2e8",426805685
"7272c3521b7083038ff0a690",725917799
"7279c610bda9354e1c840b0e",529022284
"728961e03bfa6e3242f06d8a",587383515
"728ce22c8db9bd0abe3f20a8",1173928376
"7290697f96d8e2101089984a",668382847
"72927abf4bcd53d6907aeeda",814599424
"729f5fab1578f8cae4fca8f9",948728136
"72a47f70aa99d42320e54787",452456678
"72a66bc6d15390eb05a5c688",945451189
"72bc42a5c73e7b1f9d54c835",819340017
"72d0f19409c85dbe32cf6ec4",1083230305
"72ddab9ba5f24941e4dbed6b",912621800
"72dec1e6e65f6117e10a2473",458801751
"72e4fa00e8aab44cf210251f",802997443
"72eb1af691a950fbb7e8d635",765157704
"72eb64cd02ad2a54b65083eb",1239894749
"72f0540aab38ebaaf9a389f6",904232410
"72fe83366bf13a53937b7034",809956810
"730804efcdd755786bf734ff",433232701
"730b528617c2841eea5addaf",693624213
"730c7382d76a07904f559b28",447741417
"732615f6d1526ec9bd519eda",515104730
"732a3bd457d7798e1fd892f6",772276056
"7333f19416625d6f4244fe02",654214075
"733c7cdfd50db77066a67140",439855933
"7340afa659775cc18d83aa4a",814584484
"73494d52196ef9838b1be34a",941096029
"734c9446d0674b8d6545bfef",726585704
"734efe04fa6b326ae1d072e8",484745312
"734fbae84cebd50aaf71c48d",995034827
"73578b4214e2eca83b1e70ac",871355247
"735c3aff4c151dbc32f9a76b",1035817738
"735deef3382aa15930482f3e",830077704
"736d25efc9e570379d32c089",931308779
"736eef4bb36681acbcc3c41b",483974601
"73786d11f1fa714aaa9f1f90",801646245
"737c83218f0e486ef4feba40",421760924
"73806685dec82cf637f19384",508481318
"738111512f5e5052927468d9",1091844186
"7387e7e385063c180f05a7cb",570116420
"738e86beb569a7bf51fbe199",417423897
"739c2b9be0941e4c126d2f3a",869108815
"739de8928aab4ec77a1ecb0b",682311681
"73a23c9d154fec88d396d2a8",912767120
"73a8efbc036911954c07b91c",874892622
"73b60c9053ff8193c2dd2823",624264644
"73bcd7efb7a25587bb1c31ff",492674137
"73bde441e18a9548c034372d",737649300
"73bf75d5762e3dd30fca7b3a",842956532
"73c618d704a2e1ac2bc41954",903933148
"73d09646de4e0ab46feaceba",438448892
"73d6bb3d6ae08921a6117f5d",479876437
"73eaff92528288fdbcd61e2a",1102787541
"73ec13a5687c542137eb9a41",457421342
"73ec6f4da3c277958cd2c228",1216823164
"73f4074e5e09e52e0e03598f",821780611
"73fbb3e6b22b957ba6b7557c",759141791
"73fd5bc0aee47d89a160f5d1",820214950
"73ff3a6b0cf4f7ffb244507b",932338414
"73ff6ce99ba5dd8cfab0faed",550992760
"74286242739391c4eaecefbe",518034914
"742acc26686d04596ba60a34",481363453
"742da63af109164c21dd57af",596013291
"742fd57dd463c1b5cb79f63e",464588866
"7436750d73f2e56b4f29e98f",888804130
"74448f56811e9562536eff6d",906637903
"7447156f2967391975d335f0",571444386
"7450139ad1b39b2a380472fa",905267534
"7458171e4db497a4cc1365fb",1032339055
"745e7f6a83b55196f231466f",868676342
"74746d24b9bd86e23338bcd9",739108193
"7478693f3e7e8963e95be8bb",427487357
"7486ef139d41d91423317e0e",525930643
"748c981380925e1247b9e64e",1179434930
"74a51274abc8358d628ecfe4",1028919331
"74a791baebeffcb7e7b917d0",656461674
"74af10afa02e7724eeeef108",583356304
"74b64bd536ebbcd7c30ef8fd",920561082
"74c24c5e142e5267456b24a7",702551773
"74c4f233c7f385be73168e0f",515099167
"74cca5cd08c4bbf5d0404d74",1003603132
"74cd885ec200a0c21fa9e03c",638725249
"74cea4c9dc0e00dbbcff8b1d",1262579446
"74d0b6e87c2045f95fd493c4",956092692
"74d8df07206df08e8f3dc232",946885954
"74dbd25d407e51337f883659",960341681
"74df03749e60c216a3e1292f",473360574
"74e15493f395fdd312d50cc8",371132040
"74e178e2398895d2288e6fcb",823382635
"74e43ea3081841278c76cda6",542703924
"74f099ca0d949c8042569d51",461510548
"74f8ffe35e8d3bc9be725d7a",477132890
"74fdeb4c56b29662f13aa8ca",1075147398
"75060f295e0aba8e1224f766",540280115
"75075631f0fd84fb0ff49417",759410089
"7515b37b7ae7c62f3dafbe7d",581175702
"751795587d1396e0daa25783",510211977
"751ba0c00d4fae1078c02fb9",483642250
"7523e95fc2afaf31bcf30979",1098454293
"7538c609fdd115c9dac551f4",536437677
"75392e8381e1c891377fcb29",886440902
"753b47e2a3b9fcdf9d7fd9fa",518741706
"753e74e4dbefeccf3e6b27fb",510230389
"7543d0e85e6328ebc8283d75",438084146
"7549cbd5c8003204c85ce1a5",527831696
"7557a9bc12cf0f2901c00264",1038142725
"755a3e09dba04bb6ba6c9851",764858440
"755a4fb96ff2b2276836f49b",644196883
"7569fb4aaa9a52d6a525e3b0",433269565
"7573c18a79e5e3ee0610d7cc",769405743
"75801c34fb510d824a7d8366",420743251
"7586a79a0151387a1c0cd85a",791953958
"758b4df32244a51b2271a891",505818666
"758d9f47824eb74d1b486024",1068840739
"758efd6f99db309c67cefb12",484141665
"759e76e38d84a4188dff5446",995599424
"75a287d87aaf6ffe7b6db546",424217686
"75a4421cced1111492d00298",661976417
"75ae43992df8ef41eaf9d98a",440122898
"75b5bb7b5ff8ebcc863fbdcc",842732516
"75c1083db5c940e626c02f53",413771538
"75c16273d3a593752446c27b",658453247
"75ce506dcb994b10497e6816",504225980
"75d3c9e0da9a24f4849f2078",472284653
"75e0815e2ba7269a10d9786f",406127052
"75e0fa8e5c83c49d3a0dea48",1218841450
"75ecbc0c0e8e76bb8d734f60",846288113
"75f167e2273fbecb2c81ac0e",656827292
"75f5290d61164d42b39d9d51",483511317
"75f5aff9fa70208ddd843779",807281416
"75f6d6beb64d846d965fa9ef",882359725
"75fa60dfb737ad50073848f2",885058568
"75fd5603c4de9678627f81d9",936776817
"75fd66abeaf040fa76eae2e7",691265521
"75fdbee42ec89d428143066c",434325345
"760125efabf13246774a9f16",560456568
"7602cb1e6fef087d8ee81aac",765973121
"760a5dbccf4eb4ccc2622b77",550033111
"760f24a443eb01721c6ffea3",1055509417
"760fd4c893a56a4586030772",602680882
"76167f6ca3d2c404104b77fd",830060566
"7618cb8d215425c931f47886",405473499
"761ba98d35074faee3594dbc",709705807
"7621f476bc8040270958de6e",639075835
"762374e94f17a8783a66d598",550992760
"76258b7b7e8778cd60d3435a",655928149
"762979729fb21e56a32ed14e",1069421020
"762e044ce9371d7b8c7acb6f",778469719
"763206de4c26e3825b69f4c6",808649348
"7634d584c3042533942e2dc0",1030321842
"7634d7acd4197594271c84d5",512096600
"7635a792e5002ab99ceef583",817885297
"7636a187e29abcbd8fad6244",413567919
"7637c251618135e082a9e2b8",810496519
"763c9a528d0f99f34e5b0031",427976313
"7641dcf512a05ca754930bed",568236041
"764da64c41700da5ee80b8c7",732776010
"764f506bb2aa1ac4de918a71",713209891
"7651626df0e2e3119b801466",753254646
"76556774906f9e12b319c232",454999857
"76558d67def95bc708039f05",1071837195
"7667cd57d0bec809417c9b11",758897310
"76698030899efea431dbb81f",400062136
"766a8ff17723a5c34324576b",797836754
"766c7906cf0493736436fdea",1261568482
"766d34ea891f3af53f1391ba",832423356
"767024c66d3a88bb18407b6d",809230477
"76745c2648b66151008f6399",463427773
"767ae7de1818d645a33749e2",780448712
"767cb14f03c909c595c2a731",620940051
"767ff947b16b2271f516c28d",592622454
"76846ed8b7ab36821b848f2f",798399436
"768f69f0241fe339b6f52fa2",854945806
"76974826c758eec5c255c5da",551511032
"7698775967b96e3e7bf66e6c",1058217861
"76991a35e9c1b69e1616659d",570101912
"76a307d6b36b8a51115e91b2",921501544
"76a5158e1a5c1f9fae8ee882",643396413
"76ae7be5da1785c37736fdb8",1077287929
"76b41682fa6953a3b20d3f27",1058295401
"76b719681617ff7f28d33df3",990165633
"76b8190137ba3daa55db33a6",540066480
"76b9af8036e38d5d30ac4c7a",1237907369
"76bd7a0b87bfb6d2723766ec",460291106
"76c4045b5dad9a8226e9244a",564713699
"76c510c0ad11fa67f0e9a4de",567677603
"76df3d616d8bc1de789bd83b",420122867
"76e4ebad138d50c690f0aec1",371146556
"76f50ce5f30cb96d48a69357",539607716
"7700df9486a1684157527739",535805370
"7703f868650a8252e954e457",654320246
"77069fb9fac6b61aa6a89ae3",828353496
"7712f963ee37e91abb7342e7",551871334
"7734421098413f27fae86fef",773607975
"77348acef84ef77f6a076268",567426970
"77359d0d34ba4c9d825e46ed",460394688
"7736ac030d8b587f44f7898b",750324475
"7738f18d533d0f0379e3a06d",922064140
"7742e8923a4b832e3d94f3c7",823382635
"7745863791b5cc6d49f84c8b",436264224
"7749b2b534213ec7b536372b",543279529
"7749f3bcfa8339444b0a8b7e",463337025
"774a4b48d34052a978b1180f",772399194
"775a6affce535c5a19ea5f30",780750607
"775f25d8144580541bf2746b",699964834
"77668d4325802de9d63609a9",834318337
"776d4a19fb3852fe6dcd3ddb",443927814
"776d7d1326576f07762ab3c7",950461508
"776e1192349cb7cf1579056a",1146332596
"777a8d05edda0a335d89e90d",639364672
"77866048ba7b69532d0a18cc",774892727
"778ec765417db9ee48d697de",649261170
"77924a3c7880310a4822e5a7",436614898
"77a06084509952c6cfe8f501",452487752
"77a62d5e2c89da24f66a2118",789632698
"77a887ca508d924ad5203194",837106130
"77b5c9a5f534a5b80cc16d09",892093546
"77bab76414ecb20888cef7a1",1006022851
"77bd7837b02bd8f2c290c9f8",436169660
"77c886207faa6965238b152c",377563941
"77c9e5e3a6d965ede708cda6",618036860
"77cd6b199ee485314bc74626",491264511
"77d6855eb6a30d268e49eb1a",532322339
"77deea164a3a622df41249f5",484361331
"77e5e0b64140fa00b0227a3b",497106214
"77fa49bcb52539888d481ab1",704111107
"77fbf1f0c35c1025ea4803e3",615979084
"7800f742ee14c4b4142f8b58",696476078
"780ae52ac9eae675f6fdb312",445773096
"780c809c52509bb4855a4efc",554006294
"7815163b8e4a54843d121dc1",763697468
"781989d4b732f961f91bc3e4",468294478
"78257e76c16db549022fbf2c",874892622
"782a6028457ec55d4fd5189e",638583896
"782b0fb8641849c2c34291e6",457662269
"783161faf2e3501c38c0aaaa",483031411
"783ecf989538582ad008fd95",1070974095
"78410b0193dc989de2d24da3",850670163
"78419be95416d2991ade8be1",530958991
"7844b0b2bc65dced90a355c6",779848418
"7845cf57552577b059dd13ae",458329532
"784714647351cb6745c867b1",704050288
"784822ba0060eac9358cce22",379912611
"784b1db005d39c2f57666efb",567593533
"784f67fcb2d009d352740ed1",452802696
"784fa9e78f7cfeca4133e8ed",1067462344
"785dea91d94ab384bbd6ce3e",940549237
"78682041182f01ee4db04e8e",1077168960
"788c49c17df556bce0abf6ce",563720842
"789e5d19fa507823cc4c5296",1067561720
"78a080fc98669c0cd9153904",1052452004
"78a08f21f7d7c51ff4d5b8ac",688911819
"78a39ae05ac53535ba0fad2c",639760693
"78a7eac41dd672cd1863e3b4",652711926
"78ab6cb1f62a7e781d4c4d0a",446466093
"78b0f0bd0494fba0293eb0c3",579062596
"78b57a58368ab056c11bb0dc",741469005
"78bb43910ad6ed105610d9dd",877915881
"78beee9b7fab8600d420fd27",561104668
"78c17e6ceb87f7587364c873",471722541
"78d10967c36cbf346bd58f63",517126763
"78d727d0e61a7c8b1cf6fb1a",509676017
"78e85ca7c532a77700bfae6d",820384188
"78eb6f51d94a61a967da24f4",833784363
"78f670c0d7a26c0323281ffa",836374872
"78fbb49efe7dc0d8e144ad83",1086279358
"78fd849c9429091347d7e5c9",776252426
"79005399fa92d05558fd6f6f",850580757
"7902ada9116a1cf7458933cc",966769622
"7910ac9782a1a315f68799c4",632061217
"792ac070d1a314f585f09987",449833256
"7930bb0822caea5f6451bfa6",1007752886
"7930f32456e796e40fbf78ed",964415026
"79382c56606e701e44d55033",1035451942
"793efc460dd25b67c644e92f",774313469
"7947f71467036449efb99972",1140706302
"795cd68f9a5ef45902712524",635175166
"79631cac54b1e71c1022da12",1320699672
"796935018bf2b241646a2dae",650005904
"796eb5ae3ca5b63c9fbb240a",789047489
"79733fdf8881b0d25412abcd",972856963
"797da4e993a993ef80277108",832564088
"7988f76ba063d25a4f467730",673090085
"798bf22408ef6814759da1f5",697839221
"798d87a368f073efafead25b",521954050
"799301c01a3e7fc2af5a14a9",826487770
"799862427c1f335eadedf4e8",398274214
"799afa0396b9f268f239db51",400390646
"799bc0f95ef9a23fc16bb1d4",1172331619
"799be2171dae4763df530e4d",632845168
"799cb909791d43a1eb305eaf",575755945
"79a0bffec81b17d606a606f5",1043921593
"79a675215fed2e293b27f43d",1032278693
"79ac12d8436c07b620190b9c",480964715
"79acb227b5ea365414982957",730328027
"79b5a037bea858706838a62d",596658626
"79b943894c4dd68bfd8cde7f",612555804
"79b955adf84fb2c52381921a",748585336
"79beab95c6857412ebbbdedd",844092856
"79c5085c14068e492e402a26",1119065833
"79d230806fbfe96368b83dbf",1324308781
"79e307acac5f42f2696b0436",1219781579
"79e643789a85dc4ffad49a25",748999843
"79e822115c5c1a4531366001",373191232
"79ea72e7b03cfd4fdb5219b3",544044512
"79f1a5bc0be914956d632658",957366305
"79f989fd66108a2c38a9764e",772520629
"79fe5105ed7a7861d3c0187c",402745291
"7a0f351e8562fb7aafe6e714",557664143
"7a0f887a9426270ff3c24e36",877591450
"7a10ffd970cc822108ce7cf0",871537912
"7a134e45b9ebe710c6c6efe6",972884486
"7a13669d2d7ed2e50b80b4d8",421422472
"7a1bca1ed03e7cd0e277fb95",441708665
"7a1cb1f751cd36bdb6412ba2",833832743
"7a21a8d99a85171334695004",812471467
"7a26e5936765b409b7b73cf2",1063096933
"7a34bcd9f86f5036b526c3f4",783659934
"7a3ec914a15b47726567af96",463653215
"7a464b948b65544159cd0db0",772400767
"7a48bc2c3f4aad08dc7fd5a8",399784246
"7a564ce9a4ed3d2b8fbb1103",607654968
"7a608479334951a3afdc655a",1021817974
"7a80663cae7c191b5d025fa0",544359542
"7a82ce4b2dcd2b43485f5047",778343403
"7a832790d068e1e85182b5a5",484145197
"7a861f1e3af4dbbf55b2c301",544390594
"7a91cfb02df63e4396b15aeb",473082906
"7a9264f3a12de839a42c1783",589936412
"7a94d3d31471ae313659aeae",923800604
"7a9c505db21b777203d34bf6",613568157
"7aa8d04246d3e84e5ac470bc",1030984899
"7ab96f83915bc84f8c03c1bd",403969822
"7abc8a11d3d6c905de3f567e",503449397
"7abf9cd6b26e2e2bb6d91e5c",1145641615
"7ac0428c4b7197ca14f3b86a",484319145
"7ac1b85bd87929705b7a86ca",999499964
"7ac96f16bdc50ee7619f3548",827927069
"7acb92246dbaaec1cc7b423f",563320428
"7acdaa0cee1ee62e15f4490b",804746349
"7ad046b20064565644ebfaca",515512742
"7af0a604d1901925aa179436",912410721
"7b0258f1aaee97661c34de64",653052191
"7b037e6e5d110999e51b79c9",1147136958
"7b08cade91e2be20656ee856",513255657
"7b0a2bd964c04d01387d78de",899993869
"7b1377c8d81755bb9b501064",473601550
"7b30dbf2f6d835ea0c14b392",643131210
"7b31b5e53015f8116fedb0c6",1186994228
"7b32938ebf0b1b167a3d2d20",603385471
"7b346d5a5f5ec7165d1f8644",470509534
"7b35a3e9f3e67fa1974f5c25",817645481
"7b3621124731bcd2e543562c",750957460
"7b473504c85e9cb576f951e2",486482248
"7b4ca3a8d09968e48c185260",894150526
"7b4fcc72822460a428c19282",745496748
"7b50b071f4d795c9b5ad7531",753868818
"7b5582907bf47bb9e873a513",627012746
"7b5db1e4f4f47b4bf7c827ee",495670225
"7b6322fd5810990820167a23",516521738
"7b63445c5e1ce95bd12c31ee",816344079
"7b71229680a50bc26677a427",685014604
"7b7c0544ece4aa383fd5b4ce",651176662
"7b81996f3abd287b50adf8da",667629798
"7b8a4d701066372dfbdffbec",633392931
"7b8a6949d55b5bb27c3c6839",529518607
"7b95396ef4d0e97de8fb4986",937475385
"7b9e6b7eb3a5db0443193fbd",647471686
"7ba0c14dce0cb09ef5735d9f",606646028
"7ba618fdb1fe8694eaecb64f",527878373
"7baa3608aad1fbf357d789a6",757385201
"7baf3723bac87b0b393ba52c",840897631
"7bb1bc81e6eb3b4390440165",767875984
"7bba885503ea7716ffea503c",489383541
"7bbf8e16cc32dec423afa6b3",606785083
"7bc034984b19479f29886cc9",745605136
"7bc0c9e2760e4b1488522768",1102164162
"7bc57b136bcec053cbd073f3",1021759319
"7bc9022fa1eadbd9ab39acd9",601897802
"7bcd1fe7a140b6eeb4df2aae",753018609
"7bcfd82ced5d6f1ae390d388",481119758
"7bd9cefba3f5dab498ef926c",992731874
"7bdb94165857bcd37206cf18",571315983
"7bdd64032a4f011bd4fe7df6",501212924
"7be186f4eeff5c0efd58e424",711457828
"7be46b6dd9891ab771fc4be4",467337122
"7be8abb5d23794ac47ceda32",581111662
"7bef2da7f3c160e94fe91ead",415739577
"7bf4beee26ba81ad0b884f9f",445693074
"7bf592c5c34bfe6a5df3dd40",712396624
"7bfbcfd0fb8f5b6d553c2d0d",829132813
"7c06a2f06cb4226f9043578c",796212289
"7c07ba1982289ca3abcbece3",733872150
"7c1dc421f5a689aea5babe4c",655471976
"7c29fc3861c9f074e3a89449",930352693
"7c316b981173919b6cae5516",608084835
"7c3ea8523ece273991a190da",801540717
"7c3f7b513bb20c918a51dec6",585484506
"7c463a59e7d2f2b4bbd07e12",646434075
"7c50c93bc9e8846345892c12",1013238806
"7c581e2b9daf20131803eed3",936971034
"7c5c0f2d9a0e355069fe1c64",1102158789
"7c5ce0e65cb26773edc9ddef",1022431420
"7c6319c04025c4ed6aa3f051",585748229
"7c6880b05c212c66b8961b71",625630357
"7c69d43fe2488db51e6c8da3",445743205
"7c7a3f51a58dfd1588d7c088",428137677
"7c972ecb7b90537b1da0deba",490478855
"7c979648ab3729b2c0cd2106",764161309
"7caa4bad394586a46dfad854",775082950
"7cad62cfb4fc3ad9acb09f1f",557379771
"7cb64b94877a9361f20027cd",431832081
"7cbc8fca4f84908ed4e7192a",1087032932
"7cc8772ebde8902f55e14b44",499195096
"7cc9cdd32c209a62908a18ad",515574371
"7ccaf332cf87e07b38b340d9",1070931703
"7cd0c7174b957df1f004fc88",1013238806
"7cd39eb8de56700519d8f287",631179989
"7cdcecc706fc7c79cce45b20",831490389
"7ce704ef5752dd496a61d857",903073987
"7cf15f80838e8edf4f9cdead",1178762989
"7cf183ed411cf82df26640e9",668239266
"7cf50019422bc9569a985736",905806244
"7cf573f273b14a6cfafa3ec8",527195442
"7cf74cbec871e465ec2f6a61",990227934
"7cfa0c98191ef9b7c45f0520",400088126
"7cfc3061c0b2f3bd48375ab9",633281747
"7cfe5c3f5cb1bf095eb2c503",776866360
"7d02b3479cb2d89d55bd4fe7",715865806
"7d0a4771afb00cf9a38ccb81",1292255727
"7d132190218425df1857b8b8",899090029
"7d133cde943d189c9abbb6e4",516201463
"7d157359b413e107f5f9cfd6",540313445
"7d25023ecf668945c87e0666",530706409
"7d2e3464d5f2f79ac29e6c0c",520193886
"7d3220a91e78f8bc2924d1cd",958589712
"7d383abbb6ac49c6599ffb0c",941479958
"7d3e4ead63a869bae978027e",977374869
"7d4097722aad95158c51d24a",495088532
"7d4ba999100c8e694fd820cf",995395494
"7d4ffe0038b3ebc149d8f4cd",780405748
"7d50144c4b2ead9b7b9f594c",1006611646
"7d503f126b5863fa0626d4bb",663470462
"7d5459e48101349c75d43aec",613289400
"7d58eba13f418d890ef563da",674046810
"7d66238672def6f73c25247a",737281086
"7d73a548c2a29ef2d9655e1d",474915081
"7d8e345c9b16d0fd69f848ea",1005435414
"7d9a9c3b4442efdb53c24448",653138192
"7da10de45c866c7d066d2586",500357087
"7daa9115f755a6c70411b9cc",1070748094
"7dab6cd1002a8521e5825bcc",676711672
"7dabee85f750266dce02399e",614980439
"7db1c8214f229d865da455cc",648148235
"7db5291ce4602d9b2b266872",468082537
"7dc4f9de14c2924b229ca0a3",938413853
"7dc609a3c7a3ab1f9a3146e6",690222846
"7dc68d5cac1b7fcdab35586e",455365584
"7dcbeb0aef2e2cac0d73315a",371146556
"7dcd1597e11f83093cbfd7a5",1103234219
"7dcd1916c0485e0b80f9eeb4",941804315
"7dd1e46dcbddc6bf5ef694de",521623985
"7dd96ddad0fa88f5c5978e39",619658596
"7dd9760286606c45e6a15926",723761950
"7de63633c7666484bd098e2b",579066465
"7de7a2a651273df62aa6a21c",1029907041
"7df538c0c831520e6d36e39f",470639993
"7e1153d411af129357ae5c10",515009159
"7e177acdec9c0fe684d8fe44",473861557
"7e299fd8c2d53ff1cf95aee3",1012059164
"7e3937cfe43dc906983fd321",1044554533
"7e41d90a838048eda035fb27",899579239
"7e4b240c601e37977faffeb0",799033269
"7e5064603267b61520d8f83b",488455369
"7e554b821e6955ab259a25f3",469789859
"7e647c5e0a7d95ce87cfc8fd",914939620
"7e64ab35f5e336d5bd2e1b51",739222771
"7e6d8c4742b38854d819696b",1059749093
"7e6f68184d84e09cc9ebc09f",617475625
"7e73516d57a251061b3916e0",1069222591
"7e74469fe0b030254756296d",1067326098
"7e844f8a24422ec3b833b4a8",443082393
"7e86148f53beefced6e0f3e4",600365408
"7e86f11cd63ff6c8a3c12fe2",860225079
"7e8dfae9a5f1faf8afa706f7",463677176
"7ea01fd99b389d08ca50c0a6",779343293
"7ea2c18341f69f21b523906c",808703179
"7ea4af39a7e577ffbd600f0d",819099118
"7ea8da3b1481993b14bed9d4",475942488
"7ead45d1f505649429904307",637562394
"7eb78d4dea434674a230caa6",886591355
"7eb991f4c69215377e4dac8f",858934251
"7ec025b9b6e6f33bf65af41b",422503092
"7ed35835fbe694bc237abe38",797227395
"7ee7fba3a30e0e7c2ed3043c",644964259
"7ee83e5d70855ed21455b6d5",1072074138
"7ef2d4777310765d0c8121af",796157689
"7ef3f8bfd0368696369ac957",505760884
"7f02f056d5eb4aff92b44659",599310890
"7f0b4b5851c77d78805320c5",454668372
"7f0d874df9235245f47b04c3",1129473343
"7f0f27f6d30c743acb3e867f",785269279
"7f0f5931fe148f6187ebf512",520402578
"7f134c92e20aa9c6f084edc1",625145286
"7f1a4e79fa92196101baa7eb",1301247784
"7f25471be85adf0baeb8ebbc",562848473
"7f2a2959f5ae816761be658c",1161646507
"7f2e3f2eb5abf86b56897250",753833620
"7f2e9d302a6ed1770db9f7cf",674703186
"7f3e02524981fc7e40eccfdc",403969822
"7f45d3809b08bb32a45139f8",614968122
"7f4cdc01f9086bcee46d1d6c",912247847
"7f4e6f790de012946197e0df",787045596
"7f5280804c59f56fba3d6201",445693074
"7f5e87fbb4952caa0cb658e2",814599424
"7f7141f5e1a7964ac6dc688e",925551631
"7f73a8e83d41ea252ad61197",521592518
"7f78955c480d050f2c8ae3c9",700436252
"7f7f5313341b3ca499968716",599345365
"7f85c59323701ee0e75abb92",615108271
"7f8f506137780f4cf12e73b6",547043373
"7f9875a5336a32d73df2402c",942187267
"7f9bdd2157f6c3d488c77ddf",795424015
"7fa11c05ed1c123c1a457b1f",639530226
"7fb856eba0ae98a40eac3efd",1013238806
"7fcbcd9e274b75a157cf5d5e",662643646
"7fdbc3fed9c9607e6d01e958",629480982
"7fe1adc0a5873cbba4b021d1",997101426
"7fe25ebd70b89f4602bee6a2",954240510
"7fe364ae771a7689d2fa5584",1020129015
"7fe6ac57e87b8126ac4f8530",944547993
"7ff62b2f8a28d60f6c4237c6",912046387
"7ff6f389e364e67c4238df8a",550012897
"7ff8b0b5ab4fd12f3be399ce",689178685
"8002e2cd1b70ddcae88ebc4b",923686632
"80035ad5b3b4a948469800bb",808899594
"8015080cf97316a08453a9fb",873064758
"8018df1613094a9e4606c875",1029509467
"801d821fd6ab7ee01b62a800",535711339
"80255211d99c72e343b32798",1187376783
"8026e480ba395cfe1e09cec6",421870187
"80279a7533c44bbae477ea4b",665790364
"802fe3175a2059f12d7edb99",707753582
"803711fede531ad1621a6823",822324126
"8037e40c0c8b20ab6e0d4b78",451152304
"804289a128775f7d1652cb43",499802785
"8059e45ca26bfefbb18d8e40",979717166
"805a27aeafb3ca91cac56d14",741125318
"805a491334f865f06ff42329",768019643
"8062b4109c12a95dd62bd43e",747860822
"806907598158861a6958388c",461197137
"806f9ab2a016e774689ce2b9",393924072
"807687fdb46614d9aa139b20",697584474
"807c04729620ec60ef18598d",459206336
"807d7f5155bd299afbb6491f",641002693
"808dd470aed6064f02aa5103",473355385
"809082a38e6fc3faa66845b9",640065626
"8095589d5e1a55a76281e13b",1108071568
"809800b56b7b29399986115f",500396963
"80a1dc97797c41b61f46ec6a",651903769
"80ab8d9f157c25b40f102854",772520629
"80abc4c356813c1e4ead1e1e",487843507
"80aef024b0ecebb01913504d",448837802
"80b37d5ebdb325edef39258f",840047870
"80b6c823bad5b4c0fff46657",883905689
"80bbc51dd90d131d091521a0",439378481
"80d2415c0460088d69574285",1017548220
"80d95b058cb11ec829b5ec96",622373082
"80de6a9303eedbfd1c69601f",864848900
"80ded3bf4f2973a5ceb1ffb7",457700066
"80e7c6b194b3229e3e2b9aae",723245372
"80e88d50c151d5534a57f61c",1062059919
"80ed77aff62d4c57ede6ba94",588368221
"80f633154b6f94b8fa24f213",554617425
"8100a4b0288d5d9d9dc86d2f",441635619
"812646c7de863919cae5edff",894192707
"812ad0d57e4291da184bfae5",454973453
"812c9b5407424f956d308b06",1044503366
"8130ab67c5e0d96a9a67fb12",728287447
"813d9415d9abca46ad4d92f0",1289803461
"81406ce289219cdab015549d",1086279358
"814694a725a50c306d774342",914196749
"8147da5e5f53a163443e8506",795668652
"814d93fc94b4de6d3a860bcb",522300278
"81516aa72c98ded9223db098",1157131429
"81519727c7ad9f60d2c5f224",1059612383
"8153b36347669087e363801f",618844796
"81547b223494084af3e15bf3",633268036
"815cfcc4d26738f74cbb67ae",584143304
"81600c1e6b6e3ae770e40b28",1123517181
"8164023f628f550f322aad61",695000177
"816f93a2e035e4fcf61ee4c9",1172491545
"81716dd4aedf72a6a14392e4",391640753
"817422f4c278ff27a22b05d7",555421005
"817915cc3582112fb5541a49",795923141
"817da44fa842fe304b93c199",429524398
"818ee3b0c3862d4aae6e7776",383067012
"819265a930d32a97533d132d",1024798376
"819d2a7c3330480b7217577d",1013454508
"81b14dbf863114fdddb38579",561011057
"81b3256980dd7d7f49030c78",1159475996
"81ba4b47e9222c15c4102992",489383541
"81c890b0d7cf787a091d4081",873774389
"81ccb7e0255eee6274f5d930",1060545637
"81df59c6d8be19568d16ea3e",391984949
"81e1f8b1c0e3b15f2ebfd84a",431964316
"81e7c8c1894e0c3a9315ff27",454973453
"81eea19e7c12d65d21e23648",994648454
"81f5c32a2c2d3b32329a645b",453575926
"81f6d6790aca5e9270c3d1a1",428983483
"81fc8d666c8735e1095d0d4a",1015691585
"8207612808b5947f2802d2a6",671826405
"8209afd76e36d8b5c4f7a991",461976380
"821eabfeef3dcc622fbcbfc4",414524136
"822896f609e7761b58e7f6e7",614968122
"822ba8fd3c7392bda84461a4",594435246
"823124264778e5ed64d8664d",592553324
"8236c798dbffb3db51d5d744",433065801
"823c9c7abf2d00140766a2bb",1049878024
"823ed628bddea9b56792d108",785538556
"82433a009defc21498037127",887208903
"8248697f70c21fa361840755",1130311090
"824894236c20b081af2c9868",845175377
"824cad597aae34d7d59ac939",552157345
"825012911321d636425cd0bb",1165058742
"825f57ad0527d4abf41cffc9",938642602
"8267eeb41ed1e68144301a3f",694789720
"82780776619be0eade3d72ef",448670031
"82902f2082dd405ab538ff58",580274231
"829bde7f8716daf76f65ffab",825635701
"82a3742862a06803242b703d",734513444
"82a7920524816f3db7f5a4ca",582161039
"82abb1fb693f34877bf1327e",1163308258
"82ad4b3d5a215f17e745d77e",813964241
"82ad984f02ccda30bd60da8c",818551350
"82af190e32398942775056d5",1164318599
"82b15a5da307865c7045dd56",758313381
"82b69c38d041325a4bb2fbce",390012651
"82b90288bffe8c1c0b5a1259",514900389
"82bdf442e186baa829e06da1",598702091
"82bef17c2a4db1f6dc6eaf01",716128647
"82c9556e19072558cbe3a7ff",416204560
"82c9ce0d018c1d620b7a6689",564877546
"82d22ca21e31222068e1ecba",934939046
"82d6244acae149ed9ed88e8e",485955337
"82e1ae440b386c7da3a580be",960069471
"82f08aadf1eeaf2058b50592",637284242
"82f34c2a6644c4cb0649c44b",926320720
"82ff2a63a863c089ea90bb5d",934644534
"83007c444fa52b34482ed55e",567723066
"8302e2afc48d6eda16784da6",713496439
"830b1a2d33f7754b9acfdd82",619333999
"831629494c6d15d5ff6a00a1",681361527
"831693b6fb81df1359e45db7",631976012
"831725656d9df81b63c0ae38",595013659
"83196bef0e5dc6c981bc57a9",1029953125
"8333d32b98625a2742cfabd6",824141689
"83349bba5fbddbfa2db5078a",588317909
"8334a4cc7db8ed5c0071fe95",588918278
"833bd3c8ef9d4da2f304a94a",1009973177
"833ded72a8cc9c0d606a7a74",714164090
"834263730047f308d71d4d8c",598567063
"8346d64ed6211083fd420ede",506567480
"834fe4a1e9e4efeefb5aba08",468922320
"8356123e4d10a479a12e98bb",502387341
"835842cdc8ea0a2206c2b46e",925807151
"835eff7679889fcff6795d8a",607003240
"8364aa431b2e267e41efabc2",514818453
"83727953ecffc17bed632d94",413787312
"837cb6389640f3919bc73e9b",943746220
"83852e78afcc4127481adccc",524327156
"8398ba3b03595704b5897704",666344697
"8398e3b96d1311c7264f6603",1168769911
"83a376df2024c4c9fbf2a0ca",442293227
"83a8d9df3a535fd273b27c15",1086674003
"83ad1ce7ef6d70842ec986f2",569924359
"83c1d0e2b8826844416abd9b",526502710
"83ca3a41ca4b5337107c197e",652241254
"83ce7c2d2823f888f2e06ea8",887475636
"83d969bfc020aea27d2b829b",707806554
"83da19e7fbbca11083090574",406894030
"83da39bc1a2eeb75e2825c22",788459932
"83da5fb4c15e3daf727a3cc6",817911557
"83e91710343450cb0812a6e4",886258128
"83e9507b9ca2987a21d1b195",631399587
"83f402857435d4fadb27fa36",869585106
"84114798ccd01ae3dc97cb27",410200517
"841482deb90d19ecb1ec8a06",670322747
"841c57617a075690ce412083",503641897
"841fed959f036a03697868e8",498391108
"8420bb74fadc0c8853cda025",405367465
"842c9f0e4edf1e5a672ce15e",682884762
"843234d3c6c20bb60a17fbee",905899808
"8437a42a8e7ebca46eb088cd",505456592
"84394774ab45e0c8b733bed2",464343479
"8445e5cf42307960535a3b11",620775847
"8447ca83d928dc34c2e7f9fa",505578117
"844dc89fe6588acccf0c7536",472787507
"844e127aa7802cdf75db074c",413437042
"8467eedcf9a48fee0d72d95f",1064641667
"846b75324c0f3cbb027387c3",898354400
"846e6f1ba1c94966314345d8",627160026
"847a7fbd4425fd2fbc4b3edf",1211005761
"848067a69d18a171e7fa34f2",470063475
"84856812b63dfd9630fa49e7",990520232
"8497f34947cb4c0ff18a0eaa",498898232
"849c918d78991c57f32f2031",551991349
"84a074517742e09a7eb6f320",718950070
"84a2673eccd3cf3bd7fd3eb0",874892622
"84a7286c91f1ca3ecacdaaa2",1067286022
"84aa7d1c2590f37f0fd6dca1",584264428
"84ab3ece52fe00ee50f057aa",971138343
"84b05da6a859ff5384f37ee7",484317586
"84b758716f47bb0f4e4a2bed",487521543
"84c2ab0573d3cbffa0be90f4",684496710
"84c7006b5a63add890a224e8",572648988
"84cfb0342a0bf2c6777de39d",596334133
"84d8504f0e860b0760c3592d",810792601
"84d8f7109615519f2ab0a48c",912436711
"84e4f6c6b5dec0da7f7ca0fa",472228669
"84eb4861db0816bc8722f379",654133422
"84ec2d5245cfa146dab05065",689082940
"84f47e531a916b7f7dc1f1b3",772155145
"84fb7e582456d7409f27cd2a",923686632
"850342685ececa472945f7ed",837419577
"851f50292e30b0a464c0804d",549870214
"8520fdd4f5fec0ba861ca9ac",433065801
"852a11f12646f0a1121824c2",413740037
"8532c64eaed74b64b4d4707c",571147788
"8538a41c0e0fdcb3829364e8",662426094
"853a14b680761098d4bf6136",797408478
"853febf898a1dba351d6f917",657359960
"8541eec88f0dd8229b4fb041",637133657
"8544bc14286a51e60ffee7b0",1159115521
"854e27be18fb8f24fd433eb7",769891774
"85524880fdc4e4daf90e96fd",476650570
"8553a05c2b30be81c64a6295",1091314852
"855ce1721230ba103fc0ae84",433451852
"855dcebac302ec5760f67121",647671986
"855f4b67d2bd6d18fd03d8e7",811409014
"8561bc940a91f029147430f1",949992862
"856559e93205dd1561d8ada3",717224405
"8567e677b30c410df80004c9",660006275
"8570a1d8156dbcc267d3b495",969727103
"85734fd69714897264ce2214",776726710
"857761b5fc5c7d101cb765b6",583887409
"857870b1412b84f0f19ed751",515988388
"857c5dae475eadef41c25603",888087972
"85815a09bde2a30e296f65bf",435820579
"858288683063dea9d5c57420",443840306
"859025f2f41efa521a74a00c",494393910
"85956152686438c48c52e018",679827280
"8595b5517cb3f1ff8094d67c",811347655
"85a856b4d0dfb1fae861f513",742608668
"85a86e01443aba593f95dae4",650694533
"85abc5c0353c5b678f087824",726629330
"85b633e09a41cf22a10f28c8",749898556
"85b8a65f1b00f78e67622bfb",698885999
"85bb6775065df76bda33f738",795541791
"85c24df2d836cc8addd9b7b0",783666062
"85c7e8ac008493b34e8e0176",595491423
"85ceb648cee9f6f3d221254c",725905360
"85cf1ee98e1a85ff4619e27c",731989748
"85d58cf85a179e167428ffa5",1002478576
"85d731901b48348f57932240",693061193
"85de01c0aa787152c77c6180",388248942
"85e15a0a63ffe482c68ec474",1338604684
"85e332a999931ecd0e04475d",460456049
"85e4ee2583c51592d68ef5d9",377563941
"860435300909449c0443c10e",1029728067
"86137b9624049333f7e0315a",833117654
"8616b310e335f539ab1109dc",769891774
"861aa922b483f9bf7884dac5",420622401
"86242b25bcb2dd775d25191a",583341471
"8627562772d9d63bac507fcd",793125553
"86276ef138e0babab9863276",490802197
"8632f5681d04d9c934675409",1201161904
"8635edb61b1dda6f4742cac7",1329796790
"863e5cf88a808b8ca96907ff",1083768466
"863f8f2aeda01a9fea1cb3e0",1058703109
"8654295684292e74d0245238",495506015
"865459f5342a0102d255fa07",415020639
"865ed399cc344e0638e45128",1026324059
"866f2a55f42cf30c4105631b",836815696
"86792949f2e6a347208cbffd",553301511
"8694b149f7c0deadf820f0e4",722053642
"8697b1d337145af0ef8e4619",1155944261
"86a47522586da2884181f128",570358722
"86af11931b004aad3fd27b88",726629330
"86b0aa633bb16582bab5640f",692204440
"86b0c9c1277e9143ee765b43",510847754
"86b290218a62d0c51b099a08",831261055
"86b2d3ad1dacb372734f810e",477071923
"86b89233e0176e034ae3cb7b",851519402
"86ce27f9ca03821d13030f18",874542062
"86d46a3fd9d7bbcac3319829",803348384
"86d80d3757377df6f2b8a0b3",983101769
"86db204f7ef6e0e0e6687246",747967831
"86dd7931177df94a649a4d62",570778337
"86e80098f5a3e7dbd635838d",605448774
"86e81141e429bd81d7f0e73d",556846784
"86e98ed0bd2565b661b81ef4",864528821
"86ee57ce617b2be312a9efd6",1008531796
"86ee80cbe81724e6919bdb73",455840127
"86f15ce6ea8e97837e6b9383",747473351
"86f1d6fc54152004e69027a0",876595373
"86ff8f274b698e7757ced1af",678725115
"8700c9b62ff5a5c3394b0bd8",517781399
"871204bd1b3505acfa632954",901883796
"87199c236bf22903d1aafdd0",485754007
"871befe27fa79fc1e1813b19",1024715212
"87332a7e03cb851342667b98",885585039
"8736dfe0f1c6e2181b0ee31e",1031855209
"874102a58234cc7888902d42",765740883
"8745eefb9e2761ff7eef558f",1057522688
"874e2c6f3e9f90db80d243d0",482267624
"874e3e3ec6f67c160807628d",800695902
"874ee4f1b9c6dfd3d2358834",1115475387
"874f4a836cb74be301e068cd",942676002
"875126e5776dabde40e29b09",764747205
"876ebdaa0bc953890e323843",458885208
"8780134f8b40f0fec4d1b661",1032102966
"878ff8ef3c862929bbb19ebc",939640005
"879d9e3b4ef9063de41ddaed",555320288
"87aa28825a5b8ffbac5f2e2f",618640501
"87b940bd3dae37b9fdac5d4f",496321800
"87bd6ee6f17d2bd5b61b0ddf",1379733704
"87c73db5d50e8ec3a22e6ccc",632043986
"87ca8a2b3251a38d45730f5c",652786034
"87ddb3a17b601cf7c61e8c07",668535835
"87e1b1170c163689d60bcd09",673437345
"87e74ed42a2c8c97f7bdd239",1156454382
"87ee5c7c49ced4ec99f44d5f",617344185
"87f1e9ca16a7ea48de04fa73",1131588176
"880bd21afee7038459b5847e",725300342
"8816e8101ddc4e704053e23c",930562889
"8826b9e008064cea38855d35",498386380
"882907ccf178b23a02ce262e",540361589
"882e8e77fa1a71288f6b61cf",1324907260
"882eb7115cd5b8b09fca0e47",650603422
"8831ae77efac99a6c58ce05d",956635321
"883371e374936fdd74d09fe8",650642598
"883ee78c03efdb4bdc57796b",623312620
"883f095dd3f7e972d7dd3c2b",589066920
"885a312d9a5bfa8a8db5279a",576369816
"885c77c839d705ca7d04d383",570922177
"88622b66e6c47cc62c3824c1",1075017235
"88668347361a227b6dbba15e",949801022
"886706f32695891af743f986",733930814
"886be9a1881866ab1f300533",508230211
"8876b38f90f5571639b7d879",914460415
"887761f34ce0996bb05ac48a",1060566243
"8877941794810464749ba5d5",785538556
"887ba6b287a8b3ccdd5691b5",683817261
"887d749eeaaae288b2818b86",671057496
"888bc3c4ceaa108e048ad28d",716942789
"8890eca19a9e1cdc9e0f0541",1065053640
"88964e1202647db0519a8a00",473117329
"889bd77c8271961a6e4925ea",755607347
"88a4da0d72977b0c56b31061",634529353
"88a83e58eaf136a82ab1fe37",509764058
"88ab887e18e38d0b8315286e",640458375
"88ae3f4a8ef76675c66e925f",1023014048
"88aed38ca59c09e1a6202672",779350261
"88b02e7b20ce6db956afcdd2",1126822097
"88b0d688281db2ef0a782921",986997683
"88b98c026b7650192034535f",904847556
"88c4b21ecffe12cb6c408a6c",708047014
"88da5851280dbe750968c565",508500905
"88ea2d2d7cb6d641df3ad76d",1022774540
"88ed5ebb575d026f8d440c60",571315983
"88f36882dae9a0487383b769",662624345
"88f3f39ea06fb882c69bbd10",580153435
"88f632cc304cd769e2d4be27",430709236
"88fce3ad9b8a965dc11336cf",519235338
"88ff73eb829a6ec5bfcc0222",1070748094
"88ffa9f0bc3f6c9f2e589a75",1223248325
"89016540f8b3fb727d863bec",1032339055
"890df90091e14d1c3a1b30e8",446091200
"89131a0af2db172538723b08",708711297
"8919ca18fff7571002e440ec",910418296
"8923182b6dcc9f2d8be1ab53",608713654
"8925028d6e7a6cfce9967779",479326497
"8925e22f8511be30d50545cd",784668542
"8930f231a5b9d8db14e9c656",810565272
"893c1b081e383de73b9f2e16",1188403384
"893caa7433c200e0d43e9f27",799978227
"89498fdf642e770ea75be7d8",1069018872
"894f346e0ad39c57fc0f369f",1069871339
"89575a90c7b9b960c8f4e052",938990103
"8964dbb5b0cbfe509613a63f",770141436
"89690c80b7adcb8a8afe531a",588704808
"8978ec4c5b2f02fbc1f57820",1208612525
"897c0578bdc8d59843bcbe38",432400171
"898d1eb301c92ab6603e0b81",666892449
"898ed7299f0c7b8a99e4877b",617750969
"89952b237fda041b09f0efa1",1013238806
"8997555e7bea06f7b90ce821",697543536
"89a03e25c43a555b47c53864",876743536
"89a066b7d6a31dd066fa0d32",685475192
"89b0592a715c9e135967f947",718354648
"89ca905d858c7731313c82e1",913363102
"89d36acc5f617a6a97e02f23",707896569
"89e1d01cb5bfdf567faca443",615443601
"89e2d612654b3c792311faf7",879141261
"89eed91bf5148b5645408222",940331193
"89f8ccb0c1e2136adf87a10e",847904573
"8a0053376ffdc75d0bdde77a",1099825005
"8a0114372706f30bf6867a2e",780421324
"8a0d2f8860a90322d6c3b61f",583716903
"8a100bd7f5da66664a2680e8",495062484
"8a1105028a1a1b83c5080abb",375963436
"8a1b0f59f86e33a7aa7c2c23",1084262997
"8a1d1f70adbdeb233ed3ec3a",811362885
"8a1d93bbc83f4728657317d1",742218146
"8a1ea9d91b3d8a66c6341243",867565632
"8a20478528e97700dcc84abb",454965950
"8a222af682e2d7796643ccf7",551124416
"8a3b7f5a8da339fe19e8f138",835517719
"8a41638edfc5183469b6c43f",644882877
"8a44e15417d8e520a99454b2",431983435
"8a451ef547efb90a8fcfa6c8",1060547406
"8a4b7e86a90a296e10a49ea3",408936497
"8a514fffdec277cd46c7cc71",530871722
"8a5866428508658b4a2a4cb4",516055783
"8a69b9d7461107db6d16d1a9",600786843
"8a6cb559a488d6ce1b641585",653249116
"8a6d013451e46411d35c2b6a",742790953
"8a724286cf661794084aa87a",936595897
"8a7ddcd0c452e7993bc5087b",437802987
"8a84a073b855e37a12327357",988410734
"8a8c202c069c20696c2de85a",690066235
"8a8c8f5aa68c4e530d62776d",749073992
"8a8dff62516671aee2250cb0",783171652
"8a8e4996e24142eb413c0d12",1269848084
"8a9663cb622a55f2a1a8e3b4",1056769685
"8a975117ab302b77ac057823",612061373
"8a9e6d0839f9fabad2fc3214",757920272
"8aa21f48a83be25f924f85c7",731136655
"8aa5ae4637ba83e672cd3ab9",742608668
"8aa5d44a72b2a6851d14ef86",813635189
"8aa76df8fea21a42fb6229ff",589396501
"8aa9e1e89993aa49c5c3eced",811276438
"8aac8946e7ae5725971c5557",696203769
"8aad5795547ade3c804c0ef0",736328890
"8aaeae6bcfcee5ad928ce28d",1024789265
"8ab41842b8e41b89d8670ecb",434438807
"8ab5eda5b66a6c2becffad29",789881985
"8abe99f2b71b13dfe7d71616",1261568482
"8acebaa9fd7e917d7e3b391b",535599580
"8ad016d414e2d2be053d7612",632218018
"8ae41ff6a828f175a9f628b2",608178040
"8ae869c5033c248f881ac313",714962291
"8af2e264b801b3e155e52be8",1157431914
"8af6bb75c85a2789156b3696",411505628
"8b083d7ac086f52fd2942a82",677067438
"8b0e1911b8ab8028409dc9fe",1025560026
"8b13054b3318289aac1f13db",429104434
"8b1acd29eb268fd684036180",656376395
"8b2d8edfa6788ddc0c7b3eba",740500928
"8b3350aaa66b9fa1c682c15d",778341393
"8b353ba6823f4f800635f0cb",842024170
"8b36b7364e4a4c80a6e50bed",606971676
"8b450ea6c21fe0b5157529a4",794826898
"8b45db8a4f2c0f772c8d44cf",427284337
"8b47b76193159a21c3580a3f",973837195
"8b4c54125d9165554e4123a3",1147667288
"8b5369b126b75c497b1a7b73",584959352
"8b554961129384797391d1ae",974560668
"8b5b351e07a26c25cf51e176",439624061
"8b63358f3cdf8df0eb1f43e2",753107967
"8b674605311d296990ec72e7",430347302
"8b69bb9fd7f0f19a248f5cf3",476511734
"8b6efcdb553f6e936bd90f3e",779432024
"8b716bc4d6d833f9bff3e729",688875762
"8b716c3dca89b7caa7db1aad",480327096
"8b753628bd37b9759dad06ea",466062513
"8b788f742021f2438ffbf528",395877293
"8b801b4cc1d254d0277fba5f",609152533
"8b871cc48b99bd4190877bd3",681361527
"8b89813a4ae5f9209f854be1",825987456
"8b8ec04a78d3826b2c8a5754",689814174
"8b91a957eca1985938860c28",596750305
"8ba2d7afde20563e38892304",747860822
"8ba4e8e071e458a13efd179a",659964147
"8ba9304ea7b8d2b071bb0699",541823258
"8baa01b8c6d29c82a6108cb8",468907083
"8bad8a7faae115ac9007b13a",681918850
"8bb1a2ecc997779d1addf12c",431413001
"8bc002e1f02beb4d83a6f6ae",895212129
"8bcc1b035ea93a5192256b37",689030089
"8bce0097d22b34a804b502bb",460394688
"8bcebf3cdc54d4ec99ba0d88",513308669
"8bd2490f83568ba653cb74f6",994913014
"8bd45966c16d4eafb49ee2a2",966769622
"8bd8a7e19b6d3b8bcabb84d9",471690824
"8bdebb8914fbcaad625b1764",451411669
"8be43cd8653accbb8fe8a270",544891070
"8be5fca8f4339712c6f3e29e",494096615
"8bed46960db1b2a7954ffbcb",1077168960
"8bf61f106e60d6be03799de7",923167225
"8c0154eb5be437746213aec8",1156454382
"8c02948b66db263420c20d3d",871162286
"8c04aa7506b8c80c1bac23f5",1078186083
"8c05c66be6008af7f6dcc10b",765050774
"8c107da7487ed0cd409f4daa",741247453
"8c1695c9a31de0f956e4ccdc",579164926
"8c18d3417886c150136a03ba",411410855
"8c2423c14aefa13d255fa77b",544637866
"8c258d10ce32150f5fe5b712",860643146
"8c32b6b31d1a1d5736c4df61",1290808791
"8c3373f9c0372b87ef021512",932593641
"8c3a02c9ca043cf0f322ba84",579855315
"8c3aa295f7bcfd9a43eb2037",1044093483
"8c40078231bf7af2f3a06457",420411026
"8c41bfacbc1a6ab831b26fa8",848619359
"8c44d216517f5c59e2611aac",405267097
"8c45ac143f5cc43e9249c17b",790344905
"8c47395a28f8177923d7b75b",445020449
"8c4cc779f5034e9c10b2e698",422560249
"8c51f1b43f15b70d2a294918",432007745
"8c5aa3c826f325a9a6c6f524",990227934
"8c714badfcdef8ccc73df9cb",1326928954
"8c787c1e6161b18601e6d7de",515988388
"8c801a266256e3fbabe7e3d2",709883518
"8c9849cf3d20991e5126420b",943526619
"8c9b472c55d4b99e44041de5",644544132
"8c9bf9031bd378c1105e3f3e",841533775
"8caab74ced535ec5e75acdfd",508900750
"8cab957b322f1aba06bae4ad",614193747
"8ccd326e4f515bf7e817a14a",789984724
"8cd0345dfac13ab380240b0d",588877780
"8cd3031963c612efd0049f8d",762513767
"8cd46b5c9cbd056d3712f155",739108193
"8cdd55d191f206b0841e56eb",654174150
"8cdfda9067e0934a8ebe0894",838165593
"8ce2d6e505ad1da079f34a8d",987917316
"8cef9b18f20e9c5a32e7ccc9",1134267707
"8cfa1121fc87d9483ec63611",886876557
"8d01d6561223272181235c69",860834628
"8d041784b65d33c76e5245a4",873481381
"8d06037db08d0754bb67da4f",904232410
"8d06af8e439c45e0e125de91",671276431
"8d0ae601094562744c8dba4f",457627615
"8d114cef336100a8d8c81ce1",809219014
"8d15b4bb1447eba7a680ef47",444506553
"8d16b1bdea35630a3b09b192",748193678
"8d1b3071f5396359c0b6cc62",970168755
"8d1f7b0cfde7e496e7bfe972",676002165
"8d252e9b0912f09703110b81",595991889
"8d27746cd9d2532fe9cfc408",456154161
"8d2e85825e95f6941445cace",924086145
"8d2f9968ec8aece8d1a20137",650329281
"8d3f4ec0c37443eb3f953584",830520678
"8d48f73816b248d1166a09db",835571136
"8d5192b6208902ddf4804839",901669911
"8d54b9bd24cd9da341cc942a",1007794542
"8d5a73b1d27a66b3f72fa662",964415026
"8d5e662ba25a71727f1eac77",939479326
"8d6c523d4100ab0c83a31fed",891482792
"8d7dd9de4e919fec5916862e",930342467
"8d81b4681ad0055c274e7da4",660985786
"8d911c1a195567dae3cad99e",445599824
"8d97cda83fc7353a86c9393a",1067857751
"8d983b9ca65f19ff3d69985f",1216249852
"8d9b143cd8eb71b05d32cd2f",1040058096
"8d9cd237c737f6e62092a08e",1188905049
"8da2439f391c6db92b9260f5",1235039967
"8db285eda04ca37b86dc9724",1108289649
"8dbdd7c8971a514eb7cb4d3f",938160595
"8dcfc24742ba669335a2d65f",848590394
"8dd453e986d05c6c1dd104d2",686995157
"8dd46fd8ff592358e4c3e7e5",493528072
"8dd954e7312e6e6a07d6d4db",530667986
"8de317591cefdbc375a41483",648962486
"8df5099d856c7f9de43990ab",725599253
"8df9256029f526ca313202b7",898111712
"8dfa059401e1dca80ae65ae1",828009535
"8dfd846e6df9a040ae1188b7",481653834
"8e0ba427ea909cb7943929b0",496453150
"8e160f094a0425aca23f04ac",768786856
"8e17bc9f09099ba3138c232a",1029907041
"8e17d7d78e7acffdcb04d982",578758612
"8e1bd01ce4b7910d42f59be4",679148660
"8e1e9ae57400052cbbaed9dc",1301534043
"8e273f1dde4801825fb19742",864951067
"8e2a5f8431996ae0db65d0be",816418272
"8e35609c1265ddf59e1c015c",902071294
"8e3700ec731701361d7bb7c9",447140667
"8e374b19fb87640c56243088",476110882
"8e4709859d50a75dd08b03e5",603856451
"8e4875b7ecd0898571f0b1ae",475321895
"8e4df02eee6cab9bd1011987",779848418
"8e5123f5ef1da66571ccb600",1301674813
"8e5661e79f4fc282abac1f37",1072164054
"8e56b5dbc4cf628ac12e5bef",1115438852
"8e604d41e0cfe9c93ad536d8",1226031302
"8e6dfdcc28f830f2696de9cf",977463963
"8e712705b7de6e791c8735de",467418749
"8e79eebcff019c3362a76a26",734042743
"8e8852450fd5556f748c98cf",649806339
"8e88e6cc55ca769e472aadfe",568012945
"8e9e35321545774dc1f85776",609415596
"8ea02baab0c59eac6584f62d",1059692879
"8eae4346936f8c6c67be81ba",509817787
"8eb66c4b057dd4b07b5fbca5",868928501
"8ec00d454698c119085cbee7",481777311
"8ec09555f5a47f96a8683699",1102913020
"8ec491780efb2c27df8dc08b",547074619
"8ec8cac469f2448654312aaf",786880249
"8eccd2a6352c33d8c7abcea7",704423792
"8ed11c1d4e7aa1ccf0ea0508",414994235
"8ed5e7770d03c43ed19abf42",743009516
"8ed95f9bf057114664ea441c",527077694
"8ed9c13717d2bb274a81e460",874892622
"8ee4a7cef562d388b8444c29",440247365
"8ee7d2e0692e49bf9d308b4b",1102158789
"8f0a61533b6a01badf43b6ed",849754922
"8f0b6d6dd914911c7e90d302",1080881051
"8f165174bc07c28f9fddeee3",722955823
"8f2218126da9580268661c70",1156824472
"8f221efe392ba42b519e5f57",841172462
"8f2fbced5d357bcd6b1c7de9",868440297
"8f35a5d800d98481d7a8b6a4",550275586
"8f36d25584407d9e3c326e71",693221885
"8f378dc1215f9213f187c02c",550506634
"8f3924eb214f5194d21499b2",979054226
"8f4241a17d1211687bf232c4",505620125
"8f428b58a5189effe993ca4b",371449002
"8f4687b666256e136148c3d0",938458129
"8f541a839df1ae79d563427f",459827614
"8f543f9c31af1eb17ef1e353",691098036
"8f5444b81998e52ad76b3ddc",724827010
"8f570610ef199a3ecc49a0a5",587063778
"8f59ec48e38092ab01c23e33",1090892579
"8f6076f8ed13e87862d82255",452519873
"8f619dd7fcf5e1a17af301c4",1044037206
"8f8a92abd28c8990534e847d",1042026515
"8f90134b8e68948cb18fced1",545993673
"8f9417de118ef8486538955f",999191126
"8fa4be9ac1ef719dda1f96bf",453511886
"8fa53bd51f5d54be50b3fa29",383457734
"8fa9b20af1508af7a01e2267",614980439
"8fac177c5a8b4faa21b33138",395532965
"8fc4070ce12262679c381515",936815521
"8fc50169e6ec98a3f4229ffd",1080616099
"8fc78c514a2f1cdbc5ae6e1b",1069980092
"8fd452d3f5f1dbb3b65f5274",980077370
"8fd5b95f5808b4676043de35",559705690
"8fdc9f203c3de5d486de7ba0",436664343
"8fddeb4ca696706f6cbe573b",989163158
"8fe1a07cbe9b8f3498cf74b0",414636812
"8fe7db56d501b9c11461f62b",652576815
"8fea95d0a70b1ea918803f58",807193835
"8fedbf13ebb7cd3475fa3074",940786046
"9012294b64280c565a88a1d8",760630861
"9017accdd4fe3229fc45280b",376774720
"9017bd24d173b2fcf564b32b",1039562148
"90186e67d802be6d12eb3696",680983678
"9019f1dd02ede61479b62406",485803351
"901e3b835718ccae27c8831b",823382635
"902d4fc2c44ae5ca2703426e",840048141
"902fbbf9f5037be8759775a7",1120358275
"9030f17b47b3940c2e2c4093",662997222
"90332d50e91925eb9b614bef",671062047
"9039bc918a76e486041842d0",578613204
"90470cdcdd2b813b39f28ab3",576740041
"9047c4764f2c6b1a10b87e99",936393391
"904ad71e7d108930d69a7332",642585761
"9050b1061469970ce28742a7",412543101
"90511f2411d4a37a7224b995",683817261
"9051c6d14018b4894b560e2f",1128754309
"9052c644813d546987a72305",516279107
"905cea21c0ce1cae97fe86ab",1036070416
"906014f0ee3f3f4f0576d4da",451529157
"906e1f2e1bc5cd51a55b0266",964415026
"907f968e78d748fde69dd44f",691265521
"90822d4e3a369948cdc4d998",721325064
"908330b0d2651093c0bb6719",909857860
"9086e6e757243bdda003878d",1017709030
"9090236db3ef719edf72a330",1277849683
"909182c92bbc39b00536ce6b",435045194
"90921c9fce21986dd23bc645",832946385
"90961073d9887bc1023315a0",430514609
"90a269d52e47c1705f9b6cf0",1068407587
"90a43053efa1d292af692a87",486144010
"90a711f776d53cf654614649",809713290
"90ae7af091c23957b88de5e9",634395055
"90b04117887941ac898a67a8",403149845
"90b25b6b913c1bf0396c149a",459620581
"90b28f5125a0b8a0e3b10580",967422146
"90b34ed38e0f18988f11d77c",849546884
"90bf218565cd67ed83240033",1236598494
"90c3b93badfe7231410e95bf",823557574
"90dcc3f9428a4e7cc396a15b",785124187
"90dfa0d7be06e7a1dc15770e",524355125
"90e00fc58569167c00fae7d0",647675917
"90e62f8656ae504bf6175e0d",540383610
"90e858d3740d4aec0fa21c12",558631465
"90e94b7e392f84e01a5f1551",1249872354
"90f0cf22cf9c8fcc290e495d",422834013
"90f320e94aa429856e37bb35",458883923
"9120f0e5a6f505a2553bfd58",763616420
"912471caea3c71e3f9f70877",779848418
"9129b78a741bf5e24df5379d",595526170
"913cdfdd62e35472522d0a6a",522259051
"9151a8c65e1f01ce591c595d",725607775
"91561030d87ff5bc0a497f1d",615021799
"915842a8a03914c08a6607c3",433679239
"9168a08b1fac4c5448626ff0",688385623
"916a413537580440c4ac6028",682124095
"916f946082d03023ffad6f2a",654523621
"917218fe1425d2c222da1ed3",657359960
"9172caeeaf6498737fa0c6dd",867295715
"917829a0aba571cbe794838d",650018510
"91892eac5e9565b12b2a99f7",437347033
"918947d51e52e0caf692f22f",441421800
"918b0d900ead8267aab4cdf7",613073864
"918bec54bd7587daafff66e9",956717039
"918c48a512fd6ff22fdce5d3",760308729
"918dbe66979d16b147bd3322",703142419
"918f56ffe325f21522cc60d3",471978867
"919bdfeb16dd0bf67787d53e",580153435
"919c1e281329379c4d130416",1159849856
"91a08474a18644c43224c62b",462073632
"91a08f81b621333ac58c3845",603086334
"91a73bedc30e0c2acd95d6eb",708709716
"91a7bcd95c0c960e4cc22d91",673942390
"91af29fa680d8033188ffc39",986513552
"91b57e8d6c41b7afe949bcba",414376486
"91b8b9db5372a2c3a5c30c58",569884226
"91ba0c5b21b52734d1e244f0",734264886
"91bd11b5a8e0c0124be78f46",389554842
"91be1260a84ab7fa3521c495",890786785
"91c4f018fc7939d150593935",894605236
"91c5967cc1acb3f108d6e0f1",424266064
"91d265ffaa6b407e9747b15b",1091150592
"91d35b9421c4982b54dd520a",673072497
"91e2f9f7d4ed776d38a3274f",708047014
"9200d647b6ce9aea67ff8ac7",801713378
"920b50f4355cd2674ceee068",709381919
"920e2bd03c9d34e36fc38ad5",1164318599
"9215d29512b14aab6178da01",1291598885
"922c37e46fe9e75e73fc1f35",522150327
"9231ec89e58a3daf459c5b43",1286701814
"92369f73435d1ac3fa95f185",680303785
"9239fafbffc066dff0811302",379826817
"92507b623f039b4ef5be8870",796317484
"9251f3dafa0e747b6e78f295",680862738
"925754da6fea9c9cdc06e18e",734918080
"925b457b5df270a68b84753b",407546856
"925f83e20a153a1e094bc606",1088159703
"9267fcc93ae3b6df8c12d9fb",502563131
"926a7b18e48cdbf6ac3b396b",559236238
"926cdc0242544bbc850520ff",543134991
"926d12cfe05643554837664c",401961516
"927de0269795dbe0566a0326",917902789
"9297c340db8a74e10dbba148",674703186
"9299c976b1afe4d2c0bf351e",798192411
"92a1a8b617b6d2c3669167a6",664220289
"92a9c07259efc617e7d58f9c",583891095
"92ab018394a5398b832d0b97",694412637
"92b3b7d8dac6b2f6d5fcfd9a",538925562
"92b772a38d5e38bb51a3f621",567931882
"92ba019bd942fa33ab742924",669976175
"92ba222e2dd63a4453a30637",716112526
"92c4faf0ba1fbac44db6d1c8",637909637
"92c5129009b7e377fa004a93",816272426
"92c8d6ee8496b91821d7ba3e",780032684
"92cade7b5347d1c00a48a1fc",1013840084
"92d7d4fa9fd09075bec14a3c",945914814
"92e4dcc5911b42e7f70311d7",741181173
"92fecc04105a999a622ba3cd",613393487
"93086ab3e32aa9599708382a",1057396124
"9309d812688d0d2bdd33d830",724030441
"9327563b40f2a0f888c68f28",1137512508
"932a93e3ee2093d7f806fef8",693230113
"932ce2fe93b8e1ec0e7bbc8f",460628499
"933018604a8d5a9020aac221",841909330
"933251193ded6df07c83128a",859840171
"933740e21e9b61721b2c6053",799613761
"93375efb2e74f4913d21d94f",498867457
"9337becb0628955b47e45b98",1006696664
"9350225547486ad75c0b5ab3",1131377676
"9353136b0c791bec58f93ad2",524529722
"935a1e8c7e62ca9d3bff398e",915647569
"9362189c5d784741c9b0f8e7",680123310
"936307e2f478c3ff7b9652e3",708047014
"936cdcce007bce08a72112b7",761732027
"936e18fcf06ca3c46eda7c8c",659758107
"936e6d2192f28a2b40939a4d",1017233392
"937708417ef2642b7d05abad",999940531
"937876bdc44c3b8fe063a9aa",563045609
"937c0b6350beb0f51e53ff8c",528154884
"937f0b37f566f65a1871615d",496239481
"9381bdf491d48236e84590fa",542971631
"93822a34ec8dcf104e7f49c4",747662502
"9390ae5c166e1a976e53e16b",441574421
"939afc1f6250d528b0be8e3a",808870073
"939ce1536f15c0e6bf203dd4",999399198
"93a1aefcc4ccafe4866bfc76",494445287
"93ab279de0b7b414ce758153",722766132
"93ac0b004ca60ea56cc2bb9f",690032401
"93acd9176ff299221e0d2152",911270042
"93b27fa67eae8cdfcb846772",892074676
"93b7fc7c4f07a7f117e687a4",648495901
"93b8ea95ca1c1ff3881d91d2",462269110
"93ba409ab36d3e10eaae18c1",926935176
"93bcdd2a8ee1d5b61d00d58a",809219014
"93c24fa31fa780d28ecbc318",495241320
"93c5c5d9d1e99824178be9ff",726547903
"93ca9e75cbeaceee69b4f0e4",480113810
"93d4c413d2a1ac59f1b46830",595748319
"93de58cb0d8fbe74b0cbb556",754232784
"93df4118ec3536b312822d90",1215551577
"93e443a5b3864d52765e6484",1001113401
"93f5694b4854068f42ffe55b",635262126
"93fa1c8ebb75b77dea76ab99",903073987
"940dd8311f2b49d4ec212fde",593833684
"940e08f8fc66ac29f6d76687",825635701
"94116b7517a06255bf4320c2",991749307
"94118bd8c3da3f14f9c7836f",518729185
"941392f9a135909273422dec",606971676
"941569c4352c3a2e32c908c3",1077168960
"94160aa4e5c54bb479b1d0db",452836069
"942133ad6b84f9d08e1d4e7d",847299152
"94213637892f5fe643cbe8ca",487449151
"9421ce9f204f373a50357fce",453108260
"9425283b41165156aacfd43b",467713500
"942c934c0d41ab822d60c795",517586790
"942ed340950f02adf9749a36",446220164
"94301e20cb91669986c4b34f",443927814
"9446f801f30e8b2997fbd72a",1107294045
"945202a450bea48fa7f2a95c",915876105
"94535dcf38c9c6461a73db02",413692194
"945f85a061dc4e95e779e27e",944345750
"945fad7539481410e8bb60e5",558495081
"946eb4523f76bb23d0348309",818848189
"947421747f33db213e6b1326",596423225
"947ba86487536d611f548142",1159115521
"948ba87dfd7993460c967cb4",524506458
"948c392520e1cb3a030ce86c",1126812230
"949184accb5878f82fd5c10f",606917265
"949292b23ece12b655122038",444332850
"9499edd83df77bd6a90560c8",419254106
"949c4a5382aff4750b4dff83",1106575513
"94af5eccfe170cbe7d428184",486277111
"94c15574aacdc5c3cf5a406b",527550292
"94d3fe901550dd4ba77ffbaf",1065845332
"94d91969cc4b9aa1e856d801",591020171
"94dc108f1d146641b221cb81",476458416
"94fd4bb5f41087921ca12b58",511786158
"94fecb92077ffe3a72aedec4",544148443
"9511afb73b656135daaceb43",1070245252
"95173735a8f6e554f083c065",934630649
"9530217ea0b5d2395adfcc9d",1137835890
"953176c9a901b4f61c030432",719979402
"9535ab027f9f2a9a8fdc21fd",445426692
"9536c686b6ec514d92493f9b",638694857
"953fd7541735fa8d9a342642",897353666
"9543c16bd5eea47111e6b266",443215541
"954e3065b1e8b31a68f6d4be",548069026
"9551dc6098b721dd495e5c57",1188603810
"955544a0bc2eff312e965c2e",1190749275
"95561bd325f60967cb6653dc",846043678
"95570bee1792641c7c12e4ef",867290452
"9559637fc2bdf96defd2438d",954634099
"955a15a734e56eb287555307",443891716
"9562ef63320854bc6f94b5a4",467023638
"95632ec6578a204881694dc2",548678583
"956600c9a4ed31e588f8c593",980767457
"9567966987eb1d3117677cc5",433899002
"9569a50febeb4163e28c192c",918809118
"956ad3b1dcbe8f236efe2d2b",552991173
"957731b9940c9131d92a22fa",896356664
"95781f187bd3fffa3d1b19f5",485825139
"9580bf8358095abb15a10c36",373176920
"95815bf7c79e4bff3f41b233",864872829
"958f3e102c6ecf5f6386a004",485548903
"959397711c3f452486ae591c",1042578497
"959b2293af0ee4f7c9fea7c0",704225277
"959b7ea50d93bf1c36e35005",948906256
"959d0cba47f650933b9a5168",1106612472
"95a7b01cd60cd10e7364a600",689506198
"95ade3ab8dc04237acd6441a",420135421
"95aebb36dc0b4ea86db49492",1153503214
"95b822f76b4d3d6ceb0c5077",783330183
"95bb852a958d7b16fd676e3c",1032102966
"95bdebef7fdc2ac0e9541c51",1081430001
"95c9cee9b36fd1d68f647aa5",535261667
"95dae083200a9e43a5aaf210",1088928703
"95e561c7292d64305a2cf4f9",840167115
"95e5e774dac6f0159e8afc0d",614910750
"95e98113e39820523e95adf4",460818320
"95f17e64d2222c904a7d42cc",602573461
"95f27bf0d25bbcd0d1eb9cdb",813817934
"95f7bbdcfb59b4cdb41b0394",629574706
"960c9349b6ef9b747ebe5829",1160921621
"961886897eda4b0ce54d1d82",944106132
"961baf163a07179bceba67a2",1127792339
"961de1cc8601447b03682e1d",626706993
"9620068cef0622c404e15960",526534242
"96298da2f44ca873f345867b",792680412
"9634cfebe7e6b095f0065ee7",748173711
"963985c57392ed0423d74caf",676743666
"963cc728f3bc207a7ad74ec4",699529962
"963da21c3c571d7bbc36f1b6",619648634
"96448fa0eb077563a2d168ca",530886743
"964734d3430de94d22c927cc",440225520
"964b7d9de17c1ce396fb83fd",433232701
"964e9c3f87176e761484543e",689793805
"9662cce3c4b92d1c99849899",1044474203
"966e8fc9af08e76f8b276245",511388603
"96786aff35713dc21f6bfe5f",1013238806
"967a7676754d6f9aa3e14473",460822338
"969219d7b193ac92e7a008ec",593359722
"969b956eb7769b6f509d3ee6",1013238806
"96a478c359fea0014fde607d",819035125
"96a77e8e42d676b0da3fa572",742608668
"96ad0e75433cc18f20ed83f5",806195688
"96b3ea80cce599b68f96f86e",629574706
"96cb3c08c80815907de81e73",587359778
"96d14697ed6847ee757d113f",470909664
"96d14a1d29b7abc2cad573cd",685224194
"96f59167d17d1c99f31be997",819819687
"96f5db1dd0f36d1087172fcf",693895447
"96fa88a07329d3988b6b41b3",841152231
"9700892d7133ff2c0d1763e7",1035451942
"9702737c9e4ecb12d0f9ea5c",847755482
"9702cf3039b86f97c003e20c",640983510
"9705748d2bb061678a80826c",993749003
"970c0d4928a9292748c0fd00",947273806
"970cb360eb64128037be7e23",789164659
"97106114a8d353ffebbd07b7",711109484
"9717b066e135a82feb422181",585304885
"971a322e9087b67650689ea0",1101272564
"971c610e55f133a1d1e6c2b2",972071582
"97337d2f347a50e0ef518516",445362930
"97388d009acd9e5ad49e7c4f",436664343
"973ab56a202e039f5ef37353",489383541
"973afa2d67c20297aa108bda",511885093
"97419310c7e696dc8ca61f7e",835605798
"9741ff1b895a038c32205784",859918433
"97439d5a82f970e7f50d51b9",876228771
"9752758072e096fce6f7f4cf",451016624
"9753470e033b35407a2eca2d",825757418
"975482a692bb98df98b2f243",460767803
"9756b47e9dd47f99dbb23115",844578153
"975ea2f56001edae07f28fca",411424147
"975ee5aeee84593bbeb331b1",384219266
"9761b0f43949eb5307472ba2",967784559
"9762ecd72557ad6728274e1d",687371514
"976945e68af6a66f6fb0850d",515099167
"976d317efade1dd77ef3687c",478534311
"978195f1745ab7e3d69e1f50",1063160207
"978edd828fc71300e6723e06",965517357
"97986583e1c988373765eab5",809956810
"97a22807207cdfb341d5c50c",397376507
"97aacb0847561f45a5540f21",742608668
"97b12012ece8a740944aa547",812740074
"97b57932e5e20416bad6919e",1121717957
"97b69097fee8d8496a6b8c04",520373318
"97b791fd94b2339ba115a75a",861079869
"97badba651a94721af5df3f0",611566424
"97c799300453ab511bd06361",827428674
"97ce3e0ef38ad12f7fa8c4d0",402216722
"97d49e61c1ef55451e52c8e7",891615737
"97d64459dfb368b1f6067ab2",867715707
"97def72de478566ad58020a3",822853727
"97ea5dc81ba49ade4f8f580b",632955101
"97f5e6ee143998e0b3fc97c0",739528195
"97f9cfef1e35be84ceea2a46",1029907041
"97fa4be3ed93c37c048f507c",445275489
"97fc10f5ce4a6fd7357381a6",538998765
"97fe6eeed892111bfa20255b",464732431
"980bafcd065c8e3d6cece127",936565670
"980d809e549333b475477bf9",419935806
"981b55d5c38361caaddaddad",605246555
"981fcb79db3881259eb303bb",494081175
"98318f22c00ab335d8aa23c0",732295519
"983503bb75d84c410d1c5d3e",1082128365
"9836bf9b64f27104c7863b79",586195060
"983874e637a1a5782f31089f",508500905
"9844c3773f7a50c71f218e99",863433159
"9847a4ab995b7b1c30196704",1232577141
"98502628de3c4fd3905000a7",591903320
"9850d970fe9fd9bae89f09ad",792803939
"98510008e150296ca9d27d0f",742033878
"9855712ed7be7e865656de13",1045910138
"98575cb25b358dde32ad042a",1016851399
"985e40843a30150e6892e4f9",894692136
"985fc7ab5aabf1831ce3d298",731554497
"9865836c04a9582688f50496",522044721
"98665b825fb3a06b914d39cf",956626980
"986defbe9082519824ebc882",878010194
"987199d3a23c08ca887b301d",829453081
"987476ca395533347581b2df",675687895
"98799228c26c9e4899bed65e",525218833
"9881fb167319b34cc23da955",1006132841
"98865eb2f40b8a30893cd351",550105389
"989360149d9cc6088391db4d",756943247
"989a4fc1590097414d7c3fa3",438355519
"98a0289e513d5ba036b24252",506669024
"98abd5139cc3ea136faf7c8c",947942108
"98aee6a36f208227a992f9b6",1219692598
"98b77fc0888335702d082f8b",690748118
"98b973c8597d5805f87dd074",738553041
"98c5b154ec80083bf6f51835",950461508
"98c98982020ba42198aeb45d",757920272
"98c9c866109bedd605ab7dbd",923011828
"98d7f0935f021acf313630a5",808349415
"98d8411005ac05d77cb12516",977193995
"98e04fd660ca1276d1510a72",523232588
"98f253233bfcd16533e2a448",1135007345
"98f2d7810641693c44096ada",674738960
"98f89d21e5dbe53f8704e745",800695902
"98fdd3fc6c9447d0f05eb1c0",492380609
"990379c9f9f210206c6f1916",1031699307
"990c8d65ca11a97a1d34c5e5",800060583
"991a94dd1e99de493672da14",521954050
"9931470b50580f51e1a4fac7",518689928
"99340b6cf8f818392d501e9e",1251439098
"993898470c6676ce46ede92d",827710039
"993a18ae04d78d374f854262",818927353
"9943a2530009f62cab6b466f",520876995
"9949cbc958bbc0114404960a",538948333
"995362e3fea8e54538ac135c",522518633
"99543a17b33ab955d03adfef",1052168135
"9957ccd807718945178bb847",1023225352
"9957e5492f63fa295772246b",969727103
"99587dcb4237fe90acb15b5e",440887662
"995a5799d9a1a7e4dfe4fe34",1123868709
"995ba6d1fd63d5160fb18e71",896917808
"9965f598c5b95b3cfaac50ad",1010322723
"9969f6f4bfb29e3a97c2fccc",613810976
"9982169d6f3e9ca61dacfed5",703594991
"998c1a6ace613d8a7468ba5c",866982569
"998c864a446f06d114f42fa2",1063553678
"9990217fa4eae1d1c4ed051a",1167957301
"99970db787f55a4d1963942e",416764809
"999c8da7dbed7412dcbafb70",787951849
"99ad7b36c3c916393e951507",629346330
"99b31d0b5d5ab75a2653b1a1",521129169
"99bdce7cdea643b0442976f5",840202726
"99c1b39476ee8e2ebfff6ffc",645816051
"99c539fecb3bc233288ff905",712338317
"99c69eeb96e1016a7e53b33f",749256484
"99c6f87ac92cc323c8caa005",900522588
"99d39d72083d7485e8944a3e",507420734
"99e48a46a1a599471d3260e0",400236241
"99e860bbf3033ee4654d393b",737837097
"99e9c4f8fd7fb7929da10a20",411383531
"99f10097f39b32a478877340",623837927
"99f1712af0fe96f67d11037b",487513039
"99f8eedcdc31cc0ff6fda7a6",415052512
"99fa9611d644cf325e20e603",1246786331
"99fad8a7877c57c0af05b318",540362395
"99fae85157be04554b236007",436240894
"99fdac6a2ddb1136f7117f0a",426598729
"9a08127164a0bb61cefb3680",407445485
"9a091c59b3cb4c730372b34b",424439539
"9a1819c45b01c341647a2410",654869882
"9a2051367d6dcbd90a4d60e0",800658321
"9a296eb9b63ffbdf2a07cd0d",920008298
"9a2b53c1c7151a8b26a71edc",414866095
"9a3368605e5f563e29182f3b",521783488
"9a354d8c526efc5bcce59dca",770052060
"9a38e7293e9ad7d8462eeaf7",1069980092
"9a3920f803b087c29b487cec",487746384
"9a471715e4c4865b822a6b77",425162362
"9a51784f33b0cdfce8312163",605669066
"9a53016fdce3d3b5c2baf3fa",933619675
"9a565e7220cbc3d5d340e8d7",779577103
"9a5fdeb5f389590eb46e7aac",1204721655
"9a61bfe6ba2b8364a92e5a97",964652738
"9a6440e5318b2de28b180a2a",1072186565
"9a65fe451b30c59beb3d62ef",542077634
"9a6849637f1b8332ab289e27",1292255727
"9a6a8802cbf3549870c55031",401551672
"9a6b537a7319b3446977919d",1387382249
"9a6b77dc2c414f0baa11effc",466399876
"9a76a405640f670c6355630a",675180724
"9a76cc7c650230c670e703e7",682114499
"9a7f24ba55c92696d377bcb8",878412663
"9a889078a0225c013570609f",417495365
"9a8d13d56d677379ebf9a347",1225469792
"9a8e471c8f4488c3799483ba",457346902
"9a9553eb431458a3e30fc672",716340696
"9a958690c3947f5a8f05cc80",1131968180
"9aad22f3d25e46538e1558fb",852100933
"9ab245a4c91877cb7a8661ce",1096361316
"9ab273eca8cd5dd4b6339ca4",412712797
"9ab385e399a4673732b6a799",931171580
"9ab4e5f8cf2b807603329cdd",715312740
"9ab5ef2c5650c4bd05248990",436664343
"9ab74e81283becc00a779172",583308554
"9abad9f79352ed42d1a9f099",400039300
"9ad9ac8728cfc2387285c24f",524355125
"9adaadeeaf6a403e1c8754bf",916540316
"9aea45bade274e4ed91ec301",602680882
"9aeed339b2d916cc89f38bc3",703166686
"9af17837ac2bbe7c8ba16e0f",503205527
"9af6ac77a9aa0c6da3cdaeb0",403969822
"9af956dd8d83bc715592b97a",429556159
"9b06c7cebd33cd26cd6cc089",1291598885
"9b0833992397c6e50b54715f",594337411
"9b0abbbbfe0bc85686304ad6",486288599
"9b1223cd8c9d7b348d6a5c94",1067856260
"9b13a371ed4724d2e2966447",786190181
"9b1590945c0c7f7b0704d287",625843151
"9b15aa6c85804621f5c42566",874892622
"9b184e58842bcb14dd42103b",609739641
"9b1be976725ddd512cd222a8",955792456
"9b1c23d616e9407fff6553d6",427435438
"9b264d26a196a76951308cca",616507607
"9b2c7e6cfb2d6c66e1ee8a6b",800943117
"9b30c679d7da9169580773a1",930520757
"9b337cb1451a8fb078dc9a07",823412398
"9b3557302e940d4da341cdab",552120473
"9b3677d498c2ccf69c756ec7",1069980092
"9b3846c7abf642e0a6220e7a",444810316
"9b3cf0d1b91b9c6a2a887647",618047553
"9b58b5c993540ec3ab1e4a0c",617410358
"9b5f013e795f5fa610d03238",467418749
"9b7de95ec90da0dc8cff7011",509154921
"9b7f17ddae12105d47fad7eb",911293204
"9b858a70a031475e422e375f",809949446
"9b8d798a2c455a960ee74503",496414727
"9b948f070b94c18e00a857a7",450449446
"9b9db425b698a4931173b5a4",628357093
"9ba689b29d0696fb7ebc44d5",1157431914
"9baa578a930a94f761119fdb",439880809
"9baf7967c49fa209de8dda95",811559834
"9bb193ea939c5308a738fcef",531043022
"9bb9864a6bcff25b17477717",575629734
"9bc12d9c9ad95064412c3413",1077138448
"9bcd34e7a974c977f65925f3",1100719063
"9bd500fb24eebd53d8262b62",839635497
"9bdb1bc52a9ddfe92e6a948b",840047870
"9bdc79dd02cdf39f92e8c869",681361527
"9bde9f216ecb90814670e87f",647632320
"9be92b361ffd3ea2c69be23b",598894853
"9bef4aacc63605f2b2b62292",492355549
"9bf2e0c1bc82010e92da2540",756172326
"9c20784acde0823e9479be2f",780420692
"9c2c22e70cffe6836f554f24",475573256
"9c2c2b01934d1d519e651786",716825595
"9c38b9798313a3091d13b340",942639422
"9c4ce4e9f12764544cc8bded",943652535
"9c4dece6127f1f3f3bc1e0f7",560966092
"9c4f397c093dde7de5d485cb",1000641420
"9c558e10e5bbf230f16968f6",993793929
"9c611e246a612ac6906abe8e",1020095088
"9c63c6c27c74c03f071385e2",711240685
"9c6a01e3c7ef87d27185e9f3",990307069
"9c6d7e6260e4fe83d43706d4",537208989
"9c7bcf000cb37f48d9f15422",791951118
"9c7c68df14c238ce0b497dd2",1056769685
"9c7f7b0ebe440f60d3bd478e",421870187
"9c942287410db3d0739e182e",581434625
"9c99a85c5dd878568582dd9f",501251101
"9c9c2f05352c92c02d080e96",1082075862
"9c9fd309cfb505b628f84fab",923280666
"9c9ffb3401ab6ab90fcb555e",1081956365
"9ca0839c9c294674e86eb691",1006843757
"9cb40496518bb99a7a00a2ea",1152112927
"9cbed1ed72b444c22d8c1614",721052379
"9cc3c05f0e81b8f6454b80ea",500018701
"9cca7c1e9ff65766c8dd2e29",527548754
"9cd01a5cba1674559752f5c4",1071770901
"9cd1127b1bc10db6b8ce5d4b",1070974095
"9ce3000cd80aeec2c5188e8e",557069333
"9ce7fb3190866e6a02e01e26",561139360
"9d021f3fcbe5f82fa1c1fd94",522449241
"9d028997ff036c154c3fda0b",932766506
"9d0ae0c4dc11d8c6d94e545e",727300772
"9d0d2774fbcb6fcc66b865b8",615335129
"9d157878dbb41c14b52a956f",490047290
"9d18c354e8939c9f18598f22",406894030
"9d2a195e645a9e8556683b4b",706444461
"9d2ec1ed9eac77d534ed514c",662997222
"9d348aa70957592dbc56ef32",772520629
"9d3f5b59b9735da05588b3d5",450245672
"9d53330b44c300e396cdb402",718760098
"9d576cf721ad30ab1a4fd554",461569106
"9d6288cfead77d622f5f5b95",766034581
"9d64345229b60ad1853d94ce",655459043
"9d6810aa1035e91b72de6a26",484565123
"9d6be7123f2c6e610971374e",1054105135
"9d73758bf7569cab4837e49c",755982016
"9d790c8c474c9de2afeb00a2",457380022
"9d7f161ee660b1bcb54574b1",1072074138
"9d7f2c004fd359136a662c9c",675633214
"9d805330fb0df9ae73003ceb",764191147
"9d892f73b02f001c2f715607",562806274
"9d8affa93ce4dc7c1a21b3a3",1055109837
"9d8d3e6fb432174770c74e71",886391444
"9d8e7178912841c2a1232ad2",550506634
"9d9564415e52518c2817f66f",539655184
"9da00f8ff8e19d26c1342274",1218050623
"9daaca90887e5144c35daeff",525023032
"9db120a76af04028d2f0ce68",391633003
"9dc0c6ef8389978be58daa59",1003654791
"9dc7b0a394309d8b76d0bb7c",807240787
"9dd98816533e4ca8516a5474",1045758731
"9ddc14c8e7fe7ffb078e0019",935553348
"9ddc1924043ee8361201b39d",1057917751
"9ddc7272fe43f07035d3da63",1291598885
"9df0663317db1cf4121a222d",807765163
"9df90c0644948ea5539939eb",987299768
"9dfd5df5a2efca3fbf2c07c8",577357302
"9e07dd563b6ff4572f5d9031",1009243875
"9e0feca2ec3043ae6f840631",1162329164
"9e142165bbde850d4379a49d",498453727
"9e28972500d8ca3fb3b76fd9",988045849
"9e2c21d635fc25f7790cafa9",438138924
"9e30b310c820d0426f504d90",433087850
"9e360588b18cb15aec3b6609",531726346
"9e3bbcdba89c647e4ce53182",665609440
"9e41c4b41cbdc2553d80e362",807102630
"9e41f25cf2e77f3fbe903368",1044037206
"9e45b127ea0303f973bac9d1",389864998
"9e52ce2cb6f6b7e2a152dd54",822324126
"9e590ad7d22105456bebc767",880299142
"9e5efd4741a57b9af54e9265",706521453
"9e617d1fd8a4f33d7b66098a",1165012369
"9e7ee8e17b1e76965e96ef95",848753526
"9e80db4c35139bbb18775644",1166536325
"9e858250fcb7320b65bed9c7",962024189
"9e871ee8a61b183aa9051b72",838393312
"9e8a11484838eed1f4673a32",661338993
"9e8cbeb53820394a460f0879",484780135
"9e90e02c8ed3ad137e4c3abc",432708635
"9e92b27f554068b7dfb640cd",467000341
"9e95710c61a4706e21cf70b3",710992305
"9e9e3655ffa5921889cd8ae1",1166389264
"9ea78159ad117bd9c0b04291",523498196
"9ea7a0d65493cb5487ed2084",513172785
"9eaaf577807d86ab64fb14ae",396003839
"9eab02171cb5f15963670172",1181650391
"9eabba4531191127ee91621b",1222808289
"9eb4041ed9e159ec0d890de6",459032407
"9ebe11eba1a88fcb24fcd141",549474813
"9ec426691c80918203394ee1",424639684
"9ec5fbf8767dd0d2744a79b4",737496938
"9ed0bcdb62b2223d716d40d3",768669487
"9ed988dd6739eb7ad7aa5a06",977892508
"9ee3218bc61636cf0d7f8107",619728526
"9ef3691cdc2bcece41b47e78",1112251973
"9ef498b11563827597c82947",623079216
"9f06ad3793ede2ba7f39de43",658151102
"9f0bdae4f8609ec93588de3c",779582299
"9f11661702873852a3d65ed6",419753403
"9f118569fb8b084f0615fa22",512418073
"9f149071cf61295815e3f875",814638569
"9f15c77d67021f349714806c",501967652
"9f2498c12d7b41c213bec0ff",415819459
"9f27627b9e439fce085cb01c",480236029
"9f339d547d83b4ef956a3690",877740882
"9f347bf53e4ca4d264a45241",726629330
"9f3680d00c86707fba024dac",778038973
"9f37bcaa95fb0044aeef6075",566091709
"9f3dfa6e1422f6aeac527c61",473682915
"9f3e09a3461bce2fee7e1c40",1288346423
"9f41ce015f02d67e193c41f5",442410317
"9f43c80d2fa31a09592b030b",798611942
"9f4a25a5550f016ef2370229",953042708
"9f504cc4e6b170155d38c687",665618153
"9f50ed2b7e40847ffd877f4b",806854015
"9f52855eab4ca5161f1fb492",772117009
"9f5cf735a842860e7ac753cf",672685784
"9f68ff98e302ab06df4fc672",453048811
"9f6ae3eaafbdfd8d5c0e64c8",1138918244
"9f6af9ac2404a8d55f24286b",559451234
"9f7204b4bb3ffb8591e3164d",1008310688
"9f8697b55cb665ebb054f9fd",511679398
"9f9f2548425519863e2cd6b6",463735901
"9fa391febd5d0a8e4c6ecb8f",437048389
"9fa39c9eb4b10a20dda6c3c2",778833948
"9fc4385ea76cabf741d38789",437802987
"9fc8c3523883947769b2fe6c",1112272806
"9fcdcb2be94744d00e734a3a",1017132097
"9fd4adb5c63fba5a11661b23",394454562
"9fdbab0b428f19e7e8dc35b0",1047463587
"9fdf7d85fc65849cda3afda7",696942896
"9fe75dbfd537f9ebc6653f18",696825311
"9ff06409b37e5b5dece4604a",579512178
"9ff08a6ca1c63480c563442c",914681783
"9ff3268cd15cf039ab958413",445871118
"9ff3acb07666d53f00d1f1db",607564047
"9ff4b1fc1970cd5c102cb755",1082004482
"9ff5828e084070628ef2ad96",464868269
"a00863c7c53b2c059ce22dfb",422065353
"a0087db5e9e2cdd6073021a7",589101527
"a01a51af09a3dc387a18b58c",348432757
"a020e479dc5db78794a5fa77",918147827
"a02bf67aecbac445a12da958",1252600233
"a02f6ef1f148659297d46b33",644649713
"a041ed3fc0b60fc4ce3cf847",675152774
"a04d3f4eb8810a346fd29ab5",1158905883
"a05da8df13eb4b121d536912",645601697
"a05ef49ad8b2d6c466ac7412",965593918
"a06733f7b3ba964c20ae2698",912228063
"a0722c5527c6d3cd5cac9477",1077168960
"a083fd17c5e7c9d33540b922",539672014
"a085fab6d9b9d8c24472cfb0",1252600233
"a09413ca0b723170c26652a3",728446652
"a094be8af52cf76977fa5083",926694799
"a09c957598e6cde56cdba03c",618251729
"a0a8d63b5f43b87c0c7e1fb1",876930320
"a0b178016cd26a1d2072e7fc",431648154
"a0be286778d94153d3b22ccb",950988174
"a0c6e0c6fe41e32b3bcb2b26",896648893
"a0d5001f7dd42d7f0c91d2a9",459860220
"a0e15809e0a284fde27b16ee",861130321
"a0e26a9d56cfb3b7228e5d75",621333667
"a0e3198470f97f6a169044b3",1067286022
"a0e53cdd1132bd19b8ba0c54",727431244
"a0e9310061ff0084d63dd242",936440807
"a0ecc8ce0592a40959bd755f",674499171
"a0ede3a514cede68b721d994",682956976
"a0f1496a0b4a7cd8b850f010",872015243
"a0f1c94cd34fcba92f59a59a",1055219364
"a0f28aaedd12f3d0eee8c6ea",417780605
"a0f86ac00934b57d85b44dde",803433756
"a0fa0aca2f6c2ae65a98ccbc",615549667
"a10055de743532d7b7bd29a0",707996625
"a100f050c34e438070ff487a",515988388
"a102a0a268840439c2c8f4c6",441438136
"a10f459124248ef30f290cad",599362855
"a117f625c794b7d52ec67cd4",861800081
"a11a82cec7f8a243e2f90539",789984724
"a12ac99bf63b547fd9180a79",382148218
"a12f0f00148e564ef78838c5",1072143187
"a12f49f4ac3c5bb0dc7d8d20",426455050
"a13004b87c6d7e7bf6b75730",485106515
"a1305fd943ae63715529209e",913531046
"a1320186028a726935bc1cc5",709429015
"a1368aa4d3ae850bbfd90bca",1048579685
"a13a3638569b89ddf1260470",478567140
"a13fc9e9b4e47340a5d53bcb",736090781
"a13ff325f90eb49363f59052",926994974
"a1421c30fb33a249bcd54394",479872801
"a14506a4800c27223fc34728",903965599
"a147a8c29757c5d0c592d347",556377400
"a14f071d8e5c338d9ebed23c",472344560
"a1508f30ba87423e7393b4fd",1035451942
"a157596804522e03efabce48",867678980
"a15a12446d2e5993a0a6c423",934379608
"a15aced0fffc97e219f99545",411853519
"a15bf12a6b8749ac8f9de19c",404417084
"a1647603f732f97a99f5ec6e",1131354117
"a16ca6293e2ee2969f3334c5",875911414
"a173eb804f4bcf6bfe889417",1048909357
"a17807447696896bb61ef8ab",857116542
"a183a1c009abf7251fd725a1",951397116
"a188aa896d1b4520ccd6b65f",412594560
"a18925f908acda4171bfbe36",981145437
"a189bd7e4eecdd18ebc7d353",1164318599
"a1ae6f9f5d02548c89b23904",794754715
"a1b0b8d18cd78b7cd555dd55",966564454
"a1c2003dfcdce97d21f9cd15",779848418
"a1c975ab16effc6f97935e16",846745420
"a1cd215fa99b8776818d0b0b",488792752
"a1cd867286d6e82181e5d1bb",939479326
"a1da74ec074df16a1e8690b9",1053199235
"a1e38854d6725e9c48c128b1",388102750
"a1e8f0c7cfbfecfd1549b0b5",543635592
"a1f0d61cef676fbf798b5473",496870427
"a20435d582c7646db231e7d2",857095355
"a20cd5193779526b43612ebe",613207130
"a21923caba05da05449d60f6",832185775
"a21afcc258e50a538dfd43ed",415403814
"a226b4af016a772dc7e39ac8",652010821
"a22bc19d0d83b13a53630b7b",539767143
"a22ed42197987a8534abf76f",888925672
"a23a13e43f3e08ab82c6ef82",464015305
"a23ff4d1b2e24f537a75242e",672083946
"a24901956dac4ee0e4b0c91f",919237634
"a2522c9d3edb7e7a23a42b74",1023512844
"a2529027db6b525e365e7be0",636482456
"a26149f589edb9a903782a3f",654676303
"a2645174e4e15c49331f576a",1043921593
"a266efa4e41df357ac4edda4",968716333
"a26e967b288a1eb6d8e71d46",442950995
"a270fe47ba30ef0056ec6c4c",391536621
"a277d5e8216fdc3d7c93eb2b",765518641
"a280fe7610c254b935c9dcfc",438723739
"a281d59b685eda4978e0c84c",885647581
"a28a31f7d0e3fc6298606078",558786994
"a28b1d82d3f7dbf8746d5742",887225579
"a28bb09e30bca82627e595c2",857251381
"a2905faba4c1177603e6cd5b",1176310878
"a293de027279019418c070b5",485746948
"a295b12b773127f15e83e174",529830939
"a29e18f37ded2e901181d7d2",646315561
"a2a1665a693852185673f6c1",1029907041
"a2b576643f7a032371587e5e",1069421020
"a2ba273b099221390bee92a9",464729937
"a2c033f497e62ea10ff8ba3d",810058471
"a2c3da753f0116aa5842d4ec",764191147
"a2d1de4211aff373009809ec",609735418
"a2f06081983f748fcd74652d",623144620
"a2f3f7a1cd573e2a33f52e2d",779117515
"a2f40c8227b466249d6cb659",794653221
"a2fdc7da13d098cfeba13b76",457170561
"a3021c7c465dfdd38cda9f9c",774633416
"a302ef23e1d0d6a273274cd0",401777954
"a30e69524af9c1bddbc5de34",619760438
"a310528e34207b5dd813df8f",674207435
"a315b497dd8e80464bf0480b",725808227
"a32d2c51f2bd5f23bb519d12",1014963071
"a33329c9ed11ee8b87aad6b4",475460370
"a33800eaaf178e01558ee926",710024642
"a33bfa6cf99e26bd9c49f8d8",653710074
"a33de2559b5f56d1b3cfce08",597562927
"a343e6ec6eadb287711d3834",742824167
"a3460f00d48816ef66e3acc3",511412377
"a34b3b037805f2ec489a95fc",619109272
"a35450284f8dc27e0ed717f0",1137964185
"a354cdbaff42acd1a0b5d82d",816487432
"a362533eea6c235049bf3359",708277159
"a36ff3637b7d2b1c52999ea8",1113030546
"a37522af63bbed2f4d10900e",1291598885
"a379656c49f4cb1cfc5b3f03",650826116
"a389a1ca097a820fd9af9d15",794754715
"a38b2d75349c56ce04f02a94",865976049
"a38e7af984a471331b2d758c",848580684
"a392f7f9ace844d712ab2b4a",1158262279
"a39617b7adfeb6ae7d5ee5f0",1143022608
"a39f9fd2f143b8ce1f7e1277",663580410
"a3aac701ae444b6d91b7bb0f",631161099
"a3b9c1a3b81f17e6b22b6152",476804599
"a3c3c9fc04cf2e2a051a12e6",519949235
"a3c45875c0834b144f834798",444392360
"a3c4d0ba7b85b9a6370e131a",1187228831
"a3c7c54fa12d5b57dd997210",479012474
"a3cb2a035f98276076f2d848",454965950
"a3cc0422a37512ae124013d8",915647569
"a3d03a25f84f4d50d2a308b0",518997616
"a3dbd504524f980ac5325150",853235994
"a3f1214ea44063ad10956fca",772117009
"a3f32d81f4cd99dc85a16bcb",498478889
"a3f969063f78dbd95e6ee795",617443615
"a3fd38336516b98117e328b7",960368068
"a3ff6a1fe37a1bb736b1100d",877389704
"a40861d6573e4539ee3c23e5",572856352
"a41210034abe19957b317d1b",935682087
"a41222195e5c7d7987dc3c7e",438843362
"a4146ec09d782b08e8198e11",872531425
"a4173461aa676e09227559fc",442988957
"a418dbb6d04e505c133c6c1c",974942372
"a41d05f2ae3e022c16088bd0",915062882
"a42081eac6834da0560ea4ef",807487048
"a4325969a50a14c948446f9e",629014092
"a4410bebf9843297fe32d63c",626520370
"a446507813234e358db8b573",482322285
"a448d8246781ae78dae61619",749174615
"a44c7ace8ab50de7ed8e5a66",480145367
"a456f85bbae3f189ff424e8f",459268596
"a45863121bdec787e119b14c",409342984
"a45ba5d63cd1971de19c25db",974930826
"a460aea3370926825b0dbc13",1056817296
"a465a567a4f60ac534505bdd",948195765
"a4683facc81ccda10e9ae388",1072074138
"a46cfad2458ac7ca4134818c",562005654
"a470bd174fc7587dc1449c89",1287241174
"a478fb93a131fee4119bb9f9",890134142
"a480b654e1b8b7134091e613",1085686854
"a482103965890c922a66eedf",622221408
"a4885ce6808ffdb878c41f97",484951893
"a48abdedbe3d132276dbe403",942142929
"a48f29071cf207b27ddb03da",635376693
"a493488dcd906dc74cf8a604",712126648
"a49c2976ca4f24f3a6b622e3",551320283
"a4a49182c79c72854732594a",503067202
"a4a4a57cf20ad739291aafcb",550761516
"a4a5b6a844c14b4eca92dc49",1182947736
"a4ad34eb244e48afe23a780d",556230716
"a4b16572b8bb786561baa3c9",1287241174
"a4b23fbdbc7bbd45c5ebf80e",1128790198
"a4b2dd2771f49951c027eef2",928467164
"a4b6ceedaf89cff74a292ab5",755993003
"a4bc87ad4f1ad97c0a63d843",1058777637
"a4bf0c02f139c695845c9507",910194472
"a4c324b1353d2f7ea3ae9727",548194461
"a4c70eae507d630c2f285eb5",1173593785
"a4c71322f79dbbbedab3191a",959970440
"a4ca465294c114b1065bfead",843951489
"a4d4d6480b56d6198c0120d4",843572178
"a4d5ea1b907e98be72b5c49b",539662067
"a4dba76865fbd14aa19c0286",968905061
"a4dec2ce375ab5e4bffa5966",581062087
"a4e4f56336e07304cb946b1c",896280734
"a4f272acb4b3b4f5fc72e99d",1087032932
"a50640d13126880a423521e8",856726411
"a507a938532411f06c57ed8f",1237710911
"a51ad0372758b2bbfe73f8fd",739528195
"a51d415712d8d6c8add7009b",1037741274
"a528312b77b7f84741c2bf29",755036135
"a52bd93aa6b0d965914f1101",922246634
"a52e2c893f85b49e2499cbab",844092856
"a530e3ff6d7bc1abe333245d",759655087
"a53b105919c7b46c0cc1b003",623710090
"a53c748935206f61751dec1f",449644230
"a53dc5c58f7384729ba37a21",674619864
"a541b35c62878dc2c425235d",1017040581
"a54b0b282edbd217e9509287",680620185
"a5587c93c012375dee920f71",759518345
"a55906464634558b94d9298e",547106165
"a55d7074220aa6a750297c08",987585803
"a5620899d410af623a3ff4a9",1010761910
"a56d3b5bc13c9849cf676750",722287792
"a57350d4c79a415137281cb7",410482523
"a57435d71ccc5f032baee302",685991344
"a57a34c7486e7a40e8deb316",844395532
"a57d01ed5a9641ad64f7f032",520957795
"a57f40f00f80abc7450aaf9b",772318012
"a587c7419568288d68c46feb",731093442
"a58acad50184e66794d8d704",721093033
"a59320023948e2d915c07306",598001716
"a59e7f0e0596ea6633781335",720138465
"a59f1631e721d231eab4d146",1051858955
"a59f39373ee368259b441de6",484786776
"a5a3cab55661982b7d30bc78",600202538
"a5a46af0c9fb5c0a03855660",996187010
"a5a4c0f268548993b61d65c6",844014598
"a5a71962df1b8bc45bf5547e",807772402
"a5b8869e9cd3d0cc32a0b298",1033364349
"a5c85b445f503a56e0e2a924",1165680728
"a600ed86cff36e636d204f39",629320058
"a613b18945052b4576595c4c",721849393
"a619d30d6f2e2aa3b9613c04",436664343
"a6259664a05091ef92129c7c",475185575
"a62a6094ffed3ea7a54fee73",502433390
"a632ececd6a023aae8a7b730",435910160
"a636ffa140f80412f003734d",917678609
"a639ec3b943cf90cb28bc1b3",490515772
"a63b4a22614d334b4a61ea16",857081171
"a63c26369cfbabfc9c2603b6",988045849
"a63c36f6e7e7ce7c7e7fe457",843535982
"a63ecc5539e8725af4128cb5",664426897
"a640228932682c0c04538ac3",850950129
"a642351076b7706a733dc52f",753951792
"a6555836840c7dd496ba9094",748467463
"a65655a4f42564ac48bdffa4",671644795
"a660d5809085b4823e287a5e",460962553
"a672cd6c8c284e14913222d8",646377543
"a6731fb85da65ce14468341e",447083197
"a67412a01feb64ca6e772858",1113077882
"a678e89692df9b14da9f19b2",472336100
"a67c6f6400a176e0a07d6772",802489787
"a67ef3a182aa268bc4d9ea14",752329455
"a681d6e9ccc7bc60eeaf7e3c",949753105
"a694b9ab05641a6325764e63",809836732
"a698d80ede6cf6243fd9ed99",969221960
"a69ded1c20e05bd6b3a90028",813722683
"a6a06973b5a4c990d5873b7c",646800087
"a6a07d35b3834bc6f81beb6d",973581447
"a6b1ca7a4e91c4c0f4366984",770897542
"a6b992c9bf4eb32ab3d1df4e",517774993
"a6baf4631223d9b24de8b590",383095008
"a6bdb6221b88a24c9f8381b0",732339653
"a6c86ab7381f6c43fdd61a01",466968903
"a6d7b144058ebc326b9803bb",594850470
"a6da1996f66e545041d920d6",684031930
"a6dac56445613d70e49647e5",911155918
"a6f570e11883e74654898d75",922658112
"a6f616d63d134f14ced205d1",1035348733
"a70b6661eda6ef616e19dded",460185289
"a70d32ccaa78ae9417aa7e4f",477662009
"a70d331be751cdc3bd0aab29",396650390
"a716ec25a219961fbe90f367",1048909357
"a71d187784b309d65cea0b14",1122487146
"a71d53ec4fd0d64f8c06da2c",1032102966
"a72041a40ca87928c695b2f8",521954050
"a7283f1587ffd80f4723475f",397491955
"a72f5204153b7c92f52d871a",809219014
"a731b326a61043070c3c853b",614707247
"a73206cd21136b209f25c7cc",459590042
"a732aefa7ea4715325e9e80e",568903845
"a73504d5982fef268f5ff589",789384351
"a739d80c3fb6b166a2c2182b",470362597
"a74214a0d4d40b898ee2be88",590678307
"a742819d8e4cf8fdfda6e094",1239104702
"a742f415d6c57e8493762c57",686766710
"a743dc3903eaf3576046ef3d",813515717
"a748841236a7a7fb33138845",460527071
"a74be48ad396ae4aa33ffed6",956447093
"a7546a6c6194506dffd65360",658151102
"a7577260fa10bf408f1997d8",727696153
"a757ba01a02acbdee50462b6",1123931512
"a759e4c03e49c419c8f0cd2d",607654968
"a7618c242fd918ed894304b5",609152533
"a7620d5599ec354541c8af13",1291138943
"a7634531887e969c9c5469d8",417575229
"a77d82703468f2f9e8f2ea0e",788310024
"a77ef77ffa731e8980d36b27",591793760
"a77f5c03a98636d90f50e11a",1111229865
"a7801c67a0ddd71c50ba38d3",403893232
"a78417c74b8c99279912e427",887361720
"a787382d96ef9fce8f27bc70",1247189788
"a792122a1b292f482caf25d1",407900388
"a792bde8819aebc5b2d73a6a",1106915730
"a7a219e7cd18f3c4b83649e0",453756415
"a7ad9c8b5bae531abf68f8d0",680963217
"a7b14faa46e7b73ee4e95ee6",765176712
"a7b15424d7c025d885636a72",840007110
"a7b459470ef58ef3bed7437b",451217625
"a7ba3ccc4831ae7e539f0cfa",402691851
"a7bacd6f783756c9e7cdc068",484208516
"a7c7923f9a4d004eab43413b",1153328639
"a7cc7d2ceedf4d69664dc734",507109100
"a7d8e636db44cf5d3ceb67cd",801196583
"a7df0496d6ce217fadfad10d",1019887649
"a7df3d344010d5bb7dc70bf0",404863646
"a7e40088cf53acfc65f4b3f5",1322766332
"a7e41393473834db30f2c1da",760815100
"a7e57a8be8fc8d8a844cf9f0",552970769
"a7e6d3c76bb5507e00ccb501",683545958
"a7e97bdf2d4f2f62f9889c3b",535708016
"a7ee02ad2a4fa122799a2dfa",1135212235
"a7f0c831d82505044f370b1a",559559253
"a7f1397df30d6521c216e331",919806538
"a7f48fbdf807da68594e9ae0",504745228
"a7ff08f7e09b19c1546453fa",767233622
"a7ff59863f8719590146e71c",815383489
"a804849802cc0820d25f955b",433516737
"a8052c48a500926214eb2e1e",468510305
"a811af7cf12afb1dd9b8eb86",706981613
"a812ed43db71868625b351bb",1014697979
"a817e8da0ada143ac87277ee",450319361
"a81abab882910584371c7b66",496961902
"a82fc744f537ddc6fbd16883",826204821
"a83921284639eedd4a511cb6",627080274
"a84cafc064a35cc0ad698009",662709865
"a8549fa4bb56a2bcc0e15b11",425461944
"a85ba83751915d8d5d1a0e09",874496943
"a8633d3336d097920bc8a9b3",955792456
"a87c585acf2a147e381005f5",448146230
"a87ed2154a2351cf26f0027d",991941160
"a8870552db951bc4e76e7f9a",484977440
"a88f4eeeeac5ccd1ba9b8a4e",1067988439
"a8944be7383b5689b5039c87",932338414
"a8a2c61f2b994411af5d9bde",1241089196
"a8b457cf82926e25cd862af1",967422146
"a8bb80d99280e332084b3950",654925568
"a8c5674b5d110d99a1e097af",736231951
"a8c662f906075eedb098ae5d",701933241
"a8c9489973c54b93737dfe20",734264886
"a8dc954142c54e570bccdca5",602470702
"a8e1adbf076dd737c079129c",1304463020
"a8e696037f8747f562ec98fe",526431136
"a8e74eb5eb523143cb291cea",942194558
"a8ecaa9120c6da21229cf145",827051734
"a8fc825e34bd9bd56ec5331f",719446888
"a8fdb6fb681aeae4d5c22f9a",1041061052
"a904fab9fa4f41a11f673fd9",1024199863
"a9054883a22542257c7e778f",402255307
"a90991f865ac81cdb3de201f",694789720
"a90c60e05e29b77963a11246",557069333
"a90df94f959030227fa015b0",572706428
"a90f7cd68b662c87d9fc2d5e",868336566
"a910019b3d18da92b4c6862f",765423664
"a91664b9f15f9d6f262e7b2e",1222450484
"a918c218ff761315988c6335",835914480
"a91fd5b9b1a791a6af59b70d",1092945772
"a9268ef5b7133cf6ed1a376a",859202863
"a92ae34df90cbf8af7695ed0",611955929
"a92ed9a378272ff174ce2688",457024126
"a93a37e4cc75c069e14ffa00",491559940
"a9407f510e67bdb27ad59b46",688626758
"a947158782fe2832cea53040",618336609
"a947c2ea296f1da3d10b0a06",459860220
"a949ede7227c8f8587715029",823083402
"a966f298e8d4d3d580a72d99",607654968
"a967a4f0b1dd36d7264cb408",817091821
"a9683df184aa8b4ad5d0cc5a",841172462
"a96b19e82d9811d5de1ed0e6",411334848
"a96cb9d988f5dc99bf5df4ea",898208483
"a98022fc80dd6ff27de693f9",455576801
"a98637742a212e332cb5d1f0",548132639
"a9878134c12696d8199a1ff3",643667521
"a98e4f4db7afb8a6c9f69400",541765058
"a99261116e0158109b3e3bc3",431954336
"a99df3a2cd4f2346c6e903dc",397416593
"a9a4a765b1daec2f3ed59a80",522825585
"a9a710b78e776c16eec24be6",934320522
"a9aad230d22f7dede73acc8c",922450668
"a9b18720f68c7002dc71c3af",465163520
"a9b3d963a14c2c7435f30fbf",1194738924
"a9b83e18ae78d307d1b39b15",797227395
"a9b9263f6aafe8531f3dadca",845079679
"a9b96d2a23ed155043085e87",902068412
"a9c212f77a048ddc33ecebba",442766165
"a9d4f256527be98066c493fa",1013238806
"a9dd62f527cb0dbfa51aeb7f",629549260
"a9eafeeab4ba51d3644f4052",474706568
"aa09cc29ab2f2cfc79e5bc7e",853916907
"aa1eaa63043c5c29ab6a1323",596744430
"aa24974831a0c608635bbcea",826362450
"aa25d9f8737f142b8cfa970b",870206973
"aa26461420614755c2a52db2",643206792
"aa31e5995379bc38dd40b8f3",924825192
"aa45f8fda8801c3b4923f4b6",970528875
"aa4c66791884ea2a8357924a",520957795
"aa592f388454d575e0006206",511554847
"aa643acab634ee591a2a43ce",726629330
"aa668782ae5d0c16e57193fe",1140322544
"aa6af44635b5d51da4b02059",645688252
"aa703cc78a1ce659901e711b",612695855
"aa7551be1b8d6278d38fbb00",945862467
"aa75ed5781e6e8584143daa4",774112801
"aa7a25411bc0f9f93dcc40df",450229213
"aa7f56d05ed29183b825d61d",528441402
"aa7f5d0d2fd5474cc67cc70e",930875765
"aa843a050ebe8e4b3a04e9ef",1090535979
"aa850af0c6203104e6ed02fa",469344454
"aa8a19a2fd3e2cfeb3b7dbd9",436777017
"aa94d2ad36bc0e91bf561be5",934603388
"aa990d4e5f1a0fc4f0bb29aa",856726411
"aa9988248c7dedb016d8b6ae",942193606
"aa9e131fe4e7982a374bbb84",660484133
"aaa43db51d1ddea564d1bd2e",502489089
"aaa67089a753d255215c15be",530315673
"aaa79ce67339dc53b4f41dd2",1250870603
"aab240140aa4b6602234d88e",515622290
"aabaec5accad3f545f864a3d",584585748
"aac17b54a68bd216e2bd1d45",403475966
"aad0e527c4bf6283f76b5bed",951315774
"aad38b9f22ccf36b0fba4e7c",644216607
"aae3a99ac764b8e9bfc562cf",884969644
"aae7cca10bd7f041c8e02d23",646800087
"aafeff5826516e363471e439",377952847
"ab03c034e2a420f395ca094a",522145990
"ab086fddcb949e3dc0ed9b5d",624006458
"ab0babf6941ef43c35acb951",1051325502
"ab0c047373b5d1810fe42bd9",656029851
"ab0e770ac42dcc82b472c55f",592518310
"ab11db71265771ed4d9de64b",396588312
"ab157c9601861dc387a91b82",916540316
"ab177c5d60492f2ff087708a",555365415
"ab1c43d6fc4f08e315e322d7",1023069013
"ab25a6737b3ee0c4e9cf4ae6",502701705
"ab3110b5dc8ce81471f69c16",1210475728
"ab332133aca64315672a7192",1069751429
"ab37764e5f4e00097eac947a",1054621282
"ab37f67a3afa274e719ecbd8",582770944
"ab388cb4fa511968783bafee",436581554
"ab38b4fae64ab90a55b5a403",711289853
"ab3e1642655f7e705cb047a9",680911365
"ab405cd390c0681c3c67836e",511757749
"ab419cd48b81038c5a30c721",502234203
"ab4c55e78eb83d80c153f50e",514285234
"ab5f089f9d2ac1bf52222ec5",539023206
"ab614a5008d68aebe34aa201",763008285
"ab64918f2b2b4646e87297c2",1022619507
"ab7559b75b340275587e50b7",1270585269
"ab765acf8b87daf1673b3a97",514699904
"ab8699d3c685fa834d7ccb3f",904232410
"ab8d6823d905f1f0ccf4a75c",1117705931
"ab946dfa5b9d7214a3756978",940549237
"aba39002de605f9ff34bd542",828908672
"aba4e24dcc6998e5020731c8",777357190
"aba54b001154ad881dfeea6c",442203823
"aba85a8a7ea2def1fdd18587",523153514
"abb63383766a9853c1091c5a",909253727
"abbd422c412c2d57f5df62ba",439957842
"abc2ff9d0e7848169fca170f",541831196
"abc668bf93ec7d1951c65cf6",454418631
"abd9cf3c36309d590e58c2a7",567640960
"abde4b06769fcb1d5577fa7f",740987552
"abf93b2418fcdac14293c9a7",702819553
"abfda926d174a8da1d946e27",516633002
"ac003932eba3a174c5b998ee",460603138
"ac0185c8f724ddd40bc0d235",702819553
"ac028c1580f6e4da4ccedf0c",524381666
"ac048209de77cae737d60545",466917443
"ac0b895f523b53b4abd013dd",614507660
"ac0ee54bdc08632efc0d771d",634115991
"ac11141115d391be44e6426c",767881856
"ac154aaafe98dae45bf9782e",1003503428
"ac180e846fda5cd7f1123f6d",1035285576
"ac1b644a8d2ec042ca91f89c",1006729596
"ac208e250f5ae3e5e1008351",581183767
"ac29d71a80307cab65f29ff4",987668452
"ac2b1b560e8bc4fa1deb6f87",526709743
"ac3c9d9357fbe72959817602",823382635
"ac3d21f51637207d3e031c2d",785538556
"ac413fd87de33153899a1d04",583796773
"ac46e3eb688cb1cb17da2545",946678228
"ac50dfe70b599ae93ddee4fe",811399577
"ac65d147ee69785195ef7da1",819388505
"ac6a4c672dfbe20f5bafbd89",654133422
"ac73b8700744cb7835f328cd",528036449
"ac7ab254166442188c6c5c25",693182356
"ac7c0c806b57e4942d9ead3e",836099515
"ac7c323295addefb43c62acc",780510672
"ac7f21d22d013874c362d440",663240207
"ac7f6087e19c2d3502368fac",516688364
"ac822dd448e04e9f8dd1721d",890977952
"ac85c8f7605ceff58dcb55cb",403641399
"ac8aa244c21a9b86de4ed599",1249872354
"ac9ae945fe25a46184057606",1103477362
"ac9baabfd96d58e376149a7e",742188681
"aca1776ef24acabe172d573f",1178187388
"aca37e216a27b4dd5337df99",768648862
"acaf9e18bbc7295633d92e01",865796714
"acb1d16ce30aee0a39f01f09",768592903
"acbb07a2c7a0e39c0102b3a1",727497086
"acbe4eb98668ff4967a8cb86",825343047
"acbec9114912932b9cbaf0a3",705061378
"accf7bdeeff29ec7a209c509",433217925
"acd6ad0081960c0f17b144dc",904117461
"acd7394afcee30e084844c63",867974157
"acdb13c4c8e2a48b0bdabd91",1075938995
"acea4c7aa1185baaf6d3b60f",634647617
"acf0f98cd8f8c8ce06f30ab9",1252749253
"acf15357c1a919b6ee78f676",1137835890
"acf4d60dad7953065b59ced3",1043999091
"acf98212eb702c79f16bb058",825581627
"acfa7a1cb136e4474b7efe32",780507865
"acfc06021a7a81313d85f62b",398012943
"ad0025f5b240d00936c82f9b",489193926
"ad1322132f3b533b4aced580",426531278
"ad1492590bf61d2cc83b493c",891898531
"ad14cc63c36789bfc1bac0ef",391605219
"ad14f4403926de76de2604c6",377563941
"ad159116d166e45b70329bd5",616507607
"ad17072ff24e0fc0e61963b4",744416105
"ad1c32cf75ffbcfc842e3959",424790882
"ad2081cd75928b8f5e506944",1376374674
"ad351bb6437583ec871b1739",792727566
"ad37e23456bd4d90010f7784",822211805
"ad38d5660b6f1eef23b76039",437321623
"ad393e9070779969b496fa72",771334989
"ad3b4ae81c322a9f91381bea",624428258
"ad3c644b506498127c7beef1",779655200
"ad46f8bd482500f3bb935737",702551773
"ad47e82c9efcfa36ddac0a95",448502007
"ad4d91ed26c1fd5702b94064",769891774
"ad6317cbcbb8bc27b0774fca",1246744590
"ad662354d28a9b2d65f537f7",843526070
"ad663952ff2ba1953efdc460",947337986
"ad71acd782a4fce4d9af04be",573196707
"ad755859e7b6afbc021fcf6d",923182553
"ad77298955813089bce818a2",698326939
"ad7739088e8febc68abb42e5",761166100
"ad79f4fa23a28cc84487517a",801609034
"ad7cfe29b56c915dd016897c",505166525
"ad7f3aae29fa1e7ec900b563",990227934
"ad844bdb1150508a4c6d57b8",738212591
"ad8ac9edabcf2d4b06ba9fc1",884608805
"ad92f3ea52673dee0a56902a",941896464
"ad9a1b23979f0edd2ee19f38",693805177
"ada53307260fa34f3a6411f9",645710478
"adaa406ec9ac311e9f9c0bbe",549629993
"adae78b82caeb073d84f02ee",817669275
"adb51a572f3198367e3760ef",692650872
"adbb5c4ba7be2903799a51b2",962918826
"adcc03f332b427be46f118a5",872879414
"adce397b6d1473b9b6d02865",712338317
"add1a20e8bba47aad2edec69",1087082390
"add4f9dd26fa34829aa25eaf",905366175
"ade0c9cf1f9106e342c69bd1",719077286
"adeadac88e573824f08efa21",639083374
"adeb9a6ac3d357bd96c019ea",849071234
"adebafcf3eb0d34ae31718ef",958425207
"adf055978a7a8e9bbd88e741",400075631
"adf176b63ea23e08d252b5ea",775865573
"adf5879151c7236f5e055e1f",821481856
"adf948af7b24f9b6f29610cd",447950745
"adfdb0eda9aa97f0d3005c4d",751869130
"ae08b7f31e69fd930ef4c832",843160157
"ae187fea3c46c3fbee7e6e8f",550833430
"ae26e4726c16cb2f6a6d3f2e",899709697
"ae2c10850b4a8ffca934cc72",1211344764
"ae3868ac8c44128b8a955829",788188971
"ae3f7f428b49e6948ebe6fff",751102946
"ae41a566826a10d5a6768d36",621320623
"ae47cf27964393fd56a52d7e",798057464
"ae48e30b60ec254bf0dc89ac",864728031
"ae513b65e06b69e1ff2ad8ec",538998765
"ae556ff5f318b73d3b29142d",542158291
"ae58dee872922a9c678dbfcc",1205397609
"ae59a0d6441697841d86cfcb",492802738
"ae5a4da0000f79f12142e2a7",796395663
"ae5ff2b5eb4f9ac44fef666c",527550292
"ae664789baac0c47d13c3c19",705188873
"ae6ac510d3e46a50ef24896e",421870187
"ae6bfb4eb4770f2266e3b961",486622871
"ae703276c49b6a6a9c39770f",892108442
"ae7ce478fb66882a2c952012",773159259
"aeb330dede55fb66654901fa",889724347
"aeb66f808982c6308d891f55",611148113
"aeb68eb7eecc4aecd5529717",1059815953
"aebaae467e5f01db3afe69ff",413149398
"aebb556fa6c9275a9b5c543c",1231967498
"aebc3c6079c1a80f8b2f1c7d",728314987
"aebd6304298f84e7d440c379",916068980
"aec1778ae3b5e60cac280b79",941211552
"aee8b22ecf19495fc5894a08",829132813
"aef06b27b0a080b5ee539b6b",467213448
"aefb3cb6ad2de9ffa90b9534",697960565
"af0502ae1fe341c2ce1b5325",527623391
"af067a8546e1177eefe24916",499408228
"af0cfebd54f32b9b92c5fdf3",583796773
"af10ec1529a63d0bc10b056d",1069671634
"af1aeb2ba89d29973f73511c",658714516
"af22669e3ed10470623fd8eb",844542892
"af230af0c73a5f2b72787c1b",1125565995
"af32aa018cdfd081a81bbc80",459841423
"af3e3a83257eb507b96b2a1f",1284767127
"af578bfec5d84cc2f4ffb8bd",776291099
"af672710affcd7e44eee9ba3",523228161
"af67a68803a18663e4b03eb1",444303112
"af67d51867f382dcd9cf34b0",966769622
"af68665ae8711d009e8810ff",736498041
"af7131ea57639ce5aa1e102f",939479326
"af820361d5f20198bacf839c",767881856
"af8c90983a23ee15c72b8e22",1371660085
"af8f09175265e1546200ff86",570294699
"af911ba38d5376a8aa53fcef",682652907
"af98a0e223a825cbab78ae49",1017551314
"af9d2f5f62bf74a7fa9c74f4",762829740
"afa5698724bea14940667231",904232410
"afa842858299a6ebee166e31",815756956
"afaadd87a196e04b934e0b1a",477854777
"afb02897c700dbac941ba8b1",658754104
"afb03f7cea99023ecea7610a",498521431
"afbc7773755043a40a7f9d6f",476434942
"afbe90d764c1821cdb26e38a",460527071
"afca7b219d52b22522abd00c",629549260
"afce1d7c5576dc49c80bdabf",577455920
"afde90f91b01b0282bb94335",714755534
"afe03b938be9cf14e98d4a0b",407019498
"afeba13fa3f81249549cd2eb",431060006
"aff22625564f00844ea2610b",669157195
"aff9e510eba008f3ba5c1847",761482377
"affae17b6cc59bdaa30e29c2",885562774
"affb62139f02e524692ebc5b",483847038
"b0015b31facc48a49f1313ef",460185289
"b027f75411dce9c742c5d0f1",517313021
"b02f1997e6e6f97dc808b8cf",1024228057
"b04449c499843cf46ccb695e",621396738
"b044b9a587b2c6ca00447177",1149691189
"b04d16faf40ee02eda59a9af",502323350
"b057dd8a9c2082d1a78cba88",403969822
"b059afb753452ba358fb432e",1242829637
"b05c741bc5013a7a6abd31d6",485548903
"b05f4b5fae2f2faaddb377fb",579328235
"b06d3ee14ccf3d46fe2431fb",812391412
"b070e3747bcf22ed67509efc",713319664
"b07cd6c30350efc5de211a8e",933844596
"b08e0cfc5bdf5bdf5068ebdd",868733887
"b08f88ef973c9d1c3a86695d",1034970957
"b09111ea69c4be8ae120ddc3",743264425
"b0962bfdb6a2c79a0ca84e48",627540169
"b0978c973ec3291e950185c1",938350690
"b09de5f1e028d4fafeb8a22b",784770441
"b0a03d567e287bf4cbd7bec3",397608665
"b0a0cc38f73c9d90bff6ad92",1090236479
"b0a32581cbb586f9710dc3e2",1034353494
"b0a7295da89516be1c44512e",1026922808
"b0a8e4b4ef6678e6b43865e2",507518433
"b0aaae3a435fde30c4c02fac",889724347
"b0af9b1e84a1886489d46b91",739528195
"b0b0db3bbe07839bc2b600fe",1066509313
"b0b784bfe2d3c1b3b1320613",724006877
"b0bb2299d5f456f800993a11",540117997
"b0bbdcf0916b246ca95c4721",806782248
"b0bcb64f2f2ba69cc712e0ae",791393928
"b0cad5d612954b8cab18101c",733585821
"b0cdf05097df437354564bc8",407705371
"b0cfed2d25a5d78c96d39d20",791393928
"b0d20a04106ebb87e2cdea37",1140496421
"b0d394d6c9b8967250854c66",1020124101
"b0d3d98076883f346cee8d04",910774336
"b0de107a8cfad95f09876eb2",993569293
"b0df95e9fc94d9aeebc960df",734240275
"b0f9bfd521802b0d2586300b",969001871
"b0fe09d086490092f1690fc2",630292383
"b10b428245022d55db248b72",517349451
"b111b17ae1fc17e3491b7a5b",632137890
"b11672f22fafd555f940a8dc",438646346
"b11c3a4642f7eee2e443eb32",916811355
"b129a508d1d98a1b6dd2f61f",751174599
"b13683c625c97c23333269eb",469777235
"b13cdf9314a34852e8db4221",455370803
"b13fce1462ed87e57ddec917",733575119
"b143c8ca6d334f6a73c3f2a0",395350442
"b1527eec2e6709dc51e03f9e",1087032932
"b1586cdf68f36926c3bf72a2",422691566
"b1589aa1f58f6dffa93a3a61",1292255727
"b15bcd6248958d98867ea585",784889022
"b15c662c56b19d3843737dd4",527734539
"b160d30961ddd3dac16184b8",610782661
"b16fda9be5edaf4cbcf07122",1040058096
"b17840ce59c9d9619b46534d",581556765
"b18107a422b9eb6da9fb692f",864310345
"b183776d007d85bef0f6671a",618144503
"b183e2562cc4816244ce0e1e",551408576
"b1924a5697dfe829b5b8ad76",515170990
"b19ab02a8e22f3e88a26031b",645688252
"b19be1ad7f60717a943ff0f7",488078932
"b19efe9cbc26d61daff5ae90",524327156
"b1a13541b37964b8b85f4669",484388001
"b1d1bc7ea83d5c584988b95c",592678017
"b1d9704dd39c6cef28ae3d17",571985611
"b1dea7d384760535b770311a",747266908
"b1df92683a593edc3f2b45ad",491425619
"b1e3f1efb232cb0976506cc2",790251394
"b1e9075645f4b374c7301346",972884486
"b1ec4b8badc955f9f4fe2131",823382635
"b1ecdceb6ac00b6b047c241b",732488560
"b1f0b12c28c9bd2d16b3545a",595748319
"b1f8fdc8e3e25517ab80c065",475551250
"b1fb98d0ba25b21c6647d423",1043840540
"b1fdade0fbf0470060fc2708",449954864
"b2078743e33e1acc49c2d2ca",791128291
"b20d6ca58e91ae70b6e0a1a5",943267354
"b2183e5bca67574df7d5985b",453914706
"b219848e66fb065d4d2441bc",940736220
"b21f6e217d6733230a8eb7b7",928422720
"b22350d505b87dffaae3a5e2",615201038
"b225270821758e45cdead76d",507541977
"b2286067a73bc0049328b55b",610637168
"b22c39c3df7d8e32cec2ba43",475381562
"b23341faa7307d9d6009c6d8",650837505
"b234ef225690d57e7c2af4c0",1067286022
"b2357bf117ecb5b9082871ca",422390652
"b239bdcbfae846bf74791728",512630071
"b24bd44eefc3ccf053939dfd",635376693
"b24fb90a2aa5d9d0c7e1541b",980305925
"b2506aa9463aebf01e1e00ca",429978997
"b25734bf3ca94e775f467e85",464183975
"b25f461b3d48d833a73316a9",1250870603
"b26f22f1fd5a991ecd1e07f8",695117186
"b27088c3ccd93e7d8d5571c2",655070526
"b272c1025cf5c1e1df47042c",593355685
"b274adb68a37458cc5181fe2",720129637
"b2759de47d28e8cc05c94e36",589936412
"b27fc4e7f6042d70a7651038",805292240
"b2809471a0164e3d41b8fa60",1112817596
"b287339babba162e290d0fb0",439092730
"b288c52e4d0fab9f579122a0",692602744
"b289cd856f9d15493d31ef6f",1037547969
"b28ba88f3665a2f26c2f8e47",1048909357
"b29e5a75740c8439aefc9321",745328694
"b2a417a8d2440f9124fd2ee8",953259904
"b2a7a8ccbbec39b63e4cd028",696997504
"b2af005e93b0242e0f62f298",505280213
"b2af9047dbf58867ed0c42af",814638569
"b2b7020e66872c8d83468cec",493150160
"b2b99019a929584b4904b98d",865806006
"b2bc172a3ab25b8caef50189",937723683
"b2c5af8615b8899deb16c896",557993971
"b2c62bb0cf8d210dc4635653",1052964258
"b2d160f54ce5f98f46818e4d",961771871
"b2d32589626abfc81e44cf70",792161271
"b2d7355eb2aa975900776275",661204733
"b2e37eb7cde5cf4290649ad3",1025812966
"b2e7fd7bcd93309664cd225e",1037741274
"b2eb63e5da917ce649a72142",515988388
"b2f089146c30929c4836f0fb",612710711
"b2fd7ee866066f3ae0dfb3c0",1055581183
"b3005057f48c1794b7974f4f",610001535
"b31601cf48b268f3b4107564",794754715
"b319d049a3a8e4a095940106",766706184
"b33c9b03cc12a253e4936cc3",659747004
"b3401023d3097815687d1160",812246946
"b3402a9173d289d6db78e09d",1051858955
"b3413352f0280412f53562e0",454772742
"b348c76e55613f53c8bbc94b",884400770
"b3561144c745ae3d329dfe1e",447001218
"b35c58fc1c05a77433025318",928467164
"b3616a055e722e3720cca48c",874121720
"b371665aece480b8c1602773",1184138029
"b37af80bba5adc197cb51649",520877461
"b38776cf09ec8e90fceeec84",459555693
"b387b5eebf501a620f352504",759504430
"b38816ece917027a179663d4",802145218
"b39d1b2637dd8e307c8ba13f",1082220049
"b3b30d8b869eaad2382c5447",976641689
"b3b63d292523ce0a925b871c",777644514
"b3bc9a04a3ebc1b911326735",1076057009
"b3c02569b8fb721934f51c52",444307497
"b3c2187fa96006fecc6b8ba0",419254106
"b3c77f4a398b61d9c204f8a1",886258128
"b3c8714dcaf5322475ce2c60",1165494928
"b3c99f30b16fa80cdb4f213c",585304885
"b3cc5930a3cb26e35a45e09a",445308106
"b3d072ebd7908688d908d350",1037326895
"b3d45812baa819caa1400255",790963159
"b3d82ceeac64b64142286375",574451569
"b3d9a095c9c73004643c9e78",955429526
"b3df8c66475021fc04f107a6",651629725
"b3e76a0a1fcacd0218c17908",416554447
"b3ec2f8af6e9adce047536b8",1028549170
"b3f5af523b5d6d938693ebfe",874892622
"b3f8ffa761119a5441a44ad4",1022720514
"b3fcd9cbfd485e4e1da6c89c",572674951
"b40128f5e17574a5d3da9a32",760502917
"b40873d316de1c295f2a97ec",470047774
"b40a9888ec0379fbf85516a3",1230454903
"b40addfc0da42b0e530503f0",507726031
"b40d1d2b7c1db9cc57c65fce",949638533
"b419d977b283e33c0b3da86b",1182263100
"b41edc115f6b439caf392941",473947190
"b41f7c1cb9cfbd188f8e0233",942142929
"b4245f075bc41aa29b55d324",693221885
"b42734770dacb7e580a6d742",527831696
"b427d767b071c3e5ac2a078c",393383469
"b42d5b5b38686929eadd56d9",467443806
"b42f936db049a74c7d24b0ef",1240177369
"b43b36ea4f81bbfd4dc4d781",980010544
"b443781523fa0b5be4ad7739",859662333
"b44b862cbd855d46954eca5c",483588649
"b455979bc938acd34a580eac",527240664
"b45911f1875da543199e97b6",1012662391
"b45bb2d0d137de6984d4e1ec",527613550
"b45c8a6224ae2656b4189526",737823816
"b45fff2e718e54772d46a3fd",716861190
"b463c62e3c21e339e7acb52f",714988573
"b46625b69fba1afc154471e0",995683251
"b46bbf66cc82a4345c5da177",807805393
"b46d50c84edaa7feba938671",1003339441
"b474103c4b637ca25b5d89e8",552061999
"b47713520859d58efa95bb06",1043921593
"b47fe4670c6b065a9e1db429",468522686
"b48093abeaa178d1f7fbd83b",834480906
"b485036419de03f5bad01f35",1048330897
"b48efa9ddf36e85164354f26",1192010461
"b4a4d705930d9afe896dff17",472323974
"b4aa025f8813a3f0b132b7e0",481736678
"b4c2a0a1a63d35a9a08a6e15",775333985
"b4c779732e827ab2fec8e8eb",1044264740
"b4d610e0ecfe007c133a5ea4",510056183
"b4d69c7bc93efb3790eb1422",954026077
"b4dc6733589bb35444b74c55",913774848
"b4e084d14962cc58d4089955",990227934
"b4e14604b888c994b64f94ba",774307334
"b4ef40e00d089a35d750888a",949753105
"b4fac45659e67d4e91fe65ff",402140464
"b4fd0aa09f993bbfb1fa8abf",560966092
"b4ffd0a2cdcadfb962578199",627477935
"b50a6b85399ea2c6b5c33405",688362642
"b50b45bda0905a116f238c1d",574036182
"b50e8c13de383e64711193f5",450020582
"b50f2c871166ee1009416be6",778467119
"b50ff8bfc0b4c4b165c5ccf7",857095355
"b515b1caa608ff42574e5a06",661447366
"b5254c6c29b4f6984d328216",454742432
"b527813993b7bf4a10c05683",764191147
"b5292c1e1683d40be46bc2de",756903647
"b5293710d0cd75f95de001f6",366314663
"b52e0738dec9d2f119c75a9c",586443182
"b53d3d578b1d7d9e00c8a00d",813552808
"b53d4d8d0bd4a0ae84fbc22e",534080643
"b54940561992090411749db3",478217473
"b549a72c938d767ed504bd83",837404500
"b54d3ce25f3f03cf3fa0127f",425684526
"b54e6757829ac95e2076d954",637682456
"b54e8d557263624947f979cf",1156824472
"b5606ddf3a4e60e2a0e0d6a8",962486229
"b56533bb19eefcb244e69470",1044443733
"b56659e70367566a4ddb81b2",1065845332
"b56a3a017449fc4ce417009e",598232549
"b57174dd86ed451448dc501b",500491872
"b57250de388b7172a39dae8f",934275497
"b57ab7afef2b8aee016ce6a0",964378808
"b57cd3eb0290984f061e1053",485235650
"b57ebf09cc691bcf009ef115",1250924852
"b58208759ce1402501f68906",807437767
"b58533a6850620b0960db713",611294565
"b59711a5971a3b482db4d9f7",780421324
"b5a62d480bc544f891fd8521",1006617675
"b5a7d4288dc7a7868678b9e4",1022750425
"b5bb9af24f9de68e91a1df76",1292255727
"b5c074ee2e2538aeca099fc4",898391821
"b5c34f90096fc88b8ca758f2",1137835890
"b5cfd5eba0b6297cefd6d3d5",1139308999
"b5d0ae257748ea92c47d8fc2",476936740
"b5d6fe84ee7c6a703891112d",1346790203
"b5dd038cf35169bfd0e62eb7",755959929
"b5f0dfbd34392f6855bb4b52",576285037
"b607bd072e8293d6594f3829",731248303
"b6129a71f8e320aee8abd0c4",764871560
"b61e9e4f3a2e894932b58ed6",494190310
"b624f0438025478c9f66fec2",878735588
"b6281efabdbff697d70925e6",1064565970
"b6283a5714e0b977110318ea",515988388
"b62d64605362afc574ea5b0b",1190059307
"b62e960eebdf95c2eaaaf9f3",1047427639
"b62fc917b3e8ddd64bb81018",482203112
"b638b937d4f62949b9eb9fce",911293204
"b63f49396431089dd646837f",710019930
"b649d315ff3c97c4e8e9db73",386080407
"b6514cdb1e2cf37e3ff8090e",1211809303
"b65a2a140ad5fc6e3e26b6e3",581071313
"b65c0544e9deed76615a3138",706484902
"b65efc402cfddc0aed4e1d76",876766422
"b6692a933facd74b4b11569e",413821239
"b6695af1ce28eb50d7a2c25d",944004926
"b6767d1e329ff5e28c42f632",620052499
"b676ed2d0af6807cc2b28ac8",1113492646
"b6775aefafa4dcc161eaf6d5",692932329
"b6825cfa2fde9b42fcf04c59",476345827
"b6853999c45e21646a0d1b20",402255307
"b6a21387674a509514fa5518",1136205794
"b6a2406025f0e1fa09690c2a",473441170
"b6aa1cb0187c4a1715517fca",400039300
"b6b87c05c4238be76d94da2b",392657498
"b6bf2760cfa26cb28fc989fa",671013227
"b6d3345346f43dba053ceccc",1225435741
"b6d5cb459999de084965e993",1052901568
"b6d84e7d569d8d0f0d0c9066",888643895
"b6da1db3aa02debd11e26edc",667976637
"b6da2728ee41d035da57c822",1194655049
"b6ebc3b8408793f5058cbb90",1274087474
"b6f195d44ddbe10b78b97191",491021662
"b6fcc49ad3656cbd3f4c2ea6",867773315
"b70082fdca35092802f8745f",428985607
"b71095bf5e80bcefafb12d52",479644513
"b71857f1cc385219f114035c",453401485
"b71905255273cbb0af1290a9",505854769
"b721a5846527d5338322c9d6",556160094
"b72459ea34fa22d1fd012dc5",962088095
"b7273cac93fb7a0034039600",1341070474
"b732021729ecf88d6297b48c",816583418
"b7320c35e90f33fbb1c28813",777687378
"b732ff1637ec53286e890865",596013291
"b73945103f07da807f7a30dc",1072143187
"b73bcc0cbfa173c9fa404369",963052265
"b73d317e1e8ddc3d5d0743ef",932737456
"b746e4a5c9d04cf4dbf887da",848750434
"b7483c951d2c19de665f07b6",407011079
"b74a02ef5cc838952bb9afd4",626524510
"b74fd7f7db38ec233c6ad71f",493496513
"b755f88ff3907bbe2a417e07",952231676
"b7570bfc5ddc7caaf610908d",503837793
"b7574b06d593fca4eac59815",435820579
"b760fde2d4df27a168ce0e80",1305127092
"b763f71e8a5bdeecf0f3f0e5",436281406
"b764bb8ae8ba0d736bf54f5a",437482089
"b76a3fe6a49dcae6e6bf5815",685805741
"b76c45ccae25a06dd5fc432e",831737232
"b76d853ea415967415ace0d7",981869470
"b7763beef728bc2021ebb841",515099585
"b778282fc4b9c43055629e44",986997683
"b780a0ec18c61b0760df9433",642606455
"b799aa1dd2de813ccad401e8",559588796
"b7afdbc1b57b52e6fb03accf",1074828765
"b7becde9261820feb7cd926e",587557042
"b7c07f8afe037d55bddb8e41",461486686
"b7c0a0a4f5c5b986a70ff249",492960214
"b7ce05400f0261743073e072",672789824
"b7d245742eef110adc91b5fa",836638738
"b7d66c5f1ad06dfcae5b33ff",515988388
"b7dc47c641b46ca99fb83a0e",1054621282
"b7e01962fda2102f1402a444",814599424
"b7e3b0c90c0d3bfe5befec54",584585477
"b7eb15346797508f47ae094f",733054412
"b7ecbd35179a7658f3c11b41",1043992351
"b7f164b79658952248866c34",487585295
"b7f47484bbd8113c62cc8c1f",529616039
"b7f906741cae6861bd5fb922",436581554
"b7fa81aa571906a93e9b6cba",1163928802
"b80593fba07e21f8bdbc352e",1103892157
"b80c961aeb98d24d968c71d3",911822559
"b80d0456fba49a40fd774e5d",903110210
"b80f3a46440daae51308d459",695712995
"b815204eed4398e600b366ad",1029380048
"b81679b32ea288e9665dee49",1077168960
"b81801f02a73feb1db7f5e83",819763500
"b81c26f2ea6b66c8315d1146",1011565575
"b828609eff041a68fa243a12",730844385
"b82e52830b51e823ac7187fe",463717694
"b82f8abc8001cd6731c4ef45",629232304
"b839e76df5d73e7d53691707",1043965419
"b83a5c303a2b079585b9b94f",494861986
"b83b0a53ead29faf9dffc0fe",1053080553
"b84795015be5077f942f5170",443215541
"b849cef46f19e13d3fc9d5c5",1085656534
"b84c837c5a1fd0f1ebc5f8a6",561362784
"b85a7389bab2e651f05369da",461380450
"b85acd44e18ab485d3ac543e",447094300
"b85b37ae83ef95baa03752f9",1013498493
"b85fa4bc59149a7a25447537",431420331
"b8680f925773229571014e61",509163604
"b86c526fed01211fdbb62815",1087243074
"b86cad78da7bf06b5ac39f99",873244140
"b870c8bd8f95426a7e1f9c88",675094904
"b8896656cf6f5dd7c33ae46c",624715650
"b8984fe54819f5fcc43860fd",485803351
"b8a42b02c50438c2ad7598a1",474360015
"b8a5928cf1f7e704e9933bed",521186275
"b8a8ad4c0215077d3e5aa472",1037472715
"b8acc8e72f2c498fede3fefb",774307334
"b8b22c1afac62b05ad389dc5",397682717
"b8b46931b93b7750e0d1ada3",640529739
"b8b9b90d5721a9ed5e72b328",504243197
"b8cca0d70fb46f3a31473e98",865303802
"b8d06f4ce0d6e71ba0fddc26",590202893
"b8d50a94e8166e471fd8282b",675209967
"b8e15d182ac0c74fba332b8b",608423074
"b8e2b98548a234a245d7935c",689059991
"b8e8d84450f5e0bc8a721c94",943692105
"b8ea07763f2e1a3d635eb23c",496964955
"b8eb177e22c63e84738e7788",921034024
"b8ec643c66478da376153333",590508013
"b8f2b9c2e63f0091b6038ea6",1071834539
"b8f7bd85b61951ce83d7f57b",1227426252
"b8ff548543842246ad439703",1077168960
"b925c9218f5132c6c81f3a18",402216722
"b925f9ef733930be26417458",770863221
"b92929668e884453d3a0d633",449589845
"b92c9c464e23f8b987290769",523647787
"b936e36ecacd7cbc3498cee4",450665783
"b9398d6bec5cc44fa39b8bdc",752374311
"b93dc01af5f49e6dcfb7a547",403014312
"b93f2864087d41c3c92d43c3",867017327
"b940561f2d48444e139eaf71",420277538
"b940ba03ea60d4cdc5d2d429",653268887
"b9430e8c145c2a0d7efab2a4",754428505
"b94ea2b8b847a47140d04008",1087380796
"b9551c416341fb167049d4ce",795467112
"b95689add02915dab555d9f7",990920567
"b957548768ef014088a61b5a",449078586
"b95ecad591e5c69fdad8763d",530631919
"b961220d34be930fada80887",878834847
"b9643a26731cf2a9a243ef33",901022537
"b96502e30fecdfae7796f1d6",568466349
"b966fa606a3b50d3ac7249f6",1184074813
"b96b4bf38bdbd61d4dd0bde5",1047980543
"b96b8e1d636f0c10c63e5c6e",694332440
"b96c9e2591a4cdf9c4e0c09d",742039232
"b96d8b77fb5ba71ebce2fb26",537089666
"b972611aaf1b68340de16545",528036449
"b9809baae395914981a9296f",877906300
"b980c778ecb2709696265c10",1287241174
"b9826d7a6132b16df1bf58e1",485187823
"b98967876009fab4290736f1",777613069
"b98a462d9782988cb54ced54",1137895957
"b98ee16e8fd7d1c75a9da13c",1032968123
"b9973b07c84b99dd1018050d",485184935
"b998aeafe2cc93bbd96dd9fd",461510548
"b9a0058c58cabd619e226178",896333348
"b9a0575867a59dc5dcbb9cce",644658886
"b9a573a3f2cedd87c7dc6477",788965910
"b9a80a4d84eb918792324dcd",434517712
"b9ab2dcd8d1855e4bdd540c4",1222330311
"b9b95c89c988f68429822e81",610947620
"b9baaab70cb83475ac3bbab4",642907908
"b9bd63208716e4e0f2dedceb",452897416
"b9c893f3c3ac4dce40d0ea19",663479489
"b9de7d7b9a8ef7c64e5f6bdf",801649220
"b9ea1b9fc0e46ba0724cbc0c",487977748
"b9f9dd0d368df912e6e0ce70",791418200
"b9fecb3e6a507ba17764c303",414940614
"ba0d0663943a118228fd12bf",437118368
"ba12305002d24055c159ed34",402216722
"ba12ab0869d66e03df12b6d2",395286212
"ba137cbd10757ad20e5991c4",644928233
"ba16ae6ca55dc3c0d5480944",672709335
"ba187eee3858263fa664812a",396454746
"ba1b3c8ac8afafef56233c84",685347951
"ba2118c330e19baf4f3ecf94",890708758
"ba212b5f12959e34b4887315",624750330
"ba2423d79744d763aa3744f8",847780038
"ba24834c9fb0e87c4ea7d1a0",764311059
"ba249dc7eae0609f20ccf234",574934793
"ba30cf03fbfb0e36e5d415bf",1292048725
"ba31c38eada33f680d44627a",658939149
"ba32f2964e8b68ff5555fc34",987922770
"ba35cce2e715bda1684c937b",874989250
"ba47346e7a53412e78363ac4",535726228
"ba4e89128058d5564987dfc5",427435438
"ba511b37b4bda08d191c68da",445426692
"ba524c4e2f13109ce814ea38",632730128
"ba54b5ebc5d4f554bc56dec3",605211957
"ba601c13d20602c988d57246",978053977
"ba63594585c484bbd20ed3a1",619034650
"ba7120c89c8de0e57e30646d",456903375
"ba72421716765ef6aad9b4cd",1057952280
"ba762cf12cc038e5c43bc6f5",647373089
"ba79c72aa8bbb0517c899b59",1093691210
"ba84fbef80c8a82895ec599d",1089034282
"ba87ed2a657b0b042a05460e",510513769
"ba89ed56d156579ce288dbcc",491091610
"ba8d6800443dcf95bf9c1037",563758024
"ba94572d1e050bb92522f112",433336193
"ba94676bc0385678ce3780a3",555522686
"ba9be0b67571b1e9242664e1",723205274
"baa146a6537e8630180fdd35",832946385
"baabbdaa5e8f69fc90d303c1",1063490110
"baacf0dbd690644d74f3a929",873481684
"baae43ea29f7e419bbecf998",565571931
"bab5690da7c42909464cb9a2",551018957
"bab884e0f99df269805e83a4",869585106
"bab8e472424cd57faab87ff2",540066480
"babe27dc477f5e1b7e438422",663216321
"bac550d41b2cbdc6a110ec7c",501850468
"bad7560aac04600e1ec1a9ce",466968903
"bae512bdd3b04405c519bf4a",600650813
"baeb4e9d612bffb63ae3564a",1289803461
"bafc63f23f097c24d36c76fd",676455508
"bb084299ad23f245d7cc5b69",559550862
"bb19983466b1a1184ee7ea1c",794754715
"bb1ece5366ebb2ef9d52708d",443975890
"bb26b45df6a70b6414958912",524506458
"bb2dedf6198be0f3ce2c4ffb",527878373
"bb31607d0bc3ee4a37fc912d",800943117
"bb33aa4f1a7732fc8ef19039",411513101
"bb38c1c17612ce593e5ae7bd",427594543
"bb433dc1bd769d684d8b3352",886769269
"bb45c98dbab56e5abe20ac0d",900039453
"bb47fda808b52f30364a4d6f",557602956
"bb4c7900162be66534d17541",874013245
"bb5726ac16b4ade709151159",512015161
"bb5a6045d18e19613325dffd",1261118557
"bb63f086543cde77832bd4ed",453661569
"bb67d95fc94532b1fbe80ba6",814970403
"bb6f66493fbafa76d70b0a34",849288563
"bb70d80b0c6ad3022160c8af",392943786
"bb71a24bc5ea4051d84ecacd",1124790946
"bb7c68c2652c7e124d88631c",557379771
"bb7e14611ea6b5e4abb5b89c",670135872
"bb812343bd6cd66e9cf9a9ba",404020148
"bb90c874275456d5fe0de83d",515099167
"bb962a9e3861b06ae1daf833",572911627
"bb9991da696d6e1f13a32d0f",475084524
"bb9fa21902daecf876c0467f",867105806
"bb9fe73a8742dec9b2e79135",1235709345
"bb9ffa04d913d06846d082a7",1080179326
"bbbf74a3abf9cd8718384a65",437641005
"bbc675f7edfa0425c78c15ea",611085569
"bbdd78a7ed332e679c8e526b",376785883
"bbe2c06e6f90c4234a7781ab",964415026
"bbe705b86c6ed4da775b68f0",427401784
"bbf16146922556095f53b5ea",825488066
"bbf80c409ab3a6784028eb6f",407980249
"bbfc9b05caa647bd95b3c88f",637869743
"bbff88040e5b20e874cfad9a",688790836
"bc08ce9f24533cd644ef08b8",608571551
"bc10eea54e4a1767881a2391",694788127
"bc1335d419a1c0f6e6860470",1069421020
"bc168cfefe964762cdf8755b",879236379
"bc1ee1f8ffe1ac88f08e2459",725015790
"bc230105784ca8640e499ca2",728630318
"bc23e25cc246ced4731ce5f5",797006860
"bc23ec33573f28442b36f60b",538391565
"bc28e66374356a4fcf9b62d7",541210259
"bc353a421fc579770e432176",515099167
"bc3c509022e3f6104cba5203",1031815816
"bc41e69def6bc7490800c4a4",415633936
"bc474096496b98177e40f590",796722532
"bc48ec7245297b4cb85dca1c",619728526
"bc4b7bbf5df92f476b6be103",408552850
"bc4b94c892fea57ebae3eeb6",461293820
"bc52abbda9027e10b879ed50",507835425
"bc54f5dc4e9ce267ea592813",594355185
"bc57535516748048e38d4a2d",847900042
"bc67f29c8679adf31353bec6",661006791
"bc6a7d4ceee8bbff9ac5eda8",998392018
"bc6b57600fa9edfe13fb3118",895484701
"bc6d6249873222ac7f22b73d",799614937
"bc76b078832a3a81b6d637f8",1033047612
"bc7e867cad6f221dc44754b2",732229467
"bc834280fb45fb308d957640",482996854
"bc8bd1feaa8fca4c52e130f6",420535034
"bc91072d808fe7b43e972f42",432570834
"bca5301e6460eb859b7ef34a",555670166
"bcac2a4cacf13a91805557c1",463589873
"bcaded180edb36336c2f5b96",835703394
"bcbd20cfc50e2f032b174b56",415403814
"bcbe8ed608f233d5ed7362c1",1196439352
"bcc584e6a08822158e2a1454",547148222
"bcc704b2e178dd20497e073e",403969822
"bcd302e3b5342ecd8cc056bd",889008078
"bcd31d201096351079cf7ce4",519415259
"bcdcce01d86d648c4502d42f",566506508
"bcdea05b890394a10d24601c",545533889
"bce0a4447db2d54d36661011",563758024
"bce608b4629b6c8512ea2fde",628068846
"bce7369d51094d3a9d3495e6",1220296952
"bcee01a5d6a36f48d99a5e4b",644665658
"bcf12785c25f6e600eee8fc0",542496239
"bcf2c303fc03897585831351",1084045079
"bcf43ae0b4b15ae168abca97",1013238806
"bcf775187c0f5ae1cc0e8ca6",649351180
"bd018b302f732baecd085ff0",1013292147
"bd0261ab68cf56950ccdced9",770113289
"bd0329ddd50f2dc4dafebd26",1246744590
"bd04c8b6b5e381cd5f881379",442162069
"bd05a6f6ebf924adf92e5577",880357971
"bd066d5d19d41c06b904d51c",692114656
"bd094081331ab259b1076261",602680882
"bd0f754b0fd9b7af284419b2",1078485304
"bd12c705950c46e679c34bf6",1077168960
"bd1fda425d792fb0de7b4499",647689982
"bd23b1463f0936d2ced5fc67",621918505
"bd264728a0464376e22b6bee",550992760
"bd2759d469829bb8926dbe09",676002165
"bd2f9648ee9ebc1fdbfa53b3",561011057
"bd3edc7854cffd6b6debfb98",665932187
"bd4526ea5b404df442892788",440884053
"bd4d0b8799fa5999c5d2ee3c",1078450350
"bd52dc8dc5398e5ca2952473",416714717
"bd57e5cd29d935cb26006835",702551773
"bd5d2030639ef16370cca032",852238605
"bd612d494e2f21051556ebe7",990227934
"bd6ad9a9ab28aaef9b4955c8",678935549
"bd6b68abb113370c35786557",927381947
"bd6c24498bf413b6c5adf81a",529643498
"bd6f3819a1c0e551598fb9c7",432535541
"bd74d43d99a240ef4190ecfd",592702133
"bd850d1ccfc4b21a72f3ec44",994638991
"bd8b005383020611b8922147",506827774
"bd8c1ff6f9919ec6f1dccda9",670797486
"bd98add659faedc1820f96a0",513383679
"bda2fcbba2b412981e708054",874892622
"bda3c74ea6f73407a3c0a17e",814836029
"bda5b2e5a87a4905a30f3b8a",727447250
"bda914dbacd42b2b7c6c5179",661018084
"bda9e5d8048acbbe5a9d49ea",450504100
"bdac2f1c4b306a7742f60ab9",710223618
"bdac560af3e155db33d13d57",760930685
"bdbaafd11259af6300321a89",688095518
"bdc17ea3f30318b11df30508",811759515
"bdc8e1a1e06d387f9c7b026b",816413772
"bdd287e9de82903f210878d6",671334555
"bdda694c42c52ba4803d482f",754931202
"bddb9388922dd56737d8847b",850803105
"bddcc7fb72bb973f84b864dd",1167969235
"bde81ef5ff9edabfc7e30d10",774061642
"bdeddd3f84cb0ffdd1fc27bd",731966516
"bdeed3a7395cdb9b175273a6",988045849
"bdfa334bc331e3e547f7568f",1070748094
"be094e5db0f784e3aa013aae",384691327
"be0a8f4be774eeaa42fe460d",772520629
"be0e466ca7d6942282c8626d",754512244
"be164f9025f346390b986668",460056251
"be1695a7b8d3dc68c9887abc",656608733
"be1c6023731fb633c4f41f96",466440924
"be22ce55ba31cbf7cd285e5b",643103938
"be26f0523e5cb13846539384",728175265
"be28b90a71e2922437f25110",484780135
"be364e85b988ef8627ece74e",419039277
"be3b1df5f008636e14bec3fe",830890235
"be3ee4457a26c6b6ad4237d7",513147866
"be4b96920e3aa5c57baa13b3",431190987
"be4bdb73add69f12f7aa6d06",534238890
"be685d2954b8c7337ec94942",633371357
"be706475abdfd64aabfe45fb",675634680
"be70989d473cd731f6d8e580",709264553
"be78bb0e06d5768ac1908247",535477999
"be8bbf40db0dde8ed4cf338c",433516737
"be8c05b72ee7867fdcb05455",1065184029
"be8fbefb8e06fe169237d4bd",535228505
"be9f5ade682aa1fced79b068",551408576
"beaa09cb49a98e8025fd7e8a",466968903
"beadf1de0732143f0699895d",794861599
"beae197df95b84881128790d",644141720
"beb73d27906bea7a7d880791",1041301755
"beb7b99cf12926d8714d1c5d",775870801
"bebcca3e75e747b5a01f5485",736341444
"becc3ae7a71d597bcb16d261",704389083
"bed1fbafde11c156b655e04f",756712296
"bed21c41b31a3bf2095aa273",724049504
"bed932e11a599f7cd4bfa31a",940078333
"bedc5ab20edc896f814c3f06",734490716
"bee2e008ee41f8a711fb8d29",660282148
"bee721e93b8d8e7cb37dc992",608133098
"bee9de3e2817bdd591c02897",550438045
"bef19d0084cfc9f6fa37ddd0",825796856
"bef2008b362c4af1fc3be566",454803875
"bef4759bfc25c7d44a8112af",620752103
"bf00f36c4dbb273d7ba4b7dd",640129059
"bf02fad806fde4e3575e75c7",641894507
"bf0485c2e267d06b9b1d90c6",975857953
"bf0ad098fbccd3548d834ff1",560966092
"bf11c5dfcb321e020601e9ba",1276945590
"bf120b883bfaf7641eda65a9",832831366
"bf17b59bf2ac2d06894bd786",994326898
"bf17eca5afccd9cd6299b9a4",779556955
"bf1dae54bab00fcd3e8c9ce2",555902008
"bf38bb7a2a7ea663cc8f3d57",530434509
"bf41b26c090dbf0a19252e43",789527885
"bf430621f17dcaf17fb91ac7",665002565
"bf43226ba66a3e2033d32fe0",732176860
"bf4b8b23cd87377169684e98",849103688
"bf5e687721e030639ec81416",736498041
"bf6005f6f71da582a6fab8c7",590248415
"bf6845aac15fde9b89a7208b",654237817
"bf6bd06201e60a4c98c8623d",868460940
"bf6e713a689f574b532edd4c",1066128727
"bf7463534babd284da6ca671",379152253
"bf79649b531e876c5f03883b",470130815
"bf95acc88b60a3d531fbd42e",485214059
"bfa4cb65827c4ebb91478e53",898851923
"bfa56d6230b858591743473e",832564088
"bfaf8b7796c8c57bb5997be7",1016825741
"bfb30ae71cdca27f5a5494c6",1071837195
"bfba8fe959dd2e44a4202943",990227934
"bfc41facefe9428865e4c29f",1010425656
"bfc5aa443994e3f3f78c6105",956635321
"bfd2f20a7bfb0d865d7f7193",1292255727
"bfdbb7aef98d4855d459ac94",881360174
"bfde6e7200fc27e6e6f1497e",1014214495
"bfe19954cd4680149c682587",542611559
"bfe7c873b2fbad871327994a",787918823
"bfeab1b12dd82efa96efac31",429480901
"c00083aa30ba7d953361674f",445362930
"c00592c7c0c3a863a1bab9c3",702058551
"c00facb3e4cbb27c47a621db",1287241174
"c0109086d0f49aac6c3f3f18",719570899
"c01199a4b2fbf0f6cbdf2a65",765874772
"c01440b8ff0d80e7bbad715c",636690944
"c0155096575af5fc8db843cf",365817429
"c0174ef555bfdd648acf4346",483739241
"c0224f0cee5a388014db4f55",1230652902
"c0277899d5f185cc78fc4a79",713973400
"c02caec41084656408c2696e",736090781
"c02ce25a3334860d3bad53e8",760365116
"c036fb38fbd2d1b59ed5b7f7",732894068
"c038742e427830aef3ac1c17",467064100
"c041a933261204155415c2d4",917581912
"c04e72fb6244d9a9b28322b8",808577494
"c059affd0c19f6d4d76f37c2",582955002
"c06088db17767866b7f4ba7d",1063096933
"c061b886b7136a1b00c8ea2d",872010422
"c0620585c12f3d9f1298696f",485295932
"c062d873af3b7cb98ccbeec9",1084342364
"c06a1d212fed896b6ee4e1c5",643709121
"c06c737cc0cef7fafa3fc4c5",608713654
"c06c8b6425e3a7c2d7481e42",512888231
"c06f36b42021a1512cb6e3bb",400741750
"c0706c78d5d98202dc24e46b",989912688
"c07e2ef0bed4be12e41c783e",552531825
"c07e98122103d1546d995f9b",1117958664
"c083a5c64c4d6952accd7bdc",483003864
"c08b016afc6a07105d7703a2",703596487
"c09b8c236316b87a92a620b2",572189505
"c09c39339b5bbd48f349a430",721445096
"c09d691e4c7d7b8c8f6a8370",1029573626
"c0a9e3f5c57cfbb4aa9b2357",896280734
"c0bf06891690188e17ceeb8a",511088710
"c0c01ecbb9189d77098659b8",475292433
"c0c4ecc8d3aefc53c4c06a38",675321682
"c0c4fa199f0ad751930cf78d",694012245
"c0c820463dfec602a6118ed6",970101148
"c0ccf6d535d1316e37e1024e",856801458
"c0cdcb5f860e3a974c401861",869307600
"c0cf9517f20ae81c79ceb0ed",1066484508
"c0ea6c76eb977d83c163fd7a",420594556
"c0ec1e7ae2c6c3c2f2ae34b8",585474009
"c0ef32a7a294e5891505bf35",385065509
"c0f911fe7ee2113ec59cb5f8",646123648
"c0ff8812c1e8eeab07c698a1",409977897
"c1034173dda31d20c4efbed1",674046810
"c10f25fd39dd36287a6cde73",1287241174
"c1168159d4e2fffdd5662757",583906790
"c119f62348e418d9ada13362",872347492
"c11cd2e00942ffe56db5ae88",826284440
"c11d82cd360eae99c04009b1",1035451942
"c11fdc02a288af0572a2bca1",789047489
"c12904320223ddd043f39c63",517774993
"c12c81b3eb12bb329466e88a",1142844181
"c12f362b9060344ad044cfb7",1008477042
"c13263f9c8628bdef086106b",790462960
"c1329245f57c5d9019105382",949801022
"c139bf6b72a93a73155e1f5b",469261043
"c13e387f56342f88c993f0a2",766561509
"c1420f278d45b85c56f415fa",938235827
"c14f644116669a160446a945",429480901
"c15cecbbe717e72f09a84271",556332381
"c166a9293fa27e910e1fa9c1",738455102
"c16ab4a11cf67a39fec6f049",549617859
"c16e9d9444f85bdfade710a0",668983067
"c17a3139c360750a6de5950a",439092730
"c18c2ea88f4ac53970b53d2c",559711990
"c1976383069b6b82ab29d092",522452472
"c197faa8bdbd51c075a6d3bc",751184873
"c1ac42dad98d2f23dcbf140d",867484097
"c1ae2af40e1ea9da6380b8ee",814105290
"c1b0ddd3c104ec4482d5025b",493386025
"c1b386f478152f9be1f546ea",542880465
"c1ba606f32ce0337cbccc2b1",765319111
"c1c1dc8df6996a94ef3c7d33",398185275
"c1c8024bb6c3635ff655843b",441859567
"c1ca38f941200a9d666aaedc",519568084
"c1d0c0846ec652774ed5474b",1074344135
"c1d9119fa7ae7d44362f18ce",813695601
"c1e0b47866cf4a0120e4b3d6",481434592
"c1e51ab95336a51885b4c672",750311829
"c1eace64bd2c9f6bea289c4b",931249744
"c1fc25faadb151c73ff254ec",671552901
"c2071e85fbffa3d2c2168319",694122957
"c214d2383936dafbe0652c51",915647569
"c2164829374d5e880c1a1f31",661019669
"c218434cb0b05ebcef935e5b",812901951
"c21a3eaa136ef8a912ce7b74",839558558
"c2242a77d30c0abbed667ce4",947115532
"c2282da3ece2dca6e8a3bca5",907163568
"c23150d0aaaf932579561998",938642602
"c23a1372c81ba03e6dabb0df",561447863
"c2424b4861f2ef50f8876c0c",550314163
"c2439ab65fe194d1d60eaa07",899360330
"c245bfa6587eeb55227c8a4d",575748499
"c24be8293c8f4080562ec0fa",505300404
"c2555955d5175b31e5f783ac",759672157
"c2580329ee6d7a03925725aa",720912027
"c25e1e289cac1bbbee489122",830754829
"c25f892c01420855f61c3dd9",696997504
"c269765ece36cd93058efab9",601974490
"c26990b034ee83450a4517b1",835457047
"c26af6fdd00a85a17b823d92",665618153
"c2717194de73e1a1d8dce40f",402699343
"c27b2b735106bd5a77a15616",799614937
"c27d72aa1fc5d37f4cc105eb",787733696
"c287dbff188e95f833ab21f0",628488173
"c28cb417dd28fe4d4d41d114",639969664
"c29b30cc5db2ffc273e4cb14",635882730
"c29c69bc6758d5976024e455",602680882
"c29ec380fc7295a9a770a74b",403969822
"c2a2ddb94f60de25378aecee",713863029
"c2a9b4b389ae6f20140e21eb",1005993727
"c2aa451b62293042b7244fff",765947132
"c2b5216a8050ea0fe4008f59",899217531
"c2b880a6bc90cdef9dac52ca",759561961
"c2b91ce4b1bc8c576a0ce1c8",809514645
"c2b9a3b2747f32d26c8219fe",609580145
"c2bbdb2e5d0191071e6db37b",823382635
"c2ebd39857dbbacb99e6cc96",867346623
"c2ee475efec76c46efbf1b08",563042916
"c2eeb1cf0549df1359ef4dcb",442203823
"c2fc3f04c3870e14b89d5fbb",761079390
"c2ffdd10fe424afa1b09f31d",524630569
"c310efec13e312442f7e1a01",665817390
"c3140ab2134de662162af508",399051877
"c3191b6b40191009ae9f4b7f",1190936240
"c31c4bd09d8cfba562ed2b41",842049654
"c31d98f67673691ece007a65",512766672
"c32249c7c0819b1a29fd611b",628476054
"c32df77def9978a84f8ba7f1",844092856
"c33613eff66948d1bb8ea3bc",611227747
"c342f6492f90ccf623e8e8cf",500000165
"c344e3be381326a1b6cb5989",911762064
"c34c2aabac06323fa180b24b",567938033
"c34c94e7129f84267a5e4fd7",613431998
"c34d46d83e76f54d53cadcb2",741035995
"c357cc3d2f4b45ca3e1250d2",536715732
"c35f5ef73168d03cba1b1f4f",444030129
"c36cf907ee28017eb1b40674",487745338
"c372834e8e7a4279f861aa4c",499552130
"c3733b88ebafc0a05f5bdc99",641481330
"c37348f8247ade33ac513855",917534000
"c3786f81345d39fd8b353da3",708477583
"c378ef33f40f8be9263e517b",653052191
"c37b357d57918c3a651a5760",718184290
"c37c7859956931d77cd5c9a8",745351256
"c38677ed0876b7996f596336",478789746
"c386d1ac4fa8dcec4cbf9788",750111355
"c38ce4f3763795c61efee6f3",589565124
"c3a78d9bb10165d9be188394",617849314
"c3ae3f44bbae215f7f2fad9b",413262664
"c3b357d17afd631df02dc39a",942611066
"c3b8b774037044a2524913a6",696185917
"c3b8bbc492a7d7bdd63da22f",976223953
"c3bbe8c09f5e58281dddd412",724420763
"c3bd0b8277a37832f56be54b",488977060
"c3ca43d0474dea2f2dfb9791",426212838
"c3cdfd0733404ec885eb3edd",708148549
"c3daf2abea55af99c9579319",875105080
"c3dc5ad23dc8cfce0671adde",1001437576
"c3dd975d0aed59a65a784e47",751301523
"c3df4b9fdaa4dcb13723b5f1",775372718
"c3e1e0d2618556de7df13403",562428645
"c3e648317c360c76b94bf541",509770930
"c3f889c41c1effea85bcc706",451275186
"c402811ade75f5e3dee73ac3",815626346
"c4074029fba935dafd82eba8",420135421
"c412ab869616d6576cbb8309",421410289
"c41964afa164d8b75f8dbe92",650005904
"c41dfc0b917edb6e6ef7b1c8",573959800
"c42c59e8a08e8657ab4201f1",427625252
"c42c99f5da3248e7bcc73fa7",981081054
"c42ce8f9f62f7a315e028e3b",560735246
"c431fd6dbad57351a497fae8",517182746
"c43530f324a3ac90f53a8849",787729263
"c4476befe0002dcd0c315993",595776949
"c451b61851c8ae1e6222109e",977090062
"c455b8a15dbfff94c2909f37",760848492
"c45d7f326a2f279760d1a4ae",867121277
"c45d86d17d1d0519b455b7d4",893532767
"c462f0736fdefd319cee232e",766801785
"c46b122728ef4c9ae8be444f",786870964
"c4749eb8f59cca469236df01",432450505
"c491a13a87fa1ef595b35826",823559311
"c4955010d066e013812a85ea",1232325636
"c49644baf8dc51d3f76d7e7c",559886324
"c4a3d64de5e401a86395a919",528457054
"c4aef1d92cf264c548ef1f2f",415903497
"c4b2a42a8908cc35e649fb16",659931303
"c4b97a459e2c6d13710fa273",425072584
"c4cef41167a5e8354a61feb4",893017286
"c4cf9ab3776289a412684892",902674601
"c4d7a906b747428aabd368cf",648753160
"c4e8559ee733a551649a5dcf",760727312
"c4eccc400db2dc9627c9879f",606492653
"c509f2036a11b7132c633d2a",751833984
"c50d5b4e75f165eeeb2eba97",613881989
"c514c9a35632e5a9c0476a31",647935723
"c51d1eff1b6d29b4164df520",1137835890
"c520b7e8de3796450ce49a30",376002943
"c523380518164e1e317cf1b8",923266608
"c5346c37454ac2b13b92240e",1196728368
"c535169307e21e5df7ec88e6",558057825
"c537ea2620b8c3a3f013c0b9",966836848
"c53c58dd7b26902f67c3becd",714612973
"c53f3bdfe8159bae98ab005d",1022431420
"c5498cdddd7856e99d21f52b",452485316
"c54a573c9aef013dfa2abeff",1004758619
"c54c645c340f59dd5f47bea4",454066335
"c552cfa8e6b8c8be2c963ae8",426423073
"c5602c608080e2546dea5463",420199948
"c56163e390d9e5a7a76e77be",706275090
"c5641447732d3d1269965ffb",1198553868
"c5788cd5507c577b7b585ffa",379152253
"c578eb2dffe903475aecbffa",448564021
"c57c3c7edd591e16c0b7c1f6",521891476
"c57d333e383039db0fcd2620",918809118
"c57e1c323ddeaa7475e5189e",607880484
"c58947cd4f238cfdc0007bf7",1307801649
"c58b56f1202d1cdffdda3021",705035798
"c59c2a19b93ca666b7c389d4",891198964
"c59e06a2ed37fd750cf39976",893319290
"c5a5676bdb1698f8c38cdcd5",478642372
"c5a64fe5ed5901734d98a22b",484960393
"c5a8695b7aeba06e46266959",723319075
"c5b333e454ed6e93ad32d96d",838709102
"c5b40b510bf7f121c93a2332",875617724
"c5b47ac5c4b7476d50bd56ec",723102872
"c5c024d11b3ebb2cd088bf6a",825670381
"c5c3f06bbf812593d1b95a40",1222808289
"c5c7631ddb5b485d0e992f7b",527765908
"c5dc941305b5fb59e66479ba",508177622
"c5f7f0323f554a7419f78359",890907605
"c606665f3a3f70ef61fa5cf0",1086788179
"c6084b85c8d95e0ededc25d1",865007516
"c60c2efec3c12959d86fe3c8",548882265
"c61076b24927a46ef506322c",1035261410
"c6115d5e908e04e67915a581",678347237
"c617d1f15d294f0b0aea8ed8",879988123
"c62494a9d7aede44f2f84023",1181250015
"c627c6287efaeb6fd9049312",515988388
"c62886167530efe1f84086ba",515529384
"c62a4288a4a0336b1436132e",645973046
"c631f8920a2fd1160f6b15cc",727447250
"c641febd8bc2ece3e4d2d8b6",490348460
"c64346c8b0ba32a55292e66a",1139308999
"c658639b590415bc6ea44119",514445023
"c666974c4303d43b87714c62",560792616
"c670315562766401f92913d0",426826224
"c6706db3eb4f0bbb0510578a",1078597418
"c673d94552bc3e451672939f",964166115
"c681519ec1ee1a28f6a3607b",882579808
"c697ec00214cad882d5e9812",460810082
"c69e08214cb1fbc09ced0971",399405072
"c6a089a9bb326c22e3f3aaa7",754405732
"c6b157e7a6ca08d04ec4de4f",448975058
"c6b7e739125907c86a8997d3",1032278693
"c6bb4ca5a0c839d38dd8ce19",941911950
"c6c7409bbf52c86461aa1dd7",692798999
"c6c978051fdc655d21a370ab",639082783
"c6cb6ccd3f5876c9b9e29685",611023618
"c6d075772255b1efa52317ac",807590183
"c6d679cc07ce4373197748a8",1369325714
"c6da2874d2dfbb2ebab542bf",1048820375
"c6dc8c201ce38ff2ea49cd68",1312059018
"c6e34cb4e79a729a5df4183a",846080316
"c6e9772058edb2268434d7cf",891420766
"c6ecbe7b57db2db74b0d788f",956151225
"c6faa40acaccc1603c29df96",521125692
"c6faa5d2ac8e74c26fdaad4a",812982630
"c70439fc435337f1e8fd2f5e",1054881904
"c70f6bd5ca138bacfdf8b5cf",1121453353
"c71123c31d02408cdaa74daa",561011057
"c714b30713eb7877ed3cd92a",412066093
"c716d4dfb5a3c2e1120bd84f",861650450
"c71fbecd8f7310c201adbf40",611023326
"c7205874bee601a7b01a0cd3",1158897163
"c7214222fefdd8d2ad7f8f8f",807444145
"c72cf05b93b9c290c063b08b",871831552
"c73a1177d787a5ed72b8a9a7",532048763
"c73c38b652e9418f06f89b67",380168965
"c73ee8d419b96c6e7c53f95d",657032431
"c73ffac843c155f24985e6f6",829188301
"c74020c85c9fcb2a2cb3ac74",648033204
"c740655aea4eab7066446c42",556249596
"c757b3960436c23dfaed4f2d",961717983
"c75b265c0eb946ce77e32ce7",806978845
"c75d43b8089321e359e14264",715740111
"c76207e622cf8a208910707a",467116272
"c7694e92a97bb66794e62fbc",532153876
"c76c4695ed005277a59451f4",583151404
"c76f482d2a8f8db5eb79ae89",1203490189
"c7746198cb5871bd687c2538",668258867
"c77509a6eb6665bb8eb07d95",915516935
"c775d4f60fea55d5511da4d4",858780160
"c77a63e92b9f727034913d8f",682660146
"c77d7a08d5b9abd4d3082fb5",526046094
"c7876dc81e250503076f43f2",600209726
"c78b16f05ef58855da0d4f2f",483511317
"c798ea36d2e4a8119723eae7",1047364755
"c7aad87d39537083a5620757",616607582
"c7ac975025713f368bdb0af8",988045849
"c7b6e7a287602275f7854ef0",1094154409
"c7be09a810b9e54d2dfba4b2",607490116
"c7c3da1f12d872a3726736f5",464868269
"c7c5ee499c712082931032a4",1319970606
"c7c835349181bd3f0d964eca",1302199400
"c7c99ae9259b34bf9b8ba799",454248892
"c7d5f021595b58c507f47d3b",1047277111
"c7e45098251c687efe670815",603490110
"c7f422224808e043753683f8",1239828616
"c80ef212c870e2f20ed2234a",696090456
"c80f897787541816ad63bc17",607483293
"c81133d5a58d7e8eebb10c8c",1193907670
"c823e3fcfbf0c43bf2d82586",944510447
"c82434222f4129168fa82e5b",592574476
"c8244d916b0110b1acbd38ac",732776010
"c82929467d22589ec62c0475",632484444
"c832701653f1e7f01913660f",1060452250
"c8346a875be8391145a2f9aa",393020822
"c843044c1fb30819300448d9",392696053
"c844a386941b86a3d4c0312a",618608414
"c846d5698bb295697186555d",677185597
"c84e1db639ee43ad83f930c3",552511362
"c84f96cf4570158c3832c3f3",824304801
"c858f0f3f5594e7bb0f3b6a4",1043978393
"c859144477dcaacbc1654a8c",570831706
"c85d56080167254c7bc19303",654450927
"c85e9bd6e20ee2a883d0a7d9",411152892
"c86e643b7f7b57b4482020ef",551805265
"c876ed979c9127674000b740",681427950
"c87ae84ef029febca1e633e8",557197181
"c87d9677bed80b0fe06308b7",459875717
"c89167e42af0d42c88e8573a",880857066
"c8941b8d7626f7b33628158f",1364948831
"c8958d280d0cf2d8a0b481f3",707031019
"c89ac55660cee4608bff27d5",498558262
"c8a3dc3654c53cf66953de0e",624037551
"c8a40314be3014c2a218f5bd",858375792
"c8bccdccc9186136a332e995",1108684539
"c8c8d083c9b9600059a8b8d1",562975791
"c8d179013c5bb6379693ef03",507103116
"c8d39eef5a5422e0da4172cd",779670272
"c8d4ffb290aa9cea002e8d67",435917908
"c8d5a0e9614dcf96a500206f",464655972
"c8e00b4dcfa2d05d6a7fde26",989816099
"c8ef57ddfb35061d1876f94e",592192399
"c8fd8b729f4ac6270aff9c9d",713577248
"c900d19cade1443983274ac4",1103264470
"c90486bba327ede32dec60a6",522556429
"c908280d0461c3585af94d53",1086279358
"c918e02b3e6d80125a2db1cc",429847354
"c91945dcab0bf200c3ef321e",643084212
"c926ee21c2bd9da7da193514",412039922
"c926feb307c493aea729001d",419756905
"c92bdf97d7f0a9a12c024406",437009555
"c933750eeb53302db0245782",466968903
"c94056bc09a4bea0e853cc41",585755541
"c94dc49efe0a350bb522a56a",775925093
"c954618c48b70cb00efb49fe",606689426
"c9620e3e2dce92bf95c57c6d",653494242
"c963faee3ac527dfab08f61c",532775333
"c965b03014d21473b27072f8",914196749
"c97715bec6032974060480d6",1051858955
"c97adfa6f5ad3e3db6b80edd",955873113
"c97e4d7e08db3171290e939c",725678792
"c97e70a767a3661c4869bf86",673976671
"c98157c582392cb895071f28",923697399
"c9851396352bfeb05fbd7580",1173339472
"c9859204696f3440cdb541c3",943024199
"c98807fc596bb2f505b4da9b",1084763640
"c9a215f284e095850c809425",818624050
"c9b0673becdedeede0209697",424077855
"c9b6d3bce20b7f528fff8123",497690196
"c9c3973bb37b5c688a7c0157",751986887
"c9c51c39725d7df94822fb20",563045609
"c9c769e7ccc99016f61269d0",535035127
"c9cfeb97323bd6a0564e1903",615179024
"c9d096d4353b8eb843e793d1",594400003
"c9d254244e315974cdf5d921",1102787541
"c9d285946ffc4c4b3ee95da8",1264199667
"c9d5c08973c493f3acdef892",454105990
"c9d996f458794961d9957c1d",664513726
"c9e20cadac540faa59d9aa3f",404098906
"c9e92b994e48df83dcf9976b",1152112927
"c9ee7f0666429c0c15c37499",379826817
"c9f92088dbdc0d81412968dd",877703002
"c9fdc3f80534b32f1a75f530",735098519
"ca02c904cf5eb96ad20705ca",549064722
"ca0b59b35225b44447967ef8",380168965
"ca13bacbf6dc8d1b09fe4c67",895404908
"ca1b1c17572f776fc1059691",551613101
"ca2f81b8fb6fda20aefb0ccb",966516525
"ca3b5cd3505049f1471c47e8",667976637
"ca438e13d8aa6285858da0aa",874892622
"ca463fbe3e5cacc152aa70a6",444047189
"ca4f4a66d83f2043a7dca261",385065509
"ca50f7143937a99accef865f",1080291122
"ca516516b33dc09d712b3154",706742900
"ca54914a1cf1028b9c8b681f",727337500
"ca5949c4bcf0b63e5d1be784",407487609
"ca5eecb01282d4a84017bd50",746018721
"ca643c04044fabc6fc566d12",1146167709
"ca77a424800783bb9c5c0450",887608392
"ca7b9296080c9fc9fb232782",916941108
"ca7d715827b39c417e5b75ad",758970614
"ca86f53a857c23b15eef428a",846341429
"ca87bd8401c0c7bbc4b3f286",726383388
"ca8c85e8100f64416146368e",1018343897
"ca8dacc29a57d39640e3e59c",1008310688
"ca9520c7b8432b0521b2e8dc",436345133
"ca9b2ef10b512905af6be620",861576479
"caa4aecacff2beded2e76beb",566091709
"cab0a460167bb64c037cf25d",377952847
"cabc4fd04b60a66bdbe2cf9a",1067286022
"cabf47337c2cd619f12fe69f",664317645
"cac3eb4606346268cea48e32",1063490110
"cac7e7c3e13af91bdc7107e8",829560813
"cac82fdc4d960947bbc590c8",490036746
"cacb91ac1b835d62422b8a8e",1020104272
"cad16b2ea432d926d961109a",611294565
"cad720be1395e2ab5869807c",444810316
"cadbfbea1d03e6538af648e5",456750703
"cadd4a6e1075b57f7b74c63e",741722995
"caddb9dce27a7e8012478da5",607708040
"caec584b5b6998684bbc6a70",507726031
"caf878b42daeee3c7de336e9",908739207
"caf9c761d21329c993a0bdf3",905646165
"cafa94c4a56c23ec73ee9071",1082107411
"cafe7c1ee67458e05c84d5fb",784770441
"cb00154afcad81df60ee58f6",474739276
"cb00e44cea76a92e9c44e793",464467606
"cb01687abe09df6838e1b224",649015625
"cb083fa7ff634f424a351840",596138825
"cb09a84a1d7b929607d01ee5",795956114
"cb1c8ab11838d9f0a1197e25",1100724887
"cb1dcee1f4ede0877be1ad15",792646513
"cb2188cb8e534973ea3411a5",661976417
"cb29bd3ae3d5da88c99d3db5",626183162
"cb332695a296899d1c798426",806915347
"cb383b7a746ed55b21a8b245",748807982
"cb38dc837baf3e0531c6c115",839275804
"cb40d6ea6a1eab77a60c1ba3",657972840
"cb482d76b3b4904c595f2dc1",524875211
"cb604e3a56cc847189462004",727981876
"cb626b981c0997d254388e76",414869671
"cb645955c851790e83e696a7",845076634
"cb64b363295d36b9b0fde3cc",597603023
"cb6d29f005078d4d4efc2d04",775787788
"cb6d4db44c789fcfe8236b40",651407194
"cb70f4993947b640317a07b9",675203168
"cb778195c5d61a7c4185424c",904915042
"cb79e02041eddcfa9225346a",912855481
"cb7ed5960f325114bd3489c3",1068680167
"cb7f62ac4c1afbb4256601f0",626752474
"cb83c138aefeadb184d2c7e0",431202558
"cb8844cf2070d8697bcccf27",437398288
"cb89ad8156c3428ac80a4db3",486484106
"cb8b826e929f4f8a8e3687bd",581175702
"cb8fbae1b4141461127c97da",1035444366
"cb915d1ef92dff803c5cceae",1072074138
"cb93b0d5e9a26628b0462b14",570140066
"cb93bf58a01eb262cb003061",789881985
"cb94eee5ecfc75d0fd5ba6e5",586459988
"cb9d8fe7c18dba6827836403",751473524
"cb9de5719b978a78c71db699",950461508
"cb9e058f82b10cf80990beea",807546274
"cba57e3b393b3e392c7431fb",1062059919
"cba9aead5bad82b31da51e6e",987893783
"cbab68c32d78424452249d9d",1168169206
"cbb10e7618b1385cf922e815",1187062994
"cbc99d6202cd3a31e1c14a16",575127812
"cbcf4d76223673724b0f9811",603478603
"cbd48f3342e63a84173a8dfd",377563941
"cbd78f55af1db4d89b53b496",419864287
"cbe4318f63d73fea6238079b",1045691146
"cbf6faf7b47b43b2a77b3654",868578025
"cbfc3ca911ca23517da8c2d0",1162329164
"cc019e30685c91634d2fd4f4",874892622
"cc03087e0f18d59c521b6ce2",841172462
"cc125d0f70d6d0819d6d90ee",577898247
"cc1a11362066152d21d4cc60",672477282
"cc27435df779f16e6a62b0c2",1264199667
"cc2c78d41e3fe29de0b4ec4c",1014852893
"cc2e8713dd087d3b842d2f11",434126791
"cc385eff95aa00310eb22111",686978587
"cc3ef2f4fd5568aea96c257e",642808640
"cc48e66185c23195cf958612",546281229
"cc51811e23409f4d77995768",550797729
"cc5563550bebb29c83ae3054",1194237619
"cc6fcb8ea6556f676c13a76e",890097443
"cc72295ef156cb2d60d6b10f",1096957016
"cc9743189c3671adbb1be49b",854911662
"cc97f62e2fb9d3e31ef1c00f",644654078
"cca9a08bc4a91f317b851f11",1044093483
"ccc4457f68fcc1a416e3acf3",690355924
"ccc4e48073c3da10a2e2d08a",852100933
"ccc625df8f51248e3dc93214",400525630
"ccc66d77e5f68779b1c016db",545550520
"ccc70d1d8e4411331730bd7d",560463923
"ccd2f6ec8e9841f1068b7c76",642283381
"ccdf0abddccb1a670f31c2f2",974306950
"cceb25e83ecf22252aa92d2e",951237999
"cd0236af88ded6bc15b49eb2",750324475
"cd05166ab9bf3128c23fb8c7",875371960
"cd07b4553b6d3863a9e444e8",842192116
"cd08976dc2d69110375f8541",550708400
"cd097f6cd92275ec8ace1f20",645050980
"cd10d6e28fd7ce92518ea31a",989584248
"cd14f8aa1613d754221c4735",637115529
"cd17bb739ac79f80d6f651a8",945016715
"cd19dcd4aff76caaa1cffe54",448604492
"cd1fc7362660bce494b5117a",414210580
"cd270a11dd8257648d1f0444",895755476
"cd2913f013727119158b98c0",971416123
"cd2aeb1b2649ef421102def7",916193934
"cd2e4dff930a1c7a1a569992",772399194
"cd365053914fcde97b7ee9a8",769547430
"cd4656aed92f5c0a0b6b7c0c",867017327
"cd5111edd2fe80f56db29531",602371205
"cd53a991573ecb5c53f47986",832958645
"cd55abdb54bd56d54b11fad2",962437749
"cd5658fc146ae4b5d78fb565",583404997
"cd5c6655243a4be0912bc92a",844395532
"cd62ad28163c8df131a8f2fb",833973636
"cd69a049dd8a3822e228ebaf",797836754
"cd6ecb0f77acd93cc1c9038e",1220827694
"cd74b689350ef612ddf1b96a",547979393
"cd77cb445eb0f72df89b9fb7",885524758
"cd791a46ed616911ae7d4fbd",764191147
"cd89201cfe3fa19a4eb14bf1",634647617
"cd968f8973a267790a38f2f2",522642572
"cdacddfdb6ce41a3eb752496",521775173
"cdadb2607807935a0a5597e1",558251607
"cdae3bf05372c13649a2adc8",438084146
"cdb5f8327360c750469cee74",854911662
"cdc0c282ee62c51e3a20459a",1001755824
"cdc3e114698984145df842c7",1109348634
"cdcb874d2e62220d12230632",862030167
"cdde8657b5a215915a04126d",1189486933
"cde84d2435eb1d0d4ffe2a43",726629330
"cdeba97450c735185e486eab",854515449
"cdef6e87c007bcd9b4efa9fa",959918499
"cdf11b53a23fcf9b6032cc8d",977415564
"cdfc387f8246a1bb3110d724",1055581183
"ce011b7462e9be36184a2984",398680660
"ce03d8ae43a426e074ed35f5",1127155123
"ce12b48120daa5704a4c81e2",393043387
"ce14bec246191176c16c4e27",755074267
"ce164af02f76ab3a68b0f980",695526316
"ce18358366157fa869bf3833",461199961
"ce1b06502cb0c5d9846cff9a",449364032
"ce1d63bc4411a615b816a76c",911785869
"ce206b82f2de3793156baadd",694196334
"ce21f368495d385fbd98de73",484783576
"ce25e9fd3bce9b75050aef5d",960998511
"ce2cce355f493a75ab59b242",451351292
"ce30c2c7cda56a69005300d4",449181843
"ce3deac5963eeb96826c14f1",762025707
"ce407c1e25333d7c7eba1b0a",471791527
"ce44699aeddaeb77f23c9b9c",1222882062
"ce47299ee877638c4729f60a",460930943
"ce509ce153f452ff8a997538",835914480
"ce53f3477814fdea2889cd2c",473925530
"ce60e2ce2a420052e67564d2",741247453
"ce6a3868227d78852fad9f62",1220296952
"ce6ddb82d2ece3b8d58fcc63",570402144
"ce6e91b53465250effacca98",989950378
"ce6fc507df0105c68c29214c",417449242
"ce78e1dbbf0f7aee98e244df",972884486
"ce84187750fa7aadd141b5fb",724532318
"ce86066ad78dea43089d25c1",943691590
"ce8ce41a36b610be164a25de",799551023
"ce8e1e2e4a79fa55a8547457",1048909357
"ce9474244dc2d40f357146c0",427130906
"ce95aab452311a0cc27e0c7b",696997504
"ce9dbb6d009cbdbe654edcfc",875494961
"ce9f2f0071be658ae75ca6f9",1072074138
"ceab390b6906d5cbe65fc402",707398173
"ceaf16e097500022498950ff",433336193
"ceba7d0f56f6cb03538962fb",621590638
"cec8daf847f52cb2845a9f58",1124718521
"cece8267e60c2461d6c409a2",1020541002
"ced1f52def08143f0b2b6849",667856558
"ced624c6debaa01c732e9f60",757007965
"cedd20027ebbf47baaa0dbff",689133532
"cee124f4b9031f59c4fbef47",1138922090
"cee1833e8964355b9aabbce2",561011057
"cee66eef685e4764b9553a02",550992760
"cee8fedd5685633435d77a06",1038540980
"ceee9fd6e692196b960443d8",563301117
"cef379fa831f936cad745dbc",666248076
"cf0152b0a5e886e8291ef4a8",703434204
"cf07a5af6ee98d735bde14bd",1114130881
"cf0ca58262feb1f8b0dc7b68",746614454
"cf184cc576effe39c0f857b8",527490376
"cf1ba56710023ede80a8381e",1039304450
"cf2e8824527989d3cd29c058",485564768
"cf3665f24927de548639ee4d",654482645
"cf379b41b70374ac4cf82dc4",699219709
"cf4d2297b73dbc357d21e31b",538412830
"cf4ebcab3fe4d12e1a20146a",946283801
"cf5213877dfb4df98f0dc10f",603243401
"cf60297d9d9bf1268f35ad95",897809970
"cf6092df1f22a7c4b8ff9d50",512226803
"cf68e05962a41395844e9c80",542298491
"cf6f0a3cc030024f4e9ad06d",696942896
"cf707785919dbb92cfc7b5f6",1003854516
"cf76689ebaa20c70d9db4d51",1051858955
"cf76e6077d47a14abaf0cfb3",458192450
"cf7741583fc5315ba70b70f1",953667882
"cf7cbedea50333cd2dfb0e30",813552808
"cf81103f31f74edfe0453de8",868336355
"cf8418c60f4e54dfa09b1e6e",670650065
"cf88be51d6f31c10e5868ff7",364601978
"cf8bbd3528d3e7e2b8f50c29",863592610
"cf8fb8db6f74c236cad0cfcd",1207650067
"cf9eb2cd0f20b13cc8816bbc",406290209
"cfb8d15c6b0c0e6ee4b92109",1031964435
"cfba6db03f0e38d1aa0802a7",632807702
"cfbc690c55e5c2bd8dd9d89d",963096514
"cfc069bd55e152e40b3a1391",865335495
"cfc2ab56604b4e3734d7cbbe",875138966
"cfc61dd41ee5f5dcb76bacfc",512304400
"cfc8dcf337e020b875ef1572",1171137941
"cfcd97bfad6e013aeb57a2a8",658162716
"cfeb42023e2737491b3e4283",983738317
"cfeb702df06baadf29f12eda",445074650
"cfed0221146f4d83d641e1aa",530643899
"cff851746578050bdfd46090",998392018
"d0100c18dba3c334327b29e1",607192329
"d0116b53467b3081664fb268",794653221
"d0119d7bb15452c473ed28ba",616216606
"d012efd4a77c5aa5e8d6e508",747768190
"d013a0e910b1fe2e3913af7a",475006312
"d01f6c0b2b338289e9fe3768",391165101
"d029158b36963961fdcc3974",776308620
"d02c3b5ac6fa0ed6db06e490",1063096933
"d03101c7f823dd7d17e49a83",864605169
"d03558acc19951a882bd568b",460471662
"d038e5695b32bdc6fff1f72d",792487401
"d040e15e50d655f4d19bff54",432225809
"d041129f83f1f13fd7b35e4b",1037326895
"d043d368d2584ae95ad3672c",796476569
"d048fdc255a5a7f474d48c0a",1067286022
"d04d42ff91707e3957b4a29c",1260359942
"d04f549fdf8f34bab19a171c",407019498
"d05030b0eb8931161855450b",756354462
"d061615fcc6355d79665f9a6",591953410
"d06ab7503c6deaf9cd405f66",1193317758
"d0751cb5e704e28e03514fb7",777316503
"d0792d22549d1b3f63baf3ad",476942475
"d0804da971548399183ecb85",764097063
"d084dce4ab9c4008ffa3bbc4",1070748094
"d090a9e520ef74848bb060a6",464732431
"d09c1af87ddad4ad11b82626",452485316
"d09dc3a3270073e5f1cb353c",842732516
"d0a5f33f0689445e22db6626",450336216
"d0ac1f63c75987c92038bd30",712534570
"d0ba7b90f6ba3392a165b46a",1206223609
"d0bdb51c8020a37fe8344650",720727343
"d0c411218ffa7c3ebc10783e",818341903
"d0c7294b2184d0b4d0e2fa07",1083359549
"d0d6a1b5c60ad420ebf2ab8f",1100859306
"d0d77497c8a7d567f01d3afe",709348708
"d0dc69570223bce949a4c17e",695469679
"d0df2748d371d98d76408d66",618868506
"d0e45d520227ef8a1f53ba28",604616437
"d0ea7bcd8cef8588ca50c778",526375703
"d0f5cebc2059ca89aae30c76",520957795
"d0f6e19e92c03b40a5aae3fa",1203606404
"d0fccd2708fc7def00c72317",976475380
"d0fe3d393eee5c0cea5bb6e2",679808946
"d10bdbfbd411ae625dc80611",383095008
"d10f89691119d4a4a2c1e650",1291030583
"d1166776fca47427c77fa8e1",870307688
"d117e9672b3ea0435e7a894d",494081175
"d11eadc78d95c96f50b41a10",1101948961
"d12059af22bc7d6ff170430f",1169759501
"d12298e0d398e9d21d2e2eed",451439135
"d128186867f91603af4fa481",877389704
"d1281c9f037ea5c4fa683b84",458594937
"d12c08cf48be75014a149873",946885954
"d12d6ea066b67c3db9b2dfb5",872861148
"d12dc721a59af021e8ac68e5",438723739
"d12e6de49fcca906c3586994",490903705
"d12eda0ba04f846d73cd7acf",1015654240
"d135cfa351ed6abe4ec2033b",523987655
"d13e3d432783206eecb0e192",1191284865
"d14173913bf5ed21e3ab50fb",854553139
"d1481d9d2bc9d1a3811f2faa",969839418
"d14f7f939468e641c43abfe4",460026494
"d1526bc5e5446680841a9cd7",898208483
"d162a90b37622c1dc6550690",424623571
"d1668e2d35a939ed126a3f8e",683800177
"d168181ef0dcb853171cdbb4",1106575513
"d177236e8c725d4405025916",1173651170
"d17ba799e68d7775f2104b3a",642907049
"d186e369ed884150e71906da",1218013166
"d18d990404e7fd07424f5a77",516829631
"d197410ebc0e3b9937464923",447362914
"d19937a773269962c7f9e8a3",1035451942
"d1a6132098a4bd640321c7d3",850227881
"d1be4eae680cb16d0c842606",1039562148
"d1c6037d0750bcfe47d425a5",481059915
"d1dc16c82942902c668a5c9b",804604545
"d1dca15e36fcc5ec14dfd870",582015175
"d1e38d7cbd32567c874e194b",812982581
"d1e6d6900eebd9ace65d6c36",644485289
"d1f39f86c82916524273bada",674737952
"d1f8eacef9bb4d300d086837",1162221106
"d1f92e6b18faf07ab70ca1ae",797430622
"d1fcd31555048d043cf084be",665413928
"d206aafc71e8aec2afc3f8ee",504646545
"d20a5b3eb857e1f4b548066e",699664944
"d22313a06e43b8ab8f6672fa",455299385
"d224080523a2bf2e81698d15",495985299
"d22d5776b6305308c9e774d7",715740111
"d233eb8af3ef7e325f6c8f9f",407844597
"d23d12bd86def2657038a481",889724347
"d24258de8d2ca10186660a1c",718327523
"d2526a3e39ea01f87c99d073",844395532
"d254d88ea0989a609b71fb72",446461374
"d255f73d4066fe559065266f",422336736
"d2637d64e4022075c8f539e1",942187267
"d2644b46136fd95c0fc2353d",646248201
"d2655e69f5dbd09ddb9268e7",965725263
"d2684e676cae87d75dea5ea0",589002974
"d26d35e33a0cf88f735a9322",517732516
"d26efb0e1213e19c378edfbd",811185015
"d27283e3c941f8fc256c3f4f",571864749
"d273a2075d28e343a657d9de",1087492834
"d280fed64d1c23ac9d79ce20",1055581183
"d2aa3386ae240d7387424e07",439206675
"d2ab14487e0ecf640a785277",779343293
"d2c02052de9c97c531a4453f",493954563
"d2c46ef63db73ba3cb7e32a1",787688822
"d2ce77db7cade7f2c6189002",515988388
"d2d2f335839ed35571b19bb1",888602143
"d2d317f2990465269ef58c41",694789720
"d2d46c70dc048c92c8e4f09e",823633744
"d2d8f5356f77507f8839280c",946885954
"d2da963bf6c2f6fe724be23c",1125200482
"d2de34876a7a6914c2dc479e",1089634309
"d2e6ab3b3106f36f2c3fc119",415989686
"d2e737461b916ba78030c76f",1034458475
"d2e7484c81358d4c79f040b7",867295715
"d2eeec3fb1ee4d686758534e",1096525476
"d2f20425e236285124eaebad",587983356
"d2fb81a477ef3690cb11c93f",1355879716
"d300473e3d2ced1177c9fbd3",643220025
"d3054072b2175deec2c1f8dc",435305719
"d309cdb5688ff7bdbb682d17",646617148
"d3169d4a467cb7eac41849ff",670390970
"d3222a7545e302bf10894658",668364856
"d331a4d58875a393080fdc48",423388860
"d337476c2cfa780518523a6b",477093363
"d33994c75d98941acffeeb90",1090892579
"d342a1ae299065045a957767",1123933183
"d348d38769937c8f350297bb",921052956
"d34c48ffe935cec3358b2247",798611942
"d353be29e7ed2c35b920f7c3",578762794
"d35462df6c686296a3c7bb23",787172254
"d354a2581dcb183c0cd70540",526096075
"d35596846155e74d1a637d7c",655094845
"d3609eabe59175fcb4441ac2",1305702817
"d36dd340e5875df6cba999ad",946336455
"d379dc03d78685ad14c647c0",472345911
"d37a1dda09e30da13ff5bfc3",760431245
"d38353aaffa4af168518c6c5",716426766
"d39797a12d9a4aaf15ac11e6",618287287
"d3aa845e96d22f31a3656aa1",433237187
"d3ace27450b980262ba9bf76",1273551812
"d3aee2a35856634eb710efa9",812901951
"d3bf3146ec856cc26c607d70",1045129653
"d3cda82d1fa53a7ca1b46a33",969214421
"d3de7e975a9215d04567e467",552990484
"d3e119e8fa4d96abaa8c43c2",1102158789
"d3e971e2e224a20530ee295c",797999401
"d3ed5316a463d38c1bd321d0",1294354567
"d3f297fadece964afe5f1cc4",924224360
"d3f688e0deaff6648f2925b6",428324593
"d3f7847147c88352bd3b9707",777073771
"d3f9cf66c1c05f55325b894a",1048909357
"d406baf5cc9b4473ae9b8426",413089621
"d40e0c2222c0debe89735e88",674862354
"d414907e75a1c105ad2b74d1",430923952
"d415dc486936995f8b3704e3",460394688
"d417ff438d2a418b1f9e50b6",615062798
"d41d07d1aa700278cb81ff30",574396849
"d41fc79d800458b1691bbb87",716242971
"d433ad6c3cdbd707e6839082",873250166
"d436abc2ee37ba3dd561e940",985584241
"d43d2bda7b6e4d5177c0d032",789007273
"d43f045d046fbc8f5ecf465e",613375528
"d4436ad417941fde0aed2818",843557364
"d4439c35bcb88e1490916c67",508434921
"d44778d36fc789f8b8c745b4",512755823
"d4492ffc4aaa4ca9c4dd2357",793825411
"d44eebc871d1fa6981c32ccb",909412219
"d450dd622183c7cc43a20d70",521074852
"d463fae95232d30e0f78f93f",581071313
"d4646b7f4dbebf9785963cfc",461767912
"d464858ed94a1a74948f479a",540622191
"d4653d505cede3d24e258d4b",990227934
"d470d84f5d8299c52fa24499",496705130
"d4716e228067a7bb0f30aa30",677537962
"d48866a153ea0fd23a858cd6",595991889
"d48a061a2040d851937413aa",840349928
"d4990842f549d8139fa94c87",559174952
"d49aeae19e13909e75dda2b6",975941752
"d4a43654382201db5d318dca",710024642
"d4ae25b207949fbf0df3b404",849814112
"d4bee60a74c2e2235f507ec0",775992130
"d4c40178c19d6cb2fcc88e48",637629096
"d4c45f35f214fc226ec85b36",787729263
"d4c6dda51fa949743a46e835",542000701
"d4c7b3372d70b898b167b92a",772520629
"d4ca9506161d3f4bb3ca57fa",402657901
"d4d138bbc80a0b29ed28a4d6",449626840
"d4dd48521efc020762ea141e",465177216
"d4dfddb6564c9f46b26e7aab",481830316
"d4f1fcd4c20dec55e977720a",1274448455
"d4f4d0ed36ac9affd71f302f",782893858
"d4f6cc3cc6e923cd37d0fbb7",455721491
"d4f90a6b73b1e179d3f8eb70",431204371
"d4fac54e137f5d27ce5f457a",695540955
"d504ed869ece1b1d6e724452",386571182
"d505277049a254f960e114ef",808690157
"d50b80d68eb3b928e4bb4317",586036041
"d50f33fe5acdaf5caf1c6ac5",478719541
"d5182c47a954c964445f25d1",685647913
"d519a8de5fdd1a84ca1baac3",725599253
"d51bcf03d649839ca803c357",443691328
"d51d3ef396efd4760c979de4",547216247
"d520e90e7d0c44a6b8852e5b",485235650
"d5239537894ce7f2a9cb5a49",601815508
"d52c3915fd7d2ef8c92a22fe",440247365
"d52cd6eee468311666218625",876457906
"d52f04fb69bed41ffb10fce8",599764422
"d5333f639d11bc3ab073ed72",530706409
"d533a334c2ad9d510865fe54",655701247
"d53b60b0f2c65918153ca2e5",431213216
"d53ddfac67129aebbe054024",755993003
"d54270fd6b09b38a978cd7b9",584597127
"d5436eeef04e1a8e51a38912",408684134
"d5475993f9db58c3e4baf7a3",781610980
"d54a4c353cebf18d452be515",580277507
"d54d787189cc8f014ae58aaa",889617563
"d54e80ee72354c70cb84323a",607654968
"d555b82c192794e87e9d536f",773537273
"d5583fa23ed97a3b9413e910",914904835
"d55cdfba22aae78b6fab5491",447419991
"d56159653f5d2abc5ed5acd7",812691393
"d563312854016e9115d034aa",1024798376
"d56fda10944b088d9cbe1162",472675354
"d573d2caf8c67aa32bbe592b",438622455
"d57535248bb34f65ae678a39",667976637
"d57541684e5c00bd9354cc35",693400819
"d58f191c74d26bc1fb02cfe2",557542298
"d5999beafbdc8acc8a6ad809",724003120
"d5a83c31bec18d1c3eb9af7d",723558626
"d5abd56b5a8ab8c2f61a07f3",768597934
"d5af3041d95f5e89969c9868",417743355
"d5b5bbf927f763a43190fabd",831464627
"d5b950c5510c19ccb926e7c8",1165667917
"d5c79ef12f43e2bc19e22fdc",748140124
"d5c8073e3ceefbfbb547eee3",974532459
"d5c950db90c92be5fe753189",696209372
"d5ccfaaaa739b2bb2b3d46f7",564248924
"d5ddcb0a54416bdadb4bf57b",641509762
"d5e001b2f1dad3962cfff9aa",748633992
"d5e29042106130114cf3694c",408936497
"d5e2bbb69ba3876b93af2d3c",1153431624
"d5f41dd3258aa346367d7725",438431322
"d5f905cebe05262cfc44bb11",772520629
"d600310e19c926cda14ac923",1139308999
"d60cf6dcb7b4b40077536604",1090892579
"d61700c4ecc128290bc42d3f",393924072
"d61ac80c0d4737c3529f4a2e",492447873
"d61ccfd4239026feb484cc93",421186577
"d62663a447beaec69808f85a",425076284
"d626a635ee75c23aee2fb327",1210247471
"d6297cc548b16bff11eea51a",1071837195
"d639498fabe1db1236656593",501527701
"d63ebc63c82fbf66d8b6ffd3",897841124
"d63fe229354bef8b02b4a934",721635426
"d6438814f4ff3853bf6cdb13",799614937
"d644b23e4bce0e6e50ab9356",1154059999
"d6496a3215daad9089fcd5c6",872861148
"d64a2ad3297e2fad8ce66197",453907750
"d654c9bbda61c4c0ee1ae2cc",465101515
"d65946f9c27e417e6bc60057",546743440
"d663ca1a0d29b4cbc5cae9ce",868670140
"d66bd7e4bc7b51d23af57de2",1052832595
"d66cca2c8e08c89af26e7622",844395532
"d670be6c848b1e92abbf415d",436581554
"d69209d7a26bd306bde5a37d",691287383
"d692ba46b098c6658799ea8f",564731646
"d69b019e6d54faa1cb044d39",809219014
"d6a43f209f810455fa41dfd6",484364444
"d6a8f4abcb02142c6dd15b30",481126907
"d6b051fbaa13e3d92a798521",816035311
"d6bf8bfc752bf4580e99794f",951315774
"d6c6e7f923ce2cffba8ff9df",769891774
"d6cfd3ddca2a59f0b6999d77",702592080
"d6d5717a4b7e2edaef162b6a",578213552
"d6d581e852a025b61cffd6cc",941211552
"d6de5d741702387dc3f4481f",1086681814
"d6e333e793f75c2ab34fb127",436383043
"d6f1594affb8db7a865e3452",458080291
"d6f4479f9226e52c93d70eca",565226527
"d6f9abcb58befa3d05373a72",951178670
"d6fc6059bba177ab56d85ec6",851355486
"d6fd079beb9f759fa4c6886f",436664343
"d6fee4f680569a54f4267215",963587466
"d7047492f4c53a0cdbde60e5",1139308999
"d7080c3742cd9d72e9d0ae48",470447846
"d70948f87875325380885803",1450819272
"d709a76487a49bf257489c0b",417938721
"d70b133f81d6f1c9d93e2ed5",450122236
"d714e15ab5c2d5a2503bffcb",1161119310
"d71cc157c0c43935989009f5",611566424
"d71d0c8357f09fe2f77bedde",582431040
"d723eb2516802250027312b4",725678792
"d737b8b7b39e99f7d877b7ed",611566424
"d743892816160218a63dcd35",950888372
"d74d0241fe5222f5c5b67222",673668893
"d74da3bb780515b1273d741c",809219014
"d753227b5c685e93b378baea",637890537
"d75b7730e8c291ed41d7caf1",549886260
"d762007a4ea5de370738e875",634018537
"d76d5b14d0acc5295b8057e2",820269146
"d76fadda8063e44483aa024e",888498297
"d78d84e4e42f145e02e423c9",637028652
"d78f7a1592c0779093150ddc",784480820
"d792d1eec60822752c8d52f1",695393615
"d793efed9a723e77ca8272f8",849754922
"d7997b9126bef50985bab347",418490273
"d79d71be963d418a4c9dec68",1139308999
"d79e2addf7c11180be222103",1242091073
"d7ad46cde8eca723de6510d7",955792456
"d7ad6527cae719481f849927",1012041366
"d7b82133acf54bd3eac338c1",1171640338
"d7b9566ffb28c753bea96f0e",801540717
"d7c48db0385bdbf7ecb7088f",1175572030
"d7c70d831e88d552da09ff29",1131571926
"d7cc3d199e538258fcc83f75",483479031
"d7ced905983af0800c19b7fe",955792456
"d7d30819fc6ad6e7e41453c1",924879299
"d7d3cd587d291f389ba2e8d1",814175138
"d7d6f668e3e40d957163276f",631036941
"d7d924ec35768a3e6bd39b20",566444217
"d7e3cdd3ac239a5c318f2e9b",1056520098
"d7e97cc158c6c54b02fe635c",616311162
"d7ee2851bb69088f851970e9",677804054
"d7f22a4e6daa572583e02640",390646646
"d7fb188814d4c118ccd83989",417386078
"d80c5f0b8ba55e7cf105d282",673417042
"d8171d498291341094daaa39",1200901745
"d81a040e22d541a74122f3c3",402140464
"d81b170177769c0121b8935a",881690690
"d8216aa4e029c0d3d646efbc",776750587
"d82f743ff414299f8c222db9",1004003435
"d839ca90c5df85e5cab54ea1",603030552
"d841d6a82425710e36460f64",637717040
"d84248b3ce8ff6f5fa480a83",544359542
"d846dbe691d0ee3ac5c3bec6",905120208
"d84d7edc4a4896c4a8722328",549897118
"d85fafb4d5ec056e6db9a79b",506147174
"d8607e3261ef1546eb0c30f0",988184222
"d8654c08e95b39e3b4891cd9",799275178
"d8735967c942d1a7b0cff7c6",794754715
"d87896f889ddfe1ba210d74d",380166991
"d87bbd60fdb8b84a9fe23ba7",467572480
"d87c489d3572187e3280965b",1266612792
"d87cbdc4896e0e0160999520",468614845
"d88544e4e85add30aa795ce6",428946530
"d885902c923752eab7b619e5",398835289
"d88bba495701ae7a44eecc64",1311415709
"d89dff35fa1944191aa9ed98",579296230
"d89f812c7edfeb3121bf639a",618236289
"d8a7c0b01bb545c414e12a23",1141234759
"d8add8f5e0aa562a63c894d7",608336737
"d8b3a1d0cffc913ebd05b931",1062046298
"d8b83253855448caa81f7780",530706409
"d8ba9eb448ce35ed404e68e3",961563715
"d8bb6151d30573c7595ee7c0",696997504
"d8c1f7303b205fbaba2890b9",426539851
"d8dc9de06461e0220bc55906",605211957
"d8dd26eb78ff22272358e302",837179862
"d8e51f7b40bf1887ac007163",711422660
"d8e981acf77bb46a9dbd3109",717604978
"d8ed50fbd5ed46d36b3d2dba",562560724
"d8f4955ed4fc363d6d9ea897",849871943
"d8fde541f142e6a7f0b28099",702585068
"d9000c1afed253d05de7819b",396588312
"d9028df78f9b14a720dbaa8c",999399198
"d908973d90db91f772890c9e",432929625
"d90c961aa01e51d63e50a2de",875175587
"d91017d9c530e058ace2e017",692641943
"d9110b2b5b1c02766da9e24e",842688831
"d912e45dda1a3a628fdf50d6",642259839
"d916219daa90cd2d99edc609",760308729
"d919dc64995903c9120eb61a",770029351
"d92232d77f7a124e7ff13ee9",809219014
"d925c1d4dcb68990c7204b33",715428563
"d9357452fcd193b6c5284bc8",1054105135
"d937ac866f671e4a0c090879",857334632
"d938d682332fa9e5c4986024",779343293
"d9398ef84ae71419cb7cc82c",785538556
"d93ba0c32244c455e0f7baf4",584959352
"d93f6d8fe212ee3c0f7cca95",745765084
"d94d18cbc812d560c1e38ffb",1016851399
"d955edf16ddb9d3f59501a9f",1020993384
"d95f38f5d1293c74ac52e823",1049025204
"d96155b72c02bfa04f7ea98f",504835609
"d96855b0ec427f041e7a36c3",1021817974
"d96e3063ce77ab1235e2ba26",524599733
"d96f6225db81dbf3d1a0e9bd",437217376
"d9706de7190ae64c83e65769",769195135
"d972dc3dfccf2a48a6384e54",749491387
"d974970034de145d469d09c5",467895371
"d97895a836e6ea22ff3265d8",458029826
"d97d462ac4f5d9cbbf04e9ca",893187791
"d988975f8c4e6ee8fd8dc1e1",823083402
"d98ba43504fb49a4f0bd9c05",1136331737
"d994f3919c3c8fe0ebd538ad",1068340550
"d99c00c516cf57b6fd9e877b",592953430
"d9a94194ae1350512beff3e6",701963099
"d9b46a34e48e04b5a3e026cc",518997616
"d9c46d54ba6df0d21ed4ca49",624428258
"d9cb0f637cd4feaaaf8a21c0",651273042
"d9ce31250d4ae25c3b850124",860086662
"d9d8aeafa748f8f1ff2fca22",1058777637
"d9eaec557a7a6674565db1ac",753480649
"d9ebae84cb53d29bbd8a466e",391865194
"d9ec26c1c3e1811e38f070b2",445223751
"d9ed55fb72efda67f5144330",966018616
"d9ee40ccf461ce3e9ebb815c",653117947
"d9f0b4c92bdc9476f50638ed",464868269
"da12ac932dd8a2fabade4bdd",752390734
"da16828139a19aa11bd94ffe",1087032932
"da26059a2cf36e02b8702320",519191941
"da273cee807e254fc9aabb9d",770039563
"da34d6cd832009e428d2b467",393452045
"da35c757f211ecaab20aeb3d",484603510
"da3aafeb2d0105f8e09c051f",506767319
"da40d46cb91d9e59fe12e6ba",598894853
"da474e23f34cb63de4ef28a4",772520629
"da482df3d0fc97f9f8582e22",470722570
"da598f8a82b1ad1b02961cd1",799614937
"da5b958667b31f4f9a1d84a9",789233573
"da5bf7f1c7b2f4ad670e2382",736892158
"da5d47596a755078a2261328",749135886
"da627dae6941b59d1eb98e35",508727661
"da782fc0c8a79e3e250f0f67",392527552
"da7a511a5f470d99ab2bc4a6",677361707
"da83b03a6c9d405f55714b0c",1039225896
"da846b08fe2205d2e2a3dc71",424504017
"da88bf5bc2a7310ff382be4c",1032102966
"da8b5c8a320821ab8ca00a80",972884486
"da8d3092ed0e085a83a7d67a",696184772
"da8f986b6ee6f594780f4a91",939479326
"da94e4a5fdebe3ae7bb1adcc",887330655
"daa0be53e7a1d7ff76f32955",791336403
"daa4d7da8d7df8efc1adc9d1",448646774
"daa52a91f1fee77f75550246",474230586
"daae80933675e767b50bdd17",1043992351
"dab58562904cd13a93d913e1",814175138
"dac29573163315edf99e0e7a",869498736
"dacd62440872b6e94ea56fab",454118918
"dad2bbb0fe138e426000a33e",639716211
"dad46c20f9f7d834e522fdd1",918174919
"dad7e45e4706ab2564ef9cf1",391117343
"dadce7c7a446a6a177821b73",840479532
"dadd9ddd29102f529caa3bbe",480793941
"dadf0a00434e8ceefb3e26af",844145034
"dae0265a0f2f79d3dc010ac8",1164318599
"dae09210f48e5bbe0d31c728",456508053
"dae55582e86b1f514a4ec3bc",942193606
"dae776f643e809387148900f",1155562121
"daeb02020f23715e663b4a38",682311681
"daf2efda70c6f3cd9257d0dc",446849351
"daf8d6d3f4ba21513341eb3e",1246669403
"daff79365fd94d1d3a2bbbd3",632530019
"db05818b6de8d77c1c3fd053",483511317
"db122cadb7a9c33f420fe246",433403832
"db1c3ece26da7b342eb7c8a5",741469005
"db1cfd89dad114c11ab2d409",1086279358
"db244703ce223e6acacbe85d",700533552
"db297b6ab332cbbba338e7a0",706623649
"db352cbc2aa3066ea9b34184",778674104
"db3aeb3a96304f3c255e8a22",578544912
"db3b84e5b3a9097392a57319",970412589
"db3dae76fed5fdbed29862fe",728275037
"db3edc43e89840a65749cd94",668609351
"db41266d7b500a6daead96cc",415517259
"db534a5f57e92d29b9e150cf",859428029
"db563e5a1cd9eb1be832bf5f",1292103332
"db575f8a4e10a29fe81b335e",844395532
"db5e320f51680100f1ec06f9",399099947
"db5ea791b33be91840a6d045",1053984296
"db6061f876f890071f7ed957",1096853663
"db7535339826028d0fb3355a",451351292
"db78a3ce9c6f6a7f4ecc6853",815756530
"db81ec58863dcc5d12839883",458035823
"db8912c5c5e5e49431b2c85c",725407956
"db924733e88c361cdfab874a",480113810
"db9798a3f9ac287754f3ae01",834051956
"db9f66f68aa772fe29e37edc",496631544
"dba1be42bef913f35a95735b",769484288
"dba6308e2358f30b7ec33f59",882821112
"dba9fa9642ebc97ccd765db6",451656188
"dbaa5d47ff63125584bf7ac0",1004135238
"dbab5ea45ae910567c97fbb0",838531610
"dbb30f9d010677de2aee1b71",930562889
"dbb4260c89524c78de7433be",503637329
"dbbe0b6f5eb07a5f9ec873a2",779848418
"dbc123f9502159d660f375ca",1134370350
"dbf200ef5f1e15211e2fc6d3",777639232
"dbffe8f46b3d9da2e57c97fc",760372800
"dc014623ed69c32abce2d0f4",555902008
"dc082fe46a714afd43b9dc19",666280969
"dc0a4632d7378c25be351760",778688574
"dc0ac888f1e87924e3994b4e",503837793
"dc0e9ce44b9932c6e48a9390",736657496
"dc1fa8fcd0ffb8872d434dbf",579058480
"dc20d46be2470d85ad9e7e45",603555020
"dc25c9240c67effcf655b02d",641432078
"dc298d37c5235e15b4cd68a3",721397293
"dc33d5ffcd2aa2b7d56d2ad3",671461366
"dc3b8d97b11cc2af4cfbcc79",901549299
"dc3cbbb2fa00043d02958219",751174599
"dc40c56571cbee9c2b7770f0",644651835
"dc420bf2dd1759b7f281cfa6",1121808122
"dc4331d09a1e36baaa6bde53",568561716
"dc486a3d7e9e2e608ab2a7b0",584959352
"dc51caa89a74da37ae644ff8",530631919
"dc537b5973d2b94acf6f23df",1185263516
"dc544c90e6ee38346a6002bd",782103101
"dc65f0bafddf39c6c4b2c9f2",561301728
"dc69d70e4d2713fcdfd93dd9",611321331
"dc722ea5c4d62773f9fb6bbc",552201953
"dc81900a751b64dedcb4ac39",669724631
"dc8262e1493ed593103acfa6",549107508
"dc8bc7cb687a3a42b7e7d5fb",1145123638
"dc8c76f5b3977f90839918b0",829963639
"dc9119767bf4f21fcccdcc69",747164062
"dc91e3fe1b190fd8cf2584c9",629480982
"dc93d8ca60d60a118f61390b",554796151
"dc99f2871bc05ea7e8a97d72",528775026
"dc9cd30b760a1280e0318512",831507846
"dca2e851b82c512f01611ade",863161991
"dca45f1c1a79ea5ebe639920",1065912001
"dcac44d3f8024c6ea1632432",478186801
"dcafab7adc7b763bb934496b",684725190
"dcc9e2c9c1151bd9f93f44b8",638200979
"dcca1c7f109175760ff531c6",552331625
"dccbc668caff517f649cadbb",902155105
"dcceb6a2073faf9f89f3431d",952802148
"dcd314dabc7d162cfc29c81d",906120289
"dcdb8d97ae65daf55570c88c",738303505
"dce05cf86b42124fc93d41da",1261568482
"dce18d258c352b7edc60c304",634647617
"dce1dd028695bfc5a47aa6a1",428288694
"dcef5b332fd31d0ed8d754f3",558495081
"dcf5b42ecb23800a458562e9",970583845
"dcf606270a4612aafc5f9f29",522631854
"dd007a202a0a3d56ebc4868c",757566779
"dd10dcc52d2549df85f2a8ec",530350663
"dd178fd542fc716e32b4136a",609735418
"dd1d2e305d37d9dde55393b0",1131047687
"dd1dacc0c90022e5b40849bf",600725790
"dd206b6ea2d7f6555109ea39",475763080
"dd21457e18f07d7a927c0104",465884200
"dd21c6799a32ce6ef27f5281",637940047
"dd2396a42097b2e8bce52a72",763739354
"dd27922be5b6f730f8b4e058",437211434
"dd34882ac55c57480663f7ec",799614937
"dd3d529f3745159d9e7746b2",975955072
"dd4e23681e00fa1cb9a679a1",487293083
"dd4eb14b56cb00130955d021",1159903159
"dd4fd04b9fd80818bd543f9d",867525467
"dd59ac4f6706a1399360bd14",809212355
"dd59b8122458557041903207",478964561
"dd5a565f854eaef90976c5fc",950590664
"dd5b4eb5d20b8b9c813ba52b",444058309
"dd5c910c2a3d63b8fa92096f",532351384
"dd610d7ece83bb02dcd7a22f",623312620
"dd625806063f76dcf53582d5",1032102966
"dd6d47e2626e2bf24f842f21",794754715
"dd7b4c374bbbcc60bb090fe8",538949110
"dd7ec9d7dfad5364dd303f49",507562167
"dd7ee555ce0b2d58dbd8a9ea",384823948
"dd8aa138623604829d56ac2c",454418631
"dd8c289ec872be3fe3352313",598066416
"dd8eff6162c32ecbc6972509",497586691
"dd926903e87d691a0f15dba3",693565740
"dd9a60c3d502ca3cc98d9b73",872409565
"dd9d63c612aaddbd86676c34",608440434
"dd9f28d722d43112651786e6",476457054
"dda4ee9f3811c29e2b261a5c",485235650
"dda7a886135a1fd8106d04b8",882507212
"ddaa88a11432ca21d3eca774",438245199
"ddaf8a1e5e6922cc3dee5caa",485748441
"ddba305c2a3ad29db24a0658",1025812966
"ddbca69ad74877086c4110e6",893325803
"ddc1c85af165e47502447242",763789068
"ddcc7f7a087aa5f4797a8a5d",580153435
"ddccad3e5a4eaf791ce3a7c9",567217992
"ddcce0b9776593e3ef3ce21b",734738954
"ddce386b0ad3199ca09aac93",808854990
"ddd55d8001b809f304883ce4",388872063
"ddd8906ea4a22b782c7888bd",821941464
"dddaba511b6a18f49b41c1af",874892622
"ddf2583bd65f02abf7ce3280",971793601
"ddf47d32045769c0596826db",1288923202
"ddf5182c482fca7d881fcba4",836171161
"ddf8733adb641e15837bd728",475185575
"ddfa979b1d7cdea1d7dd0a86",469930127
"de060e07dfb0a5494c5550a3",438868933
"de2137c70bacfd5087bc5c68",650451964
"de26819064a290ce78d8fcc1",489193926
"de28370454624724128a0688",634018537
"de28e62bd01870dfceb5d78b",470098993
"de2e3a592cda5b76c9573c5c",821481856
"de2f5db1cd1024a9734871c3",469072974
"de328410e22767c66d919423",755424159
"de32ca7785b71dbcc76a50a1",871940280
"de3b619a7c80549db6ab16af",438138924
"de3d078e5d524d8a7b65841c",831617247
"de416f239b27327e0f78b862",701150973
"de44f54fd6b1b62f30956f5c",702974985
"de53880a3299626eb6c2cdf9",1287241174
"de54862f5b7b8ff345c6b297",460581087
"de585856ff546e00a5a4672e",436614898
"de6010c57fe78d975be38c2b",526682581
"de630da5e1c9e27bfd94efcb",899058946
"de6aef9a5e47a614b75ee576",1011773406
"de754bceba2d206a9cb4f116",457697857
"de7f584df6103e8bf95f4a37",449923138
"de8ee990e70c8e5ad167dc89",592698945
"de901d3433ade456e9edcd79",607654968
"de9053a55630670ee8e59c9d",887668445
"de926223fe4296d96466c685",971529077
"de9a32ec454c2696cf75eb0d",523667570
"de9ab30042562789601833f6",465607298
"dea79d1b25bb9c78d331e3e6",732001473
"dea95d98e8bff87b905f9172",1188905049
"deb2c93acfaf6994bb3c0608",634981498
"deb844a2812586991b3022f4",637981054
"debd031585e9527fe00f116d",733262705
"debd60afab03fd1552719270",871209920
"decb25b7fdc0eb259831cc71",660739714
"ded674ba9c7b76cda404bac6",807528612
"ded79c11c30167a9d8accf77",550114543
"deda3ad684384ed67711ae71",495255726
"dedeafb60b4a39950e7a984d",400039300
"dee2e190c4e2539124ac3ee1",723558626
"deeb837c2c6bcbd01930431d",655852786
"def06f49a0b8230ab613db94",624563191
"defd03ae7d0c0a44baf80abd",613698585
"df06b65985649c7107b794a4",473007889
"df07a34d0ee2f78f115c45cb",1232269985
"df10ecb67d79e645f77a90a6",705481645
"df1c66d8dfb9520c6818a32b",652160971
"df1f513009808ebd46ec0847",594782694
"df22426db407f4c660681c7f",629478996
"df298574e35dda90fb568023",434852280
"df35908d6ae2847dfc73cf9f",1142482926
"df37b916acdce817865197ae",835764033
"df3abaff81c430b4ba85d4a3",888950570
"df3ada98307fc85428022d00",588290039
"df3eca0f59974a812b4ea9b4",1170766581
"df4400c44a166c851ff46eab",683196651
"df4a1968046eed5326119599",1106017304
"df4be33c0931aa86231b7a2e",1077590092
"df58a4244134d3493f3c9f30",904232410
"df81d07cc6e8fb0a01c0f404",717541873
"df82719238ea0e102c282c09",716006387
"df865201353bc7b915b56ac6",532314336
"df8979b26c9971dd7c3500d8",1131092725
"df89e7dea6c313b0cc262249",409004815
"df89fa06e32e90b0b6c2014e",584013168
"df91a3c7f364df5e6831f2de",517963232
"df91a494d5d244f20dab0eb0",414869671
"df93a6e36d9f19e252fa9de3",732970103
"df98fd10dd8ae59956994521",463769368
"dfa744f733abef97d82dbb32",788685314
"dfa7461510c6dbe5e119d106",552531825
"dfa988a524343181a0d3ead5",1058777637
"dfaba547699e319462abfd6d",621319083
"dfbb0ed74ed85bd186f40ccc",443129068
"dfc4f3facf91bbd93ee0fa4d",450020582
"dfc817b569fd71d2dd47e980",1093786936
"dfd84193c81ca8430fd27ad0",784668542
"dfe09a5f848e8e819c361ac9",445963706
"dfe8e2542755d41d920e28b8",408091492
"dffa1057472b06bfc0fa7a66",1216823164
"dfff73eccd591bb26453eec5",720993931
"e00e5934d1941490834c3145",958751478
"e0137390f0186c98f4e91263",976499987
"e017c3311e2fdeb50a686547",1139308999
"e01c1b69abb6a4c1c69c77d7",866982569
"e01c49250329331a442615d6",479804625
"e029511780468f4cfbd10d3e",632807702
"e029c89d59f2caf4af4bd908",736171057
"e02fa06a8de8a603e417d5ad",450637129
"e03610db09ed7315cfcd64c9",558277362
"e0432ecc0c1fb2b00b5435af",464913003
"e04473aa943812de1d662058",938977442
"e04fab3d74d14be3b8dd2c8c",484165158
"e05598d3c49f409b937ff2a1",517285576
"e056ada7a37336bbe878f38b",823559311
"e0587d29cb717f725e991ef3",778748690
"e05c52c9c8fcb792ace06b61",504336701
"e064b4dd7b4e64a3e0016f0b",941211552
"e066ee04cd3a597dac8ced59",463785784
"e07035cb49625760c7da85d1",408688572
"e07bc486c6f5541e4788f83b",877238515
"e07ca567b0678126a1aec803",640462161
"e07d8e9e38e309958288a516",898208483
"e07eb36210e90ef0419fa0d0",942225563
"e083d83369cbc93fb94842a1",894359241
"e08561df5747246d74136dc4",442855339
"e08aabb998103a941d24d0a9",423230000
"e08e1f260e5c3231c49e5a96",464689595
"e08ed8c82d05dc3cad8cd2c1",720407886
"e0ad3e9588636f454e9e484d",840218960
"e0ae474a5307ef4057da4994",377563941
"e0ae53aa3cc9e9ba7ce65f74",576622807
"e0ae8d2a51c771aef5f245e9",427044228
"e0b041a39e732783f98bde56",899212781
"e0b13f6dc213d05133252d15",1191284865
"e0d6155cb3cdac98f81d44e8",651608410
"e0d7e4dffa0f3dbc40c7da53",591097015
"e0d837e6d5d74fe91d39d23c",733799012
"e0dd5e6879d824a95c3c1773",687224419
"e0df3391aeb8d3f4b00f418b",592053141
"e0e6852c6d6393d6d3719131",1198767872
"e0eae2174807cc7ada38c726",741302532
"e0f47a028df2dbe9129cde7d",960987247
"e102f1d841d7cdb596d50624",387482064
"e104567c1cc70000692f502c",590437016
"e109ccb29c02c9b35b789c90",770863221
"e110abe74ba0ad062c9b575f",807353805
"e111bda6d24089dac82907ad",408831680
"e1132006785632e4ec5deb02",754488775
"e113c48e4e1b53adaca275f2",841492138
"e114160e3ffe6a703eb42440",517182746
"e118b149654cca1c0b3a58a2",1198712635
"e11f9a5cf9d6ab0ffddd6096",838449038
"e120c33346ead011ab7789ce",570899713
"e137b5003b8c8f18892ee9d3",544875002
"e13947242fe19bc3925919f8",496604537
"e13a1c06ccbf814945dbc768",746652121
"e13ef02a57d35f71a4fe6121",506446788
"e14328c988a27176e9fc63af",871870643
"e148c2b109eecef0175b3c5d",499699921
"e1490f0730f8fdc36993027c",609866071
"e14b31f8a454e47c383cae94",613315328
"e1558509b120809eface5b87",797836754
"e16685dae2bd3b0a4803ec9a",1021353441
"e1717a317481b0765a7a6a0d",586568714
"e18337bbdfb106a3f1739960",654275025
"e186499af986f1959f729b9b",536884751
"e18fecb7e40bbcaf26c863cb",781521162
"e192181121fe58a8bf94aecf",606140806
"e1967b56ab8ecd035bf39534",806989263
"e196b7cdeab1468d5d4e07c5",1305702817
"e1a4437b17f7bec650d8cd97",608075088
"e1aa6c46135f4d1aa1b7a1f4",651166943
"e1b64df8e809ba220c9722aa",775999233
"e1b753c283bb9c6d4e438bec",941479958
"e1b9ae3e0ce3da16f18e1079",946894257
"e1c33552eeab60683f2f89d5",900522588
"e1c7a101e5d518583f9a2a7b",1086279358
"e1cecc8f17883ba6e2723826",538412830
"e1d875468eea7b2eecbb49c7",683148611
"e1d8eacecd35515eb19f9135",1213256214
"e1e188d3f9940f9dad98488c",846080316
"e1e5b0bd721a67318a3848ed",421311135
"e1e69b5a90431b8a44265487",610168604
"e1e78f3432ea2dff6b69c6c0",457729602
"e1eb183eb261b6de96e20a56",1089212256
"e1eea7716ca6490b7640717a",702974985
"e1f5f0e96e5865370423c142",902505606
"e1fb88779e55aef2b66f2c10",681361527
"e1fdbdecc84b991f582a2e00",503410835
"e1ffd027cce28c44c0d2f80c",745866487
"e2094d28cacad3e2a711c5ca",419254106
"e216fba4bffe753a527ecd4c",674538773
"e21f2a8d9c641e45d442686a",949282864
"e224f9ffc7bd70369a5e8b68",1318090038
"e22b8126863c9ca8fb04df9f",832958645
"e22bad460ec1bc991f14bfbc",810246368
"e22ca3f1c8073e246079d57f",599911282
"e23017438478050a655f6d67",919313969
"e239ff5eaaebb287beaf76fa",918893702
"e23ae41983b9f112f05bb703",799059467
"e23d93ade25e73614d7bcd77",1342934879
"e2544529df4efb7e90afcd21",453908887
"e26dcf5836f5bb53553cc413",654320246
"e26eafffe4ca3c22b7f4a272",711628827
"e28474959994ea9c0c2eeac6",903901494
"e286b12e5aa7929334322842",691363640
"e28d8dac5c1c75d295a9eb3f",433516737
"e299f614cd8ae525fc8fd0e6",1110678582
"e29d9a401a246c00f5eb2413",645688252
"e2b7f984616fff25e3dd6a3f",955792456
"e2b8d1aba0c583984aab25bd",860086662
"e2bbe9221780d01a265e2ef4",815001002
"e2c3acee51cdd03b1f211278",701537286
"e2cdca1756b1635dd1ac2b2c",902726727
"e2d00e4fd93a02ea81895355",709629092
"e2d88f49873bbcc5476f4ff5",515260257
"e2da7c1bb33be76b86b9a07a",493002549
"e2dad5c148ecc797018439b3",889357787
"e2dcb036931bf4b2aa030036",848809204
"e2e2218086e6ef5377c01b68",741009150
"e2e4641b20d81a90033a536a",536164402
"e2e639b53456889ab5350ba0",443566138
"e2e7b03feffb21bad63eca2d",800982022
"e2ecbfaacf11ed16fd71abcd",606795803
"e2f00293305c464b361b6178",442077459
"e2fed68e0b614e65c05200b7",734531997
"e3034ebf243b024cbef83cc9",486045734
"e3077f6e47d130106e7165c9",700807158
"e3197263bf47b3d37f027e11",844092856
"e31a209077a3e47712588730",818027619
"e3202b635974f7a3367c0ff9",1051858955
"e3295e732bcf306a2d338387",599442292
"e3338ac993873aca45755dc8",544359542
"e335b8464a61ea0781f7928d",1133805064
"e336d9d892441c7ad886a98d",572351772
"e34517b1563d829104e230b4",414768026
"e35579e8b9b24dcccf93abba",546631345
"e35d8f589e6b1909f5e4132b",1095687531
"e35f95823a486c52b0f4c2b6",496769914
"e364018f4d994cd15d4af374",922704554
"e3676f99542f27c9037fca29",801861117
"e369c63f83c44329ddad488d",646162388
"e36d70d72c2758d7fef242df",686898062
"e380184391898aaa2d3dc540",656843475
"e382002b0685aabb01891743",616781642
"e38259adbfd953bf085a69b6",539787897
"e3896296cb80d50d9ad3f903",866069321
"e38b4072ff8b856487864f31",1086653687
"e3903705d5a48c6d9f828ab9",646302796
"e3950ce025371da2b4ad9db6",959353110
"e3a62f080c25f404ca995e06",782829495
"e3b7dc4e8990f3cd436bf738",637590076
"e3bd8bd5884a55fc1a151687",726914727
"e3cd7b6dc0495d5109086407",939278443
"e3d6fe5d97bf4fe851aee9d3",935046505
"e3dc8b417819e9afe3fc7d0d",467023638
"e3e2e3080cc309d34014e8fd",591175846
"e3e7ffecb903d2daccbf8a53",585304885
"e3e9d1d073b129c697c1e9e9",565651405
"e3ec7a8fba3e1ea07a135dfc",472164617
"e3f39c6e4a41fbdc4bc30e0f",668199472
"e3ff13537ffb7172336ab5c0",1096853663
"e40742774df7d2b614f32de6",393190861
"e4082fa99f92fc7a89092fff",1026635395
"e40f616637f6187024b34086",833166656
"e40fe4ac43cabe82c03dda59",520957795
"e42fc32db529e088f15cec8b",985383871
"e43151473292e4e98f121f63",478240686
"e439c77c0d871996bf06bf88",785538556
"e4434407771070783b97c014",526666170
"e44b023e39910ed29f4dde2d",600012287
"e45293f1e6ceb2fe79f6e0d5",616421843
"e4559824c3390efd6282960a",687359332
"e45ba581daff88707ad842a9",593540843
"e471b2ef30c388893119a010",1099998155
"e47aa2541fb576b9915fd625",557542298
"e491adef93281c097ab08dea",446461374
"e4a021b625f4ffbed391c6e7",792252467
"e4a70600296b0bde6c28fb19",771530681
"e4a9626b1107b9397d0067aa",655544057
"e4aa393309860fd5e30f49d9",1291598885
"e4b85269ca413066323f66e0",1007442452
"e4d6b81f169cab8ea0244d75",461195601
"e4d89c9d33a0f2659df21185",562576983
"e4e529e778dbc89f854252f1",795541791
"e4ee1a81aa121aa5f55e20f3",978789211
"e4f26a73bad4e41c375dd897",1189062852
"e4f2ec7e2f4389c1efa52c0f",610211138
"e4f2fecf58a038d7b18f7160",1231342222
"e4f3e425e9f6e393999d7a08",524949739
"e5092b4a94f1c231a0c47680",1069980092
"e5099db945e4f04aa3f0bfeb",833937883
"e5168779de76d99010e37c7c",901635512
"e51873d6421addab3b539dd4",477658785
"e538d52c9b2dc994491be3db",384990916
"e53bc68f0e97ccead24f3e56",486858994
"e54567ced41a40938b85485b",822324126
"e548ef7a5650696c0e968cf3",874154507
"e54a8b735724b2af56c7a36e",447765174
"e54c7ea1f012656f7fafa49c",531599952
"e5527bb25c85988e00da339d",1275175277
"e55634fce84f78466095e730",603967039
"e567e9e5862b13f0085505d4",472731360
"e570a5157e02d440a78ca008",653872077
"e570c5f58a20fda42bfb535b",543841425
"e57ad52764215c3d54740ac5",662997222
"e58b92216ee6438a921ee0d4",724409770
"e58ba64bfa5280630bfcfa97",595861457
"e59afca092e0ddaf60c9419c",787172254
"e5a40a555d11d4429b9675c3",775354790
"e5b2a446c12222efc187e02e",619168170
"e5b92a0c67c506ca6e92315a",446783815
"e5bc85e227ed7dabfccbd005",438723739
"e5c8f2d536c3f931eff2d70c",829678413
"e5cd7a2aed48057b0dc8d970",545533889
"e5cfd99e2308b7b73581dbdc",452719222
"e5d445e39104d9ee6b244822",887942642
"e5d6be06fd53d317c8e5c7c0",592659867
"e5d9afdaf318dbe749bf9950",439526245
"e5da0e3919341762d5beed25",531211789
"e5dba7fa0cfb81488b0c331e",634029515
"e5de98822287c2caf8b209da",801782413
"e5e06913ec3c851340d7c91a",612534940
"e5ef29d41082025c42f7c921",709385211
"e5fd3cdc6a19653275c7f4a8",472878896
"e60024d6e0b5aa52e27a3b5a",453661569
"e6016afcc032d20fc9d6f2be",793450993
"e60850405ccec092b8fb5d02",603030552
"e611a37562f88ebe07bb28d3",451550017
"e611d41aaf38a58acaa0bf23",812326742
"e6144e15d5cafcfe87c07c9a",500366657
"e61476e47d7e7be706d23fee",649159082
"e61e5d3288f02b904d3b1e38",946885954
"e6387696767d20cfa4918ca9",775557275
"e6396355c1249c6290906b78",1018173376
"e63d334d9ae8b672dc7b7d5c",1223824351
"e63f468e1d9f86530d47ba4c",376267317
"e640424f3b7d1db403c36ba0",743960460
"e6424086fe1cf2a2931f4847",692668431
"e6477c2014ad081d22f12b9d",566907602
"e6482f3b6184515453d16bf2",923549192
"e65a4eec62e2a5bbfaad5565",756199628
"e663064dd77e3c63ab9222af",1019367000
"e6653cc1c94306d4e56ba216",688826895
"e667133c29f90c8fbf30ede7",485514699
"e66b2c71519ef8756db69b97",579841425
"e6717956eeaadb3e95840256",937330815
"e674ba41f9657ac8f30d4f7c",762973452
"e67fa931031bed13c711ad00",460939100
"e6807209b634455bad257998",511883207
"e685650979374c571dea2ec1",467670549
"e68b18b57fbc5fd6cbb477e1",822998593
"e68ceeb098f60054c19fda0e",947970526
"e68f5a98070efada9b5538ee",463078761
"e6a5007ffb7c1321d4fc21a8",598339468
"e6a547b2c0d126c9b6800515",1031645967
"e6a7e6b41e6c6bbdc16e1e14",683148611
"e6a9d5c9a82ba73e76817a81",647831030
"e6ac4d158437142c15bbd4d9",804624137
"e6bc998ad1d87c5be3559ab1",692668431
"e6bda9370c80a5f7e5cb6b07",730222840
"e6c6625db90e519f9dcf1b23",520969136
"e6d2e862f58445084b2980bb",1261464010
"e6e3bcae6ba114caf108049f",542775386
"e6eb47d050702ed49ef5c49f",1023644221
"e6ed64435c659f236cf213a8",566477905
"e6ef433629e193042bd30f4d",959899460
"e6eff72b7c5b0fc2677af2ad",549614480
"e6f2c7d7317fd433e26878e4",1226835579
"e6f312a0877af26b69855a3d",1190977749
"e6f3eee9f5048005f24f0943",769891774
"e6f5ae869a5b7a30e8f0fd0d",910194472
"e6f9288cdadc5851d29fabff",1239451269
"e6f948282e81570fd03e4df2",912469754
"e6fd53315e92a55c6b67405f",430119551
"e7081fb59ffa298320321633",845774235
"e71c6f7437c633e2d9da643e",568719685
"e724a1db86d8d0c6334041b6",525844345
"e72ff7414cceec6b162df345",619406000
"e73e5e75cb18f52dd7239361",779343293
"e7439820086f8d1cb13d7c9b",578975348
"e74a31e6edd4459d4e215c5a",602417180
"e74d815ad652f7046ba33295",798913624
"e75699a7693c678786ced75c",553708681
"e75a05dc0018f29517948ea1",383142997
"e75d4ce522cf587cd66adae4",600209726
"e77da26aa7ecdab5505fab60",1041823591
"e781547cf6f8cb4ec0742b5c",840878831
"e7834f52ebad3d3cd00d069b",606053562
"e789e801fb5d4501b5d64e2d",874892622
"e78a4111d943044a9a32ed80",809318062
"e78ad3483c5aa5a7a4310720",524482716
"e78ef4d2b165a8e8781c258d",552808354
"e790b21630ab963a65c53df0",583608491
"e7a2e8e1c22a52f78ffd1b19",1114282472
"e7a85e64ee07971696f555f2",794653221
"e7ae63f81f8fad37bb9c1b32",821569520
"e7b3ec90b47c9e6009ca8a75",862492850
"e7b717278f7c95cbfceba80b",642162325
"e7b721ed96269bb195906bae",379505252
"e7bb12e99318573a6e6ce1cf",603085947
"e7c08555cb8f5c7d0f32fdda",496961902
"e7c92ef9784a92c8b7fca693",928467164
"e7cb4cf600b9d931eb295c71",465259891
"e7cf67cbc08fa04be9f0a3d4",505166525
"e7d1ee027da436cbaa122f48",1069980092
"e7dc05756684b070b36d681f",823607658
"e7def7d0999433ad6d3ea412",958620519
"e7ef0d61e27de15f10b0d643",913754540
"e7fbff0a25cde72a38e7c7bb",892071000
"e7fc4e6b1fdb38ffe68fb680",615037141
"e803e3806630c6579f004610",877352062
"e80ba06329760362c7685ca5",503405332
"e81c5c1b820636f691e5c5cc",819968731
"e82508e88e3f62fc8e67dc16",765462126
"e828e83be8651bc2e07641e2",519245730
"e83119808dd08ca090f5ed85",914723400
"e83ef75473fefbf8d7e52302",420635667
"e840095310907e82a159d683",783659934
"e84605e3aadd50b064c8eac3",1250870603
"e84888d2f22e14a5016ac789",529022284
"e8491a7994738d098a7aede1",1061070485
"e84da6ce78339d50a72cd87d",385782910
"e852246b7661d30dd2e1f0ab",427893786
"e8544410d811163a13c6a326",464183975
"e857db57a89e165eade00770",465533731
"e8603da6012c2116a70176b7",1032934669
"e86b99e5dac8ed0d8296e950",456359852
"e876c6fd9c161861fb92ad5a",1246744590
"e87779bf2f8af86fc4ae9583",458578955
"e88009be52bf5803ba3665d3",652695900
"e8872302ba40e4ea413689da",439401425
"e8948741a987cbb3759b7a44",977720642
"e89774d061d50c83b409a071",374297731
"e89cf4cc82c5283f3db6f5f6",469630302
"e89fbcbd4d3414e30c30fc29",978053977
"e8a3d9d6134ae8d631791e52",1252600233
"e8a7ddb4e5d43d156692326c",1016539959
"e8abf103cbe9fecbdd758516",990227934
"e8b8d0c4cb87efc13344bcd2",1026005854
"e8bdc4a088a6b99a538a6f0a",398625109
"e8bf121ec117e383c843bc51",980587960
"e8c79fd41b001fb1da0d4fe1",742608668
"e8c9070ca596f88bc2e0868a",835171882
"e8caed8cd754b0e3d43e6954",1032147938
"e8cf39cada5b7755f60306d1",642992328
"e8d2cdda77c1d885e21c7bbc",1316608008
"e8d83f7dcb876d5d05ae3e98",734513444
"e8df85384a1f51c31015ba08",769124576
"e8e215437d023387c4a55515",663375568
"e8e97b7919856f9cbb9ad02f",836294239
"e8fc9a1fd4b39f946b914398",612984329
"e9081115ab418ef1031326c3",577661726
"e91425bd357561183b935d27",676331501
"e91598736dbb7319952f0dfc",772936347
"e9182661e36239f091259232",388248942
"e91a3f962129068a3a76d209",940352797
"e9205b722e624eba0fd36145",1224838001
"e93a9b257ecd815c860d0b82",763852666
"e93abbb49b24717d3a0767e8",751120137
"e93dbc804920c0bf7bcf8cb3",473224270
"e95653d504208e8da19fdd03",1087032932
"e958bd2b19db118c31f893cd",442410317
"e96a7f5424558193663ef6f4",820078907
"e9772a54bc6638c723dcebdc",578403969
"e97c998a6a0709605432ccb1",412162239
"e97d03ef9638c8e1d270ed2a",447585125
"e9804af0513b2f68daf182b3",474068860
"e981d4fb3a33f372ac26901d",1254450681
"e9830411c3092327f4e66a99",601030443
"e9860f6b4c3e6699e62f6c31",485012598
"e98bb3a89bcec8650e33e730",564013579
"e98cb170e4383546988c6829",532351384
"e99d9dcb9880cbfd219b4297",1162758998
"e9a0dff7ae48bd3fa2ecfcfc",678696672
"e9a37a1a4150461126dbb6e9",607654968
"e9a427f23e80fa59d9d517c0",419254106
"e9ab6916a79b4d5182d33bf5",1072367058
"e9b054016b281140d2566d88",898584949
"e9bbc31499ca187c6a492175",703238979
"e9be8cd37abed8ab510ba1f5",986997683
"e9c905ff64c7e2f8c21b0a9c",377591011
"e9d514f90ebff0de1936d09c",799004374
"e9da7f2549d914aab6a30e10",466487536
"e9e39766e2c96bc783d580a9",1287241174
"e9e6e054c1d09a22b7efa20a",764371253
"e9f3f41366d5d784c2928937",691918967
"e9f44786cf982100af0984e4",1086808861
"e9fac47a0f02f27abc96d568",1149475893
"ea0ca17e989ec57a480aa464",1051858955
"ea16314310144a10c81da9c7",457058066
"ea21ddfa37d60737492509cf",741432804
"ea230d5eccd2b687888173bb",900581018
"ea28f68a1d1d81d29b88531d",826094533
"ea2e380226005bb55c724ce1",1118161015
"ea2efa1a857332559120b823",581973955
"ea34dfefac91681864c2bfe1",954240510
"ea359d571ad0c986f826d31e",963052265
"ea37ad89fbe4159940586718",412655826
"ea47ad6335e74dea06228b16",614765928
"ea4a797b3d73d1b2cba9d651",912476542
"ea4add08aa912717cd42f9f7",1162364884
"ea4af07bef4ed93e81ded95c",992169163
"ea63bca8e3a77fe88d88fafc",502017019
"ea6e83dbade169818975e5b3",592250426
"ea7c9e327eab66ca286f6726",597312358
"ea7d5c601c3f8c86ca8f15e1",568195905
"ea7e3ba584cc5ee45ff8ba7b",834546163
"ea84b58f733c8e491db98a52",1055581183
"ea87e3259c2b0d6263d39a2f",502909342
"ea8cc21bf7d48979bcae1458",782132828
"ea8d704272b2cd066a7e7867",1085656534
"ea91281d5eaf6b8f436d47f6",1223824351
"ea935b76abe664d5e2c4736f",550992760
"ea9d6dc517c77ff8bffd596b",1161828918
"eaa4893a313d85fcf38dbb6b",705270702
"eaa6d58e226904e9993b3493",555109255
"eab4ae491bbbe7b8ab107229",690952351
"eabdd1bad2bc4351ba4a2635",913754540
"eac458ffc1da75fa1a4ab384",545958105
"eac7136b26bccb3c5d2b6202",812074759
"eac89e705cfd337a99417320",486633140
"eae4243c274735d616c6b9bb",970709672
"eae4a1cce7c039c644f01c6a",898238522
"eae52c81f779a61f57cb5b58",1089131188
"eae5eecfa2fe828afbc94b0a",446783815
"eaf0f2b00b6994a9ba8c5ed0",414071517
"eaf53eeb911ecbae638409e5",438837956
"eaf87358d89af17c3e004c21",747313288
"eb055771816b45213df3ff3b",457814647
"eb09010915ee68091d6675d4",564758109
"eb0c6a8231b38b2a1e1f789a",798200029
"eb0f3b14782c9a484408c606",901945659
"eb14a5813f860bb74740da2b",428500200
"eb1b9e15dcb88964f79e6a4a",515099167
"eb24e0a0ebfbe16eba466280",893592090
"eb270972f0f69f1671a0a740",928171841
"eb2880c2433c4b2500fd40ef",473272081
"eb2bbf82cb615e3227305b55",489469879
"eb2c7a973d4d6ce8e6ae87a0",1183086629
"eb3356f3856526dc140be7f4",587932560
"eb339d562b72b3bf51073cc1",446783815
"eb40a304997a6e66c550b704",1002690449
"eb4e1b72abce1d184dd4d5e4",569078522
"eb55b0778607da932c3b311f",819108517
"eb5e382e1372c4e94f467673",682283221
"eb61a13df1c8d8d0efc4db3a",454219337
"eb64fd330053a41ce5be4a7e",472980943
"eb6e6060b78676d13d6bda48",636836517
"eb7173223a27076d16b87f33",582548741
"eb77734d12df7528af57c674",461510548
"eb8021804e63016fd934c9b2",715762356
"eb85bf9ab77f59615960fbe0",886303307
"eb86c1da60250e5559fc3cfe",583158303
"eb8956f0c4a885619bf1ff79",1177597559
"eb89d0b7914010148e6bb597",714988573
"eb8cc67810d95d1b102410b7",986997683
"eb8f668912b70fd554c8c723",530778577
"eb90d9e9eb53b44b07ef9613",889441186
"eb963f082209fc077aa72bc9",916303645
"eb9a59d4e85a3f124e866f47",849573726
"eb9ab213defc2de5d878653f",549004629
"eba0410242fa1e8dea90b194",831273575
"eba3cb8156e0115bd7dfb525",1064661886
"eba6a2b80a17a846ae560ece",406811876
"eba756e88209c420d288c4be",598702091
"eba86391ca00fb217ed1f774",735632477
"ebab054e5f256bf4e382002a",1069980092
"ebacf31727972e81d0a0d904",485235650
"ebacfa0a8e569ab603cccd11",404330671
"ebbc5fdad817b304af3585c4",442555815
"ebc3a6574ebc530ef715ea7e",1071837195
"ebc96ea800887a647422b8fe",842751421
"ebcab2f8506c64a461591d1c",541449384
"ebe09efa32acf6d680341840",736646878
"ebe1b5c9471f3441a388f7ac",596461052
"ebe33bde2abbecd6d1fb0cfc",673527735
"ebf2d540aff82f1aadf95f9b",561987661
"ebf4bda17341de806444ba83",611566424
"ec03a01c961659f2cfd9c973",707900224
"ec0c283eeb8db461c20af1d6",670322348
"ec0eb8d68807f52b681f138e",976227545
"ec1171cac1eee089be6f427d",443215541
"ec13a869c212c39b6ba21b57",748026793
"ec15e2a131d9724b012d68ea",742608668
"ec199e33b7557dd669fe1aa4",386262146
"ec232a7ee3aeac713516614b",818848189
"ec27554aa1c62314f4d46fc8",484258285
"ec2f16aabd36fd9ee2203276",1386390015
"ec3f1679451b9c0037f89386",1169416298
"ec401de1c0ab2dbc149da048",652922278
"ec4226205a38a45d97f35828",683941761
"ec422df56b811a0aa42d8bbc",508177622
"ec43b2789c9cc266a8e0d1f6",438373876
"ec4df02b32d90c019125d108",1095766855
"ec4f7794cb756b995d5d207f",813568627
"ec5866fcdb9afffad2d7f5c6",931606869
"ec674ba8cd16c2264d270901",789210960
"ec6ffe86e9ece6fc03556ea5",440606604
"ec824ecd0319e05d1ca6a9c7",494717140
"ec8b305ddc2bc211a8a05d0c",534541617
"ec903c33a379d8d2cc04ab36",1083001962
"eca500b92ff96f10ccd45e54",701621694
"ecaa5e38ff6cddc14942eb7a",659063558
"ecabfcb8ce9bb47ec3089c7e",608075088
"ecc3362a649cf08afef96fc0",468692484
"ecc36a3a4610829ee3f88993",548194461
"ecc4d05489c5ffc8164d5469",391969935
"ecc5e3781d5e004ceef8cf76",610912083
"ecd0b4bfd66fe04c278dd4ae",545980411
"ecd1e3003c5d74a3c7cbdb11",608442543
"ecda0d714f52da919223a520",667947457
"ecdb747ee4a3ebf958252309",849814112
"ece0394e38b152e6c1571324",900522588
"ece6f8c652d4227370ef0fcf",1073208021
"ecf47573fe1ff641f6914d0a",1137901574
"ecf4e968c925cf8322f8a0bd",414869671
"ecf5c9bd618e3976ceb5697f",1197490336
"ecfe155a407ad2c2f74522e8",769530609
"ed0051ae106fd0df60a14586",886057179
"ed09fe201c9ab02a91779dcd",651459279
"ed1c8ac25a3db5120c92525f",502156698
"ed1f81648083d4d2726710ac",462031696
"ed2c02ddcf0e54789d9d2675",982887679
"ed3275b560f020baeb9ce3c0",577421575
"ed40f198ace8a4405cce7a1a",629371276
"ed43b0ac46067bf886457c01",850983742
"ed44705c17c414af8442b6ae",671797896
"ed48916725be6970cd2f273a",454810798
"ed5192bd8038c77ed2e46f0c",572437726
"ed5559fbfaba86299e87ed89",760687829
"ed5622c308bfd10602e939ca",855726597
"ed5c3d2952d2575b1bb757ee",739712074
"ed5dfe95f82f4c087af07045",540313878
"ed68664efdb7377c33f4010d",871977587
"ed6c8c45bc8c1d160cf0d0eb",1021813955
"ed70b749e030cc8715c0eba5",812443444
"ed75d1c40109eeb51fd636f1",997232070
"ed764bed1d05cb1e9a4e67f8",869037841
"ed7f61ea4c9095bd4aca258a",560896419
"ed80ba018de35d5d76d50db4",1167934558
"ed88c773fa9ae8bb29645fbf",786961678
"ed8eacb8746dbcc3c2ef3aa9",736870671
"ed9703ed896c6118a3458e78",411437019
"ed9976e922a774cafb601f5e",452975299
"ed9c4f4e06183b15b877f077",496993746
"edb259013ceb62ad9b23eee3",1048909357
"edbafba81b92efa9b1400987",1141542454
"edbb5db63dbd0452c51047a0",577541396
"edbb6dd10f8c9e7596368225",767898272
"edbeef6a08dd17a941634d49",855413275
"edc204c3e18368e0a9eab593",1144775528
"edc3879a1102740f2f96227a",1013145884
"edc43e57b2905405a13f8f3f",431190987
"edca31377b4f7299f8b45187",1112527347
"edd0b57b90629fb00d036e34",744101786
"edd1c4fdbef4e6beafbd39b8",466264614
"edd2afd07fa1305fc3126078",407274138
"edd342f84fc90478e344ea1f",626125441
"edd4d560363f7575aee42d39",938788790
"edd9a278b86b1c56e237a0f3",549614480
"ede08c77d6090e0900654eff",1160104947
"ede10672118071a215ae09fc",1013238806
"ede43dcb1715b959ba34a37d",599054540
"ede7995bc4e7e672fda4fa5a",1150754356
"ededebb1a544fb3246d3e131",543662201
"edf4e11d1f1aa6f8080c3156",1179434930
"edf8c961862a4ff8e1e44f1a",699529962
"ee042a4b4a0bf9a1dcdf1eab",624563191
"ee102e9d0791ee82ee4da2e8",730954014
"ee13d186a24af238d06e0c2b",806431360
"ee18825bcf4065d29287b54e",1173216165
"ee27eba49457286b5ab76172",794907086
"ee2c509989c7155bb472c5b0",660436863
"ee2d16316e6f4f2388494c7f",607626305
"ee30ab004ac5270daf59758e",707837239
"ee3b5d47d05a80c07751f7a1",1164318599
"ee3c0c7fe3fe73ad0449870c",1303105148
"ee4377ff95580b93e80ae08c",1030562345
"ee4dea05e93581750d613c59",608049864
"ee4fc6a146e888e993a4412a",665567554
"ee594b6bb0751dab39055b3e",667474872
"ee5fa0932e098cba28d950b1",860707808
"ee667413d1cc49427ad448f9",814175138
"ee6a288e644183bb191a6526",408831680
"ee70354146295365bf241d9c",557542298
"ee703dca75c4dfd5d035c9a1",523508639
"ee786b818284cb382c755e9d",898353380
"ee796b35e39c7beb6aee2b49",874022666
"ee7f7d547af56773a4b0afaa",822997963
"ee8103b958673c589b9cb27b",1135559606
"ee85a12b8f764bc15164dc7a",610461036
"ee8651631861c1b94283a953",1129474189
"ee8bad3fdc93f7fb79c9cbd8",940165688
"ee9171c496fa78b1461acf88",810118689
"ee96d947484aaace40f9b77f",1055109837
"ee98e745afca6de4550fe570",654133422
"ee9e5adab1455d38edfcaa6e",906492666
"ee9e7dcede0ffc20442b4407",854563366
"eea6a2137473c3ba6708b576",382572480
"eeb6fa8f820ec63aa0aaa303",967422146
"eebc02ff14b6d270746ca055",745897671
"eec4d59429b1d1bb75b4d686",614951188
"eec51f949083f39691e37e15",867837761
"eeca3f5c399785a1cf15b1c6",749031649
"eecc82010ce9803ebea6dc75",472289464
"eed12d0c3e65e9989fc4f4bd",599980987
"eee841bc785b1824b6419a73",605040423
"eef1d35ffd08dd161a36a2d1",1078451949
"ef0e5b23069a9fe377b77ccf",877133080
"ef26c0f1cd9e3203ad16558f",737341156
"ef2ae24039bf2cff1caa4340",572706428
"ef2b9c11f884cc5f31c26f60",808015224
"ef34f331871e8ca6573981e1",593500980
"ef3887783a12f591198d6c27",803832698
"ef450748c440c4958e5db54d",819108517
"ef53741b01120666a08db213",1036525387
"ef61986cca74fe8585b1b287",472741945
"ef64565957b5278185b2429e",640017919
"ef64a8989a6444cc529dd1cb",715726731
"ef6ac2a5102d7be910a3e4c8",392781701
"ef72df5586ad0cbe59e36e07",948288377
"ef73428a38c201019267afb1",520080256
"ef7ba10407cd74590ea3fff3",794504058
"ef8430c4d15e5887b8103bc3",1003063705
"ef92f63b46f27ccd2151a21c",565203728
"ef961c130fa3b9015b103154",1039639291
"ef9cf29f71434be184a4ebd9",519908414
"efa0c01632d13ab59f629ab1",564426361
"efa36c7738fc14a11cc352eb",477780147
"efb0b413b3f661b23d674b3d",1153328639
"efc5412fb02ba9d8f604e493",615549667
"efc7e89ddf3de559154d8e0c",1039229347
"efc8ccaeb09a5e1bb0bfe011",598076465
"efc9ae02fd6c3f18db866cac",867889468
"efcc8d268982e95fe2fdb311",1252600233
"efd178c4aaf3fc9d05b8dbdb",524329727
"efd9d848677015f13688453b",461912998
"efddad1eec775ce61d3b7b64",850591124
"efde559422ec1dcc55abc686",789047489
"efebd19fc5a2ab30f2ccedcf",624264644
"efede59a47d17737f90f4bcb",906640511
"eff8b3fe996b6d7db10b0263",601810726
"effc32659ff9bf30faffb3db",705073936
"effe4219e6cb56e5ab70ff6b",800695902
"f002603a6990ec405d82cc47",1230454903
"f003a46a1c8e04da0052d72f",464179153
"f00b8eac1812a500d7a732ff",1003749756
"f016623361c6ccc5163e79d5",1246744590
"f016ba59a64f287099fc4af4",561887985
"f019dfbfa7fbbddec988fb25",1058438761
"f01fa45466e2730f935a4128",695698114
"f020fef57e9069e4dea2d71f",1171066785
"f02865ea64b156bf4cf4cfa4",1310157755
"f02f6c5b97b8e3cc5d5a74dd",839178454
"f033750cb9db15e886b156ce",910669099
"f03400cc18e12903b3ffbe5a",802254487
"f03f97ca55e9a43928c18237",587469061
"f040a167241599987e7b0967",429966803
"f04b574dc221473cfd616e22",569959172
"f04d3ee8b175c8f2f30f4f39",1202823724
"f04eb16931448e87aec205fd",610189614
"f053d3918234bad409410755",633282307
"f055602beb49dd6040641c9a",503729548
"f059e39d22124eb9e7e8e20c",797499105
"f05aee3e433cb036653b4375",907313628
"f05b3779581ac0015f29571f",813135199
"f07126d58455b20f547c4380",616830766
"f08001f2590d7b734467c58b",498359684
"f083a8f187e2227696695ee1",666045011
"f084bfc530f4039f6631537b",799033269
"f0862f57dd6be5e7659c65ba",575391322
"f08a5c2992cfee4c0910f68c",873190461
"f09bb33b65b5ebb8fffc3a21",1156344366
"f0a8fb06fcdf8997bcdcb03d",646793479
"f0aa18bf86a36daeb59946e8",932338414
"f0ad965090221d2349e90d5c",1087032932
"f0ae62ce6eebc4d07415c48d",847575944
"f0b2a0602bb5a83f0827ac75",874212923
"f0c7ecd3b2261873d3664748",809956810
"f0cb484eb3f6e04b5b1806ab",633344063
"f0ce47907c3c30b6b5e990b1",770708410
"f0e68102ff84f49d90fe38f4",442097231
"f0e8b39d2e4644dade9d8954",885706634
"f0ebddf2bd5aac661e4945ce",659541532
"f0ec99c13c61e89310ca9b8a",594612626
"f0efda3f7fb18af1b44d6aa5",988045849
"f0f883c45e8470e74280e8ca",861460720
"f0f8e755058d48542b9cc4e3",785052597
"f0f9bedbcb57383511805d17",640276556
"f0fb8232343d235741a20586",1101470998
"f10e210fc04e3fb073568323",665618153
"f11137d27a5d7fa57f94e97f",886626816
"f11d7627e2f18c9a75595501",959147539
"f123231ff18912a3dfd7cae7",438483215
"f126c4b36c00d0ca11c21a2d",592698945
"f1319a9332946bd68db250c2",487721504
"f13d8f4b2e3114d71e5ed941",805553008
"f13f72c1cb469db92b25c2fb",1201908865
"f14b11d270282b317d9cbadc",673770310
"f1582fc47e7b8c0eb0cc9949",731298842
"f15ae83fbc4e4ee3f646b4c9",592884958
"f15c6403c6d4e3676a607780",470848717
"f15f48d4cf4f85a3cd68dfa3",521431758
"f164514211012e3a1686b148",535541155
"f1793973b462cdbffb1ad648",805598337
"f17c8b14e56a76ea84a45fd6",1246626241
"f181f74e96a93820a23bc0a0",519087419
"f183e3651c485e0001e64880",742233950
"f1a4afc2e543ce4260f1d781",1145620289
"f1a5856ba56e7b12cbb9459b",400062136
"f1a7fa5dc1996591ff97a34e",702819553
"f1a8f09837660445961375c1",1213767989
"f1a924badef699637ea8fcc2",574153947
"f1b30c4ea99f19a81d12f73b",1287241174
"f1b7ae24195b4414e6d6a001",940129907
"f1bc08407f40396c094e0499",1040144426
"f1c8da86597a427e24dcd557",912469754
"f1cb3c0b97ae1c6819fb86e0",1222369144
"f1d76d78f9266d9552bb86f2",588708114
"f1da5388b772159ec90c3210",1239053916
"f1e38e53ddb8a9d5b641d934",902928165
"f1e7a0c7804083963b5b6de6",444111530
"f1e9676bc91a76740f4e9b0e",799089622
"f1ef14babbc4123c5157eb9e",821688479
"f203b18854b75c4564d7a17d",878834847
"f20a7f264a8285a75dacdc1d",1033530666
"f21625fb82740d6f4cf1c325",463242033
"f21d2c0802e3858d493c1984",1101272564
"f221dd5d745def063eeb7258",699852846
"f22ae3d17c92427f5227cbf7",425018742
"f22d6cc8c9611a7c23fa8969",856900218
"f2387712fa17435f56d7b102",455303759
"f239b7fe0de40d208c01c45d",813802281
"f23b32fa4894b6d59f73c151",922581619
"f2409d037bc8b3e63ca69fd7",708220764
"f258fdece395f0c4f4da6a96",692011880
"f25b2ce0d988bf5490fd780a",435029232
"f25f5df33f25576f805a95b5",906733363
"f26c2bb4d5787541e9c36463",1046766236
"f26c43f2304c8c694c818a9b",562984836
"f270dfd9ef449a02b6d7ae2e",629727740
"f27397321c007765244e56e3",920195619
"f28514aa4d6ffa36104411c7",650837505
"f2a4f5010f3da37e27505ece",586897884
"f2b67c40a560af8729bc6072",572503646
"f2ba4a7a0765c3ce737b5c81",813209541
"f2ba7982bed03cac394ef87a",613111718
"f2bfe55b6188070fc5c3f59e",1121496868
"f2c86c1edac4eec6c01ec11d",541297830
"f2c87b07466aad7328b7e0b0",930612789
"f2d4c1faeb7694370bc65ec2",512461465
"f2e0163fa07f89820739dfcf",1015357650
"f2ec3a3598c99bb8c38cd680",412870627
"f2eca7e3226f625807f7d6be",1288923202
"f2f43244cda8e2f5219f3db8",533251262
"f2f4e6cbafe527b155707f01",1048909357
"f2fa898e1bcccbdb92dd91e9",815760006
"f2fce80439462bb9231d7fba",472692197
"f304bc9e9edfc24eeeb720d5",918540803
"f309733881a4f89d9c8a8958",816090786
"f3270f2ccbcccf3046346809",913458104
"f3293c4064d71f9322ca97b2",973453431
"f32a3b542efba398907ec912",542561945
"f32a7d08d176bf9177dbcab1",621470628
"f32ea78bc5ea15d700d3c118",836333230
"f336d60e41c8bfee91d58728",485590537
"f340405bd7f2c4bf524c50d9",589640945
"f3478cf008a7ad268a434ba3",618287287
"f34a38cdec7eb598e55fa41e",725449354
"f34ff57e272cd08056e6a243",745002821
"f3523e0626df8cea803ead0f",434852280
"f35538e95b4a567f9b834034",889518212
"f359afc7bb50cf6a61ac63d6",451085264
"f35f884365b1bf6fb303d7b5",429643023
"f36031f3a3f77a3fcad337aa",665383121
"f361109d06f6609c16724b39",550992760
"f36a379e0149d4800e793001",661152220
"f36bb15462fb29f80b127458",1048909357
"f37c9693e058492ec3715de9",642783533
"f37d31c512866b575780c4b7",1072074138
"f388112376e68ccb2290074b",878834847
"f3962b552d34eb8bf38b4763",1080259056
"f3986309e4fc4cde2b5feed9",1070020192
"f3a1bbe01d265470a2d7332a",432310995
"f3a6132006d54d0e22a17e84",874307533
"f3bb60434cb36fcdfe218478",471337938
"f3bf0be37be6292ba0a8736b",948865509
"f3c8cf1fbbd6cced1fba0930",576829717
"f3d82ce1c6fac06e4997f7ba",506314940
"f3d94d0616744b87ff139533",486806804
"f3dbdb2b69017cfa026ee18b",809226615
"f3dd24a17ea51b7a2b0f037e",623154071
"f3dea3d678d959aaf6b2849f",1309326321
"f3e2fddf1dbb400788a5517d",858945335
"f4022026c279a9b77a894ee2",654866390
"f403b20cb52d4ad3f9469ee7",605556509
"f404deec9ec16a8460397815",621982807
"f406c9c3c92e9b31310a50ec",607709721
"f409c701e200046f574f4e06",556474169
"f40a182d82c489f55c64ab7b",869585106
"f40acdcf5cb9925c09c9df7a",867013676
"f40defb11ff73ba4e3db7611",1094154409
"f415c2bc1bc0fdca091285cf",1191083626
"f418efb887a15127cf2563b1",514738435
"f424ca724e7df1c37ed78aa9",781776972
"f426c41d6d8bc99f359f480c",466692855
"f42a53a05dc90e617e0e4c38",455052789
"f42b6680baf774d27fdf1e48",532817152
"f4311c45516bafcfe8864c70",741491216
"f433278518a80c3301f26cfa",813552808
"f4350916cbddd5a544c6ae46",409063871
"f43c684b789900c58c8b5fd4",552990484
"f44362b932a8b70ad4b99a29",474719548
"f44726680d0c594a2d430bbb",699861052
"f44d035ea2b15b2c69d4da50",833985576
"f45161bb79292e974dc88b5c",436664343
"f45234a3f0aceb12341be024",952221048
"f45dfcffe189327cb0d303f2",757908103
"f45e3be8500d7bd91cc8855a",430104399
"f4635193372f669612744011",1196261274
"f4658aee77fa0e35a71da7f1",618482150
"f46d46ccc7fc415433e471e4",434806676
"f46f5e911c6c595efb5b7ab5",714222729
"f47c64c8ee69e744e654d4b9",682641595
"f487761a658a4247563faa38",690303811
"f4897a8a0a911a2acfb8e8c7",1049025204
"f48e503ebd3908838c1f2ae6",564656254
"f48fb9d9c42b0ebee72cfcaa",483511317
"f49045b312d12268eefedcba",587703098
"f499c1513abf0b05aa1f460e",1216674543
"f4a6ec71ad7790df9578324f",487034363
"f4b1645da3f4286e39f2fe4a",674207435
"f4beded3c5ed9fd6cd5177c0",618156064
"f4c118396d781c140d8c9b08",458669397
"f4c6c3210a3c2eb935c6d5bb",1025727762
"f4c7cc4a249ae7037aa0b35e",670005526
"f4cdf3ff86fe70fae3e59f4c",622707882
"f4ce15aaa352d707b68cf773",567861174
"f4cf541f02d99ea1851b9f12",501858161
"f4d53276bdb5899c6f059c67",850416260
"f4d6ce332121f814aa663fca",643480083
"f4da2c8dd901cca9cdd51025",620752103
"f4dc67569fd340be3dc592d5",475606070
"f4df4ad4366bd794594c111f",979708132
"f4e0fa1172c1d4b70b6c4d73",473869568
"f4e646df504728ee1e6ad0d8",458329532
"f4ea9c80fe71a1bd0b692475",940017126
"f4eca80958b7a22922b0efa1",538998765
"f4ecb15ef992a677e8b4fee7",803687013
"f4ed8924f5d1a3e6374715aa",567861174
"f4f6e48b618064ced466c302",429618640
"f4f7bd9d03eecf35e9f37619",806778744
"f4fc081a112f5ee1b3a09e70",622095541
"f4fc2da675d6a2583054fc56",471272089
"f4fc67d9b9c6078003f9af35",776090233
"f5006b435fc92111d55c0603",385308547
"f50941445773dd62e87e0416",1099998155
"f50a72cfa82f3742189b7fc0",941033211
"f50e0ea2c3831235704b8c72",465638111
"f51000446ab65417942e535d",665628162
"f512fde4fa3f1f7fe885de83",789881985
"f51658b9fea670bd943d6db7",884718959
"f51a78ac4b03665561552b0a",816272426
"f51fce25d8376d48fbe73a43",454427795
"f520fd12dd3ed32ba78d357b",790462960
"f52226b24ca3d5b04b7cfcde",1063096933
"f52ce56f20251f018d7864e0",554399774
"f53efb47de2bca5912ad7517",683911149
"f53fe605b0a2857cf3facf73",708047014
"f5418917530b72c9fea14f66",466968903
"f548ef815603ec44f4629a60",1039562148
"f54c16df774e70d49355cf4c",464384034
"f54d358d26af89636906f686",1256670062
"f54dbd8f0aa752f79c581e5c",1057955094
"f550bc7ab5992a6fb48eb60a",1191284865
"f5534949a53bef05de31b07e",555980352
"f563f0899884de7f9bdab405",644975431
"f566603aacc78da47a283804",858568702
"f56bca5bebfc765162c8cae0",1035451942
"f56d8f5cfaca0691c6ffbe00",647879627
"f571f85be35a72b2ac358d27",559669322
"f5741fdd9f509d3bb02e35bc",834502613
"f57cab248d2d832725d78135",508583534
"f5802200af1d28eb48466c1d",474443226
"f58528d3ddce3bc6c71bfce9",749873867
"f5896513d1cb044108d23785",1339670381
"f591597c9a1ddd9852eb3cfd",1082721299
"f59686ef2740247394547078",1004403652
"f59b9c03bcd4e0e06d23fb47",716798603
"f59ed9b8ef1726f1a55a4dc3",547501233
"f5acbf43add5776430d8d4a9",787334195
"f5add08cb615eb18b3153bf2",1025995832
"f5b0b51ed49be034c290efd2",869826128
"f5b9cbae30356fb3a1d005c6",980444259
"f5c79a564600bcad99c74f03",441163424
"f5c866d489889ab2f124799c",922755972
"f5d529ff6a35fa78ab14de21",522515085
"f5d852e25d51377686c43bc8",570899713
"f5d9d8082e7652e97973e0e4",1102787541
"f5dbd7dcf63b08f711561e58",883470868
"f5dcdfdcc8f414cb7a38309f",660958486
"f5e7ab7c2edf566fa22501b9",1161862427
"f5ee97750fd4e04eafa9d1d7",766446115
"f6013cab49ef9188aaf87972",1058777637
"f60d9f0751a14efe41be383b",535312631
"f6173e36f95ad05b8e94321b",910763300
"f6252e878aef5f8a641c3d6e",574293182
"f63608198bfcc858abe1ab0a",746281756
"f637a4885488bbd499199148",864898820
"f640753edfd8fb1a995f1de1",501540430
"f640eb21bdbb9369acc4e863",473272081
"f64d4e029592761bee698958",461418605
"f64f642775ed2c9f45aff215",520025144
"f6503aab62a68ca16eba3fec",1225017246
"f651cc17b051c962e4124795",877911818
"f6544a1c169aafe6c8142907",1182453990
"f655ec98cd42b0bf2d7cfbfe",685475192
"f660a48b0eb17e98dd77c0bc",624112121
"f665a58fa8eda69547c1a159",809956810
"f66bad2cd4b09ac29f540f63",794785553
"f67028acda5ecaa4c8781ba6",715238212
"f677c51266f5ada9e23f20eb",392693355
"f68b7dfd0579838324895097",1165278451
"f69962045e9aea6b8200888c",460755112
"f69aa18a64d8b8494fd9fe3f",413784257
"f69e25355ce3887bb1078fef",636674377
"f6a12c0f02fcff1be042ed0e",811552107
"f6a5c88d1bca87c1e89d8084",1241274572
"f6b405af32c398147475dc9b",650450432
"f6c1705a83c039f7a7d46255",820239784
"f6c6eb3fac9658c4951c4222",522259051
"f6c6ee12e338b1f9730b6e2c",445485780
"f6c990e406b3756ee39b3b30",465168020
"f6ce37c42fad91fce47758aa",417644182
"f6d2d31af94a6a73912dd9f5",979072637
"f6d3f7e963c9aa1783b3adab",672807312
"f6e1752b9f4a0a3c8573910a",691493090
"f6e74a4b1e026352e5759b2e",811971784
"f6f4a467f40bace72ecff598",1138650742
"f6faf74c3f4e02a6b333b7af",896850595
"f6fc3807b54d8c69459c4f64",538935831
"f70ac0d227db6f5333aa821e",656767549
"f7101a05db93cbefd6a3b31f",426253936
"f719b387fac4f688b57dc646",1157219061
"f71d2bca0c5fe2720a1544c4",510162817
"f7216fd19f41ca5ea66a9169",474360015
"f725f6ebcc3fdeed22bee385",569439826
"f727924f0f35ec9fb58d0c31",426359420
"f72992cff50931d2e19b3ccd",680963217
"f72cc14d79ce15491a96ddfe",1038136447
"f72e2f6cfbd32d97bbff3ac5",642613878
"f72fb486fae49fc1de1fdcfd",1057958830
"f7399e57df358ae7adc9e08f",659609463
"f73f720abdfe4b5adfa2bcda",643093248
"f74eed3a7dad1bd8d92854d0",715444743
"f75009356c700f7da7106cc7",613555431
"f759f71e444c16a59187a067",827330373
"f770b66579bf2b55a714c43a",811353815
"f776a4e0c8c82b3d29756b34",1068588866
"f778fa43c92344cfbd700432",642995194
"f781bb1ed340e08b23258ceb",451452142
"f7847aaf1491103fd931aa5b",1285132308
"f78886545677e19e472fd0c4",525055501
"f788ac4a8b2a6dc11c458c90",735047036
"f7959842378c94c9f620f561",674862354
"f7972b1936c6d9e95d3f632b",744145785
"f798e7105aa8aa66750a2c85",914196749
"f79f0c23b5cb96b5d022582c",546964579
"f7a7281a19733251134364fc",889724347
"f7a79e1211fc72e06a3a82b6",1077168960
"f7b7e298ca8fb75e11e92999",501603012
"f7d11c2601959921f536f804",746176153
"f7de22825945329521642f49",590350409
"f7e5bf5b0f6157ed1f604d37",402216722
"f7ea437311c0d217b0d572b2",459573523
"f7ee7282cb9edc77740f392b",1113904604
"f7f00e13da4910d724aba4f6",546663581
"f7f46ac9158f0a1edd01709e",1048070232
"f7f8607535159c82dbfc6c14",421779438
"f802b026db4bf9d68cf00b16",404817262
"f80b20e0649dcf1c16003255",479264361
"f80b9e8c51cd71c5be281652",418875537
"f80eace37237614562f942aa",780750607
"f81107599bc083fec4a13ca3",952857360
"f815ec1a63e980717c9c3290",534248107
"f8189811dc639d760937df95",558820777
"f81aa0f575dbbacdbdc681f9",512396902
"f8232717e74332384075dde8",419034248
"f823f6d95b4340e8e4dd0d57",607654968
"f8243b7b679dfe8303180d73",1137619226
"f8263893418eb0752dae48f3",421870187
"f82adf71d17c261b41a5231a",753084150
"f82e1c70884ee1285e1bc491",432215483
"f839de5370a225ff993f5b2e",623739786
"f83f29f28978d7dd76cf5942",823382635
"f842221d74340270e757fd41",804532679
"f844345b6224bc76bc3c6f91",475799730
"f849ad486e84a82190675b89",801713378
"f849dfccaa8163d24ed935e2",969787976
"f851b02d18e74610a900bf14",1038142725
"f852e0f3fb8563ea6918164f",1149044845
"f855725acc115bbbf03bacec",1208612525
"f85d09bb2ea40bd4b68465da",1055581183
"f865411c20924c43a080794a",917802635
"f865cd15368fefd8c9d6aabf",823251425
"f86ab537a2f5d8c2b223574c",784668542
"f86e80b2a831572b85b04e55",602983188
"f872f224d2af413cd104f24d",1046766236
"f8731413b0d976c03b7e05ca",1067163480
"f87c76eb5071c5b309e3ac3a",439797240
"f87f8003f15b0fbc12609514",553211094
"f884247fa6414f384480bf38",564043669
"f88bade1cb7ee0fa643f31ad",627492106
"f88bb9c5a471504c13d3616c",459334505
"f8948886cb4cb018eca25d19",481119758
"f8bb20be599b79cbe29f36cb",1118161015
"f8be64dc83c5923983fbb770",785349491
"f8bf37a8f81a310e299385a5",621082839
"f8c787390e4c6d2e99fc7c3d",612543710
"f8ccd21343b112d8f9e7123c",808391407
"f8d4ec209ad5fa5ba4a68e56",519951164
"f8d64df401009704c152bcb6",479012474
"f8dc73052c66ab334cb7be14",711950921
"f8e25b7d7e93c45df1b3a4c5",1137835890
"f8f217756d32f31faa784c2f",764871560
"f8fad48343ee5134dbae918f",440247365
"f8fb6d1b0dafc28920393dab",891615737
"f900f7a9c5e2ea51689e8992",1048313769
"f9038f7e24e0a29bd9f3e24d",824134720
"f908e1de4c4be0d77411a998",731045172
"f90efcbfcafe544674c02586",753044203
"f90fd39477c8da38e33ba0fb",787285234
"f9158cf51f5e9f644349a774",450146396
"f91cc2e5edcbb704c293084a",1240194361
"f923bfcb8cdb543c23bafd52",680911365
"f925a05397ca6163230f7ad1",598667762
"f927027bc766ae6c111fb685",392867108
"f92935374a7ef86314223c5b",918840314
"f92f4d135119fa88994929ec",1031813254
"f9379319f992cbadc43b9189",751517301
"f939b7271c4d399a5e647f8f",781441232
"f9402b785deedebd3ddbce6e",681236015
"f943cfd29effc9c048b8e106",753044203
"f952c40e24c9df4ab2d62017",808192355
"f967aa89a4440cc1c44bdc54",441145332
"f967ad5e086f485c27f09990",1071837195
"f968e756cbe6504fa0f32458",1104407255
"f9718594fa52500c16e3cd71",835281467
"f976ec33e004b2d4d32c2eb2",448950524
"f9793063f561dc76c0b49a9d",1000055925
"f9796e9d13fe1becef435e54",1107916088
"f9798cc6285c9fb3ed7cb668",731324582
"f984d34c8f27e3cdb7c2a44a",863276774
"f995364cc33c431b3c93db45",626849510
"f99adfe85d32b0a66f4d483a",775992130
"f99bdff027d28ceca0caacd1",812443444
"f9a136d7944cb7768b598a88",586478365
"f9a802cbc802d49a087cf23e",1369291891
"f9acdd3fa50068bc0180d008",526545320
"f9b0a27bd3619ae88ffe5455",849499889
"f9bca38d3e08176649504e74",660105991
"f9c11e980254045d7478f273",936206070
"f9c133f7a12f2b8c1b2beedc",668600936
"f9cc6760b1112ce5197bf399",641170720
"f9ce5b7edb104d4e8407a344",535889206
"f9e6a759b069e04b0cbf0182",710785084
"f9e7582dd99d36bfada56249",932338414
"f9ef8fcf24d28ce11e71d758",1084657977
"f9f5fa4ad495197a5c9b492c",407546856
"fa00e05d83ee890a38c3a686",817599065
"fa0aa00078cc178de0cc7d96",749863721
"fa1533051ea4145f7f710ed9",483832832
"fa29c89363ac9cb59667a43d",741469005
"fa2c1092f17ce021964f8953",772643237
"fa2c5c19c86087f207c379ab",677681925
"fa3017d74586eb4c3b5b7db9",469181073
"fa3ee96e6b6ffdfd00aa335e",1261361932
"fa4028ad48fb2082d167989d",552541664
"fa4af69aa064a4306cb110d0",597225776
"fa4f331f05b1488990a69ec8",1069980092
"fa4fd8380dd2620c672facc5",643160077
"fa5234ddf23dd0d9cbd3cac2",500986819
"fa56058283c975be76d7c990",758664828
"fa57f96bc6affd285d10c4f9",377633216
"fa5c81237a94f2f78f05977d",1092525536
"fa631a714774fc22ca15ec10",1046944991
"fa653848d69ce620a41a73ac",1051409182
"fa6db64bd7cd8b0f1c0e2453",947600405
"fa6e53a7107c0e33e3d505d1",872861148
"fa70a55dd0e2053a1b566de1",386831102
"fa736ec3f2f066cba4328908",739969863
"fa74fbeb90bdaf8eb26f8329",739108193
"fa823373d2e7fc9443ebb6ff",656045215
"fa84c07cc90e2a2058b57c9e",744909619
"fa8f13da6d8be3bc1f05fcee",508830677
"fa908c8dd43fcbe9f721c0d5",1082504022
"fa926bec03068764c8545d41",612601371
"fa9dec2129f7218b4c4d4b35",858628796
"faa204421a94ef95b79eddf6",764871560
"faa37a79a1d72e4b8b0c80a6",885585039
"faa72370e4c7718964930805",624563191
"faae4324336f1211ce4c7809",661682528
"fab91f0b03598c943fa425dd",650191029
"fabd2201750747891eb6af77",1085076303
"fabe0f299a4e4bc6f51d54b9",690129108
"fac4f0bee67523194fd4312f",546686227
"fac651cf404a58f24dc7d286",1314235549
"fac682b61b813044a3e3ad01",880624136
"fad033a3c81708df7b6ee73d",858812839
"fad4ecc419fb64b3f77971ad",549795531
"fae37ecd6046e53ea121b1c6",745593520
"fae53fba5d405b2e6a3abf01",384303553
"fae649fc7256b9a3ec036583",625388873
"faed63c1287896e97987c4c9",816577859
"faedbe92e3296977872a4aeb",1313096146
"faee4c33e892029b79b63742",879807406
"faee80ca0efce20e731823bb",838496283
"faf872c4bca132b52dec368c",771530681
"faf92fbca9baf8cce4a00063",620800284
"faf9f8aa50d936c1465e880c",839301783
"fafaa5dcf66d22bff322c72e",459472462
"fb01d990afd25ef96ed048da",996538079
"fb0664d59b6333ae1861f343",822672090
"fb06aae0e711d628b16eb910",823083402
"fb0dbfeedbab00cdc7eb93ee",768662736
"fb10f3b45e865b4626f65ddf",1039074460
"fb14ddcaa459b49a3b30eb3a",918003712
"fb338e93dda9159476b8382c",441338961
"fb39ca089d05381b3a7ba847",412571083
"fb3d29813052141c015669c2",666425215
"fb50f2f13a30fccc3903577e",1040388897
"fb63e870ceb7ff355299f3da",777502932
"fb672b4cb1b66f2022f36a40",985160860
"fb7048ba61e9e6b1de829bdf",779423743
"fb7154b2dfd2a48c13ef70cc",957515422
"fb72b8e0457c0199e158e599",844081846
"fb76da6072bea5801e407990",463952213
"fb7bd85c05cd74d945d22de0",469864431
"fb82175fad61a81e9b665fd3",1124550579
"fb8aa6b6c5d2499d404f3f73",692629937
"fb9371f86ca6f4e62ae374c3",485668114
"fba35c04cfb7b6db50cbb57b",866507185
"fba6203abad5f4b3b721f29e",522689530
"fba83f5feea2522888377066",395704081
"fba946e4ceea37176170835b",494080638
"fba9ae05a6a8a9e0c6268a9f",492914419
"fbaf74ce4c2c6e88950d3fdb",977720642
"fbb0a76f05908c118f7a3df6",457225791
"fbb89795386c14f5088fccdc",809219014
"fbd613ac06b6bf20d76822db",588765132
"fbdb9caee4455e99259cf921",468284619
"fbe3b74f9e11c829d4dc69d3",1040388897
"fbe555f6bd0edc1bc950d9ea",1120862604
"fbf8b0f1159e89428778c847",537755468
"fc0572d7185e132770c3bad7",784668542
"fc16776abc877decb82a5954",1118872144
"fc174b19baedc11f78b647d2",955792456
"fc17f35d300be9680971f95b",659085606
"fc1b713d5605b0030421d5a2",985952646
"fc25df25f4151a16cf0c90f8",1192010461
"fc2ac43013ba8ab17da28041",1016122410
"fc2ceba651bc629e7f690849",811552107
"fc2f58cc289d29fffe8a5fe0",929140879
"fc321e2d9b4e954e80805be2",704435978
"fc43df7f26644fa464ecb090",521125692
"fc57fa9bbc16d1b8106c2c70",1071342308
"fc5e8e45dd0a338ab5835428",794194671
"fc5f41aad1b4bdcbd8298037",622306429
"fc64387d7c3c91a6e6e876ab",665094575
"fc65a77fbdd07fb490ad870e",773655992
"fc6616c62030a53d2aa46b12",760272574
"fc72e535900c592d6053b806",970524923
"fc72ebf9381496067101da61",449337199
"fc762d2d172737cabbdfcc75",813310881
"fc7e93bffb7fbbdebebfaa2c",1128859032
"fc7ecefb27bbb5c3e25e899f",433530593
"fc815b59cce7934f816f0502",895904230
"fc8836e71725949c5f3fa7f7",1287241174
"fc9151dd6f8850502c747bab",790736765
"fc9fb2f209a4b5e66f89712b",726629330
"fca1c40a338288036b1eb25c",1185867318
"fca3a0fe5db369235960d285",451452142
"fca6d7455056792cd61e2ddf",486185414
"fcaddcc78938f3a234dd2d3f",422250632
"fcc4c878af8bdbda6e1fc86d",1026787269
"fcc6c3c10bb52776accaf06f",624980387
"fcc96840d952d32a7300366c",475185575
"fcd7c10d81aff25d9233214d",503288055
"fcdbfb9e15352cf210cce7cd",739817603
"fce26c7fbf0bc93937ea5198",637872118
"fce385656705a8f4389cbb6a",816838450
"fce89a9ffaba32f9f7c5895d",1069980092
"fcefb2186b13c8bc39b17915",843557364
"fcf46edf6d612ff1f5ed6134",865875513
"fcf79745f8cd716d3ff9d27b",664844164
"fcfa51e5eec6829b9f4f2c59",419514627
"fcfd6f08490be39064aae41c",490742387
"fd0c010fa0c4b84dc75ede86",942716748
"fd0f6c0b5234ec1f6c7d1fd8",769226516
"fd1431e595693fac0406151d",428321669
"fd15189b99da46b098a949e6",608281499
"fd19e1b2e61f5efde879f6dd",975349481
"fd20cc372715855081e24eae",1090634012
"fd26da8e62b5d1155962f0c5",696997504
"fd2dcbcb8a31e97f31d22a53",885647581
"fd2efcb61008dc9d11756381",872861148
"fd36cffb856c2a14982a5fa9",582862952
"fd41747287a480d5c4dcb56d",1035451942
"fd45b984efcdb0b434033fd9",436236371
"fd4ce3ddaf79d1b97043ce0b",1077287929
"fd5758238e7ec91e415779f7",936654495
"fd5793113661540ee34b8cb8",710227892
"fd5ba2795eb7b5fe338d6b4e",623664216
"fd6112c82d5808311b08e29f",713566621
"fd689e54d5c418dc9f2425e7",937352390
"fd6b2efe5da2c35058333bbf",748697933
"fd6e9c9ed7679485dfd0b022",882548028
"fd77ee8ca0551b5b614b40e1",1154059999
"fd7a48744bf966e417f34a51",1005111359
"fd7b741b96080ca5b964cac4",1028207591
"fd7f194d9929a6f28ea57cf4",463746156
"fd81506b0a00fab1ff680b64",640017919
"fd82c710aad91bc90af490fe",881377539
"fd8b9540f1e9da778d566d25",388636592
"fd8caba10cd4d1df27605358",530731171
"fd9ebf37acdbb0e4bffd2fb3",567809048
"fd9f78fb2d2f4d01e462bcea",1141700660
"fd9fda1abfcdd1066a177e14",600577757
"fda25a0b6b9f62f92e3ea6b8",863905784
"fda6cee77fbfbce6ec0eabdd",814175138
"fdad0c86eb89fe93633c8571",414395558
"fdb192e57e3e48f70a492b87",834020685
"fdb1cffa6b7346fde667d72c",439637234
"fdbc74fb5882051327b3caf8",550094885
"fdbe5801070756d1744211cc",723619240
"fdc00f6ebd155e84a387878c",452568933
"fdc28a68bf8a5bc86288b4c7",660955769
"fdcf0e439ae8b2ff5730680d",778468093
"fdd4b5fcf9ebadf96545038c",988045849
"fde3d4a4a819b1fa40530238",469627652
"fdf103976a39cc12f5effaa2",645688252
"fe004acdfad6ac6b00911ef0",637690514
"fe0182e1795e2b87eef4bf41",595829833
"fe2bf1f402addaf17a213030",649478682
"fe2f1459eb0a380dc31e3a4e",882593238
"fe368a7d2e09fe88b1b972e4",458303924
"fe409f9ea8d18c9d9ba4d02e",454418631
"fe483817d899e0044abc3787",819204977
"fe4a6d7d7ed28b85c5816fa2",873317427
"fe6c19c6f54606a611d412c8",419254106
"fe6c8cd2e792d62a4c324da5",464024606
"fe6fb32f623a9e3d5586a8d3",799614937
"fe8305e287f6a8e7899c9459",640032922
"fe8a10fb4031669a9b21c919",1032102966
"fe8a78de9ba7b59a112e0046",517750168
"fe8ab5495cae81b5478026a4",653490817
"fe8bcbd17b16ad023a202843",1192010461
"fe8e45caf7605fb91d6bc5f7",673092233
"fe96a7d758a874b1f0c42145",580751123
"fe9b6a82fcc3266ddcb3e36b",955792456
"fea142787b18327108ee8929",497751810
"fea5eb95dfad452d6786b042",460520077
"feade1f4b3b06fdc12ec213f",809793557
"feb3384733ed8feeedf9ce8b",926694799
"feb87029d5a2e8125e165bef",426461476
"febc9a1b054671445d756cec",679119295
"fec1212eae4e6369d5555d8c",816326630
"fed1a50c562ffd7f30451adf",728630318
"fed1a608e3c0f2b79cd02ebb",428391384
"fed2e1459e9ccc06943a05d1",1275629205
"fed8f3bf4a2d7a426901706c",684843928
"fedc2418db2353b7c97a260d",1089634309
"fede7e1a7a6f23338af6f40e",1162081444
"fedf2e30e390f5cf74b27e97",465007149
"feea3a2bd9f643219de51c46",531215198
"ff03a8cc833d067d439b9903",891615737
"ff058f978e97c389e7a31f6b",716271990
"ff143fed55f12a0105f9f88d",747860822
"ff1498465e4db86f4f652e87",539685656
"ff185be4fdbe3790c72d00cb",441926545
"ff188e88378c8e2abed8119e",684465632
"ff1a7adf260e637bf316812f",389685305
"ff228869121d053ca7bbe431",1078900707
"ff25ded6333278149f8fb68f",710840126
"ff27ae490bf03513b6bb386f",1191284865
"ff2897a56a0fd08996d19424",979452082
"ff28f1a1ea72e21acb157f08",1195877412
"ff29f12bbd7ac4b860909966",1104264515
"ff3696c808d4835d6c7cc9e3",897788838
"ff3b85eb538fb9a7dd03f459",393086725
"ff424474d2d10a2c2a1c1892",521775173
"ff46d9f7dd86b8bff7cc305c",516908469
"ff54bb34225682d25c551178",946885954
"ff56b24cf15289dc6d14800f",681918850
"ff5a27ffe7de039e65170f9e",728287447
"ff61104cbeb37f077c565fd1",481119758
"ff61abc1e7843e20b1bf8656",398812903
"ff6fa86afbf9da2aa8eb7991",607654968
"ff71037ec8e5a91aad6f0686",514898582
"ff7ebaf86962fd0ab6ff41f3",585123979
"ff83788b9f8db0297f6c0148",1033534693
"ff8e7294270343a00978dbc2",673621969
"ff9c4796bc3ef18ae7bb724e",1013238806
"ff9cb7bc0b972d4515ea3837",403893232
"ff9d1cf7bd90c5e47a0bba3f",428151812
"ffaca67ff9f0d7cbd5bbd295",1121952862
"ffad647e8ee35eaea6378fb6",772520629
"ffb510bd3f847f4ede255fbb",410373285
"ffbce3ccf241890ec95104e4",519430407
"ffbedc0873b99654d10188a3",382714542
"ffbf6a54fb00029ba24dd3ad",426024071
"ffc171cf73514bed077339a6",398213827
"ffc49242bb0edf3e22076501",1138145999
"ffcbce226963f10da8c53fd7",856901359
"ffce0b151f293cad0a6f770f",1338703636
"ffcf6794a400aba909383b41",941204925
"ffd3d51ecc85abff64258e1c",780750607
"ffd916080b1019827491de0b",950461508
"ffe653c61bf13df43fa22190",470789923
