"property_id","price"
"0006c9478f4e7edc53d84916",468205106
"00076c8f390d5dcccc133309",837879485
"001399d3861c5792ccb8b515",1047622608
"0016e35cfd881ee2e37b49b3",759595715
"001c03f6103d35389825b62e",708748867
"001d77bfb387bdf0b53e9e83",754241771
"001dbdd202e9908ee42713a8",982908828
"00304df33a3c9a7e396ddd3a",795301167
"0037d98f6ac46a86e36def45",665414890
"0038a3b703f4ec779bbcfe6b",465856177
"004776514ad269b380581066",443870396
"004c9da9ef1b3b5e309e475a",567872069
"00571815d5a7f208eb3e7737",1103454095
"00586a92b53f4a8f9f6b3022",748634650
"005ab848b35907e42aa0f4f2",1361998147
"0064cd1c55914cc8370a096f",423026182
"0083ef74db679d22463a1afe",634644235
"00858277a3cf4f31b8e3f738",585097935
"008c7a02d158f3b17ee8e015",463870598
"00a5133e7373eae3f0be8f2e",481154408
"00af33cff3ff7c6927306df4",622162068
"00ba709f184e70be13e5bf9b",648544719
"00bff9be2d524083e3b3149d",675214009
"00c1165df93a4cfe679f54e2",697059037
"00c75d59ed4777481a50cbd3",944298595
"00ce045307538da1b0bb7972",811365542
"00cea81b78d6007eb405d5b3",624009378
"00dd36caffef00fcde85b235",1065325226
"00dea98fbfbfeae74c513bb6",1233141648
"00e7c5894c739852052f566a",712840116
"00e80be4feb1e8593b7713fe",516871614
"00e9afbd1d27062a7bd40a3c",1193124737
"00eb120ba4410ed8efa24a8e",625273382
"00f2621035b1969d53f03fca",829193551
"00f5ba660a4fcf6ddb96220a",586037347
"00f6a62599f25ac506113149",969613217
"0100b3a412accebf6a3aa4b1",433444273
"01018b9796a105be650ec802",1026308030
"010e676743f6afc01fd0838b",1065299044
"011a6d0f12ba108ef15076b4",406911749
"011c2017b63235bf0ed3f241",453716373
"01230eede2a4a74ec4ee5105",823743038
"0123237414f757b9c3809f88",929000223
"012b8d616667a6dcece0dfaf",753705318
"013e2a07f94a99323b64d370",1097155680
"014799b9ef7d5244fb6640ff",1211821514
"0152ffa8757aaaf417e9f997",1034411796
"015d17895f32e2a8b616ca1b",700678016
"01636da0aa2bc223af023a13",661984589
"016bb199b12846ccb0b03191",806144248
"016dd08801ad1a1e7f6e695b",1318817447
"0172678cb0737e21a317eda4",410407115
"017487de3455d9f642a7fadc",847419052
"0181972aeb6bf451012a47c6",904322365
"0183b38955437e8d0128a013",1190165775
"019cd320e02a64ba3ba9a37d",758253050
"019f4a25794ef01294845b51",858269131
"01a5a230e8a808d844e64397",1161933561
"01abe3cfc94be46c1153c82d",883168179
"01afa737bcfa6b1ab530eb09",992423624
"01b78983d268b52137e5ac1b",448894753
"01b7bb1556b5c32df8f618cc",745696362
"01cac7d033166094ab9f87b0",747506505
"01cda25ee8545b9fe19717ed",1253691326
"01db5867a69f8ea7849d69e8",1353078192
"01e033f5bd502c4ad398ece7",556341083
"01e907d7672006fa2bba8b0f",453169211
"01e9c7531cf3c63c04b9189f",606911975
"01eb0a2c1033c30830161321",686617361
"01edceb6c5afc2af1e129e86",383339793
"01f6c99999c154461765f4c4",588954488
"01f855427cbe3eb51b38288f",820305079
"01f8b6799e2910f7769db175",864520211
"01fb5931cb55f5308382818e",1311223508
"01fe5add1e7df4b15dd73bc9",654599113
"020473766363019ee40d6685",825026273
"02060d2f56e979a61427f806",597897010
"02091877f01c926c350b013b",611944048
"020dfae44183c65b708727c7",475545430
"022357a3d48ea87d58ffb46e",461341793
"02259637b8ef1311c69d3d90",867172301
"02277f636716264116015dde",399314824
"0232a50c9afca03cbf4277c8",480496800
"024c5c787d005adbe770b9bf",547618152
"024d2e34a561efaf4811c17a",941019729
"024e94e72ae88464621539eb",782848820
"0252fcaf7bcde09274d34be5",806315371
"025a98586386211b1519f9be",469613011
"025b094e1ea7248f4aba72f0",403112248
"025d96090a8e5bd6f786e9b6",681330054
"026c6384ceba017c5f2cd66e",584881707
"0274166db611aabe4e946a83",517658303
"02779b92b2f9bafde0c75c11",644736508
"027947dd01dc991ffefc5082",423308139
"0283890ab76b10547b27e634",559850536
"02888257efaae858fdc7938e",645507423
"028adaf559a05c8882893767",856359523
"029224b78e8f358aa9c38e94",468505491
"02990998f3621fc5a3d0ee63",445742563
"02a0a38b45e1b196165b0098",685841334
"02a2ebb6eca5772e3526d78b",675005294
"02a9c37b3d92a6da473c6fbc",465189157
"02b47e60ab77588aff6cb433",474047950
"02c6e8c7f36a2c68851600c6",590453680
"02cb957c3db9ded3691a9004",714076405
"02ce5bc5d5d286a4cc0928f6",836818076
"02d598a32d864c289e3ba6b0",765306561
"02d5bac2567ee9e19041ad42",1289315499
"02d89daa77bb313328fe0c4e",493443514
"02e52d3895522d9be85c4544",546963114
"02e8811bff38125bcf8e1a6d",423325667
"02e89c055b7692dab024defc",479591597
"02e9b077d6cece81387fda35",810259962
"02ea72128a99862e9537718e",767814973
"02ed31afcba033953c79d95d",587887708
"02f6ffcfcdd3dbba94dd7b33",1034760382
"03025756be203027ab75aaae",477267646
"03243195c467c67e67a7823e",573910584
"0332c7ec0d3e547ec6d61664",859246115
"033307467830cb865a785e3e",612835024
"033521a46dae036839ad6c90",395046830
"033599f7e7ecd8d9c8cfba46",798022619
"033d3f8ff56907db4c453700",539045624
"03463535ae93b8b123eaba8b",686779074
"0349908483ce628a0a5fc164",1068605554
"034a30994bb2e0e446e35957",770991968
"0356797c1683d002bcd94899",859779233
"0357d0ee6e0646113ea543cf",637753562
"035c61042b7dbc7ef888d1a7",1390983395
"035d955df5a765531d1d0d07",883884038
"035de58d60807ee2c272ce82",1084328011
"035ea0f13f2ca01c902d5388",667335757
"036177aff84b1901e0f18759",517184357
"0367da7dc5374f1957a1b7f6",945945534
"036fc9e01b2b1e3ef4574372",726228111
"0379b6a001e4018c34e944da",675214009
"038272b33c075765464761e8",570365132
"038bb35043651579f443c481",895549940
"0391d158ab104c5cdba31872",720366595
"039a9029c4341b1528ca6b46",386829177
"03a84af05df0f577e09d60c1",578143805
"03ad99f1799f2a20c8cc0a50",701588325
"03aea1b6ff072f117ec733af",466198789
"03be8ec62dae56680beb2cf3",808575844
"03d54a6e80d48c96a7f6a1fa",510117258
"03de77e22e987fc3fed4eb78",730740099
"03eb8da7205428e61bfb2845",503435917
"03f518e2e5861002772345fd",396139898
"03fb5bfbc1895115a04e8116",851629331
"042bd2cfb2d33467149ece1e",919685346
"042ff73057dce4d92d383cf7",388519313
"04308f869d7c992ed3ea646a",774326946
"0449a82dd1667c8c564904f8",840191693
"044b8431b186eb022cf6fc24",540137705
"044e2daf937c0d8373f2e914",954803268
"045108344bf09b01b597e7ce",893510028
"0451f65828e628c2220df77f",816180045
"0460eacc73398bb95f0518e2",972725127
"0466a7e06b152c1860d44334",1064157410
"0468cf58f40372acb9d5fefa",938269452
"046aaa4162cd410e92b216d0",656838513
"047b0ded64dcae203a3015eb",609523281
"047f94605add5f6f84fc3f90",694516738
"048051ce9bf8f6a48e9451fd",1223038648
"0482cd89d767b3b7de976c3a",428149138
"0489a476b376f7f6efbc193b",412660530
"04a071d777e60627223e28d4",430694786
"04b28e63fbba92daf83865ba",927926464
"04bb7cdebb8b66e783058248",517329757
"04cc75f46642efb1192f1875",555385860
"04d77c8ade9a55fddd28b00c",832832147
"04e29dbe2175919265c82463",886730424
"04e337d3c692f3429d47aef4",814961459
"04e6a79dd3e4d8d17c8b5387",1336127764
"04eb0b590ce7483c615b043b",747079934
"04ece9352b3810031f3f9a90",709890709
"04f0fd25e2456759753bd2bc",666884534
"04f968f1873a655fde8702f6",437976744
"04fe204d03bd1c9876242ccd",971369754
"05076b448cfbf9dede72904a",863896673
"0508cd7bd2c77ebb6fea1e56",618106792
"0509650d34981639b9c64a22",633858595
"05119815bd72ced29391ba87",967572355
"051416c05445860d5b4095e6",467018822
"0515734883eea12cdacb7aab",458767021
"051d68945b95562009d4029c",692028996
"052505ca8210e5e651fc0b63",879677349
"052957f95b6e7b41bc625009",974458362
"052c93502aa794e0574db9e9",649596336
"052d00805b2602cac76fed4d",592742208
"05308c4f3d0e0887e4a68a92",675214009
"05397b2087e5cf381809f169",526710246
"053d37bf1d988505b5e91809",681608934
"05402dd344c77623fa053ffa",785270127
"0545fc14aece3f37864ced2d",696752608
"05498e49d0b875ae6aaddd83",526245275
"054cd21c3b12f165bd520313",750110226
"0553a3aa7d961ada6dfcd52d",540346015
"055d5ab6b22d4d0ac325fe73",773221101
"055d7c66464d7e327711b497",690136574
"055e29f236bb61603d4ce9eb",967452055
"057585ba19d6144408d4e2da",531561344
"058265732a484ac8d5497f5c",555220263
"05858b1e4445f56f22e1f4bb",842571346
"0587e7e1f03af8ea6c46290e",687665838
"05926b977b5df59857194ec1",587909280
"059516a91f938d2e8fbcca0b",785508876
"059aaea3859c4b9662ab4df8",428908407
"059d77736dc72013de7767f1",529001639
"05a98feedbd3f422bf063112",834727925
"05aecff6fd8d866c6c157a9a",821432072
"05b12b1916e51a804419c654",471180164
"05b71daf88eff5ae8cf5789d",611614000
"05bbd028f30492fc0a9f35d0",602515097
"05bcc7d7db8d352216a4af59",857197576
"05c47739fa4c4f00285a2c48",1191248871
"05d1c33ea8c89ded7391ea92",608574473
"05d9818d3f9f2a5c358d3911",1029369435
"05db9fc492801eac98f69c7e",424768720
"05e06a93e9f01dd3984a85ab",521919802
"05e8878bcb68d03e3b656eb3",815452732
"05f79195e285c126125d258c",724842944
"060451a9e3e0416ff41d253d",688471232
"061386497cc2dede3ea70b1e",548932806
"0616401503f2ebc05af7ce4f",444162124
"061d3fd39da1b4b1397054c1",682026346
"06220a42e68510eccb4d790d",507537839
"062b36cb4a87cec372f9f91d",868134003
"062d5544f5c96db90fa3a526",936585629
"062efee92601be294d7346a1",666206838
"063e53d45e5e7945f1f10fc2",821733188
"0648a4bd7ca088f4b3834401",943079154
"0648aae13097ac649fe714b9",877412173
"064c1cd5e94efdf8c7262fec",856206214
"0668a4a4521c783a2d817413",809872561
"0669fb98aed75d79f8decb7f",849398750
"066f1b68f7c053a196662fe0",900874930
"0685f2225b939147c8482e6f",433627774
"069499abc4e393fe540777b4",413078312
"069798704327652a899a189d",576342218
"069c529aaef7d7e0774c4a66",750866994
"069ddc5d1f3c855e6498ac50",442346835
"069fb1f8d0f06ac2fee87314",650541086
"06a2efde5244f7d653ddfb8e",619909289
"06a5364639452a9d663a2dbc",444239237
"06acca3d0ef4685dc055ffa5",390865449
"06b90d41ad3ce1d0d389fea9",640983355
"06baade01a74972cc4a419ec",696752608
"06bbc353bf62fda3b3786fd0",682203983
"06bfbccfb3ec0b1f65f4b351",928790866
"06c1673c4a7444e7aa80abb7",423665613
"06ca01d3ff86406e896b6fa6",809213065
"06ccfa37fa6b011ac38422de",433602996
"06d33fff99a62c330ef2d585",599749901
"06e350e3c733e5a0afb613cb",601561726
"06e59cc783be86bd145a56c6",939180648
"06e91b526821a6ad1372fc44",382138637
"06ee1d8f3ea326a0e3a9791d",709198841
"06f22f7a8e4e78f45ae81638",684249232
"070062cd1c769f3be9255af1",1084328011
"070543b03770991d65cc337f",930554251
"0706ce398b2bd64913e68d39",1003056363
"070912b7e5fb205918c1f4a3",409295010
"071f284d07719a3517c55567",817132725
"07284e4caec09fbbb16adf2f",1178130903
"072a6f084d31a5a4be4060dc",914473970
"072efeafd082025bbc5a25e5",701661417
"073a3ae443f3333f0f526f7e",769722708
"073fccba71b28afd815be434",623848122
"07412230b931192771072334",754879790
"07481a101afc1d5db45245df",645479140
"075a5474294e25da55373a09",404286017
"075b5c16441d9d67cf638386",438681117
"075be16d8d9ed6831d139b2e",733494637
"0761d0b7c6e319a75b06d420",480240163
"07641db461323a5cfcda4f98",493942465
"0768e70fbda0e09b88c1548a",497952248
"076ccba20dac8bfcf184b8a8",724947256
"076ceb408227ab2563a663d0",382019615
"0775d831f68b88ca59eb871d",943212857
"077659c14c3cebbe192f8247",1126091402
"077db8e0877b924d1b57ab1e",515298420
"078144699729ee0c46f36123",1052926112
"078f7c6532204fe046b13d14",895615647
"0798af235e9926b1e7e4642d",601473420
"079bc331430e94ee76f8097e",814272369
"07a6da2c9c4833ee4cbe8625",727004173
"07b7ba964a8e30dc16d66443",1207151119
"07bd45129563bd2fd974deeb",415353778
"07c46b493733d74c4f384b79",612288976
"07c753474a847bf2bccd55b7",661707757
"07c8af84608e6c9206ad6961",626472899
"07cd866c871333283ecb2d23",767627307
"07ce6f95a7719abc9a204b6d",813622435
"07d1137c1f0aaecbbad32f7b",606638241
"07dd30f04c5953f325df9aad",893510028
"07de14db9dcc2d4f9eac0dd2",1371837169
"07e76c765d1137cdd7c2ff53",445367581
"07edd16680605925192efcf1",724539335
"07f10df13b244dc33b464582",782848820
"07f24808e42c9e11a7c20232",663816804
"07f4aa9b9ff5b0b05d31e6c0",950078642
"07f9017eb4b8c169eb9de536",1173746778
"07fa1ad76017843232107517",1084328011
"0802b7e10706252dab8db909",756815911
"0803ef3270948a30b3fee2f0",488842693
"080969c751cb94822aeeb755",396006674
"080df3efe1fe81f97e74c4c9",429377610
"0816f29a68aa35abd5978e7c",721899798
"081bbc273db70f1d2cc84ed2",738034966
"081e008e772c6a79b809a87b",715525873
"0821109831351eb2501e362b",1055359822
"0821fde7debf7cc445434024",415080081
"082293a465231208059c5d53",505570572
"0823b0dc92805ab05d3f8650",1265780954
"0823be832fff81b3f1291859",408148636
"0825f2ca4baf5b34231ecfd2",1070513488
"0838d0df248d723da4e25ea9",687621289
"083f05fe52ab15e8d481ad41",1075300457
"0842816a5ef4f24435c8df22",1088320415
"0842a0730545c623043b1d8e",815409449
"08451af5a81fd6a63c4012cd",582547084
"0845e73ae95dbd4aec3f1f43",594387088
"084de1226de9a6f4a6075c2d",549415961
"084de965e32a2a65bd3aff5f",649483592
"08513fe1cddb2cad74874a59",466807010
"086521dbe18727963538aa7b",800628222
"086540702ba0876c0c05c5d5",1055216374
"0867853879129bfb46dae700",941019729
"0872074f7bd512dbd4609c85",429190136
"0872198056be7edd5eff220c",870776680
"0878a639ab8e6b6e69a3df41",840737355
"0878fd8b66aeb22f6af2d7af",476507696
"087b564ba475edbea431d4e4",758289243
"087caf4bce7b0a3fe3c47dc6",566307451
"0880b703bf2064f59f2bf20f",631358604
"0890a0d20f33b9af2bfe488b",427614199
"089dc5de66c6c4132734b9c0",738484069
"08a82bb9fbe4b7abb50cece1",562990048
"08ad96681afa49c74721daad",654661901
"08b09c586530266c14e611f9",553911833
"08ba99aa6a8ee752209de6ae",655138461
"08bb88dabf0070f72a801a4b",799894662
"08c1db1e620e975c4d476b2c",443821037
"08c61259a756e617d976e8b8",801989613
"08d0615cff29645ee70e20e9",955575065
"08d4fa42a34c74c94db5080b",1086619904
"08d90f931e7e0a6f43c9d0e0",679091771
"08d9f04bc4ebdc74e9d80b16",999928338
"08db0ce5cd15db2404ff3d28",649877395
"08dbbd8d672fd09463c061a5",486903522
"08e1ad8d1f0be0287a395ef6",553166774
"08eaca41f26eb387b67bf30d",1159404835
"08ead1ac0b9b30c2a72db17f",1045394434
"08f1c136d5a456c0215ebea4",859644856
"08f35bfbfe1bd663c40d9e54",542673427
"08f6bf438980d55b35ce7537",1278050555
"08f74ad7f06f2c409903ddf9",709842826
"0901e845b6c56d4761377a09",586723185
"0906b6a88fb1eb0d7bfb6bb5",451669662
"090d371309090bf83b6fe0f1",726430006
"0913364c688d7375d0f7af5d",414463247
"091f6342ad934f4e7f84045d",1026835606
"092045750c36a8945c526a12",593654613
"0920b2df9df4f0e509a7efb5",511796617
"0922cc27581d9058e55a2239",496262595
"09254c66d93cbbf2675b775e",798865462
"092b7b5bafe25bf485de37a4",643129933
"0935e87627068206f6d9c0c4",584782437
"093a92c6846c924f88ba8750",1089113828
"093c849ad2bea8292c4d15f9",978678085
"094da6ca19427f1a943105f6",1171023952
"0952c73b02dd5432aebdf2c1",503077436
"09656004f0a7f544580958fb",1304918962
"096912698fd9a59d94935478",748056291
"097314d920292b46eab5dbc1",655106312
"09759befd8899fc1e359935f",855433948
"097a1a08a389439cc2c760f8",376746332
"098327587a877bd50df27551",558798581
"0996cb112fc3919564e87c37",1052476572
"099721566fdd0a32546fedbd",920995543
"0997324f14c5823413463546",1145651726
"0998999f12dfdd50c597c6c1",908604775
"099ee1a7c91105ef46b5e7e8",551836115
"099f07f9ec4ff6d835337f86",454173088
"09a5fd22f920267b464e2a00",709770174
"09ac622c303bce9ad5514442",410459341
"09ae7df5577582ce7e7b0aa7",865981265
"09b15382686c42fd89b24285",1142541483
"09b18e3f3cabb7d5469a8d51",810867284
"09b61cf8ff3ff09ac892d073",538433607
"09c28a830f8093802384071c",592915297
"09c4d4b5d1c0118d877d5734",696855148
"09caddf25db3ac8e1a98565b",1037803354
"09ce36a03c52d6721bc5276b",584837864
"09d4b5b5c2f97ff88215708d",793772097
"09dcdf0b8b37c1d537b9fcf8",620947359
"09e0c3a1b90d46c361007323",525954933
"09e4397bf9794fe24d87d07c",680656915
"09e47ad8508e7cfee83c6d68",977270327
"09eb808ca3859318d6328db8",766305108
"09eeb116cb0944a28742d282",923646725
"09fd7896d5445f422892b196",687607244
"09fe153b0027697e58bd08b5",387075231
"09feba43c0b8f3560fe09be8",1241512541
"0a00771ee714a2f3f96c31a3",677103264
"0a040fd24e23a77f0c58495c",755583602
"0a0e3ee960f60d04ffd6bc0a",850405960
"0a0f206f04bfb10c137388d3",1171605570
"0a199d5741b5a6213b39b793",611620975
"0a1af9bb571b90233856289a",476051325
"0a1b14f320e330b405b27a6b",943302408
"0a1b1a3d68b04cdcb2d757cb",1141574385
"0a1cdd0d5c3c8b973ab1a98c",1062193942
"0a1e6a95a0f9598150c121ce",1156808930
"0a231779f131c36d8e6910f4",589773584
"0a268e25a5f3a0bfd8898a40",375246014
"0a2a67e8b310471b115c60bf",513752775
"0a2f7379cd1bed7d2d2d5a01",1001547650
"0a2f8c8ca6094e6626d4e8b1",727923109
"0a369278a1ef6f5e9d79e2e3",662784661
"0a3911a1a9284f2ff81689e6",498381019
"0a41279a5ea9b92bf8cb79c0",1030790136
"0a45eb817938241ca988c2e3",901273375
"0a482968c7cdf212401d72b7",693985829
"0a4b0a004c894654663bdcdb",1008948689
"0a53b0b7c365879a6d2cce39",747855599
"0a5908a92d0ba3e36f54b1f3",373007967
"0a59b506798fb96edd7681c7",789343313
"0a606d19ae362a58922b172e",470450230
"0a61250b2c208d42a3077bde",901234697
"0a6966f19bc2c303886ca82c",842743310
"0a6ade3bea1768aab76680ed",1109178215
"0a759932f763df64a463ac18",654778420
"0a7758f69ddd8fb27a839661",551646281
"0a7fb26822c2ca556f62a257",585977325
"0a85c354c48921e0ca202d15",1243497984
"0a8aaa78f68d43e3b1bf6c51",650737398
"0a8d749a2336d8f66a4f19ef",506404877
"0a9e4dd0eec86037a36fe769",807496847
"0aa1332c56bf357f492da2c0",407167413
"0ab4a4b8adda35f634812221",941019729
"0ab6e52af85ebf23432d7698",621470630
"0ab85344c5fe6ccb0edb6313",944770141
"0abc98f7ea1e477c6fe3425c",848657954
"0ac639a7c5ec115b3df8111b",719836094
"0ad01fb039a198262ec59b72",852154357
"0ada7044c5b29925abc90879",607905456
"0af13e27cfe9b8f237a9949c",684489080
"0af466463f2cf50d61315da4",830574121
"0afc6cbb60f34f1cf00fdfb0",902924770
"0afec1b2e7060b99dbe41a10",423021327
"0b06da0ceff947975cf8951e",959126744
"0b117f10e699f10f97a7e7c6",875820015
"0b221ebf810f632568c1e2c9",508590214
"0b3021c156324d1e7974ce3b",1166032375
"0b35c4a3f20cc0eb751acbac",440552326
"0b42bbe66e438fa81a2ff77a",611497430
"0b49dedfb53ec812962e31e7",774184021
"0b4b741487c001323f508d5d",631861300
"0b51fb3a65a86d7799f27264",404347517
"0b54c51a787fe58bdf677658",1096042778
"0b65098a19c2fc1caa6577ed",1061476863
"0b67da6d74bb3998c80893f4",493159992
"0b6cd71df4dde546e665f865",649596336
"0b6dcb5c1952dcea931e2c20",639895082
"0b6f2534f862a7ef551a116c",685592210
"0b715ccd3b3e01444b855857",428094209
"0b71d334a6db66cf6f1a8eb1",883397230
"0b7c8732558fc04f4fc51ec1",787363473
"0b829c23806ff01a0c84e9a9",840439328
"0b937a3ea4864896b744108e",387856087
"0b9730cff49bcaeb4d703c06",810843235
"0ba20e953e8e76add161cd6c",404570204
"0bbd23df46a4ea4e4734b680",705408607
"0bc16b384acd3f8263e386de",971602720
"0bc8475715e42b752649b4e6",484629087
"0bcdef6d56052acd2afad93d",418677843
"0bcf7987c4b0ba485c44caf9",749052176
"0bd42f8ee9d36dae4cf35886",400079187
"0be57099d9c3ad8a16984861",908585584
"0be7803a34b11d89133beaf4",642613991
"0bf9fe130da23aea7142bb7a",733757230
"0c017cf9740cb67d530267d0",615755138
"0c068dbfdafa3429c71189af",513370357
"0c12f73305bc7d72bdbd9789",506841755
"0c19c54de06d1c139df99ab0",842466545
"0c1c0ba7d75dc4090b7183f5",1110012573
"0c25a552c34e114a1780739a",393912886
"0c302f1c924f8efe0b6bb58e",813671656
"0c37c0d27631960f9e0fda1d",835291886
"0c3af9e0e9c80a68acebd041",840283399
"0c3e734afaa6b7c370754082",845242513
"0c4781c598c06d538c5fcdf7",722570927
"0c4afcff5f5a90cb79807682",848553914
"0c5067ff99e15fcf99792cbf",753336196
"0c61a011d7fe0227be2b3575",771075620
"0c621256c4d7ca81045fcde2",623882167
"0c62d4d501a426cc8fde0c36",828416176
"0c7da0c2613129bc322b1da5",1013655223
"0c85506b301862fb58b467cb",431267160
"0c8b133effcdbcd49d52add5",1041434076
"0c91369119a06c40623afbb4",464245223
"0caa7856aca178f826fe90c4",811862797
"0cad79296edb4b18582dd77c",816604819
"0cb4217cde38e09571fa73ba",1043895571
"0cb6801c9b57e874102ca349",672362266
"0cc2f3a49dd703e7554ba638",1049392231
"0cc5caa9b48a835c92da7653",846529830
"0cdcd8cd52bd1967dab88a5f",489390190
"0cddda1c211fcdce819d5f8f",619693702
"0ce068461fb3bf34eee000bc",496786658
"0ce9a7d4b0682dbbca68e070",682890979
"0cec193a20d720af010383b1",687621289
"0cf7a6d43221664a060ef681",765888408
"0cf7dd52e117832b4698b310",754751021
"0cf82b1128ebb8d1087b640d",1061716603
"0d00fdc440d7612434a6b91f",503223411
"0d027b81f8391d73fe0046aa",937945363
"0d099b1e1a314dfd9aee5293",627411267
"0d0f8ce05ebe99dd3bb7b23b",733271824
"0d130b8bea4321300396fa34",1240864522
"0d173e7afc8f8babbef6ae97",1108150682
"0d1ef14606c58310cae371f2",446003600
"0d24fc1c5deb78eb1a0caa51",489451773
"0d2c4bbd8a4dbeb6337b5c14",547417180
"0d30768d188b6bb53d599ea1",923377849
"0d3245463127143a8a52014b",988281270
"0d3bc6532812ea618d154bdc",922359460
"0d45e78397d4bc0d363be47e",539045624
"0d477acd9c95e9ec63839a53",531780564
"0d50b435188b7830a6949026",494710011
"0d53bfcecf0397ca27e5f78c",763414855
"0d63e52a47fa884e36f10810",624448682
"0d70ceba3aea278cb4a2082a",1004233130
"0d7d434afcc5e93050e0b86d",1123064076
"0d8074979d302868c2534262",1089266729
"0d8b0ca08838d1dac052d51c",924913407
"0d8cda2859d9903f6202af54",502521433
"0d926a0b5ef567c627a7eb0a",1107685880
"0d95d756b838d3a319277424",489662323
"0d9616f0ac8b0c2e9e0a97a3",577090595
"0d995f0ad226dd21bc96ff6b",526832670
"0d9e73c14529fa3f1ec8a56f",580108254
"0d9f91cbcc9339146bf75bba",528509763
"0da10eb6093728074b34fb75",926457861
"0da2a849e0f83b17b006e50b",911146390
"0daf89cf494e0f40a94d3e5c",847594996
"0db51d4771623f5fc1026d74",504292332
"0dbe463995c605bcdffb133b",519712936
"0dc2a023fb6c5e0b92d86ae2",621220973
"0dcc222d83e1bf05f2c2c090",888753536
"0dd1bb83f0f18af30da139f4",712386287
"0dd30227247f145bae82f96c",1241791823
"0dd49fa8bb7be52b851c6dc9",944872218
"0dd510aaba8036e8fd9d667a",1141993049
"0dd795526c080e8efdf8eb0e",516728201
"0ddd21dcfe89f72e2246ed79",446830755
"0de34892fee879f449facb19",614669802
"0de426088a306321990cf60e",421403389
"0df87025a6351b435958ce95",1212418433
"0df96c81adcd6fbc2f7141c3",669784496
"0dfc7d77d3dca86a221fe62b",1037386915
"0e001ee8f27e1a2fffaa0225",1219943078
"0e04f84529d92f2832ef986f",546201443
"0e05eba6eed4e55e89dc5f14",920134740
"0e0d19168609ac1d75253edc",500861712
"0e1bc8ba1953ec8c28e53b9e",705140006
"0e1c100d8e57de8296363d6f",472370426
"0e1c66f843e06f14d7264864",589200647
"0e1fbbe248919eb71e53ea75",584205439
"0e21abdf04b36e5f6a1fc337",1308348830
"0e22a41ec27869c8f83f9be9",998043216
"0e2a5d040f6361adb9927388",825925290
"0e2d6e5882fd3b4eeb9ef286",671459135
"0e3067f71dfb9dc2e03bba59",460239636
"0e35349077490a01f25e2ddb",986072673
"0e3f82238c54e85ca4229977",565904597
"0e49eaa5cde9375b1f026820",532435189
"0e51111c47813a0b0dd51b64",745357292
"0e5db1a36a521a5d2912b238",562454912
"0e64230b70f4a227b444115e",886532513
"0e67ae9abf1e2b2f66a91a28",609431926
"0e694269bbff1e45395190d6",1206398087
"0e6c74a0056ee94b10bfa86a",654787410
"0e6dc789744b678028e74d56",511809756
"0e6dcbf136294f2a99410052",578640793
"0e776964ba3733f3ac18a7a0",793184524
"0e7dbec40eab1b3e5c6bc665",851149893
"0e97f66cf4208c1a57d1fb17",427506718
"0e9a5ea81f6d91038d8711d9",638589036
"0ea1a5d32324d270cde1993a",582880804
"0ea201bfd515584bbf72f902",888146024
"0eb7c68fb7ea1e58f3e76345",989062063
"0eb8f10c9d5ded1b09f60baf",781464242
"0ebbe9d3831727f90d677ed0",1200885398
"0ed0dc77661be57aab63bc83",461125341
"0eda675541a035b1f620ccc8",989976362
"0ee7273686a0a92fbf48a383",1045676401
"0ef36d33e6c378c946b8a65e",525080256
"0ef45eb4356e2f0331ad2457",910978544
"0eff08cf4bc42dd442a70231",736494803
"0f059b39ca45bbbcb996fa45",692631898
"0f06896d7502890175cbc4a0",947279883
"0f0df5694eb388d843e1f17c",481784171
"0f10d20cff5664f9564bc88f",1084328011
"0f15a78ce3ff90b6894fe3c7",593120189
"0f1c472b94feffc41f1caa44",455065429
"0f21ea53a480e4363b8d7aa9",736536670
"0f2913c5aa681a2bd45a5484",858013948
"0f2aa0d9fdcfe894caa8fddc",852383044
"0f2fb3cf22613a339c88f7e4",669956500
"0f366a36001c0766521b9dce",547912242
"0f3b424c398a8e8b53162c37",846557704
"0f44b84024412099f27439a7",445584348
"0f4765c8929a87746217e957",1103614140
"0f4abd70b68453d3500eebb5",402669352
"0f4b077de4ba5f5db6fb0065",557278386
"0f4de499e5bd2c57fcc75013",548932806
"0f601f5ee798174ea9d52caf",606908818
"0f679cc583a47b30ea132bbb",736928087
"0f728f676325ece6a001b4d5",457663031
"0f761aab549e7f6bc025ab0f",840229673
"0f7e28b6efb9d550ba28a1e0",773667942
"0f8ded86be8d3543a5069b6f",534559653
"0f8fa0a074b743c92f0fc56f",1340897342
"0f937643c067371018c8deee",1123029650
"0f9867abe3ea0b9c5363982c",965757569
"0f98c4e431100aa87e6fa6af",658251312
"0f9c26956bfe983c8c7fc227",1293114937
"0fa87864632b7bbbd161f879",564936968
"0fa99fd0e8cebb71a3bb0871",379748692
"0faec12daf0493a512b2fa0c",1351450243
"0fbc9e52ccf1b7ea8136cbbe",806099755
"0fc7d98f75bc1c0b782a328e",915981476
"0fca6767d8f442da1f8bc6d2",415895105
"0fcab263453a9f196468e552",942256477
"0fd313e5a0f02df07eb6b104",405578908
"0fd954262ee740999c31d407",397009942
"0fd9a2a99c44c9e5565fc17b",950289258
"0fdd03a2dfb18e323d96f468",1122718476
"0fe23ccd8e42605f4d9f78a7",393160558
"0fe3dbfdf25d4b013b842b51",537617460
"0ff24418ecb6888dd8ec734f",1209051139
"0ffbcf7d58378c85b4103c7a",587807990
"0ffdec8eb5272d9fe4775251",496527345
"10037227b2a24d9a72ced322",899494200
"10084cfff54a17bcda6f19d3",1227672078
"10092cf2f8afb3658ae475ac",569810064
"100bdfc998bbde3d00548bdb",1251332751
"100e9e2623cb0fc52fb08813",1135160693
"1014341bbcd2fd5775631f78",620357623
"1014d3a98e886e1a7358e29f",690752903
"102434eee07ed18268857a9d",1082078164
"102de0a5ee4f19454b922b96",608262738
"1034b1af0331daddad70f3a5",449574393
"1034ee7a5160fecdb5e8c27c",614126666
"103687e73b0528ec29725f1e",543527753
"103f6eaf04b44c4013acf097",1088639991
"104722434c2deed04a901aa0",443238942
"104cd052884247b14d697673",545636927
"104e960974eee31e7e0eac6b",831940154
"10563c278e7ce8eb2066d398",889394138
"105bcd15e02d39f70ec2ecb7",424872969
"105d05ab3d5334b976e448e5",788694233
"1062419f9cf94418ba88b6b8",552876225
"106ad411e13ea21ad68e5f59",1251947995
"107e76f0c913e19217662faf",856037171
"107f29b67164ad6861cb7059",1062995785
"107fffd601a2bb7a3e4a69e8",784472327
"10970057efd092c98037498d",479441233
"1097d9a61690cc58a4b91e62",649877395
"109bb36f29b223a81dbfa340",984925518
"10a650e8cb5425c97f08f68a",805979068
"10afe23f1f58f96422c97934",408314470
"10b7c99bee9a4a21e1f32d50",712919746
"10bf1c2d1124f6d8f8b9497b",827213300
"10c836c2e566dfe9edcf3d8e",1280379470
"10c94f25ce3f7532bf4f3152",934018883
"10ce9c7a0a58aad19778e5f2",1088430441
"10d01825744060a7b777ee4e",668131272
"10d0506d84d778da572ec635",612379606
"10d47d2c73f0ccbc97979bcd",493169426
"10e5e54ab66b58b3f41ec381",781420949
"10fbecd8de540f1fe4c57b7d",407747646
"1101f533fd18cae5d32c1cbe",793068925
"1102f91444b8e1abb636f1bc",1049443505
"1103c663f6b5ed0309a767b2",474864865
"110539d2ac34e5180e3fd95b",836998244
"11075db1cf9899c8640e1b90",542673427
"110a2f124bad0f9381edce7d",1141839671
"110af3c21ecdf156898c7c0d",1063811496
"110d49e1d79a3534e146b300",1130841865
"1117078fa37ed101e9120923",704409722
"111bf82100a6fab0c9ded743",786421240
"111d509185303ed970d710c7",1033454175
"1122a042822658cb504dc147",786421240
"112d996c4c0662bd13af3ea0",952743196
"112dce80bf512f3f24391d23",465076093
"113887ac25fbff9d30fe8d35",547322972
"11429e0923f804d7dc5d27b6",1041440635
"114318a8e5822ece53ad897c",422648435
"11433baf7716402e8c58bd33",756030932
"114436e00c03b44096823522",736577109
"11444a88bb3b230b4feb5b58",759211080
"1163ab2c0bc8c998e121b922",429268906
"11723d1d472bf1a3fdd8b72c",1143926258
"11727589f7c66554e9114407",651110591
"11734add51785f1ddb999c5e",598709927
"117f37774a78d65f9e68f906",447037381
"1181e18553eafcf5edf6fa05",680036299
"119805b72aeb50f05d3a5bd9",999397017
"119833a13f3f7df22d2b270a",596390689
"11a79681fb0a3f6eedf11d1f",703763724
"11a905e4e01e7d15d35cbb82",619610309
"11bccaef3431fc17953eb81c",914473970
"11be39d287e5a8bdbecb5994",770991968
"11c4dba68fb47eb9c49df169",491965359
"11c86230e62bd2c9ba44131f",1149725383
"11cd643195dbe5dd4567b62a",1056329013
"11dc32d92ac579720303c019",762662979
"11df35a3fbcef34e47747e38",694314930
"11e36a3effeb0119b8bded5b",674733495
"11e4350271e9cbb37bcb75af",431971725
"11e6e5ee92c97e31d34db891",1162289579
"11f8f836e5626605ee4b41c6",1163904831
"11ffdf367d817b582d590db7",523089809
"12062de068acd322b610fcf1",878049520
"121cc20fd81d6322f56d5c53",602082482
"123106a60208725514f3a343",773221101
"1240a616080d6ba5459335a5",1173424870
"1240f50cf2d8ef1d8713e671",432052591
"1242d7e61857ba8ad285b6f4",1127205473
"124959d1429de095473bf5a0",531593417
"12501015fb631d7c10ff08fb",674989618
"126f4d890004b8035a7de091",979433363
"12785f791e04b3a49547fbc6",920902191
"1278c9fd86258bcb435e7127",704981686
"127e08fa99afcaa339eff684",649608087
"127e197a2f70e7ddb5dc92aa",439502027
"1282e129e1a355b161621dd8",822105087
"1284d7ed08122731aa7c0461",395485288
"128cb9247755abf5f2801431",465058817
"12a63d4fcb56c1d690e1bbb1",534351885
"12bb70a95996dc6e286086ed",655138461
"12bf6b9badebc2902cc11c62",432052591
"12c7037cfa63de49e984a789",718132365
"12d1678bc86ccdcc8ad756be",970068195
"12d40725335f83e2fb9b937a",896111380
"12d73fb8f4ca87b19ca46231",787049363
"12db154d9d29cafa574ad387",413528392
"12e32a758e15fbeefa255207",813499665
"12ed2c22a923c840ef616a3c",1126907821
"12f9d50fad58e4e40a187d98",1118555332
"12f9e1f78c630defe302f781",800038142
"1308dad458274c698b2fec72",454177672
"130a119701171ed3c439c527",623171040
"1310e9cafc0b9fc21c212f73",700262301
"1338e58f7dcebf5a1ea59388",514449986
"1340b0805cb34eb9a982190f",517184357
"1342c307971094041c9c240b",866587608
"13477d8ef90576ca84258984",436788659
"1355fdce5b97bb36da15734e",1066700501
"135ca1dc80ae4d9993ec46f5",590002184
"135f6f92c4ec95847e8840eb",515298420
"1376058cb128a1c7729cd2e9",823298854
"1376106ebc19c929df27bb62",611706382
"137baf1609138c6ca2715c7c",429761861
"1381c0399ebbf19db3a11820",586007856
"1382140d8fb634851d4d210e",1262192807
"138a1990291ba31024455eb3",1068152773
"139331d23d9e3c40cf083a7d",773152378
"13a44ce5066ce00846b59ae3",1085944346
"13ab6a062601d40843de37b8",635882086
"13ac95652fb3cf6c43dafc66",421048433
"13adc7946bd4e6e3e4416e52",412065373
"13b181b46359620191e6e4c1",407576360
"13b3a55d79b79ea89a73d21a",670160465
"13c39860029403ea94b5439a",1183806989
"13c51ea93d19df6c273a1502",531869013
"13c7f3592bd432c7cd0a42ab",675525137
"13c86cdff4dd32a9f8b9adcf",999969518
"13c9960a03a1c446aa5515cd",564999550
"13cf784fb3553f75acf25a4b",430461273
"13d08f7e14471fcf517c204a",448079668
"13d43933e04c3c7a9e5071cd",1087354452
"13dbc077e552640736267a49",370135308
"13e2ec0a12c8a48a753b85ef",478285952
"13e6c5cde1004803fed93cfc",586226715
"13f42390057bd294cd787822",615185561
"13f681a090b36edf38a4abd0",497472038
"13faa4142e9d60412abb4184",466691219
"13fc2dd1cd32d9cfa457a5b1",783209195
"140a0002732574ecc516e9a8",1016600355
"140c4de69883df9f3fb3a538",460339237
"1414ec3cdd3f6ab772fc7584",623203113
"141ac7bbe9637f9e5142135c",1062294515
"141dfd80a005f7b32bf70375",882265486
"1420543e2eb5f38e4d38ba81",1289685740
"1421bdbd9cf7572b799b732c",875985867
"1427aec89ee9564b95e93cd4",492183420
"142cf530f13cbccc3cc9d0a6",815691848
"1432cf7de2beb14fc7603ae7",1000261305
"14331a3db021936067b15890",548116092
"1437d1f1601d26a3dca7594f",691085813
"143ca16847cc47d4a4c01ac0",549495800
"143f07eb2a8f0a9e26fc4c56",1215417329
"144162ecfcba71bf09048dae",704089580
"1441a28c376a20c90d72cfac",477744384
"145a241c80430b1e4ddebcfe",796249222
"145f33a8350a080231306bd1",763688776
"14611fccccfa2a6499b2acef",469978974
"146a5a4f3d111dc7b955ce42",1071116056
"1470749d0d2551a93827e441",581034293
"1475cdbbac4aa486266e439f",728022311
"147de03212e554abbf3fc3b7",554540965
"147e7f5381d3c951fc446376",510635964
"147f80fbae69dd577ff19950",780854768
"148aedc984c7f6831c7f9601",471276807
"148b157ece514d99be0a7f93",392217147
"1494f223c9d3ffba26e42738",1070531667
"1496d159d31717ce254f67a7",438524955
"1498ce1c1bbe2e89b84a4a45",859576170
"149e49c22fa0eb163a36c932",641198603
"14a14706d405569501327924",427915800
"14a55e5887af840860b41ddf",394512012
"14a5bf235097782f468fbf23",527835370
"14a8134a56af1b328321cad4",581562545
"14acd96163e6b3e17177f35b",651164190
"14b81320fc31c7a513242171",422015317
"14bc234ffb3ff7f974afc8e7",431564538
"14caab87a129f51b2b70508e",599427129
"14cd5f188cf6d2433240b5cd",519870760
"14cee0bdd9dd5537b96d0786",717859396
"14e179618d1a44c5c55e23e6",470271065
"14ea4a7c57d830eba13638b1",817156478
"14ead7469d05e5eacce6a575",651108620
"14f1bf9aa68aee1ac094097c",964991792
"14f9ab54432e5f54a50be4a5",390324020
"14feeb619f409386e6eaeda5",461260124
"15005fe7eb24aa25b9e3cee7",664428732
"1508ebe40f90f90a68f6dd69",472979648
"151a16e94d538a7a6d658ee0",673380644
"1533da89d388196f19e2c5a3",857395524
"153436858070f7e724f0cbc1",962876846
"153c89081fd85dcc66a02421",820216117
"15515ecdd35e9f175842a738",951558154
"15537000b6806ee84d4615bf",1064000898
"1554f8aa4c8fbe17e9e82d0e",898550555
"1555743ec7e2f38904852860",561090531
"155a8e4186d1626fdda4d0ee",895803376
"155da5ad9ad19d57a7632cd0",678991949
"1562a23a312478d7a05a33dd",627953080
"156a20e2bf9e48b9a360f9c4",493973512
"156dc81d6e14a71716aebcab",591094436
"156ecfd8ca6004281b191db7",1258660810
"156f706d1d30de19f7e369ea",506643300
"157195fb2358bf2d5051c439",755864055
"1574958978c9b5d23d9521b5",576905175
"15a3e60c7a5d55243057d7df",466714898
"15b57b0ad8794d64a2784ce6",654383727
"15c4aef8401208054697b81e",1019956833
"15d10635d71919d0c9663fde",615631102
"15d3ae51558bfeef80b9e97b",765459008
"15d910dd93e0aec22ccc2083",1062995785
"15d9a0353ad54798ef95e0d3",1220073991
"15ec532ec6fb73074b9b12c9",558544370
"15ee6357e02b76367682d6bd",1063811496
"15f02dd18da12f4d7b0ac2ab",505485922
"15fb97d6a43731d61e95d004",1081512611
"15fbd295328ad698d3c76aec",985976660
"16194707d4e85fe332411bd4",817156478
"16261339c3a99635717fcda8",1051411853
"16263617308958055850aef9",988281270
"163228979751798ded8c3fcb",515922380
"163405cd6248bc3e832dc93a",819504939
"163bec92a997aa8263f5a909",755706703
"164cf5fb9a759f2e4be67b6e",667589769
"164fb89266e40a2530400599",429707022
"1655a92b20740a11a5889519",488134045
"165fab7a9f8dd404cf4e9d9a",443218328
"16601a92574531c1fd57a359",680244422
"166ae8e3d0704209d6715240",625641969
"166c21ff83e97c6e74169d92",909628826
"166e1e60acca831bfad07736",810155000
"16716773b2a43df0332622bb",468828403
"1672a21e6b2d8d0525df1759",468014119
"1679719f26e7c650f24eee6d",764530154
"1689c3e3982382e27a4ae074",803573538
"168f81689afa1f055d8bf7c8",833053435
"169013bdcc2ef214e0163ccb",518926668
"1690af2e30b05da545f1576f",1357961208
"1695225258263bd2f463b21e",814318938
"169c742419c0d4335d09fb45",1092303821
"169cdb07bd175b4325fd28fb",462125845
"16a05fee8dfbe78d26664c3a",736454192
"16a40e3dbfbb9c703e04028e",685842891
"16b3311b337c0cb9312ddba1",517184357
"16b79a8af9d6376c73c2478e",1001196877
"16cc5c280124618cd5d00027",456984577
"16cf0d7977ed97d6ae8d2cc5",1024855508
"16d6b756f5ebcacf221918b8",668409634
"16da41b1128c039ff8f83919",590318103
"16db516a238934a730ced1e8",565720276
"16deb26bf740fa61e258f545",1128175507
"16e62269e6aa2ea052d05f71",715067382
"16ede6f8833a93677d05a131",505048675
"16ef7eaf29eab571e229e537",1038925872
"16f60cac352cc0d668d226d0",428707592
"16fb51fd3d35db53eebbe5b8",941368804
"16fe92ffdb7e1aeefcde80f4",839673761
"17005d6ec889a947397ab980",405337330
"1704b2d5f4a33401fb153608",417540286
"17056748001fd65cb961b384",974110963
"17060f24d81fe2661c7628c9",851671034
"17069e9f4ba45c93738b109a",560525225
"1709b1446b20b21482dd2d36",875820015
"170a69c11cf4f855ed015bed",821792896
"1710873f951e7f695fca3568",534200411
"171149ef76fe0a2074c5bf69",671370814
"171b560236ce760573a990fb",985233423
"17230f18b30b94606fea047d",387215027
"1747dd033c2c2769974a06af",611345204
"17484950b143d0395907ae6d",591303037
"174bcb77be3b7e408e61d7e1",607804156
"174fa597347f2b1d3e9016e3",603643601
"175590951b6f8c6b8b4af9ff",473540561
"1769a8ec5ec94aedc397b4ae",461707833
"176c9a90fcbceb91569fa3e2",895774906
"176e00102fb65cba56279287",579350231
"17707d66753c1eb0aca28926",454486947
"1770bd5b0a07a6aa785e0caa",662631800
"17821a9cb766b0f3ecf24e83",518575498
"17914fbe0c3634dae8ce9d71",647698459
"179bf83034539c8a391e0310",629150517
"179d467dacdf674a66c7310c",976569459
"17a2323b855e93533a9f09f2",655909620
"17afbce5c0b56732abbea936",883613346
"17b360d57782208f5afdfe4b",908323805
"17b5e8357e17b516d947ebe3",623313360
"17c0a8fd3a2c8b5b18d61e4b",562463465
"17c8b228fa2591e3a234d55c",444697441
"17d0418e4a439e9de8006f5f",761779677
"17d0e3208fdf10c77e95bdf4",526864669
"17d0f69ae2c4f1aaa1aca9c7",562633837
"17d311554f40ae8b40234c31",805979068
"17d34f9cb105ca5010191142",1020561108
"17d51fdfe8fd16185bf5feb4",597924086
"17d7986a62e0b066e4e5530e",490452852
"17d7e6d321bb7394546e6b7b",490101333
"17e5796a30da5eaf310d02b4",531405531
"17fbebdfe6bc0618ecdd247c",1063349698
"17fed4a312a9b773f64861d3",400183787
"180172e4eee8ba756207b3a8",542389565
"1807debb0a0b590b9ba4ebcc",754607683
"181caecd269e115cb5cfd75e",475261863
"182077fd9c5142d503309490",576609641
"183a8459fa248605b8b5bc1c",676993841
"183d99d88d1e7d995180918c",470275204
"183f2cf1a1c7eb9700b6e72a",1262192807
"18420ed4661539a2d72ff400",795769202
"18531c57f6dca78763d360bf",523303691
"18539b6cb6884f753e0ac18f",895628660
"185b333862e7420f25622efa",777792901
"185dd9366a6dd1e820880917",708063014
"1862e0c4d8e89fd2302ab376",1338490355
"186d4731b3af01bbe4d08b23",756658987
"187a143dbd6d4bd81d6d9c32",521379248
"1894346a27970572aa703cd2",861012183
"18a74c9a49ad381aee5e02de",604562786
"18ac3368b1f6d8f7171b07b3",845215777
"18bd0dd7580f2a7cb19a90b9",432771995
"18c38418824075acaad8f960",527629015
"18c8dc4549d38c918af2972e",910624694
"18cb1adb2078fef29a613a96",786519025
"18d5cc463455fdb4d443a6f2",440127254
"18e89f083fdbce3da0a82a4a",1095023739
"18f6240cad6e92f9151099c5",819405737
"18fd9bee381e7a8c29a44c4b",752654455
"1900e7808046a5fe89d8e440",793147403
"1902f509aa05287ba42f546c",751690961
"1905b860a8d463c3048b4e46",567426671
"19105db21495d546e6792a25",911519439
"191094739043620c72aad2a0",905801520
"191cb509fd44e580ee32486f",674016409
"191f96722301456877893b22",593094283
"192b505186d0bcadb46b7032",764223425
"192e05cd731950f91fef1d83",1234507732
"193d70ead1ff1043845e7671",648069976
"193ff8d291a9f163a4f3301b",651237722
"19466034c2ce19c24a179fe6",575090740
"19487167081a9b0dd09d7975",819066376
"1951c1c8855fed5db8031e5c",644855405
"196969a98960a68088266261",513165857
"1969ba34b72e61337246cb5b",442573417
"196ac46f656726bcb8087ba9",923543404
"1978d8fc2031af21e98a4e9e",817156478
"1985a2a5c3b2b0c7eca22afe",821576116
"1988513503246248b80c7f17",1340897342
"198cd3f4e9be65b83f01ceea",792102439
"1990717d8c7aa8e732bb1165",741396235
"19921a97a52bed6c6b8f4135",843343638
"19957244dabc3f727733527d",511022641
"19993833220392781bc15279",1311307510
"19994da77ce4f2db3efe6660",600322454
"199a6f7df516a685f086dfa2",418575826
"199fe72cad28e4554e359ff1",894971306
"19ace6cdfbd8bed6e99c86d9",426669697
"19ad2fa7e170c67870ee58f7",960732700
"19baa03dc4143a83920a7d2a",956389644
"19c07fc2b01a0edec4784e64",655263816
"19c77db46d23e0c07a06a8b2",589756474
"19cb65620d2330624252d01c",409674681
"19e03fc1a7ca4b0761eb9ef3",826541615
"19e11b2d60326895b5e6ba01",649483592
"19e19ad0cd6b5e84d8aa970e",443379942
"19ecf1fc86396ada203c2a19",571409536
"19f538269846412f3e150a4a",1008381690
"1a0134583a5854d5aa9cdb9f",974753980
"1a06bfdfaa9d9ac754ad07bb",509549941
"1a1016e7a96da2237b391be5",543736006
"1a111211207627bb4c840442",656261898
"1a26960e24de046588ca7837",685531786
"1a2aa38b8e18fd7ed5be77ff",800247807
"1a2c0e46bc18bf3224450064",483514042
"1a309175498997e1b8f0aae7",1207083493
"1a34acf8e509659534a56b63",654285720
"1a36f98c62f5126c8064314c",965560771
"1a46c13974f3634ca6dcb51e",726524328
"1a486877c62f2aced41a2ca0",869929799
"1a593800d5785ecc36c25ead",717316145
"1a5f6f7e8b7af9d48644f1e0",658071873
"1a61721fb7306d55dd77b6ba",822948682
"1a6714ac2350ad371d8280ae",655721205
"1a6af7fd6a5b0602052c4c27",551174067
"1a6b9a6d92ec5e905ac97cce",689043312
"1a6ecf722b2eed8cdc19ba20",695709061
"1a71d0d3503f9eff28acef6f",885046106
"1a75e436fc23e7f48e639b9c",494321345
"1a77ac51e03c77ad280be447",601110365
"1a7e331d9ff88ae5efafa8ea",848695779
"1a805101f78cbb783e6f919d",555961831
"1a93cae134c79a43b13ce656",1061476863
"1a95522f43288e32addff2ba",380212353
"1aac53220223d0d823e70d0f",430212237
"1ac2b23683ba89e9175d1b99",742823252
"1ac6c220eb690db798a3d4d5",800731272
"1ac702e7c265717b34419fe7",682648160
"1acb5576ccae1f0534f614df",664603396
"1acc5749203f964fa8b2092a",445663638
"1ad916edbe6fd38f40289a04",465955163
"1ad9e105d9da875001111075",834187565
"1ae17f134221d5d9ee69ebd9",465146723
"1ae2058fbe26f384be45df4d",579595790
"1ae6fd60628e7d186a5e0174",505570572
"1aee9081ac4a04490eb3f0e9",913942957
"1af16b7f14dc04f05edf71ea",583376516
"1af243eb63d893b1251f44dd",566684891
"1b002164d34a71bd06e0445b",781779494
"1b09874d5a3e4c9e0d544198",887552399
"1b09c89b546d0058cb09c1a9",956020842
"1b1c220eb91c9448b520b76a",615050286
"1b288024824312c8b1681bd9",489019129
"1b2fa2ee5927660313569617",748832363
"1b300634b71b898299c54671",645190110
"1b425a31cbb73b713f291e19",844220376
"1b4b3662ca18e731acc18928",1185183321
"1b4db5fcd1f92d3aadd5c28f",612321839
"1b4e4016cb766bfadea42f73",436506198
"1b59d33f9000d2e1aad46239",423658197
"1b5d3ddc71634099fa1f04a8",673316782
"1b5db6af0a1c0f7787064020",963053530
"1b5de74aea685b506a952f4e",393009421
"1b67fbd144a4a3ef40bd9824",512973782
"1b69d2c7fa8f802c4af1369b",756815911
"1b70fbd3e46da8c47c3eed61",432433548
"1b7151cf29b565b2f1caa559",471270673
"1b750e6e2e92e8222482cb46",936126384
"1b7c062b606d0560e850a2e6",417493600
"1b85d69a0f8ce1d6ac4d4475",459702660
"1b87ffa033dcbf4e2805dbb8",500080296
"1b88c06bb3c1bc2bb39d1b86",701433991
"1b989360ec91f5da55806bc4",1263569087
"1ba2c2eedb352ef9bb59c638",539045624
"1ba481abe0d3890c42884d97",602677179
"1baabd705f72393167dba5c8",564999550
"1bb885a07f57936b919629b9",502387250
"1bbbe4e1eb264f5c69467e50",482713466
"1bc2ae31ed1970ba52b1ff60",1244874410
"1bc2c099466f9a989266be0d",398026381
"1bc8874a13914055c2759a35",437881358
"1bd64811bd59706844230198",897582107
"1bd6861d451d128c8bdb72e4",865937970
"1bd78ecec17b584e827dd0f9",453039653
"1bd7b990be19afa5acc78bc0",480948484
"1bdc0d441e63089737ac4c27",524147337
"1be01d052c6a65c5ed286bf4",1248973664
"1be9d865ac8d01f0378bc148",1088116675
"1bee6a5aed5417181a3db77f",461241920
"1bf1913f806bd4b461233551",390543149
"1bf77cd1c4037f4d2ed28036",740508718
"1c0236d4bc291372483a9151",561708155
"1c177af5bb41e26ac0135b4a",786050560
"1c1ff56435675288e78c4735",463086929
"1c224347a1445ae01184e0a2",1084328011
"1c2739878e452a340a4e8972",1086656158
"1c2e69465c75fb3af2d57351",1007862142
"1c2ec62e8ebba12c6146a04c",1068341966
"1c3236613cf95c84c5791bdb",602423770
"1c35d9468cdc55670d48db84",1061476863
"1c4fab7d9cf798617fa90a19",609279179
"1c50477e5b3a67f3d8fec62c",476209554
"1c510a71734e955f75187106",992648279
"1c51566c7dedd4a46503131d",974232365
"1c5c4f4c731545aa3388c554",580260439
"1c6038b67a40f0749a72e6cd",617166940
"1c65d5172e53b4c7f1c4d6a9",723029761
"1c67456195075a051513b28c",560256988
"1c7452cfc46652a60b7a4f05",802769542
"1c7586fd8a1a38bbda9c92cb",469978974
"1c835128915211131bc561ab",570954299
"1c88ddc21f3e8e4ca633621d",384297840
"1c9325df5599379a73e18053",801385999
"1c9e38cd216595b33e283134",970321695
"1c9f65b631d2f2856bc97079",882596854
"1caac10c1121a795a172889b",1025358981
"1cb79aba890b35f9d2a400f6",1297565224
"1cbeccacfa11843a256b2e2e",668654644
"1cbf39c44f6b0fdbf9554845",722002417
"1cccddc33bd892b44d7e4b7a",679885775
"1cd6531d8539468cd5f4b315",663149065
"1ce08c19161bd0545eef8a16",823756599
"1cf29f882ee8b458b8f27091",949046756
"1cfc7d60ce613536d23b093d",867575564
"1cfe7df5431f3dc6a9289551",1225378970
"1cfe9cba4c2015e7b58f05a0",633087922
"1d029020622a600aad4c2991",686376906
"1d03efada56f8a70bdae6aea",726895149
"1d04d5450762d664fcfab674",1090664117
"1d0853f825cc0aec6f5544cb",852323893
"1d0919344e52b315441aeafb",790058484
"1d0a6bf40e609fc74a319310",582614898
"1d0c3ba50087cf01637de6c0",499925857
"1d0c635770f2e51aed4c8664",1289685740
"1d17f0ff708e6f0b93a990ec",792019491
"1d19edc1e0d907e5ab0899e5",663657761
"1d1e29d9601aa0eddb4d6c2c",804085915
"1d2467e5f991b935d676e906",423028015
"1d2b83d973547da8c168f743",638753129
"1d35c364daa0f021ef263c60",376286387
"1d43fd3f7fb4e24a0b7c9ec3",877126825
"1d45332e2f04df18cdac590c",549591209
"1d4891dc27e0050efcc6c403",658683365
"1d493f3954b15e84c41afc82",411879895
"1d4bafec52ec7575161bcbe0",528855894
"1d4bbb5b756033b4be28643a",875949633
"1d4c50978603ef41377af057",481157555
"1d55f4694f3e000ee3ce47b3",1016207955
"1d58ad85a82f7731e0f198dc",1134489073
"1d7912750a5e345f7edcdcbf",460427253
"1d7a2572b466070f08c6e564",695586907
"1d8d51cfdf78f1361710708c",819991109
"1d917f9f5a3cd44cc4dc8d2e",611378610
"1d91edf33a141fa2181abc4b",803622990
"1d968cecf268a7f14def1af7",828995150
"1d9addd835c9fe8665e01500",458855090
"1db1d1b76e09197dd915a8f1",1285282446
"1db68ed64501f35c51d74c5c",1164448366
"1dbb46a250f504e9c8673bed",753061016
"1dbec7879e793ba9685741b4",742101034
"1dc0fe5bcea9d08874871326",461686780
"1dc1a51628b8eb1bba214498",504082395
"1dc3b6ea53413ece15bea33b",871213225
"1dc9e5c684c831b204d21585",891621919
"1dcf71e8fbfef2c6534576df",654383727
"1dcff645d389e7b687a498f2",763567540
"1dd3d7e197075859c1ff5b23",912349494
"1dd6b0ade195edae38a4a20a",661236163
"1dd6f560c804c4548561cae6",1179339624
"1ddeeae13139b7c9ada353a3",469668350
"1e057cf20757627d1b006141",440448911
"1e158f436f2a4caedd1563a2",619427207
"1e18024ab7d931bc7ab5873f",783721305
"1e21ee2ab4ef88194cc85166",499931055
"1e2270f9f49aaf3be01dab49",1174504699
"1e32a8825a7ea79c28e27a8d",585973750
"1e3798d739f85ee0e5a314ca",456912745
"1e37ea0918a00bcfaded3453",651618869
"1e37fb708b70b6b5e8fb5cd2",614153115
"1e48878318d35476c3e87520",670024192
"1e4fd826fc8693b17f6efc3b",1077849918
"1e5919cbe4373aa261d672d7",436506198
"1e6176a558f301d81bb050f8",820693578
"1e63fac2629793fdcb793f1e",691514969
"1e64759f297a66524eb07b7e",823462432
"1e7173670334937dc61243a1",1001021112
"1e73d6064abab2cccdb6610c",422251592
"1e7a931100be734988955242",1022707415
"1e7e26077db3bca2821a9b45",627953080
"1e83b53963792d7445e19d27",818639741
"1e866483995b30ec7f79d9e8",841043376
"1e884932e57cfcab75ebbacd",1146699332
"1e90d068f3c86c6f691649ff",702824187
"1e91de6194769980800b4de8",790617066
"1e9850a50070dd51861a5e63",609536209
"1e9c53e09220d689a0210ab9",396084611
"1e9cb258a0b7e08244d7fcb1",580507520
"1ea5db844a6d3a926480351b",798543400
"1ea66dd4a72d93f5967be730",634430392
"1eacbf36422a54f1327fa291",438343470
"1ee04111d277e8758f740139",809493975
"1ee436f045a0662037f9d2cf",600704050
"1ee45a731b6f0242b6d2936d",641247695
"1eee0ff52c53f04307cc3216",678315843
"1ef15e2b882a0da85858269e",488353167
"1f00fb18ad48b32c666fd319",621785603
"1f0d83013ea5e4c3f4beb583",680348759
"1f11cd977996d909ffacadef",1258832636
"1f18df9ee1b19359816ed13c",576609641
"1f1f3e47f3593e4b2824e628",509170481
"1f2c22839c470363ff41551f",876358743
"1f33395df1e4f6a185c507cb",578392591
"1f34129d15f992a3b62d4b21",433627774
"1f3544c9f47bc00fcdf59d74",411051859
"1f39ea319382fb0e41ead713",1248640902
"1f3b3bd08063993c23586c93",464102926
"1f3d3fbcb686ada1a96e01e4",492183420
"1f40dff9a973064aa4737eea",1082640458
"1f4109e1a4b47a9b11c2c019",772528843
"1f4a78e094987ce29f054fb8",463705344
"1f4b6eaf52fb940e666c1c93",843257355
"1f4cd62152d4940990ac6a9d",425823230
"1f53612f7029a21e2e9f74e1",796454314
"1f592cc4ed728909040f953d",583701536
"1f6050fd5261a2d21d5a178e",396660918
"1f674965c913f9fe282d07cd",481190059
"1f79204a8f62c29b0a1b29d5",440932633
"1f7daef9ba898c4d8ac1c81b",512796617
"1f8068ab65469ba56a1f0c4a",476229330
"1f81176d8a0c61a7177c6c2b",1248753674
"1f8742e662666147955c9872",760420192
"1f8ad363a0539a6f2455c3fc",427598246
"1f8ecf6c089ce6168b3be52f",887450414
"1f8f74ce8831d5532f330925",845215777
"1f95c205d5094c674f6e45a5",1102292325
"1f9c0f9c3c6460a323171d72",1207709680
"1fae43a9450fae02919962b9",594862151
"1fb4c88bbf995f77f2f29b7e",672673214
"1fbc660f780245bd72015f07",819876983
"1fc0faf46f3b533f2cae2c06",1303585799
"1fc94e9dec93d52e0062e07e",809376716
"1fce0e993a57a3e3873b8d7c",1258832636
"1fd7e9b1e717578f751c21c7",864457740
"1fe392004a09aeeaa6e8bce7",597945582
"1fe514ada76363511cc79105",812138036
"1fe929afafa91bee53df4e86",484300055
"1ffafa78622c45ea4127ce82",848998366
"1ffdc10c53bb83d3be84c327",699033759
"200020552855ed39d1af999a",506836264
"200897b1f8bcd7c116a85306",411250220
"200ea08f57fa23013d0e661a",1037386915
"201053b106a0b89a0a47e2cc",611226374
"2018131ad3f6e5aa8f4be704",1027411595
"2019bd32dbd09fa285a388f7",680680476
"20289e986c1959f0c83a6a4b",682229276
"20488db7a62f765ac8da0a2c",662491039
"204ddf6ba4822d55ba80f713",411542730
"2054c223fcd48a48f67d02fd",447064533
"2054c61f0162a18c6fa2291e",405476684
"205e9d987013859f391b27b5",1130720055
"205ffcec56fd884ab24c5600",825744905
"20718780218eac9668776956",736678250
"2072a783a44474cd0dd10d7d",668710667
"207e39d9cc4402edd48864d5",575479198
"207f669778ed0db0e619ed40",471413538
"2086639384041f3a9b519140",1020411220
"209bf65e11bd7053d9658824",619075290
"20a2a0dfc963fb8a355e704b",514845875
"20a783884d6bcf1aa5697772",589764713
"20bce83e2b75fc535a148dc8",820161976
"20c3cb2d4fa486b23eb81bc2",733199730
"20c3cc21b44eb37d0b359c1a",1190165775
"20d8980a4fa8e094b7a5f00c",436034707
"20db610da64f80afc1621b12",392274224
"20fe2d7fb3910ef786cff965",562726107
"2100201e0851e80488371b67",449656822
"2105c17a4e2f97183e24aa4b",608406992
"210d58091ea74bb902915250",629214196
"210ff5d4404ee8578a5ecf9f",691482319
"2112e589911b979db6e05a6c",1146978839
"21264b5a73fd27b85a4e2654",525016377
"213032fd36fa1a6342570158",589756474
"213ddc1761cd6b018349786a",728668660
"2149d04442f73cfc78f93bab",861272448
"214df9371aa59f68e5740212",568017430
"2152ed6b2b2eaf16ec272cb6",481732096
"215e8852679b9cb6c4029ce3",495618444
"2162e09e137eb5f4a1f32b16",715057130
"21642991a20d6b0d17dea2bb",642776640
"216a598114a403676011cb51",871126934
"217e1715fdd5db76ce93cfe2",661402563
"218445f989b2da5eff4029f4",741396235
"2189d3297ea703e50ec34d96",729854080
"219164e1d9b14cabb9bbb8ab",813143020
"21932b5a5fa65d237ddb6293",549495800
"219555efc5b4291791143252",407321071
"21a7c5d6ea818dfb25077e13",792761318
"21aa860fd839233ed8b82653",466602005
"21adc839dec9e8efb128abf1",558798581
"21b4c1ad11bb1feac4d02308",1121578543
"21c8b93e50ac884e63514f10",1203216756
"21d0f28d5f30a64352e60ac4",466064901
"21d141a84af5f0e2ade9b0b8",759595715
"21d42e80f6f818eed990bfc7",1130086868
"21dd47ac3c4e1d6bd0ed2485",629942522
"21e0bc9789139640ea33ed09",969052804
"21e96ca8dbe2f12b55723335",696375463
"21eef7da02b0f2a2fd987135",766733646
"21f00ad1214253dd5bb97817",1157027807
"21f5bac85d5eec57acf501ef",885891290
"21fcb5c7e497f0580b820379",915634775
"2202c5c9a16b771d1e242c18",773631271
"2207c1ed62f59d6eacb3c18d",548932806
"220d466e3737f1f2a8ed06ae",405476684
"22127243f7ba3a68c3fc33bf",611404548
"2212e0125cb7f75390020951",791791388
"2214e2c62cf8d2d14f11d47c",817813084
"2218c6bddc994984cdc6e567",442772575
"2221052e00c236f31e6d5a06",474398614
"222a35842b0bc09f48e1d0cf",484233314
"2233f50cf7b04791cf1ddeaa",670715404
"223813dc0188fc229b63e8f3",920464523
"22385ae2b3e7640e8c40411b",643738136
"223b3c04803ae7b855f9fd10",738444995
"22428154baf95870f1d83fdc",901286958
"224f6e839dcbd91491f3f1ac",425733304
"2258ec00dec6a2b85f439135",708659769
"226277c02e8532922a1c769d",916920633
"22796587bee45b8f64ee6e44",857141601
"2280b5f7c47c3b36924b84a9",668316456
"228280554ba149e60f81d639",684358907
"228d165257ef052ad50433c7",569255382
"228d98c82021e2325263c7d2",520952611
"22903633f8c4d91158f65c58",503220827
"22958cc4622a0050d1aead77",519391867
"229607e2faf76efeeadcdfce",467840552
"229a7640d41a8b8d6d2f8f83",1164585102
"229bcf400e309619268dda31",525080256
"22a025ad47ba22ea9fd1a094",621098455
"22a0f3315f7600e5120db131",453422565
"22a43024821ad081e654c5be",873245215
"22a6058ffe790c98a8922258",874436187
"22abc78ce812c519511f8a4c",873168795
"22ae194316f34d482bdf404b",505461276
"22af7bb676cb4c9ffe014506",426762966
"22b066e6dbd0f2562a0554f1",1241386271
"22b34331d7ca2ea642d29946",699851703
"22c780d56cb97fc34f29e9cb",421225541
"22c9b57a67cbef0920d09174",422174890
"22caf82aae904c79057fcb3b",500525742
"22cfdfbff44541dba9091753",810010720
"22d167639ccaace593dffa31",484300055
"22d6cb11333f2839b8112b89",1273482282
"22e00f8057294350ddf4d42a",696418210
"22e524f1fab17d5b8616d741",917372991
"22e8713e2051c88cdafe2364",513157380
"22e9f1b4b5e887cb5f0dbfd1",483590948
"22ea31eadbd3a54216443137",392353569
"22eb737351bd0958d3e60efe",846621902
"22fcf0650753e2b5a2fa3786",534957220
"230864c9c9c5959f9f0d36ee",705985987
"230cb38e035b85a4353220e9",824114356
"230cdc90e6c825d391d5025d",545408852
"23101b0002252f3d4b3e1d5e",1046007362
"23141c17df584746755dc508",470551000
"2314e3ffc7242a429e00207c",783428935
"231688922448e4d64622120e",597351795
"23178c72b063ecbaaa04b37a",555248759
"23187388f9d6e2bffb88b9ed",879701262
"231c050bebe12f568ef92afc",390137879
"23208132621583ce4a46de77",1102906631
"23229e392dbd8fd9d80637da",828726241
"23264fdd1059460e079e5810",578894950
"2326bb628b4a571921eb7345",775969514
"232e859fc353dbff75c97cf8",945945534
"23374ef76774d4f95f022473",956409642
"2346533f4712f3bbd036d85b",1096042778
"23473bcde48f634641769e22",425714982
"2347f69ec1ce4a3fb6989eb7",512491598
"234c94e9a248ae57bb5a0771",613532021
"235a2209cde8f8b0276c845a",690565989
"235b10cad7233d579a966948",516486859
"235c56f4afd6d87f1b3e199b",482637368
"2364014bfd851a68a824d1da",1130633259
"2372f7c0499de8aa2e5ffa06",798826509
"2373c595d24a7b862b518ec5",948368535
"23799891583435710f66303a",632588911
"237bce11f35d32ff029498a3",706697589
"237da4784755f090c89f07be",552258965
"2383b8bc2cd3d307caba34ba",718858953
"238cf9f99c4b01777a97f82d",454381102
"2390c275fccc98eb4fa33af0",602007231
"23959a0f6e27c8c2b4a7f436",874396112
"239a2dd25f604c730136c720",1036236375
"23aa0804aabdc61650b8562a",955229032
"23b0d67dc2a0ae6e5ebc9eee",490081776
"23b2b5b9f5bf3e1208f5f80d",1232428271
"23b5f2af5d39edd25db6a522",701379738
"23c7f9a0534a4ae6a24e38a6",845495584
"23cc24e23a1d74159ff78464",822771810
"23cfc154896b93bce4356ae6",480137706
"23d95cbbc056b4456b94c97d",631195207
"23e7dd821ec2601ee2c6e353",1183492570
"23ef4d57d130e4130205f30d",948054676
"23f12add67accdc9ed40f59f",392561624
"23f859b889afe2639ad55a21",613300847
"23fe512fcb21a0b84781a318",403150734
"2406d47133763272a965ef51",409742184
"240ccc45a242f80f817b04d9",897483831
"240d2474c81482baaf79b6fd",930332187
"241d9f8599ce6cadac1d6609",818018254
"2422ffac7337b402339dc550",841644607
"24258361a4ba8f772a83ba7c",820370492
"24297f4a3e14c24c941e7720",1166875770
"243ab5db6e47f3536d04d312",713920547
"244210fb4bcc0a04f2cdff95",976566909
"245663c600727f7c214063c9",864560644
"246576e24f66d495fe0d509b",667722671
"24671f63cd061228ec0b5b9b",480567385
"24756921525595f1684929ba",728879465
"247715511199c5b680088b56",756815911
"2478e48a3c6bedd57c13c72c",728619732
"24849579dc9ba7fef1b24396",556341083
"24857a7a80d5f13a52eeb054",820305079
"248993a27da888a6e3ffefe4",442996106
"248ed6abe6e528dedde951a3",485076212
"2492a7a74edb57f784f6361c",547189243
"249667af8d0835c9830e2b37",499923926
"249cf6f96144f769030d1b4d",858900104
"24a4199c17f9c56f0b3ed12f",726546345
"24a4a43ae4c687bda1066227",1336127764
"24a89527a6744456750baf54",545548628
"24b28522c72f7fc359f2a718",847594996
"24c32572ca6161a603a7d0d0",388125791
"24d6d85cd0e2dc3deb2db896",858276263
"24e90a7d9a2bd0c30a4f661e",893900992
"24f22d76b86498d5c3563288",621385384
"24fadbd1dec637edb728baa3",665368293
"24fd0b7f75feda5db89a4127",497171706
"25093735f186b70beb018317",1180431202
"250d84aac8add089061d3204",1190945821
"25187d9f4cfe89a525ef2493",422015317
"251903f4b947b337e0134415",773221101
"251db9c4b7398902b38b4a4e",833156813
"25202264e18928158b89278b",770735223
"2524e62e917e8a1aec5c9c26",597815316
"253560c855216bd9eb102595",629646292
"253725ec3d7939088faf71b7",578392591
"2537dfc786054c61eb3a80b5",685448124
"2538cfce1c108ebfb1056c8d",814856170
"253b34c2c5ce15cbd8b5826d",721440741
"253c85b226a15d0ec2fbbff4",739009034
"253fe7aef58ea97fefef922a",601832150
"25414034e50ca33fcdcda4cf",678508766
"2547bcc87b618d3d7e22dc21",648082670
"25488b1c8fedde6250b413ba",439425529
"254892c6b84c59ff5ac4f354",485581134
"254de3f3fc52b8cb62141baa",774628759
"255914e9b13ad94efa6ed365",930332187
"255c5b92d71a00c3a73b9aa8",394222240
"256491790d0a2d5e1ebdc2e2",480892383
"2566d8588566312ffa4fde42",1039963169
"256a46a6d45d168169f63aab",486282682
"256a6ba3ff423a899229f154",507230627
"2571fe181b6ab939eac19d2d",1096445651
"2575d932e98c421bbb38b267",929332540
"257b533b6a66b40d0f097c55",649223922
"257c765ac81bcf773473039b",539138761
"257c889187ad5de900a430c9",603817401
"25813f7204a2e796170c4836",465583440
"258a968e403e747af5693a3a",1298346315
"258abe0fc321f6b24d37ad86",462458412
"258f10f742fcc835d53063cf",1097562409
"25986c851e13c92ede6c6d6b",1026410917
"25995099875f0ee622ebc31d",795600480
"259f4f7fd5d851be70d63633",401413849
"25b1ada57fd1e5c88d939c71",787660896
"25b893f6073bd66258a9cf03",756198836
"25c76b5a1da0c2d8158b3732",744231462
"25d233d2779009affadf5e91",494522803
"25d4a0ec9301ba5d53deb780",876200692
"25d62e6b1a1a52cd8080354f",785153101
"25d89911e830697217d460f5",565623157
"25e3793214088669aaaa4ca5",935295507
"25e832098d9e6e7c2f9afe2c",728793611
"25f925538316d3cdda8218c4",1082145681
"25fb1c0c4aace859265de172",611345204
"26206185deb023a344eb2e99",984571001
"2621e068043a5019aeed6c8c",618152545
"262688a95a32f10fa070a887",469912446
"262b1c8ce7db2b4aca2400a1",1016863681
"262b5b0bb408d7cf53073832",440085270
"262e3b4091dfa6b71af020ea",878683262
"26301269301b6f96862af599",773221101
"26313750bd29b2c59a81b58e",859330327
"2641f220611056a1f5616dae",1134903389
"26454cbe44a07cd0df12ca07",1166388927
"264e00a64cecb861d2c05b1d",938155250
"26526235b34fa5b7349df00a",401500537
"26617e1fb3b4f0e4a70e1b0e",1228621440
"2679ba671751ff16e76f1807",663640781
"267e000c89d3416e551462c2",1074280237
"267e46cb9eaec6c7009348b6",503629897
"2684f67bcc89c8a5b95e5592",658701412
"2688e4cd1fd441d1da455504",624927852
"268c1e17bc17dd646d1885cb",434300880
"268f887f25d416dcd3c0c9c2",806817394
"2690ba8b22a95cb837cb87b6",405130375
"2691d7125e9046e597437f2b",758289243
"26922ebaf11e35a7a320d30b",1241791823
"26be10d0ce8b763e9b457e76",594818350
"26c08d7331ae19e1934a22da",827727916
"26c66cf2f43bea00e6387326",925150235
"26c8961848e3a77d98049638",730416467
"26cc292628ce4aa87cd287d6",1003385785
"26cdd114566b7cc63cd96fb8",1068605554
"26db92c003c8e67d92d88aaf",1053628098
"26e58d0b13e7f7f5a54585d2",816965056
"26f3d5bc3adcd1396747a414",1131869483
"26ff1e1f4a6f6bda702fdabe",761872765
"2703313a3e5a6fef2157928c",759595715
"270a97e07eec2be02cd89a86",641429011
"270b930a9e22d5016ffa4019",928472220
"2714bcd5c0c503c3bee0e0b2",763780839
"27151512d4b592014137ac1f",717552078
"2721f5495ef5dde16fd29cf4",928696001
"272b5b5c28e46c6f5ad95c22",644064662
"273cb73a7bdec0d291e845f1",470956096
"27472c6c6a801eb749b9719d",782025538
"2749b5cfd2728ebdf124a0a3",504588719
"275360e29bf3309e09ec41d9",432644797
"2754b4e12a7604efe8e03f5b",925729623
"2755af908b841e9024718b3d",500741755
"275c8bfdd3fec33752493861",713843618
"275d73c7dc0fda7cbecfea89",1087452426
"275ec6bd936600c7eceac599",1380193672
"27663c0e271e26dfdbf4d289",927614569
"27721beb237824844adbc289",1002457807
"2772adb268cffadfb2917c2f",414008042
"2778de5e56ad7ece898249e9",1167425871
"277f6440854cb0c98728e685",744513382
"27881ecd655786b093349ab0",912349494
"278a2cd98528eb1341a6b685",502476665
"278fcdbf16e3064ba42c6785",979944827
"2790ead3eba9370f00024472",736928087
"27929c0a3e0fd2d6d2969e03",645288609
"27942219389ecffbce2e1d9e",1209345671
"2795cdb2f4d568a782dcfc3f",1233435337
"279b76adc4bc9f8dd86759b1",680292088
"279f6f594d3f8ca8e8a5e2d5",1273359958
"27a6f3e8f9649ccce7680f0a",690978975
"27a8a052b815998c771a1f55",917372991
"27aa789e29e52ef8d78b9bf5",669387258
"27b06d060ecf702fc88c7956",939617259
"27bcae7ffb9f79b8f59fe1c3",527934702
"27bebaf73dff207d7f6829e2",780774931
"27c3b7ba2991e7bc0c9fc322",685563064
"27ca0c2320c520342717355d",441092614
"27cf45528b4266162f7c9029",620640425
"27d14f352b2983177e836e3c",886384820
"27d413eab7b562b984c5a682",891666301
"27d4f17375f76219b446c092",407702276
"27dd503d4fbf4d5f5d850d4d",710161366
"27e0810a702796d97878c34c",582980160
"27eaac0ebf8a5ee99d143218",755367183
"27ee3504d1df34ee8ae5dbb2",1089113828
"27f41f09ccf8d182c79cd48a",1006914921
"27fe3fc3838695ce34c5d287",408664817
"2809252a96f47776d12021af",857429124
"281ea3a3fab48c028721ee1d",678492294
"283c1142d027be336a7bfacd",405578908
"28403f16831effcb75471738",412445372
"285b8cb5e9c887794ed2fd1b",739143243
"2860e4435c857cc8a661ec97",917896277
"2861f1a224b4c879b845779f",384828514
"2865962bdff8929888a51341",773697869
"2868ac4225657a13f6149e6e",844381132
"2869a2d2689af65497775b1a",1170143716
"286ab2411118455780314355",727641478
"286cdf6dfcd95ee9edf73a93",397965071
"2876aa9ef0b44e43084393fa",454840912
"2887a0d34994d284759db20e",640912065
"288c09c33907dadbae495c11",1333806146
"289db1292d4ee40a1ed6e518",979359315
"28ac1562ebb5050f1492f576",848207187
"28b838c94d10823ceed62e0e",502433906
"28be121ada9c9303be802474",583717966
"28c0649dd8b294574a876e95",886943432
"28db5acb7b224d44e3d7ce80",605465278
"28e572584fea1555e2a517ed",525726272
"28e748e7aa0a447731e06706",648798263
"28f905e91295a47d106a3214",1278967359
"28f980b3c741866e0db5b761",921871424
"28fc5f188c5e11717cdb4a98",433191618
"28fd0437736c1b17c7ea1f33",604623978
"2900dcf3f944a7fcb33aff36",554467104
"29028322a6d692edc5ca713f",909839707
"2906d21b1d96a1ec43bab50b",803930637
"290725d6b15062397597b954",569857279
"2910f3631d1db77e4b61f8b5",570619585
"291479f573955e063f2d8bda",1289315499
"291a2f9022933c9d81311e81",880419473
"291a4ea1a695347e1901bd4b",993533684
"291fc50c4ffe7935b01e5d9c",477694854
"291ff191bb029742387a72a3",752003277
"292224fa68b0303a90063801",613423372
"293320b55fad21ea3f4a5899",389317547
"2935cc0e053bf558a8b73054",703763724
"293c8a0a4a358fe7554a4ae1",735669703
"29425249fed4a74ada083dc5",447113675
"294985765f4d12e51a68a451",943563165
"294b04da3eaabadd55da9c20",921337672
"29503210dfd57bfef8f16802",664121383
"29535d858fa3a11792697820",894421136
"29616bf14b5f1cd42786a91d",664786581
"29671ce02e285f69afeb3fc2",977846362
"296f0158b5cc1541cfc8419e",740508718
"2979f2d91d649a8c14f5453c",649031011
"29881785ae39aec014c4982c",816771623
"299117d35bcdd48afa4c2eb0",692590959
"299a94a02e887c6ab1de59c7",476880193
"29a115ba5b198689fce5f93b",387257345
"29a230f7dde5753e65b661dd",839184451
"29bd4cbe11f44759e07487fd",651519838
"29cc054742b256e6fbc6da1c",699888302
"29d0dd2d4b120dd54c34b13c",808624050
"29daf0d5008fa9e3f0f30132",406929003
"29e7796eabea247af4e8a0f7",616294966
"29ea1796aede16cab8a50497",516361492
"29eb473852b36dcfbda0c702",919089740
"29fd909e7cef62de53430e1a",451147701
"29fdab43da21ed0d22c9c71d",410348390
"2a01945c2ce528c02b391c61",670336591
"2a0e902f3c07cc9696000177",515279394
"2a1edfd6cf74573521ed74a1",520852647
"2a2f455525c8e0bd709db91a",632695964
"2a330fdcebb247d6a6fdea23",1019936494
"2a33fa5b25963f3dc928f668",484045857
"2a487cfffeb12837a5586a41",539575657
"2a531aa9576c5f91891cc8a9",717651564
"2a5aedaaad2d908122f28f22",961962554
"2a5ecebe40fc09b45d6ee5fc",480642000
"2a5f727304ad67d1cd269361",877067114
"2a623b33f3cc1f54620b5233",481135978
"2a66eb4d2a205bc4474c0afa",774240771
"2a68f627f4dc8060484cdb18",1135453702
"2a787b39e84958ca6b7001d0",570885372
"2a7fc28219bee48a2368e730",642980070
"2a805135d8030b614d9df9aa",752994126
"2a872557ba401f4c95e0ad2e",998632098
"2a89ac6511416d0920f1b9a2",1182198575
"2a9338f62c99dbad25aec5d3",793897779
"2a99204f0a53c4a4d0a2393f",707134004
"2a9974fe07b1e4427e386e06",823756599
"2a9bbd878f3f45745d76f059",694607435
"2a9bbffb1b98c49d79bae509",892096761
"2a9e75d221912230f98485cd",799529961
"2a9e77fd00aaaf773d130914",450610816
"2aac28d03c2110d871b5f274",502015531
"2ab0eeac4a228d5769fb4365",490281861
"2ab24b9c5349427998338d21",636525814
"2ab263b5d1ba72fa562d64e6",793147403
"2ab88dcecdb565b6412f5bfa",499693901
"2abbf26e80643dfc1b75edcb",943563165
"2abd46909a251b8ebbd37133",713646362
"2ac1105447a71f68a50105d1",1241512541
"2ac425aa592565b44b25cdc3",620248394
"2acc857ede19953734600dcd",465955154
"2ace3da2fc4e0c022f7a8755",845116444
"2ad02d6d56b95ff3382b53b6",1036209687
"2ad54bda875fcf8c6b675bf5",510535242
"2ae3ae7f794d558ec119287d",951558154
"2aeb794adc9892354aff7240",438862214
"2aecb598de8c74d9d5108d8c",798677818
"2af941adae2e8dfd66542055",472503921
"2af9e271765438a47fa7e7a9",390113406
"2afa1699af46ad8124f76e4e",808650743
"2afa66b726ed0b1492b9e01b",757329721
"2afd31619c21dc537e4797ca",898002557
"2afd9dd680803e3c12d5242b",934092870
"2b028932adc74c961170a4ce",496621614
"2b05f001ed1a84425a45d0ac",445159103
"2b10af4fcbef695b327b7d0b",996393884
"2b2fa2ed0055a19859e78446",1088750478
"2b352d996677e67156391e25",499608957
"2b36d2ed79caaccd687f2ab0",441292819
"2b36d797d32013a126e15709",649483592
"2b451da55be3683c33e4de31",1302182952
"2b4913f28d07628bf2d3ed92",1028693587
"2b50969f1faab80655bb9104",500080296
"2b53b13cd912f353cf9c4757",842608583
"2b552d7b1a1488dfd618b120",424241141
"2b55989b2253416428ece917",790271301
"2b6d63d6b072901effbc8e1e",798880925
"2b7a5be93795a65d29970b02",1006658162
"2b802261b8bd839aa0b04b16",806315371
"2b8b979cf1952fcedc63ca9e",394031808
"2b8e9560dd58d880dbe77c61",1049443505
"2b9681901b216f2174af0089",817331526
"2b9fd26383758104d567d474",589055718
"2ba0807f8cbdac389424ae04",604623978
"2ba1672e49c023258d262d1d",566307451
"2ba24fd47c2ef8520bccf6eb",443824800
"2baa6afba131b74487c94d74",547489387
"2babb357d1d828c49bb89be0",683580975
"2bb55b0a92d62454867bb158",815486807
"2bbbd9878a1e7c55bdacb330",606730821
"2bbbe93b615c46483056bfe6",1178519091
"2bc88a5c4bea2bd00fd8f13c",620986925
"2bc9bbe0f0216ed9d865a85a",672550275
"2bcc6a15181273b2fad05e3b",693641800
"2bce6544d58b6970192a1838",463703897
"2bd08c0964ef4a95295db843",744852590
"2bd1c70db60a44d4400847ca",1120495780
"2bd47c19e5d29a3157fb8465",1062061366
"2bd6682ad8343b69fae1a59e",836044062
"2bd96c7fe678945fcaf9662f",1016113197
"2be93bf5132bb788bf045c28",463396139
"2bfa301ea435f929e6c0d1ba",636347306
"2c03c38782e365e68b32d6bf",569255382
"2c0b3d69fca6677ba9e95327",1029440491
"2c0b4c8269cbe25a4e85e049",440003192
"2c12cbaa1f14553c1d41b958",394393748
"2c13f29a8b9ac9b464e3a582",426669697
"2c15a0733cdb932ba8f2225f",822131929
"2c1c91f2bb4d9dae38a44360",440331678
"2c2e56e3e5210c111c7de708",633289552
"2c30c2736472590fe45277c3",562346374
"2c340ee014e39ad0fd1309d8",1202012569
"2c34c1e1655e87ada03f411a",748543068
"2c37a1280b18e095b43e19f5",856031709
"2c47c3ef9e139d8c4513a090",613343472
"2c567face144ca714454abf2",1132136810
"2c58f2cbd00035febac060e1",791049091
"2c5d940b5ef2276f1fac1ca5",816625043
"2c5f07a9402cc93f4c683759",513901482
"2c8352c418097f82a50d9bbf",991977043
"2c85b19f02bb3768c10d14fc",553896861
"2c91099736f3158f7f09778f",445790970
"2c924b9d45667f7168bae6ee",681849907
"2ca47f5c36ea5d1cf00dbd2f",427930052
"2ca6b3016a89139ec7590f9a",1150952454
"2ca6ce8266afc6721d179335",841644607
"2ca8b22013c529b412ad764b",1043463808
"2cb64650b876ccbc7337a0e4",446560378
"2cc0129b386acf9cdfa4eeb3",634658424
"2cc821cd7b5fa82b27308f87",442061603
"2cc9f2411f98d0fd41511211",532606670
"2cd0b2d7561919f0223608d5",405578908
"2cd372392fda500e6526695b",568259549
"2ce779caef0637db97954912",826558416
"2cfa1397c901b4e940d9f673",597324125
"2d0d803cdbeaec6e2626eebb",565667764
"2d14ad8ab9573c406e203ed4",756664327
"2d1f036c96e92d9c557605cb",430461273
"2d26b8360f1da9a677670fcd",823756599
"2d2ee255ed2144b9fa1fcc39",583742501
"2d3236cf646f19a25932676a",1002030656
"2d4031f171f965d7dbce0ef6",783298617
"2d437a09b860d9d46644ea23",531079636
"2d4a781f969a4fa2a4f04a7a",950634203
"2d4bd56e71f90e6fb387a2b4",1022197098
"2d531a26f8b1a8afa511e3dd",599287389
"2d5564a502635dce2d46ef8e",879130633
"2d564574f0191164ff1d068b",437515795
"2d5ccb12ebb6fc7d4ba462b0",558544370
"2d5d9119602c228b333402a4",376700549
"2d60a221b478264cab9816f7",1190165775
"2d65980024ded46854c25260",1109957018
"2d6aaefe0f50db8acde6fd1b",1335498872
"2d6f5bc20de99dd0bd4e34bc",963053530
"2d778563921376962d126cbb",663265887
"2d7a48a6b9fff20ded24f86d",431980353
"2d7bf0032580e6b6dd1ce36b",998632098
"2d8d64261ba659302da4a481",638534929
"2d91b3a8c62b890fd246183c",1315266263
"2da346c00d6fc39268f12b82",873665550
"2db9b3463f85dfa87347d6e3",1067050466
"2dba091723891d8907905a74",846123492
"2dbef742d0c59d21ad7392e3",914666915
"2dc58e6aab9399e9677265a6",1126476502
"2ddda0ae748b38a6258f660c",1195235819
"2de0ad9bf15232d6056285fe",633100018
"2de93fc191360ae22b0402dd",476950403
"2dee15f1b082bb986f8d9513",532635578
"2df90c0a3e2b9138fe276a75",670584807
"2dfd1808bb95170a088deac6",746529190
"2dfeb06300828182d4109c43",736663984
"2e0a8235637e98dfea862909",821699245
"2e111ff939191cc6df2c59bd",784025459
"2e1608b8c646a102e27df16b",618201319
"2e1f3fb2323fa16150f8bc88",514039853
"2e1f7569d134a931098a2ede",755494027
"2e23ee2beaf5293f57a5c504",449929101
"2e2d3f42f4f8369733b3bcb9",733530150
"2e2f1072d8db7372b2c2419d",482866287
"2e2ff1e620063f416a387058",816379517
"2e3fc1d628f6727880d3d4e6",490020112
"2e41ceccc918145dbe7de0be",545400799
"2e52008bd11000eb776bd80a",1291741063
"2e58c9b6fbe9c57c83bc0aed",901658928
"2e653d2567a47067df169d97",1149725383
"2e6fb29cbc1ccc3d97c92c72",974522766
"2e797c8302fb7ada13ef2d4c",599035643
"2e7c6a89d2cf2d835839f5f1",745265868
"2e8af16a155fe18c8c6730a2",974705571
"2e8c76f4ed59cd3924f7136d",871896689
"2e9390c4423db604e1c7c4ec",658071873
"2e992370de3eed4ec1271589",770245099
"2e99240e23b0542f1cc75026",589932267
"2ea47ef8f02712c32613fbd1",450076022
"2ead9549bab6f1386b7a2c77",917830344
"2ec9f5265334241fc594976f",799664676
"2ed1ae5e6fa77e447af230fb",657080838
"2ee7f959d069c9ca223115cc",891434000
"2eeb4b0d7afa57b63778b69f",1337531927
"2ef897a38b95d7b769856e78",646359311
"2ef8a530db816223dcf474a1",512447261
"2ef9126614eeef828f797e66",949976184
"2f0bbbbb466fae3fe5c4f614",560517277
"2f13a428281ffc425f2c2e38",518345481
"2f171883b97d9c02b90f93a9",394874467
"2f1880c9b8f7ac2715e1236d",925336267
"2f3281ef06475d2114fbf9a7",428509534
"2f34de2546f13e8a9dee1edf",548806116
"2f3d01cbf0ee0b985386418d",518264704
"2f412384597554f3dab07985",816180045
"2f48a73bfcc91272161afd39",638591037
"2f4b0b1b81c792f43f4ccd5c",442228584
"2f4ed160fe2a21722e6299f8",479441233
"2f610d2242d583654337d468",1291305138
"2f6515defc3b21d82e0ca4dc",417493600
"2f6dfe9443645d6629eeccb9",486617744
"2f76a2b53e091df35a125b13",452684863
"2f7784465c1c69c8f786a0a9",1335731201
"2f7d36523df4a5eee3edbe05",760359423
"2f801cf48edb712627196b2c",592526060
"2f854c9df6212c39091bcf28",575394660
"2fa288389b3031d595973793",786925444
"2fad468e1c248f40ee3586ad",794107679
"2fb149a70fa14ac05582ae69",537200795
"2fb5206d246ee7ab22fb8143",955229032
"2fb8b2990751692b8ef1ab6e",896342824
"2fba6801eb9a7bce7ed2c081",595125505
"2fc150cf6ea4141106bb8ac4",379702361
"2fc19f73fb877ed8b88a5250",451020013
"2fc38ab2689eb24f63e32efc",902148918
"2fc96ec5fb2c8dec0a5b09ab",1067518247
"2fcab31c752b699af5e8ce8b",1121921554
"2fdb80ee4f9a35663e92b3b2",762597378
"2fde05df6a3aa9f57385e6a7",514216927
"2fe64bad1bc8a43fedfe0700",613338423
"2ff0775d2c131d19804f2a2e",596352552
"2ff531e27672ecd2362eed55",898255467
"2fffe55a1584619bd7c489f6",805979068
"3008e821640b33a8d70beec9",418089648
"30091c32a5046d563597bbf4",464967787
"301b5da33d32c0632b16e8a8",884120199
"301ce25214ddb4b5144373ef",1008868634
"302918a3460b98acb64fafdd",561898795
"302adfed183564312f9e3087",988281270
"3032ae39e739fe46e9e198e5",1020605744
"3035d7ea4b71d204b588dccf",587484383
"303dc73dc1130de9aa2f70f3",576349599
"3043d0b025fac4ed90b448e6",481363938
"304ce5835e685778b1c2b6a1",561303746
"305080502cba05a1c165560b",607725281
"3053732169b2260529f90133",648284721
"3057660e38fb757dbc8bd898",770123887
"3058b792e3f6781e438a2e9b",947277058
"305d6abea2f3e496e3b6fcf4",671844690
"3061729865dd2d68858600b1",583986999
"3064379f468404110d594c87",656253474
"30652905d3eacda34ff61a9e",855575569
"30677852542c78698083d4f3",1052951626
"307acb7b4044cfa5680e4227",1294774518
"307eb683db84db535106c445",756034885
"3083a7ab1deb092f7aca6a54",596826381
"30a30e4ab286fd822c68ab5a",642968512
"30a8b9c197bc42f088d0b873",621023883
"30ab0bbf876dfa515b266c9f",422066164
"30b0c440c0bc8c6005855ff8",822364577
"30b3f38716be209a894b0942",448786779
"30d2ac3ecb8150e4d4339d1a",1225863542
"30d38a7bab2eaaef1ff6be0d",750968680
"30d5185ca2ac2fcda2bcb79c",471239788
"30e10a03626eeaf8bc2c380e",809213065
"30e134a6cbe61d7954d0f56b",397083331
"30e1bd4619483b0e896b5229",773221101
"30e6d4e1c53e9e81ff66df43",479441233
"30f381306494ebaa760b990c",630551853
"30f3b383f2d5e4709c9304b1",1071579730
"30f6404e8034dbd513aa8a30",480839557
"30f77637dd52e728efaddd6d",940993849
"31081c78ce92e1d8dbb315b9",575134670
"310e768d2e8836432f8b3e97",425150220
"3115e2391cc3a078b5e6066f",725048805
"311dcf366691c44243b7b89c",846848801
"311fa1bf3c405f9bed13b38a",438343470
"3128a4896665d38feb72b456",770991968
"312a6b2a57dc6947f95213a5",497694362
"312ef52e0250429a5ecb3b27",1141616459
"313abf19d78b719cce4b3188",823743038
"313e17c442fa3040065b7489",732866029
"314153750510e92ddcecf33c",1220037382
"314479aa7b73ef6ef44e1c89",616317514
"3146f3ec9b237fa0944cec7b",517784386
"31474c62a8f39e250fb2882b",995445821
"314a1e163d0b77b0f384da29",426514562
"3151daf55106dd159f27a8b6",537268146
"315ea6fbd6b3261cae7fb900",872408143
"3164e0ecd246b8ed6cb6d054",1001866396
"317d8f9d18599b346639a4d1",500489905
"317e95fad7d399673719537e",853517709
"3186cd0a3125adf3b25587aa",879698666
"3192bb7190b9130c4e67be4e",784634183
"31977cd5d4c09eff149e74ea",809591934
"3198c4acc62c1a2276bf15de",663364711
"319b9accf9980ef2ef81099b",889840969
"319ba1ec06c9b6ca6990f4c1",1068481510
"31a1492e589f317a58a79df7",674733495
"31a3719e57ab1425e7267fad",809213065
"31a6c440ca9eb29acc0f1086",1183249371
"31a73382ae20331521bf2e6f",677284190
"31c69cf4d197f97ac594a896",879701262
"31cdb68dc6476128c4bb2f5c",1036833399
"31d3215c8345d48ce9734c65",436524439
"31d6f089626c4fd08536fac0",480240163
"31e241881acaceb02ef915d2",867132684
"31ed69311bfbbe000f4483d4",605598502
"31ef69bed8e54b5e1fb245aa",685934188
"31f52502e89beb1b2e0dc3d3",852323893
"31f56b841b122b35615bae2c",447321229
"31f630c44db4be5360a57640",762920272
"31f6a25d56f3bb36386d07ae",918776050
"32036c1eb131e6cc4f3bad3e",404169117
"32040dd7b8edfbe331773288",675418940
"3206523e850b5b5fbce567a3",1114346605
"320ff6c0320674fd278f6fc7",596170957
"3214488a8fa9cf8b3dae877a",633591322
"32161228e9c502d2c21beaa3",430476160
"322bad590ae06fb48f80c533",440970586
"32354bff9df0267a5e139156",615618507
"32366fe92222b329e3d03b29",770541967
"32421841f7eeda76160d7959",457536629
"3247399a31df838ec5fe58c5",849149627
"32474481a0f8af34a4edfec9",490606977
"3256c6c6f30aea9cc79b7283",886698496
"325ce336d3df17a078db5166",445159103
"326a82671272d893ce699476",743717864
"3279efb86571efde18eeebef",572543181
"3289958459cd87f24089cd14",438029809
"32915b77ca68000ba9eed6d8",519870760
"32a10e550bf7095627d17da3",578324256
"32a555016892e7a74d231545",756815911
"32b678be83da2a07b37f3012",390398866
"32bdf33933c29b1cbf89539c",674733495
"32c1f617f2b1f537ef703712",910453141
"32c7a2d032ee21f8bbc6eccf",496829471
"32c7b848ef60432d98f415c5",710571409
"32cb6246cd94f962f780a1fa",434131793
"32ce96d8adc8e549b90b4a8b",784472327
"32d2c5f1707b00c93407a19a",476152231
"32d56542ab5486bdaf4466fc",669180330
"32d5772adbcc785ecbc2c55f",540012747
"32d5a20c542a8194a6aae965",623203113
"32dd96f4f07f67806146ec46",519751160
"32e182242a654ac03a8f3ea8",408230156
"32e6518755191bef743b28f6",828309523
"32ea7e13e8d9391aa9b7ab9e",405578908
"32ecec7d5c47d02969368779",639084793
"32f3364ac1fabdd13db1cfe5",382133010
"32fbc0f1934f7325a404a2eb",849832960
"33043b254b9085fc82ee1f7f",421018427
"3307731f3bc518012912f1b3",850372136
"330c37fb5065311564fd35a2",715067382
"331c515e7f0dbb4460810999",691329443
"331d54f8a1bd3dabce73d6d9",854579569
"331e915e2a66fb70380282d6",835232163
"331f0957d55d7f03df7fdc4b",1126953891
"332201e2583141f3a02dcca4",797669882
"33258f995a375ca192ca4d3c",774240771
"332e395d4ce62523a2e3208e",482347526
"33305df46dc2186c7e3f727e",1037386915
"3335313b9060ff29782906b6",577396557
"33379968a83c8a90c23e77dc",461241920
"333a643c623a9bc75f3a40f2",1225648968
"33425419e1a8e854418c5180",381784024
"3348706086aa3db5c92259c3",445862530
"334b5b9fc68a18387ae59ebf",411810502
"33501f96ba3b02da073d586d",454381102
"33510511ff07dc7354cca7e8",493321118
"3352469ca509e8ca652fad1a",558913327
"335626f385c28e8370c207cb",477694854
"33598222854631e92fb72baa",802418172
"3360f48c1ec30dd1c3175101",505066253
"336888717766096b24215b26",715176901
"3370a48ec22302456c41ded9",471099616
"337c81be4cb14d494ca69db4",977051557
"3393fece8a6ed311ad865e66",946940441
"339bc881458ca34bdcb771da",934075495
"339ca7bc687766f517ab3274",450070898
"33a334a16c4547b9d7842c3d",681047765
"33a61cda27fadacce0d1aa7b",974753980
"33a7f6aebc3e2d480d287199",917609349
"33ab442cf58cfaa33eefb6dd",397083331
"33b702ced6de5f7ab8b29e7a",613392452
"33b92225cef255b0e4b4edf9",560900934
"33d2d1db291a13affdc209bf",615867461
"33d6b1bbab4524c3aa03756c",541829894
"33dbec39ef8c0667e4c3f039",762948198
"33ddf4e1ed8c864e9db16887",525287373
"33dfb510aae260ccefa4d349",1132117873
"33e22ea4154e8f71062dba8b",543923780
"33e4901b6e72593513a02207",637339444
"33ea5de5e8f5c639a213414d",737224510
"33f1a7739cb556a78af083de",823246336
"33f4f9988387bfc237d114fa",600999972
"33f7d5aa494288cc90d60456",858307699
"34067d9b2b4e45be1e5cfa32",504704675
"340ae520163a220061bd7f28",634043236
"340c4d762f830197fdaf0977",978910752
"340d1313fc2dc8e5b6918262",764530154
"340f96c7de105aec5b7a28b9",797544832
"3413f37549869d2172b76d6e",999955141
"341c307eedfce3f735f4a63f",817306261
"342027b17940a0cc5cdbf8d9",1133938685
"34291b30d129222905ffdaba",686312729
"3429c774b736cefc051e2c55",544205420
"3438e5d77044f21743e56edc",623075308
"343be18b0f77260f32ec05d2",436131693
"343f45e7d178eb780a9a9818",500020275
"34447730b60ad12f4775894d",1047340117
"344823ba2777540ffa2a8fbc",964591888
"344a104d2210954497a5a388",1020411220
"344be03236aed65e74b14a2f",532684356
"344f3bcc1acdba48c12f8441",763079072
"3454ab4ad567d2d22d990fec",883139099
"346c734ce163296a07526a35",593119167
"3477646f548971044f8f0494",419050268
"3477d85a434f66df58fbc094",938460938
"347a4deda03bfdde6d1c163d",615104220
"347d5081f7bd36c8edc1f352",1013151399
"3487768de3a13b7ee3df0254",847510510
"34896afec0b639648c527483",928805085
"34926bd7f9880e277e75a447",684697398
"349602317da0e456d88fe24f",996010034
"349768047d470d2fa6ff1930",806817394
"34993717af3f861b9735df6e",493961917
"349fa9cfa15d8f8bdcbe863a",1230980544
"34a9e3ca94ac06347d879942",941104674
"34bca71dc9c74a2072f11e9f",737221803
"34bcfc2f0cefad790922879e",910624694
"34bd7be0761ab3d43da7a81c",561110114
"34c84d0a410920c303ba69f8",498510909
"34c92caf68dd0cec9fc383ef",1150184911
"34d1394dbb483e55d1cc2da5",416082079
"34dd15023216e187daaf5a07",781250789
"34e5602cb58501859e32dc9f",703588620
"34f0542a538cee9f3624d897",389240941
"34f220a8ee1f24bcc5790364",501932624
"34f4df9fce2ec05633d0cbd1",523534496
"34f99327fe595ba6e32d89a1",694660885
"3503f56e09e639be4762ff2d",787027560
"3507f260c3c6e195fc444533",471216105
"35114fa32397272437e67a54",464117242
"351701c5d1b821253e2c8c42",433480958
"351a3e1b62cd51d46913a8eb",1130035162
"35255f80583ffbd504250554",757834593
"3528df61a44a9895248336c9",540867875
"352a76b301243d22d1b31f79",486903522
"353207faab3dcf10feaac8ee",903539701
"35352b370a31d01748616b01",1053993509
"353743db4334fee80ac08d0b",996600473
"35381d7a5b25317d7588ce77",643851583
"3548fa5ad26ba2ea999380a0",497551128
"354e2de1e3a81a63e7fae4bf",788425960
"355d1fb69bcb4e8e8ed9ba1a",961962554
"35616923c84423b44d1d1438",1055356447
"356712646865d98127b92a57",736928087
"356815b8ffc300fe03073b7a",577132099
"3569024b3ae4865240973e6d",426453324
"3573093e56e95a982a41879c",909298995
"3578144f12e13e98e8cb2480",462027720
"357e2add3d68167a4f3ce15e",818156984
"357e58ef96c53f39e267b80c",1130720055
"357e653c4bea02df1b08c62a",774374714
"357fda0abf79ec95f73e3584",467529053
"3580dcbd0a6d7d6d3546dad6",603344548
"358e1287e24c3c4fb353315b",691347095
"358e85ba765ddde3ac31be33",405578908
"358eb586d9649d20dca9bfcd",895937113
"35984f749eeb84eaf938bb08",969346499
"359f6a66a407e30b40979d2c",836382931
"35a39cf33d16f8f5ff75fd6c",706030466
"35ae7661d8191507cf9e7cdf",654421336
"35b03ab66c19ba2049ddb9a4",472510324
"35b1cd8020e7efbb9ba5adde",978269925
"35b789e1d63f8f25980d21a1",1129239154
"35bc25d0f9de2ed4f714fc8c",738502711
"35c7a7c0ace36f4b95423c4c",462348155
"35cb50346289f0590dd24d83",1025358981
"35ce37bbecac6b164fa21e6c",504957261
"35d79b2ac92083bc439124ac",460131522
"35dc60a65969b264ab283d6d",472269148
"35dedbaace193598c9c438a7",403374191
"35e0cac576415a4e61acec80",1130720055
"35e55d060b1c4239a85c0ebb",470741254
"35ed4187f732a1ea68dce712",753336196
"35ef99962cd5984ca87bd326",657321175
"35f69c7a9870ac62735d7639",433341011
"35fca2d53ed17ea7637c528a",1041956521
"360be0df2c003005e3db080e",1218756192
"360e5cc9ee1282e5a6ea17dc",716379797
"3611c89dc71078cd0aefd2cd",600442648
"361715cb422c5fcd9125d5e6",502393691
"361ccd7f37ada9c07ffcf71c",844014688
"362212de783981c9ddb767bb",469492665
"363c96b85cf07dacbb10b92e",427689386
"364256d0881131148655e006",781385331
"36445c32822146606f75dfdb",866959709
"364b8b8759e3c408c4005021",482953027
"365a227184022e99f1d2a816",873824937
"36753a5e31b0edb1eecb8bcc",558544370
"3676e34e4824101f3fd9aa2c",850546695
"3676f63aa0ab23ca7cd344b7",514267449
"3679e1844a35c0c87fffefeb",510077980
"367bc4fef78a9800f8616d02",525080256
"367cd12d7f4aa93124047eb9",519870760
"368e740cb71b9175fe5b7b6a",1037386915
"368eddd8b6d39bcc7124a41e",558798581
"368f7a70a62962bf31ec9583",1218756192
"3697e556be961a16a621f3e5",461924250
"369e9e64898ea16b7ffefb7c",707909635
"36a0a1f0432c954604825b6e",839793281
"36a11817b32bc24eda6ec8eb",492183420
"36aa7d0cbfe40adf3c86a134",690655998
"36ab522893b5f01caea4cd0d",610782012
"36bec92975612d091a3c78b1",671026861
"36c0d26b83e575a500a6c30c",566194961
"36c2cae6de0add92f32d29f4",811510370
"36cd68fc3ffab79fcaa340ab",441605024
"36d5003f0b5ec7f80e89262d",883270599
"36eb8139a5ca1b8459eb52c1",768849723
"36f85981124e858c157f83df",712873165
"36f9a0ea831710344f468bba",438343470
"36fab4c38cdd91de650e6abd",760053272
"36fd9fc1f1d9b2e10c1c6463",451509083
"36ffb5566bc35fbce9e42679",492183420
"37050aba3553f3869d59f809",852729841
"37063e689732880621e4e733",914909038
"370a0d0da794efd58cab251d",980381999
"3710ec95af4702c45f165279",664428732
"371a0ee537001f7a9d58465a",852585598
"371b5ecf08973fc6e6849d14",630048324
"37227e66adec69299f853e51",661707757
"372a3934e8179422b5cf5729",918547373
"372d67ccb9d251e290891f0a",389934444
"3747996611a842c452865a9c",904887032
"374ca1a16b8eba42b35374ac",675298508
"375419559910484b17782b47",1285255883
"3771c66b9ecd6db0b201d4c4",445833878
"3786baf40b31a20f3bf3aa80",694314930
"3786daeec4a4fb40ef07d8e5",803197665
"3787f6da3e961c0e10d30e6d",1151219054
"378d846a7af35e0c3efe53a9",854235196
"378e6374da00b72bcd7920df",596111922
"379429ee3675d1adbf816cc5",497910582
"379c4fce87557848548b0944",446213722
"379fcab709c66fa146d3491f",757650508
"37ac1ae3a7e2a3319eafbb58",596352552
"37b8e8a194e4f2fed7ddcd96",402715786
"37cf2c5c1c6fb6e601d2f76e",423850204
"37d12acc69d0e3e92420e62d",774555804
"37d39cb7d3849a784497ed0d",877362399
"37d5a902f1036cf3d80c275b",645837979
"37d5b8f329ed1ec29d4bc035",519712936
"37dba4927e327d3a4a0c1d36",560197978
"37e009a57645b845b1673b8b",613875635
"37e0fe114a3c7406daa57443",805922309
"37e28ed39a51956880d211af",1103454095
"37e696957da15625da71146e",533631525
"37efd3e2a5b6567957c62081",591653480
"37f39916813a58b844e17833",719940497
"37fc4ce5dfff7faba6bebf8c",833473339
"38026eb43ff9876cd5767ac3",449386088
"38029a1aa22c0a5beb065edb",924734086
"3804d5b313b742228ef0f1d8",1062373149
"380759598c614cbe10ae4bfc",825713589
"380ae516dd46442f97acfe14",710074311
"38117bca778373247df86e14",500020275
"3825ce5030d951ef0fc2f7c5",387743033
"38328747d2e1e0e568c05523",669157884
"383af3a5794a0ec3efe78b2f",502867594
"383b3198861942064a63184a",489008881
"383c0948aac71636973507f4",691548393
"38410183814a757520143737",770991968
"385488342bff3d3587250c84",975753700
"385fcde12021f4bbae6ac2fa",463365610
"385fee7bd9ad7722d45dd034",441772041
"3865974fbc1b412f24c47eaf",954971185
"386ad1ba1cada9649f3415c0",979835487
"386ee01c3f7bd8bdb91181ad",843803592
"387af5fb4b4a7f5c3fdcce57",820305079
"387f18b1f01b1aae536752e5",550092914
"3882da646752a82db088c614",491945538
"388a6dbda422f886e503e685",1289685740
"3897d9b5fe3a0cfaed7c18a6",488264930
"3898683e5d24bab9eea24d30",715836964
"38a0fcb41f0dbe8b0ef7af8f",700451726
"38a1e2050dcab9b4c70c5e83",549418668
"38b424cb0e54f0f7f2745781",674733495
"38b87cf007043b76670207d8",1079063526
"38cbcd7f88c1520fa083af9a",931382199
"38cccc333e2c38bd608e1880",711999163
"38d4b1837c595b6d9a23e994",1116954393
"38d5b9319bc16bae99fe73b9",645288609
"38d6842c2807d54f386bdb5c",1051113041
"38d6c2a9beac610279bc110f",524687790
"38dbf1b9c5963e9c3d008340",836067529
"38e84c560b0455548ce186e4",450280204
"38e8630f2c05ea38e2257c21",596170957
"38faca2d6e338d328428f986",495168498
"390107256faa08574d7231d2",884879110
"39124b1ec419566a371af8d4",940492569
"3917b95a3d05a5e58c117f68",461025202
"3918fa99179953461fe07f2a",1155664763
"391a98a344e894c6397d62f3",447393658
"391cfff759030283411dfe1a",486938480
"3920eb3f72b96fcb58ef778a",380730649
"3921d7b508fa1591d40802d4",435004633
"39222ab30001b3cf45b7de65",527742614
"3923f0e655615aa6b52721b8",772507581
"3929df6d73b3ba01bc018476",459851945
"392abbc83cfacfe87c401e27",600557065
"39351adf139f820864dfe8f4",1010343734
"39377d0d271da03ad85c7bd1",556341083
"393d99ca47315ae98fe9e7c8",1261529417
"393e2e7ea1f20eb6b4148d60",736928087
"3943b64f9550a575f15d6d29",1030751965
"394718d9d069a126e13be804",722931241
"3951171501fc51e2d830cc82",1203093344
"39542105a7c46ded0cc373a7",844465321
"39579c195f288da8d77f5ce9",988052302
"3958d0cb732f3d623764be54",467672753
"395c34e4b8f52cbdb0522459",671815618
"395e3718423aeac3d40494a7",584625371
"395fbdeb9f0c0586a2b20edc",442742790
"396761edaa353e0828949bbb",446346363
"396c8060d9767b4debf2a54c",708327582
"3977cf1326ff502251f78f66",676275644
"397a7d1cfb809e34797f2bb4",734217377
"397d0f6319465fd7fea6f710",956886867
"397d4e490eb2db8a1b18051b",503498516
"398274b1c46fd88151420c6e",484567187
"398a67970cee5dc873d71bbc",943212857
"398c195aa41ace34a16b0d7b",1029080153
"3991b04509fa61b36a8f7d2a",943881280
"39940234a26e7264b464450b",600442648
"3997c10ceccd2f8c8e43cda0",1047622608
"39a12600317b58457f68b5b8",429223040
"39af71aaea23b5c1e987de32",442996106
"39b62c6fca161b80bc6726c4",1247437538
"39bc028f3b42d9ea48808ad0",448647101
"39be6f994f2cd3d68b51126c",671307846
"39c1613acc0ba4fe622c1f31",866040464
"39c6bd862f908b7e8088f0dd",659009642
"39c70622597e64c4821d0731",1066540368
"39dee9b1661292cdda6c4823",641780813
"39e306be57a992bcc75e089a",391535960
"39e4765ae5c8284e1f3f618b",994866581
"39ef085809bc80e32e7b6af6",1061720136
"39ef4fb2a43fa3bba15a0b16",790423986
"39f70d6b68b22668a0631f37",713662498
"39f9f736d802b166ed688224",1183832825
"3a00543fb00cbc044a5b3527",394297183
"3a103803cf9cf0451582d89f",412380559
"3a10398b72905bd710ffe9e1",998632098
"3a26efe201689493724ba464",567560123
"3a276f0df8c12422e14107c5",1067589916
"3a28bf9841e6a9d3f1bc293a",1005116121
"3a2a2df4f07902b04b809125",817931053
"3a2cacbd3b4f9a23514b1433",1109753054
"3a2e95f5eddda4df84b2e2b3",513690607
"3a2f110334251e97abe3583f",437407281
"3a36f59d7c0e6c4eb85ca0cd",945308888
"3a384d68b7ddab45e01b6e99",787599942
"3a3ce11d981d0893ec732e22",736928087
"3a40bebb521445fcd32cf033",740956394
"3a413637f3108ddf7bd53bcc",634043236
"3a488b9e24d9b8fc7c222e20",435555834
"3a50d40f15b1cf5bfb338092",438018453
"3a513410a390c75fc14b0b3b",500092888
"3a53919313bd750f2b1af906",1175559222
"3a576586fa1aac85c2ffb75b",1212475225
"3a6262eed8967d695182e435",605262476
"3a810dc80d3a63f8cf106717",825253082
"3a878d44356885ea61bd882b",589055718
"3a8a506c99ede47ae2257e87",616642411
"3a8b7b9048c82797fb01a8a1",776434904
"3a99197868ce338c738a3b20",648082670
"3a9b2ef74c59e96a6b107357",492094706
"3a9c7ec02f3e7e419669fee2",405578908
"3ab2ed6d140698cfa41f2e3f",428328042
"3abe8f334f0f20f8006ca5d6",483919164
"3ac517f74dbf8cdc8feadfe8",588866850
"3ac77ed776aa4630c7293240",847594996
"3ad3c519ced4b63ddbfdb0a1",407207314
"3ad457c8855ab8921a7974c7",816625043
"3adadd50e603746e5e4fc082",710409277
"3adca5eeda4939a5ea11444b",761198953
"3adcc2c662c8c7c9db5f0982",557494975
"3aee70815bcf6effcf0e5fdf",910624694
"3af2a1ec9efa6884a8254d28",655731672
"3af3a702988bfa0599727982",957718878
"3af4b54bb5ee5fcff80f1e53",469435431
"3b05e06aa0bc40b9db16416e",426762966
"3b0b0bb06d95c5ea1aed2d95",511399557
"3b14b48188fdbb0917414039",600731221
"3b16ff50ec7fa717efbd62ab",677850863
"3b185e3e31f7f5e6a1b3193c",660704236
"3b224cf6107d815a2e78996c",898532056
"3b23a71bf40e800a66bdeab2",414265527
"3b29177e99201cf4eaae612a",961810263
"3b2936127f5a4684a1d3de22",758634610
"3b2fa7905fd8fcb3e11ebcf2",972387398
"3b368c10d243f6bc9c027061",428289201
"3b380c563ed2505b7630feaa",1035942336
"3b39471f854357b7e5d2853f",899813441
"3b3e423e248b23090a2897ee",534600100
"3b43e7acfab46651b099b1ed",970168795
"3b4b303bbeece313f92cb85e",816180045
"3b4ce006ef95420847da20b9",524083187
"3b4e889562e4078f8f369172",463513299
"3b51828a1e891f3a52a4653c",636253845
"3b52bd5eee5ef8e3871dcb3d",1247104466
"3b54ab53b6e3453e333a0939",401012920
"3b5a5d6536a9fd24f02e8ba0",402090877
"3b6c37e7e6ff1c03ee4fe995",717123102
"3b6c94e3e3684eac73b3e7f6",1333194243
"3b6cedd9966332f0722208cf",443164310
"3b6d88f864f6c1759f957c73",1242415847
"3b739666f401ca6b2135652c",1004337256
"3b758c26283c2f11251bfb89",957054849
"3b7ddf527979726fb8aa1683",434465583
"3b7fd4008e14e394dd09a0e9",1291305138
"3b823e81c5378ee3c977e863",592251098
"3b8302dabc47048245acc09f",770541967
"3b98c8e46cf8477a1968244f",491763581
"3b9971f91bbe4b8dcc704ba0",760704100
"3ba644c7be754c21e3cc48ee",814029421
"3ba6b07e752fa580f630eb8f",998405448
"3ba769d65f02217656e0f5b5",918671358
"3baeb28cb33d048bcd6e42cf",380146153
"3bb15c6313ee70bf4d88f4e0",629667265
"3bb987adb4ff573ef09b8c12",483320298
"3bc1d407f7e7c8e67f7dd27c",795600480
"3bc68bc2d6a2b81f9e3b9a50",587954210
"3bc80c56871193dd782696d3",523586969
"3bdce823d3b96e8f0170d96d",654423897
"3bdd7be0b5e18d266189d991",677401017
"3be69554b1cb31ed5732a836",686312729
"3bed16373c8ae820187e3d5a",793147403
"3bee8a9981a1e9e13a05cafd",672887973
"3bf1bea2a835d7fd11e47ce8",442228584
"3bfccc757ef82ff2774f2db9",1179979956
"3c0b438c7a4fcbfaff9f678e",836882551
"3c1b1f86087f9b99380e387c",840999237
"3c1b7a0a306e16e8c22d78c9",944394970
"3c1ee7e502c6bfb20873b47c",602778800
"3c268e9119b8027f78f91954",593427114
"3c26b2954be250bfe239db68",389335464
"3c2a535f1df831771b859a86",463232789
"3c2f62f464aa5c48c470bff2",822490226
"3c35c8993bb937164ae4a880",854971997
"3c38153bc36b364b92548965",842743310
"3c3a0f57e030472879f454d8",739025968
"3c3c7861a9727bedf5e3cb29",844279568
"3c3cc027fb179e91a46f11f4",577647089
"3c45bf3e3e31e7804ac91704",583518914
"3c4c18326318a7207b589dbd",430531135
"3c6092e8458ee81aed0db0a3",689666666
"3c660885ddd7e98ba5ea26a1",1161327204
"3c6d485d7b01ddd6147746c2",619386079
"3c753ecb3a4f8ce43077a6c1",1040263519
"3c840c206546c20b3e53d4fa",683807218
"3c86651d9bbfbb335f15b544",622042087
"3c877a0fbe08cda958ff8f46",920284875
"3c8eaefb3f5dd8d4c9f5386c",699471921
"3c95dcc4bc3788b4cd5602d5",693146588
"3c9e3b97db788dcd10acf0e1",489451773
"3ca0e7723afebbf53e390297",1013565209
"3ca34fa833e6ba10cb4b1944",596352552
"3ca74495aa9adbd533ccfb96",898761257
"3ca7f183cc0b303e5d455309",1053189631
"3caab5e89722761d5ab2498a",469978974
"3cb1773d90dc240c4ffed5c4",916348672
"3cc722d5c764ac261611c2b0",448991161
"3cd016f68705e73b819cf74b",635392604
"3cd3537b5f9475657060cae8",1242858515
"3cd5562115870363ed5d7558",932300931
"3cdee5304896e4cb9604ebe3",681979638
"3ce2c7f1ee7569e1b916cddc",578022591
"3ce50f34a7974ec17178a79f",746736878
"3ce908c9b70f349158f7d04a",989062063
"3cecc0cc43ef46670a8e69bd",522878935
"3cf9282136fad24af0f7ebb1",842126185
"3cfd9ba5c6993718c0c532ff",461125341
"3d04304c8644c81114c36f98",845712553
"3d0cc51b7a2392f3be3b1666",683279742
"3d0de71d822da8a999bb6222",494008277
"3d11a16b008c26fe43deca03",604623978
"3d141576443a97b0202c9672",1145459345
"3d162a854aa05447e2cae0c0",976321309
"3d1a767dc286fe1cb86ed9f6",878049520
"3d1a8884a9687e53e5fb0bb7",572939259
"3d1deb639d94b292552a123c",551377502
"3d24d985b95a3e200a734bc2",1191946184
"3d266736d0307404a5804073",505126235
"3d31144a77cb51647f3deb02",530493958
"3d3317303679a6a5a381d0ea",1253007968
"3d389130627ca7bade643f47",626365517
"3d3a318662cbe218db0878e7",961962554
"3d405df6e5dd012419f43ba6",816404668
"3d43dd23536f843c2c5bd268",1070772173
"3d44c742b1aa4c022a968ea2",382566625
"3d474c6a88ceb86e00f68b3a",439458467
"3d4c48167a8de8cb0e4956f6",999955141
"3d57abd322b0077efa1091df",923545002
"3d580d0df1bf9dd124c282c9",634043236
"3d5ece38670c1c96df4cfff8",630551853
"3d63320260d150d134fe8648",763970659
"3d6815fb68ce959cb95e225e",641878211
"3d6a9a4f2336a46eb62e6a47",1063901584
"3d6d51ca99f2747d6b92dd19",707025986
"3d722d960b860b4bee79ae2f",643877512
"3d9856c3ee0a4b5a833c69ab",536813871
"3d997123b33373024bd2cbe1",905367098
"3da41d55a2b9f78c2b10c75d",805979068
"3da9de8f610e5c40401a5b78",757446993
"3db3b80a902c10004cd3a3d5",1166766426
"3dbafa8cd5225e261ec9b6ef",396139898
"3dbb09358256bae5199e1318",614703726
"3dbf89c6e97182647bb44e69",799177670
"3dc0fa238745fbc31ba88853",389261408
"3dc8277f29d0a2406fa25ce1",541411818
"3dcdbb92628e6a200adf48e8",1272078671
"3dd4fa53bc59e5852f9fee98",1000024577
"3dd8085a65f24b497ea59557",889714182
"3dda25226646e1e91f4c948d",778831706
"3de5d35f742cb4eb68d5f314",742258473
"3de8187003cbf6c4813bee45",438968450
"3dea0748459a295fcbd2f0b6",521323381
"3dec1da01706b06f5d6a9266",434959585
"3df855d8893dbc62eabd95c6",643931027
"3dfd7e954d6f7f40af60bc9d",422319013
"3e040e87b89a043564f0d0a2",870838196
"3e0c656b64d39ab38201a112",434905224
"3e0ccd899ad73579898fe73c",1145137858
"3e18c851788fa8724ca8b7cb",465987242
"3e1a1b2a518d3ca2fe3950b4",682036163
"3e1c2c5b0831edf78f7b7082",754879790
"3e2c1d2cba8755ffad9cff27",992477561
"3e3717eda8ec9a68c9d83027",536622995
"3e3880088f0df7c447e27840",487415664
"3e3f264cd0ac7a65ed2349a2",1063811496
"3e4c1e6435ea1a9c3150aed0",500020275
"3e523ee3a6c2d89436539792",631861300
"3e6645f2cd377ba17ae2e46e",441135641
"3e66557e876a876c259c40a0",464117242
"3e7217f628a1d0fc9bc47071",663149065
"3e7f514983daa92e49a7c87a",387082613
"3e85b447edd3b23b5a0d3b79",611620975
"3e85deb0237521f1a7a8fa84",894971306
"3e874c25176a3abb336b31ac",456263618
"3e891afdcb568befebd66fe4",517123782
"3e8a4318d93b1fed4c48f48d",1320997499
"3e9083411c44213130b2ece8",586863080
"3e9754a961d2cf348c9ff7af",720709509
"3e9cdf767389ee551b5349a3",521919802
"3e9d73530ff24d3f4a543091",595971984
"3ea5478270517f299b20bd06",846248396
"3ea6e8da2cb0bf83872dfd8c",588888587
"3eb79541c2ce9413d2c54736",674733495
"3eb97ecf8069775b9104af85",1160009424
"3ec50faceb434f716d73613c",1115255496
"3ecdb7a7d178b48361340ea9",687975251
"3edc0e70e7cf6a21be2f0d53",405476684
"3ee3ee47bfa21462a1fd455d",594117772
"3ee9cfee7b0acd482672ed47",707205671
"3ef167ca6c4ac77f6968d17d",756815911
"3ef8fee6a5cf42827d8bf562",1009851026
"3f081fb77ad08f8370569bf9",478943844
"3f0c845deec1c24472a35efd",1293704431
"3f208f32cc24d8ce1506ed90",675116911
"3f226452520ee8f04e306bb9",1028342609
"3f295e6c14e23cff1468bf82",895594077
"3f2c18ea5d8e9a25adca4c42",937390482
"3f35c44229ba13940d8a705d",1136046822
"3f370094239ab6fc817e9ec0",1086395974
"3f39a260b81dd7de1dff2b31",707887793
"3f39b25dedb96409dc9d1947",1251884506
"3f418a8bcc7adfa87e0f67dd",704505314
"3f4272a3a4b14ce152fc3abb",438970754
"3f438d6202cfd4527bd8f983",492074203
"3f45ed2f08a2b03b738fbb5e",485894091
"3f4c2c98a5a6cb78d7d26327",383284082
"3f54091296f773f5a1bb240b",964421231
"3f5a0cbba1433e9b6588dd73",569626037
"3f6b2f0c0876c21755369cb6",799151533
"3f6c05c97778fbdc86304bf4",823618037
"3f6eba5c365508ac192f2b82",484698919
"3f6effb8881ea683838437be",803191707
"3f7c5d8304fc650bf97247ee",835328935
"3f87d08afecc4aba03587848",1173891914
"3f895518a7fccca44e534578",442985240
"3f97341f90b11e6a7a7f7c2c",554531277
"3f9a3edf25152433969f98e9",651570868
"3f9e95762d2f2056e9716039",619443519
"3fa0d9e247f28968a5bf8476",460506793
"3fa4ef366575bc72ca5a0582",1121738655
"3fb3a581a9a74146dcf9b71f",466674647
"3fbc0746bd620a0baabbd859",603341041
"3fc7a0f9c30978f24d688fb7",734337072
"3fc826461ec4648e4f7877da",728656984
"3fcacd1cf9770a2724a5fb01",646310360
"3fcc5ff04edf753621d6cbb6",799014531
"3fdfa23ac43d1df0503ccf1e",958235621
"3fea10126c0c651f02de7167",611345204
"3fed1dd17fcfbd2b86e73143",532998324
"3fee486268a1451a7b9fff7c",792500131
"3ff2a2fd905d81f0422c54b2",451385755
"3ff6e77706eae698f86eec29",828127337
"3ff7b739ce65f0b3066806ba",954230114
"3ff9e75c6de41de517d1c4a4",383759669
"3ffefb3f453c54585fa6ef22",796115139
"4002635ca8b087877ad22d5b",1127253970
"400a103762ad652e81c8d3c6",652630865
"401f0de98764e9fdd4055406",490652585
"4029115038a899d98dc93d3a",948296053
"402f18888d480f5af146daab",579019532
"4032d6a6a13399797a794ab7",654631820
"4034cb3cb77e9cb39cc98fc5",741670864
"4034cd9a70d18fe0c883a0fa",463301291
"40355fef059659469e16e3ec",462458412
"404364fe956884368e2f8300",688659442
"4045e30cced205e8c5b2373c",563376062
"4046ebeeb7ab85affcfe337c",980526390
"4049086139009c35dfebb3ab",408230156
"40525fc425906c9485f1ddfc",444956448
"40558b62d83e4362efe1fe26",416769009
"4056182cbd8c12cd87ad9e84",677533572
"4057a676e7012fd37af9c3b1",543760331
"405baee61afa4b08dc25e586",1040810953
"405bc08707001684d19f6edd",677284190
"405fec98d5a3c8981173311c",661266905
"4066155e224520530ce985eb",488932507
"4066da904062a0041a809b02",481208092
"40713332e88c6d3a393c8b2a",480511546
"40768729f2697b87ed6519d1",767125048
"407e4196114b64578beac143",609069499
"4083248d3d2f2bbf9589b971",1076406975
"40871d7ade3e592560d0b3e3",497910582
"4090c1b86074c8e769cc72fd",606018238
"4091a115125eb4a67f494620",679066933
"409cb370961c60bacbdf7416",386080243
"409eb9b8f2ba87ca299a7f6d",435079523
"40a1cefb3cbb7e2972e30d97",427917121
"40a53a3f3d49f7905966295f",918385434
"40a561bf79fa7a08155e1183",689751336
"40a65310ce666e80a9611d4c",812445698
"40aad45bb7a980c9c5e1884e",799151533
"40aaf6665b489033ba0e55b5",1204194320
"40b20b5a3a986802d64f7675",553164758
"40c2ea5f89f5b77cc09d1455",613532021
"40c74dec061500aaa78f78b7",557725653
"40c9f947e826f89c6ff3f898",429155762
"40ce7321869b706210eda9da",615824384
"40d04ff9c405cccfc82ed5a5",489674366
"40d3f1f00de86e74e0304bd1",722132775
"40d5384e2e8f8fef2032928a",448015574
"40d9a852bbed67a6036c6d8b",593971623
"40db880aba8951909e6e4ef6",953769714
"40dd67aeb6e9979211c9345d",833521432
"40e56beaf4a7f28f8108b132",411303762
"40e9ef1e7c6749b7a8d04ea9",475342970
"40eb0c78da8b51b53548d914",956824929
"40eefaf8c26b8b4736308bf7",709934536
"40ef1682158d0c3cd07f484b",1337573477
"40efc0dc313284d3b57492f9",660604106
"40f301afabee5be092ba20ad",868134003
"40fd167916ff071afdc44792",1139571039
"41037a3f8625082544979179",535205340
"410e5af026805ec8088f2e71",805611417
"4116cde03803e63a3e87e847",1256333725
"41227dc9c9948a5f0688e426",577459997
"4122eca7b73c1347a7814a70",811665575
"412e7b9e1de3df8c3dbcf198",619665406
"41353584f956b9e316c6c67d",600518249
"41376f69b086937257387f1d",1005608432
"413d6e4fb772beff60f73e2b",777532505
"41454361857cf70c44e1f5ac",787754797
"41479709513815cf5fc1eac9",772485586
"415622d0f7adb1a9f7009a63",388177216
"415b68c7a5cfb073676c443b",480878955
"415e1faab81016a460db7a0b",521745622
"4163b665043ed27d7bf26c00",468954033
"4167fdc804227ed43224a32c",1183828023
"41719542347401b04dfbaa59",730501839
"417e974a3f0d97e502e49800",1188391846
"4184fd9a546823ff1fea0b74",757432437
"41877a677d1856bf609515fe",697792449
"4188712d431ba996cd59fbe5",453277274
"419398139a3aa2ca2be3f941",514043586
"4195a9d13c0a526d7cc959f8",559681461
"4195fdfe50e42e9981fa2f4f",579673505
"4199eaa19ddf8ac436bb2ba3",1061476863
"419a2f823e87ab67b1311bee",1032408440
"419ce7158ed62eb6897cf09e",415636029
"41a269c661f20e443a7a25f6",1045105365
"41abd8a2cbca609cf868f227",683109924
"41ac76d4fa450fe0c377a0e5",399972637
"41ae9d3d280d4eebe510606a",759595715
"41d174db6f695472063ceef3",736541485
"41d2864e1f73e29f222c61e0",670793472
"41d3afc1118758b5314db48e",615639905
"41df29e27c0bbb52aa8ffe49",597815316
"41f33deb9990562def18c917",643920267
"41f99600339a7afc8e386e6e",611731075
"41fc4ca2b3f48508d840bbb1",475636583
"4202dc3f8255586e1ccfff46",478620060
"420b03095062d9571144a276",1079191787
"421db6a58670e53f563eb9ad",618983112
"4224e69acf9fb071d4cab498",1112311482
"422e994aaca85628ff759004",743589636
"423ddbfe2f575e6bcb22e7b8",779933312
"424b41f5e01ea2e2ccd3ca48",572336587
"424bb491c71e913e900db76f",756810449
"42525c57e13abbfafe9bb395",1297339841
"42556b1bae874a5c09777873",1241791823
"4255eae670033d9c9e9a6e3c",810023478
"428f4bc76d4cd315ba8f89e9",408976929
"429460d5f5c5381e945cf449",1106612921
"429b049255a7edf227a980a1",454770198
"42a73bad238f2d3f5e376044",480899196
"42aa1e6f6b8220a63fe165b2",822449630
"42aaf6521fdf1dc9bc50f88e",453855195
"42ac33321bb1920fe2a78036",630551853
"42b3b56289972176c20c4990",549490656
"42b5ebbca90572b9cea79177",558544370
"42b6cf2a5225dc62342d3a20",749098229
"42c282041583e6e2090b50f2",915350000
"42cde300d741cb134a529031",454510503
"42d34ca2252acaf6e777d23b",1119267073
"42d42ad031a2c62be9b5cdca",661369619
"42d91ed3f3615247f57ebecc",1137136992
"42defcc69fa22e4c858f3c24",1045832637
"42f05e5d4862d653efda75c0",716389344
"42f1a529f5ff3a6371dccea5",638257751
"42f38b1b2dc077c88a746c1e",555961831
"42fa0158217c9cb820f2a06b",660379456
"42fc4101da60fdb41f41f0a4",981253712
"42fc6a80b882c32f6264ac10",466562425
"430112bf4fa9324f0149a879",743533847
"43041a793a13a4171f22e492",612744680
"43059ceabe98412315566838",1134071484
"430c46358b85ad4a741c7187",400461718
"4310c7a552b20afd46f930d9",852334182
"4317746d5b88142780e6897c",750492407
"43228eaa1230dc0f7f1473df",406064967
"43272151f217feab78190393",590709156
"432f082ac51bb0d39ce45b0c",1034760382
"4336ff9b2dc1d97ac8f9694a",432391619
"4340fcb9c80733260565c24b",916806575
"4345863fe83682f6091d8a77",441605024
"434782c3d1dc2b9ce7bcbbd9",782848820
"4347966ceb1770f758cb6e37",1022250313
"4347bf26ecd61ebc7a16b4a3",647516590
"4349d6bfd5a518fcb231cb3f",733353488
"434ff40bff8fad0962ec07e4",543224023
"4354c1b6b27a87c451ddaf36",429717533
"43600371d44fbbc81f6b6fa3",436125020
"436089e2bf605d00849691e8",987168132
"43650eb8b70dfa256ca64979",824668856
"436fd4dce2ff0f71232f4b6c",445066439
"437167a9db41b677da7d5a7d",442985240
"439004dc23f97a878ebf371a",749593657
"4394a27b21889bf78927ddf8",454216634
"43969367322e86c68b51c2fa",429707022
"4396f94f7f3c403c43d3ede9",549495800
"43a2ceffa8ed90bc1a43255f",474521532
"43a3fbb8218e73b956ca50fe",903919687
"43a91a731e86b9a0784f717d",772485586
"43b10ad2660d7552ab6c3b10",714085999
"43b2fb09efd1593a94b61b4c",596907438
"43b5b5a9a1615eba48ab8b66",422240948
"43c22bfa9a14df7b0126c12e",479265278
"43c88f1874dc7f91c899df36",875373988
"43d1fb0646562c3f1dd6fefa",633326973
"43d7b77a99e86e8bd21a19ff",1271742481
"43e11f10650837933261fa7e",564741825
"43e59f5312e304fc21c1e052",949138412
"43eeb2567c61bfbb059fcd4e",786355701
"43fd6b5cb01d05c9b1db0e65",657831713
"43fefda5a3b0781578d9f2d3",677715851
"440cd2efd45c019c7151902d",944165331
"442c6bda79f63bae28674b1e",501663660
"4433060d0fa95ae1382f2de1",473644022
"44394e66504a4d77587ee105",904333214
"44412a9e16b2824c4a520a72",585483928
"4443407341bec8b7b0af40b4",806817394
"444c68a7a6cd0b794768d5af",631572536
"444f102b4d54503044154ff5",524083187
"44551251fe345b31ed71aa5b",489451773
"445e241d8bfaceb149609d6a",509625232
"445fa7f5e8e9d7f12e8991d4",969572704
"446138cfd3749c0b6715b0c3",1215914477
"44672de0d6d9d0cb3b4ae938",600019315
"44760087930212643641eeb4",1084328011
"447dd594fdadb1b12ab32e6c",613532021
"447f51e37fda773ab748814b",770352235
"448ad01af4c5cfba3feeab26",1159909149
"448ad6cf4b43298a39c7b5e6",610089606
"448d159391c38e4ffcc405b4",487239536
"44916ca9b874075f55949f87",694129179
"4491bda913188aad3c66ef20",873939240
"4499adb2aa3aee94d1f1a1b3",1284704291
"449cddc4dc3ef1e93b7f7c26",484382193
"44a587fc89d6b6489157ff49",1177510426
"44b623f7fca1a306560172ac",570507666
"44b6382d9195ceb3f12d4939",925242420
"44c8131b88accb3b46b79ba5",431980353
"44cdcca08e1e66a1496fac6a",581992614
"44d596fa36e3992208292ade",677166745
"44e4574527acc86977f5bc41",506313154
"44e9224b9735235fc7271672",434303960
"44effc9574c74ea4ad98ede4",644373468
"44f0e088fee626993778e7fb",627466238
"44f5380847c175a42becfcdb",1240935851
"44f77a86369d6607753adc09",556995172
"44f8d5ab70828e06198579f3",748543068
"44fab96fa2ea501e0b94548d",1240553666
"44ff213b9cfb3604b7e4b66f",605942012
"4502e2809bb5bd47b2781212",886746553
"450c4eff7e37a271fc24ce3b",616536116
"4514844d15690b7331fdb6cb",869942326
"451744cf3ce55a98db8a3562",598257935
"4520ceed2e5fe3458850a805",1204028750
"45269f56121b796d0392e2da",1160380740
"4526cb4a2b8238dcc4e496e3",1005957053
"452ae373210337b8008ea2a3",1294277852
"452e0518f7164287e47e6354",562244783
"453202a234f5b370ae9e586f",799639824
"453ef603a66a34f17ae22227",857491280
"454e4126257189bcce9b681b",1116386838
"45550aa81c0151f1fd9fd8fe",1003668458
"456243bb3fab3e74df21b5a0",511284128
"4565bcc95c54bf0c8d376eb0",937416883
"4570a3ca0571c70657b4a1c6",566483787
"45750daec6238508791d0d4c",646017801
"4577c1623c8407e95e893e63",602540560
"4582ec985de48290c5f1f5e1",512718278
"4583a6b01449530079415768",1159909149
"45917f1bac415feac7e41124",453385070
"45969f25857aa7263927b400",1019434703
"459963742bbaadbd9db97723",695429222
"45a033d121ca5afef24161ba",679580493
"45a7517c4d29f5bc7787dedf",771949872
"45a8f6d942533794501d775d",677850863
"45aa335dae223bccb31ff7cc",789374094
"45abee1de734dc32936d0b1d",611345204
"45ac018012e7dd91d41a5876",542063668
"45ae1e929b0fc88718151191",442701447
"45ae8ffacfd00fb4a4f53d0f",977270327
"45b894a8b028be29ed137f1e",1335731201
"45badd183bb1a4c630174f3a",601934508
"45ccde79aee811756030903d",1013135798
"45dd7eee4488e88d71d46783",1203594679
"45e2395bee937c187e3486e2",799223228
"45e2411d38589a2d85774c5f",722086811
"45e92799de1a5334c3d2d72f",456912745
"45ee2db87e9ca0a1a9faf050",587484383
"45f18e0bb676d2495a227dfb",436980083
"45f24dd99d362f49c0adb875",403532295
"45fc0d46c7a4df7ff6976fce",1033410307
"46136f5f078dd31170c58e64",852622666
"4615a8a7af9d7cefc7fe4c4a",1199273512
"46161effff173111bb6c3a32",976895887
"461749398bbd48d69b444d7b",461300313
"4623317e8c9044e314ccc4e8",749137723
"4625168852b335b223a05bb3",796776824
"462c7546b358b00e617ce012",679869790
"462ced9cfb28550c160e5664",816625043
"4630a9af58fb79c0008e5fa1",655878851
"4632f1e8fc93e268ddeba07b",586409906
"464039bbcabc650d659f6683",631683017
"464864b367e16547fe319229",674733495
"46529f0455fd35b2f4a489d0",464520111
"4662aa1c44351dfe271e3a9d",1031187813
"46673c69814a0b3f25818dee",1047541359
"466c542d7825d36d18a86486",804085915
"466d4240af2cfd09a31cf3ff",558567299
"4670d21fa84e40184f03d5de",395031915
"4672d1c9c3b04fcc87a0ae9b",812463964
"4673ef4fa28aabb0fe61043b",405578908
"468df200fa490e667bfaa31d",909243376
"46941e09b153ec19f86c0c2a",1222997448
"469b33a6f153ec334b6123d7",454208190
"46a2a88ef09b2aab932ea02a",786755513
"46a7d0f520dd1e78c0cbce0f",748543068
"46aa67b5e0abe39dae442d76",394874467
"46c34a4e5987c20eb1f5ff99",634043236
"46c42803286c800351fe633b",562841341
"46cf5b18fd7bac0d3332d70a",819548743
"46d0544f411bbfb6b452858c",599299683
"46d34fc9a8edcc199a537b30",1151039252
"46d4b0cdc81137aa56f516df",1122861350
"46d77c92811f0c87d2d4907d",968627548
"46d8bb3e9a0ca584d3c7a317",583489123
"46dcddfc78444011abd29870",625739054
"46de3fbec5bc6c0e256e7751",496104721
"46e7860100b0c09a6a475b9e",714007887
"46eeb8f186f86f7859274d4d",1015465980
"46f0731f62232b32eb733dc3",696948218
"46fb04e7578da5741f6da4b8",489650116
"46fcc0d53b263beae95b8eb9",1143926258
"46ff039321805b51870c64f2",928037810
"47051c25acf866250b5d3ec4",808136291
"4718488d664194a3c0c5b446",677168248
"471b5135fced50f7cb4197e2",533462447
"471bd64a0576aa67f494eb98",1124872431
"471d6fb8037049e1e4d120a7",1031651603
"4721d06c49413558bda1fb68",449622731
"472601b5b5719855ae3528af",932668123
"47344a66471fa51f61c64652",753663910
"473a59415b6214218a15e363",827783485
"473cb30713e88ecf782651fd",645716867
"4769743185eaeb0e4158e0e0",523890262
"47720fb9e2586dced75db114",514267449
"478ac408d2a5c603aa23cbd5",1057886613
"478e13e8c1cb5bc80f1080e0",748056291
"4794d9994512f01a4bbb6c48",584111149
"479b2c9c12602551bbd0212a",492955096
"47a3c63f65a9794384c655dc",773221101
"47b5804ba1a998c3e7544092",645341135
"47bed52dee0d311ae0016b08",610488724
"47bf8d322af3c13e8868ed0a",685376360
"47c2934aaa5934c68dcb9e51",1043463808
"47d252717c4bcae3e1ff19e4",748543068
"47d288f8f9227013424d6976",398996811
"47d7ba800f164f397fcafa9d",588962846
"47e0c773f65485ab7c78d49f",505687913
"47e282cb12ae01243d713178",464788538
"47e5ea8cb7f5ab6703803690",731995873
"47e6a61fd652a3dd37556ddf",688471232
"47f7065118bcd4c3878e50fc",633087922
"47fe78f6299f757b231be10e",799523720
"480041bbef3a540df2a36ea2",760998262
"4803a3aedb6c20eb194469c1",608547439
"480aa7fe286f4aa31f56d4b9",770991968
"48107a1dd2a3b027637f250a",842743310
"481492907baba4574d4a6f35",1061476863
"48299e52748ecff3b69f7a90",623366467
"482c7150c7555cb35558398c",1161596762
"482f57e65a3f4c6792775a05",438634769
"48378a6148532f71abcc2f98",770991968
"4845ca0d30483b36bfa55061",880156700
"484922bbe02cb218ced0e779",419244718
"484cde8e47fbf62a339c8219",606531147
"485cd615660dda11586f797c",742161121
"48740edcbe275bed3c82efed",748139679
"487ede1f7f155194b69c531a",412929258
"48815b454dfb64fe60e2cde4",527885688
"4883f7ce7086ba9c8ddd4315",693985829
"488cdcddd0938ad0205ab8f0",1311349428
"4890edc33a555cbbac71795c",852359192
"4893b21db2d6aa4417e1cd1d",1039067173
"48976c41de22ddaea3f8c296",589195974
"489fca3e6dc044412d00cca1",876163233
"48a20e676a060954308c9ecf",452028875
"48aa146a36aba8a0270a8a1d",1047622608
"48b1f800656bcae6a9e70802",601953080
"48b270a493af4fa28dab9211",465303590
"48b34600046c903f0ae4e6d1",970211794
"48b9efef82faf72bcbdf66b2",910624694
"48bee96c1f65b8e283d67483",448396896
"48c346042d9cb826a3714466",469138174
"48d3b0ef6e5f999bb90fbfc1",598617616
"48de5d43e88caea594ccd27c",854355088
"48df432642971a97d3d4bd45",598136459
"48e687093fb26d29cda9ad6e",399386974
"48e71c45f41778f8dca24cf5",551864063
"48ebc3d79e01061c926066ba",397083331
"48f1c6e343a4724ed865533b",1120721114
"48f9e9a87e7fc0a678460e05",897546539
"4902ccbe8456d3f0a29e5059",558016371
"490b89e972abd7e64b5ba6c2",904333214
"4911a6285f548dd30c8061e3",564392851
"4911d01ea0a4505d5db5bb2d",579479170
"4911f8879e5bc9c27ac13bb1",415674050
"4912c91afa6e4aff6ffdc6a8",1081685845
"493367258be5d63dc8db97d1",1063901584
"494580f4974c33d7ce0cdb28",1117477996
"4954ce465ba712543bdf34fb",428509534
"4957e0b129c5caf47b026c58",736492591
"495aa774f4db66db6df30e93",454799901
"495b6e61d1b887f8b4c1bcbf",414008042
"495eeef459e80680720a0ec8",437174003
"4962650cfa3decf487ccbd0c",984571001
"496ce19c015093e97144d375",487321024
"496fd5c93b2a578d970ed55f",458105722
"49721aafec7123f6ff4d8010",612263932
"49737c7682eff2513869b3f7",846529830
"4977af03eebca1aa266289e2",855006426
"498d632cf0868a8e641cecb2",409195892
"498de85ba30cb01e9c686081",528437472
"4993d1487d78cd9ae2c23619",1166484470
"499f6f4997474415f0bd596f",904812358
"49a0715897795017ee0de843",515859277
"49a2d111903c77053d44573f",476887489
"49a4cebdb22fc2d72bd1aa78",443233761
"49ad389014995f0187edf726",650833885
"49b59d19432dbeb8921e57b8",896264713
"49bb5311607e4c7600caa03b",556341083
"49bdf0f970af03d83a57dcff",941104674
"49cc8164d94a2afe8b750af4",475414363
"49ce19caa1325233d0de331e",1129072325
"49d020d2056717c2108b0927",808821179
"49d42ab711abd95fb5947c0d",889989527
"49d6752dd196e7dd583baf44",469645938
"49d9cb2bcc98d69222b03165",989918493
"49dbaf0bcca86f32f86e641e",1148415219
"49e531941384af389b0aff59",445659467
"49f0323d28ef0610248c87c0",785589412
"49fb2771ea6c1e8950cc9a57",696648203
"4a016eba4744dd01954f137f",390185446
"4a119b1bbf04b4bd6051c5b1",845215777
"4a20d03d09fb9d0ee5565ec9",567835151
"4a2ae08359e1ecd39b43afbc",657722876
"4a33d213841d2af537aa967a",831527310
"4a3a6698b5490216e8f8e6f5",1305375909
"4a3d0390e005fa5b4c9403f4",1119562508
"4a3defc2b7d2cd751c9c970e",945509582
"4a4fe76c58f5735ce6b018aa",791600859
"4a5405b1e181f5b10fec35a6",930204216
"4a611bd82c9216a3771ca7b6",751001560
"4a629aaf60a113402834c042",1148471813
"4a7156189e1f06b0fe87a7fc",642486072
"4a73dad0ff8a5262e8b07c4b",889116359
"4a7ecb05c9886bc35f6b9160",662134960
"4a809b3987cff0290c1df8fc",436330298
"4a80ffd8e908a3291a32fb6d",944648567
"4a81bdc14b5bcc4c84f5ce4b",442369434
"4a85c36fb854e922936b57fa",402601102
"4a8acae29064919c68fc8600",633422930
"4a8eaccbde5a4a6747818d29",740423995
"4a9e2358d64df916e2cfa213",607978153
"4aaf6763c105ddf2a6eddbfe",428014214
"4abef5720fd889512ecff70a",765796496
"4ac4fbcacef08524ccbf3623",388532443
"4addcabbe23020d3d0d46ac6",589055718
"4ae10e7fec364242c88e511b",581079701
"4ae6d75b10848d259ecba576",706198086
"4ae7dd50c6b743bd47340f20",689670998
"4aebacb9ecd0a117307c7841",953248437
"4af83eb7718f5823ae69fe47",797036926
"4afa3a1b63c076123e7a5279",1190858458
"4b04e0296820d04421db5219",458567701
"4b068c79664179605b145a15",845594670
"4b092d4d5885cc224f6775e9",430040103
"4b0ac2ce45d7ee385ca369a2",864349553
"4b0fba692104472b36c38c3d",736999260
"4b193d78ea6e3740bf37b36a",492342832
"4b30968cdae59b4ef3298f19",998558308
"4b38595746dcb78fbb459781",554998401
"4b3a6baf8196a59bac8c08c0",498577489
"4b45cba0d601f29c2b7db97a",869673736
"4b52ebb0f0a8878def4170c9",755306192
"4b6fb9b705d80ff350bd620e",488067753
"4b75f2b374e8674e8b55eceb",979796442
"4b82eef445edeae7a55fd019",577778381
"4b8d7217da1b1f225f254914",839526340
"4b905620f76873355d317dc1",681836246
"4b92ca1cee4739104e620871",1296299220
"4ba19ab08d1fe7f72d0dd37a",731627574
"4ba65b1fb8d8ab0a914b0b8c",620321548
"4ba85374c1d1f1d3f4632ca1",382635056
"4baceaad0b0081bdaa37473c",894971306
"4bad47078442f3416b2c1ff4",456135632
"4bad966abb5e8c4121ec69fc",611313028
"4baf1bfced8e85013eca94b9",972387398
"4bb0666c55d174e0280482a0",589188075
"4bb5265c6e63449e5fbaa270",1027059377
"4bc1e2cf5e5ffcbe1020df08",792998687
"4bc3f597867c6844e9b47fc9",422240948
"4bd031478b15017efd41b2bf",1064644976
"4bd0a354d75759510ab6bb46",758867290
"4bd30aa3e2b4aa077ae27490",616099560
"4bdff22689954e5b1e575d30",710947360
"4be510fa977b93e34a789f26",497910582
"4be6d93d8ae1375156444f05",524439473
"4becfb041b0439429f2cffb4",501962060
"4bf02d040efe5358d4a5940a",1076794783
"4bf284e6ba81bcaa21a437fd",696752608
"4bf620c6c6d4c916bea70e81",777739843
"4bf70f19da0bddec9241d310",500020275
"4bf89c9e50c5417ed669c481",581799549
"4c00508300f40d74c79f2596",535042859
"4c03afca943c3f2484b8db6f",442965592
"4c0892a39011cc6a37fc1145",550363469
"4c0f9275581b5572635613a1",449904250
"4c11f4ebc622483532c24a06",631912454
"4c14547b7e02e75204ca9f4a",669833540
"4c243fc50d5511a1288bdc0f",566379292
"4c25d939eb3ec218403dc4ce",811104872
"4c2b14bfeacd87b878cbcc92",816102267
"4c3865a97f5877090e7a9649",587885016
"4c3a2b3e3d5999f747ae0d53",986386510
"4c40683e401dae89f6537ab0",560541084
"4c59acda820b7b75823fa277",550055006
"4c5b79f3656501fce2e2178d",608144269
"4c5d3dd8802acb9ee22ab912",1030882473
"4c79f17573007a39bb2b4b7b",966193537
"4c7e7cfb286d82aa96356fb5",875618026
"4c8ca73cb51a58933de61f0b",851651309
"4c90ce573f1d61d11294d05c",1111223849
"4c94103d4366bcaaee4b550f",903414081
"4c9dc4494a3428435457f575",413344975
"4c9e6812520f4aea4ce435ae",883202178
"4c9f3af11fa91e729384580c",872153741
"4ca66e564ed478d06c471357",694725839
"4caab3951bd6cb6dc71ac8a0",644100897
"4cac81eebdeb45eb0e8aa5fe",571820679
"4caf356c110a50c6c94f3eab",837183903
"4cb11f32806c0e07b4251984",539344174
"4cb59b46927df31150830d5e",601013569
"4cb5e4aa83c476a5b71d77ce",893986214
"4cb9319ff5adaa62386b713b",963053530
"4cbc74a93e33f7b4812e1a7c",613654459
"4cbe75a162b076c4c454dfe9",473286785
"4cc8c95dee29e43463a8dfd9",502782319
"4cc968db25c2cf03991c0041",907233975
"4cd5338bcf246ebf263baa35",419544853
"4cdaece5d1dd4e089a99f47b",486201121
"4cdbcefc434b48ba3d51a498",1063131438
"4ce0fcf14266d144c82f8d4b",573401491
"4cea8ea969dcc433fcb59d96",790804869
"4cfd1be6a93641b110fcaf67",422251592
"4d069f925100b6cad0b657b8",441605024
"4d0985935e1432b3916d45be",856153362
"4d09c2354c67243c968dbbcb",528664551
"4d09ece928ffac7e7d270bd8",464497780
"4d0cf77f8cfcada2265ac585",403554111
"4d1b0315b5aaf21bac150d96",656378939
"4d1f49443787c874ba19f968",1114088224
"4d20f253940a4492b4f6a9f0",607687811
"4d2ec23fff8eb502a9d93353",969912247
"4d35e00e86a9d508d82ea90a",416981622
"4d3a66e028dc8f3e9ad9e9cf",855662636
"4d3d887d2236c2f897f3bbd4",468532051
"4d3f5e7ecf4d361d7eb55f5e",579534290
"4d418d0079828e244dbaff5a",600349724
"4d45fbe5a5d39188b5eccbfe",783107548
"4d485ae48974213b1594c905",875310688
"4d592a67596afbca92d26bcb",739729731
"4d60db10157fd0b5eab9a23f",617291626
"4d666967b74ccdf5b04e9787",444044655
"4d69f7c7e0e837879abbdf78",467838646
"4d743a1250f7d91e2782708e",666094497
"4d852bd93332172bfb081aff",985233423
"4d85bbc09ae56cd85a8f87c6",546840426
"4d882ac2b82569f74aa08824",400283140
"4d8b338266822739bc9c8fc9",1005712502
"4d8deb43d663fb079262708f",826599577
"4d8e365b35a6b8ebe6d7a15f",623999646
"4d94a2295f612b96264a0db8",493961917
"4da8ef54252a92d9cc62c174",967486463
"4da93e7126354a474d435a4a",958971822
"4dacc190eae91b059dacbb00",1253417220
"4daf52564456895ca7f4429c",682036163
"4db632fdebc000c9e64a589b",707143188
"4db834146c4e73b515d510ce",534856622
"4db8d32011163bc4fe01d02e",591915193
"4db8d529af9f718e6d81a85d",414463247
"4dcaaac494053749f30875fa",1116580409
"4dd3d1288ccb66ee4fb9c097",1084814990
"4df222356df121a41adadda7",393022999
"4df3717406f9852284576caa",616887240
"4e01f07ee4b1241360de460e",1195907631
"4e0b1df5e05ac505c701f519",469834479
"4e0b293ec3d5eda7d9fcf8b6",667672623
"4e104916ab915cf3c0bef846",933028925
"4e134600155a64783b3f8c3e",878049520
"4e1b5798dcbed1842f260b17",703820504
"4e1bfbbd8689a95fc97fabdd",485253304
"4e25bad08182b79f5ba9639b",1044116650
"4e27458d179a469435d02ff4",739102623
"4e327acca2e033c3fb305c5d",667790376
"4e3cce6b581e74879c2dbc4f",432206321
"4e47d2c8ccf9929ad9c84544",566448468
"4e4abc111c07656e5bbdb0ee",670068731
"4e613cde51f9760d3c051562",816180045
"4e665d479b3bf2e25cd463a2",834863807
"4e6f695bcd4d3c0d8497c1fd",1168539536
"4e78cffaea2008f3919ba0ae",479249332
"4e78d095988a92642a1bd18c",535585062
"4e7d3cbe3c62123fa7e2d969",865877248
"4e84c5953b493be7ca96103a",702939079
"4e878e99ad2fc34400381c3d",744513382
"4e8cdb49a2bdf68ad8d12625",998221631
"4e9acf6e9f80f65178766740",770541967
"4e9f1e21c855f1166428fbdd",453564499
"4ea46b833575642ecb2ed1cf",397083331
"4ec02a406caf200b700f5c62",653324390
"4ec06163d39f96baebe11bd3",464578455
"4ec0aee1b202642d2739068b",853377001
"4ec4683fcf928d9fb33eb7b9",720981408
"4ec47b8100d224499ec608e8",860575548
"4ec5ab39cae4afc3b0e69438",1058585443
"4ec741bc6ab20515070cf1ee",789818423
"4ecf579a5d5e70d3b4314ef7",978269925
"4ed3eb724d4e57a7b35ddf5c",683655158
"4ed5718470ffa3e5b5f40bae",585046336
"4eeafa126ac5f301cf60f9ff",424355364
"4eeb8b5347526d721092a7be",649596336
"4eff2f2297ce85a0a3964d2c",887790447
"4f076c220dad47bd9bf248a6",920291401
"4f0b2f7e4d787a108a4d2537",837444909
"4f140229175de685a0999773",485412440
"4f18341de355d2cf57a03983",469134495
"4f2ca698ff03df0c6386e48f",773221101
"4f3c7b9bc78f882f858b3d3a",386254011
"4f431d80287051ca323f2c08",816102267
"4f450ba5de4766e5ecb8a4a5",481154408
"4f480aae78aa068901ee9468",432393206
"4f4e3350c429c6afc0bb0094",763688776
"4f4f7d2b14079ddf8754d6ad",687621289
"4f500afb7f7bb42189820a18",887134725
"4f5bc448658287ffb3d49b75",831717590
"4f5de1bc90694fedd216ef40",1238964502
"4f65732875c007d3c1102140",418889389
"4f7d630c921cff500705ee5a",533480540
"4f8dfb8de411b8a05c55dbbb",790408704
"4f992c2a0526c0074bbcd875",482110390
"4f99b97100d003ba3a2ecd46",671582489
"4fa51848638f4437a3e31682",912344410
"4fab4e66ead1948498d2a4dd",589676820
"4fb644a95cc04f7bc6cda786",438516210
"4fc89ee51cb0e1b9d6459819",1224586513
"4fcba82455866a6931590dec",937775493
"4fd7984773d2872e51574ffd",819419190
"4fd8643e1c43ce9a0c18a19e",966273052
"4fd8d01a5c3abb90ad70cbe6",621801130
"4fd907c202de4f06cade3b3b",1023597788
"4fdc382b65441412fef509ad",1074790056
"4fe0482ad622080f55a0460f",583150439
"4ff17c9b88aeeff105b8301c",477271481
"4ff6c53c0bcfd1d24bac7ad5",643298511
"500a3c5953f89b431184fead",690648376
"500d7c5346ca11ba934e7ca5",868705611
"501193fb57014ffbd7bf218f",589209748
"501531d637608f7098ba6242",759424678
"50160783a9a0503df5a38dee",589512567
"502154647e351af240615b98",574813564
"50287f73d47b4cc4c2e1840f",878637960
"502aca1a1097438b32eb362e",1121927160
"502aff943d74cd4cbb976dcc",781250789
"503a04e079773a04f2abe075",765193362
"503f33d11f75b6b5102ba4ad",421573152
"5045ba9a65b4bce4fd305f82",743370139
"50563038c05963223b459beb",881053275
"505740f7746e0154932dbdc0",464565276
"505f3d545ce83d0c848f828d",947045282
"506763d35b04358fb0e967ff",850234887
"506b653545eebba4c8821588",1336461092
"506d4cc6613a07c313a12de4",776339681
"506f2b1ff3e4e7e43a5596f2",1078910646
"50857161c59b991304f5c55c",676419705
"508bfd077c80b6cdfc5a10e1",769163185
"5098115b26f2473c812b70ed",740661865
"50b2bb276e598c9cfdb42b0b",756815911
"50b619ba3e0b2a4c6512bc97",633102454
"50c123baa5783185ddbe29c6",812491263
"50cb0ad562ab5ef4e06f84ed",741002159
"50cb49d65d04a5d166f96e3c",426464794
"50cb893af4ad0e21a69f05d5",685376360
"50d8333064f0560cbe549f89",606884500
"50db9d168354ea3d75a03a6f",656261898
"50de04936770f874e1eb86c2",446054863
"50eeed30ba674cb079689afb",597324125
"50f8068603edac10c87411ec",428110523
"50fe589dea73e764b7735938",402163241
"5102f4786cc032e24781c7ab",830662777
"510c03bfb80d92d180803887",411872154
"5110c49047db23ac3aa4ace4",671829433
"5115b0da9c95559dcee9e58d",1089073936
"5122b2e9638d3438434fc56b",1262192807
"51230c899cea0054bb74cc44",427608866
"51273a81121232e7f30cfd1e",512162811
"512a6de80962ab797ed2bf72",1081149977
"512b4ad817c387bed877b7d1",1289685740
"512effa47a1c7a5420bdcd6e",409131196
"513211d9f07fd6645711ae31",504082395
"513a83ac5bfe27c5b813ce4d",521464423
"513aa9c91c245ee4be31507c",903859230
"513c6ea5a3c2c560c409eaa8",1316197012
"513d0ddf1ce44ca671675fe1",1061476863
"5146ecaa8b7ed507c4f30785",806315371
"514aefd8a44ca048a8088c51",989265149
"514b09016ef85b9ddc4fafb2",791849474
"51516e102f8d43a07037ed29",1072363763
"5155f70c7f8978e487e71479",1019434703
"51608bf64739db05c47a3bc8",638178745
"516881e914708f6ea6062ad1",760229085
"51744814dd3a7e60c0791041",742969868
"518858c561af5c13c8aef9f9",741396235
"518b37b51f824fa0fb5075d3",1122718476
"5193b43c32a2bfb3aac6b2af",869929799
"51a0a1a680770b625579e25b",1289685740
"51a696388218fc2e412f8806",754332848
"51a8c190ffb673d4fc27f4e1",932685513
"51ba7338f5900d8ef12206fe",759595715
"51bf7bc1c19fcd42e71f2463",665260195
"51c48d17e774d6cd84f4c355",601110365
"51c4a8b438bb0d97f712af31",704148229
"51cf2fa527c3db62914169b7",487243483
"51d1df6e1f28c40dc9074b74",1280653334
"51df325f026f4cc5ed2e9a65",1273359958
"51f0f76e2a8cf50ef3650901",527924903
"51f4aec91124a9a96f4c5372",756329100
"51f94ebbd6d2533862a1fdbf",696752608
"5201393754f4a5f2a476ef0e",945300999
"520415ebcdd1a4059d18e2fc",730726533
"5219c3cae1c92b52551a8571",1026606785
"5219cb469fff40cd9606bad9",438343470
"521e9326a2003c7b56fc4365",989584544
"52338f4f7c8af6c649106a96",452684863
"5234aeb6d817b8ad876e50fe",543238479
"523605d1fbb75b0c5acec5f7",460521506
"52373e15e9dc1ad371a0c090",569608324
"5246f7d8023a4c178af6d10c",552704960
"524e00e537f841c13497cd52",637859256
"5271cd1cb962066407490051",926927492
"5272c50f1d8fded01f7fb0e0",619921126
"527a1c27e038e45d2d1fcd9f",479678075
"527a8fb085995119f846a5d1",840191693
"527e4b1b06637b5362c8f17d",570136770
"527e571030a7d8fbbf1a41c4",805145134
"528014ff6b7cdbfc174f4fcb",599749650
"5282c3c48495dc31359e70c6",425472618
"52864916eb1984abca41ec66",875820015
"52871480f7bdf5ac3d785630",711964546
"528a6345df87dd0db33bf822",621831192
"528a96aa31409c32bc9f1f63",1070682249
"529d6599d8a64c63566a11e9",429268906
"52a438d024af0d5c38627ad0",669768978
"52b3823c59546a6ff3de4d09",427624302
"52b52aced4853a3e3d7fa058",633171790
"52b699f9900d81ae85ddc7d6",513165857
"52c1ab7484e412ccbf5d57a5",856647609
"52cec2691ff635031fce9507",433072130
"52d6c4bcb442eebdab338116",849635776
"52e5904902e4d75ad87afde7",534844236
"52e7657a539be5f36f48bed8",1160549703
"52f026e670e9851b08c70542",784142914
"52f24ab479fad35c8bb5a8f6",589250989
"52fa1eb3cc7cc2f77ff98764",535733822
"52fbef3effd854b0ad0f62b1",875985867
"530a3bae5a13291c69bb8474",520944941
"530b25326f39c347a35a8caa",515943773
"5325f16558ed6d2689bcbb46",580841820
"532bf5813d7e70958f71a480",876634548
"533134592237b2748915eed8",961810263
"533363375cf2cbc50d86773c",626910164
"534466a857d28dcc598e3a49",849037584
"53462704cfc47d32492b4847",889000808
"534be635a841fe21c7a702f2",760403767
"5354a816a7da90e205448832",516493522
"535bdffc5b79d62aa6179c48",1289315499
"53647abd1d1b10c9226eac73",501962060
"53688de79b052b3185fa9435",690559843
"536b5a8aea016aaa90fe744a",820760430
"536fa59adc007df763949045",858096925
"53715a484e20d6152c76fdab",1001230535
"5372f93d988c3c917629f9f3",493136418
"537a9a2dd0ace0d0131722a1",893619548
"5384587ecbf956275d86e60a",400010469
"53870de54350a8cd7c13f014",795711211
"53881f29c7a6bef0ab537466",468652396
"539467d04a2b3e78c592b11b",414463247
"53973c17ea7e89fbee5e6cf4",371645219
"5399af7ea98c97b5906efe1d",723647657
"539c12d2fe8cbf950b75a0fd",410905595
"53a447ad5e011909080c0ecb",1291305138
"53aa9cd32e2a6aa346d3d789",685448124
"53ab42a93b6deb152951f82f",1067050466
"53b5ffa0cf0dd12e4eeb6a2a",1041088608
"53bbf1d3345eabc2a8b7f5ff",893052976
"53bdf5c3cd800459acca551c",508654478
"53d33316e237830ad463a26b",519485270
"53d3e32b1dc782308e352a33",933407646
"53de17a986d62a44d7897200",465646797
"53e14e867f8b02c6043ae02a",428463102
"53e94de217ec45ad576fd83b",685266063
"53eab0ecc3ff098d55666699",1209178598
"53ebe061b85f046ed12ee9c5",938953412
"53fbed4f9680917f0615ae7e",471627145
"53fd196fd0c0558ed1219329",396462009
"53fdb16ec08e794dba9a10ea",868134003
"53ffa19a09c447f3759f86f3",715067382
"54022fa49ecd9cf290aefc89",1017740195
"540c4d7a79864885d73cca95",472807938
"54228579fd8812c3ea160341",864183430
"5428bf7f37a94ce9fb2dd435",646314075
"542b5322e59a3273e10dcda9",855696847
"542db19bc6b9a1366715dd7e",736545118
"54304b6117b797791d266cc0",703820504
"543822711986a454cfd764e3",1241512541
"5438c2127072b47e3af428d8",894971306
"543edc342ad39b149501aaeb",403880209
"5440ee15bccc4eaf827fefa8",760025667
"54445913b2dc2d6ba35abc66",603082360
"54561e6ed5570577ea97eeeb",1113872930
"545db4962e6294cc5ed07727",941104674
"5461aeb15c7f826f0ce157e8",440169381
"5464fe43eded098294d634ba",687621289
"54673ffd4971d04493a1b1c7",696228765
"5469c33200ffa87952b356d0",414704239
"546b56fbf616a6dfd1ad9d88",858325229
"546d570784c7ab8746bba80e",526832670
"5472d536d1b6b731537bb67e",520696535
"547661e79bf0c62cb8de63d1",690008937
"547c8638128424b89d602f50",1091065352
"548791b5faf236b1c03b7523",747040709
"549024cda1c093c9f8bc2ea3",440089166
"54933f8b33a4fd6f031ed5be",736087175
"54952b5f463c64c605576601",449009773
"5498b3e3ca091bb81be87166",595726197
"549ebb2f616d50ca778e92cb",777612735
"54a09a85767156b072c808c8",797236623
"54aad3aa4a166d2d50df48cb",1154854392
"54b474bc7cb126bfe8e6c144",837956146
"54bc553b5b8abad0ceed4d53",495618444
"54c0e5e6d368ec51f6e75c1e",796767178
"54c33befb89cc873771c3be6",1223194983
"54c3eff286c62f05ebe2ba57",465583848
"54c74b36962edcc922573792",511700410
"54c9bffcdc46819f67e4b3d1",896628229
"54cdeb67ca9ea56205e4e533",1033605750
"54d10cb2a44179fd4d726f1b",714107292
"54d11dce9374378326f7ac62",437326495
"54de2275006e273686ae5fac",971374386
"54ec4fd8f49c897c644ce83a",841761684
"54f16cb9563346e15b019102",425409942
"54f7aab6b91b48272a81fb47",531794887
"54fb79bb019bfd10e5481ec9",817260593
"550157aa4dae5fafc5d795b4",610720778
"550c5061428d09afa0c409f3",735725045
"55118881731616058c929b1a",1065544639
"55163359d7cd910861059389",1025890375
"551ca6ad1ecfc7ac21f8ef0d",866405551
"55209683056fe2f9faef7fc8",524626784
"5520cf373444931ed8630635",536736923
"552152b60bdc1ca16d2dbb71",677848074
"552217c633d2562cdcaa81bb",674305161
"5529091bcc05ba5cb2156b15",597085474
"5529d858e9c9e3e92ce8a95a",455214606
"552ab0964056c1d1d1b7398c",887532477
"552b01d72edb192663998c4b",965560771
"5531b9663c5a37a2bdd97e9a",621113335
"5537b994e85c2688fe555d5c",583671542
"5541cbe23acd6ffd4aa0d939",705411163
"554ec896fe4f9d8f2e8eabe0",981894497
"55597a7b8637f24198415ed8",849832960
"555a293dbc104e00f182fe34",575671478
"5561eab714583013b422e7d4",773221101
"556210496090b42ac10cf1b8",1062697862
"55657bb933aa2ea3083e0b90",429333964
"556a39ca66e10ba3545f2234",516221989
"556cb23459a9007127b3ad46",896638813
"557e40fdc93c1824b0bed769",469665774
"558b7d06789a1c8e488c38d2",669811345
"558cb38bcb8de04588bdfa30",658679407
"558d9e4b57fbe6c7e0a09a95",891178892
"55902baa0ece72e2e8c869d6",991069541
"559fabe06aaee537322d0af8",438333607
"55a615a3b3919798d54e885f",681767212
"55a615b65a28b64d46ec63e4",408387218
"55ae7bc854658aa5fa49d368",547287511
"55b72f6c7163a9b0b3b0b262",531361254
"55bfd350162592f2571e3a0d",686639214
"55c5e58ec636586755df3dee",550854588
"55c5eeb4861e8cd71731274d",1181490960
"55c7cbf5e572d2342d0d7071",739278156
"55d0225b44a81e82eea3efcf",1034146129
"55d2ad80322427ee3426dceb",1112443665
"55d47b5f3d0d2dd7c2bf4034",585439121
"55d4b530b881abfce2d03e56",826333810
"55e307c88e2a943acd64a9a5",638766828
"55ea155410b001104518e992",512370871
"55f0e95dc857256aec65ec1a",1329389280
"55f67dd7302b68477e803399",487024849
"55f747145222c070fdd50175",804793114
"55ff644abd72eaff17d533f0",1243187672
"5607cef08511dbbf3288a5bd",680608614
"560a750cb6f8683ccac4563b",845215777
"561689dc0f267cc5011ede3a",1136106253
"561840990333852ace562b82",583643658
"561a262410ca91d69a58645f",1141727137
"561cf254aba002fdef8258ff",598829634
"56234f11aae98489ae00a8d3",613636575
"562c7846b05072561d96698d",506898128
"56334a9db3ccc24faf138edf",827493027
"5637f3d3278ea049333afff4",431900429
"5644b84ee2edcf7267b2189c",930204216
"5648633b1f92de1ddaa7e7ab",500755252
"565fb93190cd34ac8b01f01b",748543068
"5664cfe452394ff9376bcc8b",446639264
"5666f3c36f0ce4eab2c39299",637879658
"567ca46ac91cc53e3b479547",422065260
"56807890f8587cd75893aec9",748056291
"56822f406646f93fb39d9e60",422057703
"568509a7aba60f8fe2d0cd5a",504189762
"5688288ee38f1a69894ac77a",889171779
"5694c1f689779fb5ca95686f",500063928
"56991f74ed430ed942b2d6d6",941063214
"569bb17b961fbdadf7106d56",1277265029
"569e2cad5c18a5f393f80a8d",760578362
"56a7470ed14454665aaef75a",1333194243
"56ae6108c1b53c649da2f6ba",583717966
"56b22bd973f94a4bfaaf6b33",638460861
"56b78bb57b2d1f064c47891f",562443956
"56b7a6da82134b135fb7de2d",966114457
"56ba332c82c36f07ba6bd271",1273217017
"56bd3b61805077405af098a9",533484232
"56c2e8e14f9c6c9a9f046a08",549495800
"56c41a58ed5b9864b68fc910",508301257
"56c6bf831d3c6737e3844969",723410626
"56dd1bc39664f8e9f316851b",831893554
"56ddb54e50deaf650a25e82c",638534929
"56e3e7d822e13838ab9f85b0",753583618
"56e5afaecb2cac6293cde16d",471404084
"56f30ea777f5493139f22384",1118817499
"56f72c2d672b7bc3c264f7fd",594628612
"56fc1855dc6375dee0506133",754494786
"56fe5c13f11813b82dfb04f8",683580975
"56ff1f7e81fda0c8491c354d",532554457
"5703b4ab6e77d88f751bc6e7",647708008
"5703df84eef7ca9bec5bde45",874238494
"57062f248424c47282d3da30",722874780
"5716ed7d678cc2575397174d",426584754
"5717732a654405ba208c0f5f",1101665224
"571e1a8c252cd67ee0475974",1008381690
"57238dca767ebf3a842c5f10",954101456
"572488a9a75f64434dca5dc5",485762034
"5724ecee1b12e888d538c1fe",649590895
"572ae40f693551547e13a196",1111899763
"5731cdf8cac0b8371d786c90",816625043
"5734cd4805f5c055d36ec645",724947256
"5738bc8873b341bf92ece0db",586342643
"573bf87f57db6e037aeb94b1",801103204
"573ea1962372999346590c0f",1037667350
"574b6bef16abb21fd67db401",535994763
"57551742fefae23bb32571f4",693641800
"5766f7cfab59c920081e3046",554314397
"57744cb947a923584fc6bcc4",424634517
"577b17cb350bd2a646725b6d",1034760382
"5787d7c671378e596edfb58c",786815158
"57891292fbd530872cbe68b2",1086395974
"5790e4cf8102dba35e184ca1",635354238
"5796e37eb1a995db5cc06eea",461017456
"57999ba0ed9089739a1f4de1",849040388
"579ee47bc31f5408314bca28",586768837
"57a5f4f83a474ae156f207ee",748056291
"57aa22792684debb8d4079dc",556341083
"57b3791f2c5acffb0097f7c4",1194754777
"57b7aff18c444fa3c577b079",464964811
"57c1ed738536d177d66fc52c",1289685740
"57c29184563b31f5f752c5c1",1178519091
"57c63e412f3fceedd3a7e698",797036926
"57c68d470f6248d00b6719e4",763780839
"57c74f7b9bc5e33cc823439f",755740347
"57c7684f8cd8d78909711b53",485705360
"57c87ce038e4e523b4ec189b",885933225
"57cafce17dc4de3bf8a9ba90",1038677398
"57d17db2cc5ce1aa889f1f50",1050143799
"57d8cac189a13c180f08cd2d",480312454
"57dd353ac00d0e99abdb3733",1187382778
"57deff02895d5286eda10d89",1127853569
"57e5120d0b71ec6a67746a59",674497181
"57e8ea351ecd1ff0825b1324",784017613
"57eaaaf24cf82d885f0f1dff",556341083
"57ef53ecf8b709ddc05aceec",799151533
"57f4a3f6fe2e41ad97116002",584358371
"57f8a1e37c4ffb1b8cbd342a",637770048
"57fd11f829e31e198326ac98",1253007968
"580452a616b4f5170eb628d0",502884515
"580d8eee8dc4b7d43cb193c7",894971306
"5814a1dd61362ded4f1d8d8d",1333806146
"5814dc311aa87b24e26aceb3",1064157410
"58185ef7646efa724e904f5b",646205151
"5826567e12ee3192785e36f3",1112860264
"5838e86b74020a5bead56161",425550177
"583a8d8c5d7fa63125f62155",809850948
"583af1118e60e46c347ec593",1282837773
"584364cece0bc4d17f0e7fac",422015317
"5844c83fecdf7e09b188c2f0",625118207
"584990ea9718bb5598495061",388867785
"5852773a80f7f1b929c7dabc",1344069603
"5859ec20de4a5036292ee947",982177757
"586fde402c82c1eb5a74d634",462218664
"58708fd9e83147daf1a80c48",437999271
"587e67078115103d184970be",422599157
"588400f7829874f9de919e39",619610309
"5885faa4aac834118c5e4351",466623718
"58954e79191c62ceb1ead100",1053966608
"58a3a9f44bc7846ae26413e5",669023426
"58a5dacf2f664512c2b00ea2",731818215
"58a724e8a0e05140b07539b6",814029421
"58a86bf535b4c16b50dfca06",392571514
"58ac250fa52a1ac7ce39f70f",468633503
"58b139bc16fa2731e4b76f28",561576734
"58b3ab31de2f9fdb0da0dc8d",816379517
"58b40969f1b73182cb6d30db",548932806
"58bc2b0acdb0702732894fa9",541829894
"58bc65fd2e0e4430fb353d83",936135232
"58be66aeab226c35330d57d5",566793187
"58c2b87098ad454b1fadb13a",745111315
"58c6518f9d2d0526d31e7566",426300163
"58cdc29143b85386c76bedbd",1013328535
"58d24ab99d74ae4c449c90ba",724947256
"58d92e8a26589e37b7123716",547315622
"58f02c785ee9a506e899b967",833723729
"58f55e9bf743e2e3ad43c274",814195817
"5910c9b29a1025bada93a5e1",1091145050
"5915093d458d4b6589e86f59",539610759
"5921ce922675f6517f8f0007",1084328011
"5929c81cfde8ae068a8b822c",911743696
"592c9c45c07388359f663219",538699687
"5933c18b8cb17cc6e4ae91cf",1039888774
"59374f70d5e7da97e3b8b35f",1105894989
"5943151d9a76010179f6c297",659769468
"594d46a91315527995cbd807",727427513
"594d8d78af90086bf8cdf09c",772267961
"59519bb6d5d299ee0b767224",743410294
"595415e95e075b70c39d5c5d",785399431
"5960f14f2a81075fa66568f8",570437642
"5965d19a68a8414b0419bc68",870654488
"596b6f435f76058493a16cd6",1058272515
"59764968800501c68631aea3",842814444
"597d3f78e2f413acabf825c0",533529601
"59805e5f4080246ac1d92b34",681536587
"5987f6171a2bcb37062ccc94",944893136
"599506739a6544839bd97b81",899224140
"5996fc90f923d6e8527097ae",537714530
"5997da918101ff14bddf20eb",500072098
"59a309a6af425b2028a2ad69",937775493
"59a3b1a44c35ed4936cf7843",771267748
"59afb00a84b4f2a9ffbf71c6",814071911
"59b271bf9e2d29ed35352f5e",546396897
"59b5fe8d4f5ae272dbaa5ba0",1047622608
"59b88e154c07bb7c0ddb4e8f",945640838
"59b9a5730cc8a41bb7a1d16a",947354003
"59be3c447844f31267366cbe",515894994
"59c11d3de7153d2605cc2273",705817352
"59cb7abb39785d5263a156c3",844575027
"59cbc0e7dc6e6922feffab8f",681596894
"59db28ba77489750903261d5",559557992
"59dd396f70b8458772307895",822860892
"59e48259a076518d929f5db8",431028352
"59f9cc9b23cdea5bd4cc3ae9",899897932
"5a066d6bb65d28c2094051f6",722356656
"5a06a8b33611251b62d77e72",952246373
"5a11cc89d3b01eb87535ff1b",845503097
"5a12a15af3c0585d81ba8f5a",587316067
"5a16b30f4d580352710e92f1",845242513
"5a2624a08494481388f6daff",1080355299
"5a3119efc021fd0f102ab958",504291948
"5a3625846567d06dbe4cea0a",908801957
"5a38f908d8d75c5810280e12",566804635
"5a4039f0ca12767138ae585f",518740811
"5a428139d5ce6bbd9505945c",1117997858
"5a44636153b1d4a74d58513a",635321353
"5a44be6fad8878eb2c394ca9",922496530
"5a5377f2d087b7bb183783bb",529980002
"5a5a581ad5540fc82cd3c2ed",718630544
"5a6397b85f45fba27dd9311f",848078848
"5a681060eeb2fc8f1b3261da",698793231
"5a6878f8a47f1fa2fc1d600d",1198604943
"5a69ebde2e113923ddbcd18d",917523810
"5a6b30b4d33e068d421bc2a1",715800722
"5a6eab133b7e95155f6a9012",477457419
"5a72e2a62121158efe59069d",492366338
"5a7b67d4c79ecd83b7ab66e9",898177149
"5a80dd0f68dc2cf9fb1b0c03",440612735
"5a82fa348f3b97e74cdd3a61",816363043
"5a83bd697db5076016c0671e",509625232
"5a84e6d2ab8db0fc60775d03",605798485
"5a8638c17d14ec4f6d447b8c",446205602
"5a8950a64b4aea4ac13dad45",1002264440
"5a9892659590355b91442979",726882890
"5aa1667bc8db26bac1c72f5f",1002709252
"5aa715bbe2b178ad0c9e4b08",714832022
"5aa78a2bc8ec5e2be315fbcc",1031385227
"5aac1a1d5da10b76ba4b690c",988544727
"5aaed76349fc95f6c12ced7b",1291860165
"5ab0b8b0d6d93c4654b5cc14",478684172
"5abb555cb9d65db8e6c28201",453642783
"5ac98c971b9293bc6a8a6aae",1025392545
"5acc9d767e3117bed0fd8464",770991968
"5ad6f4091b77715b7f74587c",566231953
"5ad71b7cfd356a75021174ab",602867915
"5ade8e9c79288d511ce1fd79",757283230
"5ae03c0e33dc7d3e0e0d54a5",766023276
"5ae08e5999ca2ba0a1e2d8a7",654317553
"5ae2fec22f535ec2490174c5",392748175
"5ae3359bfe2a704de00e8801",543631825
"5af99278b1091dca9b0b0332",782848820
"5b0219cdbb8ed527aec91659",1034937759
"5b0530f544da162b9a8ff772",823756599
"5b0918cab84af6fa6c464037",748056291
"5b139fdb19ff722a846d71f0",806315371
"5b146f1914acf2ae78360fec",711755203
"5b169f28ea1dc473ddf11580",397083331
"5b1902dd7768f5144ae7704c",941104674
"5b29d453bd368190e0e356c2",606037872
"5b312ebdf71ab7971f9fd2d6",564585961
"5b328b80dd844db2e946302b",407165721
"5b36bc6e78872d2ca6d3d1f9",548167756
"5b377636fe30946fff973f3d",854743673
"5b3a467a3b0feb8ed81be1b7",1169350704
"5b3ba9e56e24e08e1f81e220",438412119
"5b462279f602c5b67ada82ee",625778565
"5b57258272dfd1babb29e7fb",657934349
"5b5bb8156b98eb51a58e73bd",460665572
"5b5db88fa09ecd8f4b9cef6a",522869958
"5b6f21752f3744ec6e529d74",893619548
"5b76ae185e6b41243777cb4a",429235825
"5b83b73ec31031582aabc527",426698695
"5b83d91f4d6364d3e4be1428",794789238
"5b84f5de073000ad4d4b1a04",1262192807
"5b908b8abd8dd0862440c172",577870106
"5b9469c3ff6b197bfe3513cd",604942971
"5b9a21a42d5f50ed4b10581c",940132864
"5b9bae6f556700e099fedf08",561624990
"5b9ef8d6defdaf13dccc5ae9",454181507
"5ba05f67a77cebe5cda31e74",871782977
"5ba4bb943139d7930cb91650",811234795
"5ba6b4953759b45cb83512c7",915346554
"5bb87c8d49ba8ae67a659b52",852028067
"5bb9dac6e0e9409e89aa6cee",738048802
"5bba6c40aeb129c433d2c58e",763717481
"5bbc190cdc5ff3296801ac0a",521617168
"5bbc4ff9cc3ddacb39469e27",919233212
"5bbd0476c27c53e2bcaf9462",854684624
"5bc46671989de2534553ae49",592768465
"5bd24b842a67601630036d0c",796117860
"5bd59dbebb0d6fa71efa4c66",478398586
"5bdb5174517b8faa23df9587",905753134
"5bf6c1862c0bc967da2cc484",1068605554
"5c02d79c59fb636ca4cbe86e",432559499
"5c0e328a04f881674ae1046e",821752018
"5c1bd88edef0a4146c871fcc",616558117
"5c1d1ee26cbde5b766cb4ca1",878049520
"5c208e5c37aad07602f7cd7f",509098508
"5c25ccfc7ae77f1d85981a79",508962892
"5c2ba5028fd94a6b9859de70",484686570
"5c372bd1e01f3243256e27ca",446213722
"5c3aaf3f75d6d3ae9b55cee6",634043236
"5c449356b8b2d7e0928cce59",985815696
"5c5039602efa36222e64108a",745978457
"5c50853824c890a5a7f0cd70",591437566
"5c535b7d92e34c0fe4b66891",567302386
"5c5963c17bafef1a1bfd5e03",1001936863
"5c5ea0d8bae75e0a5c88414f",902127176
"5c60d7880850970facc54bb8",814544015
"5c6e6dae74e39d33621c7119",1182229416
"5c6edbdf110bca5a66a51585",434446226
"5c77e242474e477513b60ad8",549213399
"5c789f2834a1a69aede6316c",475952767
"5c7c83526b72ced12a08e573",540154503
"5c7efb015b8ff7f108c99723",683580975
"5c802e198dc0906016741026",502276082
"5c8240a1ebf6138f81dac715",1033524836
"5c8f3b7ccb4340263c255d00",477896966
"5ca0586ab7d20dce5e9ca8a0",668759813
"5cae4522fa829a1614739b64",1178130903
"5cb29f5aaad14b6c33813580",475004675
"5cc0700421954934cd8dc445",572358614
"5cccf025fcc0a7d9ea01b170",441452285
"5cd742ea274b4a8832114080",682009697
"5cde1a59393643d7ed4e909b",834189483
"5cde51bd6de3759821216d5c",996176875
"5cf70a67ec25288657d6fff4",813268275
"5cfc9e48ab90da0f4e98a7ae",818562342
"5d030db414b00948ec10d18f",391925728
"5d09f2d1cc5fec761ac4372d",989062063
"5d17daf3e98cf433267d978f",1163704318
"5d2200b04fde91f830478aa4",476880193
"5d2be469f69f31090769efe3",814488416
"5d2fd288d33283826210cb90",1132334906
"5d34f871e5a5cb3a655a0b13",816102267
"5d42f42059617a5ca7ff3a32",541558390
"5d4a23137173c0e2288ec418",547540901
"5d507cdfb7c233cf96dc6a83",678996619
"5d54a0a596d49d9f85f1b5e8",678315843
"5d61946d53efdd9bd0af140b",926295943
"5d646ababb10f51c141e0d8a",749526784
"5d6c275d9d3326e738c875c8",898570623
"5d82060575bdb7be33e63ecb",889591816
"5d85d77a06d0f0324d15d162",1063811496
"5d86154fc1769d4dccac1269",670778162
"5d86a1db39e324770ae58efa",401481763
"5d86b884df3627d93f206952",1025890375
"5d91dd63b6aef851e0c78389",683074832
"5d97aad3e83e26b551c3399a",708659769
"5d9f8f380a6434096a0cd906",489199518
"5dac2d2027b6c81c1b7ee3a4",422251592
"5daf1136686fc538db40afad",439275931
"5db3d671b5aa03dc33f258dc",400452373
"5db50c50b523f3d454e94dc9",619427207
"5dba98aa20e371c3947c19b9",914166155
"5dbcb55dbba823dc31b041f6",1063811496
"5dc1fd6ec7ec8c8af71e3b6b",764714291
"5dc404d1c214abd2d45b2a0a",1210274920
"5dcc8f6a6854a864dcd27a87",703763724
"5de0f045039122af0052c544",960378964
"5de86bddd492f76596b17a0d",960997162
"5dead94ad2dd86dd41448994",556341083
"5dedb7b64b6ad0b514de2bfb",756810449
"5df95b44c73b249be0fc69e3",467829292
"5e0100ae728e347eedce5b14",1045676401
"5e04875f99a5e4476c0b4186",623108306
"5e113e1e878da12e312cf875",1241791823
"5e187b07578d582ff3d8e189",841857075
"5e18ac352e3f3119f5f9197a",1071112910
"5e1cc2905f7a701f895123d8",653830464
"5e36efb290bb265d81706bd4",753677431
"5e3785bd517f4faa2bcf43d6",1233618931
"5e3d7da3cfe55ad1fe609579",725636304
"5e455623c380290e0a8e4e48",442996106
"5e5ca2753a908aa1b7fe80a2",756224879
"5e5ea93675900efebecaa19a",418735653
"5e6324cfe41c3676c7d0a5da",884725195
"5e6b2661bb7ba0ce4776d483",377071986
"5e6b54654c98c2517c2e31d7",1067518247
"5e72dbafa642e4f416e6f01a",695663037
"5e7ac1ffc0886c27471d1a54",655831144
"5e7e36116dbc08932f5fcbf0",785158445
"5e8b2528c1c0a5c12a476919",1023432898
"5e931fda1e62fe41ff0f2ba2",569081361
"5e935d4a03c6abc86ac5adfa",1022140713
"5e93ed2a9b36625c4450b5bd",673813148
"5e9e9339fe1c3a06470cf7c6",623168347
"5ea150753f8d07c71af45cd9",930278200
"5eb268b95d7b6006b064f9af",748056291
"5eb815f9023e6eb97786233f",1273359958
"5ebc5cc2c1488f681cd119f2",794426562
"5ec01e911785dbd5b49b166c",494752187
"5ec12159380f4d1a85e8b0ef",500849441
"5ec3abf721e13b0d55829bba",763780839
"5ec6e033b9dcb454c57050c3",794426562
"5ecbd5b92092264f4e9101bd",606347868
"5ed1320fe84a518e267ff537",1264375107
"5ed8cd2cf2c6dd5b5241d6ac",941104674
"5edc37d9746cbef8352f0fa4",622082403
"5ee020d4adc767b3b16fffdb",399929914
"5ef33cf17d4b45277edf35a1",540092644
"5efca36c25884a2822bb7a81",543392507
"5f088237d263c37e78264bba",461817584
"5f0c7a6b4f46203648a0bacc",427147618
"5f0fa37b7c5cf77e0508abd2",1116059425
"5f18524e839c2987594a11a9",970552154
"5f26f33bd89fa7563ac6873f",571220859
"5f284a75ec8e9c72abc76695",851206788
"5f2df52db15d2e0ebd327a36",428613073
"5f2f7596a284915ebdb81a35",441696724
"5f39cf56c4e1bd43f61ecde4",675528901
"5f3a1ab21669ad9234d4dc63",845215777
"5f3a2a31f6d1838e0a9531fd",850162136
"5f467c6c80023b0174823d85",940740280
"5f4b0ec9c7452b888b33c3e8",542001799
"5f501c4532ade3f412359a1c",1131151292
"5f52e316136696cdb56e65a5",459366519
"5f5346deedcb7cf5dcd1e9be",720247931
"5f537d233678443192d22642",1129204658
"5f5856dd16c0e5131835e650",645288609
"5f6ad58df27b562db077b5ce",654383727
"5f798656baebb094a3c83793",1162904478
"5f8d0a2ab1f9136de446528a",709933585
"5f9ee280509afd55d24f39b7",674733495
"5f9fa56b99677a489a9966bf",674812994
"5fa1c8237da8fc7683bc10e0",602628207
"5fa3b0993cb43d3c72c30093",952743196
"5fb76f2095eb1a5cacc2524d",448460679
"5fb9bd3aee2e1320dcbea448",457774362
"5fc0f0c4fa019b6f1b2a016d",429793545
"5fc3634e1fcc96b9215a6cd9",1312544752
"5fc3de15eb0cd87be5ed2e6f",625718343
"5fc3ffb33090bf75a81aad8b",601965443
"5fc559104e0ba1112ce00f5d",1000611933
"5fc77edb0e5bec0ed8e72a60",737468853
"5fcd9836a3ea537fe86d457d",556955666
"5fcf1e2ab4edf13ec844decf",824668856
"5fd213a5236154ae5206c372",1253087717
"5fd3b0299c0d52e48195fbdc",444624647
"5fd89a857727753eae6632f3",529011932
"5fe25ab9cf4ea071cd6287dd",452600388
"5fe5f3c5919c0ebd57ec8e36",452828989
"5fedc401fc32ecc4d9ba7e89",447931088
"5ff696d8369101b6dc60e2ed",499761276
"6005ebd6442c62f8becdd2f5",1117544982
"600dc823c42aa64f60fc3ab9",643931027
"601193433c99337fe806b158",583683769
"601310d800d88f0d387235e4",1069850413
"6013b8c04f7b9fbc74ef1ec4",518583428
"601da8fc375ba0b3df3b38bc",1037262756
"602abdc140c40112afc1dc98",422148248
"603c736378e07570fb985ab0",912749436
"6049fb02c166ec9b4471a7c6",608832798
"604f1b5149f770a8f370fc75",429707022
"605276b332b5e5984b83ea8d",490401853
"605e7a71eecb13b23ffca0c1",583905690
"606affed5c707249158c4b49",750110226
"606df4826416ea0f146ddf99",533071789
"60704a08df293592e4cb5719",508301257
"6079fb3769f843e99b47988a",641247695
"607ed21e896eb5ffb50d5ead",442996106
"60823c81f0b98e8a57192a9b",806912839
"608a2339d558a6cea9478756",1144496990
"608b26adceba64d9ebc5486d",428908407
"608cf4f46a188cf84f853c72",442414791
"60a04215bee81d26f20cf0c3",771949872
"60a495b86d6eff1e345ecb06",502365467
"60a4f09c268e61fbbe423ff1",418979853
"60b5b0aa0c1319557cd0cc85",1169958871
"60bae7a45a084f117eda823d",906411363
"60c116411ab3cca49f7f49f1",447317761
"60c71a98253b5550d773a529",774833243
"60caee98c3cc8526d16d7f44",555961831
"60d5f19c16554cc2d8e5940f",943563165
"60dd7dc49139e7816dd8b143",733542180
"60de8c37c9eb96efc432451e",1059993761
"60e768892afb284b0e5042bb",760907397
"60f0df18cb4324ce5f4bf650",748279240
"610061a0e67aea7d222f08cf",1138382188
"6103571d9525ded3c09668c6",430476590
"61055e6eb1910507640ce6b4",854886704
"610f192d22864016cc2df1c9",738947230
"6110b5bf07cf38c437c7ca8a",1117421197
"611a369172eb6e3e2e4bdbfb",1186167915
"611a3e1d63c6ce5ff8779243",502431833
"6121943254877ee48716c4e1",399624655
"6123a0dd128e45216f832e3d",844719771
"6128a8deb1f0bfbbf0d67769",778570941
"613ad83abcebf6598f0079ab",708939065
"6140125d2a94efe499a6941d",470624870
"616a5485bc7721ecfcc21c70",405603218
"61779f1bec05260cf10a0d2b",603636846
"6183257f16bce94113879745",587417041
"6184f12f3a903658f3319290",609908045
"618dede0dbd48df4fe610af1",1290120756
"61953f4c9bac7cac5ddda5d9",1153544025
"61974f593c799e5d5090c067",379869035
"619abd5f978b1573761be86d",611944048
"619dab52b321ab297a604185",1154439183
"61a12496ac1e6f39c5ac5d3b",1172052592
"61a363a73f3c93aa1775c4ff",749461617
"61b3bd442f6fc8838e2f45af",626388855
"61b9307a25be3119effbd0d2",499463582
"61ba09084039a467410aeadb",798872602
"61c3c304eb8a06b5a483efd9",814020998
"61cb98125f43429f7f93c898",806315371
"61d6969334fc63611c810e2b",784397929
"61e1e0c49f3aafee6ec9179d",782833271
"61e57e5539c40e5ffeb77997",460521506
"61e9c2375626a18bc9920c5d",550523773
"61f634438de4a10a861f42c0",543251573
"61f84e5a07f37865c31d4a07",1152439069
"61fe9ea90c8a777971db8384",738360894
"61ffbbc24b30698ab8f735c0",475376620
"620e467297aed5c47e22735a",366787134
"62103a85a8ddcfbf5e40e284",988281270
"6218a5d7267f02c576e5bf16",733699445
"621c3051ef29e8da01e6bb2a",680250555
"62259b400be228a30a655a59",911361239
"622872d345b4b0d9c1b9302f",727641478
"6228854021e72af611d2e59a",666349539
"622fdba953206a65224f2c82",527494667
"62313cfe4272d263173e1ea9",797810954
"623b7d96c0fa09e50148aa7b",797917027
"623df36ea9610ed5c58dbd8b",457827348
"6240b85a47c079cd0efb077b",611358158
"6247fb0e5261d4225f6c9f1e",766227216
"6251cda3676ecbdb6555c526",523475787
"6254ee88812e303bdedb8767",1356448092
"625caf4f4f56f3f6bfd3f786",421699602
"6270356f1cc3dff186d0ff4e",644463290
"6276bb8ceb13d174b8e405f0",404980396
"628b3b56449724e7d945351b",759051955
"6293e4a72b5c84782bcdbf78",909575943
"629a6122db92e378f0eab96e",887217411
"62be98264dbfd418ba21cfac",875618026
"62c017eac96743cfbb61e86b",647445038
"62c39ad30e9a26d8cf3593b4",1080079822
"62cd6a29e98a5b7a5ad38050",743337888
"62d338c26b44153bb075b234",1096069567
"62db5fd2a4eb831d281ba8ba",1280379470
"62dc69d80cd6ea9fb7fe52db",793543631
"62e0110b1c8dda16cc7da89c",710144190
"62e376b22a4cf0d84b7f6bff",993768182
"62e9330888566f1f826e1ee7",757847986
"62ea31859e01c2f4d4e97baa",636189871
"62f022e19ce6608919eab5f9",427654422
"62f46b8989bee43db86ff589",434428574
"62f96ed5c1e5f28117949a23",436034707
"62fbacd4e172983a2a998daf",787910893
"6302477fe8172d08f3b4815f",509380353
"6302d4fff078a118c3211794",1023086009
"6302e608d8f37e63f4e5cc27",420860320
"6305f02255274ab5fb6bd39c",799151533
"630f00e15cbd7826475d1509",1034760382
"63131b8d125073c7dfec72f2",929655856
"63182bbbd5f94cea67de2d8b",665542488
"631e6aee6ec1f720f3c78775",632282469
"631ecfa47fe167bfaaa967e5",413689592
"631f4c509de8dd64f1c400db",838717460
"6320f26d77fcd56675db6b97",646540023
"632820af2a0477aea5ccfa1e",1004328062
"6334eb4a37d102ee00c6e2a1",459001548
"6337f924f515625e7fa638a4",834341362
"633a7038a23ffaf4b3f7896d",952743196
"6361330195fa7cdc6d5c603b",850827349
"63613a9290bcd9e1bcf2786c",754184654
"63674e7ddf6f2b4d7c6d5c1b",397112759
"6367a127b452cfa27043f74f",806817394
"63698398738ebc7ccebac817",772198901
"63717ed97f95e32b2ca321f3",807415732
"63773145b1a896df26504b0d",459472542
"6388b4cfd09e2b1219268cb2",592173564
"6396667677a878ff61e1b536",499822241
"639b98d0798b5670e7bb2569",959554240
"63a25d279fc5a9e8fc1dfae3",408128971
"63a5989d0dad994a6af7734c",432114127
"63b09e45c1b7dca181491030",703816628
"63b982fab95cd17211a4a58d",605854939
"63cc884a9c5c888de176461a",912059606
"63cdd73026431f5566fe246e",496908448
"63cde4fad1be942dc5ee695d",432709414
"63cee15dc4a6808616a2c2e6",481157555
"63cf422266e7c39a6c895b3e",784444238
"63cff4b5ebb2b6528ad34cd6",853830722
"63dfd58a5c43cc7c0a468209",392353569
"63e1ff737ea11ec607ecee08",907002725
"63e73f1b8b385d89de1329c2",446039020
"63f3295df28c02953241e2a0",598136459
"63f4e57fb2cc22659e80d6fc",455237540
"63fa384ea296390350f23d7f",811665575
"640a801d503d85835eb65a42",941019729
"640e9fe41fb79ecba89d8951",1065596779
"6410d336f6e61c4a81403c61",638355559
"641600a4cbb13b35dc7913e8",1048839814
"641ac8f4f60ae2b9cf6add93",851136426
"641f4319c315cbb74872b8ac",415299876
"64335f6d4c1a7514377be77d",649666365
"643e13f00dfe7787a19b1254",464117242
"64593641e470908ef23b46cb",977020366
"645e1c7b799a489887086a1d",816625043
"645f3c4490ce43ed68c7df10",705411163
"6461c0a03ad3ecf2f8112759",849807836
"6463505a740324c7aa869d79",758541294
"6464d5cc161ac659dd963897",460695628
"646bb3de5a1cfe4bfb7a7ea7",1269648148
"646de9441934226c2ffeff77",770991968
"64731b6eaf4fd2bb6c155013",733965122
"647ec3f486cedf045cdd3b68",561071679
"648217f4d8b5e0e65dea066c",763568759
"6483f2fcdfbd26c621a527fb",989842730
"6490a1eff73727bf62458b0c",540760723
"64955a117f2d9264eb59fa82",817533007
"649a2784beb9b821d36179af",541642619
"649cca8c83352caf7442f20a",782848820
"64a24372d58a2cf535c3aac0",875280981
"64a4528640fe492865ebc0dd",965235031
"64a9f0bf04f1c890cc6e31eb",728860385
"64adcb2941e9553ee394caee",466644147
"64b4837e4550ce39f2f85342",816203216
"64cb8fc8412c9247a5c243ce",1262192807
"64d1c45a2968b0fbf0eeacaa",810352353
"64d9dff81c79a16579cef2f4",1218756192
"64e3401f22d18b573ff0504a",616558117
"64e5093d6bae57e8b4298123",926297737
"64ea18085495f759116f62c9",622713998
"64ecb100d7882ddec6bafbcb",671080632
"64edef308b6a9805f0846cbc",884764662
"64eea2e9a13a8edfe8ac7027",934960145
"64f36d32a3a64853227fa69b",1239416996
"64fbc9cac3f15c0f1a16f4d7",465349692
"65010e340fa495d060e32f7d",470430112
"65070c554133f2b4143fe051",615388613
"6511180e3128e083bbbb6940",1063437179
"6514f355887c64136edb5595",921172127
"6517c1efabdea4c1f93078b7",419928368
"651d5cd65f80c4938deb7da4",512330188
"651d6af0968fc05584cb3d25",619299802
"652793275729ff3b69e86072",543689346
"6528ca87df8bb477f4b6b8c7",473989894
"6542b39cc8d2d13dc828772d",893490347
"654d2a3a0e02065560ba2484",453936664
"655120f80a39c19221623311",667866520
"655d6eafd78be856479767e2",822006109
"65647ca6e47eb2b9ba20058d",697684408
"6565b3281cc2d632febbb6dc",1255585834
"656c13ca7a1974df58e1b826",1198978094
"65766c8572b629744f00b45c",576137494
"658c0b009a09339a3f312145",727620822
"659abd72d12756ba0670f466",457851714
"659bccaa707b94f303610225",623158333
"659e9ad0f593b644071cd850",539294610
"65a626faaed9d9e3b172415d",525080256
"65a8795e7a5b88acd7a469c4",715991348
"65ac61968819927b8fd9b990",536117718
"65ae1a893abdc2eaa63d9271",1042220085
"65b8c48546af394a924decbc",511652540
"65ba1feafecd7efdcf214ed2",1028396902
"65ba6e178f3565a84c6ff973",1064189136
"65bb6acd9be0f8d95fbc722f",773667942
"65c3e09ee6f1ef0500ca4316",860168966
"65c83da72c07b8e74bf581f5",750705983
"65d5918e826c33bb950fc008",548932806
"65e1a61d984712e76829c821",877517155
"65eaf65f8dccb8e49a93b753",869347225
"65f736c3fee3d14c31a57d1f",726848694
"65ff6cef76efb4c83ac0611e",640871408
"6601706d2133f96aecfcbfbb",517184357
"66019487c37339e9354ca999",799639824
"660eb3b40b2bcd07df8f5c3f",496740993
"660f3f9ed9a72d8875a9efcd",825742158
"6615da422a3864d415b28fe9",510343518
"661f7eaf134a5b142843368c",537904890
"662a221bbbd961c285069c49",890369770
"662a3e343a7e207ecc09d6b7",816379517
"66379c5752189c150954b4f0",398406942
"663e062b85f16c2419f8456b",698617556
"6641ef09c0bf5f3180952b30",412895687
"6645a3080e5d10779672d139",761480087
"664934c8e209352d2c79c971",544547360
"66526276a7e8da597683e8c9",691612751
"665d62a8019b27bf5ce6e6b4",545681692
"6665e5bc4774d04321d1ba9f",603726094
"6666ab486afcbc162fb560c6",917902893
"666af58bb684c2d8e7574e86",685928036
"6670cde3fbc11c263c6c3163",811365542
"667685f89a61aa2ad5c9ac7d",394670323
"6683685692e955a8ff172c89",875197112
"6687a2299f38c15598d11eef",1070572541
"6689af92cae5d7c9c3e2f215",811166495
"668db5244c4d5b5c76b0b395",806817394
"668e5bdda1f4011578534f54",1127574297
"66a2ec5aac8969b2be538c1c",709261984
"66a45b0aaf5f696d35f5cebb",564936968
"66a59937c54eff29ab14b474",757847856
"66b7baef9c6c3c7ad24636e1",1149457544
"66bc6e56bcac9bfc4a7341d8",478684172
"66bd80fd26836fd426be5733",583233024
"66cf83769d16a4d659edba6d",908592531
"66d402a9b7d05f29282ddb00",573141886
"66d41314804d77ea0f440695",951558154
"66d8ce8e6aad18a4963275fc",530736067
"66e4f010db2febff23b4a4f5",511500461
"66e9c614882d58c022de7a2c",816625043
"66f58d9d1e1eb7e81cab24a2",909479122
"66fa7c9e82a2876216b14b1e",561352026
"6700ad4d4d7f70def59a5d59",780769458
"670583e7a2ec6e337429fbf9",1227576849
"670f7dfbe2eba87e55176257",830122494
"670fe8f7b8ebe006885b2777",786251838
"67138978493b84ff42daad45",583702273
"6714f846f2fa3527641ad96c",753181435
"671603ba1f755be5d7219a01",475470963
"6720db016112cd2a4a5e0358",697298061
"67250a8950aebdbc67f7fbfa",1280932893
"67308f6bb80d2a203e306104",400710025
"6732b448d2e4f32679f235ad",1034760382
"6732c28a236aa1ccc0cb2c86",725912918
"673c72783eb4f9a02c511b83",1069964649
"673f2b913006ee8b33e75b5e",636622220
"674c02227165e1c7189c54e4",920464523
"674c915c52b27df2c06b8bd3",714007887
"674cccf4c7772d6091166aae",1030249350
"674ea6932fa9e6b7581479dc",712051763
"6750be41e08a725705256b0c",1151989741
"6752fcf8f1af18d61124e32c",706092798
"6765fc17d98c08142d3d7757",967805196
"6771a8c70428fec0f21d51a1",782848820
"677c8056695a5a539dcfa3d0",441642576
"6784e116d96e03911e2a07f7",557018810
"678927546243e932b48d6058",1280762940
"678a80840673787b3aa64228",807089885
"678ba0c80536dd27e385b31f",422652725
"678c70903bcb6c90e3578d6f",1014222596
"678d0e011f710cefa49f6465",429186270
"67a10f161cf7215302b6ca1b",401170862
"67a7cfe6e95aa5200c064717",676041996
"67ade5109553a9d784886a46",1047622608
"67af004f80b08fae38f472eb",484464380
"67bd5b20df7f2a9cf4e04358",602677179
"67c78ce1b8a64f36ddf90cf6",687621289
"67c945ee31cf1fa0a874e4a6",567560123
"67cf2149b4c214da77694088",880045979
"67dec8c47ad4de9605d56db7",567539025
"67f664c8f9250a22c10b4f67",816102267
"67f694b29bfa494bd9d9cf44",831302787
"68006626a3321fb0de032307",525085712
"68075b0ac8e779bf5e66dd3d",575872098
"6808b10f5876ca36f569a4b8",1036657496
"680a71ef7ec15bd919c06320",705243028
"68181ef118970fdb1d83f030",869064646
"681e772045fbee930fcc9ff3",1193111892
"6820ee22d6fafc9c030cb286",1346449623
"682b38de3539b2a584446922",390047611
"682c0a5f5f3130a61b5214d8",987258291
"68340674853f0ea101e32b46",392793484
"6834b61ee23cf04daf4fb83e",741396235
"6852e8bbadc1a9f4fbcd695d",814318938
"6859481703fb0cb34c1e564d",496423050
"685982808b30597cc013e2c7",488024447
"68699eb9653684fdd3fc79b0",941104674
"6879f05563a9f0748088cc65",894971306
"687b1dd576eb7d06a08c3439",695429222
"6883fb90099426e6f3922909",463577476
"68925fb9f8f0c84fa0ffa9fb",1063543484
"68939c438c34e79a317a4f3b",1041206087
"68963f5f3657cb64276e3beb",1016967500
"689aafdc12fd1610c2393a6c",835969614
"689b510fa99bda54284cfe7e",799486120
"689ba3a92dd7c12f1965031c",667034633
"68a00651ead62911f850cacd",441886946
"68a3f9ac977f56cd39a6a1b9",1232506657
"68a7d01e50462f7506f8c8d7",484766105
"68a8b8d077a8232723bf37e9",654383727
"68b547621c25c7418cfdf5dc",843368766
"68bda8b092d5a53a35dfaf07",1117942106
"68c145df0ef91fb4d14d001b",387743033
"68c319925551b9484778bb65",837193189
"68cd88b657b59f5671f59e04",421647707
"68cda50b602acb4efeb275a7",785764059
"68d35dadc6d0dea61bf4b513",414347363
"68dd15c8e9b71171348ea24b",1108212136
"68de232e27aa83405b4a19b9",1170688670
"68ea36e3f441cb6da8d36198",1211095505
"68f431548c330f84c46174f6",1087585860
"68f4e3d4355bb71db0f35a65",565985517
"68fabddb27fc928b57efcfea",647444412
"68fb3b3cc3e5b13440eb014b",1336680364
"6906a20be4962df7725dda7c",1132334906
"69190139558b2ef3eface18d",441780411
"691b030abfe1190802349715",391077985
"691c35e98d0d5780aa82aa06",558188591
"6920e6d7fff656d66844949a",770541967
"6921133528bd6fa3675ce8de",717496977
"692cc1c9949d35ae11412fd6",549430628
"6930d8e260fafaa5c317dc82",487239536
"69442123283ab024a911506e",1114181043
"6946fb4c877f35e9215ef4be",834085047
"694b0a500f1619c4ac4c85fb",870259554
"6974d82e41437d61c627b16e",894961073
"697b6c6f7666391fc689cfb9",929110451
"698383c101fb784f8e1b1ee6",441165871
"69843aedb25a928097a22a89",521570351
"698f3f1929a2dbbc69865b65",748056291
"699095150a7f3f32c40454fe",947045282
"699412bfdab1157487c81725",1065021777
"6996e88c10a94d9ee7d05357",451588691
"699ac8957d9b4eb7fcfbcc40",770959497
"699b68daa574a0f169436ccc",509588601
"699bf5460c63a4d0e4542ade",1134062354
"69a1f439de0f06e1143a0006",534924558
"69acab4a6f82ae943850b9ae",594773428
"69ae1f2868fe714ad8e2f114",372376017
"69bcce6b58fc3702580d3234",889540162
"69c28dce8eeaa86605143419",1193196655
"69c7e97037c747b93c33251b",1036742091
"69cb0f3d422c2c78373c2e0c",1116723376
"69d1e47b6bdc57512f1838a5",893005352
"69d83d8492db7ade6c37c3de",563416295
"69d9908e13bf7c8ac4c30531",456425110
"69dd957e78fcdd4d8e874acb",605013013
"69df7bc1d82d9723c70eca70",934915527
"69e663ffb4935aecb875854c",891216474
"69e6fbd4d3816c4cc37b265a",1075910933
"69f59487924240bac2e75bd4",1075910933
"69f7ab8608b5328f106b42e5",841754349
"69f7b81b70ea61f304ccd36d",696176988
"69fe76202cd89637a15de1d4",648798263
"6a01b6d09d516d67f4a2fb43",423325667
"6a04f8684e083eb6319b5272",732948324
"6a1024c5da689de67bdfa274",685635471
"6a112af84d5a81f3d16dfc32",1089169768
"6a21be8a7a429eacb1de8c1d",967177429
"6a2ce95a8be0654f193592e5",496079194
"6a2d4d9a257fdfb2ead837a1",420118334
"6a2db40e5f210a31b2f7119e",540041809
"6a39a747417143f0cd24f3bd",1195107070
"6a3f9046cfdbf4eefca3ca69",494995369
"6a42271a0b03bf9a856d1acf",681718860
"6a4f08cd04d558a56af732d9",467648512
"6a6178c4cae2e92a08b0dd0d",651782896
"6a65986cecddc5c47fbddb9e",729297664
"6a6d4f8251ff961609019ddf",403293549
"6a6d990b9b1bea0f844d3065",643266249
"6a8b9fd89b745a52703715ab",491651076
"6a9ef848f22fecb9569098c2",799119225
"6aaefcb58913bb3f49954b2d",735354363
"6ab5a87a537d2ce326c867c1",695392834
"6ab7f97fb9880e48fab16a1a",499116434
"6ac5f5f52cfeed2f0ac9d018",664107493
"6ac747618b6ca674e86cd275",473421208
"6acf9cef08906fe569c38572",1002668749
"6ad1fb94accb91bbc30449c4",519437181
"6ad3e1a47d1055b55d14e091",731888561
"6ae2221c504027acfb7368e8",466303277
"6ae4843a827b36bf189a32ff",886231965
"6aebff5b1fb3a438c2c7969f",587559805
"6afa85ee6594d1c8296f04b2",589960688
"6afff7782d129021eebee968",766388329
"6b0828221f9cdf5cf39e7c15",422999571
"6b1a1afa055c15908a855e9e",580397169
"6b1c0866e6f12f7fa8de94b2",611487425
"6b23aa3ca5edd20134811cea",392274224
"6b23f191d2ccbebf9166926c",956568643
"6b2d7f88f15cbf7d998986da",845215777
"6b3411cb8c50c1498572e681",538967813
"6b44648a905e7f4c0de6c855",470041811
"6b49a668de0edbe7f8110740",950140710
"6b6c365359d20be719ce815a",854477450
"6b7219005737d8660d134ace",1099728848
"6b74ef5c8ab1df614bfba866",848750349
"6b7aff233052b9bcb6b9448a",1325054607
"6b8c1c7c855656b0e56f0bb6",799664676
"6b8ce573bc2ee68ace26a67f",683074832
"6b8f7074aed7ae7e6cfbb090",1129012382
"6b9b9d28723c7ad176a9306e",919558926
"6b9bba3c6afa1f999a9429bd",415948503
"6b9d38e0b9a3e28e3e695be1",1053441732
"6ba298925ffad32daae55385",682036163
"6bb2ac0cf2369cd8fd85bc12",612891264
"6bb760d54e5b0f54d9612a8a",900874930
"6bbb24fd1b9df3df4e939fc3",597384812
"6bbb8f89bae38eff88c89c46",507457182
"6bbf09c3bbc3e3a000cd2afb",778831706
"6bbf67d88846e94a63014eee",1026410917
"6bcc29a0afc735bcf3621595",856626875
"6bd1a412c01387af8810ce57",1284288511
"6bdb3153f267395eefbf588c",513690848
"6bdd97526b1a9cf10853df1b",895346617
"6be0ddd4180b5eb92908da05",422015317
"6bf86a580c8b510b7447071a",657656402
"6bff92260afd556a98d3e3a5",709943082
"6c02bbf7f6b087a1f0c8a47a",545969304
"6c07175274fba6a0dc467cbe",694739851
"6c09a3ccddc797f77d63f1bc",947867241
"6c0ac32bc8a66844197c5fb4",644259340
"6c17875f20f58b1fb211c18f",1005644789
"6c21f6a3513869f93b32e9ec",1058741664
"6c316d2bb84fff36bb01f14c",1273359958
"6c3435048735371c36dd3892",1191581163
"6c36e346957e336a33a7708d",800322600
"6c3bb7e1696df587990161b1",415946589
"6c3bc8c58ce67b8bb9f5894f",944394970
"6c568d2287dcf12b2aacd388",714255119
"6c589b7e6a3cfad34e98bd87",872170061
"6c598362e322971968739673",400983068
"6c5bbbfa3a1515e5cdec9ae1",675722061
"6c618bfe55cac120a4f1e08b",643298511
"6c679d5b6a1c1b74bf483478",934960145
"6c67b1b0991a1d79251855c3",1061716603
"6c6e7af42a6ddf62b04c35fe",454498298
"6c75d7867807d942c975079f",956738950
"6c778557da9b5d99f90b1238",796115139
"6c8119e00b901efd2dd40f0b",780049462
"6c81a0b90366db9f514362b4",916348672
"6c8c5e22025ca4f450a428c3",582394896
"6c8e1cda487c9841c8d297d4",686617361
"6c8e27967ec63e6dec4bd6ac",1025890375
"6c94fd185169e708a08d3535",448557831
"6ca31945172976c3a11732c6",1272043775
"6caf180e36fe18078703db02",498250054
"6cb19c3e491a60bb2c166669",682036163
"6cc06c89c226a062fc46795a",471761182
"6cc0e6bfd30ed93fca2bb217",461686780
"6cc0fe8ddc318f1bbad360c5",969072472
"6cc4f32b39180bd1ec7e117b",620243690
"6cc6b0672aaccb8909f3a751",591812676
"6cc7718e834ba47a429d6874",546142106
"6cc8e22f11d382206273af23",851850102
"6cc9d912370da36c38ac2cbc",957039361
"6cd0aca2bc40d83473a39885",707136646
"6cd147720319f60ed2599361",841551710
"6cd4e68300a8bafb9d22700d",840737355
"6cd96d73fc58b1502bc6ead8",852493218
"6cda1a7622d5577c0056ba40",981602352
"6ce8991a39ec7b9883f85000",1231668101
"6cf924390dd3ed4454403887",471617750
"6cfb8a07fc1100569413b33a",756815911
"6d0680692396c07afc1a260c",683581812
"6d0c5546a498fafba15f2e17",408882794
"6d11001f164d81734a82ec1d",460020937
"6d12669907d7d80d0b458a93",1041965607
"6d13129db564ad15e69fd534",845215777
"6d1534800bf0ce97197efb6f",461427619
"6d21e1de9c880bfbb17350cd",779241335
"6d2328def08bae481705e20c",754320103
"6d255e0026d70dd44229a2f7",935358343
"6d2ec752890a2f1c4094044d",1026711335
"6d305d6f3e3c2a53515d5f6d",908801957
"6d32649478d9d86d840969f6",676745935
"6d3e508ff42615eb78862723",569857279
"6d4a961e099de1939adc6496",1060629528
"6d534e4baa1740d7839664eb",616746851
"6d592a69209ef3356e656c44",445455219
"6d5a91ae44cad7849dc4e969",808163646
"6d6aaf30227f16b2be29e79c",1037386915
"6d6ad5e3ebaba1c11dec0f16",509923756
"6d76a22793aa9b571da64572",880033688
"6d7ac64b8b9f27f61fb155ec",573553316
"6d825b439d8622ab90245049",608614315
"6d848e54ee68e6d8f23b3b1a",511761743
"6d860c215908949c4ba1c536",422006547
"6d8998442d831addafbc878f",953872174
"6d8a0768adedcc1070d28390",751160837
"6d8d2ba62c52445d78f687ed",878049520
"6d90801ea8cbc12f9e2131a3",592588568
"6d9c4bf994147d8892d27f27",1054512621
"6d9c89a406cf2e755d4172c5",437371993
"6db318f828d464be421eb572",601465409
"6dbb494acdc64c03742fa730",920510150
"6dbc77ad8c5c1e39f72cd2f6",920453206
"6dbfb281abaa9a6956c080d7",369077052
"6dd97377cbc262b07ea2eb99",416010083
"6ddb6863958ded0d72fcc6a9",452406081
"6dde6686bfdff12620f198d3",596907438
"6dde9af12b6597425160a47a",1104163612
"6de06f867a28393a9e95c7d4",413857020
"6de3c3d53d6aee18ccdee958",515160256
"6de7bfc5e8149ebc40ec0e4b",512563479
"6dfa362ff7a0d55693793db3",871398988
"6e0140e1d667cecd155c6e23",461177660
"6e07d31b81f3fc9b9de8e1a8",1283063802
"6e0d6bcb01e99fc4959d3f7f",454515070
"6e163c3a0e30e7bf1e909661",464357121
"6e1a9c8457d3ac6a57598052",730946430
"6e233ae6294318baaeebb59b",869683542
"6e26918c69487a735a639c1c",1312841533
"6e2a3e49dd6434ed01eb5e71",812657437
"6e2c39fbeb5392e6aee9b644",1246580961
"6e2f79cf68ac0ba2b1a6b0c4",1180994102
"6e36550a6ff6fdb2711a88c1",1212484268
"6e3cbbbd3f4d0578144cf021",562789318
"6e3cbc252c449fd4b758b97b",490020112
"6e426f60d25aa8a4c6f8c9e9",449194818
"6e4adafdd872a2837921276f",482505526
"6e4ce81e713a571601d861a2",602628207
"6e508fb72f189a4fa91bde58",883254232
"6e51ca1a9c2bba9fa0cbe5db",842919442
"6e537e91af0de67558bc1ee2",580932727
"6e5383a7f9a68147c2788565",868791095
"6e57de8c4ec2e42832cd4b09",886817581
"6e5ca223128fa2de422b4009",475921163
"6e606a7c8bc632ba0ba37184",436581210
"6e64677f8d730e1f9ca240d2",1006344109
"6e6f7fa167c0f617f50c86cb",814163548
"6e710984bbf2662a9cc7bc4c",405578908
"6e73e42a0d2ef8d6e403112b",407247481
"6e794276348acc39751eaf47",1020345984
"6e7f3a0cb6246f13656fc95c",1161201332
"6e807e25b64bf0de81f51c12",1186580059
"6e895a15d402ea7fcee98156",1087596033
"6e8e08e09da8dc598b8a8b2b",546396897
"6e9009ad01cf466e8f8136e5",1053441732
"6e9984a3c3daf63fce5cd3d6",703618375
"6e9c7f27d6b89c5f9696fae6",436506198
"6ea022e53741adac484c1798",786912550
"6ea0d50e822913d0f444d89e",712216002
"6ea18874ea84b5b4840f9b85",458086572
"6ea5fbf037ba7e5c74d7ca39",785455462
"6eabd14e55ff090e8a93c727",770454437
"6eb27e2a66d08a8a60567272",745115065
"6ebe90f7140b738b3696f086",581261714
"6ec4c88b8d3a16148e2e7348",845503097
"6ed2970ed02a3e50ac984aa1",778717093
"6ed5fa8f114431d158d35f43",459335425
"6ed772640e5a311cbfd17c31",524083480
"6edd2530070918074c8e7d07",921933217
"6ee1e976768b68cbc8008950",1029946091
"6eec5b03718975e5137d5e92",654340353
"6eee8548b87c9349ce90ac2b",506545718
"6ef43ab43841696400d91859",727218389
"6ef9135481d8fc882a1a735f",709154841
"6ef9ce7a53ba3bd892e21f1b",810283614
"6eff15cd6372aeaab2e665d8",415784681
"6f01f2c67343ebb8ec717a5b",637770048
"6f060a8ee8d6d15f46289759",744507369
"6f0fcd78c473e4e04fd411c8",702813122
"6f17875bd3ecf00566dd5c1b",730103833
"6f192e6a537c1509521e1e8a",763007532
"6f293451319bae38c71b8266",661954539
"6f3041147f930cd6cd4fae05",553530070
"6f3070318ab65b867b2702f0",445066439
"6f35fcba4ffd6a58bce85892",488127925
"6f37300b1fefaaf746f53907",1101343726
"6f3dd53b0935c9593a301bdc",531039873
"6f412fbb33519fdd31e741c4",467762429
"6f435cb10e5728ef45be9f29",1243118341
"6f502f363fb55811478e3b88",425978153
"6f52ea8340cdd283f9a79720",632958262
"6f543782174a964402b64de4",794297688
"6f5929e67fb8da068b91096c",1241512541
"6f63e4f866bda86d5c993c8d",415080081
"6f65de020f663622146b89aa",595014262
"6f68b289516faa0b7ef36a34",438067334
"6f6c83ff891e43b7c84728e0",884422116
"6f7bc7fd41ed908494d8e098",521536127
"6f7e390aa6135019dc5a828f",874732062
"6f83f14861e13af92a2b8cf9",449277810
"6f84d405f419590075610c5e",540380258
"6f8a0e8f1bce0243ea50213c",702776280
"6f8a22e4dd21f44bc6d383af",1307488305
"6f953b9964d60f6a74c81226",660194534
"6f968f62a6fa4dc255397bf7",1239675529
"6fa35f1af6d51d341a3165ae",725705616
"6fa5e5160d7c2bed824bc0d0",562965393
"6faf9b6c30b176e36f2f1d32",665260195
"6fb3e33e16eb81331d389ad7",437164457
"6fb4126e3ff41b8052fd0657",618140716
"6fb45859693c703fd9c812c8",494513992
"6fb9e9ac6d44d3a286f317ae",581390926
"6fc2a4f29e3b896bce631ee0",465076093
"6fca3b70ba2c68d9e0d2540f",430508123
"6fcea2c6b9e39576e10581ea",658851059
"6fd936b82bcfd3cd2451bdfa",753240448
"6fecee4b1e5f50c0b27dbba4",1152119251
"6ff3186df9d15b65dae5bd17",415659887
"6ff3eaf8b5a2f16efddde1cc",674806477
"6ff848f65f2507e58cfaa231",424407002
"6fffb7958a58a73b0e16f2b2",843521700
"7002d00c9acf8b8a4a5865b6",1207642052
"700a052900adbfa149dd5b6c",1055756204
"701768887155444b77c4f446",416505125
"70209b9024acb3e5baa769ff",943563165
"70215712bdd8ae7585520550",471617750
"70217bd08583854329722821",781464242
"7023f5a68e1ce9cfd23fd021",404419232
"702525f05b47353c95b0905e",436825694
"7026113e0cd7b2d17f8a3459",522463467
"70298b5e8fbd66aee975ff14",604942971
"702aaf395bc78986a008d70a",736693076
"70314b0bd995a4b03c771ae7",552522170
"70463649ffbda5fdf3c10ec8",682617462
"704e5657734af93d19a0e5fa",874447459
"7055f85f7749c4646577a51a",445785509
"7057326ac489bcc17d580883",706928286
"7063abb555d919d5300af3aa",781303235
"706bddaf0b87e4f076247450",587699872
"7095d576a0b963eb340d8fdf",548932806
"70962daad7cd15ee8af564fa",1014376821
"709d17b62bc95253601f243c",792042458
"70b15c2a38c404e62ad05171",409442508
"70b821bc1c7dd846a8be343c",458433577
"70baafa9789d2fcf1bc212bb",608150964
"70bec150e1d8ac537cfd90e2",1045723449
"70c0a72b31dbc1b97c102c13",1010274899
"70c19d59c6b9e194b6bc09fe",728668660
"70c3b086af66b0c9db4b0b96",703763724
"70c77552b1bb67a2a71c2ee1",1130720055
"70cb6337c8c3f5225fa80026",925558902
"70e427235490d7d9c9239676",751252073
"70ea0403b722a1dae1ff9b18",770991968
"70ea911907d320da1f7f9c41",488364591
"70ebbf6a402f0f707b893979",697669711
"70f51b4abf26651111305b1b",1050224959
"710542343cece039a279dbee",700192624
"710b0541a025b1b6a5a80c41",452713761
"711045fc099712aae3fe4d14",601110365
"7110d6374f3fc282e4f4bdb0",492004694
"711736da4f0e8282fc8c9e69",1381867452
"711b570ff195fb77229deb35",1076656363
"71235a69058912dec1d355a0",1041349345
"71273ae563da6bbc66aa87af",421769868
"712f16cf2506710d7f2a2e8d",707143188
"7134b03f54b10f282ac34fcd",815490058
"7136cad475a0480044707984",887327326
"7148b0d9e2e1e92d41633230",883213620
"71493c81121558b8ba18c1c8",524083187
"714f90489426e80933ef31b3",619921126
"7157dafd306fa99e4c2ad233",549421243
"7158e3a6d456211d4533e246",431981583
"71590ac868415f3a185dc15c",682615506
"7169b5a3b9a796162de685cf",849635776
"71710d25975271eb32c0c8f4",461290983
"719055eed27f361071cb9eca",996632669
"719190aff81379902beb6497",1048921972
"7192b9d32e4ad55f6af9e241",608575369
"719679261d84d6b93035143d",817162014
"71978c139faf2a251db6ff5e",400609441
"7198cf5aae5d0d5ba2e43b96",876358743
"71a20a4daea6d31de942b2ce",1162676378
"71a3f0980cdfea0ebb869935",485344510
"71a42155184509caba01a1dc",415507243
"71a8b68f38fccf71a229df76",666051214
"71a929d79a6cccbce6ac5d79",1205416627
"71aacbd62d72d3eb29a744dc",640508629
"71ab3644da08b8cb0a0b34b3",963580868
"71b1fe15c5bffb750c99f648",655892308
"71b99de83d83dd970b00f07f",1029857742
"71ba2f992908a5f91f832406",562990048
"71be583d473084bc0608d066",662928460
"71d422db0c0c638e448142bc",883555923
"71dca93007d6ba45fa40eaad",687621289
"71eebcb108c4828b8bd5b84a",833282190
"71f80198e68fbba902650b1a",432114127
"71fdd2b1214b9371ef149c1c",1061657794
"71fe067a5ae994180f530686",592588568
"7200e3ba2013876cdbbde972",571844775
"7202b83b651382e2630359c3",443217548
"7216c895aa047c4f405c4941",532992002
"722699e593085cdd72102baf",445757764
"722f262a44b2bb6fc05ec35a",449494391
"723078b6cbdf02c88286c596",859990144
"723655990d58df33d55009b5",1017740195
"7240bbe28e950ed75637b504",525973294
"72488318dfb2181843f17c03",1007503518
"724a5f9542f86cc43334d3e6",466570208
"724c854b1a991f060701d005",428599066
"72536bfda19f78d370d95f26",868011191
"7254c91fc9b51e76c6fd2a99",907787844
"72569ddc5828fc702b2fc773",1042806463
"725c029b7c5807a4b0ba2bc9",952743196
"72699647b590d11ed9b2f2e8",426153169
"7272c3521b7083038ff0a690",722131125
"7279c610bda9354e1c840b0e",533767478
"728961e03bfa6e3242f06d8a",582781684
"728ce22c8db9bd0abe3f20a8",1170464931
"7290697f96d8e2101089984a",665859657
"72927abf4bcd53d6907aeeda",816180045
"729f5fab1578f8cae4fca8f9",944548541
"72a47f70aa99d42320e54787",454400271
"72a66bc6d15390eb05a5c688",939242448
"72bc42a5c73e7b1f9d54c835",808136291
"72d0f19409c85dbe32cf6ec4",1076836018
"72ddab9ba5f24941e4dbed6b",901384996
"72dec1e6e65f6117e10a2473",457851714
"72e4fa00e8aab44cf210251f",802810250
"72eb1af691a950fbb7e8d635",749469548
"72eb64cd02ad2a54b65083eb",1246406960
"72f0540aab38ebaaf9a389f6",900874930
"72fe83366bf13a53937b7034",816625043
"730804efcdd755786bf734ff",434507203
"730b528617c2841eea5addaf",696426927
"730c7382d76a07904f559b28",448557831
"732615f6d1526ec9bd519eda",512381289
"732a3bd457d7798e1fd892f6",771008056
"7333f19416625d6f4244fe02",654383727
"733c7cdfd50db77066a67140",434291686
"7340afa659775cc18d83aa4a",811432717
"73494d52196ef9838b1be34a",938319397
"734c9446d0674b8d6545bfef",726228111
"734efe04fa6b326ae1d072e8",479975516
"734fbae84cebd50aaf71c48d",1000024577
"73578b4214e2eca83b1e70ac",884521129
"735c3aff4c151dbc32f9a76b",1041088608
"735deef3382aa15930482f3e",834380442
"736d25efc9e570379d32c089",936240011
"736eef4bb36681acbcc3c41b",484382193
"73786d11f1fa714aaa9f1f90",803514077
"737c83218f0e486ef4feba40",423465808
"73806685dec82cf637f19384",502929262
"738111512f5e5052927468d9",1079947494
"7387e7e385063c180f05a7cb",574830479
"738e86beb569a7bf51fbe199",415684150
"739c2b9be0941e4c126d2f3a",858611995
"739de8928aab4ec77a1ecb0b",683074832
"73a23c9d154fec88d396d2a8",912207883
"73a8efbc036911954c07b91c",876358743
"73b60c9053ff8193c2dd2823",606139293
"73bcd7efb7a25587bb1c31ff",487651016
"73bde441e18a9548c034372d",743337888
"73bf75d5762e3dd30fca7b3a",844315645
"73c618d704a2e1ac2bc41954",901234697
"73d09646de4e0ab46feaceba",439076754
"73d6bb3d6ae08921a6117f5d",472318440
"73eaff92528288fdbcd61e2a",1103454095
"73ec13a5687c542137eb9a41",460339237
"73ec6f4da3c277958cd2c228",1219943078
"73f4074e5e09e52e0e03598f",823190402
"73fbb3e6b22b957ba6b7557c",766161821
"73fd5bc0aee47d89a160f5d1",813632699
"73ff3a6b0cf4f7ffb244507b",931562863
"73ff6ce99ba5dd8cfab0faed",548932806
"74286242739391c4eaecefbe",513176000
"742acc26686d04596ba60a34",477024890
"742da63af109164c21dd57af",599299683
"742fd57dd463c1b5cb79f63e",465146155
"7436750d73f2e56b4f29e98f",891449165
"74448f56811e9562536eff6d",909757607
"7447156f2967391975d335f0",571368412
"7450139ad1b39b2a380472fa",906921270
"7458171e4db497a4cc1365fb",1022741202
"745e7f6a83b55196f231466f",869900068
"74746d24b9bd86e23338bcd9",748056291
"7478693f3e7e8963e95be8bb",433358515
"7486ef139d41d91423317e0e",531013576
"748c981380925e1247b9e64e",1174976075
"74a51274abc8358d628ecfe4",1030882473
"74a791baebeffcb7e7b917d0",650357379
"74af10afa02e7724eeeef108",579084876
"74b64bd536ebbcd7c30ef8fd",924792859
"74c24c5e142e5267456b24a7",705411163
"74c4f233c7f385be73168e0f",519870760
"74cca5cd08c4bbf5d0404d74",997548100
"74cd885ec200a0c21fa9e03c",644878457
"74cea4c9dc0e00dbbcff8b1d",1270306867
"74d0b6e87c2045f95fd493c4",962410943
"74d8df07206df08e8f3dc232",947867241
"74dbd25d407e51337f883659",968938863
"74df03749e60c216a3e1292f",472965288
"74e15493f395fdd312d50cc8",370127260
"74e178e2398895d2288e6fcb",816102267
"74e43ea3081841278c76cda6",543922873
"74f099ca0d949c8042569d51",469138174
"74f8ffe35e8d3bc9be725d7a",477057692
"74fdeb4c56b29662f13aa8ca",1073141788
"75060f295e0aba8e1224f766",542739308
"75075631f0fd84fb0ff49417",765169086
"7515b37b7ae7c62f3dafbe7d",581699146
"751795587d1396e0daa25783",509766064
"751ba0c00d4fae1078c02fb9",479107689
"7523e95fc2afaf31bcf30979",1093107012
"7538c609fdd115c9dac551f4",539479455
"75392e8381e1c891377fcb29",899367081
"753b47e2a3b9fcdf9d7fd9fa",518583428
"753e74e4dbefeccf3e6b27fb",509557774
"7543d0e85e6328ebc8283d75",438018453
"7549cbd5c8003204c85ce1a5",527862957
"7557a9bc12cf0f2901c00264",1031269473
"755a3e09dba04bb6ba6c9851",771075620
"755a4fb96ff2b2276836f49b",641716238
"7569fb4aaa9a52d6a525e3b0",437378158
"7573c18a79e5e3ee0610d7cc",778316404
"75801c34fb510d824a7d8366",419960220
"7586a79a0151387a1c0cd85a",791001510
"758b4df32244a51b2271a891",504280188
"758d9f47824eb74d1b486024",1068191373
"758efd6f99db309c67cefb12",485962488
"759e76e38d84a4188dff5446",997394052
"75a287d87aaf6ffe7b6db546",422059954
"75a4421cced1111492d00298",634043236
"75ae43992df8ef41eaf9d98a",444268458
"75b5bb7b5ff8ebcc863fbdcc",845215777
"75c1083db5c940e626c02f53",417168093
"75c16273d3a593752446c27b",654751432
"75ce506dcb994b10497e6816",505194024
"75d3c9e0da9a24f4849f2078",473188227
"75e0815e2ba7269a10d9786f",408829797
"75e0fa8e5c83c49d3a0dea48",1201329324
"75ecbc0c0e8e76bb8d734f60",849040388
"75f167e2273fbecb2c81ac0e",663908941
"75f5290d61164d42b39d9d51",480567385
"75f5aff9fa70208ddd843779",819457824
"75f6d6beb64d846d965fa9ef",887644415
"75fa60dfb737ad50073848f2",875287366
"75fd5603c4de9678627f81d9",940065545
"75fd66abeaf040fa76eae2e7",696198331
"75fdbee42ec89d428143066c",433191618
"760125efabf13246774a9f16",558504729
"7602cb1e6fef087d8ee81aac",771180233
"760a5dbccf4eb4ccc2622b77",544308459
"760f24a443eb01721c6ffea3",1059697025
"760fd4c893a56a4586030772",601110365
"76167f6ca3d2c404104b77fd",821432072
"7618cb8d215425c931f47886",402104642
"761ba98d35074faee3594dbc",710821056
"7621f476bc8040270958de6e",637513137
"762374e94f17a8783a66d598",548932806
"76258b7b7e8778cd60d3435a",669184554
"762979729fb21e56a32ed14e",1062697862
"762e044ce9371d7b8c7acb6f",784597837
"763206de4c26e3825b69f4c6",821938043
"7634d584c3042533942e2dc0",1024522389
"7634d7acd4197594271c84d5",512341134
"7635a792e5002ab99ceef583",804721347
"7636a187e29abcbd8fad6244",414008042
"7637c251618135e082a9e2b8",811417388
"763c9a528d0f99f34e5b0031",428503604
"7641dcf512a05ca754930bed",569857279
"764da64c41700da5ee80b8c7",723474272
"764f506bb2aa1ac4de918a71",709342074
"7651626df0e2e3119b801466",749824189
"76556774906f9e12b319c232",455391393
"76558d67def95bc708039f05",1075910933
"7667cd57d0bec809417c9b11",763224239
"76698030899efea431dbb81f",402601102
"766a8ff17723a5c34324576b",805979068
"766c7906cf0493736436fdea",1258832636
"766d34ea891f3af53f1391ba",822631740
"767024c66d3a88bb18407b6d",813330914
"76745c2648b66151008f6399",458678876
"767ae7de1818d645a33749e2",776975695
"767cb14f03c909c595c2a731",614881378
"767ff947b16b2271f516c28d",593119167
"76846ed8b7ab36821b848f2f",806003526
"768f69f0241fe339b6f52fa2",862357679
"76974826c758eec5c255c5da",550075047
"7698775967b96e3e7bf66e6c",1068737993
"76991a35e9c1b69e1616659d",568439579
"76a307d6b36b8a51115e91b2",924317720
"76a5158e1a5c1f9fae8ee882",647368029
"76ae7be5da1785c37736fdb8",1084328011
"76b41682fa6953a3b20d3f27",1053890980
"76b719681617ff7f28d33df3",993268839
"76b8190137ba3daa55db33a6",542528319
"76b9af8036e38d5d30ac4c7a",1243497984
"76bd7a0b87bfb6d2723766ec",462143374
"76c4045b5dad9a8226e9244a",567108750
"76c510c0ad11fa67f0e9a4de",569433389
"76df3d616d8bc1de789bd83b",417570016
"76e4ebad138d50c690f0aec1",372186252
"76f50ce5f30cb96d48a69357",536622995
"7700df9486a1684157527739",541661063
"7703f868650a8252e954e457",654383727
"77069fb9fac6b61aa6a89ae3",829806358
"7712f963ee37e91abb7342e7",553439146
"7734421098413f27fae86fef",774628759
"77348acef84ef77f6a076268",567154047
"77359d0d34ba4c9d825e46ed",455289005
"7736ac030d8b587f44f7898b",754202830
"7738f18d533d0f0379e3a06d",930297282
"7742e8923a4b832e3d94f3c7",816102267
"7745863791b5cc6d49f84c8b",435810490
"7749b2b534213ec7b536372b",546624134
"7749f3bcfa8339444b0a8b7e",469665774
"774a4b48d34052a978b1180f",787793457
"775a6affce535c5a19ea5f30",772619205
"775f25d8144580541bf2746b",703730294
"77668d4325802de9d63609a9",840545802
"776d4a19fb3852fe6dcd3ddb",442753555
"776d7d1326576f07762ab3c7",950634203
"776e1192349cb7cf1579056a",1139154419
"777a8d05edda0a335d89e90d",644082712
"77866048ba7b69532d0a18cc",780392102
"778ec765417db9ee48d697de",649515899
"77924a3c7880310a4822e5a7",425550177
"77a06084509952c6cfe8f501",451233858
"77a62d5e2c89da24f66a2118",796864057
"77a887ca508d924ad5203194",841655075
"77b5c9a5f534a5b80cc16d09",892030482
"77bab76414ecb20888cef7a1",1011928099
"77bd7837b02bd8f2c290c9f8",433627774
"77c886207faa6965238b152c",377071986
"77c9e5e3a6d965ede708cda6",627899610
"77cd6b199ee485314bc74626",502369066
"77d6855eb6a30d268e49eb1a",536642649
"77deea164a3a622df41249f5",479887023
"77e5e0b64140fa00b0227a3b",493078018
"77fa49bcb52539888d481ab1",711012429
"77fbf1f0c35c1025ea4803e3",619595707
"7800f742ee14c4b4142f8b58",689212017
"780ae52ac9eae675f6fdb312",451040702
"780c809c52509bb4855a4efc",558313633
"7815163b8e4a54843d121dc1",761563905
"781989d4b732f961f91bc3e4",469148997
"78257e76c16db549022fbf2c",876358743
"782a6028457ec55d4fd5189e",633102454
"782b0fb8641849c2c34291e6",457912684
"783161faf2e3501c38c0aaaa",481602075
"783ecf989538582ad008fd95",1062294515
"78410b0193dc989de2d24da3",857355381
"78419be95416d2991ade8be1",522053459
"7844b0b2bc65dced90a355c6",773221101
"7845cf57552577b059dd13ae",463577476
"784714647351cb6745c867b1",700192624
"784822ba0060eac9358cce22",377179511
"784b1db005d39c2f57666efb",555785923
"784f67fcb2d009d352740ed1",451972634
"784fa9e78f7cfeca4133e8ed",1072306717
"785dea91d94ab384bbd6ce3e",943079154
"78682041182f01ee4db04e8e",1084328011
"788c49c17df556bce0abf6ce",571723479
"789e5d19fa507823cc4c5296",1064157410
"78a080fc98669c0cd9153904",1039506937
"78a08f21f7d7c51ff4d5b8ac",685654448
"78a39ae05ac53535ba0fad2c",640130081
"78a7eac41dd672cd1863e3b4",654158656
"78ab6cb1f62a7e781d4c4d0a",443902796
"78b0f0bd0494fba0293eb0c3",570979992
"78b57a58368ab056c11bb0dc",739025968
"78bb43910ad6ed105610d9dd",895687627
"78beee9b7fab8600d420fd27",565599130
"78c17e6ceb87f7587364c873",464703770
"78d10967c36cbf346bd58f63",515989993
"78d727d0e61a7c8b1cf6fb1a",511240842
"78e85ca7c532a77700bfae6d",813102883
"78eb6f51d94a61a967da24f4",833733944
"78f670c0d7a26c0323281ffa",848917870
"78fbb49efe7dc0d8e144ad83",1068605554
"78fd849c9429091347d7e5c9",778016441
"79005399fa92d05558fd6f6f",859427594
"7902ada9116a1cf7458933cc",968518607
"7910ac9782a1a315f68799c4",634523038
"792ac070d1a314f585f09987",451090419
"7930bb0822caea5f6451bfa6",1007149969
"7930f32456e796e40fbf78ed",961962554
"79382c56606e701e44d55033",1037386915
"793efc460dd25b67c644e92f",770485119
"7947f71467036449efb99972",1129204658
"795cd68f9a5ef45902712524",620375489
"79631cac54b1e71c1022da12",1314715802
"796935018bf2b241646a2dae",654786814
"796eb5ae3ca5b63c9fbb240a",795600480
"79733fdf8881b0d25412abcd",963805895
"797da4e993a993ef80277108",846621902
"7988f76ba063d25a4f467730",675722061
"798bf22408ef6814759da1f5",693262899
"798d87a368f073efafead25b",525080256
"799301c01a3e7fc2af5a14a9",818877989
"799862427c1f335eadedf4e8",403275584
"799afa0396b9f268f239db51",400452373
"799bc0f95ef9a23fc16bb1d4",1173126875
"799be2171dae4763df530e4d",637753562
"799cb909791d43a1eb305eaf",568193635
"79a0bffec81b17d606a606f5",1034722692
"79a675215fed2e293b27f43d",1023872414
"79ac12d8436c07b620190b9c",491016777
"79acb227b5ea365414982957",734095794
"79b5a037bea858706838a62d",600442648
"79b943894c4dd68bfd8cde7f",608160076
"79b955adf84fb2c52381921a",746432013
"79beab95c6857412ebbbdedd",852323893
"79c5085c14068e492e402a26",1110733683
"79d230806fbfe96368b83dbf",1342150069
"79e307acac5f42f2696b0436",1214465262
"79e643789a85dc4ffad49a25",760220466
"79e822115c5c1a4531366001",377767269
"79ea72e7b03cfd4fdb5219b3",545011999
"79f1a5bc0be914956d632658",953489500
"79f989fd66108a2c38a9764e",770991968
"79fe5105ed7a7861d3c0187c",404000392
"7a0f351e8562fb7aafe6e714",558881813
"7a0f887a9426270ff3c24e36",871435138
"7a10ffd970cc822108ce7cf0",863843241
"7a134e45b9ebe710c6c6efe6",965560771
"7a13669d2d7ed2e50b80b4d8",424564624
"7a1bca1ed03e7cd0e277fb95",442965592
"7a1cb1f751cd36bdb6412ba2",830249446
"7a21a8d99a85171334695004",809272400
"7a26e5936765b409b7b73cf2",1064000898
"7a34bcd9f86f5036b526c3f4",778831706
"7a3ec914a15b47726567af96",467077061
"7a464b948b65544159cd0db0",770259755
"7a48bc2c3f4aad08dc7fd5a8",394480048
"7a564ce9a4ed3d2b8fbb1103",611345204
"7a608479334951a3afdc655a",1014580805
"7a80663cae7c191b5d025fa0",548278078
"7a82ce4b2dcd2b43485f5047",784597837
"7a832790d068e1e85182b5a5",484698919
"7a861f1e3af4dbbf55b2c301",542353958
"7a91cfb02df63e4396b15aeb",471748569
"7a9264f3a12de839a42c1783",584150018
"7a94d3d31471ae313659aeae",915091038
"7a9c505db21b777203d34bf6",620782553
"7aa8d04246d3e84e5ac470bc",1033156533
"7ab96f83915bc84f8c03c1bd",405476684
"7abc8a11d3d6c905de3f567e",506414432
"7abf9cd6b26e2e2bb6d91e5c",1145858165
"7ac0428c4b7197ca14f3b86a",484300055
"7ac1b85bd87929705b7a86ca",970728076
"7ac96f16bdc50ee7619f3548",831642584
"7acb92246dbaaec1cc7b423f",562058041
"7acdaa0cee1ee62e15f4490b",807351589
"7ad046b20064565644ebfaca",518505038
"7af0a604d1901925aa179436",910015007
"7b0258f1aaee97661c34de64",650793957
"7b037e6e5d110999e51b79c9",1144183741
"7b08cade91e2be20656ee856",523609417
"7b0a2bd964c04d01387d78de",883555923
"7b1377c8d81755bb9b501064",472619218
"7b30dbf2f6d835ea0c14b392",638534929
"7b31b5e53015f8116fedb0c6",1186717207
"7b32938ebf0b1b167a3d2d20",597353141
"7b346d5a5f5ec7165d1f8644",466978996
"7b35a3e9f3e67fa1974f5c25",825756293
"7b3621124731bcd2e543562c",753181435
"7b473504c85e9cb576f951e2",485787867
"7b4ca3a8d09968e48c185260",902486225
"7b4fcc72822460a428c19282",743506287
"7b50b071f4d795c9b5ad7531",757930944
"7b5582907bf47bb9e873a513",623467645
"7b5db1e4f4f47b4bf7c827ee",492221478
"7b6322fd5810990820167a23",513174664
"7b63445c5e1ce95bd12c31ee",815663860
"7b71229680a50bc26677a427",680167707
"7b7c0544ece4aa383fd5b4ce",644454400
"7b81996f3abd287b50adf8da",671358082
"7b8a4d701066372dfbdffbec",634248556
"7b8a6949d55b5bb27c3c6839",521201335
"7b95396ef4d0e97de8fb4986",935983420
"7b9e6b7eb3a5db0443193fbd",648556731
"7ba0c14dce0cb09ef5735d9f",604562786
"7ba618fdb1fe8694eaecb64f",531510858
"7baa3608aad1fbf357d789a6",765493312
"7baf3723bac87b0b393ba52c",836485856
"7bb1bc81e6eb3b4390440165",777813941
"7bba885503ea7716ffea503c",491218067
"7bbf8e16cc32dec423afa6b3",604623978
"7bc034984b19479f29886cc9",750220391
"7bc0c9e2760e4b1488522768",1102418605
"7bc57b136bcec053cbd073f3",1028554731
"7bc9022fa1eadbd9ab39acd9",612777664
"7bcd1fe7a140b6eeb4df2aae",767402195
"7bcfd82ced5d6f1ae390d388",480312454
"7bd9cefba3f5dab498ef926c",995439298
"7bdb94165857bcd37206cf18",572132304
"7bdd64032a4f011bd4fe7df6",492341396
"7be186f4eeff5c0efd58e424",695426186
"7be46b6dd9891ab771fc4be4",467313489
"7be8abb5d23794ac47ceda32",575849984
"7bef2da7f3c160e94fe91ead",414412777
"7bf4beee26ba81ad0b884f9f",442996106
"7bf592c5c34bfe6a5df3dd40",716496571
"7bfbcfd0fb8f5b6d553c2d0d",822256002
"7c06a2f06cb4226f9043578c",801767042
"7c07ba1982289ca3abcbece3",747330113
"7c1dc421f5a689aea5babe4c",651024708
"7c29fc3861c9f074e3a89449",937437960
"7c316b981173919b6cae5516",613000999
"7c3ea8523ece273991a190da",812463811
"7c3f7b513bb20c918a51dec6",588601671
"7c463a59e7d2f2b4bbd07e12",624383263
"7c50c93bc9e8846345892c12",999955141
"7c581e2b9daf20131803eed3",943842413
"7c5c0f2d9a0e355069fe1c64",1090739091
"7c5ce0e65cb26773edc9ddef",1026410917
"7c6319c04025c4ed6aa3f051",580108254
"7c6880b05c212c66b8961b71",630143813
"7c69d43fe2488db51e6c8da3",449442767
"7c7a3f51a58dfd1588d7c088",428731821
"7c972ecb7b90537b1da0deba",495168498
"7c979648ab3729b2c0cd2106",765617626
"7caa4bad394586a46dfad854",774555804
"7cad62cfb4fc3ad9acb09f1f",562743449
"7cb64b94877a9361f20027cd",433512330
"7cbc8fca4f84908ed4e7192a",1087585860
"7cc8772ebde8902f55e14b44",499607616
"7cc9cdd32c209a62908a18ad",518330402
"7ccaf332cf87e07b38b340d9",1048618269
"7cd0c7174b957df1f004fc88",999955141
"7cd39eb8de56700519d8f287",625045151
"7cdcecc706fc7c79cce45b20",824004521
"7ce704ef5752dd496a61d857",893619548
"7cf15f80838e8edf4f9cdead",1190916045
"7cf183ed411cf82df26640e9",665910449
"7cf50019422bc9569a985736",901443215
"7cf573f273b14a6cfafa3ec8",526889823
"7cf74cbec871e465ec2f6a61",989062063
"7cfa0c98191ef9b7c45f0520",397437355
"7cfc3061c0b2f3bd48375ab9",639682671
"7cfe5c3f5cb1bf095eb2c503",786535996
"7d02b3479cb2d89d55bd4fe7",709261984
"7d0a4771afb00cf9a38ccb81",1290571909
"7d132190218425df1857b8b8",908391657
"7d133cde943d189c9abbb6e4",521422520
"7d157359b413e107f5f9cfd6",543050407
"7d25023ecf668945c87e0666",538096680
"7d2e3464d5f2f79ac29e6c0c",517425762
"7d3220a91e78f8bc2924d1cd",961456344
"7d383abbb6ac49c6599ffb0c",943079154
"7d3e4ead63a869bae978027e",965577895
"7d4097722aad95158c51d24a",492146652
"7d4ba999100c8e694fd820cf",1002199990
"7d4ffe0038b3ebc149d8f4cd",780265420
"7d50144c4b2ead9b7b9f594c",1014879716
"7d503f126b5863fa0626d4bb",665326208
"7d5459e48101349c75d43aec",620141165
"7d58eba13f418d890ef563da",675214009
"7d66238672def6f73c25247a",738043441
"7d73a548c2a29ef2d9655e1d",475809297
"7d8e345c9b16d0fd69f848ea",1009804309
"7d9a9c3b4442efdb53c24448",655693365
"7da10de45c866c7d066d2586",498906799
"7daa9115f755a6c70411b9cc",1075300457
"7dab6cd1002a8521e5825bcc",676852963
"7dabee85f750266dce02399e",610782012
"7db1c8214f229d865da455cc",647373397
"7db5291ce4602d9b2b266872",464154693
"7dc4f9de14c2924b229ca0a3",921871424
"7dc609a3c7a3ab1f9a3146e6",686899805
"7dc68d5cac1b7fcdab35586e",452598671
"7dcbeb0aef2e2cac0d73315a",372186252
"7dcd1597e11f83093cbfd7a5",1090960884
"7dcd1916c0485e0b80f9eeb4",932261223
"7dd1e46dcbddc6bf5ef694de",519035525
"7dd96ddad0fa88f5c5978e39",613292101
"7dd9760286606c45e6a15926",727886505
"7de63633c7666484bd098e2b",587887708
"7de7a2a651273df62aa6a21c",1032225886
"7df538c0c831520e6d36e39f",472442641
"7e1153d411af129357ae5c10",517098714
"7e177acdec9c0fe684d8fe44",470582945
"7e299fd8c2d53ff1cf95aee3",1000628712
"7e3937cfe43dc906983fd321",1038617216
"7e41d90a838048eda035fb27",889595946
"7e4b240c601e37977faffeb0",798880925
"7e5064603267b61520d8f83b",485581372
"7e554b821e6955ab259a25f3",465472218
"7e647c5e0a7d95ce87cfc8fd",917052250
"7e64ab35f5e336d5bd2e1b51",748543197
"7e6d8c4742b38854d819696b",1053122571
"7e6f68184d84e09cc9ebc09f",602570300
"7e73516d57a251061b3916e0",1070772173
"7e74469fe0b030254756296d",1070499648
"7e844f8a24422ec3b833b4a8",439246349
"7e86148f53beefced6e0f3e4",588610576
"7e86f11cd63ff6c8a3c12fe2",870618450
"7e8dfae9a5f1faf8afa706f7",463025811
"7ea01fd99b389d08ca50c0a6",782848820
"7ea2c18341f69f21b523906c",819385575
"7ea4af39a7e577ffbd600f0d",824668856
"7ea8da3b1481993b14bed9d4",478018632
"7ead45d1f505649429904307",631457185
"7eb78d4dea434674a230caa6",889394138
"7eb991f4c69215377e4dac8f",859369549
"7ec025b9b6e6f33bf65af41b",422794533
"7ed35835fbe694bc237abe38",806912839
"7ee7fba3a30e0e7c2ed3043c",632879833
"7ee83e5d70855ed21455b6d5",1062995785
"7ef2d4777310765d0c8121af",794647986
"7ef3f8bfd0368696369ac957",499931055
"7f02f056d5eb4aff92b44659",602878002
"7f0b4b5851c77d78805320c5",461866295
"7f0d874df9235245f47b04c3",1135379631
"7f0f27f6d30c743acb3e867f",773651793
"7f0f5931fe148f6187ebf512",511331097
"7f134c92e20aa9c6f084edc1",620313636
"7f1a4e79fa92196101baa7eb",1303823045
"7f25471be85adf0baeb8ebbc",560382662
"7f2a2959f5ae816761be658c",1178393627
"7f2e3f2eb5abf86b56897250",757531780
"7f2e9d302a6ed1770db9f7cf",677284190
"7f3e02524981fc7e40eccfdc",405476684
"7f45d3809b08bb32a45139f8",619610309
"7f4cdc01f9086bcee46d1d6c",916927085
"7f4e6f790de012946197e0df",798543400
"7f5280804c59f56fba3d6201",442996106
"7f5e87fbb4952caa0cb658e2",816180045
"7f7141f5e1a7964ac6dc688e",932270989
"7f73a8e83d41ea252ad61197",529377172
"7f78955c480d050f2c8ae3c9",699487375
"7f7f5313341b3ca499968716",592683270
"7f85c59323701ee0e75abb92",614506586
"7f8f506137780f4cf12e73b6",539888328
"7f9875a5336a32d73df2402c",936777371
"7f9bdd2157f6c3d488c77ddf",796650936
"7fa11c05ed1c123c1a457b1f",646359311
"7fb856eba0ae98a40eac3efd",999955141
"7fcbcd9e274b75a157cf5d5e",651722159
"7fdbc3fed9c9607e6d01e958",629646292
"7fe1adc0a5873cbba4b021d1",1009328021
"7fe25ebd70b89f4602bee6a2",961133370
"7fe364ae771a7689d2fa5584",1021764350
"7fe6ac57e87b8126ac4f8530",940492569
"7ff62b2f8a28d60f6c4237c6",915804420
"7ff6f389e364e67c4238df8a",546836948
"7ff8b0b5ab4fd12f3be399ce",674606666
"8002e2cd1b70ddcae88ebc4b",931110510
"80035ad5b3b4a948469800bb",813291251
"8015080cf97316a08453a9fb",878497734
"8018df1613094a9e4606c875",1029094636
"801d821fd6ab7ee01b62a800",532523947
"80255211d99c72e343b32798",1185183321
"8026e480ba395cfe1e09cec6",422466676
"80279a7533c44bbae477ea4b",662060856
"802fe3175a2059f12d7edb99",688031996
"803711fede531ad1621a6823",820305079
"8037e40c0c8b20ab6e0d4b78",452597626
"804289a128775f7d1652cb43",497762331
"8059e45ca26bfefbb18d8e40",980173958
"805a27aeafb3ca91cac56d14",731496120
"805a491334f865f06ff42329",767965077
"8062b4109c12a95dd62bd43e",750023690
"806907598158861a6958388c",464943606
"806f9ab2a016e774689ce2b9",393795580
"807687fdb46614d9aa139b20",701597157
"807c04729620ec60ef18598d",461519857
"807d7f5155bd299afbb6491f",643931027
"808dd470aed6064f02aa5103",473296332
"809082a38e6fc3faa66845b9",639150597
"8095589d5e1a55a76281e13b",1105504468
"809800b56b7b29399986115f",499751773
"80a1dc97797c41b61f46ec6a",651379131
"80ab8d9f157c25b40f102854",770991968
"80abc4c356813c1e4ead1e1e",481628315
"80aef024b0ecebb01913504d",446855546
"80b37d5ebdb325edef39258f",841551710
"80b6c823bad5b4c0fff46657",878683089
"80bbc51dd90d131d091521a0",443610591
"80d2415c0460088d69574285",1017413370
"80d95b058cb11ec829b5ec96",624848013
"80de6a9303eedbfd1c69601f",866061227
"80ded3bf4f2973a5ceb1ffb7",459071384
"80e7c6b194b3229e3e2b9aae",741875347
"80e88d50c151d5534a57f61c",1059079713
"80ed77aff62d4c57ede6ba94",583214638
"80f633154b6f94b8fa24f213",558382549
"8100a4b0288d5d9d9dc86d2f",440675802
"812646c7de863919cae5edff",908606164
"812ad0d57e4291da184bfae5",453302704
"812c9b5407424f956d308b06",1032112738
"8130ab67c5e0d96a9a67fb12",733596785
"813d9415d9abca46ad4d92f0",1295089006
"81406ce289219cdab015549d",1068605554
"814694a725a50c306d774342",921907815
"8147da5e5f53a163443e8506",792500131
"814d93fc94b4de6d3a860bcb",527175978
"81516aa72c98ded9223db098",1160447147
"81519727c7ad9f60d2c5f224",1054159178
"8153b36347669087e363801f",612151847
"81547b223494084af3e15bf3",628724455
"815cfcc4d26738f74cbb67ae",584075019
"81600c1e6b6e3ae770e40b28",1116540004
"8164023f628f550f322aad61",698617556
"816f93a2e035e4fcf61ee4c9",1150471832
"81716dd4aedf72a6a14392e4",391736280
"817422f4c278ff27a22b05d7",551646281
"817915cc3582112fb5541a49",785551380
"817da44fa842fe304b93c199",425823230
"818ee3b0c3862d4aae6e7776",382635056
"819265a930d32a97533d132d",1031142562
"819d2a7c3330480b7217577d",1024435619
"81b14dbf863114fdddb38579",558544370
"81b3256980dd7d7f49030c78",1168023395
"81ba4b47e9222c15c4102992",491218067
"81c890b0d7cf787a091d4081",867863445
"81ccb7e0255eee6274f5d930",1054914608
"81df59c6d8be19568d16ea3e",391338633
"81e1f8b1c0e3b15f2ebfd84a",435587859
"81e7c8c1894e0c3a9315ff27",453302704
"81eea19e7c12d65d21e23648",999343479
"81f5c32a2c2d3b32329a645b",450762105
"81f6d6790aca5e9270c3d1a1",427675250
"81fc8d666c8735e1095d0d4a",1004944987
"8207612808b5947f2802d2a6",686992199
"8209afd76e36d8b5c4f7a991",459953358
"821eabfeef3dcc622fbcbfc4",413257899
"822896f609e7761b58e7f6e7",619610309
"822ba8fd3c7392bda84461a4",596170957
"823124264778e5ed64d8664d",585332451
"8236c798dbffb3db51d5d744",427868813
"823c9c7abf2d00140766a2bb",1064749599
"823ed628bddea9b56792d108",799151533
"82433a009defc21498037127",890780025
"8248697f70c21fa361840755",1133665857
"824894236c20b081af2c9868",850706692
"824cad597aae34d7d59ac939",545882066
"825012911321d636425cd0bb",1181640041
"825f57ad0527d4abf41cffc9",943563165
"8267eeb41ed1e68144301a3f",699471921
"82780776619be0eade3d72ef",449088822
"82902f2082dd405ab538ff58",578986879
"829bde7f8716daf76f65ffab",826470395
"82a3742862a06803242b703d",730339410
"82a7920524816f3db7f5a4ca",586597237
"82abb1fb693f34877bf1327e",1158448534
"82ad4b3d5a215f17e745d77e",806264176
"82ad984f02ccda30bd60da8c",819856549
"82af190e32398942775056d5",1159909149
"82b15a5da307865c7045dd56",766328911
"82b69c38d041325a4bb2fbce",395421376
"82b90288bffe8c1c0b5a1259",514468977
"82bdf442e186baa829e06da1",596907438
"82bef17c2a4db1f6dc6eaf01",714872668
"82c9556e19072558cbe3a7ff",415418283
"82c9ce0d018c1d620b7a6689",567946428
"82d22ca21e31222068e1ecba",933755041
"82d6244acae149ed9ed88e8e",482095875
"82e1ae440b386c7da3a580be",968070950
"82f08aadf1eeaf2058b50592",637396166
"82f34c2a6644c4cb0649c44b",934268913
"82ff2a63a863c089ea90bb5d",939683938
"83007c444fa52b34482ed55e",565950289
"8302e2afc48d6eda16784da6",719422229
"830b1a2d33f7754b9acfdd82",607801885
"831629494c6d15d5ff6a00a1",665414890
"831693b6fb81df1359e45db7",630649472
"831725656d9df81b63c0ae38",598962194
"83196bef0e5dc6c981bc57a9",1038045017
"8333d32b98625a2742cfabd6",828924042
"83349bba5fbddbfa2db5078a",609505762
"8334a4cc7db8ed5c0071fe95",586822229
"833bd3c8ef9d4da2f304a94a",1005004515
"833ded72a8cc9c0d606a7a74",722473344
"834263730047f308d71d4d8c",591303037
"8346d64ed6211083fd420ede",508201596
"834fe4a1e9e4efeefb5aba08",467132382
"8356123e4d10a479a12e98bb",501322216
"835842cdc8ea0a2206c2b46e",908865921
"835eff7679889fcff6795d8a",615086799
"8364aa431b2e267e41efabc2",514088555
"83727953ecffc17bed632d94",410905595
"837cb6389640f3919bc73e9b",935395211
"83852e78afcc4127481adccc",521919802
"8398ba3b03595704b5897704",674237331
"8398e3b96d1311c7264f6603",1176185427
"83a376df2024c4c9fbf2a0ca",441287985
"83a8d9df3a535fd273b27c15",1088158496
"83ad1ce7ef6d70842ec986f2",570105467
"83c1d0e2b8826844416abd9b",528535058
"83ca3a41ca4b5337107c197e",653423443
"83ce7c2d2823f888f2e06ea8",892432643
"83d969bfc020aea27d2b829b",712858183
"83da19e7fbbca11083090574",405153920
"83da39bc1a2eeb75e2825c22",785604862
"83da5fb4c15e3daf727a3cc6",813489068
"83e91710343450cb0812a6e4",898036247
"83e9507b9ca2987a21d1b195",637873206
"83f402857435d4fadb27fa36",872894838
"84114798ccd01ae3dc97cb27",412776884
"841482deb90d19ecb1ec8a06",671772501
"841c57617a075690ce412083",499763665
"841fed959f036a03697868e8",499763997
"8420bb74fadc0c8853cda025",400026516
"842c9f0e4edf1e5a672ce15e",678870105
"843234d3c6c20bb60a17fbee",903755515
"8437a42a8e7ebca46eb088cd",498537091
"84394774ab45e0c8b733bed2",464986991
"8445e5cf42307960535a3b11",627168454
"8447ca83d928dc34c2e7f9fa",505791267
"844dc89fe6588acccf0c7536",476974944
"844e127aa7802cdf75db074c",413684916
"8467eedcf9a48fee0d72d95f",1079532245
"846b75324c0f3cbb027387c3",880009450
"846e6f1ba1c94966314345d8",621502035
"847a7fbd4425fd2fbc4b3edf",1211450101
"848067a69d18a171e7fa34f2",465349692
"84856812b63dfd9630fa49e7",982502010
"8497f34947cb4c0ff18a0eaa",500026214
"849c918d78991c57f32f2031",547684970
"84a074517742e09a7eb6f320",718132365
"84a2673eccd3cf3bd7fd3eb0",876358743
"84a7286c91f1ca3ecacdaaa2",1063811496
"84aa7d1c2590f37f0fd6dca1",583376516
"84ab3ece52fe00ee50f057aa",982142792
"84b05da6a859ff5384f37ee7",482505526
"84b758716f47bb0f4e4a2bed",488262414
"84c2ab0573d3cbffa0be90f4",687621289
"84c7006b5a63add890a224e8",572636426
"84cfb0342a0bf2c6777de39d",597434334
"84d8504f0e860b0760c3592d",804584186
"84d8f7109615519f2ab0a48c",915224683
"84e4f6c6b5dec0da7f7ca0fa",473665346
"84eb4861db0816bc8722f379",661236163
"84ec2d5245cfa146dab05065",694668842
"84f47e531a916b7f7dc1f1b3",770123887
"84fb7e582456d7409f27cd2a",931110510
"850342685ececa472945f7ed",834341362
"851f50292e30b0a464c0804d",545383590
"8520fdd4f5fec0ba861ca9ac",427868813
"852a11f12646f0a1121824c2",413195389
"8532c64eaed74b64b4d4707c",579123417
"8538a41c0e0fdcb3829364e8",669524896
"853a14b680761098d4bf6136",797479125
"853febf898a1dba351d6f917",655909620
"8541eec88f0dd8229b4fb041",642377233
"8544bc14286a51e60ffee7b0",1172842957
"854e27be18fb8f24fd433eb7",770541967
"85524880fdc4e4daf90e96fd",477515552
"8553a05c2b30be81c64a6295",1089901789
"855ce1721230ba103fc0ae84",437234713
"855dcebac302ec5760f67121",645755529
"855f4b67d2bd6d18fd03d8e7",810109330
"8561bc940a91f029147430f1",944893136
"856559e93205dd1561d8ada3",719826870
"8567e677b30c410df80004c9",664524893
"8570a1d8156dbcc267d3b495",966193537
"85734fd69714897264ce2214",777252621
"857761b5fc5c7d101cb765b6",584876480
"857870b1412b84f0f19ed751",510324849
"857c5dae475eadef41c25603",887475683
"85815a09bde2a30e296f65bf",433627774
"858288683063dea9d5c57420",443316137
"859025f2f41efa521a74a00c",495335388
"85956152686438c48c52e018",684658652
"8595b5517cb3f1ff8094d67c",805637563
"85a856b4d0dfb1fae861f513",756815911
"85a86e01443aba593f95dae4",650730683
"85abc5c0353c5b678f087824",736928087
"85b633e09a41cf22a10f28c8",736640849
"85b8a65f1b00f78e67622bfb",696387944
"85bb6775065df76bda33f738",804246283
"85c24df2d836cc8addd9b7b0",790113839
"85c7e8ac008493b34e8e0176",593751916
"85ceb648cee9f6f3d221254c",733246535
"85cf1ee98e1a85ff4619e27c",728179866
"85d58cf85a179e167428ffa5",1002200694
"85d731901b48348f57932240",694552580
"85de01c0aa787152c77c6180",385134925
"85e15a0a63ffe482c68ec474",1335453530
"85e332a999931ecd0e04475d",461009595
"85e4ee2583c51592d68ef5d9",377071986
"860435300909449c0443c10e",1033375558
"86137b9624049333f7e0315a",813833810
"8616b310e335f539ab1109dc",770541967
"861aa922b483f9bf7884dac5",421889743
"86242b25bcb2dd775d25191a",579534290
"8627562772d9d63bac507fcd",781113110
"86276ef138e0babab9863276",487450590
"8632f5681d04d9c934675409",1215752419
"8635edb61b1dda6f4742cac7",1315375698
"863e5cf88a808b8ca96907ff",1094088752
"863f8f2aeda01a9fea1cb3e0",1064406301
"8654295684292e74d0245238",495235711
"865459f5342a0102d255fa07",416981622
"865ed399cc344e0638e45128",1013322696
"866f2a55f42cf30c4105631b",841043376
"86792949f2e6a347208cbffd",551243218
"8694b149f7c0deadf820f0e4",725180492
"8697b1d337145af0ef8e4619",1174586401
"86a47522586da2884181f128",574116808
"86af11931b004aad3fd27b88",736928087
"86b0aa633bb16582bab5640f",692690869
"86b0c9c1277e9143ee765b43",506088033
"86b290218a62d0c51b099a08",829193551
"86b2d3ad1dacb372734f810e",487415664
"86b89233e0176e034ae3cb7b",849884463
"86ce27f9ca03821d13030f18",881551744
"86d46a3fd9d7bbcac3319829",802632704
"86d80d3757377df6f2b8a0b3",982392542
"86db204f7ef6e0e0e6687246",750679549
"86dd7931177df94a649a4d62",565667764
"86e80098f5a3e7dbd635838d",602476554
"86e81141e429bd81d7f0e73d",551633486
"86e98ed0bd2565b661b81ef4",849832960
"86ee57ce617b2be312a9efd6",1017984597
"86ee80cbe81724e6919bdb73",453344898
"86f15ce6ea8e97837e6b9383",748279240
"86f1d6fc54152004e69027a0",859116934
"86ff8f274b698e7757ced1af",688895533
"8700c9b62ff5a5c3394b0bd8",513024356
"871204bd1b3505acfa632954",903364234
"87199c236bf22903d1aafdd0",484840914
"871befe27fa79fc1e1813b19",1020945898
"87332a7e03cb851342667b98",893785237
"8736dfe0f1c6e2181b0ee31e",1032056284
"874102a58234cc7888902d42",763688776
"8745eefb9e2761ff7eef558f",1060057497
"874e2c6f3e9f90db80d243d0",467730597
"874e3e3ec6f67c160807628d",803877662
"874ee4f1b9c6dfd3d2358834",1107605244
"874f4a836cb74be301e068cd",940347791
"875126e5776dabde40e29b09",771125843
"876ebdaa0bc953890e323843",460505018
"8780134f8b40f0fec4d1b661",1034760382
"878ff8ef3c862929bbb19ebc",946992616
"879d9e3b4ef9063de41ddaed",555628790
"87aa28825a5b8ffbac5f2e2f",623365376
"87b940bd3dae37b9fdac5d4f",496079226
"87bd6ee6f17d2bd5b61b0ddf",1369163377
"87c73db5d50e8ec3a22e6ccc",632753771
"87ca8a2b3251a38d45730f5c",646346477
"87ddb3a17b601cf7c61e8c07",670998717
"87e1b1170c163689d60bcd09",677016947
"87e74ed42a2c8c97f7bdd239",1147297771
"87ee5c7c49ced4ec99f44d5f",601595841
"87f1e9ca16a7ea48de04fa73",1141563843
"880bd21afee7038459b5847e",715319097
"8816e8101ddc4e704053e23c",951558154
"8826b9e008064cea38855d35",504860426
"882907ccf178b23a02ce262e",533690180
"882e8e77fa1a71288f6b61cf",1337895493
"882eb7115cd5b8b09fca0e47",629905855
"8831ae77efac99a6c58ce05d",952743196
"883371e374936fdd74d09fe8",651120795
"883ee78c03efdb4bdc57796b",620011479
"883f095dd3f7e972d7dd3c2b",585021933
"885a312d9a5bfa8a8db5279a",578392591
"885c77c839d705ca7d04d383",573386668
"88622b66e6c47cc62c3824c1",1050479681
"88668347361a227b6dbba15e",955853243
"886706f32695891af743f986",732925839
"886be9a1881866ab1f300533",512483288
"8876b38f90f5571639b7d879",920578901
"887761f34ce0996bb05ac48a",1069294742
"8877941794810464749ba5d5",799151533
"887ba6b287a8b3ccdd5691b5",687621289
"887d749eeaaae288b2818b86",669810889
"888bc3c4ceaa108e048ad28d",707181615
"8890eca19a9e1cdc9e0f0541",1075941621
"88964e1202647db0519a8a00",474616235
"889bd77c8271961a6e4925ea",757738657
"88a4da0d72977b0c56b31061",635067333
"88a83e58eaf136a82ab1fe37",508864303
"88ab887e18e38d0b8315286e",640933229
"88ae3f4a8ef76675c66e925f",1028008192
"88aed38ca59c09e1a6202672",774501378
"88b02e7b20ce6db956afcdd2",1131605773
"88b0d688281db2ef0a782921",987109661
"88b98c026b7650192034535f",910314642
"88c4b21ecffe12cb6c408a6c",708748867
"88da5851280dbe750968c565",509414113
"88ea2d2d7cb6d641df3ad76d",1030716566
"88ed5ebb575d026f8d440c60",572132304
"88f36882dae9a0487383b769",634043236
"88f3f39ea06fb882c69bbd10",581261714
"88f632cc304cd769e2d4be27",428767853
"88fce3ad9b8a965dc11336cf",515493531
"88ff73eb829a6ec5bfcc0222",1075300457
"88ffa9f0bc3f6c9f2e589a75",1221540675
"89016540f8b3fb727d863bec",1022741202
"890df90091e14d1c3a1b30e8",442155294
"89131a0af2db172538723b08",709940506
"8919ca18fff7571002e440ec",923271950
"8923182b6dcc9f2d8be1ab53",606426651
"8925028d6e7a6cfce9967779",467475991
"8925e22f8511be30d50545cd",786751610
"8930f231a5b9d8db14e9c656",798197385
"893c1b081e383de73b9f2e16",1195065355
"893caa7433c200e0d43e9f27",803247402
"89498fdf642e770ea75be7d8",1074280237
"894f346e0ad39c57fc0f369f",1047353860
"89575a90c7b9b960c8f4e052",940859443
"8964dbb5b0cbfe509613a63f",775903027
"89690c80b7adcb8a8afe531a",583847583
"8978ec4c5b2f02fbc1f57820",1190945821
"897c0578bdc8d59843bcbe38",434319033
"898d1eb301c92ab6603e0b81",671918056
"898ed7299f0c7b8a99e4877b",613423372
"89952b237fda041b09f0efa1",999955141
"8997555e7bea06f7b90ce821",695840236
"89a03e25c43a555b47c53864",882540978
"89a066b7d6a31dd066fa0d32",678346136
"89b0592a715c9e135967f947",720082778
"89ca905d858c7731313c82e1",916766518
"89d36acc5f617a6a97e02f23",692352778
"89e1d01cb5bfdf567faca443",613547575
"89e2d612654b3c792311faf7",873939240
"89eed91bf5148b5645408222",944945003
"89f8ccb0c1e2136adf87a10e",857814541
"8a0053376ffdc75d0bdde77a",1106824098
"8a0114372706f30bf6867a2e",767814973
"8a0d2f8860a90322d6c3b61f",582166742
"8a100bd7f5da66664a2680e8",503369845
"8a1105028a1a1b83c5080abb",374758227
"8a1b0f59f86e33a7aa7c2c23",1083999260
"8a1d1f70adbdeb233ed3ec3a",813730600
"8a1d93bbc83f4728657317d1",736394008
"8a1ea9d91b3d8a66c6341243",861085807
"8a20478528e97700dcc84abb",451105293
"8a222af682e2d7796643ccf7",550853844
"8a3b7f5a8da339fe19e8f138",841956799
"8a41638edfc5183469b6c43f",646997362
"8a44e15417d8e520a99454b2",435278005
"8a451ef547efb90a8fcfa6c8",1058074981
"8a4b7e86a90a296e10a49ea3",408432928
"8a514fffdec277cd46c7cc71",530637864
"8a5866428508658b4a2a4cb4",518288976
"8a69b9d7461107db6d16d1a9",602082482
"8a6cb559a488d6ce1b641585",658904672
"8a6d013451e46411d35c2b6a",737287812
"8a724286cf661794084aa87a",939656636
"8a7ddcd0c452e7993bc5087b",443217245
"8a84a073b855e37a12327357",981602352
"8a8c202c069c20696c2de85a",691545361
"8a8c8f5aa68c4e530d62776d",748021790
"8a8dff62516671aee2250cb0",773697869
"8a8e4996e24142eb413c0d12",1255585834
"8a9663cb622a55f2a1a8e3b4",1058229255
"8a975117ab302b77ac057823",618201319
"8a9e6d0839f9fabad2fc3214",752302039
"8aa21f48a83be25f924f85c7",723838645
"8aa5ae4637ba83e672cd3ab9",756815911
"8aa5d44a72b2a6851d14ef86",806607377
"8aa76df8fea21a42fb6229ff",581858787
"8aa9e1e89993aa49c5c3eced",807675729
"8aac8946e7ae5725971c5557",688204599
"8aad5795547ade3c804c0ef0",739120518
"8aaeae6bcfcee5ad928ce28d",1029864842
"8ab41842b8e41b89d8670ecb",434378276
"8ab5eda5b66a6c2becffad29",794809921
"8abe99f2b71b13dfe7d71616",1258832636
"8acebaa9fd7e917d7e3b391b",537940645
"8ad016d414e2d2be053d7612",637685481
"8ae41ff6a828f175a9f628b2",607917909
"8ae869c5033c248f881ac313",717318340
"8af2e264b801b3e155e52be8",1162833354
"8af6bb75c85a2789156b3696",413111033
"8b083d7ac086f52fd2942a82",695471126
"8b0e1911b8ab8028409dc9fe",1025358981
"8b13054b3318289aac1f13db",426141921
"8b1acd29eb268fd684036180",660518716
"8b2d8edfa6788ddc0c7b3eba",745494435
"8b3350aaa66b9fa1c682c15d",789495670
"8b353ba6823f4f800635f0cb",841919983
"8b36b7364e4a4c80a6e50bed",608557747
"8b450ea6c21fe0b5157529a4",787599942
"8b45db8a4f2c0f772c8d44cf",428401917
"8b47b76193159a21c3580a3f",965558410
"8b4c54125d9165554e4123a3",1152665354
"8b5369b126b75c497b1a7b73",589055718
"8b554961129384797391d1ae",974215743
"8b5b351e07a26c25cf51e176",440893165
"8b63358f3cdf8df0eb1f43e2",737666096
"8b674605311d296990ec72e7",427449308
"8b69bb9fd7f0f19a248f5cf3",474047950
"8b6efcdb553f6e936bd90f3e",787193503
"8b716bc4d6d833f9bff3e729",689195894
"8b716c3dca89b7caa7db1aad",478684172
"8b753628bd37b9759dad06ea",465595717
"8b788f742021f2438ffbf528",398437019
"8b801b4cc1d254d0277fba5f",608051413
"8b871cc48b99bd4190877bd3",665414890
"8b89813a4ae5f9209f854be1",832851647
"8b8ec04a78d3826b2c8a5754",675186030
"8b91a957eca1985938860c28",594794026
"8ba2d7afde20563e38892304",750023690
"8ba4e8e071e458a13efd179a",650870245
"8ba9304ea7b8d2b071bb0699",537604811
"8baa01b8c6d29c82a6108cb8",471215509
"8bad8a7faae115ac9007b13a",688680045
"8bb1a2ecc997779d1addf12c",432127045
"8bc002e1f02beb4d83a6f6ae",901504762
"8bcc1b035ea93a5192256b37",689010392
"8bce0097d22b34a804b502bb",455289005
"8bcebf3cdc54d4ec99ba0d88",513290414
"8bd2490f83568ba653cb74f6",994358655
"8bd45966c16d4eafb49ee2a2",968518607
"8bd8a7e19b6d3b8bcabb84d9",474311168
"8bdebb8914fbcaad625b1764",451762165
"8be43cd8653accbb8fe8a270",537119463
"8be5fca8f4339712c6f3e29e",498884780
"8bed46960db1b2a7954ffbcb",1084328011
"8bf61f106e60d6be03799de7",926159181
"8c0154eb5be437746213aec8",1147297771
"8c02948b66db263420c20d3d",875622818
"8c04aa7506b8c80c1bac23f5",1084421893
"8c05c66be6008af7f6dcc10b",748543068
"8c107da7487ed0cd409f4daa",735669703
"8c1695c9a31de0f956e4ccdc",580925140
"8c18d3417886c150136a03ba",408822099
"8c2423c14aefa13d255fa77b",545819795
"8c258d10ce32150f5fe5b712",869823777
"8c32b6b31d1a1d5736c4df61",1305178075
"8c3373f9c0372b87ef021512",942395204
"8c3a02c9ca043cf0f322ba84",577050411
"8c3aa295f7bcfd9a43eb2037",1036479674
"8c40078231bf7af2f3a06457",419817891
"8c41bfacbc1a6ab831b26fa8",848730463
"8c44d216517f5c59e2611aac",407080769
"8c45ac143f5cc43e9249c17b",801823025
"8c47395a28f8177923d7b75b",447949049
"8c4cc779f5034e9c10b2e698",421517173
"8c51f1b43f15b70d2a294918",427275290
"8c5aa3c826f325a9a6c6f524",989062063
"8c714badfcdef8ccc73df9cb",1335498872
"8c787c1e6161b18601e6d7de",510324849
"8c801a266256e3fbabe7e3d2",705854934
"8c9849cf3d20991e5126420b",951381178
"8c9b472c55d4b99e44041de5",655977903
"8c9bf9031bd378c1105e3f3e",842122187
"8caab74ced535ec5e75acdfd",508654478
"8cab957b322f1aba06bae4ad",614287194
"8ccd326e4f515bf7e817a14a",800731272
"8cd0345dfac13ab380240b0d",592251098
"8cd3031963c612efd0049f8d",767516606
"8cd46b5c9cbd056d3712f155",748056291
"8cdd55d191f206b0841e56eb",659271686
"8cdfda9067e0934a8ebe0894",833866404
"8ce2d6e505ad1da079f34a8d",979224090
"8cef9b18f20e9c5a32e7ccc9",1124860046
"8cfa1121fc87d9483ec63611",894160091
"8d01d6561223272181235c69",858471907
"8d041784b65d33c76e5245a4",886384820
"8d06037db08d0754bb67da4f",900874930
"8d06af8e439c45e0e125de91",680792146
"8d0ae601094562744c8dba4f",455468838
"8d114cef336100a8d8c81ce1",806817394
"8d15b4bb1447eba7a680ef47",442469760
"8d16b1bdea35630a3b09b192",754481770
"8d1b3071f5396359c0b6cc62",969517620
"8d1f7b0cfde7e496e7bfe972",673621180
"8d252e9b0912f09703110b81",590419988
"8d27746cd9d2532fe9cfc408",446050841
"8d2e85825e95f6941445cace",919558926
"8d2f9968ec8aece8d1a20137",654686456
"8d3f4ec0c37443eb3f953584",834537465
"8d48f73816b248d1166a09db",833180068
"8d5192b6208902ddf4804839",905753134
"8d54b9bd24cd9da341cc942a",1002281645
"8d5a73b1d27a66b3f72fa662",961962554
"8d5e662ba25a71727f1eac77",930332187
"8d6c523d4100ab0c83a31fed",902259152
"8d7dd9de4e919fec5916862e",927731932
"8d81b4681ad0055c274e7da4",660897231
"8d911c1a195567dae3cad99e",448786130
"8d97cda83fc7353a86c9393a",1084411704
"8d983b9ca65f19ff3d69985f",1212310192
"8d9b143cd8eb71b05d32cd2f",1053441732
"8d9cd237c737f6e62092a08e",1196381450
"8da2439f391c6db92b9260f5",1215905720
"8db285eda04ca37b86dc9724",1093706779
"8dbdd7c8971a514eb7cb4d3f",938196894
"8dcfc24742ba669335a2d65f",852319611
"8dd453e986d05c6c1dd104d2",684809867
"8dd46fd8ff592358e4c3e7e5",479543132
"8dd954e7312e6e6a07d6d4db",530233369
"8de317591cefdbc375a41483",651659406
"8df5099d856c7f9de43990ab",728069575
"8df9256029f526ca313202b7",892615144
"8dfa059401e1dca80ae65ae1",825921690
"8dfd846e6df9a040ae1188b7",479227121
"8e0ba427ea909cb7943929b0",493435760
"8e160f094a0425aca23f04ac",770958527
"8e17bc9f09099ba3138c232a",1032225886
"8e17d7d78e7acffdcb04d982",573950384
"8e1bd01ce4b7910d42f59be4",678833878
"8e1e9ae57400052cbbaed9dc",1293542935
"8e273f1dde4801825fb19742",858850673
"8e2a5f8431996ae0db65d0be",821752018
"8e35609c1265ddf59e1c015c",906100978
"8e3700ec731701361d7bb7c9",447548614
"8e374b19fb87640c56243088",475733157
"8e4709859d50a75dd08b03e5",604320084
"8e4875b7ecd0898571f0b1ae",473580295
"8e4df02eee6cab9bd1011987",773221101
"8e5123f5ef1da66571ccb600",1302663204
"8e5661e79f4fc282abac1f37",1070155379
"8e56b5dbc4cf628ac12e5bef",1120061316
"8e604d41e0cfe9c93ad536d8",1233671771
"8e6dfdcc28f830f2696de9cf",988300308
"8e712705b7de6e791c8735de",465076093
"8e79eebcff019c3362a76a26",738353365
"8e8852450fd5556f748c98cf",645478566
"8e88e6cc55ca769e472aadfe",563831506
"8e9e35321545774dc1f85776",619673116
"8ea02baab0c59eac6584f62d",1052190959
"8eae4346936f8c6c67be81ba",511761743
"8eb66c4b057dd4b07b5fbca5",857858441
"8ec00d454698c119085cbee7",478674120
"8ec09555f5a47f96a8683699",1091154407
"8ec491780efb2c27df8dc08b",539437890
"8ec8cac469f2448654312aaf",785524030
"8eccd2a6352c33d8c7abcea7",702861129
"8ed11c1d4e7aa1ccf0ea0508",418118833
"8ed5e7770d03c43ed19abf42",745737088
"8ed95f9bf057114664ea441c",522692756
"8ed9c13717d2bb274a81e460",875820015
"8ee4a7cef562d388b8444c29",438516210
"8ee7d2e0692e49bf9d308b4b",1090739091
"8f0a61533b6a01badf43b6ed",848998366
"8f0b6d6dd914911c7e90d302",1090027979
"8f165174bc07c28f9fddeee3",707160901
"8f2218126da9580268661c70",1171708361
"8f221efe392ba42b519e5f57",835969614
"8f2fbced5d357bcd6b1c7de9",880607902
"8f35a5d800d98481d7a8b6a4",553124516
"8f36d25584407d9e3c326e71",694516738
"8f378dc1215f9213f187c02c",556427257
"8f3924eb214f5194d21499b2",966719510
"8f4241a17d1211687bf232c4",504492019
"8f428b58a5189effe993ca4b",373173629
"8f4687b666256e136148c3d0",942793055
"8f541a839df1ae79d563427f",454357220
"8f543f9c31af1eb17ef1e353",696752608
"8f5444b81998e52ad76b3ddc",721246243
"8f570610ef199a3ecc49a0a5",585782938
"8f59ec48e38092ab01c23e33",1096042778
"8f6076f8ed13e87862d82255",453948356
"8f619dd7fcf5e1a17af301c4",1045762488
"8f8a92abd28c8990534e847d",1035501980
"8f90134b8e68948cb18fced1",544456302
"8f9417de118ef8486538955f",1009247438
"8fa4be9ac1ef719dda1f96bf",453927989
"8fa53bd51f5d54be50b3fa29",384003373
"8fa9b20af1508af7a01e2267",610782012
"8fac177c5a8b4faa21b33138",392211041
"8fc4070ce12262679c381515",934960145
"8fc50169e6ec98a3f4229ffd",1061910716
"8fc78c514a2f1cdbc5ae6e1b",1062697862
"8fd452d3f5f1dbb3b65f5274",979036832
"8fd5b95f5808b4676043de35",558600006
"8fdc9f203c3de5d486de7ba0",436506198
"8fddeb4ca696706f6cbe573b",971252695
"8fe1a07cbe9b8f3498cf74b0",413279828
"8fe7db56d501b9c11461f62b",659837048
"8fea95d0a70b1ea918803f58",798872602
"8fedbf13ebb7cd3475fa3074",953679402
"9012294b64280c565a88a1d8",759315800
"9017accdd4fe3229fc45280b",379869035
"9017bd24d173b2fcf564b32b",1045676401
"90186e67d802be6d12eb3696",680491483
"9019f1dd02ede61479b62406",483780280
"901e3b835718ccae27c8831b",816102267
"902d4fc2c44ae5ca2703426e",841441631
"902fbbf9f5037be8759775a7",1115532958
"9030f17b47b3940c2e2c4093",649483592
"90332d50e91925eb9b614bef",667323120
"9039bc918a76e486041842d0",577851032
"90470cdcdd2b813b39f28ab3",571395036
"9047c4764f2c6b1a10b87e99",948201686
"904ad71e7d108930d69a7332",636253845
"9050b1061469970ce28742a7",413073608
"90511f2411d4a37a7224b995",687621289
"9051c6d14018b4894b560e2f",1131723788
"9052c644813d546987a72305",513870544
"905cea21c0ce1cae97fe86ab",1036833399
"906014f0ee3f3f4f0576d4da",446184251
"906e1f2e1bc5cd51a55b0266",961962554
"907f968e78d748fde69dd44f",696198331
"90822d4e3a369948cdc4d998",724410131
"908330b0d2651093c0bb6719",911822237
"9086e6e757243bdda003878d",1003357117
"9090236db3ef719edf72a330",1275606143
"909182c92bbc39b00536ce6b",431715912
"90921c9fce21986dd23bc645",838468974
"90961073d9887bc1023315a0",430975775
"90a269d52e47c1705f9b6cf0",1062697862
"90a43053efa1d292af692a87",484992748
"90a711f776d53cf654614649",822900980
"90ae7af091c23957b88de5e9",629709845
"90b04117887941ac898a67a8",401767948
"90b25b6b913c1bf0396c149a",454642175
"90b28f5125a0b8a0e3b10580",962657687
"90b34ed38e0f18988f11d77c",845082090
"90bf218565cd67ed83240033",1241365773
"90c3b93badfe7231410e95bf",830695467
"90dcc3f9428a4e7cc396a15b",794771097
"90dfa0d7be06e7a1dc15770e",527770441
"90e00fc58569167c00fae7d0",621204246
"90e62f8656ae504bf6175e0d",537635219
"90e858d3740d4aec0fa21c12",562058194
"90e94b7e392f84e01a5f1551",1256333725
"90f0cf22cf9c8fcc290e495d",422916750
"90f320e94aa429856e37bb35",457463020
"9120f0e5a6f505a2553bfd58",762009316
"912471caea3c71e3f9f70877",773221101
"9129b78a741bf5e24df5379d",594773428
"913cdfdd62e35472522d0a6a",525080256
"9151a8c65e1f01ce591c595d",726551969
"91561030d87ff5bc0a497f1d",609279179
"915842a8a03914c08a6607c3",439570358
"9168a08b1fac4c5448626ff0",680532136
"916a413537580440c4ac6028",690656806
"916f946082d03023ffad6f2a",662697098
"917218fe1425d2c222da1ed3",655909620
"9172caeeaf6498737fa0c6dd",871085063
"917829a0aba571cbe794838d",643691838
"91892eac5e9565b12b2a99f7",437773058
"918947d51e52e0caf692f22f",439425529
"918b0d900ead8267aab4cdf7",606415190
"918bec54bd7587daafff66e9",949425132
"918c48a512fd6ff22fdce5d3",760942271
"918dbe66979d16b147bd3322",692590959
"918f56ffe325f21522cc60d3",471122573
"919bdfeb16dd0bf67787d53e",581261714
"919c1e281329379c4d130416",1145029393
"91a08474a18644c43224c62b",463179445
"91a08f81b621333ac58c3845",600674701
"91a73bedc30e0c2acd95d6eb",702790344
"91a7bcd95c0c960e4cc22d91",672550275
"91af29fa680d8033188ffc39",987725514
"91b57e8d6c41b7afe949bcba",416904420
"91b8b9db5372a2c3a5c30c58",565737015
"91ba0c5b21b52734d1e244f0",748389287
"91bd11b5a8e0c0124be78f46",391692802
"91be1260a84ab7fa3521c495",876631065
"91c4f018fc7939d150593935",888464419
"91c5967cc1acb3f108d6e0f1",425955022
"91d265ffaa6b407e9747b15b",1089113828
"91d35b9421c4982b54dd520a",667541596
"91e2f9f7d4ed776d38a3274f",708748867
"9200d647b6ce9aea67ff8ac7",799486120
"920b50f4355cd2674ceee068",710094912
"920e2bd03c9d34e36fc38ad5",1159909149
"9215d29512b14aab6178da01",1289685740
"922c37e46fe9e75e73fc1f35",522649389
"9231ec89e58a3daf459c5b43",1287298198
"92369f73435d1ac3fa95f185",687432594
"9239fafbffc066dff0811302",380503308
"92507b623f039b4ef5be8870",789534066
"9251f3dafa0e747b6e78f295",678585037
"925754da6fea9c9cdc06e18e",734794572
"925b457b5df270a68b84753b",410346684
"925f83e20a153a1e094bc606",1080847557
"9267fcc93ae3b6df8c12d9fb",501084949
"926a7b18e48cdbf6ac3b396b",561548189
"926cdc0242544bbc850520ff",543760331
"926d12cfe05643554837664c",402943329
"927de0269795dbe0566a0326",916348672
"9297c340db8a74e10dbba148",677284190
"9299c976b1afe4d2c0bf351e",802138530
"92a1a8b617b6d2c3669167a6",658881598
"92a9c07259efc617e7d58f9c",584265114
"92ab018394a5398b832d0b97",694679131
"92b3b7d8dac6b2f6d5fcfd9a",541634658
"92b772a38d5e38bb51a3f621",553332052
"92ba019bd942fa33ab742924",682288943
"92ba222e2dd63a4453a30637",713329880
"92c4faf0ba1fbac44db6d1c8",634924234
"92c5129009b7e377fa004a93",820444426
"92c8d6ee8496b91821d7ba3e",784866025
"92cade7b5347d1c00a48a1fc",1017780475
"92d7d4fa9fd09075bec14a3c",945507642
"92e4dcc5911b42e7f70311d7",736997600
"92fecc04105a999a622ba3cd",610751171
"93086ab3e32aa9599708382a",1036852179
"9309d812688d0d2bdd33d830",729865182
"9327563b40f2a0f888c68f28",1139850642
"932a93e3ee2093d7f806fef8",688559623
"932ce2fe93b8e1ec0e7bbc8f",456106166
"933018604a8d5a9020aac221",844725199
"933251193ded6df07c83128a",859779233
"933740e21e9b61721b2c6053",807565465
"93375efb2e74f4913d21d94f",499532780
"9337becb0628955b47e45b98",1002239585
"9350225547486ad75c0b5ab3",1132217071
"9353136b0c791bec58f93ad2",526103871
"935a1e8c7e62ca9d3bff398e",910624694
"9362189c5d784741c9b0f8e7",667137820
"936307e2f478c3ff7b9652e3",708748867
"936cdcce007bce08a72112b7",773749741
"936e18fcf06ca3c46eda7c8c",663396170
"936e6d2192f28a2b40939a4d",1017527294
"937708417ef2642b7d05abad",1001936863
"937876bdc44c3b8fe063a9aa",560056497
"937c0b6350beb0f51e53ff8c",529410440
"937f0b37f566f65a1871615d",493824038
"9381bdf491d48236e84590fa",541424042
"93822a34ec8dcf104e7f49c4",750968680
"9390ae5c166e1a976e53e16b",432799456
"939afc1f6250d528b0be8e3a",806318238
"939ce1536f15c0e6bf203dd4",1012479906
"93a1aefcc4ccafe4866bfc76",492017711
"93ab279de0b7b414ce758153",722034803
"93ac0b004ca60ea56cc2bb9f",681995120
"93acd9176ff299221e0d2152",915741928
"93b27fa67eae8cdfcb846772",896531064
"93b7fc7c4f07a7f117e687a4",640950790
"93b8ea95ca1c1ff3881d91d2",464017555
"93ba409ab36d3e10eaae18c1",940911324
"93bcdd2a8ee1d5b61d00d58a",806817394
"93c24fa31fa780d28ecbc318",489983960
"93c5c5d9d1e99824178be9ff",720709509
"93ca9e75cbeaceee69b4f0e4",478684172
"93d4c413d2a1ac59f1b46830",596140954
"93de58cb0d8fbe74b0cbb556",757190819
"93df4118ec3536b312822d90",1222630460
"93e443a5b3864d52765e6484",1006344109
"93f5694b4854068f42ffe55b",636357253
"93fa1c8ebb75b77dea76ab99",893619548
"940dd8311f2b49d4ec212fde",590849548
"940e08f8fc66ac29f6d76687",826470395
"94116b7517a06255bf4320c2",990853410
"94118bd8c3da3f14f9c7836f",517658303
"941392f9a135909273422dec",608557747
"941569c4352c3a2e32c908c3",1084328011
"94160aa4e5c54bb479b1d0db",449769635
"942133ad6b84f9d08e1d4e7d",846848801
"94213637892f5fe643cbe8ca",496888808
"9421ce9f204f373a50357fce",449402816
"9425283b41165156aacfd43b",461241920
"942c934c0d41ab822d60c795",512191799
"942ed340950f02adf9749a36",447346852
"94301e20cb91669986c4b34f",442753555
"9446f801f30e8b2997fbd72a",1097494001
"945202a450bea48fa7f2a95c",924476004
"94535dcf38c9c6461a73db02",407670566
"945f85a061dc4e95e779e27e",945366927
"945fad7539481410e8bb60e5",566843415
"946eb4523f76bb23d0348309",825728105
"947421747f33db213e6b1326",598887732
"947ba86487536d611f548142",1172842957
"948ba87dfd7993460c967cb4",524032575
"948c392520e1cb3a030ce86c",1129865787
"949184accb5878f82fd5c10f",609881693
"949292b23ece12b655122038",442700334
"9499edd83df77bd6a90560c8",418979853
"949c4a5382aff4750b4dff83",1124161038
"94af5eccfe170cbe7d428184",486428387
"94c15574aacdc5c3cf5a406b",528390740
"94d3fe901550dd4ba77ffbaf",1070767426
"94d91969cc4b9aa1e856d801",591312628
"94dc108f1d146641b221cb81",472793510
"94fd4bb5f41087921ca12b58",506671688
"94fecb92077ffe3a72aedec4",542231093
"9511afb73b656135daaceb43",1068187918
"95173735a8f6e554f083c065",946798475
"9530217ea0b5d2395adfcc9d",1132334906
"953176c9a901b4f61c030432",726804387
"9535ab027f9f2a9a8fdc21fd",445374576
"9536c686b6ec514d92493f9b",632785101
"953fd7541735fa8d9a342642",890543279
"9543c16bd5eea47111e6b266",441264657
"954e3065b1e8b31a68f6d4be",546810424
"9551dc6098b721dd495e5c57",1179577842
"955544a0bc2eff312e965c2e",1196215300
"95561bd325f60967cb6653dc",844265205
"95570bee1792641c7c12e4ef",871337007
"9559637fc2bdf96defd2438d",957775966
"955a15a734e56eb287555307",443074223
"9562ef63320854bc6f94b5a4",462610310
"95632ec6578a204881694dc2",554146452
"956600c9a4ed31e588f8c593",992423624
"9567966987eb1d3117677cc5",439629711
"9569a50febeb4163e28c192c",920004292
"956ad3b1dcbe8f236efe2d2b",553758447
"957731b9940c9131d92a22fa",888630904
"95781f187bd3fffa3d1b19f5",491393649
"9580bf8358095abb15a10c36",375740725
"95815bf7c79e4bff3f41b233",867707906
"958f3e102c6ecf5f6386a004",484464380
"959397711c3f452486ae591c",1056769662
"959b2293af0ee4f7c9fea7c0",709767299
"959b7ea50d93bf1c36e35005",946370871
"959d0cba47f650933b9a5168",1115147210
"95a7b01cd60cd10e7364a600",678350568
"95ade3ab8dc04237acd6441a",422599157
"95aebb36dc0b4ea86db49492",1160255159
"95b822f76b4d3d6ceb0c5077",782035031
"95bb852a958d7b16fd676e3c",1034760382
"95bdebef7fdc2ac0e9541c51",1092231148
"95c9cee9b36fd1d68f647aa5",532279033
"95dae083200a9e43a5aaf210",1091789875
"95e561c7292d64305a2cf4f9",840229673
"95e5e774dac6f0159e8afc0d",611537153
"95e98113e39820523e95adf4",457957161
"95f17e64d2222c904a7d42cc",606221554
"95f27bf0d25bbcd0d1eb9cdb",821225987
"95f7bbdcfb59b4cdb41b0394",635392604
"960c9349b6ef9b747ebe5829",1142896214
"961886897eda4b0ce54d1d82",939915673
"961baf163a07179bceba67a2",1132153109
"961de1cc8601447b03682e1d",631089877
"9620068cef0622c404e15960",514265487
"96298da2f44ca873f345867b",794368499
"9634cfebe7e6b095f0065ee7",751119240
"963985c57392ed0423d74caf",676785551
"963cc728f3bc207a7ad74ec4",701112944
"963da21c3c571d7bbc36f1b6",622042087
"96448fa0eb077563a2d168ca",532038859
"964734d3430de94d22c927cc",442926291
"964b7d9de17c1ce396fb83fd",434507203
"964e9c3f87176e761484543e",692148451
"9662cce3c4b92d1c99849899",1018055007
"966e8fc9af08e76f8b276245",510373835
"96786aff35713dc21f6bfe5f",999955141
"967a7676754d6f9aa3e14473",458932072
"969219d7b193ac92e7a008ec",592420202
"969b956eb7769b6f509d3ee6",999955141
"96a478c359fea0014fde607d",822948682
"96a77e8e42d676b0da3fa572",756815911
"96ad0e75433cc18f20ed83f5",813043645
"96b3ea80cce599b68f96f86e",635392604
"96cb3c08c80815907de81e73",586701530
"96d14697ed6847ee757d113f",471619602
"96d14a1d29b7abc2cad573cd",690404306
"96f59167d17d1c99f31be997",830432202
"96f5db1dd0f36d1087172fcf",691072897
"96fa88a07329d3988b6b41b3",857036290
"9700892d7133ff2c0d1763e7",1037386915
"9702737c9e4ecb12d0f9ea5c",843261753
"9702cf3039b86f97c003e20c",637622974
"9705748d2bb061678a80826c",999679279
"970c0d4928a9292748c0fd00",930432508
"970cb360eb64128037be7e23",785190492
"97106114a8d353ffebbd07b7",713461267
"9717b066e135a82feb422181",584205439
"971a322e9087b67650689ea0",1107010861
"971c610e55f133a1d1e6c2b2",966600418
"97337d2f347a50e0ef518516",443502357
"97388d009acd9e5ad49e7c4f",436506198
"973ab56a202e039f5ef37353",491218067
"973afa2d67c20297aa108bda",509976903
"97419310c7e696dc8ca61f7e",841336207
"9741ff1b895a038c32205784",855343820
"97439d5a82f970e7f50d51b9",871069833
"9752758072e096fce6f7f4cf",455480972
"9753470e033b35407a2eca2d",815923197
"975482a692bb98df98b2f243",458853525
"9756b47e9dd47f99dbb23115",851204967
"975ea2f56001edae07f28fca",408148636
"975ee5aeee84593bbeb331b1",384312813
"9761b0f43949eb5307472ba2",980955327
"9762ecd72557ad6728274e1d",687889896
"976945e68af6a66f6fb0850d",519870760
"976d317efade1dd77ef3687c",471556030
"978195f1745ab7e3d69e1f50",1071112910
"978edd828fc71300e6723e06",968658615
"97986583e1c988373765eab5",816625043
"97a22807207cdfb341d5c50c",395030829
"97aacb0847561f45a5540f21",756815911
"97b12012ece8a740944aa547",807614249
"97b57932e5e20416bad6919e",1108412400
"97b69097fee8d8496a6b8c04",518118150
"97b791fd94b2339ba115a75a",854913699
"97badba651a94721af5df3f0",609536209
"97c799300453ab511bd06361",828611361
"97ce3e0ef38ad12f7fa8c4d0",397083331
"97d49e61c1ef55451e52c8e7",905841196
"97d64459dfb368b1f6067ab2",870238083
"97def72de478566ad58020a3",823991192
"97ea5dc81ba49ade4f8f580b",634639632
"97f5e6ee143998e0b3fc97c0",759595715
"97f9cfef1e35be84ceea2a46",1032225886
"97fa4be3ed93c37c048f507c",443642037
"97fc10f5ce4a6fd7357381a6",532684356
"97fe6eeed892111bfa20255b",464357121
"980bafcd065c8e3d6cece127",921871424
"980d809e549333b475477bf9",421099256
"981b55d5c38361caaddaddad",601692780
"981fcb79db3881259eb303bb",492429545
"98318f22c00ab335d8aa23c0",737656184
"983503bb75d84c410d1c5d3e",1073620755
"9836bf9b64f27104c7863b79",580664465
"983874e637a1a5782f31089f",509414113
"9844c3773f7a50c71f218e99",869406528
"9847a4ab995b7b1c30196704",1242421159
"98502628de3c4fd3905000a7",585808326
"9850d970fe9fd9bae89f09ad",799309605
"98510008e150296ca9d27d0f",741359956
"9855712ed7be7e865656de13",1031181682
"98575cb25b358dde32ad042a",1024855508
"985e40843a30150e6892e4f9",893235105
"985fc7ab5aabf1831ce3d298",739491648
"9865836c04a9582688f50496",513567957
"98665b825fb3a06b914d39cf",962435664
"986defbe9082519824ebc882",867692351
"987199d3a23c08ca887b301d",833836778
"987476ca395533347581b2df",679621874
"98799228c26c9e4899bed65e",524690645
"9881fb167319b34cc23da955",1008531002
"98865eb2f40b8a30893cd351",544617990
"989360149d9cc6088391db4d",758668271
"989a4fc1590097414d7c3fa3",437825765
"98a0289e513d5ba036b24252",506077125
"98abd5139cc3ea136faf7c8c",940572787
"98aee6a36f208227a992f9b6",1229141292
"98b77fc0888335702d082f8b",692028996
"98b973c8597d5805f87dd074",745549778
"98c5b154ec80083bf6f51835",950634203
"98c98982020ba42198aeb45d",752302039
"98c9c866109bedd605ab7dbd",934092870
"98d7f0935f021acf313630a5",812410934
"98d8411005ac05d77cb12516",965235031
"98e04fd660ca1276d1510a72",527141638
"98f253233bfcd16533e2a448",1140090223
"98f2d7810641693c44096ada",673719614
"98f89d21e5dbe53f8704e745",803877662
"98fdd3fc6c9447d0f05eb1c0",487792665
"990379c9f9f210206c6f1916",1044212191
"990c8d65ca11a97a1d34c5e5",786355701
"991a94dd1e99de493672da14",525080256
"9931470b50580f51e1a4fac7",518490160
"99340b6cf8f818392d501e9e",1251434317
"993898470c6676ce46ede92d",810857793
"993a18ae04d78d374f854262",822258447
"9943a2530009f62cab6b466f",512750942
"9949cbc958bbc0114404960a",544488201
"995362e3fea8e54538ac135c",517712052
"99543a17b33ab955d03adfef",1050933525
"9957ccd807718945178bb847",1021046901
"9957e5492f63fa295772246b",966193537
"99587dcb4237fe90acb15b5e",447113675
"995a5799d9a1a7e4dfe4fe34",1129596865
"995ba6d1fd63d5160fb18e71",900839333
"9965f598c5b95b3cfaac50ad",1017910971
"9969f6f4bfb29e3a97c2fccc",620802216
"9982169d6f3e9ca61dacfed5",709568431
"998c1a6ace613d8a7468ba5c",878049520
"998c864a446f06d114f42fa2",1065602383
"9990217fa4eae1d1c4ed051a",1173424870
"99970db787f55a4d1963942e",416765992
"999c8da7dbed7412dcbafb70",785762943
"99ad7b36c3c916393e951507",623203113
"99b31d0b5d5ab75a2653b1a1",521320961
"99bdce7cdea643b0442976f5",839396144
"99c1b39476ee8e2ebfff6ffc",656253474
"99c539fecb3bc233288ff905",706030216
"99c69eeb96e1016a7e53b33f",748060335
"99c6f87ac92cc323c8caa005",910978544
"99d39d72083d7485e8944a3e",496546675
"99e48a46a1a599471d3260e0",400283140
"99e860bbf3033ee4654d393b",735100485
"99e9c4f8fd7fb7929da10a20",409835986
"99f10097f39b32a478877340",622476414
"99f1712af0fe96f67d11037b",486531457
"99f8eedcdc31cc0ff6fda7a6",411914647
"99fa9611d644cf325e20e603",1248686142
"99fad8a7877c57c0af05b318",539610759
"99fae85157be04554b236007",436893328
"99fdac6a2ddb1136f7117f0a",431948884
"9a08127164a0bb61cefb3680",404352927
"9a091c59b3cb4c730372b34b",424594105
"9a1819c45b01c341647a2410",655709384
"9a2051367d6dcbd90a4d60e0",804848907
"9a296eb9b63ffbdf2a07cd0d",921969182
"9a2b53c1c7151a8b26a71edc",417493600
"9a3368605e5f563e29182f3b",528877385
"9a354d8c526efc5bcce59dca",780136361
"9a38e7293e9ad7d8462eeaf7",1062697862
"9a3920f803b087c29b487cec",488413399
"9a471715e4c4865b822a6b77",419800508
"9a51784f33b0cdfce8312163",600549455
"9a53016fdce3d3b5c2baf3fa",929878770
"9a565e7220cbc3d5d340e8d7",790429809
"9a5fdeb5f389590eb46e7aac",1204712480
"9a61bfe6ba2b8364a92e5a97",966462247
"9a6440e5318b2de28b180a2a",1075796400
"9a65fe451b30c59beb3d62ef",533332219
"9a6849637f1b8332ab289e27",1291305138
"9a6a8802cbf3549870c55031",399746286
"9a6b537a7319b3446977919d",1391420680
"9a6b77dc2c414f0baa11effc",471121873
"9a76a405640f670c6355630a",676279491
"9a76cc7c650230c670e703e7",686752403
"9a7f24ba55c92696d377bcb8",871571519
"9a889078a0225c013570609f",415998105
"9a8d13d56d677379ebf9a347",1223181829
"9a8e471c8f4488c3799483ba",453156656
"9a9553eb431458a3e30fc672",722015425
"9a958690c3947f5a8f05cc80",1129591320
"9aad22f3d25e46538e1558fb",865450584
"9ab245a4c91877cb7a8661ce",1103831500
"9ab273eca8cd5dd4b6339ca4",406931422
"9ab385e399a4673732b6a799",925521556
"9ab4e5f8cf2b807603329cdd",695234786
"9ab5ef2c5650c4bd05248990",436506198
"9ab74e81283becc00a779172",571211096
"9abad9f79352ed42d1a9f099",400333904
"9ad9ac8728cfc2387285c24f",527770441
"9adaadeeaf6a403e1c8754bf",918671358
"9aea45bade274e4ed91ec301",601110365
"9aeed339b2d916cc89f38bc3",706301913
"9af17837ac2bbe7c8ba16e0f",500550941
"9af6ac77a9aa0c6da3cdaeb0",405578908
"9af956dd8d83bc715592b97a",428266410
"9b06c7cebd33cd26cd6cc089",1289685740
"9b0833992397c6e50b54715f",592845955
"9b0abbbbfe0bc85686304ad6",476510806
"9b1223cd8c9d7b348d6a5c94",1076794783
"9b13a371ed4724d2e2966447",794393657
"9b1590945c0c7f7b0704d287",614676695
"9b15aa6c85804621f5c42566",876358743
"9b184e58842bcb14dd42103b",602408527
"9b1be976725ddd512cd222a8",941104674
"9b1c23d616e9407fff6553d6",426382308
"9b264d26a196a76951308cca",619665406
"9b2c7e6cfb2d6c66e1ee8a6b",804848907
"9b30c679d7da9169580773a1",942362657
"9b337cb1451a8fb078dc9a07",826889559
"9b3557302e940d4da341cdab",550673918
"9b3677d498c2ccf69c756ec7",1062697862
"9b3846c7abf642e0a6220e7a",458158123
"9b3cf0d1b91b9c6a2a887647",620835037
"9b58b5c993540ec3ab1e4a0c",607514614
"9b5f013e795f5fa610d03238",465076093
"9b7de95ec90da0dc8cff7011",507940517
"9b7f17ddae12105d47fad7eb",906642129
"9b858a70a031475e422e375f",809032299
"9b8d798a2c455a960ee74503",496210962
"9b948f070b94c18e00a857a7",450179685
"9b9db425b698a4931173b5a4",619597696
"9ba689b29d0696fb7ebc44d5",1162833354
"9baa578a930a94f761119fdb",439153506
"9baf7967c49fa209de8dda95",808686399
"9bb193ea939c5308a738fcef",532464882
"9bb9864a6bcff25b17477717",573096509
"9bc12d9c9ad95064412c3413",1078190224
"9bcd34e7a974c977f65925f3",1111943834
"9bd500fb24eebd53d8262b62",845760123
"9bdb1bc52a9ddfe92e6a948b",841551710
"9bdc79dd02cdf39f92e8c869",665414890
"9bde9f216ecb90814670e87f",644918485
"9be92b361ffd3ea2c69be23b",586641865
"9bef4aacc63605f2b2b62292",490300422
"9bf2e0c1bc82010e92da2540",750110226
"9c20784acde0823e9479be2f",784159616
"9c2c22e70cffe6836f554f24",473278147
"9c2c2b01934d1d519e651786",716192437
"9c38b9798313a3091d13b340",941680217
"9c4ce4e9f12764544cc8bded",947479938
"9c4dece6127f1f3f3bc1e0f7",554314397
"9c4f397c093dde7de5d485cb",996207295
"9c558e10e5bbf230f16968f6",983242433
"9c611e246a612ac6906abe8e",1019191281
"9c63c6c27c74c03f071385e2",735888081
"9c6a01e3c7ef87d27185e9f3",985134064
"9c6d7e6260e4fe83d43706d4",543238479
"9c7bcf000cb37f48d9f15422",798631288
"9c7c68df14c238ce0b497dd2",1058948068
"9c7f7b0ebe440f60d3bd478e",422466676
"9c942287410db3d0739e182e",580073578
"9c99a85c5dd878568582dd9f",501278883
"9c9c2f05352c92c02d080e96",1087747048
"9c9fd309cfb505b628f84fab",921730382
"9c9ffb3401ab6ab90fcb555e",1089316972
"9ca0839c9c294674e86eb691",1017740195
"9cb40496518bb99a7a00a2ea",1135218923
"9cbed1ed72b444c22d8c1614",720247931
"9cc3c05f0e81b8f6454b80ea",502783186
"9cca7c1e9ff65766c8dd2e29",519575128
"9cd01a5cba1674559752f5c4",1078482730
"9cd1127b1bc10db6b8ce5d4b",1062294515
"9ce3000cd80aeec2c5188e8e",550971143
"9ce7fb3190866e6a02e01e26",555200086
"9d021f3fcbe5f82fa1c1fd94",522440100
"9d028997ff036c154c3fda0b",942588858
"9d0ae0c4dc11d8c6d94e545e",721421067
"9d0d2774fbcb6fcc66b865b8",616558117
"9d157878dbb41c14b52a956f",482918992
"9d18c354e8939c9f18598f22",404627566
"9d2a195e645a9e8556683b4b",705206523
"9d2ec1ed9eac77d534ed514c",649483592
"9d348aa70957592dbc56ef32",770991968
"9d3f5b59b9735da05588b3d5",453642783
"9d53330b44c300e396cdb402",716064466
"9d576cf721ad30ab1a4fd554",460395800
"9d6288cfead77d622f5f5b95",764656211
"9d64345229b60ad1853d94ce",657321175
"9d6810aa1035e91b72de6a26",480214944
"9d6be7123f2c6e610971374e",1061152705
"9d73758bf7569cab4837e49c",758851905
"9d790c8c474c9de2afeb00a2",455425949
"9d7f161ee660b1bcb54574b1",1062995785
"9d7f2c004fd359136a662c9c",673979030
"9d805330fb0df9ae73003ceb",763780839
"9d892f73b02f001c2f715607",564241696
"9d8affa93ce4dc7c1a21b3a3",1058883508
"9d8d3e6fb432174770c74e71",886153694
"9d8e7178912841c2a1232ad2",556427257
"9d9564415e52518c2817f66f",542416843
"9da00f8ff8e19d26c1342274",1214473457
"9daaca90887e5144c35daeff",526772724
"9db120a76af04028d2f0ce68",393160558
"9dc0c6ef8389978be58daa59",999749209
"9dc7b0a394309d8b76d0bb7c",806990299
"9dd98816533e4ca8516a5474",1045097415
"9ddc14c8e7fe7ffb078e0019",929240184
"9ddc1924043ee8361201b39d",1064468734
"9ddc7272fe43f07035d3da63",1289685740
"9df0663317db1cf4121a222d",804625883
"9df90c0644948ea5539939eb",981672558
"9dfd5df5a2efca3fbf2c07c8",577997565
"9e07dd563b6ff4572f5d9031",1012381662
"9e0feca2ec3043ae6f840631",1178130903
"9e142165bbde850d4379a49d",497719492
"9e28972500d8ca3fb3b76fd9",988281270
"9e2c21d635fc25f7790cafa9",437164457
"9e30b310c820d0426f504d90",431981583
"9e360588b18cb15aec3b6609",531446545
"9e3bbcdba89c647e4ce53182",665994169
"9e41c4b41cbdc2553d80e362",797200230
"9e41f25cf2e77f3fbe903368",1045762488
"9e45b127ea0303f973bac9d1",384910453
"9e52ce2cb6f6b7e2a152dd54",820305079
"9e590ad7d22105456bebc767",867077507
"9e5efd4741a57b9af54e9265",710849056
"9e617d1fd8a4f33d7b66098a",1178061778
"9e7ee8e17b1e76965e96ef95",840132916
"9e80db4c35139bbb18775644",1173528163
"9e858250fcb7320b65bed9c7",975778774
"9e871ee8a61b183aa9051b72",842769574
"9e8a11484838eed1f4673a32",663568015
"9e8cbeb53820394a460f0879",490231052
"9e90e02c8ed3ad137e4c3abc",431421083
"9e92b27f554068b7dfb640cd",465127894
"9e95710c61a4706e21cf70b3",717609217
"9e9e3655ffa5921889cd8ae1",1167287088
"9ea78159ad117bd9c0b04291",524856292
"9ea7a0d65493cb5487ed2084",520052157
"9eaaf577807d86ab64fb14ae",396535345
"9eab02171cb5f15963670172",1184334076
"9eabba4531191127ee91621b",1228592411
"9eb4041ed9e159ec0d890de6",457446564
"9ebe11eba1a88fcb24fcd141",541587346
"9ec426691c80918203394ee1",425605003
"9ec5fbf8767dd0d2744a79b4",736756903
"9ed0bcdb62b2223d716d40d3",767369630
"9ed988dd6739eb7ad7aa5a06",979033301
"9ee3218bc61636cf0d7f8107",619693702
"9ef3691cdc2bcece41b47e78",1105487723
"9ef498b11563827597c82947",627978409
"9f06ad3793ede2ba7f39de43",659821704
"9f0bdae4f8609ec93588de3c",785121382
"9f11661702873852a3d65ed6",417411299
"9f118569fb8b084f0615fa22",509020368
"9f149071cf61295815e3f875",815984228
"9f15c77d67021f349714806c",502776941
"9f2498c12d7b41c213bec0ff",411920938
"9f27627b9e439fce085cb01c",478684172
"9f339d547d83b4ef956a3690",874354942
"9f347bf53e4ca4d264a45241",736928087
"9f3680d00c86707fba024dac",773979378
"9f37bcaa95fb0044aeef6075",566327391
"9f3dfa6e1422f6aeac527c61",472220715
"9f3e09a3461bce2fee7e1c40",1281342000
"9f41ce015f02d67e193c41f5",441092614
"9f43c80d2fa31a09592b030b",794217218
"9f4a25a5550f016ef2370229",955260231
"9f504cc4e6b170155d38c687",649596336
"9f50ed2b7e40847ffd877f4b",795260756
"9f52855eab4ca5161f1fb492",774895491
"9f5cf735a842860e7ac753cf",672466896
"9f68ff98e302ab06df4fc672",454959984
"9f6ae3eaafbdfd8d5c0e64c8",1139872218
"9f6af9ac2404a8d55f24286b",555608008
"9f7204b4bb3ffb8591e3164d",1008381690
"9f8697b55cb665ebb054f9fd",509200971
"9f9f2548425519863e2cd6b6",466640827
"9fa391febd5d0a8e4c6ecb8f",431329167
"9fa39c9eb4b10a20dda6c3c2",788580653
"9fc4385ea76cabf741d38789",443217245
"9fc8c3523883947769b2fe6c",1120069806
"9fcdcb2be94744d00e734a3a",1018685320
"9fd4adb5c63fba5a11661b23",392274224
"9fdbab0b428f19e7e8dc35b0",1040873149
"9fdf7d85fc65849cda3afda7",694070087
"9fe75dbfd537f9ebc6653f18",724935518
"9ff06409b37e5b5dece4604a",580719893
"9ff08a6ca1c63480c563442c",914960875
"9ff3268cd15cf039ab958413",442206261
"9ff3acb07666d53f00d1f1db",614606966
"9ff4b1fc1970cd5c102cb755",1085560993
"9ff5828e084070628ef2ad96",464117242
"a00863c7c53b2c059ce22dfb",416559897
"a0087db5e9e2cdd6073021a7",589718297
"a01a51af09a3dc387a18b58c",353313475
"a020e479dc5db78794a5fa77",913798563
"a02bf67aecbac445a12da958",1262192807
"a02f6ef1f148659297d46b33",646539152
"a041ed3fc0b60fc4ce3cf847",663164474
"a04d3f4eb8810a346fd29ab5",1152161768
"a05da8df13eb4b121d536912",644878088
"a05ef49ad8b2d6c466ac7412",961862707
"a06733f7b3ba964c20ae2698",910104417
"a0722c5527c6d3cd5cac9477",1084328011
"a083fd17c5e7c9d33540b922",531961397
"a085fab6d9b9d8c24472cfb0",1262192807
"a09413ca0b723170c26652a3",730635531
"a094be8af52cf76977fa5083",920078213
"a09c957598e6cde56cdba03c",617426045
"a0a8d63b5f43b87c0c7e1fb1",880045979
"a0b178016cd26a1d2072e7fc",427959062
"a0be286778d94153d3b22ccb",941685867
"a0c6e0c6fe41e32b3bcb2b26",885460247
"a0d5001f7dd42d7f0c91d2a9",458545178
"a0e15809e0a284fde27b16ee",855080663
"a0e26a9d56cfb3b7228e5d75",616481893
"a0e3198470f97f6a169044b3",1063811496
"a0e53cdd1132bd19b8ba0c54",719281539
"a0e9310061ff0084d63dd242",934048584
"a0ecc8ce0592a40959bd755f",675369242
"a0ede3a514cede68b721d994",677063758
"a0f1496a0b4a7cd8b850f010",882753553
"a0f1c94cd34fcba92f59a59a",1038943641
"a0f28aaedd12f3d0eee8c6ea",415080081
"a0f86ac00934b57d85b44dde",805680554
"a0fa0aca2f6c2ae65a98ccbc",604942971
"a10055de743532d7b7bd29a0",710756791
"a100f050c34e438070ff487a",510324849
"a102a0a268840439c2c8f4c6",443903605
"a10f459124248ef30f290cad",604600874
"a117f625c794b7d52ec67cd4",857246593
"a11a82cec7f8a243e2f90539",800731272
"a12ac99bf63b547fd9180a79",383971712
"a12f0f00148e564ef78838c5",1092112047
"a12f49f4ac3c5bb0dc7d8d20",419899565
"a13004b87c6d7e7bf6b75730",490795005
"a1305fd943ae63715529209e",920755263
"a1320186028a726935bc1cc5",710628507
"a1368aa4d3ae850bbfd90bca",1033136958
"a13a3638569b89ddf1260470",475546321
"a13fc9e9b4e47340a5d53bcb",726045404
"a13ff325f90eb49363f59052",926592882
"a1421c30fb33a249bcd54394",472503260
"a14506a4800c27223fc34728",897957755
"a147a8c29757c5d0c592d347",561804109
"a14f071d8e5c338d9ebed23c",466673482
"a1508f30ba87423e7393b4fd",1037386915
"a157596804522e03efabce48",872944147
"a15a12446d2e5993a0a6c423",930258450
"a15aced0fffc97e219f99545",412646648
"a15bf12a6b8749ac8f9de19c",406840439
"a1647603f732f97a99f5ec6e",1123037066
"a16ca6293e2ee2969f3334c5",880083824
"a173eb804f4bcf6bfe889417",1047622608
"a17807447696896bb61ef8ab",843072136
"a183a1c009abf7251fd725a1",939985528
"a188aa896d1b4520ccd6b65f",412937407
"a18925f908acda4171bfbe36",971296768
"a189bd7e4eecdd18ebc7d353",1159909149
"a1ae6f9f5d02548c89b23904",796117860
"a1b0b8d18cd78b7cd555dd55",966709493
"a1c2003dfcdce97d21f9cd15",773221101
"a1c975ab16effc6f97935e16",854537795
"a1cd215fa99b8776818d0b0b",481292281
"a1cd867286d6e82181e5d1bb",930332187
"a1da74ec074df16a1e8690b9",1062634760
"a1e38854d6725e9c48c128b1",387732336
"a1e8f0c7cfbfecfd1549b0b5",548910543
"a1f0d61cef676fbf798b5473",497783335
"a20435d582c7646db231e7d2",847594996
"a20cd5193779526b43612ebe",615753009
"a21923caba05da05449d60f6",825742158
"a21afcc258e50a538dfd43ed",422240948
"a226b4af016a772dc7e39ac8",652510584
"a22bc19d0d83b13a53630b7b",533346325
"a22ed42197987a8534abf76f",886679893
"a23a13e43f3e08ab82c6ef82",464282260
"a23ff4d1b2e24f537a75242e",680322376
"a24901956dac4ee0e4b0c91f",921969182
"a2522c9d3edb7e7a23a42b74",1024138879
"a2529027db6b525e365e7be0",637978153
"a26149f589edb9a903782a3f",654342365
"a2645174e4e15c49331f576a",1034722692
"a266efa4e41df357ac4edda4",975334599
"a26e967b288a1eb6d8e71d46",437326495
"a270fe47ba30ef0056ec6c4c",390543149
"a277d5e8216fdc3d7c93eb2b",769722708
"a280fe7610c254b935c9dcfc",438343470
"a281d59b685eda4978e0c84c",861941881
"a28a31f7d0e3fc6298606078",558232407
"a28b1d82d3f7dbf8746d5742",884888071
"a28bb09e30bca82627e595c2",858782921
"a2905faba4c1177603e6cd5b",1160521160
"a293de027279019418c070b5",480622592
"a295b12b773127f15e83e174",533965111
"a29e18f37ded2e901181d7d2",646680686
"a2a1665a693852185673f6c1",1032225886
"a2b576643f7a032371587e5e",1062697862
"a2ba273b099221390bee92a9",469331284
"a2c033f497e62ea10ff8ba3d",827366333
"a2c3da753f0116aa5842d4ec",764260825
"a2d1de4211aff373009809ec",614212038
"a2f06081983f748fcd74652d",615437848
"a2f3f7a1cd573e2a33f52e2d",779463852
"a2f40c8227b466249d6cb659",793147403
"a2fdc7da13d098cfeba13b76",460773019
"a3021c7c465dfdd38cda9f9c",772135564
"a302ef23e1d0d6a273274cd0",401363354
"a30e69524af9c1bddbc5de34",619987918
"a310528e34207b5dd813df8f",680999248
"a315b497dd8e80464bf0480b",738437995
"a32d2c51f2bd5f23bb519d12",1009883807
"a33329c9ed11ee8b87aad6b4",473351821
"a33800eaaf178e01558ee926",716389344
"a33bfa6cf99e26bd9c49f8d8",661236163
"a33de2559b5f56d1b3cfce08",596152534
"a343e6ec6eadb287711d3834",740839539
"a3460f00d48816ef66e3acc3",510303605
"a34b3b037805f2ec489a95fc",620818730
"a35450284f8dc27e0ed717f0",1144725941
"a354cdbaff42acd1a0b5d82d",817757178
"a362533eea6c235049bf3359",710571409
"a36ff3637b7d2b1c52999ea8",1098023027
"a37522af63bbed2f4d10900e",1289685740
"a379656c49f4cb1cfc5b3f03",661138727
"a389a1ca097a820fd9af9d15",796117860
"a38b2d75349c56ce04f02a94",851605707
"a38e7af984a471331b2d758c",849620204
"a392f7f9ace844d712ab2b4a",1163396347
"a39617b7adfeb6ae7d5ee5f0",1152362719
"a39f9fd2f143b8ce1f7e1277",650320958
"a3aac701ae444b6d91b7bb0f",632198061
"a3b9c1a3b81f17e6b22b6152",476206070
"a3c3c9fc04cf2e2a051a12e6",525303249
"a3c45875c0834b144f834798",441886946
"a3c4d0ba7b85b9a6370e131a",1185484679
"a3c7c54fa12d5b57dd997210",479929990
"a3cb2a035f98276076f2d848",451105293
"a3cc0422a37512ae124013d8",910624694
"a3d03a25f84f4d50d2a308b0",513165857
"a3dbd504524f980ac5325150",865227004
"a3f1214ea44063ad10956fca",774895491
"a3f32d81f4cd99dc85a16bcb",500638391
"a3f969063f78dbd95e6ee795",616952726
"a3fd38336516b98117e328b7",950441374
"a3ff6a1fe37a1bb736b1100d",882079821
"a40861d6573e4539ee3c23e5",578307675
"a41210034abe19957b317d1b",944901369
"a41222195e5c7d7987dc3c7e",437682016
"a4146ec09d782b08e8198e11",883269677
"a4173461aa676e09227559fc",443655835
"a418dbb6d04e505c133c6c1c",958124240
"a41d05f2ae3e022c16088bd0",918445320
"a42081eac6834da0560ea4ef",805402014
"a4325969a50a14c948446f9e",626473479
"a4410bebf9843297fe32d63c",622162068
"a446507813234e358db8b573",481728067
"a448d8246781ae78dae61619",743370139
"a44c7ace8ab50de7ed8e5a66",472503260
"a456f85bbae3f189ff424e8f",458733744
"a45863121bdec787e119b14c",410600881
"a45ba5d63cd1971de19c25db",977529161
"a460aea3370926825b0dbc13",1060140307
"a465a567a4f60ac534505bdd",936255028
"a4683facc81ccda10e9ae388",1062995785
"a46cfad2458ac7ca4134818c",568908489
"a470bd174fc7587dc1449c89",1273359958
"a478fb93a131fee4119bb9f9",888171239
"a480b654e1b8b7134091e613",1092196381
"a482103965890c922a66eedf",616536116
"a4885ce6808ffdb878c41f97",488002596
"a48abdedbe3d132276dbe403",941019729
"a48f29071cf207b27ddb03da",630302659
"a493488dcd906dc74cf8a604",703866557
"a49c2976ca4f24f3a6b622e3",553530070
"a4a49182c79c72854732594a",501323543
"a4a4a57cf20ad739291aafcb",546457239
"a4a5b6a844c14b4eca92dc49",1190735393
"a4ad34eb244e48afe23a780d",561004631
"a4b16572b8bb786561baa3c9",1273359958
"a4b23fbdbc7bbd45c5ebf80e",1128119020
"a4b2dd2771f49951c027eef2",929030320
"a4b6ceedaf89cff74a292ab5",754628741
"a4bc87ad4f1ad97c0a63d843",1065582858
"a4bf0c02f139c695845c9507",916067683
"a4c324b1353d2f7ea3ae9727",546396897
"a4c70eae507d630c2f285eb5",1163039255
"a4c71322f79dbbbedab3191a",954670328
"a4ca465294c114b1065bfead",851784107
"a4d4d6480b56d6198c0120d4",841065758
"a4d5ea1b907e98be72b5c49b",533215411
"a4dba76865fbd14aa19c0286",979021200
"a4dec2ce375ab5e4bffa5966",586037347
"a4e4f56336e07304cb946b1c",896638813
"a4f272acb4b3b4f5fc72e99d",1087585860
"a50640d13126880a423521e8",854579569
"a507a938532411f06c57ed8f",1220037382
"a51ad0372758b2bbfe73f8fd",759595715
"a51d415712d8d6c8add7009b",1041646398
"a528312b77b7f84741c2bf29",755864055
"a52bd93aa6b0d965914f1101",921933217
"a52e2c893f85b49e2499cbab",852323893
"a530e3ff6d7bc1abe333245d",753701735
"a53b105919c7b46c0cc1b003",623277825
"a53c748935206f61751dec1f",449463422
"a53dc5c58f7384729ba37a21",683252173
"a541b35c62878dc2c425235d",1025890375
"a54b0b282edbd217e9509287",688383374
"a5587c93c012375dee920f71",766214343
"a55906464634558b94d9298e",545548628
"a55d7074220aa6a750297c08",996552285
"a5620899d410af623a3ff4a9",1009533581
"a56d3b5bc13c9849cf676750",721029580
"a57350d4c79a415137281cb7",413409361
"a57435d71ccc5f032baee302",697411357
"a57a34c7486e7a40e8deb316",845215777
"a57d01ed5a9641ad64f7f032",517184357
"a57f40f00f80abc7450aaf9b",774546171
"a587c7419568288d68c46feb",731609996
"a58acad50184e66794d8d704",721279334
"a59320023948e2d915c07306",598205207
"a59e7f0e0596ea6633781335",727412531
"a59f1631e721d231eab4d146",1061476863
"a59f39373ee368259b441de6",483545588
"a5a3cab55661982b7d30bc78",598484246
"a5a46af0c9fb5c0a03855660",988463914
"a5a4c0f268548993b61d65c6",843847279
"a5a71962df1b8bc45bf5547e",811090284
"a5b8869e9cd3d0cc32a0b298",1038477800
"a5c85b445f503a56e0e2a924",1159404835
"a600ed86cff36e636d204f39",628821886
"a613b18945052b4576595c4c",719940497
"a619d30d6f2e2aa3b9613c04",436506198
"a6259664a05091ef92129c7c",468993550
"a62a6094ffed3ea7a54fee73",502529704
"a632ececd6a023aae8a7b730",437115823
"a636ffa140f80412f003734d",918995629
"a639ec3b943cf90cb28bc1b3",485903441
"a63b4a22614d334b4a61ea16",866394631
"a63c26369cfbabfc9c2603b6",988281270
"a63c36f6e7e7ce7c7e7fe457",838255107
"a63ecc5539e8725af4128cb5",668744480
"a640228932682c0c04538ac3",853646877
"a642351076b7706a733dc52f",759982009
"a6555836840c7dd496ba9094",748075202
"a65655a4f42564ac48bdffa4",673380644
"a660d5809085b4823e287a5e",463972099
"a672cd6c8c284e14913222d8",649344942
"a6731fb85da65ce14468341e",445167168
"a67412a01feb64ca6e772858",1112910994
"a678e89692df9b14da9f19b2",473173912
"a67c6f6400a176e0a07d6772",806327150
"a67ef3a182aa268bc4d9ea14",753018451
"a681d6e9ccc7bc60eeaf7e3c",943212857
"a694b9ab05641a6325764e63",804288363
"a698d80ede6cf6243fd9ed99",978645472
"a69ded1c20e05bd6b3a90028",819796525
"a6a06973b5a4c990d5873b7c",644544298
"a6a07d35b3834bc6f81beb6d",987963992
"a6b1ca7a4e91c4c0f4366984",771086716
"a6b992c9bf4eb32ab3d1df4e",514267449
"a6baf4631223d9b24de8b590",382125966
"a6bdb6221b88a24c9f8381b0",735184050
"a6c86ab7381f6c43fdd61a01",470109780
"a6d7b144058ebc326b9803bb",586300607
"a6da1996f66e545041d920d6",684136633
"a6dac56445613d70e49647e5",914607682
"a6f570e11883e74654898d75",919319842
"a6f616d63d134f14ced205d1",1038252908
"a70b6661eda6ef616e19dded",462458412
"a70d32ccaa78ae9417aa7e4f",475362786
"a70d331be751cdc3bd0aab29",398591241
"a716ec25a219961fbe90f367",1047622608
"a71d187784b309d65cea0b14",1124560043
"a71d53ec4fd0d64f8c06da2c",1034760382
"a72041a40ca87928c695b2f8",525080256
"a7283f1587ffd80f4723475f",400178335
"a72f5204153b7c92f52d871a",806817394
"a731b326a61043070c3c853b",620533960
"a73206cd21136b209f25c7cc",456095656
"a732aefa7ea4715325e9e80e",572083990
"a73504d5982fef268f5ff589",793813666
"a739d80c3fb6b166a2c2182b",469019956
"a74214a0d4d40b898ee2be88",591004540
"a742819d8e4cf8fdfda6e094",1232619183
"a742f415d6c57e8493762c57",696086150
"a743dc3903eaf3576046ef3d",813268275
"a748841236a7a7fb33138845",459601672
"a74be48ad396ae4aa33ffed6",954384693
"a7546a6c6194506dffd65360",659821704
"a7577260fa10bf408f1997d8",727274556
"a757ba01a02acbdee50462b6",1108412400
"a759e4c03e49c419c8f0cd2d",611345204
"a7618c242fd918ed894304b5",608051413
"a7620d5599ec354541c8af13",1293614180
"a7634531887e969c9c5469d8",414678303
"a77d82703468f2f9e8f2ea0e",783433558
"a77ef77ffa731e8980d36b27",583402521
"a77f5c03a98636d90f50e11a",1112019011
"a7801c67a0ddd71c50ba38d3",405578908
"a78417c74b8c99279912e427",884769834
"a787382d96ef9fce8f27bc70",1253007968
"a792122a1b292f482caf25d1",407399500
"a792bde8819aebc5b2d73a6a",1104636889
"a7a219e7cd18f3c4b83649e0",455885600
"a7ad9c8b5bae531abf68f8d0",686969197
"a7b14faa46e7b73ee4e95ee6",770387037
"a7b15424d7c025d885636a72",840191693
"a7b459470ef58ef3bed7437b",446261872
"a7ba3ccc4831ae7e539f0cfa",403293787
"a7bacd6f783756c9e7cdc068",480904614
"a7c7923f9a4d004eab43413b",1151980855
"a7cc7d2ceedf4d69664dc734",509689617
"a7d8e636db44cf5d3ceb67cd",805834834
"a7df0496d6ce217fadfad10d",1012129704
"a7df3d344010d5bb7dc70bf0",408666346
"a7e40088cf53acfc65f4b3f5",1306838539
"a7e41393473834db30f2c1da",756137018
"a7e57a8be8fc8d8a844cf9f0",549607246
"a7e6d3c76bb5507e00ccb501",675773143
"a7e97bdf2d4f2f62f9889c3b",531860002
"a7ee02ad2a4fa122799a2dfa",1137005214
"a7f0c831d82505044f370b1a",552158955
"a7f1397df30d6521c216e331",924771115
"a7f48fbdf807da68594e9ae0",495283146
"a7ff08f7e09b19c1546453fa",766957490
"a7ff59863f8719590146e71c",828833263
"a804849802cc0820d25f955b",428908407
"a8052c48a500926214eb2e1e",468505491
"a811af7cf12afb1dd9b8eb86",699859790
"a812ed43db71868625b351bb",1019569589
"a817e8da0ada143ac87277ee",449275782
"a81abab882910584371c7b66",498092264
"a82fc744f537ddc6fbd16883",831889951
"a83921284639eedd4a511cb6",627840479
"a84cafc064a35cc0ad698009",666203692
"a8549fa4bb56a2bcc0e15b11",434446226
"a85ba83751915d8d5d1a0e09",873106276
"a8633d3336d097920bc8a9b3",941104674
"a87c585acf2a147e381005f5",446916049
"a87ed2154a2351cf26f0027d",981675690
"a8870552db951bc4e76e7f9a",480539545
"a88f4eeeeac5ccd1ba9b8a4e",1075302323
"a8944be7383b5689b5039c87",931562863
"a8a2c61f2b994411af5d9bde",1240864522
"a8b457cf82926e25cd862af1",963053530
"a8bb80d99280e332084b3950",659187840
"a8c5674b5d110d99a1e097af",734603786
"a8c662f906075eedb098ae5d",702516426
"a8c9489973c54b93737dfe20",748389287
"a8dc954142c54e570bccdca5",598578195
"a8e1adbf076dd737c079129c",1299244839
"a8e696037f8747f562ec98fe",525357034
"a8e74eb5eb523143cb291cea",958971822
"a8ecaa9120c6da21229cf145",815452732
"a8fc825e34bd9bd56ec5331f",722545497
"a8fdb6fb681aeae4d5c22f9a",1036742091
"a904fab9fa4f41a11f673fd9",1038956906
"a9054883a22542257c7e778f",397035244
"a90991f865ac81cdb3de201f",699471921
"a90c60e05e29b77963a11246",550971143
"a90df94f959030227fa015b0",573998161
"a90f7cd68b662c87d9fc2d5e",867796206
"a910019b3d18da92b4c6862f",772198901
"a91664b9f15f9d6f262e7b2e",1234392223
"a918c218ff761315988c6335",833210874
"a91fd5b9b1a791a6af59b70d",1098625770
"a9268ef5b7133cf6ed1a376a",866944220
"a92ae34df90cbf8af7695ed0",613403187
"a92ed9a378272ff174ce2688",453312509
"a93a37e4cc75c069e14ffa00",491139182
"a9407f510e67bdb27ad59b46",691178944
"a947158782fe2832cea53040",613426490
"a947c2ea296f1da3d10b0a06",458661831
"a949ede7227c8f8587715029",822364010
"a966f298e8d4d3d580a72d99",611345204
"a967a4f0b1dd36d7264cb408",815370245
"a9683df184aa8b4ad5d0cc5a",835969614
"a96b19e82d9811d5de1ed0e6",410680467
"a96cb9d988f5dc99bf5df4ea",897819152
"a98022fc80dd6ff27de693f9",454799901
"a98637742a212e332cb5d1f0",544577428
"a9878134c12696d8199a1ff3",636275781
"a98e4f4db7afb8a6c9f69400",543932106
"a99261116e0158109b3e3bc3",431631961
"a99df3a2cd4f2346c6e903dc",400178335
"a9a4a765b1daec2f3ed59a80",520555162
"a9a710b78e776c16eec24be6",935183039
"a9aad230d22f7dede73acc8c",928824659
"a9b18720f68c7002dc71c3af",458865134
"a9b3d963a14c2c7435f30fbf",1200033436
"a9b83e18ae78d307d1b39b15",806912839
"a9b9263f6aafe8531f3dadca",844135302
"a9b96d2a23ed155043085e87",895680325
"a9c212f77a048ddc33ecebba",443685554
"a9d4f256527be98066c493fa",999955141
"a9dd62f527cb0dbfa51aeb7f",630035664
"a9eafeeab4ba51d3644f4052",472559885
"aa09cc29ab2f2cfc79e5bc7e",858243379
"aa1eaa63043c5c29ab6a1323",603035171
"aa24974831a0c608635bbcea",826768488
"aa25d9f8737f142b8cfa970b",865738606
"aa26461420614755c2a52db2",643298511
"aa31e5995379bc38dd40b8f3",932075287
"aa45f8fda8801c3b4923f4b6",955229032
"aa4c66791884ea2a8357924a",517184357
"aa592f388454d575e0006206",527120360
"aa643acab634ee591a2a43ce",736928087
"aa668782ae5d0c16e57193fe",1131848695
"aa6af44635b5d51da4b02059",647516590
"aa703cc78a1ce659901e711b",619167099
"aa7551be1b8d6278d38fbb00",924501321
"aa75ed5781e6e8584143daa4",782305417
"aa7a25411bc0f9f93dcc40df",448893328
"aa7f56d05ed29183b825d61d",523193095
"aa7f5d0d2fd5474cc67cc70e",929361735
"aa843a050ebe8e4b3a04e9ef",1087863334
"aa850af0c6203104e6ed02fa",470359778
"aa8a19a2fd3e2cfeb3b7dbd9",438029809
"aa94d2ad36bc0e91bf561be5",945677590
"aa990d4e5f1a0fc4f0bb29aa",854579569
"aa9988248c7dedb016d8b6ae",944907319
"aa9e131fe4e7982a374bbb84",658071873
"aaa43db51d1ddea564d1bd2e",503724993
"aaa67089a753d255215c15be",532190129
"aaa79ce67339dc53b4f41dd2",1251884506
"aab240140aa4b6602234d88e",515298420
"aabaec5accad3f545f864a3d",587810144
"aac17b54a68bd216e2bd1d45",403493943
"aad0e527c4bf6283f76b5bed",905489362
"aad38b9f22ccf36b0fba4e7c",641445383
"aae3a99ac764b8e9bfc562cf",871801434
"aae7cca10bd7f041c8e02d23",644544298
"aafeff5826516e363471e439",376814855
"ab03c034e2a420f395ca094a",532033816
"ab086fddcb949e3dc0ed9b5d",624009378
"ab0babf6941ef43c35acb951",1051941765
"ab0c047373b5d1810fe42bd9",648159215
"ab0e770ac42dcc82b472c55f",593336515
"ab11db71265771ed4d9de64b",396139898
"ab157c9601861dc387a91b82",918671358
"ab177c5d60492f2ff087708a",552522170
"ab1c43d6fc4f08e315e322d7",1010111340
"ab25a6737b3ee0c4e9cf4ae6",503048305
"ab3110b5dc8ce81471f69c16",1208762090
"ab332133aca64315672a7192",1069563727
"ab37764e5f4e00097eac947a",1065733524
"ab37f67a3afa274e719ecbd8",579025820
"ab388cb4fa511968783bafee",436506198
"ab38b4fae64ab90a55b5a403",725649587
"ab3e1642655f7e705cb047a9",674857012
"ab405cd390c0681c3c67836e",511420569
"ab419cd48b81038c5a30c721",500566476
"ab4c55e78eb83d80c153f50e",516100096
"ab5f089f9d2ac1bf52222ec5",542393302
"ab614a5008d68aebe34aa201",770017290
"ab64918f2b2b4646e87297c2",1035383270
"ab7559b75b340275587e50b7",1271361712
"ab765acf8b87daf1673b3a97",517329757
"ab8699d3c685fa834d7ccb3f",900874930
"ab8d6823d905f1f0ccf4a75c",1125996799
"ab946dfa5b9d7214a3756978",943079154
"aba39002de605f9ff34bd542",847059381
"aba4e24dcc6998e5020731c8",784472327
"aba54b001154ad881dfeea6c",441286410
"aba85a8a7ea2def1fdd18587",533314722
"abb63383766a9853c1091c5a",920284875
"abbd422c412c2d57f5df62ba",438540017
"abc2ff9d0e7848169fca170f",543366107
"abc668bf93ec7d1951c65cf6",454515070
"abd9cf3c36309d590e58c2a7",569024772
"abde4b06769fcb1d5577fa7f",759595715
"abf93b2418fcdac14293c9a7",690565989
"abfda926d174a8da1d946e27",518727979
"ac003932eba3a174c5b998ee",454660135
"ac0185c8f724ddd40bc0d235",690565989
"ac028c1580f6e4da4ccedf0c",534930152
"ac048209de77cae737d60545",470252599
"ac0b895f523b53b4abd013dd",616181789
"ac0ee54bdc08632efc0d771d",629942522
"ac11141115d391be44e6426c",776450663
"ac154aaafe98dae45bf9782e",976663975
"ac180e846fda5cd7f1123f6d",1038130528
"ac1b644a8d2ec042ca91f89c",988761363
"ac208e250f5ae3e5e1008351",579818171
"ac29d71a80307cab65f29ff4",989421311
"ac2b1b560e8bc4fa1deb6f87",531347283
"ac3c9d9357fbe72959817602",816102267
"ac3d21f51637207d3e031c2d",799151533
"ac413fd87de33153899a1d04",592588568
"ac46e3eb688cb1cb17da2545",940766050
"ac50dfe70b599ae93ddee4fe",815728055
"ac65d147ee69785195ef7da1",819567729
"ac6a4c672dfbe20f5bafbd89",661236163
"ac73b8700744cb7835f328cd",525572127
"ac7ab254166442188c6c5c25",695959797
"ac7c0c806b57e4942d9ead3e",846089207
"ac7c323295addefb43c62acc",787049363
"ac7f21d22d013874c362d440",673208751
"ac7f6087e19c2d3502368fac",520501885
"ac822dd448e04e9f8dd1721d",889000808
"ac85c8f7605ceff58dcb55cb",406158497
"ac8aa244c21a9b86de4ed599",1256333725
"ac9ae945fe25a46184057606",1116718907
"ac9baabfd96d58e376149a7e",741661955
"aca1776ef24acabe172d573f",1176363562
"aca37e216a27b4dd5337df99",774824283
"acaf9e18bbc7295633d92e01",865937970
"acb1d16ce30aee0a39f01f09",765050979
"acbb07a2c7a0e39c0102b3a1",730011399
"acbe4eb98668ff4967a8cb86",831227969
"acbec9114912932b9cbaf0a3",703859130
"accf7bdeeff29ec7a209c509",434730475
"acd6ad0081960c0f17b144dc",917609349
"acd7394afcee30e084844c63",872290282
"acdb13c4c8e2a48b0bdabd91",1071742829
"acea4c7aa1185baaf6d3b60f",629942522
"acf0f98cd8f8c8ce06f30ab9",1244320943
"acf15357c1a919b6ee78f676",1132334906
"acf4d60dad7953065b59ced3",1053171804
"acf98212eb702c79f16bb058",820792120
"acfa7a1cb136e4474b7efe32",785877282
"acfc06021a7a81313d85f62b",398999499
"ad0025f5b240d00936c82f9b",486015955
"ad1322132f3b533b4aced580",427124404
"ad1492590bf61d2cc83b493c",899079636
"ad14cc63c36789bfc1bac0ef",391444501
"ad14f4403926de76de2604c6",377071986
"ad159116d166e45b70329bd5",619665406
"ad17072ff24e0fc0e61963b4",745134785
"ad1c32cf75ffbcfc842e3959",427542139
"ad2081cd75928b8f5e506944",1379817170
"ad351bb6437583ec871b1739",789892606
"ad37e23456bd4d90010f7784",820630262
"ad38d5660b6f1eef23b76039",445325897
"ad393e9070779969b496fa72",775991316
"ad3b4ae81c322a9f91381bea",620951820
"ad3c644b506498127c7beef1",783504536
"ad46f8bd482500f3bb935737",705411163
"ad47e82c9efcfa36ddac0a95",445235165
"ad4d91ed26c1fd5702b94064",770541967
"ad6317cbcbb8bc27b0774fca",1241791823
"ad662354d28a9b2d65f537f7",840040647
"ad663952ff2ba1953efdc460",935612781
"ad71acd782a4fce4d9af04be",575989197
"ad755859e7b6afbc021fcf6d",924201730
"ad77298955813089bce818a2",682873052
"ad7739088e8febc68abb42e5",755306192
"ad79f4fa23a28cc84487517a",800977936
"ad7cfe29b56c915dd016897c",504957261
"ad7f3aae29fa1e7ec900b563",989062063
"ad844bdb1150508a4c6d57b8",751087160
"ad8ac9edabcf2d4b06ba9fc1",882600585
"ad92f3ea52673dee0a56902a",963444763
"ad9a1b23979f0edd2ee19f38",692017846
"ada53307260fa34f3a6411f9",646006700
"adaa406ec9ac311e9f9c0bbe",560517277
"adae78b82caeb073d84f02ee",827358593
"adb51a572f3198367e3760ef",681615977
"adbb5c4ba7be2903799a51b2",964739337
"adcc03f332b427be46f118a5",872575660
"adce397b6d1473b9b6d02865",706030216
"add1a20e8bba47aad2edec69",1086962668
"add4f9dd26fa34829aa25eaf",903315795
"ade0c9cf1f9106e342c69bd1",721882508
"adeadac88e573824f08efa21",635461649
"adeb9a6ac3d357bd96c019ea",856050126
"adebafcf3eb0d34ae31718ef",970237638
"adf055978a7a8e9bbd88e741",400255739
"adf176b63ea23e08d252b5ea",775823530
"adf5879151c7236f5e055e1f",820693578
"adf948af7b24f9b6f29610cd",449200600
"adfdb0eda9aa97f0d3005c4d",738717367
"ae08b7f31e69fd930ef4c832",846993874
"ae187fea3c46c3fbee7e6e8f",548653819
"ae26e4726c16cb2f6a6d3f2e",912269115
"ae2c10850b4a8ffca934cc72",1222906924
"ae3868ac8c44128b8a955829",794297688
"ae3f7f428b49e6948ebe6fff",748380249
"ae41a566826a10d5a6768d36",619486804
"ae47cf27964393fd56a52d7e",791962897
"ae48e30b60ec254bf0dc89ac",864269934
"ae513b65e06b69e1ff2ad8ec",532554457
"ae556ff5f318b73d3b29142d",548899570
"ae58dee872922a9c678dbfcc",1196686981
"ae59a0d6441697841d86cfcb",484207574
"ae5a4da0000f79f12142e2a7",806772915
"ae5ff2b5eb4f9ac44fef666c",528390740
"ae664789baac0c47d13c3c19",709839999
"ae6ac510d3e46a50ef24896e",422466676
"ae6bfb4eb4770f2266e3b961",483700052
"ae703276c49b6a6a9c39770f",901724146
"ae7ce478fb66882a2c952012",773137391
"aeb330dede55fb66654901fa",894971306
"aeb66f808982c6308d891f55",613809088
"aeb68eb7eecc4aecd5529717",1066178371
"aebaae467e5f01db3afe69ff",409014333
"aebb556fa6c9275a9b5c543c",1223217276
"aebc3c6079c1a80f8b2f1c7d",724857040
"aebd6304298f84e7d440c379",917880581
"aec1778ae3b5e60cac280b79",941019729
"aee8b22ecf19495fc5894a08",822256002
"aef06b27b0a080b5ee539b6b",469613011
"aefb3cb6ad2de9ffa90b9534",692575628
"af0502ae1fe341c2ce1b5325",533881878
"af067a8546e1177eefe24916",495719586
"af0cfebd54f32b9b92c5fdf3",592588568
"af10ec1529a63d0bc10b056d",1067458870
"af1aeb2ba89d29973f73511c",655008055
"af22669e3ed10470623fd8eb",844800709
"af230af0c73a5f2b72787c1b",1128407557
"af32aa018cdfd081a81bbc80",456162875
"af3e3a83257eb507b96b2a1f",1282837773
"af578bfec5d84cc2f4ffb8bd",765106421
"af672710affcd7e44eee9ba3",521570351
"af67a68803a18663e4b03eb1",442250505
"af67d51867f382dcd9cf34b0",968518607
"af68665ae8711d009e8810ff",735244044
"af7131ea57639ce5aa1e102f",930332187
"af820361d5f20198bacf839c",776450663
"af8c90983a23ee15c72b8e22",1365029089
"af8f09175265e1546200ff86",573910584
"af911ba38d5376a8aa53fcef",675791038
"af98a0e223a825cbab78ae49",1016334020
"af9d2f5f62bf74a7fa9c74f4",763126743
"afa5698724bea14940667231",900874930
"afa842858299a6ebee166e31",809539882
"afaadd87a196e04b934e0b1a",475004675
"afb02897c700dbac941ba8b1",648566104
"afb03f7cea99023ecea7610a",500388462
"afbc7773755043a40a7f9d6f",470040730
"afbe90d764c1821cdb26e38a",459601672
"afca7b219d52b22522abd00c",630035664
"afce1d7c5576dc49c80bdabf",576207440
"afde90f91b01b0282bb94335",718858953
"afe03b938be9cf14e98d4a0b",409159983
"afeba13fa3f81249549cd2eb",429103720
"aff22625564f00844ea2610b",687665838
"aff9e510eba008f3ba5c1847",766463318
"affae17b6cc59bdaa30e29c2",880935081
"affb62139f02e524692ebc5b",486345894
"b0015b31facc48a49f1313ef",462458412
"b027f75411dce9c742c5d0f1",514845875
"b02f1997e6e6f97dc808b8cf",1011473357
"b04449c499843cf46ccb695e",619844309
"b044b9a587b2c6ca00447177",1141526507
"b04d16faf40ee02eda59a9af",498938879
"b057dd8a9c2082d1a78cba88",405476684
"b059afb753452ba358fb432e",1253437533
"b05c741bc5013a7a6abd31d6",484464380
"b05f4b5fae2f2faaddb377fb",586410460
"b06d3ee14ccf3d46fe2431fb",825062421
"b070e3747bcf22ed67509efc",708795046
"b07cd6c30350efc5de211a8e",917361671
"b08e0cfc5bdf5bdf5068ebdd",878688823
"b08f88ef973c9d1c3a86695d",1030202525
"b09111ea69c4be8ae120ddc3",746282582
"b0962bfdb6a2c79a0ca84e48",628325376
"b0978c973ec3291e950185c1",951818784
"b09de5f1e028d4fafeb8a22b",799151533
"b0a03d567e287bf4cbd7bec3",399906085
"b0a0cc38f73c9d90bff6ad92",1092589200
"b0a32581cbb586f9710dc3e2",1030730620
"b0a7295da89516be1c44512e",1010584304
"b0a8e4b4ef6678e6b43865e2",507838355
"b0aaae3a435fde30c4c02fac",894971306
"b0af9b1e84a1886489d46b91",759595715
"b0b0db3bbe07839bc2b600fe",1063007360
"b0b784bfe2d3c1b3b1320613",730204049
"b0bb2299d5f456f800993a11",540022042
"b0bbdcf0916b246ca95c4721",808446613
"b0bcb64f2f2ba69cc712e0ae",792393482
"b0cad5d612954b8cab18101c",739412783
"b0cdf05097df437354564bc8",408819121
"b0cfed2d25a5d78c96d39d20",791973518
"b0d20a04106ebb87e2cdea37",1149930776
"b0d394d6c9b8967250854c66",1022271906
"b0d3d98076883f346cee8d04",908801957
"b0de107a8cfad95f09876eb2",998219527
"b0df95e9fc94d9aeebc960df",744249251
"b0f9bfd521802b0d2586300b",959977540
"b0fe09d086490092f1690fc2",632137106
"b10b428245022d55db248b72",510539080
"b111b17ae1fc17e3491b7a5b",633015082
"b11672f22fafd555f940a8dc",434995689
"b11c3a4642f7eee2e443eb32",911824123
"b129a508d1d98a1b6dd2f61f",738818462
"b13683c625c97c23333269eb",471944131
"b13cdf9314a34852e8db4221",454196168
"b13fce1462ed87e57ddec917",731193905
"b143c8ca6d334f6a73c3f2a0",401363526
"b1527eec2e6709dc51e03f9e",1087585860
"b1586cdf68f36926c3bf72a2",427866633
"b1589aa1f58f6dffa93a3a61",1291305138
"b15bcd6248958d98867ea585",792952411
"b15c662c56b19d3843737dd4",517776809
"b160d30961ddd3dac16184b8",609624025
"b16fda9be5edaf4cbcf07122",1053441732
"b17840ce59c9d9619b46534d",580013634
"b18107a422b9eb6da9fb692f",855856773
"b183776d007d85bef0f6671a",629100481
"b183e2562cc4816244ce0e1e",553171273
"b1924a5697dfe829b5b8ad76",515585635
"b19ab02a8e22f3e88a26031b",647516590
"b19be1ad7f60717a943ff0f7",485431994
"b19efe9cbc26d61daff5ae90",521919802
"b1a13541b37964b8b85f4669",493911471
"b1d1bc7ea83d5c584988b95c",592183327
"b1d9704dd39c6cef28ae3d17",572018779
"b1dea7d384760535b770311a",740335874
"b1df92683a593edc3f2b45ad",489760685
"b1e3f1efb232cb0976506cc2",786121933
"b1e9075645f4b374c7301346",965560771
"b1ec4b8badc955f9f4fe2131",816102267
"b1ecdceb6ac00b6b047c241b",732033715
"b1f0b12c28c9bd2d16b3545a",596140954
"b1f8fdc8e3e25517ab80c065",473064134
"b1fb98d0ba25b21c6647d423",1061716603
"b1fdade0fbf0470060fc2708",453370942
"b2078743e33e1acc49c2d2ca",799822566
"b20d6ca58e91ae70b6e0a1a5",940138538
"b2183e5bca67574df7d5985b",453717118
"b219848e66fb065d4d2441bc",940596540
"b21f6e217d6733230a8eb7b7",917298549
"b22350d505b87dffaae3a5e2",615980771
"b225270821758e45cdead76d",508317904
"b2286067a73bc0049328b55b",613078141
"b22c39c3df7d8e32cec2ba43",479641143
"b23341faa7307d9d6009c6d8",648147211
"b234ef225690d57e7c2af4c0",1063811496
"b2357bf117ecb5b9082871ca",427624302
"b239bdcbfae846bf74791728",509796392
"b24bd44eefc3ccf053939dfd",630302659
"b24fb90a2aa5d9d0c7e1541b",968997989
"b2506aa9463aebf01e1e00ca",434547076
"b25734bf3ca94e775f467e85",467804549
"b25f461b3d48d833a73316a9",1253691326
"b26f22f1fd5a991ecd1e07f8",680203030
"b27088c3ccd93e7d8d5571c2",652892007
"b272c1025cf5c1e1df47042c",590885415
"b274adb68a37458cc5181fe2",718940353
"b2759de47d28e8cc05c94e36",584150018
"b27fc4e7f6042d70a7651038",807457632
"b2809471a0164e3d41b8fa60",1110125746
"b287339babba162e290d0fb0",438869005
"b288c52e4d0fab9f579122a0",679132989
"b289cd856f9d15493d31ef6f",1039688171
"b28ba88f3665a2f26c2f8e47",1047622608
"b29e5a75740c8439aefc9321",745683897
"b2a417a8d2440f9124fd2ee8",962390929
"b2a7a8ccbbec39b63e4cd028",682036163
"b2af005e93b0242e0f62f298",494977194
"b2af9047dbf58867ed0c42af",815984228
"b2b7020e66872c8d83468cec",494150568
"b2b99019a929584b4904b98d",861551820
"b2bc172a3ab25b8caef50189",938822621
"b2c5af8615b8899deb16c896",556329424
"b2c62bb0cf8d210dc4635653",1062373149
"b2d160f54ce5f98f46818e4d",969146678
"b2d32589626abfc81e44cf70",788340763
"b2d7355eb2aa975900776275",670795703
"b2e37eb7cde5cf4290649ad3",1017787520
"b2e7fd7bcd93309664cd225e",1041646398
"b2eb63e5da917ce649a72142",510324849
"b2f089146c30929c4836f0fb",607516576
"b2fd7ee866066f3ae0dfb3c0",1033706380
"b3005057f48c1794b7974f4f",616642411
"b31601cf48b268f3b4107564",796117860
"b319d049a3a8e4a095940106",766976803
"b33c9b03cc12a253e4936cc3",654403546
"b3401023d3097815687d1160",817904686
"b3402a9173d289d6db78e09d",1061476863
"b3413352f0280412f53562e0",452657154
"b348c76e55613f53c8bbc94b",899152601
"b3561144c745ae3d329dfe1e",442309295
"b35c58fc1c05a77433025318",929030320
"b3616a055e722e3720cca48c",869770505
"b371665aece480b8c1602773",1185352052
"b37af80bba5adc197cb51649",527804530
"b38776cf09ec8e90fceeec84",459686070
"b387b5eebf501a620f352504",767173236
"b38816ece917027a179663d4",800672158
"b39d1b2637dd8e307c8ba13f",1079609242
"b3b30d8b869eaad2382c5447",967723260
"b3b63d292523ce0a925b871c",778461197
"b3bc9a04a3ebc1b911326735",1064954644
"b3c02569b8fb721934f51c52",450671840
"b3c2187fa96006fecc6b8ba0",418979853
"b3c77f4a398b61d9c204f8a1",898036247
"b3c8714dcaf5322475ce2c60",1173679199
"b3c99f30b16fa80cdb4f213c",584205439
"b3cc5930a3cb26e35a45e09a",446612425
"b3d072ebd7908688d908d350",1026166052
"b3d45812baa819caa1400255",787218321
"b3d82ceeac64b64142286375",577206245
"b3d9a095c9c73004643c9e78",966530182
"b3df8c66475021fc04f107a6",650762514
"b3e76a0a1fcacd0218c17908",417403763
"b3ec2f8af6e9adce047536b8",1031090551
"b3f5af523b5d6d938693ebfe",876358743
"b3f8ffa761119a5441a44ad4",1030751965
"b3fcd9cbfd485e4e1da6c89c",579966318
"b40128f5e17574a5d3da9a32",760091712
"b40873d316de1c295f2a97ec",465915581
"b40a9888ec0379fbf85516a3",1223194983
"b40addfc0da42b0e530503f0",511617862
"b40d1d2b7c1db9cc57c65fce",956151539
"b419d977b283e33c0b3da86b",1182941547
"b41edc115f6b439caf392941",473523308
"b41f7c1cb9cfbd188f8e0233",941019729
"b4245f075bc41aa29b55d324",694516738
"b42734770dacb7e580a6d742",527862957
"b427d767b071c3e5ac2a078c",391597642
"b42d5b5b38686929eadd56d9",463777842
"b42f936db049a74c7d24b0ef",1230537493
"b43b36ea4f81bbfd4dc4d781",989950645
"b443781523fa0b5be4ad7739",854541441
"b44b862cbd855d46954eca5c",485945174
"b455979bc938acd34a580eac",519973615
"b45911f1875da543199e97b6",1009657011
"b45bb2d0d137de6984d4e1ec",520699335
"b45c8a6224ae2656b4189526",750917322
"b45fff2e718e54772d46a3fd",720977784
"b463c62e3c21e339e7acb52f",720461752
"b46625b69fba1afc154471e0",983871204
"b46bbf66cc82a4345c5da177",809921345
"b46d50c84edaa7feba938671",998632098
"b474103c4b637ca25b5d89e8",550442739
"b47713520859d58efa95bb06",1034722692
"b47fe4670c6b065a9e1db429",464521127
"b48093abeaa178d1f7fbd83b",836095554
"b485036419de03f5bad01f35",1041965607
"b48efa9ddf36e85164354f26",1204893088
"b4a4d705930d9afe896dff17",474342098
"b4aa025f8813a3f0b132b7e0",479015306
"b4c2a0a1a63d35a9a08a6e15",774629153
"b4c779732e827ab2fec8e8eb",1028164055
"b4d610e0ecfe007c133a5ea4",501540846
"b4d69c7bc93efb3790eb1422",947064623
"b4dc6733589bb35444b74c55",932598863
"b4e084d14962cc58d4089955",989062063
"b4e14604b888c994b64f94ba",781779494
"b4ef40e00d089a35d750888a",943212857
"b4fac45659e67d4e91fe65ff",397083331
"b4fd0aa09f993bbfb1fa8abf",554314397
"b4ffd0a2cdcadfb962578199",625428187
"b50a6b85399ea2c6b5c33405",686617361
"b50b45bda0905a116f238c1d",565623157
"b50e8c13de383e64711193f5",454177672
"b50f2c871166ee1009416be6",782146258
"b50ff8bfc0b4c4b165c5ccf7",847594996
"b515b1caa608ff42574e5a06",661900409
"b5254c6c29b4f6984d328216",451303087
"b527813993b7bf4a10c05683",763780839
"b5292c1e1683d40be46bc2de",759459651
"b5293710d0cd75f95de001f6",366889291
"b52e0738dec9d2f119c75a9c",584782437
"b53d3d578b1d7d9e00c8a00d",817156478
"b53d4d8d0bd4a0ae84fbc22e",527211208
"b54940561992090411749db3",470761901
"b549a72c938d767ed504bd83",832026876
"b54d3ce25f3f03cf3fa0127f",428463102
"b54e6757829ac95e2076d954",634712685
"b54e8d557263624947f979cf",1171708361
"b5606ddf3a4e60e2a0e0d6a8",970096112
"b56533bb19eefcb244e69470",1052049174
"b56659e70367566a4ddb81b2",1070767426
"b56a3a017449fc4ce417009e",594321947
"b57174dd86ed451448dc501b",498016122
"b57250de388b7172a39dae8f",917830189
"b57ab7afef2b8aee016ce6a0",966114457
"b57cd3eb0290984f061e1053",484686570
"b57ebf09cc691bcf009ef115",1248640902
"b58208759ce1402501f68906",804343563
"b58533a6850620b0960db713",617473616
"b59711a5971a3b482db4d9f7",767814973
"b5a62d480bc544f891fd8521",993736951
"b5a7d4288dc7a7868678b9e4",1012019501
"b5bb9af24f9de68e91a1df76",1291305138
"b5c074ee2e2538aeca099fc4",911068114
"b5c34f90096fc88b8ca758f2",1131869483
"b5cfd5eba0b6297cefd6d3d5",1141574385
"b5d0ae257748ea92c47d8fc2",475808761
"b5d6fe84ee7c6a703891112d",1337496131
"b5dd038cf35169bfd0e62eb7",753705318
"b5f0dfbd34392f6855bb4b52",575152481
"b607bd072e8293d6594f3829",730600094
"b6129a71f8e320aee8abd0c4",764530154
"b61e9e4f3a2e894932b58ed6",498884780
"b624f0438025478c9f66fec2",874238494
"b6281efabdbff697d70925e6",1079549776
"b6283a5714e0b977110318ea",510324849
"b62d64605362afc574ea5b0b",1175964584
"b62e960eebdf95c2eaaaf9f3",1035229406
"b62fc917b3e8ddd64bb81018",485228096
"b638b937d4f62949b9eb9fce",906642129
"b63f49396431089dd646837f",720505249
"b649d315ff3c97c4e8e9db73",386371117
"b6514cdb1e2cf37e3ff8090e",1212615330
"b65a2a140ad5fc6e3e26b6e3",586007856
"b65c0544e9deed76615a3138",705817352
"b65efc402cfddc0aed4e1d76",870452391
"b6692a933facd74b4b11569e",412609656
"b6695af1ce28eb50d7a2c25d",950146919
"b6767d1e329ff5e28c42f632",624554204
"b676ed2d0af6807cc2b28ac8",1120929628
"b6775aefafa4dcc161eaf6d5",684536540
"b6825cfa2fde9b42fcf04c59",473003009
"b6853999c45e21646a0d1b20",397035244
"b6a21387674a509514fa5518",1133507425
"b6a2406025f0e1fa09690c2a",474521532
"b6aa1cb0187c4a1715517fca",400333904
"b6b87c05c4238be76d94da2b",393980129
"b6bf2760cfa26cb28fc989fa",669381782
"b6d3345346f43dba053ceccc",1241512541
"b6d5cb459999de084965e993",1048436996
"b6d84e7d569d8d0f0d0c9066",874310497
"b6da1db3aa02debd11e26edc",664428732
"b6da2728ee41d035da57c822",1204044057
"b6ebc3b8408793f5058cbb90",1272956406
"b6f195d44ddbe10b78b97191",488246583
"b6fcc49ad3656cbd3f4c2ea6",872153741
"b70082fdca35092802f8745f",427918927
"b71095bf5e80bcefafb12d52",470546260
"b71857f1cc385219f114035c",452600388
"b71905255273cbb0af1290a9",502975136
"b721a5846527d5338322c9d6",559218344
"b72459ea34fa22d1fd012dc5",977676966
"b7273cac93fb7a0034039600",1339647665
"b732021729ecf88d6297b48c",819332752
"b7320c35e90f33fbb1c28813",787054443
"b732ff1637ec53286e890865",599299683
"b73945103f07da807f7a30dc",1092112047
"b73bcc0cbfa173c9fa404369",970405716
"b73d317e1e8ddc3d5d0743ef",933011861
"b746e4a5c9d04cf4dbf887da",848187785
"b7483c951d2c19de665f07b6",411306129
"b74a02ef5cc838952bb9afd4",625340760
"b74fd7f7db38ec233c6ad71f",496423050
"b755f88ff3907bbe2a417e07",948737391
"b7570bfc5ddc7caaf610908d",511500461
"b7574b06d593fca4eac59815",433627774
"b760fde2d4df27a168ce0e80",1313141523
"b763f71e8a5bdeecf0f3f0e5",434671482
"b764bb8ae8ba0d736bf54f5a",438392435
"b76a3fe6a49dcae6e6bf5815",686831865
"b76c45ccae25a06dd5fc432e",842719558
"b76d853ea415967415ace0d7",985204165
"b7763beef728bc2021ebb841",511887393
"b778282fc4b9c43055629e44",987109661
"b780a0ec18c61b0760df9433",649944864
"b799aa1dd2de813ccad401e8",564772999
"b7afdbc1b57b52e6fb03accf",1079978259
"b7becde9261820feb7cd926e",585558049
"b7c07f8afe037d55bddb8e41",461579218
"b7c0a0a4f5c5b986a70ff249",492396344
"b7ce05400f0261743073e072",672358410
"b7d245742eef110adc91b5fa",829629255
"b7d66c5f1ad06dfcae5b33ff",510324849
"b7dc47c641b46ca99fb83a0e",1065733524
"b7e01962fda2102f1402a444",816180045
"b7e3b0c90c0d3bfe5befec54",578138971
"b7eb15346797508f47ae094f",737107570
"b7ecbd35179a7658f3c11b41",1041926553
"b7f164b79658952248866c34",488353167
"b7f47484bbd8113c62cc8c1f",531093696
"b7f906741cae6861bd5fb922",436506198
"b7fa81aa571906a93e9b6cba",1167743764
"b80593fba07e21f8bdbc352e",1114959101
"b80c961aeb98d24d968c71d3",906061731
"b80d0456fba49a40fd774e5d",913687215
"b80f3a46440daae51308d459",689201739
"b815204eed4398e600b366ad",1029916902
"b81679b32ea288e9665dee49",1084328011
"b81801f02a73feb1db7f5e83",831340743
"b81c26f2ea6b66c8315d1146",1016796265
"b828609eff041a68fa243a12",736536670
"b82e52830b51e823ac7187fe",466222803
"b82f8abc8001cd6731c4ef45",635964921
"b839e76df5d73e7d53691707",1032347877
"b83a5c303a2b079585b9b94f",497405150
"b83b0a53ead29faf9dffc0fe",1062179838
"b84795015be5077f942f5170",441264657
"b849cef46f19e13d3fc9d5c5",1091145050
"b84c837c5a1fd0f1ebc5f8a6",568665398
"b85a7389bab2e651f05369da",456912745
"b85acd44e18ab485d3ac543e",449426019
"b85b37ae83ef95baa03752f9",1008178850
"b85fa4bc59149a7a25447537",431092212
"b8680f925773229571014e61",509912022
"b86c526fed01211fdbb62815",1092532214
"b86cad78da7bf06b5ac39f99",863174113
"b870c8bd8f95426a7e1f9c88",642486072
"b8896656cf6f5dd7c33ae46c",634150672
"b8984fe54819f5fcc43860fd",483780280
"b8a42b02c50438c2ad7598a1",478534174
"b8a5928cf1f7e704e9933bed",517959234
"b8a8ad4c0215077d3e5aa472",1045595848
"b8acc8e72f2c498fede3fefb",781779494
"b8b22c1afac62b05ad389dc5",396704131
"b8b46931b93b7750e0d1ada3",638672726
"b8b9b90d5721a9ed5e72b328",507894957
"b8cca0d70fb46f3a31473e98",864770492
"b8d06f4ce0d6e71ba0fddc26",584664303
"b8d50a94e8166e471fd8282b",668422536
"b8e15d182ac0c74fba332b8b",602884538
"b8e2b98548a234a245d7935c",694225291
"b8e8d84450f5e0bc8a721c94",944741570
"b8ea07763f2e1a3d635eb23c",496740993
"b8eb177e22c63e84738e7788",928192644
"b8ec643c66478da376153333",577392835
"b8f2b9c2e63f0091b6038ea6",1074469894
"b8f7bd85b61951ce83d7f57b",1226974597
"b8ff548543842246ad439703",1084328011
"b925c9218f5132c6c81f3a18",397083331
"b925f9ef733930be26417458",764451738
"b92929668e884453d3a0d633",446646032
"b92c9c464e23f8b987290769",521464423
"b936e36ecacd7cbc3498cee4",443466823
"b9398d6bec5cc44fa39b8bdc",755799482
"b93dc01af5f49e6dcfb7a547",401773431
"b93f2864087d41c3c92d43c3",866647173
"b940561f2d48444e139eaf71",417019795
"b940ba03ea60d4cdc5d2d429",652324465
"b9430e8c145c2a0d7efab2a4",754664190
"b94ea2b8b847a47140d04008",1079395457
"b9551c416341fb167049d4ce",804658606
"b95689add02915dab555d9f7",987073650
"b957548768ef014088a61b5a",445920812
"b95ecad591e5c69fdad8763d",535479982
"b961220d34be930fada80887",879698666
"b9643a26731cf2a9a243ef33",888927205
"b96502e30fecdfae7796f1d6",567560123
"b966fa606a3b50d3ac7249f6",1193913983
"b96b4bf38bdbd61d4dd0bde5",1051113041
"b96b8e1d636f0c10c63e5c6e",699925344
"b96c9e2591a4cdf9c4e0c09d",748472401
"b96d8b77fb5ba71ebce2fb26",532716389
"b972611aaf1b68340de16545",525572127
"b9809baae395914981a9296f",878503297
"b980c778ecb2709696265c10",1273359958
"b9826d7a6132b16df1bf58e1",484233314
"b98967876009fab4290736f1",782833271
"b98a462d9782988cb54ced54",1130720055
"b98ee16e8fd7d1c75a9da13c",1032547176
"b9973b07c84b99dd1018050d",479307494
"b998aeafe2cc93bbd96dd9fd",469386946
"b9a0058c58cabd619e226178",896052187
"b9a0575867a59dc5dcbb9cce",650120727
"b9a573a3f2cedd87c7dc6477",789988049
"b9a80a4d84eb918792324dcd",438795800
"b9ab2dcd8d1855e4bdd540c4",1215076379
"b9b95c89c988f68429822e81",615631102
"b9baaab70cb83475ac3bbab4",646205151
"b9bd63208716e4e0f2dedceb",451014736
"b9c893f3c3ac4dce40d0ea19",670960254
"b9de7d7b9a8ef7c64e5f6bdf",796273763
"b9ea1b9fc0e46ba0724cbc0c",485581372
"b9f9dd0d368df912e6e0ce70",787398417
"b9fecb3e6a507ba17764c303",416968014
"ba0d0663943a118228fd12bf",435163844
"ba12305002d24055c159ed34",397083331
"ba12ab0869d66e03df12b6d2",397973171
"ba137cbd10757ad20e5991c4",642134255
"ba16ae6ca55dc3c0d5480944",680243558
"ba187eee3858263fa664812a",395742979
"ba1b3c8ac8afafef56233c84",686545108
"ba2118c330e19baf4f3ecf94",894672915
"ba212b5f12959e34b4887315",628276545
"ba2423d79744d763aa3744f8",847820976
"ba24834c9fb0e87c4ea7d1a0",762461764
"ba249dc7eae0609f20ccf234",578137778
"ba30cf03fbfb0e36e5d415bf",1289227801
"ba31c38eada33f680d44627a",659168537
"ba32f2964e8b68ff5555fc34",975559030
"ba35cce2e715bda1684c937b",875820015
"ba47346e7a53412e78363ac4",538302035
"ba4e89128058d5564987dfc5",426382308
"ba511b37b4bda08d191c68da",445374576
"ba524c4e2f13109ce814ea38",633912099
"ba54b5ebc5d4f554bc56dec3",610089606
"ba601c13d20602c988d57246",974945741
"ba63594585c484bbd20ed3a1",617293121
"ba7120c89c8de0e57e30646d",455903219
"ba72421716765ef6aad9b4cd",1064299230
"ba762cf12cc038e5c43bc6f5",643738136
"ba79c72aa8bbb0517c899b59",1099661860
"ba84fbef80c8a82895ec599d",1093872887
"ba87ed2a657b0b042a05460e",511380726
"ba89ed56d156579ce288dbcc",492074203
"ba8d6800443dcf95bf9c1037",565031593
"ba94572d1e050bb92522f112",433417896
"ba94676bc0385678ce3780a3",566178665
"ba9be0b67571b1e9242664e1",724539335
"baa146a6537e8630180fdd35",838468974
"baabbdaa5e8f69fc90d303c1",1082145681
"baacf0dbd690644d74f3a929",864732872
"baae43ea29f7e419bbecf998",561829471
"bab5690da7c42909464cb9a2",553539968
"bab884e0f99df269805e83a4",872894838
"bab8e472424cd57faab87ff2",542528319
"babe27dc477f5e1b7e438422",661301748
"bac550d41b2cbdc6a110ec7c",500702320
"bad7560aac04600e1ec1a9ce",470109780
"bae512bdd3b04405c519bf4a",595688921
"baeb4e9d612bffb63ae3564a",1295089006
"bafc63f23f097c24d36c76fd",683969350
"bb084299ad23f245d7cc5b69",548617032
"bb19983466b1a1184ee7ea1c",796117860
"bb1ece5366ebb2ef9d52708d",438133393
"bb26b45df6a70b6414958912",524083187
"bb2dedf6198be0f3ce2c4ffb",531510858
"bb31607d0bc3ee4a37fc912d",804848907
"bb33aa4f1a7732fc8ef19039",419887213
"bb38c1c17612ce593e5ae7bd",427575071
"bb433dc1bd769d684d8b3352",889714182
"bb45c98dbab56e5abe20ac0d",890649559
"bb47fda808b52f30364a4d6f",549495800
"bb4c7900162be66534d17541",875876398
"bb5726ac16b4ade709151159",508879774
"bb5a6045d18e19613325dffd",1244795692
"bb63f086543cde77832bd4ed",455214606
"bb67d95fc94532b1fbe80ba6",821318370
"bb6f66493fbafa76d70b0a34",837166358
"bb70d80b0c6ad3022160c8af",394031808
"bb71a24bc5ea4051d84ecacd",1122718476
"bb7c68c2652c7e124d88631c",562743449
"bb7e14611ea6b5e4abb5b89c",674812994
"bb812343bd6cd66e9cf9a9ba",401836828
"bb90c874275456d5fe0de83d",519870760
"bb962a9e3861b06ae1daf833",572864038
"bb9991da696d6e1f13a32d0f",473499276
"bb9fa21902daecf876c0467f",851845294
"bb9fe73a8742dec9b2e79135",1232555237
"bb9ffa04d913d06846d082a7",1081541508
"bbbf74a3abf9cd8718384a65",443046315
"bbc675f7edfa0425c78c15ea",612493054
"bbdd78a7ed332e679c8e526b",376286387
"bbe2c06e6f90c4234a7781ab",961962554
"bbe705b86c6ed4da775b68f0",427204033
"bbf16146922556095f53b5ea",824426588
"bbf80c409ab3a6784028eb6f",411303762
"bbfc9b05caa647bd95b3c88f",642030931
"bbff88040e5b20e874cfad9a",706198086
"bc08ce9f24533cd644ef08b8",601622140
"bc10eea54e4a1767881a2391",697773148
"bc1335d419a1c0f6e6860470",1062697862
"bc168cfefe964762cdf8755b",872447074
"bc1ee1f8ffe1ac88f08e2459",720598773
"bc230105784ca8640e499ca2",707887793
"bc23e25cc246ced4731ce5f5",796842397
"bc23ec33573f28442b36f60b",537268744
"bc28e66374356a4fcf9b62d7",540424854
"bc353a421fc579770e432176",519870760
"bc3c509022e3f6104cba5203",1038617136
"bc41e69def6bc7490800c4a4",416897749
"bc474096496b98177e40f590",790271301
"bc48ec7245297b4cb85dca1c",619693702
"bc4b7bbf5df92f476b6be103",408291229
"bc4b94c892fea57ebae3eeb6",460860432
"bc52abbda9027e10b879ed50",503971353
"bc54f5dc4e9ce267ea592813",594408409
"bc57535516748048e38d4a2d",847980553
"bc67f29c8679adf31353bec6",663479553
"bc6a7d4ceee8bbff9ac5eda8",998764381
"bc6b57600fa9edfe13fb3118",886117710
"bc6d6249873222ac7f22b73d",799664676
"bc76b078832a3a81b6d637f8",1041532166
"bc7e867cad6f221dc44754b2",738311410
"bc834280fb45fb308d957640",481477227
"bc8bd1feaa8fca4c52e130f6",421499534
"bc91072d808fe7b43e972f42",432603469
"bca5301e6460eb859b7ef34a",555220263
"bcac2a4cacf13a91805557c1",465549202
"bcaded180edb36336c2f5b96",833443061
"bcbd20cfc50e2f032b174b56",422240948
"bcbe8ed608f233d5ed7362c1",1209379810
"bcc584e6a08822158e2a1454",546246290
"bcc704b2e178dd20497e073e",405476684
"bcd302e3b5342ecd8cc056bd",903200641
"bcd31d201096351079cf7ce4",521704454
"bcdcce01d86d648c4502d42f",553166774
"bcdea05b890394a10d24601c",542389565
"bce0a4447db2d54d36661011",565031593
"bce608b4629b6c8512ea2fde",632442074
"bce7369d51094d3a9d3495e6",1225648968
"bcee01a5d6a36f48d99a5e4b",644065182
"bcf12785c25f6e600eee8fc0",545400799
"bcf2c303fc03897585831351",1079828143
"bcf43ae0b4b15ae168abca97",999955141
"bcf775187c0f5ae1cc0e8ca6",655437859
"bd018b302f732baecd085ff0",1002312107
"bd0261ab68cf56950ccdced9",774326946
"bd0329ddd50f2dc4dafebd26",1241791823
"bd04c8b6b5e381cd5f881379",441288563
"bd05a6f6ebf924adf92e5577",888129121
"bd066d5d19d41c06b904d51c",666322485
"bd094081331ab259b1076261",601110365
"bd0f754b0fd9b7af284419b2",1088083502
"bd12c705950c46e679c34bf6",1084328011
"bd1fda425d792fb0de7b4499",655152533
"bd23b1463f0936d2ced5fc67",624560382
"bd264728a0464376e22b6bee",548932806
"bd2759d469829bb8926dbe09",673621180
"bd2f9648ee9ebc1fdbfa53b3",558544370
"bd3edc7854cffd6b6debfb98",653472275
"bd4526ea5b404df442892788",444798793
"bd4d0b8799fa5999c5d2ee3c",1076003439
"bd52dc8dc5398e5ca2952473",418915958
"bd57e5cd29d935cb26006835",705411163
"bd5d2030639ef16370cca032",853119421
"bd612d494e2f21051556ebe7",989062063
"bd6ad9a9ab28aaef9b4955c8",697327448
"bd6b68abb113370c35786557",935217976
"bd6c24498bf413b6c5adf81a",525575422
"bd6f3819a1c0e551598fb9c7",431702351
"bd74d43d99a240ef4190ecfd",596991909
"bd850d1ccfc4b21a72f3ec44",980635648
"bd8b005383020611b8922147",508590214
"bd8c1ff6f9919ec6f1dccda9",682287191
"bd98add659faedc1820f96a0",515943773
"bda2fcbba2b412981e708054",876358743
"bda3c74ea6f73407a3c0a17e",810940381
"bda5b2e5a87a4905a30f3b8a",727616540
"bda914dbacd42b2b7c6c5179",660617323
"bda9e5d8048acbbe5a9d49ea",449842871
"bdac2f1c4b306a7742f60ab9",711100370
"bdac560af3e155db33d13d57",763079214
"bdbaafd11259af6300321a89",681047765
"bdc17ea3f30318b11df30508",822598933
"bdc8e1a1e06d387f9c7b026b",819991109
"bdd287e9de82903f210878d6",670425371
"bdda694c42c52ba4803d482f",741575001
"bddb9388922dd56737d8847b",857517305
"bddcc7fb72bb973f84b864dd",1171003907
"bde81ef5ff9edabfc7e30d10",778092384
"bdeddd3f84cb0ffdd1fc27bd",741993601
"bdeed3a7395cdb9b175273a6",988281270
"bdfa334bc331e3e547f7568f",1075300457
"be094e5db0f784e3aa013aae",384035210
"be0a8f4be774eeaa42fe460d",770991968
"be0e466ca7d6942282c8626d",763030432
"be164f9025f346390b986668",458955307
"be1695a7b8d3dc68c9887abc",661825344
"be1c6023731fb633c4f41f96",462798278
"be22ce55ba31cbf7cd285e5b",648749339
"be26f0523e5cb13846539384",726981583
"be28b90a71e2922437f25110",490231052
"be364e85b988ef8627ece74e",417978002
"be3b1df5f008636e14bec3fe",836599469
"be3ee4457a26c6b6ad4237d7",513290414
"be4b96920e3aa5c57baa13b3",429029961
"be4bdb73add69f12f7aa6d06",536821792
"be685d2954b8c7337ec94942",637545101
"be706475abdfd64aabfe45fb",642486072
"be70989d473cd731f6d8e580",713444093
"be78bb0e06d5768ac1908247",532998324
"be8bbf40db0dde8ed4cf338c",428908407
"be8c05b72ee7867fdcb05455",1063811496
"be8fbefb8e06fe169237d4bd",530624256
"be9f5ade682aa1fced79b068",553171273
"beaa09cb49a98e8025fd7e8a",470109780
"beadf1de0732143f0699895d",792554976
"beae197df95b84881128790d",644084937
"beb73d27906bea7a7d880791",1037667350
"beb7b99cf12926d8714d1c5d",786771945
"bebcca3e75e747b5a01f5485",731585981
"becc3ae7a71d597bcb16d261",709934536
"bed1fbafde11c156b655e04f",752389373
"bed21c41b31a3bf2095aa273",736541485
"bed932e11a599f7cd4bfa31a",945324326
"bedc5ab20edc896f814c3f06",737395183
"bee2e008ee41f8a711fb8d29",663227280
"bee721e93b8d8e7cb37dc992",607721142
"bee9de3e2817bdd591c02897",554454165
"bef19d0084cfc9f6fa37ddd0",828370258
"bef2008b362c4af1fc3be566",457827348
"bef4759bfc25c7d44a8112af",625473090
"bf00f36c4dbb273d7ba4b7dd",639232363
"bf02fad806fde4e3575e75c7",649783078
"bf0485c2e267d06b9b1d90c6",974522766
"bf0ad098fbccd3548d834ff1",554314397
"bf11c5dfcb321e020601e9ba",1277833126
"bf120b883bfaf7641eda65a9",839861118
"bf17b59bf2ac2d06894bd786",997501502
"bf17eca5afccd9cd6299b9a4",786383264
"bf1dae54bab00fcd3e8c9ce2",555706038
"bf38bb7a2a7ea663cc8f3d57",533058511
"bf41b26c090dbf0a19252e43",787303419
"bf430621f17dcaf17fb91ac7",665542488
"bf43226ba66a3e2033d32fe0",735671277
"bf4b8b23cd87377169684e98",844458761
"bf5e687721e030639ec81416",735244044
"bf6005f6f71da582a6fab8c7",589496695
"bf6845aac15fde9b89a7208b",656244805
"bf6bd06201e60a4c98c8623d",870073682
"bf6e713a689f574b532edd4c",1067737271
"bf7463534babd284da6ca671",376354879
"bf79649b531e876c5f03883b",468061155
"bf95acc88b60a3d531fbd42e",484979051
"bfa4cb65827c4ebb91478e53",908499902
"bfa56d6230b858591743473e",846621902
"bfaf8b7796c8c57bb5997be7",1009633787
"bfb30ae71cdca27f5a5494c6",1075910933
"bfba8fe959dd2e44a4202943",989062063
"bfc41facefe9428865e4c29f",1017583858
"bfc5aa443994e3f3f78c6105",952743196
"bfd2f20a7bfb0d865d7f7193",1291305138
"bfdbb7aef98d4855d459ac94",874624735
"bfde6e7200fc27e6e6f1497e",1024282362
"bfe19954cd4680149c682587",539450617
"bfe7c873b2fbad871327994a",796781053
"bfeab1b12dd82efa96efac31",429268906
"c00083aa30ba7d953361674f",443502357
"c00592c7c0c3a863a1bab9c3",702216067
"c00facb3e4cbb27c47a621db",1273359958
"c0109086d0f49aac6c3f3f18",726895149
"c01199a4b2fbf0f6cbdf2a65",768476260
"c01440b8ff0d80e7bbad715c",632522830
"c0155096575af5fc8db843cf",363933521
"c0174ef555bfdd648acf4346",479493654
"c0224f0cee5a388014db4f55",1220429228
"c0277899d5f185cc78fc4a79",733915010
"c02caec41084656408c2696e",726045404
"c02ce25a3334860d3bad53e8",766305108
"c036fb38fbd2d1b59ed5b7f7",737161054
"c038742e427830aef3ac1c17",467203243
"c041a933261204155415c2d4",918889793
"c04e72fb6244d9a9b28322b8",824273280
"c059affd0c19f6d4d76f37c2",589004392
"c06088db17767866b7f4ba7d",1064000898
"c061b886b7136a1b00c8ea2d",884155457
"c0620585c12f3d9f1298696f",490296155
"c062d873af3b7cb98ccbeec9",1090369368
"c06a1d212fed896b6ee4e1c5",644927406
"c06c737cc0cef7fafa3fc4c5",606426651
"c06c8b6425e3a7c2d7481e42",507751594
"c06f36b42021a1512cb6e3bb",399201346
"c0706c78d5d98202dc24e46b",977773707
"c07e2ef0bed4be12e41c783e",544547360
"c07e98122103d1546d995f9b",1115441567
"c083a5c64c4d6952accd7bdc",485652670
"c08b016afc6a07105d7703a2",702260660
"c09b8c236316b87a92a620b2",577943816
"c09c39339b5bbd48f349a430",722908398
"c09d691e4c7d7b8c8f6a8370",1019791689
"c0a9e3f5c57cfbb4aa9b2357",896638813
"c0bf06891690188e17ceeb8a",509070148
"c0c01ecbb9189d77098659b8",474717575
"c0c4ecc8d3aefc53c4c06a38",672297755
"c0c4fa199f0ad751930cf78d",669895372
"c0c820463dfec602a6118ed6",972387398
"c0ccf6d535d1316e37e1024e",857491280
"c0cdcb5f860e3a974c401861",872195764
"c0cf9517f20ae81c79ceb0ed",1070513488
"c0ea6c76eb977d83c163fd7a",422100572
"c0ec1e7ae2c6c3c2f2ae34b8",584181413
"c0ef32a7a294e5891505bf35",383464988
"c0f911fe7ee2113ec59cb5f8",646613093
"c0ff8812c1e8eeab07c698a1",405980174
"c1034173dda31d20c4efbed1",675214009
"c10f25fd39dd36287a6cde73",1273359958
"c1168159d4e2fffdd5662757",587133068
"c119f62348e418d9ada13362",864532266
"c11cd2e00942ffe56db5ae88",823756599
"c11d82cd360eae99c04009b1",1037386915
"c11fdc02a288af0572a2bca1",795600480
"c12904320223ddd043f39c63",514267449
"c12c81b3eb12bb329466e88a",1126871186
"c12f362b9060344ad044cfb7",1005241105
"c13263f9c8628bdef086106b",793076734
"c1329245f57c5d9019105382",955853243
"c139bf6b72a93a73155e1f5b",468496229
"c13e387f56342f88c993f0a2",770115223
"c1420f278d45b85c56f415fa",941174870
"c14f644116669a160446a945",429268906
"c15cecbbe717e72f09a84271",557085076
"c166a9293fa27e910e1fa9c1",735269344
"c16ab4a11cf67a39fec6f049",542344113
"c16e9d9444f85bdfade710a0",676304583
"c17a3139c360750a6de5950a",438869005
"c18c2ea88f4ac53970b53d2c",555232982
"c1976383069b6b82ab29d092",534165038
"c197faa8bdbd51c075a6d3bc",758037898
"c1ac42dad98d2f23dcbf140d",867473653
"c1ae2af40e1ea9da6380b8ee",835300541
"c1b0ddd3c104ec4482d5025b",490234345
"c1b386f478152f9be1f546ea",544624708
"c1ba606f32ce0337cbccc2b1",771944309
"c1c1dc8df6996a94ef3c7d33",396786707
"c1c8024bb6c3635ff655843b",442344456
"c1ca38f941200a9d666aaedc",519712936
"c1d0c0846ec652774ed5474b",1063606100
"c1d9119fa7ae7d44362f18ce",809155974
"c1e0b47866cf4a0120e4b3d6",482406219
"c1e51ab95336a51885b4c672",758548575
"c1eace64bd2c9f6bea289c4b",933628381
"c1fc25faadb151c73ff254ec",680141246
"c2071e85fbffa3d2c2168319",694725839
"c214d2383936dafbe0652c51",910624694
"c2164829374d5e880c1a1f31",656261898
"c218434cb0b05ebcef935e5b",804681842
"c21a3eaa136ef8a912ce7b74",841863356
"c2242a77d30c0abbed667ce4",953992537
"c2282da3ece2dca6e8a3bca5",904612968
"c23150d0aaaf932579561998",943563165
"c23a1372c81ba03e6dabb0df",557981493
"c2424b4861f2ef50f8876c0c",550091644
"c2439ab65fe194d1d60eaa07",881115618
"c245bfa6587eeb55227c8a4d",576049331
"c24be8293c8f4080562ec0fa",505461276
"c2555955d5175b31e5f783ac",767485176
"c2580329ee6d7a03925725aa",717214658
"c25e1e289cac1bbbee489122",832240074
"c25f892c01420855f61c3dd9",682036163
"c269765ece36cd93058efab9",586724252
"c26990b034ee83450a4517b1",850611209
"c26af6fdd00a85a17b823d92",649596336
"c2717194de73e1a1d8dce40f",398480744
"c27b2b735106bd5a77a15616",799664676
"c27d72aa1fc5d37f4cc105eb",778228554
"c287dbff188e95f833ab21f0",628184008
"c28cb417dd28fe4d4d41d114",642769072
"c29b30cc5db2ffc273e4cb14",637056261
"c29c69bc6758d5976024e455",601110365
"c29ec380fc7295a9a770a74b",405476684
"c2a2ddb94f60de25378aecee",712900619
"c2a9b4b389ae6f20140e21eb",1029313877
"c2aa451b62293042b7244fff",773598896
"c2b5216a8050ea0fe4008f59",905367098
"c2b880a6bc90cdef9dac52ca",752948842
"c2b91ce4b1bc8c576a0ce1c8",802556178
"c2b9a3b2747f32d26c8219fe",611944048
"c2bbdb2e5d0191071e6db37b",816102267
"c2ebd39857dbbacb99e6cc96",868134003
"c2ee475efec76c46efbf1b08",564743773
"c2eeb1cf0549df1359ef4dcb",441286410
"c2fc3f04c3870e14b89d5fbb",766423133
"c2ffdd10fe424afa1b09f31d",521588372
"c310efec13e312442f7e1a01",670161181
"c3140ab2134de662162af508",401350930
"c3191b6b40191009ae9f4b7f",1182232315
"c31c4bd09d8cfba562ed2b41",841644607
"c31d98f67673691ece007a65",517164528
"c32249c7c0819b1a29fd611b",627689952
"c32df77def9978a84f8ba7f1",852323893
"c33613eff66948d1bb8ea3bc",608552161
"c342f6492f90ccf623e8e8cf",501043841
"c344e3be381326a1b6cb5989",918522284
"c34c2aabac06323fa180b24b",564105033
"c34c94e7129f84267a5e4fd7",615913778
"c34d46d83e76f54d53cadcb2",737213830
"c357cc3d2f4b45ca3e1250d2",541448927
"c35f5ef73168d03cba1b1f4f",441478092
"c36cf907ee28017eb1b40674",487618437
"c372834e8e7a4279f861aa4c",496908448
"c3733b88ebafc0a05f5bdc99",640205969
"c37348f8247ade33ac513855",924602311
"c3786f81345d39fd8b353da3",709335892
"c378ef33f40f8be9263e517b",650793957
"c37b357d57918c3a651a5760",722086811
"c37c7859956931d77cd5c9a8",734292310
"c38677ed0876b7996f596336",476061070
"c386d1ac4fa8dcec4cbf9788",752994126
"c38ce4f3763795c61efee6f3",586989637
"c3a78d9bb10165d9be188394",619211491
"c3ae3f44bbae215f7f2fad9b",412990181
"c3b357d17afd631df02dc39a",929029706
"c3b8b774037044a2524913a6",685531786
"c3b8bbc492a7d7bdd63da22f",979520885
"c3bbe8c09f5e58281dddd412",736454192
"c3bd0b8277a37832f56be54b",486085302
"c3ca43d0474dea2f2dfb9791",422757752
"c3cdfd0733404ec885eb3edd",714534630
"c3daf2abea55af99c9579319",877538317
"c3dc5ad23dc8cfce0671adde",997932159
"c3dd975d0aed59a65a784e47",757080294
"c3df4b9fdaa4dcb13723b5f1",783884775
"c3e1e0d2618556de7df13403",560757905
"c3e648317c360c76b94bf541",511503365
"c3f889c41c1effea85bcc706",448074302
"c402811ade75f5e3dee73ac3",809213065
"c4074029fba935dafd82eba8",422599157
"c412ab869616d6576cbb8309",422997394
"c41964afa164d8b75f8dbe92",654786814
"c41dfc0b917edb6e6ef7b1c8",577414488
"c42c59e8a08e8657ab4201f1",429800285
"c42c99f5da3248e7bcc73fa7",962876846
"c42ce8f9f62f7a315e028e3b",560328309
"c431fd6dbad57351a497fae8",514974779
"c43530f324a3ac90f53a8849",795975840
"c4476befe0002dcd0c315993",600066945
"c451b61851c8ae1e6222109e",984440658
"c455b8a15dbfff94c2909f37",758547289
"c45d7f326a2f279760d1a4ae",881388073
"c45d86d17d1d0519b455b7d4",892260380
"c462f0736fdefd319cee232e",762866590
"c46b122728ef4c9ae8be444f",758061243
"c4749eb8f59cca469236df01",430476590
"c491a13a87fa1ef595b35826",831976112
"c4955010d066e013812a85ea",1227576849
"c49644baf8dc51d3f76d7e7c",564016465
"c4a3d64de5e401a86395a919",536070340
"c4aef1d92cf264c548ef1f2f",413385597
"c4b2a42a8908cc35e649fb16",667607546
"c4b97a459e2c6d13710fa273",413242491
"c4cef41167a5e8354a61feb4",897014024
"c4cf9ab3776289a412684892",901049967
"c4d7a906b747428aabd368cf",650014814
"c4e8559ee733a551649a5dcf",764267307
"c4eccc400db2dc9627c9879f",602130381
"c509f2036a11b7132c633d2a",742241891
"c50d5b4e75f165eeeb2eba97",622158322
"c514c9a35632e5a9c0476a31",648670724
"c51d1eff1b6d29b4164df520",1132334906
"c520b7e8de3796450ce49a30",375865172
"c523380518164e1e317cf1b8",917271331
"c5346c37454ac2b13b92240e",1192833139
"c535169307e21e5df7ec88e6",549948583
"c537ea2620b8c3a3f013c0b9",979058048
"c53c58dd7b26902f67c3becd",705333837
"c53f3bdfe8159bae98ab005d",1026410917
"c5498cdddd7856e99d21f52b",447489365
"c54a573c9aef013dfa2abeff",1002030656
"c54c645c340f59dd5f47bea4",449157239
"c552cfa8e6b8c8be2c963ae8",426587282
"c5602c608080e2546dea5463",421169624
"c56163e390d9e5a7a76e77be",711317615
"c5641447732d3d1269965ffb",1189564068
"c5788cd5507c577b7b585ffa",376354879
"c578eb2dffe903475aecbffa",451121660
"c57c3c7edd591e16c0b7c1f6",525356705
"c57d333e383039db0fcd2620",920004292
"c57e1c323ddeaa7475e5189e",610571846
"c58947cd4f238cfdc0007bf7",1308898395
"c58b56f1202d1cdffdda3021",691329411
"c59c2a19b93ca666b7c389d4",891578837
"c59e06a2ed37fd750cf39976",897242614
"c5a5676bdb1698f8c38cdcd5",481616985
"c5a64fe5ed5901734d98a22b",481154408
"c5a8695b7aeba06e46266959",718149014
"c5b333e454ed6e93ad32d96d",839625845
"c5b40b510bf7f121c93a2332",884902943
"c5b47ac5c4b7476d50bd56ec",727004173
"c5c024d11b3ebb2cd088bf6a",828394592
"c5c3f06bbf812593d1b95a40",1228592411
"c5c7631ddb5b485d0e992f7b",527854007
"c5dc941305b5fb59e66479ba",502793444
"c5f7f0323f554a7419f78359",896342824
"c606665f3a3f70ef61fa5cf0",1089944359
"c6084b85c8d95e0ededc25d1",878049520
"c60c2efec3c12959d86fe3c8",543036819
"c61076b24927a46ef506322c",1052368322
"c6115d5e908e04e67915a581",680623454
"c617d1f15d294f0b0aea8ed8",876200692
"c62494a9d7aede44f2f84023",1199188583
"c627c6287efaeb6fd9049312",510324849
"c62886167530efe1f84086ba",516606838
"c62a4288a4a0336b1436132e",648054724
"c631f8920a2fd1160f6b15cc",727616540
"c641febd8bc2ece3e4d2d8b6",488594694
"c64346c8b0ba32a55292e66a",1141574385
"c658639b590415bc6ea44119",518776774
"c666974c4303d43b87714c62",561081446
"c670315562766401f92913d0",424615974
"c6706db3eb4f0bbb0510578a",1059945524
"c673d94552bc3e451672939f",972113021
"c681519ec1ee1a28f6a3607b",895353956
"c697ec00214cad882d5e9812",464965719
"c69e08214cb1fbc09ced0971",399804337
"c6a089a9bb326c22e3f3aaa7",755871001
"c6b157e7a6ca08d04ec4de4f",449801689
"c6b7e739125907c86a8997d3",1023872414
"c6bb4ca5a0c839d38dd8ce19",929332540
"c6c7409bbf52c86461aa1dd7",693016117
"c6c978051fdc655d21a370ab",641060029
"c6cb6ccd3f5876c9b9e29685",613468845
"c6d075772255b1efa52317ac",803197665
"c6d679cc07ce4373197748a8",1372668935
"c6da2874d2dfbb2ebab542bf",1039748012
"c6dc8c201ce38ff2ea49cd68",1297122009
"c6e34cb4e79a729a5df4183a",856893854
"c6e9772058edb2268434d7cf",893367660
"c6ecbe7b57db2db74b0d788f",939061969
"c6faa40acaccc1603c29df96",527462002
"c6faa5d2ac8e74c26fdaad4a",816986318
"c70439fc435337f1e8fd2f5e",1070654749
"c70f6bd5ca138bacfdf8b5cf",1123061140
"c71123c31d02408cdaa74daa",558544370
"c714b30713eb7877ed3cd92a",411723121
"c716d4dfb5a3c2e1120bd84f",842743310
"c71fbecd8f7310c201adbf40",599934266
"c7205874bee601a7b01a0cd3",1142160176
"c7214222fefdd8d2ad7f8f8f",811059016
"c72cf05b93b9c290c063b08b",873830466
"c73a1177d787a5ed72b8a9a7",527108803
"c73c38b652e9418f06f89b67",380730649
"c73ee8d419b96c6e7c53f95d",659783565
"c73ffac843c155f24985e6f6",827028872
"c74020c85c9fcb2a2cb3ac74",660626129
"c740655aea4eab7066446c42",555904366
"c757b3960436c23dfaed4f2d",951885561
"c75b265c0eb946ce77e32ce7",801528159
"c75d43b8089321e359e14264",722112023
"c76207e622cf8a208910707a",471357917
"c7694e92a97bb66794e62fbc",539652160
"c76c4695ed005277a59451f4",585554524
"c76f482d2a8f8db5eb79ae89",1208408565
"c7746198cb5871bd687c2538",673033383
"c77509a6eb6665bb8eb07d95",908061657
"c775d4f60fea55d5511da4d4",861430128
"c77a63e92b9f727034913d8f",688703382
"c77d7a08d5b9abd4d3082fb5",515722017
"c7876dc81e250503076f43f2",600518249
"c78b16f05ef58855da0d4f2f",480567385
"c798ea36d2e4a8119723eae7",1031942913
"c7aad87d39537083a5620757",622854125
"c7ac975025713f368bdb0af8",988281270
"c7b6e7a287602275f7854ef0",1102998609
"c7be09a810b9e54d2dfba4b2",609768352
"c7c3da1f12d872a3726736f5",464117242
"c7c5ee499c712082931032a4",1319448626
"c7c835349181bd3f0d964eca",1292754258
"c7c99ae9259b34bf9b8ba799",454577894
"c7d5f021595b58c507f47d3b",1039376258
"c7e45098251c687efe670815",601345392
"c7f422224808e043753683f8",1239756821
"c80ef212c870e2f20ed2234a",701828470
"c80f897787541816ad63bc17",611706382
"c81133d5a58d7e8eebb10c8c",1197177076
"c823e3fcfbf0c43bf2d82586",944091039
"c82434222f4129168fa82e5b",596962173
"c8244d916b0110b1acbd38ac",723474272
"c82929467d22589ec62c0475",638460861
"c832701653f1e7f01913660f",1053923708
"c8346a875be8391145a2f9aa",392419394
"c843044c1fb30819300448d9",388923133
"c844a386941b86a3d4c0312a",593280838
"c846d5698bb295697186555d",670870861
"c84e1db639ee43ad83f930c3",562443956
"c84f96cf4570158c3832c3f3",827915472
"c858f0f3f5594e7bb0f3b6a4",1052063887
"c859144477dcaacbc1654a8c",573622189
"c85d56080167254c7bc19303",662215643
"c85e9bd6e20ee2a883d0a7d9",412128410
"c86e643b7f7b57b4482020ef",549590524
"c876ed979c9127674000b740",684382793
"c87ae84ef029febca1e633e8",560388160
"c87d9677bed80b0fe06308b7",457763127
"c89167e42af0d42c88e8573a",884904564
"c8941b8d7626f7b33628158f",1357719046
"c8958d280d0cf2d8a0b481f3",699859790
"c89ac55660cee4608bff27d5",501021992
"c8a3dc3654c53cf66953de0e",628386410
"c8a40314be3014c2a218f5bd",858418436
"c8bccdccc9186136a332e995",1095541777
"c8c8d083c9b9600059a8b8d1",555627103
"c8d179013c5bb6379693ef03",490001283
"c8d39eef5a5422e0da4172cd",762404316
"c8d4ffb290aa9cea002e8d67",432676890
"c8d5a0e9614dcf96a500206f",460206803
"c8e00b4dcfa2d05d6a7fde26",990171595
"c8ef57ddfb35061d1876f94e",584247098
"c8fd8b729f4ac6270aff9c9d",704103260
"c900d19cade1443983274ac4",1108945624
"c90486bba327ede32dec60a6",514255851
"c908280d0461c3585af94d53",1068605554
"c918e02b3e6d80125a2db1cc",434045249
"c91945dcab0bf200c3ef321e",645774205
"c926ee21c2bd9da7da193514",413270385
"c926feb307c493aea729001d",421435952
"c92bdf97d7f0a9a12c024406",434878920
"c933750eeb53302db0245782",470109780
"c94056bc09a4bea0e853cc41",582748718
"c94dc49efe0a350bb522a56a",768939480
"c954618c48b70cb00efb49fe",598671995
"c9620e3e2dce92bf95c57c6d",652267401
"c963faee3ac527dfab08f61c",529974207
"c965b03014d21473b27072f8",921907815
"c97715bec6032974060480d6",1061476863
"c97adfa6f5ad3e3db6b80edd",965146656
"c97e4d7e08db3171290e939c",724622127
"c97e70a767a3661c4869bf86",673288369
"c98157c582392cb895071f28",924647051
"c9851396352bfeb05fbd7580",1183488978
"c9859204696f3440cdb541c3",944566166
"c98807fc596bb2f505b4da9b",1091463110
"c9a215f284e095850c809425",822255140
"c9b0673becdedeede0209697",427706322
"c9b6d3bce20b7f528fff8123",491266400
"c9c3973bb37b5c688a7c0157",744256887
"c9c51c39725d7df94822fb20",560056497
"c9c769e7ccc99016f61269d0",534548203
"c9cfeb97323bd6a0564e1903",624242231
"c9d096d4353b8eb843e793d1",588260359
"c9d254244e315974cdf5d921",1103454095
"c9d285946ffc4c4b3ee95da8",1248786140
"c9d5c08973c493f3acdef892",452941523
"c9d996f458794961d9957c1d",649483592
"c9e20cadac540faa59d9aa3f",405844450
"c9e92b994e48df83dcf9976b",1135218923
"c9ee7f0666429c0c15c37499",380503308
"c9f92088dbdc0d81412968dd",877349149
"c9fdc3f80534b32f1a75f530",731594234
"ca02c904cf5eb96ad20705ca",545026900
"ca0b59b35225b44447967ef8",380730649
"ca13bacbf6dc8d1b09fe4c67",898087768
"ca1b1c17572f776fc1059691",547580209
"ca2f81b8fb6fda20aefb0ccb",970010973
"ca3b5cd3505049f1471c47e8",664428732
"ca438e13d8aa6285858da0aa",876358743
"ca463fbe3e5cacc152aa70a6",445833878
"ca4f4a66d83f2043a7dca261",383464988
"ca50f7143937a99accef865f",1079610226
"ca516516b33dc09d712b3154",711495633
"ca54914a1cf1028b9c8b681f",721943693
"ca5949c4bcf0b63e5d1be784",408230156
"ca5eecb01282d4a84017bd50",749404312
"ca643c04044fabc6fc566d12",1126314364
"ca77a424800783bb9c5c0450",878824074
"ca7b9296080c9fc9fb232782",923682152
"ca7d715827b39c417e5b75ad",760939281
"ca86f53a857c23b15eef428a",839205112
"ca87bd8401c0c7bbc4b3f286",726228111
"ca8c85e8100f64416146368e",1021632155
"ca8dacc29a57d39640e3e59c",1008381690
"ca9520c7b8432b0521b2e8dc",441988943
"ca9b2ef10b512905af6be620",874739831
"caa4aecacff2beded2e76beb",566327391
"cab0a460167bb64c037cf25d",376814855
"cabc4fd04b60a66bdbe2cf9a",1063811496
"cabf47337c2cd619f12fe69f",660853510
"cac3eb4606346268cea48e32",1082145681
"cac7e7c3e13af91bdc7107e8",830571201
"cac82fdc4d960947bbc590c8",482070885
"cacb91ac1b835d62422b8a8e",1023086009
"cad16b2ea432d926d961109a",617473616
"cad720be1395e2ab5869807c",458158123
"cadbfbea1d03e6538af648e5",463652671
"cadd4a6e1075b57f7b74c63e",739438215
"caddb9dce27a7e8012478da5",615110785
"caec584b5b6998684bbc6a70",511617862
"caf878b42daeee3c7de336e9",910465711
"caf9c761d21329c993a0bdf3",908826767
"cafa94c4a56c23ec73ee9071",1077736369
"cafe7c1ee67458e05c84d5fb",799151533
"cb00154afcad81df60ee58f6",477342938
"cb00e44cea76a92e9c44e793",460984989
"cb01687abe09df6838e1b224",649167033
"cb083fa7ff634f424a351840",595263967
"cb09a84a1d7b929607d01ee5",808322696
"cb1c8ab11838d9f0a1197e25",1095004488
"cb1dcee1f4ede0877be1ad15",782677582
"cb2188cb8e534973ea3411a5",634043236
"cb29bd3ae3d5da88c99d3db5",625641969
"cb332695a296899d1c798426",808799372
"cb383b7a746ed55b21a8b245",752045420
"cb38dc837baf3e0531c6c115",839086587
"cb40d6ea6a1eab77a60c1ba3",662540651
"cb482d76b3b4904c595f2dc1",526516848
"cb604e3a56cc847189462004",720330018
"cb626b981c0997d254388e76",414463247
"cb645955c851790e83e696a7",846174303
"cb64b363295d36b9b0fde3cc",595907080
"cb6d29f005078d4d4efc2d04",777086115
"cb6d4db44c789fcfe8236b40",657831713
"cb70f4993947b640317a07b9",674684394
"cb778195c5d61a7c4185424c",896932953
"cb79e02041eddcfa9225346a",899995772
"cb7ed5960f325114bd3489c3",1054983655
"cb7f62ac4c1afbb4256601f0",628434990
"cb83c138aefeadb184d2c7e0",439502254
"cb8844cf2070d8697bcccf27",440528120
"cb89ad8156c3428ac80a4db3",484192621
"cb8b826e929f4f8a8e3687bd",581699146
"cb8fbae1b4141461127c97da",1027431380
"cb915d1ef92dff803c5cceae",1062995785
"cb93b0d5e9a26628b0462b14",567956240
"cb93bf58a01eb262cb003061",794809921
"cb94eee5ecfc75d0fd5ba6e5",591437566
"cb9d8fe7c18dba6827836403",759911825
"cb9de5719b978a78c71db699",950634203
"cb9e058f82b10cf80990beea",818197924
"cba57e3b393b3e392c7431fb",1059079713
"cba9aead5bad82b31da51e6e",982522842
"cbab68c32d78424452249d9d",1166790102
"cbb10e7618b1385cf922e815",1201637778
"cbc99d6202cd3a31e1c14a16",579306245
"cbcf4d76223673724b0f9811",597203442
"cbd48f3342e63a84173a8dfd",377071986
"cbd78f55af1db4d89b53b496",416518476
"cbe4318f63d73fea6238079b",1058172665
"cbf6faf7b47b43b2a77b3654",872705038
"cbfc3ca911ca23517da8c2d0",1178130903
"cc019e30685c91634d2fd4f4",876358743
"cc03087e0f18d59c521b6ce2",835969614
"cc125d0f70d6d0819d6d90ee",575671478
"cc1a11362066152d21d4cc60",669049289
"cc27435df779f16e6a62b0c2",1248786140
"cc2c78d41e3fe29de0b4ec4c",1025509312
"cc2e8713dd087d3b842d2f11",433707122
"cc385eff95aa00310eb22111",689226158
"cc3ef2f4fd5568aea96c257e",645371920
"cc48e66185c23195cf958612",543214390
"cc51811e23409f4d77995768",552876225
"cc5563550bebb29c83ae3054",1186667899
"cc6fcb8ea6556f676c13a76e",896332032
"cc72295ef156cb2d60d6b10f",1104896725
"cc9743189c3671adbb1be49b",867132684
"cc97f62e2fb9d3e31ef1c00f",634305453
"cca9a08bc4a91f317b851f11",1036479674
"ccc4457f68fcc1a416e3acf3",688845613
"ccc4e48073c3da10a2e2d08a",865944562
"ccc625df8f51248e3dc93214",400133414
"ccc66d77e5f68779b1c016db",545757811
"ccc70d1d8e4411331730bd7d",560115778
"ccd2f6ec8e9841f1068b7c76",645297852
"ccdf0abddccb1a670f31c2f2",976569459
"cceb25e83ecf22252aa92d2e",950325123
"cd0236af88ded6bc15b49eb2",754202830
"cd05166ab9bf3128c23fb8c7",889794126
"cd07b4553b6d3863a9e444e8",842769018
"cd08976dc2d69110375f8541",554369419
"cd097f6cd92275ec8ace1f20",638033316
"cd10d6e28fd7ce92518ea31a",1001573015
"cd14f8aa1613d754221c4735",635726596
"cd17bb739ac79f80d6f651a8",946958115
"cd19dcd4aff76caaa1cffe54",447408885
"cd1fc7362660bce494b5117a",411875534
"cd270a11dd8257648d1f0444",886734164
"cd2913f013727119158b98c0",970549519
"cd2aeb1b2649ef421102def7",916381945
"cd2e4dff930a1c7a1a569992",787793457
"cd365053914fcde97b7ee9a8",766847063
"cd4656aed92f5c0a0b6b7c0c",866647173
"cd5111edd2fe80f56db29531",602585428
"cd53a991573ecb5c53f47986",841339567
"cd55abdb54bd56d54b11fad2",969072472
"cd5658fc146ae4b5d78fb565",585977325
"cd5c6655243a4be0912bc92a",845215777
"cd62ad28163c8df131a8f2fb",845712553
"cd69a049dd8a3822e228ebaf",805979068
"cd6ecb0f77acd93cc1c9038e",1225657859
"cd74b689350ef612ddf1b96a",550112643
"cd77cb445eb0f72df89b9fb7",897788634
"cd791a46ed616911ae7d4fbd",764260825
"cd89201cfe3fa19a4eb14bf1",629942522
"cd968f8973a267790a38f2f2",516585016
"cdacddfdb6ce41a3eb752496",527665923
"cdadb2607807935a0a5597e1",562483151
"cdae3bf05372c13649a2adc8",438018453
"cdb5f8327360c750469cee74",867132684
"cdc0c282ee62c51e3a20459a",998288950
"cdc3e114698984145df842c7",1103403827
"cdcb874d2e62220d12230632",861021207
"cdde8657b5a215915a04126d",1195645440
"cde84d2435eb1d0d4ffe2a43",736928087
"cdeba97450c735185e486eab",842520041
"cdef6e87c007bcd9b4efa9fa",957570660
"cdf11b53a23fcf9b6032cc8d",979774157
"cdfc387f8246a1bb3110d724",1033706380
"ce011b7462e9be36184a2984",397161970
"ce03d8ae43a426e074ed35f5",1119399107
"ce12b48120daa5704a4c81e2",391459461
"ce14bec246191176c16c4e27",764934918
"ce164af02f76ab3a68b0f980",702286170
"ce18358366157fa869bf3833",463524924
"ce1b06502cb0c5d9846cff9a",448915107
"ce1d63bc4411a615b816a76c",894853563
"ce206b82f2de3793156baadd",697544712
"ce21f368495d385fbd98de73",486313235
"ce25e9fd3bce9b75050aef5d",955457490
"ce2cce355f493a75ab59b242",452684863
"ce30c2c7cda56a69005300d4",452635064
"ce3deac5963eeb96826c14f1",757517908
"ce407c1e25333d7c7eba1b0a",465856177
"ce44699aeddaeb77f23c9b9c",1216906670
"ce47299ee877638c4729f60a",462045328
"ce509ce153f452ff8a997538",833210874
"ce53f3477814fdea2889cd2c",465897431
"ce60e2ce2a420052e67564d2",735669703
"ce6a3868227d78852fad9f62",1225648968
"ce6ddb82d2ece3b8d58fcc63",570169886
"ce6e91b53465250effacca98",996662378
"ce6fc507df0105c68c29214c",415870834
"ce78e1dbbf0f7aee98e244df",965560771
"ce84187750fa7aadd141b5fb",730568436
"ce86066ad78dea43089d25c1",944371275
"ce8ce41a36b610be164a25de",809835078
"ce8e1e2e4a79fa55a8547457",1047622608
"ce9474244dc2d40f357146c0",423021327
"ce95aab452311a0cc27e0c7b",682036163
"ce9dbb6d009cbdbe654edcfc",874981132
"ce9f2f0071be658ae75ca6f9",1062995785
"ceab390b6906d5cbe65fc402",699422276
"ceaf16e097500022498950ff",433417896
"ceba7d0f56f6cb03538962fb",623313360
"cec8daf847f52cb2845a9f58",1127625606
"cece8267e60c2461d6c409a2",1017820525
"ced1f52def08143f0b2b6849",676003821
"ced624c6debaa01c732e9f60",757953022
"cedd20027ebbf47baaa0dbff",691612751
"cee124f4b9031f59c4fbef47",1127070543
"cee1833e8964355b9aabbce2",558544370
"cee66eef685e4764b9553a02",548932806
"cee8fedd5685633435d77a06",1040334601
"ceee9fd6e692196b960443d8",566697640
"cef379fa831f936cad745dbc",664178329
"cf0152b0a5e886e8291ef4a8",702018913
"cf07a5af6ee98d735bde14bd",1115533930
"cf0ca58262feb1f8b0dc7b68",739200143
"cf184cc576effe39c0f857b8",527208279
"cf1ba56710023ede80a8381e",1049971466
"cf2e8824527989d3cd29c058",488501411
"cf3665f24927de548639ee4d",665665938
"cf379b41b70374ac4cf82dc4",702345378
"cf4d2297b73dbc357d21e31b",540671553
"cf4ebcab3fe4d12e1a20146a",960754861
"cf5213877dfb4df98f0dc10f",597656178
"cf60297d9d9bf1268f35ad95",914803107
"cf6092df1f22a7c4b8ff9d50",505934469
"cf68e05962a41395844e9c80",547143464
"cf6f0a3cc030024f4e9ad06d",694070087
"cf707785919dbb92cfc7b5f6",1005125299
"cf76689ebaa20c70d9db4d51",1061476863
"cf76e6077d47a14abaf0cfb3",459091980
"cf7741583fc5315ba70b70f1",960640349
"cf7cbedea50333cd2dfb0e30",817156478
"cf81103f31f74edfe0453de8",870258843
"cf8418c60f4e54dfa09b1e6e",672716167
"cf88be51d6f31c10e5868ff7",365093786
"cf8bbd3528d3e7e2b8f50c29",866436547
"cf8fb8db6f74c236cad0cfcd",1198978094
"cf9eb2cd0f20b13cc8816bbc",413732419
"cfb8d15c6b0c0e6ee4b92109",1042361438
"cfba6db03f0e38d1aa0802a7",638502646
"cfbc690c55e5c2bd8dd9d89d",970518547
"cfc069bd55e152e40b3a1391",860318029
"cfc2ab56604b4e3734d7cbbe",875310688
"cfc61dd41ee5f5dcb76bacfc",512825790
"cfc8dcf337e020b875ef1572",1181504101
"cfcd97bfad6e013aeb57a2a8",658868472
"cfeb42023e2737491b3e4283",990213956
"cfeb702df06baadf29f12eda",440424067
"cfed0221146f4d83d641e1aa",527106968
"cff851746578050bdfd46090",998764381
"d0100c18dba3c334327b29e1",607359005
"d0116b53467b3081664fb268",793147403
"d0119d7bb15452c473ed28ba",623136274
"d012efd4a77c5aa5e8d6e508",753744039
"d013a0e910b1fe2e3913af7a",476217726
"d01f6c0b2b338289e9fe3768",389881268
"d029158b36963961fdcc3974",791795360
"d02c3b5ac6fa0ed6db06e490",1064000898
"d03101c7f823dd7d17e49a83",874781112
"d03558acc19951a882bd568b",457958028
"d038e5695b32bdc6fff1f72d",797588948
"d040e15e50d655f4d19bff54",430299851
"d041129f83f1f13fd7b35e4b",1026166052
"d043d368d2584ae95ad3672c",802874414
"d048fdc255a5a7f474d48c0a",1063811496
"d04d42ff91707e3957b4a29c",1243143988
"d04f549fdf8f34bab19a171c",409159983
"d05030b0eb8931161855450b",760570737
"d061615fcc6355d79665f9a6",591886317
"d06ab7503c6deaf9cd405f66",1208538089
"d0751cb5e704e28e03514fb7",770844705
"d0792d22549d1b3f63baf3ad",471926634
"d0804da971548399183ecb85",748543068
"d084dce4ab9c4008ffa3bbc4",1075300457
"d090a9e520ef74848bb060a6",464357121
"d09c1af87ddad4ad11b82626",447489365
"d09dc3a3270073e5f1cb353c",845215777
"d0a5f33f0689445e22db6626",446069170
"d0ac1f63c75987c92038bd30",716854541
"d0ba7b90f6ba3392a165b46a",1216986552
"d0bdb51c8020a37fe8344650",737224510
"d0c411218ffa7c3ebc10783e",825925290
"d0c7294b2184d0b4d0e2fa07",1086395974
"d0d6a1b5c60ad420ebf2ab8f",1083671547
"d0d77497c8a7d567f01d3afe",719917887
"d0dc69570223bce949a4c17e",687607244
"d0df2748d371d98d76408d66",623227832
"d0e45d520227ef8a1f53ba28",597142910
"d0ea7bcd8cef8588ca50c778",529747202
"d0f5cebc2059ca89aae30c76",517184357
"d0f6e19e92c03b40a5aae3fa",1198397952
"d0fccd2708fc7def00c72317",983100729
"d0fe3d393eee5c0cea5bb6e2",684037008
"d10bdbfbd411ae625dc80611",382125966
"d10f89691119d4a4a2c1e650",1270955435
"d1166776fca47427c77fa8e1",874250107
"d117e9672b3ea0435e7a894d",492429545
"d11eadc78d95c96f50b41a10",1116480727
"d12059af22bc7d6ff170430f",1172897808
"d12298e0d398e9d21d2e2eed",451383878
"d128186867f91603af4fa481",882079821
"d1281c9f037ea5c4fa683b84",460947967
"d12c08cf48be75014a149873",947867241
"d12d6ea066b67c3db9b2dfb5",875985867
"d12dc721a59af021e8ac68e5",438343470
"d12e6de49fcca906c3586994",494553258
"d12eda0ba04f846d73cd7acf",1003025366
"d135cfa351ed6abe4ec2033b",515751927
"d13e3d432783206eecb0e192",1189453150
"d14173913bf5ed21e3ab50fb",861970441
"d1481d9d2bc9d1a3811f2faa",974458362
"d14f7f939468e641c43abfe4",470369567
"d1526bc5e5446680841a9cd7",897819152
"d162a90b37622c1dc6550690",422781600
"d1668e2d35a939ed126a3f8e",688167960
"d168181ef0dcb853171cdbb4",1124161038
"d177236e8c725d4405025916",1175559222
"d17ba799e68d7775f2104b3a",646501327
"d186e369ed884150e71906da",1214149435
"d18d990404e7fd07424f5a77",519706848
"d197410ebc0e3b9937464923",444839460
"d19937a773269962c7f9e8a3",1037386915
"d1a6132098a4bd640321c7d3",856142676
"d1be4eae680cb16d0c842606",1045676401
"d1c6037d0750bcfe47d425a5",478521589
"d1dc16c82942902c668a5c9b",799573430
"d1dca15e36fcc5ec14dfd870",583701536
"d1e38d7cbd32567c874e194b",807251375
"d1e6d6900eebd9ace65d6c36",649053670
"d1f39f86c82916524273bada",671491307
"d1f8eacef9bb4d300d086837",1178730800
"d1f92e6b18faf07ab70ca1ae",812237229
"d1fcd31555048d043cf084be",678658014
"d206aafc71e8aec2afc3f8ee",510820944
"d20a5b3eb857e1f4b548066e",700814438
"d22313a06e43b8ab8f6672fa",458433577
"d224080523a2bf2e81698d15",496367552
"d22d5776b6305308c9e774d7",722112023
"d233eb8af3ef7e325f6c8f9f",407272291
"d23d12bd86def2657038a481",894971306
"d24258de8d2ca10186660a1c",723268581
"d2526a3e39ea01f87c99d073",845215777
"d254d88ea0989a609b71fb72",442985240
"d255f73d4066fe559065266f",420177811
"d2637d64e4022075c8f539e1",936777371
"d2644b46136fd95c0fc2353d",636991757
"d2655e69f5dbd09ddb9268e7",961923531
"d2684e676cae87d75dea5ea0",592498155
"d26d35e33a0cf88f735a9322",507046672
"d26efb0e1213e19c378edfbd",802467662
"d27283e3c941f8fc256c3f4f",573425300
"d273a2075d28e343a657d9de",1084672211
"d280fed64d1c23ac9d79ce20",1033706380
"d2aa3386ae240d7387424e07",438388530
"d2ab14487e0ecf640a785277",782848820
"d2c02052de9c97c531a4453f",490004913
"d2c46ef63db73ba3cb7e32a1",783970941
"d2ce77db7cade7f2c6189002",510324849
"d2d2f335839ed35571b19bb1",895871649
"d2d317f2990465269ef58c41",699471921
"d2d46c70dc048c92c8e4f09e",826031154
"d2d8f5356f77507f8839280c",947867241
"d2da963bf6c2f6fe724be23c",1139216042
"d2de34876a7a6914c2dc479e",1098551074
"d2e6ab3b3106f36f2c3fc119",410734558
"d2e737461b916ba78030c76f",1020785801
"d2e7484c81358d4c79f040b7",871085063
"d2eeec3fb1ee4d686758534e",1095766417
"d2f20425e236285124eaebad",583889570
"d2fb81a477ef3690cb11c93f",1349264818
"d300473e3d2ced1177c9fbd3",624634040
"d3054072b2175deec2c1f8dc",433988386
"d309cdb5688ff7bdbb682d17",647006609
"d3169d4a467cb7eac41849ff",665321633
"d3222a7545e302bf10894658",661591865
"d331a4d58875a393080fdc48",424343000
"d337476c2cfa780518523a6b",475483305
"d33994c75d98941acffeeb90",1096042778
"d342a1ae299065045a957767",1135178003
"d348d38769937c8f350297bb",930255518
"d34c48ffe935cec3358b2247",794217218
"d353be29e7ed2c35b920f7c3",582909206
"d35462df6c686296a3c7bb23",780206554
"d354a2581dcb183c0cd70540",524657674
"d35596846155e74d1a637d7c",658990419
"d3609eabe59175fcb4441ac2",1310217874
"d36dd340e5875df6cba999ad",936660620
"d379dc03d78685ad14c647c0",470161612
"d37a1dda09e30da13ff5bfc3",760470719
"d38353aaffa4af168518c6c5",733417592
"d39797a12d9a4aaf15ac11e6",625807196
"d3aa845e96d22f31a3656aa1",428375211
"d3ace27450b980262ba9bf76",1263664558
"d3aee2a35856634eb710efa9",805012726
"d3bf3146ec856cc26c607d70",1051973227
"d3cda82d1fa53a7ca1b46a33",960844539
"d3de7e975a9215d04567e467",555248759
"d3e119e8fa4d96abaa8c43c2",1090739091
"d3e971e2e224a20530ee295c",797775188
"d3ed5316a463d38c1bd321d0",1294398259
"d3f297fadece964afe5f1cc4",927270284
"d3f688e0deaff6648f2925b6",429707022
"d3f7847147c88352bd3b9707",782379542
"d3f9cf66c1c05f55325b894a",1047622608
"d406baf5cc9b4473ae9b8426",416505125
"d40e0c2222c0debe89735e88",663307063
"d414907e75a1c105ad2b74d1",430809672
"d415dc486936995f8b3704e3",455289005
"d417ff438d2a418b1f9e50b6",617004547
"d41d07d1aa700278cb81ff30",580105054
"d41fc79d800458b1691bbb87",707455172
"d433ad6c3cdbd707e6839082",872264418
"d436abc2ee37ba3dd561e940",983813138
"d43d2bda7b6e4d5177c0d032",780820719
"d43f045d046fbc8f5ecf465e",603636846
"d4436ad417941fde0aed2818",845215777
"d4439c35bcb88e1490916c67",511154091
"d44778d36fc789f8b8c745b4",508301469
"d4492ffc4aaa4ca9c4dd2357",808289179
"d44eebc871d1fa6981c32ccb",912321249
"d450dd622183c7cc43a20d70",517854099
"d463fae95232d30e0f78f93f",586007856
"d4646b7f4dbebf9785963cfc",460770610
"d464858ed94a1a74948f479a",545294935
"d4653d505cede3d24e258d4b",989062063
"d470d84f5d8299c52fa24499",496490993
"d4716e228067a7bb0f30aa30",675528901
"d48866a153ea0fd23a858cd6",590419988
"d48a061a2040d851937413aa",834364412
"d4990842f549d8139fa94c87",562159124
"d49aeae19e13909e75dda2b6",980068962
"d4a43654382201db5d318dca",716389344
"d4ae25b207949fbf0df3b404",836103905
"d4bee60a74c2e2235f507ec0",781464242
"d4c40178c19d6cb2fcc88e48",641795593
"d4c45f35f214fc226ec85b36",795975840
"d4c6dda51fa949743a46e835",534798386
"d4c7b3372d70b898b167b92a",770991968
"d4ca9506161d3f4bb3ca57fa",405691862
"d4d138bbc80a0b29ed28a4d6",451840976
"d4dd48521efc020762ea141e",467648512
"d4dfddb6564c9f46b26e7aab",480439867
"d4f1fcd4c20dec55e977720a",1274748153
"d4f4d0ed36ac9affd71f302f",783931133
"d4f6cc3cc6e923cd37d0fbb7",448387421
"d4f90a6b73b1e179d3f8eb70",433498539
"d4fac54e137f5d27ce5f457a",691514969
"d504ed869ece1b1d6e724452",387359145
"d505277049a254f960e114ef",805575090
"d50b80d68eb3b928e4bb4317",592308694
"d50f33fe5acdaf5caf1c6ac5",476222907
"d5182c47a954c964445f25d1",693682171
"d519a8de5fdd1a84ca1baac3",728069575
"d51bcf03d649839ca803c357",441947657
"d51d3ef396efd4760c979de4",546849474
"d520e90e7d0c44a6b8852e5b",484686570
"d5239537894ce7f2a9cb5a49",600280330
"d52c3915fd7d2ef8c92a22fe",438473861
"d52cd6eee468311666218625",875697921
"d52f04fb69bed41ffb10fce8",598904370
"d5333f639d11bc3ab073ed72",538096680
"d533a334c2ad9d510865fe54",655167655
"d53b60b0f2c65918153ca2e5",430846595
"d53ddfac67129aebbe054024",754628741
"d54270fd6b09b38a978cd7b9",582647572
"d5436eeef04e1a8e51a38912",405765939
"d5475993f9db58c3e4baf7a3",790473863
"d54a4c353cebf18d452be515",583469077
"d54d787189cc8f014ae58aaa",892923353
"d54e80ee72354c70cb84323a",611345204
"d555b82c192794e87e9d536f",779721256
"d5583fa23ed97a3b9413e910",910386233
"d55cdfba22aae78b6fab5491",445066439
"d56159653f5d2abc5ed5acd7",810684298
"d563312854016e9115d034aa",1031142562
"d56fda10944b088d9cbe1162",472979648
"d573d2caf8c67aa32bbe592b",439561702
"d57535248bb34f65ae678a39",664428732
"d57541684e5c00bd9354cc35",682890979
"d58f191c74d26bc1fb02cfe2",558798581
"d5999beafbdc8acc8a6ad809",727059086
"d5a83c31bec18d1c3eb9af7d",727641478
"d5abd56b5a8ab8c2f61a07f3",773163338
"d5af3041d95f5e89969c9868",415286171
"d5b5bbf927f763a43190fabd",835096110
"d5b950c5510c19ccb926e7c8",1151691562
"d5c79ef12f43e2bc19e22fdc",758849503
"d5c8073e3ceefbfbb547eee3",967884605
"d5c950db90c92be5fe753189",696338448
"d5ccfaaaa739b2bb2b3d46f7",570950752
"d5ddcb0a54416bdadb4bf57b",641739910
"d5e001b2f1dad3962cfff9aa",753443887
"d5e29042106130114cf3694c",408432928
"d5e2bbb69ba3876b93af2d3c",1160431619
"d5f41dd3258aa346367d7725",434438582
"d5f905cebe05262cfc44bb11",770991968
"d600310e19c926cda14ac923",1141574385
"d60cf6dcb7b4b40077536604",1096042778
"d61700c4ecc128290bc42d3f",393795580
"d61ac80c0d4737c3529f4a2e",490458412
"d61ccfd4239026feb484cc93",421385391
"d62663a447beaec69808f85a",428602217
"d626a635ee75c23aee2fb327",1208605147
"d6297cc548b16bff11eea51a",1075910933
"d639498fabe1db1236656593",499517349
"d63ebc63c82fbf66d8b6ffd3",897924900
"d63fe229354bef8b02b4a934",721440741
"d6438814f4ff3853bf6cdb13",799664676
"d644b23e4bce0e6e50ab9356",1150662732
"d6496a3215daad9089fcd5c6",875618026
"d64a2ad3297e2fad8ce66197",448633410
"d654c9bbda61c4c0ee1ae2cc",469652171
"d65946f9c27e417e6bc60057",545386156
"d663ca1a0d29b4cbc5cae9ce",885578082
"d66bd7e4bc7b51d23af57de2",1051411853
"d66cca2c8e08c89af26e7622",845215777
"d670be6c848b1e92abbf415d",436506198
"d69209d7a26bd306bde5a37d",696170192
"d692ba46b098c6658799ea8f",570391569
"d69b019e6d54faa1cb044d39",806817394
"d6a43f209f810455fa41dfd6",489406741
"d6a8f4abcb02142c6dd15b30",490674124
"d6b051fbaa13e3d92a798521",814542570
"d6bf8bfc752bf4580e99794f",905489362
"d6c6e7f923ce2cffba8ff9df",770541967
"d6cfd3ddca2a59f0b6999d77",694292159
"d6d5717a4b7e2edaef162b6a",575844225
"d6d581e852a025b61cffd6cc",941019729
"d6de5d741702387dc3f4481f",1077889925
"d6e333e793f75c2ab34fb127",431325258
"d6f1594affb8db7a865e3452",459267103
"d6f4479f9226e52c93d70eca",562211649
"d6f9abcb58befa3d05373a72",960433671
"d6fc6059bba177ab56d85ec6",846836267
"d6fd079beb9f759fa4c6886f",436506198
"d6fee4f680569a54f4267215",967111415
"d7047492f4c53a0cdbde60e5",1141574385
"d7080c3742cd9d72e9d0ae48",471709449
"d70948f87875325380885803",1454740834
"d709a76487a49bf257489c0b",414040943
"d70b133f81d6f1c9d93e2ed5",453055391
"d714e15ab5c2d5a2503bffcb",1163985415
"d71cc157c0c43935989009f5",609536209
"d71d0c8357f09fe2f77bedde",592744171
"d723eb2516802250027312b4",724622127
"d737b8b7b39e99f7d877b7ed",609536209
"d743892816160218a63dcd35",944933465
"d74d0241fe5222f5c5b67222",669833540
"d74da3bb780515b1273d741c",806817394
"d753227b5c685e93b378baea",636149211
"d75b7730e8c291ed41d7caf1",547366624
"d762007a4ea5de370738e875",633087922
"d76d5b14d0acc5295b8057e2",820267773
"d76fadda8063e44483aa024e",884926396
"d78d84e4e42f145e02e423c9",631861300
"d78f7a1592c0779093150ddc",789500953
"d792d1eec60822752c8d52f1",699432331
"d793efed9a723e77ca8272f8",848998366
"d7997b9126bef50985bab347",419957254
"d79d71be963d418a4c9dec68",1141574385
"d79e2addf7c11180be222103",1237218002
"d7ad46cde8eca723de6510d7",941104674
"d7ad6527cae719481f849927",1014909999
"d7b82133acf54bd3eac338c1",1170812783
"d7b9566ffb28c753bea96f0e",812463811
"d7c48db0385bdbf7ecb7088f",1167285219
"d7c70d831e88d552da09ff29",1136111341
"d7cc3d199e538258fcc83f75",479046556
"d7ced905983af0800c19b7fe",941104674
"d7d30819fc6ad6e7e41453c1",922784022
"d7d3cd587d291f389ba2e8d1",800838001
"d7d6f668e3e40d957163276f",632273073
"d7d924ec35768a3e6bd39b20",565190761
"d7e3cdd3ac239a5c318f2e9b",1069811192
"d7e97cc158c6c54b02fe635c",619055380
"d7ee2851bb69088f851970e9",676721738
"d7f22a4e6daa572583e02640",390377315
"d7fb188814d4c118ccd83989",413429982
"d80c5f0b8ba55e7cf105d282",673830252
"d8171d498291341094daaa39",1208129771
"d81a040e22d541a74122f3c3",397083331
"d81b170177769c0121b8935a",900320511
"d8216aa4e029c0d3d646efbc",760520959
"d82f743ff414299f8c222db9",1009851026
"d839ca90c5df85e5cab54ea1",603046617
"d841d6a82425710e36460f64",639920703
"d84248b3ce8ff6f5fa480a83",548278078
"d846dbe691d0ee3ac5c3bec6",913214673
"d84d7edc4a4896c4a8722328",548735587
"d85fafb4d5ec056e6db9a79b",499674280
"d8607e3261ef1546eb0c30f0",986199233
"d8654c08e95b39e3b4891cd9",805868022
"d8735967c942d1a7b0cff7c6",796117860
"d87896f889ddfe1ba210d74d",382657541
"d87bbd60fdb8b84a9fe23ba7",462557981
"d87c489d3572187e3280965b",1267423575
"d87cbdc4896e0e0160999520",465888575
"d88544e4e85add30aa795ce6",429449298
"d885902c923752eab7b619e5",395598912
"d88bba495701ae7a44eecc64",1309879089
"d89dff35fa1944191aa9ed98",579663731
"d89f812c7edfeb3121bf639a",606748852
"d8a7c0b01bb545c414e12a23",1152119251
"d8add8f5e0aa562a63c894d7",603647915
"d8b3a1d0cffc913ebd05b931",1054339473
"d8b83253855448caa81f7780",538096680
"d8ba9eb448ce35ed404e68e3",969243059
"d8bb6151d30573c7595ee7c0",682036163
"d8c1f7303b205fbaba2890b9",423073157
"d8dc9de06461e0220bc55906",610089606
"d8dd26eb78ff22272358e302",834110978
"d8e51f7b40bf1887ac007163",703866557
"d8e981acf77bb46a9dbd3109",722797874
"d8ed50fbd5ed46d36b3d2dba",556417431
"d8f4955ed4fc363d6d9ea897",850069592
"d8fde541f142e6a7f0b28099",708753000
"d9000c1afed253d05de7819b",396139898
"d9028df78f9b14a720dbaa8c",1012479906
"d908973d90db91f772890c9e",431673927
"d90c961aa01e51d63e50a2de",872822725
"d91017d9c530e058ace2e017",687723300
"d9110b2b5b1c02766da9e24e",845479991
"d912e45dda1a3a628fdf50d6",655263816
"d916219daa90cd2d99edc609",760942271
"d919dc64995903c9120eb61a",767896349
"d92232d77f7a124e7ff13ee9",806817394
"d925c1d4dcb68990c7204b33",708929740
"d9357452fcd193b6c5284bc8",1060338223
"d937ac866f671e4a0c090879",872232731
"d938d682332fa9e5c4986024",782848820
"d9398ef84ae71419cb7cc82c",799151533
"d93ba0c32244c455e0f7baf4",589055718
"d93f6d8fe212ee3c0f7cca95",758124174
"d94d18cbc812d560c1e38ffb",1024855508
"d955edf16ddb9d3f59501a9f",1020679372
"d95f38f5d1293c74ac52e823",1047340117
"d96155b72c02bfa04f7ea98f",504635519
"d96855b0ec427f041e7a36c3",1014580805
"d96e3063ce77ab1235e2ba26",523701475
"d96f6225db81dbf3d1a0e9bd",436393643
"d9706de7190ae64c83e65769",777239893
"d972dc3dfccf2a48a6384e54",749931125
"d974970034de145d469d09c5",466926285
"d97895a836e6ea22ff3265d8",456694341
"d97d462ac4f5d9cbbf04e9ca",883397230
"d988975f8c4e6ee8fd8dc1e1",822364010
"d98ba43504fb49a4f0bd9c05",1129472261
"d994f3919c3c8fe0ebd538ad",1074732572
"d99c00c516cf57b6fd9e877b",597710024
"d9a94194ae1350512beff3e6",725234703
"d9b46a34e48e04b5a3e026cc",513165857
"d9c46d54ba6df0d21ed4ca49",620951820
"d9cb0f637cd4feaaaf8a21c0",653951706
"d9ce31250d4ae25c3b850124",848750349
"d9d8aeafa748f8f1ff2fca22",1065582858
"d9eaec557a7a6674565db1ac",759982009
"d9ebae84cb53d29bbd8a466e",394465550
"d9ec26c1c3e1811e38f070b2",443217548
"d9ed55fb72efda67f5144330",971402120
"d9ee40ccf461ce3e9ebb815c",649793373
"d9f0b4c92bdc9476f50638ed",464117242
"da12ac932dd8a2fabade4bdd",745745381
"da16828139a19aa11bd94ffe",1087585860
"da26059a2cf36e02b8702320",527934702
"da273cee807e254fc9aabb9d",781117542
"da34d6cd832009e428d2b467",392163074
"da35c757f211ecaab20aeb3d",487321024
"da3aafeb2d0105f8e09c051f",511872314
"da40d46cb91d9e59fe12e6ba",586641865
"da474e23f34cb63de4ef28a4",770991968
"da482df3d0fc97f9f8582e22",469981597
"da598f8a82b1ad1b02961cd1",799382969
"da5b958667b31f4f9a1d84a9",796840652
"da5bf7f1c7b2f4ad670e2382",719495101
"da5d47596a755078a2261328",758345664
"da627dae6941b59d1eb98e35",508835678
"da782fc0c8a79e3e250f0f67",391347395
"da7a511a5f470d99ab2bc4a6",681831923
"da83b03a6c9d405f55714b0c",1038723428
"da846b08fe2205d2e2a3dc71",423734432
"da88bf5bc2a7310ff382be4c",1034760382
"da8b5c8a320821ab8ca00a80",965560771
"da8d3092ed0e085a83a7d67a",699070122
"da8f986b6ee6f594780f4a91",930332187
"da94e4a5fdebe3ae7bb1adcc",881646074
"daa0be53e7a1d7ff76f32955",792917397
"daa4d7da8d7df8efc1adc9d1",450043981
"daa52a91f1fee77f75550246",475219962
"daae80933675e767b50bdd17",1041926553
"dab58562904cd13a93d913e1",800838001
"dac29573163315edf99e0e7a",866023732
"dacd62440872b6e94ea56fab",460894163
"dad2bbb0fe138e426000a33e",641871657
"dad46c20f9f7d834e522fdd1",922258523
"dad7e45e4706ab2564ef9cf1",389719088
"dadce7c7a446a6a177821b73",845767264
"dadd9ddd29102f529caa3bbe",477202759
"dadf0a00434e8ceefb3e26af",844181110
"dae0265a0f2f79d3dc010ac8",1159909149
"dae09210f48e5bbe0d31c728",454208299
"dae55582e86b1f514a4ec3bc",944907319
"dae776f643e809387148900f",1155623125
"daeb02020f23715e663b4a38",683074832
"daf2efda70c6f3cd9257d0dc",445020878
"daf8d6d3f4ba21513341eb3e",1251947995
"daff79365fd94d1d3a2bbbd3",609560231
"db05818b6de8d77c1c3fd053",480567385
"db122cadb7a9c33f420fe246",436431964
"db1c3ece26da7b342eb7c8a5",739025968
"db1cfd89dad114c11ab2d409",1068605554
"db244703ce223e6acacbe85d",699888302
"db297b6ab332cbbba338e7a0",713140028
"db352cbc2aa3066ea9b34184",784516945
"db3aeb3a96304f3c255e8a22",579350606
"db3b84e5b3a9097392a57319",964171452
"db3dae76fed5fdbed29862fe",740929594
"db3edc43e89840a65749cd94",662530554
"db41266d7b500a6daead96cc",407120494
"db534a5f57e92d29b9e150cf",865409027
"db563e5a1cd9eb1be832bf5f",1306482582
"db575f8a4e10a29fe81b335e",845215777
"db5e320f51680100f1ec06f9",394986419
"db5ea791b33be91840a6d045",1055881058
"db6061f876f890071f7ed957",1093920779
"db7535339826028d0fb3355a",452684863
"db78a3ce9c6f6a7f4ecc6853",811365542
"db81ec58863dcc5d12839883",455865596
"db8912c5c5e5e49431b2c85c",719664483
"db924733e88c361cdfab874a",478684172
"db9798a3f9ac287754f3ae01",830576467
"db9f66f68aa772fe29e37edc",497146399
"dba1be42bef913f35a95735b",776710640
"dba6308e2358f30b7ec33f59",889576510
"dba9fa9642ebc97ccd765db6",448324468
"dbaa5d47ff63125584bf7ac0",1003414701
"dbab5ea45ae910567c97fbb0",840309545
"dbb30f9d010677de2aee1b71",951558154
"dbb4260c89524c78de7433be",506358668
"dbbe0b6f5eb07a5f9ec873a2",773221101
"dbc123f9502159d660f375ca",1136362414
"dbf200ef5f1e15211e2fc6d3",783912844
"dbffe8f46b3d9da2e57c97fc",761480087
"dc014623ed69c32abce2d0f4",555706038
"dc082fe46a714afd43b9dc19",660498002
"dc0a4632d7378c25be351760",781250789
"dc0ac888f1e87924e3994b4e",511500461
"dc0e9ce44b9932c6e48a9390",726793004
"dc1fa8fcd0ffb8872d434dbf",586451064
"dc20d46be2470d85ad9e7e45",590668649
"dc25c9240c67effcf655b02d",647278611
"dc298d37c5235e15b4cd68a3",722341602
"dc33d5ffcd2aa2b7d56d2ad3",680244422
"dc3b8d97b11cc2af4cfbcc79",896501113
"dc3cbbb2fa00043d02958219",738818462
"dc40c56571cbee9c2b7770f0",642855631
"dc420bf2dd1759b7f281cfa6",1118043432
"dc4331d09a1e36baaa6bde53",562457017
"dc486a3d7e9e2e608ab2a7b0",589055718
"dc51caa89a74da37ae644ff8",535479982
"dc537b5973d2b94acf6f23df",1180779282
"dc544c90e6ee38346a6002bd",795308654
"dc65f0bafddf39c6c4b2c9f2",552474894
"dc69d70e4d2713fcdfd93dd9",612644752
"dc722ea5c4d62773f9fb6bbc",547904854
"dc81900a751b64dedcb4ac39",667091811
"dc8262e1493ed593103acfa6",554609352
"dc8bc7cb687a3a42b7e7d5fb",1147534877
"dc8c76f5b3977f90839918b0",837537520
"dc9119767bf4f21fcccdcc69",736397701
"dc91e3fe1b190fd8cf2584c9",629646292
"dc93d8ca60d60a118f61390b",551864063
"dc99f2871bc05ea7e8a97d72",520758115
"dc9cd30b760a1280e0318512",835291886
"dca2e851b82c512f01611ade",843803592
"dca45f1c1a79ea5ebe639920",1065190405
"dcac44d3f8024c6ea1632432",479082862
"dcafab7adc7b763bb934496b",698782634
"dcc9e2c9c1151bd9f93f44b8",637774390
"dcca1c7f109175760ff531c6",559113232
"dccbc668caff517f649cadbb",900037793
"dcceb6a2073faf9f89f3431d",960621951
"dcd314dabc7d162cfc29c81d",911617795
"dcdb8d97ae65daf55570c88c",739922642
"dce05cf86b42124fc93d41da",1258832636
"dce18d258c352b7edc60c304",629942522
"dce1dd028695bfc5a47aa6a1",427843547
"dcef5b332fd31d0ed8d754f3",566843415
"dcf5b42ecb23800a458562e9",983872212
"dcf606270a4612aafc5f9f29",521258291
"dd007a202a0a3d56ebc4868c",771267748
"dd10dcc52d2549df85f2a8ec",537648186
"dd178fd542fc716e32b4136a",614212038
"dd1d2e305d37d9dde55393b0",1125494962
"dd1dacc0c90022e5b40849bf",596702102
"dd206b6ea2d7f6555109ea39",476376470
"dd21457e18f07d7a927c0104",465723551
"dd21c6799a32ce6ef27f5281",645233327
"dd2396a42097b2e8bce52a72",763399717
"dd27922be5b6f730f8b4e058",436964633
"dd34882ac55c57480663f7ec",799664676
"dd3d529f3745159d9e7746b2",986283890
"dd4e23681e00fa1cb9a679a1",482294100
"dd4eb14b56cb00130955d021",1153287848
"dd4fd04b9fd80818bd543f9d",864573258
"dd59ac4f6706a1399360bd14",806315371
"dd59b8122458557041903207",481157555
"dd5a565f854eaef90976c5fc",959628542
"dd5b4eb5d20b8b9c813ba52b",444025426
"dd5c910c2a3d63b8fa92096f",533707970
"dd610d7ece83bb02dcd7a22f",620011479
"dd625806063f76dcf53582d5",1034760382
"dd6d47e2626e2bf24f842f21",796117860
"dd7b4c374bbbcc60bb090fe8",534083703
"dd7ec9d7dfad5364dd303f49",503989585
"dd7ee555ce0b2d58dbd8a9ea",384652326
"dd8aa138623604829d56ac2c",454515070
"dd8c289ec872be3fe3352313",607873556
"dd8eff6162c32ecbc6972509",493435760
"dd926903e87d691a0f15dba3",698621449
"dd9a60c3d502ca3cc98d9b73",873121279
"dd9d63c612aaddbd86676c34",605797048
"dd9f28d722d43112651786e6",475234026
"dda4ee9f3811c29e2b261a5c",484686570
"dda7a886135a1fd8106d04b8",873245215
"ddaa88a11432ca21d3eca774",439014104
"ddaf8a1e5e6922cc3dee5caa",480257502
"ddba305c2a3ad29db24a0658",1017787520
"ddbca69ad74877086c4110e6",899791155
"ddc1c85af165e47502447242",766926015
"ddcc7f7a087aa5f4797a8a5d",581261714
"ddccad3e5a4eaf791ce3a7c9",577525837
"ddcce0b9776593e3ef3ce21b",736496570
"ddce386b0ad3199ca09aac93",814318938
"ddd55d8001b809f304883ce4",388986950
"ddd8906ea4a22b782c7888bd",825456880
"dddaba511b6a18f49b41c1af",876358743
"ddf2583bd65f02abf7ce3280",972917207
"ddf47d32045769c0596826db",1293704431
"ddf5182c482fca7d881fcba4",836044062
"ddf8733adb641e15837bd728",468993550
"ddfa979b1d7cdea1d7dd0a86",469303931
"de060e07dfb0a5494c5550a3",436297429
"de2137c70bacfd5087bc5c68",654445490
"de26819064a290ce78d8fcc1",486015955
"de28370454624724128a0688",633087922
"de28e62bd01870dfceb5d78b",470887362
"de2e3a592cda5b76c9573c5c",820693578
"de2f5db1cd1024a9734871c3",465501975
"de328410e22767c66d919423",763942166
"de32ca7785b71dbcc76a50a1",862368458
"de3b619a7c80549db6ab16af",437164457
"de3d078e5d524d8a7b65841c",848696792
"de416f239b27327e0f78b862",695116490
"de44f54fd6b1b62f30956f5c",703816628
"de53880a3299626eb6c2cdf9",1273359958
"de54862f5b7b8ff345c6b297",454144997
"de585856ff546e00a5a4672e",425550177
"de6010c57fe78d975be38c2b",521692127
"de630da5e1c9e27bfd94efcb",905305773
"de6aef9a5e47a614b75ee576",1019609107
"de754bceba2d206a9cb4f116",456292458
"de7f584df6103e8bf95f4a37",449807278
"de8ee990e70c8e5ad167dc89",593368514
"de901d3433ade456e9edcd79",611345204
"de9053a55630670ee8e59c9d",885943782
"de926223fe4296d96466c685",979867064
"de9a32ec454c2696cf75eb0d",519385287
"de9ab30042562789601833f6",465771838
"dea79d1b25bb9c78d331e3e6",731680014
"dea95d98e8bff87b905f9172",1196381450
"deb2c93acfaf6994bb3c0608",636061479
"deb844a2812586991b3022f4",639727927
"debd031585e9527fe00f116d",737102337
"debd60afab03fd1552719270",863571176
"decb25b7fdc0eb259831cc71",657978454
"ded674ba9c7b76cda404bac6",814156959
"ded79c11c30167a9d8accf77",560957224
"deda3ad684384ed67711ae71",494389120
"dedeafb60b4a39950e7a984d",400333904
"dee2e190c4e2539124ac3ee1",727641478
"deeb837c2c6bcbd01930431d",646301390
"def06f49a0b8230ab613db94",624783747
"defd03ae7d0c0a44baf80abd",612801337
"df06b65985649c7107b794a4",469933315
"df07a34d0ee2f78f115c45cb",1216926532
"df10ecb67d79e645f77a90a6",717620032
"df1c66d8dfb9520c6818a32b",651268284
"df1f513009808ebd46ec0847",591945334
"df22426db407f4c660681c7f",633626944
"df298574e35dda90fb568023",437515795
"df35908d6ae2847dfc73cf9f",1127253970
"df37b916acdce817865197ae",835522203
"df3abaff81c430b4ba85d4a3",889389851
"df3ada98307fc85428022d00",584042121
"df3eca0f59974a812b4ea9b4",1175692025
"df4400c44a166c851ff46eab",677850863
"df4a1968046eed5326119599",1116027449
"df4be33c0931aa86231b7a2e",1089523899
"df58a4244134d3493f3c9f30",900874930
"df81d07cc6e8fb0a01c0f404",725332097
"df82719238ea0e102c282c09",711592265
"df865201353bc7b915b56ac6",562407369
"df8979b26c9971dd7c3500d8",1122798617
"df89e7dea6c313b0cc262249",409228018
"df89fa06e32e90b0b6c2014e",584370279
"df91a3c7f364df5e6831f2de",519207386
"df91a494d5d244f20dab0eb0",414463247
"df93a6e36d9f19e252fa9de3",723620153
"df98fd10dd8ae59956994521",465570437
"dfa744f733abef97d82dbb32",789435899
"dfa7461510c6dbe5e119d106",544547360
"dfa988a524343181a0d3ead5",1065582858
"dfaba547699e319462abfd6d",620274599
"dfbb0ed74ed85bd186f40ccc",451493584
"dfc4f3facf91bbd93ee0fa4d",454177672
"dfc817b569fd71d2dd47e980",1090504372
"dfd84193c81ca8430fd27ad0",786421240
"dfe09a5f848e8e819c361ac9",442582593
"dfe8e2542755d41d920e28b8",407969417
"dffa1057472b06bfc0fa7a66",1219943078
"dfff73eccd591bb26453eec5",720341466
"e00e5934d1941490834c3145",953580696
"e0137390f0186c98f4e91263",984827656
"e017c3311e2fdeb50a686547",1141574385
"e01c1b69abb6a4c1c69c77d7",878049520
"e01c49250329331a442615d6",471832007
"e029511780468f4cfbd10d3e",638502646
"e029c89d59f2caf4af4bd908",731611717
"e02fa06a8de8a603e417d5ad",450861051
"e03610db09ed7315cfcd64c9",565821640
"e0432ecc0c1fb2b00b5435af",466537726
"e04473aa943812de1d662058",928037810
"e04fab3d74d14be3b8dd2c8c",489856012
"e05598d3c49f409b937ff2a1",516212286
"e056ada7a37336bbe878f38b",831976112
"e0587d29cb717f725e991ef3",782278911
"e05c52c9c8fcb792ace06b61",500399480
"e064b4dd7b4e64a3e0016f0b",941019729
"e066ee04cd3a597dac8ced59",462161441
"e07035cb49625760c7da85d1",407535559
"e07bc486c6f5541e4788f83b",877297457
"e07ca567b0678126a1aec803",639832639
"e07d8e9e38e309958288a516",897819152
"e07eb36210e90ef0419fa0d0",942556894
"e083d83369cbc93fb94842a1",893510028
"e08561df5747246d74136dc4",439231466
"e08aabb998103a941d24d0a9",424497217
"e08e1f260e5c3231c49e5a96",462147148
"e08ed8c82d05dc3cad8cd2c1",718390490
"e0ad3e9588636f454e9e484d",840418461
"e0ae474a5307ef4057da4994",377071986
"e0ae53aa3cc9e9ba7ce65f74",588244509
"e0ae8d2a51c771aef5f245e9",426899788
"e0b041a39e732783f98bde56",905023338
"e0b13f6dc213d05133252d15",1189453150
"e0d6155cb3cdac98f81d44e8",640531637
"e0d7e4dffa0f3dbc40c7da53",589236395
"e0d837e6d5d74fe91d39d23c",727890504
"e0dd5e6879d824a95c3c1773",689610299
"e0df3391aeb8d3f4b00f418b",596117186
"e0e6852c6d6393d6d3719131",1200878292
"e0eae2174807cc7ada38c726",743533847
"e0f47a028df2dbe9129cde7d",980506005
"e102f1d841d7cdb596d50624",381687798
"e104567c1cc70000692f502c",604893869
"e109ccb29c02c9b35b789c90",764451738
"e110abe74ba0ad062c9b575f",807156237
"e111bda6d24089dac82907ad",406474865
"e1132006785632e4ec5deb02",740412480
"e113c48e4e1b53adaca275f2",852177576
"e114160e3ffe6a703eb42440",514974779
"e118b149654cca1c0b3a58a2",1204060665
"e11f9a5cf9d6ab0ffddd6096",835825744
"e120c33346ead011ab7789ce",581079701
"e137b5003b8c8f18892ee9d3",539045624
"e13947242fe19bc3925919f8",494053506
"e13a1c06ccbf814945dbc768",751518666
"e13ef02a57d35f71a4fe6121",513690848
"e14328c988a27176e9fc63af",864034964
"e148c2b109eecef0175b3c5d",497685584
"e1490f0730f8fdc36993027c",614418046
"e14b31f8a454e47c383cae94",597085474
"e1558509b120809eface5b87",805979068
"e16685dae2bd3b0a4803ec9a",1023432898
"e1717a317481b0765a7a6a0d",570619585
"e18337bbdfb106a3f1739960",654787410
"e186499af986f1959f729b9b",539756635
"e18fecb7e40bbcaf26c863cb",784939317
"e192181121fe58a8bf94aecf",600343961
"e1967b56ab8ecd035bf39534",819200872
"e196b7cdeab1468d5d4e07c5",1310962265
"e1a4437b17f7bec650d8cd97",609874453
"e1aa6c46135f4d1aa1b7a1f4",653830464
"e1b64df8e809ba220c9722aa",778717129
"e1b753c283bb9c6d4e438bec",943079154
"e1b9ae3e0ce3da16f18e1079",955398789
"e1c33552eeab60683f2f89d5",911361239
"e1c7a101e5d518583f9a2a7b",1068605554
"e1cecc8f17883ba6e2723826",540671553
"e1d875468eea7b2eecbb49c7",687621289
"e1d8eacecd35515eb19f9135",1211957385
"e1e188d3f9940f9dad98488c",856893854
"e1e5b0bd721a67318a3848ed",421726657
"e1e69b5a90431b8a44265487",610989235
"e1e78f3432ea2dff6b69c6c0",460605470
"e1eb183eb261b6de96e20a56",1080769708
"e1eea7716ca6490b7640717a",703816628
"e1f5f0e96e5865370423c142",903738692
"e1fb88779e55aef2b66f2c10",665414890
"e1fdbdecc84b991f582a2e00",502092136
"e1ffd027cce28c44c0d2f80c",757003892
"e2094d28cacad3e2a711c5ca",418979853
"e216fba4bffe753a527ecd4c",682733363
"e21f2a8d9c641e45d442686a",938142235
"e224f9ffc7bd70369a5e8b68",1308135309
"e22b8126863c9ca8fb04df9f",841339567
"e22bad460ec1bc991f14bfbc",805939812
"e22ca3f1c8073e246079d57f",600607421
"e23017438478050a655f6d67",916805809
"e239ff5eaaebb287beaf76fa",911675694
"e23ae41983b9f112f05bb703",807268153
"e23d93ade25e73614d7bcd77",1337531927
"e2544529df4efb7e90afcd21",451508383
"e26dcf5836f5bb53553cc413",654383727
"e26eafffe4ca3c22b7f4a272",710527026
"e28474959994ea9c0c2eeac6",891423420
"e286b12e5aa7929334322842",703512408
"e28d8dac5c1c75d295a9eb3f",428908407
"e299f614cd8ae525fc8fd0e6",1110365338
"e29d9a401a246c00f5eb2413",647516590
"e2b7f984616fff25e3dd6a3f",941104674
"e2b8d1aba0c583984aab25bd",848750349
"e2bbe9221780d01a265e2ef4",825595736
"e2c3acee51cdd03b1f211278",705991383
"e2cdca1756b1635dd1ac2b2c",906411363
"e2d00e4fd93a02ea81895355",714999755
"e2d88f49873bbcc5476f4ff5",517358629
"e2da7c1bb33be76b86b9a07a",495278331
"e2dad5c148ecc797018439b3",890076910
"e2dcb036931bf4b2aa030036",870333269
"e2e2218086e6ef5377c01b68",744157217
"e2e4641b20d81a90033a536a",524287507
"e2e639b53456889ab5350ba0",439394122
"e2e7b03feffb21bad63eca2d",801833546
"e2ecbfaacf11ed16fd71abcd",609931443
"e2f00293305c464b361b6178",439842794
"e2fed68e0b614e65c05200b7",736251317
"e3034ebf243b024cbef83cc9",489842656
"e3077f6e47d130106e7165c9",703644309
"e3197263bf47b3d37f027e11",852323893
"e31a209077a3e47712588730",826129447
"e3202b635974f7a3367c0ff9",1061476863
"e3295e732bcf306a2d338387",601388025
"e3338ac993873aca45755dc8",548278078
"e335b8464a61ea0781f7928d",1135450126
"e336d9d892441c7ad886a98d",569083185
"e34517b1563d829104e230b4",413688007
"e35579e8b9b24dcccf93abba",551992329
"e35d8f589e6b1909f5e4132b",1086487814
"e35f95823a486c52b0f4c2b6",500072098
"e364018f4d994cd15d4af374",909719734
"e3676f99542f27c9037fca29",793578605
"e369c63f83c44329ddad488d",645398590
"e36d70d72c2758d7fef242df",698182150
"e380184391898aaa2d3dc540",655914203
"e382002b0685aabb01891743",613470611
"e38259adbfd953bf085a69b6",539165578
"e3896296cb80d50d9ad3f903",864247588
"e38b4072ff8b856487864f31",1072558165
"e3903705d5a48c6d9f828ab9",647939672
"e3950ce025371da2b4ad9db6",968394948
"e3a62f080c25f404ca995e06",779343077
"e3b7dc4e8990f3cd436bf738",632808878
"e3bd8bd5884a55fc1a151687",729566352
"e3cd7b6dc0495d5109086407",947277058
"e3d6fe5d97bf4fe851aee9d3",929184890
"e3dc8b417819e9afe3fc7d0d",462610310
"e3e2e3080cc309d34014e8fd",590415240
"e3e7ffecb903d2daccbf8a53",584205439
"e3e9d1d073b129c697c1e9e9",565573886
"e3ec7a8fba3e1ea07a135dfc",472535090
"e3f39c6e4a41fbdc4bc30e0f",680064343
"e3ff13537ffb7172336ab5c0",1093920779
"e40742774df7d2b614f32de6",391442887
"e4082fa99f92fc7a89092fff",1019784973
"e40f616637f6187024b34086",818121085
"e40fe4ac43cabe82c03dda59",517184357
"e42fc32db529e088f15cec8b",997485626
"e43151473292e4e98f121f63",477330098
"e439c77c0d871996bf06bf88",799151533
"e4434407771070783b97c014",530431281
"e44b023e39910ed29f4dde2d",612555008
"e45293f1e6ceb2fe79f6e0d5",621688756
"e4559824c3390efd6282960a",693724320
"e45ba581daff88707ad842a9",602628207
"e471b2ef30c388893119a010",1092083840
"e47aa2541fb576b9915fd625",558798581
"e491adef93281c097ab08dea",442985240
"e4a021b625f4ffbed391c6e7",799894662
"e4a70600296b0bde6c28fb19",772498529
"e4a9626b1107b9397d0067aa",649584500
"e4aa393309860fd5e30f49d9",1289685740
"e4b85269ca413066323f66e0",1003484325
"e4d6b81f169cab8ea0244d75",463164530
"e4d89c9d33a0f2659df21185",568267359
"e4e529e778dbc89f854252f1",804246283
"e4ee1a81aa121aa5f55e20f3",972445464
"e4f26a73bad4e41c375dd897",1185444350
"e4f2ec7e2f4389c1efa52c0f",606733001
"e4f2fecf58a038d7b18f7160",1213280747
"e4f3e425e9f6e393999d7a08",527924903
"e5092b4a94f1c231a0c47680",1062697862
"e5099db945e4f04aa3f0bfeb",840681516
"e5168779de76d99010e37c7c",906105779
"e51873d6421addab3b539dd4",471104358
"e538d52c9b2dc994491be3db",385331750
"e53bc68f0e97ccead24f3e56",484596210
"e54567ced41a40938b85485b",820305079
"e548ef7a5650696c0e968cf3",877144358
"e54a8b735724b2af56c7a36e",449029288
"e54c7ea1f012656f7fafa49c",538984555
"e5527bb25c85988e00da339d",1270293366
"e55634fce84f78466095e730",597113478
"e567e9e5862b13f0085505d4",471632866
"e570a5157e02d440a78ca008",656968139
"e570c5f58a20fda42bfb535b",537323438
"e57ad52764215c3d54740ac5",649483592
"e58b92216ee6438a921ee0d4",722931241
"e58ba64bfa5280630bfcfa97",594140146
"e59afca092e0ddaf60c9419c",780206554
"e5a40a555d11d4429b9675c3",778396006
"e5b2a446c12222efc187e02e",619898758
"e5b92a0c67c506ca6e92315a",447380511
"e5bc85e227ed7dabfccbd005",438343470
"e5c8f2d536c3f931eff2d70c",839152843
"e5cd7a2aed48057b0dc8d970",542389565
"e5cfd99e2308b7b73581dbdc",453042378
"e5d445e39104d9ee6b244822",892055859
"e5d6be06fd53d317c8e5c7c0",593230939
"e5d9afdaf318dbe749bf9950",444697441
"e5da0e3919341762d5beed25",532876062
"e5dba7fa0cfb81488b0c331e",628818050
"e5de98822287c2caf8b209da",793242196
"e5e06913ec3c851340d7c91a",620326966
"e5ef29d41082025c42f7c921",712386287
"e5fd3cdc6a19653275c7f4a8",479005979
"e60024d6e0b5aa52e27a3b5a",455214606
"e6016afcc032d20fc9d6f2be",789016654
"e60850405ccec092b8fb5d02",603046617
"e611a37562f88ebe07bb28d3",449543020
"e611d41aaf38a58acaa0bf23",812581287
"e6144e15d5cafcfe87c07c9a",497475869
"e61476e47d7e7be706d23fee",651038002
"e61e5d3288f02b904d3b1e38",947867241
"e6387696767d20cfa4918ca9",774833243
"e6396355c1249c6290906b78",1018067256
"e63d334d9ae8b672dc7b7d5c",1218756192
"e63f468e1d9f86530d47ba4c",375078573
"e640424f3b7d1db403c36ba0",740197243
"e6424086fe1cf2a2931f4847",685448124
"e6477c2014ad081d22f12b9d",566594809
"e6482f3b6184515453d16bf2",917029837
"e65a4eec62e2a5bbfaad5565",760170574
"e663064dd77e3c63ab9222af",1023783821
"e6653cc1c94306d4e56ba216",689198982
"e667133c29f90c8fbf30ede7",479306210
"e66b2c71519ef8756db69b97",576721126
"e6717956eeaadb3e95840256",948497595
"e674ba41f9657ac8f30d4f7c",767538969
"e67fa931031bed13c711ad00",464595836
"e6807209b634455bad257998",506671688
"e685650979374c571dea2ec1",466478900
"e68b18b57fbc5fd6cbb477e1",824771172
"e68ceeb098f60054c19fda0e",947826314
"e68f5a98070efada9b5538ee",463000531
"e6a5007ffb7c1321d4fc21a8",598029062
"e6a547b2c0d126c9b6800515",1032082892
"e6a7e6b41e6c6bbdc16e1e14",687621289
"e6a9d5c9a82ba73e76817a81",649828640
"e6ac4d158437142c15bbd4d9",802749631
"e6bc998ad1d87c5be3559ab1",685448124
"e6bda9370c80a5f7e5cb6b07",732487348
"e6c6625db90e519f9dcf1b23",520753115
"e6d2e862f58445084b2980bb",1257793593
"e6e3bcae6ba114caf108049f",550893474
"e6eb47d050702ed49ef5c49f",1016916414
"e6ed64435c659f236cf213a8",557531948
"e6ef433629e193042bd30f4d",962498927
"e6eff72b7c5b0fc2677af2ad",547546917
"e6f2c7d7317fd433e26878e4",1231804971
"e6f312a0877af26b69855a3d",1196999411
"e6f3eee9f5048005f24f0943",770541967
"e6f5ae869a5b7a30e8f0fd0d",916067683
"e6f9288cdadc5851d29fabff",1225717390
"e6f948282e81570fd03e4df2",916323625
"e6fd53315e92a55c6b67405f",427689386
"e7081fb59ffa298320321633",851217114
"e71c6f7437c633e2d9da643e",571776321
"e724a1db86d8d0c6334041b6",539556303
"e72ff7414cceec6b162df345",620670823
"e73e5e75cb18f52dd7239361",782848820
"e7439820086f8d1cb13d7c9b",579870351
"e74a31e6edd4459d4e215c5a",597849560
"e74d815ad652f7046ba33295",799670927
"e75699a7693c678786ced75c",548738714
"e75a05dc0018f29517948ea1",379803150
"e75d4ce522cf587cd66adae4",600518249
"e77da26aa7ecdab5505fab60",1018631650
"e781547cf6f8cb4ec0742b5c",842126185
"e7834f52ebad3d3cd00d069b",598850028
"e789e801fb5d4501b5d64e2d",876358743
"e78a4111d943044a9a32ed80",805308385
"e78ad3483c5aa5a7a4310720",518770517
"e78ef4d2b165a8e8781c258d",556423334
"e790b21630ab963a65c53df0",584660182
"e7a2e8e1c22a52f78ffd1b19",1117633610
"e7a85e64ee07971696f555f2",793147403
"e7ae63f81f8fad37bb9c1b32",812888506
"e7b3ec90b47c9e6009ca8a75",859330327
"e7b717278f7c95cbfceba80b",642085676
"e7b721ed96269bb195906bae",374601809
"e7bb12e99318573a6e6ce1cf",603179272
"e7c08555cb8f5c7d0f32fdda",498092264
"e7c92ef9784a92c8b7fca693",929030320
"e7cb4cf600b9d931eb295c71",464963198
"e7cf67cbc08fa04be9f0a3d4",504957261
"e7d1ee027da436cbaa122f48",1062697862
"e7dc05756684b070b36d681f",820370492
"e7def7d0999433ad6d3ea412",956997129
"e7ef0d61e27de15f10b0d643",915119908
"e7fbff0a25cde72a38e7c7bb",893220027
"e7fc4e6b1fdb38ffe68fb680",612206099
"e803e3806630c6579f004610",885483816
"e80ba06329760362c7685ca5",501407825
"e81c5c1b820636f691e5c5cc",824785960
"e82508e88e3f62fc8e67dc16",762757721
"e828e83be8651bc2e07641e2",524181263
"e83119808dd08ca090f5ed85",907233975
"e83ef75473fefbf8d7e52302",422581690
"e840095310907e82a159d683",778831706
"e84605e3aadd50b064c8eac3",1253691326
"e84888d2f22e14a5016ac789",533767478
"e8491a7994738d098a7aede1",1066446586
"e84da6ce78339d50a72cd87d",383472760
"e852246b7661d30dd2e1f0ab",433103001
"e8544410d811163a13c6a326",467804549
"e857db57a89e165eade00770",463378047
"e8603da6012c2116a70176b7",1023031992
"e86b99e5dac8ed0d8296e950",458818985
"e876c6fd9c161861fb92ad5a",1241791823
"e87779bf2f8af86fc4ae9583",456945734
"e88009be52bf5803ba3665d3",651782896
"e8872302ba40e4ea413689da",440938227
"e8948741a987cbb3759b7a44",977257447
"e89774d061d50c83b409a071",373623288
"e89cf4cc82c5283f3db6f5f6",473636814
"e89fbcbd4d3414e30c30fc29",974945741
"e8a3d9d6134ae8d631791e52",1262192807
"e8a7ddb4e5d43d156692326c",1021463657
"e8abf103cbe9fecbdd758516",989062063
"e8b8d0c4cb87efc13344bcd2",1035286524
"e8bdc4a088a6b99a538a6f0a",399966753
"e8bf121ec117e383c843bc51",985025458
"e8c79fd41b001fb1da0d4fe1",756815911
"e8c9070ca596f88bc2e0868a",852456735
"e8caed8cd754b0e3d43e6954",1009802895
"e8cf39cada5b7755f60306d1",647517140
"e8d2cdda77c1d885e21c7bbc",1308348830
"e8d83f7dcb876d5d05ae3e98",730339410
"e8df85384a1f51c31015ba08",773776828
"e8e215437d023387c4a55515",663330721
"e8e97b7919856f9cbb9ad02f",836787553
"e8fc9a1fd4b39f946b914398",613964501
"e9081115ab418ef1031326c3",575675591
"e91425bd357561183b935d27",643077100
"e91598736dbb7319952f0dfc",780653049
"e9182661e36239f091259232",385134925
"e91a3f962129068a3a76d209",945409209
"e9205b722e624eba0fd36145",1210534800
"e93a9b257ecd815c860d0b82",771424879
"e93abbb49b24717d3a0767e8",754582468
"e93dbc804920c0bf7bcf8cb3",472071428
"e95653d504208e8da19fdd03",1087585860
"e958bd2b19db118c31f893cd",441092614
"e96a7f5424558193663ef6f4",831396245
"e9772a54bc6638c723dcebdc",576926700
"e97c998a6a0709605432ccb1",410338886
"e97d03ef9638c8e1d270ed2a",446004822
"e9804af0513b2f68daf182b3",470505499
"e981d4fb3a33f372ac26901d",1248777198
"e9830411c3092327f4e66a99",595456644
"e9860f6b4c3e6699e62f6c31",479305149
"e98bb3a89bcec8650e33e730",570426625
"e98cb170e4383546988c6829",533707970
"e99d9dcb9880cbfd219b4297",1165634783
"e9a0dff7ae48bd3fa2ecfcfc",687774782
"e9a37a1a4150461126dbb6e9",611345204
"e9a427f23e80fa59d9d517c0",418979853
"e9ab6916a79b4d5182d33bf5",1079078132
"e9b054016b281140d2566d88",885176728
"e9bbc31499ca187c6a492175",705999885
"e9be8cd37abed8ab510ba1f5",987109661
"e9c905ff64c7e2f8c21b0a9c",377521706
"e9d514f90ebff0de1936d09c",807977756
"e9da7f2549d914aab6a30e10",465961842
"e9e39766e2c96bc783d580a9",1273359958
"e9e6e054c1d09a22b7efa20a",770540018
"e9f3f41366d5d784c2928937",685147286
"e9f44786cf982100af0984e4",1072085368
"e9fac47a0f02f27abc96d568",1157498922
"ea0ca17e989ec57a480aa464",1061476863
"ea16314310144a10c81da9c7",454413622
"ea21ddfa37d60737492509cf",739278156
"ea230d5eccd2b687888173bb",899502898
"ea28f68a1d1d81d29b88531d",828127337
"ea2e380226005bb55c724ce1",1127853569
"ea2efa1a857332559120b823",586666309
"ea34dfefac91681864c2bfe1",961133370
"ea359d571ad0c986f826d31e",970405716
"ea37ad89fbe4159940586718",416894278
"ea47ad6335e74dea06228b16",619595707
"ea4a797b3d73d1b2cba9d651",908246884
"ea4add08aa912717cd42f9f7",1160967973
"ea4af07bef4ed93e81ded95c",994995268
"ea63bca8e3a77fe88d88fafc",505236522
"ea6e83dbade169818975e5b3",589120164
"ea7c9e327eab66ca286f6726",602918919
"ea7d5c601c3f8c86ca8f15e1",574925997
"ea7e3ba584cc5ee45ff8ba7b",833609273
"ea84b58f733c8e491db98a52",1033706380
"ea87e3259c2b0d6263d39a2f",498653256
"ea8cc21bf7d48979bcae1458",790152947
"ea8d704272b2cd066a7e7867",1091145050
"ea91281d5eaf6b8f436d47f6",1218756192
"ea935b76abe664d5e2c4736f",548932806
"ea9d6dc517c77ff8bffd596b",1151427121
"eaa4893a313d85fcf38dbb6b",706410104
"eaa6d58e226904e9993b3493",552750042
"eab4ae491bbbe7b8ab107229",693370123
"eabdd1bad2bc4351ba4a2635",915119908
"eac458ffc1da75fa1a4ab384",541904077
"eac7136b26bccb3c5d2b6202",818163564
"eac89e705cfd337a99417320",474699095
"eae4243c274735d616c6b9bb",982356733
"eae4a1cce7c039c644f01c6a",903690833
"eae52c81f779a61f57cb5b58",1084560431
"eae5eecfa2fe828afbc94b0a",447380511
"eaf0f2b00b6994a9ba8c5ed0",412757628
"eaf53eeb911ecbae638409e5",443296914
"eaf87358d89af17c3e004c21",746133368
"eb055771816b45213df3ff3b",454142672
"eb09010915ee68091d6675d4",567807337
"eb0c6a8231b38b2a1e1f789a",792343025
"eb0f3b14782c9a484408c606",899800681
"eb14a5813f860bb74740da2b",437885292
"eb1b9e15dcb88964f79e6a4a",519870760
"eb24e0a0ebfbe16eba466280",899316085
"eb270972f0f69f1671a0a740",930086957
"eb2880c2433c4b2500fd40ef",477694854
"eb2bbf82cb615e3227305b55",489527361
"eb2c7a973d4d6ce8e6ae87a0",1189289169
"eb3356f3856526dc140be7f4",586576699
"eb339d562b72b3bf51073cc1",447380511
"eb40a304997a6e66c550b704",998497431
"eb4e1b72abce1d184dd4d5e4",573836580
"eb55b0778607da932c3b311f",829050833
"eb5e382e1372c4e94f467673",679030108
"eb61a13df1c8d8d0efc4db3a",447676776
"eb64fd330053a41ce5be4a7e",471919918
"eb6e6060b78676d13d6bda48",642501329
"eb7173223a27076d16b87f33",589209748
"eb77734d12df7528af57c674",469386946
"eb8021804e63016fd934c9b2",728786063
"eb85bf9ab77f59615960fbe0",877724926
"eb86c1da60250e5559fc3cfe",585781994
"eb8956f0c4a885619bf1ff79",1175584221
"eb89d0b7914010148e6bb597",720461752
"eb8cc67810d95d1b102410b7",987109661
"eb8f668912b70fd554c8c723",529863301
"eb90d9e9eb53b44b07ef9613",898898929
"eb963f082209fc077aa72bc9",922712546
"eb9a59d4e85a3f124e866f47",854743091
"eb9ab213defc2de5d878653f",546457479
"eba0410242fa1e8dea90b194",827152868
"eba3cb8156e0115bd7dfb525",1056727997
"eba6a2b80a17a846ae560ece",409920871
"eba756e88209c420d288c4be",596907438
"eba86391ca00fb217ed1f774",726662698
"ebab054e5f256bf4e382002a",1062697862
"ebacf31727972e81d0a0d904",484686570
"ebacfa0a8e569ab603cccd11",398289557
"ebbc5fdad817b304af3585c4",441673828
"ebc3a6574ebc530ef715ea7e",1075910933
"ebc96ea800887a647422b8fe",835353969
"ebcab2f8506c64a461591d1c",543645356
"ebe09efa32acf6d680341840",733495727
"ebe1b5c9471f3441a388f7ac",597344177
"ebe33bde2abbecd6d1fb0cfc",680535356
"ebf2d540aff82f1aadf95f9b",557637350
"ebf4bda17341de806444ba83",609536209
"ec03a01c961659f2cfd9c973",705895783
"ec0c283eeb8db461c20af1d6",674238953
"ec0eb8d68807f52b681f138e",967231084
"ec1171cac1eee089be6f427d",441264657
"ec13a869c212c39b6ba21b57",751324354
"ec15e2a131d9724b012d68ea",756815911
"ec199e33b7557dd669fe1aa4",387011302
"ec232a7ee3aeac713516614b",825728105
"ec27554aa1c62314f4d46fc8",488668521
"ec2f16aabd36fd9ee2203276",1394943371
"ec3f1679451b9c0037f89386",1173401302
"ec401de1c0ab2dbc149da048",649898996
"ec4226205a38a45d97f35828",686372253
"ec422df56b811a0aa42d8bbc",502793444
"ec43b2789c9cc266a8e0d1f6",440816130
"ec4df02b32d90c019125d108",1082640458
"ec4f7794cb756b995d5d207f",812743557
"ec5866fcdb9afffad2d7f5c6",929642676
"ec674ba8cd16c2264d270901",809151644
"ec6ffe86e9ece6fc03556ea5",438203533
"ec824ecd0319e05d1ca6a9c7",491790866
"ec8b305ddc2bc211a8a05d0c",542834655
"ec903c33a379d8d2cc04ab36",1069307608
"eca500b92ff96f10ccd45e54",694838509
"ecaa5e38ff6cddc14942eb7a",648998078
"ecabfcb8ce9bb47ec3089c7e",609874453
"ecc3362a649cf08afef96fc0",469834479
"ecc36a3a4610829ee3f88993",546396897
"ecc4d05489c5ffc8164d5469",389261408
"ecc5e3781d5e004ceef8cf76",595986197
"ecd0b4bfd66fe04c278dd4ae",543631825
"ecd1e3003c5d74a3c7cbdb11",606823029
"ecda0d714f52da919223a520",667794788
"ecdb747ee4a3ebf958252309",836103905
"ece0394e38b152e6c1571324",910978544
"ece6f8c652d4227370ef0fcf",1069646044
"ecf47573fe1ff641f6914d0a",1144670962
"ecf4e968c925cf8322f8a0bd",414463247
"ecf5c9bd618e3976ceb5697f",1202694743
"ecfe155a407ad2c2f74522e8",778316404
"ed0051ae106fd0df60a14586",874540567
"ed09fe201c9ab02a91779dcd",651767158
"ed1c8ac25a3db5120c92525f",496687563
"ed1f81648083d4d2726710ac",457871594
"ed2c02ddcf0e54789d9d2675",983003234
"ed3275b560f020baeb9ce3c0",574557871
"ed40f198ace8a4405cce7a1a",627794274
"ed43b0ac46067bf886457c01",847173521
"ed44705c17c414af8442b6ae",670671852
"ed48916725be6970cd2f273a",457691835
"ed5192bd8038c77ed2e46f0c",564721373
"ed5559fbfaba86299e87ed89",773260648
"ed5622c308bfd10602e939ca",850561977
"ed5c3d2952d2575b1bb757ee",746248923
"ed5dfe95f82f4c087af07045",547912242
"ed68664efdb7377c33f4010d",870089606
"ed6c8c45bc8c1d160cf0d0eb",1020575967
"ed70b749e030cc8715c0eba5",798365766
"ed75d1c40109eeb51fd636f1",996167611
"ed764bed1d05cb1e9a4e67f8",869187577
"ed7f61ea4c9095bd4aca258a",558556649
"ed80ba018de35d5d76d50db4",1177561945
"ed88c773fa9ae8bb29645fbf",788502726
"ed8eacb8746dbcc3c2ef3aa9",726045404
"ed9703ed896c6118a3458e78",409861596
"ed9976e922a774cafb601f5e",454959984
"ed9c4f4e06183b15b877f077",495518148
"edb259013ceb62ad9b23eee3",1047622608
"edbafba81b92efa9b1400987",1135610492
"edbb5db63dbd0452c51047a0",575781506
"edbb6dd10f8c9e7596368225",767371156
"edbeef6a08dd17a941634d49",855050683
"edc204c3e18368e0a9eab593",1139685492
"edc3879a1102740f2f96227a",1001547650
"edc43e57b2905405a13f8f3f",429029961
"edca31377b4f7299f8b45187",1124404150
"edd0b57b90629fb00d036e34",759737255
"edd1c4fdbef4e6beafbd39b8",468547256
"edd2afd07fa1305fc3126078",404026073
"edd342f84fc90478e344ea1f",635321353
"edd4d560363f7575aee42d39",937649384
"edd9a278b86b1c56e237a0f3",547546917
"ede08c77d6090e0900654eff",1170197888
"ede10672118071a215ae09fc",999955141
"ede43dcb1715b959ba34a37d",592087161
"ede7995bc4e7e672fda4fa5a",1151197754
"ededebb1a544fb3246d3e131",545293034
"edf4e11d1f1aa6f8080c3156",1174976075
"edf8c961862a4ff8e1e44f1a",701112944
"ee042a4b4a0bf9a1dcdf1eab",624783747
"ee102e9d0791ee82ee4da2e8",735004500
"ee13d186a24af238d06e0c2b",802087476
"ee18825bcf4065d29287b54e",1165165519
"ee27eba49457286b5ab76172",797216333
"ee2c509989c7155bb472c5b0",656613173
"ee2d16316e6f4f2388494c7f",607529013
"ee30ab004ac5270daf59758e",708090066
"ee3b5d47d05a80c07751f7a1",1159909149
"ee3c0c7fe3fe73ad0449870c",1311184717
"ee4377ff95580b93e80ae08c",1030783217
"ee4dea05e93581750d613c59",606850070
"ee4fc6a146e888e993a4412a",669395378
"ee594b6bb0751dab39055b3e",664390445
"ee5fa0932e098cba28d950b1",853875694
"ee667413d1cc49427ad448f9",800838001
"ee6a288e644183bb191a6526",406474865
"ee70354146295365bf241d9c",558798581
"ee703dca75c4dfd5d035c9a1",526395659
"ee786b818284cb382c755e9d",900213179
"ee796b35e39c7beb6aee2b49",875133770
"ee7f7d547af56773a4b0afaa",806616894
"ee8103b958673c589b9cb27b",1140691987
"ee85a12b8f764bc15164dc7a",609638327
"ee8651631861c1b94283a953",1121503734
"ee8bad3fdc93f7fb79c9cbd8",938319397
"ee9171c496fa78b1461acf88",810566205
"ee96d947484aaace40f9b77f",1058883508
"ee98e745afca6de4550fe570",661236163
"ee9e5adab1455d38edfcaa6e",909814004
"ee9e7dcede0ffc20442b4407",859024701
"eea6a2137473c3ba6708b576",388168683
"eeb6fa8f820ec63aa0aaa303",962657687
"eebc02ff14b6d270746ca055",749404312
"eec4d59429b1d1bb75b4d686",620765715
"eec51f949083f39691e37e15",870072326
"eeca3f5c399785a1cf15b1c6",744944139
"eecc82010ce9803ebea6dc75",467447880
"eed12d0c3e65e9989fc4f4bd",598197653
"eee841bc785b1824b6419a73",610028207
"eef1d35ffd08dd161a36a2d1",1089497362
"ef0e5b23069a9fe377b77ccf",866457024
"ef26c0f1cd9e3203ad16558f",739132738
"ef2ae24039bf2cff1caa4340",573998161
"ef2b9c11f884cc5f31c26f60",814588181
"ef34f331871e8ca6573981e1",591259569
"ef3887783a12f591198d6c27",811725044
"ef450748c440c4958e5db54d",829050833
"ef53741b01120666a08db213",1041067608
"ef61986cca74fe8585b1b287",475261863
"ef64565957b5278185b2429e",627953080
"ef64a8989a6444cc529dd1cb",714727400
"ef6ac2a5102d7be910a3e4c8",389240941
"ef72df5586ad0cbe59e36e07",929681207
"ef73428a38c201019267afb1",517123782
"ef7ba10407cd74590ea3fff3",798865462
"ef8430c4d15e5887b8103bc3",988462776
"ef92f63b46f27ccd2151a21c",566684891
"ef961c130fa3b9015b103154",1040046969
"ef9cf29f71434be184a4ebd9",521976786
"efa0c01632d13ab59f629ab1",563418622
"efa36c7738fc14a11cc352eb",483581498
"efb0b413b3f661b23d674b3d",1151980855
"efc5412fb02ba9d8f604e493",604942971
"efc7e89ddf3de559154d8e0c",1046977620
"efc8ccaeb09a5e1bb0bfe011",600731647
"efc9ae02fd6c3f18db866cac",866648295
"efcc8d268982e95fe2fdb311",1262192807
"efd178c4aaf3fc9d05b8dbdb",524770378
"efd9d848677015f13688453b",465948529
"efddad1eec775ce61d3b7b64",860277123
"efde559422ec1dcc55abc686",795600480
"efebd19fc5a2ab30f2ccedcf",606139293
"efede59a47d17737f90f4bcb",903187186
"eff8b3fe996b6d7db10b0263",587830819
"effc32659ff9bf30faffb3db",702356322
"effe4219e6cb56e5ab70ff6b",803877662
"f002603a6990ec405d82cc47",1223194983
"f003a46a1c8e04da0052d72f",468289319
"f00b8eac1812a500d7a732ff",997248325
"f016623361c6ccc5163e79d5",1241791823
"f016ba59a64f287099fc4af4",568259549
"f019dfbfa7fbbddec988fb25",1043441961
"f01fa45466e2730f935a4128",687072299
"f020fef57e9069e4dea2d71f",1175643547
"f02865ea64b156bf4cf4cfa4",1311464668
"f02f6c5b97b8e3cc5d5a74dd",830210257
"f033750cb9db15e886b156ce",917229589
"f03400cc18e12903b3ffbe5a",812750942
"f03f97ca55e9a43928c18237",587559805
"f040a167241599987e7b0967",429013677
"f04b574dc221473cfd616e22",569326096
"f04d3ee8b175c8f2f30f4f39",1198604943
"f04eb16931448e87aec205fd",591805848
"f053d3918234bad409410755",627050768
"f055602beb49dd6040641c9a",506040763
"f059e39d22124eb9e7e8e20c",797496350
"f05aee3e433cb036653b4375",912537318
"f05b3779581ac0015f29571f",822419104
"f07126d58455b20f547c4380",620354524
"f08001f2590d7b734467c58b",496308649
"f083a8f187e2227696695ee1",680277144
"f084bfc530f4039f6631537b",798880925
"f0862f57dd6be5e7659c65ba",571013941
"f08a5c2992cfee4c0910f68c",871859569
"f09bb33b65b5ebb8fffc3a21",1174597550
"f0a8fb06fcdf8997bcdcb03d",643278375
"f0aa18bf86a36daeb59946e8",931562863
"f0ad965090221d2349e90d5c",1087585860
"f0ae62ce6eebc4d07415c48d",844907047
"f0b2a0602bb5a83f0827ac75",865242214
"f0c7ecd3b2261873d3664748",816625043
"f0cb484eb3f6e04b5b1806ab",635479633
"f0ce47907c3c30b6b5e990b1",763836458
"f0e68102ff84f49d90fe38f4",433313285
"f0e8b39d2e4644dade9d8954",891631406
"f0ebddf2bd5aac661e4945ce",661689207
"f0ec99c13c61e89310ca9b8a",586335249
"f0efda3f7fb18af1b44d6aa5",988281270
"f0f883c45e8470e74280e8ca",865981265
"f0f8e755058d48542b9cc4e3",793544173
"f0f9bedbcb57383511805d17",641575608
"f0fb8232343d235741a20586",1101874688
"f10e210fc04e3fb073568323",649596336
"f11137d27a5d7fa57f94e97f",894380815
"f11d7627e2f18c9a75595501",959847829
"f123231ff18912a3dfd7cae7",442175839
"f126c4b36c00d0ca11c21a2d",593368514
"f1319a9332946bd68db250c2",479782686
"f13d8f4b2e3114d71e5ed941",797917027
"f13f72c1cb469db92b25c2fb",1210075923
"f14b11d270282b317d9cbadc",674733495
"f1582fc47e7b8c0eb0cc9949",730242014
"f15ae83fbc4e4ee3f646b4c9",608188596
"f15c6403c6d4e3676a607780",477033356
"f15f48d4cf4f85a3cd68dfa3",524614168
"f164514211012e3a1686b148",542051137
"f1793973b462cdbffb1ad648",804666761
"f17c8b14e56a76ea84a45fd6",1247437538
"f181f74e96a93820a23bc0a0",520733111
"f183e3651c485e0001e64880",740508718
"f1a4afc2e543ce4260f1d781",1133803434
"f1a5856ba56e7b12cbb9459b",402601102
"f1a7fa5dc1996591ff97a34e",690565989
"f1a8f09837660445961375c1",1217955544
"f1a924badef699637ea8fcc2",576404220
"f1b30c4ea99f19a81d12f73b",1273359958
"f1b7ae24195b4414e6d6a001",944648567
"f1bc08407f40396c094e0499",1036630833
"f1c8da86597a427e24dcd557",916323625
"f1cb3c0b97ae1c6819fb86e0",1216103735
"f1d76d78f9266d9552bb86f2",591307064
"f1da5388b772159ec90c3210",1230553771
"f1e38e53ddb8a9d5b641d934",912942484
"f1e7a0c7804083963b5b6de6",445057739
"f1e9676bc91a76740f4e9b0e",810175056
"f1ef14babbc4123c5157eb9e",816379517
"f203b18854b75c4564d7a17d",879698666
"f20a7f264a8285a75dacdc1d",1040388171
"f21625fb82740d6f4cf1c325",463764099
"f21d2c0802e3858d493c1984",1107762809
"f221dd5d745def063eeb7258",707210507
"f22ae3d17c92427f5227cbf7",426277762
"f22d6cc8c9611a7c23fa8969",841428003
"f2387712fa17435f56d7b102",451831524
"f239b7fe0de40d208c01c45d",799863417
"f23b32fa4894b6d59f73c151",920349590
"f2409d037bc8b3e63ca69fd7",708639569
"f258fdece395f0c4f4da6a96",678699576
"f25b2ce0d988bf5490fd780a",438876353
"f25f5df33f25576f805a95b5",920495009
"f26c2bb4d5787541e9c36463",1055375845
"f26c43f2304c8c694c818a9b",564999550
"f270dfd9ef449a02b6d7ae2e",634236709
"f27397321c007765244e56e3",918053452
"f28514aa4d6ffa36104411c7",648147211
"f2a4f5010f3da37e27505ece",586411948
"f2b67c40a560af8729bc6072",577201217
"f2ba4a7a0765c3ce737b5c81",820888439
"f2ba7982bed03cac394ef87a",612359794
"f2bfe55b6188070fc5c3f59e",1108550685
"f2c86c1edac4eec6c01ec11d",535136491
"f2c87b07466aad7328b7e0b0",931530052
"f2d4c1faeb7694370bc65ec2",513044960
"f2e0163fa07f89820739dfcf",1009883807
"f2ec3a3598c99bb8c38cd680",417556743
"f2eca7e3226f625807f7d6be",1293704431
"f2f43244cda8e2f5219f3db8",530557386
"f2f4e6cbafe527b155707f01",1047622608
"f2fa898e1bcccbdb92dd91e9",821733188
"f2fce80439462bb9231d7fba",466850763
"f304bc9e9edfc24eeeb720d5",916419984
"f309733881a4f89d9c8a8958",819254315
"f3270f2ccbcccf3046346809",922582815
"f3293c4064d71f9322ca97b2",975714906
"f32a3b542efba398907ec912",541488680
"f32a7d08d176bf9177dbcab1",615514057
"f32ea78bc5ea15d700d3c118",841292650
"f336d60e41c8bfee91d58728",486351878
"f340405bd7f2c4bf524c50d9",596944592
"f3478cf008a7ad268a434ba3",625807196
"f34a38cdec7eb598e55fa41e",732261389
"f34ff57e272cd08056e6a243",743593688
"f3523e0626df8cea803ead0f",437515795
"f35538e95b4a567f9b834034",873048987
"f359afc7bb50cf6a61ac63d6",450548515
"f35f884365b1bf6fb303d7b5",423581264
"f36031f3a3f77a3fcad337aa",661272841
"f361109d06f6609c16724b39",548932806
"f36a379e0149d4800e793001",656738839
"f36bb15462fb29f80b127458",1047622608
"f37c9693e058492ec3715de9",644420934
"f37d31c512866b575780c4b7",1062995785
"f388112376e68ccb2290074b",879698666
"f3962b552d34eb8bf38b4763",1075521572
"f3986309e4fc4cde2b5feed9",1079454617
"f3a1bbe01d265470a2d7332a",436458607
"f3a6132006d54d0e22a17e84",874072318
"f3bb60434cb36fcdfe218478",470175277
"f3bf0be37be6292ba0a8736b",951537543
"f3c8cf1fbbd6cced1fba0930",571099761
"f3d82ce1c6fac06e4997f7ba",505977334
"f3d94d0616744b87ff139533",487243483
"f3dbdb2b69017cfa026ee18b",815163681
"f3dd24a17ea51b7a2b0f037e",627064826
"f3dea3d678d959aaf6b2849f",1300973077
"f3e2fddf1dbb400788a5517d",852668895
"f4022026c279a9b77a894ee2",661473188
"f403b20cb52d4ad3f9469ee7",596607560
"f404deec9ec16a8460397815",613240586
"f406c9c3c92e9b31310a50ec",611444023
"f409c701e200046f574f4e06",560534179
"f40a182d82c489f55c64ab7b",872894838
"f40acdcf5cb9925c09c9df7a",874447459
"f40defb11ff73ba4e3db7611",1102998609
"f415c2bc1bc0fdca091285cf",1195451854
"f418efb887a15127cf2563b1",521183231
"f424ca724e7df1c37ed78aa9",790724530
"f426c41d6d8bc99f359f480c",465492296
"f42a53a05dc90e617e0e4c38",452793795
"f42b6680baf774d27fdf1e48",520476966
"f4311c45516bafcfe8864c70",752231269
"f433278518a80c3301f26cfa",817156478
"f4350916cbddd5a544c6ae46",411546717
"f43c684b789900c58c8b5fd4",555248759
"f44362b932a8b70ad4b99a29",473683652
"f44726680d0c594a2d430bbb",692040683
"f44d035ea2b15b2c69d4da50",832545309
"f45161bb79292e974dc88b5c",436506198
"f45234a3f0aceb12341be024",945945534
"f45dfcffe189327cb0d303f2",763941717
"f45e3be8500d7bd91cc8855a",425141476
"f4635193372f669612744011",1192519135
"f4658aee77fa0e35a71da7f1",612171413
"f46d46ccc7fc415433e471e4",432962502
"f46f5e911c6c595efb5b7ab5",722543851
"f47c64c8ee69e744e654d4b9",686639214
"f487761a658a4247563faa38",689411098
"f4897a8a0a911a2acfb8e8c7",1047622608
"f48e503ebd3908838c1f2ae6",566127202
"f48fb9d9c42b0ebee72cfcaa",480567385
"f49045b312d12268eefedcba",589423716
"f499c1513abf0b05aa1f460e",1225703184
"f4a6ec71ad7790df9578324f",485741383
"f4b1645da3f4286e39f2fe4a",680999248
"f4beded3c5ed9fd6cd5177c0",616819895
"f4c118396d781c140d8c9b08",456602616
"f4c6c3210a3c2eb935c6d5bb",1029471810
"f4c7cc4a249ae7037aa0b35e",670744862
"f4cdf3ff86fe70fae3e59f4c",622826659
"f4ce15aaa352d707b68cf773",571409536
"f4cf541f02d99ea1851b9f12",505738931
"f4d53276bdb5899c6f059c67",856092359
"f4d6ce332121f814aa663fca",653716472
"f4da2c8dd901cca9cdd51025",625473090
"f4dc67569fd340be3dc592d5",476361186
"f4df4ad4366bd794594c111f",974898582
"f4e0fa1172c1d4b70b6c4d73",465460871
"f4e646df504728ee1e6ad0d8",463577476
"f4ea9c80fe71a1bd0b692475",934449623
"f4eca80958b7a22922b0efa1",532554457
"f4ecb15ef992a677e8b4fee7",803963270
"f4ed8924f5d1a3e6374715aa",571844775
"f4f6e48b618064ced466c302",422258911
"f4f7bd9d03eecf35e9f37619",811360739
"f4fc081a112f5ee1b3a09e70",623392307
"f4fc2da675d6a2583054fc56",473272221
"f4fc67d9b9c6078003f9af35",780036512
"f5006b435fc92111d55c0603",386502408
"f50941445773dd62e87e0416",1092083840
"f50a72cfa82f3742189b7fc0",953363276
"f50e0ea2c3831235704b8c72",464421609
"f51000446ab65417942e535d",672302502
"f512fde4fa3f1f7fe885de83",794809921
"f51658b9fea670bd943d6db7",889116359
"f51a78ac4b03665561552b0a",820444426
"f51fce25d8376d48fbe73a43",446477423
"f520fd12dd3ed32ba78d357b",793076734
"f52226b24ca3d5b04b7cfcde",1064000898
"f52ce56f20251f018d7864e0",553911833
"f53efb47de2bca5912ad7517",688167960
"f53fe605b0a2857cf3facf73",708748867
"f5418917530b72c9fea14f66",470109780
"f548ef815603ec44f4629a60",1045676401
"f54c16df774e70d49355cf4c",462348155
"f54d358d26af89636906f686",1249131935
"f54dbd8f0aa752f79c581e5c",1054372490
"f550bc7ab5992a6fb48eb60a",1189453150
"f5534949a53bef05de31b07e",554675431
"f563f0899884de7f9bdab405",636991757
"f566603aacc78da47a283804",850372136
"f56bca5bebfc765162c8cae0",1037386915
"f56d8f5cfaca0691c6ffbe00",646216692
"f571f85be35a72b2ac358d27",577799768
"f5741fdd9f509d3bb02e35bc",828204075
"f57cab248d2d832725d78135",511998813
"f5802200af1d28eb48466c1d",476229330
"f58528d3ddce3bc6c71bfce9",752957442
"f5896513d1cb044108d23785",1337844703
"f591597c9a1ddd9852eb3cfd",1097155680
"f59686ef2740247394547078",1019470694
"f59b9c03bcd4e0e06d23fb47",724752370
"f59ed9b8ef1726f1a55a4dc3",545408852
"f5acbf43add5776430d8d4a9",788648605
"f5add08cb615eb18b3153bf2",1034598262
"f5b0b51ed49be034c290efd2",869183269
"f5b9cbae30356fb3a1d005c6",973706298
"f5c79a564600bcad99c74f03",438895781
"f5c866d489889ab2f124799c",921045015
"f5d529ff6a35fa78ab14de21",522000124
"f5d852e25d51377686c43bc8",581079701
"f5d9d8082e7652e97973e0e4",1103454095
"f5dbd7dcf63b08f711561e58",888349793
"f5dcdfdcc8f414cb7a38309f",659646732
"f5e7ab7c2edf566fa22501b9",1162555985
"f5ee97750fd4e04eafa9d1d7",775391233
"f6013cab49ef9188aaf87972",1065582858
"f60d9f0751a14efe41be383b",540786701
"f6173e36f95ad05b8e94321b",902136082
"f6252e878aef5f8a641c3d6e",570772582
"f63608198bfcc858abe1ab0a",744773037
"f637a4885488bbd499199148",851005158
"f640753edfd8fb1a995f1de1",502276082
"f640eb21bdbb9369acc4e863",477694854
"f64d4e029592761bee698958",461341793
"f64f642775ed2c9f45aff215",533984200
"f6503aab62a68ca16eba3fec",1220218417
"f651cc17b051c962e4124795",881204949
"f6544a1c169aafe6c8142907",1190165775
"f655ec98cd42b0bf2d7cfbfe",678346136
"f660a48b0eb17e98dd77c0bc",618604265
"f665a58fa8eda69547c1a159",816625043
"f66bad2cd4b09ac29f540f63",802514613
"f67028acda5ecaa4c8781ba6",716254275
"f677c51266f5ada9e23f20eb",392571514
"f68b7dfd0579838324895097",1163564911
"f69962045e9aea6b8200888c",462070716
"f69aa18a64d8b8494fd9fe3f",412892565
"f69e25355ce3887bb1078fef",638539852
"f6a12c0f02fcff1be042ed0e",814029421
"f6a5c88d1bca87c1e89d8084",1245330076
"f6b405af32c398147475dc9b",652804452
"f6c1705a83c039f7a7d46255",828524447
"f6c6eb3fac9658c4951c4222",525080256
"f6c6ee12e338b1f9730b6e2c",442581970
"f6c990e406b3756ee39b3b30",470264142
"f6ce37c42fad91fce47758aa",415333367
"f6d2d31af94a6a73912dd9f5",973811329
"f6d3f7e963c9aa1783b3adab",664874521
"f6e1752b9f4a0a3c8573910a",671043605
"f6e74a4b1e026352e5759b2e",813671656
"f6f4a467f40bace72ecff598",1139571039
"f6faf74c3f4e02a6b333b7af",900800136
"f6fc3807b54d8c69459c4f64",537950925
"f70ac0d227db6f5333aa821e",657863836
"f7101a05db93cbefd6a3b31f",425209626
"f719b387fac4f688b57dc646",1143186702
"f71d2bca0c5fe2720a1544c4",503685653
"f7216fd19f41ca5ea66a9169",478534174
"f725f6ebcc3fdeed22bee385",567283319
"f727924f0f35ec9fb58d0c31",428289201
"f72992cff50931d2e19b3ccd",686969197
"f72cc14d79ce15491a96ddfe",1028109474
"f72e2f6cfbd32d97bbff3ac5",646990838
"f72fb486fae49fc1de1fdcfd",1070191878
"f7399e57df358ae7adc9e08f",659682121
"f73f720abdfe4b5adfa2bcda",630785795
"f74eed3a7dad1bd8d92854d0",720393920
"f75009356c700f7da7106cc7",616861491
"f759f71e444c16a59187a067",821485731
"f770b66579bf2b55a714c43a",813589639
"f776a4e0c8c82b3d29756b34",1062061366
"f778fa43c92344cfbd700432",640912065
"f781bb1ed340e08b23258ceb",453347937
"f7847aaf1491103fd931aa5b",1278050555
"f78886545677e19e472fd0c4",525287373
"f788ac4a8b2a6dc11c458c90",734217377
"f7959842378c94c9f620f561",663307063
"f7972b1936c6d9e95d3f632b",736911836
"f798e7105aa8aa66750a2c85",921907815
"f79f0c23b5cb96b5d022582c",540092869
"f7a7281a19733251134364fc",894971306
"f7a79e1211fc72e06a3a82b6",1084328011
"f7b7e298ca8fb75e11e92999",501942717
"f7d11c2601959921f536f804",752087380
"f7de22825945329521642f49",592368270
"f7e5bf5b0f6157ed1f604d37",397083331
"f7ea437311c0d217b0d572b2",453548151
"f7ee7282cb9edc77740f392b",1110540218
"f7f00e13da4910d724aba4f6",547302851
"f7f46ac9158f0a1edd01709e",1041514237
"f7f8607535159c82dbfc6c14",422057703
"f802b026db4bf9d68cf00b16",401482491
"f80b20e0649dcf1c16003255",476673507
"f80b9e8c51cd71c5be281652",415247518
"f80eace37237614562f942aa",772619205
"f81107599bc083fec4a13ca3",950304658
"f815ec1a63e980717c9c3290",534866498
"f8189811dc639d760937df95",555374163
"f81aa0f575dbbacdbdc681f9",506149012
"f8232717e74332384075dde8",428125625
"f823f6d95b4340e8e4dd0d57",611345204
"f8243b7b679dfe8303180d73",1118056052
"f8263893418eb0752dae48f3",422466676
"f82adf71d17c261b41a5231a",750247195
"f82e1c70884ee1285e1bc491",430484802
"f839de5370a225ff993f5b2e",617622597
"f83f29f28978d7dd76cf5942",816102267
"f842221d74340270e757fd41",805065808
"f844345b6224bc76bc3c6f91",479973125
"f849ad486e84a82190675b89",799486120
"f849dfccaa8163d24ed935e2",966884256
"f851b02d18e74610a900bf14",1031269473
"f852e0f3fb8563ea6918164f",1156619626
"f855725acc115bbbf03bacec",1190945821
"f85d09bb2ea40bd4b68465da",1033706380
"f865411c20924c43a080794a",918928202
"f865cd15368fefd8c9d6aabf",831092083
"f86ab537a2f5d8c2b223574c",786421240
"f86e80b2a831572b85b04e55",610823860
"f872f224d2af413cd104f24d",1055375845
"f8731413b0d976c03b7e05ca",1048580669
"f87c76eb5071c5b309e3ac3a",438903626
"f87f8003f15b0fbc12609514",556341083
"f884247fa6414f384480bf38",563066281
"f88bade1cb7ee0fa643f31ad",634450506
"f88bb9c5a471504c13d3616c",455065429
"f8948886cb4cb018eca25d19",480312454
"f8bb20be599b79cbe29f36cb",1127853569
"f8be64dc83c5923983fbb770",782277419
"f8bf37a8f81a310e299385a5",621842105
"f8c787390e4c6d2e99fc7c3d",600999972
"f8ccd21343b112d8f9e7123c",818798619
"f8d4ec209ad5fa5ba4a68e56",521511903
"f8d64df401009704c152bcb6",479929990
"f8dc73052c66ab334cb7be14",716088764
"f8e25b7d7e93c45df1b3a4c5",1132334906
"f8f217756d32f31faa784c2f",764530154
"f8fad48343ee5134dbae918f",438516210
"f8fb6d1b0dafc28920393dab",905841196
"f900f7a9c5e2ea51689e8992",1056228234
"f9038f7e24e0a29bd9f3e24d",816663220
"f908e1de4c4be0d77411a998",732804851
"f90efcbfcafe544674c02586",753443982
"f90fd39477c8da38e33ba0fb",795902433
"f9158cf51f5e9f644349a774",448782311
"f91cc2e5edcbb704c293084a",1232990209
"f923bfcb8cdb543c23bafd52",674857012
"f925a05397ca6163230f7ad1",601926750
"f927027bc766ae6c111fb685",393211959
"f92935374a7ef86314223c5b",923973224
"f92f4d135119fa88994929ec",1044022184
"f9379319f992cbadc43b9189",758594512
"f939b7271c4d399a5e647f8f",788619254
"f9402b785deedebd3ddbce6e",679602570
"f943cfd29effc9c048b8e106",753443982
"f952c40e24c9df4ab2d62017",813190299
"f967aa89a4440cc1c44bdc54",441987418
"f967ad5e086f485c27f09990",1075910933
"f968e756cbe6504fa0f32458",1083155750
"f9718594fa52500c16e3cd71",835197134
"f976ec33e004b2d4d32c2eb2",448332221
"f9793063f561dc76c0b49a9d",999742918
"f9796e9d13fe1becef435e54",1110228932
"f9798cc6285c9fb3ed7cb668",736865856
"f984d34c8f27e3cdb7c2a44a",866550627
"f995364cc33c431b3c93db45",636268224
"f99adfe85d32b0a66f4d483a",781464242
"f99bdff027d28ceca0caacd1",797512576
"f9a136d7944cb7768b598a88",578400317
"f9a802cbc802d49a087cf23e",1373846370
"f9acdd3fa50068bc0180d008",525179556
"f9b0a27bd3619ae88ffe5455",836639671
"f9bca38d3e08176649504e74",661294579
"f9c11e980254045d7478f273",943010862
"f9c133f7a12f2b8c1b2beedc",676918531
"f9cc6760b1112ce5197bf399",633062386
"f9ce5b7edb104d4e8407a344",533379926
"f9e6a759b069e04b0cbf0182",712386287
"f9e7582dd99d36bfada56249",931562863
"f9ef8fcf24d28ce11e71d758",1078063719
"f9f5fa4ad495197a5c9b492c",410346684
"fa00e05d83ee890a38c3a686",811104872
"fa0aa00078cc178de0cc7d96",751309883
"fa1533051ea4145f7f710ed9",492004694
"fa29c89363ac9cb59667a43d",739025968
"fa2c1092f17ce021964f8953",773574584
"fa2c5c19c86087f207c379ab",677401017
"fa3017d74586eb4c3b5b7db9",469100046
"fa3ee96e6b6ffdfd00aa335e",1263953813
"fa4028ad48fb2082d167989d",550083200
"fa4af69aa064a4306cb110d0",595707660
"fa4f331f05b1488990a69ec8",1062697862
"fa4fd8380dd2620c672facc5",642135156
"fa5234ddf23dd0d9cbd3cac2",501606829
"fa56058283c975be76d7c990",772114177
"fa57f96bc6affd285d10c4f9",379654483
"fa5c81237a94f2f78f05977d",1085851522
"fa631a714774fc22ca15ec10",1039859572
"fa653848d69ce620a41a73ac",1069850413
"fa6db64bd7cd8b0f1c0e2453",953534760
"fa6e53a7107c0e33e3d505d1",875618026
"fa70a55dd0e2053a1b566de1",387254689
"fa736ec3f2f066cba4328908",745249223
"fa74fbeb90bdaf8eb26f8329",748056291
"fa823373d2e7fc9443ebb6ff",656707148
"fa84c07cc90e2a2058b57c9e",753624149
"fa8f13da6d8be3bc1f05fcee",502406669
"fa908c8dd43fcbe9f721c0d5",1082921682
"fa926bec03068764c8545d41",600731221
"fa9dec2129f7218b4c4d4b35",862175063
"faa204421a94ef95b79eddf6",764530154
"faa37a79a1d72e4b8b0c80a6",893785237
"faa72370e4c7718964930805",624783747
"faae4324336f1211ce4c7809",657447434
"fab91f0b03598c943fa425dd",626761105
"fabd2201750747891eb6af77",1073266357
"fabe0f299a4e4bc6f51d54b9",696546974
"fac4f0bee67523194fd4312f",543923776
"fac651cf404a58f24dc7d286",1306766092
"fac682b61b813044a3e3ad01",862122134
"fad033a3c81708df7b6ee73d",864063175
"fad4ecc419fb64b3f77971ad",554001310
"fae37ecd6046e53ea121b1c6",750384152
"fae53fba5d405b2e6a3abf01",387898627
"fae649fc7256b9a3ec036583",627960954
"faed63c1287896e97987c4c9",818637473
"faedbe92e3296977872a4aeb",1315049304
"faee4c33e892029b79b63742",873222652
"faee80ca0efce20e731823bb",834627089
"faf872c4bca132b52dec368c",772498529
"faf92fbca9baf8cce4a00063",618725251
"faf9f8aa50d936c1465e880c",851517388
"fafaa5dcf66d22bff322c72e",458142363
"fb01d990afd25ef96ed048da",1004246096
"fb0664d59b6333ae1861f343",819721472
"fb06aae0e711d628b16eb910",822364010
"fb0dbfeedbab00cdc7eb93ee",777169824
"fb10f3b45e865b4626f65ddf",1053818692
"fb14ddcaa459b49a3b30eb3a",924538180
"fb338e93dda9159476b8382c",436715520
"fb39ca089d05381b3a7ba847",414347363
"fb3d29813052141c015669c2",668797552
"fb50f2f13a30fccc3903577e",1039655429
"fb63e870ceb7ff355299f3da",765990338
"fb672b4cb1b66f2022f36a40",981392180
"fb7048ba61e9e6b1de829bdf",775780799
"fb7154b2dfd2a48c13ef70cc",954702035
"fb72b8e0457c0199e158e599",852655410
"fb76da6072bea5801e407990",459394332
"fb7bd85c05cd74d945d22de0",466527535
"fb82175fad61a81e9b665fd3",1115601699
"fb8aa6b6c5d2499d404f3f73",705473228
"fb9371f86ca6f4e62ae374c3",476294751
"fba35c04cfb7b6db50cbb57b",857197652
"fba6203abad5f4b3b721f29e",520578400
"fba83f5feea2522888377066",390553014
"fba946e4ceea37176170835b",483305403
"fba9ae05a6a8a9e0c6268a9f",495126438
"fbaf74ce4c2c6e88950d3fdb",977257447
"fbb0a76f05908c118f7a3df6",447276845
"fbb89795386c14f5088fccdc",806817394
"fbd613ac06b6bf20d76822db",586934406
"fbdb9caee4455e99259cf921",471194084
"fbe3b74f9e11c829d4dc69d3",1039331081
"fbe555f6bd0edc1bc950d9ea",1121554869
"fbf8b0f1159e89428778c847",533222912
"fc0572d7185e132770c3bad7",786421240
"fc16776abc877decb82a5954",1092869697
"fc174b19baedc11f78b647d2",941104674
"fc17f35d300be9680971f95b",645095755
"fc1b713d5605b0030421d5a2",982306217
"fc25df25f4151a16cf0c90f8",1204893088
"fc2ac43013ba8ab17da28041",1029904903
"fc2ceba651bc629e7f690849",814029421
"fc2f58cc289d29fffe8a5fe0",923732422
"fc321e2d9b4e954e80805be2",697128455
"fc43df7f26644fa464ecb090",527462002
"fc57fa9bbc16d1b8106c2c70",1068271972
"fc5e8e45dd0a338ab5835428",790302597
"fc5f41aad1b4bdcbd8298037",626790351
"fc64387d7c3c91a6e6e876ab",662669358
"fc65a77fbdd07fb490ad870e",774597924
"fc6616c62030a53d2aa46b12",768998200
"fc72e535900c592d6053b806",982977669
"fc72ebf9381496067101da61",446247016
"fc762d2d172737cabbdfcc75",813512308
"fc7e93bffb7fbbdebebfaa2c",1127536989
"fc7ecefb27bbb5c3e25e899f",432796985
"fc815b59cce7934f816f0502",884111168
"fc8836e71725949c5f3fa7f7",1273359958
"fc9151dd6f8850502c747bab",800047657
"fc9fb2f209a4b5e66f89712b",736928087
"fca1c40a338288036b1eb25c",1192318855
"fca3a0fe5db369235960d285",453347937
"fca6d7455056792cd61e2ddf",482034973
"fcaddcc78938f3a234dd2d3f",424019277
"fcc4c878af8bdbda6e1fc86d",1028342609
"fcc6c3c10bb52776accaf06f",626724481
"fcc96840d952d32a7300366c",468993550
"fcd7c10d81aff25d9233214d",512529571
"fcdbfb9e15352cf210cce7cd",740726048
"fce26c7fbf0bc93937ea5198",634732613
"fce385656705a8f4389cbb6a",804793114
"fce89a9ffaba32f9f7c5895d",1062697862
"fcefb2186b13c8bc39b17915",845215777
"fcf46edf6d612ff1f5ed6134",869673736
"fcf79745f8cd716d3ff9d27b",661906875
"fcfa51e5eec6829b9f4f2c59",416682288
"fcfd6f08490be39064aae41c",500777086
"fd0c010fa0c4b84dc75ede86",939617259
"fd0f6c0b5234ec1f6c7d1fd8",770433911
"fd1431e595693fac0406151d",428457625
"fd15189b99da46b098a949e6",605078319
"fd19e1b2e61f5efde879f6dd",967884605
"fd20cc372715855081e24eae",1092669371
"fd26da8e62b5d1155962f0c5",682036163
"fd2dcbcb8a31e97f31d22a53",861941881
"fd2efcb61008dc9d11756381",875618026
"fd36cffb856c2a14982a5fa9",588107652
"fd41747287a480d5c4dcb56d",1037386915
"fd45b984efcdb0b434033fd9",439743096
"fd4ce3ddaf79d1b97043ce0b",1084949976
"fd5758238e7ec91e415779f7",937711675
"fd5793113661540ee34b8cb8",709590091
"fd5ba2795eb7b5fe338d6b4e",624684507
"fd6112c82d5808311b08e29f",700914662
"fd689e54d5c418dc9f2425e7",941644959
"fd6b2efe5da2c35058333bbf",760759546
"fd6e9c9ed7679485dfd0b022",889146747
"fd77ee8ca0551b5b614b40e1",1150662732
"fd7a48744bf966e417f34a51",1016319202
"fd7b741b96080ca5b964cac4",1028402397
"fd7f194d9929a6f28ea57cf4",460074152
"fd81506b0a00fab1ff680b64",627953080
"fd82c710aad91bc90af490fe",887462594
"fd8b9540f1e9da778d566d25",389020708
"fd8caba10cd4d1df27605358",528157711
"fd9ebf37acdbb0e4bffd2fb3",574765215
"fd9f78fb2d2f4d01e462bcea",1151730957
"fd9fda1abfcdd1066a177e14",601153828
"fda25a0b6b9f62f92e3ea6b8",840278440
"fda6cee77fbfbce6ec0eabdd",800838001
"fdad0c86eb89fe93633c8571",416729355
"fdb192e57e3e48f70a492b87",828417985
"fdb1cffa6b7346fde667d72c",438470822
"fdbc74fb5882051327b3caf8",551174067
"fdbe5801070756d1744211cc",735504504
"fdc00f6ebd155e84a387878c",449285975
"fdc28a68bf8a5bc86288b4c7",664327904
"fdcf0e439ae8b2ff5730680d",785270127
"fdd4b5fcf9ebadf96545038c",988281270
"fde3d4a4a819b1fa40530238",466873793
"fdf103976a39cc12f5effaa2",647516590
"fe004acdfad6ac6b00911ef0",645288609
"fe0182e1795e2b87eef4bf41",613343472
"fe2bf1f402addaf17a213030",646540023
"fe2f1459eb0a380dc31e3a4e",887476910
"fe368a7d2e09fe88b1b972e4",452912381
"fe409f9ea8d18c9d9ba4d02e",454515070
"fe483817d899e0044abc3787",828486241
"fe4a6d7d7ed28b85c5816fa2",864134635
"fe6c19c6f54606a611d412c8",418979853
"fe6c8cd2e792d62a4c324da5",462423461
"fe6fb32f623a9e3d5586a8d3",799664676
"fe8305e287f6a8e7899c9459",641005668
"fe8a10fb4031669a9b21c919",1034760382
"fe8a78de9ba7b59a112e0046",518462696
"fe8ab5495cae81b5478026a4",651192506
"fe8bcbd17b16ad023a202843",1204893088
"fe8e45caf7605fb91d6bc5f7",673265626
"fe96a7d758a874b1f0c42145",575921544
"fe9b6a82fcc3266ddcb3e36b",941104674
"fea142787b18327108ee8929",493746456
"fea5eb95dfad452d6786b042",453185652
"feade1f4b3b06fdc12ec213f",812808938
"feb3384733ed8feeedf9ce8b",920078213
"feb87029d5a2e8125e165bef",423034277
"febc9a1b054671445d756cec",689453083
"fec1212eae4e6369d5555d8c",815926392
"fed1a50c562ffd7f30451adf",707887793
"fed1a608e3c0f2b79cd02ebb",428702321
"fed2e1459e9ccc06943a05d1",1278967359
"fed8f3bf4a2d7a426901706c",683944926
"fedc2418db2353b7c97a260d",1098551074
"fede7e1a7a6f23338af6f40e",1151868223
"fedf2e30e390f5cf74b27e97",462344642
"feea3a2bd9f643219de51c46",538422354
"ff03a8cc833d067d439b9903",905841196
"ff058f978e97c389e7a31f6b",711815493
"ff143fed55f12a0105f9f88d",750023690
"ff1498465e4db86f4f652e87",547568102
"ff185be4fdbe3790c72d00cb",447124004
"ff188e88378c8e2abed8119e",684366413
"ff1a7adf260e637bf316812f",394998081
"ff228869121d053ca7bbe431",1068558652
"ff25ded6333278149f8fb68f",714952791
"ff27ae490bf03513b6bb386f",1189453150
"ff2897a56a0fd08996d19424",979835487
"ff28f1a1ea72e21acb157f08",1201098308
"ff29f12bbd7ac4b860909966",1096999164
"ff3696c808d4835d6c7cc9e3",903866140
"ff3b85eb538fb9a7dd03f459",396341810
"ff424474d2d10a2c2a1c1892",527665923
"ff46d9f7dd86b8bff7cc305c",511579298
"ff54bb34225682d25c551178",947867241
"ff56b24cf15289dc6d14800f",688680045
"ff5a27ffe7de039e65170f9e",733596785
"ff61104cbeb37f077c565fd1",480312454
"ff61abc1e7843e20b1bf8656",394769782
"ff6fa86afbf9da2aa8eb7991",611345204
"ff71037ec8e5a91aad6f0686",516265816
"ff7ebaf86962fd0ab6ff41f3",583088791
"ff83788b9f8db0297f6c0148",1023297997
"ff8e7294270343a00978dbc2",666378987
"ff9c4796bc3ef18ae7bb724e",999955141
"ff9cb7bc0b972d4515ea3837",405578908
"ff9d1cf7bd90c5e47a0bba3f",432884254
"ffaca67ff9f0d7cbd5bbd295",1140307804
"ffad647e8ee35eaea6378fb6",770991968
"ffb510bd3f847f4ede255fbb",410515855
"ffbce3ccf241890ec95104e4",519824999
"ffbedc0873b99654d10188a3",380703788
"ffbf6a54fb00029ba24dd3ad",425093139
"ffc171cf73514bed077339a6",393680026
"ffc49242bb0edf3e22076501",1121972281
"ffcbce226963f10da8c53fd7",859692495
"ffce0b151f293cad0a6f770f",1327629319
"ffcf6794a400aba909383b41",926199083
"ffd3d51ecc85abff64258e1c",772619205
"ffd916080b1019827491de0b",950634203
"ffe653c61bf13df43fa22190",468255695
