"property_id","price"
"0006c9478f4e7edc53d84916",505296625.092929
"00076c8f390d5dcccc133309",788958200.630167
"001399d3861c5792ccb8b515",1271519227.26557
"0016e35cfd881ee2e37b49b3",860683239.995381
"001c03f6103d35389825b62e",851051018.019351
"001d77bfb387bdf0b53e9e83",855387858.937376
"001dbdd202e9908ee42713a8",852378795.134405
"00304df33a3c9a7e396ddd3a",748636028.397978
"0037d98f6ac46a86e36def45",885515566.533523
"0038a3b703f4ec779bbcfe6b",489270117.890566
"004776514ad269b380581066",549544394.196455
"004c9da9ef1b3b5e309e475a",634291175.201355
"00571815d5a7f208eb3e7737",1366133907.63533
"00586a92b53f4a8f9f6b3022",783272960.720361
"005ab848b35907e42aa0f4f2",1541388373.1272
"0064cd1c55914cc8370a096f",511019258.363687
"0083ef74db679d22463a1afe",722653433.843955
"00858277a3cf4f31b8e3f738",658820843.38386
"008c7a02d158f3b17ee8e015",679972237.130062
"00a5133e7373eae3f0be8f2e",710475077.998923
"00af33cff3ff7c6927306df4",696849299.565915
"00ba709f184e70be13e5bf9b",573145915.150882
"00bff9be2d524083e3b3149d",627667053.19614
"00c1165df93a4cfe679f54e2",989249474.314463
"00c75d59ed4777481a50cbd3",1139079617.02704
"00ce045307538da1b0bb7972",772764596.231554
"00cea81b78d6007eb405d5b3",574735339.369778
"00dd36caffef00fcde85b235",1173690024.87136
"00dea98fbfbfeae74c513bb6",1340124574.87523
"00e7c5894c739852052f566a",790952325.673593
"00e80be4feb1e8593b7713fe",507586158.261084
"00e9afbd1d27062a7bd40a3c",1167900370.2022
"00eb120ba4410ed8efa24a8e",729493142.276984
"00f2621035b1969d53f03fca",956474977.820254
"00f5ba660a4fcf6ddb96220a",637913395.472678
"00f6a62599f25ac506113149",1006727278.0566
"0100b3a412accebf6a3aa4b1",484103516.259699
"01018b9796a105be650ec802",1166911909.06666
"010e676743f6afc01fd0838b",1205260288.17715
"011a6d0f12ba108ef15076b4",416545417.69601
"011c2017b63235bf0ed3f241",553314552.742528
"01230eede2a4a74ec4ee5105",994680966.063864
"0123237414f757b9c3809f88",727834758.523787
"012b8d616667a6dcece0dfaf",696832777.626495
"013e2a07f94a99323b64d370",887655565.061814
"014799b9ef7d5244fb6640ff",1085402100.81445
"0152ffa8757aaaf417e9f997",1849124376.31871
"015d17895f32e2a8b616ca1b",845566428.907676
"01636da0aa2bc223af023a13",719870054.871815
"016bb199b12846ccb0b03191",734158801.101293
"016dd08801ad1a1e7f6e695b",1157850677.16359
"0172678cb0737e21a317eda4",526849497.217148
"017487de3455d9f642a7fadc",916037633.112838
"0181972aeb6bf451012a47c6",937757796.600168
"0183b38955437e8d0128a013",972271936.656294
"019cd320e02a64ba3ba9a37d",755265906.364927
"019f4a25794ef01294845b51",912256118.158459
"01a5a230e8a808d844e64397",1294150855.75114
"01abe3cfc94be46c1153c82d",975352332.160396
"01afa737bcfa6b1ab530eb09",1057738648.56398
"01b78983d268b52137e5ac1b",711268866.274058
"01b7bb1556b5c32df8f618cc",882890376.373161
"01cac7d033166094ab9f87b0",692123800.075892
"01cda25ee8545b9fe19717ed",1383429425.5574
"01db5867a69f8ea7849d69e8",1266566965.97837
"01e033f5bd502c4ad398ece7",624222484.601547
"01e907d7672006fa2bba8b0f",759744461.214886
"01e9c7531cf3c63c04b9189f",710749929.901909
"01eb0a2c1033c30830161321",702537678.417587
"01edceb6c5afc2af1e129e86",452174321.271454
"01f6c99999c154461765f4c4",689177101.357915
"01f855427cbe3eb51b38288f",736923548.940108
"01f8b6799e2910f7769db175",684381561.204197
"01fb5931cb55f5308382818e",1576445114.60048
"01fe5add1e7df4b15dd73bc9",577912706.944686
"020473766363019ee40d6685",1009094590.45454
"02060d2f56e979a61427f806",582793696.285366
"02091877f01c926c350b013b",719544588.586096
"020dfae44183c65b708727c7",470279732.102567
"022357a3d48ea87d58ffb46e",615097778.73533
"02259637b8ef1311c69d3d90",842617271.487535
"02277f636716264116015dde",476306637.431479
"0232a50c9afca03cbf4277c8",681984011.817056
"024c5c787d005adbe770b9bf",759800791.38481
"024d2e34a561efaf4811c17a",1213320468.71177
"024e94e72ae88464621539eb",857125756.248103
"0252fcaf7bcde09274d34be5",784574358.665236
"025a98586386211b1519f9be",530610054.739369
"025b094e1ea7248f4aba72f0",421518289.485109
"025d96090a8e5bd6f786e9b6",846651452.809404
"026c6384ceba017c5f2cd66e",621256592.943187
"0274166db611aabe4e946a83",747201969.568607
"02779b92b2f9bafde0c75c11",602232543.202813
"027947dd01dc991ffefc5082",484189524.264008
"0283890ab76b10547b27e634",572069136.936809
"02888257efaae858fdc7938e",755818605.466104
"028adaf559a05c8882893767",858000675.711653
"029224b78e8f358aa9c38e94",453518728.581442
"02990998f3621fc5a3d0ee63",655904247.611912
"02a0a38b45e1b196165b0098",1104413654.80641
"02a2ebb6eca5772e3526d78b",902544690.291336
"02a9c37b3d92a6da473c6fbc",527243141.385013
"02b47e60ab77588aff6cb433",671161579.89531
"02c6e8c7f36a2c68851600c6",704575354.178648
"02cb957c3db9ded3691a9004",669909682.750282
"02ce5bc5d5d286a4cc0928f6",1034233892.92325
"02d598a32d864c289e3ba6b0",794570379.913201
"02d5bac2567ee9e19041ad42",1384286966.66823
"02d89daa77bb313328fe0c4e",596607071.794094
"02e52d3895522d9be85c4544",546268349.361271
"02e8811bff38125bcf8e1a6d",618911467.42715
"02e89c055b7692dab024defc",485166775.366872
"02e9b077d6cece81387fda35",890764681.592188
"02ea72128a99862e9537718e",851467940.040214
"02ed31afcba033953c79d95d",788296518.74454
"02f6ffcfcdd3dbba94dd7b33",997686202.390308
"03025756be203027ab75aaae",497246142.918953
"03243195c467c67e67a7823e",681931137.533124
"0332c7ec0d3e547ec6d61664",1123834320.89145
"033307467830cb865a785e3e",699819325.927921
"033521a46dae036839ad6c90",414780543.721973
"033599f7e7ecd8d9c8cfba46",1012728626.05346
"033d3f8ff56907db4c453700",612436563.614316
"03463535ae93b8b123eaba8b",841344135.567873
"0349908483ce628a0a5fc164",1240380100.68081
"034a30994bb2e0e446e35957",777508550.030856
"0356797c1683d002bcd94899",1003531689.57277
"0357d0ee6e0646113ea543cf",896174809.335117
"035c61042b7dbc7ef888d1a7",1311563837.7351
"035d955df5a765531d1d0d07",1027748592.73889
"035de58d60807ee2c272ce82",1367076003.24754
"035ea0f13f2ca01c902d5388",661267282.489609
"036177aff84b1901e0f18759",688163866.803994
"0367da7dc5374f1957a1b7f6",986440708.98536
"036fc9e01b2b1e3ef4574372",979978717.819925
"0379b6a001e4018c34e944da",627551285.482718
"038272b33c075765464761e8",632931194.622065
"038bb35043651579f443c481",886558551.74543
"0391d158ab104c5cdba31872",642351369.093419
"039a9029c4341b1528ca6b46",409795389.097467
"03a84af05df0f577e09d60c1",667157835.531736
"03ad99f1799f2a20c8cc0a50",700107520.904486
"03aea1b6ff072f117ec733af",662691533.254675
"03be8ec62dae56680beb2cf3",923618499.59042
"03d54a6e80d48c96a7f6a1fa",525852934.07843
"03de77e22e987fc3fed4eb78",726977301.397909
"03eb8da7205428e61bfb2845",617687247.607076
"03f518e2e5861002772345fd",451218043.310319
"03fb5bfbc1895115a04e8116",1033726534.8491
"042bd2cfb2d33467149ece1e",935128191.947082
"042ff73057dce4d92d383cf7",374573978.872484
"04308f869d7c992ed3ea646a",889210380.477521
"0449a82dd1667c8c564904f8",844811841.821211
"044b8431b186eb022cf6fc24",403041358.745852
"044e2daf937c0d8373f2e914",907711381.36607
"045108344bf09b01b597e7ce",845043754.150522
"0451f65828e628c2220df77f",800811699.23872
"0460eacc73398bb95f0518e2",1034198797.85833
"0466a7e06b152c1860d44334",1045649603.58189
"0468cf58f40372acb9d5fefa",923325508.410847
"046aaa4162cd410e92b216d0",711392343.589439
"047b0ded64dcae203a3015eb",706098773.519867
"047f94605add5f6f84fc3f90",874305445.904136
"048051ce9bf8f6a48e9451fd",1549240678.44561
"0482cd89d767b3b7de976c3a",712331128.127069
"0489a476b376f7f6efbc193b",434531002.975821
"04a071d777e60627223e28d4",485178770.029969
"04b28e63fbba92daf83865ba",971642703.013937
"04bb7cdebb8b66e783058248",547294186.573195
"04cc75f46642efb1192f1875",546772711.85415
"04d77c8ade9a55fddd28b00c",881057232.79638
"04e29dbe2175919265c82463",754829597.245723
"04e337d3c692f3429d47aef4",862398388.926685
"04e6a79dd3e4d8d17c8b5387",1353379331.05203
"04eb0b590ce7483c615b043b",736820213.143788
"04ece9352b3810031f3f9a90",948330486.983262
"04f0fd25e2456759753bd2bc",1027793209.83145
"04f968f1873a655fde8702f6",709653234.692085
"04fe204d03bd1c9876242ccd",1067076788.71211
"05076b448cfbf9dede72904a",936087132.825909
"0508cd7bd2c77ebb6fea1e56",694014390.178906
"0509650d34981639b9c64a22",645146090.005785
"05119815bd72ced29391ba87",1046402294.93914
"051416c05445860d5b4095e6",532571325.607202
"0515734883eea12cdacb7aab",474824154.877455
"051d68945b95562009d4029c",846445910.527766
"052505ca8210e5e651fc0b63",844097964.391208
"052957f95b6e7b41bc625009",978888253.811187
"052c93502aa794e0574db9e9",798756233.959198
"052d00805b2602cac76fed4d",620796853.937554
"05308c4f3d0e0887e4a68a92",627551285.482718
"05397b2087e5cf381809f169",723816053.269705
"053d37bf1d988505b5e91809",821233400.473393
"05402dd344c77623fa053ffa",730732578.474811
"0545fc14aece3f37864ced2d",630500577.242462
"05498e49d0b875ae6aaddd83",689824167.998872
"054cd21c3b12f165bd520313",852574706.464715
"0553a3aa7d961ada6dfcd52d",598254858.75053
"055d5ab6b22d4d0ac325fe73",795215784.563735
"055d7c66464d7e327711b497",909774426.194293
"055e29f236bb61603d4ce9eb",1136680237.73426
"057585ba19d6144408d4e2da",753553318.879847
"058265732a484ac8d5497f5c",631763301.937508
"05858b1e4445f56f22e1f4bb",897152484.877297
"0587e7e1f03af8ea6c46290e",666642177.929354
"05926b977b5df59857194ec1",647584784.438092
"059516a91f938d2e8fbcca0b",800367074.359136
"059aaea3859c4b9662ab4df8",598069587.169886
"059d77736dc72013de7767f1",740799317.492886
"05a98feedbd3f422bf063112",841929212.431318
"05aecff6fd8d866c6c157a9a",817565005.183259
"05b12b1916e51a804419c654",613434182.945234
"05b71daf88eff5ae8cf5789d",744687048.588076
"05bbd028f30492fc0a9f35d0",649283323.196683
"05bcc7d7db8d352216a4af59",885153248.52159
"05c47739fa4c4f00285a2c48",925218957.688671
"05d1c33ea8c89ded7391ea92",769815787.229842
"05d9818d3f9f2a5c358d3911",1133808302.49673
"05db9fc492801eac98f69c7e",684630687.024454
"05e06a93e9f01dd3984a85ab",561253248.04272
"05e8878bcb68d03e3b656eb3",872123519.872726
"05f79195e285c126125d258c",846308920.585224
"060451a9e3e0416ff41d253d",641737796.999552
"061386497cc2dede3ea70b1e",559930028.007256
"0616401503f2ebc05af7ce4f",804556979.963492
"061d3fd39da1b4b1397054c1",793478111.472502
"06220a42e68510eccb4d790d",719426450.982446
"062b36cb4a87cec372f9f91d",762402262.415962
"062d5544f5c96db90fa3a526",1350064177.72874
"062efee92601be294d7346a1",798520282.059816
"063e53d45e5e7945f1f10fc2",746164554.734719
"0648a4bd7ca088f4b3834401",1040739607.74354
"0648aae13097ac649fe714b9",944044712.476486
"064c1cd5e94efdf8c7262fec",798855094.422339
"0668a4a4521c783a2d817413",765453738.500693
"0669fb98aed75d79f8decb7f",1064875054.3173
"066f1b68f7c053a196662fe0",754144583.373008
"0685f2225b939147c8482e6f",473527802.965631
"069499abc4e393fe540777b4",394086961.891305
"069798704327652a899a189d",749523553.685436
"069c529aaef7d7e0774c4a66",913296139.921148
"069ddc5d1f3c855e6498ac50",559781319.675754
"069fb1f8d0f06ac2fee87314",739409757.724788
"06a2efde5244f7d653ddfb8e",728041523.831011
"06a5364639452a9d663a2dbc",531824886.158048
"06acca3d0ef4685dc055ffa5",417622121.341827
"06b90d41ad3ce1d0d389fea9",811679013.500813
"06baade01a74972cc4a419ec",630035544.590181
"06bbc353bf62fda3b3786fd0",684262625.31777
"06bfbccfb3ec0b1f65f4b351",1002741917.3486
"06c1673c4a7444e7aa80abb7",523608482.346398
"06ca01d3ff86406e896b6fa6",928190505.826545
"06ccfa37fa6b011ac38422de",760720478.890631
"06d33fff99a62c330ef2d585",642066774.162608
"06e350e3c733e5a0afb613cb",703969194.613754
"06e59cc783be86bd145a56c6",1087294122.0774
"06e91b526821a6ad1372fc44",385253626.25014
"06ee1d8f3ea326a0e3a9791d",763285767.794647
"06f22f7a8e4e78f45ae81638",786608379.975116
"070062cd1c769f3be9255af1",1366067701.26877
"070543b03770991d65cc337f",1050682916.66639
"0706ce398b2bd64913e68d39",919673182.979418
"070912b7e5fb205918c1f4a3",520460537.499336
"071f284d07719a3517c55567",773647301.503632
"07284e4caec09fbbb16adf2f",1114348102.99742
"072a6f084d31a5a4be4060dc",1045821369.75675
"072efeafd082025bbc5a25e5",994160867.542347
"073a3ae443f3333f0f526f7e",795865260.865255
"073fccba71b28afd815be434",795576275.923851
"07412230b931192771072334",728875682.447867
"07481a101afc1d5db45245df",679073694.760062
"075a5474294e25da55373a09",374054048.964246
"075b5c16441d9d67cf638386",505861789.36477
"075be16d8d9ed6831d139b2e",871713818.183971
"0761d0b7c6e319a75b06d420",625912706.64826
"07641db461323a5cfcda4f98",490545621.622596
"0768e70fbda0e09b88c1548a",527821308.623627
"076ccba20dac8bfcf184b8a8",906245623.117209
"076ceb408227ab2563a663d0",413209759.981421
"0775d831f68b88ca59eb871d",1046569522.84779
"077659c14c3cebbe192f8247",1062547529.77993
"077db8e0877b924d1b57ab1e",536884665.764963
"078144699729ee0c46f36123",985373123.087643
"078f7c6532204fe046b13d14",737993766.617861
"0798af235e9926b1e7e4642d",692493041.809177
"079bc331430e94ee76f8097e",823446696.165111
"07a6da2c9c4833ee4cbe8625",756435749.868215
"07b7ba964a8e30dc16d66443",1120940141.64083
"07bd45129563bd2fd974deeb",530352249.951431
"07c46b493733d74c4f384b79",708536089.259045
"07c753474a847bf2bccd55b7",768830748.319894
"07c8af84608e6c9206ad6961",699338735.966865
"07cd866c871333283ecb2d23",959078256.229057
"07ce6f95a7719abc9a204b6d",858282113.591762
"07d1137c1f0aaecbbad32f7b",700222069.633803
"07dd30f04c5953f325df9aad",845043754.150522
"07de14db9dcc2d4f9eac0dd2",1494447760.40344
"07e76c765d1137cdd7c2ff53",661163972.110191
"07edd16680605925192efcf1",856322097.238415
"07f10df13b244dc33b464582",857283874.781551
"07f24808e42c9e11a7c20232",790088999.805307
"07f4aa9b9ff5b0b05d31e6c0",1032387111.6193
"07f9017eb4b8c169eb9de536",1095098405.8473
"07fa1ad76017843232107517",1366067701.26877
"0802b7e10706252dab8db909",934654226.802894
"0803ef3270948a30b3fee2f0",600952265.652742
"080969c751cb94822aeeb755",526868325.232866
"080df3efe1fe81f97e74c4c9",536983496.087063
"0816f29a68aa35abd5978e7c",696131636.142545
"081bbc273db70f1d2cc84ed2",991249878.85208
"081e008e772c6a79b809a87b",829408192.794713
"0821109831351eb2501e362b",1275861056.94067
"0821fde7debf7cc445434024",510907186.083218
"082293a465231208059c5d53",706293819.359124
"0823b0dc92805ab05d3f8650",1533103168.40291
"0823be832fff81b3f1291859",489143357.731182
"0825f2ca4baf5b34231ecfd2",1079323795.60844
"0838d0df248d723da4e25ea9",866459241.3137
"083f05fe52ab15e8d481ad41",1065854473.96296
"0842816a5ef4f24435c8df22",910601483.611468
"0842a0730545c623043b1d8e",834465712.19539
"08451af5a81fd6a63c4012cd",744028917.919092
"0845e73ae95dbd4aec3f1f43",706382196.353804
"084de1226de9a6f4a6075c2d",764510640.217408
"084de965e32a2a65bd3aff5f",790174252.119881
"08513fe1cddb2cad74874a59",479822901.627157
"086521dbe18727963538aa7b",710958327.780986
"086540702ba0876c0c05c5d5",1125626593.83568
"0867853879129bfb46dae700",1212872937.23158
"0872074f7bd512dbd4609c85",440055414.694518
"0872198056be7edd5eff220c",892257905.678572
"0878a639ab8e6b6e69a3df41",769428881.197453
"0878fd8b66aeb22f6af2d7af",822940751.131002
"087b564ba475edbea431d4e4",767498546.522313
"087caf4bce7b0a3fe3c47dc6",1066543113.872
"0880b703bf2064f59f2bf20f",574181244.651771
"0890a0d20f33b9af2bfe488b",705565480.119402
"089dc5de66c6c4132734b9c0",698736204.383468
"08a82bb9fbe4b7abb50cece1",734519334.050203
"08ad96681afa49c74721daad",786655046.104449
"08b09c586530266c14e611f9",642481341.916294
"08ba99aa6a8ee752209de6ae",802826427.46864
"08bb88dabf0070f72a801a4b",779299277.383675
"08c1db1e620e975c4d476b2c",616011938.567017
"08c61259a756e617d976e8b8",669299926.705459
"08d0615cff29645ee70e20e9",876558515.33823
"08d4fa42a34c74c94db5080b",1105471310.8066
"08d90f931e7e0a6f43c9d0e0",965244938.861991
"08d9f04bc4ebdc74e9d80b16",1132184891.97445
"08db0ce5cd15db2404ff3d28",798763713.007784
"08dbbd8d672fd09463c061a5",639178417.228524
"08e1ad8d1f0be0287a395ef6",837581608.164446
"08eaca41f26eb387b67bf30d",1300804451.52751
"08ead1ac0b9b30c2a72db17f",1294986483.45034
"08f1c136d5a456c0215ebea4",790648589.339666
"08f35bfbfe1bd663c40d9e54",775585579.353513
"08f6bf438980d55b35ce7537",1305738248.71762
"08f74ad7f06f2c409903ddf9",865054544.025974
"0901e845b6c56d4761377a09",708386404.197798
"0906b6a88fb1eb0d7bfb6bb5",484518413.530829
"090d371309090bf83b6fe0f1",788352729.76279
"0913364c688d7375d0f7af5d",463409851.922672
"091f6342ad934f4e7f84045d",1156130273.33655
"092045750c36a8945c526a12",505273009.409082
"0920b2df9df4f0e509a7efb5",513243790.454646
"0922cc27581d9058e55a2239",640977803.611658
"09254c66d93cbbf2675b775e",735441376.063781
"092b7b5bafe25bf485de37a4",561629963.603882
"0935e87627068206f6d9c0c4",657020313.635546
"093a92c6846c924f88ba8750",996465244.004525
"093c849ad2bea8292c4d15f9",733124714.117911
"094da6ca19427f1a943105f6",1161178057.1471
"0952c73b02dd5432aebdf2c1",511072324.784946
"09656004f0a7f544580958fb",1316534825.28169
"096912698fd9a59d94935478",785946215.61239
"097314d920292b46eab5dbc1",819677244.710863
"09759befd8899fc1e359935f",884899596.548295
"097a1a08a389439cc2c760f8",353192777.110291
"098327587a877bd50df27551",738677435.838373
"0996cb112fc3919564e87c37",898315134.54941
"099721566fdd0a32546fedbd",1100418307.48455
"0997324f14c5823413463546",1012707632.32026
"0998999f12dfdd50c597c6c1",1091153457.94756
"099ee1a7c91105ef46b5e7e8",649713740.248455
"099f07f9ec4ff6d835337f86",496636903.181366
"09a5fd22f920267b464e2a00",700331062.637088
"09ac622c303bce9ad5514442",493898934.475868
"09ae7df5577582ce7e7b0aa7",615379999.920303
"09b15382686c42fd89b24285",1049929925.53281
"09b18e3f3cabb7d5469a8d51",769259738.661257
"09b61cf8ff3ff09ac892d073",754665995.925872
"09c28a830f8093802384071c",854192143.452913
"09c4d4b5d1c0118d877d5734",1008411398.12917
"09caddf25db3ac8e1a98565b",1464805407.29561
"09ce36a03c52d6721bc5276b",655985594.625517
"09d4b5b5c2f97ff88215708d",810521923.704878
"09dcdf0b8b37c1d537b9fcf8",720269588.14231
"09e0c3a1b90d46c361007323",506456057.17042
"09e4397bf9794fe24d87d07c",685291615.000172
"09e47ad8508e7cfee83c6d68",1115196014.6678
"09eb808ca3859318d6328db8",595565444.349515
"09eeb116cb0944a28742d282",1166994947.57053
"09fd7896d5445f422892b196",757869403.939624
"09fe153b0027697e58bd08b5",418611794.252447
"09feba43c0b8f3560fe09be8",1166321998.71101
"0a00771ee714a2f3f96c31a3",683220893.690814
"0a040fd24e23a77f0c58495c",773690622.743223
"0a0e3ee960f60d04ffd6bc0a",928424646.70462
"0a0f206f04bfb10c137388d3",1262297189.49213
"0a199d5741b5a6213b39b793",717099855.635584
"0a1af9bb571b90233856289a",470504808.058622
"0a1b14f320e330b405b27a6b",878271393.082157
"0a1b1a3d68b04cdcb2d757cb",1006989394.79399
"0a1cdd0d5c3c8b973ab1a98c",1171132984.33948
"0a1e6a95a0f9598150c121ce",1299884425.06365
"0a231779f131c36d8e6910f4",699270396.453932
"0a268e25a5f3a0bfd8898a40",358385050.43687
"0a2a67e8b310471b115c60bf",712539415.922844
"0a2f7379cd1bed7d2d2d5a01",1011674136.45729
"0a2f8c8ca6094e6626d4e8b1",714706922.349806
"0a369278a1ef6f5e9d79e2e3",868938833.026746
"0a3911a1a9284f2ff81689e6",844750971.871978
"0a41279a5ea9b92bf8cb79c0",918552592.607929
"0a45eb817938241ca988c2e3",1002094379.70027
"0a482968c7cdf212401d72b7",837749856.005491
"0a4b0a004c894654663bdcdb",1082053689.28727
"0a53b0b7c365879a6d2cce39",931826948.544097
"0a5908a92d0ba3e36f54b1f3",383295371.945743
"0a59b506798fb96edd7681c7",890762325.479743
"0a606d19ae362a58922b172e",604863661.592492
"0a61250b2c208d42a3077bde",769155252.44717
"0a6966f19bc2c303886ca82c",1029721247.0994
"0a6ade3bea1768aab76680ed",945961394.989415
"0a759932f763df64a463ac18",818887909.493598
"0a7758f69ddd8fb27a839661",583478644.792163
"0a7fb26822c2ca556f62a257",678981379.971366
"0a85c354c48921e0ca202d15",1286834978.92959
"0a8aaa78f68d43e3b1bf6c51",769566498.526895
"0a8d749a2336d8f66a4f19ef",626597088.697619
"0a9e4dd0eec86037a36fe769",737405079.385836
"0aa1332c56bf357f492da2c0",461345303.959618
"0ab4a4b8adda35f634812221",1212425570.82272
"0ab6e52af85ebf23432d7698",690754997.616582
"0ab85344c5fe6ccb0edb6313",1104586658.06731
"0abc98f7ea1e477c6fe3425c",1013748185.24585
"0ac639a7c5ec115b3df8111b",1022603420.88036
"0ad01fb039a198262ec59b72",1024778009.97601
"0ada7044c5b29925abc90879",729535500.821384
"0af13e27cfe9b8f237a9949c",717506606.596438
"0af466463f2cf50d61315da4",763788791.152983
"0afc6cbb60f34f1cf00fdfb0",812152122.621808
"0afec1b2e7060b99dbe41a10",552525898.869143
"0b06da0ceff947975cf8951e",971336619.963158
"0b117f10e699f10f97a7e7c6",947803288.957821
"0b221ebf810f632568c1e2c9",510008163.58058
"0b3021c156324d1e7974ce3b",1520408998.45442
"0b35c4a3f20cc0eb751acbac",470930843.812432
"0b42bbe66e438fa81a2ff77a",686686605.356293
"0b49dedfb53ec812962e31e7",738648947.232643
"0b4b741487c001323f508d5d",1007146673.48895
"0b51fb3a65a86d7799f27264",447244917.370751
"0b54c51a787fe58bdf677658",1236257204.28618
"0b65098a19c2fc1caa6577ed",1173328704.15581
"0b67da6d74bb3998c80893f4",705817296.239925
"0b6cd71df4dde546e665f865",798756233.959198
"0b6dcb5c1952dcea931e2c20",683037846.157445
"0b6f2534f862a7ef551a116c",788460637.16891
"0b715ccd3b3e01444b855857",498003696.330456
"0b71d334a6db66cf6f1a8eb1",758126780.618934
"0b7c8732558fc04f4fc51ec1",1155104364.417
"0b829c23806ff01a0c84e9a9",995354502.112423
"0b937a3ea4864896b744108e",343496517.725995
"0b9730cff49bcaeb4d703c06",670999243.142981
"0ba20e953e8e76add161cd6c",519596999.81186
"0bbd23df46a4ea4e4734b680",958302189.492415
"0bc16b384acd3f8263e386de",1013392602.56614
"0bc8475715e42b752649b4e6",680438204.91476
"0bcdef6d56052acd2afad93d",431657761.577554
"0bcf7987c4b0ba485c44caf9",870662827.518757
"0bd42f8ee9d36dae4cf35886",418041115.037395
"0be57099d9c3ad8a16984861",853332600.121024
"0be7803a34b11d89133beaf4",1024990175.25901
"0bf9fe130da23aea7142bb7a",666566029.803622
"0c017cf9740cb67d530267d0",683033752.679384
"0c068dbfdafa3429c71189af",776407340.342638
"0c12f73305bc7d72bdbd9789",625026522.837658
"0c19c54de06d1c139df99ab0",717545062.635915
"0c1c0ba7d75dc4090b7183f5",1043928397.99998
"0c25a552c34e114a1780739a",418221652.360811
"0c302f1c924f8efe0b6bb58e",604008978.465005
"0c37c0d27631960f9e0fda1d",902310378.964486
"0c3af9e0e9c80a68acebd041",918765069.889762
"0c3e734afaa6b7c370754082",787952578.147565
"0c4781c598c06d538c5fcdf7",963562141.836183
"0c4afcff5f5a90cb79807682",887573480.463868
"0c5067ff99e15fcf99792cbf",996083963.870344
"0c61a011d7fe0227be2b3575",772118298.663344
"0c621256c4d7ca81045fcde2",903544283.693692
"0c62d4d501a426cc8fde0c36",888639398.638546
"0c7da0c2613129bc322b1da5",1077033447.32738
"0c85506b301862fb58b467cb",617558890.540349
"0c8b133effcdbcd49d52add5",1096951137.45001
"0c91369119a06c40623afbb4",499914706.72002
"0caa7856aca178f826fe90c4",835827767.797814
"0cad79296edb4b18582dd77c",848296376.798537
"0cb4217cde38e09571fa73ba",1157585607.46275
"0cb6801c9b57e874102ca349",671947732.902902
"0cc2f3a49dd703e7554ba638",1015798742.26961
"0cc5caa9b48a835c92da7653",733451881.839484
"0cdcd8cd52bd1967dab88a5f",529092428.652435
"0cddda1c211fcdce819d5f8f",567108126.416201
"0ce068461fb3bf34eee000bc",720172841.29811
"0ce9a7d4b0682dbbca68e070",701201624.660093
"0cec193a20d720af010383b1",866299430.463935
"0cf7a6d43221664a060ef681",738175910.645708
"0cf7dd52e117832b4698b310",680670419.57038
"0cf82b1128ebb8d1087b640d",1215573458.93157
"0d00fdc440d7612434a6b91f",552305200.850481
"0d027b81f8391d73fe0046aa",1062343153.83231
"0d099b1e1a314dfd9aee5293",626257762.292565
"0d0f8ce05ebe99dd3bb7b23b",1018493811.61471
"0d130b8bea4321300396fa34",1236015479.36551
"0d173e7afc8f8babbef6ae97",976025407.522688
"0d1ef14606c58310cae371f2",513386027.396358
"0d24fc1c5deb78eb1a0caa51",517381411.35544
"0d2c4bbd8a4dbeb6337b5c14",593996895.98803
"0d30768d188b6bb53d599ea1",967890927.764829
"0d3245463127143a8a52014b",1126652317.8882
"0d3bc6532812ea618d154bdc",711607191.068815
"0d45e78397d4bc0d363be47e",612549543.034844
"0d477acd9c95e9ec63839a53",535113813.231886
"0d50b435188b7830a6949026",497302504.171146
"0d53bfcecf0397ca27e5f78c",830335431.02239
"0d63e52a47fa884e36f10810",704589358.01888
"0d70ceba3aea278cb4a2082a",1153103869.45575
"0d7d434afcc5e93050e0b86d",1124697971.4495
"0d8074979d302868c2534262",1035391590.2202
"0d8b0ca08838d1dac052d51c",1119991803.64907
"0d8cda2859d9903f6202af54",601278050.015851
"0d926a0b5ef567c627a7eb0a",1168812042.15307
"0d95d756b838d3a319277424",450564837.668709
"0d9616f0ac8b0c2e9e0a97a3",561056718.96204
"0d995f0ad226dd21bc96ff6b",570939057.899791
"0d9e73c14529fa3f1ec8a56f",726775935.512234
"0d9f91cbcc9339146bf75bba",778793349.356595
"0da10eb6093728074b34fb75",1034879794.71423
"0da2a849e0f83b17b006e50b",890092997.387206
"0daf89cf494e0f40a94d3e5c",995574920.033093
"0db51d4771623f5fc1026d74",527369059.140878
"0dbe463995c605bcdffb133b",539489685.80509
"0dc2a023fb6c5e0b92d86ae2",606505915.935688
"0dcc222d83e1bf05f2c2c090",867386451.61503
"0dd1bb83f0f18af30da139f4",880326691.557665
"0dd30227247f145bae82f96c",1182492855.31955
"0dd49fa8bb7be52b851c6dc9",946218544.266762
"0dd510aaba8036e8fd9d667a",1025039162.57332
"0dd795526c080e8efdf8eb0e",719672936.058728
"0ddd21dcfe89f72e2246ed79",528348348.193513
"0de34892fee879f449facb19",786731228.302742
"0de426088a306321990cf60e",457459871.557929
"0df87025a6351b435958ce95",1170898087.42545
"0df96c81adcd6fbc2f7141c3",651633065.98948
"0dfc7d77d3dca86a221fe62b",1233479958.75018
"0e001ee8f27e1a2fffaa0225",1043998155.55422
"0e04f84529d92f2832ef986f",471236366.016995
"0e05eba6eed4e55e89dc5f14",993268327.581784
"0e0d19168609ac1d75253edc",522713746.019162
"0e1bc8ba1953ec8c28e53b9e",754015246.567739
"0e1c100d8e57de8296363d6f",469406253.506589
"0e1c66f843e06f14d7264864",585449298.741773
"0e1fbbe248919eb71e53ea75",702766603.599652
"0e21abdf04b36e5f6a1fc337",1384605648.07059
"0e22a41ec27869c8f83f9be9",1131100454.52128
"0e2a5d040f6361adb9927388",766205931.473748
"0e2d6e5882fd3b4eeb9ef286",780314546.382436
"0e3067f71dfb9dc2e03bba59",736382333.76423
"0e35349077490a01f25e2ddb",1112177531.24102
"0e3f82238c54e85ca4229977",617222678.050613
"0e49eaa5cde9375b1f026820",614446682.897117
"0e51111c47813a0b0dd51b64",746044981.812471
"0e5db1a36a521a5d2912b238",661767034.283603
"0e64230b70f4a227b444115e",754968844.664249
"0e67ae9abf1e2b2f66a91a28",751771966.142317
"0e694269bbff1e45395190d6",1029099579.89724
"0e6c74a0056ee94b10bfa86a",693975973.080164
"0e6dc789744b678028e74d56",729814837.453375
"0e6dcbf136294f2a99410052",939617584.577379
"0e776964ba3733f3ac18a7a0",881808752.405337
"0e7dbec40eab1b3e5c6bc665",866601944.241038
"0e97f66cf4208c1a57d1fb17",565204146.997272
"0e9a5ea81f6d91038d8711d9",656137623.629498
"0ea1a5d32324d270cde1993a",727082473.411639
"0ea201bfd515584bbf72f902",1068797732.12948
"0eb7c68fb7ea1e58f3e76345",912881930.927691
"0eb8f10c9d5ded1b09f60baf",845694087.815834
"0ebbe9d3831727f90d677ed0",1189336450.3422
"0ed0dc77661be57aab63bc83",678865572.759386
"0eda675541a035b1f620ccc8",1115724279.15785
"0ee7273686a0a92fbf48a383",1295464313.56755
"0ef36d33e6c378c946b8a65e",581664647.571672
"0ef45eb4356e2f0331ad2457",1005692416.30655
"0eff08cf4bc42dd442a70231",892896675.796505
"0f059b39ca45bbbcb996fa45",635682152.778109
"0f06896d7502890175cbc4a0",957651746.705675
"0f0df5694eb388d843e1f17c",697685993.799557
"0f10d20cff5664f9564bc88f",1366319707.02163
"0f15a78ce3ff90b6894fe3c7",720432237.125827
"0f1c472b94feffc41f1caa44",602720786.44533
"0f21ea53a480e4363b8d7aa9",936506158.465349
"0f2913c5aa681a2bd45a5484",701193022.368305
"0f2aa0d9fdcfe894caa8fddc",812765384.428412
"0f2fb3cf22613a339c88f7e4",892101942.500535
"0f366a36001c0766521b9dce",519801095.312658
"0f3b424c398a8e8b53162c37",912870061.988934
"0f44b84024412099f27439a7",486830677.256169
"0f4765c8929a87746217e957",966435226.032405
"0f4abd70b68453d3500eebb5",381739710.994717
"0f4b077de4ba5f5db6fb0065",676025130.212681
"0f4de499e5bd2c57fcc75013",559826753.797325
"0f601f5ee798174ea9d52caf",840485960.301184
"0f679cc583a47b30ea132bbb",900563354.545676
"0f728f676325ece6a001b4d5",475719814.307475
"0f761aab549e7f6bc025ab0f",917044476.463368
"0f7e28b6efb9d550ba28a1e0",712547306.644403
"0f8ded86be8d3543a5069b6f",912357737.359095
"0f8fa0a074b743c92f0fc56f",1275356320.85282
"0f937643c067371018c8deee",1005097869.40808
"0f9867abe3ea0b9c5363982c",825844452.647708
"0f98c4e431100aa87e6fa6af",747079210.662102
"0f9c26956bfe983c8c7fc227",1431152515.00025
"0fa87864632b7bbbd161f879",726382624.475187
"0fa99fd0e8cebb71a3bb0871",565046155.899609
"0faec12daf0493a512b2fa0c",1623013028.09889
"0fbc9e52ccf1b7ea8136cbbe",830438529.291519
"0fc7d98f75bc1c0b782a328e",974276242.772038
"0fca6767d8f442da1f8bc6d2",470975952.517274
"0fcab263453a9f196468e552",958469777.11029
"0fd313e5a0f02df07eb6b104",448694029.852105
"0fd954262ee740999c31d407",373375926.947402
"0fd9a2a99c44c9e5565fc17b",1019803127.03839
"0fdd03a2dfb18e323d96f468",944689989.135254
"0fe23ccd8e42605f4d9f78a7",438852072.356353
"0fe3dbfdf25d4b013b842b51",816451689.808904
"0ff24418ecb6888dd8ec734f",1098604401.20943
"0ffbcf7d58378c85b4103c7a",770985103.14543
"0ffdec8eb5272d9fe4775251",659939070.493743
"10037227b2a24d9a72ced322",912833967.610036
"10084cfff54a17bcda6f19d3",1228002021.61855
"10092cf2f8afb3658ae475ac",692829315.066094
"100bdfc998bbde3d00548bdb",1255149917.56598
"100e9e2623cb0fc52fb08813",973001476.309787
"1014341bbcd2fd5775631f78",696871633.413147
"1014d3a98e886e1a7358e29f",812812136.660007
"102434eee07ed18268857a9d",1199836850.97821
"102de0a5ee4f19454b922b96",687584708.167709
"1034b1af0331daddad70f3a5",464230872.631469
"1034ee7a5160fecdb5e8c27c",721797159.242911
"103687e73b0528ec29725f1e",584610090.174071
"103f6eaf04b44c4013acf097",1232316960.28108
"104722434c2deed04a901aa0",480886792.268046
"104cd052884247b14d697673",545190247.255152
"104e960974eee31e7e0eac6b",852311272.898916
"10563c278e7ce8eb2066d398",998223166.873168
"105bcd15e02d39f70ec2ecb7",432419701.128376
"105d05ab3d5334b976e448e5",922288857.430128
"1062419f9cf94418ba88b6b8",654120487.43535
"106ad411e13ea21ad68e5f59",1166297701.04847
"107e76f0c913e19217662faf",840273666.723459
"107f29b67164ad6861cb7059",1278484412.10598
"107fffd601a2bb7a3e4a69e8",769580523.539101
"10970057efd092c98037498d",571928827.980887
"1097d9a61690cc58a4b91e62",798469090.180572
"109bb36f29b223a81dbfa340",851436770.437028
"10a650e8cb5425c97f08f68a",833726186.523678
"10afe23f1f58f96422c97934",418851252.510432
"10b7c99bee9a4a21e1f32d50",824219885.893668
"10bf1c2d1124f6d8f8b9497b",1067325329.13019
"10c836c2e566dfe9edcf3d8e",1329705497.67557
"10c94f25ce3f7532bf4f3152",1427583413.61239
"10ce9c7a0a58aad19778e5f2",954224877.712481
"10d01825744060a7b777ee4e",825292359.405841
"10d0506d84d778da572ec635",793759728.855329
"10d47d2c73f0ccbc97979bcd",627578966.308363
"10e5e54ab66b58b3f41ec381",980367242.264457
"10fbecd8de540f1fe4c57b7d",421526839.437664
"1101f533fd18cae5d32c1cbe",994243593.199258
"1102f91444b8e1abb636f1bc",1069974035.43811
"1103c663f6b5ed0309a767b2",501341655.760987
"110539d2ac34e5180e3fd95b",983579348.965049
"11075db1cf9899c8640e1b90",775585579.353513
"110a2f124bad0f9381edce7d",1205273730.76451
"110af3c21ecdf156898c7c0d",1156245273.60089
"110d49e1d79a3534e146b300",890026903.234321
"1117078fa37ed101e9120923",883163077.395654
"111bf82100a6fab0c9ded743",784617215.270118
"111d509185303ed970d710c7",1069900340.72293
"1122a042822658cb504dc147",784617215.270118
"112d996c4c0662bd13af3ea0",1219087093.64212
"112dce80bf512f3f24391d23",810826823.155108
"113887ac25fbff9d30fe8d35",700409665.539789
"11429e0923f804d7dc5d27b6",954079926.227957
"114318a8e5822ece53ad897c",499278471.062046
"11433baf7716402e8c58bd33",945164766.740314
"114436e00c03b44096823522",615741032.35228
"11444a88bb3b230b4feb5b58",731050837.759897
"1163ab2c0bc8c998e121b922",642055581.889805
"11723d1d472bf1a3fdd8b72c",1273993519.78677
"11727589f7c66554e9114407",738263186.241285
"11734add51785f1ddb999c5e",687700717.356695
"117f37774a78d65f9e68f906",592148824.002993
"1181e18553eafcf5edf6fa05",973298702.664707
"119805b72aeb50f05d3a5bd9",746114057.96713
"119833a13f3f7df22d2b270a",760317509.698918
"11a79681fb0a3f6eedf11d1f",747516155.827128
"11a905e4e01e7d15d35cbb82",684231352.123242
"11bccaef3431fc17953eb81c",1046014297.97063
"11be39d287e5a8bdbecb5994",777078415.363432
"11c4dba68fb47eb9c49df169",561885507.759013
"11c86230e62bd2c9ba44131f",1110494336.08401
"11cd643195dbe5dd4567b62a",1030365885.43874
"11dc32d92ac579720303c019",837867556.240538
"11df35a3fbcef34e47747e38",557156427.453581
"11e36a3effeb0119b8bded5b",860326373.520984
"11e4350271e9cbb37bcb75af",456432557.808603
"11e6e5ee92c97e31d34db891",992533904.755777
"11f8f836e5626605ee4b41c6",1036742141.46664
"11ffdf367d817b582d590db7",632133254.148052
"12062de068acd322b610fcf1",1021335773.22259
"121cc20fd81d6322f56d5c53",835998983.055399
"123106a60208725514f3a343",795215784.563735
"1240a616080d6ba5459335a5",1074431942.87303
"1240f50cf2d8ef1d8713e671",570025541.572439
"1242d7e61857ba8ad285b6f4",883839865.530343
"124959d1429de095473bf5a0",653005931.243509
"12501015fb631d7c10ff08fb",1073765157.99248
"126f4d890004b8035a7de091",1001360499.47123
"12785f791e04b3a49547fbc6",1015118095.88788
"1278c9fd86258bcb435e7127",734940220.443198
"127e08fa99afcaa339eff684",778085202.042532
"127e197a2f70e7ddb5dc92aa",612927389.811574
"1282e129e1a355b161621dd8",839277313.324492
"1284d7ed08122731aa7c0461",473905611.870939
"128cb9247755abf5f2801431",509554015.781536
"12a63d4fcb56c1d690e1bbb1",818256259.187473
"12bb70a95996dc6e286086ed",802974529.116956
"12bf6b9badebc2902cc11c62",570025541.572439
"12c7037cfa63de49e984a789",720807335.119927
"12d1678bc86ccdcc8ad756be",1140626960.2381
"12d40725335f83e2fb9b937a",806830363.832104
"12d73fb8f4ca87b19ca46231",749796921.241913
"12db154d9d29cafa574ad387",531336990.137947
"12e32a758e15fbeefa255207",751511899.714065
"12ed2c22a923c840ef616a3c",1050874170.03899
"12f9d50fad58e4e40a187d98",911935214.248954
"12f9e1f78c630defe302f781",781227673.288687
"1308dad458274c698b2fec72",741636062.762089
"130a119701171ed3c439c527",679434489.026161
"1310e9cafc0b9fc21c212f73",650005975.18697
"1338e58f7dcebf5a1ea59388",775103640.289837
"1340b0805cb34eb9a982190f",688417788.698425
"1342c307971094041c9c240b",903942632.304578
"13477d8ef90576ca84258984",445273406.313278
"1355fdce5b97bb36da15734e",1264185297.25126
"135ca1dc80ae4d9993ec46f5",649346085.145582
"135f6f92c4ec95847e8840eb",542077573.300545
"1376058cb128a1c7729cd2e9",1072421230.6198
"1376106ebc19c929df27bb62",664952472.311137
"137baf1609138c6ca2715c7c",498006005.673833
"1381c0399ebbf19db3a11820",636585050.370254
"1382140d8fb634851d4d210e",1371079592.96152
"138a1990291ba31024455eb3",1162016609.7209
"139331d23d9e3c40cf083a7d",736754646.816422
"13a44ce5066ce00846b59ae3",1102962504.931
"13ab6a062601d40843de37b8",959321265.790163
"13ac95652fb3cf6c43dafc66",573922182.277524
"13adc7946bd4e6e3e4416e52",442170226.345647
"13b181b46359620191e6e4c1",490103551.45268
"13b3a55d79b79ea89a73d21a",789388803.497959
"13c39860029403ea94b5439a",974961044.048253
"13c51ea93d19df6c273a1502",745073898.333544
"13c7f3592bd432c7cd0a42ab",741632360.541839
"13c86cdff4dd32a9f8b9adcf",1050970114.22711
"13c9960a03a1c446aa5515cd",590186613.703717
"13cf784fb3553f75acf25a4b",494179404.98703
"13d08f7e14471fcf517c204a",457287727.511168
"13d43933e04c3c7a9e5071cd",837448733.846043
"13dbc077e552640736267a49",361991512.118402
"13e2ec0a12c8a48a753b85ef",651098402.50629
"13e6c5cde1004803fed93cfc",775024827.268718
"13f42390057bd294cd787822",779999477.119224
"13f681a090b36edf38a4abd0",655939708.52885
"13faa4142e9d60412abb4184",446846977.206606
"13fc2dd1cd32d9cfa457a5b1",815551564.975123
"140a0002732574ecc516e9a8",1012920843.04853
"140c4de69883df9f3fb3a538",586571229.314599
"1414ec3cdd3f6ab772fc7584",729770441.732479
"141ac7bbe9637f9e5142135c",1261718964.46361
"141dfd80a005f7b32bf70375",893858639.899503
"1420543e2eb5f38e4d38ba81",1550221783.27299
"1421bdbd9cf7572b799b732c",937433955.855608
"1427aec89ee9564b95e93cd4",504289445.068597
"142cf530f13cbccc3cc9d0a6",685209185.096391
"1432cf7de2beb14fc7603ae7",985626064.014388
"14331a3db021936067b15890",649977156.289262
"1437d1f1601d26a3dca7594f",770401367.211317
"143ca16847cc47d4a4c01ac0",723872342.798177
"143f07eb2a8f0a9e26fc4c56",1078939119.93371
"144162ecfcba71bf09048dae",935777705.565792
"1441a28c376a20c90d72cfac",681349397.866817
"145a241c80430b1e4ddebcfe",959562423.850477
"145f33a8350a080231306bd1",739546294.37372
"14611fccccfa2a6499b2acef",652914992.343111
"146a5a4f3d111dc7b955ce42",1256013164.76507
"1470749d0d2551a93827e441",703898606.097751
"1475cdbbac4aa486266e439f",679826448.107986
"147de03212e554abbf3fc3b7",971086356.310776
"147e7f5381d3c951fc446376",622099138.932823
"147f80fbae69dd577ff19950",800749711.760297
"148aedc984c7f6831c7f9601",430293316.099069
"148b157ece514d99be0a7f93",362998800.841684
"1494f223c9d3ffba26e42738",1277477998.60001
"1496d159d31717ce254f67a7",464639327.910394
"1498ce1c1bbe2e89b84a4a45",1008452379.08562
"149e49c22fa0eb163a36c932",821275787.951037
"14a14706d405569501327924",413805975.797754
"14a55e5887af840860b41ddf",413042279.884257
"14a5bf235097782f468fbf23",810097069.415074
"14a8134a56af1b328321cad4",859454624.006061
"14acd96163e6b3e17177f35b",756970725.672277
"14b81320fc31c7a513242171",466124292.399396
"14bc234ffb3ff7f974afc8e7",479453309.468419
"14caab87a129f51b2b70508e",695481103.530115
"14cd5f188cf6d2433240b5cd",696628476.400023
"14cee0bdd9dd5537b96d0786",935541796.880277
"14e179618d1a44c5c55e23e6",663962877.729983
"14ea4a7c57d830eba13638b1",878697074.108445
"14ead7469d05e5eacce6a575",568301739.583852
"14f1bf9aa68aee1ac094097c",830688858.361364
"14f9ab54432e5f54a50be4a5",423806429.02335
"14feeb619f409386e6eaeda5",461210020.487233
"15005fe7eb24aa25b9e3cee7",814861547.551313
"1508ebe40f90f90a68f6dd69",668863111.540146
"151a16e94d538a7a6d658ee0",639094418.450788
"1533da89d388196f19e2c5a3",951210764.302303
"153436858070f7e724f0cbc1",846444937.99171
"153c89081fd85dcc66a02421",966022743.269265
"15515ecdd35e9f175842a738",875225534.854493
"15537000b6806ee84d4615bf",1141503854.97338
"1554f8aa4c8fbe17e9e82d0e",889973374.405898
"1555743ec7e2f38904852860",753327537.201964
"155a8e4186d1626fdda4d0ee",1076932871.18407
"155da5ad9ad19d57a7632cd0",803796183.704235
"1562a23a312478d7a05a33dd",934456667.729149
"156a20e2bf9e48b9a360f9c4",655429492.24577
"156dc81d6e14a71716aebcab",711006862.683447
"156ecfd8ca6004281b191db7",1189308769.892
"156f706d1d30de19f7e369ea",553537481.215041
"157195fb2358bf2d5051c439",817565681.232801
"1574958978c9b5d23d9521b5",684315603.733029
"15a3e60c7a5d55243057d7df",502172722.252546
"15b57b0ad8794d64a2784ce6",711359383.147405
"15c4aef8401208054697b81e",1131045736.67706
"15d10635d71919d0c9663fde",772615243.663166
"15d3ae51558bfeef80b9e97b",684171905.691545
"15d910dd93e0aec22ccc2083",1278012845.00058
"15d9a0353ad54798ef95e0d3",1155645783.11399
"15ec532ec6fb73074b9b12c9",556997233.412557
"15ee6357e02b76367682d6bd",1157098704.5079
"15f02dd18da12f4d7b0ac2ab",505457541.057904
"15fb97d6a43731d61e95d004",1077649047.82162
"15fbd295328ad698d3c76aec",1038534602.9723
"16194707d4e85fe332411bd4",878697074.108445
"16261339c3a99635717fcda8",1191394482.32288
"16263617308958055850aef9",1126029029.2825
"163228979751798ded8c3fcb",548664130.630756
"163405cd6248bc3e832dc93a",706967479.570737
"163bec92a997aa8263f5a909",995874310.62527
"164cf5fb9a759f2e4be67b6e",942082451.448278
"164fb89266e40a2530400599",512061484.324424
"1655a92b20740a11a5889519",678095281.885097
"165fab7a9f8dd404cf4e9d9a",559379966.783776
"16601a92574531c1fd57a359",838459658.781188
"166ae8e3d0704209d6715240",817427290.370804
"166c21ff83e97c6e74169d92",1012674265.04993
"166e1e60acca831bfad07736",762915820.28177
"16716773b2a43df0332622bb",525370520.640346
"1672a21e6b2d8d0525df1759",565870334.046664
"1679719f26e7c650f24eee6d",665593605.837671
"1689c3e3982382e27a4ae074",788594089.716825
"168f81689afa1f055d8bf7c8",847104765.664622
"169013bdcc2ef214e0163ccb",543361931.515975
"1690af2e30b05da545f1576f",1275952809.0841
"1695225258263bd2f463b21e",697974213.626312
"169c742419c0d4335d09fb45",872098268.796377
"169cdb07bd175b4325fd28fb",449172643.218815
"16a05fee8dfbe78d26664c3a",888917740.32081
"16a40e3dbfbb9c703e04028e",840956778.776134
"16b3311b337c0cb9312ddba1",688417788.698425
"16b79a8af9d6376c73c2478e",1078193510.21978
"16cc5c280124618cd5d00027",684345148.60202
"16cf0d7977ed97d6ae8d2cc5",1145129454.50312
"16d6b756f5ebcacf221918b8",876152760.472182
"16da41b1128c039ff8f83919",630557909.567468
"16db516a238934a730ced1e8",573611265.110636
"16deb26bf740fa61e258f545",1102225578.68153
"16e62269e6aa2ea052d05f71",686920859.817709
"16ede6f8833a93677d05a131",587781020.980404
"16ef7eaf29eab571e229e537",1389552212.77332
"16f60cac352cc0d668d226d0",465167026.785388
"16fb51fd3d35db53eebbe5b8",1085942180.68618
"16fe92ffdb7e1aeefcde80f4",825928764.721701
"17005d6ec889a947397ab980",436692240.804411
"1704b2d5f4a33401fb153608",507985927.939833
"17056748001fd65cb961b384",1169652652.31252
"17060f24d81fe2661c7628c9",835698824.082986
"17069e9f4ba45c93738b109a",581611632.621165
"1709b1446b20b21482dd2d36",947978135.256562
"170a69c11cf4f855ed015bed",1152511650.75714
"1710873f951e7f695fca3568",928404305.492293
"171149ef76fe0a2074c5bf69",848842876.224698
"171b560236ce760573a990fb",1193444615.48799
"17230f18b30b94606fea047d",415862256.422615
"1747dd033c2c2769974a06af",594501083.181096
"17484950b143d0395907ae6d",672486834.691127
"174bcb77be3b7e408e61d7e1",861409837.822396
"174fa597347f2b1d3e9016e3",668946876.04
"175590951b6f8c6b8b4af9ff",476700747.227385
"1769a8ec5ec94aedc397b4ae",481769979.828064
"176c9a90fcbceb91569fa3e2",948599967.062656
"176e00102fb65cba56279287",631015029.519366
"17707d66753c1eb0aca28926",587434901.692343
"1770bd5b0a07a6aa785e0caa",812114781.327299
"17821a9cb766b0f3ecf24e83",774457583.469393
"17914fbe0c3634dae8ce9d71",769100460.231538
"179bf83034539c8a391e0310",784717477.889875
"179d467dacdf674a66c7310c",940763228.492845
"17a2323b855e93533a9f09f2",816359630.691032
"17afbce5c0b56732abbea936",1193653652.56499
"17b360d57782208f5afdfe4b",919639043.774426
"17b5e8357e17b516d947ebe3",710436750.661305
"17c0a8fd3a2c8b5b18d61e4b",763196798.985473
"17c8b228fa2591e3a234d55c",688875757.516052
"17d0418e4a439e9de8006f5f",894433936.935439
"17d0e3208fdf10c77e95bdf4",581844711.557707
"17d0f69ae2c4f1aaa1aca9c7",574262355.128843
"17d311554f40ae8b40234c31",840219959.236718
"17d34f9cb105ca5010191142",1108900840.40762
"17d51fdfe8fd16185bf5feb4",697218892.25302
"17d7986a62e0b066e4e5530e",832438464.498532
"17d7e6d321bb7394546e6b7b",648042964.210286
"17e5796a30da5eaf310d02b4",694294632.381737
"17fbebdfe6bc0618ecdd247c",1143611396.62712
"17fed4a312a9b773f64861d3",463759201.681484
"180172e4eee8ba756207b3a8",683668936.460809
"1807debb0a0b590b9ba4ebcc",965215732.675723
"181caecd269e115cb5cfd75e",645062245.321014
"182077fd9c5142d503309490",586594408.902601
"183a8459fa248605b8b5bc1c",768235955.545326
"183d99d88d1e7d995180918c",514530741.731495
"183f2cf1a1c7eb9700b6e72a",1371332523.28462
"18420ed4661539a2d72ff400",866947071.491727
"18531c57f6dca78763d360bf",528708175.897885
"18539b6cb6884f753e0ac18f",1053038057.37006
"185b333862e7420f25622efa",879302169.376468
"185dd9366a6dd1e820880917",855261564.263447
"1862e0c4d8e89fd2302ab376",2119280437.63049
"186d4731b3af01bbe4d08b23",916911380.822441
"187a143dbd6d4bd81d6d9c32",681582099.406538
"1894346a27970572aa703cd2",824410982.73627
"18a74c9a49ad381aee5e02de",706029978.850759
"18ac3368b1f6d8f7171b07b3",1077146136.16581
"18bd0dd7580f2a7cb19a90b9",624849839.411673
"18c38418824075acaad8f960",596520575.51002
"18c8dc4549d38c918af2972e",1184197404.38505
"18cb1adb2078fef29a613a96",620049635.938844
"18d5cc463455fdb4d443a6f2",643464525.413085
"18e89f083fdbce3da0a82a4a",1133194677.91938
"18f6240cad6e92f9151099c5",908163749.301367
"18fd9bee381e7a8c29a44c4b",756887225.744045
"1900e7808046a5fe89d8e440",815655773.694626
"1902f509aa05287ba42f546c",743237485.206817
"1905b860a8d463c3048b4e46",627366028.928312
"19105db21495d546e6792a25",934084666.478411
"191094739043620c72aad2a0",1007797439.01439
"191cb509fd44e580ee32486f",787379671.301422
"191f96722301456877893b22",645433263.976351
"192b505186d0bcadb46b7032",767965693.114927
"192e05cd731950f91fef1d83",1149688064.58879
"193d70ead1ff1043845e7671",806680972.642951
"193ff8d291a9f163a4f3301b",931223135.981452
"19466034c2ce19c24a179fe6",756861153.102543
"19487167081a9b0dd09d7975",1012642310.74758
"1951c1c8855fed5db8031e5c",814652505.90248
"196969a98960a68088266261",763149487.683139
"1969ba34b72e61337246cb5b",439965600.449586
"196ac46f656726bcb8087ba9",722952957.715993
"1978d8fc2031af21e98a4e9e",878535006.09716
"1985a2a5c3b2b0c7eca22afe",770209144.158808
"1988513503246248b80c7f17",1275356320.85282
"198cd3f4e9be65b83f01ceea",798436552.824062
"1990717d8c7aa8e732bb1165",734687329.290297
"19921a97a52bed6c6b8f4135",752799493.302628
"19957244dabc3f727733527d",685213578.4116
"19993833220392781bc15279",1221246854.0325
"19994da77ce4f2db3efe6660",849818292.952514
"199a6f7df516a685f086dfa2",598460731.651654
"199fe72cad28e4554e359ff1",882586440.901772
"19ace6cdfbd8bed6e99c86d9",531166727.283817
"19ad2fa7e170c67870ee58f7",966668371.760084
"19baa03dc4143a83920a7d2a",1019045603.40924
"19c07fc2b01a0edec4784e64",874072303.297187
"19c77db46d23e0c07a06a8b2",658921377.437122
"19cb65620d2330624252d01c",521210157.296577
"19e03fc1a7ca4b0761eb9ef3",849639370.964668
"19e11b2d60326895b5e6ba01",789009078.508422
"19e19ad0cd6b5e84d8aa970e",517611466.85727
"19ecf1fc86396ada203c2a19",666363904.769912
"19f538269846412f3e150a4a",977882540.636251
"1a0134583a5854d5aa9cdb9f",1087318902.42571
"1a06bfdfaa9d9ac754ad07bb",517674312.153667
"1a1016e7a96da2237b391be5",618839323.52648
"1a111211207627bb4c840442",830900248.453827
"1a26960e24de046588ca7837",622986736.603951
"1a2aa38b8e18fd7ed5be77ff",635685423.200763
"1a2c0e46bc18bf3224450064",478233957.309442
"1a309175498997e1b8f0aae7",1028719998.02241
"1a34acf8e509659534a56b63",830493778.599904
"1a36f98c62f5126c8064314c",938756741.405835
"1a46c13974f3634ca6dcb51e",846366149.768927
"1a486877c62f2aced41a2ca0",950628502.75209
"1a593800d5785ecc36c25ead",1025767888.31178
"1a5f6f7e8b7af9d48644f1e0",606421833.390181
"1a61721fb7306d55dd77b6ba",889779895.756639
"1a6714ac2350ad371d8280ae",904083015.078602
"1a6af7fd6a5b0602052c4c27",644295568.247214
"1a6b9a6d92ec5e905ac97cce",755897703.808348
"1a6ecf722b2eed8cdc19ba20",937932876.242124
"1a71d0d3503f9eff28acef6f",809371340.177519
"1a75e436fc23e7f48e639b9c",613033452.261108
"1a77ac51e03c77ad280be447",724711227.544987
"1a7e331d9ff88ae5efafa8ea",1028105664.46568
"1a805101f78cbb783e6f919d",618550513.325485
"1a93cae134c79a43b13ce656",1173761644.42153
"1a95522f43288e32addff2ba",417654287.453833
"1aac53220223d0d823e70d0f",844279957.943696
"1ac2b23683ba89e9175d1b99",847824027.19799
"1ac6c220eb690db798a3d4d5",854750499.003424
"1ac702e7c265717b34419fe7",838602564.891108
"1acb5576ccae1f0534f614df",788383092.179959
"1acc5749203f964fa8b2092a",591883638.784225
"1ad916edbe6fd38f40289a04",459288219.675034
"1ad9e105d9da875001111075",949151807.546042
"1ae17f134221d5d9ee69ebd9",497198376.060418
"1ae2058fbe26f384be45df4d",673895261.301067
"1ae6fd60628e7d186a5e0174",706293819.359124
"1aee9081ac4a04490eb3f0e9",1108752923.23414
"1af16b7f14dc04f05edf71ea",631273606.801035
"1af243eb63d893b1251f44dd",628207203.276372
"1b002164d34a71bd06e0445b",777040149.396109
"1b09874d5a3e4c9e0d544198",962586396.341764
"1b09c89b546d0058cb09c1a9",1028487748.33059
"1b1c220eb91c9448b520b76a",694241177.278515
"1b288024824312c8b1681bd9",487877802.462175
"1b2fa2ee5927660313569617",621860902.953241
"1b300634b71b898299c54671",579967290.195347
"1b425a31cbb73b713f291e19",838714257.168791
"1b4b3662ca18e731acc18928",1489025717.97998
"1b4db5fcd1f92d3aadd5c28f",634309136.135678
"1b4e4016cb766bfadea42f73",513158089.628088
"1b59d33f9000d2e1aad46239",417333489.113649
"1b5d3ddc71634099fa1f04a8",708285056.920567
"1b5db6af0a1c0f7787064020",1153450351.63494
"1b5de74aea685b506a952f4e",413845214.6832
"1b67fbd144a4a3ef40bd9824",972644662.516694
"1b69d2c7fa8f802c4af1369b",934654226.802894
"1b70fbd3e46da8c47c3eed61",452085632.833658
"1b7151cf29b565b2f1caa559",710997414.466702
"1b750e6e2e92e8222482cb46",898856872.80746
"1b7c062b606d0560e850a2e6",602619756.862373
"1b85d69a0f8ce1d6ac4d4475",804465628.387786
"1b87ffa033dcbf4e2805dbb8",645054612.607739
"1b88c06bb3c1bc2bb39d1b86",660491192.082687
"1b989360ec91f5da55806bc4",1266393511.10367
"1ba2c2eedb352ef9bb59c638",612097750.36577
"1ba481abe0d3890c42884d97",674394800.17364
"1baabd705f72393167dba5c8",590186613.703717
"1bb885a07f57936b919629b9",518886355.630367
"1bbbe4e1eb264f5c69467e50",658529104.010935
"1bc2ae31ed1970ba52b1ff60",1723610182.32213
"1bc2c099466f9a989266be0d",436319416.847627
"1bc8874a13914055c2759a35",560363635.416992
"1bd64811bd59706844230198",1005318457.25602
"1bd6861d451d128c8bdb72e4",816538650.23887
"1bd78ecec17b584e827dd0f9",652887284.214104
"1bd7b990be19afa5acc78bc0",458734888.036297
"1bdc0d441e63089737ac4c27",475996981.906961
"1be01d052c6a65c5ed286bf4",1239819337.63466
"1be9d865ac8d01f0378bc148",744657135.862113
"1bee6a5aed5417181a3db77f",679070298.975666
"1bf1913f806bd4b461233551",423111875.204678
"1bf77cd1c4037f4d2ed28036",682932476.208089
"1c0236d4bc291372483a9151",586415757.508281
"1c177af5bb41e26ac0135b4a",877710993.840518
"1c1ff56435675288e78c4735",760414014.806202
"1c224347a1445ae01184e0a2",1366319707.02163
"1c2739878e452a340a4e8972",1276179671.56295
"1c2e69465c75fb3af2d57351",1123457097.77044
"1c2ec62e8ebba12c6146a04c",1160920636.56842
"1c3236613cf95c84c5791bdb",527100685.471484
"1c35d9468cdc55670d48db84",1173328704.15581
"1c4fab7d9cf798617fa90a19",1025319967.9221
"1c50477e5b3a67f3d8fec62c",483336848.563386
"1c510a71734e955f75187106",1042585534.02649
"1c51566c7dedd4a46503131d",1046436394.62074
"1c5c4f4c731545aa3388c554",670183338.432819
"1c6038b67a40f0749a72e6cd",734136318.421942
"1c65d5172e53b4c7f1c4d6a9",699548423.952525
"1c67456195075a051513b28c",510128803.872883
"1c7452cfc46652a60b7a4f05",713192907.866954
"1c7586fd8a1a38bbda9c92cb",652674165.603187
"1c835128915211131bc561ab",639922546.472535
"1c88ddc21f3e8e4ca633621d",558942826.852808
"1c9325df5599379a73e18053",784913457.369865
"1c9e38cd216595b33e283134",1166873772.03338
"1c9f65b631d2f2856bc97079",936579441.640445
"1caac10c1121a795a172889b",814693010.76105
"1cb79aba890b35f9d2a400f6",1582802335.11808
"1cbeccacfa11843a256b2e2e",889917679.957329
"1cbf39c44f6b0fdbf9554845",706283319.775384
"1cccddc33bd892b44d7e4b7a",845967227.550225
"1cd6531d8539468cd5f4b315",882929455.79962
"1ce08c19161bd0545eef8a16",788051638.619941
"1cf29f882ee8b458b8f27091",969961487.252688
"1cfc7d60ce613536d23b093d",854516761.220614
"1cfe7df5431f3dc6a9289551",1011280344.14744
"1cfe9cba4c2015e7b58f05a0",712790498.877868
"1d029020622a600aad4c2991",770221458.068239
"1d03efada56f8a70bdae6aea",686772264.921397
"1d04d5450762d664fcfab674",1059580214.78674
"1d0853f825cc0aec6f5544cb",932301213.616739
"1d0919344e52b315441aeafb",812760230.423309
"1d0a6bf40e609fc74a319310",673435994.315234
"1d0c3ba50087cf01637de6c0",579947241.44734
"1d0c635770f2e51aed4c8664",1550221783.27299
"1d17f0ff708e6f0b93a990ec",695774355.224612
"1d19edc1e0d907e5ab0899e5",763590349.411805
"1d1e29d9601aa0eddb4d6c2c",926635106.571019
"1d2467e5f991b935d676e906",494836238.389044
"1d2b83d973547da8c168f743",676369147.94812
"1d35c364daa0f021ef263c60",566566062.831044
"1d43fd3f7fb4e24a0b7c9ec3",1110948587.50407
"1d45332e2f04df18cdac590c",576372530.311492
"1d4891dc27e0050efcc6c403",760743086.641343
"1d493f3954b15e84c41afc82",539471959.341371
"1d4bafec52ec7575161bcbe0",747844773.226584
"1d4bbb5b756033b4be28643a",848875420.183717
"1d4c50978603ef41377af057",494904608.880325
"1d55f4694f3e000ee3ce47b3",850759892.513164
"1d58ad85a82f7731e0f198dc",1287510249.36832
"1d7912750a5e345f7edcdcbf",450798239.552234
"1d7a2572b466070f08c6e564",851261375.561585
"1d8d51cfdf78f1361710708c",778708991.730077
"1d917f9f5a3cd44cc4dc8d2e",540506694.00489
"1d91edf33a141fa2181abc4b",1025106230.53876
"1d968cecf268a7f14def1af7",848315313.600374
"1d9addd835c9fe8665e01500",576314125.264734
"1db1d1b76e09197dd915a8f1",1514678564.09818
"1db68ed64501f35c51d74c5c",1026797266.96254
"1dbb46a250f504e9c8673bed",746212095.12815
"1dbec7879e793ba9685741b4",728513485.352248
"1dc0fe5bcea9d08874871326",535796986.004063
"1dc1a51628b8eb1bba214498",559403807.898935
"1dc3b6ea53413ece15bea33b",869709734.024687
"1dc9e5c684c831b204d21585",1121944178.57879
"1dcf71e8fbfef2c6534576df",711096999.279408
"1dcff645d389e7b687a498f2",801505440.161629
"1dd3d7e197075859c1ff5b23",979223059.184091
"1dd6b0ade195edae38a4a20a",735582328.879884
"1dd6f560c804c4548561cae6",1340848067.64274
"1ddeeae13139b7c9ada353a3",614333667.225245
"1e057cf20757627d1b006141",611891112.901709
"1e158f436f2a4caedd1563a2",682141720.584377
"1e18024ab7d931bc7ab5873f",802720980.66907
"1e21ee2ab4ef88194cc85166",752622563.97173
"1e2270f9f49aaf3be01dab49",1024959667.7575
"1e32a8825a7ea79c28e27a8d",707628931.282778
"1e3798d739f85ee0e5a314ca",531607867.707923
"1e37ea0918a00bcfaded3453",618189665.077759
"1e37fb708b70b6b5e8fb5cd2",655744333.725555
"1e48878318d35476c3e87520",1141586506.45981
"1e4fd826fc8693b17f6efc3b",1019789031.14926
"1e5919cbe4373aa261d672d7",513063442.094244
"1e6176a558f301d81bb050f8",794601809.168543
"1e63fac2629793fdcb793f1e",786850713.938077
"1e64759f297a66524eb07b7e",1021344250.62346
"1e7173670334937dc61243a1",1094524633.39195
"1e73d6064abab2cccdb6610c",470255399.775294
"1e7a931100be734988955242",1113036792.86244
"1e7e26077db3bca2821a9b45",934284315.347159
"1e83b53963792d7445e19d27",739288688.699469
"1e866483995b30ec7f79d9e8",807217872.011382
"1e884932e57cfcab75ebbacd",1037127417.33445
"1e90d068f3c86c6f691649ff",897833508.885663
"1e91de6194769980800b4de8",693081067.926799
"1e9850a50070dd51861a5e63",729856575.008828
"1e9c53e09220d689a0210ab9",368654434.43077
"1e9cb258a0b7e08244d7fcb1",756045884.831933
"1ea5db844a6d3a926480351b",843075034.407089
"1ea66dd4a72d93f5967be730",1092786879.83736
"1eacbf36422a54f1327fa291",494444180.636837
"1ee04111d277e8758f740139",772818818.150821
"1ee436f045a0662037f9d2cf",573062452.591424
"1ee45a731b6f0242b6d2936d",689576418.417065
"1eee0ff52c53f04307cc3216",867860034.432637
"1ef15e2b882a0da85858269e",509028981.345623
"1f00fb18ad48b32c666fd319",786788144.605146
"1f0d83013ea5e4c3f4beb583",633980864.650324
"1f11cd977996d909ffacadef",1387979608.59761
"1f18df9ee1b19359816ed13c",586269892.096989
"1f1f3e47f3593e4b2824e628",578471412.268405
"1f2c22839c470363ff41551f",948153013.810127
"1f33395df1e4f6a185c507cb",633153609.111486
"1f34129d15f992a3b62d4b21",473428635.479362
"1f3544c9f47bc00fcdf59d74",426015431.948508
"1f39ea319382fb0e41ead713",1236209257.34529
"1f3b3bd08063993c23586c93",471809650.720348
"1f3d3fbcb686ada1a96e01e4",504289445.068597
"1f40dff9a973064aa4737eea",1105326883.89637
"1f4109e1a4b47a9b11c2c019",913104318.786526
"1f4a78e094987ce29f054fb8",749704032.453099
"1f4b6eaf52fb940e666c1c93",913984553.270402
"1f4cd62152d4940990ac6a9d",566884063.957835
"1f53612f7029a21e2e9f74e1",716475112.901743
"1f592cc4ed728909040f953d",1041801898.60917
"1f6050fd5261a2d21d5a178e",388280879.001693
"1f674965c913f9fe282d07cd",451606534.66667
"1f79204a8f62c29b0a1b29d5",554842854.751083
"1f7daef9ba898c4d8ac1c81b",622038221.807521
"1f8068ab65469ba56a1f0c4a",729194434.858179
"1f81176d8a0c61a7177c6c2b",1318718177.2954
"1f8742e662666147955c9872",849968419.941746
"1f8ad363a0539a6f2455c3fc",578160563.505197
"1f8ecf6c089ce6168b3be52f",906270277.53269
"1f8f74ce8831d5532f330925",1076748832.389
"1f95c205d5094c674f6e45a5",1037743327.85685
"1f9c0f9c3c6460a323171d72",1202266097.53793
"1fae43a9450fae02919962b9",606490344.288898
"1fb4c88bbf995f77f2f29b7e",811739699.718136
"1fbc660f780245bd72015f07",909905055.101864
"1fc0faf46f3b533f2cae2c06",1249311486.41979
"1fc94e9dec93d52e0062e07e",1006693244.41805
"1fce0e993a57a3e3873b8d7c",1387979608.59761
"1fd7e9b1e717578f751c21c7",795557880.399359
"1fe392004a09aeeaa6e8bce7",642978093.544
"1fe514ada76363511cc79105",949594442.268737
"1fe929afafa91bee53df4e86",483517924.723943
"1ffafa78622c45ea4127ce82",1058132477.50114
"1ffdc10c53bb83d3be84c327",630918061.319118
"200020552855ed39d1af999a",580641531.788615
"200897b1f8bcd7c116a85306",478431324.574261
"200ea08f57fa23013d0e661a",1234162724.45482
"201053b106a0b89a0a47e2cc",686904534.578963
"2018131ad3f6e5aa8f4be704",1027707702.8602
"2019bd32dbd09fa285a388f7",667194415.869838
"20289e986c1959f0c83a6a4b",779226966.916494
"20488db7a62f765ac8da0a2c",719705057.088144
"204ddf6ba4822d55ba80f713",370601354.407746
"2054c223fcd48a48f67d02fd",772383598.860871
"2054c61f0162a18c6fa2291e",442728393.390205
"205e9d987013859f391b27b5",1360224790.79684
"205ffcec56fd884ab24c5600",742564867.812018
"20718780218eac9668776956",747991398.076953
"2072a783a44474cd0dd10d7d",797722275.25219
"207e39d9cc4402edd48864d5",728480650.800503
"207f669778ed0db0e619ed40",484245095.797178
"2086639384041f3a9b519140",913890587.036708
"209bf65e11bd7053d9658824",758422957.127568
"20a2a0dfc963fb8a355e704b",572868139.049753
"20a783884d6bcf1aa5697772",828786364.297362
"20bce83e2b75fc535a148dc8",870182942.168237
"20c3cb2d4fa486b23eb81bc2",926752639.419288
"20c3cc21b44eb37d0b359c1a",972451296.816228
"20d8980a4fa8e094b7a5f00c",464645158.106359
"20db610da64f80afc1621b12",465835833.923666
"20fe2d7fb3910ef786cff965",672782823.330831
"2100201e0851e80488371b67",556575807.737439
"2105c17a4e2f97183e24aa4b",779971170.106791
"210d58091ea74bb902915250",842127340.345034
"210ff5d4404ee8578a5ecf9f",766604336.44552
"2112e589911b979db6e05a6c",984779264.30029
"21264b5a73fd27b85a4e2654",405316904.818666
"213032fd36fa1a6342570158",658678335.250832
"213ddc1761cd6b018349786a",819668973.59248
"2149d04442f73cfc78f93bab",1008612037.92568
"214df9371aa59f68e5740212",611555078.703983
"2152ed6b2b2eaf16ec272cb6",748964644.229275
"215e8852679b9cb6c4029ce3",628941958.393915
"2162e09e137eb5f4a1f32b16",824587566.762058
"21642991a20d6b0d17dea2bb",744707023.343688
"216a598114a403676011cb51",1035200382.69992
"217e1715fdd5db76ce93cfe2",885071661.543962
"218445f989b2da5eff4029f4",734958417.627635
"2189d3297ea703e50ec34d96",765495187.160578
"219164e1d9b14cabb9bbb8ab",819006818.259278
"21932b5a5fa65d237ddb6293",723738830.858194
"219555efc5b4291791143252",540768417.559888
"21a7c5d6ea818dfb25077e13",787681569.878033
"21aa860fd839233ed8b82653",527443240.348279
"21adc839dec9e8efb128abf1",738677435.838373
"21b4c1ad11bb1feac4d02308",1098205316.57192
"21c8b93e50ac884e63514f10",1266641830.89011
"21d0f28d5f30a64352e60ac4",607585029.445483
"21d141a84af5f0e2ade9b0b8",860365778.241207
"21d42e80f6f818eed990bfc7",1006687411.73436
"21dd47ac3c4e1d6bd0ed2485",726977536.504815
"21e0bc9789139640ea33ed09",819629120.938698
"21e96ca8dbe2f12b55723335",836961597.127483
"21eef7da02b0f2a2fd987135",761908755.525401
"21f00ad1214253dd5bb97817",914884267.435024
"21f5bac85d5eec57acf501ef",942633738.77254
"21fcb5c7e497f0580b820379",1034734903.25633
"2202c5c9a16b771d1e242c18",626005254.086742
"2207c1ed62f59d6eacb3c18d",559826753.797325
"220d466e3737f1f2a8ed06ae",443218654.170684
"22127243f7ba3a68c3fc33bf",714586396.176604
"2212e0125cb7f75390020951",810562063.920055
"2214e2c62cf8d2d14f11d47c",816032157.078274
"2218c6bddc994984cdc6e567",559224082.717211
"2221052e00c236f31e6d5a06",741899341.258888
"222a35842b0bc09f48e1d0cf",741621771.860863
"2233f50cf7b04791cf1ddeaa",642432859.849637
"223813dc0188fc229b63e8f3",1028158654.3687
"22385ae2b3e7640e8c40411b",740043429.973133
"223b3c04803ae7b855f9fd10",678279447.52811
"22428154baf95870f1d83fdc",663279789.738504
"224f6e839dcbd91491f3f1ac",409443368.654021
"2258ec00dec6a2b85f439135",648624731.765395
"226277c02e8532922a1c769d",933005978.109152
"22796587bee45b8f64ee6e44",800784643.184137
"2280b5f7c47c3b36924b84a9",870970137.036458
"228280554ba149e60f81d639",614853870.932686
"228d165257ef052ad50433c7",603182468.480192
"228d98c82021e2325263c7d2",614464681.586563
"22903633f8c4d91158f65c58",480229120.513732
"22958cc4622a0050d1aead77",818590182.957659
"229607e2faf76efeeadcdfce",623801931.10407
"229a7640d41a8b8d6d2f8f83",1261406303.01128
"229bcf400e309619268dda31",575202896.076354
"22a025ad47ba22ea9fd1a094",702921865.646464
"22a0f3315f7600e5120db131",645956472.927465
"22a43024821ad081e654c5be",845522130.322296
"22a6058ffe790c98a8922258",836570994.232138
"22abc78ce812c519511f8a4c",1434871125.21489
"22ae194316f34d482bdf404b",666507892.946202
"22af7bb676cb4c9ffe014506",496003498.627247
"22b066e6dbd0f2562a0554f1",1219581966.72527
"22b34331d7ca2ea642d29946",751944707.617622
"22c780d56cb97fc34f29e9cb",447532624.892462
"22c9b57a67cbef0920d09174",397175743.222883
"22caf82aae904c79057fcb3b",553940922.297792
"22cfdfbff44541dba9091753",813426077.30127
"22d167639ccaace593dffa31",483543700.75887
"22d6cb11333f2839b8112b89",1421302564.02133
"22e00f8057294350ddf4d42a",675279660.408114
"22e524f1fab17d5b8616d741",1000002070.32227
"22e8713e2051c88cdafe2364",722649607.417179
"22e9f1b4b5e887cb5f0dbfd1",713440448.862003
"22ea31eadbd3a54216443137",374965267.070447
"22eb737351bd0958d3e60efe",753063757.564894
"22fcf0650753e2b5a2fa3786",564752095.608695
"230864c9c9c5959f9f0d36ee",946620994.790665
"230cb38e035b85a4353220e9",810685833.956982
"230cdc90e6c825d391d5025d",612627454.29611
"23101b0002252f3d4b3e1d5e",1024845085.82285
"23141c17df584746755dc508",669997388.383813
"2314e3ffc7242a429e00207c",760487959.097063
"231688922448e4d64622120e",626328624.000739
"23178c72b063ecbaaa04b37a",574930623.864614
"23187388f9d6e2bffb88b9ed",956859778.222952
"231c050bebe12f568ef92afc",460308376.331624
"23208132621583ce4a46de77",1356774825.07797
"23229e392dbd8fd9d80637da",887352332.52449
"23264fdd1059460e079e5810",593839051.685408
"2326bb628b4a571921eb7345",824729185.495185
"232e859fc353dbff75c97cf8",986986731.546165
"23374ef76774d4f95f022473",1090504879.49559
"2346533f4712f3bbd036d85b",1236713364.20166
"23473bcde48f634641769e22",548773868.187511
"2347f69ec1ce4a3fb6989eb7",498941866.260476
"234c94e9a248ae57bb5a0771",772031370.100311
"235a2209cde8f8b0276c845a",686803614.413505
"235b10cad7233d579a966948",665404061.639252
"235c56f4afd6d87f1b3e199b",754787573.493869
"2364014bfd851a68a824d1da",916363919.795382
"2372f7c0499de8aa2e5ffa06",1123443850.43533
"2373c595d24a7b862b518ec5",1184545457.77568
"23799891583435710f66303a",799805327.063186
"237bce11f35d32ff029498a3",910912274.667253
"237da4784755f090c89f07be",562400200.887744
"2383b8bc2cd3d307caba34ba",688868593.374384
"238cf9f99c4b01777a97f82d",485156651.340833
"2390c275fccc98eb4fa33af0",811040769.25252
"23959a0f6e27c8c2b4a7f436",958382548.975753
"239a2dd25f604c730136c720",1198877335.98473
"23aa0804aabdc61650b8562a",1082011691.65321
"23b0d67dc2a0ae6e5ebc9eee",780710942.970121
"23b2b5b9f5bf3e1208f5f80d",1165535544.73055
"23b5f2af5d39edd25db6a522",888540814.88305
"23c7f9a0534a4ae6a24e38a6",862978735.224104
"23cc24e23a1d74159ff78464",815943548.530632
"23cfc154896b93bce4356ae6",462178373.353578
"23d95cbbc056b4456b94c97d",763090802.315596
"23e7dd821ec2601ee2c6e353",1107158105.22645
"23ef4d57d130e4130205f30d",871982435.672581
"23f12add67accdc9ed40f59f",379177576.138625
"23f859b889afe2639ad55a21",550404088.432362
"23fe512fcb21a0b84781a318",447425044.828399
"2406d47133763272a965ef51",428077633.392791
"240ccc45a242f80f817b04d9",1026764036.22672
"240d2474c81482baaf79b6fd",1081349798.09683
"241d9f8599ce6cadac1d6609",853290641.563792
"2422ffac7337b402339dc550",927004379.638827
"24258361a4ba8f772a83ba7c",956501716.179925
"24297f4a3e14c24c941e7720",1222981617.61759
"243ab5db6e47f3536d04d312",706426716.915292
"244210fb4bcc0a04f2cdff95",1071814009.36302
"245663c600727f7c214063c9",850056409.093953
"246576e24f66d495fe0d509b",815361855.442896
"24671f63cd061228ec0b5b9b",690584026.760597
"24756921525595f1684929ba",916135240.509434
"247715511199c5b680088b56",934999099.853276
"2478e48a3c6bedd57c13c72c",837745510.908111
"24849579dc9ba7fef1b24396",623877151.124761
"24857a7a80d5f13a52eeb054",736787629.818986
"248993a27da888a6e3ffefe4",558705683.897983
"248ed6abe6e528dedde951a3",712141399.083089
"2492a7a74edb57f784f6361c",499102661.514271
"249667af8d0835c9830e2b37",565555184.264262
"249cf6f96144f769030d1b4d",887238077.072949
"24a4199c17f9c56f0b3ed12f",876331935.87192
"24a4a43ae4c687bda1066227",1353628996.11396
"24a89527a6744456750baf54",665821011.755264
"24b28522c72f7fc359f2a718",994290255.269678
"24c32572ca6161a603a7d0d0",355850503.686507
"24d6d85cd0e2dc3deb2db896",1180097078.10646
"24e90a7d9a2bd0c30a4f661e",881772814.234488
"24f22d76b86498d5c3563288",752022942.86107
"24fadbd1dec637edb728baa3",630634673.182281
"24fd0b7f75feda5db89a4127",819100174.856449
"25093735f186b70beb018317",1027253026.31056
"250d84aac8add089061d3204",1246068831.16424
"25187d9f4cfe89a525ef2493",466124292.399396
"251903f4b947b337e0134415",795362482.236408
"251db9c4b7398902b38b4a4e",930982311.72789
"25202264e18928158b89278b",811138788.430068
"2524e62e917e8a1aec5c9c26",757978331.368141
"253560c855216bd9eb102595",723521688.802001
"253725ec3d7939088faf71b7",633153609.111486
"2537dfc786054c61eb3a80b5",716674920.915512
"2538cfce1c108ebfb1056c8d",995340462.628449
"253b34c2c5ce15cbd8b5826d",801551637.211026
"253c85b226a15d0ec2fbbff4",889076244.079012
"253fe7aef58ea97fefef922a",717378475.769016
"25414034e50ca33fcdcda4cf",849958244.637208
"2547bcc87b618d3d7e22dc21",771025416.69185
"25488b1c8fedde6250b413ba",520540850.323101
"254892c6b84c59ff5ac4f354",588589060.679657
"254de3f3fc52b8cb62141baa",605044111.716399
"255914e9b13ad94efa6ed365",1081349798.09683
"255c5b92d71a00c3a73b9aa8",415075285.161301
"256491790d0a2d5e1ebdc2e2",524925407.781173
"2566d8588566312ffa4fde42",1028433664.90441
"256a46a6d45d168169f63aab",555861922.280458
"256a6ba3ff423a899229f154",543040593.938435
"2571fe181b6ab939eac19d2d",1164849453.91585
"2575d932e98c421bbb38b267",1140513905.15014
"257b533b6a66b40d0f097c55",820177882.177911
"257c765ac81bcf773473039b",598940883.862116
"257c889187ad5de900a430c9",626591838.800746
"25813f7204a2e796170c4836",709558732.854592
"258a968e403e747af5693a3a",1233183339.72555
"258abe0fc321f6b24d37ad86",516440088.850197
"258f10f742fcc835d53063cf",1110237327.13195
"25986c851e13c92ede6c6d6b",1251828162.41554
"25995099875f0ee622ebc31d",778890343.934381
"259f4f7fd5d851be70d63633",429238719.41241
"25b1ada57fd1e5c88d939c71",916592189.496269
"25b893f6073bd66258a9cf03",835757496.273888
"25c76b5a1da0c2d8158b3732",753636936.760108
"25d233d2779009affadf5e91",563868349.905895
"25d4a0ec9301ba5d53deb780",926071240.360965
"25d62e6b1a1a52cd8080354f",738206010.504047
"25d89911e830697217d460f5",789945632.624122
"25e3793214088669aaaa4ca5",1081479204.04336
"25e832098d9e6e7c2f9afe2c",764312864.971707
"25f925538316d3cdda8218c4",1199957138.08956
"25fb1c0c4aace859265de172",594830156.181505
"26206185deb023a344eb2e99",1038127078.06503
"2621e068043a5019aeed6c8c",640573861.253836
"262688a95a32f10fa070a887",672758378.594993
"262b1c8ce7db2b4aca2400a1",1039936511.86972
"262b5b0bb408d7cf53073832",450613606.519277
"262e3b4091dfa6b71af020ea",987740185.425969
"26301269301b6f96862af599",795069113.948179
"26313750bd29b2c59a81b58e",915067087.939285
"2641f220611056a1f5616dae",1221770188.95783
"26454cbe44a07cd0df12ca07",1091455411.61369
"264e00a64cecb861d2c05b1d",996957766.492787
"26526235b34fa5b7349df00a",389945460.625925
"26617e1fb3b4f0e4a70e1b0e",1053763399.86288
"2679ba671751ff16e76f1807",835545100.368772
"267e000c89d3416e551462c2",1140440693.4487
"267e46cb9eaec6c7009348b6",548612899.590258
"2684f67bcc89c8a5b95e5592",791847948.879563
"2688e4cd1fd441d1da455504",728770852.14493
"268c1e17bc17dd646d1885cb",519208155.526439
"268f887f25d416dcd3c0c9c2",794999612.388308
"2690ba8b22a95cb837cb87b6",409126353.289742
"2691d7125e9046e597437f2b",765942839.194562
"26922ebaf11e35a7a320d30b",1182929177.01627
"26be10d0ce8b763e9b457e76",731435050.40518
"26c08d7331ae19e1934a22da",771758976.248068
"26c66cf2f43bea00e6387326",1019949082.76341
"26c8961848e3a77d98049638",688323746.70388
"26cc292628ce4aa87cd287d6",1071475023.76953
"26cdd114566b7cc63cd96fb8",1240608920.17549
"26db92c003c8e67d92d88aaf",1174075555.28061
"26e58d0b13e7f7f5a54585d2",850385328.220652
"26f3d5bc3adcd1396747a414",1379062089.66096
"26ff1e1f4a6f6bda702fdabe",729394939.371036
"2703313a3e5a6fef2157928c",860842014.796708
"270a97e07eec2be02cd89a86",586477393.194756
"270b930a9e22d5016ffa4019",1094765123.38452
"2714bcd5c0c503c3bee0e0b2",656744168.984006
"27151512d4b592014137ac1f",623883776.559511
"2721f5495ef5dde16fd29cf4",987174711.593856
"272b5b5c28e46c6f5ad95c22",700657942.22662
"273cb73a7bdec0d291e845f1",637388726.332324
"27472c6c6a801eb749b9719d",815717830.169645
"2749b5cfd2728ebdf124a0a3",761931999.960294
"275360e29bf3309e09ec41d9",486809882.359254
"2754b4e12a7604efe8e03f5b",950420345.934625
"2755af908b841e9024718b3d",814289903.021753
"275c8bfdd3fec33752493861",683325811.976069
"275d73c7dc0fda7cbecfea89",924656950.4363
"275ec6bd936600c7eceac599",1375632204.47904
"27663c0e271e26dfdbf4d289",848250467.072123
"27721beb237824844adbc289",806069195.79273
"2772adb268cffadfb2917c2f",420328000.609264
"2778de5e56ad7ece898249e9",1246338091.4744
"277f6440854cb0c98728e685",705138683.816119
"27881ecd655786b093349ab0",980488256.497456
"278a2cd98528eb1341a6b685",576643268.824946
"278fcdbf16e3064ba42c6785",1264567359.32033
"2790ead3eba9370f00024472",900397253.489684
"27929c0a3e0fd2d6d2969e03",779441387.227531
"27942219389ecffbce2e1d9e",1138778662.89962
"2795cdb2f4d568a782dcfc3f",1265367636.98386
"279b76adc4bc9f8dd86759b1",819124053.379245
"279f6f594d3f8ca8e8a5e2d5",1440719931.32357
"27a6f3e8f9649ccce7680f0a",838472927.184207
"27a8a052b815998c771a1f55",1000002070.32227
"27aa789e29e52ef8d78b9bf5",836967130.016462
"27b06d060ecf702fc88c7956",1071503975.94618
"27bcae7ffb9f79b8f59fe1c3",713661660.952005
"27bebaf73dff207d7f6829e2",1117162317.95127
"27c3b7ba2991e7bc0c9fc322",798561081.471789
"27ca0c2320c520342717355d",600923118.793559
"27cf45528b4266162f7c9029",760599255.883002
"27d14f352b2983177e836e3c",895297373.386375
"27d413eab7b562b984c5a682",890600092.307768
"27d4f17375f76219b446c092",611539799.963684
"27dd503d4fbf4d5f5d850d4d",618604034.337391
"27e0810a702796d97878c34c",618368356.435726
"27eaac0ebf8a5ee99d143218",882376527.224044
"27ee3504d1df34ee8ae5dbb2",996465244.004525
"27f41f09ccf8d182c79cd48a",1084909179.64695
"27fe3fc3838695ce34c5d287",420022503.619843
"2809252a96f47776d12021af",938185918.050959
"281ea3a3fab48c028721ee1d",876584426.455194
"283c1142d027be336a7bfacd",448694029.852105
"28403f16831effcb75471738",443406640.022388
"285b8cb5e9c887794ed2fd1b",937526628.154501
"2860e4435c857cc8a661ec97",1155856066.70255
"2861f1a224b4c879b845779f",433999431.430827
"2865962bdff8929888a51341",874931544.888016
"2868ac4225657a13f6149e6e",857633480.084196
"2869a2d2689af65497775b1a",1219662886.34349
"286ab2411118455780314355",698185055.781848
"286cdf6dfcd95ee9edf73a93",417771623.813373
"2876aa9ef0b44e43084393fa",459198104.887849
"2887a0d34994d284759db20e",773431978.015247
"288c09c33907dadbae495c11",2080355087.68655
"289db1292d4ee40a1ed6e518",1080551029.63621
"28ac1562ebb5050f1492f576",769364304.470234
"28b838c94d10823ceed62e0e",683589007.602982
"28be121ada9c9303be802474",836045509.852581
"28c0649dd8b294574a876e95",748160586.273366
"28db5acb7b224d44e3d7ce80",664811009.899531
"28e572584fea1555e2a517ed",537211714.819992
"28e748e7aa0a447731e06706",601965481.994951
"28f905e91295a47d106a3214",1284282233.62277
"28f980b3c741866e0db5b761",918761496.276558
"28fc5f188c5e11717cdb4a98",441390929.045123
"28fd0437736c1b17c7ea1f33",609997158.390081
"2900dcf3f944a7fcb33aff36",629722072.15311
"29028322a6d692edc5ca713f",732686362.74772
"2906d21b1d96a1ec43bab50b",1000132917.0554
"290725d6b15062397597b954",613884579.313715
"2910f3631d1db77e4b61f8b5",843859176.421487
"291479f573955e063f2d8bda",1384031647.01104
"291a2f9022933c9d81311e81",987750460.364291
"291a4ea1a695347e1901bd4b",1018613283.79191
"291fc50c4ffe7935b01e5d9c",652030428.663884
"291ff191bb029742387a72a3",743170299.92378
"292224fa68b0303a90063801",1129940967.23811
"293320b55fad21ea3f4a5899",367675608.451344
"2935cc0e053bf558a8b73054",747516155.827128
"293c8a0a4a358fe7554a4ae1",984061896.471429
"29425249fed4a74ada083dc5",533689679.644194
"294985765f4d12e51a68a451",1027470815.56747
"294b04da3eaabadd55da9c20",1031285588.42676
"29503210dfd57bfef8f16802",622410704.020237
"29535d858fa3a11792697820",882098174.856061
"29616bf14b5f1cd42786a91d",802812712.605718
"29671ce02e285f69afeb3fc2",996079510.261854
"296f0158b5cc1541cfc8419e",682932476.208089
"2979f2d91d649a8c14f5453c",663597683.393198
"29881785ae39aec014c4982c",1055779511.59438
"299117d35bcdd48afa4c2eb0",785031298.314786
"299a94a02e887c6ab1de59c7",774665835.258946
"29a115ba5b198689fce5f93b",445955981.863997
"29a230f7dde5753e65b661dd",1034214765.50558
"29bd4cbe11f44759e07487fd",848168916.035382
"29cc054742b256e6fbc6da1c",614548632.591515
"29d0dd2d4b120dd54c34b13c",1007144073.11518
"29daf0d5008fa9e3f0f30132",615014450.203672
"29e7796eabea247af4e8a0f7",666721075.249116
"29ea1796aede16cab8a50497",485351000.514295
"29eb473852b36dcfbda0c702",1164866549.90387
"29fd909e7cef62de53430e1a",715892644.213635
"29fdab43da21ed0d22c9c71d",444757288.972075
"2a01945c2ce528c02b391c61",875345574.380359
"2a0e902f3c07cc9696000177",626163316.946216
"2a1edfd6cf74573521ed74a1",573178941.149186
"2a2f455525c8e0bd709db91a",822616912.134168
"2a330fdcebb247d6a6fdea23",1110128795.5142
"2a33fa5b25963f3dc928f668",580266434.78503
"2a487cfffeb12837a5586a41",824215762.946589
"2a531aa9576c5f91891cc8a9",857308153.913819
"2a5aedaaad2d908122f28f22",1138534535.04649
"2a5ecebe40fc09b45d6ee5fc",512755344.911223
"2a5f727304ad67d1cd269361",958353988.696101
"2a623b33f3cc1f54620b5233",539277274.211902
"2a66eb4d2a205bc4474c0afa",804870402.17486
"2a68f627f4dc8060484cdb18",993877929.024025
"2a787b39e84958ca6b7001d0",596998020.603391
"2a7fc28219bee48a2368e730",715265461.429432
"2a805135d8030b614d9df9aa",901112797.613562
"2a872557ba401f4c95e0ad2e",1186777234.31745
"2a89ac6511416d0920f1b9a2",1376751324.94367
"2a9338f62c99dbad25aec5d3",737542035.266231
"2a99204f0a53c4a4d0a2393f",614214456.103109
"2a9974fe07b1e4427e386e06",788197014.68461
"2a9bbd878f3f45745d76f059",762487991.294071
"2a9bbffb1b98c49d79bae509",908925204.481049
"2a9e75d221912230f98485cd",844327411.476586
"2a9e77fd00aaaf773d130914",468430770.273814
"2aac28d03c2110d871b5f274",689188021.492792
"2ab0eeac4a228d5769fb4365",671555224.49497
"2ab24b9c5349427998338d21",774691950.180581
"2ab263b5d1ba72fa562d64e6",815505333.101354
"2ab88dcecdb565b6412f5bfa",694341024.7254
"2abbf26e80643dfc1b75edcb",1027849936.51316
"2abd46909a251b8ebbd37133",649009920.752455
"2ac1105447a71f68a50105d1",1166321998.71101
"2ac425aa592565b44b25cdc3",689439187.940666
"2acc857ede19953734600dcd",694856537.563168
"2ace3da2fc4e0c022f7a8755",760560208.864794
"2ad02d6d56b95ff3382b53b6",1001805159.93946
"2ad54bda875fcf8c6b675bf5",775085322.552939
"2ae3ae7f794d558ec119287d",874902709.196132
"2aeb794adc9892354aff7240",461442399.60058
"2aecb598de8c74d9d5108d8c",896544960.138363
"2af941adae2e8dfd66542055",518169164.426516
"2af9e271765438a47fa7e7a9",434469256.971034
"2afa1699af46ad8124f76e4e",845468578.308588
"2afa66b726ed0b1492b9e01b",924780396.557646
"2afd31619c21dc537e4797ca",971724197.721536
"2afd9dd680803e3c12d5242b",1019448453.2106
"2b028932adc74c961170a4ce",813889233.131471
"2b05f001ed1a84425a45d0ac",497571672.011168
"2b10af4fcbef695b327b7d0b",1067422420.09363
"2b2fa2ed0055a19859e78446",897828202.174871
"2b352d996677e67156391e25",585453331.011761
"2b36d2ed79caaccd687f2ab0",524274820.054444
"2b36d797d32013a126e15709",789009078.508422
"2b451da55be3683c33e4de31",1228952544.96977
"2b4913f28d07628bf2d3ed92",1025813758.1181
"2b50969f1faab80655bb9104",645054612.607739
"2b53b13cd912f353cf9c4757",971189939.462541
"2b552d7b1a1488dfd618b120",475800209.105151
"2b55989b2253416428ece917",898354902.771847
"2b6d63d6b072901effbc8e1e",675345793.048898
"2b7a5be93795a65d29970b02",1162970639.64896
"2b802261b8bd839aa0b04b16",784429650.767873
"2b8b979cf1952fcedc63ca9e",456277254.128087
"2b8e9560dd58d880dbe77c61",1070368839.41893
"2b9681901b216f2174af0089",989402358.725563
"2b9fd26383758104d567d474",631166669.120416
"2ba0807f8cbdac389424ae04",602108994.22148
"2ba1672e49c023258d262d1d",1066346399.29708
"2ba24fd47c2ef8520bccf6eb",484215352.900646
"2baa6afba131b74487c94d74",595706766.863462
"2babb357d1d828c49bb89be0",640564359.082366
"2bb55b0a92d62454867bb158",780603653.657113
"2bbbd9878a1e7c55bdacb330",714585888.922508
"2bbbe93b615c46483056bfe6",1053441944.05032
"2bc88a5c4bea2bd00fd8f13c",699775966.913881
"2bc9bbe0f0216ed9d865a85a",751642359.412063
"2bcc6a15181273b2fad05e3b",846274532.680147
"2bce6544d58b6970192a1838",659567467.05965
"2bd08c0964ef4a95295db843",602468890.852759
"2bd1c70db60a44d4400847ca",1100027818.75855
"2bd47c19e5d29a3157fb8465",1253099115.29758
"2bd6682ad8343b69fae1a59e",732795826.541837
"2bd96c7fe678945fcaf9662f",1002478052.66066
"2be93bf5132bb788bf045c28",556693342.065158
"2bfa301ea435f929e6c0d1ba",869858956.453846
"2c03c38782e365e68b32d6bf",603182468.480192
"2c0b3d69fca6677ba9e95327",877117433.31483
"2c0b4c8269cbe25a4e85e049",481269685.195011
"2c12cbaa1f14553c1d41b958",418607904.592253
"2c13f29a8b9ac9b464e3a582",530970807.213374
"2c15a0733cdb932ba8f2225f",773874872.725409
"2c1c91f2bb4d9dae38a44360",527016325.713829
"2c2e56e3e5210c111c7de708",728725225.422503
"2c30c2736472590fe45277c3",896759527.882093
"2c340ee014e39ad0fd1309d8",1163743458.8762
"2c34c1e1655e87ada03f411a",1016948157.58953
"2c37a1280b18e095b43e19f5",846328398.964257
"2c47c3ef9e139d8c4513a090",702982178.524137
"2c567face144ca714454abf2",1033096762.12254
"2c58f2cbd00035febac060e1",715863257.282124
"2c5d940b5ef2276f1fac1ca5",831251286.717778
"2c5f07a9402cc93f4c683759",550567670.964739
"2c8352c418097f82a50d9bbf",990282565.768936
"2c85b19f02bb3768c10d14fc",629932873.306495
"2c91099736f3158f7f09778f",470165523.576601
"2c924b9d45667f7168bae6ee",847721031.743364
"2ca47f5c36ea5d1cf00dbd2f",469595950.253773
"2ca6b3016a89139ec7590f9a",1259396971.94936
"2ca6ce8266afc6721d179335",927175389.052472
"2ca8b22013c529b412ad764b",944071152.342116
"2cb64650b876ccbc7337a0e4",458082846.229965
"2cc0129b386acf9cdfa4eeb3",814657702.772171
"2cc821cd7b5fa82b27308f87",589847180.723565
"2cc9f2411f98d0fd41511211",707306431.705442
"2cd0b2d7561919f0223608d5",448445802.54026
"2cd372392fda500e6526695b",684560254.503951
"2ce779caef0637db97954912",854762954.608771
"2cfa1397c901b4e940d9f673",746628579.271317
"2d0d803cdbeaec6e2626eebb",658601735.548496
"2d14ad8ab9573c406e203ed4",706433002.345217
"2d1f036c96e92d9c557605cb",494179404.98703
"2d26b8360f1da9a677670fcd",788051638.619941
"2d2ee255ed2144b9fa1fcc39",720142862.50356
"2d3236cf646f19a25932676a",966849669.047976
"2d4031f171f965d7dbce0ef6",906950919.304982
"2d437a09b860d9d46644ea23",574503716.832456
"2d4a781f969a4fa2a4f04a7a",1056424763.9691
"2d4bd56e71f90e6fb387a2b4",1694228245.44653
"2d531a26f8b1a8afa511e3dd",666426248.028816
"2d5564a502635dce2d46ef8e",840914817.838365
"2d564574f0191164ff1d068b",458564943.246005
"2d5ccb12ebb6fc7d4ba462b0",556894500.131008
"2d5d9119602c228b333402a4",390058538.262449
"2d60a221b478264cab9816f7",972271936.656294
"2d65980024ded46854c25260",983001191.28345
"2d6aaefe0f50db8acde6fd1b",2108387268.02576
"2d6f5bc20de99dd0bd4e34bc",1153663134.73784
"2d778563921376962d126cbb",935339866.969478
"2d7a48a6b9fff20ded24f86d",482216012.002467
"2d7bf0032580e6b6dd1ce36b",1186339493.27044
"2d8d64261ba659302da4a481",625096142.23094
"2d91b3a8c62b890fd246183c",1282671594.1165
"2da346c00d6fc39268f12b82",954125804.465037
"2db9b3463f85dfa87347d6e3",1129943282.31671
"2dba091723891d8907905a74",865496136.685828
"2dbef742d0c59d21ad7392e3",950893980.324975
"2dc58e6aab9399e9677265a6",1222079040.28399
"2ddda0ae748b38a6258f660c",1378423384.4716
"2de0ad9bf15232d6056285fe",801113342.773977
"2de93fc191360ae22b0402dd",484138031.960629
"2dee15f1b082bb986f8d9513",550194537.000817
"2df90c0a3e2b9138fe276a75",561253172.41316
"2dfd1808bb95170a088deac6",744206421.893285
"2dfeb06300828182d4109c43",765748788.683497
"2e0a8235637e98dfea862909",707493114.133272
"2e111ff939191cc6df2c59bd",798999511.484097
"2e1608b8c646a102e27df16b",715419268.513154
"2e1f3fb2323fa16150f8bc88",610753092.542687
"2e1f7569d134a931098a2ede",726380714.695835
"2e23ee2beaf5293f57a5c504",641185220.54799
"2e2d3f42f4f8369733b3bcb9",727586150.546451
"2e2f1072d8db7372b2c2419d",739775827.973341
"2e2ff1e620063f416a387058",781734070.599964
"2e3fc1d628f6727880d3d4e6",503523993.990909
"2e41ceccc918145dbe7de0be",642032678.537664
"2e52008bd11000eb776bd80a",1536221315.80696
"2e58c9b6fbe9c57c83bc0aed",764503736.553127
"2e653d2567a47067df169d97",1108282179.22886
"2e6fb29cbc1ccc3d97c92c72",995896882.350309
"2e797c8302fb7ada13ef2d4c",605636374.768223
"2e7c6a89d2cf2d835839f5f1",939456447.943273
"2e8af16a155fe18c8c6730a2",1018592554.63015
"2e8c76f4ed59cd3924f7136d",922104968.237503
"2e9390c4423db604e1c7c4ec",606645593.730104
"2e992370de3eed4ec1271589",831750621.228938
"2e99240e23b0542f1cc75026",790705670.944384
"2ea47ef8f02712c32613fbd1",657777065.460314
"2ead9549bab6f1386b7a2c77",997583696.46138
"2ec9f5265334241fc594976f",684572144.743184
"2ed1ae5e6fa77e447af230fb",888480368.308265
"2ee7f959d069c9ca223115cc",911218173.663518
"2eeb4b0d7afa57b63778b69f",1215104917.00383
"2ef897a38b95d7b769856e78",951060853.635224
"2ef8a530db816223dcf474a1",753280837.704644
"2ef9126614eeef828f797e66",929429629.504027
"2f0bbbbb466fae3fe5c4f614",702478884.942512
"2f13a428281ffc425f2c2e38",723338900.070093
"2f171883b97d9c02b90f93a9",517800505.539244
"2f1880c9b8f7ac2715e1236d",1028360629.90364
"2f3281ef06475d2114fbf9a7",476880870.697579
"2f34de2546f13e8a9dee1edf",569501396.478243
"2f3d01cbf0ee0b985386418d",518023194.820937
"2f412384597554f3dab07985",800959429.219435
"2f48a73bfcc91272161afd39",760172893.754043
"2f4b0b1b81c792f43f4ccd5c",576723206.893156
"2f4ed160fe2a21722e6299f8",572139860.931737
"2f610d2242d583654337d468",1529328599.86427
"2f6515defc3b21d82e0ca4dc",602619756.862373
"2f6dfe9443645d6629eeccb9",461233661.430535
"2f76a2b53e091df35a125b13",489186726.395876
"2f7784465c1c69c8f786a0a9",2083811604.68346
"2f7d36523df4a5eee3edbe05",1014909597.902
"2f801cf48edb712627196b2c",702134537.738867
"2f854c9df6212c39091bcf28",732266993.066102
"2fa288389b3031d595973793",787912199.874176
"2fad468e1c248f40ee3586ad",741353156.803501
"2fb149a70fa14ac05582ae69",848055981.889169
"2fb5206d246ee7ab22fb8143",1082011691.65321
"2fb8b2990751692b8ef1ab6e",885879815.166096
"2fba6801eb9a7bce7ed2c081",708754815.691295
"2fc150cf6ea4141106bb8ac4",491772595.2805
"2fc19f73fb877ed8b88a5250",403074669.075805
"2fc38ab2689eb24f63e32efc",1026578383.67969
"2fc96ec5fb2c8dec0a5b09ab",1046604168.9442
"2fcab31c752b699af5e8ce8b",1091893386.88605
"2fdb80ee4f9a35663e92b3b2",627889900.489752
"2fde05df6a3aa9f57385e6a7",706647438.831994
"2fe64bad1bc8a43fedfe0700",676873320.701902
"2ff0775d2c131d19804f2a2e",604392024.691908
"2ff531e27672ecd2362eed55",1178035601.19149
"2fffe55a1584619bd7c489f6",839600245.742003
"3008e821640b33a8d70beec9",440846162.540175
"30091c32a5046d563597bbf4",566746137.205879
"301b5da33d32c0632b16e8a8",934812816.341499
"301ce25214ddb4b5144373ef",1178164204.84543
"302918a3460b98acb64fafdd",624932953.359123
"302adfed183564312f9e3087",1126029029.2825
"3032ae39e739fe46e9e198e5",1006658602.40555
"3035d7ea4b71d204b588dccf",691298122.865448
"303dc73dc1130de9aa2f70f3",697851103.409378
"3043d0b025fac4ed90b448e6",676364177.954941
"304ce5835e685778b1c2b6a1",606594159.934582
"305080502cba05a1c165560b",746487925.455595
"3053732169b2260529f90133",862089728.914403
"3057660e38fb757dbc8bd898",862255034.007857
"3058b792e3f6781e438a2e9b",907788492.006811
"305d6abea2f3e496e3b6fcf4",715931740.222528
"3061729865dd2d68858600b1",615651030.897425
"3064379f468404110d594c87",778621966.536735
"30652905d3eacda34ff61a9e",1020949458.12375
"30677852542c78698083d4f3",1687119917.93768
"307acb7b4044cfa5680e4227",1281254293.93179
"307eb683db84db535106c445",667620360.316549
"3083a7ab1deb092f7aca6a54",725670496.695118
"30a30e4ab286fd822c68ab5a",709734930.102661
"30a8b9c197bc42f088d0b873",716288203.822615
"30ab0bbf876dfa515b266c9f",432645346.597571
"30b0c440c0bc8c6005855ff8",784089191.041398
"30b3f38716be209a894b0942",501532519.271781
"30d2ac3ecb8150e4d4339d1a",1210005887.59186
"30d38a7bab2eaaef1ff6be0d",712137128.778636
"30d5185ca2ac2fcda2bcb79c",736585448.949732
"30e10a03626eeaf8bc2c380e",928019309.183464
"30e134a6cbe61d7954d0f56b",375529699.150094
"30e1bd4619483b0e896b5229",794922470.38474
"30e6d4e1c53e9e81ff66df43",571928827.980887
"30f381306494ebaa760b990c",705644477.840515
"30f3b383f2d5e4709c9304b1",852486412.104272
"30f6404e8034dbd513aa8a30",430823065.014042
"30f77637dd52e728efaddd6d",990813799.104947
"31081c78ce92e1d8dbb315b9",823995671.620854
"310e768d2e8836432f8b3e97",389530808.804835
"3115e2391cc3a078b5e6066f",722842123.718143
"311dcf366691c44243b7b89c",899770903.705085
"311fa1bf3c405f9bed13b38a",494444180.636837
"3128a4896665d38feb72b456",776935090.027431
"312a6b2a57dc6947f95213a5",515401917.761543
"312ef52e0250429a5ecb3b27",1117445227.52421
"313abf19d78b719cce4b3188",994864460.136285
"313e17c442fa3040065b7489",760510637.678072
"314153750510e92ddcecf33c",998128218.905363
"314479aa7b73ef6ef44e1c89",629153636.869024
"3146f3ec9b237fa0944cec7b",564938987.430742
"31474c62a8f39e250fb2882b",1095672747.98789
"314a1e163d0b77b0f384da29",465594190.80346
"3151daf55106dd159f27a8b6",535837930.877518
"315ea6fbd6b3261cae7fb900",887910793.484499
"3164e0ecd246b8ed6cb6d054",769045575.035999
"317d8f9d18599b346639a4d1",521810943.057716
"317e95fad7d399673719537e",780188201.909766
"3186cd0a3125adf3b25587aa",1001715419.92312
"3192bb7190b9130c4e67be4e",761550295.189911
"31977cd5d4c09eff149e74ea",818579222.904219
"3198c4acc62c1a2276bf15de",749802010.607843
"319b9accf9980ef2ef81099b",1137760237.6267
"319ba1ec06c9b6ca6990f4c1",1286264063.07876
"31a1492e589f317a58a79df7",860009043.396488
"31a3719e57ab1425e7267fad",928190505.826545
"31a6c440ca9eb29acc0f1086",1334149610.64794
"31a73382ae20331521bf2e6f",668897480.313785
"31c69cf4d197f97ac594a896",956506841.893329
"31cdb68dc6476128c4bb2f5c",909489292.605469
"31d3215c8345d48ce9734c65",488770889.386499
"31d6f089626c4fd08536fac0",626374696.211496
"31e241881acaceb02ef915d2",899205630.994505
"31ed69311bfbbe000f4483d4",835273859.517133
"31ef69bed8e54b5e1fb245aa",802409720.430843
"31f52502e89beb1b2e0dc3d3",932129258.789446
"31f56b841b122b35615bae2c",594569842.301553
"31f630c44db4be5360a57640",648969346.266949
"31f6a25d56f3bb36386d07ae",1040264665.14491
"32036c1eb131e6cc4f3bad3e",461900196.570848
"32040dd7b8edfbe331773288",917027091.345861
"3206523e850b5b5fbce567a3",1250783793.09682
"320ff6c0320674fd278f6fc7",687548959.636109
"3214488a8fa9cf8b3dae877a",574142209.531211
"32161228e9c502d2c21beaa3",622772583.05141
"322bad590ae06fb48f80c533",427169967.184495
"32354bff9df0267a5e139156",629318579.183129
"32366fe92222b329e3d03b29",783091471.612877
"32421841f7eeda76160d7959",719128671.461193
"3247399a31df838ec5fe58c5",927168319.888079
"32474481a0f8af34a4edfec9",561048135.489715
"3256c6c6f30aea9cc79b7283",957921669.132477
"325ce336d3df17a078db5166",491409193.694725
"326a82671272d893ce699476",832484015.727951
"3279efb86571efde18eeebef",880212920.823815
"3289958459cd87f24089cd14",441938822.402288
"32915b77ca68000ba9eed6d8",696243086.351255
"32a10e550bf7095627d17da3",544605900.07132
"32a555016892e7a74d231545",934481837.982855
"32b678be83da2a07b37f3012",412909859.962146
"32bdf33933c29b1cbf89539c",860167693.825193
"32c1f617f2b1f537ef703712",970615718.636657
"32c7a2d032ee21f8bbc6eccf",684186207.109165
"32c7b848ef60432d98f415c5",668608833.151145
"32cb6246cd94f962f780a1fa",454581699.982639
"32ce96d8adc8e549b90b4a8b",769580523.539101
"32d2c5f1707b00c93407a19a",726422947.953272
"32d56542ab5486bdaf4466fc",918307908.022182
"32d5772adbcc785ecbc2c55f",878463977.251141
"32d5a20c542a8194a6aae965",729770441.732479
"32dd96f4f07f67806146ec46",705328911.752855
"32e182242a654ac03a8f3ea8",397414446.740111
"32e6518755191bef743b28f6",672629457.076194
"32ea7e13e8d9391aa9b7ab9e",448528529.715481
"32ecec7d5c47d02969368779",735166679.437669
"32f3364ac1fabdd13db1cfe5",446562518.250204
"32fbc0f1934f7325a404a2eb",830517038.960912
"33043b254b9085fc82ee1f7f",442880351.596827
"3307731f3bc518012912f1b3",736924584.937827
"330c37fb5065311564fd35a2",686920859.817709
"331c515e7f0dbb4460810999",667229291.852443
"331d54f8a1bd3dabce73d6d9",1038177495.49118
"331e915e2a66fb70380282d6",834012307.639023
"331f0957d55d7f03df7fdc4b",884002912.157177
"332201e2583141f3a02dcca4",1053208747.49773
"33258f995a375ca192ca4d3c",804870402.17486
"332e395d4ce62523a2e3208e",500092018.83772
"33305df46dc2186c7e3f727e",1233479958.75018
"3335313b9060ff29782906b6",607592149.76517
"33379968a83c8a90c23e77dc",679446183.405663
"333a643c623a9bc75f3a40f2",1269382038.22246
"33425419e1a8e854418c5180",364923917.482624
"3348706086aa3db5c92259c3",457749067.434709
"334b5b9fc68a18387ae59ebf",526721277.611139
"33501f96ba3b02da073d586d",485425199.135684
"33510511ff07dc7354cca7e8",547426907.449207
"3352469ca509e8ca652fad1a",821830884.598623
"335626f385c28e8370c207cb",651910167.338355
"33598222854631e92fb72baa",855708850.191045
"3360f48c1ec30dd1c3175101",748307067.922816
"336888717766096b24215b26",986318635.592533
"3370a48ec22302456c41ded9",560059083.63707
"337c81be4cb14d494ca69db4",800801057.222673
"3393fece8a6ed311ad865e66",770098925.734968
"339bc881458ca34bdcb771da",1055868979.99193
"339ca7bc687766f517ab3274",490176074.778783
"33a334a16c4547b9d7842c3d",682439275.87445
"33a61cda27fadacce0d1aa7b",1087318902.42571
"33a7f6aebc3e2d480d287199",950228155.062997
"33ab442cf58cfaa33eefb6dd",375737565.356467
"33b702ced6de5f7ab8b29e7a",605936146.227762
"33b92225cef255b0e4b4edf9",637914578.269783
"33d2d1db291a13affdc209bf",732316185.393903
"33d6b1bbab4524c3aa03756c",656995038.070286
"33dbec39ef8c0667e4c3f039",815295551.083678
"33ddf4e1ed8c864e9db16887",536393133.520609
"33dfb510aae260ccefa4d349",1021314982.88017
"33e22ea4154e8f71062dba8b",725189277.004179
"33e4901b6e72593513a02207",556995686.830894
"33ea5de5e8f5c639a213414d",613698208.958635
"33f1a7739cb556a78af083de",898415018.105268
"33f4f9988387bfc237d114fa",996830274.039514
"33f7d5aa494288cc90d60456",834768359.215687
"34067d9b2b4e45be1e5cfa32",504869538.332677
"340ae520163a220061bd7f28",824026031.114263
"340c4d762f830197fdaf0977",1034634065.13005
"340d1313fc2dc8e5b6918262",665225384.955364
"340f96c7de105aec5b7a28b9",707097548.93469
"3413f37549869d2172b76d6e",1033033298.94214
"341c307eedfce3f735f4a63f",700881192.104067
"342027b17940a0cc5cdbf8d9",1015474826.86216
"34291b30d129222905ffdaba",779544338.133365
"3429c774b736cefc051e2c55",600650826.104255
"3438e5d77044f21743e56edc",755007674.325349
"343be18b0f77260f32ec05d2",550769050.988597
"343f45e7d178eb780a9a9818",600552038.55797
"34447730b60ad12f4775894d",1270815795.12978
"344823ba2777540ffa2a8fbc",1080737729.79758
"344a104d2210954497a5a388",914396451.073033
"344be03236aed65e74b14a2f",705642568.872973
"344f3bcc1acdba48c12f8441",949288108.663085
"3454ab4ad567d2d22d990fec",890154616.323578
"346c734ce163296a07526a35",604341353.300743
"3477646f548971044f8f0494",334932495.840203
"3477d85a434f66df58fbc094",1345479729.90582
"347a4deda03bfdde6d1c163d",729710357.051532
"347d5081f7bd36c8edc1f352",1004234558.53391
"3487768de3a13b7ee3df0254",786347365.143904
"34896afec0b639648c527483",966046225.806543
"34926bd7f9880e277e75a447",600851158.682707
"349602317da0e456d88fe24f",1108066142.8206
"349768047d470d2fa6ff1930",795146270.182553
"34993717af3f861b9735df6e",552072005.904907
"349fa9cfa15d8f8bdcbe863a",1166125132.59557
"34a9e3ca94ac06347d879942",1220631904.63324
"34bca71dc9c74a2072f11e9f",991896009.527953
"34bcfc2f0cefad790922879e",1184634355.03417
"34bd7be0761ab3d43da7a81c",648549124.522711
"34c84d0a410920c303ba69f8",682003032.335332
"34c92caf68dd0cec9fc383ef",1050555608.18227
"34d1394dbb483e55d1cc2da5",442718494.173236
"34dd15023216e187daaf5a07",845729793.022144
"34e5602cb58501859e32dc9f",909155663.067166
"34f0542a538cee9f3624d897",380943557.910999
"34f220a8ee1f24bcc5790364",605376293.256552
"34f4df9fce2ec05633d0cbd1",550885535.368738
"34f99327fe595ba6e32d89a1",715928312.374812
"3503f56e09e639be4762ff2d",780271441.741727
"3507f260c3c6e195fc444533",671433670.748221
"35114fa32397272437e67a54",799751334.016999
"351701c5d1b821253e2c8c42",478796970.983921
"351a3e1b62cd51d46913a8eb",1041463618.51818
"35255f80583ffbd504250554",859192428.620768
"3528df61a44a9895248336c9",665853114.9016
"352a76b301243d22d1b31f79",640240414.325214
"353207faab3dcf10feaac8ee",774959109.851584
"35352b370a31d01748616b01",1161237603.58434
"353743db4334fee80ac08d0b",969015502.468756
"35381d7a5b25317d7588ce77",764172962.765458
"3548fa5ad26ba2ea999380a0",545119998.774072
"354e2de1e3a81a63e7fae4bf",979359772.475797
"355d1fb69bcb4e8e8ed9ba1a",1138954636.79836
"35616923c84423b44d1d1438",1128635976.71203
"356712646865d98127b92a57",900397253.489684
"356815b8ffc300fe03073b7a",701144993.565145
"3569024b3ae4865240973e6d",457509977.283791
"3573093e56e95a982a41879c",1059358311.61406
"3578144f12e13e98e8cb2480",686707390.969573
"357e2add3d68167a4f3ce15e",1059620131.10939
"357e58ef96c53f39e267b80c",1360475718.67702
"357e653c4bea02df1b08c62a",765067951.526725
"357fda0abf79ec95f73e3584",654534096.363365
"3580dcbd0a6d7d6d3546dad6",800401652.905383
"358e1287e24c3c4fb353315b",875386794.202208
"358e85ba765ddde3ac31be33",448445802.54026
"358eb586d9649d20dca9bfcd",924582456.760109
"35984f749eeb84eaf938bb08",917604201.12857
"359f6a66a407e30b40979d2c",972714733.417536
"35a39cf33d16f8f5ff75fd6c",909446794.910529
"35ae7661d8191507cf9e7cdf",570860486.56495
"35b03ab66c19ba2049ddb9a4",511795312.769054
"35b1cd8020e7efbb9ba5adde",738356019.19754
"35b789e1d63f8f25980d21a1",1007244641.4122
"35bc25d0f9de2ed4f714fc8c",963851997.354257
"35c7a7c0ace36f4b95423c4c",472458255.24741
"35cb50346289f0590dd24d83",814392512.43565
"35ce37bbecac6b164fa21e6c",555677375.192585
"35d79b2ac92083bc439124ac",500166246.781072
"35dc60a65969b264ab283d6d",543593061.489979
"35dedbaace193598c9c438a7",480945639.176493
"35e0cac576415a4e61acec80",1360475718.67702
"35e55d060b1c4239a85c0ebb",468362668.960092
"35ed4187f732a1ea68dce712",996083963.870344
"35ef99962cd5984ca87bd326",739017256.722067
"35f69c7a9870ac62735d7639",428204387.357434
"35fca2d53ed17ea7637c528a",1264158619.87393
"360be0df2c003005e3db080e",1250770170.64495
"360e5cc9ee1282e5a6ea17dc",724504436.820436
"3611c89dc71078cd0aefd2cd",825036082.728431
"361715cb422c5fcd9125d5e6",493335936.461212
"361ccd7f37ada9c07ffcf71c",906305001.327329
"362212de783981c9ddb767bb",614065903.188519
"363c96b85cf07dacbb10b92e",542339183.356819
"364256d0881131148655e006",797105592.486648
"36445c32822146606f75dfdb",1065447925.10274
"364b8b8759e3c408c4005021",709460883.933519
"365a227184022e99f1d2a816",731201483.110932
"36753a5e31b0edb1eecb8bcc",556791785.797718
"3676e34e4824101f3fd9aa2c",828075348.818221
"3676f63aa0ab23ca7cd344b7",733489036.024277
"3679e1844a35c0c87fffefeb",595439181.729055
"367bc4fef78a9800f8616d02",575202896.076354
"367cd12d7f4aa93124047eb9",696628476.400023
"368e740cb71b9175fe5b7b6a",1233479958.75018
"368eddd8b6d39bcc7124a41e",738677435.838373
"368f7a70a62962bf31ec9583",1250770170.64495
"3697e556be961a16a621f3e5",517437696.767306
"369e9e64898ea16b7ffefb7c",782915205.45543
"36a0a1f0432c954604825b6e",969645879.965441
"36a11817b32bc24eda6ec8eb",504289445.068597
"36aa7d0cbfe40adf3c86a134",675189487.282944
"36ab522893b5f01caea4cd0d",578569921.602514
"36bec92975612d091a3c78b1",738086121.768024
"36c0d26b83e575a500a6c30c",646100868.68821
"36c2cae6de0add92f32d29f4",799427330.381398
"36cd68fc3ffab79fcaa340ab",542978215.322777
"36d5003f0b5ec7f80e89262d",890384348.64161
"36eb8139a5ca1b8459eb52c1",775527339.974209
"36f85981124e858c157f83df",840469933.850606
"36f9a0ea831710344f468bba",494444180.636837
"36fab4c38cdd91de650e6abd",726624862.921077
"36fd9fc1f1d9b2e10c1c6463",707114078.329145
"36ffb5566bc35fbce9e42679",504568583.400651
"37050aba3553f3869d59f809",880206282.461991
"37063e689732880621e4e733",1022498153.46385
"370a0d0da794efd58cab251d",1072014562.5578
"3710ec95af4702c45f165279",814560987.061376
"371a0ee537001f7a9d58465a",825752145.439894
"371b5ecf08973fc6e6849d14",811299393.409797
"37227e66adec69299f853e51",759028627.460721
"372a3934e8179422b5cf5729",756731827.540304
"372d67ccb9d251e290891f0a",424595285.094623
"3747996611a842c452865a9c",924092785.931153
"374ca1a16b8eba42b35374ac",763574533.463686
"375419559910484b17782b47",1566010948.2997
"3771c66b9ecd6db0b201d4c4",528685578.165447
"3786baf40b31a20f3bf3aa80",557156427.453581
"3786daeec4a4fb40ef07d8e5",972277172.860107
"3787f6da3e961c0e10d30e6d",1087987060.16839
"378d846a7af35e0c3efe53a9",935772008.396099
"378e6374da00b72bcd7920df",739952240.398117
"379429ee3675d1adbf816cc5",697665403.285066
"379c4fce87557848548b0944",515891952.745148
"379fcab709c66fa146d3491f",916191011.741107
"37ac1ae3a7e2a3319eafbb58",604503520.093683
"37b8e8a194e4f2fed7ddcd96",457537284.961163
"37cf2c5c1c6fb6e601d2f76e",392516801.329438
"37d12acc69d0e3e92420e62d",800000313.641583
"37d39cb7d3849a784497ed0d",969477598.110106
"37d5a902f1036cf3d80c275b",817690379.608604
"37d5b8f329ed1ec29d4bc035",539589208.328245
"37dba4927e327d3a4a0c1d36",685704835.057014
"37e009a57645b845b1673b8b",729347118.084728
"37e0fe114a3c7406daa57443",889889742.093485
"37e28ed39a51956880d211af",1365881936.15153
"37e696957da15625da71146e",558178528.521711
"37efd3e2a5b6567957c62081",702914549.090824
"37f39916813a58b844e17833",929538902.053748
"37fc4ce5dfff7faba6bebf8c",838647753.984931
"38026eb43ff9876cd5767ac3",678256983.693058
"38029a1aa22c0a5beb065edb",1026888695.89592
"3804d5b313b742228ef0f1d8",1311059692.19505
"380759598c614cbe10ae4bfc",776596822.875419
"380ae516dd46442f97acfe14",941541494.872765
"38117bca778373247df86e14",600552038.55797
"3825ce5030d951ef0fc2f7c5",489376454.658641
"38328747d2e1e0e568c05523",624004157.284133
"383af3a5794a0ec3efe78b2f",714340634.026633
"383b3198861942064a63184a",692493696.08289
"383c0948aac71636973507f4",696644480.650817
"38410183814a757520143737",777221767.139418
"385488342bff3d3587250c84",834427467.088016
"385fcde12021f4bbae6ac2fa",566068774.736422
"385fee7bd9ad7722d45dd034",596025285.331655
"3865974fbc1b412f24c47eaf",918247182.318599
"386ad1ba1cada9649f3415c0",819868877.410232
"386ee01c3f7bd8bdb91181ad",1080573449.31903
"387af5fb4b4a7f5c3fdcce57",737195462.40814
"387f18b1f01b1aae536752e5",654359894.113897
"3882da646752a82db088c614",550999130.941349
"388a6dbda422f886e503e685",1549078400.10489
"3897d9b5fe3a0cfaed7c18a6",545540605.280689
"3898683e5d24bab9eea24d30",748948816.486232
"38a0fcb41f0dbe8b0ef7af8f",663846019.66692
"38a1e2050dcab9b4c70c5e83",549979342.21768
"38b424cb0e54f0f7f2745781",860167693.825193
"38b87cf007043b76670207d8",1224022350.55558
"38cbcd7f88c1520fa083af9a",942035283.247898
"38cccc333e2c38bd608e1880",725265924.207993
"38d4b1837c595b6d9a23e994",992697892.062192
"38d5b9319bc16bae99fe73b9",779441387.227531
"38d6842c2807d54f386bdb5c",864936619.492924
"38d6c2a9beac610279bc110f",519895049.588737
"38dbf1b9c5963e9c3d008340",917305107.449508
"38e84c560b0455548ce186e4",489449952.965504
"38e8630f2c05ea38e2257c21",687548959.636109
"38faca2d6e338d328428f986",650535040.803672
"390107256faa08574d7231d2",779821267.758936
"39124b1ec419566a371af8d4",865103260.234795
"3917b95a3d05a5e58c117f68",641263978.636972
"3918fa99179953461fe07f2a",1045705660.82216
"391a98a344e894c6397d62f3",463355940.707949
"391cfff759030283411dfe1a",461866657.169101
"3920eb3f72b96fcb58ef778a",524306052.159689
"3921d7b508fa1591d40802d4",454505792.816602
"39222ab30001b3cf45b7de65",524878544.575031
"3923f0e655615aa6b52721b8",811049432.034889
"3929df6d73b3ba01bc018476",495052237.764392
"392abbc83cfacfe87c401e27",694961388.006645
"39351adf139f820864dfe8f4",1269600044.52531
"39377d0d271da03ad85c7bd1",624222484.601547
"393d99ca47315ae98fe9e7c8",1508522068.66018
"393e2e7ea1f20eb6b4148d60",900895648.587954
"3943b64f9550a575f15d6d29",1165481858.69493
"394718d9d069a126e13be804",846186374.778848
"3951171501fc51e2d830cc82",1264068610.5034
"39542105a7c46ded0cc373a7",934449640.518941
"39579c195f288da8d77f5ce9",993494295.462336
"3958d0cb732f3d623764be54",734757460.810887
"395c34e4b8f52cbdb0522459",859326956.340163
"395e3718423aeac3d40494a7",678212613.453066
"395fbdeb9f0c0586a2b20edc",573152499.253815
"396761edaa353e0828949bbb",645858639.557376
"396c8060d9767b4debf2a54c",816445085.375955
"3977cf1326ff502251f78f66",764662871.322327
"397a7d1cfb809e34797f2bb4",749459392.550749
"397d0f6319465fd7fea6f710",1042562615.20237
"397d4e490eb2db8a1b18051b",773564034.026159
"398274b1c46fd88151420c6e",563398863.867675
"398a67970cee5dc873d71bbc",1046569522.84779
"398c195aa41ace34a16b0d7b",1178711207.55945
"3991b04509fa61b36a8f7d2a",1041123624.66969
"39940234a26e7264b464450b",824883912.018973
"3997c10ceccd2f8c8e43cda0",1271519227.26557
"39a12600317b58457f68b5b8",453233179.05123
"39af71aaea23b5c1e987de32",558911837.711817
"39b62c6fca161b80bc6726c4",1336312341.69316
"39bc028f3b42d9ea48808ad0",443765732.643649
"39be6f994f2cd3d68b51126c",845928508.673783
"39c1613acc0ba4fe622c1f31",839491655.728063
"39c6bd862f908b7e8088f0dd",815804676.58826
"39c70622597e64c4821d0731",1128371576.92648
"39dee9b1661292cdda6c4823",662232223.540376
"39e306be57a992bcc75e089a",440486076.614536
"39e4765ae5c8284e1f3f618b",868315068.719676
"39ef085809bc80e32e7b6af6",1354545142.76677
"39ef4fb2a43fa3bba15a0b16",840607361.941988
"39f70d6b68b22668a0631f37",965568506.505172
"39f9f736d802b166ed688224",1165510195.0687
"3a00543fb00cbc044a5b3527",379852417.836177
"3a103803cf9cf0451582d89f",417357521.342046
"3a10398b72905bd710ffe9e1",1186558343.60771
"3a26efe201689493724ba464",619139043.74882
"3a276f0df8c12422e14107c5",922871446.185803
"3a28bf9841e6a9d3f1bc293a",876572210.14746
"3a2a2df4f07902b04b809125",739980148.056432
"3a2cacbd3b4f9a23514b1433",1461226684.37302
"3a2e95f5eddda4df84b2e2b3",570070187.40244
"3a2f110334251e97abe3583f",567786663.981985
"3a36f59d7c0e6c4eb85ca0cd",1276174230.68718
"3a384d68b7ddab45e01b6e99",933781911.665828
"3a3ce11d981d0893ec732e22",901061841.585533
"3a40bebb521445fcd32cf033",671665220.672908
"3a413637f3108ddf7bd53bcc",824026031.114263
"3a488b9e24d9b8fc7c222e20",454126377.187869
"3a50d40f15b1cf5bfb338092",454070913.338343
"3a513410a390c75fc14b0b3b",632475758.773509
"3a53919313bd750f2b1af906",1075496272.14294
"3a576586fa1aac85c2ffb75b",1572959557.84021
"3a6262eed8967d695182e435",744957941.632406
"3a810dc80d3a63f8cf106717",905684603.577252
"3a878d44356885ea61bd882b",631166669.120416
"3a8a506c99ede47ae2257e87",799037141.26248
"3a8b7b9048c82797fb01a8a1",821648574.752107
"3a99197868ce338c738a3b20",771309913.225168
"3a9b2ef74c59e96a6b107357",700402731.585945
"3a9c7ec02f3e7e419669fee2",448445802.54026
"3ab2ed6d140698cfa41f2e3f",660722343.254685
"3abe8f334f0f20f8006ca5d6",529120708.976509
"3ac517f74dbf8cdc8feadfe8",654418401.914752
"3ac77ed776aa4630c7293240",994657133.098376
"3ad3c519ced4b63ddbfdb0a1",431135356.702579
"3ad457c8855ab8921a7974c7",831251286.717778
"3adadd50e603746e5e4fc082",719189376.316911
"3adca5eeda4939a5ea11444b",881479334.905983
"3adcc2c662c8c7c9db5f0982",629669949.129161
"3aee70815bcf6effcf0e5fdf",1184197404.38505
"3af2a1ec9efa6884a8254d28",746622580.817146
"3af3a702988bfa0599727982",933670711.187489
"3af4b54bb5ee5fcff80f1e53",549801548.469793
"3b05e06aa0bc40b9db16416e",495820548.462256
"3b0b0bb06d95c5ea1aed2d95",490739253.374913
"3b14b48188fdbb0917414039",829572500.807628
"3b16ff50ec7fa717efbd62ab",854845120.011151
"3b185e3e31f7f5e6a1b3193c",779347489.672193
"3b224cf6107d815a2e78996c",848878767.536114
"3b23a71bf40e800a66bdeab2",434965425.41187
"3b29177e99201cf4eaae612a",1055047324.05337
"3b2936127f5a4684a1d3de22",744047842.068037
"3b2fa7905fd8fcb3e11ebcf2",979591153.619993
"3b368c10d243f6bc9c027061",466037885.042224
"3b380c563ed2505b7630feaa",1168825695.39665
"3b39471f854357b7e5d2853f",910674647.639289
"3b3e423e248b23090a2897ee",604148980.186176
"3b43e7acfab46651b099b1ed",1132094109.76864
"3b4b303bbeece313f92cb85e",800811699.23872
"3b4ce006ef95420847da20b9",706287413.835349
"3b4e889562e4078f8f369172",756543681.385793
"3b51828a1e891f3a52a4653c",793534159.498087
"3b52bd5eee5ef8e3871dcb3d",1204457040.79601
"3b54ab53b6e3453e333a0939",395121406.905183
"3b5a5d6536a9fd24f02e8ba0",452062145.7364
"3b6c37e7e6ff1c03ee4fe995",903655479.39311
"3b6c94e3e3684eac73b3e7f6",2056106171.44482
"3b6cedd9966332f0722208cf",470838070.756726
"3b6d88f864f6c1759f957c73",1334447696.64291
"3b739666f401ca6b2135652c",1042210370.08904
"3b758c26283c2f11251bfb89",1043368744.11885
"3b7ddf527979726fb8aa1683",664488993.371022
"3b7fd4008e14e394dd09a0e9",1529328599.86427
"3b823e81c5378ee3c977e863",744700227.964194
"3b8302dabc47048245acc09f",782802629.46898
"3b98c8e46cf8477a1968244f",662583996.427937
"3b9971f91bbe4b8dcc704ba0",767783742.699946
"3ba644c7be754c21e3cc48ee",893317513.068321
"3ba6b07e752fa580f630eb8f",1113478153.92546
"3ba769d65f02217656e0f5b5",1142398336.64628
"3baeb28cb33d048bcd6e42cf",401095610.418336
"3bb15c6313ee70bf4d88f4e0",792688691.14251
"3bb987adb4ff573ef09b8c12",633340564.616992
"3bc1d407f7e7c8e67f7dd27c",778890343.934381
"3bc68bc2d6a2b81f9e3b9a50",919365245.361375
"3bc80c56871193dd782696d3",495964639.441368
"3bdce823d3b96e8f0170d96d",880219217.77421
"3bdd7be0b5e18d266189d991",840380296.70092
"3be69554b1cb31ed5732a836",779400557.979417
"3bed16373c8ae820187e3d5a",815655773.694626
"3bee8a9981a1e9e13a05cafd",744768557.737751
"3bf1bea2a835d7fd11e47ce8",577661211.636605
"3bfccc757ef82ff2774f2db9",1424866025.22154
"3c0b438c7a4fcbfaff9f678e",811719765.724954
"3c1b1f86087f9b99380e387c",864803419.067883
"3c1b7a0a306e16e8c22d78c9",875429073.95217
"3c1ee7e502c6bfb20873b47c",741780405.346293
"3c268e9119b8027f78f91954",743581733.299707
"3c26b2954be250bfe239db68",384827593.632125
"3c2a535f1df831771b859a86",783152119.112279
"3c2f62f464aa5c48c470bff2",846363900.024584
"3c35c8993bb937164ae4a880",863094276.898438
"3c38153bc36b364b92548965",1029721247.0994
"3c3a0f57e030472879f454d8",819745710.351029
"3c3c7861a9727bedf5e3cb29",952469524.249914
"3c3cc027fb179e91a46f11f4",576400389.034025
"3c45bf3e3e31e7804ac91704",518561356.826532
"3c4c18326318a7207b589dbd",395875059.746453
"3c6092e8458ee81aed0db0a3",681215614.504817
"3c660885ddd7e98ba5ea26a1",1517411826.29831
"3c6d485d7b01ddd6147746c2",615720580.518265
"3c753ecb3a4f8ce43077a6c1",1186536899.77919
"3c840c206546c20b3e53d4fa",819834542.405619
"3c86651d9bbfbb335f15b544",605864009.16216
"3c877a0fbe08cda958ff8f46",1171407731.29395
"3c8eaefb3f5dd8d4c9f5386c",757640517.696403
"3c95dcc4bc3788b4cd5602d5",799932820.1642
"3c9e3b97db788dcd10acf0e1",517572317.14758
"3ca0e7723afebbf53e390297",910328768.624404
"3ca34fa833e6ba10cb4b1944",604057661.85754
"3ca74495aa9adbd533ccfb96",1029593691.55867
"3ca7f183cc0b303e5d455309",1099912075.40655
"3caab5e89722761d5ab2498a",652433427.691854
"3cb1773d90dc240c4ffed5c4",1059283790.9421
"3cc722d5c764ac261611c2b0",464518520.065411
"3cd016f68705e73b819cf74b",811588300.792219
"3cd3537b5f9475657060cae8",1370684964.88365
"3cd5562115870363ed5d7558",1171083097.59128
"3cdee5304896e4cb9604ebe3",871657647.808921
"3ce2c7f1ee7569e1b916cddc",843901774.285367
"3ce50f34a7974ec17178a79f",823043861.680473
"3ce908c9b70f349158f7d04a",912713557.817728
"3cecc0cc43ef46670a8e69bd",879739519.209937
"3cf9282136fad24af0f7ebb1",913542289.078493
"3cfd9ba5c6993718c0c532ff",678865572.759386
"3d04304c8644c81114c36f98",1013596881.74837
"3d0cc51b7a2392f3be3b1666",712203919.937832
"3d0de71d822da8a999bb6222",546498396.059178
"3d11a16b008c26fe43deca03",609434822.586991
"3d141576443a97b0202c9672",1081278333.24624
"3d162a854aa05447e2cae0c0",791466805.643318
"3d1a767dc286fe1cb86ed9f6",1021524184.44864
"3d1a8884a9687e53e5fb0bb7",790637471.942338
"3d1deb639d94b292552a123c",929018877.735739
"3d24d985b95a3e200a734bc2",1440224136.09517
"3d266736d0307404a5804073",684154475.640836
"3d31144a77cb51647f3deb02",794998785.729971
"3d3317303679a6a5a381d0ea",1181577239.8423
"3d389130627ca7bade643f47",737044258.097294
"3d3a318662cbe218db0878e7",1138744566.54961
"3d405df6e5dd012419f43ba6",824640340.506845
"3d43dd23536f843c2c5bd268",778520605.099421
"3d44c742b1aa4c022a968ea2",365582554.50936
"3d474c6a88ceb86e00f68b3a",657957448.280782
"3d4c48167a8de8cb0e4956f6",1032461802.41717
"3d57abd322b0077efa1091df",1160570613.9424
"3d580d0df1bf9dd124c282c9",824330084.060043
"3d5ece38670c1c96df4cfff8",705644477.840515
"3d63320260d150d134fe8648",735558064.899338
"3d6815fb68ce959cb95e225e",793547459.229352
"3d6a9a4f2336a46eb62e6a47",1216893605.18568
"3d6d51ca99f2747d6b92dd19",821626813.690478
"3d722d960b860b4bee79ae2f",671056494.330061
"3d9856c3ee0a4b5a833c69ab",605590053.551516
"3d997123b33373024bd2cbe1",1023901712.74151
"3da41d55a2b9f78c2b10c75d",833726186.523678
"3da9de8f610e5c40401a5b78",877598034.785238
"3db3b80a902c10004cd3a3d5",1020689283.06174
"3dbafa8cd5225e261ec9b6ef",450968419.659252
"3dbb09358256bae5199e1318",662632413.669971
"3dbf89c6e97182647bb44e69",799627762.564921
"3dc0fa238745fbc31ba88853",450466977.457368
"3dc8277f29d0a2406fa25ce1",509501374.475204
"3dcdbb92628e6a200adf48e8",1299860586.49614
"3dd4fa53bc59e5852f9fee98",896300533.992277
"3dd8085a65f24b497ea59557",926579486.516001
"3dda25226646e1e91f4c948d",922508846.68863
"3de5d35f742cb4eb68d5f314",738795476.153767
"3de8187003cbf6c4813bee45",469268415.868317
"3dea0748459a295fcbd2f0b6",524593479.879821
"3dec1da01706b06f5d6a9266",450932820.731931
"3df855d8893dbc62eabd95c6",594305685.395658
"3dfd7e954d6f7f40af60bc9d",613791871.56926
"3e040e87b89a043564f0d0a2",807716906.091508
"3e0c656b64d39ab38201a112",557945595.106855
"3e0ccd899ad73579898fe73c",1177684363.73792
"3e18c851788fa8724ca8b7cb",522588832.882274
"3e1a1b2a518d3ca2fe3950b4",741992544.96745
"3e1c2c5b0831edf78f7b7082",728875682.447867
"3e2c1d2cba8755ffad9cff27",758054483.247089
"3e3717eda8ec9a68c9d83027",519945735.835419
"3e3880088f0df7c447e27840",661906496.675212
"3e3f264cd0ac7a65ed2349a2",1157098704.5079
"3e4c1e6435ea1a9c3150aed0",600552038.55797
"3e523ee3a6c2d89436539792",1007146673.48895
"3e6645f2cd377ba17ae2e46e",454045026.93363
"3e66557e876a876c259c40a0",800194018.779923
"3e7217f628a1d0fc9bc47071",883255243.204161
"3e7f514983daa92e49a7c87a",350974826.734845
"3e85b447edd3b23b5a0d3b79",717496790.49031
"3e85deb0237521f1a7a8fa84",882423655.530706
"3e874c25176a3abb336b31ac",764949174.667227
"3e891afdcb568befebd66fe4",478127945.703839
"3e8a4318d93b1fed4c48f48d",1200744648.37673
"3e9083411c44213130b2ece8",804448399.940727
"3e9754a961d2cf348c9ff7af",805759628.1973
"3e9cdf767389ee551b5349a3",561149729.776394
"3e9d73530ff24d3f4a543091",1024032739.35337
"3ea5478270517f299b20bd06",801352994.694849
"3ea6e8da2cb0bf83872dfd8c",794360306.248718
"3eb79541c2ce9413d2c54736",860167693.825193
"3eb97ecf8069775b9104af85",1120850002.24906
"3ec50faceb434f716d73613c",1128343066.72492
"3ecdb7a7d178b48361340ea9",771892030.577924
"3edc0e70e7cf6a21be2f0d53",442646735.999541
"3ee3ee47bfa21462a1fd455d",610297442.260029
"3ee9cfee7b0acd482672ed47",657029065.825062
"3ef167ca6c4ac77f6968d17d",934826647.424411
"3ef8fee6a5cf42827d8bf562",1113819253.57604
"3f081fb77ad08f8370569bf9",676430048.885939
"3f0c845deec1c24472a35efd",1448298096.91284
"3f208f32cc24d8ce1506ed90",798256966.441063
"3f226452520ee8f04e306bb9",1234879126.87456
"3f295e6c14e23cff1468bf82",890043468.426909
"3f2c18ea5d8e9a25adca4c42",942368812.24862
"3f35c44229ba13940d8a705d",1138659135.94154
"3f370094239ab6fc817e9ec0",1214156639.94942
"3f39a260b81dd7de1dff2b31",1022586211.61839
"3f39b25dedb96409dc9d1947",1383174264.06619
"3f418a8bcc7adfa87e0f67dd",914720048.05487
"3f4272a3a4b14ce152fc3abb",822995531.325983
"3f438d6202cfd4527bd8f983",568722581.142118
"3f45ed2f08a2b03b738fbb5e",477645756.032132
"3f4c2c98a5a6cb78d7d26327",394395948.393597
"3f54091296f773f5a1bb240b",1137440144.61153
"3f5a0cbba1433e9b6588dd73",657042481.05001
"3f6b2f0c0876c21755369cb6",880676033.376615
"3f6c05c97778fbdc86304bf4",1026758543.09749
"3f6eba5c365508ac192f2b82",519755570.287854
"3f6effb8881ea683838437be",785474315.55355
"3f7c5d8304fc650bf97247ee",825763894.573434
"3f87d08afecc4aba03587848",980408918.557573
"3f895518a7fccca44e534578",553150183.317875
"3f97341f90b11e6a7a7f7c2c",967582033.677066
"3f9a3edf25152433969f98e9",795998071.379017
"3f9e95762d2f2056e9716039",754737375.738527
"3fa0d9e247f28968a5bf8476",615310208.113161
"3fa4ef366575bc72ca5a0582",1062193986.1004
"3fb3a581a9a74146dcf9b71f",572657934.283902
"3fbc0746bd620a0baabbd859",721649782.542142
"3fc7a0f9c30978f24d688fb7",703202215.392143
"3fc826461ec4648e4f7877da",947199422.449991
"3fcacd1cf9770a2724a5fb01",809921669.164227
"3fcc5ff04edf753621d6cbb6",754568926.794307
"3fdfa23ac43d1df0503ccf1e",1020889864.28468
"3fea10126c0c651f02de7167",594501083.181096
"3fed1dd17fcfbd2b86e73143",503078028.250719
"3fee486268a1451a7b9fff7c",967883970.859276
"3ff2a2fd905d81f0422c54b2",676455442.647374
"3ff6e77706eae698f86eec29",818465289.851561
"3ff7b739ce65f0b3066806ba",981987822.299368
"3ff9e75c6de41de517d1c4a4",374808995.517263
"3ffefb3f453c54585fa6ef22",777764969.247393
"4002635ca8b087877ad22d5b",1028273029.60324
"400a103762ad652e81c8d3c6",698599018.351795
"401f0de98764e9fdd4055406",640072111.999813
"4029115038a899d98dc93d3a",651085136.39722
"402f18888d480f5af146daab",831684538.036703
"4032d6a6a13399797a794ab7",801566699.873284
"4034cb3cb77e9cb39cc98fc5",921558877.176359
"4034cd9a70d18fe0c883a0fa",498071046.849483
"40355fef059659469e16e3ec",516630647.308795
"404364fe956884368e2f8300",587885802.463316
"4045e30cced205e8c5b2373c",899340557.203227
"4046ebeeb7ab85affcfe337c",1058273740.60932
"4049086139009c35dfebb3ab",397267861.002718
"40525fc425906c9485f1ddfc",486912730.509573
"40558b62d83e4362efe1fe26",562524452.186403
"4056182cbd8c12cd87ad9e84",838687781.904213
"4057a676e7012fd37af9c3b1",714773196.724597
"405baee61afa4b08dc25e586",1007838567.84181
"405bc08707001684d19f6edd",668774108.007675
"405fec98d5a3c8981173311c",888418256.239994
"4066155e224520530ce985eb",509669799.618169
"4066da904062a0041a809b02",591733331.840116
"40713332e88c6d3a393c8b2a",503293141.558339
"40768729f2697b87ed6519d1",911443159.426273
"407e4196114b64578beac143",673494935.374078
"4083248d3d2f2bbf9589b971",842338168.871783
"40871d7ade3e592560d0b3e3",697794105.321602
"4090c1b86074c8e769cc72fd",606001908.031849
"4091a115125eb4a67f494620",868457381.200611
"409cb370961c60bacbdf7416",397883247.941805
"409eb9b8f2ba87ca299a7f6d",443468988.253579
"40a1cefb3cbb7e2972e30d97",569763565.903182
"40a53a3f3d49f7905966295f",898405929.130814
"40a561bf79fa7a08155e1183",653592444.230239
"40a65310ce666e80a9611d4c",811832141.655957
"40aad45bb7a980c9c5e1884e",880676033.376615
"40aaf6665b489033ba0e55b5",1062579433.85543
"40b20b5a3a986802d64f7675",695780067.44718
"40c2ea5f89f5b77cc09d1455",772173790.821094
"40c74dec061500aaa78f78b7",732010201.252439
"40c9f947e826f89c6ff3f898",504482372.336622
"40ce7321869b706210eda9da",725359953.883296
"40d04ff9c405cccfc82ed5a5",512453477.983612
"40d3f1f00de86e74e0304bd1",895205971.072269
"40d5384e2e8f8fef2032928a",441225600.065322
"40d9a852bbed67a6036c6d8b",646724391.399765
"40db880aba8951909e6e4ef6",1063203449.64345
"40dd67aeb6e9979211c9345d",855160586.481808
"40e56beaf4a7f28f8108b132",456838944.449305
"40e9ef1e7c6749b7a8d04ea9",503025576.781225
"40eb0c78da8b51b53548d914",972918475.556081
"40eefaf8c26b8b4736308bf7",676969914.775108
"40ef1682158d0c3cd07f484b",1299251371.28388
"40efc0dc313284d3b57492f9",673743727.182575
"40f301afabee5be092ba20ad",761980484.875917
"40fd167916ff071afdc44792",1150571215.10606
"41037a3f8625082544979179",610346553.720998
"410e5af026805ec8088f2e71",745654454.562537
"4116cde03803e63a3e87e847",1198584104.48493
"41227dc9c9948a5f0688e426",651174622.622857
"4122eca7b73c1347a7814a70",916826491.190529
"412e7b9e1de3df8c3dbcf198",715931927.449483
"41353584f956b9e316c6c67d",664228179.096927
"41376f69b086937257387f1d",988541718.850721
"413d6e4fb772beff60f73e2b",730897663.821515
"41454361857cf70c44e1f5ac",680456196.702251
"41479709513815cf5fc1eac9",772282877.151917
"415622d0f7adb1a9f7009a63",412726437.255945
"415b68c7a5cfb073676c443b",639361881.2929
"415e1faab81016a460db7a0b",843302512.366019
"4163b665043ed27d7bf26c00",503873808.676881
"4167fdc804227ed43224a32c",948879402.271894
"41719542347401b04dfbaa59",810741468.861286
"417e974a3f0d97e502e49800",1115458690.18615
"4184fd9a546823ff1fea0b74",878531438.340937
"41877a677d1856bf609515fe",916199261.133803
"4188712d431ba996cd59fbe5",599359056.666505
"419398139a3aa2ca2be3f941",697595346.65908
"4195a9d13c0a526d7cc959f8",533169961.039762
"4195fdfe50e42e9981fa2f4f",806501889.195549
"4199eaa19ddf8ac436bb2ba3",1173761644.42153
"419a2f823e87ab67b1311bee",877468261.991702
"419ce7158ed62eb6897cf09e",591283806.082824
"41a269c661f20e443a7a25f6",1121343098.74687
"41abd8a2cbca609cf868f227",599718122.143592
"41ac76d4fa450fe0c377a0e5",420842609.632706
"41ae9d3d280d4eebe510606a",860524494.478681
"41d174db6f695472063ceef3",988373201.291178
"41d2864e1f73e29f222c61e0",620789697.169393
"41d3afc1118758b5314db48e",743291682.025464
"41df29e27c0bbb52aa8ffe49",757838528.876041
"41f33deb9990562def18c917",645714792.298634
"41f99600339a7afc8e386e6e",707845163.125772
"41fc4ca2b3f48508d840bbb1",466659371.272034
"4202dc3f8255586e1ccfff46",536026982.210406
"420b03095062d9571144a276",1256422350.27938
"421db6a58670e53f563eb9ad",709457799.241776
"4224e69acf9fb071d4cab498",862986606.518378
"422e994aaca85628ff759004",872277422.988884
"423ddbfe2f575e6bcb22e7b8",736099282.050886
"424b41f5e01ea2e2ccd3ca48",598754530.565499
"424bb491c71e913e900db76f",731866464.31665
"42525c57e13abbfafe9bb395",1382907347.79255
"42556b1bae874a5c09777873",1182274754.82614
"4255eae670033d9c9e9a6e3c",812375184.447968
"428f4bc76d4cd315ba8f89e9",544847823.750124
"429460d5f5c5381e945cf449",929948370.062474
"429b049255a7edf227a980a1",555341502.58545
"42a73bad238f2d3f5e376044",520927738.269794
"42aa1e6f6b8220a63fe165b2",883478156.363712
"42aaf6521fdf1dc9bc50f88e",549481959.141123
"42ac33321bb1920fe2a78036",705774651.819245
"42b3b56289972176c20c4990",616099259.923978
"42b5ebbca90572b9cea79177",557099985.645858
"42b6cf2a5225dc62342d3a20",712158684.697622
"42c282041583e6e2090b50f2",963304036.878294
"42cde300d741cb134a529031",493937296.200882
"42d34ca2252acaf6e777d23b",1676473034.69666
"42d42ad031a2c62be9b5cdca",736776323.841003
"42d91ed3f3615247f57ebecc",981067651.728851
"42defcc69fa22e4c858f3c24",1271737692.07238
"42f05e5d4862d653efda75c0",816834595.980879
"42f1a529f5ff3a6371dccea5",615016744.410202
"42f38b1b2dc077c88a746c1e",618892898.359059
"42fa0158217c9cb820f2a06b",802161259.341399
"42fc4101da60fdb41f41f0a4",1084437864.16312
"42fc6a80b882c32f6264ac10",725011290.760869
"430112bf4fa9324f0149a879",727009751.607868
"43041a793a13a4171f22e492",786762940.711646
"43059ceabe98412315566838",1636626234.21441
"430c46358b85ad4a741c7187",392774624.967536
"4310c7a552b20afd46f930d9",1041861086.63488
"4317746d5b88142780e6897c",883037071.880342
"43228eaa1230dc0f7f1473df",579669156.587464
"43272151f217feab78190393",681562051.646689
"432f082ac51bb0d39ce45b0c",997502187.872126
"4336ff9b2dc1d97ac8f9694a",430819360.637783
"4340fcb9c80733260565c24b",908207065.849606
"4345863fe83682f6091d8a77",542978215.322777
"434782c3d1dc2b9ce7bcbbd9",856809606.666607
"4347966ceb1770f758cb6e37",931839202.503817
"4347bf26ecd61ebc7a16b4a3",609889119.088686
"4349d6bfd5a518fcb231cb3f",743227734.907948
"434ff40bff8fad0962ec07e4",619414598.763136
"4354c1b6b27a87c451ddaf36",457148938.047601
"43600371d44fbbc81f6b6fa3",454162255.290905
"436089e2bf605d00849691e8",993020500.773607
"43650eb8b70dfa256ca64979",819469567.396444
"436fd4dce2ff0f71232f4b6c",554713826.874813
"437167a9db41b677da7d5a7d",553150183.317875
"439004dc23f97a878ebf371a",843537948.181194
"4394a27b21889bf78927ddf8",580331832.281077
"43969367322e86c68b51c2fa",512155947.021805
"4396f94f7f3c403c43d3ede9",723872342.798177
"43a2ceffa8ed90bc1a43255f",471096843.438204
"43a3fbb8218e73b956ca50fe",805335078.335963
"43a91a731e86b9a0784f717d",771286342.80809
"43b10ad2660d7552ab6c3b10",846841632.891076
"43b2fb09efd1593a94b61b4c",683049494.427928
"43b5b5a9a1615eba48ab8b66",556394467.932906
"43c22bfa9a14df7b0126c12e",499394292.283219
"43c88f1874dc7f91c899df36",892879634.393405
"43d1fb0646562c3f1dd6fefa",723738815.073194
"43d7b77a99e86e8bd21a19ff",1224264414.61829
"43e11f10650837933261fa7e",727812074.470708
"43e59f5312e304fc21c1e052",978150820.390101
"43eeb2567c61bfbb059fcd4e",846724925.350377
"43fd6b5cb01d05c9b1db0e65",704778420.399095
"43fefda5a3b0781578d9f2d3",759423529.252236
"440cd2efd45c019c7151902d",1025554513.99095
"442c6bda79f63bae28674b1e",730445043.30402
"4433060d0fa95ae1382f2de1",530100060.642845
"44394e66504a4d77587ee105",924604297.170284
"44412a9e16b2824c4a520a72",690273101.578303
"4443407341bec8b7b0af40b4",795146270.182553
"444c68a7a6cd0b794768d5af",806021984.999995
"444f102b4d54503044154ff5",706287413.835349
"44551251fe345b31ed71aa5b",517572317.14758
"445e241d8bfaceb149609d6a",505958273.670809
"445fa7f5e8e9d7f12e8991d4",858988659.521304
"446138cfd3749c0b6715b0c3",1301291920.73846
"44672de0d6d9d0cb3b4ae938",706649169.784186
"44760087930212643641eeb4",1366067701.26877
"447dd594fdadb1b12ab32e6c",772031370.100311
"447f51e37fda773ab748814b",911174993.34524
"448ad01af4c5cfba3feeab26",1125677561.94541
"448ad6cf4b43298a39c7b5e6",536644448.952727
"448d159391c38e4ffcc405b4",663971338.02446
"44916ca9b874075f55949f87",755543155.098838
"4491bda913188aad3c66ef20",977782225.948919
"4499adb2aa3aee94d1f1a1b3",1443771973.06708
"449cddc4dc3ef1e93b7f7c26",498084747.229722
"44a587fc89d6b6489157ff49",1064614381.02399
"44b623f7fca1a306560172ac",626625506.317017
"44b6382d9195ceb3f12d4939",862413479.627398
"44c8131b88accb3b46b79ba5",482216012.002467
"44cdcca08e1e66a1496fac6a",693491283.06105
"44d596fa36e3992208292ade",897370337.479609
"44e4574527acc86977f5bc41",531974072.594698
"44e9224b9735235fc7271672",490053903.4325
"44effc9574c74ea4ad98ede4",554734743.469702
"44f0e088fee626993778e7fb",558605916.654146
"44f5380847c175a42becfcdb",1311946482.35153
"44f77a86369d6607753adc09",657870251.587053
"44f8d5ab70828e06198579f3",1017698772.53977
"44fab96fa2ea501e0b94548d",1285310919.61017
"44ff213b9cfb3604b7e4b66f",740076862.25452
"4502e2809bb5bd47b2781212",955316641.416215
"450c4eff7e37a271fc24ce3b",871304313.597322
"4514844d15690b7331fdb6cb",687550748.659417
"451744cf3ce55a98db8a3562",952101165.371682
"4520ceed2e5fe3458850a805",1273403058.03966
"45269f56121b796d0392e2da",1069969989.36262
"4526cb4a2b8238dcc4e496e3",1056768648.76452
"452ae373210337b8008ea2a3",1452581866.85124
"452e0518f7164287e47e6354",470750543.826476
"453202a234f5b370ae9e586f",958054576.175803
"453ef603a66a34f17ae22227",848347014.659008
"454e4126257189bcce9b681b",1128759407.98158
"45550aa81c0151f1fd9fd8fe",986326588.852444
"456243bb3fab3e74df21b5a0",523156735.818909
"4565bcc95c54bf0c8d376eb0",831384836.146954
"4570a3ca0571c70657b4a1c6",671129837.65073
"45750daec6238508791d0d4c",819532954.423349
"4577c1623c8407e95e893e63",626181103.0459
"4582ec985de48290c5f1f5e1",529139177.016603
"4583a6b01449530079415768",1125677561.94541
"45917f1bac415feac7e41124",462140166.871926
"45969f25857aa7263927b400",822954000.732518
"459963742bbaadbd9db97723",886086457.749758
"45a033d121ca5afef24161ba",870987996.960092
"45a7517c4d29f5bc7787dedf",817936609.459156
"45a8f6d942533794501d775d",854845120.011151
"45aa335dae223bccb31ff7cc",791984525.555669
"45abee1de734dc32936d0b1d",594830156.181505
"45ac018012e7dd91d41a5876",756814945.22302
"45ae1e929b0fc88718151191",472945125.030662
"45ae8ffacfd00fb4a4f53d0f",1114990326.48969
"45b894a8b028be29ed137f1e",2082658794.70916
"45badd183bb1a4c630174f3a",530404849.305189
"45ccde79aee811756030903d",993793018.886785
"45dd7eee4488e88d71d46783",1054044892.15698
"45e2395bee937c187e3486e2",1034975437.39835
"45e2411d38589a2d85774c5f",678922648.737475
"45e92799de1a5334c3d2d72f",531607867.707923
"45ee2db87e9ca0a1a9faf050",691043138.563973
"45f18e0bb676d2495a227dfb",518393245.471863
"45f24dd99d362f49c0adb875",541444032.194222
"45fc0d46c7a4df7ff6976fce",1069573124.99179
"46136f5f078dd31170c58e64",771918579.776282
"4615a8a7af9d7cefc7fe4c4a",1259018086.16791
"46161effff173111bb6c3a32",1112679613.30239
"461749398bbd48d69b444d7b",600638391.845081
"4623317e8c9044e314ccc4e8",746203987.015061
"4625168852b335b223a05bb3",958916596.558967
"462c7546b358b00e617ce012",869956593.045187
"462ced9cfb28550c160e5664",831404632.050611
"4630a9af58fb79c0008e5fa1",718383076.435326
"4632f1e8fc93e268ddeba07b",676248300.723351
"464039bbcabc650d659f6683",848878487.928059
"464864b367e16547fe319229",860009043.396488
"46529f0455fd35b2f4a489d0",484683329.613295
"4662aa1c44351dfe271e3a9d",928144988.230819
"46673c69814a0b3f25818dee",1013560808.65274
"466c542d7825d36d18a86486",926806047.862904
"466d4240af2cfd09a31cf3ff",700174259.365408
"4670d21fa84e40184f03d5de",436667041.39778
"4672d1c9c3b04fcc87a0ae9b",923357105.63595
"4673ef4fa28aabb0fe61043b",448611272.151822
"468df200fa490e667bfaa31d",868618061.833476
"46941e09b153ec19f86c0c2a",1407547224.53747
"469b33a6f153ec334b6123d7",432803712.824039
"46a2a88ef09b2aab932ea02a",836260062.46988
"46a7d0f520dd1e78c0cbce0f",1016948157.58953
"46aa67b5e0abe39dae442d76",517800505.539244
"46c34a4e5987c20eb1f5ff99",823722090.317968
"46c42803286c800351fe633b",751476826.375916
"46cf5b18fd7bac0d3332d70a",864469509.059173
"46d0544f411bbfb6b452858c",735159001.731918
"46d34fc9a8edcc199a537b30",1112937267.59347
"46d4b0cdc81137aa56f516df",1110317241.10247
"46d77c92811f0c87d2d4907d",1028030983.6534
"46d8bb3e9a0ca584d3c7a317",837345822.434476
"46dcddfc78444011abd29870",765087016.998791
"46de3fbec5bc6c0e256e7751",556915326.155097
"46e7860100b0c09a6a475b9e",814409632.846836
"46eeb8f186f86f7859274d4d",1071315254.12006
"46f0731f62232b32eb733dc3",827948223.847787
"46fb04e7578da5741f6da4b8",492540066.74346
"46fcc0d53b263beae95b8eb9",1273993519.78677
"46ff039321805b51870c64f2",1021943123.4376
"47051c25acf866250b5d3ec4",785406283.346597
"4718488d664194a3c0c5b446",861294720.002805
"471b5135fced50f7cb4197e2",759999811.292643
"471bd64a0576aa67f494eb98",865150538.65981
"471d6fb8037049e1e4d120a7",931563633.440063
"4721d06c49413558bda1fb68",653295582.63833
"472601b5b5719855ae3528af",959366029.910784
"47344a66471fa51f61c64652",750089126.762563
"473a59415b6214218a15e363",832503573.880513
"473cb30713e88ecf782651fd",591803380.478924
"4769743185eaeb0e4158e0e0",565775275.384776
"47720fb9e2586dced75db114",733489036.024277
"478ac408d2a5c603aa23cbd5",971323598.226606
"478e13e8c1cb5bc80f1080e0",785801254.687979
"4794d9994512f01a4bbb6c48",592843679.403206
"479b2c9c12602551bbd0212a",562777359.380174
"47a3c63f65a9794384c655dc",795215784.563735
"47b5804ba1a998c3e7544092",614929419.459916
"47bed52dee0d311ae0016b08",761386202.460999
"47bf8d322af3c13e8868ed0a",731265584.078117
"47c2934aaa5934c68dcb9e51",944071152.342116
"47d252717c4bcae3e1ff19e4",1016948157.58953
"47d288f8f9227013424d6976",373825101.600011
"47d7ba800f164f397fcafa9d",712653052.480482
"47e0c773f65485ab7c78d49f",725179619.165857
"47e282cb12ae01243d713178",611865872.621402
"47e5ea8cb7f5ab6703803690",896476723.05626
"47e6a61fd652a3dd37556ddf",641856181.773982
"47f7065118bcd4c3878e50fc",712790498.877868
"47fe78f6299f757b231be10e",1003956479.76351
"480041bbef3a540df2a36ea2",716452109.886771
"4803a3aedb6c20eb194469c1",679939886.376134
"480aa7fe286f4aa31f56d4b9",777508550.030856
"48107a1dd2a3b027637f250a",1029721247.0994
"481492907baba4574d4a6f35",1173328704.15581
"48299e52748ecff3b69f7a90",705950818.430117
"482c7150c7555cb35558398c",1162000940.00117
"482f57e65a3f4c6792775a05",615444883.125926
"48378a6148532f71abcc2f98",777651981.156076
"4845ca0d30483b36bfa55061",832110972.421342
"484922bbe02cb218ced0e779",648120035.974597
"484cde8e47fbf62a339c8219",1041877818.46644
"485cd615660dda11586f797c",986488468.768056
"48740edcbe275bed3c82efed",764519787.431836
"487ede1f7f155194b69c531a",499495892.270547
"48815b454dfb64fe60e2cde4",696785524.848953
"4883f7ce7086ba9c8ddd4315",837904400.163862
"488cdcddd0938ad0205ab8f0",1660002615.15728
"4890edc33a555cbbac71795c",703991600.663892
"4893b21db2d6aa4417e1cd1d",1038210972.58253
"48976c41de22ddaea3f8c296",696076666.179009
"489fca3e6dc044412d00cca1",918706959.003456
"48a20e676a060954308c9ecf",685272283.602264
"48aa146a36aba8a0270a8a1d",1271519227.26557
"48b1f800656bcae6a9e70802",750273763.909101
"48b270a493af4fa28dab9211",522360092.128311
"48b34600046c903f0ae4e6d1",1133190303.00259
"48b9efef82faf72bcbdf66b2",1185071466.91137
"48bee96c1f65b8e283d67483",434576368.390484
"48c346042d9cb826a3714466",526088157.103224
"48d3b0ef6e5f999bb90fbfc1",578776070.793412
"48de5d43e88caea594ccd27c",836782747.97988
"48df432642971a97d3d4bd45",587312300.886472
"48e687093fb26d29cda9ad6e",447956411.562345
"48e71c45f41778f8dca24cf5",667468492.847413
"48ebc3d79e01061c926066ba",375598975.105061
"48f1c6e343a4724ed865533b",1104042309.06979
"48f9e9a87e7fc0a678460e05",827473016.689634
"4902ccbe8456d3f0a29e5059",530955730.994327
"490b89e972abd7e64b5ba6c2",924945461.951044
"4911a6285f548dd30c8061e3",627964727.750705
"4911d01ea0a4505d5db5bb2d",620646810.114698
"4911f8879e5bc9c27ac13bb1",630715167.388194
"4912c91afa6e4aff6ffdc6a8",883556623.658384
"493367258be5d63dc8db97d1",1216893605.18568
"494580f4974c33d7ce0cdb28",1100297947.24124
"4954ce465ba712543bdf34fb",471583169.191765
"4957e0b129c5caf47b026c58",866237109.393634
"495aa774f4db66db6df30e93",559407041.343379
"495b6e61d1b887f8b4c1bcbf",420095466.00274
"495eeef459e80680720a0ec8",477543923.312688
"4962650cfa3decf487ccbd0c",1038127078.06503
"496ce19c015093e97144d375",482111466.717644
"496fd5c93b2a578d970ed55f",542384036.017495
"49721aafec7123f6ff4d8010",790781792.741899
"49737c7682eff2513869b3f7",733181349.185668
"4977af03eebca1aa266289e2",927015758.02852
"498d632cf0868a8e641cecb2",475382913.251673
"498de85ba30cb01e9c686081",855143188.298909
"4993d1487d78cd9ae2c23619",1022222704.41434
"499f6f4997474415f0bd596f",1044704110.05874
"49a0715897795017ee0de843",554733591.243097
"49a2d111903c77053d44573f",617516999.911271
"49a4cebdb22fc2d72bd1aa78",745709359.96946
"49ad389014995f0187edf726",705662912.469951
"49b59d19432dbeb8921e57b8",1013614115.04492
"49bb5311607e4c7600caa03b",624337638.233418
"49bdf0f970af03d83a57dcff",1220406769.72484
"49cc8164d94a2afe8b750af4",578018958.371453
"49ce19caa1325233d0de331e",1195048235.14737
"49d020d2056717c2108b0927",644632905.595708
"49d42ab711abd95fb5947c0d",947234406.068864
"49d6752dd196e7dd583baf44",612874814.954008
"49d9cb2bcc98d69222b03165",985167093.868962
"49dbaf0bcca86f32f86e641e",1191926578.75586
"49e531941384af389b0aff59",427999236.648841
"49f0323d28ef0610248c87c0",710910494.614152
"49fb2771ea6c1e8950cc9a57",990510026.260307
"4a016eba4744dd01954f137f",406235480.237568
"4a119b1bbf04b4bd6051c5b1",1076550235.45832
"4a20d03d09fb9d0ee5565ec9",627844587.85225
"4a2ae08359e1ecd39b43afbc",775019485.601401
"4a33d213841d2af537aa967a",1016854176.76799
"4a3a6698b5490216e8f8e6f5",1684473278.61456
"4a3d0390e005fa5b4c9403f4",1211712614.92249
"4a3defc2b7d2cd751c9c970e",936358167.744473
"4a4fe76c58f5735ce6b018aa",879588737.019649
"4a5405b1e181f5b10fec35a6",816680253.866104
"4a611bd82c9216a3771ca7b6",884981076.259318
"4a629aaf60a113402834c042",1111621940.79533
"4a7156189e1f06b0fe87a7fc",801027167.546771
"4a73dad0ff8a5262e8b07c4b",901278671.076792
"4a7ecb05c9886bc35f6b9160",647165270.141404
"4a809b3987cff0290c1df8fc",548778451.441239
"4a80ffd8e908a3291a32fb6d",1068329813.74017
"4a81bdc14b5bcc4c84f5ce4b",557532567.52746
"4a85c36fb854e922936b57fa",582378921.959789
"4a8acae29064919c68fc8600",659607256.782388
"4a8eaccbde5a4a6747818d29",957032045.325936
"4a9e2358d64df916e2cfa213",800168378.830167
"4aaf6763c105ddf2a6eddbfe",521570900.815473
"4abef5720fd889512ecff70a",719656358.15324
"4ac4fbcacef08524ccbf3623",397746119.784608
"4addcabbe23020d3d0d46ac6",631166669.120416
"4ae10e7fec364242c88e511b",716399611.395056
"4ae6d75b10848d259ecba576",789562738.328049
"4ae7dd50c6b743bd47340f20",799012723.35675
"4aebacb9ecd0a117307c7841",975717531.075877
"4af83eb7718f5823ae69fe47",1022218490.31322
"4afa3a1b63c076123e7a5279",1230093945.71172
"4b04e0296820d04421db5219",586918156.909881
"4b068c79664179605b145a15",999958573.762391
"4b092d4d5885cc224f6775e9",374651929.286541
"4b0ac2ce45d7ee385ca369a2",788973332.421855
"4b0fba692104472b36c38c3d",872953440.419116
"4b193d78ea6e3740bf37b36a",559475546.242745
"4b30968cdae59b4ef3298f19",1056040856.98313
"4b38595746dcb78fbb459781",670116703.263781
"4b3a6baf8196a59bac8c08c0",472893154.519314
"4b45cba0d601f29c2b7db97a",902476514.22044
"4b52ebb0f0a8878def4170c9",934810876.774331
"4b6fb9b705d80ff350bd620e",481423409.843799
"4b75f2b374e8674e8b55eceb",1109014109.45399
"4b82eef445edeae7a55fd019",682052493.206712
"4b8d7217da1b1f225f254914",801335486.18372
"4b905620f76873355d317dc1",724814602.555133
"4b92ca1cee4739104e620871",1317906285.26802
"4ba19ab08d1fe7f72d0dd37a",928404544.26611
"4ba65b1fb8d8ab0a914b0b8c",704474279.349011
"4ba85374c1d1f1d3f4632ca1",357962654.407983
"4baceaad0b0081bdaa37473c",882586440.901772
"4bad47078442f3416b2c1ff4",465339735.675193
"4bad966abb5e8c4121ec69fc",643453165.579453
"4baf1bfced8e85013eca94b9",979591153.619993
"4bb0666c55d174e0280482a0",695118057.671974
"4bb5265c6e63449e5fbaa270",1031347787.99104
"4bc1e2cf5e5ffcbe1020df08",723640892.379268
"4bc3f597867c6844e9b47fc9",556702447.854496
"4bd031478b15017efd41b2bf",1142421326.77858
"4bd0a354d75759510ab6bb46",715731021.776272
"4bd30aa3e2b4aa077ae27490",708446345.015746
"4bdff22689954e5b1e575d30",878656661.025239
"4be510fa977b93e34a789f26",697794105.321602
"4be6d93d8ae1375156444f05",473060509.521949
"4becfb041b0439429f2cffb4",704080843.887834
"4bf02d040efe5358d4a5940a",902331733.26103
"4bf284e6ba81bcaa21a437fd",630035544.590181
"4bf620c6c6d4c916bea70e81",798781550.890335
"4bf70f19da0bddec9241d310",600662825.57714
"4bf89c9e50c5417ed669c481",653927780.360365
"4c00508300f40d74c79f2596",610823491.313626
"4c03afca943c3f2484b8db6f",599477934.04038
"4c0892a39011cc6a37fc1145",670484877.254633
"4c0f9275581b5572635613a1",764523008.036074
"4c11f4ebc622483532c24a06",770690268.142449
"4c14547b7e02e75204ca9f4a",702190631.037003
"4c243fc50d5511a1288bdc0f",635960439.968842
"4c25d939eb3ec218403dc4ce",869950825.242099
"4c2b14bfeacd87b878cbcc92",791975483.274837
"4c3865a97f5877090e7a9649",810104878.976081
"4c3a2b3e3d5999f747ae0d53",1011614900.15071
"4c40683e401dae89f6537ab0",696516089.583079
"4c59acda820b7b75823fa277",703972144.600264
"4c5b79f3656501fce2e2178d",682490696.461181
"4c5d3dd8802acb9ee22ab912",1137802431.09157
"4c79f17573007a39bb2b4b7b",966703103.103013
"4c7e7cfb286d82aa96356fb5",937261054.338791
"4c8ca73cb51a58933de61f0b",843386333.911886
"4c90ce573f1d61d11294d05c",1020300587.75094
"4c94103d4366bcaaee4b550f",968577113.94212
"4c9dc4494a3428435457f575",417396614.846962
"4c9e6812520f4aea4ce435ae",1016256262.74059
"4c9f3af11fa91e729384580c",861416529.562299
"4ca66e564ed478d06c471357",596680685.023054
"4caab3951bd6cb6dc71ac8a0",690912418.187318
"4cac81eebdeb45eb0e8aa5fe",923853219.680261
"4caf356c110a50c6c94f3eab",777388416.512704
"4cb11f32806c0e07b4251984",814728861.566238
"4cb59b46927df31150830d5e",658065425.900522
"4cb5e4aa83c476a5b71d77ce",1002028428.3528
"4cb9319ff5adaa62386b713b",1153237607.77802
"4cbc74a93e33f7b4812e1a7c",701411329.736085
"4cbe75a162b076c4c454dfe9",686515353.091262
"4cc8c95dee29e43463a8dfd9",654352720.50266
"4cc968db25c2cf03991c0041",925115526.873263
"4cd5338bcf246ebf263baa35",431284539.442044
"4cdaece5d1dd4e089a99f47b",591916128.59624
"4cdbcefc434b48ba3d51a498",1109792593.33456
"4ce0fcf14266d144c82f8d4b",624711508.297502
"4cea8ea969dcc433fcb59d96",1079359101.80775
"4cfd1be6a93641b110fcaf67",470073336.013599
"4d069f925100b6cad0b657b8",542978215.322777
"4d0985935e1432b3916d45be",725931957.379329
"4d09c2354c67243c968dbbcb",603694073.607335
"4d09ece928ffac7e7d270bd8",465951553.105201
"4d0cf77f8cfcada2265ac585",447779874.61862
"4d1b0315b5aaf21bac150d96",750435505.145234
"4d1f49443787c874ba19f968",1138778762.03335
"4d20f253940a4492b4f6a9f0",769646258.101367
"4d2ec23fff8eb502a9d93353",1117454460.92876
"4d35e00e86a9d508d82ea90a",432948187.050466
"4d3a66e028dc8f3e9ad9e9cf",736998926.24294
"4d3d887d2236c2f897f3bbd4",435999593.667842
"4d3f5e7ecf4d361d7eb55f5e",710236396.710526
"4d418d0079828e244dbaff5a",661407712.134386
"4d45fbe5a5d39188b5eccbfe",1033642586.54047
"4d485ae48974213b1594c905",947628474.907956
"4d592a67596afbca92d26bcb",755389638.566767
"4d60db10157fd0b5eab9a23f",800230495.019378
"4d666967b74ccdf5b04e9787",649880326.135629
"4d69f7c7e0e837879abbdf78",502850849.085611
"4d743a1250f7d91e2782708e",681644739.667029
"4d852bd93332172bfb081aff",1193444615.48799
"4d85bbc09ae56cd85a8f87c6",808009954.118823
"4d882ac2b82569f74aa08824",447475427.855404
"4d8b338266822739bc9c8fc9",1012225241.17605
"4d8deb43d663fb079262708f",883680329.326011
"4d8e365b35a6b8ebe6d7a15f",745735979.327177
"4d94a2295f612b96264a0db8",545435718.29749
"4da8ef54252a92d9cc62c174",1028959446.73183
"4da93e7126354a474d435a4a",964863780.989254
"4dacc190eae91b059dacbb00",1434152790.6547
"4daf52564456895ca7f4429c",742677194.019639
"4db632fdebc000c9e64a589b",820676181.934534
"4db834146c4e73b515d510ce",729791972.728759
"4db8d32011163bc4fe01d02e",874996400.933779
"4db8d529af9f718e6d81a85d",463580843.038559
"4dcaaac494053749f30875fa",992514797.594356
"4dd3d1288ccb66ee4fb9c097",1325852466.73995
"4df222356df121a41adadda7",480773231.934564
"4df3717406f9852284576caa",580020707.055691
"4e01f07ee4b1241360de460e",1303135458.66243
"4e0b1df5e05ac505c701f519",481460170.221038
"4e0b293ec3d5eda7d9fcf8b6",778501688.902082
"4e104916ab915cf3c0bef846",884300432.852576
"4e134600155a64783b3f8c3e",1020770748.02367
"4e1b5798dcbed1842f260b17",660082777.579789
"4e1bfbbd8689a95fc97fabdd",489838026.347938
"4e25bad08182b79f5ba9639b",1150371317.17181
"4e27458d179a469435d02ff4",810587924.139931
"4e327acca2e033c3fb305c5d",684342746.641899
"4e3cce6b581e74879c2dbc4f",476712650.576751
"4e47d2c8ccf9929ad9c84544",735198673.041189
"4e4abc111c07656e5bbdb0ee",860556884.756111
"4e613cde51f9760d3c051562",800959429.219435
"4e665d479b3bf2e25cd463a2",862946265.100141
"4e6f695bcd4d3c0d8497c1fd",1048000203.71364
"4e78cffaea2008f3919ba0ae",682566019.645584
"4e78d095988a92642a1bd18c",732470287.372159
"4e7d3cbe3c62123fa7e2d969",888484984.19086
"4e84c5953b493be7ca96103a",920042550.698841
"4e878e99ad2fc34400381c3d",714376628.694795
"4e8cdb49a2bdf68ad8d12625",1187215136.8842
"4e9acf6e9f80f65178766740",782802629.46898
"4e9f1e21c855f1166428fbdd",457519421.877575
"4ea46b833575642ecb2ed1cf",375668263.839731
"4ec02a406caf200b700f5c62",808600723.224816
"4ec06163d39f96baebe11bd3",832493873.594877
"4ec0aee1b202642d2739068b",939199534.294664
"4ec4683fcf928d9fb33eb7b9",881827188.366261
"4ec47b8100d224499ec608e8",940225624.539187
"4ec5ab39cae4afc3b0e69438",1032879490.54329
"4ec741bc6ab20515070cf1ee",822462525.583567
"4ecf579a5d5e70d3b4314ef7",738628461.225111
"4ed3eb724d4e57a7b35ddf5c",850570310.125033
"4ed5718470ffa3e5b5f40bae",614496080.916209
"4eeafa126ac5f301cf60f9ff",427064136.931894
"4eeb8b5347526d721092a7be",798756233.959198
"4eff2f2297ce85a0a3964d2c",985848843.567505
"4f076c220dad47bd9bf248a6",1010727560.04668
"4f0b2f7e4d787a108a4d2537",932831343.553885
"4f140229175de685a0999773",440051242.372788
"4f18341de355d2cf57a03983",565409010.61069
"4f2ca698ff03df0c6386e48f",794629264.394251
"4f3c7b9bc78f882f858b3d3a",418936151.693178
"4f431d80287051ca323f2c08",791975483.274837
"4f450ba5de4766e5ecb8a4a5",710737232.387512
"4f480aae78aa068901ee9468",664197929.29084
"4f4e3350c429c6afc0bb0094",739546294.37372
"4f4f7d2b14079ddf8754d6ad",866459241.3137
"4f500afb7f7bb42189820a18",877999976.099447
"4f5bc448658287ffb3d49b75",786146046.93158
"4f5de1bc90694fedd216ef40",1105080010.85167
"4f65732875c007d3c1102140",625383992.435945
"4f7d630c921cff500705ee5a",555791883.03073
"4f8dfb8de411b8a05c55dbbb",848904412.867672
"4f992c2a0526c0074bbcd875",692210759.216504
"4f99b97100d003ba3a2ecd46",820320453.360998
"4fa51848638f4437a3e31682",897982249.569507
"4fab4e66ead1948498d2a4dd",823775477.65703
"4fb644a95cc04f7bc6cda786",703929615.372504
"4fc89ee51cb0e1b9d6459819",1255963921.45896
"4fcba82455866a6931590dec",808207936.072308
"4fd7984773d2872e51574ffd",931570651.229606
"4fd8643e1c43ce9a0c18a19e",1035650773.71954
"4fd8d01a5c3abb90ad70cbe6",748245653.405926
"4fd907c202de4f06cade3b3b",1168613075.19644
"4fdc382b65441412fef509ad",1111429706.67372
"4fe0482ad622080f55a0460f",712173319.216662
"4ff17c9b88aeeff105b8301c",607042090.452211
"4ff6c53c0bcfd1d24bac7ad5",529376353.60734
"500a3c5953f89b431184fead",881445730.472159
"500d7c5346ca11ba934e7ca5",912573792.197528
"501193fb57014ffbd7bf218f",767494071.336125
"501531d637608f7098ba6242",757611386.966219
"50160783a9a0503df5a38dee",522146272.665929
"502154647e351af240615b98",539701486.089267
"50287f73d47b4cc4c2e1840f",855751368.27724
"502aca1a1097438b32eb362e",937156781.86426
"502aff943d74cd4cbb976dcc",845729793.022144
"503a04e079773a04f2abe075",821097482.150857
"503f33d11f75b6b5102ba4ad",535162648.005272
"5045ba9a65b4bce4fd305f82",706629917.376739
"50563038c05963223b459beb",841309856.053623
"505740f7746e0154932dbdc0",477087618.623577
"505f3d545ce83d0c848f828d",808873426.335131
"506763d35b04358fb0e967ff",827922617.542642
"506b653545eebba4c8821588",1245542090.43107
"506d4cc6613a07c313a12de4",947538441.396933
"506f2b1ff3e4e7e43a5596f2",1037115512.66303
"50857161c59b991304f5c55c",679431746.944643
"508bfd077c80b6cdfc5a10e1",883492522.896062
"5098115b26f2473c812b70ed",778430769.496473
"50b2bb276e598c9cfdb42b0b",934826647.424411
"50b619ba3e0b2a4c6512bc97",739331084.581241
"50c123baa5783185ddbe29c6",925972118.830412
"50cb0ad562ab5ef4e06f84ed",897353083.56908
"50cb49d65d04a5d166f96e3c",595563388.243395
"50cb893af4ad0e21a69f05d5",731265584.078117
"50d8333064f0560cbe549f89",531040159.165012
"50db9d168354ea3d75a03a6f",831360175.013327
"50de04936770f874e1eb86c2",598634672.47917
"50eeed30ba674cb079689afb",746904073.746441
"50f8068603edac10c87411ec",415325023.932368
"50fe589dea73e764b7735938",428906553.240502
"5102f4786cc032e24781c7ab",816704101.093272
"510c03bfb80d92d180803887",409518914.712053
"5110c49047db23ac3aa4ace4",620247324.074672
"5115b0da9c95559dcee9e58d",1168057717.40856
"5122b2e9638d3438434fc56b",1371079592.96152
"51230c899cea0054bb74cc44",517405721.995557
"51273a81121232e7f30cfd1e",525202824.342923
"512a6de80962ab797ed2bf72",1229286866.4102
"512b4ad817c387bed877b7d1",1549078400.10489
"512effa47a1c7a5420bdcd6e",372823417.296137
"513211d9f07fd6645711ae31",559300630.745713
"513a83ac5bfe27c5b813ce4d",648291506.59481
"513aa9c91c245ee4be31507c",865420519.538949
"513c6ea5a3c2c560c409eaa8",1241313039.1314
"513d0ddf1ce44ca671675fe1",1173545154.32382
"5146ecaa8b7ed507c4f30785",784429650.767873
"514aefd8a44ca048a8088c51",756315096.265201
"514b09016ef85b9ddc4fafb2",752938061.511604
"51516e102f8d43a07037ed29",908754567.478204
"5155f70c7f8978e487e71479",823105815.421007
"51608bf64739db05c47a3bc8",740021712.330052
"516881e914708f6ea6062ad1",871365401.539059
"51744814dd3a7e60c0791041",801491310.305717
"518858c561af5c13c8aef9f9",734822860.957843
"518b37b51f824fa0fb5075d3",944689989.135254
"5193b43c32a2bfb3aac6b2af",950628502.75209
"51a0a1a680770b625579e25b",1550221783.27299
"51a696388218fc2e412f8806",806556014.867163
"51a8c190ffb673d4fc27f4e1",877927543.61131
"51ba7338f5900d8ef12206fe",860048433.582338
"51bf7bc1c19fcd42e71f2463",651718811.116207
"51c48d17e774d6cd84f4c355",724711227.544987
"51c4a8b438bb0d97f712af31",906382822.286091
"51cf2fa527c3db62914169b7",589998570.011246
"51d1df6e1f28c40dc9074b74",1419556655.36473
"51df325f026f4cc5ed2e9a65",1440188523.88419
"51f0f76e2a8cf50ef3650901",555373162.416594
"51f4aec91124a9a96f4c5372",769702222.766897
"51f94ebbd6d2533862a1fdbf",630151770.588055
"5201393754f4a5f2a476ef0e",844535952.926142
"520415ebcdd1a4059d18e2fc",689686746.137033
"5219c3cae1c92b52551a8571",1064600575.87836
"5219cb469fff40cd9606bad9",494444180.636837
"521e9326a2003c7b56fc4365",816744529.24381
"52338f4f7c8af6c649106a96",489547797.771587
"5234aeb6d817b8ad876e50fe",596297472.192119
"523605d1fbb75b0c5acec5f7",835015442.824488
"52373e15e9dc1ad371a0c090",583904877.40213
"5246f7d8023a4c178af6d10c",646051406.450506
"524e00e537f841c13497cd52",646629227.356908
"5271cd1cb962066407490051",954207884.500946
"5272c50f1d8fded01f7fb0e0",728515746.985459
"527a1c27e038e45d2d1fcd9f",522083655.5099
"527a8fb085995119f846a5d1",844656023.645462
"527e4b1b06637b5362c8f17d",760533791.518958
"527e571030a7d8fbbf1a41c4",886796471.270481
"528014ff6b7cdbfc174f4fcb",736159097.354169
"5282c3c48495dc31359e70c6",567347468.818868
"52864916eb1984abca41ec66",947978135.256562
"52871480f7bdf5ac3d785630",646021863.865806
"528a6345df87dd0db33bf822",763046966.235126
"528a96aa31409c32bc9f1f63",1023217942.85845
"529d6599d8a64c63566a11e9",642410977.637163
"52a438d024af0d5c38627ad0",777108398.209427
"52b3823c59546a6ff3de4d09",484932158.819002
"52b52aced4853a3e3d7fa058",757432964.645007
"52b699f9900d81ae85ddc7d6",763149487.683139
"52c1ab7484e412ccbf5d57a5",861958562.173146
"52cec2691ff635031fce9507",555875624.84373
"52d6c4bcb442eebdab338116",991285676.381021
"52e5904902e4d75ad87afde7",592186194.620845
"52e7657a539be5f36f48bed8",1309242135.06186
"52f026e670e9851b08c70542",769296664.888639
"52f24ab479fad35c8bb5a8f6",1042614089.27013
"52fa1eb3cc7cc2f77ff98764",629224593.982262
"52fbef3effd854b0ad0f62b1",937433955.855608
"530a3bae5a13291c69bb8474",666277826.463061
"530b25326f39c347a35a8caa",544715658.061291
"5325f16558ed6d2689bcbb46",699507677.980364
"532bf5813d7e70958f71a480",1022074667.54154
"533134592237b2748915eed8",1054852729.77661
"533363375cf2cbc50d86773c",832411443.818523
"534466a857d28dcc598e3a49",638784649.271388
"53462704cfc47d32492b4847",821700992.936602
"534be635a841fe21c7a702f2",956146891.627649
"5354a816a7da90e205448832",864312416.37074
"535bdffc5b79d62aa6179c48",1384031647.01104
"53647abd1d1b10c9226eac73",704080843.887834
"53688de79b052b3185fa9435",1145202787.27297
"536b5a8aea016aaa90fe744a",820428730.373568
"536fa59adc007df763949045",857970123.036208
"53715a484e20d6152c76fdab",1116142380.64652
"5372f93d988c3c917629f9f3",698943751.930812
"537a9a2dd0ace0d0131722a1",1016632112.72663
"5384587ecbf956275d86e60a",405255591.23757
"53870de54350a8cd7c13f014",796627640.776432
"53881f29c7a6bef0ab537466",445825854.220796
"539467d04a2b3e78c592b11b",463580843.038559
"53973c17ea7e89fbee5e6cf4",397387033.563173
"5399af7ea98c97b5906efe1d",628108315.961536
"539c12d2fe8cbf950b75a0fd",477391571.190368
"53a447ad5e011909080c0ecb",1529610723.22084
"53aa9cd32e2a6aa346d3d789",716674920.915512
"53ab42a93b6deb152951f82f",1131202306.56214
"53b5ffa0cf0dd12e4eeb6a2a",963782414.042152
"53bbf1d3345eabc2a8b7f5ff",957286268.701445
"53bdf5c3cd800459acca551c",484652182.289252
"53d33316e237830ad463a26b",526231120.738032
"53d3e32b1dc782308e352a33",1223515603.39377
"53de17a986d62a44d7897200",495446596.402871
"53e14e867f8b02c6043ae02a",460982400.682738
"53e94de217ec45ad576fd83b",910791281.111906
"53eab0ecc3ff098d55666699",1103035884.25176
"53ebe061b85f046ed12ee9c5",655381672.902034
"53fbed4f9680917f0615ae7e",519240042.36597
"53fd196fd0c0558ed1219329",420849748.13291
"53fdb16ec08e794dba9a10ea",762261643.968355
"53ffa19a09c447f3759f86f3",686920859.817709
"54022fa49ecd9cf290aefc89",1147087502.98435
"540c4d7a79864885d73cca95",531821422.602222
"54228579fd8812c3ea160341",799309585.875167
"5428bf7f37a94ce9fb2dd435",825982336.836516
"542b5322e59a3273e10dcda9",878763952.061657
"542db19bc6b9a1366715dd7e",754337151.609435
"54304b6117b797791d266cc0",659839307.012746
"543822711986a454cfd764e3",1166321998.71101
"5438c2127072b47e3af428d8",882260900.183981
"543edc342ad39b149501aaeb",439629755.107055
"5440ee15bccc4eaf827fefa8",705354085.08771
"54445913b2dc2d6ba35abc66",1084359142.16142
"54561e6ed5570577ea97eeeb",1086415287.41221
"545db4962e6294cc5ed07727",1219956624.47288
"5461aeb15c7f826f0ce157e8",475518686.50137
"5464fe43eded098294d634ba",866139649.089889
"54673ffd4971d04493a1b1c7",906846894.196152
"5469c33200ffa87952b356d0",431064313.674331
"546b56fbf616a6dfd1ad9d88",1082822123.38146
"546d570784c7ab8746bba80e",578632295.813104
"5472d536d1b6b731537bb67e",903387675.472822
"547661e79bf0c62cb8de63d1",1127853403.5944
"547c8638128424b89d602f50",1143438861.72228
"548791b5faf236b1c03b7523",758708737.455913
"549024cda1c093c9f8bc2ea3",500205088.756711
"54933f8b33a4fd6f031ed5be",960714355.581455
"54952b5f463c64c605576601",463054357.721963
"5498b3e3ca091bb81be87166",588325341.706972
"549ebb2f616d50ca778e92cb",917184166.749602
"54a09a85767156b072c808c8",767430898.911576
"54aad3aa4a166d2d50df48cb",1219245549.24516
"54b474bc7cb126bfe8e6c144",857621278.755147
"54bc553b5b8abad0ceed4d53",628941958.393915
"54c0e5e6d368ec51f6e75c1e",969695967.912532
"54c33befb89cc873771c3be6",1069854883.05477
"54c3eff286c62f05ebe2ba57",562176124.870393
"54c74b36962edcc922573792",513898092.118501
"54c9bffcdc46819f67e4b3d1",947771309.984099
"54cdeb67ca9ea56205e4e533",876970239.484328
"54d10cb2a44179fd4d726f1b",968740063.750038
"54d11dce9374378326f7ac62",555273140.56481
"54de2275006e273686ae5fac",1131943033.88426
"54ec4fd8f49c897c644ce83a",828029352.363263
"54f16cb9563346e15b019102",575459385.032139
"54f7aab6b91b48272a81fb47",892910001.143665
"54fb79bb019bfd10e5481ec9",815124309.825627
"550157aa4dae5fafc5d795b4",630863730.670736
"550c5061428d09afa0c409f3",837896936.349325
"55118881731616058c929b1a",1280207331.97773
"55163359d7cd910861059389",1198134185.23507
"551ca6ad1ecfc7ac21f8ef0d",971272860.71704
"55209683056fe2f9faef7fc8",565692779.844366
"5520cf373444931ed8630635",590083481.343467
"552152b60bdc1ca16d2dbb71",680337348.948034
"552217c633d2562cdcaa81bb",800439625.193875
"5529091bcc05ba5cb2156b15",845422667.674068
"5529d858e9c9e3e92ce8a95a",774887221.170126
"552ab0964056c1d1d1b7398c",989958504.386367
"552b01d72edb192663998c4b",939103128.221078
"5531b9663c5a37a2bdd97e9a",734821788.858708
"5537b994e85c2688fe555d5c",681146773.726561
"5541cbe23acd6ffd4aa0d939",665929560.488802
"554ec896fe4f9d8f2e8eabe0",961183257.949658
"55597a7b8637f24198415ed8",830976753.403237
"555a293dbc104e00f182fe34",570706899.904402
"5561eab714583013b422e7d4",795069113.948179
"556210496090b42ac10cf1b8",1253561489.61948
"55657bb933aa2ea3083e0b90",418723134.492477
"556a39ca66e10ba3545f2234",580466714.153451
"556cb23459a9007127b3ad46",833064422.358785
"557e40fdc93c1824b0bed769",831107961.717937
"558b7d06789a1c8e488c38d2",831230794.83258
"558cb38bcb8de04588bdfa30",849136683.367036
"558d9e4b57fbe6c7e0a09a95",1149864601.44452
"55902baa0ece72e2e8c869d6",1305289047.97781
"559fabe06aaee537322d0af8",512013355.811526
"55a615a3b3919798d54e885f",900596113.643392
"55a615b65a28b64d46ec63e4",474794540.041991
"55ae7bc854658aa5fa49d368",534174659.58225
"55b72f6c7163a9b0b3b0b262",574291811.976814
"55bfd350162592f2571e3a0d",685190699.025788
"55c5e58ec636586755df3dee",635486755.755918
"55c5eeb4861e8cd71731274d",1053640162.14485
"55c7cbf5e572d2342d0d7071",928598399.148415
"55d0225b44a81e82eea3efcf",1113607258.72405
"55d2ad80322427ee3426dceb",939373642.344033
"55d47b5f3d0d2dd7c2bf4034",636293352.776504
"55d4b530b881abfce2d03e56",826089790.31891
"55e307c88e2a943acd64a9a5",614156591.417515
"55ea155410b001104518e992",506008268.320822
"55f0e95dc857256aec65ec1a",1939628026.30689
"55f67dd7302b68477e803399",554858689.139179
"55f747145222c070fdd50175",829291401.205045
"55ff644abd72eaff17d533f0",934159479.996515
"5607cef08511dbbf3288a5bd",841021024.386481
"560a750cb6f8683ccac4563b",1076748832.389
"561689dc0f267cc5011ede3a",1117765117.99633
"561840990333852ace562b82",611049807.642547
"561a262410ca91d69a58645f",1115953425.55464
"561cf254aba002fdef8258ff",600554699.790881
"56234f11aae98489ae00a8d3",722290878.653848
"562c7846b05072561d96698d",559409075.331623
"56334a9db3ccc24faf138edf",810474928.831842
"5637f3d3278ea049333afff4",587104152.980543
"5644b84ee2edcf7267b2189c",816830911.203239
"5648633b1f92de1ddaa7e7ab",495098782.741646
"565fb93190cd34ac8b01f01b",1019165985.90258
"5664cfe452394ff9376bcc8b",696425034.808826
"5666f3c36f0ce4eab2c39299",712002190.263818
"567ca46ac91cc53e3b479547",527254376.281788
"56807890f8587cd75893aec9",785656320.500345
"56822f406646f93fb39d9e60",496825164.357168
"568509a7aba60f8fe2d0cd5a",564418564.291199
"5688288ee38f1a69894ac77a",862892747.552009
"5694c1f689779fb5ca95686f",562965414.719478
"56991f74ed430ed942b2d6d6",1165438027.89584
"569bb17b961fbdadf7106d56",1422869067.53964
"569e2cad5c18a5f393f80a8d",718715557.39325
"56a7470ed14454665aaef75a",2056106171.44482
"56ae6108c1b53c649da2f6ba",836045509.852581
"56b22bd973f94a4bfaaf6b33",846063284.221901
"56b78bb57b2d1f064c47891f",787399005.515715
"56b7a6da82134b135fb7de2d",1177648677.59857
"56ba332c82c36f07ba6bd271",1260416651.59201
"56bd3b61805077405af098a9",768300278.628381
"56c2e8e14f9c6c9a9f046a08",724005879.367814
"56c41a58ed5b9864b68fc910",683530313.069593
"56c6bf831d3c6737e3844969",890762470.421749
"56dd1bc39664f8e9f316851b",862329720.499935
"56ddb54e50deaf650a25e82c",625096142.23094
"56e3e7d822e13838ab9f85b0",601550703.671825
"56e5afaecb2cac6293cde16d",579877334.138814
"56f30ea777f5493139f22384",1675854670.06994
"56f72c2d672b7bc3c264f7fd",563076294.862193
"56fc1855dc6375dee0506133",852713694.616761
"56fe5c13f11813b82dfb04f8",640446212.573365
"56ff1f7e81fda0c8491c354d",706633963.150432
"5703b4ab6e77d88f751bc6e7",828869014.301033
"5703df84eef7ca9bec5bde45",855686577.395689
"57062f248424c47282d3da30",766525163.946629
"5716ed7d678cc2575397174d",439830247.460748
"5717732a654405ba208c0f5f",880294054.240568
"571e1a8c252cd67ee0475974",977882540.636251
"57238dca767ebf3a842c5f10",1154746595.95108
"572488a9a75f64434dca5dc5",487179325.904072
"5724ecee1b12e888d538c1fe",839930757.490617
"572ae40f693551547e13a196",1402160137.39656
"5731cdf8cac0b8371d786c90",831404632.050611
"5734cd4805f5c055d36ec645",906580013.829279
"5738bc8873b341bf92ece0db",785218440.768513
"573bf87f57db6e037aeb94b1",843658165.41151
"573ea1962372999346590c0f",822804646.804913
"574b6bef16abb21fd67db401",608605398.548165
"57551742fefae23bb32571f4",845806355.173073
"5766f7cfab59c920081e3046",830036799.657774
"57744cb947a923584fc6bcc4",376471517.663555
"577b17cb350bd2a646725b6d",997134260.64915
"5787d7c671378e596edfb58c",790243839.186043
"57891292fbd530872cbe68b2",1214604645.09619
"5790e4cf8102dba35e184ca1",723227475.780239
"5796e37eb1a995db5cc06eea",467567099.500453
"57999ba0ed9089739a1f4de1",945973353.086129
"579ee47bc31f5408314bca28",608465144.996536
"57a5f4f83a474ae156f207ee",785801254.687979
"57aa22792684debb8d4079dc",623877151.124761
"57b3791f2c5acffb0097f7c4",1459372553.90909
"57b7aff18c444fa3c577b079",543612519.392039
"57c1ed738536d177d66fc52c",1549364166.81183
"57c29184563b31f5f752c5c1",1053441944.05032
"57c63e412f3fceedd3a7e698",1021464541.7953
"57c68d470f6248d00b6719e4",656623038.250188
"57c74f7b9bc5e33cc823439f",823350256.740628
"57c7684f8cd8d78909711b53",456185138.919448
"57c87ce038e4e523b4ec189b",944677030.798211
"57cafce17dc4de3bf8a9ba90",995352310.076736
"57d17db2cc5ce1aa889f1f50",1206877655.24417
"57d8cac189a13c180f08cd2d",492593398.380438
"57dd353ac00d0e99abdb3733",1057538599.58323
"57deff02895d5286eda10d89",1157595372.77038
"57e5120d0b71ec6a67746a59",821600178.350657
"57e8ea351ecd1ff0825b1324",900408136.177406
"57eaaaf24cf82d885f0f1dff",624222484.601547
"57ef53ecf8b709ddc05aceec",880838496.354555
"57f4a3f6fe2e41ad97116002",656964806.552998
"57f8a1e37c4ffb1b8cbd342a",589759069.391685
"57fd11f829e31e198326ac98",1182013223.69098
"580452a616b4f5170eb628d0",486265404.340676
"580d8eee8dc4b7d43cb193c7",882260900.183981
"5814a1dd61362ded4f1d8d8d",2080355087.68655
"5814dc311aa87b24e26aceb3",1045071127.44234
"58185ef7646efa724e904f5b",793788912.457618
"5826567e12ee3192785e36f3",999116736.008806
"5838e86b74020a5bead56161",551899997.751546
"583a8d8c5d7fa63125f62155",817608944.520371
"583af1118e60e46c347ec593",1269067589.0614
"584364cece0bc4d17f0e7fac",465522817.370477
"5844c83fecdf7e09b188c2f0",768514554.792331
"584990ea9718bb5598495061",407876697.907912
"5852773a80f7f1b929c7dabc",1834191533.38513
"5859ec20de4a5036292ee947",1026225175.10263
"586fde402c82c1eb5a74d634",638338117.264257
"58708fd9e83147daf1a80c48",582386935.887223
"587e67078115103d184970be",568617937.12468
"588400f7829874f9de919e39",684231352.123242
"5885faa4aac834118c5e4351",794910784.546498
"58954e79191c62ceb1ead100",1144245157.21779
"58a3a9f44bc7846ae26413e5",815348195.160821
"58a5dacf2f664512c2b00ea2",732292345.632158
"58a724e8a0e05140b07539b6",893482308.087056
"58a86bf535b4c16b50dfca06",445466653.320048
"58ac250fa52a1ac7ce39f70f",478765912.650439
"58b139bc16fa2731e4b76f28",653244446.975506
"58b3ab31de2f9fdb0da0dc8d",781878281.22936
"58b40969f1b73182cb6d30db",559930028.007256
"58bc2b0acdb0702732894fa9",657116237.428883
"58bc65fd2e0e4430fb353d83",917899474.240383
"58be66aeab226c35330d57d5",593505699.789363
"58c2b87098ad454b1fadb13a",798631571.749113
"58c6518f9d2d0526d31e7566",443385912.772127
"58cdc29143b85386c76bedbd",1119397816.5016
"58d24ab99d74ae4c449c90ba",906580013.829279
"58d92e8a26589e37b7123716",605228522.532701
"58f02c785ee9a506e899b967",778225035.352027
"58f55e9bf743e2e3ad43c274",715379259.933129
"5910c9b29a1025bada93a5e1",923420233.937593
"5915093d458d4b6589e86f59",518839874.758521
"5921ce922675f6517f8f0007",1366571759.26333
"5929c81cfde8ae068a8b822c",870027670.072177
"592c9c45c07388359f663219",672398564.592899
"5933c18b8cb17cc6e4ae91cf",1104013213.98656
"59374f70d5e7da97e3b8b35f",1037666671.43398
"5943151d9a76010179f6c297",834445501.944512
"594d46a91315527995cbd807",708133777.461952
"594d8d78af90086bf8cdf09c",892914950.54278
"59519bb6d5d299ee0b767224",882899726.47012
"595415e95e075b70c39d5c5d",899794039.838302
"5960f14f2a81075fa66568f8",824841854.0027
"5965d19a68a8414b0419bc68",924977170.936908
"596b6f435f76058493a16cd6",1034586642.50959
"59764968800501c68631aea3",821873539.528988
"597d3f78e2f413acabf825c0",880965857.915092
"59805e5f4080246ac1d92b34",845290278.43063
"5987f6171a2bcb37062ccc94",973684573.734507
"599506739a6544839bd97b81",921104898.283398
"5996fc90f923d6e8527097ae",642327510.3635
"5997da918101ff14bddf20eb",624788900.515714
"59a309a6af425b2028a2ad69",806867323.292453
"59a3b1a44c35ed4936cf7843",932001170.60117
"59afb00a84b4f2a9ffbf71c6",837033600.063013
"59b271bf9e2d29ed35352f5e",706721291.112738
"59b5fe8d4f5ae272dbaa5ba0",1271753791.16005
"59b88e154c07bb7c0ddb4e8f",917665354.832503
"59b9a5730cc8a41bb7a1d16a",868264608.926911
"59be3c447844f31267366cbe",500253874.792174
"59c11d3de7153d2605cc2273",683174911.340914
"59cb7abb39785d5263a156c3",839023729.844326
"59cbc0e7dc6e6922feffab8f",768707601.305876
"59db28ba77489750903261d5",652999993.243392
"59dd396f70b8458772307895",881174728.198988
"59e48259a076518d929f5db8",565164714.869451
"59f9cc9b23cdea5bd4cc3ae9",1038315161.77499
"5a066d6bb65d28c2094051f6",993574073.867799
"5a06a8b33611251b62d77e72",934164168.799444
"5a11cc89d3b01eb87535ff1b",910501299.919296
"5a12a15af3c0585d81ba8f5a",768706039.9211
"5a16b30f4d580352710e92f1",787952578.147565
"5a2624a08494481388f6daff",1127952610.1305
"5a3119efc021fd0f102ab958",627438228.760555
"5a3625846567d06dbe4cea0a",1025212122.63704
"5a38f908d8d75c5810280e12",513110719.109806
"5a4039f0ca12767138ae585f",770623297.539691
"5a428139d5ce6bbd9505945c",1113802749.37285
"5a44636153b1d4a74d58513a",753529836.827299
"5a44be6fad8878eb2c394ca9",952771894.604732
"5a5377f2d087b7bb183783bb",543195581.837662
"5a5a581ad5540fc82cd3c2ed",783251587.061251
"5a6397b85f45fba27dd9311f",601212772.25381
"5a681060eeb2fc8f1b3261da",763999498.537784
"5a6878f8a47f1fa2fc1d600d",1185889260.04767
"5a69ebde2e113923ddbcd18d",1078173279.21878
"5a6b30b4d33e068d421bc2a1",929088043.308966
"5a6eab133b7e95155f6a9012",463403655.615321
"5a72e2a62121158efe59069d",758859303.688657
"5a7b67d4c79ecd83b7ab66e9",829352703.979929
"5a80dd0f68dc2cf9fb1b0c03",624451688.168717
"5a82fa348f3b97e74cdd3a61",801428986.710843
"5a83bd697db5076016c0671e",505491847.805972
"5a84e6d2ab8db0fc60775d03",753127701.869674
"5a8638c17d14ec4f6d447b8c",702614529.656495
"5a8950a64b4aea4ac13dad45",1080533023.66749
"5a9892659590355b91442979",704300655.772751
"5aa1667bc8db26bac1c72f5f",974562956.157986
"5aa715bbe2b178ad0c9e4b08",566989269.656444
"5aa78a2bc8ec5e2be315fbcc",1184735410.95234
"5aac1a1d5da10b76ba4b690c",1201114082.63719
"5aaed76349fc95f6c12ced7b",1585183522.19404
"5ab0b8b0d6d93c4654b5cc14",533512050.709846
"5abb555cb9d65db8e6c28201",832726160.183043
"5ac98c971b9293bc6a8a6aae",967576766.110972
"5acc9d767e3117bed0fd8464",777651981.156076
"5ad6f4091b77715b7f74587c",616873468.245228
"5ad71b7cfd356a75021174ab",891027503.776628
"5ade8e9c79288d511ce1fd79",804107879.015915
"5ae03c0e33dc7d3e0e0d54a5",752491561.2623
"5ae08e5999ca2ba0a1e2d8a7",723215275.744307
"5ae2fec22f535ec2490174c5",409326134.266539
"5ae3359bfe2a704de00e8801",583176526.055228
"5af99278b1091dca9b0b0332",856967666.878252
"5b0219cdbb8ed527aec91659",900672200.711012
"5b0530f544da162b9a8ff772",787470402.445285
"5b0918cab84af6fa6c464037",785946215.61239
"5b139fdb19ff722a846d71f0",784719093.257633
"5b146f1914acf2ae78360fec",925580713.043204
"5b169f28ea1dc473ddf11580",375529699.150094
"5b1902dd7768f5144ae7704c",1220406769.72484
"5b29d453bd368190e0e356c2",724778560.397666
"5b312ebdf71ab7971f9fd2d6",646966467.195577
"5b328b80dd844db2e946302b",566154122.812124
"5b36bc6e78872d2ca6d3d1f9",610926597.884541
"5b377636fe30946fff973f3d",846339152.008028
"5b3a467a3b0feb8ed81be1b7",1220518017.8282
"5b3ba9e56e24e08e1f81e220",596759383.30075
"5b462279f602c5b67ada82ee",697971949.64737
"5b57258272dfd1babb29e7fb",593291808.234685
"5b5bb8156b98eb51a58e73bd",598423146.370196
"5b5db88fa09ecd8f4b9cef6a",555624111.509909
"5b6f21752f3744ec6e529d74",1016632112.72663
"5b76ae185e6b41243777cb4a",459937726.275042
"5b83b73ec31031582aabc527",467274093.429501
"5b83d91f4d6364d3e4be1428",795895248.223834
"5b84f5de073000ad4d4b1a04",1371585500.26711
"5b908b8abd8dd0862440c172",676723417.872609
"5b9469c3ff6b197bfe3513cd",578924707.045836
"5b9a21a42d5f50ed4b10581c",918381933.465035
"5b9bae6f556700e099fedf08",962240440.974386
"5b9ef8d6defdaf13dccc5ae9",467560498.061297
"5ba05f67a77cebe5cda31e74",902253106.668237
"5ba4bb943139d7930cb91650",732592560.151659
"5ba6b4953759b45cb83512c7",793089501.519035
"5bb87c8d49ba8ae67a659b52",861190036.850791
"5bb9dac6e0e9409e89aa6cee",753836750.494898
"5bba6c40aeb129c433d2c58e",1121721404.68524
"5bbc190cdc5ff3296801ac0a",714118928.357088
"5bbc4ff9cc3ddacb39469e27",935524799.532612
"5bbd0476c27c53e2bcaf9462",790283527.26829
"5bc46671989de2534553ae49",816029597.899682
"5bd24b842a67601630036d0c",803237282.00166
"5bd59dbebb0d6fa71efa4c66",496740285.452638
"5bdb5174517b8faa23df9587",972060671.608311
"5bf6c1862c0bc967da2cc484",1240837781.88171
"5c02d79c59fb636ca4cbe86e",419528911.23147
"5c0e328a04f881674ae1046e",1095245011.53865
"5c1bd88edef0a4146c871fcc",700110736.771332
"5c1d1ee26cbde5b766cb4ca1",1021147396.74735
"5c208e5c37aad07602f7cd7f",1000495575.74868
"5c25ccfc7ae77f1d85981a79",765521685.005717
"5c2ba5028fd94a6b9859de70",524663459.805135
"5c372bd1e01f3243256e27ca",516082308.949958
"5c3aaf3f75d6d3ae9b55cee6",823874046.700016
"5c449356b8b2d7e0928cce59",1170760804.5329
"5c5039602efa36222e64108a",696533208.355093
"5c50853824c890a5a7f0cd70",1047689656.52429
"5c535b7d92e34c0fe4b66891",506168389.481078
"5c5963c17bafef1a1bfd5e03",1033186833.20824
"5c5ea0d8bae75e0a5c88414f",892437520.45359
"5c60d7880850970facc54bb8",1055947208.42441
"5c6e6dae74e39d33621c7119",1171323559.3869
"5c6edbdf110bca5a66a51585",528906847.008602
"5c77e242474e477513b60ad8",800697737.943123
"5c789f2834a1a69aede6316c",478206956.099813
"5c7c83526b72ced12a08e573",851782333.765997
"5c7efb015b8ff7f108c99723",640328087.855456
"5c802e198dc0906016741026",764124296.882075
"5c8240a1ebf6138f81dac715",1045650011.29279
"5c8f3b7ccb4340263c255d00",625515173.676181
"5ca0586ab7d20dce5e9ca8a0",615463118.876649
"5cae4522fa829a1614739b64",1114348102.99742
"5cb29f5aaad14b6c33813580",621928619.225901
"5cc0700421954934cd8dc445",575916798.421118
"5cccf025fcc0a7d9ea01b170",468808656.959598
"5cd742ea274b4a8832114080",723890014.295848
"5cde1a59393643d7ed4e909b",1012366529.39637
"5cde51bd6de3759821216d5c",1023830866.14828
"5cf70a67ec25288657d6fff4",841491722.227933
"5cfc9e48ab90da0f4e98a7ae",804157004.000042
"5d030db414b00948ec10d18f",380997568.213426
"5d09f2d1cc5fec761ac4372d",912713557.817728
"5d17daf3e98cf433267d978f",1013447497.13262
"5d2200b04fde91f830478aa4",774380100.898672
"5d2be469f69f31090769efe3",773112357.174756
"5d2fd288d33283826210cb90",1378553424.62629
"5d34f871e5a5cb3a655a0b13",792121583.191937
"5d42f42059617a5ca7ff3a32",559155702.077558
"5d4a23137173c0e2288ec418",650062009.046526
"5d507cdfb7c233cf96dc6a83",625580809.416993
"5d54a0a596d49d9f85f1b5e8",868340419.268839
"5d61946d53efdd9bd0af140b",936023815.730362
"5d646ababb10f51c141e0d8a",777486240.536529
"5d6c275d9d3326e738c875c8",903183870.286607
"5d82060575bdb7be33e63ecb",943618038.698114
"5d85d77a06d0f0324d15d162",1156245273.60089
"5d86154fc1769d4dccac1269",799069365.193766
"5d86a1db39e324770ae58efa",417726844.023512
"5d86b884df3627d93f206952",1198355211.4017
"5d91dd63b6aef851e0c78389",772613051.381212
"5d97aad3e83e26b551c3399a",648624731.765395
"5d9f8f380a6434096a0cd906",661868230.790257
"5dac2d2027b6c81c1b7ee3a4",470255399.775294
"5daf1136686fc538db40afad",594141256.962438
"5db3d671b5aa03dc33f258dc",462577370.640909
"5db50c50b523f3d454e94dc9",682141720.584377
"5dba98aa20e371c3947c19b9",1032577598.42315
"5dbcb55dbba823dc31b041f6",1156671910.34319
"5dc1fd6ec7ec8c8af71e3b6b",1067414622.21594
"5dc404d1c214abd2d45b2a0a",1410577301.75898
"5dcc8f6a6854a864dcd27a87",747516155.827128
"5de0f045039122af0052c544",891072572.857844
"5de86bddd492f76596b17a0d",1219409785.79262
"5dead94ad2dd86dd41448994",624337638.233418
"5dedb7b64b6ad0b514de2bfb",731866464.31665
"5df95b44c73b249be0fc69e3",487073116.010752
"5e0100ae728e347eedce5b14",1295225376.47401
"5e04875f99a5e4476c0b4186",666617357.896812
"5e113e1e878da12e312cf875",1182929177.01627
"5e187b07578d582ff3d8e189",718557977.703241
"5e18ac352e3f3119f5f9197a",880606363.499624
"5e1cc2905f7a701f895123d8",605572724.249833
"5e36efb290bb265d81706bd4",1127640477.53399
"5e3785bd517f4faa2bcf43d6",1258683920.63447
"5e3d7da3cfe55ad1fe609579",820942355.493312
"5e455623c380290e0a8e4e48",558911837.711817
"5e5ca2753a908aa1b7fe80a2",865513635.629619
"5e5ea93675900efebecaa19a",477348813.615746
"5e6324cfe41c3676c7d0a5da",911824848.702119
"5e6b2661bb7ba0ce4776d483",403628915.180357
"5e6b54654c98c2517c2e31d7",1046604168.9442
"5e72dbafa642e4f416e6f01a",716838354.24284
"5e7ac1ffc0886c27471d1a54",803946448.767496
"5e7e36116dbc08932f5fcbf0",951133501.64098
"5e8b2528c1c0a5c12a476919",1036717022.141
"5e931fda1e62fe41ff0f2ba2",518943559.869431
"5e935d4a03c6abc86ac5adfa",1138095324.2363
"5e93ed2a9b36625c4450b5bd",680617518.239453
"5e9e9339fe1c3a06470cf7c6",627256137.433257
"5ea150753f8d07c71af45cd9",936202746.533899
"5eb268b95d7b6006b064f9af",785801254.687979
"5eb815f9023e6eb97786233f",1440454203.09826
"5ebc5cc2c1488f681cd119f2",789576743.775079
"5ec01e911785dbd5b49b166c",527548158.757851
"5ec12159380f4d1a85e8b0ef",540100409.622505
"5ec3abf721e13b0d55829bba",656501929.857878
"5ec6e033b9dcb454c57050c3",789576743.775079
"5ecbd5b92092264f4e9101bd",743948646.070337
"5ed1320fe84a518e267ff537",1283489748.35978
"5ed8cd2cf2c6dd5b5241d6ac",1220631904.63324
"5edc37d9746cbef8352f0fa4",713759218.554486
"5ee020d4adc767b3b16fffdb",405832613.102121
"5ef33cf17d4b45277edf35a1",941859837.719815
"5efca36c25884a2822bb7a81",592343158.918989
"5f088237d263c37e78264bba",491191197.472521
"5f0c7a6b4f46203648a0bacc",634179416.215566
"5f0fa37b7c5cf77e0508abd2",963452060.602545
"5f18524e839c2987594a11a9",1040327566.93886
"5f26f33bd89fa7563ac6873f",754127824.99146
"5f284a75ec8e9c72abc76695",920814263.497554
"5f2df52db15d2e0ebd327a36",482036127.320201
"5f2f7596a284915ebdb81a35",404220155.978159
"5f39cf56c4e1bd43f61ecde4",766444958.456254
"5f3a1ab21669ad9234d4dc63",1076748832.389
"5f3a2a31f6d1838e0a9531fd",1219733239.4211
"5f467c6c80023b0174823d85",907696784.784519
"5f4b0ec9c7452b888b33c3e8",787808405.050275
"5f501c4532ade3f412359a1c",1175306866.31022
"5f52e316136696cdb56e65a5",662763825.459565
"5f5346deedcb7cf5dcd1e9be",683861850.41588
"5f537d233678443192d22642",1625451601.66597
"5f5856dd16c0e5131835e650",779441387.227531
"5f6ad58df27b562db077b5ce",701901464.852799
"5f798656baebb094a3c83793",1094527721.16855
"5f8d0a2ab1f9136de446528a",754912031.408137
"5f9ee280509afd55d24f39b7",860167693.825193
"5f9fa56b99677a489a9966bf",674743802.651254
"5fa1c8237da8fc7683bc10e0",926559179.156827
"5fa3b0993cb43d3c72c30093",1218412668.10485
"5fb76f2095eb1a5cacc2524d",687166619.253321
"5fb9bd3aee2e1320dcbea448",500731542.034246
"5fc0f0c4fa019b6f1b2a016d",483690659.996981
"5fc3634e1fcc96b9215a6cd9",1405224658.38712
"5fc3de15eb0cd87be5ed2e6f",692589050.795231
"5fc3ffb33090bf75a81aad8b",803440891.988073
"5fc559104e0ba1112ce00f5d",967298040.077475
"5fc77edb0e5bec0ed8e72a60",575889155.097741
"5fcd9836a3ea537fe86d457d",631195353.125048
"5fcf1e2ab4edf13ec844decf",819620739.293038
"5fd213a5236154ae5206c372",1405940161.37913
"5fd3b0299c0d52e48195fbdc",600119321.512425
"5fd89a857727753eae6632f3",561641605.337546
"5fe25ab9cf4ea071cd6287dd",550545103.844132
"5fe5f3c5919c0ebd57ec8e36",617853407.558233
"5fedc401fc32ecc4d9ba7e89",462800517.017369
"5ff696d8369101b6dc60e2ed",737552277.042844
"6005ebd6442c62f8becdd2f5",1132359501.54936
"600dc823c42aa64f60fc3ab9",594196070.895539
"601193433c99337fe806b158",675597531.65676
"601310d800d88f0d387235e4",1048171326.72426
"6013b8c04f7b9fbc74ef1ec4",662246851.528205
"601da8fc375ba0b3df3b38bc",1088270420.70388
"602abdc140c40112afc1dc98",489897949.493738
"603c736378e07570fb985ab0",994484251.022519
"6049fb02c166ec9b4471a7c6",663976660.184758
"604f1b5149f770a8f370fc75",512061484.324424
"605276b332b5e5984b83ea8d",466452118.172509
"605e7a71eecb13b23ffca0c1",572722820.952814
"606affed5c707249158c4b49",852574706.464715
"606df4826416ea0f146ddf99",698216568.871188
"60704a08df293592e4cb5719",683026167.750988
"6079fb3769f843e99b47988a",689576418.417065
"607ed21e896eb5ffb50d5ead",558808751.298205
"60823c81f0b98e8a57192a9b",813178965.91647
"608a2339d558a6cea9478756",1082757939.22542
"608b26adceba64d9ebc5486d",598069587.169886
"608cf4f46a188cf84f853c72",399280882.858505
"60a04215bee81d26f20cf0c3",817785748.185621
"60a495b86d6eff1e345ecb06",499097407.737716
"60a4f09c268e61fbbe423ff1",578902763.588794
"60b5b0aa0c1319557cd0cc85",1161102032.41268
"60bae7a45a084f117eda823d",808585562.160384
"60c116411ab3cca49f7f49f1",588961268.293454
"60c71a98253b5550d773a529",864720755.563686
"60caee98c3cc8526d16d7f44",619007068.813912
"60d5f19c16554cc2d8e5940f",1027091834.46001
"60dd7dc49139e7816dd8b143",712379296.069947
"60de8c37c9eb96efc432451e",1118219004.9136
"60e768892afb284b0e5042bb",1005294269.96567
"60f0df18cb4324ce5f4bf650",737975432.413287
"610061a0e67aea7d222f08cf",1161809871.90207
"6103571d9525ded3c09668c6",462033426.786047
"61055e6eb1910507640ce6b4",866382177.188281
"610f192d22864016cc2df1c9",1111751531.78803
"6110b5bf07cf38c437c7ca8a",1152721040.15813
"611a369172eb6e3e2e4bdbfb",1040190470.39244
"611a3e1d63c6ce5ff8779243",933827989.939379
"6121943254877ee48716c4e1",363270104.019954
"6123a0dd128e45216f832e3d",839291362.129161
"6128a8deb1f0bfbbf0d67769",858203759.39787
"613ad83abcebf6598f0079ab",803291588.219118
"6140125d2a94efe499a6941d",616304607.091485
"616a5485bc7721ecfcc21c70",463454704.036084
"61779f1bec05260cf10a0d2b",871928000.883141
"6183257f16bce94113879745",711240658.133259
"6184f12f3a903658f3319290",678098458.281201
"618dede0dbd48df4fe610af1",1107859601.14675
"61953f4c9bac7cac5ddda5d9",1005123181.60432
"61974f593c799e5d5090c067",447473581.149834
"619abd5f978b1573761be86d",719544588.586096
"619dab52b321ab297a604185",1035961179.86137
"61a12496ac1e6f39c5ac5d3b",1048345958.11666
"61a363a73f3c93aa1775c4ff",926076215.629053
"61b3bd442f6fc8838e2f45af",857320334.763278
"61b9307a25be3119effbd0d2",639946815.064792
"61ba09084039a467410aeadb",936679142.013064
"61c3c304eb8a06b5a483efd9",724951831.008653
"61cb98125f43429f7f93c898",784574358.665236
"61d6969334fc63611c810e2b",738051753.88802
"61e1e0c49f3aafee6ec9179d",759960111.364404
"61e57e5539c40e5ffeb77997",835015442.824488
"61e9c2375626a18bc9920c5d",541023135.867911
"61f634438de4a10a861f42c0",753831297.784929
"61f84e5a07f37865c31d4a07",1333499927.44551
"61fe9ea90c8a777971db8384",843375667.162121
"61ffbbc24b30698ab8f735c0",679887953.959862
"620e467297aed5c47e22735a",335131041.467766
"62103a85a8ddcfbf5e40e284",1126236753.82866
"6218a5d7267f02c576e5bf16",882636430.98212
"621c3051ef29e8da01e6bb2a",934777330.565365
"62259b400be228a30a655a59",1005877941.71959
"622872d345b4b0d9c1b9302f",698185055.781848
"6228854021e72af611d2e59a",822500094.14062
"622fdba953206a65224f2c82",698917713.803544
"62313cfe4272d263173e1ea9",675731676.904361
"623b7d96c0fa09e50148aa7b",850302541.784923
"623df36ea9610ed5c58dbd8b",746827283.900916
"6240b85a47c079cd0efb077b",723145200.498269
"6247fb0e5261d4225f6c9f1e",663089663.378242
"6251cda3676ecbdb6555c526",496706566.080644
"6254ee88812e303bdedb8767",1339807979.96218
"625caf4f4f56f3f6bfd3f786",424609109.349112
"6270356f1cc3dff186d0ff4e",639428009.960855
"6276bb8ceb13d174b8e405f0",467081931.991935
"628b3b56449724e7d945351b",622150159.700719
"6293e4a72b5c84782bcdbf78",917267142.379917
"629a6122db92e378f0eab96e",978487680.162002
"62be98264dbfd418ba21cfac",937088184.712151
"62c017eac96743cfbb61e86b",734589270.925449
"62c39ad30e9a26d8cf3593b4",1107760056.12018
"62cd6a29e98a5b7a5ad38050",605976777.459546
"62d338c26b44153bb075b234",1359273366.96253
"62db5fd2a4eb831d281ba8ba",1329705497.67557
"62dc69d80cd6ea9fb7fe52db",821115382.078041
"62e0110b1c8dda16cc7da89c",700087874.231653
"62e376b22a4cf0d84b7f6bff",1245967414.73879
"62e9330888566f1f826e1ee7",772126342.444879
"62ea31859e01c2f4d4e97baa",789934775.642566
"62f022e19ce6608919eab5f9",436921903.30477
"62f46b8989bee43db86ff589",572989005.145227
"62f96ed5c1e5f28117949a23",464645158.106359
"62fbacd4e172983a2a998daf",868068161.955052
"6302477fe8172d08f3b4815f",690626386.343132
"6302d4fff078a118c3211794",1144844832.74718
"6302e608d8f37e63f4e5cc27",417476449.205091
"6305f02255274ab5fb6bd39c",881000989.302902
"630f00e15cbd7826475d1509",997134260.64915
"63131b8d125073c7dfec72f2",1071313518.17899
"63182bbbd5f94cea67de2d8b",605461732.153282
"631e6aee6ec1f720f3c78775",782611695.389019
"631ecfa47fe167bfaaa967e5",484644492.532184
"631f4c509de8dd64f1c400db",821592761.880813
"6320f26d77fcd56675db6b97",759929306.001667
"632820af2a0477aea5ccfa1e",792071434.779049
"6334eb4a37d102ee00c6e2a1",743347424.966813
"6337f924f515625e7fa638a4",862238265.70361
"633a7038a23ffaf4b3f7896d",1218862243.66062
"6361330195fa7cdc6d5c603b",785829513.984525
"63613a9290bcd9e1bcf2786c",940404304.23841
"63674e7ddf6f2b4d7c6d5c1b",511382658.749291
"6367a127b452cfa27043f74f",794706377.944104
"63698398738ebc7ccebac817",786554589.982284
"63717ed97f95e32b2ca321f3",649462822.941697
"63773145b1a896df26504b0d",641365493.977919
"6388b4cfd09e2b1219268cb2",761451750.891969
"6396667677a878ff61e1b536",471314898.561733
"639b98d0798b5670e7bb2569",919362574.332868
"63a25d279fc5a9e8fc1dfae3",469148963.688631
"63a5989d0dad994a6af7734c",708485662.90558
"63b09e45c1b7dca181491030",834759923.626378
"63b982fab95cd17211a4a58d",522247272.558263
"63cc884a9c5c888de176461a",1025082747.29828
"63cdd73026431f5566fe246e",871129764.424676
"63cde4fad1be942dc5ee695d",606766836.713576
"63cee15dc4a6808616a2c2e6",494904608.880325
"63cf422266e7c39a6c895b3e",764679573.349939
"63cff4b5ebb2b6528ad34cd6",780332127.364567
"63dfd58a5c43cc7c0a468209",374965267.070447
"63e1ff737ea11ec607ecee08",927733507.828657
"63e73f1b8b385d89de1329c2",438510953.25075
"63f3295df28c02953241e2a0",587095671.603329
"63f4e57fb2cc22659e80d6fc",486227259.739216
"63fa384ea296390350f23d7f",916995623.035121
"640a801d503d85835eb65a42",1213544296.37265
"640e9fe41fb79ecba89d8951",870883576.927681
"6410d336f6e61c4a81403c61",801749785.231776
"641600a4cbb13b35dc7913e8",1026197205.81961
"641ac8f4f60ae2b9cf6add93",907181158.14051
"641f4319c315cbb74872b8ac",563727675.72513
"64335f6d4c1a7514377be77d",635970659.115945
"643e13f00dfe7787a19b1254",800046429.972487
"64593641e470908ef23b46cb",910806599.942048
"645e1c7b799a489887086a1d",831251286.717778
"645f3c4490ce43ed68c7df10",665806735.589627
"6461c0a03ad3ecf2f8112759",769006361.126224
"6463505a740324c7aa869d79",785797330.254238
"6464d5cc161ac659dd963897",462263905.536776
"646bb3de5a1cfe4bfb7a7ea7",1412962232.41797
"646de9441934226c2ffeff77",777651981.156076
"64731b6eaf4fd2bb6c155013",971552349.182904
"647ec3f486cedf045cdd3b68",658601110.542075
"648217f4d8b5e0e65dea066c",882886647.213781
"6483f2fcdfbd26c621a527fb",991582359.656073
"6490a1eff73727bf62458b0c",554670130.144434
"64955a117f2d9264eb59fa82",870824565.747303
"649a2784beb9b821d36179af",771382977.917724
"649cca8c83352caf7442f20a",856809606.666607
"64a24372d58a2cf535c3aac0",773808679.786973
"64a4528640fe492865ebc0dd",1030716159.42188
"64a9f0bf04f1c890cc6e31eb",794409391.443981
"64adcb2941e9553ee394caee",482933283.175131
"64b4837e4550ce39f2f85342",778602321.058981
"64cb8fc8412c9247a5c243ce",1371079592.96152
"64d1c45a2968b0fbf0eeacaa",825851182.564053
"64d9dff81c79a16579cef2f4",1250770170.64495
"64e3401f22d18b573ff0504a",700369066.877238
"64e5093d6bae57e8b4298123",880318913.650203
"64ea18085495f759116f62c9",666398048.343058
"64ecb100d7882ddec6bafbcb",840719392.315788
"64edef308b6a9805f0846cbc",928694631.08783
"64eea2e9a13a8edfe8ac7027",764281308.943086
"64f36d32a3a64853227fa69b",1148408005.74878
"64fbc9cac3f15c0f1a16f4d7",773655947.310817
"65010e340fa495d060e32f7d",483174747.973699
"65070c554133f2b4143fe051",574429387.696687
"6511180e3128e083bbbb6940",799089890.255022
"6514f355887c64136edb5595",1027746212.65442
"6517c1efabdea4c1f93078b7",475139538.41571
"651d5cd65f80c4938deb7da4",808168304.282411
"651d6af0968fc05584cb3d25",767551353.845726
"652793275729ff3b69e86072",558133803.481028
"6528ca87df8bb477f4b6b8c7",669742377.579817
"6542b39cc8d2d13dc828772d",1163059725.68219
"654d2a3a0e02065560ba2484",727061920.03257
"655120f80a39c19221623311",844532178.551201
"655d6eafd78be856479767e2",901502043.255201
"65647ca6e47eb2b9ba20058d",910416186.946864
"6565b3281cc2d632febbb6dc",1235048275.46473
"656c13ca7a1974df58e1b826",1422282263.98678
"65766c8572b629744f00b45c",837909785.7965
"658c0b009a09339a3f312145",711590612.947948
"659abd72d12756ba0670f466",505307600.15337
"659bccaa707b94f303610225",681359124.090003
"659e9ad0f593b644071cd850",570719132.083982
"65a626faaed9d9e3b172415d",575914283.382859
"65a8795e7a5b88acd7a469c4",786571479.557635
"65ac61968819927b8fd9b990",590748753.833883
"65ae1a893abdc2eaa63d9271",1239497981.86905
"65b8c48546af394a924decbc",648477808.877186
"65ba1feafecd7efdcf214ed2",1043422448.793
"65ba6e178f3565a84c6ff973",1114575429.98514
"65bb6acd9be0f8d95fbc722f",712678754.024567
"65c3e09ee6f1ef0500ca4316",931084993.70525
"65c83da72c07b8e74bf581f5",1086893248.38878
"65d5918e826c33bb950fc008",560033321.268729
"65e1a61d984712e76829c821",945274147.690439
"65eaf65f8dccb8e49a93b753",845992599.757008
"65f736c3fee3d14c31a57d1f",825076816.716252
"65ff6cef76efb4c83ac0611e",683779725.597852
"6601706d2133f96aecfcbfbb",688417788.698425
"66019487c37339e9354ca999",957701199.146675
"660eb3b40b2bcd07df8f5c3f",729911002.414781
"660f3f9ed9a72d8875a9efcd",733182238.760905
"6615da422a3864d415b28fe9",673333134.165913
"661f7eaf134a5b142843368c",565827457.550126
"662a221bbbd961c285069c49",888935664.755461
"662a3e343a7e207ecc09d6b7",783032924.395675
"66379c5752189c150954b4f0",456902004.643761
"663e062b85f16c2419f8456b",868180465.308063
"6641ef09c0bf5f3180952b30",468253746.309829
"6645a3080e5d10779672d139",953795042.627767
"664934c8e209352d2c79c971",759403635.043351
"66526276a7e8da597683e8c9",769359759.569178
"665d62a8019b27bf5ce6e6b4",667229601.399086
"6665e5bc4774d04321d1ba9f",621447619.434743
"6666ab486afcbc162fb560c6",1000976082.82638
"666af58bb684c2d8e7574e86",755968484.569794
"6670cde3fbc11c263c6c3163",772764596.231554
"667685f89a61aa2ad5c9ac7d",412187652.342311
"6683685692e955a8ff172c89",873924468.304637
"6687a2299f38c15598d11eef",910218257.204266
"6689af92cae5d7c9c3e2f215",608023016.654658
"668db5244c4d5b5c76b0b395",795146270.182553
"668e5bdda1f4011578534f54",990960466.864704
"66a2ec5aac8969b2be538c1c",1076174156.22109
"66a45b0aaf5f696d35f5cebb",726516624.129808
"66a59937c54eff29ab14b474",1131911706.86694
"66b7baef9c6c3c7ad24636e1",1182210171.37529
"66bc6e56bcac9bfc4a7341d8",512020196.654517
"66bd80fd26836fd426be5733",629469031.675802
"66cf83769d16a4d659edba6d",1129501001.35657
"66d402a9b7d05f29282ddb00",785225545.05968
"66d41314804d77ea0f440695",875064107.138345
"66d8ce8e6aad18a4963275fc",544337529.763274
"66e4f010db2febff23b4a4f5",578789241.237807
"66e9c614882d58c022de7a2c",831404632.050611
"66f58d9d1e1eb7e81cab24a2",1272632878.36682
"66fa7c9e82a2876216b14b1e",861919351.629076
"6700ad4d4d7f70def59a5d59",739121597.942939
"670583e7a2ec6e337429fbf9",1210250843.43121
"670f7dfbe2eba87e55176257",738389735.063902
"670fe8f7b8ebe006885b2777",858905940.779635
"67138978493b84ff42daad45",585285042.491782
"6714f846f2fa3527641ad96c",685203501.47212
"671603ba1f755be5d7219a01",716069166.121035
"6720db016112cd2a4a5e0358",914424493.969384
"67250a8950aebdbc67f7fbfa",1337540803.34405
"67308f6bb80d2a203e306104",453056134.444875
"6732b448d2e4f32679f235ad",997134260.64915
"6732c28a236aa1ccc0cb2c86",805580975.279309
"673c72783eb4f9a02c511b83",910386169.992893
"673f2b913006ee8b33e75b5e",779748841.480731
"674c02227165e1c7189c54e4",1028538029.11632
"674c915c52b27df2c06b8bd3",814710137.489405
"674cccf4c7772d6091166aae",989524814.865168
"674ea6932fa9e6b7581479dc",771460166.340109
"6750be41e08a725705256b0c",1116339033.49327
"6752fcf8f1af18d61124e32c",574471895.79541
"6765fc17d98c08142d3d7757",957641531.246328
"6771a8c70428fec0f21d51a1",856809606.666607
"677c8056695a5a539dcfa3d0",499003521.148772
"6784e116d96e03911e2a07f7",749199572.109729
"678927546243e932b48d6058",1306239579.24207
"678a80840673787b3aa64228",784227352.92284
"678ba0c80536dd27e385b31f",555642145.243204
"678c70903bcb6c90e3578d6f",1237824502.54001
"678d0e011f710cefa49f6465",520500077.73121
"67a10f161cf7215302b6ca1b",419514256.903275
"67a7cfe6e95aa5200c064717",620350876.313293
"67ade5109553a9d784886a46",1272223048.77076
"67af004f80b08fae38f472eb",551721136.338723
"67bd5b20df7f2a9cf4e04358",674394800.17364
"67c78ce1b8a64f36ddf90cf6",865979897.186123
"67c945ee31cf1fa0a874e4a6",619367496.543988
"67cf2149b4c214da77694088",903088104.501546
"67dec8c47ad4de9605d56db7",663564681.858668
"67f664c8f9250a22c10b4f67",792267710.060863
"67f694b29bfa494bd9d9cf44",809664857.356477
"68006626a3321fb0de032307",614805309.249882
"68075b0ac8e779bf5e66dd3d",674343526.887572
"6808b10f5876ca36f569a4b8",1180756479.41756
"680a71ef7ec15bd919c06320",979297352.048212
"68181ef118970fdb1d83f030",879007830.309882
"681e772045fbee930fcc9ff3",1474525281.9376
"6820ee22d6fafc9c030cb286",1339201319.37746
"682b38de3539b2a584446922",429399301.485949
"682c0a5f5f3130a61b5214d8",1012936181.31035
"68340674853f0ea101e32b46",417005306.066693
"6834b61ee23cf04daf4fb83e",734687329.290297
"6852e8bbadc1a9f4fbcd695d",707379213.351743
"6859481703fb0cb34c1e564d",515930092.100581
"685982808b30597cc013e2c7",505995212.486956
"68699eb9653684fdd3fc79b0",1220857081.07348
"6879f05563a9f0748088cc65",882749256.302731
"687b1dd576eb7d06a08c3439",886086457.749758
"6883fb90099426e6f3922909",659080331.228246
"68925fb9f8f0c84fa0ffa9fb",881205262.914029
"68939c438c34e79a317a4f3b",1097371555.94417
"68963f5f3657cb64276e3beb",830635724.714146
"689aafdc12fd1610c2393a6c",1004169288.03643
"689b510fa99bda54284cfe7e",876036118.7961
"689ba3a92dd7c12f1965031c",747251529.261738
"68a00651ead62911f850cacd",606808825.640002
"68a3f9ac977f56cd39a6a1b9",1063074840.10312
"68a7d01e50462f7506f8c8d7",822992577.48103
"68a8b8d077a8232723bf37e9",711359383.147405
"68b547621c25c7418cfdf5dc",959563826.152493
"68bda8b092d5a53a35dfaf07",1413981644.40247
"68c145df0ef91fb4d14d001b",489557027.052021
"68c319925551b9484778bb65",751125928.424898
"68cd88b657b59f5671f59e04",445733951.93921
"68cda50b602acb4efeb275a7",735841824.345421
"68d35dadc6d0dea61bf4b513",593947699.647726
"68dd15c8e9b71171348ea24b",1343719591.12812
"68de232e27aa83405b4a19b9",1448369602.77987
"68ea36e3f441cb6da8d36198",1112997097.47581
"68f431548c330f84c46174f6",955950436.369482
"68f4e3d4355bb71db0f35a65",626203539.96444
"68fabddb27fc928b57efcfea",673187964.263449
"68fb3b3cc3e5b13440eb014b",1229435391.64882
"6906a20be4962df7725dda7c",1378553424.62629
"69190139558b2ef3eface18d",637560638.421651
"691b030abfe1190802349715",424584079.958856
"691c35e98d0d5780aa82aa06",595686885.70836
"6920e6d7fff656d66844949a",782947037.221097
"6921133528bd6fa3675ce8de",640341237.895441
"692cc1c9949d35ae11412fd6",509656920.630494
"6930d8e260fafaa5c317dc82",663726433.167604
"69442123283ab024a911506e",1051392188.62695
"6946fb4c877f35e9215ef4be",847594046.526527
"694b0a500f1619c4ac4c85fb",826638138.431571
"6974d82e41437d61c627b16e",934454223.922003
"697b6c6f7666391fc689cfb9",937216298.749517
"698383c101fb784f8e1b1ee6",441200074.710976
"69843aedb25a928097a22a89",628474726.95037
"698f3f1929a2dbbc69865b65",785946215.61239
"699095150a7f3f32c40454fe",809171888.202562
"699412bfdab1157487c81725",1262250167.48402
"6996e88c10a94d9ee7d05357",619059434.690138
"699ac8957d9b4eb7fcfbcc40",1209904978.34752
"699b68daa574a0f169436ccc",738569230.709431
"699bf5460c63a4d0e4542ade",1251726248.44172
"69a1f439de0f06e1143a0006",608794321.762921
"69acab4a6f82ae943850b9ae",749339272.636074
"69ae1f2868fe714ad8e2f114",353359284.825513
"69bcce6b58fc3702580d3234",939362466.633033
"69c28dce8eeaa86605143419",1051644104.12148
"69c7e97037c747b93c33251b",1099915045.351
"69cb0f3d422c2c78373c2e0c",1003980074.73462
"69d1e47b6bdc57512f1838a5",778131114.185369
"69d83d8492db7ade6c37c3de",682485148.519383
"69d9908e13bf7c8ac4c30531",538550302.217852
"69dd957e78fcdd4d8e874acb",714037851.94494
"69df7bc1d82d9723c70eca70",1095603148.53832
"69e663ffb4935aecb875854c",1102974109.54305
"69e6fbd4d3816c4cc37b265a",1080415826.58102
"69f59487924240bac2e75bd4",1080216553.30523
"69f7ab8608b5328f106b42e5",725370004.837901
"69f7b81b70ea61f304ccd36d",649102871.710417
"69fe76202cd89637a15de1d4",601965481.994951
"6a01b6d09d516d67f4a2fb43",618683182.837656
"6a04f8684e083eb6319b5272",738214817.001635
"6a1024c5da689de67bdfa274",1022677191.64543
"6a112af84d5a81f3d16dfc32",954048879.256578
"6a21be8a7a429eacb1de8c1d",1146968895.6354
"6a2ce95a8be0654f193592e5",532131047.167262
"6a2d4d9a257fdfb2ead837a1",613923252.764684
"6a2db40e5f210a31b2f7119e",759094682.725517
"6a39a747417143f0cd24f3bd",1068579669.36027
"6a3f9046cfdbf4eefca3ca69",525837886.347497
"6a42271a0b03bf9a856d1acf",649739831.615965
"6a4f08cd04d558a56af732d9",485978896.612149
"6a6178c4cae2e92a08b0dd0d",727528133.838288
"6a65986cecddc5c47fbddb9e",971819540.001663
"6a6d4f8251ff961609019ddf",464936992.07408
"6a6d990b9b1bea0f844d3065",966607926.866326
"6a8b9fd89b745a52703715ab",706387790.252439
"6a9ef848f22fecb9569098c2",865785748.456533
"6aaefcb58913bb3f49954b2d",973811474.049997
"6ab5a87a537d2ce326c867c1",626854496.896939
"6ab7f97fb9880e48fab16a1a",459945752.584252
"6ac5f5f52cfeed2f0ac9d018",776115357.782342
"6ac747618b6ca674e86cd275",470623104.848758
"6acf9cef08906fe569c38572",1022170841.22055
"6ad1fb94accb91bbc30449c4",632672012.7588
"6ad3e1a47d1055b55d14e091",892577696.752617
"6ae2221c504027acfb7368e8",609000132.144548
"6ae4843a827b36bf189a32ff",917662717.29249
"6aebff5b1fb3a438c2c7969f",630205383.444244
"6afa85ee6594d1c8296f04b2",683950155.380585
"6afff7782d129021eebee968",821128509.779571
"6b0828221f9cdf5cf39e7c15",473914342.241654
"6b1a1afa055c15908a855e9e",676862251.184818
"6b1c0866e6f12f7fa8de94b2",724261031.903221
"6b23aa3ca5edd20134811cea",466093687.104937
"6b23f191d2ccbebf9166926c",1018249404.72566
"6b2d7f88f15cbf7d998986da",1076153151.47861
"6b3411cb8c50c1498572e681",590582874.402328
"6b44648a905e7f4c0de6c855",443890809.353972
"6b49a668de0edbe7f8110740",1087165553.36606
"6b6c365359d20be719ce815a",1044200700.53947
"6b7219005737d8660d134ace",1343353379.03811
"6b74ef5c8ab1df614bfba866",1007688027.55875
"6b7aff233052b9bcb6b9448a",1374129962.81535
"6b8c1c7c855656b0e56f0bb6",684445881.381945
"6b8ce573bc2ee68ace26a67f",772755579.407825
"6b8f7074aed7ae7e6cfbb090",908531115.758952
"6b9b9d28723c7ad176a9306e",923661128.930414
"6b9bba3c6afa1f999a9429bd",430851861.770381
"6b9d38e0b9a3e28e3e695be1",1175157014.14517
"6ba298925ffad32daae55385",742540213.688865
"6bb2ac0cf2369cd8fd85bc12",778350054.101227
"6bb760d54e5b0f54d9612a8a",754144583.373008
"6bbb24fd1b9df3df4e939fc3",709154621.467564
"6bbb8f89bae38eff88c89c46",538790831.945032
"6bbf09c3bbc3e3a000cd2afb",922338697.978021
"6bbf67d88846e94a63014eee",1251828162.41554
"6bcc29a0afc735bcf3621595",846830227.478775
"6bd1a412c01387af8810ce57",1292239023.91335
"6bdb3153f267395eefbf588c",754587932.779783
"6bdd97526b1a9cf10853df1b",756584418.950161
"6be0ddd4180b5eb92908da05",466078909.413188
"6bf86a580c8b510b7447071a",761093796.405153
"6bff92260afd556a98d3e3a5",822061141.819535
"6c02bbf7f6b087a1f0c8a47a",617356113.287738
"6c07175274fba6a0dc467cbe",960419935.981949
"6c09a3ccddc797f77d63f1bc",1138174129.12867
"6c0ac32bc8a66844197c5fb4",831911738.197566
"6c17875f20f58b1fb211c18f",1171732367.99866
"6c21f6a3513869f93b32e9ec",1140426393.39644
"6c316d2bb84fff36bb01f14c",1439657312.45368
"6c3435048735371c36dd3892",1206537181.53266
"6c36e346957e336a33a7708d",935297273.623774
"6c3bb7e1696df587990161b1",489533976.239767
"6c3bc8c58ce67b8bb9f5894f",875429073.95217
"6c568d2287dcf12b2aacd388",822505665.090731
"6c589b7e6a3cfad34e98bd87",785291233.654708
"6c598362e322971968739673",353364026.254298
"6c5bbbfa3a1515e5cdec9ae1",846636588.909703
"6c618bfe55cac120a4f1e08b",529278714.756161
"6c679d5b6a1c1b74bf483478",764281308.943086
"6c67b1b0991a1d79251855c3",1215349257.00936
"6c6e7af42a6ddf62b04c35fe",666810173.185106
"6c75d7867807d942c975079f",960630200.778722
"6c778557da9b5d99f90b1238",794129994.87464
"6c8119e00b901efd2dd40f0b",880387676.826514
"6c81a0b90366db9f514362b4",1000995080.91366
"6c8c5e22025ca4f450a428c3",825254889.031043
"6c8e1cda487c9841c8d297d4",702667279.268553
"6c8e27967ec63e6dec4bd6ac",1198134185.23507
"6c94fd185169e708a08d3535",633694414.848622
"6ca31945172976c3a11732c6",1121187873.53064
"6caf180e36fe18078703db02",611161246.941154
"6cb19c3e491a60bb2c166669",742677194.019639
"6cc06c89c226a062fc46795a",474914415.175281
"6cc0e6bfd30ed93fca2bb217",536291374.931716
"6cc0fe8ddc318f1bbad360c5",1024016604.22526
"6cc4f32b39180bd1ec7e117b",712584027.069243
"6cc6b0672aaccb8909f3a751",660275297.935926
"6cc7718e834ba47a429d6874",637438998.394158
"6cc8e22f11d382206273af23",946781625.686378
"6cc9d912370da36c38ac2cbc",970762976.556052
"6cd0aca2bc40d83473a39885",919664025.038554
"6cd147720319f60ed2599361",877510515.298074
"6cd4e68300a8bafb9d22700d",769570821.823308
"6cd96d73fc58b1502bc6ead8",733360112.27382
"6cda1a7622d5577c0056ba40",1051699391.70811
"6ce8991a39ec7b9883f85000",1119327494.2629
"6cf924390dd3ed4454403887",556041139.573794
"6cfb8a07fc1100569413b33a",935171584.095354
"6d0680692396c07afc1a260c",797693335.111697
"6d0c5546a498fafba15f2e17",482690350.976567
"6d11001f164d81734a82ec1d",432178858.451683
"6d12669907d7d80d0b458a93",1034914669.65031
"6d13129db564ad15e69fd534",1076351675.1571
"6d1534800bf0ce97197efb6f",472241850.397711
"6d21e1de9c880bfbb17350cd",786968166.253769
"6d2328def08bae481705e20c",773256948.532397
"6d255e0026d70dd44229a2f7",1134186283.47166
"6d2ec752890a2f1c4094044d",1131727511.68766
"6d305d6f3e3c2a53515d5f6d",1025212122.63704
"6d32649478d9d86d840969f6",823724866.452261
"6d3e508ff42615eb78862723",613884579.313715
"6d4a961e099de1939adc6496",924668061.370111
"6d534e4baa1740d7839664eb",716849750.70852
"6d592a69209ef3356e656c44",651471494.271267
"6d5a91ae44cad7849dc4e969",752548751.170266
"6d6aaf30227f16b2be29e79c",1233707505.33909
"6d6ad5e3ebaba1c11dec0f16",560267566.605742
"6d76a22793aa9b571da64572",915362256.878155
"6d7ac64b8b9f27f61fb155ec",654388190.230999
"6d825b439d8622ab90245049",654079873.102633
"6d848e54ee68e6d8f23b3b1a",562897359.329751
"6d860c215908949c4ba1c536",463338409.155714
"6d8998442d831addafbc878f",906142972.729889
"6d8a0768adedcc1070d28390",991632192.979564
"6d8d2ba62c52445d78f687ed",1020959055.01651
"6d90801ea8cbc12f9e2131a3",760229333.700964
"6d9c4bf994147d8892d27f27",1138481713.68786
"6d9c89a406cf2e755d4172c5",452483603.069126
"6db318f828d464be421eb572",644538350.090296
"6dbb494acdc64c03742fa730",906867975.707186
"6dbc77ad8c5c1e39f72cd2f6",996734930.787646
"6dbfb281abaa9a6956c080d7",368760840.646133
"6dd97377cbc262b07ea2eb99",468813848.173112
"6ddb6863958ded0d72fcc6a9",388514144.226468
"6dde6686bfdff12620f198d3",683553656.964081
"6dde9af12b6597425160a47a",1629396737.92293
"6de06f867a28393a9e95c7d4",414894896.579601
"6de3c3d53d6aee18ccdee958",700342978.126594
"6de7bfc5e8149ebc40ec0e4b",534056742.934996
"6dfa362ff7a0d55693793db3",664995613.034095
"6e0140e1d667cecd155c6e23",527731706.853684
"6e07d31b81f3fc9b9de8e1a8",1518786291.30839
"6e0d6bcb01e99fc4959d3f7f",530374991.397314
"6e163c3a0e30e7bf1e909661",503130679.321857
"6e1a9c8457d3ac6a57598052",788743452.468324
"6e233ae6294318baaeebb59b",1021101368.317
"6e26918c69487a735a639c1c",1328629060.45566
"6e2a3e49dd6434ed01eb5e71",849998692.776576
"6e2c39fbeb5392e6aee9b644",1308473730.19447
"6e2f79cf68ac0ba2b1a6b0c4",1121988492.56862
"6e36550a6ff6fdb2711a88c1",1427486500.66578
"6e3cbbbd3f4d0578144cf021",974888929.850824
"6e3cbc252c449fd4b758b97b",502706373.064855
"6e426f60d25aa8a4c6f8c9e9",449110285.69889
"6e4adafdd872a2837921276f",451247330.146457
"6e4ce81e713a571601d861a2",926388283.397722
"6e508fb72f189a4fa91bde58",940632658.496335
"6e51ca1a9c2bba9fa0cbe5db",1095586780.55379
"6e537e91af0de67558bc1ee2",675601076.64814
"6e5383a7f9a68147c2788565",861158624.458631
"6e57de8c4ec2e42832cd4b09",1052460324.58488
"6e5ca223128fa2de422b4009",639195689.329544
"6e606a7c8bc632ba0ba37184",515872295.584711
"6e64677f8d730e1f9ca240d2",1162112877.83146
"6e6f7fa167c0f617f50c86cb",856002032.762189
"6e710984bbf2662a9cc7bc4c",448445802.54026
"6e73e42a0d2ef8d6e403112b",471383786.138141
"6e794276348acc39751eaf47",929579018.785888
"6e7f3a0cb6246f13656fc95c",1299893970.31496
"6e807e25b64bf0de81f51c12",1140572555.7799
"6e895a15d402ea7fcee98156",985857789.701258
"6e8e08e09da8dc598b8a8b2b",706851663.736923
"6e9009ad01cf466e8f8136e5",1175157014.14517
"6e9984a3c3daf63fce5cd3d6",935099386.460377
"6e9c7f27d6b89c5f9696fae6",512968812.017312
"6ea022e53741adac484c1798",675138812.111668
"6ea0d50e822913d0f444d89e",656245980.701092
"6ea18874ea84b5b4840f9b85",480789659.303548
"6ea5fbf037ba7e5c74d7ca39",895051691.656783
"6eabd14e55ff090e8a93c727",737297149.993092
"6eb27e2a66d08a8a60567272",1003340824.22342
"6ebe90f7140b738b3696f086",696875907.23797
"6ec4c88b8d3a16148e2e7348",910669264.922313
"6ed2970ed02a3e50ac984aa1",905886046.73635
"6ed5fa8f114431d158d35f43",446274916.779745
"6ed772640e5a311cbfd17c31",812159382.426093
"6edd2530070918074c8e7d07",664858363.903497
"6ee1e976768b68cbc8008950",939612328.615002
"6eec5b03718975e5137d5e92",647751477.454415
"6eee8548b87c9349ce90ac2b",635235612.817294
"6ef43ab43841696400d91859",828695229.173474
"6ef9135481d8fc882a1a735f",821586635.648908
"6ef9ce7a53ba3bd892e21f1b",807171841.513427
"6eff15cd6372aeaab2e665d8",470160298.656067
"6f01f2c67343ebb8ec717a5b",565792606.984931
"6f060a8ee8d6d15f46289759",818340784.103317
"6f0fcd78c473e4e04fd411c8",802550182.468537
"6f17875bd3ecf00566dd5c1b",888457639.597806
"6f192e6a537c1509521e1e8a",719352469.381118
"6f293451319bae38c71b8266",669999845.453766
"6f3041147f930cd6cd4fae05",736444044.512486
"6f3070318ab65b867b2702f0",554509221.491135
"6f35fcba4ffd6a58bce85892",815245673.914553
"6f37300b1fefaaf746f53907",1097488762.25397
"6f3dd53b0935c9593a301bdc",546420001.629318
"6f412fbb33519fdd31e741c4",660394637.6374
"6f435cb10e5728ef45be9f29",1471669478.87758
"6f502f363fb55811478e3b88",446117643.817444
"6f52ea8340cdd283f9a79720",766206832.26404
"6f543782174a964402b64de4",659340506.734674
"6f5929e67fb8da068b91096c",1166106880.79106
"6f63e4f866bda86d5c993c8d",510907186.083218
"6f65de020f663622146b89aa",512724465.108395
"6f68b289516faa0b7ef36a34",562865689.599698
"6f6c83ff891e43b7c84728e0",957380708.770195
"6f7bc7fd41ed908494d8e098",1040261213.12556
"6f7e390aa6135019dc5a828f",817648387.073889
"6f83f14861e13af92a2b8cf9",484590353.184373
"6f84d405f419590075610c5e",805684796.006849
"6f8a0e8f1bce0243ea50213c",644701615.536362
"6f8a22e4dd21f44bc6d383af",1684697740.23045
"6f953b9964d60f6a74c81226",756795555.57247
"6f968f62a6fa4dc255397bf7",1296303467.37404
"6fa35f1af6d51d341a3165ae",891340785.484544
"6fa5e5160d7c2bed824bc0d0",660484538.416141
"6faf9b6c30b176e36f2f1d32",651839037.141238
"6fb3e33e16eb81331d389ad7",539614517.772293
"6fb4126e3ff41b8052fd0657",649402763.12102
"6fb45859693c703fd9c812c8",548860820.377251
"6fb9e9ac6d44d3a286f317ae",645046784.69515
"6fc2a4f29e3b896bce631ee0",810826823.155108
"6fca3b70ba2c68d9e0d2540f",543474157.05865
"6fcea2c6b9e39576e10581ea",782139802.130264
"6fd936b82bcfd3cd2451bdfa",719740494.899656
"6fecee4b1e5f50c0b27dbba4",1405349034.75995
"6ff3186df9d15b65dae5bd17",468068273.254238
"6ff3eaf8b5a2f16efddde1cc",844251145.062526
"6ff848f65f2507e58cfaa231",479850001.581505
"6fffb7958a58a73b0e16f2b2",1087363787.84441
"7002d00c9acf8b8a4a5865b6",1321654376.67702
"700a052900adbfa149dd5b6c",1242249955.33859
"701768887155444b77c4f446",558602960.789632
"70209b9024acb3e5baa769ff",1027470815.56747
"70215712bdd8ae7585520550",556143715.431395
"70217bd08583854329722821",845694087.815834
"7023f5a68e1ce9cfd23fd021",454290588.5525
"702525f05b47353c95b0905e",495610515.44532
"7026113e0cd7b2d17f8a3459",552307373.479303
"70298b5e8fbd66aee975ff14",572599004.625347
"702aaf395bc78986a008d70a",937670096.041724
"70314b0bd995a4b03c771ae7",602134297.432111
"70463649ffbda5fdf3c10ec8",675291029.111158
"704e5657734af93d19a0e5fa",865975264.726461
"7055f85f7749c4646577a51a",542795422.123613
"7057326ac489bcc17d580883",847560969.374435
"7063abb555d919d5300af3aa",805387292.448097
"706bddaf0b87e4f076247450",628266974.624305
"7095d576a0b963eb340d8fdf",559826753.797325
"70962daad7cd15ee8af564fa",1023629140.74724
"709d17b62bc95253601f243c",878394868.499677
"70b15c2a38c404e62ad05171",680724430.836667
"70b821bc1c7dd846a8be343c",407953366.937889
"70baafa9789d2fcf1bc212bb",729424554.431601
"70bec150e1d8ac537cfd90e2",1242646294.35838
"70c0a72b31dbc1b97c102c13",1171630464.44279
"70c19d59c6b9e194b6bc09fe",819820182.274593
"70c3b086af66b0c9db4b0b96",747516155.827128
"70c77552b1bb67a2a71c2ee1",1360224790.79684
"70cb6337c8c3f5225fa80026",987709537.931888
"70e427235490d7d9c9239676",939557674.254234
"70ea0403b722a1dae1ff9b18",777078415.363432
"70ea911907d320da1f7f9c41",730194327.773696
"70ebbf6a402f0f707b893979",600056254.391035
"70f51b4abf26651111305b1b",946209261.034127
"710542343cece039a279dbee",631802000.815608
"710b0541a025b1b6a5a80c41",668969774.191664
"711045fc099712aae3fe4d14",724577560.88003
"7110d6374f3fc282e4f4bdb0",724760977.273632
"711736da4f0e8282fc8c9e69",1318253567.78066
"711b570ff195fb77229deb35",1339874339.91711
"71235a69058912dec1d355a0",1094297859.87477
"71273ae563da6bbc66aa87af",563393882.046189
"712f16cf2506710d7f2a2e8d",820524815.370751
"7134b03f54b10f282ac34fcd",809107654.53343
"7136cad475a0480044707984",980011435.514125
"7148b0d9e2e1e92d41633230",919724893.088216
"71493c81121558b8ba18c1c8",706157145.282138
"714f90489426e80933ef31b3",728515746.985459
"7157dafd306fa99e4c2ad233",661203087.803076
"7158e3a6d456211d4533e246",585567138.961006
"71590ac868415f3a185dc15c",775563271.96961
"7169b5a3b9a796162de685cf",991651445.566284
"71710d25975271eb32c0c8f4",492728525.310694
"719055eed27f361071cb9eca",904927337.373537
"719190aff81379902beb6497",989257914.819703
"7192b9d32e4ad55f6af9e241",755940095.946553
"719679261d84d6b93035143d",848970389.283903
"71978c139faf2a251db6ff5e",418529584.516089
"7198cf5aae5d0d5ba2e43b96",948502867.705529
"71a20a4daea6d31de942b2ce",1069637697.64834
"71a3f0980cdfea0ebb869935",510059706.596166
"71a42155184509caba01a1dc",400670026.342175
"71a8b68f38fccf71a229df76",939837034.833434
"71a929d79a6cccbce6ac5d79",1098893868.22106
"71aacbd62d72d3eb29a744dc",595456636.256406
"71ab3644da08b8cb0a0b34b3",1025500143.39336
"71b1fe15c5bffb750c99f648",773589608.530919
"71b99de83d83dd970b00f07f",1160655680.38509
"71ba2f992908a5f91f832406",734790360.399899
"71be583d473084bc0608d066",727177653.290331
"71d422db0c0c638e448142bc",1298220562.73952
"71dca93007d6ba45fa40eaad",866139649.089889
"71eebcb108c4828b8bd5b84a",875654893.204563
"71f80198e68fbba902650b1a",708485662.90558
"71fdd2b1214b9371ef149c1c",1130084954.60614
"71fe067a5ae994180f530686",760229333.700964
"7200e3ba2013876cdbbde972",666609782.813289
"7202b83b651382e2630359c3",545354357.198611
"7216c895aa047c4f405c4941",627667389.347551
"722699e593085cdd72102baf",450736535.624195
"722f262a44b2bb6fc05ec35a",473439082.950214
"723078b6cbdf02c88286c596",846046732.005571
"723655990d58df33d55009b5",1147722448.04504
"7240bbe28e950ed75637b504",773711673.014568
"72488318dfb2181843f17c03",971532738.683135
"724a5f9542f86cc43334d3e6",416194892.152201
"724c854b1a991f060701d005",495619785.848255
"72536bfda19f78d370d95f26",966666946.189727
"7254c91fc9b51e76c6fd2a99",1044894373.37576
"72569ddc5828fc702b2fc773",1019131708.1057
"725c029b7c5807a4b0ba2bc9",1218187942.51527
"72699647b590d11ed9b2f2e8",465887408.690242
"7272c3521b7083038ff0a690",699411803.40722
"7279c610bda9354e1c840b0e",941852868.546603
"728961e03bfa6e3242f06d8a",686532018.730862
"728ce22c8db9bd0abe3f20a8",1025918699.96322
"7290697f96d8e2101089984a",865746093.369846
"72927abf4bcd53d6907aeeda",800811699.23872
"729f5fab1578f8cae4fca8f9",821006204.323989
"72a47f70aa99d42320e54787",439070399.385729
"72a66bc6d15390eb05a5c688",1142544625.33494
"72bc42a5c73e7b1f9d54c835",785406283.346597
"72d0f19409c85dbe32cf6ec4",818552895.143759
"72ddab9ba5f24941e4dbed6b",999543031.178853
"72dec1e6e65f6117e10a2473",511927579.831311
"72e4fa00e8aab44cf210251f",762671420.304081
"72eb1af691a950fbb7e8d635",662837264.60722
"72eb64cd02ad2a54b65083eb",1192944657.90778
"72f0540aab38ebaaf9a389f6",754283704.423393
"72fe83366bf13a53937b7034",831404632.050611
"730804efcdd755786bf734ff",601363088.79978
"730b528617c2841eea5addaf",786589708.663526
"730c7382d76a07904f559b28",625499810.155316
"732615f6d1526ec9bd519eda",604767873.862845
"732a3bd457d7798e1fd892f6",777407052.279554
"7333f19416625d6f4244fe02",701901464.852799
"733c7cdfd50db77066a67140",426543707.955447
"7340afa659775cc18d83aa4a",896023309.86386
"73494d52196ef9838b1be34a",1190611656.63283
"734c9446d0674b8d6545bfef",981425906.924471
"734efe04fa6b326ae1d072e8",567251999.604601
"734fbae84cebd50aaf71c48d",906703889.302834
"73578b4214e2eca83b1e70ac",874029725.464796
"735c3aff4c151dbc32f9a76b",963782414.042152
"735deef3382aa15930482f3e",986722101.521222
"736d25efc9e570379d32c089",865318848.49622
"736eef4bb36681acbcc3c41b",497809195.897084
"73786d11f1fa714aaa9f1f90",727638146.831236
"737c83218f0e486ef4feba40",424299286.052464
"73806685dec82cf637f19384",500538528.794551
"738111512f5e5052927468d9",976184776.151492
"7387e7e385063c180f05a7cb",660833749.679315
"738e86beb569a7bf51fbe199",524555366.591264
"739c2b9be0941e4c126d2f3a",1149347335.72083
"739de8928aab4ec77a1ecb0b",772613051.381212
"73a23c9d154fec88d396d2a8",969631552.574995
"73a8efbc036911954c07b91c",948327924.624465
"73b60c9053ff8193c2dd2823",1231084088.18459
"73bcd7efb7a25587bb1c31ff",498339555.043688
"73bde441e18a9548c034372d",605865010.3283
"73bf75d5762e3dd30fca7b3a",878572954.319022
"73c618d704a2e1ac2bc41954",769155252.44717
"73d09646de4e0ab46feaceba",489872724.690492
"73d6bb3d6ae08921a6117f5d",713095161.702811
"73eaff92528288fdbcd61e2a",1365881936.15153
"73ec13a5687c542137eb9a41",587004180.72005
"73ec6f4da3c277958cd2c228",1044383374.83446
"73f4074e5e09e52e0e03598f",965356082.221339
"73fbb3e6b22b957ba6b7557c",892378507.841849
"73fd5bc0aee47d89a160f5d1",1078207747.59119
"73ff3a6b0cf4f7ffb244507b",1021707359.01258
"73ff6ce99ba5dd8cfab0faed",559930028.007256
"74286242739391c4eaecefbe",475658157.052727
"742acc26686d04596ba60a34",713917339.558795
"742da63af109164c21dd57af",735159001.731918
"742fd57dd463c1b5cb79f63e",501946182.789653
"7436750d73f2e56b4f29e98f",1043778811.65354
"74448f56811e9562536eff6d",927508368.749104
"7447156f2967391975d335f0",684091958.306897
"7450139ad1b39b2a380472fa",987465962.750808
"7458171e4db497a4cc1365fb",944221279.496168
"745e7f6a83b55196f231466f",860990781.690319
"74746d24b9bd86e23338bcd9",785801254.687979
"7478693f3e7e8963e95be8bb",444091842.97458
"7486ef139d41d91423317e0e",542242333.748534
"748c981380925e1247b9e64e",1189455944.0447
"74a51274abc8358d628ecfe4",1138012327.53959
"74a791baebeffcb7e7b917d0",639304878.832451
"74af10afa02e7724eeeef108",541404876.476557
"74b64bd536ebbcd7c30ef8fd",908789980.052653
"74c24c5e142e5267456b24a7",665806735.589627
"74c4f233c7f385be73168e0f",696628476.400023
"74cca5cd08c4bbf5d0404d74",846041650.922343
"74cd885ec200a0c21fa9e03c",743048343.506763
"74cea4c9dc0e00dbbcff8b1d",1383519771.81731
"74d0b6e87c2045f95fd493c4",1005112956.8029
"74d8df07206df08e8f3dc232",1138384094.1458
"74dbd25d407e51337f883659",1034121955.91134
"74df03749e60c216a3e1292f",408840435.297744
"74e15493f395fdd312d50cc8",354153701.969863
"74e178e2398895d2288e6fcb",792267710.060863
"74e43ea3081841278c76cda6",739908543.346398
"74f099ca0d949c8042569d51",526088157.103224
"74f8ffe35e8d3bc9be725d7a",681354238.872064
"74fdeb4c56b29662f13aa8ca",868023954.935443
"75060f295e0aba8e1224f766",518655316.604842
"75075631f0fd84fb0ff49417",715101166.395414
"7515b37b7ae7c62f3dafbe7d",695929465.237119
"751795587d1396e0daa25783",849174946.620655
"751ba0c00d4fae1078c02fb9",511169238.920746
"7523e95fc2afaf31bcf30979",909608419.83122
"7538c609fdd115c9dac551f4",584564055.713792
"75392e8381e1c891377fcb29",1069098259.34425
"753b47e2a3b9fcdf9d7fd9fa",662246851.528205
"753e74e4dbefeccf3e6b27fb",626730775.602894
"7543d0e85e6328ebc8283d75",454070913.338343
"7549cbd5c8003204c85ce1a5",562421247.24743
"7557a9bc12cf0f2901c00264",1022842780.7066
"755a3e09dba04bb6ba6c9851",772403198.453341
"755a4fb96ff2b2276836f49b",802617294.115128
"7569fb4aaa9a52d6a525e3b0",574228242.44097
"7573c18a79e5e3ee0610d7cc",843578104.874948
"75801c34fb510d824a7d8366",446255043.946922
"7586a79a0151387a1c0cd85a",719257949.173306
"758b4df32244a51b2271a891",517621017.854525
"758d9f47824eb74d1b486024",916346263.696333
"758efd6f99db309c67cefb12",501515283.070316
"759e76e38d84a4188dff5446",835020427.551146
"75a287d87aaf6ffe7b6db546",463531039.401825
"75a4421cced1111492d00298",824178043.565881
"75ae43992df8ef41eaf9d98a",589068581.892549
"75b5bb7b5ff8ebcc863fbdcc",1076550235.45832
"75c1083db5c940e626c02f53",473950033.220105
"75c16273d3a593752446c27b",757494462.75632
"75ce506dcb994b10497e6816",525738539.986471
"75d3c9e0da9a24f4849f2078",454471704.183941
"75e0815e2ba7269a10d9786f",400751243.197084
"75e0fa8e5c83c49d3a0dea48",1073957927.15885
"75ecbc0c0e8e76bb8d734f60",945973353.086129
"75f167e2273fbecb2c81ac0e",618532895.169735
"75f5290d61164d42b39d9d51",690456654.560166
"75f5aff9fa70208ddd843779",842285825.170109
"75f6d6beb64d846d965fa9ef",911261722.501503
"75fa60dfb737ad50073848f2",889946144.465521
"75fd5603c4de9678627f81d9",965361123.836959
"75fd66abeaf040fa76eae2e7",622002977.517203
"75fdbee42ec89d428143066c",441309518.338092
"760125efabf13246774a9f16",590107021.45099
"7602cb1e6fef087d8ee81aac",935749573.815885
"760a5dbccf4eb4ccc2622b77",1006845893.17608
"760f24a443eb01721c6ffea3",789430503.875781
"760fd4c893a56a4586030772",724844918.868143
"76167f6ca3d2c404104b77fd",817263447.526905
"7618cb8d215425c931f47886",413023237.454903
"761ba98d35074faee3594dbc",680347617.744533
"7621f476bc8040270958de6e",694308594.146146
"762374e94f17a8783a66d598",559930028.007256
"76258b7b7e8778cd60d3435a",834384655.59887
"762979729fb21e56a32ed14e",1253561489.61948
"762e044ce9371d7b8c7acb6f",777331850.431507
"763206de4c26e3825b69f4c6",826841178.28413
"7634d584c3042533942e2dc0",1018851598.76741
"7634d7acd4197594271c84d5",604290191.11098
"7635a792e5002ab99ceef583",868582611.475781
"7636a187e29abcbd8fad6244",420095466.00274
"7637c251618135e082a9e2b8",798451826.764933
"763c9a528d0f99f34e5b0031",422845680.877578
"7641dcf512a05ca754930bed",613658148.884548
"764da64c41700da5ee80b8c7",705790542.015747
"764f506bb2aa1ac4de918a71",597699135.897733
"7651626df0e2e3119b801466",786408368.769031
"76556774906f9e12b319c232",469970933.14207
"76558d67def95bc708039f05",1079818117.00954
"7667cd57d0bec809417c9b11",716238381.120639
"76698030899efea431dbb81f",582056737.253394
"766a8ff17723a5c34324576b",839445388.799706
"766c7906cf0493736436fdea",1387979608.59761
"766d34ea891f3af53f1391ba",906778221.616275
"767024c66d3a88bb18407b6d",1193351367.4796
"76745c2648b66151008f6399",677264018.288064
"767ae7de1818d645a33749e2",853025507.797951
"767cb14f03c909c595c2a731",721119263.24374
"767ff947b16b2271f516c28d",604341353.300743
"76846ed8b7ab36821b848f2f",994408651.037222
"768f69f0241fe339b6f52fa2",1045243067.66047
"76974826c758eec5c255c5da",567560254.010301
"7698775967b96e3e7bf66e6c",831754040.202539
"76991a35e9c1b69e1616659d",613412917.469953
"76a307d6b36b8a51115e91b2",979183735.618419
"76a5158e1a5c1f9fae8ee882",705033283.575474
"76ae7be5da1785c37736fdb8",1366067701.26877
"76b41682fa6953a3b20d3f27",901942527.263336
"76b719681617ff7f28d33df3",919438042.771246
"76b8190137ba3daa55db33a6",666776977.168495
"76b9af8036e38d5d30ac4c7a",1287072368.20201
"76bd7a0b87bfb6d2723766ec",560715070.176565
"76c4045b5dad9a8226e9244a",614577238.314463
"76c510c0ad11fa67f0e9a4de",691191853.849859
"76df3d616d8bc1de789bd83b",438667207.835726
"76e4ebad138d50c690f0aec1",335521246.651955
"76f50ce5f30cb96d48a69357",519945735.835419
"7700df9486a1684157527739",723476289.781082
"7703f868650a8252e954e457",710965843.640111
"77069fb9fac6b61aa6a89ae3",650210305.376615
"7712f963ee37e91abb7342e7",647300654.927952
"7734421098413f27fae86fef",605044111.716399
"77348acef84ef77f6a076268",655175222.330537
"77359d0d34ba4c9d825e46ed",650337820.292638
"7736ac030d8b587f44f7898b",954997602.31601
"7738f18d533d0f0379e3a06d",911843607.158488
"7742e8923a4b832e3d94f3c7",792413863.8866
"7745863791b5cc6d49f84c8b",443634419.267808
"7749b2b534213ec7b536372b",574491779.819544
"7749f3bcfa8339444b0a8b7e",831107961.717937
"774a4b48d34052a978b1180f",918919226.025893
"775a6affce535c5a19ea5f30",798166949.362379
"775f25d8144580541bf2746b",801337881.724225
"77668d4325802de9d63609a9",831684660.647326
"776d4a19fb3852fe6dcd3ddb",451116266.018085
"776d7d1326576f07762ab3c7",1056424763.9691
"776e1192349cb7cf1579056a",1014838694.28439
"777a8d05edda0a335d89e90d",834370355.397975
"77866048ba7b69532d0a18cc",918245930.520133
"778ec765417db9ee48d697de",830155029.99049
"77924a3c7880310a4822e5a7",551899997.751546
"77a06084509952c6cfe8f501",431396214.79761
"77a62d5e2c89da24f66a2118",813253273.284755
"77a887ca508d924ad5203194",1085394706.95268
"77b5c9a5f534a5b80cc16d09",834136995.342313
"77bab76414ecb20888cef7a1",1078590571.15038
"77bd7837b02bd8f2c290c9f8",479996983.779596
"77c886207faa6965238b152c",403852335.08981
"77c9e5e3a6d965ede708cda6",854282770.634584
"77cd6b199ee485314bc74626",533142781.327939
"77d6855eb6a30d268e49eb1a",878373897.033319
"77deea164a3a622df41249f5",689923262.725229
"77e5e0b64140fa00b0227a3b",507879149.365369
"77fa49bcb52539888d481ab1",810093889.33735
"77fbf1f0c35c1025ea4803e3",692730401.843233
"7800f742ee14c4b4142f8b58",806229817.243944
"780ae52ac9eae675f6fdb312",524515997.246248
"780c809c52509bb4855a4efc",612590518.96361
"7815163b8e4a54843d121dc1",758207626.387725
"781989d4b732f961f91bc3e4",647768581.723206
"78257e76c16db549022fbf2c",948502867.705529
"782a6028457ec55d4fd5189e",739331084.581241
"782b0fb8641849c2c34291e6",489066662.434572
"783161faf2e3501c38c0aaaa",497206464.070167
"783ecf989538582ad008fd95",1261486251.40538
"78410b0193dc989de2d24da3",1058620890.41537
"78419be95416d2991ade8be1",837656428.317341
"7844b0b2bc65dced90a355c6",795362482.236408
"7845cf57552577b059dd13ae",658715713.631341
"784714647351cb6745c867b1",631802000.815608
"784822ba0060eac9358cce22",433183107.968681
"784b1db005d39c2f57666efb",877876881.192272
"784f67fcb2d009d352740ed1",576426957.330918
"784fa9e78f7cfeca4133e8ed",882827232.067163
"785dea91d94ab384bbd6ce3e",1040355732.46149
"78682041182f01ee4db04e8e",1366319707.02163
"788c49c17df556bce0abf6ce",567902009.137755
"789e5d19fa507823cc4c5296",1044492971.3284
"78a080fc98669c0cd9153904",1235486359.12479
"78a08f21f7d7c51ff4d5b8ac",814284083.843878
"78a39ae05ac53535ba0fad2c",781056736.688649
"78a7eac41dd672cd1863e3b4",877410979.201166
"78ab6cb1f62a7e781d4c4d0a",564128540.411248
"78b0f0bd0494fba0293eb0c3",709233631.715313
"78b57a58368ab056c11bb0dc",819594515.404613
"78bb43910ad6ed105610d9dd",833098387.075176
"78beee9b7fab8600d420fd27",684179728.995466
"78c17e6ceb87f7587364c873",614365083.453359
"78d10967c36cbf346bd58f63",501547346.25983
"78d727d0e61a7c8b1cf6fb1a",557985021.113463
"78e85ca7c532a77700bfae6d",857160822.833145
"78eb6f51d94a61a967da24f4",909294478.759466
"78f670c0d7a26c0323281ffa",871702926.674172
"78fbb49efe7dc0d8e144ad83",1240380100.68081
"78fd849c9429091347d7e5c9",786299087.666735
"79005399fa92d05558fd6f6f",897623398.048154
"7902ada9116a1cf7458933cc",1174415617.41563
"7910ac9782a1a315f68799c4",834991709.600286
"792ac070d1a314f585f09987",503286826.648742
"7930bb0822caea5f6451bfa6",1044495014.61934
"7930f32456e796e40fbf78ed",1138744566.54961
"79382c56606e701e44d55033",1233935093.90472
"793efc460dd25b67c644e92f",747712576.303473
"7947f71467036449efb99972",1625451601.66597
"795cd68f9a5ef45902712524",661333492.365757
"79631cac54b1e71c1022da12",1675542098.79616
"796935018bf2b241646a2dae",747916346.998181
"796eb5ae3ca5b63c9fbb240a",778746684.403959
"79733fdf8881b0d25412abcd",1210538957.65219
"797da4e993a993ef80277108",753202679.229632
"7988f76ba063d25a4f467730",846480434.17528
"798bf22408ef6814759da1f5",872614827.946364
"798d87a368f073efafead25b",581664647.571672
"799301c01a3e7fc2af5a14a9",813086277.017706
"799862427c1f335eadedf4e8",408847133.460534
"799afa0396b9f268f239db51",462065696.45791
"799bc0f95ef9a23fc16bb1d4",1098924197.80999
"799be2171dae4763df530e4d",896009517.708012
"799cb909791d43a1eb305eaf",858657220.812185
"79a0bffec81b17d606a606f5",1069863833.02686
"79a675215fed2e293b27f43d",800976542.88552
"79ac12d8436c07b620190b9c",701868384.171668
"79acb227b5ea365414982957",768814952.653794
"79b5a037bea858706838a62d",824731769.376075
"79b943894c4dd68bfd8cde7f",818880753.044204
"79b955adf84fb2c52381921a",784644308.174539
"79beab95c6857412ebbbdedd",931957335.677736
"79c5085c14068e492e402a26",919322503.918773
"79d230806fbfe96368b83dbf",1704299424.66886
"79e307acac5f42f2696b0436",1018026572.58353
"79e643789a85dc4ffad49a25",732976160.987484
"79e822115c5c1a4531366001",397241180.790127
"79ea72e7b03cfd4fdb5219b3",572299023.929013
"79f1a5bc0be914956d632658",953129340.371768
"79f989fd66108a2c38a9764e",777365145.360267
"79fe5105ed7a7861d3c0187c",426716423.895193
"7a0f351e8562fb7aafe6e714",924520376.77735
"7a0f887a9426270ff3c24e36",762779355.235898
"7a10ffd970cc822108ce7cf0",776424754.180842
"7a134e45b9ebe710c6c6efe6",939103128.221078
"7a13669d2d7ed2e50b80b4d8",460337064.547476
"7a1bca1ed03e7cd0e277fb95",599477934.04038
"7a1cb1f751cd36bdb6412ba2",792978871.710885
"7a21a8d99a85171334695004",852199099.735048
"7a26e5936765b409b7b73cf2",1141293314.54358
"7a34bcd9f86f5036b526c3f4",922508846.68863
"7a3ec914a15b47726567af96",480082485.78199
"7a464b948b65544159cd0db0",913690339.319777
"7a48bc2c3f4aad08dc7fd5a8",516624978.173317
"7a564ce9a4ed3d2b8fbb1103",594830156.181505
"7a608479334951a3afdc655a",1322295780.73363
"7a80663cae7c191b5d025fa0",817954454.475244
"7a82ce4b2dcd2b43485f5047",767279801.556608
"7a832790d068e1e85182b5a5",526467710.954055
"7a861f1e3af4dbbf55b2c301",575686890.943735
"7a91cfb02df63e4396b15aeb",730804221.753366
"7a9264f3a12de839a42c1783",693910923.514367
"7a94d3d31471ae313659aeae",919446984.812951
"7a9c505db21b777203d34bf6",713876993.587315
"7aa8d04246d3e84e5ac470bc",1056154375.5285
"7ab96f83915bc84f8c03c1bd",442728393.390205
"7abc8a11d3d6c905de3f567e",556624376.857257
"7abf9cd6b26e2e2bb6d91e5c",1024156753.24599
"7ac0428c4b7197ca14f3b86a",483543700.75887
"7ac1b85bd87929705b7a86ca",1186619753.05919
"7ac96f16bdc50ee7619f3548",910414092.492468
"7acb92246dbaaec1cc7b423f",648657465.83501
"7acdaa0cee1ee62e15f4490b",870750332.86956
"7ad046b20064565644ebfaca",640277970.998599
"7af0a604d1901925aa179436",966881917.972518
"7b0258f1aaee97661c34de64",595099070.39022
"7b037e6e5d110999e51b79c9",1170784470.95791
"7b08cade91e2be20656ee856",675366220.166205
"7b0a2bd964c04d01387d78de",1300137717.28534
"7b1377c8d81755bb9b501064",485476659.459333
"7b30dbf2f6d835ea0c14b392",625211457.031067
"7b31b5e53015f8116fedb0c6",1277968101.22068
"7b32938ebf0b1b167a3d2d20",831019324.440276
"7b346d5a5f5ec7165d1f8644",694733264.443167
"7b35a3e9f3e67fa1974f5c25",958123647.30811
"7b3621124731bcd2e543562c",685456331.037243
"7b473504c85e9cb576f951e2",559583145.670171
"7b4ca3a8d09968e48c185260",745196198.405069
"7b4fcc72822460a428c19282",681942985.365833
"7b50b071f4d795c9b5ad7531",918858911.24601
"7b5582907bf47bb9e873a513",609281795.226327
"7b5db1e4f4f47b4bf7c827ee",722872596.353053
"7b6322fd5810990820167a23",497271240.747482
"7b63445c5e1ce95bd12c31ee",857157796.229701
"7b71229680a50bc26677a427",656276481.772018
"7b7c0544ece4aa383fd5b4ce",750917503.453445
"7b81996f3abd287b50adf8da",649149841.93392
"7b8a4d701066372dfbdffbec",745859392.621153
"7b8a6949d55b5bb27c3c6839",553503480.170786
"7b95396ef4d0e97de8fb4986",908857646.450878
"7b9e6b7eb3a5db0443193fbd",608868725.999151
"7ba0c14dce0cb09ef5735d9f",706160223.944905
"7ba618fdb1fe8694eaecb64f",539926953.840809
"7baa3608aad1fbf357d789a6",673900276.626659
"7baf3723bac87b0b393ba52c",901656773.045668
"7bb1bc81e6eb3b4390440165",935259576.658617
"7bba885503ea7716ffea503c",574567058.990971
"7bbf8e16cc32dec423afa6b3",609547248.260434
"7bc034984b19479f29886cc9",767498407.419435
"7bc0c9e2760e4b1488522768",1178922675.41288
"7bc57b136bcec053cbd073f3",741103616.120854
"7bc9022fa1eadbd9ab39acd9",709638414.384266
"7bcd1fe7a140b6eeb4df2aae",875760598.284623
"7bcfd82ced5d6f1ae390d388",492593398.380438
"7bd9cefba3f5dab498ef926c",1322512169.46414
"7bdb94165857bcd37206cf18",618789218.641196
"7bdd64032a4f011bd4fe7df6",963643962.460642
"7be186f4eeff5c0efd58e424",945355720.62135
"7be46b6dd9891ab771fc4be4",490003747.936938
"7be8abb5d23794ac47ceda32",616034805.905248
"7bef2da7f3c160e94fe91ead",617741581.305239
"7bf4beee26ba81ad0b884f9f",558911837.711817
"7bf592c5c34bfe6a5df3dd40",700007074.913874
"7bfbcfd0fb8f5b6d553c2d0d",740296831.710206
"7c06a2f06cb4226f9043578c",756888555.554491
"7c07ba1982289ca3abcbece3",854343441.410681
"7c1dc421f5a689aea5babe4c",750846452.231633
"7c29fc3861c9f074e3a89449",862209380.016252
"7c316b981173919b6cae5516",763600793.89701
"7c3ea8523ece273991a190da",793409205.748986
"7c3f7b513bb20c918a51dec6",584553237.584883
"7c463a59e7d2f2b4bbd07e12",782824943.189158
"7c50c93bc9e8846345892c12",1032652266.12081
"7c581e2b9daf20131803eed3",881613783.779162
"7c5c0f2d9a0e355069fe1c64",969806520.265724
"7c5ce0e65cb26773edc9ddef",1252059093.79491
"7c6319c04025c4ed6aa3f051",726775935.512234
"7c6880b05c212c66b8961b71",822231417.005079
"7c69d43fe2488db51e6c8da3",629581275.387081
"7c7a3f51a58dfd1588d7c088",463569227.115458
"7c972ecb7b90537b1da0deba",657843063.418561
"7c979648ab3729b2c0cd2106",730572984.836613
"7caa4bad394586a46dfad854",799410264.589927
"7cad62cfb4fc3ad9acb09f1f",659473555.087603
"7cb64b94877a9361f20027cd",466728754.924671
"7cbc8fca4f84908ed4e7192a",955597835.449271
"7cc8772ebde8902f55e14b44",620481248.049438
"7cc9cdd32c209a62908a18ad",602091153.92169
"7ccaf332cf87e07b38b340d9",962398266.957879
"7cd0c7174b957df1f004fc88",1032271373.84289
"7cd39eb8de56700519d8f287",786819314.218579
"7cdcecc706fc7c79cce45b20",889120636.066618
"7ce704ef5752dd496a61d857",1016819656.24348
"7cf15f80838e8edf4f9cdead",1028562018.77018
"7cf183ed411cf82df26640e9",731425064.352305
"7cf50019422bc9569a985736",982056428.629459
"7cf573f273b14a6cfafa3ec8",601036048.931461
"7cf74cbec871e465ec2f6a61",912713557.817728
"7cfa0c98191ef9b7c45f0520",449708579.192753
"7cfc3061c0b2f3bd48375ab9",757990729.929224
"7cfe5c3f5cb1bf095eb2c503",984939680.975507
"7d02b3479cb2d89d55bd4fe7",1076174156.22109
"7d0a4771afb00cf9a38ccb81",1529892898.62219
"7d132190218425df1857b8b8",971885455.335079
"7d133cde943d189c9abbb6e4",786658890.915254
"7d157359b413e107f5f9cfd6",610712767.472841
"7d25023ecf668945c87e0666",817861272.730051
"7d2e3464d5f2f79ac29e6c0c",767458859.430827
"7d3220a91e78f8bc2924d1cd",1206048403.6655
"7d383abbb6ac49c6599ffb0c",1040547652.40027
"7d3e4ead63a869bae978027e",826749645.915336
"7d4097722aad95158c51d24a",529921202.280117
"7d4ba999100c8e694fd820cf",1161394410.20382
"7d4ffe0038b3ebc149d8f4cd",720476981.91126
"7d50144c4b2ead9b7b9f594c",1051116865.60499
"7d503f126b5863fa0626d4bb",827096523.999356
"7d5459e48101349c75d43aec",663164368.573216
"7d58eba13f418d890ef563da",627551285.482718
"7d66238672def6f73c25247a",758126681.744023
"7d73a548c2a29ef2d9655e1d",500923631.483659
"7d8e345c9b16d0fd69f848ea",1111699926.60142
"7d9a9c3b4442efdb53c24448",791545328.236065
"7da10de45c866c7d066d2586",686247686.500883
"7daa9115f755a6c70411b9cc",1066051097.7898
"7dab6cd1002a8521e5825bcc",648287431.670702
"7dabee85f750266dce02399e",578569921.602514
"7db1c8214f229d865da455cc",544311363.640198
"7db5291ce4602d9b2b266872",419441454.406369
"7dc4f9de14c2924b229ca0a3",918761496.276558
"7dc609a3c7a3ab1f9a3146e6",682462422.44439
"7dc68d5cac1b7fcdab35586e",478671225.227411
"7dcbeb0aef2e2cac0d73315a",335397490.130885
"7dcd1597e11f83093cbfd7a5",1349305398.88727
"7dcd1916c0485e0b80f9eeb4",639994631.211708
"7dd1e46dcbddc6bf5ef694de",885968984.149582
"7dd96ddad0fa88f5c5978e39",983656085.118598
"7dd9760286606c45e6a15926",693648305.763543
"7de63633c7666484bd098e2b",788296518.74454
"7de7a2a651273df62aa6a21c",1203101887.9286
"7df538c0c831520e6d36e39f",659568801.306507
"7e1153d411af129357ae5c10",706662630.626246
"7e177acdec9c0fe684d8fe44",472008290.129379
"7e299fd8c2d53ff1cf95aee3",1010329053.55957
"7e3937cfe43dc906983fd321",1108618300.60025
"7e41d90a838048eda035fb27",976711960.004627
"7e4b240c601e37977faffeb0",675345793.048898
"7e5064603267b61520d8f83b",725093173.651103
"7e554b821e6955ab259a25f3",704089640.359903
"7e647c5e0a7d95ce87cfc8fd",1017243984.63148
"7e64ab35f5e336d5bd2e1b51",1022579939.13108
"7e6d8c4742b38854d819696b",1129739671.58658
"7e6f68184d84e09cc9ebc09f",796856719.478073
"7e73516d57a251061b3916e0",778664222.923795
"7e74469fe0b030254756296d",1136301502.64785
"7e844f8a24422ec3b833b4a8",556867098.612938
"7e86148f53beefced6e0f3e4",663647005.1117
"7e86f11cd63ff6c8a3c12fe2",926862860.452472
"7e8dfae9a5f1faf8afa706f7",606269448.424383
"7ea01fd99b389d08ca50c0a6",857125756.248103
"7ea2c18341f69f21b523906c",762272366.523217
"7ea4af39a7e577ffbd600f0d",819469567.396444
"7ea8da3b1481993b14bed9d4",647432827.897191
"7ead45d1f505649429904307",780352327.667765
"7eb78d4dea434674a230caa6",998407314.394154
"7eb991f4c69215377e4dac8f",932850361.035485
"7ec025b9b6e6f33bf65af41b",493900362.195256
"7ed35835fbe694bc237abe38",813178965.91647
"7ee7fba3a30e0e7c2ed3043c",584454274.338416
"7ee83e5d70855ed21455b6d5",1278012845.00058
"7ef2d4777310765d0c8121af",843002519.976274
"7ef3f8bfd0368696369ac957",753178078.767821
"7f02f056d5eb4aff92b44659",1055250183.3395
"7f0b4b5851c77d78805320c5",698926300.486171
"7f0d874df9235245f47b04c3",1128183694.71957
"7f0f27f6d30c743acb3e867f",837167744.92066
"7f0f5931fe148f6187ebf512",939453870.718574
"7f134c92e20aa9c6f084edc1",756901312.197967
"7f1a4e79fa92196101baa7eb",1250694926.99766
"7f25471be85adf0baeb8ebbc",658884484.05868
"7f2a2959f5ae816761be658c",1294770756.99488
"7f2e3f2eb5abf86b56897250",698553889.853397
"7f2e9d302a6ed1770db9f7cf",668527431.656135
"7f3e02524981fc7e40eccfdc",442810065.844641
"7f45d3809b08bb32a45139f8",684105151.618239
"7f4cdc01f9086bcee46d1d6c",911132810.037122
"7f4e6f790de012946197e0df",843075034.407089
"7f5280804c59f56fba3d6201",558808751.298205
"7f5e87fbb4952caa0cb658e2",800811699.23872
"7f7141f5e1a7964ac6dc688e",999054373.650212
"7f73a8e83d41ea252ad61197",792594818.824425
"7f78955c480d050f2c8ae3c9",745682929.437119
"7f7f5313341b3ca499968716",754041734.091536
"7f85c59323701ee0e75abb92",659787344.854872
"7f8f506137780f4cf12e73b6",824148882.136212
"7f9875a5336a32d73df2402c",900411099.283086
"7f9bdd2157f6c3d488c77ddf",732239172.060226
"7fa11c05ed1c123c1a457b1f",950710056.230453
"7fb856eba0ae98a40eac3efd",1032842764.96031
"7fcbcd9e274b75a157cf5d5e",780452272.005544
"7fdbc3fed9c9607e6d01e958",723655160.684637
"7fe1adc0a5873cbba4b021d1",736530133.561254
"7fe25ebd70b89f4602bee6a2",886814990.931991
"7fe364ae771a7689d2fa5584",1110166201.38574
"7fe6ac57e87b8126ac4f8530",864943699.483914
"7ff62b2f8a28d60f6c4237c6",937971303.593636
"7ff6f389e364e67c4238df8a",725053226.54591
"7ff8b0b5ab4fd12f3be399ce",741814204.023738
"8002e2cd1b70ddcae88ebc4b",987227134.054241
"80035ad5b3b4a948469800bb",850793620.197034
"8015080cf97316a08453a9fb",922200332.044421
"8018df1613094a9e4606c875",1045244899.76611
"801d821fd6ab7ee01b62a800",709303178.632015
"80255211d99c72e343b32798",1488476493.02187
"8026e480ba395cfe1e09cec6",467041176.649336
"80279a7533c44bbae477ea4b",793481575.732396
"802fe3175a2059f12d7edb99",960388168.727338
"803711fede531ad1621a6823",736651735.76696
"8037e40c0c8b20ab6e0d4b78",639013347.087438
"804289a128775f7d1652cb43",576005733.028631
"8059e45ca26bfefbb18d8e40",1057032092.48419
"805a27aeafb3ca91cac56d14",908146276.016097
"805a491334f865f06ff42329",724199788.975898
"8062b4109c12a95dd62bd43e",768009226.28277
"806907598158861a6958388c",470787674.396755
"806f9ab2a016e774689ce2b9",373713515.877178
"807687fdb46614d9aa139b20",735497948.191975
"807c04729620ec60ef18598d",530909355.52059
"807d7f5155bd299afbb6491f",593976902.543904
"808dd470aed6064f02aa5103",708399927.862078
"809082a38e6fc3faa66845b9",931881277.605366
"8095589d5e1a55a76281e13b",1052098397.85227
"809800b56b7b29399986115f",552311980.522154
"80a1dc97797c41b61f46ec6a",790942237.899103
"80ab8d9f157c25b40f102854",776935090.027431
"80abc4c356813c1e4ead1e1e",674330599.372713
"80aef024b0ecebb01913504d",580626409.644466
"80b37d5ebdb325edef39258f",877834303.196823
"80b6c823bad5b4c0fff46657",834419387.098341
"80bbc51dd90d131d091521a0",595385384.320571
"80d2415c0460088d69574285",818915216.983862
"80d95b058cb11ec829b5ec96",779019585.68254
"80de6a9303eedbfd1c69601f",956710894.549066
"80ded3bf4f2973a5ceb1ffb7",473608988.692768
"80e7c6b194b3229e3e2b9aae",946254796.885285
"80e88d50c151d5534a57f61c",1015029121.22839
"80ed77aff62d4c57ede6ba94",512124776.33419
"80f633154b6f94b8fa24f213",553709819.37982
"8100a4b0288d5d9d9dc86d2f",449922253.488104
"812646c7de863919cae5edff",938674835.87795
"812ad0d57e4291da184bfae5",635118104.844929
"812c9b5407424f956d308b06",1063900842.79468
"8130ab67c5e0d96a9a67fb12",740811384.803001
"813d9415d9abca46ad4d92f0",1290410299.50045
"81406ce289219cdab015549d",1240837781.88171
"814694a725a50c306d774342",1009109974.71149
"8147da5e5f53a163443e8506",967883970.859276
"814d93fc94b4de6d3a860bcb",716744291.418024
"81516aa72c98ded9223db098",916447633.689662
"81519727c7ad9f60d2c5f224",1016078503.75244
"8153b36347669087e363801f",697443934.183037
"81547b223494084af3e15bf3",700334556.830505
"815cfcc4d26738f74cbb67ae",600233741.191792
"81600c1e6b6e3ae770e40b28",1217998767.31707
"8164023f628f550f322aad61",868500810.56173
"816f93a2e035e4fcf61ee4c9",1125326219.62488
"81716dd4aedf72a6a14392e4",425273481.416187
"817422f4c278ff27a22b05d7",576252199.439867
"817915cc3582112fb5541a49",918251275.772971
"817da44fa842fe304b93c199",567302484.159768
"818ee3b0c3862d4aae6e7776",362585395.994576
"819265a930d32a97533d132d",787879151.466468
"819d2a7c3330480b7217577d",1105127607.76497
"81b14dbf863114fdddb38579",556586413.961931
"81b3256980dd7d7f49030c78",1057240691.06939
"81ba4b47e9222c15c4102992",574567058.990971
"81c890b0d7cf787a091d4081",838022652.004154
"81ccb7e0255eee6274f5d930",980576340.158853
"81df59c6d8be19568d16ea3e",418609331.208677
"81e1f8b1c0e3b15f2ebfd84a",809321830.59589
"81e7c8c1894e0c3a9315ff27",634766743.673662
"81eea19e7c12d65d21e23648",1097423441.59975
"81f5c32a2c2d3b32329a645b",472844369.053388
"81f6d6790aca5e9270c3d1a1",416055514.689548
"81fc8d666c8735e1095d0d4a",765496299.401028
"8207612808b5947f2802d2a6",851658657.435893
"8209afd76e36d8b5c4f7a991",777402309.858596
"821eabfeef3dcc622fbcbfc4",489030586.564022
"822896f609e7761b58e7f6e7",684105151.618239
"822ba8fd3c7392bda84461a4",687548959.636109
"823124264778e5ed64d8664d",745848055.532495
"8236c798dbffb3db51d5d744",556094495.095066
"823c9c7abf2d00140766a2bb",1246295661.77519
"823ed628bddea9b56792d108",880676033.376615
"82433a009defc21498037127",917061898.163325
"8248697f70c21fa361840755",995035003.597258
"824894236c20b081af2c9868",1064316102.41874
"824cad597aae34d7d59ac939",627157773.868891
"825012911321d636425cd0bb",1396576238.19755
"825f57ad0527d4abf41cffc9",1027470815.56747
"8267eeb41ed1e68144301a3f",757081711.57928
"82780776619be0eade3d72ef",600760108.49592
"82902f2082dd405ab538ff58",596214328.194207
"829bde7f8716daf76f65ffab",868279737.918711
"82a3742862a06803242b703d",824841493.629588
"82a7920524816f3db7f5a4ca",652126247.037948
"82abb1fb693f34877bf1327e",1308689171.33398
"82ad4b3d5a215f17e745d77e",1041285435.74682
"82ad984f02ccda30bd60da8c",725542586.116041
"82af190e32398942775056d5",1125677561.94541
"82b15a5da307865c7045dd56",763802105.455147
"82b69c38d041325a4bb2fbce",458489607.106082
"82b90288bffe8c1c0b5a1259",776449148.209171
"82bdf442e186baa829e06da1",683553656.964081
"82bef17c2a4db1f6dc6eaf01",857059462.872378
"82c9556e19072558cbe3a7ff",398401498.276022
"82c9ce0d018c1d620b7a6689",596379382.034339
"82d22ca21e31222068e1ecba",754416929.900794
"82d6244acae149ed9ed88e8e",497077168.672124
"82e1ae440b386c7da3a580be",1054606866.6106
"82f08aadf1eeaf2058b50592",812775457.071107
"82f34c2a6644c4cb0649c44b",896566124.173946
"82ff2a63a863c089ea90bb5d",1064253865.44063
"83007c444fa52b34482ed55e",785749329.188759
"8302e2afc48d6eda16784da6",1004452209.93053
"830b1a2d33f7754b9acfdd82",1003993061.93634
"831629494c6d15d5ff6a00a1",885515566.533523
"831693b6fb81df1359e45db7",645406743.545836
"831725656d9df81b63c0ae38",772134466.81745
"83196bef0e5dc6c981bc57a9",1301523785.07145
"8333d32b98625a2742cfabd6",900171556.088025
"83349bba5fbddbfa2db5078a",589528028.461756
"8334a4cc7db8ed5c0071fe95",714456230.948785
"833bd3c8ef9d4da2f304a94a",1153316588.64124
"833ded72a8cc9c0d606a7a74",699448406.732607
"834263730047f308d71d4d8c",672610891.903597
"8346d64ed6211083fd420ede",539915074.996662
"834fe4a1e9e4efeefb5aba08",516312135.806144
"8356123e4d10a479a12e98bb",732677086.540724
"835842cdc8ea0a2206c2b46e",1022890131.5573
"835eff7679889fcff6795d8a",997813079.067418
"8364aa431b2e267e41efabc2",723990377.940365
"83727953ecffc17bed632d94",477215486.007589
"837cb6389640f3919bc73e9b",1101593057.75809
"83852e78afcc4127481adccc",561149729.776394
"8398ba3b03595704b5897704",763632270.24888
"8398e3b96d1311c7264f6603",1294914913.91347
"83a376df2024c4c9fbf2a0ca",571111445.943484
"83a8d9df3a535fd273b27c15",920528248.739027
"83ad1ce7ef6d70842ec986f2",711740245.808838
"83c1d0e2b8826844416abd9b",555964416.565104
"83ca3a41ca4b5337107c197e",762132017.490289
"83ce7c2d2823f888f2e06ea8",883126504.522076
"83d969bfc020aea27d2b829b",835431080.355768
"83da19e7fbbca11083090574",560274221.072883
"83da39bc1a2eeb75e2825c22",744461948.160959
"83da5fb4c15e3daf727a3cc6",834322942.694464
"83e91710343450cb0812a6e4",919274098.049467
"83e9507b9ca2987a21d1b195",523966538.744504
"83f402857435d4fadb27fa36",818278209.006069
"84114798ccd01ae3dc97cb27",595896671.466569
"841482deb90d19ecb1ec8a06",1021527508.2568
"841c57617a075690ce412083",638454511.266012
"841fed959f036a03697868e8",680754705.053721
"8420bb74fadc0c8853cda025",366985154.416032
"842c9f0e4edf1e5a672ce15e",743882060.533841
"843234d3c6c20bb60a17fbee",882895879.404367
"8437a42a8e7ebca46eb088cd",642125940.856905
"84394774ab45e0c8b733bed2",428207190.759112
"8445e5cf42307960535a3b11",791967633.644992
"8447ca83d928dc34c2e7f9fa",509937098.503408
"844dc89fe6588acccf0c7536",707545766.798377
"844e127aa7802cdf75db074c",434406877.999662
"8467eedcf9a48fee0d72d95f",1290517146.77685
"846b75324c0f3cbb027387c3",1053816066.95489
"846e6f1ba1c94966314345d8",753301016.836977
"847a7fbd4425fd2fbc4b3edf",1034652891.36021
"848067a69d18a171e7fa34f2",773655947.310817
"84856812b63dfd9630fa49e7",903621629.85007
"8497f34947cb4c0ff18a0eaa",536524703.083991
"849c918d78991c57f32f2031",733864443.061378
"84a074517742e09a7eb6f320",730250553.287943
"84a2673eccd3cf3bd7fd3eb0",948677843.059285
"84a7286c91f1ca3ecacdaaa2",1156458572.29787
"84aa7d1c2590f37f0fd6dca1",638954279.469072
"84ab3ece52fe00ee50f057aa",1041642326.59154
"84b05da6a859ff5384f37ee7",446291425.465867
"84b758716f47bb0f4e4a2bed",703148444.766093
"84c2ab0573d3cbffa0be90f4",866619081.644619
"84c7006b5a63add890a224e8",605485114.98419
"84cfb0342a0bf2c6777de39d",663622282.981707
"84d8504f0e860b0760c3592d",806915316.540098
"84d8f7109615519f2ab0a48c",951148831.292608
"84e4f6c6b5dec0da7f7ca0fa",487868260.449402
"84eb4861db0816bc8722f379",737047959.766019
"84ec2d5245cfa146dab05065",732952673.773932
"84f47e531a916b7f7dc1f1b3",862573192.868407
"84fb7e582456d7409f27cd2a",988320352.272177
"850342685ececa472945f7ed",862238265.70361
"851f50292e30b0a464c0804d",694016788.792424
"8520fdd4f5fec0ba861ca9ac",555786851.506203
"852a11f12646f0a1121824c2",422364138.846089
"8532c64eaed74b64b4d4707c",604568738.043903
"8538a41c0e0fdcb3829364e8",829382640.421663
"853a14b680761098d4bf6136",726964540.132807
"853febf898a1dba351d6f917",816359630.691032
"8541eec88f0dd8229b4fb041",873847220.442557
"8544bc14286a51e60ffee7b0",1285939442.1199
"854e27be18fb8f24fd433eb7",783091471.612877
"85524880fdc4e4daf90e96fd",536947056.879278
"8553a05c2b30be81c64a6295",1004483875.36586
"855ce1721230ba103fc0ae84",470661933.692543
"855dcebac302ec5760f67121",674912686.410658
"855f4b67d2bd6d18fd03d8e7",752576603.171406
"8561bc940a91f029147430f1",973684573.734507
"856559e93205dd1561d8ada3",842592157.839995
"8567e677b30c410df80004c9",844234915.170185
"8570a1d8156dbcc267d3b495",966524803.147273
"85734fd69714897264ce2214",872232899.768192
"857761b5fc5c7d101cb765b6",609508981.572137
"857870b1412b84f0f19ed751",721322509.615544
"857c5dae475eadef41c25603",998707175.222611
"85815a09bde2a30e296f65bf",472843270.369222
"858288683063dea9d5c57420",456838560.190619
"859025f2f41efa521a74a00c",485365255.532011
"85956152686438c48c52e018",675695513.524802
"8595b5517cb3f1ff8094d67c",1027440967.24613
"85a856b4d0dfb1fae861f513",934481837.982855
"85a86e01443aba593f95dae4",806081871.386486
"85abc5c0353c5b678f087824",900729486.243211
"85b633e09a41cf22a10f28c8",1215306118.42454
"85b8a65f1b00f78e67622bfb",741956984.596111
"85bb6775065df76bda33f738",912467413.653718
"85c24df2d836cc8addd9b7b0",652205210.936023
"85c7e8ac008493b34e8e0176",681012131.5369
"85ceb648cee9f6f3d221254c",897703425.604541
"85cf1ee98e1a85ff4619e27c",914771774.590645
"85d58cf85a179e167428ffa5",1036573435.60124
"85d731901b48348f57932240",866618258.682612
"85de01c0aa787152c77c6180",393904136.174704
"85e15a0a63ffe482c68ec474",1388920883.42468
"85e332a999931ecd0e04475d",469575535.696296
"85e4ee2583c51592d68ef5d9",403703374.74671
"860435300909449c0443c10e",934402967.236946
"86137b9624049333f7e0315a",822497572.520382
"8616b310e335f539ab1109dc",783380420.335099
"861aa922b483f9bf7884dac5",591849342.653376
"86242b25bcb2dd775d25191a",710498463.029396
"8627562772d9d63bac507fcd",701685204.676695
"86276ef138e0babab9863276",510997182.272485
"8632f5681d04d9c934675409",1156493851.19708
"8635edb61b1dda6f4742cac7",1418170202.45863
"863e5cf88a808b8ca96907ff",911501890.395369
"863f8f2aeda01a9fea1cb3e0",946822510.590791
"8654295684292e74d0245238",520815917.104234
"865459f5342a0102d255fa07",438782038.073672
"865ed399cc344e0638e45128",1031040173.37948
"866f2a55f42cf30c4105631b",807217872.011382
"86792949f2e6a347208cbffd",635930034.457122
"8694b149f7c0deadf820f0e4",980534300.189191
"8697b1d337145af0ef8e4619",1042339223.08252
"86a47522586da2884181f128",598308107.121528
"86af11931b004aad3fd27b88",901061841.585533
"86b0aa633bb16582bab5640f",742028046.956206
"86b0c9c1277e9143ee765b43",678134831.802545
"86b290218a62d0c51b099a08",956122183.423683
"86b2d3ad1dacb372734f810e",661906496.675212
"86b89233e0176e034ae3cb7b",861545652.697408
"86ce27f9ca03821d13030f18",829064691.531074
"86d46a3fd9d7bbcac3319829",849723663.691866
"86d80d3757377df6f2b8a0b3",836872700.428143
"86db204f7ef6e0e0e6687246",825671529.342653
"86dd7931177df94a649a4d62",666000378.320515
"86e80098f5a3e7dbd635838d",520286165.978978
"86e81141e429bd81d7f0e73d",740005030.930008
"86e98ed0bd2565b661b81ef4",830823486.988888
"86ee57ce617b2be312a9efd6",1202373437.89735
"86ee80cbe81724e6919bdb73",455404385.288878
"86f15ce6ea8e97837e6b9383",747229955.24001
"86f1d6fc54152004e69027a0",1005427307.22067
"86ff8f274b698e7757ced1af",588167933.700961
"8700c9b62ff5a5c3394b0bd8",527754424.604304
"871204bd1b3505acfa632954",868697141.742141
"87199c236bf22903d1aafdd0",611200507.511789
"871befe27fa79fc1e1813b19",1181453992.79309
"87332a7e03cb851342667b98",1084090366.01454
"8736dfe0f1c6e2181b0ee31e",937365800.094563
"874102a58234cc7888902d42",739137161.25311
"8745eefb9e2761ff7eef558f",1109100829.75661
"874e2c6f3e9f90db80d243d0",551237410.386792
"874e3e3ec6f67c160807628d",762342475.947014
"874ee4f1b9c6dfd3d2358834",1121933536.96157
"874f4a836cb74be301e068cd",957840112.197138
"875126e5776dabde40e29b09",765662673.808323
"876ebdaa0bc953890e323843",533893873.678365
"8780134f8b40f0fec4d1b661",997502187.872126
"878ff8ef3c862929bbb19ebc",875422942.165526
"879d9e3b4ef9063de41ddaed",690610228.942466
"87aa28825a5b8ffbac5f2e2f",661288495.628007
"87b940bd3dae37b9fdac5d4f",497865307.12825
"87bd6ee6f17d2bd5b61b0ddf",1377270601.05392
"87c73db5d50e8ec3a22e6ccc",708792369.29435
"87ca8a2b3251a38d45730f5c",674998498.704232
"87ddb3a17b601cf7c61e8c07",691639334.93405
"87e1b1170c163689d60bcd09",796963019.314857
"87e74ed42a2c8c97f7bdd239",1091474437.28417
"87ee5c7c49ced4ec99f44d5f",959170079.652388
"87f1e9ca16a7ea48de04fa73",1023275536.17018
"880bd21afee7038459b5847e",825551075.738021
"8816e8101ddc4e704053e23c",874902709.196132
"8826b9e008064cea38855d35",711974641.346208
"882907ccf178b23a02ce262e",587245342.825349
"882e8e77fa1a71288f6b61cf",1593966999.56638
"882eb7115cd5b8b09fca0e47",1196138518.05792
"8831ae77efac99a6c58ce05d",1218637435.15075
"883371e374936fdd74d09fe8",867296064.211058
"883ee78c03efdb4bdc57796b",871491785.075497
"883f095dd3f7e972d7dd3c2b",735893544.396793
"885a312d9a5bfa8a8db5279a",633270410.315256
"885c77c839d705ca7d04d383",850035529.6924
"88622b66e6c47cc62c3824c1",941314516.303895
"88668347361a227b6dbba15e",975033234.609795
"886706f32695891af743f986",663490435.597213
"886be9a1881866ab1f300533",619717299.209644
"8876b38f90f5571639b7d879",908683587.529737
"887761f34ce0996bb05ac48a",1222025374.06459
"8877941794810464749ba5d5",880838496.354555
"887ba6b287a8b3ccdd5691b5",866139649.089889
"887d749eeaaae288b2818b86",811483601.59296
"888bc3c4ceaa108e048ad28d",947103140.435462
"8890eca19a9e1cdc9e0f0541",1119416954.75254
"88964e1202647db0519a8a00",601006076.146387
"889bd77c8271961a6e4925ea",721952364.664728
"88a4da0d72977b0c56b31061",851350262.173835
"88a83e58eaf136a82ab1fe37",626014043.822845
"88ab887e18e38d0b8315286e",777803794.497436
"88ae3f4a8ef76675c66e925f",1258706725.70335
"88aed38ca59c09e1a6202672",687622418.754269
"88b02e7b20ce6db956afcdd2",1304602654.04097
"88b0d688281db2ef0a782921",1113314518.40854
"88b98c026b7650192034535f",945252743.837541
"88c4b21ecffe12cb6c408a6c",850894049.081982
"88da5851280dbe750968c565",535407213.682845
"88ea2d2d7cb6d641df3ad76d",1141411952.44144
"88ed5ebb575d026f8d440c60",618903369.969684
"88f36882dae9a0487383b769",823874046.700016
"88f3f39ea06fb882c69bbd10",696618865.578888
"88f632cc304cd769e2d4be27",668788013.229005
"88fce3ad9b8a965dc11336cf",720295693.019373
"88ff73eb829a6ec5bfcc0222",1066444454.26689
"88ffa9f0bc3f6c9f2e589a75",1147009574.74626
"89016540f8b3fb727d863bec",944395465.002629
"890df90091e14d1c3a1b30e8",410876383.106489
"89131a0af2db172538723b08",965136925.016402
"8919ca18fff7571002e440ec",966194957.861078
"8923182b6dcc9f2d8be1ab53",720802472.89927
"8925028d6e7a6cfce9967779",508066820.802958
"8925e22f8511be30d50545cd",785341194.825461
"8930f231a5b9d8db14e9c656",721966424.080607
"893c1b081e383de73b9f2e16",1220484504.54077
"893caa7433c200e0d43e9f27",1038344233.24347
"89498fdf642e770ea75be7d8",1140861498.54373
"894f346e0ad39c57fc0f369f",1087691802.90116
"89575a90c7b9b960c8f4e052",929469874.498734
"8964dbb5b0cbfe509613a63f",1008506825.39481
"89690c80b7adcb8a8afe531a",730275866.834446
"8978ec4c5b2f02fbc1f57820",1246068831.16424
"897c0578bdc8d59843bcbe38",498002455.810765
"898d1eb301c92ab6603e0b81",655269572.431711
"898ed7299f0c7b8a99e4877b",1129940967.23811
"89952b237fda041b09f0efa1",1032652266.12081
"8997555e7bea06f7b90ce821",821849619.448094
"89a03e25c43a555b47c53864",914774721.874201
"89a066b7d6a31dd066fa0d32",847250963.402286
"89b0592a715c9e135967f947",667026422.002878
"89ca905d858c7731313c82e1",837126906.504107
"89d36acc5f617a6a97e02f23",999272937.338405
"89e1d01cb5bfdf567faca443",727188808.463259
"89e2d612654b3c792311faf7",978143012.568429
"89eed91bf5148b5645408222",952214314.45742
"89f8ccb0c1e2136adf87a10e",922056487.353682
"8a0053376ffdc75d0bdde77a",1401290788.72891
"8a0114372706f30bf6867a2e",851625014.846291
"8a0d2f8860a90322d6c3b61f",601688405.440345
"8a100bd7f5da66664a2680e8",680797711.79401
"8a1105028a1a1b83c5080abb",377304966.532342
"8a1b0f59f86e33a7aa7c2c23",1206668232.1954
"8a1d1f70adbdeb233ed3ec3a",863797857.050902
"8a1d93bbc83f4728657317d1",1078438379.79704
"8a1ea9d91b3d8a66c6341243",825657378.888848
"8a20478528e97700dcc84abb",455820494.047635
"8a222af682e2d7796643ccf7",644782835.523867
"8a3b7f5a8da339fe19e8f138",978586702.142413
"8a41638edfc5183469b6c43f",894428055.457102
"8a44e15417d8e520a99454b2",460545167.104566
"8a451ef547efb90a8fcfa6c8",1091427726.40305
"8a4b7e86a90a296e10a49ea3",536391012.612294
"8a514fffdec277cd46c7cc71",771680623.215756
"8a5866428508658b4a2a4cb4",597773630.549976
"8a69b9d7461107db6d16d1a9",836153204.220952
"8a6cb559a488d6ce1b641585",792641046.494644
"8a6d013451e46411d35c2b6a",912359547.536662
"8a724286cf661794084aa87a",1032452194.07611
"8a7ddcd0c452e7993bc5087b",654276209.560351
"8a84a073b855e37a12327357",1051505414.92827
"8a8c202c069c20696c2de85a",789247934.268653
"8a8c8f5aa68c4e530d62776d",616046338.775174
"8a8dff62516671aee2250cb0",874770171.395753
"8a8e4996e24142eb413c0d12",1234592729.7148
"8a9663cb622a55f2a1a8e3b4",710620529.008812
"8a975117ab302b77ac057823",715023482.988843
"8a9e6d0839f9fabad2fc3214",719413827.850957
"8aa21f48a83be25f924f85c7",912502691.061487
"8aa5ae4637ba83e672cd3ab9",934826647.424411
"8aa5d44a72b2a6851d14ef86",920738197.260817
"8aa76df8fea21a42fb6229ff",660513406.327516
"8aa9e1e89993aa49c5c3eced",746129469.39558
"8aac8946e7ae5725971c5557",603582494.919927
"8aad5795547ade3c804c0ef0",772684421.736223
"8aaeae6bcfcee5ad928ce28d",1111960650.3098
"8ab41842b8e41b89d8670ecb",396185526.970844
"8ab5eda5b66a6c2becffad29",803960687.289489
"8abe99f2b71b13dfe7d71616",1388235656.55621
"8acebaa9fd7e917d7e3b391b",700272970.458981
"8ad016d414e2d2be053d7612",775769602.644914
"8ae41ff6a828f175a9f628b2",512194801.351767
"8ae869c5033c248f881ac313",683967957.652563
"8af2e264b801b3e155e52be8",1097603395.57819
"8af6bb75c85a2789156b3696",494617229.407396
"8b083d7ac086f52fd2942a82",728536727.53485
"8b0e1911b8ab8028409dc9fe",814364867.652826
"8b13054b3318289aac1f13db",393545066.602956
"8b1acd29eb268fd684036180",582702437.292675
"8b2d8edfa6788ddc0c7b3eba",730906581.983734
"8b3350aaa66b9fa1c682c15d",975858832.54302
"8b353ba6823f4f800635f0cb",803995747.579905
"8b36b7364e4a4c80a6e50bed",629570239.174278
"8b450ea6c21fe0b5157529a4",933781911.665828
"8b45db8a4f2c0f772c8d44cf",432279598.903749
"8b47b76193159a21c3580a3f",962627489.936699
"8b4c54125d9165554e4123a3",1180781854.12764
"8b5369b126b75c497b1a7b73",631166669.120416
"8b554961129384797391d1ae",993141287.415897
"8b5b351e07a26c25cf51e176",510550673.403717
"8b63358f3cdf8df0eb1f43e2",1029214677.26345
"8b674605311d296990ec72e7",584475844.065901
"8b69bb9fd7f0f19a248f5cf3",671161579.89531
"8b6efcdb553f6e936bd90f3e",895360692.42882
"8b716bc4d6d833f9bff3e729",668286115.478723
"8b716c3dca89b7caa7db1aad",533708908.460089
"8b753628bd37b9759dad06ea",686657213.832855
"8b788f742021f2438ffbf528",451987332.507755
"8b801b4cc1d254d0277fba5f",749486559.140194
"8b871cc48b99bd4190877bd3",885515566.533523
"8b89813a4ae5f9209f854be1",883926672.690286
"8b8ec04a78d3826b2c8a5754",652770444.508812
"8b91a957eca1985938860c28",816682523.981071
"8ba2d7afde20563e38892304",768009226.28277
"8ba4e8e071e458a13efd179a",854148963.809016
"8ba9304ea7b8d2b071bb0699",531470663.913523
"8baa01b8c6d29c82a6108cb8",562056246.21397
"8bad8a7faae115ac9007b13a",873628302.651414
"8bb1a2ecc997779d1addf12c",499409317.513667
"8bc002e1f02beb4d83a6f6ae",965838288.269623
"8bcc1b035ea93a5192256b37",727427247.226455
"8bce0097d22b34a804b502bb",650337820.292638
"8bcebf3cdc54d4ec99ba0d88",636017333.239599
"8bd2490f83568ba653cb74f6",1117052503.24804
"8bd45966c16d4eafb49ee2a2",1174415617.41563
"8bd8a7e19b6d3b8bcabb84d9",636955577.923712
"8bdebb8914fbcaad625b1764",721018869.796873
"8be43cd8653accbb8fe8a270",800323967.348828
"8be5fca8f4339712c6f3e29e",506441088.504834
"8bed46960db1b2a7954ffbcb",1367328195.00723
"8bf61f106e60d6be03799de7",1033520402.18951
"8c0154eb5be437746213aec8",1091474437.28417
"8c02948b66db263420c20d3d",908184246.153148
"8c04aa7506b8c80c1bac23f5",1261850602.41065
"8c05c66be6008af7f6dcc10b",1017511066.87758
"8c107da7487ed0cd409f4daa",983880394.837643
"8c1695c9a31de0f956e4ccdc",646696083.889325
"8c18d3417886c150136a03ba",433754698.892496
"8c2423c14aefa13d255fa77b",815526255.340811
"8c258d10ce32150f5fe5b712",897030015.034092
"8c32b6b31d1a1d5736c4df61",1455674527.302
"8c3373f9c0372b87ef021512",987646410.331959
"8c3a02c9ca043cf0f322ba84",684642292.64126
"8c3aa295f7bcfd9a43eb2037",1114736080.9961
"8c40078231bf7af2f3a06457",506151554.499957
"8c41bfacbc1a6ab831b26fa8",941270339.182062
"8c44d216517f5c59e2611aac",440070273.129628
"8c45ac143f5cc43e9249c17b",1070670644.71579
"8c47395a28f8177923d7b75b",625626913.769719
"8c4cc779f5034e9c10b2e698",463737087.875379
"8c51f1b43f15b70d2a294918",393428932.998812
"8c5aa3c826f325a9a6c6f524",912713557.817728
"8c714badfcdef8ccc73df9cb",2108387268.02576
"8c787c1e6161b18601e6d7de",721455575.803933
"8c801a266256e3fbabe7e3d2",705627402.582647
"8c9849cf3d20991e5126420b",950573874.119328
"8c9b472c55d4b99e44041de5",778334772.963248
"8c9bf9031bd378c1105e3f3e",984853261.86241
"8caab74ced535ec5e75acdfd",484741588.64734
"8cab957b322f1aba06bae4ad",679892838.394377
"8ccd326e4f515bf7e817a14a",854592847.729054
"8cd0345dfac13ab380240b0d",744700227.964194
"8cd3031963c612efd0049f8d",870470794.154847
"8cd46b5c9cbd056d3712f155",785946215.61239
"8cdd55d191f206b0841e56eb",779444741.42553
"8cdfda9067e0934a8ebe0894",827898268.786812
"8ce2d6e505ad1da079f34a8d",963813652.863175
"8cef9b18f20e9c5a32e7ccc9",1249437370.21247
"8cfa1121fc87d9483ec63611",847572033.029125
"8d01d6561223272181235c69",748071844.856227
"8d041784b65d33c76e5245a4",893977187.527257
"8d06037db08d0754bb67da4f",754144583.373008
"8d06af8e439c45e0e125de91",850303057.282963
"8d0ae601094562744c8dba4f",487750848.621236
"8d114cef336100a8d8c81ce1",794706377.944104
"8d15b4bb1447eba7a680ef47",408078588.485891
"8d16b1bdea35630a3b09b192",862907935.80966
"8d1b3071f5396359c0b6cc62",982681484.305646
"8d1f7b0cfde7e496e7bfe972",754886261.215209
"8d252e9b0912f09703110b81",779144038.149271
"8d27746cd9d2532fe9cfc408",579247479.298076
"8d2e85825e95f6941445cace",923490767.691396
"8d2f9968ec8aece8d1a20137",859870306.402037
"8d3f4ec0c37443eb3f953584",936863318.894532
"8d48f73816b248d1166a09db",830675155.564786
"8d5192b6208902ddf4804839",972060671.608311
"8d54b9bd24cd9da341cc942a",1065815751.83037
"8d5a73b1d27a66b3f72fa662",1138324542.28185
"8d5e662ba25a71727f1eac77",1081349798.09683
"8d6c523d4100ab0c83a31fed",919566749.680291
"8d7dd9de4e919fec5916862e",890266195.174789
"8d81b4681ad0055c274e7da4",597647195.867131
"8d911c1a195567dae3cad99e",478577245.722297
"8d97cda83fc7353a86c9393a",796626573.625782
"8d983b9ca65f19ff3d69985f",1680172620.49845
"8d9b143cd8eb71b05d32cd2f",1175157014.14517
"8d9cd237c737f6e62092a08e",1351990038.31367
"8da2439f391c6db92b9260f5",1079337231.89297
"8db285eda04ca37b86dc9724",950244879.312946
"8dbdd7c8971a514eb7cb4d3f",1054561935.95403
"8dcfc24742ba669335a2d65f",814773311.803637
"8dd453e986d05c6c1dd104d2",795286451.855459
"8dd46fd8ff592358e4c3e7e5",704879985.672684
"8dd954e7312e6e6a07d6d4db",587273962.869555
"8de317591cefdbc375a41483",760502003.707935
"8df5099d856c7f9de43990ab",709151832.980189
"8df9256029f526ca313202b7",1096651978.11731
"8dfa059401e1dca80ae65ae1",829949291.577183
"8dfd846e6df9a040ae1188b7",454281509.245413
"8e0ba427ea909cb7943929b0",728057268.503883
"8e160f094a0425aca23f04ac",776247363.28892
"8e17bc9f09099ba3138c232a",1203101887.9286
"8e17d7d78e7acffdcb04d982",661365794.019506
"8e1bd01ce4b7910d42f59be4",648683864.151937
"8e1e9ae57400052cbbaed9dc",1453117847.2438
"8e273f1dde4801825fb19742",866898211.318431
"8e2a5f8431996ae0db65d0be",1094639098.13902
"8e35609c1265ddf59e1c015c",829214982.006213
"8e3700ec731701361d7bb7c9",577170280.055837
"8e374b19fb87640c56243088",499501506.887484
"8e4709859d50a75dd08b03e5",513652592.041522
"8e4875b7ecd0898571f0b1ae",673504314.588502
"8e4df02eee6cab9bd1011987",794775853.868427
"8e5123f5ef1da66571ccb600",1363216474.29618
"8e5661e79f4fc282abac1f37",1043729963.18305
"8e56b5dbc4cf628ac12e5bef",1621162149.71695
"8e604d41e0cfe9c93ad536d8",1353816028.17022
"8e6dfdcc28f830f2696de9cf",1260141874.1424
"8e712705b7de6e791c8735de",810826823.155108
"8e79eebcff019c3362a76a26",913636176.414323
"8e8852450fd5556f748c98cf",806494207.999541
"8e88e6cc55ca769e472aadfe",661062840.501465
"8e9e35321545774dc1f85776",826744627.891509
"8ea02baab0c59eac6584f62d",1079632572.47859
"8eae4346936f8c6c67be81ba",562378443.24259
"8eb66c4b057dd4b07b5fbca5",1140492641.73015
"8ec00d454698c119085cbee7",753886430.956475
"8ec09555f5a47f96a8683699",1365722326.48637
"8ec491780efb2c27df8dc08b",847615647.091986
"8ec8cac469f2448654312aaf",856024744.271422
"8eccd2a6352c33d8c7abcea7",856413534.680417
"8ed11c1d4e7aa1ccf0ea0508",481023791.05163
"8ed5e7770d03c43ed19abf42",700521721.530789
"8ed95f9bf057114664ea441c",820096060.648685
"8ed9c13717d2bb274a81e460",947978135.256562
"8ee4a7cef562d388b8444c29",703799781.694654
"8ee7d2e0692e49bf9d308b4b",969985425.617223
"8f0a61533b6a01badf43b6ed",1058327676.81034
"8f0b6d6dd914911c7e90d302",912724778.037399
"8f165174bc07c28f9fddeee3",1249343413.75517
"8f2218126da9580268661c70",1120484447.7091
"8f221efe392ba42b519e5f57",1003984077.76967
"8f2fbced5d357bcd6b1c7de9",817869305.726628
"8f35a5d800d98481d7a8b6a4",626410418.624666
"8f36d25584407d9e3c326e71",874144187.89037
"8f378dc1215f9213f187c02c",621294851.450303
"8f3924eb214f5194d21499b2",1037008943.13936
"8f4241a17d1211687bf232c4",496323483.207324
"8f428b58a5189effe993ca4b",359518181.07844
"8f4687b666256e136148c3d0",964166441.1218
"8f541a839df1ae79d563427f",725948808.698124
"8f543f9c31af1eb17ef1e353",630384286.910244
"8f5444b81998e52ad76b3ddc",856968058.593239
"8f570610ef199a3ecc49a0a5",754181936.042568
"8f59ec48e38092ab01c23e33",1236941507.27404
"8f6076f8ed13e87862d82255",450611339.067816
"8f619dd7fcf5e1a17af301c4",1132719625.56565
"8f8a92abd28c8990534e847d",1127645775.95752
"8f90134b8e68948cb18fced1",602536441.401922
"8f9417de118ef8486538955f",1085035591.30466
"8fa4be9ac1ef719dda1f96bf",459795853.06966
"8fa53bd51f5d54be50b3fa29",379740198.925196
"8fa9b20af1508af7a01e2267",578569921.602514
"8fac177c5a8b4faa21b33138",436462137.309629
"8fc4070ce12262679c381515",764281308.943086
"8fc50169e6ec98a3f4229ffd",1114056691.80358
"8fc78c514a2f1cdbc5ae6e1b",1253792740.75487
"8fd452d3f5f1dbb3b65f5274",1088264045.41605
"8fd5b95f5808b4676043de35",653924644.280877
"8fdc9f203c3de5d486de7ba0",513063442.094244
"8fddeb4ca696706f6cbe573b",878241527.299709
"8fe1a07cbe9b8f3498cf74b0",483330376.151183
"8fe7db56d501b9c11461f62b",791354934.414683
"8fea95d0a70b1ea918803f58",936679142.013064
"8fedbf13ebb7cd3475fa3074",1051526698.65279
"9012294b64280c565a88a1d8",784880971.416065
"9017accdd4fe3229fc45280b",447308531.173922
"9017bd24d173b2fcf564b32b",1295225376.47401
"90186e67d802be6d12eb3696",764590142.892111
"9019f1dd02ede61479b62406",469037201.021282
"901e3b835718ccae27c8831b",792413863.8866
"902d4fc2c44ae5ca2703426e",794784020.343628
"902fbbf9f5037be8759775a7",1123392331.39114
"9030f17b47b3940c2e2c4093",789009078.508422
"90332d50e91925eb9b614bef",918473857.501042
"9039bc918a76e486041842d0",615803013.288557
"90470cdcdd2b813b39f28ab3",826502083.137303
"9047c4764f2c6b1a10b87e99",1238166629.66698
"904ad71e7d108930d69a7332",792802627.124988
"9050b1061469970ce28742a7",385784157.649177
"90511f2411d4a37a7224b995",866139649.089889
"9051c6d14018b4894b560e2f",1436707528.78491
"9052c644813d546987a72305",512100362.283406
"905cea21c0ce1cae97fe86ab",909657070.91813
"906014f0ee3f3f4f0576d4da",525767301.753108
"906e1f2e1bc5cd51a55b0266",1138534535.04649
"907f968e78d748fde69dd44f",622002977.517203
"90822d4e3a369948cdc4d998",702292867.284495
"908330b0d2651093c0bb6719",924839158.865727
"9086e6e757243bdda003878d",1024474259.81544
"9090236db3ef719edf72a330",1380689646.10352
"909182c92bbc39b00536ce6b",407346479.108628
"90921c9fce21986dd23bc645",569745792.932935
"90961073d9887bc1023315a0",671054199.402313
"90a269d52e47c1705f9b6cf0",1253330281.13633
"90a43053efa1d292af692a87",570000748.128397
"90a711f776d53cf654614649",844473349.220402
"90ae7af091c23957b88de5e9",846956934.800246
"90b04117887941ac898a67a8",476946133.289721
"90b25b6b913c1bf0396c149a",581465756.460091
"90b28f5125a0b8a0e3b10580",1154088818.71058
"90b34ed38e0f18988f11d77c",894788439.187895
"90bf218565cd67ed83240033",1203058855.01412
"90c3b93badfe7231410e95bf",916155391.155174
"90dcc3f9428a4e7cc396a15b",986730911.344996
"90dfa0d7be06e7a1dc15770e",547844254.730877
"90e00fc58569167c00fae7d0",936813660.996106
"90e62f8656ae504bf6175e0d",545707368.870073
"90e858d3740d4aec0fa21c12",1024758743.44063
"90e94b7e392f84e01a5f1551",1198584104.48493
"90f0cf22cf9c8fcc290e495d",589889296.209818
"90f320e94aa429856e37bb35",499099047.614619
"9120f0e5a6f505a2553bfd58",775747628.537018
"912471caea3c71e3f9f70877",795069113.948179
"9129b78a741bf5e24df5379d",749062879.941401
"913cdfdd62e35472522d0a6a",575914283.382859
"9151a8c65e1f01ce591c595d",682987520.695311
"91561030d87ff5bc0a497f1d",1025887511.24165
"915842a8a03914c08a6607c3",475525645.409323
"9168a08b1fac4c5448626ff0",800814850.109952
"916a413537580440c4ac6028",777031506.486447
"916f946082d03023ffad6f2a",861312968.256232
"917218fe1425d2c222da1ed3",816359630.691032
"9172caeeaf6498737fa0c6dd",877424502.51281
"917829a0aba571cbe794838d",653330752.780641
"91892eac5e9565b12b2a99f7",476307227.986617
"918947d51e52e0caf692f22f",520348849.591834
"918b0d900ead8267aab4cdf7",572262641.837549
"918bec54bd7587daafff66e9",770687415.675112
"918c48a512fd6ff22fdce5d3",755535824.54065
"918dbe66979d16b147bd3322",786335630.46548
"918f56ffe325f21522cc60d3",474143295.071626
"919bdfeb16dd0bf67787d53e",696747374.555063
"919c1e281329379c4d130416",1180894604.34653
"91a08474a18644c43224c62b",554531083.011148
"91a08f81b621333ac58c3845",669326626.342545
"91a73bedc30e0c2acd95d6eb",684985767.360188
"91a7bcd95c0c960e4cc22d91",751781018.863936
"91af29fa680d8033188ffc39",1136481540.27905
"91b57e8d6c41b7afe949bcba",443336570.711008
"91b8b9db5372a2c3a5c30c58",594317290.814697
"91ba0c5b21b52734d1e244f0",641370079.880638
"91bd11b5a8e0c0124be78f46",445597589.95156
"91be1260a84ab7fa3521c495",1031872031.73796
"91c4f018fc7939d150593935",1043179464.98891
"91c5967cc1acb3f108d6e0f1",550656277.613883
"91d265ffaa6b407e9747b15b",996465244.004525
"91d35b9421c4982b54dd520a",892426997.985779
"91e2f9f7d4ed776d38a3274f",851208015.913612
"9200d647b6ce9aea67ff8ac7",875712994.155012
"920b50f4355cd2674ceee068",676299025.754396
"920e2bd03c9d34e36fc38ad5",1125677561.94541
"9215d29512b14aab6178da01",1549649986.23568
"922c37e46fe9e75e73fc1f35",575902310.014302
"9231ec89e58a3daf459c5b43",1272329306.99752
"92369f73435d1ac3fa95f185",772383227.211982
"9239fafbffc066dff0811302",360330744.491757
"92507b623f039b4ef5be8870",788347060.185543
"9251f3dafa0e747b6e78f295",743333402.11848
"925754da6fea9c9cdc06e18e",765758660.511721
"925b457b5df270a68b84753b",421792204.009151
"925f83e20a153a1e094bc606",1047949952.6387
"9267fcc93ae3b6df8c12d9fb",528163796.936262
"926a7b18e48cdbf6ac3b396b",555603336.898835
"926cdc0242544bbc850520ff",714773196.724597
"926d12cfe05643554837664c",461613673.744827
"927de0269795dbe0566a0326",1059283790.9421
"9297c340db8a74e10dbba148",668650758.456531
"9299c976b1afe4d2c0bf351e",758396931.25738
"92a1a8b617b6d2c3669167a6",551879629.393271
"92a9c07259efc617e7d58f9c",705354326.768391
"92ab018394a5398b832d0b97",901049886.13054
"92b3b7d8dac6b2f6d5fcfd9a",720866988.668443
"92b772a38d5e38bb51a3f621",617468031.808288
"92ba019bd942fa33ab742924",794844284.777187
"92ba222e2dd63a4453a30637",630312009.354628
"92c4faf0ba1fbac44db6d1c8",730744300.701916
"92c5129009b7e377fa004a93",821690426.276918
"92c8d6ee8496b91821d7ba3e",708927927.739973
"92cade7b5347d1c00a48a1fc",1207165996.26849
"92d7d4fa9fd09075bec14a3c",1118871583.7429
"92e4dcc5911b42e7f70311d7",820288938.166595
"92fecc04105a999a622ba3cd",662402293.653166
"93086ab3e32aa9599708382a",1067517304.31134
"9309d812688d0d2bdd33d830",659700147.924322
"9327563b40f2a0f888c68f28",1495524159.9434
"932a93e3ee2093d7f806fef8",777892880.432998
"932ce2fe93b8e1ec0e7bbc8f",455267976.886293
"933018604a8d5a9020aac221",788388731.968655
"933251193ded6df07c83128a",1016491331.08209
"933740e21e9b61721b2c6053",826276824.87437
"93375efb2e74f4913d21d94f",771844295.449106
"9337becb0628955b47e45b98",1146852590.75029
"9350225547486ad75c0b5ab3",1016901495.46056
"9353136b0c791bec58f93ad2",842117066.2682
"935a1e8c7e62ca9d3bff398e",1184415859.55982
"9362189c5d784741c9b0f8e7",843423936.550144
"936307e2f478c3ff7b9652e3",851051018.019351
"936cdcce007bce08a72112b7",904925986.187392
"936e18fcf06ca3c46eda7c8c",799021964.635494
"936e6d2192f28a2b40939a4d",878050640.864802
"937708417ef2642b7d05abad",1033377430.66216
"937876bdc44c3b8fe063a9aa",754051808.630239
"937c0b6350beb0f51e53ff8c",535567860.473659
"937f0b37f566f65a1871615d",533221395.252831
"9381bdf491d48236e84590fa",596473512.101056
"93822a34ec8dcf104e7f49c4",721466759.520369
"9390ae5c166e1a976e53e16b",661942136.850481
"939afc1f6250d528b0be8e3a",885150007.236116
"939ce1536f15c0e6bf203dd4",993264084.526062
"93a1aefcc4ccafe4866bfc76",554430229.100305
"93ab279de0b7b414ce758153",670688127.203841
"93ac0b004ca60ea56cc2bb9f",1012691538.93359
"93acd9176ff299221e0d2152",905691100.669244
"93b27fa67eae8cdfcb846772",886197788.75396
"93b7fc7c4f07a7f117e687a4",734475532.897411
"93b8ea95ca1c1ff3881d91d2",606374315.525797
"93ba409ab36d3e10eaae18c1",752629994.678331
"93bcdd2a8ee1d5b61d00d58a",794852981.643825
"93c24fa31fa780d28ecbc318",665052641.825406
"93c5c5d9d1e99824178be9ff",805611012.861751
"93ca9e75cbeaceee69b4f0e4",512020196.654517
"93d4c413d2a1ac59f1b46830",694731265.700751
"93de58cb0d8fbe74b0cbb556",702626332.518284
"93df4118ec3536b312822d90",1314949418.56606
"93e443a5b3864d52765e6484",1162112877.83146
"93f5694b4854068f42ffe55b",848663766.57271
"93fa1c8ebb75b77dea76ab99",1016819656.24348
"940dd8311f2b49d4ec212fde",535791815.605743
"940e08f8fc66ac29f6d76687",868760355.07256
"94116b7517a06255bf4320c2",874513397.325655
"94118bd8c3da3f14f9c7836f",747339809.878208
"941392f9a135909273422dec",629918723.934751
"941569c4352c3a2e32c908c3",1366571759.26333
"94160aa4e5c54bb479b1d0db",482041166.025055
"942133ad6b84f9d08e1d4e7d",900601137.513492
"94213637892f5fe643cbe8ca",703884951.79389
"9421ce9f204f373a50357fce",682652815.348591
"9425283b41165156aacfd43b",679320865.483294
"942c934c0d41ab822d60c795",676123539.93447
"942ed340950f02adf9749a36",490923202.57884
"94301e20cb91669986c4b34f",451033061.557468
"9446f801f30e8b2997fbd72a",1270269108.10547
"945202a450bea48fa7f2a95c",596990579.781592
"94535dcf38c9c6461a73db02",421445639.063758
"945f85a061dc4e95e779e27e",965726532.104996
"945fad7539481410e8bb60e5",799587662.353565
"946eb4523f76bb23d0348309",901844664.46424
"947421747f33db213e6b1326",699680280.802807
"947ba86487536d611f548142",1286176666.18789
"948ba87dfd7993460c967cb4",705296505.760121
"948c392520e1cb3a030ce86c",916532966.306976
"949184accb5878f82fd5c10f",1191420298.32487
"949292b23ece12b655122038",551765466.999203
"9499edd83df77bd6a90560c8",578795990.023266
"949c4a5382aff4750b4dff83",940762321.75937
"94af5eccfe170cbe7d428184",559255446.267977
"94c15574aacdc5c3cf5a406b",541414272.189675
"94d3fe901550dd4ba77ffbaf",1054013825.28387
"94d91969cc4b9aa1e856d801",625318443.627624
"94dc108f1d146641b221cb81",635641016.775109
"94fd4bb5f41087921ca12b58",587359523.179123
"94fecb92077ffe3a72aedec4",615553394.267571
"9511afb73b656135daaceb43",893991094.656949
"95173735a8f6e554f083c065",642902777.73899
"9530217ea0b5d2395adfcc9d",1378553424.62629
"953176c9a901b4f61c030432",957239926.504133
"9535ab027f9f2a9a8fdc21fd",630127472.149822
"9536c686b6ec514d92493f9b",780437334.658674
"953fd7541735fa8d9a342642",943763335.374602
"9543c16bd5eea47111e6b266",587601428.704715
"954e3065b1e8b31a68f6d4be",901652214.502442
"9551dc6098b721dd495e5c57",1221455582.02404
"955544a0bc2eff312e965c2e",1339090022.14855
"95561bd325f60967cb6653dc",1194554312.06698
"95570bee1792641c7c12e4ef",860864307.806535
"9559637fc2bdf96defd2438d",918670775.585194
"955a15a734e56eb287555307",483671634.862734
"9562ef63320854bc6f94b5a4",606631942.557056
"95632ec6578a204881694dc2",634382437.318013
"956600c9a4ed31e588f8c593",1058324136.53125
"9567966987eb1d3117677cc5",487347976.968804
"9569a50febeb4163e28c192c",1010168403.54235
"956ad3b1dcbe8f236efe2d2b",632230000.661661
"957731b9940c9131d92a22fa",1054399460.76474
"95781f187bd3fffa3d1b19f5",552656684.32915
"9580bf8358095abb15a10c36",379669850.53548
"95815bf7c79e4bff3f41b233",826367199.451583
"958f3e102c6ecf5f6386a004",551415912.187194
"959397711c3f452486ae591c",778365036.747549
"959b2293af0ee4f7c9fea7c0",785956977.200372
"959b7ea50d93bf1c36e35005",935520770.324226
"959d0cba47f650933b9a5168",1004596740.16038
"95a7b01cd60cd10e7364a600",786050034.889913
"95ade3ab8dc04237acd6441a",568563004.600458
"95aebb36dc0b4ea86db49492",1055841202.11897
"95b822f76b4d3d6ceb0c5077",792340612.842762
"95bb852a958d7b16fd676e3c",997318207.293832
"95bdebef7fdc2ac0e9541c51",1084023988.64094
"95c9cee9b36fd1d68f647aa5",706350742.223411
"95dae083200a9e43a5aaf210",1159421614.19244
"95e561c7292d64305a2cf4f9",916875335.608187
"95e5e774dac6f0159e8afc0d",795787792.483906
"95e98113e39820523e95adf4",710676691.508727
"95f17e64d2222c904a7d42cc",824639671.117309
"95f27bf0d25bbcd0d1eb9cdb",827267713.273849
"95f7bbdcfb59b4cdb41b0394",811588300.792219
"960c9349b6ef9b747ebe5829",1166484246.35473
"961886897eda4b0ce54d1d82",1082262497.63638
"961baf163a07179bceba67a2",1132862971.62061
"961de1cc8601447b03682e1d",917770763.639748
"9620068cef0622c404e15960",1024548880.52289
"96298da2f44ca873f345867b",650245595.375748
"9634cfebe7e6b095f0065ee7",801822665.527975
"963985c57392ed0423d74caf",829206973.66491
"963cc728f3bc207a7ad74ec4",753022109.009168
"963da21c3c571d7bbc36f1b6",605752262.830043
"96448fa0eb077563a2d168ca",483082885.761664
"964734d3430de94d22c927cc",446471374.416991
"964b7d9de17c1ce396fb83fd",601474025.437688
"964e9c3f87176e761484543e",696699693.21286
"9662cce3c4b92d1c99849899",999942205.943688
"966e8fc9af08e76f8b276245",558380796.79577
"96786aff35713dc21f6bfe5f",1032271373.84289
"967a7676754d6f9aa3e14473",462256195.087813
"969219d7b193ac92e7a008ec",769170287.967787
"969b956eb7769b6f509d3ee6",1032080980.3915
"96a478c359fea0014fde607d",889779895.756639
"96a77e8e42d676b0da3fa572",934481837.982855
"96ad0e75433cc18f20ed83f5",705646427.126026
"96b3ea80cce599b68f96f86e",811588300.792219
"96cb3c08c80815907de81e73",714680483.821984
"96d14697ed6847ee757d113f",487179692.168934
"96d14a1d29b7abc2cad573cd",836927231.246296
"96f59167d17d1c99f31be997",824512265.13559
"96f5db1dd0f36d1087172fcf",765943657.928638
"96fa88a07329d3988b6b41b3",900790646.211154
"9700892d7133ff2c0d1763e7",1233935093.90472
"9702737c9e4ecb12d0f9ea5c",1008580556.61488
"9702cf3039b86f97c003e20c",747263979.552935
"9705748d2bb061678a80826c",1069378112.53455
"970c0d4928a9292748c0fd00",995024909.141377
"970cb360eb64128037be7e23",871361342.362732
"97106114a8d353ffebbd07b7",574332388.789672
"9717b066e135a82feb422181",702636984.429169
"971a322e9087b67650689ea0",929975874.926633
"971c610e55f133a1d1e6c2b2",827537337.98659
"97337d2f347a50e0ef518516",480746389.811583
"97388d009acd9e5ad49e7c4f",512779604.221305
"973ab56a202e039f5ef37353",574779065.408532
"973afa2d67c20297aa108bda",582655455.254112
"97419310c7e696dc8ca61f7e",768451102.168136
"9741ff1b895a038c32205784",1047269273.27451
"97439d5a82f970e7f50d51b9",891336925.202615
"9752758072e096fce6f7f4cf",604377108.434683
"9753470e033b35407a2eca2d",946217299.773464
"975482a692bb98df98b2f243",515739653.737855
"9756b47e9dd47f99dbb23115",837649610.948993
"975ea2f56001edae07f28fca",489053139.505178
"975ee5aeee84593bbeb331b1",414365544.7586
"9761b0f43949eb5307472ba2",906940490.157854
"9762ecd72557ad6728274e1d",874861696.342963
"976945e68af6a66f6fb0850d",696243086.351255
"976d317efade1dd77ef3687c",518313115.682268
"978195f1745ab7e3d69e1f50",880768813.625192
"978edd828fc71300e6723e06",1140269876.63175
"97986583e1c988373765eab5",831097969.668154
"97a22807207cdfb341d5c50c",340570068.775307
"97aacb0847561f45a5540f21",934309480.958432
"97b12012ece8a740944aa547",1057011954.31364
"97b57932e5e20416bad6919e",1241703370.16354
"97b69097fee8d8496a6b8c04",703221590.065924
"97b791fd94b2339ba115a75a",1107193968.82905
"97badba651a94721af5df3f0",729721959.329409
"97c799300453ab511bd06361",650716063.965319
"97ce3e0ef38ad12f7fa8c4d0",375460435.972472
"97d49e61c1ef55451e52c8e7",958696046.014394
"97d64459dfb368b1f6067ab2",880913436.744959
"97def72de478566ad58020a3",961996162.259992
"97ea5dc81ba49ade4f8f580b",751335454.884447
"97f5e6ee143998e0b3fc97c0",860524494.478681
"97f9cfef1e35be84ceea2a46",1202879986.27888
"97fa4be3ed93c37c048f507c",454020668.571032
"97fc10f5ce4a6fd7357381a6",705642568.872973
"97fe6eeed892111bfa20255b",503130679.321857
"980bafcd065c8e3d6cece127",918422612.442505
"980d809e549333b475477bf9",648076131.282544
"981b55d5c38361caaddaddad",739390892.193202
"981fcb79db3881259eb303bb",678814231.142933
"98318f22c00ab335d8aa23c0",857626592.678592
"983503bb75d84c410d1c5d3e",1083751857.38873
"9836bf9b64f27104c7863b79",622820742.012593
"983874e637a1a5782f31089f",535111014.748711
"9844c3773f7a50c71f218e99",926288286.337496
"9847a4ab995b7b1c30196704",1286577573.80696
"98502628de3c4fd3905000a7",697576747.783137
"9850d970fe9fd9bae89f09ad",830789838.627932
"98510008e150296ca9d27d0f",898886104.887751
"9855712ed7be7e865656de13",752751640.495669
"98575cb25b358dde32ad042a",1145129454.50312
"985e40843a30150e6892e4f9",820760534.755681
"985fc7ab5aabf1831ce3d298",696913782.743214
"9865836c04a9582688f50496",491758261.243522
"98665b825fb3a06b914d39cf",1116463100.00279
"986defbe9082519824ebc882",1115937620.78098
"987199d3a23c08ca887b301d",873582455.58757
"987476ca395533347581b2df",720663699.855806
"98799228c26c9e4899bed65e",507838309.243886
"9881fb167319b34cc23da955",1247292864.05073
"98865eb2f40b8a30893cd351",574519116.98189
"989360149d9cc6088391db4d",748367209.118776
"989a4fc1590097414d7c3fa3",566942366.501564
"98a0289e513d5ba036b24252",606361299.260368
"98abd5139cc3ea136faf7c8c",1049048996.73368
"98aee6a36f208227a992f9b6",1219971963.68483
"98b77fc0888335702d082f8b",846445910.527766
"98b973c8597d5805f87dd074",905971532.257266
"98c5b154ec80083bf6f51835",1056619648.24734
"98c98982020ba42198aeb45d",719546541.9347
"98c9c866109bedd605ab7dbd",1019448453.2106
"98d7f0935f021acf313630a5",681950139.947987
"98d8411005ac05d77cb12516",1030335981.27408
"98e04fd660ca1276d1510a72",534474834.001978
"98f253233bfcd16533e2a448",993234422.972957
"98f2d7810641693c44096ada",853577275.247558
"98f89d21e5dbe53f8704e745",762201868.5265
"98fdd3fc6c9447d0f05eb1c0",497949465.336161
"990379c9f9f210206c6f1916",1168587797.83211
"990c8d65ca11a97a1d34c5e5",846724925.350377
"991a94dd1e99de493672da14",581664647.571672
"9931470b50580f51e1a4fac7",602579230.04822
"99340b6cf8f818392d501e9e",1188063771.97063
"993898470c6676ce46ede92d",932349324.1506
"993a18ae04d78d374f854262",873420744.871737
"9943a2530009f62cab6b466f",845590523.629019
"9949cbc958bbc0114404960a",629580916.123971
"995362e3fea8e54538ac135c",809345742.330963
"99543a17b33ab955d03adfef",906741439.47162
"9957ccd807718945178bb847",1050968027.96883
"9957e5492f63fa295772246b",966524803.147273
"99587dcb4237fe90acb15b5e",533492828.986456
"995a5799d9a1a7e4dfe4fe34",798001639.370904
"995ba6d1fd63d5160fb18e71",1145977117.45512
"9965f598c5b95b3cfaac50ad",1055671716.18491
"9969f6f4bfb29e3a97c2fccc",723435366.697381
"9982169d6f3e9ca61dacfed5",678494326.898097
"998c1a6ace613d8a7468ba5c",1021147396.74735
"998c864a446f06d114f42fa2",1125579362.40351
"9990217fa4eae1d1c4ed051a",1075026671.04625
"99970db787f55a4d1963942e",477032474.655892
"999c8da7dbed7412dcbafb70",751416618.079396
"99ad7b36c3c916393e951507",729905066.355704
"99b31d0b5d5ab75a2653b1a1",527541709.61455
"99bdce7cdea643b0442976f5",850390816.920996
"99c1b39476ee8e2ebfff6ffc",778621966.536735
"99c539fecb3bc233288ff905",875285632.649432
"99c69eeb96e1016a7e53b33f",775876628.936251
"99c6f87ac92cc323c8caa005",1005692416.30655
"99d39d72083d7485e8944a3e",730962247.499252
"99e48a46a1a599471d3260e0",447640539.413627
"99e860bbf3033ee4654d393b",885367161.829407
"99e9c4f8fd7fb7929da10a20",491897478.556904
"99f10097f39b32a478877340",749625186.09913
"99f1712af0fe96f67d11037b",645623496.765672
"99f8eedcdc31cc0ff6fda7a6",458260261.157678
"99fa9611d644cf325e20e603",1392822022.01645
"99fad8a7877c57c0af05b318",518935587.901537
"99fae85157be04554b236007",728955948.021898
"99fdac6a2ddb1136f7117f0a",685327923.747238
"9a08127164a0bb61cefb3680",439386224.497323
"9a091c59b3cb4c730372b34b",440671553.305554
"9a1819c45b01c341647a2410",882201351.771636
"9a2051367d6dcbd90a4d60e0",713608359.05497
"9a296eb9b63ffbdf2a07cd0d",909135988.385513
"9a2b53c1c7151a8b26a71edc",602397481.44649
"9a3368605e5f563e29182f3b",746264701.932208
"9a354d8c526efc5bcce59dca",695206440.20369
"9a38e7293e9ad7d8462eeaf7",1254486750.1533
"9a3920f803b087c29b487cec",533789934.661233
"9a471715e4c4865b822a6b77",563011859.12286
"9a51784f33b0cdfce8312163",663930158.597127
"9a53016fdce3d3b5c2baf3fa",1236543854.36595
"9a565e7220cbc3d5d340e8d7",731766365.574488
"9a5fdeb5f389590eb46e7aac",1088995102.45342
"9a61bfe6ba2b8364a92e5a97",949381242.679578
"9a6440e5318b2de28b180a2a",843856718.588107
"9a65fe451b30c59beb3d62ef",983703122.394016
"9a6849637f1b8332ab289e27",1529328599.86427
"9a6a8802cbf3549870c55031",440013916.585983
"9a6b537a7319b3446977919d",1496983849.31889
"9a6b77dc2c414f0baa11effc",583742124.200034
"9a76a405640f670c6355630a",719461424.015807
"9a76cc7c650230c670e703e7",706715808.426885
"9a7f24ba55c92696d377bcb8",1012864486.29397
"9a889078a0225c013570609f",438036044.434431
"9a8d13d56d677379ebf9a347",1149011425.64882
"9a8e471c8f4488c3799483ba",535336259.710882
"9a9553eb431458a3e30fc672",930611093.804791
"9a958690c3947f5a8f05cc80",1011223930.44896
"9aad22f3d25e46538e1558fb",906335222.584351
"9ab245a4c91877cb7a8661ce",953228309.76385
"9ab273eca8cd5dd4b6339ca4",488788123.53289
"9ab385e399a4673732b6a799",986921499.364215
"9ab4e5f8cf2b807603329cdd",1043981644.94951
"9ab5ef2c5650c4bd05248990",512779604.221305
"9ab74e81283becc00a779172",803945198.489467
"9abad9f79352ed42d1a9f099",483736046.733304
"9ad9ac8728cfc2387285c24f",547743209.636414
"9adaadeeaf6a403e1c8754bf",1143030686.12206
"9aea45bade274e4ed91ec301",724844918.868143
"9aeed339b2d916cc89f38bc3",686597838.172547
"9af17837ac2bbe7c8ba16e0f",798662637.150037
"9af6ac77a9aa0c6da3cdaeb0",448611272.151822
"9af956dd8d83bc715592b97a",389874056.783891
"9b06c7cebd33cd26cd6cc089",1549078400.10489
"9b0833992397c6e50b54715f",574956232.91877
"9b0abbbbfe0bc85686304ad6",993574985.07033
"9b1223cd8c9d7b348d6a5c94",902331733.26103
"9b13a371ed4724d2e2966447",1042848401.42107
"9b1590945c0c7f7b0704d287",817654459.581289
"9b15aa6c85804621f5c42566",948502867.705529
"9b184e58842bcb14dd42103b",740026146.281981
"9b1be976725ddd512cd222a8",1219956624.47288
"9b1c23d616e9407fff6553d6",460133385.257648
"9b264d26a196a76951308cca",715931927.449483
"9b2c7e6cfb2d6c66e1ee8a6b",713345145.655509
"9b30c679d7da9169580773a1",984498987.073117
"9b337cb1451a8fb078dc9a07",751422485.924893
"9b3557302e940d4da341cdab",506100642.343384
"9b3677d498c2ccf69c756ec7",1254024034.55039
"9b3846c7abf642e0a6220e7a",648046279.74412
"9b3cf0d1b91b9c6a2a887647",653164213.029198
"9b58b5c993540ec3ab1e4a0c",885668061.761772
"9b5f013e795f5fa610d03238",810677273.219645
"9b7de95ec90da0dc8cff7011",848623197.757675
"9b7f17ddae12105d47fad7eb",913773763.323956
"9b858a70a031475e422e375f",774810177.824737
"9b8d798a2c455a960ee74503",607033460.670496
"9b948f070b94c18e00a857a7",526211997.498307
"9b9db425b698a4931173b5a4",702474099.002196
"9ba689b29d0696fb7ebc44d5",1097400952.20522
"9baa578a930a94f761119fdb",401060680.54959
"9baf7967c49fa209de8dda95",713766566.697805
"9bb193ea939c5308a738fcef",645195198.100457
"9bb9864a6bcff25b17477717",648080288.156517
"9bc12d9c9ad95064412c3413",817402558.380991
"9bcd34e7a974c977f65925f3",1471430131.92583
"9bd500fb24eebd53d8262b62",883832680.609848
"9bdb1bc52a9ddfe92e6a948b",877834303.196823
"9bdc79dd02cdf39f92e8c869",885515566.533523
"9bde9f216ecb90814670e87f",729888258.716177
"9be92b361ffd3ea2c69be23b",811463781.863161
"9bef4aacc63605f2b2b62292",504525386.375948
"9bf2e0c1bc82010e92da2540",852574706.464715
"9c20784acde0823e9479be2f",744250354.708794
"9c2c22e70cffe6836f554f24",670914022.928256
"9c2c2b01934d1d519e651786",977405656.558261
"9c38b9798313a3091d13b340",1129772873.64157
"9c4ce4e9f12764544cc8bded",920693430.386347
"9c4dece6127f1f3f3bc1e0f7",830036799.657774
"9c4f397c093dde7de5d485cb",874302955.826965
"9c558e10e5bbf230f16968f6",1120290516.32289
"9c611e246a612ac6906abe8e",1209674169.12067
"9c63c6c27c74c03f071385e2",835003981.832838
"9c6a01e3c7ef87d27185e9f3",783371604.762649
"9c6d7e6260e4fe83d43706d4",596517496.798302
"9c7bcf000cb37f48d9f15422",934272740.675335
"9c7c68df14c238ce0b497dd2",710489461.2503
"9c7f7b0ebe440f60d3bd478e",467041176.649336
"9c942287410db3d0739e182e",617409365.530627
"9c99a85c5dd878568582dd9f",659330557.851073
"9c9c2f05352c92c02d080e96",1442115808.32987
"9c9fd309cfb505b628f84fab",991503830.789201
"9c9ffb3401ab6ab90fcb555e",1443446472.94101
"9ca0839c9c294674e86eb691",1147722448.04504
"9cb40496518bb99a7a00a2ea",1396361980.77856
"9cbed1ed72b444c22d8c1614",683861850.41588
"9cc3c05f0e81b8f6454b80ea",522855935.676758
"9cca7c1e9ff65766c8dd2e29",686219519.653097
"9cd01a5cba1674559752f5c4",1354340438.74624
"9cd1127b1bc10db6b8ce5d4b",1262184519.37742
"9ce3000cd80aeec2c5188e8e",800538896.909925
"9ce7fb3190866e6a02e01e26",662939268.064295
"9d021f3fcbe5f82fa1c1fd94",722407702.784803
"9d028997ff036c154c3fda0b",1122038800.22702
"9d0ae0c4dc11d8c6d94e545e",870897989.488899
"9d0d2774fbcb6fcc66b865b8",700110736.771332
"9d157878dbb41c14b52a956f",807661170.154743
"9d18c354e8939c9f18598f22",560170883.379542
"9d2a195e645a9e8556683b4b",895617651.875291
"9d2ec1ed9eac77d534ed514c",789009078.508422
"9d348aa70957592dbc56ef32",776935090.027431
"9d3f5b59b9735da05588b3d5",832879777.593606
"9d53330b44c300e396cdb402",822132159.201117
"9d576cf721ad30ab1a4fd554",446314332.887328
"9d6288cfead77d622f5f5b95",804719977.964375
"9d64345229b60ad1853d94ce",739153587.154287
"9d6810aa1035e91b72de6a26",707648510.398462
"9d6be7123f2c6e610971374e",946302226.041154
"9d73758bf7569cab4837e49c",833304191.274133
"9d790c8c474c9de2afeb00a2",634423190.4218
"9d7f161ee660b1bcb54574b1",1278720260.90506
"9d7f2c004fd359136a662c9c",745623661.957276
"9d805330fb0df9ae73003ceb",656623038.250188
"9d892f73b02f001c2f715607",575889050.073815
"9d8affa93ce4dc7c1a21b3a3",1082592892.93024
"9d8d3e6fb432174770c74e71",898353694.502804
"9d8e7178912841c2a1232ad2",621065687.753097
"9d9564415e52518c2817f66f",685759610.905195
"9da00f8ff8e19d26c1342274",970488738.192145
"9daaca90887e5144c35daeff",525971117.576337
"9db120a76af04028d2f0ce68",438852072.356353
"9dc0c6ef8389978be58daa59",754774199.68618
"9dc7b0a394309d8b76d0bb7c",877188198.41257
"9dd98816533e4ca8516a5474",1151245030.10293
"9ddc14c8e7fe7ffb078e0019",1000194224.52969
"9ddc1924043ee8361201b39d",1160768065.94971
"9ddc7272fe43f07035d3da63",1549649986.23568
"9df0663317db1cf4121a222d",736862235.240228
"9df90c0644948ea5539939eb",985733690.459439
"9dfd5df5a2efca3fbf2c07c8",524370180.459891
"9e07dd563b6ff4572f5d9031",1077242054.53109
"9e0feca2ec3043ae6f840631",1114348102.99742
"9e142165bbde850d4379a49d",508044618.360826
"9e28972500d8ca3fb3b76fd9",1126652317.8882
"9e2c21d635fc25f7790cafa9",539714063.323863
"9e30b310c820d0426f504d90",585351153.378285
"9e360588b18cb15aec3b6609",469467737.984915
"9e3bbcdba89c647e4ce53182",828647884.66487
"9e41c4b41cbdc2553d80e362",1236249671.79211
"9e41f25cf2e77f3fbe903368",1132719625.56565
"9e45b127ea0303f973bac9d1",382604441.954277
"9e52ce2cb6f6b7e2a152dd54",736787629.818986
"9e590ad7d22105456bebc767",974316793.778733
"9e5efd4741a57b9af54e9265",665565042.930805
"9e617d1fd8a4f33d7b66098a",1491907049.3726
"9e7ee8e17b1e76965e96ef95",991508901.408012
"9e80db4c35139bbb18775644",1105568512.39323
"9e858250fcb7320b65bed9c7",1043061760.48369
"9e871ee8a61b183aa9051b72",1161983501.32606
"9e8a11484838eed1f4673a32",773249351.908919
"9e8cbeb53820394a460f0879",575166871.116683
"9e90e02c8ed3ad137e4c3abc",437597310.227576
"9e92b27f554068b7dfb640cd",498265367.415512
"9e95710c61a4706e21cf70b3",953961704.774065
"9e9e3655ffa5921889cd8ae1",1066513457.11226
"9ea78159ad117bd9c0b04291",536215158.56226
"9ea7a0d65493cb5487ed2084",732727632.491454
"9eaaf577807d86ab64fb14ae",494202462.10795
"9eab02171cb5f15963670172",1402311687.23534
"9eabba4531191127ee91621b",1140071195.34224
"9eb4041ed9e159ec0d890de6",476132851.400475
"9ebe11eba1a88fcb24fcd141",816157934.34676
"9ec426691c80918203394ee1",499350103.932938
"9ec5fbf8767dd0d2744a79b4",741704770.120835
"9ed0bcdb62b2223d716d40d3",814693942.949065
"9ed988dd6739eb7ad7aa5a06",988742576.419362
"9ee3218bc61636cf0d7f8107",566898949.413266
"9ef3691cdc2bcece41b47e78",933541273.036687
"9ef498b11563827597c82947",718498036.095501
"9f06ad3793ede2ba7f39de43",825121502.390837
"9f0bdae4f8609ec93588de3c",738635799.822285
"9f11661702873852a3d65ed6",486084506.966982
"9f118569fb8b084f0615fa22",589643565.898652
"9f149071cf61295815e3f875",761670860.662114
"9f15c77d67021f349714806c",488883146.669978
"9f2498c12d7b41c213bec0ff",478703707.491036
"9f27627b9e439fce085cb01c",534004331.289122
"9f339d547d83b4ef956a3690",831272418.573605
"9f347bf53e4ca4d264a45241",900729486.243211
"9f3680d00c86707fba024dac",943539721.960958
"9f37bcaa95fb0044aeef6075",658030392.076993
"9f3dfa6e1422f6aeac527c61",523913955.071186
"9f3e09a3461bce2fee7e1c40",1519438168.23063
"9f41ce015f02d67e193c41f5",600923118.793559
"9f43c80d2fa31a09592b030b",778647247.139095
"9f4a25a5550f016ef2370229",1266883179.55733
"9f504cc4e6b170155d38c687",798756233.959198
"9f50ed2b7e40847ffd877f4b",1081833796.54831
"9f52855eab4ca5161f1fb492",807442234.062054
"9f5cf735a842860e7ac753cf",638408290.000456
"9f68ff98e302ab06df4fc672",661146662.066834
"9f6ae3eaafbdfd8d5c0e64c8",1031672796.26895
"9f6af9ac2404a8d55f24286b",660667828.810853
"9f7204b4bb3ffb8591e3164d",977702178.730765
"9f8697b55cb665ebb054f9fd",506053376.762094
"9f9f2548425519863e2cd6b6",438597816.015129
"9fa391febd5d0a8e4c6ecb8f",404526213.49355
"9fa39c9eb4b10a20dda6c3c2",1002101490.7477
"9fc4385ea76cabf741d38789",653914249.708207
"9fc8c3523883947769b2fe6c",1137583318.62593
"9fcdcb2be94744d00e734a3a",1043996060.31083
"9fd4adb5c63fba5a11661b23",466093687.104937
"9fdbab0b428f19e7e8dc35b0",1066964450.942
"9fdf7d85fc65849cda3afda7",766497059.665826
"9fe75dbfd537f9ebc6653f18",745187380.655318
"9ff06409b37e5b5dece4604a",678249523.314079
"9ff08a6ca1c63480c563442c",991137214.48152
"9ff3268cd15cf039ab958413",660967377.97823
"9ff3acb07666d53f00d1f1db",886777081.340627
"9ff4b1fc1970cd5c102cb755",960853217.891648
"9ff5828e084070628ef2ad96",799898868.386519
"a00863c7c53b2c059ce22dfb",485400845.689548
"a0087db5e9e2cdd6073021a7",816634609.418342
"a01a51af09a3dc387a18b58c",323152756.039856
"a020e479dc5db78794a5fa77",1071085314.02038
"a02bf67aecbac445a12da958",1371079592.96152
"a02f6ef1f148659297d46b33",775927423.438658
"a041ed3fc0b60fc4ce3cf847",836339700.510282
"a04d3f4eb8810a346fd29ab5",1082389734.33421
"a05da8df13eb4b121d536912",716550726.329238
"a05ef49ad8b2d6c466ac7412",1113752935.65186
"a06733f7b3ba964c20ae2698",896372762.34879
"a0722c5527c6d3cd5cac9477",1367328195.00723
"a083fd17c5e7c9d33540b922",728151683.082823
"a085fab6d9b9d8c24472cfb0",1371585500.26711
"a09413ca0b723170c26652a3",775085966.746753
"a094be8af52cf76977fa5083",950858686.980847
"a09c957598e6cde56cdba03c",706385590.395345
"a0a8d63b5f43b87c0c7e1fb1",903754678.72912
"a0b178016cd26a1d2072e7fc",556065693.413635
"a0be286778d94153d3b22ccb",883374567.622221
"a0c6e0c6fe41e32b3bcb2b26",1095235139.29864
"a0d5001f7dd42d7f0c91d2a9",469534084.11048
"a0e15809e0a284fde27b16ee",815062204.926896
"a0e26a9d56cfb3b7228e5d75",655079096.792231
"a0e3198470f97f6a169044b3",1156885287.74412
"a0e53cdd1132bd19b8ba0c54",1008822154.19328
"a0e9310061ff0084d63dd242",1025996233.96597
"a0ecc8ce0592a40959bd755f",799355701.120456
"a0ede3a514cede68b721d994",798851945.437053
"a0f1496a0b4a7cd8b850f010",963919995.747299
"a0f1c94cd34fcba92f59a59a",1045086149.12474
"a0f28aaedd12f3d0eee8c6ea",510718738.714922
"a0f86ac00934b57d85b44dde",804432288.727181
"a0fa0aca2f6c2ae65a98ccbc",572493393.73317
"a10055de743532d7b7bd29a0",707591512.530609
"a100f050c34e438070ff487a",721322509.615544
"a102a0a268840439c2c8f4c6",614262254.137648
"a10f459124248ef30f290cad",671310859.60667
"a117f625c794b7d52ec67cd4",930595126.26075
"a11a82cec7f8a243e2f90539",854750499.003424
"a12ac99bf63b547fd9180a79",450660395.813153
"a12f0f00148e564ef78838c5",724853072.372538
"a12f49f4ac3c5bb0dc7d8d20",555989719.176636
"a13004b87c6d7e7bf6b75730",545308806.604917
"a1305fd943ae63715529209e",737963020.605342
"a1320186028a726935bc1cc5",708430991.827532
"a1368aa4d3ae850bbfd90bca",1177020320.24095
"a13a3638569b89ddf1260470",627545230.404501
"a13fc9e9b4e47340a5d53bcb",821943524.87993
"a13ff325f90eb49363f59052",925083470.400377
"a1421c30fb33a249bcd54394",651356646.80415
"a14506a4800c27223fc34728",752701622.022652
"a147a8c29757c5d0c592d347",577339408.479576
"a14f071d8e5c338d9ebed23c",630549187.092738
"a1508f30ba87423e7393b4fd",1233707505.33909
"a157596804522e03efabce48",1010998637.69561
"a15a12446d2e5993a0a6c423",912691900.409689
"a15aced0fffc97e219f99545",577181522.766683
"a15bf12a6b8749ac8f9de19c",532808915.279836
"a1647603f732f97a99f5ec6e",1153083216.66873
"a16ca6293e2ee2969f3334c5",856849764.878863
"a173eb804f4bcf6bfe889417",1271753791.16005
"a17807447696896bb61ef8ab",802047163.837658
"a183a1c009abf7251fd725a1",835991700.891796
"a188aa896d1b4520ccd6b65f",482568705.931434
"a18925f908acda4171bfbe36",1071513806.61373
"a189bd7e4eecdd18ebc7d353",1124432407.76498
"a1ae6f9f5d02548c89b23904",803237282.00166
"a1b0b8d18cd78b7cd555dd55",1136470586.97858
"a1c2003dfcdce97d21f9cd15",795215784.563735
"a1c975ab16effc6f97935e16",860511641.346566
"a1cd215fa99b8776818d0b0b",447137970.692642
"a1cd867286d6e82181e5d1bb",1081349798.09683
"a1da74ec074df16a1e8690b9",1283938324.83163
"a1e38854d6725e9c48c128b1",393464765.72766
"a1e8f0c7cfbfecfd1549b0b5",709096011.637996
"a1f0d61cef676fbf798b5473",506151615.849568
"a20435d582c7646db231e7d2",994473677.265606
"a20cd5193779526b43612ebe",643875530.165462
"a21923caba05da05449d60f6",733317492.77642
"a21afcc258e50a538dfd43ed",556599768.943557
"a226b4af016a772dc7e39ac8",687428959.389183
"a22bc19d0d83b13a53630b7b",752599771.857624
"a22ed42197987a8534abf76f",972850098.270105
"a23a13e43f3e08ab82c6ef82",468674694.164076
"a23ff4d1b2e24f537a75242e",890932473.808971
"a24901956dac4ee0e4b0c91f",908968306.181979
"a2522c9d3edb7e7a23a42b74",1256999511.31326
"a2529027db6b525e365e7be0",681113364.484466
"a26149f589edb9a903782a3f",791838616.110712
"a2645174e4e15c49331f576a",1069863833.02686
"a266efa4e41df357ac4edda4",1074388594.45623
"a26e967b288a1eb6d8e71d46",554454346.977436
"a270fe47ba30ef0056ec6c4c",422955811.008371
"a277d5e8216fdc3d7c93eb2b",796158922.919453
"a280fe7610c254b935c9dcfc",494444180.636837
"a281d59b685eda4978e0c84c",801596765.436698
"a28a31f7d0e3fc6298606078",565831679.387644
"a28b1d82d3f7dbf8746d5742",941858675.772874
"a28bb09e30bca82627e595c2",945856711.921691
"a2905faba4c1177603e6cd5b",1113419285.66007
"a293de027279019418c070b5",490841956.604961
"a295b12b773127f15e83e174",786235312.80358
"a29e18f37ded2e901181d7d2",877104770.513656
"a2a1665a693852185673f6c1",1203101887.9286
"a2b576643f7a032371587e5e",1253561489.61948
"a2ba273b099221390bee92a9",627789899.215375
"a2c033f497e62ea10ff8ba3d",837345343.710549
"a2c3da753f0116aa5842d4ec",656986497.492658
"a2d1de4211aff373009809ec",719256391.736234
"a2f06081983f748fcd74652d",724381650.885109
"a2f3f7a1cd573e2a33f52e2d",812432083.902017
"a2f40c8227b466249d6cb659",815505333.101354
"a2fdc7da13d098cfeba13b76",686318102.875894
"a3021c7c465dfdd38cda9f9c",876847961.507153
"a302ef23e1d0d6a273274cd0",405323432.91423
"a30e69524af9c1bddbc5de34",699479239.348557
"a310528e34207b5dd813df8f",642405064.723356
"a315b497dd8e80464bf0480b",904306982.320241
"a32d2c51f2bd5f23bb519d12",998797058.541017
"a33329c9ed11ee8b87aad6b4",561768800.663631
"a33800eaaf178e01558ee926",816834595.980879
"a33bfa6cf99e26bd9c49f8d8",737143960.256861
"a33de2559b5f56d1b3cfce08",956785399.706252
"a343e6ec6eadb287711d3834",667145200.494548
"a3460f00d48816ef66e3acc3",677018447.199205
"a34b3b037805f2ec489a95fc",768258926.849674
"a35450284f8dc27e0ed717f0",957803129.206837
"a354cdbaff42acd1a0b5d82d",896775678.937378
"a362533eea6c235049bf3359",667499780.014634
"a36ff3637b7d2b1c52999ea8",976176872.123315
"a37522af63bbed2f4d10900e",1549935858.38617
"a379656c49f4cb1cfc5b3f03",953068506.931575
"a389a1ca097a820fd9af9d15",803533664.218399
"a38b2d75349c56ce04f02a94",1056667935.39547
"a38e7af984a471331b2d758c",916415780.760183
"a392f7f9ace844d712ab2b4a",986379504.984692
"a39617b7adfeb6ae7d5ee5f0",1176879419.47522
"a39f9fd2f143b8ce1f7e1277",787606333.255012
"a3aac701ae444b6d91b7bb0f",592708052.308266
"a3b9c1a3b81f17e6b22b6152",466376528.222378
"a3c3c9fc04cf2e2a051a12e6",717050269.146225
"a3c45875c0834b144f834798",606361267.100327
"a3c4d0ba7b85b9a6370e131a",1094561195.02484
"a3c7c54fa12d5b57dd997210",737947644.012049
"a3cb2a035f98276076f2d848",455820494.047635
"a3cc0422a37512ae124013d8",1184852890.81555
"a3d03a25f84f4d50d2a308b0",763008731.41636
"a3dbd504524f980ac5325150",1150544543.43222
"a3f1214ea44063ad10956fca",807442234.062054
"a3f32d81f4cd99dc85a16bcb",666875528.761212
"a3f969063f78dbd95e6ee795",705618755.258136
"a3fd38336516b98117e328b7",1041220944.42961
"a3ff6a1fe37a1bb736b1100d",957721777.170806
"a40861d6573e4539ee3c23e5",612425607.725477
"a41210034abe19957b317d1b",968047147.520778
"a41222195e5c7d7987dc3c7e",466417990.927234
"a4146ec09d782b08e8198e11",850766471.452165
"a4173461aa676e09227559fc",429940145.525786
"a418dbb6d04e505c133c6c1c",1020858158.85977
"a41d05f2ae3e022c16088bd0",1074534623.06284
"a42081eac6834da0560ea4ef",892566582.285681
"a4325969a50a14c948446f9e",761835686.282041
"a4410bebf9843297fe32d63c",696720771.790561
"a446507813234e358db8b573",545256438.48821
"a448d8246781ae78dae61619",715887398.743414
"a44c7ace8ab50de7ed8e5a66",651596987.399888
"a456f85bbae3f189ff424e8f",532207525.451044
"a45863121bdec787e119b14c",421042521.175783
"a45ba5d63cd1971de19c25db",854113044.021118
"a460aea3370926825b0dbc13",1097382920.31283
"a465a567a4f60ac534505bdd",1045267690.61902
"a4683facc81ccda10e9ae388",1278720260.90506
"a46cfad2458ac7ca4134818c",785360986.664929
"a470bd174fc7587dc1449c89",1439657312.45368
"a478fb93a131fee4119bb9f9",888396733.568355
"a480b654e1b8b7134091e613",756955738.251278
"a482103965890c922a66eedf",871625811.503015
"a4885ce6808ffdb878c41f97",610972244.363569
"a48abdedbe3d132276dbe403",1213320468.71177
"a48f29071cf207b27ddb03da",735686917.769297
"a493488dcd906dc74cf8a604",800321781.683573
"a49c2976ca4f24f3a6b622e3",736444044.512486
"a4a49182c79c72854732594a",491330732.741817
"a4a4a57cf20ad739291aafcb",548327148.665723
"a4a5b6a844c14b4eca92dc49",1099368936.77473
"a4ad34eb244e48afe23a780d",836987966.470171
"a4b16572b8bb786561baa3c9",1439657312.45368
"a4b23fbdbc7bbd45c5ebf80e",892936429.69136
"a4b2dd2771f49951c027eef2",747612256.546275
"a4b6ceedaf89cff74a292ab5",730682753.848749
"a4bc87ad4f1ad97c0a63d843",842629640.679315
"a4bf0c02f139c695845c9507",1011143703.53805
"a4c324b1353d2f7ea3ae9727",706721291.112738
"a4c70eae507d630c2f285eb5",1156872146.42263
"a4c71322f79dbbbedab3191a",783418699.611826
"a4ca465294c114b1065bfead",846421678.62266
"a4d4d6480b56d6198c0120d4",907535470.65276
"a4d5ea1b907e98be72b5c49b",525802069.663249
"a4dba76865fbd14aa19c0286",1029690712.2245
"a4dec2ce375ab5e4bffa5966",646509093.124742
"a4e4f56336e07304cb946b1c",833064422.358785
"a4f272acb4b3b4f5fc72e99d",955774119.649336
"a50640d13126880a423521e8",1038177495.49118
"a507a938532411f06c57ed8f",998680710.830269
"a51ad0372758b2bbfe73f8fd",860207091.277559
"a51d415712d8d6c8add7009b",803088670.741377
"a528312b77b7f84741c2bf29",817264123.32711
"a52bd93aa6b0d965914f1101",664981013.851508
"a52e2c893f85b49e2499cbab",932301213.616739
"a530e3ff6d7bc1abe333245d",719475019.670858
"a53b105919c7b46c0cc1b003",863884179.034657
"a53c748935206f61751dec1f",477788684.786799
"a53dc5c58f7384729ba37a21",814181197.520587
"a541b35c62878dc2c425235d",1198355211.4017
"a54b0b282edbd217e9509287",870293087.73619
"a5587c93c012375dee920f71",860959472.315337
"a55906464634558b94d9298e",665575424.648939
"a55d7074220aa6a750297c08",1089583111.97822
"a5620899d410af623a3ff4a9",1033497835.34501
"a56d3b5bc13c9849cf676750",799327854.255202
"a57350d4c79a415137281cb7",469855519.208831
"a57435d71ccc5f032baee302",927982465.436678
"a57a34c7486e7a40e8deb316",1077344843.02547
"a57d01ed5a9641ad64f7f032",688417788.698425
"a57f40f00f80abc7450aaf9b",810724300.368458
"a587c7419568288d68c46feb",768676378.985517
"a58acad50184e66794d8d704",720119933.942569
"a59320023948e2d915c07306",692514985.991464
"a59e7f0e0596ea6633781335",651840248.922068
"a59f1631e721d231eab4d146",1173761644.42153
"a59f39373ee368259b441de6",476190044.02178
"a5a3cab55661982b7d30bc78",670999238.648774
"a5a46af0c9fb5c0a03855660",887559040.286856
"a5a4c0f268548993b61d65c6",1083241939.89684
"a5a71962df1b8bc45bf5547e",687694348.977014
"a5b8869e9cd3d0cc32a0b298",877163304.277231
"a5c85b445f503a56e0e2a924",1300804451.52751
"a600ed86cff36e636d204f39",802802178.58746
"a613b18945052b4576595c4c",929196042.989338
"a619d30d6f2e2aa3b9613c04",512779604.221305
"a6259664a05091ef92129c7c",606585757.6265
"a62a6094ffed3ea7a54fee73",492685473.540492
"a632ececd6a023aae8a7b730",432459737.699576
"a636ffa140f80412f003734d",985739269.957475
"a639ec3b943cf90cb28bc1b3",572618371.754169
"a63b4a22614d334b4a61ea16",850303079.901202
"a63c26369cfbabfc9c2603b6",1126652317.8882
"a63c36f6e7e7ce7c7e7fe457",816498645.62098
"a63ecc5539e8725af4128cb5",797200555.752559
"a640228932682c0c04538ac3",865526029.197809
"a642351076b7706a733dc52f",683348891.104799
"a6555836840c7dd496ba9094",796295770.547964
"a65655a4f42564ac48bdffa4",639448175.111246
"a660d5809085b4823e287a5e",592412651.889411
"a672cd6c8c284e14913222d8",704521831.47883
"a6731fb85da65ce14468341e",560887860.501966
"a67412a01feb64ca6e772858",939893611.96519
"a678e89692df9b14da9f19b2",485230667.033887
"a67c6f6400a176e0a07d6772",836364046.726978
"a67ef3a182aa268bc4d9ea14",840421987.611804
"a681d6e9ccc7bc60eeaf7e3c",1047148828.39115
"a694b9ab05641a6325764e63",990844403.757115
"a698d80ede6cf6243fd9ed99",1038981260.64303
"a69ded1c20e05bd6b3a90028",841963014.66223
"a6a06973b5a4c990d5873b7c",603333457.335098
"a6a07d35b3834bc6f81beb6d",1219523713.94156
"a6b1ca7a4e91c4c0f4366984",700398700.40995
"a6b992c9bf4eb32ab3d1df4e",733489036.024277
"a6baf4631223d9b24de8b590",421036304.342515
"a6bdb6221b88a24c9f8381b0",878631059.254104
"a6c86ab7381f6c43fdd61a01",489150321.04755
"a6d7b144058ebc326b9803bb",560372651.28282
"a6da1996f66e545041d920d6",682715193.616185
"a6dac56445613d70e49647e5",995541921.914565
"a6f570e11883e74654898d75",908404194.089529
"a6f616d63d134f14ced205d1",1152615526.74038
"a70b6661eda6ef616e19dded",516344835.980223
"a70d32ccaa78ae9417aa7e4f",641474224.515853
"a70d331be751cdc3bd0aab29",410131668.5854
"a716ec25a219961fbe90f367",1272223048.77076
"a71d187784b309d65cea0b14",1466451696.45463
"a71d53ec4fd0d64f8c06da2c",997686202.390308
"a72041a40ca87928c695b2f8",575202896.076354
"a7283f1587ffd80f4723475f",416800836.689427
"a72f5204153b7c92f52d871a",795292955.031528
"a731b326a61043070c3c853b",807855470.841094
"a73206cd21136b209f25c7cc",713609821.476206
"a732aefa7ea4715325e9e80e",562810283.265057
"a73504d5982fef268f5ff589",783748539.302643
"a739d80c3fb6b166a2c2182b",430838041.109682
"a74214a0d4d40b898ee2be88",702039236.259579
"a742819d8e4cf8fdfda6e094",1276690247.70861
"a742f415d6c57e8493762c57",848918940.507632
"a743dc3903eaf3576046ef3d",841491722.227933
"a748841236a7a7fb33138845",442616780.844862
"a74be48ad396ae4aa33ffed6",841092678.982745
"a7546a6c6194506dffd65360",825578230.252539
"a7577260fa10bf408f1997d8",775552091.681745
"a757ba01a02acbdee50462b6",1241932433.76875
"a759e4c03e49c419c8f0cd2d",594830156.181505
"a7618c242fd918ed894304b5",749486559.140194
"a7620d5599ec354541c8af13",1429305791.89572
"a7634531887e969c9c5469d8",542907300.821724
"a77d82703468f2f9e8f2ea0e",827524178.965849
"a77ef77ffa731e8980d36b27",719938501.973726
"a77f5c03a98636d90f50e11a",1180905332.61573
"a7801c67a0ddd71c50ba38d3",448694029.852105
"a78417c74b8c99279912e427",822050049.647157
"a787382d96ef9fce8f27bc70",1182013223.69098
"a792122a1b292f482caf25d1",465863335.61099
"a792bde8819aebc5b2d73a6a",1101647545.93532
"a7a219e7cd18f3c4b83649e0",550967713.553218
"a7ad9c8b5bae531abf68f8d0",852131229.855319
"a7b14faa46e7b73ee4e95ee6",804780941.33344
"a7b15424d7c025d885636a72",844344473.506596
"a7b459470ef58ef3bed7437b",625194686.929882
"a7ba3ccc4831ae7e539f0cfa",365399683.098616
"a7bacd6f783756c9e7cdc068",629523269.420756
"a7c7923f9a4d004eab43413b",1301610868.08771
"a7cc7d2ceedf4d69664dc734",626088959.466723
"a7d8e636db44cf5d3ceb67cd",798891969.457503
"a7df0496d6ce217fadfad10d",894461645.814645
"a7df3d344010d5bb7dc70bf0",595549271.095099
"a7e40088cf53acfc65f4b3f5",1674145946.42896
"a7e41393473834db30f2c1da",784381836.460653
"a7e57a8be8fc8d8a844cf9f0",552464367.575236
"a7e6d3c76bb5507e00ccb501",1038198061.63322
"a7e97bdf2d4f2f62f9889c3b",703310279.486694
"a7ee02ad2a4fa122799a2dfa",1222720349.77921
"a7f0c831d82505044f370b1a",779754941.390674
"a7f1397df30d6521c216e331",991937208.667373
"a7f48fbdf807da68594e9ae0",731799467.004128
"a7ff08f7e09b19c1546453fa",791729887.492727
"a7ff59863f8719590146e71c",754802889.043731
"a804849802cc0820d25f955b",598069587.169886
"a8052c48a500926214eb2e1e",453267832.14115
"a811af7cf12afb1dd9b8eb86",786567628.303165
"a812ed43db71868625b351bb",995937928.585421
"a817e8da0ada143ac87277ee",500877034.730203
"a81abab882910584371c7b66",517565799.140036
"a82fc744f537ddc6fbd16883",987233758.280306
"a83921284639eedd4a511cb6",591071274.51779
"a84cafc064a35cc0ad698009",513528011.029069
"a8549fa4bb56a2bcc0e15b11",528906847.008602
"a85ba83751915d8d5d1a0e09",1025062938.19742
"a8633d3336d097920bc8a9b3",1220181676.34061
"a87c585acf2a147e381005f5",460507292.259865
"a87ed2154a2351cf26f0027d",1132456385.74858
"a8870552db951bc4e76e7f9a",645232012.420166
"a88f4eeeeac5ccd1ba9b8a4e",1174581997.92722
"a8944be7383b5689b5039c87",1021707359.01258
"a8a2c61f2b994411af5d9bde",1236015479.36551
"a8b457cf82926e25cd862af1",1153875957.09398
"a8bb80d99280e332084b3950",765474690.05885
"a8c5674b5d110d99a1e097af",666587508.70347
"a8c662f906075eedb098ae5d",826244791.547434
"a8c9489973c54b93737dfe20",641133511.464771
"a8dc954142c54e570bccdca5",727160975.486444
"a8e1adbf076dd737c079129c",1289373344.47978
"a8e696037f8747f562ec98fe",489315246.916668
"a8e74eb5eb523143cb291cea",965754077.094837
"a8ecaa9120c6da21229cf145",871641042.142857
"a8fc825e34bd9bd56ec5331f",888985614.876652
"a8fdb6fb681aeae4d5c22f9a",1099712175.61439
"a904fab9fa4f41a11f673fd9",1045473675.70672
"a9054883a22542257c7e778f",371084015.46721
"a90991f865ac81cdb3de201f",757361063.099632
"a90c60e05e29b77963a11246",800982017.610969
"a90df94f959030227fa015b0",572840158.295693
"a90f7cd68b662c87d9fc2d5e",892300596.884621
"a910019b3d18da92b4c6862f",791950204.122706
"a91664b9f15f9d6f262e7b2e",1154718693.10865
"a918c218ff761315988c6335",914591885.815188
"a91fd5b9b1a791a6af59b70d",1110682656.80584
"a9268ef5b7133cf6ed1a376a",836438775.356718
"a92ae34df90cbf8af7695ed0",631044740.186018
"a92ed9a378272ff174ce2688",440969364.046431
"a93a37e4cc75c069e14ffa00",477223288.149049
"a9407f510e67bdb27ad59b46",763792811.051546
"a947158782fe2832cea53040",1085931160.30737
"a947c2ea296f1da3d10b0a06",465942382.431639
"a949ede7227c8f8587715029",770937288.955377
"a966f298e8d4d3d580a72d99",594501083.181096
"a967a4f0b1dd36d7264cb408",874888728.352204
"a9683df184aa8b4ad5d0cc5a",1003984077.76967
"a96b19e82d9811d5de1ed0e6",364223189.72675
"a96cb9d988f5dc99bf5df4ea",856926793.419001
"a98022fc80dd6ff27de693f9",559407041.343379
"a98637742a212e332cb5d1f0",566899079.752247
"a9878134c12696d8199a1ff3",803337216.292746
"a98e4f4db7afb8a6c9f69400",575342106.219491
"a99261116e0158109b3e3bc3",429447478.608625
"a99df3a2cd4f2346c6e903dc",417416349.678285
"a9a4a765b1daec2f3ed59a80",545159478.070202
"a9a710b78e776c16eec24be6",895555110.159578
"a9aad230d22f7dede73acc8c",922857881.327957
"a9b18720f68c7002dc71c3af",679145147.205902
"a9b3d963a14c2c7435f30fbf",1092725691.6307
"a9b83e18ae78d307d1b39b15",813178965.91647
"a9b9263f6aafe8531f3dadca",833401005.947586
"a9b96d2a23ed155043085e87",860644785.799977
"a9c212f77a048ddc33ecebba",477364078.798704
"a9d4f256527be98066c493fa",1032080980.3915
"a9dd62f527cb0dbfa51aeb7f",780172422.342739
"a9eafeeab4ba51d3644f4052",471027547.711876
"aa09cc29ab2f2cfc79e5bc7e",872038145.161934
"aa1eaa63043c5c29ab6a1323",668430584.208686
"aa24974831a0c608635bbcea",713193397.295188
"aa25d9f8737f142b8cfa970b",828607604.334433
"aa26461420614755c2a52db2",529474010.470475
"aa31e5995379bc38dd40b8f3",970208210.734632
"aa45f8fda8801c3b4923f4b6",1082011691.65321
"aa4c66791884ea2a8357924a",688290816.04171
"aa592f388454d575e0006206",595557759.733584
"aa643acab634ee591a2a43ce",900895648.587954
"aa668782ae5d0c16e57193fe",911489614.95441
"aa6af44635b5d51da4b02059",610226709.797961
"aa703cc78a1ce659901e711b",681764344.924511
"aa7551be1b8d6278d38fbb00",1020621151.5386
"aa75ed5781e6e8584143daa4",793715218.53948
"aa7a25411bc0f9f93dcc40df",696099436.780915
"aa7f56d05ed29183b825d61d",616744178.753501
"aa7f5d0d2fd5474cc67cc70e",844260061.057003
"aa843a050ebe8e4b3a04e9ef",950804387.895126
"aa850af0c6203104e6ed02fa",677700389.391853
"aa8a19a2fd3e2cfeb3b7dbd9",442101891.038146
"aa94d2ad36bc0e91bf561be5",970239469.464816
"aa990d4e5f1a0fc4f0bb29aa",1038177495.49118
"aa9988248c7dedb016d8b6ae",911366640.409478
"aa9e131fe4e7982a374bbb84",606757504.859709
"aaa43db51d1ddea564d1bd2e",534016595.386226
"aaa67089a753d255215c15be",614081502.461028
"aaa79ce67339dc53b4f41dd2",1383174264.06619
"aab240140aa4b6602234d88e",536253393.542346
"aabaec5accad3f545f864a3d",583947611.372214
"aac17b54a68bd216e2bd1d45",420571993.582581
"aad0e527c4bf6283f76b5bed",982078636.431256
"aad38b9f22ccf36b0fba4e7c",798363610.960954
"aae3a99ac764b8e9bfc562cf",882095604.842115
"aae7cca10bd7f041c8e02d23",596520942.200576
"aafeff5826516e363471e439",372661519.500942
"ab03c034e2a420f395ca094a",823582285.37977
"ab086fddcb949e3dc0ed9b5d",574735339.369778
"ab0babf6941ef43c35acb951",1201953753.11641
"ab0c047373b5d1810fe42bd9",761022752.666796
"ab0e770ac42dcc82b472c55f",711640862.85109
"ab11db71265771ed4d9de64b",451218043.310319
"ab157c9601861dc387a91b82",1142398336.64628
"ab177c5d60492f2ff087708a",602245376.338965
"ab1c43d6fc4f08e315e322d7",912681653.2079
"ab25a6737b3ee0c4e9cf4ae6",595723385.107322
"ab3110b5dc8ce81471f69c16",1176360738.0991
"ab332133aca64315672a7192",1056981247.86218
"ab37764e5f4e00097eac947a",1031196540.69096
"ab37f67a3afa274e719ecbd8",796286476.775305
"ab388cb4fa511968783bafee",513252754.622072
"ab38b4fae64ab90a55b5a403",864038815.243889
"ab3e1642655f7e705cb047a9",823930962.310943
"ab405cd390c0681c3c67836e",535481761.370401
"ab419cd48b81038c5a30c721",478781746.766509
"ab4c55e78eb83d80c153f50e",642539451.664569
"ab5f089f9d2ac1bf52222ec5",749034635.692126
"ab614a5008d68aebe34aa201",712915176.511482
"ab64918f2b2b4646e87297c2",1050005080.85686
"ab7559b75b340275587e50b7",1325423734.56417
"ab765acf8b87daf1673b3a97",547193242.934005
"ab8699d3c685fa834d7ccb3f",754283704.423393
"ab8d6823d905f1f0ccf4a75c",983067980.855561
"ab946dfa5b9d7214a3756978",1040355732.46149
"aba39002de605f9ff34bd542",818584483.401222
"aba4e24dcc6998e5020731c8",769580523.539101
"aba54b001154ad881dfeea6c",561261279.857362
"aba85a8a7ea2def1fdd18587",481376046.53063
"abb63383766a9853c1091c5a",1171623827.0899
"abbd422c412c2d57f5df62ba",424068698.103168
"abc2ff9d0e7848169fca170f",618746654.024997
"abc668bf93ec7d1951c65cf6",530374991.397314
"abd9cf3c36309d590e58c2a7",644327448.271375
"abde4b06769fcb1d5577fa7f",860683239.995381
"abf93b2418fcdac14293c9a7",686550287.904899
"abfda926d174a8da1d946e27",762283675.92855
"ac003932eba3a174c5b998ee",465617141.853835
"ac0185c8f724ddd40bc0d235",687057034.395702
"ac028c1580f6e4da4ccedf0c",755407510.427362
"ac048209de77cae737d60545",810687505.96439
"ac0b895f523b53b4abd013dd",706944230.655437
"ac0ee54bdc08632efc0d771d",725637802.182449
"ac11141115d391be44e6426c",838037584.922839
"ac154aaafe98dae45bf9782e",1068213112.61419
"ac180e846fda5cd7f1123f6d",936604462.631756
"ac1b644a8d2ec042ca91f89c",1496619184.771
"ac208e250f5ae3e5e1008351",689464679.035897
"ac29d71a80307cab65f29ff4",838292756.884948
"ac2b1b560e8bc4fa1deb6f87",542933936.92721
"ac3c9d9357fbe72959817602",792267710.060863
"ac3d21f51637207d3e031c2d",880838496.354555
"ac413fd87de33153899a1d04",760089116.031117
"ac46e3eb688cb1cb17da2545",869097212.392634
"ac50dfe70b599ae93ddee4fe",805152251.167446
"ac65d147ee69785195ef7da1",717085558.032399
"ac6a4c672dfbe20f5bafbd89",736804501.401032
"ac73b8700744cb7835f328cd",516028696.56495
"ac7ab254166442188c6c5c25",641063663.296697
"ac7c0c806b57e4942d9ead3e",879745893.261628
"ac7c323295addefb43c62acc",749796921.241913
"ac7f21d22d013874c362d440",489407704.764303
"ac7f6087e19c2d3502368fac",727011661.016005
"ac822dd448e04e9f8dd1721d",821700992.936602
"ac85c8f7605ceff58dcb55cb",421443214.018187
"ac8aa244c21a9b86de4ed599",1198142008.49113
"ac9ae945fe25a46184057606",1398089561.48065
"ac9baabfd96d58e376149a7e",676725342.015266
"aca1776ef24acabe172d573f",1156702885.54352
"aca37e216a27b4dd5337df99",726891074.275164
"acaf9e18bbc7295633d92e01",816388046.80672
"acb1d16ce30aee0a39f01f09",953832304.073383
"acbb07a2c7a0e39c0102b3a1",876575972.328513
"acbe4eb98668ff4967a8cb86",867644142.798271
"acbec9114912932b9cbaf0a3",803985280.658863
"accf7bdeeff29ec7a209c509",575682886.504446
"acd6ad0081960c0f17b144dc",950578774.653668
"acd7394afcee30e084844c63",768181732.444857
"acdb13c4c8e2a48b0bdabd91",1000683026.15812
"acea4c7aa1185baaf6d3b60f",726173399.37953
"acf0f98cd8f8c8ce06f30ab9",1232150509.6708
"acf15357c1a919b6ee78f676",1378807733.68677
"acf4d60dad7953065b59ced3",1072502519.16523
"acf98212eb702c79f16bb058",825621298.36161
"acfa7a1cb136e4474b7efe32",812158330.558342
"acfc06021a7a81313d85f62b",425105766.562472
"ad0025f5b240d00936c82f9b",556937531.587946
"ad1322132f3b533b4aced580",459509869.80744
"ad1492590bf61d2cc83b493c",871282307.010685
"ad14cc63c36789bfc1bac0ef",410678571.19398
"ad14f4403926de76de2604c6",403777848.049015
"ad159116d166e45b70329bd5",716063999.208595
"ad17072ff24e0fc0e61963b4",756024027.764225
"ad1c32cf75ffbcfc842e3959",485538508.259221
"ad2081cd75928b8f5e506944",1325008727.56485
"ad351bb6437583ec871b1739",813541827.637464
"ad37e23456bd4d90010f7784",731217574.69142
"ad38d5660b6f1eef23b76039",518435146.81213
"ad393e9070779969b496fa72",795487985.527284
"ad3b4ae81c322a9f91381bea",766411574.805858
"ad3c644b506498127c7beef1",854115543.091324
"ad46f8bd482500f3bb935737",665929560.488802
"ad47e82c9efcfa36ddac0a95",730556385.208911
"ad4d91ed26c1fd5702b94064",782802629.46898
"ad6317cbcbb8bc27b0774fca",1182492855.31955
"ad662354d28a9b2d65f537f7",1091065676.90395
"ad663952ff2ba1953efdc460",1166594216.75893
"ad71acd782a4fce4d9af04be",659557572.484298
"ad755859e7b6afbc021fcf6d",967715630.547826
"ad77298955813089bce818a2",964098889.672162
"ad7739088e8febc68abb42e5",934293719.033018
"ad79f4fa23a28cc84487517a",973048503.777387
"ad7cfe29b56c915dd016897c",555677375.192585
"ad7f3aae29fa1e7ec900b563",912881930.927691
"ad844bdb1150508a4c6d57b8",951516309.008727
"ad8ac9edabcf2d4b06ba9fc1",923917586.240287
"ad92f3ea52673dee0a56902a",1049762664.31992
"ad9a1b23979f0edd2ee19f38",766923211.12323
"ada53307260fa34f3a6411f9",816652764.676492
"adaa406ec9ac311e9f9c0bbe",702349318.839237
"adae78b82caeb073d84f02ee",918125277.927728
"adb51a572f3198367e3760ef",827686462.293894
"adbb5c4ba7be2903799a51b2",1103717222.81111
"adcc03f332b427be46f118a5",798511859.059526
"adce397b6d1473b9b6d02865",875608599.600665
"add1a20e8bba47aad2edec69",972643929.867686
"add4f9dd26fa34829aa25eaf",936131863.774424
"ade0c9cf1f9106e342c69bd1",689620343.744877
"adeadac88e573824f08efa21",721400203.045714
"adeb9a6ac3d357bd96c019ea",864370590.987379
"adebafcf3eb0d34ae31718ef",1169628982.50027
"adf055978a7a8e9bbd88e741",424397932.985656
"adf176b63ea23e08d252b5ea",694903213.328625
"adf5879151c7236f5e055e1f",794748393.577908
"adf948af7b24f9b6f29610cd",682692835.549671
"adfdb0eda9aa97f0d3005c4d",1231454842.24638
"ae08b7f31e69fd930ef4c832",889079442.944636
"ae187fea3c46c3fbee7e6e8f",628155613.411498
"ae26e4726c16cb2f6a6d3f2e",887008139.965139
"ae2c10850b4a8ffca934cc72",1244311551.20994
"ae3868ac8c44128b8a955829",659218897.129004
"ae3f7f428b49e6948ebe6fff",697796464.591593
"ae41a566826a10d5a6768d36",650600723.742263
"ae47cf27964393fd56a52d7e",1081224016.19754
"ae48e30b60ec254bf0dc89ac",1176678064.98626
"ae513b65e06b69e1ff2ad8ec",706503630.679222
"ae556ff5f318b73d3b29142d",714038843.056657
"ae58dee872922a9c678dbfcc",1125701303.75711
"ae59a0d6441697841d86cfcb",665082375.352148
"ae5a4da0000f79f12142e2a7",781443680.520599
"ae5ff2b5eb4f9ac44fef666c",548304965.325775
"ae664789baac0c47d13c3c19",716160823.566797
"ae6ac510d3e46a50ef24896e",467041176.649336
"ae6bfb4eb4770f2266e3b961",581757506.202421
"ae703276c49b6a6a9c39770f",937679395.055335
"ae7ce478fb66882a2c952012",763433199.835091
"aeb330dede55fb66654901fa",882260900.183981
"aeb66f808982c6308d891f55",729156290.685425
"aeb68eb7eecc4aecd5529717",1129594010.05348
"aebaae467e5f01db3afe69ff",514867208.90054
"aebb556fa6c9275a9b5c543c",1103783548.96189
"aebc3c6079c1a80f8b2f1c7d",752987765.922492
"aebd6304298f84e7d440c379",1160713537.13379
"aec1778ae3b5e60cac280b79",1212425570.82272
"aee8b22ecf19495fc5894a08",740296831.710206
"aef06b27b0a080b5ee539b6b",530610054.739369
"aefb3cb6ad2de9ffa90b9534",606478478.832784
"af0502ae1fe341c2ce1b5325",696948962.630141
"af067a8546e1177eefe24916",543233504.197887
"af0cfebd54f32b9b92c5fdf3",760229333.700964
"af10ec1529a63d0bc10b056d",953664445.133054
"af1aeb2ba89d29973f73511c",806288496.006946
"af22669e3ed10470623fd8eb",812094380.372383
"af230af0c73a5f2b72787c1b",1213420499.80605
"af32aa018cdfd081a81bbc80",714097306.089216
"af3e3a83257eb507b96b2a1f",1269301700.68919
"af578bfec5d84cc2f4ffb8bd",746348190.844593
"af672710affcd7e44eee9ba3",628127041.040485
"af67a68803a18663e4b03eb1",578931724.632953
"af67d51867f382dcd9cf34b0",1174199006.69829
"af68665ae8711d009e8810ff",839275221.608367
"af7131ea57639ce5aa1e102f",1081349798.09683
"af820361d5f20198bacf839c",838346807.916734
"af8c90983a23ee15c72b8e22",1490830756.37601
"af8f09175265e1546200ff86",681679608.230488
"af911ba38d5376a8aa53fcef",1020014185.33622
"af98a0e223a825cbab78ae49",929911740.423253
"af9d2f5f62bf74a7fa9c74f4",857318889.321793
"afa5698724bea14940667231",754005487.982288
"afa842858299a6ebee166e31",957635890.805213
"afaadd87a196e04b934e0b1a",621928619.225901
"afb02897c700dbac941ba8b1",877925937.946163
"afb03f7cea99023ecea7610a",481114015.675217
"afbc7773755043a40a7f9d6f",854708562.136324
"afbe90d764c1821cdb26e38a",442780099.63697
"afca7b219d52b22522abd00c",779740813.963111
"afce1d7c5576dc49c80bdabf",614296462.082147
"afde90f91b01b0282bb94335",688995672.616747
"afe03b938be9cf14e98d4a0b",492958234.399971
"afeba13fa3f81249549cd2eb",437002712.751978
"aff22625564f00844ea2610b",666396287.937086
"aff9e510eba008f3ba5c1847",992891986.255265
"affae17b6cc59bdaa30e29c2",916380348.543976
"affb62139f02e524692ebc5b",506868903.188311
"b0015b31facc48a49f1313ef",516440088.850197
"b027f75411dce9c742c5d0f1",580373221.96855
"b02f1997e6e6f97dc808b8cf",939542335.266004
"b04449c499843cf46ccb695e",687464881.030484
"b044b9a587b2c6ca00447177",1231562412.67596
"b04d16faf40ee02eda59a9af",709221558.545365
"b057dd8a9c2082d1a78cba88",443382195.044803
"b059afb753452ba358fb432e",1136712767.27488
"b05c741bc5013a7a6abd31d6",551415912.187194
"b05f4b5fae2f2faaddb377fb",648816415.820487
"b06d3ee14ccf3d46fe2431fb",770960096.388951
"b070e3747bcf22ed67509efc",678804819.524244
"b07cd6c30350efc5de211a8e",1510370821.49213
"b08e0cfc5bdf5bdf5068ebdd",863474144.062036
"b08f88ef973c9d1c3a86695d",947428711.754499
"b09111ea69c4be8ae120ddc3",757592506.128178
"b0962bfdb6a2c79a0ca84e48",651845775.14264
"b0978c973ec3291e950185c1",1078412152.11597
"b09de5f1e028d4fafeb8a22b",881163512.227185
"b0a03d567e287bf4cbd7bec3",449163788.91416
"b0a0cc38f73c9d90bff6ad92",1253637007.45289
"b0a32581cbb586f9710dc3e2",887218498.147749
"b0a7295da89516be1c44512e",1285654047.41443
"b0a8e4b4ef6678e6b43865e2",569569786.810068
"b0aaae3a435fde30c4c02fac",882260900.183981
"b0af9b1e84a1886489d46b91",860207091.277559
"b0b0db3bbe07839bc2b600fe",1403463613.21824
"b0b784bfe2d3c1b3b1320613",650303836.996577
"b0bb2299d5f456f800993a11",603408244.053419
"b0bbdcf0916b246ca95c4721",962939460.566776
"b0bcb64f2f2ba69cc712e0ae",600076247.467951
"b0cad5d612954b8cab18101c",700856466.499298
"b0cdf05097df437354564bc8",572831124.269844
"b0cfed2d25a5d78c96d39d20",600186946.715415
"b0d20a04106ebb87e2cdea37",1149835330.44739
"b0d394d6c9b8967250854c66",1175211200.48353
"b0d3d98076883f346cee8d04",1025401248.95382
"b0de107a8cfad95f09876eb2",1116611518.4349
"b0df95e9fc94d9aeebc960df",757912272.898232
"b0f9bfd521802b0d2586300b",964493580.995126
"b0fe09d086490092f1690fc2",719914803.087668
"b10b428245022d55db248b72",720164524.314939
"b111b17ae1fc17e3491b7a5b",640900089.991796
"b11672f22fafd555f940a8dc",458401646.294012
"b11c3a4642f7eee2e443eb32",1055707140.22118
"b129a508d1d98a1b6dd2f61f",667328744.455421
"b13683c625c97c23333269eb",621754095.481508
"b13cdf9314a34852e8db4221",448490659.142753
"b13fce1462ed87e57ddec917",738873040.086516
"b143c8ca6d334f6a73c3f2a0",527583548.165168
"b1527eec2e6709dc51e03f9e",955597835.449271
"b1586cdf68f36926c3bf72a2",477461725.85399
"b1589aa1f58f6dffa93a3a61",1529046528.5429
"b15bcd6248958d98867ea585",771865636.132636
"b15c662c56b19d3843737dd4",768331184.467304
"b160d30961ddd3dac16184b8",821480856.925985
"b16fda9be5edaf4cbcf07122",1175157014.14517
"b17840ce59c9d9619b46534d",811503608.032346
"b18107a422b9eb6da9fb692f",863505538.406179
"b183776d007d85bef0f6671a",700773997.280808
"b183e2562cc4816244ce0e1e",590688571.971114
"b1924a5697dfe829b5b8ad76",479899272.100657
"b19ab02a8e22f3e88a26031b",610339281.555037
"b19be1ad7f60717a943ff0f7",476440937.897124
"b19efe9cbc26d61daff5ae90",561046230.60311
"b1a13541b37964b8b85f4669",701278993.856457
"b1d1bc7ea83d5c584988b95c",703303631.981073
"b1d9704dd39c6cef28ae3d17",589743193.06545
"b1dea7d384760535b770311a",726550284.818992
"b1df92683a593edc3f2b45ad",517662132.108477
"b1e3f1efb232cb0976506cc2",781186080.707735
"b1e9075645f4b374c7301346",939103128.221078
"b1ec4b8badc955f9f4fe2131",792413863.8866
"b1ecdceb6ac00b6b047c241b",692537256.992237
"b1f0b12c28c9bd2d16b3545a",694731265.700751
"b1f8fdc8e3e25517ab80c065",699004610.134252
"b1fb98d0ba25b21c6647d423",1215797702.21352
"b1fdade0fbf0470060fc2708",723751614.607923
"b2078743e33e1acc49c2d2ca",815010347.519183
"b20d6ca58e91ae70b6e0a1a5",860128215.889027
"b2183e5bca67574df7d5985b",422142173.273811
"b219848e66fb065d4d2441bc",903097321.766562
"b21f6e217d6733230a8eb7b7",1089175044.1565
"b22350d505b87dffaae3a5e2",642669918.393964
"b225270821758e45cdead76d",546640323.68776
"b2286067a73bc0049328b55b",699997425.770413
"b22c39c3df7d8e32cec2ba43",777438954.281992
"b23341faa7307d9d6009c6d8",730257049.731228
"b234ef225690d57e7c2af4c0",1156885287.74412
"b2357bf117ecb5b9082871ca",484932158.819002
"b239bdcbfae846bf74791728",559542814.818836
"b24bd44eefc3ccf053939dfd",735686917.769297
"b24fb90a2aa5d9d0c7e1541b",942289584.027745
"b2506aa9463aebf01e1e00ca",490947329.86006
"b25734bf3ca94e775f467e85",584151542.000676
"b25f461b3d48d833a73316a9",1383429425.5574
"b26f22f1fd5a991ecd1e07f8",776602107.662259
"b27088c3ccd93e7d8d5571c2",745748017.458895
"b272c1025cf5c1e1df47042c",720520908.470726
"b274adb68a37458cc5181fe2",921823384.51191
"b2759de47d28e8cc05c94e36",693782937.696846
"b27fc4e7f6042d70a7651038",793463895.594136
"b2809471a0164e3d41b8fa60",1035840315.38698
"b287339babba162e290d0fb0",446928973.621566
"b288c52e4d0fab9f579122a0",760395914.345793
"b289cd856f9d15493d31ef6f",1213186712.91528
"b28ba88f3665a2f26c2f8e47",1271988398.32578
"b29e5a75740c8439aefc9321",696674725.862227
"b2a417a8d2440f9124fd2ee8",1048774037.29878
"b2a7a8ccbbec39b63e4cd028",741992544.96745
"b2af005e93b0242e0f62f298",657647130.006679
"b2af9047dbf58867ed0c42af",761389919.479235
"b2b7020e66872c8d83468cec",626641537.543816
"b2b99019a929584b4904b98d",1105894604.11178
"b2bc172a3ab25b8caef50189",1078752745.56542
"b2c5af8615b8899deb16c896",655612220.853382
"b2c62bb0cf8d210dc4635653",1311301550.32878
"b2d160f54ce5f98f46818e4d",1119596193.97438
"b2d32589626abfc81e44cf70",800892145.306055
"b2d7355eb2aa975900776275",896619822.884219
"b2e37eb7cde5cf4290649ad3",831132442.38534
"b2e7fd7bcd93309664cd225e",803236820.7671
"b2eb63e5da917ce649a72142",721322509.615544
"b2f089146c30929c4836f0fb",897428589.011887
"b2fd7ee866066f3ae0dfb3c0",1069184593.76985
"b3005057f48c1794b7974f4f",798742417.581634
"b31601cf48b268f3b4107564",803533664.218399
"b319d049a3a8e4a095940106",876163790.793418
"b33c9b03cc12a253e4936cc3",815719815.319261
"b3401023d3097815687d1160",794581853.56883
"b3402a9173d289d6db78e09d",1174194744.43557
"b3413352f0280412f53562e0",459049988.768189
"b348c76e55613f53c8bbc94b",840644477.315361
"b3561144c745ae3d329dfe1e",440175435.144272
"b35c58fc1c05a77433025318",747612256.546275
"b3616a055e722e3720cca48c",1211731957.66197
"b371665aece480b8c1602773",1113571519.77989
"b37af80bba5adc197cb51649",468892160.695721
"b38776cf09ec8e90fceeec84",630829233.1476
"b387b5eebf501a620f352504",839496286.188581
"b38816ece917027a179663d4",635568176.56893
"b39d1b2637dd8e307c8ba13f",1204383775.71737
"b3b30d8b869eaad2382c5447",1137908566.9151
"b3b63d292523ce0a925b871c",814854405.783889
"b3bc9a04a3ebc1b911326735",1119232930.9167
"b3c02569b8fb721934f51c52",526910148.507052
"b3c2187fa96006fecc6b8ba0",578795990.023266
"b3c77f4a398b61d9c204f8a1",919613296.068628
"b3c8714dcaf5322475ce2c60",1250861736.22198
"b3c99f30b16fa80cdb4f213c",702636984.429169
"b3cc5930a3cb26e35a45e09a",426471675.572023
"b3d072ebd7908688d908d350",1176332157.95096
"b3d45812baa819caa1400255",1064221307.81471
"b3d82ceeac64b64142286375",683158541.183703
"b3d9a095c9c73004643c9e78",1127041471.9552
"b3df8c66475021fc04f107a6",830261144.330832
"b3e76a0a1fcacd0218c17908",505480908.013388
"b3ec2f8af6e9adce047536b8",1042260709.06063
"b3f5af523b5d6d938693ebfe",948153013.810127
"b3f8ffa761119a5441a44ad4",1166342107.17549
"b3fcd9cbfd485e4e1da6c89c",655811694.734336
"b40128f5e17574a5d3da9a32",745526875.499809
"b40873d316de1c295f2a97ec",708404993.018347
"b40a9888ec0379fbf85516a3",1069460268.64597
"b40addfc0da42b0e530503f0",396928561.080461
"b40d1d2b7c1db9cc57c65fce",975752911.928062
"b419d977b283e33c0b3da86b",1082347794.36986
"b41edc115f6b439caf392941",563990907.924179
"b41f7c1cb9cfbd188f8e0233",1213544296.37265
"b4245f075bc41aa29b55d324",874628051.181518
"b42734770dacb7e580a6d742",554943544.233123
"b427d767b071c3e5ac2a078c",423870353.947942
"b42d5b5b38686929eadd56d9",491807317.583126
"b42f936db049a74c7d24b0ef",1335040681.53076
"b43b36ea4f81bbfd4dc4d781",1102519672.24799
"b443781523fa0b5be4ad7739",1062409841.56071
"b44b862cbd855d46954eca5c",513797023.317162
"b455979bc938acd34a580eac",855790893.231962
"b45911f1875da543199e97b6",1072700830.94539
"b45bb2d0d137de6984d4e1ec",493493669.407121
"b45c8a6224ae2656b4189526",615579984.83566
"b45fff2e718e54772d46a3fd",859447308.390345
"b463c62e3c21e339e7acb52f",839471388.878175
"b46625b69fba1afc154471e0",1134680227.60235
"b46bbf66cc82a4345c5da177",856917327.898177
"b46d50c84edaa7feba938671",1186339493.27044
"b474103c4b637ca25b5d89e8",569579771.540345
"b47713520859d58efa95bb06",1069666505.97425
"b47fe4670c6b065a9e1db429",800149266.529188
"b48093abeaa178d1f7fbd83b",893966933.523566
"b485036419de03f5bad01f35",1035487523.90601
"b48efa9ddf36e85164354f26",1138752929.68996
"b4a4d705930d9afe896dff17",666429836.859339
"b4aa025f8813a3f0b132b7e0",561859815.687055
"b4c2a0a1a63d35a9a08a6e15",749665322.583584
"b4c779732e827ab2fec8e8eb",1006478587.60286
"b4d610e0ecfe007c133a5ea4",796595277.209525
"b4d69c7bc93efb3790eb1422",1047653652.28274
"b4dc6733589bb35444b74c55",746166383.053863
"b4e084d14962cc58d4089955",912713557.817728
"b4e14604b888c994b64f94ba",776896831.117932
"b4ef40e00d089a35d750888a",1047148828.39115
"b4fac45659e67d4e91fe65ff",376223034.069397
"b4fd0aa09f993bbfb1fa8abf",829271616.732078
"b4ffd0a2cdcadfb962578199",565024824.506324
"b50a6b85399ea2c6b5c33405",702149019.269534
"b50b45bda0905a116f238c1d",789654262.332939
"b50e8c13de383e64711193f5",741636062.762089
"b50f2c871166ee1009416be6",973775076.491969
"b50ff8bfc0b4c4b165c5ccf7",994840622.774203
"b515b1caa608ff42574e5a06",802382655.276822
"b5254c6c29b4f6984d328216",435410866.730404
"b527813993b7bf4a10c05683",656623038.250188
"b5292c1e1683d40be46bc2de",888236883.864077
"b5293710d0cd75f95de001f6",333096661.557578
"b52e0738dec9d2f119c75a9c",656777972.653859
"b53d3d578b1d7d9e00c8a00d",878859172.017274
"b53d4d8d0bd4a0ae84fbc22e",691442702.502894
"b54940561992090411749db3",675982234.925005
"b549a72c938d767ed504bd83",751424733.953625
"b54d3ce25f3f03cf3fa0127f",461067440.550697
"b54e6757829ac95e2076d954",583806031.145817
"b54e8d557263624947f979cf",1120484447.7091
"b5606ddf3a4e60e2a0e0d6a8",1037623514.51718
"b56533bb19eefcb244e69470",1289625819.83308
"b56659e70367566a4ddb81b2",1053819421.62695
"b56a3a017449fc4ce417009e",631054431.279147
"b57174dd86ed451448dc501b",900866729.40298
"b57250de388b7172a39dae8f",1142593984.68036
"b57ab7afef2b8aee016ce6a0",1177648677.59857
"b57cd3eb0290984f061e1053",525050716.750173
"b57ebf09cc691bcf009ef115",1236437307.42239
"b58208759ce1402501f68906",830174798.333173
"b58533a6850620b0960db713",798399541.81061
"b59711a5971a3b482db4d9f7",851467940.040214
"b5a62d480bc544f891fd8521",789385076.178256
"b5a7d4288dc7a7868678b9e4",1047822400.98297
"b5bb9af24f9de68e91a1df76",1529610723.22084
"b5c074ee2e2538aeca099fc4",875214873.842293
"b5c34f90096fc88b8ca758f2",1379062089.66096
"b5cfd5eba0b6297cefd6d3d5",1006617968.2286
"b5d0ae257748ea92c47d8fc2",459944844.425291
"b5d6fe84ee7c6a703891112d",1187691497.24138
"b5dd038cf35169bfd0e62eb7",697218494.0859
"b5f0dfbd34392f6855bb4b52",745370370.164137
"b607bd072e8293d6594f3829",816982466.712863
"b6129a71f8e320aee8abd0c4",665593605.837671
"b61e9e4f3a2e894932b58ed6",506067557.29628
"b624f0438025478c9f66fec2",855370958.653207
"b6281efabdbff697d70925e6",1305737003.92006
"b6283a5714e0b977110318ea",721455575.803933
"b62d64605362afc574ea5b0b",1265404108.50972
"b62e960eebdf95c2eaaaf9f3",1075500532.94456
"b62fc917b3e8ddd64bb81018",697485957.698174
"b638b937d4f62949b9eb9fce",913942332.015651
"b63f49396431089dd646837f",845708753.601089
"b649d315ff3c97c4e8e9db73",401257873.484287
"b6514cdb1e2cf37e3ff8090e",1035607583.05656
"b65a2a140ad5fc6e3e26b6e3",636585050.370254
"b65c0544e9deed76615a3138",692380494.76813
"b65efc402cfddc0aed4e1d76",706983282.00257
"b6692a933facd74b4b11569e",421321505.060941
"b6695af1ce28eb50d7a2c25d",1017735610.52338
"b6767d1e329ff5e28c42f632",717799532.663941
"b676ed2d0af6807cc2b28ac8",1156776965.78465
"b6775aefafa4dcc161eaf6d5",1067666733.41788
"b6825cfa2fde9b42fcf04c59",509698705.542351
"b6853999c45e21646a0d1b20",371152471.303333
"b6a21387674a509514fa5518",1055947360.07246
"b6a2406025f0e1fa09690c2a",471096843.438204
"b6aa1cb0187c4a1715517fca",483736046.733304
"b6b87c05c4238be76d94da2b",464121095.947161
"b6bf2760cfa26cb28fc989fa",807880550.450564
"b6d3345346f43dba053ceccc",1166106880.79106
"b6d5cb459999de084965e993",1291022531.14379
"b6d84e7d569d8d0f0d0c9066",1249163651.95754
"b6da1db3aa02debd11e26edc",814560987.061376
"b6da2728ee41d035da57c822",1214864377.40101
"b6ebc3b8408793f5058cbb90",1190077657.35982
"b6f195d44ddbe10b78b97191",711738794.297162
"b6fcc49ad3656cbd3f4c2ea6",861257648.796735
"b70082fdca35092802f8745f",436766823.086936
"b71095bf5e80bcefafb12d52",717846605.394058
"b71857f1cc385219f114035c",544429061.442627
"b71905255273cbb0af1290a9",576425694.169575
"b721a5846527d5338322c9d6",736256131.617766
"b72459ea34fa22d1fd012dc5",1008187656.10023
"b7273cac93fb7a0034039600",1336394013.77251
"b732021729ecf88d6297b48c",815724599.305095
"b7320c35e90f33fbb1c28813",938923068.656403
"b732ff1637ec53286e890865",735159001.731918
"b73945103f07da807f7a30dc",724585711.377007
"b73bcc0cbfa173c9fa404369",1047090280.90735
"b73d317e1e8ddc3d5d0743ef",1046219356.09738
"b746e4a5c9d04cf4dbf887da",1022158680.0433
"b7483c951d2c19de665f07b6",396621100.6603
"b74a02ef5cc838952bb9afd4",601402933.973902
"b74fd7f7db38ec233c6ad71f",510104488.501021
"b755f88ff3907bbe2a417e07",848972008.572902
"b7570bfc5ddc7caaf610908d",585291281.249348
"b7574b06d593fca4eac59815",473702527.450009
"b760fde2d4df27a168ce0e80",1165910510.08457
"b763f71e8a5bdeecf0f3f0e5",460341630.716429
"b764bb8ae8ba0d736bf54f5a",491693132.177473
"b76a3fe6a49dcae6e6bf5815",822125448.697677
"b76c45ccae25a06dd5fc432e",876347499.453096
"b76d853ea415967415ace0d7",973156344.039813
"b7763beef728bc2021ebb841",516713014.809966
"b778282fc4b9c43055629e44",1113519897.44147
"b780a0ec18c61b0760df9433",793063020.593819
"b799aa1dd2de813ccad401e8",624690012.109265
"b7afdbc1b57b52e6fb03accf",1352579326.7149
"b7becde9261820feb7cd926e",570221094.121454
"b7c07f8afe037d55bddb8e41",595167371.631319
"b7c0a0a4f5c5b986a70ff249",502624105.431652
"b7ce05400f0261743073e072",813531183.78592
"b7d245742eef110adc91b5fa",646078130.192688
"b7d66c5f1ad06dfcae5b33ff",721189467.970052
"b7dc47c641b46ca99fb83a0e",1031386770.98507
"b7e01962fda2102f1402a444",800663996.50551
"b7e3b0c90c0d3bfe5befec54",618948254.640051
"b7eb15346797508f47ae094f",673821465.158628
"b7ecbd35179a7658f3c11b41",815884082.430872
"b7f164b79658952248866c34",515887998.965943
"b7f47484bbd8113c62cc8c1f",539409735.326939
"b7f906741cae6861bd5fb922",513252754.622072
"b7fa81aa571906a93e9b6cba",1280281299.1576
"b80593fba07e21f8bdbc352e",1278822003.27871
"b80c961aeb98d24d968c71d3",1005893832.99643
"b80d0456fba49a40fd774e5d",913954572.209603
"b80f3a46440daae51308d459",690907856.719263
"b815204eed4398e600b366ad",1164810936.40056
"b81679b32ea288e9665dee49",1366823858.00244
"b81801f02a73feb1db7f5e83",1031119570.84489
"b81c26f2ea6b66c8315d1146",1158673815.11959
"b828609eff041a68fa243a12",936333428.072668
"b82e52830b51e823ac7187fe",456562330.311793
"b82f8abc8001cd6731c4ef45",708710786.737054
"b839e76df5d73e7d53691707",1054455314.43072
"b83a5c303a2b079585b9b94f",741355980.339411
"b83b0a53ead29faf9dffc0fe",1310092705.6641
"b84795015be5077f942f5170",587601428.704715
"b849cef46f19e13d3fc9d5c5",923420233.937593
"b84c837c5a1fd0f1ebc5f8a6",633609470.587083
"b85a7389bab2e651f05369da",531607867.707923
"b85acd44e18ab485d3ac543e",453975874.356131
"b85b37ae83ef95baa03752f9",1058829224.9192
"b85fa4bc59149a7a25447537",450506327.32706
"b8680f925773229571014e61",508287051.521933
"b86c526fed01211fdbb62815",1140404178.99224
"b86cad78da7bf06b5ac39f99",1082257025.85206
"b870c8bd8f95426a7e1f9c88",801597792.44285
"b8896656cf6f5dd7c33ae46c",716430334.367305
"b8984fe54819f5fcc43860fd",469469989.567876
"b8a42b02c50438c2ad7598a1",560218029.133971
"b8a5928cf1f7e704e9933bed",534265190.446375
"b8a8ad4c0215077d3e5aa472",1186259694.45169
"b8acc8e72f2c498fede3fefb",777183494.112991
"b8b22c1afac62b05ad389dc5",396590443.066245
"b8b46931b93b7750e0d1ada3",738339553.633462
"b8b9b90d5721a9ed5e72b328",668396783.087627
"b8cca0d70fb46f3a31473e98",1001285858.80757
"b8d06f4ce0d6e71ba0fddc26",579288150.290488
"b8d50a94e8166e471fd8282b",753023421.776559
"b8e15d182ac0c74fba332b8b",653609928.246253
"b8e2b98548a234a245d7935c",655458060.573073
"b8e8d84450f5e0bc8a721c94",1048830824.86556
"b8ea07763f2e1a3d635eb23c",729911002.414781
"b8eb177e22c63e84738e7788",874897919.707238
"b8ec643c66478da376153333",755261978.25287
"b8f2b9c2e63f0091b6038ea6",786766357.55873
"b8f7bd85b61951ce83d7f57b",1100619318.83634
"b8ff548543842246ad439703",1366823858.00244
"b925c9218f5132c6c81f3a18",375668263.839731
"b925f9ef733930be26417458",722833642.18554
"b92929668e884453d3a0d633",671308489.827696
"b92c9c464e23f8b987290769",648052385.220841
"b936e36ecacd7cbc3498cee4",651478048.382349
"b9398d6bec5cc44fa39b8bdc",809086922.683814
"b93dc01af5f49e6dcfb7a547",433806848.699971
"b93f2864087d41c3c92d43c3",875323422.323839
"b940561f2d48444e139eaf71",423087923.909334
"b940ba03ea60d4cdc5d2d429",594487998.56863
"b9430e8c145c2a0d7efab2a4",606488265.67514
"b94ea2b8b847a47140d04008",958377893.474636
"b9551c416341fb167049d4ce",815742301.745254
"b95689add02915dab555d9f7",928203933.103007
"b957548768ef014088a61b5a",833088018.535004
"b95ecad591e5c69fdad8763d",565722243.687261
"b961220d34be930fada80887",1001161249.13107
"b9643a26731cf2a9a243ef33",1097230794.48859
"b96502e30fecdfae7796f1d6",619367496.543988
"b966fa606a3b50d3ac7249f6",1496319823.22535
"b96b4bf38bdbd61d4dd0bde5",864617588.885944
"b96b8e1d636f0c10c63e5c6e",668480876.84682
"b96c9e2591a4cdf9c4e0c09d",765890183.573712
"b96d8b77fb5ba71ebce2fb26",615705116.409014
"b972611aaf1b68340de16545",522982033.314015
"b9809baae395914981a9296f",908568414.343858
"b980c778ecb2709696265c10",1440188523.88419
"b9826d7a6132b16df1bf58e1",741758582.761802
"b98967876009fab4290736f1",759679801.18888
"b98a462d9782988cb54ced54",1360475718.67702
"b98ee16e8fd7d1c75a9da13c",1118489682.3827
"b9973b07c84b99dd1018050d",620277637.858435
"b998aeafe2cc93bbd96dd9fd",525700134.982608
"b9a0058c58cabd619e226178",790792482.893311
"b9a0575867a59dc5dcbb9cce",764964144.818655
"b9a573a3f2cedd87c7dc6477",933304519.062716
"b9a80a4d84eb918792324dcd",706629298.539093
"b9ab2dcd8d1855e4bdd540c4",1054043151.79021
"b9b95c89c988f68429822e81",772615243.663166
"b9baaab70cb83475ac3bbab4",793935346.907615
"b9bd63208716e4e0f2dedceb",615227797.796979
"b9c893f3c3ac4dce40d0ea19",883026472.725193
"b9de7d7b9a8ef7c64e5f6bdf",707731668.664372
"b9ea1b9fc0e46ba0724cbc0c",725226935.433882
"b9f9dd0d368df912e6e0ce70",712283542.205613
"b9fecb3e6a507ba17764c303",430332510.462511
"ba0d0663943a118228fd12bf",448970470.987894
"ba12305002d24055c159ed34",376084264.753567
"ba12ab0869d66e03df12b6d2",446460980.21673
"ba137cbd10757ad20e5991c4",798055434.490766
"ba16ae6ca55dc3c0d5480944",859111815.356475
"ba187eee3858263fa664812a",468248840.9251
"ba1b3c8ac8afafef56233c84",618080046.948346
"ba2118c330e19baf4f3ecf94",1002213277.85056
"ba212b5f12959e34b4887315",645408662.674283
"ba2423d79744d763aa3744f8",1051474491.25462
"ba24834c9fb0e87c4ea7d1a0",792455274.162845
"ba249dc7eae0609f20ccf234",682075731.756196
"ba30cf03fbfb0e36e5d415bf",1182814448.11351
"ba31c38eada33f680d44627a",596127473.514463
"ba32f2964e8b68ff5555fc34",1085301738.62649
"ba35cce2e715bda1684c937b",947803288.957821
"ba47346e7a53412e78363ac4",505343854.838939
"ba4e89128058d5564987dfc5",460133385.257648
"ba511b37b4bda08d191c68da",630592572.654333
"ba524c4e2f13109ce814ea38",794278767.717633
"ba54b5ebc5d4f554bc56dec3",536644448.952727
"ba601c13d20602c988d57246",1092621570.1051
"ba63594585c484bbd20ed3a1",712280349.171306
"ba7120c89c8de0e57e30646d",499265376.846959
"ba72421716765ef6aad9b4cd",1105017899.1727
"ba762cf12cc038e5c43bc6f5",731147595.750871
"ba79c72aa8bbb0517c899b59",1107657383.69784
"ba84fbef80c8a82895ec599d",1242148074.06887
"ba87ed2a657b0b042a05460e",728273400.123845
"ba89ed56d156579ce288dbcc",568827496.412492
"ba8d6800443dcf95bf9c1037",616446383.943728
"ba94572d1e050bb92522f112",473554628.227485
"ba94676bc0385678ce3780a3",607220093.927003
"ba9be0b67571b1e9242664e1",856322097.238415
"baa146a6537e8630180fdd35",569430597.148715
"baabbdaa5e8f69fc90d303c1",1200399903.83831
"baacf0dbd690644d74f3a929",809338752.204532
"baae43ea29f7e419bbecf998",497272899.12973
"bab5690da7c42909464cb9a2",710607743.052838
"bab884e0f99df269805e83a4",818278209.006069
"bab8e472424cd57faab87ff2",666408101.61938
"babe27dc477f5e1b7e438422",740242494.492628
"bac550d41b2cbdc6a110ec7c",487364000.56981
"bad7560aac04600e1ec1a9ce",488969898.6671
"bae512bdd3b04405c519bf4a",671423610.86918
"baeb4e9d612bffb63ae3564a",1290410299.50045
"bafc63f23f097c24d36c76fd",758641919.652562
"bb084299ad23f245d7cc5b69",614755189.463992
"bb19983466b1a1184ee7ea1c",803385459.44249
"bb1ece5366ebb2ef9d52708d",632867190.089176
"bb26b45df6a70b6414958912",706157145.282138
"bb2dedf6198be0f3ce2c4ffb",539926953.840809
"bb31607d0bc3ee4a37fc912d",713345145.655509
"bb33aa4f1a7732fc8ef19039",615707432.746732
"bb38c1c17612ce593e5ae7bd",431891638.588977
"bb433dc1bd769d684d8b3352",926750417.547359
"bb45c98dbab56e5abe20ac0d",853795469.546213
"bb47fda808b52f30364a4d6f",723738830.858194
"bb4c7900162be66534d17541",812256728.972233
"bb5726ac16b4ade709151159",702326215.185192
"bb5a6045d18e19613325dffd",1101714514.24268
"bb63f086543cde77832bd4ed",775173142.649967
"bb67d95fc94532b1fbe80ba6",736659065.808162
"bb6f66493fbafa76d70b0a34",939893738.48078
"bb70d80b0c6ad3022160c8af",450376915.351985
"bb71a24bc5ea4051d84ecacd",944689989.135254
"bb7c68c2652c7e124d88631c",659230309.231385
"bb7e14611ea6b5e4abb5b89c",674743802.651254
"bb812343bd6cd66e9cf9a9ba",409115067.32195
"bb90c874275456d5fe0de83d",696756987.149157
"bb962a9e3861b06ae1daf833",618239084.787081
"bb9991da696d6e1f13a32d0f",471868306.083039
"bb9fa21902daecf876c0467f",745583987.067464
"bb9fe73a8742dec9b2e79135",1285746923.09838
"bb9ffa04d913d06846d082a7",950620197.912438
"bbbf74a3abf9cd8718384a65",552391319.289286
"bbc675f7edfa0425c78c15ea",777969250.605031
"bbdd78a7ed332e679c8e526b",566461564.662369
"bbe2c06e6f90c4234a7781ab",1138534535.04649
"bbe705b86c6ed4da775b68f0",458660534.260104
"bbf16146922556095f53b5ea",698819729.328786
"bbf80c409ab3a6784028eb6f",456838944.449305
"bbfc9b05caa647bd95b3c88f",771144846.093243
"bbff88040e5b20e874cfad9a",788980387.625132
"bc08ce9f24533cd644ef08b8",725157425.001037
"bc10eea54e4a1767881a2391",808759250.938639
"bc1335d419a1c0f6e6860470",1253561489.61948
"bc168cfefe964762cdf8755b",748731175.531044
"bc1ee1f8ffe1ac88f08e2459",1009379648.35566
"bc230105784ca8640e499ca2",1022397604.5107
"bc23e25cc246ced4731ce5f5",707864537.510375
"bc23ec33573f28442b36f60b",648806392.448686
"bc28e66374356a4fcf9b62d7",827933603.62461
"bc353a421fc579770e432176",696243086.351255
"bc3c509022e3f6104cba5203",1025411891.83538
"bc41e69def6bc7490800c4a4",449890672.997623
"bc474096496b98177e40f590",898354902.771847
"bc48ec7245297b4cb85dca1c",567108126.416201
"bc4b7bbf5df92f476b6be103",404949388.013104
"bc4b94c892fea57ebae3eeb6",483627870.075062
"bc52abbda9027e10b879ed50",603144383.953505
"bc54f5dc4e9ce267ea592813",707231846.66682
"bc57535516748048e38d4a2d",625919152.197317
"bc67f29c8679adf31353bec6",806418122.039814
"bc6a7d4ceee8bbff9ac5eda8",1054926088.81917
"bc6b57600fa9edfe13fb3118",853492978.500686
"bc6d6249873222ac7f22b73d",684319641.308892
"bc76b078832a3a81b6d637f8",1259487277.12648
"bc7e867cad6f221dc44754b2",723392889.522267
"bc834280fb45fb308d957640",519853193.52298
"bc8bd1feaa8fca4c52e130f6",455362603.759349
"bc91072d808fe7b43e972f42",512018529.286207
"bca5301e6460eb859b7ef34a",624975522.445518
"bcac2a4cacf13a91805557c1",441638464.973634
"bcaded180edb36336c2f5b96",919539629.581143
"bcbd20cfc50e2f032b174b56",556497108.970863
"bcbe8ed608f233d5ed7362c1",1072049617.18353
"bcc584e6a08822158e2a1454",633967483.786941
"bcc704b2e178dd20497e073e",442891753.365628
"bcd302e3b5342ecd8cc056bd",988723508.076612
"bcd31d201096351079cf7ce4",564604760.143228
"bcdcce01d86d648c4502d42f",837736121.285245
"bcdea05b890394a10d24601c",683668936.460809
"bce0a4447db2d54d36661011",616446383.943728
"bce608b4629b6c8512ea2fde",663239472.8698
"bce7369d51094d3a9d3495e6",1268445791.5047
"bcee01a5d6a36f48d99a5e4b",607239944.054602
"bcf12785c25f6e600eee8fc0",642032678.537664
"bcf2c303fc03897585831351",1052381605.39389
"bcf43ae0b4b15ae168abca97",1033223868.07279
"bcf775187c0f5ae1cc0e8ca6",822410058.765303
"bd018b302f732baecd085ff0",869099168.376186
"bd0261ab68cf56950ccdced9",889538485.446786
"bd0329ddd50f2dc4dafebd26",1182710996.04713
"bd04c8b6b5e381cd5f881379",453043690.391482
"bd05a6f6ebf924adf92e5577",820277383.81571
"bd066d5d19d41c06b904d51c",808384935.752444
"bd094081331ab259b1076261",724711227.544987
"bd0f754b0fd9b7af284419b2",950955336.426522
"bd12c705950c46e679c34bf6",1366571759.26333
"bd1fda425d792fb0de7b4499",771180264.478715
"bd23b1463f0936d2ced5fc67",747541698.190944
"bd264728a0464376e22b6bee",560136633.585257
"bd2759d469829bb8926dbe09",754886261.215209
"bd2f9648ee9ebc1fdbfa53b3",556586413.961931
"bd3edc7854cffd6b6debfb98",691707745.531536
"bd4526ea5b404df442892788",554597670.730552
"bd4d0b8799fa5999c5d2ee3c",1206349016.31838
"bd52dc8dc5398e5ca2952473",460122422.169768
"bd57e5cd29d935cb26006835",665683933.344444
"bd5d2030639ef16370cca032",788030430.576471
"bd612d494e2f21051556ebe7",912713557.817728
"bd6ad9a9ab28aaef9b4955c8",746244105.757504
"bd6b68abb113370c35786557",935964164.940799
"bd6c24498bf413b6c5adf81a",547915393.409413
"bd6f3819a1c0e551598fb9c7",435885104.186694
"bd74d43d99a240ef4190ecfd",726124787.727206
"bd850d1ccfc4b21a72f3ec44",1008347824.96338
"bd8b005383020611b8922147",509820047.815419
"bd8c1ff6f9919ec6f1dccda9",812314618.018832
"bd98add659faedc1820f96a0",544816144.64726
"bda2fcbba2b412981e708054",948153013.810127
"bda3c74ea6f73407a3c0a17e",745629783.331012
"bda5b2e5a87a4905a30f3b8a",716558313.831118
"bda914dbacd42b2b7c6c5179",909394428.175619
"bda9e5d8048acbbe5a9d49ea",648261533.429079
"bdac2f1c4b306a7742f60ab9",935268202.064536
"bdac560af3e155db33d13d57",942914766.188474
"bdbaafd11259af6300321a89",682439275.87445
"bdc17ea3f30318b11df30508",864174536.637977
"bdc8e1a1e06d387f9c7b026b",778708991.730077
"bdd287e9de82903f210878d6",753938217.279857
"bdda694c42c52ba4803d482f",844581303.283503
"bddb9388922dd56737d8847b",850518715.125068
"bddcc7fb72bb973f84b864dd",1012605118.70755
"bde81ef5ff9edabfc7e30d10",779809779.581107
"bdeddd3f84cb0ffdd1fc27bd",961092259.613649
"bdeed3a7395cdb9b175273a6",1126236753.82866
"bdfa334bc331e3e547f7568f",1065854473.96296
"be094e5db0f784e3aa013aae",397618060.500346
"be0a8f4be774eeaa42fe460d",777221767.139418
"be0e466ca7d6942282c8626d",704299519.600009
"be164f9025f346390b986668",708357197.751028
"be1695a7b8d3dc68c9887abc",800279989.683852
"be1c6023731fb633c4f41f96",721958606.326174
"be22ce55ba31cbf7cd285e5b",834982696.389576
"be26f0523e5cb13846539384",748132983.046325
"be28b90a71e2922437f25110",568777303.854839
"be364e85b988ef8627ece74e",452744004.860571
"be3b1df5f008636e14bec3fe",907678043.250502
"be3ee4457a26c6b6ad4237d7",635665474.595604
"be4b96920e3aa5c57baa13b3",529500864.595731
"be4bdb73add69f12f7aa6d06",596870957.20179
"be685d2954b8c7337ec94942",768247494.456153
"be706475abdfd64aabfe45fb",801248429.742673
"be70989d473cd731f6d8e580",913889593.025406
"be78bb0e06d5768ac1908247",503449352.871664
"be8bbf40db0dde8ed4cf338c",598069587.169886
"be8c05b72ee7867fdcb05455",1156245273.60089
"be8fbefb8e06fe169237d4bd",574695513.899805
"be9f5ade682aa1fced79b068",590797539.424298
"beaa09cb49a98e8025fd7e8a",489240557.201155
"beadf1de0732143f0699895d",796065406.65786
"beae197df95b84881128790d",924785901.238267
"beb73d27906bea7a7d880791",822804646.804913
"beb7b99cf12926d8714d1c5d",956833762.346792
"bebcca3e75e747b5a01f5485",656631998.50033
"becc3ae7a71d597bcb16d261",667969223.572413
"bed1fbafde11c156b655e04f",640163435.272676
"bed21c41b31a3bf2095aa273",988008641.281522
"bed932e11a599f7cd4bfa31a",969087010.22993
"bedc5ab20edc896f814c3f06",723140051.388543
"bee2e008ee41f8a711fb8d29",607524834.510647
"bee721e93b8d8e7cb37dc992",792769324.108403
"bee9de3e2817bdd591c02897",593042679.856554
"bef19d0084cfc9f6fa37ddd0",885173978.319827
"bef2008b362c4af1fc3be566",746689538.122262
"bef4759bfc25c7d44a8112af",794547376.415557
"bf00f36c4dbb273d7ba4b7dd",872789812.809537
"bf02fad806fde4e3575e75c7",738573871.599043
"bf0485c2e267d06b9b1d90c6",996080600.729255
"bf0ad098fbccd3548d834ff1",829271616.732078
"bf11c5dfcb321e020601e9ba",1135056757.15114
"bf120b883bfaf7641eda65a9",716319109.655633
"bf17b59bf2ac2d06894bd786",996007604.160077
"bf17eca5afccd9cd6299b9a4",962883488.234875
"bf1dae54bab00fcd3e8c9ce2",650984141.115807
"bf38bb7a2a7ea663cc8f3d57",704142841.488963
"bf41b26c090dbf0a19252e43",750858934.866941
"bf430621f17dcaf17fb91ac7",605461732.153282
"bf43226ba66a3e2033d32fe0",967355770.260845
"bf4b8b23cd87377169684e98",1056005970.10544
"bf5e687721e030639ec81416",839275221.608367
"bf6005f6f71da582a6fab8c7",669179874.770197
"bf6845aac15fde9b89a7208b",716048872.842383
"bf6bd06201e60a4c98c8623d",863447414.035781
"bf6e713a689f574b532edd4c",1117442274.40686
"bf7463534babd284da6ca671",406082127.965364
"bf79649b531e876c5f03883b",494936465.48926
"bf95acc88b60a3d531fbd42e",494576701.249409
"bfa4cb65827c4ebb91478e53",1021380010.99264
"bfa56d6230b858591743473e",752924861.523066
"bfaf8b7796c8c57bb5997be7",759704078.867654
"bfb30ae71cdca27f5a5494c6",1080017316.78366
"bfba8fe959dd2e44a4202943",912545215.762717
"bfc41facefe9428865e4c29f",1269738476.5936
"bfc5aa443994e3f3f78c6105",1219311985.10287
"bfd2f20a7bfb0d865d7f7193",1529328599.86427
"bfdbb7aef98d4855d459ac94",842473572.879601
"bfde6e7200fc27e6e6f1497e",1122453076.24668
"bfe19954cd4680149c682587",631217581.784079
"bfe7c873b2fbad871327994a",999263836.206385
"bfeab1b12dd82efa96efac31",642055581.889805
"c00083aa30ba7d953361674f",480569067.208876
"c00592c7c0c3a863a1bab9c3",763146626.542722
"c00facb3e4cbb27c47a621db",1439922893.67234
"c0109086d0f49aac6c3f3f18",687025673.336132
"c01199a4b2fbf0f6cbdf2a65",718077554.484689
"c01440b8ff0d80e7bbad715c",633749392.828307
"c0155096575af5fc8db843cf",338234088.011158
"c0174ef555bfdd648acf4346",643228595.920658
"c0224f0cee5a388014db4f55",1268758844.65629
"c0277899d5f185cc78fc4a79",774721240.645955
"c02caec41084656408c2696e",821943524.87993
"c02ce25a3334860d3bad53e8",595565444.349515
"c036fb38fbd2d1b59ed5b7f7",775346580.007647
"c038742e427830aef3ac1c17",550986678.976734
"c041a933261204155415c2d4",968602059.774153
"c04e72fb6244d9a9b28322b8",843912906.469896
"c059affd0c19f6d4d76f37c2",639745970.168552
"c06088db17767866b7f4ba7d",1141714434.2427
"c061b886b7136a1b00c8ea2d",948915198.434562
"c0620585c12f3d9f1298696f",770473064.186257
"c062d873af3b7cb98ccbeec9",1059563411.52992
"c06a1d212fed896b6ee4e1c5",588257329.192598
"c06c737cc0cef7fafa3fc4c5",721068437.937915
"c06c8b6425e3a7c2d7481e42",657475675.668529
"c06f36b42021a1512cb6e3bb",476749762.333853
"c0706c78d5d98202dc24e46b",928439556.003111
"c07e2ef0bed4be12e41c783e",759823986.22483
"c07e98122103d1546d995f9b",1224832870.04334
"c083a5c64c4d6952accd7bdc",505669297.639557
"c08b016afc6a07105d7703a2",716503859.036268
"c09b8c236316b87a92a620b2",593002085.042409
"c09c39339b5bbd48f349a430",708421417.063948
"c09d691e4c7d7b8c8f6a8370",908104512.193474
"c0a9e3f5c57cfbb4aa9b2357",833371810.332074
"c0bf06891690188e17ceeb8a",607631044.070942
"c0c01ecbb9189d77098659b8",688634140.929454
"c0c4ecc8d3aefc53c4c06a38",640065007.944906
"c0c4fa199f0ad751930cf78d",799140649.944835
"c0c820463dfec602a6118ed6",979591153.619993
"c0ccf6d535d1316e37e1024e",838458560.604158
"c0cdcb5f860e3a974c401861",810593257.396558
"c0cf9517f20ae81c79ceb0ed",1080120450.35537
"c0ea6c76eb977d83c163fd7a",554036341.42331
"c0ec1e7ae2c6c3c2f2ae34b8",723183138.573014
"c0ef32a7a294e5891505bf35",429843024.559898
"c0f911fe7ee2113ec59cb5f8",799848499.601819
"c0ff8812c1e8eeab07c698a1",447974503.299905
"c1034173dda31d20c4efbed1",627551285.482718
"c10f25fd39dd36287a6cde73",1439922893.67234
"c1168159d4e2fffdd5662757",833980685.702043
"c119f62348e418d9ada13362",800503269.359905
"c11cd2e00942ffe56db5ae88",788051638.619941
"c11d82cd360eae99c04009b1",1233935093.90472
"c11fdc02a288af0572a2bca1",779177742.505032
"c12904320223ddd043f39c63",733489036.024277
"c12c81b3eb12bb329466e88a",1195130584.45088
"c12f362b9060344ad044cfb7",1031983776.87822
"c13263f9c8628bdef086106b",811259904.136722
"c1329245f57c5d9019105382",975033234.609795
"c139bf6b72a93a73155e1f5b",409953252.119873
"c13e387f56342f88c993f0a2",781776607.377063
"c1420f278d45b85c56f415fa",970294112.802112
"c14f644116669a160446a945",642055581.889805
"c15cecbbe717e72f09a84271",665486104.436022
"c166a9293fa27e910e1fa9c1",857138215.762003
"c16ab4a11cf67a39fec6f049",777360815.772355
"c16e9d9444f85bdfade710a0",749005269.466389
"c17a3139c360750a6de5950a",452951211.681564
"c18c2ea88f4ac53970b53d2c",837354388.139218
"c1976383069b6b82ab29d092",818796570.30846
"c197faa8bdbd51c075a6d3bc",1063795611.78047
"c1ac42dad98d2f23dcbf140d",1014319369.10143
"c1ae2af40e1ea9da6380b8ee",1060400457.95303
"c1b0ddd3c104ec4482d5025b",612242692.697456
"c1b386f478152f9be1f546ea",754033964.729003
"c1ba606f32ce0337cbccc2b1",741448566.116432
"c1c1dc8df6996a94ef3c7d33",480236381.018524
"c1c8024bb6c3635ff655843b",549223375.588192
"c1ca38f941200a9d666aaedc",539688749.210847
"c1d0c0846ec652774ed5474b",1082972824.07804
"c1d9119fa7ae7d44362f18ce",964017410.765816
"c1e0b47866cf4a0120e4b3d6",650726825.371499
"c1e51ab95336a51885b4c672",881440900.649814
"c1eace64bd2c9f6bea289c4b",948461496.954661
"c1fc25faadb151c73ff254ec",742016626.438076
"c2071e85fbffa3d2c2168319",596570632.474977
"c214d2383936dafbe0652c51",1185290083.32909
"c2164829374d5e880c1a1f31",830746996.150149
"c218434cb0b05ebcef935e5b",1027672803.41038
"c21a3eaa136ef8a912ce7b74",926676014.611478
"c2242a77d30c0abbed667ce4",1052754468.89303
"c2282da3ece2dca6e8a3bca5",886224695.591503
"c23150d0aaaf932579561998",1027091834.46001
"c23a1372c81ba03e6dabb0df",527182076.695018
"c2424b4861f2ef50f8876c0c",571695126.269092
"c2439ab65fe194d1d60eaa07",994150008.684209
"c245bfa6587eeb55227c8a4d",713086009.76444
"c24be8293c8f4080562ec0fa",666507892.946202
"c2555955d5175b31e5f783ac",968364137.002374
"c2580329ee6d7a03925725aa",632411897.438888
"c25e1e289cac1bbbee489122",879459937.851348
"c25f892c01420855f61c3dd9",742403258.622919
"c269765ece36cd93058efab9",565178466.258412
"c26990b034ee83450a4517b1",856626618.068927
"c26af6fdd00a85a17b823d92",798756233.959198
"c2717194de73e1a1d8dce40f",411783776.414195
"c27b2b735106bd5a77a15616",684698431.396885
"c27d72aa1fc5d37f4cc105eb",1025323715.62323
"c287dbff188e95f833ab21f0",744047037.258467
"c28cb417dd28fe4d4d41d114",781685258.265533
"c29b30cc5db2ffc273e4cb14",680629671.183621
"c29c69bc6758d5976024e455",724711227.544987
"c29ec380fc7295a9a770a74b",442646735.999541
"c2a2ddb94f60de25378aecee",813919434.449624
"c2a9b4b389ae6f20140e21eb",895673660.930297
"c2aa451b62293042b7244fff",994914629.555946
"c2b5216a8050ea0fe4008f59",1024279516.7431
"c2b880a6bc90cdef9dac52ca",817437583.738639
"c2b91ce4b1bc8c576a0ce1c8",765001921.431358
"c2b9a3b2747f32d26c8219fe",719544588.586096
"c2bbdb2e5d0191071e6db37b",792121583.191937
"c2ebd39857dbbacb99e6cc96",762261643.968355
"c2ee475efec76c46efbf1b08",618349740.340248
"c2eeb1cf0549df1359ef4dcb",561364818.701923
"c2fc3f04c3870e14b89d5fbb",608477827.703097
"c2ffdd10fe424afa1b09f31d",671522708.698885
"c310efec13e312442f7e1a01",564713729.056658
"c3140ab2134de662162af508",425503939.30904
"c3191b6b40191009ae9f4b7f",1024254222.61532
"c31c4bd09d8cfba562ed2b41",927346430.013132
"c31d98f67673691ece007a65",752009963.597517
"c32249c7c0819b1a29fd611b",703701811.889404
"c32df77def9978a84f8ba7f1",931957335.677736
"c33613eff66948d1bb8ea3bc",653687368.610157
"c342f6492f90ccf623e8e8cf",549094367.336831
"c344e3be381326a1b6cb5989",914783067.753542
"c34c2aabac06323fa180b24b",536750958.933788
"c34c94e7129f84267a5e4fd7",737573494.728369
"c34d46d83e76f54d53cadcb2",874306054.500431
"c357cc3d2f4b45ca3e1250d2",566446431.317596
"c35f5ef73168d03cba1b1f4f",480749255.270921
"c36cf907ee28017eb1b40674",460120464.919847
"c372834e8e7a4279f861aa4c",871451197.924406
"c3733b88ebafc0a05f5bdc99",718172658.478357
"c37348f8247ade33ac513855",1238326171.68347
"c3786f81345d39fd8b353da3",780070486.568908
"c378ef33f40f8be9263e517b",595099070.39022
"c37b357d57918c3a651a5760",688070934.161645
"c37c7859956931d77cd5c9a8",1078103373.87285
"c38677ed0876b7996f596336",489425056.742158
"c386d1ac4fa8dcec4cbf9788",899618079.139933
"c38ce4f3763795c61efee6f3",539750909.246661
"c3a78d9bb10165d9be188394",757701546.65018
"c3ae3f44bbae215f7f2fad9b",378290668.179499
"c3b357d17afd631df02dc39a",853263770.404658
"c3b8b774037044a2524913a6",623101662.270836
"c3b8bbc492a7d7bdd63da22f",1018192295.51988
"c3bbe8c09f5e58281dddd412",888753787.196788
"c3bd0b8277a37832f56be54b",620408214.814862
"c3ca43d0474dea2f2dfb9791",517866350.468071
"c3cdfd0733404ec885eb3edd",801698007.321376
"c3daf2abea55af99c9579319",906027924.502032
"c3dc5ad23dc8cfce0671adde",967877980.570169
"c3dd975d0aed59a65a784e47",945519649.249537
"c3df4b9fdaa4dcb13723b5f1",795728326.474899
"c3e1e0d2618556de7df13403",746812354.027004
"c3e648317c360c76b94bf541",535963786.637478
"c3f889c41c1effea85bcc706",686090723.730329
"c402811ade75f5e3dee73ac3",928361734.051179
"c4074029fba935dafd82eba8",578348076.989142
"c412ab869616d6576cbb8309",475872087.051227
"c41964afa164d8b75f8dbe92",747916346.998181
"c41dfc0b917edb6e6ef7b1c8",585820339.239049
"c42c59e8a08e8657ab4201f1",450521913.819045
"c42c99f5da3248e7bcc73fa7",846757263.169724
"c42ce8f9f62f7a315e028e3b",671753842.306232
"c431fd6dbad57351a497fae8",638441716.736537
"c43530f324a3ac90f53a8849",724925397.223478
"c4476befe0002dcd0c315993",809724816.543046
"c451b61851c8ae1e6222109e",1054090906.59604
"c455b8a15dbfff94c2909f37",870412293.211969
"c45d7f326a2f279760d1a4ae",929359402.522945
"c45d86d17d1d0519b455b7d4",1131137091.08852
"c462f0736fdefd319cee232e",1085606551.69406
"c46b122728ef4c9ae8be444f",879743285.046753
"c4749eb8f59cca469236df01",456999851.25749
"c491a13a87fa1ef595b35826",825676077.723738
"c4955010d066e013812a85ea",1210250843.43121
"c49644baf8dc51d3f76d7e7c",547521047.279143
"c4a3d64de5e401a86395a919",674323084.240044
"c4aef1d92cf264c548ef1f2f",403413954.22201
"c4b2a42a8908cc35e649fb16",704715796.549619
"c4b97a459e2c6d13710fa273",563038324.821371
"c4cef41167a5e8354a61feb4",908747328.435133
"c4cf9ab3776289a412684892",933344340.171998
"c4d7a906b747428aabd368cf",841341127.810008
"c4e8559ee733a551649a5dcf",772584358.75316
"c4eccc400db2dc9627c9879f",887856129.703762
"c509f2036a11b7132c633d2a",669815163.033347
"c50d5b4e75f165eeeb2eba97",773205135.366337
"c514c9a35632e5a9c0476a31",751131538.806233
"c51d1eff1b6d29b4164df520",1378553424.62629
"c520b7e8de3796450ce49a30",409845117.0698
"c523380518164e1e317cf1b8",1297803709.64853
"c5346c37454ac2b13b92240e",1209303114.71109
"c535169307e21e5df7ec88e6",886185997.693508
"c537ea2620b8c3a3f013c0b9",1016262106.42534
"c53c58dd7b26902f67c3becd",1008978604.27088
"c53f3bdfe8159bae98ab005d",1251828162.41554
"c5498cdddd7856e99d21f52b",618233862.863939
"c54a573c9aef013dfa2abeff",973661656.368281
"c54c645c340f59dd5f47bea4",456049297.953562
"c552cfa8e6b8c8be2c963ae8",405640931.007877
"c5602c608080e2546dea5463",379817608.961986
"c56163e390d9e5a7a76e77be",817223996.351409
"c5641447732d3d1269965ffb",1109350860.07401
"c5788cd5507c577b7b585ffa",406082127.965364
"c578eb2dffe903475aecbffa",442227021.075742
"c57c3c7edd591e16c0b7c1f6",674694327.886691
"c57d333e383039db0fcd2620",1010541140.16384
"c57e1c323ddeaa7475e5189e",697643346.425134
"c58947cd4f238cfdc0007bf7",1289193513.78455
"c58b56f1202d1cdffdda3021",784575156.498405
"c59c2a19b93ca666b7c389d4",908521021.539789
"c59e06a2ed37fd750cf39976",1138296402.50133
"c5a5676bdb1698f8c38cdcd5",517826524.145783
"c5a64fe5ed5901734d98a22b",710868345.85368
"c5a8695b7aeba06e46266959",727872807.701347
"c5b333e454ed6e93ad32d96d",783464788.172898
"c5b40b510bf7f121c93a2332",861912270.070626
"c5b47ac5c4b7476d50bd56ec",746378516.229547
"c5c024d11b3ebb2cd088bf6a",1012378991.07563
"c5c3f06bbf812593d1b95a40",1140491864.09818
"c5c7631ddb5b485d0e992f7b",509244942.384789
"c5dc941305b5fb59e66479ba",849725530.102191
"c5f7f0323f554a7419f78359",885716422.360872
"c606665f3a3f70ef61fa5cf0",1139991233.17433
"c6084b85c8d95e0ededc25d1",1020394238.22631
"c60c2efec3c12959d86fe3c8",619003254.16112
"c61076b24927a46ef506322c",1068611005.36742
"c6115d5e908e04e67915a581",812315473.884081
"c617d1f15d294f0b0aea8ed8",925900434.597916
"c62494a9d7aede44f2f84023",1293677012.23797
"c627c6287efaeb6fd9049312",721189467.970052
"c62886167530efe1f84086ba",718563154.072227
"c62a4288a4a0336b1436132e",613273000.331641
"c631f8920a2fd1160f6b15cc",716558313.831118
"c641febd8bc2ece3e4d2d8b6",570226566.211728
"c64346c8b0ba32a55292e66a",1006617968.2286
"c658639b590415bc6ea44119",537727934.765563
"c666974c4303d43b87714c62",521446109.265997
"c670315562766401f92913d0",434386396.489769
"c6706db3eb4f0bbb0510578a",1052107884.22267
"c673d94552bc3e451672939f",919833409.724553
"c681519ec1ee1a28f6a3607b",904418858.64215
"c697ec00214cad882d5e9812",551815771.100671
"c69e08214cb1fbc09ced0971",503733192.300806
"c6a089a9bb326c22e3f3aaa7",1001471981.94639
"c6b157e7a6ca08d04ec4de4f",462005484.057595
"c6b7e739125907c86a8997d3",800976542.88552
"c6bb4ca5a0c839d38dd8ce19",1141355724.64877
"c6c7409bbf52c86461aa1dd7",696547954.154659
"c6c978051fdc655d21a370ab",576285787.171857
"c6cb6ccd3f5876c9b9e29685",730297030.239112
"c6d075772255b1efa52317ac",971380863.332598
"c6d679cc07ce4373197748a8",1289603141.60781
"c6da2874d2dfbb2ebab542bf",1152552024.62456
"c6dc8c201ce38ff2ea49cd68",1307435870.37815
"c6e34cb4e79a729a5df4183a",928092864.895631
"c6e9772058edb2268434d7cf",830169931.929609
"c6ecbe7b57db2db74b0d788f",1032675862.97153
"c6faa40acaccc1603c29df96",648236699.685996
"c6faa5d2ac8e74c26fdaad4a",870583883.683878
"c70439fc435337f1e8fd2f5e",1273773218.04673
"c70f6bd5ca138bacfdf8b5cf",932497122.423418
"c71123c31d02408cdaa74daa",556997233.412557
"c714b30713eb7877ed3cd92a",493127625.762742
"c716d4dfb5a3c2e1120bd84f",1029911205.23827
"c71fbecd8f7310c201adbf40",880603557.427806
"c7205874bee601a7b01a0cd3",1142604698.86332
"c7214222fefdd8d2ad7f8f8f",742653384.267956
"c72cf05b93b9c290c063b08b",916729846.853246
"c73a1177d787a5ed72b8a9a7",846476538.59033
"c73c38b652e9418f06f89b67",524499513.037901
"c73ee8d419b96c6e7c53f95d",863877550.634863
"c73ffac843c155f24985e6f6",800488163.877669
"c74020c85c9fcb2a2cb3ac74",780303663.132731
"c740655aea4eab7066446c42",764568658.81303
"c757b3960436c23dfaed4f2d",1107795358.06747
"c75b265c0eb946ce77e32ce7",850551999.412598
"c75d43b8089321e359e14264",873498021.546075
"c76207e622cf8a208910707a",801606108.567321
"c7694e92a97bb66794e62fbc",595665623.354971
"c76c4695ed005277a59451f4",783947604.811183
"c76f482d2a8f8db5eb79ae89",1148511454.30102
"c7746198cb5871bd687c2538",612474327.883715
"c77509a6eb6665bb8eb07d95",877890348.235157
"c775d4f60fea55d5511da4d4",891167864.111475
"c77a63e92b9f727034913d8f",707908862.96611
"c77d7a08d5b9abd4d3082fb5",780722679.496329
"c7876dc81e250503076f43f2",663983179.504617
"c78b16f05ef58855da0d4f2f",690584026.760597
"c798ea36d2e4a8119723eae7",1055875172.81532
"c7aad87d39537083a5620757",748391260.511183
"c7ac975025713f368bdb0af8",1126444516.69486
"c7b6e7a287602275f7854ef0",1168925803.23153
"c7be09a810b9e54d2dfba4b2",669453118.514277
"c7c3da1f12d872a3726736f5",799751334.016999
"c7c5ee499c712082931032a4",1568702422.75388
"c7c835349181bd3f0d964eca",1642999625.20998
"c7c99ae9259b34bf9b8ba799",448232781.723425
"c7d5f021595b58c507f47d3b",953325308.039442
"c7e45098251c687efe670815",733296153.892827
"c7f422224808e043753683f8",1368542177.79864
"c80ef212c870e2f20ed2234a",713317182.830521
"c80f897787541816ad63bc17",665075139.619825
"c81133d5a58d7e8eebb10c8c",1324521874.03797
"c823e3fcfbf0c43bf2d82586",1230565312.84883
"c82434222f4129168fa82e5b",677559396.199144
"c8244d916b0110b1acbd38ac",705920742.93971
"c82929467d22589ec62c0475",846063284.221901
"c832701653f1e7f01913660f",1052608265.93808
"c8346a875be8391145a2f9aa",435149732.86962
"c843044c1fb30819300448d9",456280573.88859
"c844a386941b86a3d4c0312a",754118071.556056
"c846d5698bb295697186555d",710936117.327592
"c84e1db639ee43ad83f930c3",787399005.515715
"c84f96cf4570158c3832c3f3",799837572.644414
"c858f0f3f5594e7bb0f3b6a4",1275492333.80348
"c859144477dcaacbc1654a8c",647500295.548884
"c85d56080167254c7bc19303",831211052.472019
"c85e9bd6e20ee2a883d0a7d9",401828464.922232
"c86e643b7f7b57b4482020ef",688614875.362554
"c876ed979c9127674000b740",750979070.457813
"c87ae84ef029febca1e633e8",614773662.887999
"c87d9677bed80b0fe06308b7",604344469.269858
"c89167e42af0d42c88e8573a",752927188.647135
"c8941b8d7626f7b33628158f",1310897833.62772
"c8958d280d0cf2d8a0b481f3",787003015.515726
"c89ac55660cee4608bff27d5",630195958.904532
"c8a3dc3654c53cf66953de0e",741179691.939719
"c8a40314be3014c2a218f5bd",1090988040.77162
"c8bccdccc9186136a332e995",1010598273.32788
"c8c8d083c9b9600059a8b8d1",693698626.987186
"c8d179013c5bb6379693ef03",517776286.68527
"c8d39eef5a5422e0da4172cd",969502444.328294
"c8d4ffb290aa9cea002e8d67",421290719.552791
"c8d5a0e9614dcf96a500206f",728591701.624279
"c8e00b4dcfa2d05d6a7fde26",1136151563.69821
"c8ef57ddfb35061d1876f94e",541898098.232126
"c8fd8b729f4ac6270aff9c9d",1115404426.67071
"c900d19cade1443983274ac4",1407235402.6385
"c90486bba327ede32dec60a6",686521851.294042
"c908280d0461c3585af94d53",1240380100.68081
"c918e02b3e6d80125a2db1cc",542844852.535566
"c91945dcab0bf200c3ef321e",814398140.179037
"c926ee21c2bd9da7da193514",522757041.706742
"c926feb307c493aea729001d",510200564.435209
"c92bdf97d7f0a9a12c024406",430506167.904465
"c933750eeb53302db0245782",488789542.83518
"c94056bc09a4bea0e853cc41",638583098.14033
"c94dc49efe0a350bb522a56a",1074283689.26297
"c954618c48b70cb00efb49fe",879432085.974137
"c9620e3e2dce92bf95c57c6d",723674342.830035
"c963faee3ac527dfab08f61c",536947546.657436
"c965b03014d21473b27072f8",1010227425.16458
"c97715bec6032974060480d6",1174194744.43557
"c97adfa6f5ad3e3db6b80edd",1018142659.67542
"c97e4d7e08db3171290e939c",946250303.783041
"c97e70a767a3661c4869bf86",695145128.536147
"c98157c582392cb895071f28",846655179.604032
"c9851396352bfeb05fbd7580",1107428379.93807
"c9859204696f3440cdb541c3",997417425.278011
"c98807fc596bb2f505b4da9b",950004157.884284
"c9a215f284e095850c809425",827137037.078241
"c9b0673becdedeede0209697",402410768.230037
"c9b6d3bce20b7f528fff8123",767089788.86219
"c9c3973bb37b5c688a7c0157",700210276.720709
"c9c51c39725d7df94822fb20",754051808.630239
"c9c769e7ccc99016f61269d0",689801177.342738
"c9cfeb97323bd6a0564e1903",663259335.330137
"c9d096d4353b8eb843e793d1",746727771.977304
"c9d254244e315974cdf5d921",1365881936.15153
"c9d285946ffc4c4b3ee95da8",1369018286.96775
"c9d5c08973c493f3acdef892",671177565.389315
"c9d996f458794961d9957c1d",790174252.119881
"c9e20cadac540faa59d9aa3f",526695562.813078
"c9e92b994e48df83dcf9976b",1396104433.99034
"c9ee7f0666429c0c15c37499",360264284.628756
"c9f92088dbdc0d81412968dd",919332534.880111
"c9fdc3f80534b32f1a75f530",859298655.440446
"ca02c904cf5eb96ad20705ca",819895959.720511
"ca0b59b35225b44447967ef8",524499513.037901
"ca13bacbf6dc8d1b09fe4c67",1031135991.3534
"ca1b1c17572f776fc1059691",665556290.639172
"ca2f81b8fb6fda20aefb0ccb",1010738917.99814
"ca3b5cd3505049f1471c47e8",814711253.446126
"ca438e13d8aa6285858da0aa",948327924.624465
"ca463fbe3e5cacc152aa70a6",528685578.165447
"ca4f4a66d83f2043a7dca261",429843024.559898
"ca50f7143937a99accef865f",1130326846.9911
"ca516516b33dc09d712b3154",940196683.978345
"ca54914a1cf1028b9c8b681f",835303970.448971
"ca5949c4bcf0b63e5d1be784",397267861.002718
"ca5eecb01282d4a84017bd50",725841188.383174
"ca643c04044fabc6fc566d12",1092081076.72138
"ca77a424800783bb9c5c0450",950509239.264257
"ca7b9296080c9fc9fb232782",1079184815.76884
"ca7d715827b39c417e5b75ad",893335707.769668
"ca86f53a857c23b15eef428a",1022918825.64284
"ca87bd8401c0c7bbc4b3f286",979797969.292841
"ca8c85e8100f64416146368e",1024202592.09008
"ca8dacc29a57d39640e3e59c",977702178.730765
"ca9520c7b8432b0521b2e8dc",642304079.936458
"ca9b2ef10b512905af6be620",880099159.008869
"caa4aecacff2beded2e76beb",657666355.329308
"cab0a460167bb64c037cf25d",372524063.844546
"cabc4fd04b60a66bdbe2cf9a",1157098704.5079
"cabf47337c2cd619f12fe69f",673528721.445719
"cac3eb4606346268cea48e32",1200178500.54597
"cac7e7c3e13af91bdc7107e8",845849958.873276
"cac82fdc4d960947bbc590c8",814001664.297159
"cacb91ac1b835d62422b8a8e",1142945824.40385
"cad16b2ea432d926d961109a",798399541.81061
"cad720be1395e2ab5869807c",647926753.26011
"cadbfbea1d03e6538af648e5",563154878.588771
"cadd4a6e1075b57f7b74c63e",887507571.345854
"caddb9dce27a7e8012478da5",680149111.119866
"caec584b5b6998684bbc6a70",397001784.596963
"caf878b42daeee3c7de336e9",867016634.443109
"caf9c761d21329c993a0bdf3",894569589.593877
"cafa94c4a56c23ec73ee9071",997176707.656519
"cafe7c1ee67458e05c84d5fb",881000989.302902
"cb00154afcad81df60ee58f6",467791343.575216
"cb00e44cea76a92e9c44e793",837430606.841888
"cb01687abe09df6838e1b224",724103604.376622
"cb083fa7ff634f424a351840",685240939.571356
"cb09a84a1d7b929607d01ee5",931862258.225368
"cb1c8ab11838d9f0a1197e25",979675335.412203
"cb1dcee1f4ede0877be1ad15",816971720.145306
"cb2188cb8e534973ea3411a5",824178043.565881
"cb29bd3ae3d5da88c99d3db5",817728908.48265
"cb332695a296899d1c798426",632548400.203423
"cb383b7a746ed55b21a8b245",824421841.484117
"cb38dc837baf3e0531c6c115",833832781.376708
"cb40d6ea6a1eab77a60c1ba3",741425725.638097
"cb482d76b3b4904c595f2dc1",518760305.020082
"cb604e3a56cc847189462004",815787480.696614
"cb626b981c0997d254388e76",463495339.595434
"cb645955c851790e83e696a7",946802828.999782
"cb64b363295d36b9b0fde3cc",639904746.424071
"cb6d29f005078d4d4efc2d04",648341934.299188
"cb6d4db44c789fcfe8236b40",703739169.607044
"cb70f4993947b640317a07b9",797554489.573678
"cb778195c5d61a7c4185424c",1004678856.33982
"cb79e02041eddcfa9225346a",746947810.262723
"cb7ed5960f325114bd3489c3",953974470.553923
"cb7f62ac4c1afbb4256601f0",672835296.06395
"cb83c138aefeadb184d2c7e0",585375146.999182
"cb8844cf2070d8697bcccf27",606318935.981879
"cb89ad8156c3428ac80a4db3",565334470.842337
"cb8b826e929f4f8a8e3687bd",695929465.237119
"cb8fbae1b4141461127c97da",1034099548.71189
"cb915d1ef92dff803c5cceae",1278012845.00058
"cb93b0d5e9a26628b0462b14",594586718.706048
"cb93bf58a01eb262cb003061",803515918.723479
"cb94eee5ecfc75d0fd5ba6e5",1048269582.09301
"cb9d8fe7c18dba6827836403",734653942.7031
"cb9de5719b978a78c71db699",1056424763.9691
"cb9e058f82b10cf80990beea",854325053.83342
"cba57e3b393b3e392c7431fb",1015029121.22839
"cba9aead5bad82b31da51e6e",1034563969.47609
"cbab68c32d78424452249d9d",1189847889.54409
"cbb10e7618b1385cf922e815",1124055343.33983
"cbc99d6202cd3a31e1c14a16",613073109.051696
"cbcf4d76223673724b0f9811",882091704.679362
"cbd48f3342e63a84173a8dfd",403628915.180357
"cbd78f55af1db4d89b53b496",560288457.091738
"cbe4318f63d73fea6238079b",1327605171.89028
"cbf6faf7b47b43b2a77b3654",882701107.846108
"cbfc3ca911ca23517da8c2d0",1115170609.37559
"cc019e30685c91634d2fd4f4",948502867.705529
"cc03087e0f18d59c521b6ce2",1003984077.76967
"cc125d0f70d6d0819d6d90ee",570706899.904402
"cc1a11362066152d21d4cc60",614971597.673136
"cc27435df779f16e6a62b0c2",1371039992.45255
"cc2c78d41e3fe29de0b4ec4c",1137577805.30947
"cc2e8713dd087d3b842d2f11",446893697.623431
"cc385eff95aa00310eb22111",650453561.025948
"cc3ef2f4fd5568aea96c257e",660420531.355899
"cc48e66185c23195cf958612",519302271.512513
"cc51811e23409f4d77995768",654603297.314572
"cc5563550bebb29c83ae3054",1300823099.00355
"cc6fcb8ea6556f676c13a76e",1107819358.95986
"cc72295ef156cb2d60d6b10f",940858397.141264
"cc9743189c3671adbb1be49b",899205630.994505
"cc97f62e2fb9d3e31ef1c00f",655504117.123019
"cca9a08bc4a91f317b851f11",1114736080.9961
"ccc4457f68fcc1a416e3acf3",884529661.328933
"ccc4e48073c3da10a2e2d08a",901604023.610752
"ccc625df8f51248e3dc93214",486004709.649291
"ccc66d77e5f68779b1c016db",561260628.080483
"ccc70d1d8e4411331730bd7d",503532085.024713
"ccd2f6ec8e9841f1068b7c76",609954958.302966
"ccdf0abddccb1a670f31c2f2",940763228.492845
"cceb25e83ecf22252aa92d2e",1346364590.99134
"cd0236af88ded6bc15b49eb2",954997602.31601
"cd05166ab9bf3128c23fb8c7",986156369.922304
"cd07b4553b6d3863a9e444e8",1056301692.05987
"cd08976dc2d69110375f8541",704382431.147502
"cd097f6cd92275ec8ace1f20",615041274.684249
"cd10d6e28fd7ce92518ea31a",1000680912.30584
"cd14f8aa1613d754221c4735",739543349.13897
"cd17bb739ac79f80d6f651a8",821348629.782647
"cd19dcd4aff76caaa1cffe54",407001646.940299
"cd1fc7362660bce494b5117a",559166460.745068
"cd270a11dd8257648d1f0444",863399466.752856
"cd2913f013727119158b98c0",1195161251.7243
"cd2aeb1b2649ef421102def7",883637878.259665
"cd2e4dff930a1c7a1a569992",918919226.025893
"cd365053914fcde97b7ee9a8",880746861.568149
"cd4656aed92f5c0a0b6b7c0c",875323422.323839
"cd5111edd2fe80f56db29531",764049939.987825
"cd53a991573ecb5c53f47986",1117063516.5658
"cd55abdb54bd56d54b11fad2",1024016604.22526
"cd5658fc146ae4b5d78fb565",678981379.971366
"cd5c6655243a4be0912bc92a",1077344843.02547
"cd62ad28163c8df131a8f2fb",1013775006.63266
"cd69a049dd8a3822e228ebaf",839755131.25158
"cd6ecb0f77acd93cc1c9038e",1198607482.81722
"cd74b689350ef612ddf1b96a",734879625.140035
"cd77cb445eb0f72df89b9fb7",857094578.356389
"cd791a46ed616911ae7d4fbd",656865322.063452
"cd89201cfe3fa19a4eb14bf1",726977536.504815
"cd968f8973a267790a38f2f2",748480914.459431
"cdacddfdb6ce41a3eb752496",544859157.151866
"cdadb2607807935a0a5597e1",633884081.199112
"cdae3bf05372c13649a2adc8",454070913.338343
"cdb5f8327360c750469cee74",899205630.994505
"cdc0c282ee62c51e3a20459a",1170998371.50637
"cdc3e114698984145df842c7",1332659275.02236
"cdcb874d2e62220d12230632",839475813.710613
"cdde8657b5a215915a04126d",1401562753.8353
"cde84d2435eb1d0d4ffe2a43",900397253.489684
"cdeba97450c735185e486eab",799337426.350353
"cdef6e87c007bcd9b4efa9fa",1086685623.81213
"cdf11b53a23fcf9b6032cc8d",637350018.862915
"cdfc387f8246a1bb3110d724",1068987391.99698
"ce011b7462e9be36184a2984",451232987.84589
"ce03d8ae43a426e074ed35f5",1151388465.15869
"ce12b48120daa5704a4c81e2",434507183.667788
"ce14bec246191176c16c4e27",929388414.335113
"ce164af02f76ab3a68b0f980",845623707.213354
"ce18358366157fa869bf3833",815036718.716426
"ce1b06502cb0c5d9846cff9a",470210269.023201
"ce1d63bc4411a615b816a76c",1019474229.26447
"ce206b82f2de3793156baadd",751196065.522159
"ce21f368495d385fbd98de73",598087524.038008
"ce25e9fd3bce9b75050aef5d",1042562555.43005
"ce2cce355f493a75ab59b242",489186726.395876
"ce30c2c7cda56a69005300d4",668221850.041717
"ce3deac5963eeb96826c14f1",808153394.157205
"ce407c1e25333d7c7eba1b0a",489270117.890566
"ce44699aeddaeb77f23c9b9c",1312241572.865
"ce47299ee877638c4729f60a",488529369.013691
"ce509ce153f452ff8a997538",914423197.31896
"ce53f3477814fdea2889cd2c",499054448.336864
"ce60e2ce2a420052e67564d2",983517491.993103
"ce6a3868227d78852fad9f62",1268445791.5047
"ce6ddb82d2ece3b8d58fcc63",527555061.118447
"ce6e91b53465250effacca98",1249596341.21488
"ce6fc507df0105c68c29214c",717505078.904401
"ce78e1dbbf0f7aee98e244df",938929918.839977
"ce84187750fa7aadd141b5fb",735435822.874298
"ce86066ad78dea43089d25c1",1215416695.12013
"ce8ce41a36b610be164a25de",850748615.775737
"ce8e1e2e4a79fa55a8547457",1271753791.16005
"ce9474244dc2d40f357146c0",552525898.869143
"ce95aab452311a0cc27e0c7b",742266328.817141
"ce9dbb6d009cbdbe654edcfc",904294932.467109
"ce9f2f0071be658ae75ca6f9",1278720260.90506
"ceab390b6906d5cbe65fc402",782571033.867943
"ceaf16e097500022498950ff",473554628.227485
"ceba7d0f56f6cb03538962fb",710961127.87982
"cec8daf847f52cb2845a9f58",942103749.061716
"cece8267e60c2461d6c409a2",1054093334.35957
"ced1f52def08143f0b2b6849",838300188.721713
"ced624c6debaa01c732e9f60",861244977.819343
"cedd20027ebbf47baaa0dbff",769359759.569178
"cee124f4b9031f59c4fbef47",982865697.496405
"cee1833e8964355b9aabbce2",556791785.797718
"cee66eef685e4764b9553a02",559930028.007256
"cee8fedd5685633435d77a06",1274076852.04195
"ceee9fd6e692196b960443d8",610799218.544854
"cef379fa831f936cad745dbc",755332618.720048
"cf0152b0a5e886e8291ef4a8",869385240.286574
"cf07a5af6ee98d735bde14bd",1258576312.74327
"cf0ca58262feb1f8b0dc7b68",696682750.849841
"cf184cc576effe39c0f857b8",719569488.502727
"cf1ba56710023ede80a8381e",1095031523.59627
"cf2e8824527989d3cd29c058",920469298.300209
"cf3665f24927de548639ee4d",770400873.355162
"cf379b41b70374ac4cf82dc4",703936773.51765
"cf4d2297b73dbc357d21e31b",544961448.751531
"cf4ebcab3fe4d12e1a20146a",864112067.223321
"cf5213877dfb4df98f0dc10f",630042347.608511
"cf60297d9d9bf1268f35ad95",992649789.272941
"cf6092df1f22a7c4b8ff9d50",596073081.823415
"cf68e05962a41395844e9c80",717523088.369769
"cf6f0a3cc030024f4e9ad06d",766497059.665826
"cf707785919dbb92cfc7b5f6",1085189967.76559
"cf76689ebaa20c70d9db4d51",1173978174.45632
"cf76e6077d47a14abaf0cfb3",452288341.613842
"cf7741583fc5315ba70b70f1",839195102.927999
"cf7cbedea50333cd2dfb0e30",878859172.017274
"cf81103f31f74edfe0453de8",1146990247.96677
"cf8418c60f4e54dfa09b1e6e",891094349.259365
"cf88be51d6f31c10e5868ff7",318667565.508057
"cf8bbd3528d3e7e2b8f50c29",876465067.226479
"cf8fb8db6f74c236cad0cfcd",1422282263.98678
"cf9eb2cd0f20b13cc8816bbc",458544619.860798
"cfb8d15c6b0c0e6ee4b92109",1201499469.38224
"cfba6db03f0e38d1aa0802a7",760866287.662303
"cfbc690c55e5c2bd8dd9d89d",991777685.15968
"cfc069bd55e152e40b3a1391",801984367.268979
"cfc2ab56604b4e3734d7cbbe",947628474.907956
"cfc61dd41ee5f5dcb76bacfc",533955954.591546
"cfc8dcf337e020b875ef1572",1387120683.92216
"cfcd97bfad6e013aeb57a2a8",581568970.003253
"cfeb42023e2737491b3e4283",957619355.768295
"cfeb702df06baadf29f12eda",430875069.282464
"cfed0221146f4d83d641e1aa",512516199.940482
"cff851746578050bdfd46090",1054926088.81917
"d0100c18dba3c334327b29e1",717223132.039382
"d0116b53467b3081664fb268",815505333.101354
"d0119d7bb15452c473ed28ba",793175918.854111
"d012efd4a77c5aa5e8d6e508",1027849448.94268
"d013a0e910b1fe2e3913af7a",455855131.218317
"d01f6c0b2b338289e9fe3768",432494159.613945
"d029158b36963961fdcc3974",878232856.227581
"d02c3b5ac6fa0ed6db06e490",1141503854.97338
"d03101c7f823dd7d17e49a83",948524278.273507
"d03558acc19951a882bd568b",505616384.071413
"d038e5695b32bdc6fff1f72d",923216809.879746
"d040e15e50d655f4d19bff54",583927593.221801
"d041129f83f1f13fd7b35e4b",1176332157.95096
"d043d368d2584ae95ad3672c",813245985.792331
"d048fdc255a5a7f474d48c0a",1156671910.34319
"d04d42ff91707e3957b4a29c",1239115546.01831
"d04f549fdf8f34bab19a171c",486404080.741409
"d05030b0eb8931161855450b",739718104.117452
"d061615fcc6355d79665f9a6",619325219.637812
"d06ab7503c6deaf9cd405f66",1302176308.53378
"d0751cb5e704e28e03514fb7",854923563.014808
"d0792d22549d1b3f63baf3ad",418243291.619922
"d0804da971548399183ecb85",1016948157.58953
"d084dce4ab9c4008ffa3bbc4",1066051097.7898
"d090a9e520ef74848bb060a6",503130679.321857
"d09c1af87ddad4ad11b82626",618005828.207878
"d09dc3a3270073e5f1cb353c",1076550235.45832
"d0a5f33f0689445e22db6626",427807731.853483
"d0ac1f63c75987c92038bd30",725968787.641489
"d0ba7b90f6ba3392a165b46a",1640567728.77085
"d0bdb51c8020a37fe8344650",606656747.466551
"d0c411218ffa7c3ebc10783e",766064611.47257
"d0c7294b2184d0b4d0e2fa07",1214156639.94942
"d0d6a1b5c60ad420ebf2ab8f",1068711228.72706
"d0d77497c8a7d567f01d3afe",682935425.171257
"d0dc69570223bce949a4c17e",758428791.456761
"d0df2748d371d98d76408d66",605547376.095499
"d0e45d520227ef8a1f53ba28",709926604.387313
"d0ea7bcd8cef8588ca50c778",725474214.183917
"d0f5cebc2059ca89aae30c76",688290816.04171
"d0f6e19e92c03b40a5aae3fa",1141809675.83471
"d0fccd2708fc7def00c72317",961875607.266045
"d0fe3d393eee5c0cea5bb6e2",1144897592.10266
"d10bdbfbd411ae625dc80611",420958647.868476
"d10f89691119d4a4a2c1e650",1601341100.27925
"d1166776fca47427c77fa8e1",946780889.100493
"d117e9672b3ea0435e7a894d",678814231.142933
"d11eadc78d95c96f50b41a10",1128985716.23135
"d12059af22bc7d6ff170430f",1104782346.89285
"d12298e0d398e9d21d2e2eed",470236806.110888
"d128186867f91603af4fa481",957545133.742299
"d1281c9f037ea5c4fa683b84",678287288.197488
"d12c08cf48be75014a149873",1138384094.1458
"d12d6ea066b67c3db9b2dfb5",937606889.268485
"d12dc721a59af021e8ac68e5",494444180.636837
"d12e6de49fcca906c3586994",771513358.819354
"d12eda0ba04f846d73cd7acf",777127246.582778
"d135cfa351ed6abe4ec2033b",530083856.475096
"d13e3d432783206eecb0e192",1089294984.53058
"d14173913bf5ed21e3ab50fb",904490707.345406
"d1481d9d2bc9d1a3811f2faa",978888253.811187
"d14f7f939468e641c43abfe4",699012190.05527
"d1526bc5e5446680841a9cd7",856926793.419001
"d162a90b37622c1dc6550690",371841434.813525
"d1668e2d35a939ed126a3f8e",956813829.42964
"d168181ef0dcb853171cdbb4",940588806.354493
"d177236e8c725d4405025916",1075496272.14294
"d17ba799e68d7775f2104b3a",716890928.359313
"d186e369ed884150e71906da",1329986979.25398
"d18d990404e7fd07424f5a77",531754169.422857
"d197410ebc0e3b9937464923",608186762.402948
"d19937a773269962c7f9e8a3",1233707505.33909
"d1a6132098a4bd640321c7d3",758193544.559778
"d1be4eae680cb16d0c842606",1295225376.47401
"d1c6037d0750bcfe47d425a5",483336510.519462
"d1dc16c82942902c668a5c9b",913923802.561314
"d1dca15e36fcc5ec14dfd870",1041801898.60917
"d1e38d7cbd32567c874e194b",801537064.209676
"d1e6d6900eebd9ace65d6c36",873074547.567093
"d1f39f86c82916524273bada",741086518.492721
"d1f8eacef9bb4d300d086837",1131506889.17013
"d1f92e6b18faf07ab70ca1ae",870561257.759398
"d1fcd31555048d043cf084be",682497278.635062
"d206aafc71e8aec2afc3f8ee",664158872.831625
"d20a5b3eb857e1f4b548066e",686925659.273651
"d22313a06e43b8ab8f6672fa",408254479.530451
"d224080523a2bf2e81698d15",488345352.867925
"d22d5776b6305308c9e774d7",873659160.358109
"d233eb8af3ef7e325f6c8f9f",452733549.662542
"d23d12bd86def2657038a481",882423655.530706
"d24258de8d2ca10186660a1c",817232930.360882
"d2526a3e39ea01f87c99d073",1076947465.95591
"d254d88ea0989a609b71fb72",553150183.317875
"d255f73d4066fe559065266f",538725785.569818
"d2637d64e4022075c8f539e1",900577202.893286
"d2644b46136fd95c0fc2353d",957861381.053332
"d2655e69f5dbd09ddb9268e7",1039368878.77915
"d2684e676cae87d75dea5ea0",701099886.560543
"d26d35e33a0cf88f735a9322",745742769.205039
"d26efb0e1213e19c378edfbd",847677571.242208
"d27283e3c941f8fc256c3f4f",664488160.94375
"d273a2075d28e343a657d9de",1070853779.82261
"d280fed64d1c23ac9d79ce20",1069184593.76985
"d2aa3386ae240d7387424e07",544203516.964964
"d2ab14487e0ecf640a785277",857283874.781551
"d2c02052de9c97c531a4453f",563105544.851175
"d2c46ef63db73ba3cb7e32a1",706325952.022093
"d2ce77db7cade7f2c6189002",721455575.803933
"d2d2f335839ed35571b19bb1",881930358.194516
"d2d317f2990465269ef58c41",757640517.696403
"d2d46c70dc048c92c8e4f09e",857051598.536813
"d2d8f5356f77507f8839280c",1138594097.89629
"d2da963bf6c2f6fe724be23c",1005085803.88872
"d2de34876a7a6914c2dc479e",935144880.598976
"d2e6ab3b3106f36f2c3fc119",478812894.396569
"d2e737461b916ba78030c76f",1221609224.7626
"d2e7484c81358d4c79f040b7",877748258.674162
"d2eeec3fb1ee4d686758534e",1092755778.03756
"d2f20425e236285124eaebad",664295294.244585
"d2fb81a477ef3690cb11c93f",1539062730.20159
"d300473e3d2ced1177c9fbd3",872706573.700816
"d3054072b2175deec2c1f8dc",512655818.671505
"d309cdb5688ff7bdbb682d17",764546921.720828
"d3169d4a467cb7eac41849ff",762907969.664845
"d3222a7545e302bf10894658",974145959.476189
"d331a4d58875a393080fdc48",523077059.725602
"d337476c2cfa780518523a6b",713257064.753752
"d33994c75d98941acffeeb90",1236713364.20166
"d342a1ae299065045a957767",1090242242.84364
"d348d38769937c8f350297bb",1128761549.53178
"d34c48ffe935cec3358b2247",778503632.445756
"d353be29e7ed2c35b920f7c3",621638112.663605
"d35462df6c686296a3c7bb23",777465669.328757
"d354a2581dcb183c0cd70540",974676177.880822
"d35596846155e74d1a637d7c",776860784.483407
"d3609eabe59175fcb4441ac2",1346625104.22541
"d36dd340e5875df6cba999ad",1089963954.86733
"d379dc03d78685ad14c647c0",634190405.989999
"d37a1dda09e30da13ff5bfc3",872793360.681048
"d38353aaffa4af168518c6c5",919549140.248247
"d39797a12d9a4aaf15ac11e6",657360133.532856
"d3aa845e96d22f31a3656aa1",462266389.281741
"d3ace27450b980262ba9bf76",1337018608.0175
"d3aee2a35856634eb710efa9",1027104272.4283
"d3bf3146ec856cc26c607d70",1135760107.42238
"d3cda82d1fa53a7ca1b46a33",1077378424.27905
"d3de7e975a9215d04567e467",575036684.365566
"d3e119e8fa4d96abaa8c43c2",969627647.911757
"d3e971e2e224a20530ee295c",679460496.946759
"d3ed5316a463d38c1bd321d0",1264452523.35243
"d3f297fadece964afe5f1cc4",1032549194.13395
"d3f688e0deaff6648f2925b6",512061484.324424
"d3f7847147c88352bd3b9707",792954377.734412
"d3f9cf66c1c05f55325b894a",1271988398.32578
"d406baf5cc9b4473ae9b8426",562331134.119612
"d40e0c2222c0debe89735e88",1024788122.23839
"d414907e75a1c105ad2b74d1",577826868.922756
"d415dc486936995f8b3704e3",650337820.292638
"d417ff438d2a418b1f9e50b6",592242491.855268
"d41d07d1aa700278cb81ff30",591642053.685312
"d41fc79d800458b1691bbb87",925842303.125178
"d433ad6c3cdbd707e6839082",755542906.954975
"d436abc2ee37ba3dd561e940",1042191723.50908
"d43d2bda7b6e4d5177c0d032",892275938.955889
"d43f045d046fbc8f5ecf465e",871928000.883141
"d4436ad417941fde0aed2818",1076351675.1571
"d4439c35bcb88e1490916c67",527189472.477315
"d44778d36fc789f8b8c745b4",608163213.320737
"d4492ffc4aaa4ca9c4dd2357",831983014.539728
"d44eebc871d1fa6981c32ccb",862687606.934556
"d450dd622183c7cc43a20d70",752976209.85243
"d463fae95232d30e0f78f93f",632131337.663118
"d4646b7f4dbebf9785963cfc",525528704.599494
"d464858ed94a1a74948f479a",521535178.14294
"d4653d505cede3d24e258d4b",912545215.762717
"d470d84f5d8299c52fa24499",580139597.079338
"d4716e228067a7bb0f30aa30",767010675.636698
"d48866a153ea0fd23a858cd6",779287770.981646
"d48a061a2040d851937413aa",983840184.601841
"d4990842f549d8139fa94c87",592054105.884213
"d49aeae19e13909e75dda2b6",1036290281.8911
"d4a43654382201db5d318dca",816533307.734914
"d4ae25b207949fbf0df3b404",833523475.573314
"d4bee60a74c2e2235f507ec0",845538106.917518
"d4c40178c19d6cb2fcc88e48",732535003.601189
"d4c45f35f214fc226ec85b36",725192883.557857
"d4c6dda51fa949743a46e835",616724277.935441
"d4c7b3372d70b898b167b92a",777078415.363432
"d4ca9506161d3f4bb3ca57fa",479682474.642847
"d4d138bbc80a0b29ed28a4d6",663836666.712045
"d4dd48521efc020762ea141e",485799644.006956
"d4dfddb6564c9f46b26e7aab",474017747.030677
"d4f1fcd4c20dec55e977720a",1162869652.90808
"d4f4d0ed36ac9affd71f302f",917991874.332958
"d4f6cc3cc6e923cd37d0fbb7",509590196.262297
"d4f90a6b73b1e179d3f8eb70",508670601.619724
"d4fac54e137f5d27ce5f457a",787141049.762963
"d504ed869ece1b1d6e724452",415278549.399013
"d505277049a254f960e114ef",897420042.261197
"d50b80d68eb3b928e4bb4317",826438643.608486
"d50f33fe5acdaf5caf1c6ac5",802688849.227476
"d5182c47a954c964445f25d1",631663562.933321
"d519a8de5fdd1a84ca1baac3",709151832.980189
"d51bcf03d649839ca803c357",456928119.873234
"d51d3ef396efd4760c979de4",848867610.656034
"d520e90e7d0c44a6b8852e5b",525050716.750173
"d5239537894ce7f2a9cb5a49",722486158.100293
"d52c3915fd7d2ef8c92a22fe",702942015.244566
"d52cd6eee468311666218625",814979942.867213
"d52f04fb69bed41ffb10fce8",707972882.3701
"d5333f639d11bc3ab073ed72",817861272.730051
"d533a334c2ad9d510865fe54",601900268.750874
"d53b60b0f2c65918153ca2e5",479950010.660713
"d53ddfac67129aebbe054024",730682753.848749
"d54270fd6b09b38a978cd7b9",612583465.244544
"d5436eeef04e1a8e51a38912",501118290.901231
"d5475993f9db58c3e4baf7a3",883883380.479834
"d54a4c353cebf18d452be515",750027473.137215
"d54d787189cc8f014ae58aaa",1110652493.25083
"d54e80ee72354c70cb84323a",594501083.181096
"d555b82c192794e87e9d536f",778199922.164781
"d5583fa23ed97a3b9413e910",893584004.189896
"d55cdfba22aae78b6fab5491",555020876.514489
"d56159653f5d2abc5ed5acd7",854063616.677098
"d563312854016e9115d034aa",788315264.643856
"d56fda10944b088d9cbe1162",668863111.540146
"d573d2caf8c67aa32bbe592b",509210016.125315
"d57535248bb34f65ae678a39",814560987.061376
"d57541684e5c00bd9354cc35",701460357.286871
"d58f191c74d26bc1fb02cfe2",738541193.22811
"d5999beafbdc8acc8a6ad809",880178013.721179
"d5a83c31bec18d1c3eb9af7d",698185055.781848
"d5abd56b5a8ab8c2f61a07f3",732510665.195587
"d5af3041d95f5e89969c9868",502023493.547227
"d5b5bbf927f763a43190fabd",784453238.447252
"d5b950c5510c19ccb926e7c8",1064572557.55775
"d5c79ef12f43e2bc19e22fdc",922437507.060422
"d5c8073e3ceefbfbb547eee3",988628440.334156
"d5c950db90c92be5fe753189",557872795.849895
"d5ccfaaaa739b2bb2b3d46f7",491652639.585624
"d5ddcb0a54416bdadb4bf57b",782038701.498089
"d5e001b2f1dad3962cfff9aa",1014644570.95535
"d5e29042106130114cf3694c",536588932.655264
"d5e2bbb69ba3876b93af2d3c",1293349823.50999
"d5f41dd3258aa346367d7725",441848301.845364
"d5f905cebe05262cfc44bb11",776791791.126538
"d600310e19c926cda14ac923",1006432306.32413
"d60cf6dcb7b4b40077536604",1236485263.2083
"d61700c4ecc128290bc42d3f",373851410.4231
"d61ac80c0d4737c3529f4a2e",506877096.77869
"d61ccfd4239026feb484cc93",354081010.475435
"d62663a447beaec69808f85a",395825498.35139
"d626a635ee75c23aee2fb327",1218691060.80885
"d6297cc548b16bff11eea51a",1080216553.30523
"d639498fabe1db1236656593",533920051.768139
"d63ebc63c82fbf66d8b6ffd3",992595310.742705
"d63fe229354bef8b02b4a934",801847397.450757
"d6438814f4ff3853bf6cdb13",684572144.743184
"d644b23e4bce0e6e50ab9356",1086865711.59633
"d6496a3215daad9089fcd5c6",937261054.338791
"d64a2ad3297e2fad8ce66197",486389686.451552
"d654c9bbda61c4c0ee1ae2cc",627460704.27654
"d65946f9c27e417e6bc60057",485356340.656365
"d663ca1a0d29b4cbc5cae9ce",1040061290.02144
"d66bd7e4bc7b51d23af57de2",1190955038.2107
"d66cca2c8e08c89af26e7622",1077146136.16581
"d670be6c848b1e92abbf415d",513252754.622072
"d69209d7a26bd306bde5a37d",630449391.951298
"d692ba46b098c6658799ea8f",864215334.093961
"d69b019e6d54faa1cb044d39",794999612.388308
"d6a43f209f810455fa41dfd6",680192750.569202
"d6a8f4abcb02142c6dd15b30",590381268.105626
"d6b051fbaa13e3d92a798521",926646127.369292
"d6bf8bfc752bf4580e99794f",982259805.685101
"d6c6e7f923ce2cffba8ff9df",783091471.612877
"d6cfd3ddca2a59f0b6999d77",794729313.593474
"d6d5717a4b7e2edaef162b6a",640492030.720297
"d6d581e852a025b61cffd6cc",1213096682.33395
"d6de5d741702387dc3f4481f",1065084471.8645
"d6e333e793f75c2ab34fb127",536664972.564822
"d6f1594affb8db7a865e3452",698274530.039672
"d6f4479f9226e52c93d70eca",509729092.220286
"d6f9abcb58befa3d05373a72",979247091.871667
"d6fc6059bba177ab56d85ec6",953239295.699485
"d6fd079beb9f759fa4c6886f",512685026.495793
"d6fee4f680569a54f4267215",1018725805.77005
"d7047492f4c53a0cdbde60e5",1006803664.38312
"d7080c3742cd9d72e9d0ae48",624483733.042795
"d70948f87875325380885803",1673807261.45388
"d709a76487a49bf257489c0b",543449699.435809
"d70b133f81d6f1c9d93e2ed5",500946994.534095
"d714e15ab5c2d5a2503bffcb",1262114935.26661
"d71cc157c0c43935989009f5",729721959.329409
"d71d0c8357f09fe2f77bedde",833901925.090792
"d723eb2516802250027312b4",946424863.594371
"d737b8b7b39e99f7d877b7ed",729991215.521526
"d743892816160218a63dcd35",926527461.30761
"d74d0241fe5222f5c5b67222",693493925.052346
"d74da3bb780515b1273d741c",794706377.944104
"d753227b5c685e93b378baea",754220980.4957
"d75b7730e8c291ed41d7caf1",619591536.215507
"d762007a4ea5de370738e875",712790498.877868
"d76d5b14d0acc5295b8057e2",786125328.141741
"d76fadda8063e44483aa024e",795356724.284813
"d78d84e4e42f145e02e423c9",1007146673.48895
"d78f7a1592c0779093150ddc",981271374.289199
"d792d1eec60822752c8d52f1",949587203.748979
"d793efed9a723e77ca8272f8",1057937314.19474
"d7997b9126bef50985bab347",684180640.630289
"d79d71be963d418a4c9dec68",1006989394.79399
"d79e2addf7c11180be222103",1285672986.3558
"d7ad46cde8eca723de6510d7",1220406769.72484
"d7ad6527cae719481f849927",1090796405.54779
"d7b82133acf54bd3eac338c1",1091465103.87341
"d7b9566ffb28c753bea96f0e",793262868.341136
"d7c48db0385bdbf7ecb7088f",1295336206.37309
"d7c70d831e88d552da09ff29",897954676.538691
"d7cc3d199e538258fcc83f75",590949833.248008
"d7ced905983af0800c19b7fe",1219956624.47288
"d7d30819fc6ad6e7e41453c1",929746390.460438
"d7d3cd587d291f389ba2e8d1",824851414.008791
"d7d6f668e3e40d957163276f",726597525.863319
"d7d924ec35768a3e6bd39b20",645413359.22865
"d7e3cdd3ac239a5c318f2e9b",1375787706.11117
"d7e97cc158c6c54b02fe635c",732922811.564184
"d7ee2851bb69088f851970e9",799842756.888912
"d7f22a4e6daa572583e02640",414180621.952485
"d7fb188814d4c118ccd83989",417155195.574009
"d80c5f0b8ba55e7cf105d282",827385188.8643
"d8171d498291341094daaa39",1228055192.4583
"d81a040e22d541a74122f3c3",376153643.012197
"d81b170177769c0121b8935a",940709234.753947
"d8216aa4e029c0d3d646efbc",1143733336.93987
"d82f743ff414299f8c222db9",1113819253.57604
"d839ca90c5df85e5cab54ea1",758573723.375723
"d841d6a82425710e36460f64",711421991.460551
"d84248b3ce8ff6f5fa480a83",817954454.475244
"d846dbe691d0ee3ac5c3bec6",967858449.183518
"d84d7edc4a4896c4a8722328",587628006.678634
"d85fafb4d5ec056e6db9a79b",593470745.655354
"d8607e3261ef1546eb0c30f0",1122892194.70203
"d8654c08e95b39e3b4891cd9",827148460.374901
"d8735967c942d1a7b0cff7c6",803533664.218399
"d87896f889ddfe1ba210d74d",541244595.753583
"d87bbd60fdb8b84a9fe23ba7",477259396.660044
"d87c489d3572187e3280965b",1590511328.93638
"d87cbdc4896e0e0160999520",784000915.700687
"d88544e4e85add30aa795ce6",462673440.824741
"d885902c923752eab7b619e5",490109655.816578
"d88bba495701ae7a44eecc64",1407632765.10499
"d89dff35fa1944191aa9ed98",594261604.10328
"d89f812c7edfeb3121bf639a",834378567.465257
"d8a7c0b01bb545c414e12a23",1404830673.82404
"d8add8f5e0aa562a63c894d7",799555707.588979
"d8b3a1d0cffc913ebd05b931",974152428.949981
"d8b83253855448caa81f7780",817861272.730051
"d8ba9eb448ce35ed404e68e3",912859448.036588
"d8bb6151d30573c7595ee7c0",742540213.688865
"d8c1f7303b205fbaba2890b9",578734092.956755
"d8dc9de06461e0220bc55906",536644448.952727
"d8dd26eb78ff22272358e302",1076776606.76496
"d8e51f7b40bf1887ac007163",799731495.529607
"d8e981acf77bb46a9dbd3109",691101156.631205
"d8ed50fbd5ed46d36b3d2dba",690982733.055217
"d8f4955ed4fc363d6d9ea897",871804914.122346
"d8fde541f142e6a7f0b28099",906158549.751161
"d9000c1afed253d05de7819b",451051612.195029
"d9028df78f9b14a720dbaa8c",993264084.526062
"d908973d90db91f772890c9e",480332948.405806
"d90c961aa01e51d63e50a2de",995387057.808471
"d91017d9c530e058ace2e017",829606327.569818
"d9110b2b5b1c02766da9e24e",974002512.223214
"d912e45dda1a3a628fdf50d6",873749903.006574
"d916219daa90cd2d99edc609",755814605.652434
"d919dc64995903c9120eb61a",685801808.834187
"d92232d77f7a124e7ff13ee9",795292955.031528
"d925c1d4dcb68990c7204b33",825025949.643226
"d9357452fcd193b6c5284bc8",946127688.849251
"d937ac866f671e4a0c090879",922114753.237133
"d938d682332fa9e5c4986024",857283874.781551
"d9398ef84ae71419cb7cc82c",880676033.376615
"d93ba0c32244c455e0f7baf4",631166669.120416
"d93f6d8fe212ee3c0f7cca95",925023121.441406
"d94d18cbc812d560c1e38ffb",1145763315.72913
"d955edf16ddb9d3f59501a9f",1074819301.68302
"d95f38f5d1293c74ac52e823",1270815795.12978
"d96155b72c02bfa04f7ea98f",743622667.466915
"d96855b0ec427f041e7a36c3",1322295780.73363
"d96e3063ce77ab1235e2ba26",514755430.397945
"d96f6225db81dbf3d1a0e9bd",665757484.449529
"d9706de7190ae64c83e65769",916366243.517758
"d972dc3dfccf2a48a6384e54",892935661.5435
"d974970034de145d469d09c5",513689409.450489
"d97895a836e6ea22ff3265d8",521509679.433362
"d97d462ac4f5d9cbbf04e9ca",757986950.746664
"d988975f8c4e6ee8fd8dc1e1",770937288.955377
"d98ba43504fb49a4f0bd9c05",1077613621.5567
"d994f3919c3c8fe0ebd538ad",861153627.383453
"d99c00c516cf57b6fd9e877b",905393925.606555
"d9a94194ae1350512beff3e6",795399253.744825
"d9b46a34e48e04b5a3e026cc",763149487.683139
"d9c46d54ba6df0d21ed4ca49",766128885.017501
"d9cb0f637cd4feaaaf8a21c0",600850675.360313
"d9ce31250d4ae25c3b850124",1007502168.29117
"d9d8aeafa748f8f1ff2fca22",842629640.679315
"d9eaec557a7a6674565db1ac",682970847.611904
"d9ebae84cb53d29bbd8a466e",402930803.020416
"d9ec26c1c3e1811e38f070b2",545153204.041634
"d9ed55fb72efda67f5144330",1109443155.72437
"d9ee40ccf461ce3e9ebb815c",698290655.606053
"d9f0b4c92bdc9476f50638ed",799898868.386519
"da12ac932dd8a2fabade4bdd",693234868.82076
"da16828139a19aa11bd94ffe",955421583.763289
"da26059a2cf36e02b8702320",713530032.283231
"da273cee807e254fc9aabb9d",814442187.517131
"da34d6cd832009e428d2b467",465106798.444815
"da35c757f211ecaab20aeb3d",476579807.54343
"da3aafeb2d0105f8e09c051f",738285794.21063
"da40d46cb91d9e59fe12e6ba",811463781.863161
"da474e23f34cb63de4ef28a4",776935090.027431
"da482df3d0fc97f9f8582e22",521292926.009789
"da598f8a82b1ad1b02961cd1",676467882.362526
"da5b958667b31f4f9a1d84a9",889503218.898466
"da5bf7f1c7b2f4ad670e2382",1053390052.1169
"da5d47596a755078a2261328",895801975.762923
"da627dae6941b59d1eb98e35",641507503.428084
"da782fc0c8a79e3e250f0f67",400472336.628875
"da7a511a5f470d99ab2bc4a6",627829035.906114
"da83b03a6c9d405f55714b0c",1328883755.95674
"da846b08fe2205d2e2a3dc71",478922110.778493
"da88bf5bc2a7310ff382be4c",997502187.872126
"da8b5c8a320821ab8ca00a80",938929918.839977
"da8d3092ed0e085a83a7d67a",694914259.23567
"da8f986b6ee6f594780f4a91",1081349798.09683
"da94e4a5fdebe3ae7bb1adcc",1001131336.72891
"daa0be53e7a1d7ff76f32955",710498550.537936
"daa4d7da8d7df8efc1adc9d1",485467665.395981
"daa52a91f1fee77f75550246",508612596.533794
"daae80933675e767b50bdd17",815583144.780417
"dab58562904cd13a93d913e1",824851414.008791
"dac29573163315edf99e0e7a",895394878.399858
"dacd62440872b6e94ea56fab",723471794.599661
"dad2bbb0fe138e426000a33e",794662469.82772
"dad46c20f9f7d834e522fdd1",980555901.771841
"dad7e45e4706ab2564ef9cf1",405683045.839372
"dadce7c7a446a6a177821b73",864479192.555779
"dadd9ddd29102f529caa3bbe",641802380.37447
"dadf0a00434e8ceefb3e26af",958408297.801456
"dae0265a0f2f79d3dc010ac8",1125677561.94541
"dae09210f48e5bbe0d31c728",458364772.899771
"dae55582e86b1f514a4ec3bc",912039325.069289
"dae776f643e809387148900f",1434484785.40349
"daeb02020f23715e663b4a38",772755579.407825
"daf2efda70c6f3cd9257d0dc",533135993.287917
"daf8d6d3f4ba21513341eb3e",1166297701.04847
"daff79365fd94d1d3a2bbbd3",700920056.805188
"db05818b6de8d77c1c3fd053",690711422.458054
"db122cadb7a9c33f420fe246",575626469.174504
"db1c3ece26da7b342eb7c8a5",819594515.404613
"db1cfd89dad114c11ab2d409",1240380100.68081
"db244703ce223e6acacbe85d",614321957.22725
"db297b6ab332cbbba338e7a0",678667094.314818
"db352cbc2aa3066ea9b34184",747988578.938732
"db3aeb3a96304f3c255e8a22",687737401.969237
"db3b84e5b3a9097392a57319",923378701.712687
"db3dae76fed5fdbed29862fe",901916397.917283
"db3edc43e89840a65749cd94",806614103.697853
"db41266d7b500a6daead96cc",541756829.016325
"db534a5f57e92d29b9e150cf",887901500.790876
"db563e5a1cd9eb1be832bf5f",1542462025.01092
"db575f8a4e10a29fe81b335e",1076947465.95591
"db5e320f51680100f1ec06f9",426254313.547763
"db5ea791b33be91840a6d045",1153245474.43496
"db6061f876f890071f7ed957",1222440400.65279
"db7535339826028d0fb3355a",489186726.395876
"db78a3ce9c6f6a7f4ecc6853",773049734.495403
"db81ec58863dcc5d12839883",422180412.250309
"db8912c5c5e5e49431b2c85c",772582871.143019
"db924733e88c361cdfab874a",512020196.654517
"db9798a3f9ac287754f3ae01",803951152.74867
"db9f66f68aa772fe29e37edc",740392700.280144
"dba1be42bef913f35a95735b",776951311.27139
"dba6308e2358f30b7ec33f59",907383158.430551
"dba9fa9642ebc97ccd765db6",621352655.517592
"dbaa5d47ff63125584bf7ac0",944826714.266313
"dbab5ea45ae910567c97fbb0",1059432114.95822
"dbb30f9d010677de2aee1b71",874902709.196132
"dbb4260c89524c78de7433be",699256946.316873
"dbbe0b6f5eb07a5f9ec873a2",794922470.38474
"dbc123f9502159d660f375ca",1659843520.27207
"dbf200ef5f1e15211e2fc6d3",752387204.450536
"dbffe8f46b3d9da2e57c97fc",954146978.345124
"dc014623ed69c32abce2d0f4",642210473.242437
"dc082fe46a714afd43b9dc19",849708849.600028
"dc0a4632d7378c25be351760",846197928.149899
"dc0ac888f1e87924e3994b4e",578789241.237807
"dc0e9ce44b9932c6e48a9390",852676131.028524
"dc1fa8fcd0ffb8872d434dbf",653635100.412993
"dc20d46be2470d85ad9e7e45",828580169.44662
"dc25c9240c67effcf655b02d",772354144.5339
"dc298d37c5235e15b4cd68a3",861248183.38454
"dc33d5ffcd2aa2b7d56d2ad3",838305012.210208
"dc3b8d97b11cc2af4cfbcc79",939287587.58575
"dc3cbbb2fa00043d02958219",667328744.455421
"dc40c56571cbee9c2b7770f0",837043904.080079
"dc420bf2dd1759b7f281cfa6",1155389089.81142
"dc4331d09a1e36baaa6bde53",592851165.092051
"dc486a3d7e9e2e608ab2a7b0",631166669.120416
"dc51caa89a74da37ae644ff8",565722243.687261
"dc537b5973d2b94acf6f23df",1335100740.15124
"dc544c90e6ee38346a6002bd",735417890.179973
"dc65f0bafddf39c6c4b2c9f2",693868620.973761
"dc69d70e4d2713fcdfd93dd9",660059395.592221
"dc722ea5c4d62773f9fb6bbc",734489483.93768
"dc81900a751b64dedcb4ac39",860976784.292111
"dc8262e1493ed593103acfa6",645730712.868634
"dc8bc7cb687a3a42b7e7d5fb",1112615814.22314
"dc8c76f5b3977f90839918b0",879173209.775947
"dc9119767bf4f21fcccdcc69",774815900.74031
"dc91e3fe1b190fd8cf2584c9",723388241.53709
"dc93d8ca60d60a118f61390b",659810080.909826
"dc99f2871bc05ea7e8a97d72",867322426.859897
"dc9cd30b760a1280e0318512",902643317.631948
"dca2e851b82c512f01611ade",1079975652.54724
"dca45f1c1a79ea5ebe639920",976180468.195208
"dcac44d3f8024c6ea1632432",511899770.661715
"dcafab7adc7b763bb934496b",875149315.944456
"dcc9e2c9c1151bd9f93f44b8",555113205.216359
"dcca1c7f109175760ff531c6",474622615.965862
"dccbc668caff517f649cadbb",917632918.161635
"dcceb6a2073faf9f89f3431d",1006283250.85051
"dcd314dabc7d162cfc29c81d",872138626.840089
"dcdb8d97ae65daf55570c88c",825449805.270363
"dce05cf86b42124fc93d41da",1388235656.55621
"dce18d258c352b7edc60c304",726843451.838927
"dce1dd028695bfc5a47aa6a1",609416701.147591
"dcef5b332fd31d0ed8d754f3",799587662.353565
"dcf5b42ecb23800a458562e9",1083174888.0231
"dcf606270a4612aafc5f9f29",549936900.506975
"dd007a202a0a3d56ebc4868c",923945512.166403
"dd10dcc52d2549df85f2a8ec",591082633.033109
"dd178fd542fc716e32b4136a",719389076.776912
"dd1d2e305d37d9dde55393b0",1138815123.2199
"dd1dacc0c90022e5b40849bf",598193370.929188
"dd206b6ea2d7f6555109ea39",494389085.897595
"dd21457e18f07d7a927c0104",603824055.57665
"dd21c6799a32ce6ef27f5281",688161563.462843
"dd2396a42097b2e8bce52a72",649208805.985456
"dd27922be5b6f730f8b4e058",410177994.121452
"dd34882ac55c57480663f7ec",684698431.396885
"dd3d529f3745159d9e7746b2",1379007257.2346
"dd4e23681e00fa1cb9a679a1",619261873.963699
"dd4eb14b56cb00130955d021",1325578140.14463
"dd4fd04b9fd80818bd543f9d",1072281365.70376
"dd59ac4f6706a1399360bd14",784719093.257633
"dd59b8122458557041903207",494904608.880325
"dd5a565f854eaef90976c5fc",936882454.849509
"dd5b4eb5d20b8b9c813ba52b",620845317.383202
"dd5c910c2a3d63b8fa92096f",631650631.236435
"dd610d7ece83bb02dcd7a22f",871974180.187399
"dd625806063f76dcf53582d5",997134260.64915
"dd6d47e2626e2bf24f842f21",803089131.890866
"dd7b4c374bbbcc60bb090fe8",987586058.140715
"dd7ec9d7dfad5364dd303f49",511800437.668893
"dd7ee555ce0b2d58dbd8a9ea",407102873.82242
"dd8aa138623604829d56ac2c",530374991.397314
"dd8c289ec872be3fe3352313",589937482.518992
"dd8eff6162c32ecbc6972509",729132431.185792
"dd926903e87d691a0f15dba3",910373491.316162
"dd9a60c3d502ca3cc98d9b73",856368192.201207
"dd9d63c612aaddbd86676c34",686220351.928238
"dd9f28d722d43112651786e6",853757140.552223
"dda4ee9f3811c29e2b261a5c",525050716.750173
"dda7a886135a1fd8106d04b8",836283413.575089
"ddaa88a11432ca21d3eca774",522773818.93083
"ddaf8a1e5e6922cc3dee5caa",698478511.07648
"ddba305c2a3ad29db24a0658",830825880.399619
"ddbca69ad74877086c4110e6",946055325.990052
"ddc1c85af165e47502447242",674373091.663694
"ddcc7f7a087aa5f4797a8a5d",696875907.23797
"ddccad3e5a4eaf791ce3a7c9",660826084.87327
"ddcce0b9776593e3ef3ce21b",773580583.57908
"ddce386b0ad3199ca09aac93",707248743.425633
"ddd55d8001b809f304883ce4",451656630.648045
"ddd8906ea4a22b782c7888bd",1036586287.83219
"dddaba511b6a18f49b41c1af",948677843.059285
"ddf2583bd65f02abf7ce3280",1075712059.42637
"ddf47d32045769c0596826db",1449099770.47362
"ddf5182c482fca7d881fcba4",732931009.273841
"ddf8733adb641e15837bd728",606473878.174173
"ddfa979b1d7cdea1d7dd0a86",703229558.111347
"de060e07dfb0a5494c5550a3",481110026.453249
"de2137c70bacfd5087bc5c68",763190431.499941
"de26819064a290ce78d8fcc1",556937531.587946
"de28370454624724128a0688",712659030.88734
"de28e62bd01870dfceb5d78b",483297708.362181
"de2e3a592cda5b76c9573c5c",795335001.677299
"de2f5db1cd1024a9734871c3",610571814.62305
"de328410e22767c66d919423",905483475.985408
"de32ca7785b71dbcc76a50a1",823730730.678653
"de3b619a7c80549db6ab16af",539614517.772293
"de3d078e5d524d8a7b65841c",1016227350.54732
"de416f239b27327e0f78b862",640253108.362675
"de44f54fd6b1b62f30956f5c",835067937.213587
"de53880a3299626eb6c2cdf9",1440454203.09826
"de54862f5b7b8ff345c6b297",639275098.00231
"de585856ff546e00a5a4672e",551899997.751546
"de6010c57fe78d975be38c2b",466427158.281201
"de630da5e1c9e27bfd94efcb",874673539.255159
"de6aef9a5e47a614b75ee576",1218125600.9793
"de754bceba2d206a9cb4f116",556313478.722193
"de7f584df6103e8bf95f4a37",618031910.176088
"de8ee990e70c8e5ad167dc89",728711300.391976
"de901d3433ade456e9edcd79",594501083.181096
"de9053a55630670ee8e59c9d",728890399.74584
"de926223fe4296d96466c685",947428252.641454
"de9a32ec454c2696cf75eb0d",826401768.105445
"de9ab30042562789601833f6",544231754.604071
"dea79d1b25bb9c78d331e3e6",683342906.004477
"dea95d98e8bff87b905f9172",1349996423.47316
"deb2c93acfaf6994bb3c0608",762987217.754542
"deb844a2812586991b3022f4",817553577.619536
"debd031585e9527fe00f116d",975786360.604452
"debd60afab03fd1552719270",1134680046.21377
"decb25b7fdc0eb259831cc71",687062451.824383
"ded674ba9c7b76cda404bac6",761983629.640522
"ded79c11c30167a9d8accf77",777216773.457311
"deda3ad684384ed67711ae71",539009604.046445
"dedeafb60b4a39950e7a984d",483736046.733304
"dee2e190c4e2539124ac3ee1",698313853.681435
"deeb837c2c6bcbd01930431d",630370995.719852
"def06f49a0b8230ab613db94",664541046.558324
"defd03ae7d0c0a44baf80abd",736513018.951912
"df06b65985649c7107b794a4",489075857.770637
"df07a34d0ee2f78f115c45cb",1014362184.45086
"df10ecb67d79e645f77a90a6",627025580.271003
"df1c66d8dfb9520c6818a32b",663680677.594332
"df1f513009808ebd46ec0847",651735631.859761
"df22426db407f4c660681c7f",637899731.416726
"df298574e35dda90fb568023",458564943.246005
"df35908d6ae2847dfc73cf9f",1028083373.61157
"df37b916acdce817865197ae",800927500.374667
"df3abaff81c430b4ba85d4a3",954994292.73845
"df3ada98307fc85428022d00",585186315.93087
"df3eca0f59974a812b4ea9b4",1249265999.70858
"df4400c44a166c851ff46eab",855318300.72771
"df4a1968046eed5326119599",1360888645.87037
"df4be33c0931aa86231b7a2e",1095078529.43555
"df58a4244134d3493f3c9f30",754144583.373008
"df81d07cc6e8fb0a01c0f404",810689125.710784
"df82719238ea0e102c282c09",731322989.708289
"df865201353bc7b915b56ac6",788674637.970566
"df8979b26c9971dd7c3500d8",1122132562.85635
"df89e7dea6c313b0cc262249",446444755.276564
"df89fa06e32e90b0b6c2014e",702413369.590808
"df91a3c7f364df5e6831f2de",755017878.652997
"df91a494d5d244f20dab0eb0",463580843.038559
"df93a6e36d9f19e252fa9de3",928248008.644988
"df98fd10dd8ae59956994521",459000130.432295
"dfa744f733abef97d82dbb32",775439624.042793
"dfa7461510c6dbe5e119d106",759403635.043351
"dfa988a524343181a0d3ead5",842629640.679315
"dfaba547699e319462abfd6d",533214706.156108
"dfbb0ed74ed85bd186f40ccc",492334580.662821
"dfc4f3facf91bbd93ee0fa4d",741636062.762089
"dfc817b569fd71d2dd47e980",990145112.465019
"dfd84193c81ca8430fd27ad0",784761957.768499
"dfe09a5f848e8e819c361ac9",545695076.985781
"dfe8e2542755d41d920e28b8",419701303.248005
"dffa1057472b06bfc0fa7a66",1044190747.4301
"dfff73eccd591bb26453eec5",799719922.934517
"e00e5934d1941490834c3145",1227606801.69917
"e0137390f0186c98f4e91263",1038087358.72336
"e017c3311e2fdeb50a686547",1006803664.38312
"e01c1b69abb6a4c1c69c77d7",1021147396.74735
"e01c49250329331a442615d6",672223451.826541
"e029511780468f4cfbd10d3e",761006648.701133
"e029c89d59f2caf4af4bd908",836392139.688284
"e02fa06a8de8a603e417d5ad",488060555.467102
"e03610db09ed7315cfcd64c9",783832756.877686
"e0432ecc0c1fb2b00b5435af",471496507.357901
"e04473aa943812de1d662058",1021754634.94192
"e04fab3d74d14be3b8dd2c8c",534448585.015977
"e05598d3c49f409b937ff2a1",539183643.565255
"e056ada7a37336bbe878f38b",825828394.568205
"e0587d29cb717f725e991ef3",800951050.114599
"e05c52c9c8fcb792ace06b61",574827899.607785
"e064b4dd7b4e64a3e0016f0b",1212872937.23158
"e066ee04cd3a597dac8ced59",462971675.811485
"e07035cb49625760c7da85d1",391072716.935288
"e07bc486c6f5541e4788f83b",815431057.091661
"e07ca567b0678126a1aec803",771441962.075354
"e07d8e9e38e309958288a516",857559295.73251
"e07eb36210e90ef0419fa0d0",1086142510.1988
"e083d83369cbc93fb94842a1",845043754.150522
"e08561df5747246d74136dc4",457213589.882594
"e08aabb998103a941d24d0a9",616468479.839319
"e08e1f260e5c3231c49e5a96",529467608.007093
"e08ed8c82d05dc3cad8cd2c1",943227830.58181
"e0ad3e9588636f454e9e484d",826622815.082234
"e0ae474a5307ef4057da4994",403703374.74671
"e0ae53aa3cc9e9ba7ce65f74",698522912.783428
"e0ae8d2a51c771aef5f245e9",469804898.378604
"e0b041a39e732783f98bde56",873867207.224962
"e0b13f6dc213d05133252d15",1089294984.53058
"e0d6155cb3cdac98f81d44e8",759665801.346006
"e0d7e4dffa0f3dbc40c7da53",569725556.190722
"e0d837e6d5d74fe91d39d23c",881498656.170342
"e0dd5e6879d824a95c3c1773",848704548.911961
"e0df3391aeb8d3f4b00f418b",724098642.083781
"e0e6852c6d6393d6d3719131",1107940223.23247
"e0eae2174807cc7ada38c726",727143866.951946
"e0f47a028df2dbe9129cde7d",887023519.541684
"e102f1d841d7cdb596d50624",360337822.348689
"e104567c1cc70000692f502c",954918973.930987
"e109ccb29c02c9b35b789c90",722833642.18554
"e110abe74ba0ad062c9b575f",871711949.577155
"e111bda6d24089dac82907ad",435480653.019323
"e1132006785632e4ec5deb02",780576507.452193
"e113c48e4e1b53adaca275f2",877487250.245954
"e114160e3ffe6a703eb42440",638206228.443151
"e118b149654cca1c0b3a58a2",1191093121.47399
"e11f9a5cf9d6ab0ffddd6096",940041215.617245
"e120c33346ead011ab7789ce",716267477.735204
"e137b5003b8c8f18892ee9d3",612436563.614316
"e13947242fe19bc3925919f8",662150667.400805
"e13a1c06ccbf814945dbc768",923629805.908482
"e13ef02a57d35f71a4fe6121",754587932.779783
"e14328c988a27176e9fc63af",1133186333.87448
"e148c2b109eecef0175b3c5d",599149068.267998
"e1490f0730f8fdc36993027c",766764861.809726
"e14b31f8a454e47c383cae94",845734615.650016
"e1558509b120809eface5b87",833726186.523678
"e16685dae2bd3b0a4803ec9a",1037482228.5974
"e1717a317481b0765a7a6a0d",843774324.940508
"e18337bbdfb106a3f1739960",693720001.057554
"e186499af986f1959f729b9b",605506449.026649
"e18fecb7e40bbcaf26c863cb",702646693.222706
"e192181121fe58a8bf94aecf",624697221.317072
"e1967b56ab8ecd035bf39534",748240612.570582
"e196b7cdeab1468d5d4e07c5",1346376730.97026
"e1a4437b17f7bec650d8cd97",786132307.632295
"e1aa6c46135f4d1aa1b7a1f4",605796171.281528
"e1b64df8e809ba220c9722aa",939835904.923227
"e1b753c283bb9c6d4e438bec",1040931598.49785
"e1b9ae3e0ce3da16f18e1079",993087322.143211
"e1c33552eeab60683f2f89d5",1006063501.35748
"e1c7a101e5d518583f9a2a7b",1241066685.80729
"e1cecc8f17883ba6e2723826",544860935.365487
"e1d875468eea7b2eecbb49c7",866299430.463935
"e1d8eacecd35515eb19f9135",1196490949.14753
"e1e188d3f9940f9dad98488c",927750539.199886
"e1e5b0bd721a67318a3848ed",577222458.305769
"e1e69b5a90431b8a44265487",643613268.211596
"e1e78f3432ea2dff6b69c6c0",696503231.032022
"e1eb183eb261b6de96e20a56",972545238.640772
"e1eea7716ca6490b7640717a",835221986.624188
"e1f5f0e96e5865370423c142",901755167.443111
"e1fb88779e55aef2b66f2c10",885515566.533523
"e1fdbdecc84b991f582a2e00",531321914.004431
"e1ffd027cce28c44c0d2f80c",884870579.249629
"e2094d28cacad3e2a711c5ca",578582501.968936
"e216fba4bffe753a527ecd4c",807981530.566939
"e21f2a8d9c641e45d442686a",1097678565.25007
"e224f9ffc7bd70369a5e8b68",1366196546.56727
"e22b8126863c9ca8fb04df9f",1117063516.5658
"e22bad460ec1bc991f14bfbc",800690945.421003
"e22ca3f1c8073e246079d57f",725071196.497963
"e23017438478050a655f6d67",911473776.557618
"e239ff5eaaebb287beaf76fa",1000573990.06801
"e23ae41983b9f112f05bb703",893304916.562233
"e23d93ade25e73614d7bcd77",1214656727.33246
"e2544529df4efb7e90afcd21",486455928.858873
"e26dcf5836f5bb53553cc413",711228179.113682
"e26eafffe4ca3c22b7f4a272",977947978.507767
"e28474959994ea9c0c2eeac6",973181019.179239
"e286b12e5aa7929334322842",1039030674.94621
"e28d8dac5c1c75d295a9eb3f",598069587.169886
"e299f614cd8ae525fc8fd0e6",969235551.571294
"e29d9a401a246c00f5eb2413",609889119.088686
"e2b7f984616fff25e3dd6a3f",1220631904.63324
"e2b8d1aba0c583984aab25bd",1007130552.59002
"e2bbe9221780d01a265e2ef4",794985760.198125
"e2c3acee51cdd03b1f211278",910888047.209705
"e2cdca1756b1635dd1ac2b2c",808436425.605962
"e2d00e4fd93a02ea81895355",726120014.944296
"e2d88f49873bbcc5476f4ff5",576265672.112659
"e2da7c1bb33be76b86b9a07a",528975269.022604
"e2dad5c148ecc797018439b3",750146350.196229
"e2dcb036931bf4b2aa030036",761102638.325069
"e2e2218086e6ef5377c01b68",939136145.234695
"e2e4641b20d81a90033a536a",702274801.659529
"e2e639b53456889ab5350ba0",478177764.292972
"e2e7b03feffb21bad63eca2d",848030003.380109
"e2ecbfaacf11ed16fd71abcd",709955344.314463
"e2f00293305c464b361b6178",490531981.384253
"e2fed68e0b614e65c05200b7",686232726.172415
"e3034ebf243b024cbef83cc9",681322893.119112
"e3077f6e47d130106e7165c9",963310024.845315
"e3197263bf47b3d37f027e11",932129258.789446
"e31a209077a3e47712588730",1001291138.3503
"e3202b635974f7a3367c0ff9",1173545154.32382
"e3295e732bcf306a2d338387",721657414.986714
"e3338ac993873aca45755dc8",817954454.475244
"e335b8464a61ea0781f7928d",1225059510.23191
"e336d9d892441c7ad886a98d",566368671.663938
"e34517b1563d829104e230b4",412250490.78641
"e35579e8b9b24dcccf93abba",884435198.210189
"e35d8f589e6b1909f5e4132b",966318988.198225
"e35f95823a486c52b0f4c2b6",632740720.054712
"e364018f4d994cd15d4af374",984954576.187055
"e3676f99542f27c9037fca29",738945921.225939
"e369c63f83c44329ddad488d",717479724.100968
"e36d70d72c2758d7fef242df",852356057.898171
"e380184391898aaa2d3dc540",665767884.600317
"e382002b0685aabb01891743",611030426.38219
"e38259adbfd953bf085a69b6",562562203.856825
"e3896296cb80d50d9ad3f903",1126727087.00471
"e38b4072ff8b856487864f31",1178706753.3877
"e3903705d5a48c6d9f828ab9",847585353.430733
"e3950ce025371da2b4ad9db6",1046351008.66251
"e3a62f080c25f404ca995e06",979089205.499303
"e3b7dc4e8990f3cd436bf738",823153063.439047
"e3bd8bd5884a55fc1a151687",779720657.386513
"e3cd7b6dc0495d5109086407",908290978.362628
"e3d6fe5d97bf4fe851aee9d3",1122184939.47141
"e3dc8b417819e9afe3fc7d0d",606520054.586313
"e3e2e3080cc309d34014e8fd",709853707.674596
"e3e7ffecb903d2daccbf8a53",702636984.429169
"e3e9d1d073b129c697c1e9e9",625794767.214432
"e3ec7a8fba3e1ea07a135dfc",655733580.641585
"e3f39c6e4a41fbdc4bc30e0f",872265782.362149
"e3ff13537ffb7172336ab5c0",1222214932.18307
"e40742774df7d2b614f32de6",435855454.924777
"e4082fa99f92fc7a89092fff",787317032.883724
"e40f616637f6187024b34086",788197771.657982
"e40fe4ac43cabe82c03dda59",688290816.04171
"e42fc32db529e088f15cec8b",1100093375.86211
"e43151473292e4e98f121f63",443372389.384737
"e439c77c0d871996bf06bf88",880838496.354555
"e4434407771070783b97c014",833494764.671949
"e44b023e39910ed29f4dde2d",794509788.915081
"e45293f1e6ceb2fe79f6e0d5",606965341.263741
"e4559824c3390efd6282960a",716804823.227799
"e45ba581daff88707ad842a9",926388283.397722
"e471b2ef30c388893119a010",1154792405.49238
"e47aa2541fb576b9915fd625",738813703.582033
"e491adef93281c097ab08dea",553150183.317875
"e4a021b625f4ffbed391c6e7",770357739.389262
"e4a70600296b0bde6c28fb19",793643401.658031
"e4a9626b1107b9397d0067aa",677292313.144085
"e4aa393309860fd5e30f49d9",1549935858.38617
"e4b85269ca413066323f66e0",1062540952.47063
"e4d6b81f169cab8ea0244d75",547624823.56273
"e4d89c9d33a0f2659df21185",736752026.463779
"e4e529e778dbc89f854252f1",911626240.725639
"e4ee1a81aa121aa5f55e20f3",712184733.061674
"e4f26a73bad4e41c375dd897",1334627807.49457
"e4f2ec7e2f4389c1efa52c0f",809193172.697832
"e4f2fecf58a038d7b18f7160",1312377948.23557
"e4f3e425e9f6e393999d7a08",555373162.416594
"e5092b4a94f1c231a0c47680",1254024034.55039
"e5099db945e4f04aa3f0bfeb",953299496.576247
"e5168779de76d99010e37c7c",845667182.825847
"e51873d6421addab3b539dd4",668472703.039964
"e538d52c9b2dc994491be3db",404662763.777503
"e53bc68f0e97ccead24f3e56",523884324.663671
"e54567ced41a40938b85485b",736651735.76696
"e548ef7a5650696c0e968cf3",759376985.046629
"e54a8b735724b2af56c7a36e",562801070.262962
"e54c7ea1f012656f7fafa49c",646810918.552686
"e5527bb25c85988e00da339d",1186268775.74893
"e55634fce84f78466095e730",563016683.164674
"e567e9e5862b13f0085505d4",544452152.791104
"e570a5157e02d440a78ca008",697399088.30312
"e570c5f58a20fda42bfb535b",557806571.578973
"e57ad52764215c3d54740ac5",789009078.508422
"e58b92216ee6438a921ee0d4",846498604.550985
"e58ba64bfa5280630bfcfa97",717419802.736392
"e59afca092e0ddaf60c9419c",777752542.216377
"e5a40a555d11d4429b9675c3",818001277.162998
"e5b2a446c12222efc187e02e",637545401.569446
"e5b92a0c67c506ca6e92315a",503415411.497857
"e5bc85e227ed7dabfccbd005",494444180.636837
"e5c8f2d536c3f931eff2d70c",941950127.043981
"e5cd7a2aed48057b0dc8d970",683795056.494889
"e5cfd99e2308b7b73581dbdc",467174756.239518
"e5d445e39104d9ee6b244822",895504854.027113
"e5d6be06fd53d317c8e5c7c0",704109336.144896
"e5d9afdaf318dbe749bf9950",688875757.516052
"e5da0e3919341762d5beed25",581176501.542999
"e5dba7fa0cfb81488b0c331e",561479919.697623
"e5de98822287c2caf8b209da",814553415.850478
"e5e06913ec3c851340d7c91a",798586284.283165
"e5ef29d41082025c42f7c921",880326691.557665
"e5fd3cdc6a19653275c7f4a8",485327484.576072
"e60024d6e0b5aa52e27a3b5a",775173142.649967
"e6016afcc032d20fc9d6f2be",798208223.332484
"e60850405ccec092b8fb5d02",758573723.375723
"e611a37562f88ebe07bb28d3",603909333.453686
"e611d41aaf38a58acaa0bf23",933918609.514379
"e6144e15d5cafcfe87c07c9a",511746369.508406
"e61476e47d7e7be706d23fee",612075552.441836
"e61e5d3288f02b904d3b1e38",1138384094.1458
"e6387696767d20cfa4918ca9",864720755.563686
"e6396355c1249c6290906b78",849545926.499441
"e63d334d9ae8b672dc7b7d5c",1250770170.64495
"e63f468e1d9f86530d47ba4c",341810568.177618
"e640424f3b7d1db403c36ba0",1138220208.71256
"e6424086fe1cf2a2931f4847",716674920.915512
"e6477c2014ad081d22f12b9d",698397355.920399
"e6482f3b6184515453d16bf2",1163225449.93125
"e65a4eec62e2a5bbfaad5565",737351586.972263
"e663064dd77e3c63ab9222af",1187066816.51111
"e6653cc1c94306d4e56ba216",728405114.06551
"e667133c29f90c8fbf30ede7",639471030.838538
"e66b2c71519ef8756db69b97",853332662.095233
"e6717956eeaadb3e95840256",1238851989.57524
"e674ba41f9657ac8f30d4f7c",1255904336.64071
"e67fa931031bed13c711ad00",713082052.80731
"e6807209b634455bad257998",585868526.965178
"e685650979374c571dea2ec1",669094798.051724
"e68b18b57fbc5fd6cbb477e1",739641944.341563
"e68ceeb098f60054c19fda0e",839785150.236914
"e68f5a98070efada9b5538ee",674956664.838287
"e6a5007ffb7c1321d4fc21a8",634697529.547461
"e6a547b2c0d126c9b6800515",1221980725.94055
"e6a7e6b41e6c6bbdc16e1e14",866299430.463935
"e6a9d5c9a82ba73e76817a81",603566243.195571
"e6ac4d158437142c15bbd4d9",866919398.373538
"e6bc998ad1d87c5be3559ab1",716674920.915512
"e6bda9370c80a5f7e5cb6b07",1020646483.31689
"e6c6625db90e519f9dcf1b23",534310763.272229
"e6d2e862f58445084b2980bb",1169303286.28469
"e6e3bcae6ba114caf108049f",828782820.454641
"e6eb47d050702ed49ef5c49f",1095709894.15254
"e6ed64435c659f236cf213a8",680347964.680275
"e6ef433629e193042bd30f4d",1060242071.51044
"e6eff72b7c5b0fc2677af2ad",651836622.202118
"e6f2c7d7317fd433e26878e4",1219903312.9862
"e6f312a0877af26b69855a3d",1156997410.29277
"e6f3eee9f5048005f24f0943",782947037.221097
"e6f5ae869a5b7a30e8f0fd0d",1011143703.53805
"e6f9288cdadc5851d29fabff",1278581776.65592
"e6f948282e81570fd03e4df2",1089444552.99538
"e6fd53315e92a55c6b67405f",542439231.541898
"e7081fb59ffa298320321633",879662175.415444
"e71c6f7437c633e2d9da643e",679730908.414871
"e724a1db86d8d0c6334041b6",941141036.375339
"e72ff7414cceec6b162df345",739858604.649733
"e73e5e75cb18f52dd7239361",856809606.666607
"e7439820086f8d1cb13d7c9b",546137564.415702
"e74a31e6edd4459d4e215c5a",737545061.825446
"e74d815ad652f7046ba33295",774354512.561713
"e75699a7693c678786ced75c",571743077.614828
"e75a05dc0018f29517948ea1",442984362.492628
"e75d4ce522cf587cd66adae4",663983179.504617
"e77da26aa7ecdab5505fab60",1002262900.69333
"e781547cf6f8cb4ec0742b5c",913710815.068906
"e7834f52ebad3d3cd00d069b",658862551.419433
"e789e801fb5d4501b5d64e2d",948153013.810127
"e78a4111d943044a9a32ed80",820910228.833429
"e78ad3483c5aa5a7a4310720",609371802.701054
"e78ef4d2b165a8e8781c258d",694922011.85373
"e790b21630ab963a65c53df0",575730244.524147
"e7a2e8e1c22a52f78ffd1b19",1733203143.96889
"e7a85e64ee07971696f555f2",815354920.255538
"e7ae63f81f8fad37bb9c1b32",1244738202.88946
"e7b3ec90b47c9e6009ca8a75",915067087.939285
"e7b717278f7c95cbfceba80b",791252587.585835
"e7b721ed96269bb195906bae",346278565.973751
"e7bb12e99318573a6e6ce1cf",712425226.682422
"e7c08555cb8f5c7d0f32fdda",524443101.099795
"e7c92ef9784a92c8b7fca693",747612256.546275
"e7cb4cf600b9d931eb295c71",491623116.717385
"e7cf67cbc08fa04be9f0a3d4",555677375.192585
"e7d1ee027da436cbaa122f48",1254255371.0139
"e7dc05756684b070b36d681f",956148911.920935
"e7def7d0999433ad6d3ea412",1086284801.40926
"e7ef0d61e27de15f10b0d643",845977033.084825
"e7fbff0a25cde72a38e7c7bb",1098197084.01578
"e7fc4e6b1fdb38ffe68fb680",738051644.047653
"e803e3806630c6579f004610",933135292.279293
"e80ba06329760362c7685ca5",685251129.687572
"e81c5c1b820636f691e5c5cc",799208796.401304
"e82508e88e3f62fc8e67dc16",718208110.787498
"e828e83be8651bc2e07641e2",684528278.921856
"e83119808dd08ca090f5ed85",924774299.364292
"e83ef75473fefbf8d7e52302",533275838.671544
"e840095310907e82a159d683",922508846.68863
"e84605e3aadd50b064c8eac3",1383429425.5574
"e84888d2f22e14a5016ac789",941852868.546603
"e8491a7994738d098a7aede1",1195271139.39223
"e84da6ce78339d50a72cd87d",445513646.943732
"e852246b7661d30dd2e1f0ab",573528665.160876
"e8544410d811163a13c6a326",583720694.590364
"e857db57a89e165eade00770",479279567.998988
"e8603da6012c2116a70176b7",1087030353.79518
"e86b99e5dac8ed0d8296e950",448143915.216634
"e876c6fd9c161861fb92ad5a",1182929177.01627
"e87779bf2f8af86fc4ae9583",596529402.720101
"e88009be52bf5803ba3665d3",727796580.542492
"e8872302ba40e4ea413689da",505616389.200112
"e8948741a987cbb3759b7a44",1099120440.59939
"e89774d061d50c83b409a071",340432267.417429
"e89cf4cc82c5283f3db6f5f6",595442867.859528
"e89fbcbd4d3414e30c30fc29",1092420045.58639
"e8a3d9d6134ae8d631791e52",1371079592.96152
"e8a7ddb4e5d43d156692326c",1048321972.87318
"e8abf103cbe9fecbdd758516",912713557.817728
"e8b8d0c4cb87efc13344bcd2",1017465840.07003
"e8bdc4a088a6b99a538a6f0a",426732569.71408
"e8bf121ec117e383c843bc51",1252716992.72283
"e8c79fd41b001fb1da0d4fe1",934999099.853276
"e8c9070ca596f88bc2e0868a",1007500606.00697
"e8caed8cd754b0e3d43e6954",941525937.154223
"e8cf39cada5b7755f60306d1",714038205.712813
"e8d2cdda77c1d885e21c7bbc",1384350269.6354
"e8d83f7dcb876d5d05ae3e98",825145847.468519
"e8df85384a1f51c31015ba08",1069222967.91595
"e8e215437d023387c4a55515",560867827.027067
"e8e97b7919856f9cbb9ad02f",884624722.748861
"e8fc9a1fd4b39f946b914398",523652268.646711
"e9081115ab418ef1031326c3",602448627.501487
"e91425bd357561183b935d27",800639166.892381
"e91598736dbb7319952f0dfc",845205482.674925
"e9182661e36239f091259232",389025591.365024
"e91a3f962129068a3a76d209",948193238.468429
"e9205b722e624eba0fd36145",1129480491.23258
"e93a9b257ecd815c860d0b82",781649662.921004
"e93abbb49b24717d3a0767e8",723675595.338975
"e93dbc804920c0bf7bcf8cb3",771309871.276725
"e95653d504208e8da19fdd03",955421583.763289
"e958bd2b19db118c31f893cd",600923118.793559
"e96a7f5424558193663ef6f4",963269800.109354
"e9772a54bc6638c723dcebdc",706659267.681899
"e97c998a6a0709605432ccb1",537879373.440662
"e97d03ef9638c8e1d270ed2a",689863003.034494
"e9804af0513b2f68daf182b3",497597075.166599
"e981d4fb3a33f372ac26901d",1232335386.6737
"e9830411c3092327f4e66a99",730813942.620509
"e9860f6b4c3e6699e62f6c31",800054602.01826
"e98bb3a89bcec8650e33e730",822535023.465167
"e98cb170e4383546988c6829",631650631.236435
"e99d9dcb9880cbfd219b4297",1161408109.58608
"e9a0dff7ae48bd3fa2ecfcfc",796651499.281344
"e9a37a1a4150461126dbb6e9",594501083.181096
"e9a427f23e80fa59d9d517c0",578475787.47287
"e9ab6916a79b4d5182d33bf5",1054880115.17862
"e9b054016b281140d2566d88",959913724.342038
"e9bbc31499ca187c6a492175",839714804.996142
"e9be8cd37abed8ab510ba1f5",1111672849.25187
"e9c905ff64c7e2f8c21b0a9c",336547408.699585
"e9d514f90ebff0de1936d09c",846596255.527204
"e9da7f2549d914aab6a30e10",593138119.588461
"e9e39766e2c96bc783d580a9",1440454203.09826
"e9e6e054c1d09a22b7efa20a",778687406.96672
"e9f3f41366d5d784c2928937",784735921.298615
"e9f44786cf982100af0984e4",1211164210.97393
"e9fac47a0f02f27abc96d568",904173353.851084
"ea0ca17e989ec57a480aa464",1173545154.32382
"ea16314310144a10c81da9c7",442168601.592194
"ea21ddfa37d60737492509cf",928255886.987126
"ea230d5eccd2b687888173bb",821817392.856645
"ea28f68a1d1d81d29b88531d",818616276.483751
"ea2e380226005bb55c724ce1",1157595372.77038
"ea2efa1a857332559120b823",690021178.966151
"ea34dfefac91681864c2bfe1",887142212.039315
"ea359d571ad0c986f826d31e",1047669874.7049
"ea37ad89fbe4159940586718",455292246.341669
"ea47ad6335e74dea06228b16",692347168.294227
"ea4a797b3d73d1b2cba9d651",1084760600.07277
"ea4add08aa912717cd42f9f7",1270055880.3615
"ea4af07bef4ed93e81ded95c",1332235039.97749
"ea63bca8e3a77fe88d88fafc",546677035.995679
"ea6e83dbade169818975e5b3",662298019.348206
"ea7c9e327eab66ca286f6726",687949830.634993
"ea7d5c601c3f8c86ca8f15e1",816988709.713865
"ea7e3ba584cc5ee45ff8ba7b",904851860.555871
"ea84b58f733c8e491db98a52",1068987391.99698
"ea87e3259c2b0d6263d39a2f",754816017.965211
"ea8cc21bf7d48979bcae1458",933530234.705962
"ea8d704272b2cd066a7e7867",923420233.937593
"ea91281d5eaf6b8f436d47f6",1250770170.64495
"ea935b76abe664d5e2c4736f",560033321.268729
"ea9d6dc517c77ff8bffd596b",966699737.80748
"eaa4893a313d85fcf38dbb6b",873283717.925173
"eaa6d58e226904e9993b3493",569558275.502712
"eab4ae491bbbe7b8ab107229",942297226.588266
"eabdd1bad2bc4351ba4a2635",846601453.320873
"eac458ffc1da75fa1a4ab384",751368056.516686
"eac7136b26bccb3c5d2b6202",795035144.588233
"eac89e705cfd337a99417320",587182916.371912
"eae4243c274735d616c6b9bb",937808140.000686
"eae4a1cce7c039c644f01c6a",822372156.03031
"eae52c81f779a61f57cb5b58",933716847.455001
"eae5eecfa2fe828afbc94b0a",503229727.459645
"eaf0f2b00b6994a9ba8c5ed0",427907811.256558
"eaf53eeb911ecbae638409e5",477786742.694553
"eaf87358d89af17c3e004c21",857460593.72738
"eb055771816b45213df3ff3b",618806891.574101
"eb09010915ee68091d6675d4",657783401.790561
"eb0c6a8231b38b2a1e1f789a",884845275.950657
"eb0f3b14782c9a484408c606",914408457.981495
"eb14a5813f860bb74740da2b",461283605.327462
"eb1b9e15dcb88964f79e6a4a",696756987.149157
"eb24e0a0ebfbe16eba466280",995593338.160012
"eb270972f0f69f1671a0a740",864645576.535489
"eb2880c2433c4b2500fd40ef",651910167.338355
"eb2bbf82cb615e3227305b55",569678290.39321
"eb2c7a973d4d6ce8e6ae87a0",992257011.389814
"eb3356f3856526dc140be7f4",585845166.535679
"eb339d562b72b3bf51073cc1",503322560.916004
"eb40a304997a6e66c550b704",968239716.715915
"eb4e1b72abce1d184dd4d5e4",673384072.637938
"eb55b0778607da932c3b311f",1020777893.17259
"eb5e382e1372c4e94f467673",793768965.534438
"eb61a13df1c8d8d0efc4db3a",628776280.022983
"eb64fd330053a41ce5be4a7e",510992090.673027
"eb6e6060b78676d13d6bda48",772377514.586732
"eb7173223a27076d16b87f33",767635655.037344
"eb77734d12df7528af57c674",525700134.982608
"eb8021804e63016fd934c9b2",897212210.454771
"eb85bf9ab77f59615960fbe0",1030143375.96334
"eb86c1da60250e5559fc3cfe",719725807.061487
"eb8956f0c4a885619bf1ff79",1003799080.80901
"eb89d0b7914010148e6bb597",839781140.923679
"eb8cc67810d95d1b102410b7",1111672849.25187
"eb8f668912b70fd554c8c723",525304599.922991
"eb90d9e9eb53b44b07ef9613",873938455.52986
"eb963f082209fc077aa72bc9",993166301.681998
"eb9a59d4e85a3f124e866f47",858713863.552009
"eb9ab213defc2de5d878653f",603693056.253686
"eba0410242fa1e8dea90b194",895639984.522554
"eba3cb8156e0115bd7dfb525",1264653737.47638
"eba6a2b80a17a846ae560ece",580223432.787194
"eba756e88209c420d288c4be",683427581.454039
"eba86391ca00fb217ed1f774",728442050.840147
"ebab054e5f256bf4e382002a",1253792740.75487
"ebacf31727972e81d0a0d904",525050716.750173
"ebacfa0a8e569ab603cccd11",374753159.592524
"ebbc5fdad817b304af3585c4",513881146.91028
"ebc3a6574ebc530ef715ea7e",1079818117.00954
"ebc96ea800887a647422b8fe",987889642.626528
"ebcab2f8506c64a461591d1c",585112121.930579
"ebe09efa32acf6d680341840",1104792222.09066
"ebe1b5c9471f3441a388f7ac",720081273.874317
"ebe33bde2abbecd6d1fb0cfc",818366964.115582
"ebf2d540aff82f1aadf95f9b",659663030.862628
"ebf4bda17341de806444ba83",729991215.521526
"ec03a01c961659f2cfd9c973",694328494.707458
"ec0c283eeb8db461c20af1d6",926773342.949528
"ec0eb8d68807f52b681f138e",1007731978.77315
"ec1171cac1eee089be6f427d",587601428.704715
"ec13a869c212c39b6ba21b57",987146868.281841
"ec15e2a131d9724b012d68ea",935171584.095354
"ec199e33b7557dd669fe1aa4",407925067.03293
"ec232a7ee3aeac713516614b",901512020.378832
"ec27554aa1c62314f4d46fc8",610821617.506869
"ec2f16aabd36fd9ee2203276",1260724746.6177
"ec3f1679451b9c0037f89386",1171629106.17781
"ec401de1c0ab2dbc149da048",741306575.669397
"ec4226205a38a45d97f35828",908571753.004046
"ec422df56b811a0aa42d8bbc",849725530.102191
"ec43b2789c9cc266a8e0d1f6",448148943.263868
"ec4df02b32d90c019125d108",1105326883.89637
"ec4f7794cb756b995d5d207f",765555823.365512
"ec5866fcdb9afffad2d7f5c6",1048617442.74745
"ec674ba8cd16c2264d270901",953557037.537334
"ec6ffe86e9ece6fc03556ea5",437132678.264902
"ec824ecd0319e05d1ca6a9c7",515509848.489973
"ec8b305ddc2bc211a8a05d0c",807451473.089397
"ec903c33a379d8d2cc04ab36",1074254406.72816
"eca500b92ff96f10ccd45e54",791293451.52761
"ecaa5e38ff6cddc14942eb7a",858538791.128832
"ecabfcb8ce9bb47ec3089c7e",786132307.632295
"ecc3362a649cf08afef96fc0",481193815.966557
"ecc36a3a4610829ee3f88993",706851663.736923
"ecc4d05489c5ffc8164d5469",450217769.31228
"ecc5e3781d5e004ceef8cf76",1011452990.8091
"ecd0b4bfd66fe04c278dd4ae",583068964.231488
"ecd1e3003c5d74a3c7cbdb11",576071015.516402
"ecda0d714f52da919223a520",814854501.722511
"ecdb747ee4a3ebf958252309",833523475.573314
"ece0394e38b152e6c1571324",1005692416.30655
"ece6f8c652d4227370ef0fcf",987014196.18062
"ecf47573fe1ff641f6914d0a",1125412111.76451
"ecf4e968c925cf8322f8a0bd",463666362.254959
"ecf5c9bd618e3976ceb5697f",1076091325.14587
"ecfe155a407ad2c2f74522e8",853369511.244116
"ed0051ae106fd0df60a14586",874038112.240167
"ed09fe201c9ab02a91779dcd",840785665.403277
"ed1c8ac25a3db5120c92525f",530236797.977576
"ed1f81648083d4d2726710ac",754808248.059364
"ed2c02ddcf0e54789d9d2675",982063731.133181
"ed3275b560f020baeb9ce3c0",687897349.847996
"ed40f198ace8a4405cce7a1a",673045932.252326
"ed43b0ac46067bf886457c01",899130157.382935
"ed44705c17c414af8442b6ae",607462479.199528
"ed48916725be6970cd2f273a",721107614.302512
"ed5192bd8038c77ed2e46f0c",622277158.448141
"ed5559fbfaba86299e87ed89",607443657.35737
"ed5622c308bfd10602e939ca",904935965.485939
"ed5c3d2952d2575b1bb757ee",937654190.006708
"ed5dfe95f82f4c087af07045",513079299.451081
"ed68664efdb7377c33f4010d",999630821.065674
"ed6c8c45bc8c1d160cf0d0eb",1004985580.52693
"ed70b749e030cc8715c0eba5",1112955817.41666
"ed75d1c40109eeb51fd636f1",1046683855.66742
"ed764bed1d05cb1e9a4e67f8",879494385.763332
"ed7f61ea4c9095bd4aca258a",643709853.85431
"ed80ba018de35d5d76d50db4",1307599428.55833
"ed88c773fa9ae8bb29645fbf",722851392.322746
"ed8eacb8746dbcc3c2ef3aa9",822550205.853209
"ed9703ed896c6118a3458e78",494647274.458503
"ed9976e922a774cafb601f5e",652597059.272503
"ed9c4f4e06183b15b877f077",558106004.692122
"edb259013ceb62ad9b23eee3",1271988398.32578
"edbafba81b92efa9b1400987",1054611575.38836
"edbb5db63dbd0452c51047a0",843075012.893867
"edbb6dd10f8c9e7596368225",962476441.697435
"edbeef6a08dd17a941634d49",1078096322.83529
"edc204c3e18368e0a9eab593",1289988803.33332
"edc3879a1102740f2f96227a",1011674136.45729
"edc43e57b2905405a13f8f3f",529500864.595731
"edca31377b4f7299f8b45187",1415631071.62397
"edd0b57b90629fb00d036e34",629465293.98761
"edd1c4fdbef4e6beafbd39b8",637003415.46098
"edd2afd07fa1305fc3126078",357306669.023845
"edd342f84fc90478e344ea1f",753251898.449154
"edd4d560363f7575aee42d39",757394590.617323
"edd9a278b86b1c56e237a0f3",656429169.469289
"ede08c77d6090e0900654eff",1039614735.36945
"ede10672118071a215ae09fc",1033033298.94214
"ede43dcb1715b959ba34a37d",772979648.282025
"ede7995bc4e7e672fda4fa5a",960490798.159334
"ededebb1a544fb3246d3e131",583666998.458783
"edf4e11d1f1aa6f8080c3156",1189236559.27031
"edf8c961862a4ff8e1e44f1a",752883220.649042
"ee042a4b4a0bf9a1dcdf1eab",664663637.969122
"ee102e9d0791ee82ee4da2e8",790645919.788946
"ee13d186a24af238d06e0c2b",830914070.979249
"ee18825bcf4065d29287b54e",1221479479.8177
"ee27eba49457286b5ab76172",720607148.037292
"ee2c509989c7155bb472c5b0",592468364.522043
"ee2d16316e6f4f2388494c7f",604270358.3983
"ee30ab004ac5270daf59758e",809947059.5367
"ee3b5d47d05a80c07751f7a1",1125677561.94541
"ee3c0c7fe3fe73ad0449870c",1820699968.52246
"ee4377ff95580b93e80ae08c",1004828712.87154
"ee4dea05e93581750d613c59",661903283.589863
"ee4fc6a146e888e993a4412a",815808202.1692
"ee594b6bb0751dab39055b3e",725417257.148795
"ee5fa0932e098cba28d950b1",818345210.629588
"ee667413d1cc49427ad448f9",824851414.008791
"ee6a288e644183bb191a6526",435560988.444659
"ee70354146295365bf241d9c",738813703.582033
"ee703dca75c4dfd5d035c9a1",686291111.195005
"ee786b818284cb382c755e9d",918651146.433657
"ee796b35e39c7beb6aee2b49",932361192.59292
"ee7f7d547af56773a4b0afaa",840000897.853792
"ee8103b958673c589b9cb27b",981838232.076683
"ee85a12b8f764bc15164dc7a",733103487.359115
"ee8651631861c1b94283a953",1000316329.89636
"ee8bad3fdc93f7fb79c9cbd8",1190172501.26476
"ee9171c496fa78b1461acf88",788985098.382452
"ee96d947484aaace40f9b77f",1082592892.93024
"ee98e745afca6de4550fe570",736895125.194066
"ee9e5adab1455d38edfcaa6e",979720624.837141
"ee9e7dcede0ffc20442b4407",958864056.386964
"eea6a2137473c3ba6708b576",497088964.043358
"eeb6fa8f820ec63aa0aaa303",1154088818.71058
"eebc02ff14b6d270746ca055",716190726.440556
"eec4d59429b1d1bb75b4d686",751439430.711974
"eec51f949083f39691e37e15",865649729.394641
"eeca3f5c399785a1cf15b1c6",671088908.112489
"eecc82010ce9803ebea6dc75",741747286.313019
"eed12d0c3e65e9989fc4f4bd",727091783.289706
"eee841bc785b1824b6419a73",695582769.513831
"eef1d35ffd08dd161a36a2d1",1246743767.42735
"ef0e5b23069a9fe377b77ccf",1018860450.18194
"ef26c0f1cd9e3203ad16558f",787669578.042863
"ef2ae24039bf2cff1caa4340",573051527.513445
"ef2b9c11f884cc5f31c26f60",798766515.099717
"ef34f331871e8ca6573981e1",618021632.851314
"ef3887783a12f591198d6c27",911036407.224836
"ef450748c440c4958e5db54d",1020777893.17259
"ef53741b01120666a08db213",1109717789.75591
"ef61986cca74fe8585b1b287",645300263.379298
"ef64565957b5278185b2429e",934284315.347159
"ef64a8989a6444cc529dd1cb",939608864.872711
"ef6ac2a5102d7be910a3e4c8",381224734.417038
"ef72df5586ad0cbe59e36e07",989224339.564618
"ef73428a38c201019267afb1",484391847.697498
"ef7ba10407cd74590ea3fff3",735441376.063781
"ef8430c4d15e5887b8103bc3",1158261518.61233
"ef92f63b46f27ccd2151a21c",628207203.276372
"ef961c130fa3b9015b103154",1105689808.65907
"ef9cf29f71434be184a4ebd9",788675542.94463
"efa0c01632d13ab59f629ab1",674524755.483208
"efa36c7738fc14a11cc352eb",544560375.589638
"efb0b413b3f661b23d674b3d",1301610868.08771
"efc5412fb02ba9d8f604e493",579031504.356476
"efc7e89ddf3de559154d8e0c",1262378037.64372
"efc8ccaeb09a5e1bb0bfe011",591685646.643868
"efc9ae02fd6c3f18db866cac",868705213.561614
"efcc8d268982e95fe2fdb311",1371838523.91763
"efd178c4aaf3fc9d05b8dbdb",509111106.875178
"efd9d848677015f13688453b",653534387.734524
"efddad1eec775ce61d3b7b64",873256748.817557
"efde559422ec1dcc55abc686",778746684.403959
"efebd19fc5a2ab30f2ccedcf",1232902098.56256
"efede59a47d17737f90f4bcb",1019260468.64222
"eff8b3fe996b6d7db10b0263",812120387.272526
"effc32659ff9bf30faffb3db",784679037.763936
"effe4219e6cb56e5ab70ff6b",761920731.482147
"f002603a6990ec405d82cc47",1069854883.05477
"f003a46a1c8e04da0052d72f",624026130.764086
"f00b8eac1812a500d7a732ff",883665276.122717
"f016623361c6ccc5163e79d5",1182710996.04713
"f016ba59a64f287099fc4af4",684686538.964196
"f019dfbfa7fbbddec988fb25",1174535003.53392
"f01fa45466e2730f935a4128",854330137.479724
"f020fef57e9069e4dea2d71f",1079862862.52493
"f02865ea64b156bf4cf4cfa4",2101880351.49117
"f02f6c5b97b8e3cc5d5a74dd",903673903.962682
"f033750cb9db15e886b156ce",1047052411.32813
"f03400cc18e12903b3ffbe5a",799517426.817905
"f03f97ca55e9a43928c18237",630437919.548744
"f040a167241599987e7b0967",485618244.713941
"f04b574dc221473cfd616e22",608007442.249761
"f04d3ee8b175c8f2f30f4f39",1186326834.96557
"f04eb16931448e87aec205fd",771596688.523229
"f053d3918234bad409410755",797666208.640494
"f055602beb49dd6040641c9a",690286924.327598
"f059e39d22124eb9e7e8e20c",763453826.178453
"f05aee3e433cb036653b4375",965374961.962717
"f05b3779581ac0015f29571f",720294765.649157
"f07126d58455b20f547c4380",659569933.738948
"f08001f2590d7b734467c58b",497348117.025417
"f083a8f187e2227696695ee1",879554196.231445
"f084bfc530f4039f6631537b",675594985.27104
"f0862f57dd6be5e7659c65ba",698211776.625749
"f08a5c2992cfee4c0910f68c",958750354.543792
"f09bb33b65b5ebb8fffc3a21",1099965503.36505
"f0a8fb06fcdf8997bcdcb03d",692549370.78519
"f0aa18bf86a36daeb59946e8",1021330503.74764
"f0ad965090221d2349e90d5c",955774119.649336
"f0ae62ce6eebc4d07415c48d",943999771.146434
"f0b2a0602bb5a83f0827ac75",816105594.491484
"f0c7ecd3b2261873d3664748",831251286.717778
"f0cb484eb3f6e04b5b1806ab",726964718.108079
"f0ce47907c3c30b6b5e990b1",776123025.947808
"f0e68102ff84f49d90fe38f4",670737880.23725
"f0e8b39d2e4644dade9d8954",923370370.407578
"f0ebddf2bd5aac661e4945ce",574253113.851084
"f0ec99c13c61e89310ca9b8a",727763600.239002
"f0efda3f7fb18af1b44d6aa5",1126029029.2825
"f0f883c45e8470e74280e8ca",615607065.686066
"f0f8e755058d48542b9cc4e3",607582718.842068
"f0f9bedbcb57383511805d17",597076485.897289
"f0fb8232343d235741a20586",970487494.816572
"f10e210fc04e3fb073568323",798756233.959198
"f11137d27a5d7fa57f94e97f",933989301.886007
"f11d7627e2f18c9a75595501",1150621585.04772
"f123231ff18912a3dfd7cae7",489987940.482927
"f126c4b36c00d0ca11c21a2d",733845472.01901
"f1319a9332946bd68db250c2",717543194.955477
"f13d8f4b2e3114d71e5ed941",850930154.702377
"f13f72c1cb469db92b25c2fb",1310658513.48681
"f14b11d270282b317d9cbadc",860326373.520984
"f1582fc47e7b8c0eb0cc9949",693786519.728168
"f15ae83fbc4e4ee3f646b4c9",619325029.511947
"f15c6403c6d4e3676a607780",560406312.853009
"f15f48d4cf4f85a3cd68dfa3",848047476.050277
"f164514211012e3a1686b148",668092991.178348
"f1793973b462cdbffb1ad648",871548507.188509
"f17c8b14e56a76ea84a45fd6",1336312341.69316
"f181f74e96a93820a23bc0a0",554007149.207313
"f183e3651c485e0001e64880",711729580.854345
"f1a4afc2e543ce4260f1d781",1295125970.21209
"f1a5856ba56e7b12cbb9459b",582593810.834771
"f1a7fa5dc1996591ff97a34e",687057034.395702
"f1a8f09837660445961375c1",1161327086.81857
"f1a924badef699637ea8fcc2",636890471.007338
"f1b30c4ea99f19a81d12f73b",1440454203.09826
"f1b7ae24195b4414e6d6a001",1068329813.74017
"f1bc08407f40396c094e0499",885086873.210832
"f1c8da86597a427e24dcd557",1089846541.29806
"f1cb3c0b97ae1c6819fb86e0",1207090798.95654
"f1d76d78f9266d9552bb86f2",515627897.134503
"f1da5388b772159ec90c3210",1203707572.6361
"f1e38e53ddb8a9d5b641d934",880743826.138912
"f1e7a0c7804083963b5b6de6",587422204.320027
"f1e9676bc91a76740f4e9b0e",796398236.904042
"f1ef14babbc4123c5157eb9e",783177374.631529
"f203b18854b75c4564d7a17d",1001345938.65567
"f20a7f264a8285a75dacdc1d",1095367499.7816
"f21625fb82740d6f4cf1c325",499313843.151375
"f21d2c0802e3858d493c1984",929804348.987794
"f221dd5d745def063eeb7258",844030561.841789
"f22ae3d17c92427f5227cbf7",387711427.19997
"f22d6cc8c9611a7c23fa8969",838722550.871414
"f2387712fa17435f56d7b102",723932457.922691
"f239b7fe0de40d208c01c45d",877584551.705418
"f23b32fa4894b6d59f73c151",853642753.232738
"f2409d037bc8b3e63ca69fd7",755274888.827562
"f258fdece395f0c4f4da6a96",936469396.837305
"f25b2ce0d988bf5490fd780a",477688370.012651
"f25f5df33f25576f805a95b5",991839521.394954
"f26c2bb4d5787541e9c36463",711164584.078951
"f26c43f2304c8c694c818a9b",590186613.703717
"f270dfd9ef449a02b6d7ae2e",709836394.641159
"f27397321c007765244e56e3",908957793.974044
"f28514aa4d6ffa36104411c7",729987695.486563
"f2a4f5010f3da37e27505ece",672828430.865198
"f2b67c40a560af8729bc6072",656952176.172933
"f2ba4a7a0765c3ce737b5c81",930603788.035841
"f2ba7982bed03cac394ef87a",693074139.681982
"f2bfe55b6188070fc5c3f59e",940568763.911521
"f2c86c1edac4eec6c01ec11d",773673011.801203
"f2c87b07466aad7328b7e0b0",863568162.467886
"f2d4c1faeb7694370bc65ec2",538186120.915972
"f2e0163fa07f89820739dfcf",1005797611.51694
"f2ec3a3598c99bb8c38cd680",460887119.513024
"f2eca7e3226f625807f7d6be",1448565272.14284
"f2f43244cda8e2f5219f3db8",539254504.857264
"f2f4e6cbafe527b155707f01",1272223048.77076
"f2fa898e1bcccbdb92dd91e9",746164554.734719
"f2fce80439462bb9231d7fba",648599309.941426
"f304bc9e9edfc24eeeb720d5",848804031.869595
"f309733881a4f89d9c8a8958",826563770.66214
"f3270f2ccbcccf3046346809",1128395827.10663
"f3293c4064d71f9322ca97b2",1057445065.8554
"f32a3b542efba398907ec912",611972960.283992
"f32a7d08d176bf9177dbcab1",931039166.049992
"f32ea78bc5ea15d700d3c118",731665256.238451
"f336d60e41c8bfee91d58728",578836096.812591
"f340405bd7f2c4bf524c50d9",931512783.409159
"f3478cf008a7ad268a434ba3",657481400.242549
"f34a38cdec7eb598e55fa41e",962182672.27797
"f34ff57e272cd08056e6a243",663200190.795628
"f3523e0626df8cea803ead0f",458564943.246005
"f35538e95b4a567f9b834034",802762504.648023
"f359afc7bb50cf6a61ac63d6",504074123.876175
"f35f884365b1bf6fb303d7b5",626133857.553105
"f36031f3a3f77a3fcad337aa",633533007.374615
"f361109d06f6609c16724b39",559826753.797325
"f36a379e0149d4800e793001",759846603.082222
"f36bb15462fb29f80b127458",1271284706.63434
"f37c9693e058492ec3715de9",595297198.974089
"f37d31c512866b575780c4b7",1278248606.80716
"f388112376e68ccb2290074b",1001345938.65567
"f3962b552d34eb8bf38b4763",1194052432.76556
"f3986309e4fc4cde2b5feed9",944773310.550682
"f3a1bbe01d265470a2d7332a",728126973.79742
"f3a6132006d54d0e22a17e84",894894705.329785
"f3bb60434cb36fcdfe218478",482845965.332869
"f3bf0be37be6292ba0a8736b",1008730263.79247
"f3c8cf1fbbd6cced1fba0930",707750515.853188
"f3d82ce1c6fac06e4997f7ba",727736915.274383
"f3d94d0616744b87ff139533",589454670.232163
"f3dbdb2b69017cfa026ee18b",1049916160.03673
"f3dd24a17ea51b7a2b0f037e",683065068.218277
"f3dea3d678d959aaf6b2849f",1443967430.46984
"f3e2fddf1dbb400788a5517d",908768043.28232
"f4022026c279a9b77a894ee2",736352136.192648
"f403b20cb52d4ad3f9469ee7",858032588.168263
"f404deec9ec16a8460397815",683353451.904353
"f406c9c3c92e9b31310a50ec",599713832.906514
"f409c701e200046f574f4e06",651374116.65285
"f40a182d82c489f55c64ab7b",818278209.006069
"f40acdcf5cb9925c09c9df7a",859582670.692549
"f40defb11ff73ba4e3db7611",1169141441.17305
"f415c2bc1bc0fdca091285cf",1132562933.52606
"f418efb887a15127cf2563b1",542522613.985904
"f424ca724e7df1c37ed78aa9",778715807.248439
"f426c41d6d8bc99f359f480c",476167084.002913
"f42a53a05dc90e617e0e4c38",459574746.502187
"f42b6680baf774d27fdf1e48",695953921.594586
"f4311c45516bafcfe8864c70",1037688028.85817
"f433278518a80c3301f26cfa",879021299.829178
"f4350916cbddd5a544c6ae46",519015750.15688
"f43c684b789900c58c8b5fd4",575036684.365566
"f44362b932a8b70ad4b99a29",688388812.51439
"f44726680d0c594a2d430bbb",638547445.541038
"f44d035ea2b15b2c69d4da50",791727699.814332
"f45161bb79292e974dc88b5c",513158089.628088
"f45234a3f0aceb12341be024",986986731.546165
"f45dfcffe189327cb0d303f2",1115648619.5605
"f45e3be8500d7bd91cc8855a",589067559.531673
"f4635193372f669612744011",1051838106.48604
"f4658aee77fa0e35a71da7f1",748474628.073246
"f46d46ccc7fc415433e471e4",573077132.710347
"f46f5e911c6c595efb5b7ab5",769619195.074581
"f47c64c8ee69e744e654d4b9",685190699.025788
"f487761a658a4247563faa38",818061835.839036
"f4897a8a0a911a2acfb8e8c7",1271050229.25841
"f48e503ebd3908838c1f2ae6",547310808.08064
"f48fb9d9c42b0ebee72cfcaa",690711422.458054
"f49045b312d12268eefedcba",703802819.911241
"f499c1513abf0b05aa1f460e",1517612000.14976
"f4a6ec71ad7790df9578324f",645385359.483227
"f4b1645da3f4286e39f2fe4a",642286578.712244
"f4beded3c5ed9fd6cd5177c0",755752556.826455
"f4c118396d781c140d8c9b08",715526992.120689
"f4c6c3210a3c2eb935c6d5bb",1162698769.66832
"f4c7cc4a249ae7037aa0b35e",589077729.120376
"f4cdf3ff86fe70fae3e59f4c",601542499.053879
"f4ce15aaa352d707b68cf773",666363904.769912
"f4cf541f02d99ea1851b9f12",673457758.074947
"f4d53276bdb5899c6f059c67",846593079.94523
"f4d6ce332121f814aa663fca",790749289.145687
"f4da2c8dd901cca9cdd51025",794554265.987421
"f4dc67569fd340be3dc592d5",588771484.380667
"f4df4ad4366bd794594c111f",803994706.802834
"f4e0fa1172c1d4b70b6c4d73",832264388.59172
"f4e646df504728ee1e6ad0d8",658472747.303855
"f4ea9c80fe71a1bd0b692475",842934810.713802
"f4eca80958b7a22922b0efa1",706633963.150432
"f4ecb15ef992a677e8b4fee7",527010596.764667
"f4ed8924f5d1a3e6374715aa",666486832.45303
"f4f6e48b618064ced466c302",584748874.042949
"f4f7bd9d03eecf35e9f37619",820296893.619359
"f4fc081a112f5ee1b3a09e70",749579714.191161
"f4fc2da675d6a2583054fc56",443980588.777201
"f4fc67d9b9c6078003f9af35",717353161.235269
"f5006b435fc92111d55c0603",393086196.741585
"f50941445773dd62e87e0416",1154792405.49238
"f50a72cfa82f3742189b7fc0",1089653138.19649
"f50e0ea2c3831235704b8c72",699405515.050655
"f51000446ab65417942e535d",827426224.490533
"f512fde4fa3f1f7fe885de83",803219543.052139
"f51658b9fea670bd943d6db7",901278671.076792
"f51a78ac4b03665561552b0a",821690426.276918
"f51fce25d8376d48fbe73a43",729399227.522781
"f520fd12dd3ed32ba78d357b",811259904.136722
"f52226b24ca3d5b04b7cfcde",1141503854.97338
"f52ce56f20251f018d7864e0",642481341.916294
"f53efb47de2bca5912ad7517",968633988.901751
"f53fe605b0a2857cf3facf73",850894049.081982
"f5418917530b72c9fea14f66",488879712.434108
"f548ef815603ec44f4629a60",1295225376.47401
"f54c16df774e70d49355cf4c",472458255.24741
"f54d358d26af89636906f686",1208460608.85137
"f54dbd8f0aa752f79c581e5c",992749833.411592
"f550bc7ab5992a6fb48eb60a",1089696917.64478
"f5534949a53bef05de31b07e",794423297.610963
"f563f0899884de7f9bdab405",957684711.876106
"f566603aacc78da47a283804",736924584.937827
"f56bca5bebfc765162c8cae0",1233707505.33909
"f56d8f5cfaca0691c6ffbe00",730600925.890783
"f571f85be35a72b2ac358d27",597117124.466502
"f5741fdd9f509d3bb02e35bc",915765700.166579
"f57cab248d2d832725d78135",711553461.398521
"f5802200af1d28eb48466c1d",729194434.858179
"f58528d3ddce3bc6c71bfce9",779430992.625706
"f5896513d1cb044108d23785",1131060104.21336
"f591597c9a1ddd9852eb3cfd",887328154.604992
"f59686ef2740247394547078",1232079538.77151
"f59b9c03bcd4e0e06d23fb47",748981755.544304
"f59ed9b8ef1726f1a55a4dc3",611498453.761526
"f5acbf43add5776430d8d4a9",705320761.162755
"f5add08cb615eb18b3153bf2",1211669101.7847
"f5b0b51ed49be034c290efd2",1083386576.45015
"f5b9cbae30356fb3a1d005c6",971325252.623491
"f5c79a564600bcad99c74f03",566843589.906453
"f5c866d489889ab2f124799c",994360507.722239
"f5d529ff6a35fa78ab14de21",538147326.441645
"f5d852e25d51377686c43bc8",716267477.735204
"f5d9d8082e7652e97973e0e4",1365881936.15153
"f5dbd7dcf63b08f711561e58",1071773282.63029
"f5dcdfdcc8f414cb7a38309f",709212651.349941
"f5e7ab7c2edf566fa22501b9",1302375492.51374
"f5ee97750fd4e04eafa9d1d7",738189066.773151
"f6013cab49ef9188aaf87972",842629640.679315
"f60d9f0751a14efe41be383b",493907336.179852
"f6173e36f95ad05b8e94321b",947989256.113912
"f6252e878aef5f8a641c3d6e",553903713.432923
"f63608198bfcc858abe1ab0a",713194854.170586
"f637a4885488bbd499199148",975157673.346202
"f640753edfd8fb1a995f1de1",763560708.582116
"f640eb21bdbb9369acc4e863",652030428.663884
"f64d4e029592761bee698958",615097778.73533
"f64f642775ed2c9f45aff215",909563087.826893
"f6503aab62a68ca16eba3fec",1241280442.83125
"f651cc17b051c962e4124795",891750082.79786
"f6544a1c169aafe6c8142907",972451296.816228
"f655ec98cd42b0bf2d7cfbfe",847563585.991269
"f660a48b0eb17e98dd77c0bc",647536786.025414
"f665a58fa8eda69547c1a159",831558005.671872
"f66bad2cd4b09ac29f540f63",822965500.601989
"f67028acda5ecaa4c8781ba6",691698674.024476
"f677c51266f5ada9e23f20eb",445548830.915813
"f68b7dfd0579838324895097",1147392053.72967
"f69962045e9aea6b8200888c",534045522.110389
"f69aa18a64d8b8494fd9fe3f",463859496.439226
"f69e25355ce3887bb1078fef",709194802.841677
"f6a12c0f02fcff1be042ed0e",893647133.506401
"f6a5c88d1bca87c1e89d8084",1399894275.43876
"f6b405af32c398147475dc9b",779139904.762236
"f6c1705a83c039f7a7d46255",780941924.565315
"f6c6eb3fac9658c4951c4222",582384026.506911
"f6c6ee12e338b1f9730b6e2c",614191836.60641
"f6c990e406b3756ee39b3b30",750473071.770682
"f6ce37c42fad91fce47758aa",524010958.945825
"f6d2d31af94a6a73912dd9f5",977360830.476424
"f6d3f7e963c9aa1783b3adab",648749403.446831
"f6e1752b9f4a0a3c8573910a",789318388.628751
"f6e74a4b1e026352e5759b2e",604454800.76769
"f6f4a467f40bace72ecff598",1150146828.59628
"f6faf74c3f4e02a6b333b7af",927536951.976763
"f6fc3807b54d8c69459c4f64",512036050.892796
"f70ac0d227db6f5333aa821e",591214133.419619
"f7101a05db93cbefd6a3b31f",450529011.064535
"f719b387fac4f688b57dc646",994499660.573379
"f71d2bca0c5fe2720a1544c4",805673117.735421
"f7216fd19f41ca5ea66a9169",560218029.133971
"f725f6ebcc3fdeed22bee385",647648368.890852
"f727924f0f35ec9fb58d0c31",466037885.042224
"f72992cff50931d2e19b3ccd",852131229.855319
"f72cc14d79ce15491a96ddfe",1026381574.76436
"f72e2f6cfbd32d97bbff3ac5",789185809.064913
"f72fb486fae49fc1de1fdcfd",911868149.273203
"f7399e57df358ae7adc9e08f",656165961.178231
"f73f720abdfe4b5adfa2bcda",666160563.442864
"f74eed3a7dad1bd8d92854d0",857407770.842375
"f75009356c700f7da7106cc7",736197293.228804
"f759f71e444c16a59187a067",1117569943.29185
"f770b66579bf2b55a714c43a",882664278.718013
"f776a4e0c8c82b3d29756b34",1253099115.29758
"f778fa43c92344cfbd700432",795632135.727554
"f781bb1ed340e08b23258ceb",479714996.931957
"f7847aaf1491103fd931aa5b",1305738248.71762
"f78886545677e19e472fd0c4",543620875.140566
"f788ac4a8b2a6dc11c458c90",749321161.302611
"f7959842378c94c9f620f561",1024788122.23839
"f7972b1936c6d9e95d3f632b",997483480.513692
"f798e7105aa8aa66750a2c85",1009668545.34578
"f79f0c23b5cb96b5d022582c",556858902.077202
"f7a7281a19733251134364fc",882749256.302731
"f7a79e1211fc72e06a3a82b6",1367076003.24754
"f7b7e298ca8fb75e11e92999",502271445.775701
"f7d11c2601959921f536f804",731981549.366117
"f7de22825945329521642f49",680335809.803894
"f7e5bf5b0f6157ed1f604d37",375460435.972472
"f7ea437311c0d217b0d572b2",560721306.133397
"f7ee7282cb9edc77740f392b",1120749831.51051
"f7f00e13da4910d724aba4f6",541294101.840863
"f7f46ac9158f0a1edd01709e",944897249.197453
"f7f8607535159c82dbfc6c14",496825164.357168
"f802b026db4bf9d68cf00b16",387260743.614284
"f80b20e0649dcf1c16003255",488520876.670544
"f80b9e8c51cd71c5be281652",394968202.01039
"f80eace37237614562f942aa",798019734.430216
"f81107599bc083fec4a13ca3",927944735.152402
"f815ec1a63e980717c9c3290",576728016.7915
"f8189811dc639d760937df95",487884206.046718
"f81aa0f575dbbacdbdc681f9",786012345.151474
"f8232717e74332384075dde8",471982051.362528
"f823f6d95b4340e8e4dd0d57",594501083.181096
"f8243b7b679dfe8303180d73",1152508430.81636
"f8263893418eb0752dae48f3",467041176.649336
"f82adf71d17c261b41a5231a",797725564.581988
"f82e1c70884ee1285e1bc491",457948804.681229
"f839de5370a225ff993f5b2e",728420595.292952
"f83f29f28978d7dd76cf5942",791975483.274837
"f842221d74340270e757fd41",892079725.258472
"f844345b6224bc76bc3c6f91",462065756.875417
"f849ad486e84a82190675b89",876197725.824393
"f849dfccaa8163d24ed935e2",993342279.466041
"f851b02d18e74610a900bf14",1023031469.9383
"f852e0f3fb8563ea6918164f",1150682958.51981
"f855725acc115bbbf03bacec",1245609220.49845
"f85d09bb2ea40bd4b68465da",1068790226.59629
"f865411c20924c43a080794a",961207519.404569
"f865cd15368fefd8c9d6aabf",864196705.491825
"f86ab537a2f5d8c2b223574c",784761957.768499
"f86e80b2a831572b85b04e55",576896060.111415
"f872f224d2af413cd104f24d",711164584.078951
"f8731413b0d976c03b7e05ca",1188102840.07247
"f87c76eb5071c5b309e3ac3a",395529432.545347
"f87f8003f15b0fbc12609514",623877151.124761
"f884247fa6414f384480bf38",654966254.002753
"f88bade1cb7ee0fa643f31ad",800861200.067849
"f88bb9c5a471504c13d3616c",594707278.663316
"f8948886cb4cb018eca25d19",492411706.025949
"f8bb20be599b79cbe29f36cb",1157595372.77038
"f8be64dc83c5923983fbb770",766424451.686313
"f8bf37a8f81a310e299385a5",685489675.924115
"f8c787390e4c6d2e99fc7c3d",1003853491.19998
"f8ccd21343b112d8f9e7123c",891228427.143638
"f8d4ec209ad5fa5ba4a68e56",529645395.299256
"f8d64df401009704c152bcb6",737811536.005524
"f8dc73052c66ab334cb7be14",692127100.997919
"f8e25b7d7e93c45df1b3a4c5",1378807733.68677
"f8f217756d32f31faa784c2f",665470842.902411
"f8fad48343ee5134dbae918f",703929615.372504
"f8fb6d1b0dafc28920393dab",958519222.890496
"f900f7a9c5e2ea51689e8992",980590662.393797
"f9038f7e24e0a29bd9f3e24d",1079724251.58212
"f908e1de4c4be0d77411a998",797030618.805701
"f90efcbfcafe544674c02586",786411031.56437
"f90fd39477c8da38e33ba0fb",974041878.180897
"f9158cf51f5e9f644349a774",427222029.840833
"f91cc2e5edcbb704c293084a",1089083488.06615
"f923bfcb8cdb543c23bafd52",823930962.310943
"f925a05397ca6163230f7ad1",550420258.278399
"f927027bc766ae6c111fb685",482457551.746372
"f92935374a7ef86314223c5b",1024008193.13707
"f92f4d135119fa88994929ec",1167295179.03
"f9379319f992cbadc43b9189",804901177.928912
"f939b7271c4d399a5e647f8f",767913500.288743
"f9402b785deedebd3ddbce6e",810427108.240344
"f943cfd29effc9c048b8e106",785831005.437526
"f952c40e24c9df4ab2d62017",795651247.003019
"f967aa89a4440cc1c44bdc54",624951274.986238
"f967ad5e086f485c27f09990",1079818117.00954
"f968e756cbe6504fa0f32458",847873201.494072
"f9718594fa52500c16e3cd71",880627898.010512
"f976ec33e004b2d4d32c2eb2",794105504.026464
"f9793063f561dc76c0b49a9d",1067544268.8716
"f9796e9d13fe1becef435e54",854407727.60704
"f9798cc6285c9fb3ed7cb668",762498987.415471
"f984d34c8f27e3cdb7c2a44a",849887724.509955
"f995364cc33c431b3c93db45",722729900.422045
"f99adfe85d32b0a66f4d483a",845694087.815834
"f99bdff027d28ceca0caacd1",1113777296.1413
"f9a136d7944cb7768b598a88",853611915.917942
"f9a802cbc802d49a087cf23e",1523031311.78919
"f9acdd3fa50068bc0180d008",874417806.5655
"f9b0a27bd3619ae88ffe5455",723978153.854807
"f9bca38d3e08176649504e74",823840595.142331
"f9c11e980254045d7478f273",1049736968.45421
"f9c133f7a12f2b8c1b2beedc",873176673.561145
"f9cc6760b1112ce5197bf399",712971942.094324
"f9ce5b7edb104d4e8407a344",482293463.375593
"f9e6a759b069e04b0cbf0182",880813977.037753
"f9e7582dd99d36bfada56249",1021707359.01258
"f9ef8fcf24d28ce11e71d758",1460639490.27178
"f9f5fa4ad495197a5c9b492c",422422823.484358
"fa00e05d83ee890a38c3a686",869790370.400133
"fa0aa00078cc178de0cc7d96",715251705.928043
"fa1533051ea4145f7f710ed9",724493650.247254
"fa29c89363ac9cb59667a43d",819594515.404613
"fa2c1092f17ce021964f8953",665129091.421555
"fa2c5c19c86087f207c379ab",839141090.357904
"fa3017d74586eb4c3b5b7db9",506066904.777908
"fa3ee96e6b6ffdfd00aa335e",1310105987.6981
"fa4028ad48fb2082d167989d",608505291.335034
"fa4af69aa064a4306cb110d0",1050272797.88686
"fa4f331f05b1488990a69ec8",1254486750.1533
"fa4fd8380dd2620c672facc5",791175256.755979
"fa5234ddf23dd0d9cbd3cac2",692060123.721311
"fa56058283c975be76d7c990",735139235.225143
"fa57f96bc6affd285d10c4f9",481010214.708551
"fa5c81237a94f2f78f05977d",914198040.778599
"fa631a714774fc22ca15ec10",1022851556.34326
"fa653848d69ce620a41a73ac",1048364688.44716
"fa6db64bd7cd8b0f1c0e2453",1062582090.83437
"fa6e53a7107c0e33e3d505d1",936742541.105875
"fa70a55dd0e2053a1b566de1",393038216.697531
"fa736ec3f2f066cba4328908",755735560.736508
"fa74fbeb90bdaf8eb26f8329",785946215.61239
"fa823373d2e7fc9443ebb6ff",657764893.840548
"fa84c07cc90e2a2058b57c9e",988297336.894369
"fa8f13da6d8be3bc1f05fcee",691943764.764231
"fa908c8dd43fcbe9f721c0d5",1123994991.28212
"fa926bec03068764c8545d41",829878600.315524
"fa9dec2129f7218b4c4d4b35",855349859.974468
"faa204421a94ef95b79eddf6",665593605.837671
"faa37a79a1d72e4b8b0c80a6",1084090366.01454
"faa72370e4c7718964930805",664541046.558324
"faae4324336f1211ce4c7809",826380208.546002
"fab91f0b03598c943fa425dd",1004026108.10303
"fabd2201750747891eb6af77",1047200786.87386
"fabe0f299a4e4bc6f51d54b9",656659824.606311
"fac4f0bee67523194fd4312f",536218874.294281
"fac651cf404a58f24dc7d286",1244139741.94794
"fac682b61b813044a3e3ad01",1059875182.15002
"fad033a3c81708df7b6ee73d",844926238.292733
"fad4ecc419fb64b3f77971ad",648220223.939015
"fae37ecd6046e53ea121b1c6",815811170.575414
"fae53fba5d405b2e6a3abf01",406724622.86713
"fae649fc7256b9a3ec036583",702594432.504816
"faed63c1287896e97987c4c9",920239739.364777
"faedbe92e3296977872a4aeb",1677070491.46934
"faee4c33e892029b79b63742",1009156720.86458
"faee80ca0efce20e731823bb",777257825.19964
"faf872c4bca132b52dec368c",793643401.658031
"faf92fbca9baf8cce4a00063",867107921.665928
"faf9f8aa50d936c1465e880c",869338419.373126
"fafaa5dcf66d22bff322c72e",634322173.851774
"fb01d990afd25ef96ed048da",1206284616.805
"fb0664d59b6333ae1861f343",673239388.442264
"fb06aae0e711d628b16eb910",770937288.955377
"fb0dbfeedbab00cdc7eb93ee",842460575.297733
"fb10f3b45e865b4626f65ddf",709368896.394801
"fb14ddcaa459b49a3b30eb3a",921278492.041272
"fb338e93dda9159476b8382c",422342540.44919
"fb39ca089d05381b3a7ba847",594605415.003561
"fb3d29813052141c015669c2",1005864780.34051
"fb50f2f13a30fccc3903577e",1228599607.76619
"fb63e870ceb7ff355299f3da",699882070.823608
"fb672b4cb1b66f2022f36a40",1025383751.82874
"fb7048ba61e9e6b1de829bdf",956932546.204895
"fb7154b2dfd2a48c13ef70cc",839582888.3279
"fb72b8e0457c0199e158e599",915972441.958002
"fb76da6072bea5801e407990",517891220.883671
"fb7bd85c05cd74d945d22de0",475479379.860287
"fb82175fad61a81e9b665fd3",1124111471.59141
"fb8aa6b6c5d2499d404f3f73",864677842.237932
"fb9371f86ca6f4e62ae374c3",607947813.820854
"fba35c04cfb7b6db50cbb57b",940410773.261825
"fba6203abad5f4b3b721f29e",577983971.241072
"fba83f5feea2522888377066",464330012.4964
"fba946e4ceea37176170835b",658468131.812074
"fba9ae05a6a8a9e0c6268a9f",781513783.714371
"fbaf74ce4c2c6e88950d3fdb",1098715031.63253
"fbb0a76f05908c118f7a3df6",661402548.113409
"fbb89795386c14f5088fccdc",794706377.944104
"fbd613ac06b6bf20d76822db",632195583.961429
"fbdb9caee4455e99259cf921",720794687.14124
"fbe3b74f9e11c829d4dc69d3",1228146440.59791
"fbe555f6bd0edc1bc950d9ea",1281330105.92644
"fbf8b0f1159e89428778c847",636648745.398649
"fc0572d7185e132770c3bad7",784761957.768499
"fc16776abc877decb82a5954",1207364779.90218
"fc174b19baedc11f78b647d2",1220857081.07348
"fc17f35d300be9680971f95b",1134835892.69947
"fc1b713d5605b0030421d5a2",1008313845.87822
"fc25df25f4151a16cf0c90f8",1141446927.89737
"fc2ac43013ba8ab17da28041",1287910231.03477
"fc2ceba651bc629e7f690849",893647133.506401
"fc2f58cc289d29fffe8a5fe0",1012128312.26189
"fc321e2d9b4e954e80805be2",776704787.874475
"fc43df7f26644fa464ecb090",648236699.685996
"fc57fa9bbc16d1b8106c2c70",1305171261.56367
"fc5e8e45dd0a338ab5835428",733823470.957794
"fc5f41aad1b4bdcbd8298037",687521159.120064
"fc64387d7c3c91a6e6e876ab",610550096.129371
"fc65a77fbdd07fb490ad870e",820755598.234114
"fc6616c62030a53d2aa46b12",784719880.844705
"fc72e535900c592d6053b806",919161249.742367
"fc72ebf9381496067101da61",666956094.277731
"fc762d2d172737cabbdfcc75",882071435.377647
"fc7e93bffb7fbbdebebfaa2c",1266321588.97934
"fc7ecefb27bbb5c3e25e899f",584857257.950871
"fc815b59cce7934f816f0502",1109455636.86277
"fc8836e71725949c5f3fa7f7",1439657312.45368
"fc9151dd6f8850502c747bab",872017121.854589
"fc9fb2f209a4b5e66f89712b",901061841.585533
"fca1c40a338288036b1eb25c",1105316968.53449
"fca3a0fe5db369235960d285",479714996.931957
"fca6d7455056792cd61e2ddf",487530602.285222
"fcaddcc78938f3a234dd2d3f",531670351.937152
"fcc4c878af8bdbda6e1fc86d",1234879126.87456
"fcc6c3c10bb52776accaf06f",733894395.752106
"fcc96840d952d32a7300366c",606362019.357028
"fcd7c10d81aff25d9233214d",650695929.652384
"fcdbfb9e15352cf210cce7cd",669421109.159039
"fce26c7fbf0bc93937ea5198",692109035.607629
"fce385656705a8f4389cbb6a",828985518.284694
"fce89a9ffaba32f9f7c5895d",1254486750.1533
"fcefb2186b13c8bc39b17915",1076351675.1571
"fcf46edf6d612ff1f5ed6134",903142637.029898
"fcf79745f8cd716d3ff9d27b",716565051.092065
"fcfa51e5eec6829b9f4f2c59",467698177.042829
"fcfd6f08490be39064aae41c",794320645.495536
"fd0c010fa0c4b84dc75ede86",1071503975.94618
"fd0f6c0b5234ec1f6c7d1fd8",892307208.09584
"fd1431e595693fac0406151d",409298168.703728
"fd15189b99da46b098a949e6",707115526.06315
"fd19e1b2e61f5efde879f6dd",989175673.865551
"fd20cc372715855081e24eae",938827345.622553
"fd26da8e62b5d1155962f0c5",742266328.817141
"fd2dcbcb8a31e97f31d22a53",801301097.642219
"fd2efcb61008dc9d11756381",936742541.105875
"fd36cffb856c2a14982a5fa9",570935323.522712
"fd41747287a480d5c4dcb56d",1234162724.45482
"fd45b984efcdb0b434033fd9",602977550.701063
"fd4ce3ddaf79d1b97043ce0b",1365815741.99618
"fd5758238e7ec91e415779f7",882039870.403728
"fd5793113661540ee34b8cb8",855100134.655302
"fd5ba2795eb7b5fe338d6b4e",751777210.500672
"fd6112c82d5808311b08e29f",959263761.240633
"fd689e54d5c418dc9f2425e7",1035431829.04899
"fd6b2efe5da2c35058333bbf",783572449.396759
"fd6e9c9ed7679485dfd0b022",911535686.12285
"fd77ee8ca0551b5b614b40e1",1086865711.59633
"fd7a48744bf966e417f34a51",1170130355.42161
"fd7b741b96080ca5b964cac4",925918355.206244
"fd7f194d9929a6f28ea57cf4",483582753.171593
"fd81506b0a00fab1ff680b64",934284315.347159
"fd82c710aad91bc90af490fe",951628117.471076
"fd8b9540f1e9da778d566d25",398502220.524962
"fd8caba10cd4d1df27605358",686520809.266945
"fd9ebf37acdbb0e4bffd2fb3",611607287.121542
"fd9f78fb2d2f4d01e462bcea",1182564415.13066
"fd9fda1abfcdd1066a177e14",786373087.929088
"fda25a0b6b9f62f92e3ea6b8",23356682385.6421
"fda6cee77fbfbce6ec0eabdd",824547168.771223
"fdad0c86eb89fe93633c8571",629492727.368492
"fdb192e57e3e48f70a492b87",876135491.117967
"fdb1cffa6b7346fde667d72c",566981089.280452
"fdbc74fb5882051327b3caf8",644295568.247214
"fdbe5801070756d1744211cc",961991417.605631
"fdc00f6ebd155e84a387878c",619100511.738355
"fdc28a68bf8a5bc86288b4c7",762803552.232233
"fdcf0e439ae8b2ff5730680d",730867380.588502
"fdd4b5fcf9ebadf96545038c",1126029029.2825
"fde3d4a4a819b1fa40530238",727950489.557362
"fdf103976a39cc12f5effaa2",609889119.088686
"fe004acdfad6ac6b00911ef0",779441387.227531
"fe0182e1795e2b87eef4bf41",703241568.147955
"fe2bf1f402addaf17a213030",759929306.001667
"fe2f1459eb0a380dc31e3a4e",917010103.193382
"fe368a7d2e09fe88b1b972e4",568021943.116548
"fe409f9ea8d18c9d9ba4d02e",530374991.397314
"fe483817d899e0044abc3787",768223049.563396
"fe4a6d7d7ed28b85c5816fa2",1082856085.42787
"fe6c19c6f54606a611d412c8",578902763.588794
"fe6c8cd2e792d62a4c324da5",518090788.571587
"fe6fb32f623a9e3d5586a8d3",684445881.381945
"fe8305e287f6a8e7899c9459",832219024.320031
"fe8a10fb4031669a9b21c919",997870250.854609
"fe8a78de9ba7b59a112e0046",527735341.687866
"fe8ab5495cae81b5478026a4",594660148.509643
"fe8bcbd17b16ad023a202843",1138752929.68996
"fe8e45caf7605fb91d6bc5f7",846964054.52591
"fe96a7d758a874b1f0c42145",612217139.251708
"fe9b6a82fcc3266ddcb3e36b",1220181676.34061
"fea142787b18327108ee8929",553147613.210847
"fea5eb95dfad452d6786b042",621949253.213387
"feade1f4b3b06fdc12ec213f",882090956.234206
"feb3384733ed8feeedf9ce8b",950858686.980847
"feb87029d5a2e8125e165bef",585425022.583016
"febc9a1b054671445d756cec",603470290.040764
"fec1212eae4e6369d5555d8c",990611444.336629
"fed1a50c562ffd7f30451adf",1022586211.61839
"fed1a608e3c0f2b79cd02ebb",660173513.929642
"fed2e1459e9ccc06943a05d1",1284993119.80945
"fed8f3bf4a2d7a426901706c",640328219.342842
"fedc2418db2353b7c97a260d",934972401.282125
"fede7e1a7a6f23338af6f40e",1012356516.76279
"fedf2e30e390f5cf74b27e97",685774755.988089
"feea3a2bd9f643219de51c46",613251948.676965
"ff03a8cc833d067d439b9903",958342432.380082
"ff058f978e97c389e7a31f6b",649257420.147644
"ff143fed55f12a0105f9f88d",768009226.28277
"ff1498465e4db86f4f652e87",526154849.682479
"ff185be4fdbe3790c72d00cb",593407803.589414
"ff188e88378c8e2abed8119e",657608950.615324
"ff1a7adf260e637bf316812f",408405255.624689
"ff228869121d053ca7bbe431",836618716.72589
"ff25ded6333278149f8fb68f",632249360.438394
"ff27ae490bf03513b6bb386f",1089696917.64478
"ff2897a56a0fd08996d19424",819868877.410232
"ff28f1a1ea72e21acb157f08",1105612873.30425
"ff29f12bbd7ac4b860909966",1027782240.37822
"ff3696c808d4835d6c7cc9e3",946997495.926289
"ff3b85eb538fb9a7dd03f459",436545136.338264
"ff424474d2d10a2c2a1c1892",544959670.209874
"ff46d9f7dd86b8bff7cc305c",733178402.946104
"ff54bb34225682d25c551178",1138384094.1458
"ff56b24cf15289dc6d14800f",873144992.442906
"ff5a27ffe7de039e65170f9e",741084732.822748
"ff61104cbeb37f077c565fd1",492320884.98161
"ff61abc1e7843e20b1bf8656",500683592.329246
"ff6fa86afbf9da2aa8eb7991",594501083.181096
"ff71037ec8e5a91aad6f0686",509682812.553074
"ff7ebaf86962fd0ab6ff41f3",701193365.718244
"ff83788b9f8db0297f6c0148",923520274.359037
"ff8e7294270343a00978dbc2",776406444.708389
"ff9c4796bc3ef18ae7bb724e",1032842764.96031
"ff9cb7bc0b972d4515ea3837",448694029.852105
"ff9d1cf7bd90c5e47a0bba3f",420383143.076608
"ffaca67ff9f0d7cbd5bbd295",1632854577.63001
"ffad647e8ee35eaea6378fb6",777365145.360267
"ffb510bd3f847f4ede255fbb",417833526.539614
"ffbce3ccf241890ec95104e4",692570564.756986
"ffbedc0873b99654d10188a3",375953813.555164
"ffbf6a54fb00029ba24dd3ad",487816583.409391
"ffc171cf73514bed077339a6",483423460.511949
"ffc49242bb0edf3e22076501",1278142292.94682
"ffcbce226963f10da8c53fd7",895738678.674033
"ffce0b151f293cad0a6f770f",1424073279.43925
"ffcf6794a400aba909383b41",987881000.690592
"ffd3d51ecc85abff64258e1c",798166949.362379
"ffd916080b1019827491de0b",1056619648.24734
"ffe653c61bf13df43fa22190",784429465.02758
