"property_id","price"
"0006c9478f4e7edc53d84916",467769149
"00076c8f390d5dcccc133309",852567717
"001399d3861c5792ccb8b515",1091068143
"0016e35cfd881ee2e37b49b3",669668830
"001c03f6103d35389825b62e",739632910
"001d77bfb387bdf0b53e9e83",808326579
"001dbdd202e9908ee42713a8",913736805
"00304df33a3c9a7e396ddd3a",879418265
"0037d98f6ac46a86e36def45",631495753
"0038a3b703f4ec779bbcfe6b",506537956
"004776514ad269b380581066",500783654
"004c9da9ef1b3b5e309e475a",610966161
"00571815d5a7f208eb3e7737",984296192
"00586a92b53f4a8f9f6b3022",754980235
"005ab848b35907e42aa0f4f2",1286694393
"0064cd1c55914cc8370a096f",455560172
"0083ef74db679d22463a1afe",660969891
"00858277a3cf4f31b8e3f738",595745015
"008c7a02d158f3b17ee8e015",516174185
"00a5133e7373eae3f0be8f2e",519861799
"00af33cff3ff7c6927306df4",635714005
"00ba709f184e70be13e5bf9b",682182860
"00bff9be2d524083e3b3149d",693180018
"00c1165df93a4cfe679f54e2",684655697
"00c75d59ed4777481a50cbd3",822779704
"00ce045307538da1b0bb7972",769865901
"00cea81b78d6007eb405d5b3",602470965
"00dd36caffef00fcde85b235",1149554445
"00dea98fbfbfeae74c513bb6",1072553338
"00e7c5894c739852052f566a",782407556
"00e80be4feb1e8593b7713fe",500086127
"00e9afbd1d27062a7bd40a3c",1196317878
"00eb120ba4410ed8efa24a8e",701222764
"00f2621035b1969d53f03fca",869857920
"00f5ba660a4fcf6ddb96220a",619196082
"00f6a62599f25ac506113149",1000421381
"0100b3a412accebf6a3aa4b1",421575020
"01018b9796a105be650ec802",995468789
"010e676743f6afc01fd0838b",992388598
"011a6d0f12ba108ef15076b4",398092950
"011c2017b63235bf0ed3f241",493155063
"01230eede2a4a74ec4ee5105",834372299
"0123237414f757b9c3809f88",825249008
"012b8d616667a6dcece0dfaf",750351010
"013e2a07f94a99323b64d370",1145543780
"014799b9ef7d5244fb6640ff",1171223927
"0152ffa8757aaaf417e9f997",818016538
"015d17895f32e2a8b616ca1b",723135686
"01636da0aa2bc223af023a13",645641666
"016bb199b12846ccb0b03191",877539120
"016dd08801ad1a1e7f6e695b",1345444168
"0172678cb0737e21a317eda4",393367988
"017487de3455d9f642a7fadc",800323926
"0181972aeb6bf451012a47c6",865074409
"0183b38955437e8d0128a013",1171741952
"019cd320e02a64ba3ba9a37d",803203551
"019f4a25794ef01294845b51",776293368
"01a5a230e8a808d844e64397",1189137212
"01abe3cfc94be46c1153c82d",865102726
"01afa737bcfa6b1ab530eb09",1023086775
"01b78983d268b52137e5ac1b",474158188
"01b7bb1556b5c32df8f618cc",716572984
"01cac7d033166094ab9f87b0",782117834
"01cda25ee8545b9fe19717ed",1220608322
"01db5867a69f8ea7849d69e8",1202226648
"01e033f5bd502c4ad398ece7",571230730
"01e907d7672006fa2bba8b0f",491503886
"01e9c7531cf3c63c04b9189f",641820841
"01eb0a2c1033c30830161321",713047886
"01edceb6c5afc2af1e129e86",379758443
"01f6c99999c154461765f4c4",643461777
"01f855427cbe3eb51b38288f",796312717
"01f8b6799e2910f7769db175",780028619
"01fb5931cb55f5308382818e",1284401039
"01fe5add1e7df4b15dd73bc9",726895607
"020473766363019ee40d6685",819285645
"02060d2f56e979a61427f806",646160903
"02091877f01c926c350b013b",493794011
"020dfae44183c65b708727c7",463232042
"022357a3d48ea87d58ffb46e",457930674
"02259637b8ef1311c69d3d90",1004857610
"02277f636716264116015dde",459053055
"0232a50c9afca03cbf4277c8",536660235
"024c5c787d005adbe770b9bf",524230145
"024d2e34a561efaf4811c17a",848052845
"024e94e72ae88464621539eb",804722303
"0252fcaf7bcde09274d34be5",768462034
"025a98586386211b1519f9be",454700637
"025b094e1ea7248f4aba72f0",377281612
"025d96090a8e5bd6f786e9b6",678170914
"026c6384ceba017c5f2cd66e",625496772
"0274166db611aabe4e946a83",550443574
"02779b92b2f9bafde0c75c11",593563886
"027947dd01dc991ffefc5082",425031192
"0283890ab76b10547b27e634",587243191
"02888257efaae858fdc7938e",652519546
"028adaf559a05c8882893767",918250345
"029224b78e8f358aa9c38e94",440368878
"02990998f3621fc5a3d0ee63",460740122
"02a0a38b45e1b196165b0098",673043318
"02a2ebb6eca5772e3526d78b",722561925
"02a9c37b3d92a6da473c6fbc",465451003
"02b47e60ab77588aff6cb433",531967124
"02c6e8c7f36a2c68851600c6",690853974
"02cb957c3db9ded3691a9004",699339693
"02ce5bc5d5d286a4cc0928f6",789510089
"02d598a32d864c289e3ba6b0",778750018
"02d5bac2567ee9e19041ad42",1237042530
"02d89daa77bb313328fe0c4e",564441400
"02e52d3895522d9be85c4544",553518121
"02e8811bff38125bcf8e1a6d",466901738
"02e89c055b7692dab024defc",509631720
"02e9b077d6cece81387fda35",632176163
"02ea72128a99862e9537718e",775926949
"02ed31afcba033953c79d95d",611645922
"02f6ffcfcdd3dbba94dd7b33",1097076847
"03025756be203027ab75aaae",563073147
"03243195c467c67e67a7823e",561159671
"0332c7ec0d3e547ec6d61664",790644389
"033307467830cb865a785e3e",629508454
"033521a46dae036839ad6c90",376360762
"033599f7e7ecd8d9c8cfba46",830538331
"033d3f8ff56907db4c453700",578864160
"03463535ae93b8b123eaba8b",749840783
"0349908483ce628a0a5fc164",1017979071
"034a30994bb2e0e446e35957",726844251
"0356797c1683d002bcd94899",905951951
"0357d0ee6e0646113ea543cf",597551029
"035c61042b7dbc7ef888d1a7",1252911698
"035d955df5a765531d1d0d07",814021911
"035de58d60807ee2c272ce82",1176585288
"035ea0f13f2ca01c902d5388",698186390
"036177aff84b1901e0f18759",476076495
"0367da7dc5374f1957a1b7f6",898327069
"036fc9e01b2b1e3ef4574372",823295178
"0379b6a001e4018c34e944da",693180018
"038272b33c075765464761e8",601059166
"038bb35043651579f443c481",806290704
"0391d158ab104c5cdba31872",766844714
"039a9029c4341b1528ca6b46",404065729
"03a84af05df0f577e09d60c1",603429845
"03ad99f1799f2a20c8cc0a50",697681128
"03aea1b6ff072f117ec733af",537555338
"03be8ec62dae56680beb2cf3",775791546
"03d54a6e80d48c96a7f6a1fa",541185268
"03de77e22e987fc3fed4eb78",905982808
"03eb8da7205428e61bfb2845",509670553
"03f518e2e5861002772345fd",393338306
"03fb5bfbc1895115a04e8116",827871394
"042bd2cfb2d33467149ece1e",852752892
"042ff73057dce4d92d383cf7",429269763
"04308f869d7c992ed3ea646a",685941941
"0449a82dd1667c8c564904f8",903278707
"044b8431b186eb022cf6fc24",754824715
"044e2daf937c0d8373f2e914",899424422
"045108344bf09b01b597e7ce",845985850
"0451f65828e628c2220df77f",922231896
"0460eacc73398bb95f0518e2",1042137069
"0466a7e06b152c1860d44334",869811247
"0468cf58f40372acb9d5fefa",870139710
"046aaa4162cd410e92b216d0",663535358
"047b0ded64dcae203a3015eb",710779639
"047f94605add5f6f84fc3f90",748489456
"048051ce9bf8f6a48e9451fd",1111603872
"0482cd89d767b3b7de976c3a",480512165
"0489a476b376f7f6efbc193b",390197656
"04a071d777e60627223e28d4",405414896
"04b28e63fbba92daf83865ba",855801229
"04bb7cdebb8b66e783058248",565496568
"04cc75f46642efb1192f1875",532182738
"04d77c8ade9a55fddd28b00c",777414384
"04e29dbe2175919265c82463",847771411
"04e337d3c692f3429d47aef4",780775421
"04e6a79dd3e4d8d17c8b5387",1289366599
"04eb0b590ce7483c615b043b",791494114
"04ece9352b3810031f3f9a90",740961310
"04f0fd25e2456759753bd2bc",599114686
"04f968f1873a655fde8702f6",462926742
"04fe204d03bd1c9876242ccd",845852070
"05076b448cfbf9dede72904a",780955993
"0508cd7bd2c77ebb6fea1e56",563449150
"0509650d34981639b9c64a22",696901607
"05119815bd72ced29391ba87",965854854
"051416c05445860d5b4095e6",471563595
"0515734883eea12cdacb7aab",451726098
"051d68945b95562009d4029c",728199970
"052505ca8210e5e651fc0b63",816954587
"052957f95b6e7b41bc625009",953511252
"052c93502aa794e0574db9e9",669794241
"052d00805b2602cac76fed4d",560723569
"05308c4f3d0e0887e4a68a92",693180018
"05397b2087e5cf381809f169",592940418
"053d37bf1d988505b5e91809",676844008
"05402dd344c77623fa053ffa",888483652
"0545fc14aece3f37864ced2d",742595031
"05498e49d0b875ae6aaddd83",539867902
"054cd21c3b12f165bd520313",775963811
"0553a3aa7d961ada6dfcd52d",578522807
"055d5ab6b22d4d0ac325fe73",673500668
"055d7c66464d7e327711b497",693689096
"055e29f236bb61603d4ce9eb",951966002
"057585ba19d6144408d4e2da",531021607
"058265732a484ac8d5497f5c",587858317
"05858b1e4445f56f22e1f4bb",777789352
"0587e7e1f03af8ea6c46290e",793943409
"05926b977b5df59857194ec1",576089403
"059516a91f938d2e8fbcca0b",863973672
"059aaea3859c4b9662ab4df8",407545939
"059d77736dc72013de7767f1",584472843
"05a98feedbd3f422bf063112",854585307
"05aecff6fd8d866c6c157a9a",817386136
"05b12b1916e51a804419c654",507330182
"05b71daf88eff5ae8cf5789d",694095255
"05bbd028f30492fc0a9f35d0",653510800
"05bcc7d7db8d352216a4af59",747557795
"05c47739fa4c4f00285a2c48",1197295129
"05d1c33ea8c89ded7391ea92",568992794
"05d9818d3f9f2a5c358d3911",944176030
"05db9fc492801eac98f69c7e",452143028
"05e06a93e9f01dd3984a85ab",505653589
"05e8878bcb68d03e3b656eb3",738184397
"05f79195e285c126125d258c",715064994
"060451a9e3e0416ff41d253d",817070501
"061386497cc2dede3ea70b1e",589914140
"0616401503f2ebc05af7ce4f",524938278
"061d3fd39da1b4b1397054c1",645852844
"06220a42e68510eccb4d790d",523105960
"062b36cb4a87cec372f9f91d",1004775764
"062d5544f5c96db90fa3a526",998608851
"062efee92601be294d7346a1",699316378
"063e53d45e5e7945f1f10fc2",799754508
"0648a4bd7ca088f4b3834401",883939407
"0648aae13097ac649fe714b9",729097447
"064c1cd5e94efdf8c7262fec",810972249
"0668a4a4521c783a2d817413",797652438
"0669fb98aed75d79f8decb7f",816026293
"066f1b68f7c053a196662fe0",887726912
"0685f2225b939147c8482e6f",429246662
"069499abc4e393fe540777b4",390186956
"069798704327652a899a189d",557481618
"069c529aaef7d7e0774c4a66",754583230
"069ddc5d1f3c855e6498ac50",407305023
"069fb1f8d0f06ac2fee87314",647621325
"06a2efde5244f7d653ddfb8e",671169906
"06a5364639452a9d663a2dbc",452646340
"06acca3d0ef4685dc055ffa5",384380006
"06b90d41ad3ce1d0d389fea9",675696106
"06baade01a74972cc4a419ec",742595031
"06bbc353bf62fda3b3786fd0",671435631
"06bfbccfb3ec0b1f65f4b351",1053334502
"06c1673c4a7444e7aa80abb7",520957218
"06ca01d3ff86406e896b6fa6",741756388
"06ccfa37fa6b011ac38422de",496594464
"06d33fff99a62c330ef2d585",585525178
"06e350e3c733e5a0afb613cb",589297660
"06e59cc783be86bd145a56c6",1039141736
"06e91b526821a6ad1372fc44",414453201
"06ee1d8f3ea326a0e3a9791d",719995094
"06f22f7a8e4e78f45ae81638",706736778
"070062cd1c769f3be9255af1",1176585288
"070543b03770991d65cc337f",895558226
"0706ce398b2bd64913e68d39",1065333782
"070912b7e5fb205918c1f4a3",413474545
"071f284d07719a3517c55567",812193101
"07284e4caec09fbbb16adf2f",1042562075
"072a6f084d31a5a4be4060dc",1007933125
"072efeafd082025bbc5a25e5",683819547
"073a3ae443f3333f0f526f7e",780467921
"073fccba71b28afd815be434",656937421
"07412230b931192771072334",754533702
"07481a101afc1d5db45245df",747624814
"075a5474294e25da55373a09",381264339
"075b5c16441d9d67cf638386",389423220
"075be16d8d9ed6831d139b2e",695005122
"0761d0b7c6e319a75b06d420",541226967
"07641db461323a5cfcda4f98",525498368
"0768e70fbda0e09b88c1548a",498363994
"076ccba20dac8bfcf184b8a8",762257353
"076ceb408227ab2563a663d0",373705829
"0775d831f68b88ca59eb871d",1016759655
"077659c14c3cebbe192f8247",1155172761
"077db8e0877b924d1b57ab1e",580972075
"078144699729ee0c46f36123",1027922231
"078f7c6532204fe046b13d14",912714905
"0798af235e9926b1e7e4642d",615286048
"079bc331430e94ee76f8097e",830433322
"07a6da2c9c4833ee4cbe8625",719998443
"07b7ba964a8e30dc16d66443",1185386707
"07bd45129563bd2fd974deeb",396237487
"07c46b493733d74c4f384b79",686731806
"07c753474a847bf2bccd55b7",707503670
"07c8af84608e6c9206ad6961",641704577
"07cd866c871333283ecb2d23",704302640
"07ce6f95a7719abc9a204b6d",874363465
"07d1137c1f0aaecbbad32f7b",672665738
"07dd30f04c5953f325df9aad",845985850
"07de14db9dcc2d4f9eac0dd2",1303458270
"07e76c765d1137cdd7c2ff53",461812023
"07edd16680605925192efcf1",745346428
"07f10df13b244dc33b464582",804722303
"07f24808e42c9e11a7c20232",712593811
"07f4aa9b9ff5b0b05d31e6c0",1008371417
"07f9017eb4b8c169eb9de536",1070978854
"07fa1ad76017843232107517",1176585288
"0802b7e10706252dab8db909",721461494
"0803ef3270948a30b3fee2f0",504404987
"080969c751cb94822aeeb755",408343396
"080df3efe1fe81f97e74c4c9",509263342
"0816f29a68aa35abd5978e7c",805725287
"081bbc273db70f1d2cc84ed2",757630251
"081e008e772c6a79b809a87b",770161228
"0821109831351eb2501e362b",1123140879
"0821fde7debf7cc445434024",416638280
"082293a465231208059c5d53",564581059
"0823b0dc92805ab05d3f8650",1202128087
"0823be832fff81b3f1291859",394594599
"0825f2ca4baf5b34231ecfd2",1036622104
"0838d0df248d723da4e25ea9",769303042
"083f05fe52ab15e8d481ad41",1120637339
"0842816a5ef4f24435c8df22",985930041
"0842a0730545c623043b1d8e",779576033
"08451af5a81fd6a63c4012cd",604923892
"0845e73ae95dbd4aec3f1f43",528593867
"084de1226de9a6f4a6075c2d",579087949
"084de965e32a2a65bd3aff5f",669794241
"08513fe1cddb2cad74874a59",457882861
"086521dbe18727963538aa7b",854232544
"086540702ba0876c0c05c5d5",1051248275
"0867853879129bfb46dae700",848052845
"0872074f7bd512dbd4609c85",438566215
"0872198056be7edd5eff220c",865590555
"0878a639ab8e6b6e69a3df41",944393982
"0878fd8b66aeb22f6af2d7af",553814860
"087b564ba475edbea431d4e4",770173964
"087caf4bce7b0a3fe3c47dc6",646855035
"0880b703bf2064f59f2bf20f",970434441
"0890a0d20f33b9af2bfe488b",509322845
"089dc5de66c6c4132734b9c0",843937222
"08a82bb9fbe4b7abb50cece1",589621166
"08ad96681afa49c74721daad",615933735
"08b09c586530266c14e611f9",612144641
"08ba99aa6a8ee752209de6ae",656484776
"08bb88dabf0070f72a801a4b",830577588
"08c1db1e620e975c4d476b2c",448348272
"08c61259a756e617d976e8b8",883976140
"08d0615cff29645ee70e20e9",950420585
"08d4fa42a34c74c94db5080b",1132822663
"08d90f931e7e0a6f43c9d0e0",733822818
"08d9f04bc4ebdc74e9d80b16",810044627
"08db0ce5cd15db2404ff3d28",664067191
"08dbbd8d672fd09463c061a5",507741862
"08e1ad8d1f0be0287a395ef6",636023070
"08eaca41f26eb387b67bf30d",1177234782
"08ead1ac0b9b30c2a72db17f",1100487116
"08f1c136d5a456c0215ebea4",973756563
"08f35bfbfe1bd663c40d9e54",544285593
"08f6bf438980d55b35ce7537",1096343026
"08f74ad7f06f2c409903ddf9",692201286
"0901e845b6c56d4761377a09",621393094
"0906b6a88fb1eb0d7bfb6bb5",483028682
"090d371309090bf83b6fe0f1",719815233
"0913364c688d7375d0f7af5d",408817630
"091f6342ad934f4e7f84045d",1085015967
"092045750c36a8945c526a12",590391331
"0920b2df9df4f0e509a7efb5",512032593
"0922cc27581d9058e55a2239",495296276
"09254c66d93cbbf2675b775e",916664606
"092b7b5bafe25bf485de37a4",606657713
"0935e87627068206f6d9c0c4",619453177
"093a92c6846c924f88ba8750",1032954473
"093c849ad2bea8292c4d15f9",1112269771
"094da6ca19427f1a943105f6",1154431811
"0952c73b02dd5432aebdf2c1",532631152
"09656004f0a7f544580958fb",1144147292
"096912698fd9a59d94935478",728421005
"097314d920292b46eab5dbc1",674236580
"09759befd8899fc1e359935f",823292709
"097a1a08a389439cc2c760f8",391064555
"098327587a877bd50df27551",523738133
"0996cb112fc3919564e87c37",1138360014
"099721566fdd0a32546fedbd",1011916118
"0997324f14c5823413463546",1212468497
"0998999f12dfdd50c597c6c1",936297571
"099ee1a7c91105ef46b5e7e8",607688147
"099f07f9ec4ff6d835337f86",520201688
"09a5fd22f920267b464e2a00",794484207
"09ac622c303bce9ad5514442",413846706
"09ae7df5577582ce7e7b0aa7",944481319
"09b15382686c42fd89b24285",1115062363
"09b18e3f3cabb7d5469a8d51",825631352
"09b61cf8ff3ff09ac892d073",537437798
"09c28a830f8093802384071c",571846612
"09c4d4b5d1c0118d877d5734",652191305
"09caddf25db3ac8e1a98565b",1069471590
"09ce36a03c52d6721bc5276b",626484721
"09d4b5b5c2f97ff88215708d",752576325
"09dcdf0b8b37c1d537b9fcf8",653357165
"09e0c3a1b90d46c361007323",613056115
"09e4397bf9794fe24d87d07c",747531542
"09e47ad8508e7cfee83c6d68",1055255959
"09eb808ca3859318d6328db8",704781769
"09eeb116cb0944a28742d282",846264147
"09fd7896d5445f422892b196",695446441
"09fe153b0027697e58bd08b5",370160502
"09feba43c0b8f3560fe09be8",1019990243
"0a00771ee714a2f3f96c31a3",625587802
"0a040fd24e23a77f0c58495c",817023759
"0a0e3ee960f60d04ffd6bc0a",859320311
"0a0f206f04bfb10c137388d3",1182444621
"0a199d5741b5a6213b39b793",626529247
"0a1af9bb571b90233856289a",451992750
"0a1b14f320e330b405b27a6b",1033345550
"0a1b1a3d68b04cdcb2d757cb",1123251819
"0a1cdd0d5c3c8b973ab1a98c",1061111432
"0a1e6a95a0f9598150c121ce",1238129319
"0a231779f131c36d8e6910f4",648468906
"0a268e25a5f3a0bfd8898a40",370884362
"0a2a67e8b310471b115c60bf",564223190
"0a2f7379cd1bed7d2d2d5a01",1027738074
"0a2f8c8ca6094e6626d4e8b1",786812178
"0a369278a1ef6f5e9d79e2e3",618841479
"0a3911a1a9284f2ff81689e6",595876649
"0a41279a5ea9b92bf8cb79c0",1116913436
"0a45eb817938241ca988c2e3",866630609
"0a482968c7cdf212401d72b7",704568972
"0a4b0a004c894654663bdcdb",980075581
"0a53b0b7c365879a6d2cce39",755726193
"0a5908a92d0ba3e36f54b1f3",473755341
"0a59b506798fb96edd7681c7",764336675
"0a606d19ae362a58922b172e",464857689
"0a61250b2c208d42a3077bde",1025486171
"0a6966f19bc2c303886ca82c",763134252
"0a6ade3bea1768aab76680ed",1126439791
"0a759932f763df64a463ac18",669869712
"0a7758f69ddd8fb27a839661",555718125
"0a7fb26822c2ca556f62a257",646866701
"0a85c354c48921e0ca202d15",1249946527
"0a8aaa78f68d43e3b1bf6c51",695992189
"0a8d749a2336d8f66a4f19ef",535802937
"0a9e4dd0eec86037a36fe769",932773836
"0aa1332c56bf357f492da2c0",446783914
"0ab4a4b8adda35f634812221",852498454
"0ab6e52af85ebf23432d7698",626848498
"0ab85344c5fe6ccb0edb6313",996260093
"0abc98f7ea1e477c6fe3425c",829800422
"0ac639a7c5ec115b3df8111b",709118715
"0ad01fb039a198262ec59b72",826934598
"0ada7044c5b29925abc90879",638079779
"0af13e27cfe9b8f237a9949c",654905935
"0af466463f2cf50d61315da4",796130688
"0afc6cbb60f34f1cf00fdfb0",922989173
"0afec1b2e7060b99dbe41a10",438128411
"0b06da0ceff947975cf8951e",917306913
"0b117f10e699f10f97a7e7c6",1016437364
"0b221ebf810f632568c1e2c9",595088180
"0b3021c156324d1e7974ce3b",1095419903
"0b35c4a3f20cc0eb751acbac",403743090
"0b42bbe66e438fa81a2ff77a",609035250
"0b49dedfb53ec812962e31e7",703321828
"0b4b741487c001323f508d5d",603757476
"0b51fb3a65a86d7799f27264",384805012
"0b54c51a787fe58bdf677658",1046468187
"0b65098a19c2fc1caa6577ed",1058236993
"0b67da6d74bb3998c80893f4",596126556
"0b6cd71df4dde546e665f865",669794241
"0b6dcb5c1952dcea931e2c20",632398815
"0b6f2534f862a7ef551a116c",699690980
"0b715ccd3b3e01444b855857",418998488
"0b71d334a6db66cf6f1a8eb1",951533336
"0b7c8732558fc04f4fc51ec1",717506776
"0b829c23806ff01a0c84e9a9",830357469
"0b937a3ea4864896b744108e",406924586
"0b9730cff49bcaeb4d703c06",796842724
"0ba20e953e8e76add161cd6c",421366449
"0bbd23df46a4ea4e4734b680",780754685
"0bc16b384acd3f8263e386de",942470751
"0bc8475715e42b752649b4e6",505406973
"0bcdef6d56052acd2afad93d",463281849
"0bcf7987c4b0ba485c44caf9",650717702
"0bd42f8ee9d36dae4cf35886",380658203
"0be57099d9c3ad8a16984861",870715705
"0be7803a34b11d89133beaf4",663239068
"0bf9fe130da23aea7142bb7a",743977566
"0c017cf9740cb67d530267d0",588705146
"0c068dbfdafa3429c71189af",499559141
"0c12f73305bc7d72bdbd9789",538705057
"0c19c54de06d1c139df99ab0",841605680
"0c1c0ba7d75dc4090b7183f5",1104900031
"0c25a552c34e114a1780739a",375082673
"0c302f1c924f8efe0b6bb58e",885107532
"0c37c0d27631960f9e0fda1d",793575226
"0c3af9e0e9c80a68acebd041",873893569
"0c3e734afaa6b7c370754082",904803665
"0c4781c598c06d538c5fcdf7",774939842
"0c4afcff5f5a90cb79807682",824729473
"0c5067ff99e15fcf99792cbf",844813874
"0c61a011d7fe0227be2b3575",793295448
"0c621256c4d7ca81045fcde2",639502380
"0c62d4d501a426cc8fde0c36",765905245
"0c7da0c2613129bc322b1da5",872854341
"0c85506b301862fb58b467cb",503124091
"0c8b133effcdbcd49d52add5",978595458
"0c91369119a06c40623afbb4",454951353
"0caa7856aca178f826fe90c4",785990539
"0cad79296edb4b18582dd77c",890215000
"0cb4217cde38e09571fa73ba",1041082822
"0cb6801c9b57e874102ca349",598314937
"0cc2f3a49dd703e7554ba638",872049352
"0cc5caa9b48a835c92da7653",922091987
"0cdcd8cd52bd1967dab88a5f",522791841
"0cddda1c211fcdce819d5f8f",599339929
"0ce068461fb3bf34eee000bc",556999552
"0ce9a7d4b0682dbbca68e070",757586842
"0cec193a20d720af010383b1",769303042
"0cf7a6d43221664a060ef681",815508430
"0cf7dd52e117832b4698b310",830320079
"0cf82b1128ebb8d1087b640d",1099880626
"0d00fdc440d7612434a6b91f",527276652
"0d027b81f8391d73fe0046aa",1001501519
"0d099b1e1a314dfd9aee5293",651167334
"0d0f8ce05ebe99dd3bb7b23b",759784301
"0d130b8bea4321300396fa34",1281483474
"0d173e7afc8f8babbef6ae97",1162893325
"0d1ef14606c58310cae371f2",424577385
"0d24fc1c5deb78eb1a0caa51",542094068
"0d2c4bbd8a4dbeb6337b5c14",524317887
"0d30768d188b6bb53d599ea1",959533768
"0d3245463127143a8a52014b",970937943
"0d3bc6532812ea618d154bdc",1054048835
"0d45e78397d4bc0d363be47e",578864160
"0d477acd9c95e9ec63839a53",529531585
"0d50b435188b7830a6949026",411545375
"0d53bfcecf0397ca27e5f78c",761504726
"0d63e52a47fa884e36f10810",639241444
"0d70ceba3aea278cb4a2082a",910295361
"0d7d434afcc5e93050e0b86d",1154142056
"0d8074979d302868c2534262",1060515266
"0d8b0ca08838d1dac052d51c",967595493
"0d8cda2859d9903f6202af54",533817911
"0d926a0b5ef567c627a7eb0a",1158834064
"0d95d756b838d3a319277424",531031953
"0d9616f0ac8b0c2e9e0a97a3",554946835
"0d995f0ad226dd21bc96ff6b",593164990
"0d9e73c14529fa3f1ec8a56f",633793950
"0d9f91cbcc9339146bf75bba",547738410
"0da10eb6093728074b34fb75",910601482
"0da2a849e0f83b17b006e50b",738391509
"0daf89cf494e0f40a94d3e5c",860561048
"0db51d4771623f5fc1026d74",513339179
"0dbe463995c605bcdffb133b",556423592
"0dc2a023fb6c5e0b92d86ae2",621936966
"0dcc222d83e1bf05f2c2c090",942772414
"0dd1bb83f0f18af30da139f4",697504887
"0dd30227247f145bae82f96c",1247578472
"0dd49fa8bb7be52b851c6dc9",950318888
"0dd510aaba8036e8fd9d667a",1199895731
"0dd795526c080e8efdf8eb0e",605488203
"0ddd21dcfe89f72e2246ed79",451794048
"0de34892fee879f449facb19",651426664
"0de426088a306321990cf60e",451533152
"0df87025a6351b435958ce95",1269338432
"0df96c81adcd6fbc2f7141c3",670390402
"0dfc7d77d3dca86a221fe62b",1103727276
"0e001ee8f27e1a2fffaa0225",1204998724
"0e04f84529d92f2832ef986f",587829068
"0e05eba6eed4e55e89dc5f14",1004301746
"0e0d19168609ac1d75253edc",504935877
"0e1bc8ba1953ec8c28e53b9e",691970634
"0e1c100d8e57de8296363d6f",471523766
"0e1c66f843e06f14d7264864",764976846
"0e1fbbe248919eb71e53ea75",606918856
"0e21abdf04b36e5f6a1fc337",1378114302
"0e22a41ec27869c8f83f9be9",1084606610
"0e2a5d040f6361adb9927388",944822424
"0e2d6e5882fd3b4eeb9ef286",662431125
"0e3067f71dfb9dc2e03bba59",531643447
"0e35349077490a01f25e2ddb",925185310
"0e3f82238c54e85ca4229977",652066351
"0e49eaa5cde9375b1f026820",625589142
"0e51111c47813a0b0dd51b64",808375864
"0e5db1a36a521a5d2912b238",612945486
"0e64230b70f4a227b444115e",847771411
"0e67ae9abf1e2b2f66a91a28",689761040
"0e694269bbff1e45395190d6",1233818242
"0e6c74a0056ee94b10bfa86a",709007561
"0e6dc789744b678028e74d56",573215116
"0e6dcbf136294f2a99410052",597079284
"0e776964ba3733f3ac18a7a0",728301929
"0e7dbec40eab1b3e5c6bc665",945019547
"0e97f66cf4208c1a57d1fb17",416582457
"0e9a5ea81f6d91038d8711d9",701859650
"0ea1a5d32324d270cde1993a",670854531
"0ea201bfd515584bbf72f902",1021398883
"0eb7c68fb7ea1e58f3e76345",879188881
"0eb8f10c9d5ded1b09f60baf",759831899
"0ebbe9d3831727f90d677ed0",1229609078
"0ed0dc77661be57aab63bc83",484468712
"0eda675541a035b1f620ccc8",1021742306
"0ee7273686a0a92fbf48a383",1100487116
"0ef36d33e6c378c946b8a65e",570876479
"0ef45eb4356e2f0331ad2457",911025148
"0eff08cf4bc42dd442a70231",776616339
"0f059b39ca45bbbcb996fa45",751659863
"0f06896d7502890175cbc4a0",936714585
"0f0df5694eb388d843e1f17c",512522206
"0f10d20cff5664f9564bc88f",1176585288
"0f15a78ce3ff90b6894fe3c7",607335624
"0f1c472b94feffc41f1caa44",484548966
"0f21ea53a480e4363b8d7aa9",724985149
"0f2913c5aa681a2bd45a5484",957254828
"0f2aa0d9fdcfe894caa8fddc",854900668
"0f2fb3cf22613a339c88f7e4",749023396
"0f366a36001c0766521b9dce",718603749
"0f3b424c398a8e8b53162c37",749662936
"0f44b84024412099f27439a7",507689079
"0f4765c8929a87746217e957",1186644188
"0f4abd70b68453d3500eebb5",434483249
"0f4b077de4ba5f5db6fb0065",649635947
"0f4de499e5bd2c57fcc75013",589914140
"0f601f5ee798174ea9d52caf",573111621
"0f679cc583a47b30ea132bbb",689899808
"0f728f676325ece6a001b4d5",527303571
"0f761aab549e7f6bc025ab0f",874496499
"0f7e28b6efb9d550ba28a1e0",769781163
"0f8ded86be8d3543a5069b6f",535304599
"0f8fa0a074b743c92f0fc56f",1301097405
"0f937643c067371018c8deee",1085770256
"0f9867abe3ea0b9c5363982c",934405272
"0f98c4e431100aa87e6fa6af",662436741
"0f9c26956bfe983c8c7fc227",1324859903
"0fa87864632b7bbbd161f879",582760848
"0fa99fd0e8cebb71a3bb0871",427071278
"0faec12daf0493a512b2fa0c",1252135153
"0fbc9e52ccf1b7ea8136cbbe",770052124
"0fc7d98f75bc1c0b782a328e",893602809
"0fca6767d8f442da1f8bc6d2",460841559
"0fcab263453a9f196468e552",951713300
"0fd313e5a0f02df07eb6b104",390832510
"0fd954262ee740999c31d407",422102220
"0fd9a2a99c44c9e5565fc17b",849135135
"0fdd03a2dfb18e323d96f468",1192515187
"0fe23ccd8e42605f4d9f78a7",366007891
"0fe3dbfdf25d4b013b842b51",555075160
"0ff24418ecb6888dd8ec734f",1265911032
"0ffbcf7d58378c85b4103c7a",549582884
"0ffdec8eb5272d9fe4775251",534312364
"10037227b2a24d9a72ced322",924605356
"10084cfff54a17bcda6f19d3",1137958686
"10092cf2f8afb3658ae475ac",548089130
"100bdfc998bbde3d00548bdb",1210830589
"100e9e2623cb0fc52fb08813",1100480749
"1014341bbcd2fd5775631f78",606027102
"1014d3a98e886e1a7358e29f",626842717
"102434eee07ed18268857a9d",965199457
"102de0a5ee4f19454b922b96",599772993
"1034b1af0331daddad70f3a5",446202169
"1034ee7a5160fecdb5e8c27c",655324803
"103687e73b0528ec29725f1e",489857107
"103f6eaf04b44c4013acf097",1019699771
"104722434c2deed04a901aa0",435222969
"104cd052884247b14d697673",564418126
"104e960974eee31e7e0eac6b",962487200
"10563c278e7ce8eb2066d398",813707147
"105bcd15e02d39f70ec2ecb7",464052769
"105d05ab3d5334b976e448e5",677574787
"1062419f9cf94418ba88b6b8",583529894
"106ad411e13ea21ad68e5f59",1276855358
"107e76f0c913e19217662faf",931342254
"107f29b67164ad6861cb7059",1034464982
"107fffd601a2bb7a3e4a69e8",755918153
"10970057efd092c98037498d",561243876
"1097d9a61690cc58a4b91e62",664067191
"109bb36f29b223a81dbfa340",1048079321
"10a650e8cb5425c97f08f68a",816258089
"10afe23f1f58f96422c97934",412862618
"10b7c99bee9a4a21e1f32d50",726455556
"10bf1c2d1124f6d8f8b9497b",720929732
"10c836c2e566dfe9edcf3d8e",1144935946
"10c94f25ce3f7532bf4f3152",921127271
"10ce9c7a0a58aad19778e5f2",1156362550
"10d01825744060a7b777ee4e",631652379
"10d0506d84d778da572ec635",623474111
"10d47d2c73f0ccbc97979bcd",536784623
"10e5e54ab66b58b3f41ec381",719085884
"10fbecd8de540f1fe4c57b7d",401473409
"1101f533fd18cae5d32c1cbe",700783557
"1102f91444b8e1abb636f1bc",980407102
"1103c663f6b5ed0309a767b2",477024806
"110539d2ac34e5180e3fd95b",752551577
"11075db1cf9899c8640e1b90",544285593
"110a2f124bad0f9381edce7d",995187525
"110af3c21ecdf156898c7c0d",1177813223
"110d49e1d79a3534e146b300",1170224350
"1117078fa37ed101e9120923",711407066
"111bf82100a6fab0c9ded743",738607837
"111d509185303ed970d710c7",1078261787
"1122a042822658cb504dc147",738607837
"112d996c4c0662bd13af3ea0",858085807
"112dce80bf512f3f24391d23",463624013
"113887ac25fbff9d30fe8d35",546891972
"11429e0923f804d7dc5d27b6",994539234
"114318a8e5822ece53ad897c",408584431
"11433baf7716402e8c58bd33",811877208
"114436e00c03b44096823522",829204521
"11444a88bb3b230b4feb5b58",728302127
"1163ab2c0bc8c998e121b922",462962375
"11723d1d472bf1a3fdd8b72c",1111828244
"11727589f7c66554e9114407",763109104
"11734add51785f1ddb999c5e",592259176
"117f37774a78d65f9e68f906",482718952
"1181e18553eafcf5edf6fa05",726159342
"119805b72aeb50f05d3a5bd9",1025743751
"119833a13f3f7df22d2b270a",591580921
"11a79681fb0a3f6eedf11d1f",705728636
"11a905e4e01e7d15d35cbb82",585795407
"11bccaef3431fc17953eb81c",1007933125
"11be39d287e5a8bdbecb5994",735626148
"11c4dba68fb47eb9c49df169",455979943
"11c86230e62bd2c9ba44131f",1241865457
"11cd643195dbe5dd4567b62a",1033114259
"11dc32d92ac579720303c019",789542135
"11df35a3fbcef34e47747e38",671713523
"11e36a3effeb0119b8bded5b",699769526
"11e4350271e9cbb37bcb75af",470594245
"11e6e5ee92c97e31d34db891",1180542090
"11f8f836e5626605ee4b41c6",1179110277
"11ffdf367d817b582d590db7",593256006
"12062de068acd322b610fcf1",807509489
"121cc20fd81d6322f56d5c53",571335741
"123106a60208725514f3a343",673500668
"1240a616080d6ba5459335a5",1125127636
"1240f50cf2d8ef1d8713e671",527081315
"1242d7e61857ba8ad285b6f4",1096445389
"124959d1429de095473bf5a0",555860247
"12501015fb631d7c10ff08fb",623211937
"126f4d890004b8035a7de091",1051541847
"12785f791e04b3a49547fbc6",992384953
"1278c9fd86258bcb435e7127",732636107
"127e08fa99afcaa339eff684",577308114
"127e197a2f70e7ddb5dc92aa",499363519
"1282e129e1a355b161621dd8",744291421
"1284d7ed08122731aa7c0461",411646971
"128cb9247755abf5f2801431",502960382
"12a63d4fcb56c1d690e1bbb1",569491334
"12bb70a95996dc6e286086ed",656484776
"12bf6b9badebc2902cc11c62",527081315
"12c7037cfa63de49e984a789",732542873
"12d1678bc86ccdcc8ad756be",1036978060
"12d40725335f83e2fb9b937a",851980279
"12d73fb8f4ca87b19ca46231",761653457
"12db154d9d29cafa574ad387",443684343
"12e32a758e15fbeefa255207",874028979
"12ed2c22a923c840ef616a3c",1155468313
"12f9d50fad58e4e40a187d98",1193516572
"12f9e1f78c630defe302f781",856104389
"1308dad458274c698b2fec72",496590807
"130a119701171ed3c439c527",656544644
"1310e9cafc0b9fc21c212f73",817575497
"1338e58f7dcebf5a1ea59388",522773590
"1340b0805cb34eb9a982190f",476076495
"1342c307971094041c9c240b",904882620
"13477d8ef90576ca84258984",436608166
"1355fdce5b97bb36da15734e",1045454236
"135ca1dc80ae4d9993ec46f5",649878185
"135f6f92c4ec95847e8840eb",593206751
"1376058cb128a1c7729cd2e9",795842235
"1376106ebc19c929df27bb62",773646564
"137baf1609138c6ca2715c7c",416506211
"1381c0399ebbf19db3a11820",573307937
"1382140d8fb634851d4d210e",1307479389
"138a1990291ba31024455eb3",1072337073
"139331d23d9e3c40cf083a7d",882442070
"13a44ce5066ce00846b59ae3",1100232980
"13ab6a062601d40843de37b8",614094869
"13ac95652fb3cf6c43dafc66",465412489
"13adc7946bd4e6e3e4416e52",394947206
"13b181b46359620191e6e4c1",404150652
"13b3a55d79b79ea89a73d21a",688151536
"13c39860029403ea94b5439a",1221389961
"13c51ea93d19df6c273a1502",559296092
"13c7f3592bd432c7cd0a42ab",641276939
"13c86cdff4dd32a9f8b9adcf",938309875
"13c9960a03a1c446aa5515cd",592931789
"13cf784fb3553f75acf25a4b",442872692
"13d08f7e14471fcf517c204a",448784663
"13d43933e04c3c7a9e5071cd",1088273505
"13dbc077e552640736267a49",364978044
"13e2ec0a12c8a48a753b85ef",466660817
"13e6c5cde1004803fed93cfc",576872363
"13f42390057bd294cd787822",686838914
"13f681a090b36edf38a4abd0",566044440
"13faa4142e9d60412abb4184",479154762
"13fc2dd1cd32d9cfa457a5b1",743582728
"140a0002732574ecc516e9a8",1027103263
"140c4de69883df9f3fb3a538",465761716
"1414ec3cdd3f6ab772fc7584",660960764
"141ac7bbe9637f9e5142135c",1030729875
"141dfd80a005f7b32bf70375",790007798
"1420543e2eb5f38e4d38ba81",1322236972
"1421bdbd9cf7572b799b732c",900434275
"1427aec89ee9564b95e93cd4",498732978
"142cf530f13cbccc3cc9d0a6",846468731
"1432cf7de2beb14fc7603ae7",979048108
"14331a3db021936067b15890",563369989
"1437d1f1601d26a3dca7594f",659734209
"143ca16847cc47d4a4c01ac0",590158936
"143f07eb2a8f0a9e26fc4c56",1292172100
"144162ecfcba71bf09048dae",728105995
"1441a28c376a20c90d72cfac",516101414
"145a241c80430b1e4ddebcfe",762971460
"145f33a8350a080231306bd1",726192151
"14611fccccfa2a6499b2acef",510349753
"146a5a4f3d111dc7b955ce42",947630925
"1470749d0d2551a93827e441",629881336
"1475cdbbac4aa486266e439f",758620096
"147de03212e554abbf3fc3b7",567483703
"147e7f5381d3c951fc446376",511842623
"147f80fbae69dd577ff19950",720529680
"148aedc984c7f6831c7f9601",489810272
"148b157ece514d99be0a7f93",416144110
"1494f223c9d3ffba26e42738",1075822467
"1496d159d31717ce254f67a7",449902294
"1498ce1c1bbe2e89b84a4a45",857345738
"149e49c22fa0eb163a36c932",652124922
"14a14706d405569501327924",419716014
"14a55e5887af840860b41ddf",372167692
"14a5bf235097782f468fbf23",541850082
"14a8134a56af1b328321cad4",582960443
"14acd96163e6b3e17177f35b",672461673
"14b81320fc31c7a513242171",431658022
"14bc234ffb3ff7f974afc8e7",461713592
"14caab87a129f51b2b70508e",627897199
"14cd5f188cf6d2433240b5cd",579704306
"14cee0bdd9dd5537b96d0786",709401299
"14e179618d1a44c5c55e23e6",492276796
"14ea4a7c57d830eba13638b1",761225387
"14ead7469d05e5eacce6a575",651683742
"14f1bf9aa68aee1ac094097c",974615719
"14f9ab54432e5f54a50be4a5",427063319
"14feeb619f409386e6eaeda5",462077977
"15005fe7eb24aa25b9e3cee7",662034898
"1508ebe40f90f90a68f6dd69",473126379
"151a16e94d538a7a6d658ee0",678308175
"1533da89d388196f19e2c5a3",853898867
"153436858070f7e724f0cbc1",937586391
"153c89081fd85dcc66a02421",726540929
"15515ecdd35e9f175842a738",868969961
"15537000b6806ee84d4615bf",1177813223
"1554f8aa4c8fbe17e9e82d0e",799978546
"1555743ec7e2f38904852860",584062335
"155a8e4186d1626fdda4d0ee",930160448
"155da5ad9ad19d57a7632cd0",686685232
"1562a23a312478d7a05a33dd",620536696
"156a20e2bf9e48b9a360f9c4",505593894
"156dc81d6e14a71716aebcab",655137060
"156ecfd8ca6004281b191db7",1294715111
"156f706d1d30de19f7e369ea",515335486
"157195fb2358bf2d5051c439",680619990
"1574958978c9b5d23d9521b5",583141320
"15a3e60c7a5d55243057d7df",459646542
"15b57b0ad8794d64a2784ce6",707667858
"15c4aef8401208054697b81e",915077441
"15d10635d71919d0c9663fde",586686956
"15d3ae51558bfeef80b9e97b",834147028
"15d910dd93e0aec22ccc2083",1034464982
"15d9a0353ad54798ef95e0d3",1205614290
"15ec532ec6fb73074b9b12c9",608095709
"15ee6357e02b76367682d6bd",1177813223
"15f02dd18da12f4d7b0ac2ab",571100989
"15fb97d6a43731d61e95d004",973875126
"15fbd295328ad698d3c76aec",1078564848
"16194707d4e85fe332411bd4",761225387
"16261339c3a99635717fcda8",1104094242
"16263617308958055850aef9",963986095
"163228979751798ded8c3fcb",446862524
"163405cd6248bc3e832dc93a",779869192
"163bec92a997aa8263f5a909",694764123
"164cf5fb9a759f2e4be67b6e",689565057
"164fb89266e40a2530400599",433626186
"1655a92b20740a11a5889519",504357950
"165fab7a9f8dd404cf4e9d9a",479661032
"16601a92574531c1fd57a359",660007596
"166ae8e3d0704209d6715240",605506248
"166c21ff83e97c6e74169d92",945925784
"166e1e60acca831bfad07736",774504899
"16716773b2a43df0332622bb",453374146
"1672a21e6b2d8d0525df1759",527186773
"1679719f26e7c650f24eee6d",850042017
"1689c3e3982382e27a4ae074",752429881
"168f81689afa1f055d8bf7c8",829013729
"169013bdcc2ef214e0163ccb",572937093
"1690af2e30b05da545f1576f",1267654697
"1695225258263bd2f463b21e",801093504
"169c742419c0d4335d09fb45",1061484692
"169cdb07bd175b4325fd28fb",413481673
"16a05fee8dfbe78d26664c3a",685588628
"16a40e3dbfbb9c703e04028e",718700142
"16b3311b337c0cb9312ddba1",476076495
"16b79a8af9d6376c73c2478e",1044511282
"16cc5c280124618cd5d00027",456402150
"16cf0d7977ed97d6ae8d2cc5",1111803175
"16d6b756f5ebcacf221918b8",702864564
"16da41b1128c039ff8f83919",591819072
"16db516a238934a730ced1e8",612741144
"16deb26bf740fa61e258f545",982189436
"16e62269e6aa2ea052d05f71",949320960
"16ede6f8833a93677d05a131",566313503
"16ef7eaf29eab571e229e537",1092518255
"16f60cac352cc0d668d226d0",410347814
"16fb51fd3d35db53eebbe5b8",924047406
"16fe92ffdb7e1aeefcde80f4",799744211
"17005d6ec889a947397ab980",442907883
"1704b2d5f4a33401fb153608",405780942
"17056748001fd65cb961b384",987931615
"17060f24d81fe2661c7628c9",836760798
"17069e9f4ba45c93738b109a",568188689
"1709b1446b20b21482dd2d36",1015820626
"170a69c11cf4f855ed015bed",836835112
"1710873f951e7f695fca3568",545384051
"171149ef76fe0a2074c5bf69",659437719
"171b560236ce760573a990fb",1005019535
"17230f18b30b94606fea047d",406957926
"1747dd033c2c2769974a06af",709909156
"17484950b143d0395907ae6d",639958768
"174bcb77be3b7e408e61d7e1",668441478
"174fa597347f2b1d3e9016e3",697654072
"175590951b6f8c6b8b4af9ff",483154504
"1769a8ec5ec94aedc397b4ae",473221721
"176c9a90fcbceb91569fa3e2",933611324
"176e00102fb65cba56279287",574181978
"17707d66753c1eb0aca28926",518870547
"1770bd5b0a07a6aa785e0caa",722741427
"17821a9cb766b0f3ecf24e83",557200719
"17914fbe0c3634dae8ce9d71",726795522
"179bf83034539c8a391e0310",698049309
"179d467dacdf674a66c7310c",844132583
"17a2323b855e93533a9f09f2",669314782
"17afbce5c0b56732abbea936",785650568
"17b360d57782208f5afdfe4b",849239871
"17b5e8357e17b516d947ebe3",618774665
"17c0a8fd3a2c8b5b18d61e4b",591949360
"17c8b228fa2591e3a234d55c",511105477
"17d0418e4a439e9de8006f5f",767509935
"17d0e3208fdf10c77e95bdf4",487010416
"17d0f69ae2c4f1aaa1aca9c7",581811164
"17d311554f40ae8b40234c31",819395646
"17d34f9cb105ca5010191142",973935638
"17d51fdfe8fd16185bf5feb4",641605874
"17d7986a62e0b066e4e5530e",576001416
"17d7e6d321bb7394546e6b7b",523754479
"17e5796a30da5eaf310d02b4",557902279
"17fbebdfe6bc0618ecdd247c",1177813223
"17fed4a312a9b773f64861d3",420778642
"180172e4eee8ba756207b3a8",527736151
"1807debb0a0b590b9ba4ebcc",706620111
"181caecd269e115cb5cfd75e",572232921
"182077fd9c5142d503309490",599839307
"183a8459fa248605b8b5bc1c",721034663
"183d99d88d1e7d995180918c",549281117
"183f2cf1a1c7eb9700b6e72a",1307479389
"18420ed4661539a2d72ff400",836238336
"18531c57f6dca78763d360bf",512320291
"18539b6cb6884f753e0ac18f",921306213
"185b333862e7420f25622efa",747125128
"185dd9366a6dd1e820880917",687149471
"1862e0c4d8e89fd2302ab376",1191159632
"186d4731b3af01bbe4d08b23",682993981
"187a143dbd6d4bd81d6d9c32",555989778
"1894346a27970572aa703cd2",838305512
"18a74c9a49ad381aee5e02de",605942594
"18ac3368b1f6d8f7171b07b3",872253284
"18bd0dd7580f2a7cb19a90b9",463034471
"18c38418824075acaad8f960",564155424
"18c8dc4549d38c918af2972e",858085807
"18cb1adb2078fef29a613a96",801977941
"18d5cc463455fdb4d443a6f2",487214653
"18e89f083fdbce3da0a82a4a",1079323243
"18f6240cad6e92f9151099c5",847779729
"18fd9bee381e7a8c29a44c4b",817701800
"1900e7808046a5fe89d8e440",798673169
"1902f509aa05287ba42f546c",752159589
"1905b860a8d463c3048b4e46",594666065
"19105db21495d546e6792a25",894543478
"191094739043620c72aad2a0",874169017
"191cb509fd44e580ee32486f",755825267
"191f96722301456877893b22",645208393
"192b505186d0bcadb46b7032",827025452
"192e05cd731950f91fef1d83",1225064850
"193d70ead1ff1043845e7671",659891378
"193ff8d291a9f163a4f3301b",588541743
"19466034c2ce19c24a179fe6",589539961
"19487167081a9b0dd09d7975",790780088
"1951c1c8855fed5db8031e5c",540862569
"196969a98960a68088266261",525065755
"1969ba34b72e61337246cb5b",415913328
"196ac46f656726bcb8087ba9",900464165
"1978d8fc2031af21e98a4e9e",754811973
"1985a2a5c3b2b0c7eca22afe",874426790
"1988513503246248b80c7f17",1301097405
"198cd3f4e9be65b83f01ceea",737969716
"1990717d8c7aa8e732bb1165",861710088
"19921a97a52bed6c6b8f4135",854480362
"19957244dabc3f727733527d",513840987
"19993833220392781bc15279",1269205489
"19994da77ce4f2db3efe6660",575421761
"199a6f7df516a685f086dfa2",441888830
"199fe72cad28e4554e359ff1",1020005927
"19ace6cdfbd8bed6e99c86d9",431700578
"19ad2fa7e170c67870ee58f7",1050204744
"19baa03dc4143a83920a7d2a",1060886077
"19c07fc2b01a0edec4784e64",670918992
"19c77db46d23e0c07a06a8b2",612674483
"19cb65620d2330624252d01c",418769453
"19e03fc1a7ca4b0761eb9ef3",724040076
"19e11b2d60326895b5e6ba01",669794241
"19e19ad0cd6b5e84d8aa970e",461762408
"19ecf1fc86396ada203c2a19",703792477
"19f538269846412f3e150a4a",982554486
"1a0134583a5854d5aa9cdb9f",935520080
"1a06bfdfaa9d9ac754ad07bb",494998198
"1a1016e7a96da2237b391be5",597899985
"1a111211207627bb4c840442",743484016
"1a26960e24de046588ca7837",677540332
"1a2aa38b8e18fd7ed5be77ff",974825658
"1a2c0e46bc18bf3224450064",536076138
"1a309175498997e1b8f0aae7",1233818242
"1a34acf8e509659534a56b63",700679952
"1a36f98c62f5126c8064314c",853106058
"1a46c13974f3634ca6dcb51e",767251560
"1a486877c62f2aced41a2ca0",936041215
"1a593800d5785ecc36c25ead",775393905
"1a5f6f7e8b7af9d48644f1e0",612303695
"1a61721fb7306d55dd77b6ba",921570774
"1a6714ac2350ad371d8280ae",643350585
"1a6af7fd6a5b0602052c4c27",569070470
"1a6b9a6d92ec5e905ac97cce",593000374
"1a6ecf722b2eed8cdc19ba20",675869246
"1a71d0d3503f9eff28acef6f",848018246
"1a75e436fc23e7f48e639b9c",543547484
"1a77ac51e03c77ad280be447",557665507
"1a7e331d9ff88ae5efafa8ea",870635517
"1a805101f78cbb783e6f919d",584317222
"1a93cae134c79a43b13ce656",1065868538
"1a95522f43288e32addff2ba",398996088
"1aac53220223d0d823e70d0f",467215739
"1ac2b23683ba89e9175d1b99",729972540
"1ac6c220eb690db798a3d4d5",804860525
"1ac702e7c265717b34419fe7",678566667
"1acb5576ccae1f0534f614df",748515205
"1acc5749203f964fa8b2092a",452791712
"1ad916edbe6fd38f40289a04",502635754
"1ad9e105d9da875001111075",910094334
"1ae17f134221d5d9ee69ebd9",572491468
"1ae2058fbe26f384be45df4d",634632124
"1ae6fd60628e7d186a5e0174",564581059
"1aee9081ac4a04490eb3f0e9",768817412
"1af16b7f14dc04f05edf71ea",660699349
"1af243eb63d893b1251f44dd",590094133
"1b002164d34a71bd06e0445b",785612219
"1b09874d5a3e4c9e0d544198",926392797
"1b09c89b546d0058cb09c1a9",971131954
"1b1c220eb91c9448b520b76a",663194346
"1b288024824312c8b1681bd9",472373684
"1b2fa2ee5927660313569617",726151425
"1b300634b71b898299c54671",868048153
"1b425a31cbb73b713f291e19",823820139
"1b4b3662ca18e731acc18928",1109946024
"1b4db5fcd1f92d3aadd5c28f",603040007
"1b4e4016cb766bfadea42f73",443092028
"1b59d33f9000d2e1aad46239",407527339
"1b5d3ddc71634099fa1f04a8",677230978
"1b5db6af0a1c0f7787064020",822630571
"1b5de74aea685b506a952f4e",386427957
"1b67fbd144a4a3ef40bd9824",590989531
"1b69d2c7fa8f802c4af1369b",721461494
"1b70fbd3e46da8c47c3eed61",431471865
"1b7151cf29b565b2f1caa559",497310355
"1b750e6e2e92e8222482cb46",945507677
"1b7c062b606d0560e850a2e6",423781599
"1b85d69a0f8ce1d6ac4d4475",452316670
"1b87ffa033dcbf4e2805dbb8",548145748
"1b88c06bb3c1bc2bb39d1b86",838709766
"1b989360ec91f5da55806bc4",1290693211
"1ba2c2eedb352ef9bb59c638",586729368
"1ba481abe0d3890c42884d97",568675986
"1baabd705f72393167dba5c8",592931789
"1bb885a07f57936b919629b9",538276680
"1bbbe4e1eb264f5c69467e50",484069134
"1bc2ae31ed1970ba52b1ff60",1172140113
"1bc2c099466f9a989266be0d",415869715
"1bc8874a13914055c2759a35",442445194
"1bd64811bd59706844230198",946966288
"1bd6861d451d128c8bdb72e4",773604919
"1bd78ecec17b584e827dd0f9",491310398
"1bd7b990be19afa5acc78bc0",474770695
"1bdc0d441e63089737ac4c27",574665233
"1be01d052c6a65c5ed286bf4",1250039127
"1be9d865ac8d01f0378bc148",1179032168
"1bee6a5aed5417181a3db77f",484481277
"1bf1913f806bd4b461233551",411381252
"1bf77cd1c4037f4d2ed28036",825476388
"1c0236d4bc291372483a9151",562723994
"1c177af5bb41e26ac0135b4a",863575536
"1c1ff56435675288e78c4735",503506478
"1c224347a1445ae01184e0a2",1176585288
"1c2739878e452a340a4e8972",1089012265
"1c2e69465c75fb3af2d57351",991705203
"1c2ec62e8ebba12c6146a04c",803665294
"1c3236613cf95c84c5791bdb",674115363
"1c35d9468cdc55670d48db84",1058236993
"1c4fab7d9cf798617fa90a19",659003133
"1c50477e5b3a67f3d8fec62c",501406528
"1c510a71734e955f75187106",1036740778
"1c51566c7dedd4a46503131d",1056426863
"1c5c4f4c731545aa3388c554",632382561
"1c6038b67a40f0749a72e6cd",660425163
"1c65d5172e53b4c7f1c4d6a9",784583200
"1c67456195075a051513b28c",511937067
"1c7452cfc46652a60b7a4f05",865078712
"1c7586fd8a1a38bbda9c92cb",509721497
"1c835128915211131bc561ab",582723193
"1c88ddc21f3e8e4ca633621d",412517652
"1c9325df5599379a73e18053",831948735
"1c9e38cd216595b33e283134",1015199105
"1c9f65b631d2f2856bc97079",899944910
"1caac10c1121a795a172889b",1046985607
"1cb79aba890b35f9d2a400f6",1270346695
"1cbeccacfa11843a256b2e2e",632844015
"1cbf39c44f6b0fdbf9554845",717740705
"1cccddc33bd892b44d7e4b7a",758222493
"1cd6531d8539468cd5f4b315",701795775
"1ce08c19161bd0545eef8a16",823761380
"1cf29f882ee8b458b8f27091",989749041
"1cfc7d60ce613536d23b093d",843937285
"1cfe7df5431f3dc6a9289551",1356696418
"1cfe9cba4c2015e7b58f05a0",681867005
"1d029020622a600aad4c2991",686288522
"1d03efada56f8a70bdae6aea",774962589
"1d04d5450762d664fcfab674",1017843322
"1d0853f825cc0aec6f5544cb",817935283
"1d0919344e52b315441aeafb",802635666
"1d0a6bf40e609fc74a319310",615871286
"1d0c3ba50087cf01637de6c0",539756397
"1d0c635770f2e51aed4c8664",1322236972
"1d17f0ff708e6f0b93a990ec",800406079
"1d19edc1e0d907e5ab0899e5",616520219
"1d1e29d9601aa0eddb4d6c2c",798352335
"1d2467e5f991b935d676e906",417378165
"1d2b83d973547da8c168f743",594185212
"1d35c364daa0f021ef263c60",407928771
"1d43fd3f7fb4e24a0b7c9ec3",858510224
"1d45332e2f04df18cdac590c",605497271
"1d4891dc27e0050efcc6c403",637379953
"1d493f3954b15e84c41afc82",440598508
"1d4bafec52ec7575161bcbe0",505220982
"1d4bbb5b756033b4be28643a",976210320
"1d4c50978603ef41377af057",480825556
"1d55f4694f3e000ee3ce47b3",996724291
"1d58ad85a82f7731e0f198dc",1176448992
"1d7912750a5e345f7edcdcbf",484919815
"1d7a2572b466070f08c6e564",669837982
"1d8d51cfdf78f1361710708c",745452706
"1d917f9f5a3cd44cc4dc8d2e",589049985
"1d91edf33a141fa2181abc4b",783924780
"1d968cecf268a7f14def1af7",786395503
"1d9addd835c9fe8665e01500",524380220
"1db1d1b76e09197dd915a8f1",1271728387
"1db68ed64501f35c51d74c5c",1139733384
"1dbb46a250f504e9c8673bed",802456472
"1dbec7879e793ba9685741b4",740865421
"1dc0fe5bcea9d08874871326",441627274
"1dc1a51628b8eb1bba214498",507870245
"1dc3b6ea53413ece15bea33b",924490470
"1dc9e5c684c831b204d21585",884290178
"1dcf71e8fbfef2c6534576df",707667858
"1dcff645d389e7b687a498f2",830381861
"1dd3d7e197075859c1ff5b23",926073619
"1dd6b0ade195edae38a4a20a",656630298
"1dd6f560c804c4548561cae6",1138780879
"1ddeeae13139b7c9ada353a3",500578213
"1e057cf20757627d1b006141",515794888
"1e158f436f2a4caedd1563a2",661442327
"1e18024ab7d931bc7ab5873f",861850119
"1e21ee2ab4ef88194cc85166",488874058
"1e2270f9f49aaf3be01dab49",1127827193
"1e32a8825a7ea79c28e27a8d",593935208
"1e3798d739f85ee0e5a314ca",465653327
"1e37ea0918a00bcfaded3453",728013533
"1e37fb708b70b6b5e8fb5cd2",582668539
"1e48878318d35476c3e87520",637394497
"1e4fd826fc8693b17f6efc3b",1097301545
"1e5919cbe4373aa261d672d7",443471741
"1e6176a558f301d81bb050f8",947390477
"1e63fac2629793fdcb793f1e",708103245
"1e64759f297a66524eb07b7e",762073867
"1e7173670334937dc61243a1",1143255925
"1e73d6064abab2cccdb6610c",434674735
"1e7a931100be734988955242",1070662854
"1e7e26077db3bca2821a9b45",620536696
"1e83b53963792d7445e19d27",967482463
"1e866483995b30ec7f79d9e8",803937917
"1e884932e57cfcab75ebbacd",1219704625
"1e90d068f3c86c6f691649ff",777257306
"1e91de6194769980800b4de8",948367284
"1e9850a50070dd51861a5e63",668195742
"1e9c53e09220d689a0210ab9",413934691
"1e9cb258a0b7e08244d7fcb1",622412608
"1ea5db844a6d3a926480351b",814689768
"1ea66dd4a72d93f5967be730",719604665
"1eacbf36422a54f1327fa291",425945460
"1ee04111d277e8758f740139",721351583
"1ee436f045a0662037f9d2cf",766794266
"1ee45a731b6f0242b6d2936d",625954577
"1eee0ff52c53f04307cc3216",628100968
"1ef15e2b882a0da85858269e",523118308
"1f00fb18ad48b32c666fd319",700900561
"1f0d83013ea5e4c3f4beb583",700848840
"1f11cd977996d909ffacadef",1323330880
"1f18df9ee1b19359816ed13c",599839307
"1f1f3e47f3593e4b2824e628",564730157
"1f2c22839c470363ff41551f",1015820626
"1f33395df1e4f6a185c507cb",558839699
"1f34129d15f992a3b62d4b21",430269526
"1f3544c9f47bc00fcdf59d74",415047363
"1f39ea319382fb0e41ead713",1189492300
"1f3b3bd08063993c23586c93",462111375
"1f3d3fbcb686ada1a96e01e4",498732978
"1f40dff9a973064aa4737eea",1098219165
"1f4109e1a4b47a9b11c2c019",743763221
"1f4a78e094987ce29f054fb8",561385245
"1f4b6eaf52fb940e666c1c93",775940929
"1f4cd62152d4940990ac6a9d",497299780
"1f53612f7029a21e2e9f74e1",870840323
"1f592cc4ed728909040f953d",565669860
"1f6050fd5261a2d21d5a178e",417937819
"1f674965c913f9fe282d07cd",448281855
"1f79204a8f62c29b0a1b29d5",480864698
"1f7daef9ba898c4d8ac1c81b",589585120
"1f8068ab65469ba56a1f0c4a",468729975
"1f81176d8a0c61a7177c6c2b",1165176284
"1f8742e662666147955c9872",652293228
"1f8ad363a0539a6f2455c3fc",478881888
"1f8ecf6c089ce6168b3be52f",931535716
"1f8f74ce8831d5532f330925",873167074
"1f95c205d5094c674f6e45a5",1143656996
"1f9c0f9c3c6460a323171d72",1294782088
"1fae43a9450fae02919962b9",741130206
"1fb4c88bbf995f77f2f29b7e",677018368
"1fbc660f780245bd72015f07",804500875
"1fc0faf46f3b533f2cae2c06",1340541897
"1fc94e9dec93d52e0062e07e",734463961
"1fce0e993a57a3e3873b8d7c",1323330880
"1fd7e9b1e717578f751c21c7",841392917
"1fe392004a09aeeaa6e8bce7",589443336
"1fe514ada76363511cc79105",901177816
"1fe929afafa91bee53df4e86",524220508
"1ffafa78622c45ea4127ce82",845826615
"1ffdc10c53bb83d3be84c327",690026223
"200020552855ed39d1af999a",593281570
"200897b1f8bcd7c116a85306",402992028
"200ea08f57fa23013d0e661a",1103727276
"201053b106a0b89a0a47e2cc",648272909
"2018131ad3f6e5aa8f4be704",1099588889
"2019bd32dbd09fa285a388f7",708675248
"20289e986c1959f0c83a6a4b",707018469
"20488db7a62f765ac8da0a2c",630331894
"204ddf6ba4822d55ba80f713",460909449
"2054c223fcd48a48f67d02fd",463663201
"2054c61f0162a18c6fa2291e",388676547
"205e9d987013859f391b27b5",1015861782
"205ffcec56fd884ab24c5600",741609288
"20718780218eac9668776956",723126681
"2072a783a44474cd0dd10d7d",733638061
"207e39d9cc4402edd48864d5",637861504
"207f669778ed0db0e619ed40",476311962
"2086639384041f3a9b519140",1057146823
"209bf65e11bd7053d9658824",649771964
"20a2a0dfc963fb8a355e704b",547542035
"20a783884d6bcf1aa5697772",616798147
"20bce83e2b75fc535a148dc8",749366371
"20c3cb2d4fa486b23eb81bc2",726652601
"20c3cc21b44eb37d0b359c1a",1171741952
"20d8980a4fa8e094b7a5f00c",464773387
"20db610da64f80afc1621b12",396527149
"20fe2d7fb3910ef786cff965",580360060
"2100201e0851e80488371b67",436002841
"2105c17a4e2f97183e24aa4b",620207955
"210d58091ea74bb902915250",712423276
"210ff5d4404ee8578a5ecf9f",742994368
"2112e589911b979db6e05a6c",1058025490
"21264b5a73fd27b85a4e2654",545576346
"213032fd36fa1a6342570158",612674483
"213ddc1761cd6b018349786a",689852464
"2149d04442f73cfc78f93bab",787273870
"214df9371aa59f68e5740212",573848837
"2152ed6b2b2eaf16ec272cb6",473217420
"215e8852679b9cb6c4029ce3",492109696
"2162e09e137eb5f4a1f32b16",707745163
"21642991a20d6b0d17dea2bb",686199023
"216a598114a403676011cb51",812433290
"217e1715fdd5db76ce93cfe2",673055151
"218445f989b2da5eff4029f4",861710088
"2189d3297ea703e50ec34d96",759330654
"219164e1d9b14cabb9bbb8ab",827885563
"21932b5a5fa65d237ddb6293",590158936
"219555efc5b4291791143252",420540810
"21a7c5d6ea818dfb25077e13",811135720
"21aa860fd839233ed8b82653",549663713
"21adc839dec9e8efb128abf1",523738133
"21b4c1ad11bb1feac4d02308",997786098
"21c8b93e50ac884e63514f10",1059144828
"21d0f28d5f30a64352e60ac4",502647305
"21d141a84af5f0e2ade9b0b8",669668830
"21d42e80f6f818eed990bfc7",1125087987
"21dd47ac3c4e1d6bd0ed2485",648301533
"21e0bc9789139640ea33ed09",1011574289
"21e96ca8dbe2f12b55723335",611170220
"21eef7da02b0f2a2fd987135",679566619
"21f00ad1214253dd5bb97817",1128065027
"21f5bac85d5eec57acf501ef",844922734
"21fcb5c7e497f0580b820379",1015080865
"2202c5c9a16b771d1e242c18",894909685
"2207c1ed62f59d6eacb3c18d",589914140
"220d466e3737f1f2a8ed06ae",387315837
"22127243f7ba3a68c3fc33bf",657921271
"2212e0125cb7f75390020951",720501378
"2214e2c62cf8d2d14f11d47c",707670031
"2218c6bddc994984cdc6e567",484603428
"2221052e00c236f31e6d5a06",516704364
"222a35842b0bc09f48e1d0cf",548656681
"2233f50cf7b04791cf1ddeaa",709856361
"223813dc0188fc229b63e8f3",1018975992
"22385ae2b3e7640e8c40411b",645041412
"223b3c04803ae7b855f9fd10",762345884
"22428154baf95870f1d83fdc",940899206
"224f6e839dcbd91491f3f1ac",418066641
"2258ec00dec6a2b85f439135",745961987
"226277c02e8532922a1c769d",984968932
"22796587bee45b8f64ee6e44",813863398
"2280b5f7c47c3b36924b84a9",619484422
"228280554ba149e60f81d639",771739361
"228d165257ef052ad50433c7",562336345
"228d98c82021e2325263c7d2",484517582
"22903633f8c4d91158f65c58",578446702
"22958cc4622a0050d1aead77",557747736
"229607e2faf76efeeadcdfce",474225107
"229a7640d41a8b8d6d2f8f83",1133800682
"229bcf400e309619268dda31",570876479
"22a025ad47ba22ea9fd1a094",613070671
"22a0f3315f7600e5120db131",516636103
"22a43024821ad081e654c5be",969576136
"22a6058ffe790c98a8922258",917362632
"22abc78ce812c519511f8a4c",874213354
"22ae194316f34d482bdf404b",499232365
"22af7bb676cb4c9ffe014506",410915803
"22b066e6dbd0f2562a0554f1",1275967455
"22b34331d7ca2ea642d29946",703536153
"22c780d56cb97fc34f29e9cb",448316671
"22c9b57a67cbef0920d09174",408662364
"22caf82aae904c79057fcb3b",484652230
"22cfdfbff44541dba9091753",746695228
"22d167639ccaace593dffa31",527449018
"22d6cb11333f2839b8112b89",1309101874
"22e00f8057294350ddf4d42a",687970256
"22e524f1fab17d5b8616d741",984127529
"22e8713e2051c88cdafe2364",600245728
"22e9f1b4b5e887cb5f0dbfd1",560848302
"22ea31eadbd3a54216443137",412433579
"22eb737351bd0958d3e60efe",847794537
"22fcf0650753e2b5a2fa3786",651533155
"230864c9c9c5959f9f0d36ee",645232846
"230cb38e035b85a4353220e9",881750231
"230cdc90e6c825d391d5025d",601854643
"23101b0002252f3d4b3e1d5e",1045591695
"23141c17df584746755dc508",508172298
"2314e3ffc7242a429e00207c",799069006
"231688922448e4d64622120e",608650767
"23178c72b063ecbaaa04b37a",508251411
"23187388f9d6e2bffb88b9ed",841768260
"231c050bebe12f568ef92afc",399862470
"23208132621583ce4a46de77",1017312235
"23229e392dbd8fd9d80637da",852706557
"23264fdd1059460e079e5810",577892097
"2326bb628b4a571921eb7345",796701313
"232e859fc353dbff75c97cf8",894765912
"23374ef76774d4f95f022473",1007735590
"2346533f4712f3bbd036d85b",1046468187
"23473bcde48f634641769e22",442483429
"2347f69ec1ce4a3fb6989eb7",538370528
"234c94e9a248ae57bb5a0771",653083511
"235a2209cde8f8b0276c845a",684792204
"235b10cad7233d579a966948",520981898
"235c56f4afd6d87f1b3e199b",455755651
"2364014bfd851a68a824d1da",1041991650
"2372f7c0499de8aa2e5ffa06",764463260
"2373c595d24a7b862b518ec5",886558485
"23799891583435710f66303a",646664825
"237bce11f35d32ff029498a3",686415902
"237da4784755f090c89f07be",545095894
"2383b8bc2cd3d307caba34ba",678915712
"238cf9f99c4b01777a97f82d",460387918
"2390c275fccc98eb4fa33af0",585036764
"23959a0f6e27c8c2b4a7f436",806115981
"239a2dd25f604c730136c720",1017911947
"23aa0804aabdc61650b8562a",918045732
"23b0d67dc2a0ae6e5ebc9eee",569860616
"23b2b5b9f5bf3e1208f5f80d",1298251004
"23b5f2af5d39edd25db6a522",721795447
"23c7f9a0534a4ae6a24e38a6",902963831
"23cc24e23a1d74159ff78464",840674436
"23cfc154896b93bce4356ae6",459078275
"23d95cbbc056b4456b94c97d",688860063
"23e7dd821ec2601ee2c6e353",1213620297
"23ef4d57d130e4130205f30d",788678257
"23f12add67accdc9ed40f59f",412433579
"23f859b889afe2639ad55a21",618148419
"23fe512fcb21a0b84781a318",394739241
"2406d47133763272a965ef51",381940641
"240ccc45a242f80f817b04d9",778695593
"240d2474c81482baaf79b6fd",814714432
"241d9f8599ce6cadac1d6609",840044969
"2422ffac7337b402339dc550",874496499
"24258361a4ba8f772a83ba7c",821284373
"24297f4a3e14c24c941e7720",1111186032
"243ab5db6e47f3536d04d312",781862888
"244210fb4bcc0a04f2cdff95",1055905328
"245663c600727f7c214063c9",831983504
"246576e24f66d495fe0d509b",670632505
"24671f63cd061228ec0b5b9b",493985951
"24756921525595f1684929ba",747973606
"247715511199c5b680088b56",721461494
"2478e48a3c6bedd57c13c72c",745243025
"24849579dc9ba7fef1b24396",569753312
"24857a7a80d5f13a52eeb054",796312717
"248993a27da888a6e3ffefe4",490205469
"248ed6abe6e528dedde951a3",507213286
"2492a7a74edb57f784f6361c",533725096
"249667af8d0835c9830e2b37",537628047
"249cf6f96144f769030d1b4d",744045307
"24a4199c17f9c56f0b3ed12f",648554117
"24a4a43ae4c687bda1066227",1289366599
"24a89527a6744456750baf54",547157240
"24b28522c72f7fc359f2a718",868575439
"24c32572ca6161a603a7d0d0",389792294
"24d6d85cd0e2dc3deb2db896",858236219
"24e90a7d9a2bd0c30a4f661e",1020005927
"24f22d76b86498d5c3563288",681044725
"24fadbd1dec637edb728baa3",674815283
"24fd0b7f75feda5db89a4127",527038397
"25093735f186b70beb018317",1149809792
"250d84aac8add089061d3204",1207047192
"25187d9f4cfe89a525ef2493",431658022
"251903f4b947b337e0134415",673500668
"251db9c4b7398902b38b4a4e",845019027
"25202264e18928158b89278b",715925455
"2524e62e917e8a1aec5c9c26",717887405
"253560c855216bd9eb102595",686872899
"253725ec3d7939088faf71b7",558839699
"2537dfc786054c61eb3a80b5",683287185
"2538cfce1c108ebfb1056c8d",762716787
"253b34c2c5ce15cbd8b5826d",723667649
"253c85b226a15d0ec2fbbff4",732975632
"253fe7aef58ea97fefef922a",636187750
"25414034e50ca33fcdcda4cf",659831308
"2547bcc87b618d3d7e22dc21",613069011
"25488b1c8fedde6250b413ba",472965396
"254892c6b84c59ff5ac4f354",532233941
"254de3f3fc52b8cb62141baa",781256479
"255914e9b13ad94efa6ed365",814714432
"255c5b92d71a00c3a73b9aa8",387957753
"256491790d0a2d5e1ebdc2e2",475947403
"2566d8588566312ffa4fde42",1070934654
"256a46a6d45d168169f63aab",529146055
"256a6ba3ff423a899229f154",544120683
"2571fe181b6ab939eac19d2d",1027585304
"2575d932e98c421bbb38b267",878252121
"257b533b6a66b40d0f097c55",629768213
"257c765ac81bcf773473039b",536695822
"257c889187ad5de900a430c9",625767933
"25813f7204a2e796170c4836",511214145
"258a968e403e747af5693a3a",1266958979
"258abe0fc321f6b24d37ad86",485714249
"258f10f742fcc835d53063cf",872231033
"25986c851e13c92ede6c6d6b",1069798416
"25995099875f0ee622ebc31d",902364676
"259f4f7fd5d851be70d63633",448099602
"25b1ada57fd1e5c88d939c71",846368981
"25b893f6073bd66258a9cf03",816265415
"25c76b5a1da0c2d8158b3732",830142234
"25d233d2779009affadf5e91",659596852
"25d4a0ec9301ba5d53deb780",831692516
"25d62e6b1a1a52cd8080354f",782005354
"25d89911e830697217d460f5",617789115
"25e3793214088669aaaa4ca5",951706271
"25e832098d9e6e7c2f9afe2c",782949130
"25f925538316d3cdda8218c4",1054018630
"25fb1c0c4aace859265de172",709909156
"26206185deb023a344eb2e99",921041924
"2621e068043a5019aeed6c8c",686923229
"262688a95a32f10fa070a887",494430476
"262b1c8ce7db2b4aca2400a1",1010219445
"262b5b0bb408d7cf53073832",470432290
"262e3b4091dfa6b71af020ea",759609336
"26301269301b6f96862af599",673500668
"26313750bd29b2c59a81b58e",850608125
"2641f220611056a1f5616dae",1161290964
"26454cbe44a07cd0df12ca07",1149502755
"264e00a64cecb861d2c05b1d",909244654
"26526235b34fa5b7349df00a",381311917
"26617e1fb3b4f0e4a70e1b0e",931902635
"2679ba671751ff16e76f1807",622442102
"267e000c89d3416e551462c2",1044685286
"267e46cb9eaec6c7009348b6",480437388
"2684f67bcc89c8a5b95e5592",635780534
"2688e4cd1fd441d1da455504",612057332
"268c1e17bc17dd646d1885cb",416016506
"268f887f25d416dcd3c0c9c2",768462034
"2690ba8b22a95cb837cb87b6",423059074
"2691d7125e9046e597437f2b",775849133
"26922ebaf11e35a7a320d30b",1250078230
"26be10d0ce8b763e9b457e76",689211917
"26c08d7331ae19e1934a22da",879090806
"26c66cf2f43bea00e6387326",941349266
"26c8961848e3a77d98049638",796413647
"26cc292628ce4aa87cd287d6",827382519
"26cdd114566b7cc63cd96fb8",1017979071
"26db92c003c8e67d92d88aaf",1060362016
"26e58d0b13e7f7f5a54585d2",822596504
"26f3d5bc3adcd1396747a414",1015861782
"26ff1e1f4a6f6bda702fdabe",875052400
"2703313a3e5a6fef2157928c",669668830
"270a97e07eec2be02cd89a86",652723393
"270b930a9e22d5016ffa4019",1014346675
"2714bcd5c0c503c3bee0e0b2",852135980
"27151512d4b592014137ac1f",738110151
"2721f5495ef5dde16fd29cf4",1005464523
"272b5b5c28e46c6f5ad95c22",628712954
"273cb73a7bdec0d291e845f1",467282880
"27472c6c6a801eb749b9719d",826490888
"2749b5cfd2728ebdf124a0a3",521311980
"275360e29bf3309e09ec41d9",421274259
"2754b4e12a7604efe8e03f5b",979100194
"2755af908b841e9024718b3d",547655358
"275c8bfdd3fec33752493861",720431572
"275d73c7dc0fda7cbecfea89",1162759756
"275ec6bd936600c7eceac599",1317364342
"27663c0e271e26dfdbf4d289",792912859
"27721beb237824844adbc289",1015975554
"2772adb268cffadfb2917c2f",434247070
"2778de5e56ad7ece898249e9",1073859642
"277f6440854cb0c98728e685",896805501
"27881ecd655786b093349ab0",937485925
"278a2cd98528eb1341a6b685",563892815
"278fcdbf16e3064ba42c6785",891772693
"2790ead3eba9370f00024472",689899808
"27929c0a3e0fd2d6d2969e03",715377056
"27942219389ecffbce2e1d9e",1259024706
"2795cdb2f4d568a782dcfc3f",1138955167
"279b76adc4bc9f8dd86759b1",670141690
"279f6f594d3f8ca8e8a5e2d5",1303069890
"27a6f3e8f9649ccce7680f0a",701149256
"27a8a052b815998c771a1f55",984127529
"27aa789e29e52ef8d78b9bf5",647261015
"27b06d060ecf702fc88c7956",921301502
"27bcae7ffb9f79b8f59fe1c3",517091772
"27bebaf73dff207d7f6829e2",732233683
"27c3b7ba2991e7bc0c9fc322",665523363
"27ca0c2320c520342717355d",491791618
"27cf45528b4266162f7c9029",641470464
"27d14f352b2983177e836e3c",928544550
"27d413eab7b562b984c5a682",804252656
"27d4f17375f76219b446c092",430868674
"27dd503d4fbf4d5f5d850d4d",811680551
"27e0810a702796d97878c34c",609018115
"27eaac0ebf8a5ee99d143218",751612775
"27ee3504d1df34ee8ae5dbb2",1032954473
"27f41f09ccf8d182c79cd48a",1016006938
"27fe3fc3838695ce34c5d287",419786339
"2809252a96f47776d12021af",868026245
"281ea3a3fab48c028721ee1d",748962747
"283c1142d027be336a7bfacd",390832510
"28403f16831effcb75471738",390399323
"285b8cb5e9c887794ed2fd1b",736483881
"2860e4435c857cc8a661ec97",936048596
"2861f1a224b4c879b845779f",421875573
"2865962bdff8929888a51341",836162874
"2868ac4225657a13f6149e6e",863241924
"2869a2d2689af65497775b1a",1149217065
"286ab2411118455780314355",837618629
"286cdf6dfcd95ee9edf73a93",395672778
"2876aa9ef0b44e43084393fa",469096348
"2887a0d34994d284759db20e",664014345
"288c09c33907dadbae495c11",1246301542
"289db1292d4ee40a1ed6e518",986414767
"28ac1562ebb5050f1492f576",888272391
"28b838c94d10823ceed62e0e",455159637
"28be121ada9c9303be802474",591655382
"28c0649dd8b294574a876e95",967475671
"28db5acb7b224d44e3d7ce80",657532477
"28e572584fea1555e2a517ed",596233674
"28e748e7aa0a447731e06706",563091096
"28f905e91295a47d106a3214",1323752224
"28f980b3c741866e0db5b761",845766660
"28fc5f188c5e11717cdb4a98",427543417
"28fd0437736c1b17c7ea1f33",563609711
"2900dcf3f944a7fcb33aff36",541450607
"29028322a6d692edc5ca713f",898596080
"2906d21b1d96a1ec43bab50b",759383597
"290725d6b15062397597b954",640355234
"2910f3631d1db77e4b61f8b5",680400557
"291479f573955e063f2d8bda",1237042530
"291a2f9022933c9d81311e81",908199818
"291a4ea1a695347e1901bd4b",1075986726
"291fc50c4ffe7935b01e5d9c",501450211
"291ff191bb029742387a72a3",730146414
"292224fa68b0303a90063801",633393725
"293320b55fad21ea3f4a5899",370259943
"2935cc0e053bf558a8b73054",705728636
"293c8a0a4a358fe7554a4ae1",660496472
"29425249fed4a74ada083dc5",412536960
"294985765f4d12e51a68a451",879490584
"294b04da3eaabadd55da9c20",1005828950
"29503210dfd57bfef8f16802",770481762
"29535d858fa3a11792697820",1020005927
"29616bf14b5f1cd42786a91d",696891866
"29671ce02e285f69afeb3fc2",1079079193
"296f0158b5cc1541cfc8419e",825476388
"2979f2d91d649a8c14f5453c",658743398
"29881785ae39aec014c4982c",793726139
"299117d35bcdd48afa4c2eb0",729155128
"299a94a02e887c6ab1de59c7",493046942
"29a115ba5b198689fce5f93b",381906067
"29a230f7dde5753e65b661dd",807092460
"29bd4cbe11f44759e07487fd",678252704
"29cc054742b256e6fbc6da1c",738243118
"29d0dd2d4b120dd54c34b13c",808435666
"29daf0d5008fa9e3f0f30132",434561378
"29e7796eabea247af4e8a0f7",649252271
"29ea1796aede16cab8a50497",423330791
"29eb473852b36dcfbda0c702",927055123
"29fd909e7cef62de53430e1a",482548371
"29fdab43da21ed0d22c9c71d",396987558
"2a01945c2ce528c02b391c61",639620364
"2a0e902f3c07cc9696000177",546974545
"2a1edfd6cf74573521ed74a1",475703548
"2a2f455525c8e0bd709db91a",646611909
"2a330fdcebb247d6a6fdea23",973935638
"2a33fa5b25963f3dc928f668",562610517
"2a487cfffeb12837a5586a41",555904570
"2a531aa9576c5f91891cc8a9",727267548
"2a5aedaaad2d908122f28f22",822630571
"2a5ecebe40fc09b45d6ee5fc",569275140
"2a5f727304ad67d1cd269361",800363730
"2a623b33f3cc1f54620b5233",651171404
"2a66eb4d2a205bc4474c0afa",737142785
"2a68f627f4dc8060484cdb18",1107503690
"2a787b39e84958ca6b7001d0",597080495
"2a7fc28219bee48a2368e730",691133751
"2a805135d8030b614d9df9aa",712202596
"2a872557ba401f4c95e0ad2e",822630571
"2a89ac6511416d0920f1b9a2",997354787
"2a9338f62c99dbad25aec5d3",847203811
"2a99204f0a53c4a4d0a2393f",761268539
"2a9974fe07b1e4427e386e06",823761380
"2a9bbd878f3f45745d76f059",632122421
"2a9bbffb1b98c49d79bae509",795159111
"2a9e75d221912230f98485cd",801637441
"2a9e77fd00aaaf773d130914",457892710
"2aac28d03c2110d871b5f274",554170418
"2ab0eeac4a228d5769fb4365",534170603
"2ab24b9c5349427998338d21",661649673
"2ab263b5d1ba72fa562d64e6",790664302
"2ab88dcecdb565b6412f5bfa",586072174
"2abbf26e80643dfc1b75edcb",879490584
"2abd46909a251b8ebbd37133",764397610
"2ac1105447a71f68a50105d1",1019990243
"2ac425aa592565b44b25cdc3",652500396
"2acc857ede19953734600dcd",509180991
"2ace3da2fc4e0c022f7a8755",903191655
"2ad02d6d56b95ff3382b53b6",1021262666
"2ad54bda875fcf8c6b675bf5",516130135
"2ae3ae7f794d558ec119287d",868969961
"2aeb794adc9892354aff7240",470657697
"2aecb598de8c74d9d5108d8c",782401295
"2af941adae2e8dfd66542055",601596026
"2af9e271765438a47fa7e7a9",380516462
"2afa1699af46ad8124f76e4e",769497944
"2afa66b726ed0b1492b9e01b",774985961
"2afd31619c21dc537e4797ca",870015189
"2afd9dd680803e3c12d5242b",845485856
"2b028932adc74c961170a4ce",510801167
"2b05f001ed1a84425a45d0ac",500377968
"2b10af4fcbef695b327b7d0b",1029299919
"2b2fa2ed0055a19859e78446",1182132922
"2b352d996677e67156391e25",524551683
"2b36d2ed79caaccd687f2ab0",449214197
"2b36d797d32013a126e15709",669794241
"2b451da55be3683c33e4de31",1206553667
"2b4913f28d07628bf2d3ed92",1099908500
"2b50969f1faab80655bb9104",548145748
"2b53b13cd912f353cf9c4757",789700835
"2b552d7b1a1488dfd618b120",449902552
"2b55989b2253416428ece917",723664559
"2b6d63d6b072901effbc8e1e",840314038
"2b7a5be93795a65d29970b02",980466504
"2b802261b8bd839aa0b04b16",768462034
"2b8b979cf1952fcedc63ca9e",401913676
"2b8e9560dd58d880dbe77c61",983309836
"2b9681901b216f2174af0089",743346890
"2b9fd26383758104d567d474",651182703
"2ba0807f8cbdac389424ae04",561967687
"2ba1672e49c023258d262d1d",646855035
"2ba24fd47c2ef8520bccf6eb",466111862
"2baa6afba131b74487c94d74",621159040
"2babb357d1d828c49bb89be0",659855090
"2bb55b0a92d62454867bb158",903035261
"2bbbd9878a1e7c55bdacb330",593094507
"2bbbe93b615c46483056bfe6",1175869800
"2bc88a5c4bea2bd00fd8f13c",638740924
"2bc9bbe0f0216ed9d865a85a",607347766
"2bcc6a15181273b2fad05e3b",667793015
"2bce6544d58b6970192a1838",476644548
"2bd08c0964ef4a95295db843",762263356
"2bd1c70db60a44d4400847ca",1153209571
"2bd47c19e5d29a3157fb8465",1045272589
"2bd6682ad8343b69fae1a59e",849440374
"2bd96c7fe678945fcaf9662f",1044858215
"2be93bf5132bb788bf045c28",458022839
"2bfa301ea435f929e6c0d1ba",567018572
"2c03c38782e365e68b32d6bf",562336345
"2c0b3d69fca6677ba9e95327",1171589228
"2c0b4c8269cbe25a4e85e049",459209949
"2c12cbaa1f14553c1d41b958",373750632
"2c13f29a8b9ac9b464e3a582",430738936
"2c15a0733cdb932ba8f2225f",900787700
"2c1c91f2bb4d9dae38a44360",444063428
"2c2e56e3e5210c111c7de708",653069431
"2c30c2736472590fe45277c3",571466693
"2c340ee014e39ad0fd1309d8",1281899487
"2c34c1e1655e87ada03f411a",826924000
"2c37a1280b18e095b43e19f5",863159051
"2c47c3ef9e139d8c4513a090",562682565
"2c567face144ca714454abf2",1124518562
"2c58f2cbd00035febac060e1",818531365
"2c5d940b5ef2276f1fac1ca5",877591416
"2c5f07a9402cc93f4c683759",547741261
"2c8352c418097f82a50d9bbf",936956963
"2c85b19f02bb3768c10d14fc",601183296
"2c91099736f3158f7f09778f",482029237
"2c924b9d45667f7168bae6ee",662770420
"2ca47f5c36ea5d1cf00dbd2f",480331255
"2ca6b3016a89139ec7590f9a",1094491895
"2ca6ce8266afc6721d179335",874496499
"2ca8b22013c529b412ad764b",1062764097
"2cb64650b876ccbc7337a0e4",447503606
"2cc0129b386acf9cdfa4eeb3",662142468
"2cc821cd7b5fa82b27308f87",478224839
"2cc9f2411f98d0fd41511211",535905664
"2cd0b2d7561919f0223608d5",387319432
"2cd372392fda500e6526695b",601913067
"2ce779caef0637db97954912",734569175
"2cfa1397c901b4e940d9f673",566678264
"2d0d803cdbeaec6e2626eebb",629117594
"2d14ad8ab9573c406e203ed4",737730473
"2d1f036c96e92d9c557605cb",442872692
"2d26b8360f1da9a677670fcd",823761380
"2d2ee255ed2144b9fa1fcc39",647670762
"2d3236cf646f19a25932676a",932810421
"2d4031f171f965d7dbce0ef6",816837780
"2d437a09b860d9d46644ea23",607927496
"2d4a781f969a4fa2a4f04a7a",944799887
"2d4bd56e71f90e6fb387a2b4",1166393229
"2d531a26f8b1a8afa511e3dd",634214896
"2d5564a502635dce2d46ef8e",840413232
"2d564574f0191164ff1d068b",393504475
"2d5ccb12ebb6fc7d4ba462b0",606578036
"2d5d9119602c228b333402a4",465836609
"2d60a221b478264cab9816f7",1171741952
"2d65980024ded46854c25260",1167166085
"2d6aaefe0f50db8acde6fd1b",1245177285
"2d6f5bc20de99dd0bd4e34bc",822630571
"2d778563921376962d126cbb",696713007
"2d7a48a6b9fff20ded24f86d",423151913
"2d7bf0032580e6b6dd1ce36b",822630571
"2d8d64261ba659302da4a481",631953638
"2d91b3a8c62b890fd246183c",1326430143
"2da346c00d6fc39268f12b82",816396182
"2db9b3463f85dfa87347d6e3",1007287311
"2dba091723891d8907905a74",849570166
"2dbef742d0c59d21ad7392e3",935022195
"2dc58e6aab9399e9677265a6",1129454044
"2ddda0ae748b38a6258f660c",1237446937
"2de0ad9bf15232d6056285fe",633242863
"2de93fc191360ae22b0402dd",453333115
"2dee15f1b082bb986f8d9513",567967906
"2df90c0a3e2b9138fe276a75",665144713
"2dfd1808bb95170a088deac6",827454208
"2dfeb06300828182d4109c43",825057315
"2e0a8235637e98dfea862909",929843127
"2e111ff939191cc6df2c59bd",736482910
"2e1608b8c646a102e27df16b",707244717
"2e1f3fb2323fa16150f8bc88",576317647
"2e1f7569d134a931098a2ede",834705506
"2e23ee2beaf5293f57a5c504",477077862
"2e2d3f42f4f8369733b3bcb9",875317413
"2e2f1072d8db7372b2c2419d",535721131
"2e2ff1e620063f416a387058",767852457
"2e3fc1d628f6727880d3d4e6",446683235
"2e41ceccc918145dbe7de0be",637432873
"2e52008bd11000eb776bd80a",1275449891
"2e58c9b6fbe9c57c83bc0aed",951931359
"2e653d2567a47067df169d97",1251824558
"2e6fb29cbc1ccc3d97c92c72",936773315
"2e797c8302fb7ada13ef2d4c",679844603
"2e7c6a89d2cf2d835839f5f1",698421288
"2e8af16a155fe18c8c6730a2",996125516
"2e8c76f4ed59cd3924f7136d",862538891
"2e9390c4423db604e1c7c4ec",620619875
"2e992370de3eed4ec1271589",774634573
"2e99240e23b0542f1cc75026",585283128
"2ea47ef8f02712c32613fbd1",501335223
"2ead9549bab6f1386b7a2c77",867505473
"2ec9f5265334241fc594976f",838249125
"2ed1ae5e6fa77e447af230fb",723751685
"2ee7f959d069c9ca223115cc",962657568
"2eeb4b0d7afa57b63778b69f",1272422565
"2ef897a38b95d7b769856e78",627353057
"2ef8a530db816223dcf474a1",532283379
"2ef9126614eeef828f797e66",887661310
"2f0bbbbb466fae3fe5c4f614",541562542
"2f13a428281ffc425f2c2e38",524926172
"2f171883b97d9c02b90f93a9",382127957
"2f1880c9b8f7ac2715e1236d",881257750
"2f3281ef06475d2114fbf9a7",434976705
"2f34de2546f13e8a9dee1edf",546973294
"2f3d01cbf0ee0b985386418d",496458228
"2f412384597554f3dab07985",922231896
"2f48a73bfcc91272161afd39",699354275
"2f4b0b1b81c792f43f4ccd5c",446157644
"2f4ed160fe2a21722e6299f8",561243876
"2f610d2242d583654337d468",1322236972
"2f6515defc3b21d82e0ca4dc",423781599
"2f6dfe9443645d6629eeccb9",527502850
"2f76a2b53e091df35a125b13",479532359
"2f7784465c1c69c8f786a0a9",1245177285
"2f7d36523df4a5eee3edbe05",706773390
"2f801cf48edb712627196b2c",609581165
"2f854c9df6212c39091bcf28",599860441
"2fa288389b3031d595973793",802735534
"2fad468e1c248f40ee3586ad",761150802
"2fb149a70fa14ac05582ae69",582498656
"2fb5206d246ee7ab22fb8143",918045732
"2fb8b2990751692b8ef1ab6e",821838176
"2fba6801eb9a7bce7ed2c081",609678670
"2fc150cf6ea4141106bb8ac4",396848814
"2fc19f73fb877ed8b88a5250",402587311
"2fc38ab2689eb24f63e32efc",945126756
"2fc96ec5fb2c8dec0a5b09ab",974352400
"2fcab31c752b699af5e8ce8b",1225633606
"2fdb80ee4f9a35663e92b3b2",728971906
"2fde05df6a3aa9f57385e6a7",539764332
"2fe64bad1bc8a43fedfe0700",625687154
"2ff0775d2c131d19804f2a2e",572554354
"2ff531e27672ecd2362eed55",829103155
"2fffe55a1584619bd7c489f6",816258089
"3008e821640b33a8d70beec9",448044508
"30091c32a5046d563597bbf4",543988078
"301b5da33d32c0632b16e8a8",857343670
"301ce25214ddb4b5144373ef",1084754743
"302918a3460b98acb64fafdd",573703879
"302adfed183564312f9e3087",963986095
"3032ae39e739fe46e9e198e5",934886416
"3035d7ea4b71d204b588dccf",615908885
"303dc73dc1130de9aa2f70f3",648067527
"3043d0b025fac4ed90b448e6",503929001
"304ce5835e685778b1c2b6a1",585799725
"305080502cba05a1c165560b",621173696
"3053732169b2260529f90133",660795126
"3057660e38fb757dbc8bd898",764476099
"3058b792e3f6781e438a2e9b",812678110
"305d6abea2f3e496e3b6fcf4",729615351
"3061729865dd2d68858600b1",598958347
"3064379f468404110d594c87",699361457
"30652905d3eacda34ff61a9e",860335880
"30677852542c78698083d4f3",1060894028
"307acb7b4044cfa5680e4227",1337227190
"307eb683db84db535106c445",771674902
"3083a7ab1deb092f7aca6a54",647608407
"30a30e4ab286fd822c68ab5a",619882885
"30a8b9c197bc42f088d0b873",605100988
"30ab0bbf876dfa515b266c9f",443965702
"30b0c440c0bc8c6005855ff8",820366481
"30b3f38716be209a894b0942",441855055
"30d2ac3ecb8150e4d4339d1a",1271844513
"30d38a7bab2eaaef1ff6be0d",816468783
"30d5185ca2ac2fcda2bcb79c",497843290
"30e10a03626eeaf8bc2c380e",744541105
"30e134a6cbe61d7954d0f56b",404971156
"30e1bd4619483b0e896b5229",673500668
"30e6d4e1c53e9e81ff66df43",561243876
"30f381306494ebaa760b990c",685789521
"30f3b383f2d5e4709c9304b1",1107882032
"30f6404e8034dbd513aa8a30",452472359
"30f77637dd52e728efaddd6d",1060716986
"31081c78ce92e1d8dbb315b9",651169604
"310e768d2e8836432f8b3e97",450675223
"3115e2391cc3a078b5e6066f",769878912
"311dcf366691c44243b7b89c",808653341
"311fa1bf3c405f9bed13b38a",425945460
"3128a4896665d38feb72b456",735626148
"312a6b2a57dc6947f95213a5",453015264
"312ef52e0250429a5ecb3b27",1048999533
"313abf19d78b719cce4b3188",834372299
"313e17c442fa3040065b7489",709237934
"314153750510e92ddcecf33c",814377375
"314479aa7b73ef6ef44e1c89",598966956
"3146f3ec9b237fa0944cec7b",618498390
"31474c62a8f39e250fb2882b",1077136209
"314a1e163d0b77b0f384da29",406540265
"3151daf55106dd159f27a8b6",528684592
"315ea6fbd6b3261cae7fb900",954680397
"3164e0ecd246b8ed6cb6d054",1091924666
"317d8f9d18599b346639a4d1",471242883
"317e95fad7d399673719537e",872182432
"3186cd0a3125adf3b25587aa",813195410
"3192bb7190b9130c4e67be4e",768714915
"31977cd5d4c09eff149e74ea",853607711
"3198c4acc62c1a2276bf15de",662294391
"319b9accf9980ef2ef81099b",827508299
"319ba1ec06c9b6ca6990f4c1",1049446804
"31a1492e589f317a58a79df7",699769526
"31a3719e57ab1425e7267fad",741756388
"31a6c440ca9eb29acc0f1086",1025305181
"31a73382ae20331521bf2e6f",815589769
"31c69cf4d197f97ac594a896",841768260
"31cdb68dc6476128c4bb2f5c",1006671895
"31d3215c8345d48ce9734c65",432558558
"31d6f089626c4fd08536fac0",541226967
"31e241881acaceb02ef915d2",707488126
"31ed69311bfbbe000f4483d4",569426109
"31ef69bed8e54b5e1fb245aa",698746941
"31f52502e89beb1b2e0dc3d3",817935283
"31f56b841b122b35615bae2c",461274463
"31f630c44db4be5360a57640",852135980
"31f6a25d56f3bb36386d07ae",961620590
"32036c1eb131e6cc4f3bad3e",383500059
"32040dd7b8edfbe331773288",686795502
"3206523e850b5b5fbce567a3",1040869842
"320ff6c0320674fd278f6fc7",607811752
"3214488a8fa9cf8b3dae877a",656565771
"32161228e9c502d2c21beaa3",447711342
"322bad590ae06fb48f80c533",485375513
"32354bff9df0267a5e139156",674377993
"32366fe92222b329e3d03b29",810236710
"32421841f7eeda76160d7959",529914200
"3247399a31df838ec5fe58c5",812366068
"32474481a0f8af34a4edfec9",491790769
"3256c6c6f30aea9cc79b7283",985146096
"325ce336d3df17a078db5166",506055504
"326a82671272d893ce699476",690005110
"3279efb86571efde18eeebef",575697706
"3289958459cd87f24089cd14",458507417
"32915b77ca68000ba9eed6d8",579704306
"32a10e550bf7095627d17da3",524899018
"32a555016892e7a74d231545",721461494
"32b678be83da2a07b37f3012",452555616
"32bdf33933c29b1cbf89539c",699769526
"32c1f617f2b1f537ef703712",1001358048
"32c7a2d032ee21f8bbc6eccf",561257571
"32c7b848ef60432d98f415c5",755194044
"32cb6246cd94f962f780a1fa",392832465
"32ce96d8adc8e549b90b4a8b",755918153
"32d2c5f1707b00c93407a19a",492623319
"32d56542ab5486bdaf4466fc",652061317
"32d5772adbcc785ecbc2c55f",596177011
"32d5a20c542a8194a6aae965",660960764
"32dd96f4f07f67806146ec46",564350846
"32e182242a654ac03a8f3ea8",431909999
"32e6518755191bef743b28f6",886739274
"32ea7e13e8d9391aa9b7ab9e",390832510
"32ecec7d5c47d02969368779",642043448
"32f3364ac1fabdd13db1cfe5",365628312
"32fbc0f1934f7325a404a2eb",869136671
"33043b254b9085fc82ee1f7f",385627735
"3307731f3bc518012912f1b3",906954177
"330c37fb5065311564fd35a2",949320960
"331c515e7f0dbb4460810999",793521341
"331d54f8a1bd3dabce73d6d9",845114884
"331e915e2a66fb70380282d6",766630453
"331f0957d55d7f03df7fdc4b",1096445389
"332201e2583141f3a02dcca4",795667202
"33258f995a375ca192ca4d3c",737142785
"332e395d4ce62523a2e3208e",447063386
"33305df46dc2186c7e3f727e",1103727276
"3335313b9060ff29782906b6",559081130
"33379968a83c8a90c23e77dc",484481277
"333a643c623a9bc75f3a40f2",1105184792
"33425419e1a8e854418c5180",395991116
"3348706086aa3db5c92259c3",459319214
"334b5b9fc68a18387ae59ebf",416066054
"33501f96ba3b02da073d586d",460387918
"33510511ff07dc7354cca7e8",563996219
"3352469ca509e8ca652fad1a",566166639
"335626f385c28e8370c207cb",501450211
"33598222854631e92fb72baa",873798645
"3360f48c1ec30dd1c3175101",539337551
"336888717766096b24215b26",717963388
"3370a48ec22302456c41ded9",462916175
"337c81be4cb14d494ca69db4",1029930977
"3393fece8a6ed311ad865e66",893597861
"339bc881458ca34bdcb771da",978781275
"339ca7bc687766f517ab3274",452157663
"33a334a16c4547b9d7842c3d",712640266
"33a61cda27fadacce0d1aa7b",935520080
"33a7f6aebc3e2d480d287199",912779733
"33ab442cf58cfaa33eefb6dd",404971156
"33b702ced6de5f7ab8b29e7a",598355049
"33b92225cef255b0e4b4edf9",598201596
"33d2d1db291a13affdc209bf",683926222
"33d6b1bbab4524c3aa03756c",553093349
"33dbec39ef8c0667e4c3f039",670314721
"33ddf4e1ed8c864e9db16887",584033157
"33dfb510aae260ccefa4d349",1061612047
"33e22ea4154e8f71062dba8b",633016812
"33e4901b6e72593513a02207",670077845
"33ea5de5e8f5c639a213414d",843339494
"33f1a7739cb556a78af083de",840291090
"33f4f9988387bfc237d114fa",644601213
"33f7d5aa494288cc90d60456",937892045
"34067d9b2b4e45be1e5cfa32",569385265
"340ae520163a220061bd7f28",630037207
"340c4d762f830197fdaf0977",943501441
"340d1313fc2dc8e5b6918262",850042017
"340f96c7de105aec5b7a28b9",824254334
"3413f37549869d2172b76d6e",978445497
"341c307eedfce3f735f4a63f",801805144
"342027b17940a0cc5cdbf8d9",1117618588
"34291b30d129222905ffdaba",701654422
"3429c774b736cefc051e2c55",553838736
"3438e5d77044f21743e56edc",565359636
"343be18b0f77260f32ec05d2",429053486
"343f45e7d178eb780a9a9818",524710603
"34447730b60ad12f4775894d",1091068143
"344823ba2777540ffa2a8fbc",832696416
"344a104d2210954497a5a388",1057146823
"344be03236aed65e74b14a2f",525024300
"344f3bcc1acdba48c12f8441",689468216
"3454ab4ad567d2d22d990fec",843290968
"346c734ce163296a07526a35",622540839
"3477646f548971044f8f0494",419561870
"3477d85a434f66df58fbc094",805135278
"347a4deda03bfdde6d1c163d",666693517
"347d5081f7bd36c8edc1f352",1066436986
"3487768de3a13b7ee3df0254",822394187
"34896afec0b639648c527483",1004369682
"34926bd7f9880e277e75a447",833983377
"349602317da0e456d88fe24f",1034314984
"349768047d470d2fa6ff1930",768462034
"34993717af3f861b9735df6e",646201241
"349fa9cfa15d8f8bdcbe863a",1228200371
"34a9e3ca94ac06347d879942",874329073
"34bca71dc9c74a2072f11e9f",729439851
"34bcfc2f0cefad790922879e",858085807
"34bd7be0761ab3d43da7a81c",645482867
"34c84d0a410920c303ba69f8",535873086
"34c92caf68dd0cec9fc383ef",1214029266
"34d1394dbb483e55d1cc2da5",405101925
"34dd15023216e187daaf5a07",804722303
"34e5602cb58501859e32dc9f",729895502
"34f0542a538cee9f3624d897",440265584
"34f220a8ee1f24bcc5790364",572120971
"34f4df9fce2ec05633d0cbd1",547527177
"34f99327fe595ba6e32d89a1",652666816
"3503f56e09e639be4762ff2d",786151259
"3507f260c3c6e195fc444533",518907750
"35114fa32397272437e67a54",468926825
"351701c5d1b821253e2c8c42",424403264
"351a3e1b62cd51d46913a8eb",1194680642
"35255f80583ffbd504250554",753177834
"3528df61a44a9895248336c9",589657567
"352a76b301243d22d1b31f79",510196244
"353207faab3dcf10feaac8ee",885346806
"35352b370a31d01748616b01",983025772
"353743db4334fee80ac08d0b",1056540329
"35381d7a5b25317d7588ce77",655205017
"3548fa5ad26ba2ea999380a0",530105478
"354e2de1e3a81a63e7fae4bf",798670380
"355d1fb69bcb4e8e8ed9ba1a",822630571
"35616923c84423b44d1d1438",1040419776
"356712646865d98127b92a57",689899808
"356815b8ffc300fe03073b7a",683637593
"3569024b3ae4865240973e6d",433974661
"3573093e56e95a982a41879c",1053291240
"3578144f12e13e98e8cb2480",443558957
"357e2add3d68167a4f3ce15e",777496436
"357e58ef96c53f39e267b80c",1015861782
"357e653c4bea02df1b08c62a",868165100
"357fda0abf79ec95f73e3584",493812029
"3580dcbd0a6d7d6d3546dad6",582956774
"358e1287e24c3c4fb353315b",745972022
"358e85ba765ddde3ac31be33",387319432
"358eb586d9649d20dca9bfcd",768992337
"35984f749eeb84eaf938bb08",1065677442
"359f6a66a407e30b40979d2c",787021608
"35a39cf33d16f8f5ff75fd6c",680782064
"35ae7661d8191507cf9e7cdf",730446568
"35b03ab66c19ba2049ddb9a4",569048183
"35b1cd8020e7efbb9ba5adde",1012383168
"35b789e1d63f8f25980d21a1",1125087987
"35bc25d0f9de2ed4f714fc8c",754462525
"35c7a7c0ace36f4b95423c4c",483823213
"35cb50346289f0590dd24d83",1055737523
"35ce37bbecac6b164fa21e6c",476169954
"35d79b2ac92083bc439124ac",504957940
"35dc60a65969b264ab283d6d",544215631
"35dedbaace193598c9c438a7",386967926
"35e0cac576415a4e61acec80",1015861782
"35e55d060b1c4239a85c0ebb",436663794
"35ed4187f732a1ea68dce712",844813874
"35ef99962cd5984ca87bd326",658938016
"35f69c7a9870ac62735d7639",482407257
"35fca2d53ed17ea7637c528a",929776361
"360be0df2c003005e3db080e",1255673884
"360e5cc9ee1282e5a6ea17dc",781026304
"3611c89dc71078cd0aefd2cd",580078289
"361715cb422c5fcd9125d5e6",496676082
"361ccd7f37ada9c07ffcf71c",908645191
"362212de783981c9ddb767bb",513118807
"363c96b85cf07dacbb10b92e",443304986
"364256d0881131148655e006",831127142
"36445c32822146606f75dfdb",881064732
"364b8b8759e3c408c4005021",564062872
"365a227184022e99f1d2a816",953387304
"36753a5e31b0edb1eecb8bcc",606578036
"3676e34e4824101f3fd9aa2c",823706380
"3676f63aa0ab23ca7cd344b7",475215035
"3679e1844a35c0c87fffefeb",518350483
"367bc4fef78a9800f8616d02",570876479
"367cd12d7f4aa93124047eb9",579704306
"368e740cb71b9175fe5b7b6a",1103727276
"368eddd8b6d39bcc7124a41e",523738133
"368f7a70a62962bf31ec9583",1255673884
"3697e556be961a16a621f3e5",419628565
"369e9e64898ea16b7ffefb7c",712359943
"36a0a1f0432c954604825b6e",673676987
"36a11817b32bc24eda6ec8eb",498732978
"36aa7d0cbfe40adf3c86a134",759814801
"36ab522893b5f01caea4cd0d",744577082
"36bec92975612d091a3c78b1",745438575
"36c0d26b83e575a500a6c30c",590666662
"36c2cae6de0add92f32d29f4",852552551
"36cd68fc3ffab79fcaa340ab",469204010
"36d5003f0b5ec7f80e89262d",995718369
"36eb8139a5ca1b8459eb52c1",760243932
"36f85981124e858c157f83df",648501284
"36f9a0ea831710344f468bba",425945460
"36fab4c38cdd91de650e6abd",780961260
"36fd9fc1f1d9b2e10c1c6463",509246794
"36ffb5566bc35fbce9e42679",498732978
"37050aba3553f3869d59f809",939113883
"37063e689732880621e4e733",914037847
"370a0d0da794efd58cab251d",958927162
"3710ec95af4702c45f165279",662034898
"371a0ee537001f7a9d58465a",898529942
"371b5ecf08973fc6e6849d14",585287457
"37227e66adec69299f853e51",705762261
"372a3934e8179422b5cf5729",999479219
"372d67ccb9d251e290891f0a",390434486
"3747996611a842c452865a9c",878836147
"374ca1a16b8eba42b35374ac",682936240
"375419559910484b17782b47",1244027203
"3771c66b9ecd6db0b201d4c4",433724594
"3786baf40b31a20f3bf3aa80",671713523
"3786daeec4a4fb40ef07d8e5",759131746
"3787f6da3e961c0e10d30e6d",1049256499
"378d846a7af35e0c3efe53a9",967681961
"378e6374da00b72bcd7920df",683731223
"379429ee3675d1adbf816cc5",491339695
"379c4fce87557848548b0944",410707665
"379fcab709c66fa146d3491f",679854712
"37ac1ae3a7e2a3319eafbb58",572554354
"37b8e8a194e4f2fed7ddcd96",403664563
"37cf2c5c1c6fb6e601d2f76e",389198109
"37d12acc69d0e3e92420e62d",733275138
"37d39cb7d3849a784497ed0d",796610047
"37d5a902f1036cf3d80c275b",630346287
"37d5b8f329ed1ec29d4bc035",556423592
"37dba4927e327d3a4a0c1d36",592609610
"37e009a57645b845b1673b8b",606258436
"37e0fe114a3c7406daa57443",805181281
"37e28ed39a51956880d211af",994324429
"37e696957da15625da71146e",572767174
"37efd3e2a5b6567957c62081",607630975
"37f39916813a58b844e17833",804216953
"37fc4ce5dfff7faba6bebf8c",832563534
"38026eb43ff9876cd5767ac3",483745668
"38029a1aa22c0a5beb065edb",948571647
"3804d5b313b742228ef0f1d8",1026737015
"380759598c614cbe10ae4bfc",824590944
"380ae516dd46442f97acfe14",709290081
"38117bca778373247df86e14",524710603
"3825ce5030d951ef0fc2f7c5",393150111
"38328747d2e1e0e568c05523",636458120
"383af3a5794a0ec3efe78b2f",530649329
"383b3198861942064a63184a",514003171
"383c0948aac71636973507f4",702680000
"38410183814a757520143737",735626148
"385488342bff3d3587250c84",994771696
"385fcde12021f4bbae6ac2fa",431899008
"385fee7bd9ad7722d45dd034",482181284
"3865974fbc1b412f24c47eaf",913044937
"386ad1ba1cada9649f3415c0",957924508
"386ee01c3f7bd8bdb91181ad",873297783
"387af5fb4b4a7f5c3fdcce57",796312717
"387f18b1f01b1aae536752e5",580489287
"3882da646752a82db088c614",527720253
"388a6dbda422f886e503e685",1322236972
"3897d9b5fe3a0cfaed7c18a6",481332020
"3898683e5d24bab9eea24d30",778923096
"38a0fcb41f0dbe8b0ef7af8f",786722407
"38a1e2050dcab9b4c70c5e83",523116264
"38b424cb0e54f0f7f2745781",699769526
"38b87cf007043b76670207d8",1086978520
"38cbcd7f88c1520fa083af9a",892050770
"38cccc333e2c38bd608e1880",702409765
"38d4b1837c595b6d9a23e994",1097519410
"38d5b9319bc16bae99fe73b9",715377056
"38d6842c2807d54f386bdb5c",1080864137
"38d6c2a9beac610279bc110f",496644803
"38dbf1b9c5963e9c3d008340",872503323
"38e84c560b0455548ce186e4",537950022
"38e8630f2c05ea38e2257c21",607811752
"38faca2d6e338d328428f986",518385204
"390107256faa08574d7231d2",1053070217
"39124b1ec419566a371af8d4",1087702555
"3917b95a3d05a5e58c117f68",513630145
"3918fa99179953461fe07f2a",1011046679
"391a98a344e894c6397d62f3",473655234
"391cfff759030283411dfe1a",506518983
"3920eb3f72b96fcb58ef778a",412437770
"3921d7b508fa1591d40802d4",446276996
"39222ab30001b3cf45b7de65",596792016
"3923f0e655615aa6b52721b8",727733931
"3929df6d73b3ba01bc018476",455713268
"392abbc83cfacfe87c401e27",602983755
"39351adf139f820864dfe8f4",1036284932
"39377d0d271da03ad85c7bd1",571230730
"393d99ca47315ae98fe9e7c8",1162741388
"393e2e7ea1f20eb6b4148d60",689899808
"3943b64f9550a575f15d6d29",1092337481
"394718d9d069a126e13be804",767386109
"3951171501fc51e2d830cc82",1015823645
"39542105a7c46ded0cc373a7",892930118
"39579c195f288da8d77f5ce9",936161165
"3958d0cb732f3d623764be54",514164793
"395c34e4b8f52cbdb0522459",657502919
"395e3718423aeac3d40494a7",631614735
"395fbdeb9f0c0586a2b20edc",518309982
"396761edaa353e0828949bbb",441509876
"396c8060d9767b4debf2a54c",735510389
"3977cf1326ff502251f78f66",701254594
"397a7d1cfb809e34797f2bb4",755147306
"397d0f6319465fd7fea6f710",1081072056
"397d4e490eb2db8a1b18051b",506270247
"398274b1c46fd88151420c6e",521226768
"398a67970cee5dc873d71bbc",1016759655
"398c195aa41ace34a16b0d7b",1123600620
"3991b04509fa61b36a8f7d2a",883939407
"39940234a26e7264b464450b",579048701
"3997c10ceccd2f8c8e43cda0",1091068143
"39a12600317b58457f68b5b8",395858985
"39af71aaea23b5c1e987de32",487446845
"39b62c6fca161b80bc6726c4",1146270059
"39bc028f3b42d9ea48808ad0",467076523
"39be6f994f2cd3d68b51126c",688603020
"39c1613acc0ba4fe622c1f31",880495353
"39c6bd862f908b7e8088f0dd",747134292
"39c70622597e64c4821d0731",1013068859
"39dee9b1661292cdda6c4823",604315398
"39e306be57a992bcc75e089a",379175810
"39e4765ae5c8284e1f3f618b",856310994
"39ef085809bc80e32e7b6af6",1115693812
"39ef4fb2a43fa3bba15a0b16",903096368
"39f70d6b68b22668a0631f37",687897426
"39f9f736d802b166ed688224",895687488
"3a00543fb00cbc044a5b3527",411989167
"3a103803cf9cf0451582d89f",412876615
"3a10398b72905bd710ffe9e1",822630571
"3a26efe201689493724ba464",595893504
"3a276f0df8c12422e14107c5",1153641390
"3a28bf9841e6a9d3f1bc293a",969042579
"3a2a2df4f07902b04b809125",832521693
"3a2cacbd3b4f9a23514b1433",1004955920
"3a2e95f5eddda4df84b2e2b3",561351473
"3a2f110334251e97abe3583f",406422236
"3a36f59d7c0e6c4eb85ca0cd",1076610946
"3a384d68b7ddab45e01b6e99",830937565
"3a3ce11d981d0893ec732e22",689899808
"3a40bebb521445fcd32cf033",800227577
"3a413637f3108ddf7bd53bcc",630037207
"3a488b9e24d9b8fc7c222e20",418286386
"3a50d40f15b1cf5bfb338092",449370959
"3a513410a390c75fc14b0b3b",582527185
"3a53919313bd750f2b1af906",1250194989
"3a576586fa1aac85c2ffb75b",1072106166
"3a6262eed8967d695182e435",651206545
"3a810dc80d3a63f8cf106717",826160618
"3a878d44356885ea61bd882b",651182703
"3a8a506c99ede47ae2257e87",652853036
"3a8b7b9048c82797fb01a8a1",796156993
"3a99197868ce338c738a3b20",616107434
"3a9b2ef74c59e96a6b107357",513602396
"3a9c7ec02f3e7e419669fee2",387319432
"3ab2ed6d140698cfa41f2e3f",486056397
"3abe8f334f0f20f8006ca5d6",556999945
"3ac517f74dbf8cdc8feadfe8",683807484
"3ac77ed776aa4630c7293240",868575439
"3ad3c519ced4b63ddbfdb0a1",399898001
"3ad457c8855ab8921a7974c7",877591416
"3adadd50e603746e5e4fc082",761977722
"3adca5eeda4939a5ea11444b",764960324
"3adcc2c662c8c7c9db5f0982",566875644
"3aee70815bcf6effcf0e5fdf",858085807
"3af2a1ec9efa6884a8254d28",679466328
"3af3a702988bfa0599727982",953617405
"3af4b54bb5ee5fcff80f1e53",511386135
"3b05e06aa0bc40b9db16416e",410915803
"3b0b0bb06d95c5ea1aed2d95",536626425
"3b14b48188fdbb0917414039",677018214
"3b16ff50ec7fa717efbd62ab",728692336
"3b185e3e31f7f5e6a1b3193c",625799453
"3b224cf6107d815a2e78996c",901041638
"3b23a71bf40e800a66bdeab2",419244949
"3b29177e99201cf4eaae612a",978787366
"3b2936127f5a4684a1d3de22",739482825
"3b2fa7905fd8fcb3e11ebcf2",1019985471
"3b368c10d243f6bc9c027061",433744669
"3b380c563ed2505b7630feaa",1078082179
"3b39471f854357b7e5d2853f",872619741
"3b3e423e248b23090a2897ee",545852612
"3b43e7acfab46651b099b1ed",1017650997
"3b4b303bbeece313f92cb85e",922231896
"3b4ce006ef95420847da20b9",507847905
"3b4e889562e4078f8f369172",491192156
"3b51828a1e891f3a52a4653c",599225041
"3b52bd5eee5ef8e3871dcb3d",1215217934
"3b54ab53b6e3453e333a0939",396291953
"3b5a5d6536a9fd24f02e8ba0",417977913
"3b6c37e7e6ff1c03ee4fe995",733693633
"3b6c94e3e3684eac73b3e7f6",1246301542
"3b6cedd9966332f0722208cf",473557965
"3b6d88f864f6c1759f957c73",1286669998
"3b739666f401ca6b2135652c",1079704585
"3b758c26283c2f11251bfb89",1004110738
"3b7ddf527979726fb8aa1683",449875930
"3b7fd4008e14e394dd09a0e9",1322236972
"3b823e81c5378ee3c977e863",619283010
"3b8302dabc47048245acc09f",807429641
"3b98c8e46cf8477a1968244f",487935615
"3b9971f91bbe4b8dcc704ba0",748753739
"3ba644c7be754c21e3cc48ee",787064861
"3ba6b07e752fa580f630eb8f",1042531746
"3ba769d65f02217656e0f5b5",847197076
"3baeb28cb33d048bcd6e42cf",410116521
"3bb15c6313ee70bf4d88f4e0",595510609
"3bb987adb4ff573ef09b8c12",547328426
"3bc1d407f7e7c8e67f7dd27c",902364676
"3bc68bc2d6a2b81f9e3b9a50",566634936
"3bc80c56871193dd782696d3",512616341
"3bdce823d3b96e8f0170d96d",658563406
"3bdd7be0b5e18d266189d991",691204493
"3be69554b1cb31ed5732a836",701654422
"3bed16373c8ae820187e3d5a",798673169
"3bee8a9981a1e9e13a05cafd",683663129
"3bf1bea2a835d7fd11e47ce8",446157644
"3bfccc757ef82ff2774f2db9",1120543624
"3c0b438c7a4fcbfaff9f678e",812008871
"3c1b1f86087f9b99380e387c",816025146
"3c1b7a0a306e16e8c22d78c9",1033125542
"3c1ee7e502c6bfb20873b47c",650643997
"3c268e9119b8027f78f91954",628637123
"3c26b2954be250bfe239db68",410589769
"3c2a535f1df831771b859a86",492344798
"3c2f62f464aa5c48c470bff2",746386746
"3c35c8993bb937164ae4a880",1033146415
"3c38153bc36b364b92548965",763134252
"3c3a0f57e030472879f454d8",736053433
"3c3c7861a9727bedf5e3cb29",813205291
"3c3cc027fb179e91a46f11f4",545544795
"3c45bf3e3e31e7804ac91704",636888290
"3c4c18326318a7207b589dbd",411913156
"3c6092e8458ee81aed0db0a3",706926958
"3c660885ddd7e98ba5ea26a1",1032435953
"3c6d485d7b01ddd6147746c2",635990210
"3c753ecb3a4f8ce43077a6c1",990671322
"3c840c206546c20b3e53d4fa",661030160
"3c86651d9bbfbb335f15b544",580316807
"3c877a0fbe08cda958ff8f46",888512543
"3c8eaefb3f5dd8d4c9f5386c",700148843
"3c95dcc4bc3788b4cd5602d5",707359117
"3c9e3b97db788dcd10acf0e1",542094068
"3ca0e7723afebbf53e390297",981454046
"3ca34fa833e6ba10cb4b1944",572554354
"3ca74495aa9adbd533ccfb96",978723305
"3ca7f183cc0b303e5d455309",1062248473
"3caab5e89722761d5ab2498a",509721497
"3cb1773d90dc240c4ffed5c4",903884678
"3cc722d5c764ac261611c2b0",457241784
"3cd016f68705e73b819cf74b",638609791
"3cd3537b5f9475657060cae8",1175278568
"3cd5562115870363ed5d7558",850619648
"3cdee5304896e4cb9604ebe3",696908092
"3ce2c7f1ee7569e1b916cddc",578962914
"3ce50f34a7974ec17178a79f",697264380
"3ce908c9b70f349158f7d04a",879188881
"3cecc0cc43ef46670a8e69bd",554940329
"3cf9282136fad24af0f7ebb1",828497518
"3cfd9ba5c6993718c0c532ff",484468712
"3d04304c8644c81114c36f98",750069067
"3d0cc51b7a2392f3be3b1666",668953131
"3d0de71d822da8a999bb6222",578739529
"3d11a16b008c26fe43deca03",564630389
"3d141576443a97b0202c9672",1186177285
"3d162a854aa05447e2cae0c0",1029930977
"3d1a767dc286fe1cb86ed9f6",807509489
"3d1a8884a9687e53e5fb0bb7",622807809
"3d1deb639d94b292552a123c",552172638
"3d24d985b95a3e200a734bc2",1237730512
"3d266736d0307404a5804073",586305074
"3d31144a77cb51647f3deb02",638822831
"3d3317303679a6a5a381d0ea",1276855358
"3d389130627ca7bade643f47",643043581
"3d3a318662cbe218db0878e7",822630571
"3d405df6e5dd012419f43ba6",888701163
"3d43dd23536f843c2c5bd268",1160436877
"3d44c742b1aa4c022a968ea2",415403201
"3d474c6a88ceb86e00f68b3a",427491311
"3d4c48167a8de8cb0e4956f6",976185496
"3d57abd322b0077efa1091df",811765583
"3d580d0df1bf9dd124c282c9",630037207
"3d5ece38670c1c96df4cfff8",685789521
"3d63320260d150d134fe8648",815178785
"3d6815fb68ce959cb95e225e",678895015
"3d6a9a4f2336a46eb62e6a47",1024303245
"3d6d51ca99f2747d6b92dd19",645609366
"3d722d960b860b4bee79ae2f",670953538
"3d9856c3ee0a4b5a833c69ab",719927814
"3d997123b33373024bd2cbe1",1015644159
"3da41d55a2b9f78c2b10c75d",816258089
"3da9de8f610e5c40401a5b78",702188896
"3db3b80a902c10004cd3a3d5",1255459716
"3dbafa8cd5225e261ec9b6ef",393338306
"3dbb09358256bae5199e1318",711081119
"3dbf89c6e97182647bb44e69",861417157
"3dc0fa238745fbc31ba88853",369459450
"3dc8277f29d0a2406fa25ce1",751020973
"3dcdbb92628e6a200adf48e8",1245112201
"3dd4fa53bc59e5852f9fee98",979637798
"3dd8085a65f24b497ea59557",892391746
"3dda25226646e1e91f4c948d",711486826
"3de5d35f742cb4eb68d5f314",741871074
"3de8187003cbf6c4813bee45",390430645
"3dea0748459a295fcbd2f0b6",570264274
"3dec1da01706b06f5d6a9266",465651668
"3df855d8893dbc62eabd95c6",571712558
"3dfd7e954d6f7f40af60bc9d",445263746
"3e040e87b89a043564f0d0a2",969470434
"3e0c656b64d39ab38201a112",484725118
"3e0ccd899ad73579898fe73c",1118104571
"3e18c851788fa8724ca8b7cb",538501898
"3e1a1b2a518d3ca2fe3950b4",612820738
"3e1c2c5b0831edf78f7b7082",754533702
"3e2c1d2cba8755ffad9cff27",1158095625
"3e3717eda8ec9a68c9d83027",503309048
"3e3880088f0df7c447e27840",494753378
"3e3f264cd0ac7a65ed2349a2",1177813223
"3e4c1e6435ea1a9c3150aed0",524710603
"3e523ee3a6c2d89436539792",603757476
"3e6645f2cd377ba17ae2e46e",453305050
"3e66557e876a876c259c40a0",468926825
"3e7217f628a1d0fc9bc47071",705683484
"3e7f514983daa92e49a7c87a",435232566
"3e85b447edd3b23b5a0d3b79",626529247
"3e85deb0237521f1a7a8fa84",1020005927
"3e874c25176a3abb336b31ac",545414732
"3e891afdcb568befebd66fe4",534847879
"3e8a4318d93b1fed4c48f48d",1309556500
"3e9083411c44213130b2ece8",617065213
"3e9754a961d2cf348c9ff7af",770885860
"3e9cdf767389ee551b5349a3",505653589
"3e9d73530ff24d3f4a543091",612956820
"3ea5478270517f299b20bd06",838064640
"3ea6e8da2cb0bf83872dfd8c",597128098
"3eb79541c2ce9413d2c54736",699769526
"3eb97ecf8069775b9104af85",1074354973
"3ec50faceb434f716d73613c",1089838984
"3ecdb7a7d178b48361340ea9",726535366
"3edc0e70e7cf6a21be2f0d53",387752560
"3ee3ee47bfa21462a1fd455d",665604821
"3ee9cfee7b0acd482672ed47",783035122
"3ef167ca6c4ac77f6968d17d",721461494
"3ef8fee6a5cf42827d8bf562",994775099
"3f081fb77ad08f8370569bf9",542379633
"3f0c845deec1c24472a35efd",1333835436
"3f208f32cc24d8ce1506ed90",665661429
"3f226452520ee8f04e306bb9",1069777561
"3f295e6c14e23cff1468bf82",875274378
"3f2c18ea5d8e9a25adca4c42",837750127
"3f35c44229ba13940d8a705d",1142855094
"3f370094239ab6fc817e9ec0",1075604291
"3f39a260b81dd7de1dff2b31",750368081
"3f39b25dedb96409dc9d1947",1220608322
"3f418a8bcc7adfa87e0f67dd",687142468
"3f4272a3a4b14ce152fc3abb",496502770
"3f438d6202cfd4527bd8f983",578449462
"3f45ed2f08a2b03b738fbb5e",508043461
"3f4c2c98a5a6cb78d7d26327",378185584
"3f54091296f773f5a1bb240b",952825125
"3f5a0cbba1433e9b6588dd73",654471165
"3f6b2f0c0876c21755369cb6",785181157
"3f6c05c97778fbdc86304bf4",861281945
"3f6eba5c365508ac192f2b82",486216019
"3f6effb8881ea683838437be",803900809
"3f7c5d8304fc650bf97247ee",821010539
"3f87d08afecc4aba03587848",1381309243
"3f895518a7fccca44e534578",489242245
"3f97341f90b11e6a7a7f7c2c",648669299
"3f9a3edf25152433969f98e9",642588978
"3f9e95762d2f2056e9716039",583589844
"3fa0d9e247f28968a5bf8476",555221289
"3fa4ef366575bc72ca5a0582",972777851
"3fb3a581a9a74146dcf9b71f",479421327
"3fbc0746bd620a0baabbd859",616001859
"3fc7a0f9c30978f24d688fb7",742556156
"3fc826461ec4648e4f7877da",639570130
"3fcacd1cf9770a2724a5fb01",743323993
"3fcc5ff04edf753621d6cbb6",783753992
"3fdfa23ac43d1df0503ccf1e",937813329
"3fea10126c0c651f02de7167",709909156
"3fed1dd17fcfbd2b86e73143",451076444
"3fee486268a1451a7b9fff7c",726442609
"3ff2a2fd905d81f0422c54b2",470189464
"3ff6e77706eae698f86eec29",805315882
"3ff7b739ce65f0b3066806ba",1120538581
"3ff9e75c6de41de517d1c4a4",379010383
"3ffefb3f453c54585fa6ef22",779298606
"4002635ca8b087877ad22d5b",1006949060
"400a103762ad652e81c8d3c6",856126846
"401f0de98764e9fdd4055406",426793839
"4029115038a899d98dc93d3a",1130561470
"402f18888d480f5af146daab",546312642
"4032d6a6a13399797a794ab7",657629392
"4034cb3cb77e9cb39cc98fc5",794347629
"4034cd9a70d18fe0c883a0fa",479912382
"40355fef059659469e16e3ec",487270217
"404364fe956884368e2f8300",764791937
"4045e30cced205e8c5b2373c",576032258
"4046ebeeb7ab85affcfe337c",1082180460
"4049086139009c35dfebb3ab",431909999
"40525fc425906c9485f1ddfc",457593496
"40558b62d83e4362efe1fe26",420416160
"4056182cbd8c12cd87ad9e84",632541237
"4057a676e7012fd37af9c3b1",526227138
"405baee61afa4b08dc25e586",1045683241
"405bc08707001684d19f6edd",815589769
"405fec98d5a3c8981173311c",658145116
"4066155e224520530ce985eb",453519047
"4066da904062a0041a809b02",509592553
"40713332e88c6d3a393c8b2a",505953387
"40768729f2697b87ed6519d1",732549967
"407e4196114b64578beac143",636028576
"4083248d3d2f2bbf9589b971",1080613001
"40871d7ade3e592560d0b3e3",491339695
"4090c1b86074c8e769cc72fd",618442614
"4091a115125eb4a67f494620",600214534
"409cb370961c60bacbdf7416",360311896
"409eb9b8f2ba87ca299a7f6d",465179252
"40a1cefb3cbb7e2972e30d97",513164612
"40a53a3f3d49f7905966295f",851937160
"40a561bf79fa7a08155e1183",682475742
"40a65310ce666e80a9611d4c",799733516
"40aad45bb7a980c9c5e1884e",785181157
"40aaf6665b489033ba0e55b5",1343013826
"40b20b5a3a986802d64f7675",558411131
"40c2ea5f89f5b77cc09d1455",653083511
"40c74dec061500aaa78f78b7",559618897
"40c9f947e826f89c6ff3f898",452911796
"40ce7321869b706210eda9da",622463856
"40d04ff9c405cccfc82ed5a5",500929979
"40d3f1f00de86e74e0304bd1",725897359
"40d5384e2e8f8fef2032928a",479330670
"40d9a852bbed67a6036c6d8b",637932817
"40db880aba8951909e6e4ef6",890875137
"40dd67aeb6e9979211c9345d",777204406
"40e56beaf4a7f28f8108b132",415904252
"40e9ef1e7c6749b7a8d04ea9",454323768
"40eb0c78da8b51b53548d914",906024371
"40eefaf8c26b8b4736308bf7",881758478
"40ef1682158d0c3cd07f484b",1280172107
"40efc0dc313284d3b57492f9",741561129
"40f301afabee5be092ba20ad",1010527610
"40fd167916ff071afdc44792",1204805040
"41037a3f8625082544979179",593394132
"410e5af026805ec8088f2e71",877336550
"4116cde03803e63a3e87e847",1233473647
"41227dc9c9948a5f0688e426",584875160
"4122eca7b73c1347a7814a70",785496865
"412e7b9e1de3df8c3dbcf198",675231978
"41353584f956b9e316c6c67d",616061445
"41376f69b086937257387f1d",966296609
"413d6e4fb772beff60f73e2b",747843167
"41454361857cf70c44e1f5ac",726637480
"41479709513815cf5fc1eac9",723963930
"415622d0f7adb1a9f7009a63",368785998
"415b68c7a5cfb073676c443b",474910397
"415e1faab81016a460db7a0b",600109464
"4163b665043ed27d7bf26c00",456280021
"4167fdc804227ed43224a32c",1165274780
"41719542347401b04dfbaa59",691905609
"417e974a3f0d97e502e49800",1230858023
"4184fd9a546823ff1fea0b74",728452015
"41877a677d1856bf609515fe",761158743
"4188712d431ba996cd59fbe5",495749147
"419398139a3aa2ca2be3f941",536752130
"4195a9d13c0a526d7cc959f8",582853740
"4195fdfe50e42e9981fa2f4f",628425585
"4199eaa19ddf8ac436bb2ba3",1065868538
"419a2f823e87ab67b1311bee",1054804015
"419ce7158ed62eb6897cf09e",478400293
"41a269c661f20e443a7a25f6",1031724633
"41abd8a2cbca609cf868f227",771739361
"41ac76d4fa450fe0c377a0e5",390929173
"41ae9d3d280d4eebe510606a",669668830
"41d174db6f695472063ceef3",666005135
"41d2864e1f73e29f222c61e0",784766202
"41d3afc1118758b5314db48e",680867979
"41df29e27c0bbb52aa8ffe49",717887405
"41f33deb9990562def18c917",790289874
"41f99600339a7afc8e386e6e",694504208
"41fc4ca2b3f48508d840bbb1",475636084
"4202dc3f8255586e1ccfff46",462222831
"420b03095062d9571144a276",1080874331
"421db6a58670e53f563eb9ad",650905424
"4224e69acf9fb071d4cab498",1119933747
"422e994aaca85628ff759004",714239200
"423ddbfe2f575e6bcb22e7b8",875362455
"424b41f5e01ea2e2ccd3ca48",534346755
"424bb491c71e913e900db76f",777048082
"42525c57e13abbfafe9bb395",1197908454
"42556b1bae874a5c09777873",1247578472
"4255eae670033d9c9e9a6e3c",794680509
"428f4bc76d4cd315ba8f89e9",425238137
"429460d5f5c5381e945cf449",1158244448
"429b049255a7edf227a980a1",502316165
"42a73bad238f2d3f5e376044",539140518
"42aa1e6f6b8220a63fe165b2",920586017
"42aaf6521fdf1dc9bc50f88e",501724390
"42ac33321bb1920fe2a78036",690563411
"42b3b56289972176c20c4990",455499928
"42b5ebbca90572b9cea79177",605798183
"42b6cf2a5225dc62342d3a20",734650327
"42c282041583e6e2090b50f2",955289664
"42cde300d741cb134a529031",464981629
"42d34ca2252acaf6e777d23b",1110137840
"42d42ad031a2c62be9b5cdca",661432405
"42d91ed3f3615247f57ebecc",1124089274
"42defcc69fa22e4c858f3c24",1056715290
"42f05e5d4862d653efda75c0",683166008
"42f1a529f5ff3a6371dccea5",665577994
"42f38b1b2dc077c88a746c1e",584317222
"42fa0158217c9cb820f2a06b",703469672
"42fc4101da60fdb41f41f0a4",962381087
"42fc6a80b882c32f6264ac10",513679482
"430112bf4fa9324f0149a879",625111427
"43041a793a13a4171f22e492",599946936
"43059ceabe98412315566838",884058974
"430c46358b85ad4a741c7187",410008506
"4310c7a552b20afd46f930d9",829518417
"4317746d5b88142780e6897c",730666802
"43228eaa1230dc0f7f1473df",469070239
"43272151f217feab78190393",665718502
"432f082ac51bb0d39ce45b0c",1100202871
"4336ff9b2dc1d97ac8f9694a",462204130
"4340fcb9c80733260565c24b",911642260
"4345863fe83682f6091d8a77",469204010
"434782c3d1dc2b9ce7bcbbd9",804722303
"4347966ceb1770f758cb6e37",1052380370
"4347bf26ecd61ebc7a16b4a3",648073627
"4349d6bfd5a518fcb231cb3f",773656718
"434ff40bff8fad0962ec07e4",563654674
"4354c1b6b27a87c451ddaf36",474126994
"43600371d44fbbc81f6b6fa3",403741138
"436089e2bf605d00849691e8",1018179352
"43650eb8b70dfa256ca64979",860756701
"436fd4dce2ff0f71232f4b6c",507723516
"437167a9db41b677da7d5a7d",489242245
"439004dc23f97a878ebf371a",748689713
"4394a27b21889bf78927ddf8",500305535
"43969367322e86c68b51c2fa",433626186
"4396f94f7f3c403c43d3ede9",590158936
"43a2ceffa8ed90bc1a43255f",523553915
"43a3fbb8218e73b956ca50fe",897129562
"43a91a731e86b9a0784f717d",711257902
"43b10ad2660d7552ab6c3b10",726503786
"43b2fb09efd1593a94b61b4c",614165685
"43b5b5a9a1615eba48ab8b66",424770908
"43c22bfa9a14df7b0126c12e",481561544
"43c88f1874dc7f91c899df36",929494305
"43d1fb0646562c3f1dd6fefa",672580865
"43d7b77a99e86e8bd21a19ff",1291891124
"43e11f10650837933261fa7e",617139293
"43e59f5312e304fc21c1e052",1027003547
"43eeb2567c61bfbb059fcd4e",697022362
"43fd6b5cb01d05c9b1db0e65",686003204
"43fefda5a3b0781578d9f2d3",716258167
"440cd2efd45c019c7151902d",974424701
"442c6bda79f63bae28674b1e",595247346
"4433060d0fa95ae1382f2de1",440777065
"44394e66504a4d77587ee105",878836147
"44412a9e16b2824c4a520a72",587698527
"4443407341bec8b7b0af40b4",768462034
"444c68a7a6cd0b794768d5af",705477024
"444f102b4d54503044154ff5",507847905
"44551251fe345b31ed71aa5b",542094068
"445e241d8bfaceb149609d6a",514880269
"445fa7f5e8e9d7f12e8991d4",952842087
"446138cfd3749c0b6715b0c3",1046752272
"44672de0d6d9d0cb3b4ae938",617758582
"44760087930212643641eeb4",1176585288
"447dd594fdadb1b12ab32e6c",653083511
"447f51e37fda773ab748814b",771444876
"448ad01af4c5cfba3feeab26",1150781833
"448ad6cf4b43298a39c7b5e6",612770601
"448d159391c38e4ffcc405b4",511534092
"44916ca9b874075f55949f87",736742378
"4491bda913188aad3c66ef20",825524981
"4499adb2aa3aee94d1f1a1b3",1161862672
"449cddc4dc3ef1e93b7f7c26",476657406
"44a587fc89d6b6489157ff49",1135624734
"44b623f7fca1a306560172ac",585826236
"44b6382d9195ceb3f12d4939",946539052
"44c8131b88accb3b46b79ba5",423151913
"44cdcca08e1e66a1496fac6a",653548346
"44d596fa36e3992208292ade",709193766
"44e4574527acc86977f5bc41",559333574
"44e9224b9735235fc7271672",439741940
"44effc9574c74ea4ad98ede4",624196235
"44f0e088fee626993778e7fb",693615882
"44f5380847c175a42becfcdb",1291072641
"44f77a86369d6607753adc09",688153773
"44f8d5ab70828e06198579f3",826924000
"44fab96fa2ea501e0b94548d",1236072873
"44ff213b9cfb3604b7e4b66f",578086270
"4502e2809bb5bd47b2781212",811133773
"450c4eff7e37a271fc24ce3b",632755703
"4514844d15690b7331fdb6cb",944288774
"451744cf3ce55a98db8a3562",594164816
"4520ceed2e5fe3458850a805",1131100399
"45269f56121b796d0392e2da",1228538401
"4526cb4a2b8238dcc4e496e3",968935703
"452ae373210337b8008ea2a3",1249192586
"452e0518f7164287e47e6354",590771493
"453202a234f5b370ae9e586f",729922247
"453ef603a66a34f17ae22227",868540198
"454e4126257189bcce9b681b",1089838984
"45550aa81c0151f1fd9fd8fe",980523926
"456243bb3fab3e74df21b5a0",553437097
"4565bcc95c54bf0c8d376eb0",1035180975
"4570a3ca0571c70657b4a1c6",650973257
"45750daec6238508791d0d4c",639944066
"4577c1623c8407e95e893e63",615921766
"4582ec985de48290c5f1f5e1",492807763
"4583a6b01449530079415768",1150781833
"45917f1bac415feac7e41124",488475810
"45969f25857aa7263927b400",1026406103
"459963742bbaadbd9db97723",736902525
"45a033d121ca5afef24161ba",616701522
"45a7517c4d29f5bc7787dedf",758052332
"45a8f6d942533794501d775d",728692336
"45aa335dae223bccb31ff7cc",702296076
"45abee1de734dc32936d0b1d",709909156
"45ac018012e7dd91d41a5876",549127141
"45ae1e929b0fc88718151191",503415261
"45ae8ffacfd00fb4a4f53d0f",1055255959
"45b894a8b028be29ed137f1e",1245953857
"45badd183bb1a4c630174f3a",621570233
"45ccde79aee811756030903d",992447598
"45dd7eee4488e88d71d46783",1136445705
"45e2395bee937c187e3486e2",784627090
"45e2411d38589a2d85774c5f",795595783
"45e92799de1a5334c3d2d72f",465653327
"45ee2db87e9ca0a1a9faf050",615908885
"45f18e0bb676d2495a227dfb",493252321
"45f24dd99d362f49c0adb875",393809659
"45fc0d46c7a4df7ff6976fce",1008984331
"46136f5f078dd31170c58e64",918662184
"4615a8a7af9d7cefc7fe4c4a",1255817750
"46161effff173111bb6c3a32",1037018004
"461749398bbd48d69b444d7b",496777004
"4623317e8c9044e314ccc4e8",762860985
"4625168852b335b223a05bb3",698879591
"462c7546b358b00e617ce012",703910127
"462ced9cfb28550c160e5664",877591416
"4630a9af58fb79c0008e5fa1",645750549
"4632f1e8fc93e268ddeba07b",631663925
"464039bbcabc650d659f6683",646146744
"464864b367e16547fe319229",699769526
"46529f0455fd35b2f4a489d0",492661689
"4662aa1c44351dfe271e3a9d",1082820236
"46673c69814a0b3f25818dee",1107541086
"466c542d7825d36d18a86486",798352335
"466d4240af2cfd09a31cf3ff",557227390
"4670d21fa84e40184f03d5de",395563276
"4672d1c9c3b04fcc87a0ae9b",793167748
"4673ef4fa28aabb0fe61043b",390832510
"468df200fa490e667bfaa31d",880005820
"46941e09b153ec19f86c0c2a",1089019817
"469b33a6f153ec334b6123d7",434501340
"46a2a88ef09b2aab932ea02a",782654470
"46a7d0f520dd1e78c0cbce0f",826924000
"46aa67b5e0abe39dae442d76",382127957
"46c34a4e5987c20eb1f5ff99",630037207
"46c42803286c800351fe633b",557506929
"46cf5b18fd7bac0d3332d70a",842572344
"46d0544f411bbfb6b452858c",664903571
"46d34fc9a8edcc199a537b30",1124609144
"46d4b0cdc81137aa56f516df",1176139411
"46d77c92811f0c87d2d4907d",981522150
"46d8bb3e9a0ca584d3c7a317",644807300
"46dcddfc78444011abd29870",656802828
"46de3fbec5bc6c0e256e7751",518253159
"46e7860100b0c09a6a475b9e",704135590
"46eeb8f186f86f7859274d4d",1038208858
"46f0731f62232b32eb733dc3",708024879
"46fb04e7578da5741f6da4b8",470205207
"46fcc0d53b263beae95b8eb9",1111828244
"46ff039321805b51870c64f2",807833075
"47051c25acf866250b5d3ec4",926854350
"4718488d664194a3c0c5b446",685606994
"471b5135fced50f7cb4197e2",615056021
"471bd64a0576aa67f494eb98",1129316677
"471d6fb8037049e1e4d120a7",1029608339
"4721d06c49413558bda1fb68",501050589
"472601b5b5719855ae3528af",1024243428
"47344a66471fa51f61c64652",803763062
"473a59415b6214218a15e363",759059889
"473cb30713e88ecf782651fd",556044146
"4769743185eaeb0e4158e0e0",543201501
"47720fb9e2586dced75db114",475215035
"478ac408d2a5c603aa23cbd5",1025049175
"478e13e8c1cb5bc80f1080e0",734461460
"4794d9994512f01a4bbb6c48",554734066
"479b2c9c12602551bbd0212a",542147744
"47a3c63f65a9794384c655dc",673500668
"47b5804ba1a998c3e7544092",684308884
"47bed52dee0d311ae0016b08",614776324
"47bf8d322af3c13e8868ed0a",656812825
"47c2934aaa5934c68dcb9e51",1062764097
"47d252717c4bcae3e1ff19e4",826924000
"47d288f8f9227013424d6976",400496655
"47d7ba800f164f397fcafa9d",625051723
"47e0c773f65485ab7c78d49f",604544571
"47e282cb12ae01243d713178",506109437
"47e5ea8cb7f5ab6703803690",709014271
"47e6a61fd652a3dd37556ddf",817070501
"47f7065118bcd4c3878e50fc",681867005
"47fe78f6299f757b231be10e",729438063
"480041bbef3a540df2a36ea2",897913226
"4803a3aedb6c20eb194469c1",568638327
"480aa7fe286f4aa31f56d4b9",726844251
"48107a1dd2a3b027637f250a",763134252
"481492907baba4574d4a6f35",1058236993
"48299e52748ecff3b69f7a90",645004704
"482c7150c7555cb35558398c",1096848980
"482f57e65a3f4c6792775a05",477854134
"48378a6148532f71abcc2f98",726844251
"4845ca0d30483b36bfa55061",825096264
"484922bbe02cb218ced0e779",445201179
"484cde8e47fbf62a339c8219",651389400
"485cd615660dda11586f797c",718964349
"48740edcbe275bed3c82efed",775665867
"487ede1f7f155194b69c531a",396731450
"48815b454dfb64fe60e2cde4",604887522
"4883f7ce7086ba9c8ddd4315",704568972
"488cdcddd0938ad0205ab8f0",1237726350
"4890edc33a555cbbac71795c",731151612
"4893b21db2d6aa4417e1cd1d",1072738116
"48976c41de22ddaea3f8c296",594094333
"489fca3e6dc044412d00cca1",881507832
"48a20e676a060954308c9ecf",522431182
"48aa146a36aba8a0270a8a1d",1091068143
"48b1f800656bcae6a9e70802",636969735
"48b270a493af4fa28dab9211",484121059
"48b34600046c903f0ae4e6d1",957983393
"48b9efef82faf72bcbdf66b2",858085807
"48bee96c1f65b8e283d67483",475260886
"48c346042d9cb826a3714466",432422626
"48d3b0ef6e5f999bb90fbfc1",578308503
"48de5d43e88caea594ccd27c",948487813
"48df432642971a97d3d4bd45",657403306
"48e687093fb26d29cda9ad6e",370687160
"48e71c45f41778f8dca24cf5",601637634
"48ebc3d79e01061c926066ba",404971156
"48f1c6e343a4724ed865533b",978079304
"48f9e9a87e7fc0a678460e05",966729822
"4902ccbe8456d3f0a29e5059",576782941
"490b89e972abd7e64b5ba6c2",875063325
"4911a6285f548dd30c8061e3",699681210
"4911d01ea0a4505d5db5bb2d",644140838
"4911f8879e5bc9c27ac13bb1",449454338
"4912c91afa6e4aff6ffdc6a8",1104548675
"493367258be5d63dc8db97d1",1024303245
"494580f4974c33d7ce0cdb28",1051880888
"4954ce465ba712543bdf34fb",434976705
"4957e0b129c5caf47b026c58",631656507
"495aa774f4db66db6df30e93",509482666
"495b6e61d1b887f8b4c1bcbf",436615160
"495eeef459e80680720a0ec8",458047938
"4962650cfa3decf487ccbd0c",921041924
"496ce19c015093e97144d375",599850970
"496fd5c93b2a578d970ed55f",427114512
"49721aafec7123f6ff4d8010",642377492
"49737c7682eff2513869b3f7",922091987
"4977af03eebca1aa266289e2",744770733
"498d632cf0868a8e641cecb2",401806696
"498de85ba30cb01e9c686081",512956518
"4993d1487d78cd9ae2c23619",1168918725
"499f6f4997474415f0bd596f",936596752
"49a0715897795017ee0de843",602234036
"49a2d111903c77053d44573f",523501240
"49a4cebdb22fc2d72bd1aa78",491316494
"49ad389014995f0187edf726",663539860
"49b59d19432dbeb8921e57b8",825862574
"49bb5311607e4c7600caa03b",571230730
"49bdf0f970af03d83a57dcff",874329073
"49cc8164d94a2afe8b750af4",567284744
"49ce19caa1325233d0de331e",1067014268
"49d020d2056717c2108b0927",862856698
"49d42ab711abd95fb5947c0d",855351755
"49d6752dd196e7dd583baf44",506540278
"49d9cb2bcc98d69222b03165",964849248
"49dbaf0bcca86f32f86e641e",1002062936
"49e531941384af389b0aff59",441891151
"49f0323d28ef0610248c87c0",831638063
"49fb2771ea6c1e8950cc9a57",753326905
"4a016eba4744dd01954f137f",412873724
"4a119b1bbf04b4bd6051c5b1",873167074
"4a20d03d09fb9d0ee5565ec9",570500588
"4a2ae08359e1ecd39b43afbc",632277524
"4a33d213841d2af537aa967a",737787656
"4a3a6698b5490216e8f8e6f5",1191187745
"4a3d0390e005fa5b4c9403f4",1119112501
"4a3defc2b7d2cd751c9c970e",989698181
"4a4fe76c58f5735ce6b018aa",873767498
"4a5405b1e181f5b10fec35a6",959201177
"4a611bd82c9216a3771ca7b6",803853761
"4a629aaf60a113402834c042",1250666184
"4a7156189e1f06b0fe87a7fc",702497578
"4a73dad0ff8a5262e8b07c4b",885460990
"4a7ecb05c9886bc35f6b9160",709842621
"4a809b3987cff0290c1df8fc",406422236
"4a80ffd8e908a3291a32fb6d",979417165
"4a81bdc14b5bcc4c84f5ce4b",475408820
"4a85c36fb854e922936b57fa",440129769
"4a8acae29064919c68fc8600",684723560
"4a8eaccbde5a4a6747818d29",797850248
"4a9e2358d64df916e2cfa213",640249111
"4aaf6763c105ddf2a6eddbfe",464723200
"4abef5720fd889512ecff70a",836731532
"4ac4fbcacef08524ccbf3623",367894831
"4addcabbe23020d3d0d46ac6",651182703
"4ae10e7fec364242c88e511b",691830632
"4ae6d75b10848d259ecba576",679933210
"4ae7dd50c6b743bd47340f20",637976435
"4aebacb9ecd0a117307c7841",1031264443
"4af83eb7718f5823ae69fe47",760902072
"4afa3a1b63c076123e7a5279",1084064508
"4b04e0296820d04421db5219",551842732
"4b068c79664179605b145a15",833510015
"4b092d4d5885cc224f6775e9",419954269
"4b0ac2ce45d7ee385ca369a2",898701530
"4b0fba692104472b36c38c3d",707378127
"4b193d78ea6e3740bf37b36a",492674083
"4b30968cdae59b4ef3298f19",1032823514
"4b38595746dcb78fbb459781",633632402
"4b3a6baf8196a59bac8c08c0",507676910
"4b45cba0d601f29c2b7db97a",836516060
"4b52ebb0f0a8878def4170c9",779015668
"4b6fb9b705d80ff350bd620e",484582542
"4b75f2b374e8674e8b55eceb",1067077212
"4b82eef445edeae7a55fd019",651101647
"4b8d7217da1b1f225f254914",1002002017
"4b905620f76873355d317dc1",673975533
"4b92ca1cee4739104e620871",1285022115
"4ba19ab08d1fe7f72d0dd37a",739703392
"4ba65b1fb8d8ab0a914b0b8c",578663932
"4ba85374c1d1f1d3f4632ca1",369518358
"4baceaad0b0081bdaa37473c",1020005927
"4bad47078442f3416b2c1ff4",448626558
"4bad966abb5e8c4121ec69fc",635010581
"4baf1bfced8e85013eca94b9",1019985471
"4bb0666c55d174e0280482a0",658179389
"4bb5265c6e63449e5fbaa270",1020094105
"4bc1e2cf5e5ffcbe1020df08",977536197
"4bc3f597867c6844e9b47fc9",425512025
"4bd031478b15017efd41b2bf",1064593727
"4bd0a354d75759510ab6bb46",796662297
"4bd30aa3e2b4aa077ae27490",618275357
"4bdff22689954e5b1e575d30",761954561
"4be510fa977b93e34a789f26",491339695
"4be6d93d8ae1375156444f05",494666897
"4becfb041b0439429f2cffb4",526451669
"4bf02d040efe5358d4a5940a",1169551083
"4bf284e6ba81bcaa21a437fd",742595031
"4bf620c6c6d4c916bea70e81",808372436
"4bf70f19da0bddec9241d310",524710603
"4bf89c9e50c5417ed669c481",652975011
"4c00508300f40d74c79f2596",534734923
"4c03afca943c3f2484b8db6f",495065250
"4c0892a39011cc6a37fc1145",551977318
"4c0f9275581b5572635613a1",498039569
"4c11f4ebc622483532c24a06",698403945
"4c14547b7e02e75204ca9f4a",715964965
"4c243fc50d5511a1288bdc0f",640288526
"4c25d939eb3ec218403dc4ce",771243669
"4c2b14bfeacd87b878cbcc92",770647050
"4c3865a97f5877090e7a9649",604779218
"4c3a2b3e3d5999f747ae0d53",1012501216
"4c40683e401dae89f6537ab0",611546519
"4c59acda820b7b75823fa277",620568476
"4c5b79f3656501fce2e2178d",618152973
"4c5d3dd8802acb9ee22ab912",895444009
"4c79f17573007a39bb2b4b7b",913481051
"4c7e7cfb286d82aa96356fb5",901327770
"4c8ca73cb51a58933de61f0b",784589643
"4c90ce573f1d61d11294d05c",1163673008
"4c94103d4366bcaaee4b550f",948209578
"4c9dc4494a3428435457f575",399297377
"4c9e6812520f4aea4ce435ae",851243160
"4c9f3af11fa91e729384580c",855397888
"4ca66e564ed478d06c471357",782593086
"4caab3951bd6cb6dc71ac8a0",606360523
"4cac81eebdeb45eb0e8aa5fe",542688357
"4caf356c110a50c6c94f3eab",907755139
"4cb11f32806c0e07b4251984",586431475
"4cb59b46927df31150830d5e",556614533
"4cb5e4aa83c476a5b71d77ce",871058922
"4cb9319ff5adaa62386b713b",822630571
"4cbc74a93e33f7b4812e1a7c",607428921
"4cbe75a162b076c4c454dfe9",519312869
"4cc8c95dee29e43463a8dfd9",606602689
"4cc968db25c2cf03991c0041",742249559
"4cd5338bcf246ebf263baa35",453790579
"4cdaece5d1dd4e089a99f47b",532318859
"4cdbcefc434b48ba3d51a498",993859507
"4ce0fcf14266d144c82f8d4b",585797628
"4cea8ea969dcc433fcb59d96",741357579
"4cfd1be6a93641b110fcaf67",434674735
"4d069f925100b6cad0b657b8",469204010
"4d0985935e1432b3916d45be",770964256
"4d09c2354c67243c968dbbcb",549135249
"4d09ece928ffac7e7d270bd8",445643647
"4d0cf77f8cfcada2265ac585",395960480
"4d1b0315b5aaf21bac150d96",692278452
"4d1f49443787c874ba19f968",1040845649
"4d20f253940a4492b4f6a9f0",673972007
"4d2ec23fff8eb502a9d93353",1017650997
"4d35e00e86a9d508d82ea90a",399822245
"4d3a66e028dc8f3e9ad9e9cf",823236380
"4d3d887d2236c2f897f3bbd4",461836251
"4d3f5e7ecf4d361d7eb55f5e",604175346
"4d418d0079828e244dbaff5a",617947321
"4d45fbe5a5d39188b5eccbfe",750554860
"4d485ae48974213b1594c905",1016437364
"4d592a67596afbca92d26bcb",825301869
"4d60db10157fd0b5eab9a23f",711374175
"4d666967b74ccdf5b04e9787",439104215
"4d69f7c7e0e837879abbdf78",534882639
"4d743a1250f7d91e2782708e",696949055
"4d852bd93332172bfb081aff",1005019535
"4d85bbc09ae56cd85a8f87c6",634312849
"4d882ac2b82569f74aa08824",402039734
"4d8b338266822739bc9c8fc9",1033796245
"4d8deb43d663fb079262708f",794274275
"4d8e365b35a6b8ebe6d7a15f",661902149
"4d94a2295f612b96264a0db8",648580891
"4da8ef54252a92d9cc62c174",853658370
"4da93e7126354a474d435a4a",843325410
"4dacc190eae91b059dacbb00",1199797083
"4daf52564456895ca7f4429c",615311685
"4db632fdebc000c9e64a589b",695938908
"4db834146c4e73b515d510ce",487011810
"4db8d32011163bc4fe01d02e",574190879
"4db8d529af9f718e6d81a85d",406000039
"4dcaaac494053749f30875fa",1097519410
"4dd3d1288ccb66ee4fb9c097",1098597173
"4df222356df121a41adadda7",421902084
"4df3717406f9852284576caa",597912428
"4e01f07ee4b1241360de460e",1077574661
"4e0b1df5e05ac505c701f519",454504946
"4e0b293ec3d5eda7d9fcf8b6",741317007
"4e104916ab915cf3c0bef846",854270871
"4e134600155a64783b3f8c3e",807509489
"4e1b5798dcbed1842f260b17",727399702
"4e1bfbbd8689a95fc97fabdd",483259596
"4e25bad08182b79f5ba9639b",1063176025
"4e27458d179a469435d02ff4",690348800
"4e327acca2e033c3fb305c5d",677147698
"4e3cce6b581e74879c2dbc4f",464552911
"4e47d2c8ccf9929ad9c84544",562196109
"4e4abc111c07656e5bbdb0ee",687782372
"4e613cde51f9760d3c051562",922231896
"4e665d479b3bf2e25cd463a2",854207220
"4e6f695bcd4d3c0d8497c1fd",1218008933
"4e78cffaea2008f3919ba0ae",501300096
"4e78d095988a92642a1bd18c",541671948
"4e7d3cbe3c62123fa7e2d969",912614078
"4e84c5953b493be7ca96103a",723672129
"4e878e99ad2fc34400381c3d",890287983
"4e8cdb49a2bdf68ad8d12625",822630571
"4e9acf6e9f80f65178766740",807429641
"4e9f1e21c855f1166428fbdd",486627902
"4ea46b833575642ecb2ed1cf",404971156
"4ec02a406caf200b700f5c62",658647645
"4ec06163d39f96baebe11bd3",501376812
"4ec0aee1b202642d2739068b",795498724
"4ec4683fcf928d9fb33eb7b9",703278626
"4ec47b8100d224499ec608e8",865022631
"4ec5ab39cae4afc3b0e69438",979390728
"4ec741bc6ab20515070cf1ee",799012180
"4ecf579a5d5e70d3b4314ef7",1013294789
"4ed3eb724d4e57a7b35ddf5c",757497518
"4ed5718470ffa3e5b5f40bae",524133048
"4eeafa126ac5f301cf60f9ff",457935566
"4eeb8b5347526d721092a7be",669794241
"4eff2f2297ce85a0a3964d2c",824285361
"4f076c220dad47bd9bf248a6",924608780
"4f0b2f7e4d787a108a4d2537",781143127
"4f140229175de685a0999773",497344443
"4f18341de355d2cf57a03983",435086306
"4f2ca698ff03df0c6386e48f",673500668
"4f3c7b9bc78f882f858b3d3a",411262267
"4f431d80287051ca323f2c08",770647050
"4f450ba5de4766e5ecb8a4a5",519861799
"4f480aae78aa068901ee9468",449509950
"4f4e3350c429c6afc0bb0094",726192151
"4f4f7d2b14079ddf8754d6ad",769303042
"4f500afb7f7bb42189820a18",907640934
"4f5bc448658287ffb3d49b75",795548836
"4f5de1bc90694fedd216ef40",1225552112
"4f65732875c007d3c1102140",460730778
"4f7d630c921cff500705ee5a",559656853
"4f8dfb8de411b8a05c55dbbb",804394588
"4f992c2a0526c0074bbcd875",417163579
"4f99b97100d003ba3a2ecd46",679372109
"4fa51848638f4437a3e31682",869720227
"4fab4e66ead1948498d2a4dd",618226541
"4fb644a95cc04f7bc6cda786",460254397
"4fc89ee51cb0e1b9d6459819",1127049633
"4fcba82455866a6931590dec",974579849
"4fd7984773d2872e51574ffd",804205772
"4fd8643e1c43ce9a0c18a19e",890080243
"4fd8d01a5c3abb90ad70cbe6",602410910
"4fd907c202de4f06cade3b3b",1017602100
"4fdc382b65441412fef509ad",1098642175
"4fe0482ad622080f55a0460f",634779032
"4ff17c9b88aeeff105b8301c",454184954
"4ff6c53c0bcfd1d24bac7ad5",652790087
"500a3c5953f89b431184fead",667951110
"500d7c5346ca11ba934e7ca5",755536255
"501193fb57014ffbd7bf218f",604528720
"501531d637608f7098ba6242",780616258
"50160783a9a0503df5a38dee",569629940
"502154647e351af240615b98",586437678
"50287f73d47b4cc4c2e1840f",865442929
"502aca1a1097438b32eb362e",1067356008
"502aff943d74cd4cbb976dcc",804722303
"503a04e079773a04f2abe075",798584831
"503f33d11f75b6b5102ba4ad",432747680
"5045ba9a65b4bce4fd305f82",804572329
"50563038c05963223b459beb",875013060
"505740f7746e0154932dbdc0",408821091
"505f3d545ce83d0c848f828d",844036235
"506763d35b04358fb0e967ff",823706380
"506b653545eebba4c8821588",1269644694
"506d4cc6613a07c313a12de4",689769278
"506f2b1ff3e4e7e43a5596f2",952802968
"50857161c59b991304f5c55c",763385696
"508bfd077c80b6cdfc5a10e1",775830892
"5098115b26f2473c812b70ed",793165183
"50b2bb276e598c9cfdb42b0b",721461494
"50b619ba3e0b2a4c6512bc97",657722888
"50c123baa5783185ddbe29c6",766844159
"50cb0ad562ab5ef4e06f84ed",696493836
"50cb49d65d04a5d166f96e3c",446322726
"50cb893af4ad0e21a69f05d5",656812825
"50d8333064f0560cbe549f89",586467773
"50db9d168354ea3d75a03a6f",739245724
"50de04936770f874e1eb86c2",487167852
"50eeed30ba674cb079689afb",566678264
"50f8068603edac10c87411ec",434642642
"50fe589dea73e764b7735938",417946090
"5102f4786cc032e24781c7ab",981529269
"510c03bfb80d92d180803887",488826200
"5110c49047db23ac3aa4ace4",665202734
"5115b0da9c95559dcee9e58d",1047971782
"5122b2e9638d3438434fc56b",1307479389
"51230c899cea0054bb74cc44",417134748
"51273a81121232e7f30cfd1e",467914627
"512a6de80962ab797ed2bf72",927445125
"512b4ad817c387bed877b7d1",1322236972
"512effa47a1c7a5420bdcd6e",426235358
"513211d9f07fd6645711ae31",506346841
"513a83ac5bfe27c5b813ce4d",544221127
"513aa9c91c245ee4be31507c",860708754
"513c6ea5a3c2c560c409eaa8",1223841036
"513d0ddf1ce44ca671675fe1",1058236993
"5146ecaa8b7ed507c4f30785",768462034
"514aefd8a44ca048a8088c51",1069024377
"514b09016ef85b9ddc4fafb2",817555944
"51516e102f8d43a07037ed29",1016037635
"5155f70c7f8978e487e71479",1026406103
"51608bf64739db05c47a3bc8",682368050
"516881e914708f6ea6062ad1",764960324
"51744814dd3a7e60c0791041",769966447
"518858c561af5c13c8aef9f9",861710088
"518b37b51f824fa0fb5075d3",1192515187
"5193b43c32a2bfb3aac6b2af",936041215
"51a0a1a680770b625579e25b",1322236972
"51a696388218fc2e412f8806",748984261
"51a8c190ffb673d4fc27f4e1",982075698
"51ba7338f5900d8ef12206fe",680626865
"51bf7bc1c19fcd42e71f2463",690876855
"51c48d17e774d6cd84f4c355",557665507
"51c4a8b438bb0d97f712af31",704643896
"51cf2fa527c3db62914169b7",536853640
"51d1df6e1f28c40dc9074b74",1130335802
"51df325f026f4cc5ed2e9a65",1303069890
"51f0f76e2a8cf50ef3650901",485567740
"51f4aec91124a9a96f4c5372",775071950
"51f94ebbd6d2533862a1fdbf",742595031
"5201393754f4a5f2a476ef0e",821428636
"520415ebcdd1a4059d18e2fc",802778848
"5219c3cae1c92b52551a8571",1012003222
"5219cb469fff40cd9606bad9",425945460
"521e9326a2003c7b56fc4365",1086091226
"52338f4f7c8af6c649106a96",480906797
"5234aeb6d817b8ad876e50fe",591924990
"523605d1fbb75b0c5acec5f7",508821259
"52373e15e9dc1ad371a0c090",552702162
"5246f7d8023a4c178af6d10c",608604883
"524e00e537f841c13497cd52",643393222
"5271cd1cb962066407490051",941140772
"5272c50f1d8fded01f7fb0e0",634285775
"527a1c27e038e45d2d1fcd9f",469731164
"527a8fb085995119f846a5d1",907519825
"527e4b1b06637b5362c8f17d",582984546
"527e571030a7d8fbbf1a41c4",865736359
"528014ff6b7cdbfc174f4fcb",649369890
"5282c3c48495dc31359e70c6",464663660
"52864916eb1984abca41ec66",1015820626
"52871480f7bdf5ac3d785630",811727088
"528a6345df87dd0db33bf822",617840286
"528a96aa31409c32bc9f1f63",1050546952
"529d6599d8a64c63566a11e9",462962375
"52a438d024af0d5c38627ad0",650083269
"52b3823c59546a6ff3de4d09",413119706
"52b52aced4853a3e3d7fa058",637769931
"52b699f9900d81ae85ddc7d6",525065755
"52c1ab7484e412ccbf5d57a5",869791975
"52cec2691ff635031fce9507",455948467
"52d6c4bcb442eebdab338116",912693592
"52e5904902e4d75ad87afde7",649418575
"52e7657a539be5f36f48bed8",1117415354
"52f026e670e9851b08c70542",755918153
"52f24ab479fad35c8bb5a8f6",567915258
"52fa1eb3cc7cc2f77ff98764",593437469
"52fbef3effd854b0ad0f62b1",900434275
"530a3bae5a13291c69bb8474",528200878
"530b25326f39c347a35a8caa",485764307
"5325f16558ed6d2689bcbb46",665141383
"532bf5813d7e70958f71a480",896557018
"533134592237b2748915eed8",978787366
"533363375cf2cbc50d86773c",667769822
"534466a857d28dcc598e3a49",892895355
"53462704cfc47d32492b4847",846698154
"534be635a841fe21c7a702f2",769159145
"5354a816a7da90e205448832",594114151
"535bdffc5b79d62aa6179c48",1237042530
"53647abd1d1b10c9226eac73",526451669
"53688de79b052b3185fa9435",664455659
"536b5a8aea016aaa90fe744a",931780931
"536fa59adc007df763949045",888808516
"53715a484e20d6152c76fdab",1135698907
"5372f93d988c3c917629f9f3",497779775
"537a9a2dd0ace0d0131722a1",845292183
"5384587ecbf956275d86e60a",399166548
"53870de54350a8cd7c13f014",786015534
"53881f29c7a6bef0ab537466",478916909
"539467d04a2b3e78c592b11b",406000039
"53973c17ea7e89fbee5e6cf4",362026236
"5399af7ea98c97b5906efe1d",740476681
"539c12d2fe8cbf950b75a0fd",398374996
"53a447ad5e011909080c0ecb",1322236972
"53aa9cd32e2a6aa346d3d789",683287185
"53ab42a93b6deb152951f82f",1014551429
"53b5ffa0cf0dd12e4eeb6a2a",1120213889
"53bbf1d3345eabc2a8b7f5ff",751771457
"53bdf5c3cd800459acca551c",633385372
"53d33316e237830ad463a26b",512833658
"53d3e32b1dc782308e352a33",866704857
"53de17a986d62a44d7897200",476074339
"53e14e867f8b02c6043ae02a",450202523
"53e94de217ec45ad576fd83b",708622099
"53eab0ecc3ff098d55666699",1250084556
"53ebe061b85f046ed12ee9c5",929913069
"53fbed4f9680917f0615ae7e",500531223
"53fd196fd0c0558ed1219329",378113306
"53fdb16ec08e794dba9a10ea",1010527610
"53ffa19a09c447f3759f86f3",949320960
"54022fa49ecd9cf290aefc89",1159657111
"540c4d7a79864885d73cca95",520400302
"54228579fd8812c3ea160341",905112409
"5428bf7f37a94ce9fb2dd435",619637715
"542b5322e59a3273e10dcda9",753706328
"542db19bc6b9a1366715dd7e",733361883
"54304b6117b797791d266cc0",727399702
"543822711986a454cfd764e3",1019990243
"5438c2127072b47e3af428d8",1020005927
"543edc342ad39b149501aaeb",401510176
"5440ee15bccc4eaf827fefa8",779362526
"54445913b2dc2d6ba35abc66",636976786
"54561e6ed5570577ea97eeeb",1111060803
"545db4962e6294cc5ed07727",874329073
"5461aeb15c7f826f0ce157e8",417103106
"5464fe43eded098294d634ba",769303042
"54673ffd4971d04493a1b1c7",751866420
"5469c33200ffa87952b356d0",431546710
"546b56fbf616a6dfd1ad9d88",808242092
"546d570784c7ab8746bba80e",593973912
"5472d536d1b6b731537bb67e",505355008
"547661e79bf0c62cb8de63d1",771641915
"547c8638128424b89d602f50",1153529390
"548791b5faf236b1c03b7523",704990905
"549024cda1c093c9f8bc2ea3",455590613
"54933f8b33a4fd6f031ed5be",730128270
"54952b5f463c64c605576601",447836286
"5498b3e3ca091bb81be87166",599906000
"549ebb2f616d50ca778e92cb",769712590
"54a09a85767156b072c808c8",803194754
"54aad3aa4a166d2d50df48cb",1053900011
"54b474bc7cb126bfe8e6c144",1046930635
"54bc553b5b8abad0ceed4d53",492109696
"54c0e5e6d368ec51f6e75c1e",843040336
"54c33befb89cc873771c3be6",1295421894
"54c3eff286c62f05ebe2ba57",453191540
"54c74b36962edcc922573792",483820210
"54c9bffcdc46819f67e4b3d1",844123684
"54cdeb67ca9ea56205e4e533",1156684730
"54d10cb2a44179fd4d726f1b",743075102
"54d11dce9374378326f7ac62",434444499
"54de2275006e273686ae5fac",1032189138
"54ec4fd8f49c897c644ce83a",863153817
"54f16cb9563346e15b019102",402132572
"54f7aab6b91b48272a81fb47",525245294
"54fb79bb019bfd10e5481ec9",828142312
"550157aa4dae5fafc5d795b4",671755031
"550c5061428d09afa0c409f3",743387714
"55118881731616058c929b1a",1075494995
"55163359d7cd910861059389",955643523
"551ca6ad1ecfc7ac21f8ef0d",892835455
"55209683056fe2f9faef7fc8",532348483
"5520cf373444931ed8630635",505640573
"552152b60bdc1ca16d2dbb71",762614316
"552217c633d2562cdcaa81bb",733853000
"5529091bcc05ba5cb2156b15",635494978
"5529d858e9c9e3e92ce8a95a",520212240
"552ab0964056c1d1d1b7398c",778531240
"552b01d72edb192663998c4b",853106058
"5531b9663c5a37a2bdd97e9a",622796336
"5537b994e85c2688fe555d5c",576625842
"5541cbe23acd6ffd4aa0d939",740389811
"554ec896fe4f9d8f2e8eabe0",952483329
"55597a7b8637f24198415ed8",870433965
"555a293dbc104e00f182fe34",518535638
"5561eab714583013b422e7d4",673500668
"556210496090b42ac10cf1b8",1044214468
"55657bb933aa2ea3083e0b90",450512721
"556a39ca66e10ba3545f2234",540312686
"556cb23459a9007127b3ad46",927891370
"557e40fdc93c1824b0bed769",560181999
"558b7d06789a1c8e488c38d2",743513415
"558cb38bcb8de04588bdfa30",618102555
"558d9e4b57fbe6c7e0a09a95",973634166
"55902baa0ece72e2e8c869d6",930010611
"559fabe06aaee537322d0af8",425755572
"55a615a3b3919798d54e885f",643928624
"55a615b65a28b64d46ec63e4",444374612
"55ae7bc854658aa5fa49d368",528878554
"55b72f6c7163a9b0b3b0b262",605942050
"55bfd350162592f2571e3a0d",821543735
"55c5e58ec636586755df3dee",575082508
"55c5eeb4861e8cd71731274d",1174192528
"55c7cbf5e572d2342d0d7071",673287670
"55d0225b44a81e82eea3efcf",1106575949
"55d2ad80322427ee3426dceb",1096357892
"55d47b5f3d0d2dd7c2bf4034",593414926
"55d4b530b881abfce2d03e56",848459137
"55e307c88e2a943acd64a9a5",747619674
"55ea155410b001104518e992",514527588
"55f0e95dc857256aec65ec1a",1249799168
"55f67dd7302b68477e803399",515002093
"55f747145222c070fdd50175",895704232
"55ff644abd72eaff17d533f0",1191215080
"5607cef08511dbbf3288a5bd",652226056
"560a750cb6f8683ccac4563b",873167074
"561689dc0f267cc5011ede3a",1077632341
"561840990333852ace562b82",582913212
"561a262410ca91d69a58645f",1090911211
"561cf254aba002fdef8258ff",720364343
"56234f11aae98489ae00a8d3",708645801
"562c7846b05072561d96698d",549991664
"56334a9db3ccc24faf138edf",826640068
"5637f3d3278ea049333afff4",484732052
"5644b84ee2edcf7267b2189c",959201177
"5648633b1f92de1ddaa7e7ab",498821717
"565fb93190cd34ac8b01f01b",826924000
"5664cfe452394ff9376bcc8b",469062465
"5666f3c36f0ce4eab2c39299",598122000
"567ca46ac91cc53e3b479547",445172902
"56807890f8587cd75893aec9",734461460
"56822f406646f93fb39d9e60",406310357
"568509a7aba60f8fe2d0cd5a",462096222
"5688288ee38f1a69894ac77a",816966984
"5694c1f689779fb5ca95686f",526056569
"56991f74ed430ed942b2d6d6",917801415
"569bb17b961fbdadf7106d56",1257961980
"569e2cad5c18a5f393f80a8d",755193304
"56a7470ed14454665aaef75a",1246301542
"56ae6108c1b53c649da2f6ba",591655382
"56b22bd973f94a4bfaaf6b33",596808490
"56b78bb57b2d1f064c47891f",539305749
"56b7a6da82134b135fb7de2d",977375856
"56ba332c82c36f07ba6bd271",1277597760
"56bd3b61805077405af098a9",492738670
"56c2e8e14f9c6c9a9f046a08",590158936
"56c41a58ed5b9864b68fc910",516921823
"56c6bf831d3c6737e3844969",657829635
"56dd1bc39664f8e9f316851b",782140432
"56ddb54e50deaf650a25e82c",631953638
"56e3e7d822e13838ab9f85b0",739653547
"56e5afaecb2cac6293cde16d",542747556
"56f30ea777f5493139f22384",1110137840
"56f72c2d672b7bc3c264f7fd",604709492
"56fc1855dc6375dee0506133",699113601
"56fe5c13f11813b82dfb04f8",659855090
"56ff1f7e81fda0c8491c354d",520173888
"5703b4ab6e77d88f751bc6e7",669210422
"5703df84eef7ca9bec5bde45",887193833
"57062f248424c47282d3da30",681144378
"5716ed7d678cc2575397174d",407400589
"5717732a654405ba208c0f5f",1060788804
"571e1a8c252cd67ee0475974",982554486
"57238dca767ebf3a842c5f10",1031036014
"572488a9a75f64434dca5dc5",458340565
"5724ecee1b12e888d538c1fe",690983919
"572ae40f693551547e13a196",1144109162
"5731cdf8cac0b8371d786c90",877591416
"5734cd4805f5c055d36ec645",757499260
"5738bc8873b341bf92ece0db",650034288
"573bf87f57db6e037aeb94b1",755645570
"573ea1962372999346590c0f",960684197
"574b6bef16abb21fd67db401",593759480
"57551742fefae23bb32571f4",668104547
"5766f7cfab59c920081e3046",578389938
"57744cb947a923584fc6bcc4",415709829
"577b17cb350bd2a646725b6d",1109852717
"5787d7c671378e596edfb58c",828202989
"57891292fbd530872cbe68b2",1082971705
"5790e4cf8102dba35e184ca1",591880405
"5796e37eb1a995db5cc06eea",479696959
"57999ba0ed9089739a1f4de1",826032600
"579ee47bc31f5408314bca28",560184832
"57a5f4f83a474ae156f207ee",734461460
"57aa22792684debb8d4079dc",569753312
"57b3791f2c5acffb0097f7c4",909117181
"57b7aff18c444fa3c577b079",498982644
"57c1ed738536d177d66fc52c",1322236972
"57c29184563b31f5f752c5c1",1175869800
"57c63e412f3fceedd3a7e698",760902072
"57c68d470f6248d00b6719e4",852135980
"57c74f7b9bc5e33cc823439f",909886852
"57c7684f8cd8d78909711b53",426021453
"57c87ce038e4e523b4ec189b",840918427
"57cafce17dc4de3bf8a9ba90",1107312361
"57d17db2cc5ce1aa889f1f50",1083536084
"57d8cac189a13c180f08cd2d",502359200
"57dd353ac00d0e99abdb3733",1274888939
"57deff02895d5286eda10d89",976019377
"57e5120d0b71ec6a67746a59",670408415
"57e8ea351ecd1ff0825b1324",882349303
"57eaaaf24cf82d885f0f1dff",571230730
"57ef53ecf8b709ddc05aceec",785181157
"57f4a3f6fe2e41ad97116002",565548866
"57f8a1e37c4ffb1b8cbd342a",571191607
"57fd11f829e31e198326ac98",1279413778
"580452a616b4f5170eb628d0",659522223
"580d8eee8dc4b7d43cb193c7",1020005927
"5814a1dd61362ded4f1d8d8d",1246301542
"5814dc311aa87b24e26aceb3",866590478
"58185ef7646efa724e904f5b",685955652
"5826567e12ee3192785e36f3",1142128058
"5838e86b74020a5bead56161",463782312
"583a8d8c5d7fa63125f62155",787247417
"583af1118e60e46c347ec593",1302048066
"584364cece0bc4d17f0e7fac",432206387
"5844c83fecdf7e09b188c2f0",589246686
"584990ea9718bb5598495061",389991583
"5852773a80f7f1b929c7dabc",1200017256
"5859ec20de4a5036292ee947",825150208
"586fde402c82c1eb5a74d634",492364326
"58708fd9e83147daf1a80c48",456685661
"587e67078115103d184970be",430846072
"588400f7829874f9de919e39",585795407
"5885faa4aac834118c5e4351",477212231
"58954e79191c62ceb1ead100",1018821488
"58a3a9f44bc7846ae26413e5",648862446
"58a5dacf2f664512c2b00ea2",783996333
"58a724e8a0e05140b07539b6",793131402
"58a86bf535b4c16b50dfca06",400812638
"58ac250fa52a1ac7ce39f70f",475587803
"58b139bc16fa2731e4b76f28",665391827
"58b3ab31de2f9fdb0da0dc8d",767852457
"58b40969f1b73182cb6d30db",589914140
"58bc2b0acdb0702732894fa9",553093349
"58bc65fd2e0e4430fb353d83",913639389
"58be66aeab226c35330d57d5",643162246
"58c2b87098ad454b1fadb13a",725132230
"58c6518f9d2d0526d31e7566",435872353
"58cdc29143b85386c76bedbd",1014290125
"58d24ab99d74ae4c449c90ba",757499260
"58d92e8a26589e37b7123716",572532800
"58f02c785ee9a506e899b967",923729184
"58f55e9bf743e2e3ad43c274",804547474
"5910c9b29a1025bada93a5e1",1092368405
"5915093d458d4b6589e86f59",577083775
"5921ce922675f6517f8f0007",1176585288
"5929c81cfde8ae068a8b822c",953503025
"592c9c45c07388359f663219",572180583
"5933c18b8cb17cc6e4ae91cf",1055434320
"59374f70d5e7da97e3b8b35f",1116073831
"5943151d9a76010179f6c297",645143050
"594d46a91315527995cbd807",929070837
"594d8d78af90086bf8cdf09c",671562959
"59519bb6d5d299ee0b767224",754635689
"595415e95e075b70c39d5c5d",701829722
"5960f14f2a81075fa66568f8",578222844
"5965d19a68a8414b0419bc68",833740519
"596b6f435f76058493a16cd6",994693144
"59764968800501c68631aea3",926246908
"597d3f78e2f413acabf825c0",478840439
"59805e5f4080246ac1d92b34",712579405
"5987f6171a2bcb37062ccc94",898327069
"599506739a6544839bd97b81",876519535
"5996fc90f923d6e8527097ae",556778157
"5997da918101ff14bddf20eb",581350510
"59a309a6af425b2028a2ad69",974520040
"59a3b1a44c35ed4936cf7843",722364109
"59afb00a84b4f2a9ffbf71c6",866823712
"59b271bf9e2d29ed35352f5e",526025450
"59b5fe8d4f5ae272dbaa5ba0",1091068143
"59b88e154c07bb7c0ddb4e8f",866165904
"59b9a5730cc8a41bb7a1d16a",1022008069
"59be3c447844f31267366cbe",500430011
"59c11d3de7153d2605cc2273",744716625
"59cb7abb39785d5263a156c3",823820139
"59cbc0e7dc6e6922feffab8f",698989222
"59db28ba77489750903261d5",673113969
"59dd396f70b8458772307895",653173675
"59e48259a076518d929f5db8",466246992
"59f9cc9b23cdea5bd4cc3ae9",811154601
"5a066d6bb65d28c2094051f6",720757315
"5a06a8b33611251b62d77e72",1047593297
"5a11cc89d3b01eb87535ff1b",882035034
"5a12a15af3c0585d81ba8f5a",555697271
"5a16b30f4d580352710e92f1",904803665
"5a2624a08494481388f6daff",1144575570
"5a3119efc021fd0f102ab958",547038501
"5a3625846567d06dbe4cea0a",874915484
"5a38f908d8d75c5810280e12",517162121
"5a4039f0ca12767138ae585f",481317941
"5a428139d5ce6bbd9505945c",1201906801
"5a44636153b1d4a74d58513a",630084785
"5a44be6fad8878eb2c394ca9",1062985317
"5a5377f2d087b7bb183783bb",575349288
"5a5a581ad5540fc82cd3c2ed",681730142
"5a6397b85f45fba27dd9311f",890108163
"5a681060eeb2fc8f1b3261da",691852843
"5a6878f8a47f1fa2fc1d600d",1161805847
"5a69ebde2e113923ddbcd18d",820816875
"5a6b30b4d33e068d421bc2a1",737187976
"5a6eab133b7e95155f6a9012",476850275
"5a72e2a62121158efe59069d",538979306
"5a7b67d4c79ecd83b7ab66e9",909433463
"5a80dd0f68dc2cf9fb1b0c03",476691523
"5a82fa348f3b97e74cdd3a61",913567805
"5a83bd697db5076016c0671e",513548595
"5a84e6d2ab8db0fc60775d03",674837594
"5a8638c17d14ec4f6d447b8c",517440851
"5a8950a64b4aea4ac13dad45",1009576136
"5a9892659590355b91442979",768305147
"5aa1667bc8db26bac1c72f5f",995430406
"5aa715bbe2b178ad0c9e4b08",743172580
"5aa78a2bc8ec5e2be315fbcc",1097319564
"5aac1a1d5da10b76ba4b690c",947885190
"5aaed76349fc95f6c12ced7b",1266246125
"5ab0b8b0d6d93c4654b5cc14",568863787
"5abb555cb9d65db8e6c28201",477453377
"5ac98c971b9293bc6a8a6aae",1108752663
"5acc9d767e3117bed0fd8464",726844251
"5ad6f4091b77715b7f74587c",576619758
"5ad71b7cfd356a75021174ab",620423889
"5ade8e9c79288d511ce1fd79",759114330
"5ae03c0e33dc7d3e0e0d54a5",784917277
"5ae08e5999ca2ba0a1e2d8a7",673879533
"5ae2fec22f535ec2490174c5",365854986
"5ae3359bfe2a704de00e8801",547232407
"5af99278b1091dca9b0b0332",804722303
"5b0219cdbb8ed527aec91659",1087220236
"5b0530f544da162b9a8ff772",823993054
"5b0918cab84af6fa6c464037",728421005
"5b139fdb19ff722a846d71f0",768462034
"5b146f1914acf2ae78360fec",779355250
"5b169f28ea1dc473ddf11580",404971156
"5b1902dd7768f5144ae7704c",874329073
"5b29d453bd368190e0e356c2",680571492
"5b312ebdf71ab7971f9fd2d6",628641341
"5b328b80dd844db2e946302b",397991054
"5b36bc6e78872d2ca6d3d1f9",634692428
"5b377636fe30946fff973f3d",946807264
"5b3a467a3b0feb8ed81be1b7",1297623669
"5b3ba9e56e24e08e1f81e220",430214794
"5b462279f602c5b67ada82ee",653079825
"5b57258272dfd1babb29e7fb",641123971
"5b5bb8156b98eb51a58e73bd",478870582
"5b5db88fa09ecd8f4b9cef6a",545663839
"5b6f21752f3744ec6e529d74",845292183
"5b76ae185e6b41243777cb4a",399029330
"5b83b73ec31031582aabc527",402690014
"5b83d91f4d6364d3e4be1428",819414686
"5b84f5de073000ad4d4b1a04",1307479389
"5b908b8abd8dd0862440c172",619123017
"5b9469c3ff6b197bfe3513cd",574829169
"5b9a21a42d5f50ed4b10581c",1035088166
"5b9bae6f556700e099fedf08",527968422
"5b9ef8d6defdaf13dccc5ae9",501741861
"5ba05f67a77cebe5cda31e74",764586422
"5ba4bb943139d7930cb91650",821467281
"5ba6b4953759b45cb83512c7",1029015884
"5bb87c8d49ba8ae67a659b52",803106596
"5bb9dac6e0e9409e89aa6cee",775932020
"5bba6c40aeb129c433d2c58e",783230466
"5bbc190cdc5ff3296801ac0a",589764220
"5bbc4ff9cc3ddacb39469e27",945499254
"5bbd0476c27c53e2bcaf9462",813863398
"5bc46671989de2534553ae49",675744238
"5bd24b842a67601630036d0c",829691715
"5bd59dbebb0d6fa71efa4c66",474389097
"5bdb5174517b8faa23df9587",981359735
"5bf6c1862c0bc967da2cc484",1017979071
"5c02d79c59fb636ca4cbe86e",442965731
"5c0e328a04f881674ae1046e",836714717
"5c1bd88edef0a4146c871fcc",630087610
"5c1d1ee26cbde5b766cb4ca1",807509489
"5c208e5c37aad07602f7cd7f",540002112
"5c25ccfc7ae77f1d85981a79",508785495
"5c2ba5028fd94a6b9859de70",520147437
"5c372bd1e01f3243256e27ca",410707665
"5c3aaf3f75d6d3ae9b55cee6",630037207
"5c449356b8b2d7e0928cce59",860359322
"5c5039602efa36222e64108a",737814854
"5c50853824c890a5a7f0cd70",650245190
"5c535b7d92e34c0fe4b66891",607615570
"5c5963c17bafef1a1bfd5e03",957784171
"5c5ea0d8bae75e0a5c88414f",958320553
"5c60d7880850970facc54bb8",811688963
"5c6e6dae74e39d33621c7119",1233964131
"5c6edbdf110bca5a66a51585",416030881
"5c77e242474e477513b60ad8",527400340
"5c789f2834a1a69aede6316c",500063314
"5c7c83526b72ced12a08e573",584677564
"5c7efb015b8ff7f108c99723",659855090
"5c802e198dc0906016741026",506270247
"5c8240a1ebf6138f81dac715",962422108
"5c8f3b7ccb4340263c255d00",526856767
"5ca0586ab7d20dce5e9ca8a0",750835870
"5cae4522fa829a1614739b64",1042562075
"5cb29f5aaad14b6c33813580",499172792
"5cc0700421954934cd8dc445",673368288
"5cccf025fcc0a7d9ea01b170",448422861
"5cd742ea274b4a8832114080",697032148
"5cde1a59393643d7ed4e909b",738071323
"5cde51bd6de3759821216d5c",1022606523
"5cf70a67ec25288657d6fff4",822642223
"5cfc9e48ab90da0f4e98a7ae",845452075
"5d030db414b00948ec10d18f",383460028
"5d09f2d1cc5fec761ac4372d",879188881
"5d17daf3e98cf433267d978f",1209988839
"5d2200b04fde91f830478aa4",492588424
"5d2be469f69f31090769efe3",919780375
"5d2fd288d33283826210cb90",1015861782
"5d34f871e5a5cb3a655a0b13",770647050
"5d42f42059617a5ca7ff3a32",535948091
"5d4a23137173c0e2288ec418",601103786
"5d507cdfb7c233cf96dc6a83",770605366
"5d54a0a596d49d9f85f1b5e8",628100968
"5d61946d53efdd9bd0af140b",840965048
"5d646ababb10f51c141e0d8a",732918965
"5d6c275d9d3326e738c875c8",881034509
"5d82060575bdb7be33e63ecb",992784439
"5d85d77a06d0f0324d15d162",1177813223
"5d86154fc1769d4dccac1269",685039753
"5d86a1db39e324770ae58efa",440604065
"5d86b884df3627d93f206952",955643523
"5d91dd63b6aef851e0c78389",676618059
"5d97aad3e83e26b551c3399a",745961987
"5d9f8f380a6434096a0cd906",511465937
"5dac2d2027b6c81c1b7ee3a4",434674735
"5daf1136686fc538db40afad",420376284
"5db3d671b5aa03dc33f258dc",434184488
"5db50c50b523f3d454e94dc9",661442327
"5dba98aa20e371c3947c19b9",938300200
"5dbcb55dbba823dc31b041f6",1177813223
"5dc1fd6ec7ec8c8af71e3b6b",774321845
"5dc404d1c214abd2d45b2a0a",1098730834
"5dcc8f6a6854a864dcd27a87",705728636
"5de0f045039122af0052c544",1012568002
"5de86bddd492f76596b17a0d",907943925
"5dead94ad2dd86dd41448994",571230730
"5dedb7b64b6ad0b514de2bfb",777048082
"5df95b44c73b249be0fc69e3",511445105
"5e0100ae728e347eedce5b14",1100487116
"5e04875f99a5e4476c0b4186",687036821
"5e113e1e878da12e312cf875",1250078230
"5e187b07578d582ff3d8e189",767559706
"5e18ac352e3f3119f5f9197a",1161794935
"5e1cc2905f7a701f895123d8",623187183
"5e36efb290bb265d81706bd4",642564732
"5e3785bd517f4faa2bcf43d6",1184700470
"5e3d7da3cfe55ad1fe609579",797639696
"5e455623c380290e0a8e4e48",487446845
"5e5ca2753a908aa1b7fe80a2",720943161
"5e5ea93675900efebecaa19a",418130685
"5e6324cfe41c3676c7d0a5da",861892322
"5e6b2661bb7ba0ce4776d483",365707604
"5e6b54654c98c2517c2e31d7",974352400
"5e72dbafa642e4f416e6f01a",655955600
"5e7ac1ffc0886c27471d1a54",709751142
"5e7e36116dbc08932f5fcbf0",844704594
"5e8b2528c1c0a5c12a476919",946785290
"5e931fda1e62fe41ff0f2ba2",642328783
"5e935d4a03c6abc86ac5adfa",1013427730
"5e93ed2a9b36625c4450b5bd",715074361
"5e9e9339fe1c3a06470cf7c6",750710033
"5ea150753f8d07c71af45cd9",957870887
"5eb268b95d7b6006b064f9af",734461460
"5eb815f9023e6eb97786233f",1303069890
"5ebc5cc2c1488f681cd119f2",812036054
"5ec01e911785dbd5b49b166c",522073527
"5ec12159380f4d1a85e8b0ef",509439890
"5ec3abf721e13b0d55829bba",852135980
"5ec6e033b9dcb454c57050c3",812036054
"5ecbd5b92092264f4e9101bd",617854257
"5ed1320fe84a518e267ff537",1295073450
"5ed8cd2cf2c6dd5b5241d6ac",874329073
"5edc37d9746cbef8352f0fa4",651114960
"5ee020d4adc767b3b16fffdb",381122640
"5ef33cf17d4b45277edf35a1",568020109
"5efca36c25884a2822bb7a81",510123251
"5f088237d263c37e78264bba",468784727
"5f0c7a6b4f46203648a0bacc",462295548
"5f0fa37b7c5cf77e0508abd2",1167821702
"5f18524e839c2987594a11a9",933387436
"5f26f33bd89fa7563ac6873f",539733333
"5f284a75ec8e9c72abc76695",876320239
"5f2df52db15d2e0ebd327a36",463272901
"5f2f7596a284915ebdb81a35",408761459
"5f39cf56c4e1bd43f61ecde4",669425534
"5f3a1ab21669ad9234d4dc63",873167074
"5f3a2a31f6d1838e0a9531fd",886610840
"5f467c6c80023b0174823d85",986068830
"5f4b0ec9c7452b888b33c3e8",621599670
"5f501c4532ade3f412359a1c",963516944
"5f52e316136696cdb56e65a5",462679355
"5f5346deedcb7cf5dcd1e9be",651502983
"5f537d233678443192d22642",995065035
"5f5856dd16c0e5131835e650",715377056
"5f6ad58df27b562db077b5ce",709007561
"5f798656baebb094a3c83793",1145556912
"5f8d0a2ab1f9136de446528a",698774148
"5f9ee280509afd55d24f39b7",699769526
"5f9fa56b99677a489a9966bf",680033241
"5fa1c8237da8fc7683bc10e0",564261567
"5fa3b0993cb43d3c72c30093",858085807
"5fb76f2095eb1a5cacc2524d",485520878
"5fb9bd3aee2e1320dcbea448",460866121
"5fc0f0c4fa019b6f1b2a016d",431930397
"5fc3634e1fcc96b9215a6cd9",1180258294
"5fc3de15eb0cd87be5ed2e6f",579164263
"5fc3ffb33090bf75a81aad8b",612437323
"5fc559104e0ba1112ce00f5d",1129552630
"5fc77edb0e5bec0ed8e72a60",815310622
"5fcd9836a3ea537fe86d457d",587093384
"5fcf1e2ab4edf13ec844decf",860756701
"5fd213a5236154ae5206c372",1299645806
"5fd3b0299c0d52e48195fbdc",496484306
"5fd89a857727753eae6632f3",565853893
"5fe25ab9cf4ea071cd6287dd",473382141
"5fe5f3c5919c0ebd57ec8e36",496538654
"5fedc401fc32ecc4d9ba7e89",463901665
"5ff696d8369101b6dc60e2ed",603325617
"6005ebd6442c62f8becdd2f5",992674001
"600dc823c42aa64f60fc3ab9",571712558
"601193433c99337fe806b158",633968226
"601310d800d88f0d387235e4",1126938228
"6013b8c04f7b9fbc74ef1ec4",530786429
"601da8fc375ba0b3df3b38bc",1124055925
"602abdc140c40112afc1dc98",429926707
"603c736378e07570fb985ab0",983509576
"6049fb02c166ec9b4471a7c6",601117401
"604f1b5149f770a8f370fc75",433626186
"605276b332b5e5984b83ea8d",468912318
"605e7a71eecb13b23ffca0c1",558134167
"606affed5c707249158c4b49",775963811
"606df4826416ea0f146ddf99",538268347
"60704a08df293592e4cb5719",516921823
"6079fb3769f843e99b47988a",625954577
"607ed21e896eb5ffb50d5ead",487446845
"60823c81f0b98e8a57192a9b",880074089
"608a2339d558a6cea9478756",1113013139
"608b26adceba64d9ebc5486d",407545939
"608cf4f46a188cf84f853c72",442577341
"60a04215bee81d26f20cf0c3",759742945
"60a495b86d6eff1e345ecb06",499830278
"60a4f09c268e61fbbe423ff1",456350175
"60b5b0aa0c1319557cd0cc85",1185529051
"60bae7a45a084f117eda823d",891678740
"60c116411ab3cca49f7f49f1",484224078
"60c71a98253b5550d773a529",686284698
"60caee98c3cc8526d16d7f44",584317222
"60d5f19c16554cc2d8e5940f",874412528
"60dd7dc49139e7816dd8b143",725171885
"60de8c37c9eb96efc432451e",924593436
"60e768892afb284b0e5042bb",768429676
"60f0df18cb4324ce5f4bf650",783066135
"610061a0e67aea7d222f08cf",1197324321
"6103571d9525ded3c09668c6",430178936
"61055e6eb1910507640ce6b4",769120520
"610f192d22864016cc2df1c9",727113231
"6110b5bf07cf38c437c7ca8a",1120624709
"611a369172eb6e3e2e4bdbfb",1201471477
"611a3e1d63c6ce5ff8779243",568833462
"6121943254877ee48716c4e1",402806340
"6123a0dd128e45216f832e3d",904886286
"6128a8deb1f0bfbbf0d67769",671852979
"613ad83abcebf6598f0079ab",769263491
"6140125d2a94efe499a6941d",486620873
"616a5485bc7721ecfcc21c70",416248068
"61779f1bec05260cf10a0d2b",663902012
"6183257f16bce94113879745",528811625
"6184f12f3a903658f3319290",614411972
"618dede0dbd48df4fe610af1",1203520993
"61953f4c9bac7cac5ddda5d9",1118644329
"61974f593c799e5d5090c067",403073727
"619abd5f978b1573761be86d",493794011
"619dab52b321ab297a604185",1172878634
"61a12496ac1e6f39c5ac5d3b",1183040497
"61a363a73f3c93aa1775c4ff",781450519
"61b3bd442f6fc8838e2f45af",593797552
"61b9307a25be3119effbd0d2",538646994
"61ba09084039a467410aeadb",787978024
"61c3c304eb8a06b5a483efd9",928269174
"61cb98125f43429f7f93c898",768462034
"61d6969334fc63611c810e2b",784453018
"61e1e0c49f3aafee6ec9179d",811859700
"61e57e5539c40e5ffeb77997",508821259
"61e9c2375626a18bc9920c5d",520711796
"61f634438de4a10a861f42c0",607711502
"61f84e5a07f37865c31d4a07",1030121322
"61fe9ea90c8a777971db8384",751021193
"61ffbbc24b30698ab8f735c0",539549666
"620e467297aed5c47e22735a",360511859
"62103a85a8ddcfbf5e40e284",970937943
"6218a5d7267f02c576e5bf16",723656062
"621c3051ef29e8da01e6bb2a",656761793
"62259b400be228a30a655a59",910122040
"622872d345b4b0d9c1b9302f",837618629
"6228854021e72af611d2e59a",626960818
"622fdba953206a65224f2c82",520668553
"62313cfe4272d263173e1ea9",813697286
"623b7d96c0fa09e50148aa7b",759464827
"623df36ea9610ed5c58dbd8b",490968796
"6240b85a47c079cd0efb077b",601439902
"6247fb0e5261d4225f6c9f1e",723054482
"6251cda3676ecbdb6555c526",563696850
"6254ee88812e303bdedb8767",1269399155
"625caf4f4f56f3f6bfd3f786",388763888
"6270356f1cc3dff186d0ff4e",639046466
"6276bb8ceb13d174b8e405f0",405808437
"628b3b56449724e7d945351b",804576078
"6293e4a72b5c84782bcdbf78",854798177
"629a6122db92e378f0eab96e",887000344
"62be98264dbfd418ba21cfac",901327770
"62c017eac96743cfbb61e86b",681182753
"62c39ad30e9a26d8cf3593b4",1107011819
"62cd6a29e98a5b7a5ad38050",723176150
"62d338c26b44153bb075b234",1046214231
"62db5fd2a4eb831d281ba8ba",1144935946
"62dc69d80cd6ea9fb7fe52db",760579399
"62e0110b1c8dda16cc7da89c",704259455
"62e376b22a4cf0d84b7f6bff",926968214
"62e9330888566f1f826e1ee7",785667638
"62ea31859e01c2f4d4e97baa",657770778
"62f022e19ce6608919eab5f9",449148055
"62f46b8989bee43db86ff589",449339617
"62f96ed5c1e5f28117949a23",464773387
"62fbacd4e172983a2a998daf",747773339
"6302477fe8172d08f3b4815f",529516963
"6302d4fff078a118c3211794",975783228
"6302e608d8f37e63f4e5cc27",473512810
"6305f02255274ab5fb6bd39c",785181157
"630f00e15cbd7826475d1509",1109852717
"63131b8d125073c7dfec72f2",918080638
"63182bbbd5f94cea67de2d8b",636771418
"631e6aee6ec1f720f3c78775",611767647
"631ecfa47fe167bfaaa967e5",403596699
"631f4c509de8dd64f1c400db",867926346
"6320f26d77fcd56675db6b97",699023710
"632820af2a0477aea5ccfa1e",1034389761
"6334eb4a37d102ee00c6e2a1",573375780
"6337f924f515625e7fa638a4",813567191
"633a7038a23ffaf4b3f7896d",858085807
"6361330195fa7cdc6d5c603b",877986014
"63613a9290bcd9e1bcf2786c",737950913
"63674e7ddf6f2b4d7c6d5c1b",387513755
"6367a127b452cfa27043f74f",768462034
"63698398738ebc7ccebac817",797873888
"63717ed97f95e32b2ca321f3",929136795
"63773145b1a896df26504b0d",461101475
"6388b4cfd09e2b1219268cb2",655139201
"6396667677a878ff61e1b536",527453622
"639b98d0798b5670e7bb2569",930075755
"63a25d279fc5a9e8fc1dfae3",400611518
"63a5989d0dad994a6af7734c",482870164
"63b09e45c1b7dca181491030",655766397
"63b982fab95cd17211a4a58d",588393254
"63cc884a9c5c888de176461a",845336262
"63cdd73026431f5566fe246e",467421948
"63cde4fad1be942dc5ee695d",443441449
"63cee15dc4a6808616a2c2e6",480825556
"63cf422266e7c39a6c895b3e",815242750
"63cff4b5ebb2b6528ad34cd6",872182432
"63dfd58a5c43cc7c0a468209",412433579
"63e1ff737ea11ec607ecee08",787366033
"63e73f1b8b385d89de1329c2",431776577
"63f3295df28c02953241e2a0",658254310
"63f4e57fb2cc22659e80d6fc",433086038
"63fa384ea296390350f23d7f",785496865
"640a801d503d85835eb65a42",848052845
"640e9fe41fb79ecba89d8951",1089721415
"6410d336f6e61c4a81403c61",642773975
"641600a4cbb13b35dc7913e8",1058684384
"641ac8f4f60ae2b9cf6add93",757967861
"641f4319c315cbb74872b8ac",458285433
"64335f6d4c1a7514377be77d",698455590
"643e13f00dfe7787a19b1254",468926825
"64593641e470908ef23b46cb",974539155
"645e1c7b799a489887086a1d",877591416
"645f3c4490ce43ed68c7df10",740389811
"6461c0a03ad3ecf2f8112759",803118177
"6463505a740324c7aa869d79",780948819
"6464d5cc161ac659dd963897",467182462
"646bb3de5a1cfe4bfb7a7ea7",1305601900
"646de9441934226c2ffeff77",726844251
"64731b6eaf4fd2bb6c155013",747080098
"647ec3f486cedf045cdd3b68",565552504
"648217f4d8b5e0e65dea066c",760524972
"6483f2fcdfbd26c621a527fb",1008125839
"6490a1eff73727bf62458b0c",529522897
"64955a117f2d9264eb59fa82",908667936
"649a2784beb9b821d36179af",546940525
"649cca8c83352caf7442f20a",804722303
"64a24372d58a2cf535c3aac0",939170505
"64a4528640fe492865ebc0dd",699459284
"64a9f0bf04f1c890cc6e31eb",846379990
"64adcb2941e9553ee394caee",478235227
"64b4837e4550ce39f2f85342",893721490
"64cb8fc8412c9247a5c243ce",1307479389
"64d1c45a2968b0fbf0eeacaa",861773623
"64d9dff81c79a16579cef2f4",1255673884
"64e3401f22d18b573ff0504a",630087610
"64e5093d6bae57e8b4298123",930043989
"64ea18085495f759116f62c9",589335695
"64ecb100d7882ddec6bafbcb",681836248
"64edef308b6a9805f0846cbc",1029265673
"64eea2e9a13a8edfe8ac7027",929699246
"64f36d32a3a64853227fa69b",1380952443
"64fbc9cac3f15c0f1a16f4d7",490992718
"65010e340fa495d060e32f7d",481064397
"65070c554133f2b4143fe051",663583828
"6511180e3128e083bbbb6940",1153718111
"6514f355887c64136edb5595",984104774
"6517c1efabdea4c1f93078b7",428402197
"651d5cd65f80c4938deb7da4",644940150
"651d6af0968fc05584cb3d25",653628890
"652793275729ff3b69e86072",581979829
"6528ca87df8bb477f4b6b8c7",545143635
"6542b39cc8d2d13dc828772d",846016918
"654d2a3a0e02065560ba2484",538839247
"655120f80a39c19221623311",714299429
"655d6eafd78be856479767e2",801584553
"65647ca6e47eb2b9ba20058d",762716160
"6565b3281cc2d632febbb6dc",1240548858
"656c13ca7a1974df58e1b826",1191447048
"65766c8572b629744f00b45c",494721497
"658c0b009a09339a3f312145",772364335
"659abd72d12756ba0670f466",451980388
"659bccaa707b94f303610225",614101063
"659e9ad0f593b644071cd850",565333509
"65a626faaed9d9e3b172415d",569788962
"65a8795e7a5b88acd7a469c4",646374401
"65ac61968819927b8fd9b990",580065960
"65ae1a893abdc2eaa63d9271",1086160575
"65b8c48546af394a924decbc",584577270
"65ba1feafecd7efdcf214ed2",1086550976
"65ba6e178f3565a84c6ff973",1019478653
"65bb6acd9be0f8d95fbc722f",769781163
"65c3e09ee6f1ef0500ca4316",880187258
"65c83da72c07b8e74bf581f5",669255079
"65d5918e826c33bb950fc008",590585522
"65e1a61d984712e76829c821",796479847
"65eaf65f8dccb8e49a93b753",852711843
"65f736c3fee3d14c31a57d1f",740243701
"65ff6cef76efb4c83ac0611e",598295742
"6601706d2133f96aecfcbfbb",476076495
"66019487c37339e9354ca999",729922247
"660eb3b40b2bcd07df8f5c3f",548995678
"660f3f9ed9a72d8875a9efcd",856303364
"6615da422a3864d415b28fe9",581009346
"661f7eaf134a5b142843368c",523020638
"662a221bbbd961c285069c49",880051874
"662a3e343a7e207ecc09d6b7",770647050
"66379c5752189c150954b4f0",419193852
"663e062b85f16c2419f8456b",636021126
"6641ef09c0bf5f3180952b30",431152491
"6645a3080e5d10779672d139",787426141
"664934c8e209352d2c79c971",553180688
"66526276a7e8da597683e8c9",710312074
"665d62a8019b27bf5ce6e6b4",558074859
"6665e5bc4774d04321d1ba9f",623957116
"6666ab486afcbc162fb560c6",975004135
"666af58bb684c2d8e7574e86",708241262
"6670cde3fbc11c263c6c3163",769865901
"667685f89a61aa2ad5c9ac7d",417669413
"6683685692e955a8ff172c89",876578358
"6687a2299f38c15598d11eef",1089150667
"6689af92cae5d7c9c3e2f215",853161220
"668db5244c4d5b5c76b0b395",768462034
"668e5bdda1f4011578534f54",1156580388
"66a2ec5aac8969b2be538c1c",666738133
"66a45b0aaf5f696d35f5cebb",582760848
"66a59937c54eff29ab14b474",688761873
"66b7baef9c6c3c7ad24636e1",923160949
"66bc6e56bcac9bfc4a7341d8",555554889
"66bd80fd26836fd426be5733",562390095
"66cf83769d16a4d659edba6d",797071893
"66d402a9b7d05f29282ddb00",634366575
"66d41314804d77ea0f440695",868969961
"66d8ce8e6aad18a4963275fc",576588080
"66e4f010db2febff23b4a4f5",545000660
"66e9c614882d58c022de7a2c",877591416
"66f58d9d1e1eb7e81cab24a2",833176807
"66fa7c9e82a2876216b14b1e",568329274
"6700ad4d4d7f70def59a5d59",774625760
"670583e7a2ec6e337429fbf9",1174844368
"670f7dfbe2eba87e55176257",954731950
"670fe8f7b8ebe006885b2777",755972639
"67138978493b84ff42daad45",515249071
"6714f846f2fa3527641ad96c",773828229
"671603ba1f755be5d7219a01",474056150
"6720db016112cd2a4a5e0358",648014158
"67250a8950aebdbc67f7fbfa",1114551883
"67308f6bb80d2a203e306104",388511852
"6732b448d2e4f32679f235ad",1109852717
"6732c28a236aa1ccc0cb2c86",697105161
"673c72783eb4f9a02c511b83",1089150667
"673f2b913006ee8b33e75b5e",690300617
"674c02227165e1c7189c54e4",1018975992
"674c915c52b27df2c06b8bd3",704135590
"674cccf4c7772d6091166aae",1001111191
"674ea6932fa9e6b7581479dc",697007130
"6750be41e08a725705256b0c",1146491322
"6752fcf8f1af18d61124e32c",735044226
"6765fc17d98c08142d3d7757",741961311
"6771a8c70428fec0f21d51a1",804722303
"677c8056695a5a539dcfa3d0",528688086
"6784e116d96e03911e2a07f7",590399847
"678927546243e932b48d6058",1336575936
"678a80840673787b3aa64228",816025906
"678ba0c80536dd27e385b31f",408889364
"678c70903bcb6c90e3578d6f",1050549747
"678d0e011f710cefa49f6465",450774439
"67a10f161cf7215302b6ca1b",371808410
"67a7cfe6e95aa5200c064717",696852654
"67ade5109553a9d784886a46",1076603627
"67af004f80b08fae38f472eb",520414606
"67bd5b20df7f2a9cf4e04358",568675986
"67c78ce1b8a64f36ddf90cf6",766280644
"67c945ee31cf1fa0a874e4a6",595893504
"67cf2149b4c214da77694088",926823783
"67dec8c47ad4de9605d56db7",574236092
"67f664c8f9250a22c10b4f67",770647050
"67f694b29bfa494bd9d9cf44",829482220
"68006626a3321fb0de032307",538625598
"68075b0ac8e779bf5e66dd3d",616185112
"6808b10f5876ca36f569a4b8",998818099
"680a71ef7ec15bd919c06320",663190906
"68181ef118970fdb1d83f030",1021692012
"681e772045fbee930fcc9ff3",1284062660
"6820ee22d6fafc9c030cb286",1288087592
"682b38de3539b2a584446922",415871542
"682c0a5f5f3130a61b5214d8",858043262
"68340674853f0ea101e32b46",451461082
"6834b61ee23cf04daf4fb83e",861710088
"6852e8bbadc1a9f4fbcd695d",799605686
"6859481703fb0cb34c1e564d",461953190
"685982808b30597cc013e2c7",488641839
"68699eb9653684fdd3fc79b0",874329073
"6879f05563a9f0748088cc65",1020005927
"687b1dd576eb7d06a08c3439",736902525
"6883fb90099426e6f3922909",481111152
"68925fb9f8f0c84fa0ffa9fb",1166845208
"68939c438c34e79a317a4f3b",909177910
"68963f5f3657cb64276e3beb",1020071823
"689aafdc12fd1610c2393a6c",808031603
"689b510fa99bda54284cfe7e",735978282
"689ba3a92dd7c12f1965031c",641772594
"68a00651ead62911f850cacd",474106611
"68a3f9ac977f56cd39a6a1b9",1337806833
"68a7d01e50462f7506f8c8d7",564371033
"68a8b8d077a8232723bf37e9",707667858
"68b547621c25c7418cfdf5dc",784809170
"68bda8b092d5a53a35dfaf07",1056441943
"68c145df0ef91fb4d14d001b",393150111
"68c319925551b9484778bb65",853825145
"68cd88b657b59f5671f59e04",415730648
"68cda50b602acb4efeb275a7",817491412
"68d35dadc6d0dea61bf4b513",413705964
"68dd15c8e9b71171348ea24b",1073393645
"68de232e27aa83405b4a19b9",1203308719
"68ea36e3f441cb6da8d36198",1265190231
"68f431548c330f84c46174f6",1124556552
"68f4e3d4355bb71db0f35a65",674591941
"68fabddb27fc928b57efcfea",617274711
"68fb3b3cc3e5b13440eb014b",1269165196
"6906a20be4962df7725dda7c",1015861782
"69190139558b2ef3eface18d",441297352
"691b030abfe1190802349715",381961973
"691c35e98d0d5780aa82aa06",628861325
"6920e6d7fff656d66844949a",807429641
"6921133528bd6fa3675ce8de",754426529
"692cc1c9949d35ae11412fd6",678883207
"6930d8e260fafaa5c317dc82",511534092
"69442123283ab024a911506e",1152602605
"6946fb4c877f35e9215ef4be",797194785
"694b0a500f1619c4ac4c85fb",873522770
"6974d82e41437d61c627b16e",946422306
"697b6c6f7666391fc689cfb9",804594792
"698383c101fb784f8e1b1ee6",444081974
"69843aedb25a928097a22a89",522937929
"698f3f1929a2dbbc69865b65",728421005
"699095150a7f3f32c40454fe",844036235
"699412bfdab1157487c81725",950143241
"6996e88c10a94d9ee7d05357",519489797
"699ac8957d9b4eb7fcfbcc40",811894418
"699b68daa574a0f169436ccc",553645364
"699bf5460c63a4d0e4542ade",1115613694
"69a1f439de0f06e1143a0006",667141164
"69acab4a6f82ae943850b9ae",651608046
"69ae1f2868fe714ad8e2f114",359952881
"69bcce6b58fc3702580d3234",797023785
"69c28dce8eeaa86605143419",1250331586
"69c7e97037c747b93c33251b",1095657032
"69cb0f3d422c2c78373c2e0c",906533385
"69d1e47b6bdc57512f1838a5",946195637
"69d83d8492db7ade6c37c3de",536244072
"69d9908e13bf7c8ac4c30531",448391439
"69dd957e78fcdd4d8e874acb",591472497
"69df7bc1d82d9723c70eca70",826659484
"69e663ffb4935aecb875854c",846487027
"69e6fbd4d3816c4cc37b265a",1134231116
"69f59487924240bac2e75bd4",1137876923
"69f7ab8608b5328f106b42e5",913780952
"69f7b81b70ea61f304ccd36d",721096140
"69fe76202cd89637a15de1d4",563091096
"6a01b6d09d516d67f4a2fb43",466901738
"6a04f8684e083eb6319b5272",604179197
"6a1024c5da689de67bdfa274",701421284
"6a112af84d5a81f3d16dfc32",1156362550
"6a21be8a7a429eacb1de8c1d",896278280
"6a2ce95a8be0654f193592e5",481654854
"6a2d4d9a257fdfb2ead837a1",469510753
"6a2db40e5f210a31b2f7119e",558679227
"6a39a747417143f0cd24f3bd",1357750038
"6a3f9046cfdbf4eefca3ca69",529245977
"6a42271a0b03bf9a856d1acf",759610504
"6a4f08cd04d558a56af732d9",499500843
"6a6178c4cae2e92a08b0dd0d",590298933
"6a65986cecddc5c47fbddb9e",750735675
"6a6d4f8251ff961609019ddf",421753594
"6a6d990b9b1bea0f844d3065",628729689
"6a8b9fd89b745a52703715ab",581678444
"6a9ef848f22fecb9569098c2",836705717
"6aaefcb58913bb3f49954b2d",724852195
"6ab5a87a537d2ce326c867c1",721091077
"6ab7f97fb9880e48fab16a1a",487644301
"6ac5f5f52cfeed2f0ac9d018",638684986
"6ac747618b6ca674e86cd275",480195793
"6acf9cef08906fe569c38572",853630681
"6ad1fb94accb91bbc30449c4",571497843
"6ad3e1a47d1055b55d14e091",751682136
"6ae2221c504027acfb7368e8",508867313
"6ae4843a827b36bf189a32ff",865954290
"6aebff5b1fb3a438c2c7969f",567348924
"6afa85ee6594d1c8296f04b2",608228405
"6afff7782d129021eebee968",759246822
"6b0828221f9cdf5cf39e7c15",401638619
"6b1a1afa055c15908a855e9e",653904611
"6b1c0866e6f12f7fa8de94b2",657695208
"6b23aa3ca5edd20134811cea",395428052
"6b23f191d2ccbebf9166926c",952885810
"6b2d7f88f15cbf7d998986da",860495500
"6b3411cb8c50c1498572e681",481234892
"6b44648a905e7f4c0de6c855",472954421
"6b49a668de0edbe7f8110740",820764439
"6b6c365359d20be719ce815a",863037247
"6b7219005737d8660d134ace",1103617370
"6b74ef5c8ab1df614bfba866",866526570
"6b7aff233052b9bcb6b9448a",1329059398
"6b8c1c7c855656b0e56f0bb6",838249125
"6b8ce573bc2ee68ace26a67f",675942388
"6b8f7074aed7ae7e6cfbb090",1176549041
"6b9b9d28723c7ad176a9306e",977489288
"6b9bba3c6afa1f999a9429bd",401513834
"6b9d38e0b9a3e28e3e695be1",1051102017
"6ba298925ffad32daae55385",615311685
"6bb2ac0cf2369cd8fd85bc12",719969074
"6bb760d54e5b0f54d9612a8a",887726912
"6bbb24fd1b9df3df4e939fc3",610977858
"6bbb8f89bae38eff88c89c46",503139517
"6bbf09c3bbc3e3a000cd2afb",711486826
"6bbf67d88846e94a63014eee",1069798416
"6bcc29a0afc735bcf3621595",913814095
"6bd1a412c01387af8810ce57",1244328091
"6bdb3153f267395eefbf588c",540216760
"6bdd97526b1a9cf10853df1b",953630466
"6be0ddd4180b5eb92908da05",432206387
"6bf86a580c8b510b7447071a",672645378
"6bff92260afd556a98d3e3a5",731047915
"6c02bbf7f6b087a1f0c8a47a",612765823
"6c07175274fba6a0dc467cbe",586272460
"6c09a3ccddc797f77d63f1bc",1054470073
"6c0ac32bc8a66844197c5fb4",632417640
"6c17875f20f58b1fb211c18f",1054575705
"6c21f6a3513869f93b32e9ec",1121043586
"6c316d2bb84fff36bb01f14c",1308186314
"6c3435048735371c36dd3892",1052198390
"6c36e346957e336a33a7708d",732417870
"6c3bb7e1696df587990161b1",420209323
"6c3bc8c58ce67b8bb9f5894f",1033125542
"6c568d2287dcf12b2aacd388",702921485
"6c589b7e6a3cfad34e98bd87",914802352
"6c598362e322971968739673",398074122
"6c5bbbfa3a1515e5cdec9ae1",657160639
"6c618bfe55cac120a4f1e08b",652790087
"6c679d5b6a1c1b74bf483478",929699246
"6c67b1b0991a1d79251855c3",1099880626
"6c6e7af42a6ddf62b04c35fe",478439680
"6c75d7867807d942c975079f",1010589558
"6c778557da9b5d99f90b1238",779298606
"6c8119e00b901efd2dd40f0b",777658034
"6c81a0b90366db9f514362b4",903884678
"6c8c5e22025ca4f450a428c3",584942154
"6c8e1cda487c9841c8d297d4",713047886
"6c8e27967ec63e6dec4bd6ac",955643523
"6c94fd185169e708a08d3535",498492868
"6ca31945172976c3a11732c6",1211589371
"6caf180e36fe18078703db02",482190001
"6cb19c3e491a60bb2c166669",615311685
"6cc06c89c226a062fc46795a",469782239
"6cc0e6bfd30ed93fca2bb217",441536598
"6cc0fe8ddc318f1bbad360c5",869088198
"6cc4f32b39180bd1ec7e117b",599213705
"6cc6b0672aaccb8909f3a751",627778487
"6cc7718e834ba47a429d6874",599684509
"6cc8e22f11d382206273af23",862751350
"6cc9d912370da36c38ac2cbc",1088258589
"6cd0aca2bc40d83473a39885",686126293
"6cd147720319f60ed2599361",871646599
"6cd4e68300a8bafb9d22700d",944393982
"6cd96d73fc58b1502bc6ead8",985852798
"6cda1a7622d5577c0056ba40",870797091
"6ce8991a39ec7b9883f85000",1254831519
"6cf924390dd3ed4454403887",436501550
"6cfb8a07fc1100569413b33a",721461494
"6d0680692396c07afc1a260c",758294560
"6d0c5546a498fafba15f2e17",396147621
"6d11001f164d81734a82ec1d",467591981
"6d12669907d7d80d0b458a93",887567703
"6d13129db564ad15e69fd534",873167074
"6d1534800bf0ce97197efb6f",518247418
"6d21e1de9c880bfbb17350cd",882868794
"6d2328def08bae481705e20c",832093381
"6d255e0026d70dd44229a2f7",912651648
"6d2ec752890a2f1c4094044d",860613701
"6d305d6f3e3c2a53515d5f6d",874915484
"6d32649478d9d86d840969f6",664698137
"6d3e508ff42615eb78862723",640355234
"6d4a961e099de1939adc6496",1043174828
"6d534e4baa1740d7839664eb",634282222
"6d592a69209ef3356e656c44",522483371
"6d5a91ae44cad7849dc4e969",876579247
"6d6aaf30227f16b2be29e79c",1103727276
"6d6ad5e3ebaba1c11dec0f16",540609072
"6d76a22793aa9b571da64572",914712468
"6d7ac64b8b9f27f61fb155ec",542945175
"6d825b439d8622ab90245049",608829668
"6d848e54ee68e6d8f23b3b1a",508892126
"6d860c215908949c4ba1c536",401800427
"6d8998442d831addafbc878f",936308583
"6d8a0768adedcc1070d28390",754390339
"6d8d2ba62c52445d78f687ed",807509489
"6d90801ea8cbc12f9e2131a3",635625076
"6d9c4bf994147d8892d27f27",1064531360
"6d9c89a406cf2e755d4172c5",479931039
"6db318f828d464be421eb572",721941868
"6dbb494acdc64c03742fa730",849110433
"6dbc77ad8c5c1e39f72cd2f6",973336122
"6dbfb281abaa9a6956c080d7",363471803
"6dd97377cbc262b07ea2eb99",425617648
"6ddb6863958ded0d72fcc6a9",447921802
"6dde6686bfdff12620f198d3",614165685
"6dde9af12b6597425160a47a",1038622104
"6de06f867a28393a9e95c7d4",401991845
"6de3c3d53d6aee18ccdee958",501424843
"6de7bfc5e8149ebc40ec0e4b",505371342
"6dfa362ff7a0d55693793db3",834064555
"6e0140e1d667cecd155c6e23",527706131
"6e07d31b81f3fc9b9de8e1a8",1192685830
"6e0d6bcb01e99fc4959d3f7f",468737865
"6e163c3a0e30e7bf1e909661",511821069
"6e1a9c8457d3ac6a57598052",751870954
"6e233ae6294318baaeebb59b",1013339828
"6e26918c69487a735a639c1c",1292049696
"6e2a3e49dd6434ed01eb5e71",766003797
"6e2c39fbeb5392e6aee9b644",1170197488
"6e2f79cf68ac0ba2b1a6b0c4",1228053162
"6e36550a6ff6fdb2711a88c1",1202516007
"6e3cbbbd3f4d0578144cf021",665383417
"6e3cbc252c449fd4b758b97b",446683235
"6e426f60d25aa8a4c6f8c9e9",489752792
"6e4adafdd872a2837921276f",452359180
"6e4ce81e713a571601d861a2",564261567
"6e508fb72f189a4fa91bde58",846563744
"6e51ca1a9c2bba9fa0cbe5db",825371751
"6e537e91af0de67558bc1ee2",633939677
"6e5383a7f9a68147c2788565",961924547
"6e57de8c4ec2e42832cd4b09",791557384
"6e5ca223128fa2de422b4009",516305307
"6e606a7c8bc632ba0ba37184",441151711
"6e64677f8d730e1f9ca240d2",980466504
"6e6f7fa167c0f617f50c86cb",736066187
"6e710984bbf2662a9cc7bc4c",387319432
"6e73e42a0d2ef8d6e403112b",402000270
"6e794276348acc39751eaf47",978805546
"6e7f3a0cb6246f13656fc95c",1213807424
"6e807e25b64bf0de81f51c12",1231530321
"6e895a15d402ea7fcee98156",1129425963
"6e8e08e09da8dc598b8a8b2b",521165790
"6e9009ad01cf466e8f8136e5",1051102017
"6e9984a3c3daf63fce5cd3d6",647777197
"6e9c7f27d6b89c5f9696fae6",443471741
"6ea022e53741adac484c1798",913254113
"6ea0d50e822913d0f444d89e",856102976
"6ea18874ea84b5b4840f9b85",505683516
"6ea5fbf037ba7e5c74d7ca39",692186140
"6eabd14e55ff090e8a93c727",675813688
"6eb27e2a66d08a8a60567272",746441338
"6ebe90f7140b738b3696f086",509208655
"6ec4c88b8d3a16148e2e7348",883958550
"6ed2970ed02a3e50ac984aa1",721767917
"6ed5fa8f114431d158d35f43",462157595
"6ed772640e5a311cbfd17c31",501551907
"6edd2530070918074c8e7d07",881345594
"6ee1e976768b68cbc8008950",982225927
"6eec5b03718975e5137d5e92",673550188
"6eee8548b87c9349ce90ac2b",527019598
"6ef43ab43841696400d91859",725742935
"6ef9135481d8fc882a1a735f",780807160
"6ef9ce7a53ba3bd892e21f1b",727354817
"6eff15cd6372aeaab2e665d8",479689520
"6f01f2c67343ebb8ec717a5b",585009522
"6f060a8ee8d6d15f46289759",692251113
"6f0fcd78c473e4e04fd411c8",742805227
"6f17875bd3ecf00566dd5c1b",704988749
"6f192e6a537c1509521e1e8a",806272169
"6f293451319bae38c71b8266",641576938
"6f3041147f930cd6cd4fae05",540429375
"6f3070318ab65b867b2702f0",507723516
"6f35fcba4ffd6a58bce85892",473470161
"6f37300b1fefaaf746f53907",1088763455
"6f3dd53b0935c9593a301bdc",533318313
"6f412fbb33519fdd31e741c4",503120687
"6f435cb10e5728ef45be9f29",1214508830
"6f502f363fb55811478e3b88",460365861
"6f52ea8340cdd283f9a79720",659584952
"6f543782174a964402b64de4",810419490
"6f5929e67fb8da068b91096c",1019990243
"6f63e4f866bda86d5c993c8d",416638280
"6f65de020f663622146b89aa",559921575
"6f68b289516faa0b7ef36a34",452989419
"6f6c83ff891e43b7c84728e0",913656575
"6f7bc7fd41ed908494d8e098",607237391
"6f7e390aa6135019dc5a828f",825052090
"6f83f14861e13af92a2b8cf9",468121779
"6f84d405f419590075610c5e",516084512
"6f8a0e8f1bce0243ea50213c",786518155
"6f8a22e4dd21f44bc6d383af",1231927797
"6f953b9964d60f6a74c81226",599747913
"6f968f62a6fa4dc255397bf7",1196126248
"6fa35f1af6d51d341a3165ae",745383111
"6fa5e5160d7c2bed824bc0d0",579728196
"6faf9b6c30b176e36f2f1d32",690876855
"6fb3e33e16eb81331d389ad7",442641147
"6fb4126e3ff41b8052fd0657",651080474
"6fb45859693c703fd9c812c8",463504808
"6fb9e9ac6d44d3a286f317ae",727450954
"6fc2a4f29e3b896bce631ee0",463624013
"6fca3b70ba2c68d9e0d2540f",444371754
"6fcea2c6b9e39576e10581ea",709039546
"6fd936b82bcfd3cd2451bdfa",780487387
"6fecee4b1e5f50c0b27dbba4",1209787241
"6ff3186df9d15b65dae5bd17",423744680
"6ff3eaf8b5a2f16efddde1cc",705706769
"6ff848f65f2507e58cfaa231",417453370
"6fffb7958a58a73b0e16f2b2",898219128
"7002d00c9acf8b8a4a5865b6",1255790241
"700a052900adbfa149dd5b6c",1025694954
"701768887155444b77c4f446",433415631
"70209b9024acb3e5baa769ff",879490584
"70215712bdd8ae7585520550",437696077
"70217bd08583854329722821",759831899
"7023f5a68e1ce9cfd23fd021",418591181
"702525f05b47353c95b0905e",479713339
"7026113e0cd7b2d17f8a3459",576583449
"70298b5e8fbd66aee975ff14",582371361
"702aaf395bc78986a008d70a",678734854
"70314b0bd995a4b03c771ae7",558908805
"70463649ffbda5fdf3c10ec8",652869299
"704e5657734af93d19a0e5fa",894950469
"7055f85f7749c4646577a51a",473499873
"7057326ac489bcc17d580883",752056214
"7063abb555d919d5300af3aa",836667858
"706bddaf0b87e4f076247450",594486288
"7095d576a0b963eb340d8fdf",589914140
"70962daad7cd15ee8af564fa",962236935
"709d17b62bc95253601f243c",800340299
"70b15c2a38c404e62ad05171",438371809
"70b821bc1c7dd846a8be343c",448948567
"70baafa9789d2fcf1bc212bb",695399323
"70bec150e1d8ac537cfd90e2",1037622475
"70c0a72b31dbc1b97c102c13",992388598
"70c19d59c6b9e194b6bc09fe",689852464
"70c3b086af66b0c9db4b0b96",705728636
"70c77552b1bb67a2a71c2ee1",1015861782
"70cb6337c8c3f5225fa80026",902120164
"70e427235490d7d9c9239676",784507703
"70ea0403b722a1dae1ff9b18",735626148
"70ea911907d320da1f7f9c41",515271413
"70ebbf6a402f0f707b893979",734166149
"70f51b4abf26651111305b1b",1167758657
"710542343cece039a279dbee",720480236
"710b0541a025b1b6a5a80c41",452234276
"711045fc099712aae3fe4d14",557665507
"7110d6374f3fc282e4f4bdb0",510514533
"711736da4f0e8282fc8c9e69",1243029070
"711b570ff195fb77229deb35",1153619305
"71235a69058912dec1d355a0",1047613031
"71273ae563da6bbc66aa87af",405929045
"712f16cf2506710d7f2a2e8d",688119461
"7134b03f54b10f282ac34fcd",878006231
"7136cad475a0480044707984",802733555
"7148b0d9e2e1e92d41633230",717866563
"71493c81121558b8ba18c1c8",507847905
"714f90489426e80933ef31b3",634285775
"7157dafd306fa99e4c2ad233",588401067
"7158e3a6d456211d4533e246",472435083
"71590ac868415f3a185dc15c",672676952
"7169b5a3b9a796162de685cf",912693592
"71710d25975271eb32c0c8f4",457448859
"719055eed27f361071cb9eca",998497634
"719190aff81379902beb6497",942214490
"7192b9d32e4ad55f6af9e241",642278897
"719679261d84d6b93035143d",840619117
"71978c139faf2a251db6ff5e",389814810
"7198cf5aae5d0d5ba2e43b96",992201241
"71a20a4daea6d31de942b2ce",1171107981
"71a3f0980cdfea0ebb869935",499048275
"71a42155184509caba01a1dc",426469719
"71a8b68f38fccf71a229df76",635295570
"71a929d79a6cccbce6ac5d79",1129413965
"71aacbd62d72d3eb29a744dc",631675871
"71ab3644da08b8cb0a0b34b3",995714962
"71b1fe15c5bffb750c99f648",712488712
"71b99de83d83dd970b00f07f",1080125325
"71ba2f992908a5f91f832406",589621166
"71be583d473084bc0608d066",678722971
"71d422db0c0c638e448142bc",842789112
"71dca93007d6ba45fa40eaad",769303042
"71eebcb108c4828b8bd5b84a",774894629
"71f80198e68fbba902650b1a",482870164
"71fdd2b1214b9371ef149c1c",1088423454
"71fe067a5ae994180f530686",635625076
"7200e3ba2013876cdbbde972",715692723
"7202b83b651382e2630359c3",489607633
"7216c895aa047c4f405c4941",546247641
"722699e593085cdd72102baf",461003594
"722f262a44b2bb6fc05ec35a",488912171
"723078b6cbdf02c88286c596",936522024
"723655990d58df33d55009b5",1159657111
"7240bbe28e950ed75637b504",506427564
"72488318dfb2181843f17c03",1066945576
"724a5f9542f86cc43334d3e6",462967005
"724c854b1a991f060701d005",435949602
"72536bfda19f78d370d95f26",854743022
"7254c91fc9b51e76c6fd2a99",1052979674
"72569ddc5828fc702b2fc773",1111929747
"725c029b7c5807a4b0ba2bc9",858085807
"72699647b590d11ed9b2f2e8",401765959
"7272c3521b7083038ff0a690",771815810
"7279c610bda9354e1c840b0e",594675254
"728961e03bfa6e3242f06d8a",670786885
"728ce22c8db9bd0abe3f20a8",1047165585
"7290697f96d8e2101089984a",735384050
"72927abf4bcd53d6907aeeda",922231896
"729f5fab1578f8cae4fca8f9",971010177
"72a47f70aa99d42320e54787",460366383
"72a66bc6d15390eb05a5c688",969026064
"72bc42a5c73e7b1f9d54c835",926854350
"72d0f19409c85dbe32cf6ec4",1032099408
"72ddab9ba5f24941e4dbed6b",902608683
"72dec1e6e65f6117e10a2473",456443800
"72e4fa00e8aab44cf210251f",879632347
"72eb1af691a950fbb7e8d635",727091885
"72eb64cd02ad2a54b65083eb",1074523743
"72f0540aab38ebaaf9a389f6",887726912
"72fe83366bf13a53937b7034",877591416
"730804efcdd755786bf734ff",447356402
"730b528617c2841eea5addaf",685070176
"730c7382d76a07904f559b28",487755582
"732615f6d1526ec9bd519eda",554044173
"732a3bd457d7798e1fd892f6",754289912
"7333f19416625d6f4244fe02",709007561
"733c7cdfd50db77066a67140",431498410
"7340afa659775cc18d83aa4a",823526116
"73494d52196ef9838b1be34a",961466707
"734c9446d0674b8d6545bfef",820745170
"734efe04fa6b326ae1d072e8",474858577
"734fbae84cebd50aaf71c48d",979637798
"73578b4214e2eca83b1e70ac",950450693
"735c3aff4c151dbc32f9a76b",1120213889
"735deef3382aa15930482f3e",781251911
"736d25efc9e570379d32c089",934496442
"736eef4bb36681acbcc3c41b",473074691
"73786d11f1fa714aaa9f1f90",967198078
"737c83218f0e486ef4feba40",424890474
"73806685dec82cf637f19384",473627291
"738111512f5e5052927468d9",1117403277
"7387e7e385063c180f05a7cb",660073747
"738e86beb569a7bf51fbe199",426962223
"739c2b9be0941e4c126d2f3a",886611819
"739de8928aab4ec77a1ecb0b",676618059
"73a23c9d154fec88d396d2a8",934621804
"73a8efbc036911954c07b91c",1002579978
"73b60c9053ff8193c2dd2823",665860365
"73bcd7efb7a25587bb1c31ff",511309730
"73bde441e18a9548c034372d",723176150
"73bf75d5762e3dd30fca7b3a",911507954
"73c618d704a2e1ac2bc41954",1025486171
"73d09646de4e0ab46feaceba",423282772
"73d6bb3d6ae08921a6117f5d",532713877
"73eaff92528288fdbcd61e2a",994324429
"73ec13a5687c542137eb9a41",468013169
"73ec6f4da3c277958cd2c228",1204998724
"73f4074e5e09e52e0e03598f",913639925
"73fbb3e6b22b957ba6b7557c",648806688
"73fd5bc0aee47d89a160f5d1",707554819
"73ff3a6b0cf4f7ffb244507b",1029252231
"73ff6ce99ba5dd8cfab0faed",589914140
"74286242739391c4eaecefbe",567223981
"742acc26686d04596ba60a34",542658418
"742da63af109164c21dd57af",664903571
"742fd57dd463c1b5cb79f63e",564857323
"7436750d73f2e56b4f29e98f",862456173
"74448f56811e9562536eff6d",933634819
"7447156f2967391975d335f0",589539961
"7450139ad1b39b2a380472fa",922586736
"7458171e4db497a4cc1365fb",1065165937
"745e7f6a83b55196f231466f",901346646
"74746d24b9bd86e23338bcd9",734461460
"7478693f3e7e8963e95be8bb",390204214
"7486ef139d41d91423317e0e",662855669
"748c981380925e1247b9e64e",1091776566
"74a51274abc8358d628ecfe4",895444009
"74a791baebeffcb7e7b917d0",669104541
"74af10afa02e7724eeeef108",607163962
"74b64bd536ebbcd7c30ef8fd",1019599292
"74c24c5e142e5267456b24a7",740389811
"74c4f233c7f385be73168e0f",579704306
"74cca5cd08c4bbf5d0404d74",1000902322
"74cd885ec200a0c21fa9e03c",621138181
"74cea4c9dc0e00dbbcff8b1d",1120676510
"74d0b6e87c2045f95fd493c4",988149482
"74d8df07206df08e8f3dc232",1054470073
"74dbd25d407e51337f883659",945842293
"74df03749e60c216a3e1292f",469926335
"74e15493f395fdd312d50cc8",410496937
"74e178e2398895d2288e6fcb",770647050
"74e43ea3081841278c76cda6",559215333
"74f099ca0d949c8042569d51",432422626
"74f8ffe35e8d3bc9be725d7a",511014194
"74fdeb4c56b29662f13aa8ca",1114192098
"75060f295e0aba8e1224f766",507081731
"75075631f0fd84fb0ff49417",769216818
"7515b37b7ae7c62f3dafbe7d",642616275
"751795587d1396e0daa25783",518799447
"751ba0c00d4fae1078c02fb9",477809245
"7523e95fc2afaf31bcf30979",1107091727
"7538c609fdd115c9dac551f4",595188240
"75392e8381e1c891377fcb29",865745524
"753b47e2a3b9fcdf9d7fd9fa",530786429
"753e74e4dbefeccf3e6b27fb",560220124
"7543d0e85e6328ebc8283d75",449370959
"7549cbd5c8003204c85ce1a5",651608088
"7557a9bc12cf0f2901c00264",959916202
"755a3e09dba04bb6ba6c9851",786905303
"755a4fb96ff2b2276836f49b",647295758
"7569fb4aaa9a52d6a525e3b0",459333981
"7573c18a79e5e3ee0610d7cc",762441785
"75801c34fb510d824a7d8366",447146011
"7586a79a0151387a1c0cd85a",786009805
"758b4df32244a51b2271a891",538226689
"758d9f47824eb74d1b486024",1185614989
"758efd6f99db309c67cefb12",490218540
"759e76e38d84a4188dff5446",1020599564
"75a287d87aaf6ffe7b6db546",423984356
"75a4421cced1111492d00298",630037207
"75ae43992df8ef41eaf9d98a",493332322
"75b5bb7b5ff8ebcc863fbdcc",873167074
"75c1083db5c940e626c02f53",427899161
"75c16273d3a593752446c27b",711498933
"75ce506dcb994b10497e6816",537817009
"75d3c9e0da9a24f4849f2078",469132608
"75e0815e2ba7269a10d9786f",408114838
"75e0fa8e5c83c49d3a0dea48",1185777483
"75ecbc0c0e8e76bb8d734f60",826032600
"75f167e2273fbecb2c81ac0e",784008518
"75f5290d61164d42b39d9d51",493985951
"75f5aff9fa70208ddd843779",752508719
"75f6d6beb64d846d965fa9ef",829002317
"75fa60dfb737ad50073848f2",806244049
"75fd5603c4de9678627f81d9",939620903
"75fd66abeaf040fa76eae2e7",737428209
"75fdbee42ec89d428143066c",427543417
"760125efabf13246774a9f16",584894613
"7602cb1e6fef087d8ee81aac",728393628
"760a5dbccf4eb4ccc2622b77",654397218
"760f24a443eb01721c6ffea3",1041268550
"760fd4c893a56a4586030772",557665507
"76167f6ca3d2c404104b77fd",817386136
"7618cb8d215425c931f47886",430420675
"761ba98d35074faee3594dbc",795084839
"7621f476bc8040270958de6e",677282402
"762374e94f17a8783a66d598",589914140
"76258b7b7e8778cd60d3435a",697214838
"762979729fb21e56a32ed14e",1044214468
"762e044ce9371d7b8c7acb6f",828979494
"763206de4c26e3825b69f4c6",750476263
"7634d584c3042533942e2dc0",974649519
"7634d7acd4197594271c84d5",497588615
"7635a792e5002ab99ceef583",770527690
"7636a187e29abcbd8fad6244",436615160
"7637c251618135e082a9e2b8",902278993
"763c9a528d0f99f34e5b0031",457012641
"7641dcf512a05ca754930bed",640355234
"764da64c41700da5ee80b8c7",812137627
"764f506bb2aa1ac4de918a71",835321041
"7651626df0e2e3119b801466",816268667
"76556774906f9e12b319c232",463317417
"76558d67def95bc708039f05",1137876923
"7667cd57d0bec809417c9b11",796512772
"76698030899efea431dbb81f",441042235
"766a8ff17723a5c34324576b",816258089
"766c7906cf0493736436fdea",1323330880
"766d34ea891f3af53f1391ba",767350988
"767024c66d3a88bb18407b6d",817528555
"76745c2648b66151008f6399",512439903
"767ae7de1818d645a33749e2",853276080
"767cb14f03c909c595c2a731",630343592
"767ff947b16b2271f516c28d",622540839
"76846ed8b7ab36821b848f2f",734931405
"768f69f0241fe339b6f52fa2",946007137
"76974826c758eec5c255c5da",582468944
"7698775967b96e3e7bf66e6c",1087062945
"76991a35e9c1b69e1616659d",576941051
"76a307d6b36b8a51115e91b2",782930855
"76a5158e1a5c1f9fae8ee882",617013622
"76ae7be5da1785c37736fdb8",1176585288
"76b41682fa6953a3b20d3f27",1153645809
"76b719681617ff7f28d33df3",986642001
"76b8190137ba3daa55db33a6",566442202
"76b9af8036e38d5d30ac4c7a",1249946527
"76bd7a0b87bfb6d2723766ec",441944050
"76c4045b5dad9a8226e9244a",581178557
"76c510c0ad11fa67f0e9a4de",669847298
"76df3d616d8bc1de789bd83b",409397973
"76e4ebad138d50c690f0aec1",375664972
"76f50ce5f30cb96d48a69357",503309048
"7700df9486a1684157527739",485928534
"7703f868650a8252e954e457",707667858
"77069fb9fac6b61aa6a89ae3",917073200
"7712f963ee37e91abb7342e7",611707542
"7734421098413f27fae86fef",781256479
"77348acef84ef77f6a076268",597353145
"77359d0d34ba4c9d825e46ed",530938167
"7736ac030d8b587f44f7898b",804947304
"7738f18d533d0f0379e3a06d",902309618
"7742e8923a4b832e3d94f3c7",770647050
"7745863791b5cc6d49f84c8b",443080744
"7749b2b534213ec7b536372b",591137222
"7749f3bcfa8339444b0a8b7e",560181999
"774a4b48d34052a978b1180f",686801036
"775a6affce535c5a19ea5f30",778582360
"775f25d8144580541bf2746b",861631968
"77668d4325802de9d63609a9",828950765
"776d4a19fb3852fe6dcd3ddb",433145290
"776d7d1326576f07762ab3c7",944799887
"776e1192349cb7cf1579056a",1078706161
"777a8d05edda0a335d89e90d",630918943
"77866048ba7b69532d0a18cc",727422989
"778ec765417db9ee48d697de",743229176
"77924a3c7880310a4822e5a7",463782312
"77a06084509952c6cfe8f501",454016733
"77a62d5e2c89da24f66a2118",819162608
"77a887ca508d924ad5203194",784911294
"77b5c9a5f534a5b80cc16d09",854762199
"77bab76414ecb20888cef7a1",1081798613
"77bd7837b02bd8f2c290c9f8",429560254
"77c886207faa6965238b152c",366836893
"77c9e5e3a6d965ede708cda6",678941269
"77cd6b199ee485314bc74626",533416225
"77d6855eb6a30d268e49eb1a",574466595
"77deea164a3a622df41249f5",509999815
"77e5e0b64140fa00b0227a3b",504871468
"77fa49bcb52539888d481ab1",659440325
"77fbf1f0c35c1025ea4803e3",670920496
"7800f742ee14c4b4142f8b58",704941094
"780ae52ac9eae675f6fdb312",475061681
"780c809c52509bb4855a4efc",574332277
"7815163b8e4a54843d121dc1",737459333
"781989d4b732f961f91bc3e4",467310792
"78257e76c16db549022fbf2c",992201241
"782a6028457ec55d4fd5189e",657722888
"782b0fb8641849c2c34291e6",442629986
"783161faf2e3501c38c0aaaa",460922769
"783ecf989538582ad008fd95",1030729875
"78410b0193dc989de2d24da3",774378414
"78419be95416d2991ade8be1",617270947
"7844b0b2bc65dced90a355c6",673500668
"7845cf57552577b059dd13ae",481111152
"784714647351cb6745c867b1",720480236
"784822ba0060eac9358cce22",459270759
"784b1db005d39c2f57666efb",526208141
"784f67fcb2d009d352740ed1",473693012
"784fa9e78f7cfeca4133e8ed",1107707095
"785dea91d94ab384bbd6ce3e",883939407
"78682041182f01ee4db04e8e",1176585288
"788c49c17df556bce0abf6ce",724981945
"789e5d19fa507823cc4c5296",866590478
"78a080fc98669c0cd9153904",985879954
"78a08f21f7d7c51ff4d5b8ac",737163818
"78a39ae05ac53535ba0fad2c",655946404
"78a7eac41dd672cd1863e3b4",665909129
"78ab6cb1f62a7e781d4c4d0a",453124520
"78b0f0bd0494fba0293eb0c3",606877755
"78b57a58368ab056c11bb0dc",736053433
"78bb43910ad6ed105610d9dd",865775858
"78beee9b7fab8600d420fd27",615225866
"78c17e6ceb87f7587364c873",496794738
"78d10967c36cbf346bd58f63",522506594
"78d727d0e61a7c8b1cf6fb1a",547328199
"78e85ca7c532a77700bfae6d",802495847
"78eb6f51d94a61a967da24f4",786973080
"78f670c0d7a26c0323281ffa",900021774
"78fbb49efe7dc0d8e144ad83",1017979071
"78fd849c9429091347d7e5c9",749702015
"79005399fa92d05558fd6f6f",868606581
"7902ada9116a1cf7458933cc",986794103
"7910ac9782a1a315f68799c4",662501782
"792ac070d1a314f585f09987",481526293
"7930bb0822caea5f6451bfa6",1051004742
"7930f32456e796e40fbf78ed",822630571
"79382c56606e701e44d55033",1103727276
"793efc460dd25b67c644e92f",785052419
"7947f71467036449efb99972",995065035
"795cd68f9a5ef45902712524",696611054
"79631cac54b1e71c1022da12",1323173252
"796935018bf2b241646a2dae",793603662
"796eb5ae3ca5b63c9fbb240a",902364676
"79733fdf8881b0d25412abcd",867658194
"797da4e993a993ef80277108",847794537
"7988f76ba063d25a4f467730",657160639
"798bf22408ef6814759da1f5",749233147
"798d87a368f073efafead25b",570876479
"799301c01a3e7fc2af5a14a9",829943394
"799862427c1f335eadedf4e8",428276063
"799afa0396b9f268f239db51",434068759
"799bc0f95ef9a23fc16bb1d4",1186862214
"799be2171dae4763df530e4d",597551029
"799cb909791d43a1eb305eaf",555115291
"79a0bffec81b17d606a606f5",982788242
"79a675215fed2e293b27f43d",1056622669
"79ac12d8436c07b620190b9c",519843564
"79acb227b5ea365414982957",697604607
"79b5a037bea858706838a62d",579048701
"79b943894c4dd68bfd8cde7f",688612203
"79b955adf84fb2c52381921a",794677521
"79beab95c6857412ebbbdedd",817935283
"79c5085c14068e492e402a26",1129526062
"79d230806fbfe96368b83dbf",1270369027
"79e307acac5f42f2696b0436",1247253541
"79e643789a85dc4ffad49a25",844078666
"79e822115c5c1a4531366001",399265722
"79ea72e7b03cfd4fdb5219b3",491466196
"79f1a5bc0be914956d632658",978532411
"79f989fd66108a2c38a9764e",735626148
"79fe5105ed7a7861d3c0187c",430995859
"7a0f351e8562fb7aafe6e714",584526338
"7a0f887a9426270ff3c24e36",893104062
"7a10ffd970cc822108ce7cf0",896377177
"7a134e45b9ebe710c6c6efe6",853106058
"7a13669d2d7ed2e50b80b4d8",427036583
"7a1bca1ed03e7cd0e277fb95",495065250
"7a1cb1f751cd36bdb6412ba2",786933157
"7a21a8d99a85171334695004",876645967
"7a26e5936765b409b7b73cf2",1170739913
"7a34bcd9f86f5036b526c3f4",711486826
"7a3ec914a15b47726567af96",479536849
"7a464b948b65544159cd0db0",695110184
"7a48bc2c3f4aad08dc7fd5a8",448040700
"7a564ce9a4ed3d2b8fbb1103",709909156
"7a608479334951a3afdc655a",987043254
"7a80663cae7c191b5d025fa0",599554527
"7a82ce4b2dcd2b43485f5047",829008744
"7a832790d068e1e85182b5a5",492211469
"7a861f1e3af4dbbf55b2c301",467706635
"7a91cfb02df63e4396b15aeb",475355730
"7a9264f3a12de839a42c1783",599757341
"7a94d3d31471ae313659aeae",800893731
"7a9c505db21b777203d34bf6",644259401
"7aa8d04246d3e84e5ac470bc",986210460
"7ab96f83915bc84f8c03c1bd",388676547
"7abc8a11d3d6c905de3f567e",501010020
"7abf9cd6b26e2e2bb6d91e5c",1107610152
"7ac0428c4b7197ca14f3b86a",527449018
"7ac1b85bd87929705b7a86ca",880994291
"7ac96f16bdc50ee7619f3548",875656585
"7acb92246dbaaec1cc7b423f",604096795
"7acdaa0cee1ee62e15f4490b",722724171
"7ad046b20064565644ebfaca",518757308
"7af0a604d1901925aa179436",924523474
"7b0258f1aaee97661c34de64",668148133
"7b037e6e5d110999e51b79c9",1006040789
"7b08cade91e2be20656ee856",530723840
"7b0a2bd964c04d01387d78de",842789112
"7b1377c8d81755bb9b501064",476751153
"7b30dbf2f6d835ea0c14b392",631953638
"7b31b5e53015f8116fedb0c6",1164500915
"7b32938ebf0b1b167a3d2d20",589780767
"7b346d5a5f5ec7165d1f8644",477878173
"7b35a3e9f3e67fa1974f5c25",846966059
"7b3621124731bcd2e543562c",773828229
"7b473504c85e9cb576f951e2",523358470
"7b4ca3a8d09968e48c185260",913317084
"7b4fcc72822460a428c19282",792468825
"7b50b071f4d795c9b5ad7531",692246182
"7b5582907bf47bb9e873a513",653428592
"7b5db1e4f4f47b4bf7c827ee",540728423
"7b6322fd5810990820167a23",470627867
"7b63445c5e1ce95bd12c31ee",834973942
"7b71229680a50bc26677a427",697604598
"7b7c0544ece4aa383fd5b4ce",683215949
"7b81996f3abd287b50adf8da",775409130
"7b8a4d701066372dfbdffbec",623367805
"7b8a6949d55b5bb27c3c6839",586538845
"7b95396ef4d0e97de8fb4986",923693962
"7b9e6b7eb3a5db0443193fbd",650674058
"7ba0c14dce0cb09ef5735d9f",605942594
"7ba618fdb1fe8694eaecb64f",568737140
"7baa3608aad1fbf357d789a6",832348886
"7baf3723bac87b0b393ba52c",769757371
"7bb1bc81e6eb3b4390440165",808977154
"7bba885503ea7716ffea503c",553154297
"7bbf8e16cc32dec423afa6b3",562546723
"7bc034984b19479f29886cc9",855063646
"7bc0c9e2760e4b1488522768",1239011220
"7bc57b136bcec053cbd073f3",978933812
"7bc9022fa1eadbd9ab39acd9",701617948
"7bcd1fe7a140b6eeb4df2aae",706110570
"7bcfd82ced5d6f1ae390d388",502359200
"7bd9cefba3f5dab498ef926c",1033359745
"7bdb94165857bcd37206cf18",517309318
"7bdd64032a4f011bd4fe7df6",599252387
"7be186f4eeff5c0efd58e424",652441153
"7be46b6dd9891ab771fc4be4",506124279
"7be8abb5d23794ac47ceda32",534020530
"7bef2da7f3c160e94fe91ead",426419531
"7bf4beee26ba81ad0b884f9f",487446845
"7bf592c5c34bfe6a5df3dd40",758953873
"7bfbcfd0fb8f5b6d553c2d0d",797399677
"7c06a2f06cb4226f9043578c",831899000
"7c07ba1982289ca3abcbece3",678262911
"7c1dc421f5a689aea5babe4c",740276777
"7c29fc3861c9f074e3a89449",862618690
"7c316b981173919b6cae5516",569949293
"7c3ea8523ece273991a190da",914905843
"7c3f7b513bb20c918a51dec6",757064923
"7c463a59e7d2f2b4bbd07e12",656878672
"7c50c93bc9e8846345892c12",976185496
"7c581e2b9daf20131803eed3",879538967
"7c5c0f2d9a0e355069fe1c64",1042049451
"7c5ce0e65cb26773edc9ddef",1066370736
"7c6319c04025c4ed6aa3f051",633793950
"7c6880b05c212c66b8961b71",588606942
"7c69d43fe2488db51e6c8da3",511159529
"7c7a3f51a58dfd1588d7c088",418250432
"7c972ecb7b90537b1da0deba",518385204
"7c979648ab3729b2c0cd2106",723098170
"7caa4bad394586a46dfad854",733275138
"7cad62cfb4fc3ad9acb09f1f",586028090
"7cb64b94877a9361f20027cd",440493663
"7cbc8fca4f84908ed4e7192a",1122902717
"7cc8772ebde8902f55e14b44",545470863
"7cc9cdd32c209a62908a18ad",537843687
"7ccaf332cf87e07b38b340d9",1102654035
"7cd0c7174b957df1f004fc88",976185496
"7cd39eb8de56700519d8f287",674026123
"7cdcecc706fc7c79cce45b20",825459823
"7ce704ef5752dd496a61d857",845292183
"7cf15f80838e8edf4f9cdead",1220825244
"7cf183ed411cf82df26640e9",650546256
"7cf50019422bc9569a985736",860502882
"7cf573f273b14a6cfafa3ec8",576052182
"7cf74cbec871e465ec2f6a61",879188881
"7cfa0c98191ef9b7c45f0520",383249843
"7cfc3061c0b2f3bd48375ab9",657148421
"7cfe5c3f5cb1bf095eb2c503",707803384
"7d02b3479cb2d89d55bd4fe7",666738133
"7d0a4771afb00cf9a38ccb81",1322236972
"7d132190218425df1857b8b8",725832888
"7d133cde943d189c9abbb6e4",498668871
"7d157359b413e107f5f9cfd6",651697409
"7d25023ecf668945c87e0666",533359516
"7d2e3464d5f2f79ac29e6c0c",492071233
"7d3220a91e78f8bc2924d1cd",913337084
"7d383abbb6ac49c6599ffb0c",883939407
"7d3e4ead63a869bae978027e",1041227450
"7d4097722aad95158c51d24a",481909047
"7d4ba999100c8e694fd820cf",976682936
"7d4ffe0038b3ebc149d8f4cd",831148823
"7d50144c4b2ead9b7b9f594c",1100708167
"7d503f126b5863fa0626d4bb",661869684
"7d5459e48101349c75d43aec",695863152
"7d58eba13f418d890ef563da",693180018
"7d66238672def6f73c25247a",753263166
"7d73a548c2a29ef2d9655e1d",481517495
"7d8e345c9b16d0fd69f848ea",1037615680
"7d9a9c3b4442efdb53c24448",655602876
"7da10de45c866c7d066d2586",592811315
"7daa9115f755a6c70411b9cc",1138821290
"7dab6cd1002a8521e5825bcc",697532368
"7dabee85f750266dce02399e",744577082
"7db1c8214f229d865da455cc",614383669
"7db5291ce4602d9b2b266872",413962681
"7dc4f9de14c2924b229ca0a3",845766660
"7dc609a3c7a3ab1f9a3146e6",718301536
"7dc68d5cac1b7fcdab35586e",461872690
"7dcbeb0aef2e2cac0d73315a",377416138
"7dcd1597e11f83093cbfd7a5",1103660094
"7dcd1916c0485e0b80f9eeb4",1049109456
"7dd1e46dcbddc6bf5ef694de",550537316
"7dd96ddad0fa88f5c5978e39",595833919
"7dd9760286606c45e6a15926",867982554
"7de63633c7666484bd098e2b",611645922
"7de7a2a651273df62aa6a21c",1050859066
"7df538c0c831520e6d36e39f",533297375
"7e1153d411af129357ae5c10",483225966
"7e177acdec9c0fe684d8fe44",504379974
"7e299fd8c2d53ff1cf95aee3",932077976
"7e3937cfe43dc906983fd321",1021702298
"7e41d90a838048eda035fb27",892837164
"7e4b240c601e37977faffeb0",840314038
"7e5064603267b61520d8f83b",551050204
"7e554b821e6955ab259a25f3",499327819
"7e647c5e0a7d95ce87cfc8fd",963748405
"7e64ab35f5e336d5bd2e1b51",772483389
"7e6d8c4742b38854d819696b",1065801697
"7e6f68184d84e09cc9ebc09f",644322092
"7e73516d57a251061b3916e0",1160436877
"7e74469fe0b030254756296d",1020145961
"7e844f8a24422ec3b833b4a8",502933825
"7e86148f53beefced6e0f3e4",536652616
"7e86f11cd63ff6c8a3c12fe2",846079427
"7e8dfae9a5f1faf8afa706f7",478448595
"7ea01fd99b389d08ca50c0a6",804722303
"7ea2c18341f69f21b523906c",935203480
"7ea4af39a7e577ffbd600f0d",860756701
"7ea8da3b1481993b14bed9d4",531494974
"7ead45d1f505649429904307",698845432
"7eb78d4dea434674a230caa6",813707147
"7eb991f4c69215377e4dac8f",922867096
"7ec025b9b6e6f33bf65af41b",410257986
"7ed35835fbe694bc237abe38",880074089
"7ee7fba3a30e0e7c2ed3043c",644762940
"7ee83e5d70855ed21455b6d5",1034464982
"7ef2d4777310765d0c8121af",852112862
"7ef3f8bfd0368696369ac957",490861196
"7f02f056d5eb4aff92b44659",659851639
"7f0b4b5851c77d78805320c5",468767317
"7f0d874df9235245f47b04c3",1064434890
"7f0f27f6d30c743acb3e867f",704335828
"7f0f5931fe148f6187ebf512",582327729
"7f134c92e20aa9c6f084edc1",661379894
"7f1a4e79fa92196101baa7eb",1341948186
"7f25471be85adf0baeb8ebbc",567317806
"7f2a2959f5ae816761be658c",1186367367
"7f2e3f2eb5abf86b56897250",890536420
"7f2e9d302a6ed1770db9f7cf",805007708
"7f3e02524981fc7e40eccfdc",388676547
"7f45d3809b08bb32a45139f8",585795407
"7f4cdc01f9086bcee46d1d6c",902508617
"7f4e6f790de012946197e0df",814689768
"7f5280804c59f56fba3d6201",487446845
"7f5e87fbb4952caa0cb658e2",922231896
"7f7141f5e1a7964ac6dc688e",965247475
"7f73a8e83d41ea252ad61197",551854411
"7f78955c480d050f2c8ae3c9",732025726
"7f7f5313341b3ca499968716",629493544
"7f85c59323701ee0e75abb92",660211639
"7f8f506137780f4cf12e73b6",510317904
"7f9875a5336a32d73df2402c",1052009349
"7f9bdd2157f6c3d488c77ddf",923127394
"7fa11c05ed1c123c1a457b1f",627353057
"7fb856eba0ae98a40eac3efd",976185496
"7fcbcd9e274b75a157cf5d5e",700351873
"7fdbc3fed9c9607e6d01e958",683641008
"7fe1adc0a5873cbba4b021d1",1151239626
"7fe25ebd70b89f4602bee6a2",871836135
"7fe364ae771a7689d2fa5584",1090519188
"7fe6ac57e87b8126ac4f8530",1087702555
"7ff62b2f8a28d60f6c4237c6",973320993
"7ff6f389e364e67c4238df8a",565929000
"7ff8b0b5ab4fd12f3be399ce",830688086
"8002e2cd1b70ddcae88ebc4b",972816584
"80035ad5b3b4a948469800bb",807515191
"8015080cf97316a08453a9fb",832847758
"8018df1613094a9e4606c875",1015100810
"801d821fd6ab7ee01b62a800",604311778
"80255211d99c72e343b32798",1109946024
"8026e480ba395cfe1e09cec6",433329522
"80279a7533c44bbae477ea4b",767859843
"802fe3175a2059f12d7edb99",706581626
"803711fede531ad1621a6823",796312717
"8037e40c0c8b20ab6e0d4b78",417891833
"804289a128775f7d1652cb43",530256658
"8059e45ca26bfefbb18d8e40",984541091
"805a27aeafb3ca91cac56d14",716036155
"805a491334f865f06ff42329",787251857
"8062b4109c12a95dd62bd43e",786325825
"806907598158861a6958388c",481917996
"806f9ab2a016e774689ce2b9",373449522
"807687fdb46614d9aa139b20",706876928
"807c04729620ec60ef18598d",427616368
"807d7f5155bd299afbb6491f",567835594
"808dd470aed6064f02aa5103",536548919
"809082a38e6fc3faa66845b9",725774458
"8095589d5e1a55a76281e13b",1094728012
"809800b56b7b29399986115f",575181441
"80a1dc97797c41b61f46ec6a",665788420
"80ab8d9f157c25b40f102854",735626148
"80abc4c356813c1e4ead1e1e",523372911
"80aef024b0ecebb01913504d",463758339
"80b37d5ebdb325edef39258f",871646599
"80b6c823bad5b4c0fff46657",868207029
"80bbc51dd90d131d091521a0",440392606
"80d2415c0460088d69574285",1018687478
"80d95b058cb11ec829b5ec96",707749410
"80de6a9303eedbfd1c69601f",936949639
"80ded3bf4f2973a5ceb1ffb7",470929880
"80e7c6b194b3229e3e2b9aae",710160494
"80e88d50c151d5534a57f61c",1036632940
"80ed77aff62d4c57ede6ba94",602350978
"80f633154b6f94b8fa24f213",551813397
"8100a4b0288d5d9d9dc86d2f",431736575
"812646c7de863919cae5edff",785434967
"812ad0d57e4291da184bfae5",459651810
"812c9b5407424f956d308b06",1067875199
"8130ab67c5e0d96a9a67fb12",824308353
"813d9415d9abca46ad4d92f0",1245903537
"81406ce289219cdab015549d",1017979071
"814694a725a50c306d774342",795966498
"8147da5e5f53a163443e8506",726442609
"814d93fc94b4de6d3a860bcb",541261773
"81516aa72c98ded9223db098",1133500746
"81519727c7ad9f60d2c5f224",1056639175
"8153b36347669087e363801f",611957721
"81547b223494084af3e15bf3",635255790
"815cfcc4d26738f74cbb67ae",621415044
"81600c1e6b6e3ae770e40b28",1067769423
"8164023f628f550f322aad61",636545366
"816f93a2e035e4fcf61ee4c9",1047876008
"81716dd4aedf72a6a14392e4",394765880
"817422f4c278ff27a22b05d7",560078579
"817915cc3582112fb5541a49",791952912
"817da44fa842fe304b93c199",499321166
"818ee3b0c3862d4aae6e7776",371905823
"819265a930d32a97533d132d",1131513033
"819d2a7c3330480b7217577d",1031307217
"81b14dbf863114fdddb38579",607561780
"81b3256980dd7d7f49030c78",1128980039
"81ba4b47e9222c15c4102992",553154297
"81c890b0d7cf787a091d4081",906080941
"81ccb7e0255eee6274f5d930",1142609133
"81df59c6d8be19568d16ea3e",379359850
"81e1f8b1c0e3b15f2ebfd84a",462695265
"81e7c8c1894e0c3a9315ff27",459651810
"81eea19e7c12d65d21e23648",1027484832
"81f5c32a2c2d3b32329a645b",490846305
"81f6d6790aca5e9270c3d1a1",438646326
"81fc8d666c8735e1095d0d4a",1116707842
"8207612808b5947f2802d2a6",705882124
"8209afd76e36d8b5c4f7a991",482654540
"821eabfeef3dcc622fbcbfc4",445510658
"822896f609e7761b58e7f6e7",585795407
"822ba8fd3c7392bda84461a4",607811752
"823124264778e5ed64d8664d",622959772
"8236c798dbffb3db51d5d744",474805673
"823c9c7abf2d00140766a2bb",1085863410
"823ed628bddea9b56792d108",785181157
"82433a009defc21498037127",903141477
"8248697f70c21fa361840755",1144907243
"824894236c20b081af2c9868",885794532
"824cad597aae34d7d59ac939",491480899
"825012911321d636425cd0bb",1150322149
"825f57ad0527d4abf41cffc9",879490584
"8267eeb41ed1e68144301a3f",696524625
"82780776619be0eade3d72ef",507193875
"82902f2082dd405ab538ff58",592340191
"829bde7f8716daf76f65ffab",793902664
"82a3742862a06803242b703d",678822511
"82a7920524816f3db7f5a4ca",705776589
"82abb1fb693f34877bf1327e",1186492421
"82ad4b3d5a215f17e745d77e",840437862
"82ad984f02ccda30bd60da8c",905899817
"82af190e32398942775056d5",1150781833
"82b15a5da307865c7045dd56",857159314
"82b69c38d041325a4bb2fbce",380272073
"82b90288bffe8c1c0b5a1259",513466608
"82bdf442e186baa829e06da1",614165685
"82bef17c2a4db1f6dc6eaf01",736161582
"82c9556e19072558cbe3a7ff",407187338
"82c9ce0d018c1d620b7a6689",571917272
"82d22ca21e31222068e1ecba",909867065
"82d6244acae149ed9ed88e8e",459766251
"82e1ae440b386c7da3a580be",972771935
"82f08aadf1eeaf2058b50592",681267495
"82f34c2a6644c4cb0649c44b",919982373
"82ff2a63a863c089ea90bb5d",783327974
"83007c444fa52b34482ed55e",633009592
"8302e2afc48d6eda16784da6",681952165
"830b1a2d33f7754b9acfdd82",655596092
"831629494c6d15d5ff6a00a1",631495753
"831693b6fb81df1359e45db7",627330822
"831725656d9df81b63c0ae38",622323712
"83196bef0e5dc6c981bc57a9",896746339
"8333d32b98625a2742cfabd6",908803899
"83349bba5fbddbfa2db5078a",588316319
"8334a4cc7db8ed5c0071fe95",556187964
"833bd3c8ef9d4da2f304a94a",910295361
"833ded72a8cc9c0d606a7a74",760395717
"834263730047f308d71d4d8c",639958768
"8346d64ed6211083fd420ede",517455660
"834fe4a1e9e4efeefb5aba08",486765434
"8356123e4d10a479a12e98bb",572970438
"835842cdc8ea0a2206c2b46e",790177754
"835eff7679889fcff6795d8a",572988581
"8364aa431b2e267e41efabc2",588386527
"83727953ecffc17bed632d94",398374996
"837cb6389640f3919bc73e9b",861785896
"83852e78afcc4127481adccc",505653589
"8398ba3b03595704b5897704",657644555
"8398e3b96d1311c7264f6603",1104699963
"83a376df2024c4c9fbf2a0ca",495954048
"83a8d9df3a535fd273b27c15",1015715546
"83ad1ce7ef6d70842ec986f2",548809971
"83c1d0e2b8826844416abd9b",569073332
"83ca3a41ca4b5337107c197e",634625401
"83ce7c2d2823f888f2e06ea8",937179270
"83d969bfc020aea27d2b829b",705425003
"83da19e7fbbca11083090574",460426860
"83da39bc1a2eeb75e2825c22",746591582
"83da5fb4c15e3daf727a3cc6",849043454
"83e91710343450cb0812a6e4",864702562
"83e9507b9ca2987a21d1b195",692443565
"83f402857435d4fadb27fa36",978067480
"84114798ccd01ae3dc97cb27",483550125
"841482deb90d19ecb1ec8a06",653001969
"841c57617a075690ce412083",546287533
"841fed959f036a03697868e8",495496167
"8420bb74fadc0c8853cda025",412233747
"842c9f0e4edf1e5a672ce15e",710485151
"843234d3c6c20bb60a17fbee",893561213
"8437a42a8e7ebca46eb088cd",498366317
"84394774ab45e0c8b733bed2",489184541
"8445e5cf42307960535a3b11",682884216
"8447ca83d928dc34c2e7f9fa",478441214
"844dc89fe6588acccf0c7536",493457960
"844e127aa7802cdf75db074c",428298369
"8467eedcf9a48fee0d72d95f",1024103139
"846b75324c0f3cbb027387c3",835595912
"846e6f1ba1c94966314345d8",662977293
"847a7fbd4425fd2fbc4b3edf",1193129578
"848067a69d18a171e7fa34f2",490992718
"84856812b63dfd9630fa49e7",989284227
"8497f34947cb4c0ff18a0eaa",491596501
"849c918d78991c57f32f2031",506414747
"84a074517742e09a7eb6f320",714124013
"84a2673eccd3cf3bd7fd3eb0",989382083
"84a7286c91f1ca3ecacdaaa2",1177813223
"84aa7d1c2590f37f0fd6dca1",664682868
"84ab3ece52fe00ee50f057aa",905651527
"84b05da6a859ff5384f37ee7",444869618
"84b758716f47bb0f4e4a2bed",556752535
"84c2ab0573d3cbffa0be90f4",769303042
"84c7006b5a63add890a224e8",599021969
"84cfb0342a0bf2c6777de39d",600033296
"84d8504f0e860b0760c3592d",786015534
"84d8f7109615519f2ab0a48c",819263892
"84e4f6c6b5dec0da7f7ca0fa",523008558
"84eb4861db0816bc8722f379",661432405
"84ec2d5245cfa146dab05065",779340753
"84f47e531a916b7f7dc1f1b3",764476099
"84fb7e582456d7409f27cd2a",972816584
"850342685ececa472945f7ed",813567191
"851f50292e30b0a464c0804d",551722222
"8520fdd4f5fec0ba861ca9ac",472883532
"852a11f12646f0a1121824c2",428899891
"8532c64eaed74b64b4d4707c",558929931
"8538a41c0e0fdcb3829364e8",683145511
"853a14b680761098d4bf6136",798404237
"853febf898a1dba351d6f917",669314782
"8541eec88f0dd8229b4fb041",608596164
"8544bc14286a51e60ffee7b0",1166360412
"854e27be18fb8f24fd433eb7",810236710
"85524880fdc4e4daf90e96fd",510878453
"8553a05c2b30be81c64a6295",1019430278
"855ce1721230ba103fc0ae84",444322179
"855dcebac302ec5760f67121",638818324
"855f4b67d2bd6d18fd03d8e7",804471841
"8561bc940a91f029147430f1",898327069
"856559e93205dd1561d8ada3",749651415
"8567e677b30c410df80004c9",734812913
"8570a1d8156dbcc267d3b495",913481051
"85734fd69714897264ce2214",718490294
"857761b5fc5c7d101cb765b6",575223022
"857870b1412b84f0f19ed751",515285961
"857c5dae475eadef41c25603",882437704
"85815a09bde2a30e296f65bf",434962565
"858288683063dea9d5c57420",452805726
"859025f2f41efa521a74a00c",478934932
"85956152686438c48c52e018",785357950
"8595b5517cb3f1ff8094d67c",845017595
"85a856b4d0dfb1fae861f513",721461494
"85a86e01443aba593f95dae4",679683449
"85abc5c0353c5b678f087824",689899808
"85b633e09a41cf22a10f28c8",678014195
"85b8a65f1b00f78e67622bfb",701927115
"85bb6775065df76bda33f738",817139023
"85c24df2d836cc8addd9b7b0",875558261
"85c7e8ac008493b34e8e0176",656880301
"85ceb648cee9f6f3d221254c",667630745
"85cf1ee98e1a85ff4619e27c",726554696
"85d58cf85a179e167428ffa5",1032065112
"85d731901b48348f57932240",706594716
"85de01c0aa787152c77c6180",427510372
"85e15a0a63ffe482c68ec474",1345429132
"85e332a999931ecd0e04475d",449683700
"85e4ee2583c51592d68ef5d9",365707604
"860435300909449c0443c10e",1055519758
"86137b9624049333f7e0315a",837424984
"8616b310e335f539ab1109dc",810236710
"861aa922b483f9bf7884dac5",450574376
"86242b25bcb2dd775d25191a",599854403
"8627562772d9d63bac507fcd",752486173
"86276ef138e0babab9863276",502722669
"8632f5681d04d9c934675409",1124431205
"8635edb61b1dda6f4742cac7",1262164360
"863e5cf88a808b8ca96907ff",1096189384
"863f8f2aeda01a9fea1cb3e0",994409196
"8654295684292e74d0245238",510597984
"865459f5342a0102d255fa07",399802757
"865ed399cc344e0638e45128",915946495
"866f2a55f42cf30c4105631b",803937917
"86792949f2e6a347208cbffd",597288797
"8694b149f7c0deadf820f0e4",779259081
"8697b1d337145af0ef8e4619",1228362029
"86a47522586da2884181f128",611917621
"86af11931b004aad3fd27b88",689899808
"86b0aa633bb16582bab5640f",694465520
"86b0c9c1277e9143ee765b43",517017667
"86b290218a62d0c51b099a08",873608299
"86b2d3ad1dacb372734f810e",494753378
"86b89233e0176e034ae3cb7b",884018634
"86ce27f9ca03821d13030f18",806325953
"86d46a3fd9d7bbcac3319829",810131979
"86d80d3757377df6f2b8a0b3",915649070
"86db204f7ef6e0e0e6687246",724980074
"86dd7931177df94a649a4d62",629117594
"86e80098f5a3e7dbd635838d",630484160
"86e81141e429bd81d7f0e73d",554772783
"86e98ed0bd2565b661b81ef4",870433965
"86ee57ce617b2be312a9efd6",971324798
"86ee80cbe81724e6919bdb73",471028701
"86f15ce6ea8e97837e6b9383",783066135
"86f1d6fc54152004e69027a0",836733015
"86ff8f274b698e7757ced1af",764476915
"8700c9b62ff5a5c3394b0bd8",586366543
"871204bd1b3505acfa632954",885605970
"87199c236bf22903d1aafdd0",487825230
"871befe27fa79fc1e1813b19",1091435268
"87332a7e03cb851342667b98",971503768
"8736dfe0f1c6e2181b0ee31e",1045075005
"874102a58234cc7888902d42",726192151
"8745eefb9e2761ff7eef558f",1002057509
"874e2c6f3e9f90db80d243d0",456363995
"874e3e3ec6f67c160807628d",813587128
"874ee4f1b9c6dfd3d2358834",1103449122
"874f4a836cb74be301e068cd",966322649
"875126e5776dabde40e29b09",842092128
"876ebdaa0bc953890e323843",518979495
"8780134f8b40f0fec4d1b661",1100202871
"878ff8ef3c862929bbb19ebc",877139255
"879d9e3b4ef9063de41ddaed",540372455
"87aa28825a5b8ffbac5f2e2f",690894269
"87b940bd3dae37b9fdac5d4f",496076736
"87bd6ee6f17d2bd5b61b0ddf",1338909045
"87c73db5d50e8ec3a22e6ccc",654740265
"87ca8a2b3251a38d45730f5c",615644378
"87ddb3a17b601cf7c61e8c07",640768280
"87e1b1170c163689d60bcd09",672507268
"87e74ed42a2c8c97f7bdd239",1130797025
"87ee5c7c49ced4ec99f44d5f",639595506
"87f1e9ca16a7ea48de04fa73",1210409424
"880bd21afee7038459b5847e",686329704
"8816e8101ddc4e704053e23c",868969961
"8826b9e008064cea38855d35",459900449
"882907ccf178b23a02ce262e",588999737
"882e8e77fa1a71288f6b61cf",1262668890
"882eb7115cd5b8b09fca0e47",639530783
"8831ae77efac99a6c58ce05d",858085807
"883371e374936fdd74d09fe8",659041136
"883ee78c03efdb4bdc57796b",599560564
"883f095dd3f7e972d7dd3c2b",601750458
"885a312d9a5bfa8a8db5279a",558839699
"885c77c839d705ca7d04d383",622690434
"88622b66e6c47cc62c3824c1",914794828
"88668347361a227b6dbba15e",961828723
"886706f32695891af743f986",744688591
"886be9a1881866ab1f300533",516667839
"8876b38f90f5571639b7d879",938429199
"887761f34ce0996bb05ac48a",1116128924
"8877941794810464749ba5d5",785181157
"887ba6b287a8b3ccdd5691b5",769303042
"887d749eeaaae288b2818b86",677739230
"888bc3c4ceaa108e048ad28d",753664113
"8890eca19a9e1cdc9e0f0541",935657831
"88964e1202647db0519a8a00",562694183
"889bd77c8271961a6e4925ea",759936143
"88a4da0d72977b0c56b31061",648595186
"88a83e58eaf136a82ab1fe37",535362923
"88ab887e18e38d0b8315286e",669333725
"88ae3f4a8ef76675c66e925f",1022485890
"88aed38ca59c09e1a6202672",860034248
"88b02e7b20ce6db956afcdd2",1079809053
"88b0d688281db2ef0a782921",970937943
"88b98c026b7650192034535f",875563520
"88c4b21ecffe12cb6c408a6c",739632910
"88da5851280dbe750968c565",514122687
"88ea2d2d7cb6d641df3ad76d",1086846414
"88ed5ebb575d026f8d440c60",517309318
"88f36882dae9a0487383b769",630037207
"88f3f39ea06fb882c69bbd10",509208655
"88f632cc304cd769e2d4be27",468229031
"88fce3ad9b8a965dc11336cf",519414447
"88ff73eb829a6ec5bfcc0222",1134463754
"88ffa9f0bc3f6c9f2e589a75",1272420186
"89016540f8b3fb727d863bec",1065165937
"890df90091e14d1c3a1b30e8",395170154
"89131a0af2db172538723b08",700383018
"8919ca18fff7571002e440ec",961631468
"8923182b6dcc9f2d8be1ab53",611345024
"8925028d6e7a6cfce9967779",450234766
"8925e22f8511be30d50545cd",744842954
"8930f231a5b9d8db14e9c656",777451648
"893c1b081e383de73b9f2e16",1104449026
"893caa7433c200e0d43e9f27",773478295
"89498fdf642e770ea75be7d8",1044685286
"894f346e0ad39c57fc0f369f",964938894
"89575a90c7b9b960c8f4e052",981258320
"8964dbb5b0cbfe509613a63f",774508581
"89690c80b7adcb8a8afe531a",578692291
"8978ec4c5b2f02fbc1f57820",1207047192
"897c0578bdc8d59843bcbe38",407300503
"898d1eb301c92ab6603e0b81",668353521
"898ed7299f0c7b8a99e4877b",633393725
"89952b237fda041b09f0efa1",976185496
"8997555e7bea06f7b90ce821",724796265
"89a03e25c43a555b47c53864",750120940
"89a066b7d6a31dd066fa0d32",690642748
"89b0592a715c9e135967f947",798802005
"89ca905d858c7731313c82e1",787470627
"89d36acc5f617a6a97e02f23",686362675
"89e1d01cb5bfdf567faca443",669538669
"89e2d612654b3c792311faf7",825524981
"89eed91bf5148b5645408222",852009536
"89f8ccb0c1e2136adf87a10e",905919694
"8a0053376ffdc75d0bdde77a",1140379955
"8a0114372706f30bf6867a2e",772293562
"8a0d2f8860a90322d6c3b61f",625907977
"8a100bd7f5da66664a2680e8",546407033
"8a1105028a1a1b83c5080abb",378065737
"8a1b0f59f86e33a7aa7c2c23",1058112629
"8a1d1f70adbdeb233ed3ec3a",820146340
"8a1d93bbc83f4728657317d1",648889184
"8a1ea9d91b3d8a66c6341243",913104577
"8a20478528e97700dcc84abb",480417301
"8a222af682e2d7796643ccf7",613216413
"8a3b7f5a8da339fe19e8f138",790180584
"8a41638edfc5183469b6c43f",652665323
"8a44e15417d8e520a99454b2",444678906
"8a451ef547efb90a8fcfa6c8",1071442900
"8a4b7e86a90a296e10a49ea3",409733571
"8a514fffdec277cd46c7cc71",613745658
"8a5866428508658b4a2a4cb4",587458564
"8a69b9d7461107db6d16d1a9",571335741
"8a6cb559a488d6ce1b641585",709479640
"8a6d013451e46411d35c2b6a",687180954
"8a724286cf661794084aa87a",947675980
"8a7ddcd0c452e7993bc5087b",490964999
"8a84a073b855e37a12327357",870797091
"8a8c202c069c20696c2de85a",636854810
"8a8c8f5aa68c4e530d62776d",726760264
"8a8dff62516671aee2250cb0",836162874
"8a8e4996e24142eb413c0d12",1240548858
"8a9663cb622a55f2a1a8e3b4",1042368723
"8a975117ab302b77ac057823",707244717
"8a9e6d0839f9fabad2fc3214",769929122
"8aa21f48a83be25f924f85c7",641581499
"8aa5ae4637ba83e672cd3ab9",721461494
"8aa5d44a72b2a6851d14ef86",734058267
"8aa76df8fea21a42fb6229ff",557061784
"8aa9e1e89993aa49c5c3eced",890158648
"8aac8946e7ae5725971c5557",723357459
"8aad5795547ade3c804c0ef0",739550784
"8aaeae6bcfcee5ad928ce28d",1011656058
"8ab41842b8e41b89d8670ecb",403411736
"8ab5eda5b66a6c2becffad29",853503086
"8abe99f2b71b13dfe7d71616",1323330880
"8acebaa9fd7e917d7e3b391b",484675777
"8ad016d414e2d2be053d7612",627998233
"8ae41ff6a828f175a9f628b2",765812466
"8ae869c5033c248f881ac313",793216598
"8af2e264b801b3e155e52be8",1213781591
"8af6bb75c85a2789156b3696",401924709
"8b083d7ac086f52fd2942a82",675649949
"8b0e1911b8ab8028409dc9fe",1039566823
"8b13054b3318289aac1f13db",418749621
"8b1acd29eb268fd684036180",673694390
"8b2d8edfa6788ddc0c7b3eba",768816167
"8b3350aaa66b9fa1c682c15d",772974582
"8b353ba6823f4f800635f0cb",874100276
"8b36b7364e4a4c80a6e50bed",700580883
"8b450ea6c21fe0b5157529a4",830937565
"8b45db8a4f2c0f772c8d44cf",421017519
"8b47b76193159a21c3580a3f",892301955
"8b4c54125d9165554e4123a3",1048836159
"8b5369b126b75c497b1a7b73",651182703
"8b554961129384797391d1ae",938708468
"8b5b351e07a26c25cf51e176",423768061
"8b63358f3cdf8df0eb1f43e2",675758289
"8b674605311d296990ec72e7",469872484
"8b69bb9fd7f0f19a248f5cf3",531967124
"8b6efcdb553f6e936bd90f3e",690185452
"8b716bc4d6d833f9bff3e729",716485547
"8b716c3dca89b7caa7db1aad",568863787
"8b753628bd37b9759dad06ea",495485802
"8b788f742021f2438ffbf528",411252362
"8b801b4cc1d254d0277fba5f",683291908
"8b871cc48b99bd4190877bd3",631495753
"8b89813a4ae5f9209f854be1",852416227
"8b8ec04a78d3826b2c8a5754",679535546
"8b91a957eca1985938860c28",616147280
"8ba2d7afde20563e38892304",786325825
"8ba4e8e071e458a13efd179a",701194854
"8ba9304ea7b8d2b071bb0699",564050017
"8baa01b8c6d29c82a6108cb8",517886870
"8bad8a7faae115ac9007b13a",771419823
"8bb1a2ecc997779d1addf12c",393963855
"8bc002e1f02beb4d83a6f6ae",968304763
"8bcc1b035ea93a5192256b37",672274531
"8bce0097d22b34a804b502bb",530938167
"8bcebf3cdc54d4ec99ba0d88",559250942
"8bd2490f83568ba653cb74f6",1074206774
"8bd45966c16d4eafb49ee2a2",986794103
"8bd8a7e19b6d3b8bcabb84d9",586751915
"8bdebb8914fbcaad625b1764",468984209
"8be43cd8653accbb8fe8a270",542336389
"8be5fca8f4339712c6f3e29e",584357804
"8bed46960db1b2a7954ffbcb",1172815458
"8bf61f106e60d6be03799de7",947297514
"8c0154eb5be437746213aec8",1130797025
"8c02948b66db263420c20d3d",768708911
"8c04aa7506b8c80c1bac23f5",1031849032
"8c05c66be6008af7f6dcc10b",826924000
"8c107da7487ed0cd409f4daa",660496472
"8c1695c9a31de0f956e4ccdc",588257737
"8c18d3417886c150136a03ba",432588351
"8c2423c14aefa13d255fa77b",536668985
"8c258d10ce32150f5fe5b712",818114325
"8c32b6b31d1a1d5736c4df61",1194537744
"8c3373f9c0372b87ef021512",957755948
"8c3a02c9ca043cf0f322ba84",663454922
"8c3aa295f7bcfd9a43eb2037",1090953403
"8c40078231bf7af2f3a06457",428705013
"8c41bfacbc1a6ab831b26fa8",888417387
"8c44d216517f5c59e2611aac",419494712
"8c45ac143f5cc43e9249c17b",783475881
"8c47395a28f8177923d7b75b",474440296
"8c4cc779f5034e9c10b2e698",417243393
"8c51f1b43f15b70d2a294918",415774744
"8c5aa3c826f325a9a6c6f524",879188881
"8c714badfcdef8ccc73df9cb",1245177285
"8c787c1e6161b18601e6d7de",515285961
"8c801a266256e3fbabe7e3d2",628246617
"8c9849cf3d20991e5126420b",926676413
"8c9b472c55d4b99e44041de5",699361457
"8c9bf9031bd378c1105e3f3e",886570053
"8caab74ced535ec5e75acdfd",633385372
"8cab957b322f1aba06bae4ad",619862440
"8ccd326e4f515bf7e817a14a",808011061
"8cd0345dfac13ab380240b0d",619283010
"8cd3031963c612efd0049f8d",753651498
"8cd46b5c9cbd056d3712f155",728421005
"8cdd55d191f206b0841e56eb",704022781
"8cdfda9067e0934a8ebe0894",781264678
"8ce2d6e505ad1da079f34a8d",993386796
"8cef9b18f20e9c5a32e7ccc9",998452369
"8cfa1121fc87d9483ec63611",1084689291
"8d01d6561223272181235c69",872494023
"8d041784b65d33c76e5245a4",923497930
"8d06037db08d0754bb67da4f",887726912
"8d06af8e439c45e0e125de91",683295761
"8d0ae601094562744c8dba4f",497027443
"8d114cef336100a8d8c81ce1",768462034
"8d15b4bb1447eba7a680ef47",400153376
"8d16b1bdea35630a3b09b192",689448695
"8d1b3071f5396359c0b6cc62",1045418899
"8d1f7b0cfde7e496e7bfe972",754904420
"8d252e9b0912f09703110b81",509149927
"8d27746cd9d2532fe9cfc408",445483355
"8d2e85825e95f6941445cace",977489288
"8d2f9968ec8aece8d1a20137",718365465
"8d3f4ec0c37443eb3f953584",810603036
"8d48f73816b248d1166a09db",819832634
"8d5192b6208902ddf4804839",981359735
"8d54b9bd24cd9da341cc942a",989077553
"8d5a73b1d27a66b3f72fa662",822630571
"8d5e662ba25a71727f1eac77",814714432
"8d6c523d4100ab0c83a31fed",928553547
"8d7dd9de4e919fec5916862e",966783528
"8d81b4681ad0055c274e7da4",641130837
"8d911c1a195567dae3cad99e",440949309
"8d97cda83fc7353a86c9393a",1081898510
"8d983b9ca65f19ff3d69985f",1109554419
"8d9b143cd8eb71b05d32cd2f",1051102017
"8d9cd237c737f6e62092a08e",1135925833
"8da2439f391c6db92b9260f5",1292475581
"8db285eda04ca37b86dc9724",1169399183
"8dbdd7c8971a514eb7cb4d3f",1075158141
"8dcfc24742ba669335a2d65f",892700143
"8dd453e986d05c6c1dd104d2",575037988
"8dd46fd8ff592358e4c3e7e5",497920104
"8dd954e7312e6e6a07d6d4db",562033484
"8de317591cefdbc375a41483",711506081
"8df5099d856c7f9de43990ab",742411051
"8df9256029f526ca313202b7",818208272
"8dfa059401e1dca80ae65ae1",888328958
"8dfd846e6df9a040ae1188b7",438995631
"8e0ba427ea909cb7943929b0",577493197
"8e160f094a0425aca23f04ac",722622282
"8e17bc9f09099ba3138c232a",1050859066
"8e17d7d78e7acffdcb04d982",595552143
"8e1bd01ce4b7910d42f59be4",639580621
"8e1e9ae57400052cbbaed9dc",1245800908
"8e273f1dde4801825fb19742",937621439
"8e2a5f8431996ae0db65d0be",837591275
"8e35609c1265ddf59e1c015c",906986121
"8e3700ec731701361d7bb7c9",492296619
"8e374b19fb87640c56243088",521341511
"8e4709859d50a75dd08b03e5",634490716
"8e4875b7ecd0898571f0b1ae",518974274
"8e4df02eee6cab9bd1011987",673500668
"8e5123f5ef1da66571ccb600",1322810643
"8e5661e79f4fc282abac1f37",1034501460
"8e56b5dbc4cf628ac12e5bef",1003201985
"8e604d41e0cfe9c93ad536d8",1138703185
"8e6dfdcc28f830f2696de9cf",944020215
"8e712705b7de6e791c8735de",463624013
"8e79eebcff019c3362a76a26",718270576
"8e8852450fd5556f748c98cf",639329240
"8e88e6cc55ca769e472aadfe",573973394
"8e9e35321545774dc1f85776",651900507
"8ea02baab0c59eac6584f62d",1125310963
"8eae4346936f8c6c67be81ba",509995050
"8eb66c4b057dd4b07b5fbca5",832383599
"8ec00d454698c119085cbee7",507273715
"8ec09555f5a47f96a8683699",1078736505
"8ec491780efb2c27df8dc08b",545074123
"8ec8cac469f2448654312aaf",838957398
"8eccd2a6352c33d8c7abcea7",662519292
"8ed11c1d4e7aa1ccf0ea0508",387493417
"8ed5e7770d03c43ed19abf42",796404675
"8ed95f9bf057114664ea441c",563759064
"8ed9c13717d2bb274a81e460",1015820626
"8ee4a7cef562d388b8444c29",458941874
"8ee7d2e0692e49bf9d308b4b",1042049451
"8f0a61533b6a01badf43b6ed",845826615
"8f0b6d6dd914911c7e90d302",1186531288
"8f165174bc07c28f9fddeee3",759435092
"8f2218126da9580268661c70",1033139966
"8f221efe392ba42b519e5f57",810098998
"8f2fbced5d357bcd6b1c7de9",893715065
"8f35a5d800d98481d7a8b6a4",548134639
"8f36d25584407d9e3c326e71",748489456
"8f378dc1215f9213f187c02c",605560910
"8f3924eb214f5194d21499b2",984669216
"8f4241a17d1211687bf232c4",498853714
"8f428b58a5189effe993ca4b",400787032
"8f4687b666256e136148c3d0",1019325114
"8f541a839df1ae79d563427f",458859647
"8f543f9c31af1eb17ef1e353",742595031
"8f5444b81998e52ad76b3ddc",726803940
"8f570610ef199a3ecc49a0a5",658855014
"8f59ec48e38092ab01c23e33",1037776505
"8f6076f8ed13e87862d82255",452267332
"8f619dd7fcf5e1a17af301c4",1000998927
"8f8a92abd28c8990534e847d",891592034
"8f90134b8e68948cb18fced1",612356656
"8f9417de118ef8486538955f",1030307488
"8fa4be9ac1ef719dda1f96bf",451024684
"8fa53bd51f5d54be50b3fa29",418830032
"8fa9b20af1508af7a01e2267",744577082
"8fac177c5a8b4faa21b33138",420910540
"8fc4070ce12262679c381515",929699246
"8fc50169e6ec98a3f4229ffd",1045865585
"8fc78c514a2f1cdbc5ae6e1b",1044214468
"8fd452d3f5f1dbb3b65f5274",950753945
"8fd5b95f5808b4676043de35",584001005
"8fdc9f203c3de5d486de7ba0",443471741
"8fddeb4ca696706f6cbe573b",864156858
"8fe1a07cbe9b8f3498cf74b0",445510658
"8fe7db56d501b9c11461f62b",612802473
"8fea95d0a70b1ea918803f58",787978024
"8fedbf13ebb7cd3475fa3074",994095921
"9012294b64280c565a88a1d8",815377727
"9017accdd4fe3229fc45280b",403073727
"9017bd24d173b2fcf564b32b",1100487116
"90186e67d802be6d12eb3696",676208951
"9019f1dd02ede61479b62406",534171187
"901e3b835718ccae27c8831b",770647050
"902d4fc2c44ae5ca2703426e",790765840
"902fbbf9f5037be8759775a7",1042549964
"9030f17b47b3940c2e2c4093",669794241
"90332d50e91925eb9b614bef",726848941
"9039bc918a76e486041842d0",644542162
"90470cdcdd2b813b39f28ab3",540829961
"9047c4764f2c6b1a10b87e99",983474767
"904ad71e7d108930d69a7332",610895653
"9050b1061469970ce28742a7",471712030
"90511f2411d4a37a7224b995",769303042
"9051c6d14018b4894b560e2f",1063828370
"9052c644813d546987a72305",499308945
"905cea21c0ce1cae97fe86ab",1006671895
"906014f0ee3f3f4f0576d4da",474796887
"906e1f2e1bc5cd51a55b0266",822630571
"907f968e78d748fde69dd44f",737428209
"90822d4e3a369948cdc4d998",728444281
"908330b0d2651093c0bb6719",751981771
"9086e6e757243bdda003878d",930876557
"9090236db3ef719edf72a330",1301164125
"909182c92bbc39b00536ce6b",444561584
"90921c9fce21986dd23bc645",885977467
"90961073d9887bc1023315a0",437674610
"90a269d52e47c1705f9b6cf0",1045272589
"90a43053efa1d292af692a87",469644830
"90a711f776d53cf654614649",824090617
"90ae7af091c23957b88de5e9",632835098
"90b04117887941ac898a67a8",402708482
"90b25b6b913c1bf0396c149a",467188250
"90b28f5125a0b8a0e3b10580",822630571
"90b34ed38e0f18988f11d77c",826493048
"90bf218565cd67ed83240033",1284092718
"90c3b93badfe7231410e95bf",799281527
"90dcc3f9428a4e7cc396a15b",742914109
"90dfa0d7be06e7a1dc15770e",583548839
"90e00fc58569167c00fae7d0",652261665
"90e62f8656ae504bf6175e0d",517372944
"90e858d3740d4aec0fa21c12",606511513
"90e94b7e392f84e01a5f1551",1233473647
"90f0cf22cf9c8fcc290e495d",475534959
"90f320e94aa429856e37bb35",458844440
"9120f0e5a6f505a2553bfd58",821320852
"912471caea3c71e3f9f70877",673500668
"9129b78a741bf5e24df5379d",651947372
"913cdfdd62e35472522d0a6a",569788962
"9151a8c65e1f01ce591c595d",717263935
"91561030d87ff5bc0a497f1d",659003133
"915842a8a03914c08a6607c3",414533252
"9168a08b1fac4c5448626ff0",733440341
"916a413537580440c4ac6028",595577917
"916f946082d03023ffad6f2a",689465344
"917218fe1425d2c222da1ed3",669314782
"9172caeeaf6498737fa0c6dd",821544127
"917829a0aba571cbe794838d",686011710
"91892eac5e9565b12b2a99f7",476764132
"918947d51e52e0caf692f22f",472965396
"918b0d900ead8267aab4cdf7",670884195
"918bec54bd7587daafff66e9",938308313
"918c48a512fd6ff22fdce5d3",737384046
"918dbe66979d16b147bd3322",737081765
"918f56ffe325f21522cc60d3",456848672
"919bdfeb16dd0bf67787d53e",509208655
"919c1e281329379c4d130416",1297025854
"91a08474a18644c43224c62b",452183967
"91a08f81b621333ac58c3845",590477597
"91a73bedc30e0c2acd95d6eb",814235476
"91a7bcd95c0c960e4cc22d91",607347766
"91af29fa680d8033188ffc39",929314746
"91b57e8d6c41b7afe949bcba",407753280
"91b8b9db5372a2c3a5c30c58",632271822
"91ba0c5b21b52734d1e244f0",790558682
"91bd11b5a8e0c0124be78f46",425973231
"91be1260a84ab7fa3521c495",902905359
"91c4f018fc7939d150593935",865398277
"91c5967cc1acb3f108d6e0f1",464866532
"91d265ffaa6b407e9747b15b",1032954473
"91d35b9421c4982b54dd520a",640806603
"91e2f9f7d4ed776d38a3274f",739632910
"9200d647b6ce9aea67ff8ac7",729075838
"920b50f4355cd2674ceee068",804315307
"920e2bd03c9d34e36fc38ad5",1150781833
"9215d29512b14aab6178da01",1322236972
"922c37e46fe9e75e73fc1f35",586741847
"9231ec89e58a3daf459c5b43",1309019818
"92369f73435d1ac3fa95f185",666154444
"9239fafbffc066dff0811302",375748173
"92507b623f039b4ef5be8870",797807311
"9251f3dafa0e747b6e78f295",710485151
"925754da6fea9c9cdc06e18e",742565198
"925b457b5df270a68b84753b",394129072
"925f83e20a153a1e094bc606",1064143421
"9267fcc93ae3b6df8c12d9fb",511107531
"926a7b18e48cdbf6ac3b396b",561082569
"926cdc0242544bbc850520ff",526227138
"926d12cfe05643554837664c",394917909
"927de0269795dbe0566a0326",903884678
"9297c340db8a74e10dbba148",805007708
"9299c976b1afe4d2c0bf351e",884039785
"92a1a8b617b6d2c3669167a6",638864480
"92a9c07259efc617e7d58f9c",617137469
"92ab018394a5398b832d0b97",691265329
"92b3b7d8dac6b2f6d5fcfd9a",544144687
"92b772a38d5e38bb51a3f621",590921828
"92ba019bd942fa33ab742924",689571317
"92ba222e2dd63a4453a30637",757252354
"92c4faf0ba1fbac44db6d1c8",585955256
"92c5129009b7e377fa004a93",864904596
"92c8d6ee8496b91821d7ba3e",905275791
"92cade7b5347d1c00a48a1fc",1069521406
"92d7d4fa9fd09075bec14a3c",916939657
"92e4dcc5911b42e7f70311d7",686721413
"92fecc04105a999a622ba3cd",602686868
"93086ab3e32aa9599708382a",1029435306
"9309d812688d0d2bdd33d830",821929036
"9327563b40f2a0f888c68f28",1192319898
"932a93e3ee2093d7f806fef8",691909742
"932ce2fe93b8e1ec0e7bbc8f",493362635
"933018604a8d5a9020aac221",904803665
"933251193ded6df07c83128a",905951951
"933740e21e9b61721b2c6053",766868713
"93375efb2e74f4913d21d94f",521255594
"9337becb0628955b47e45b98",982815670
"9350225547486ad75c0b5ab3",1145089527
"9353136b0c791bec58f93ad2",571430553
"935a1e8c7e62ca9d3bff398e",858085807
"9362189c5d784741c9b0f8e7",795111079
"936307e2f478c3ff7b9652e3",739632910
"936cdcce007bce08a72112b7",716775507
"936e18fcf06ca3c46eda7c8c",653842425
"936e6d2192f28a2b40939a4d",1029387099
"937708417ef2642b7d05abad",957784171
"937876bdc44c3b8fe063a9aa",560598809
"937c0b6350beb0f51e53ff8c",539763880
"937f0b37f566f65a1871615d",506811837
"9381bdf491d48236e84590fa",611142362
"93822a34ec8dcf104e7f49c4",806432820
"9390ae5c166e1a976e53e16b",473766503
"939afc1f6250d528b0be8e3a",892430834
"939ce1536f15c0e6bf203dd4",909182389
"93a1aefcc4ccafe4866bfc76",582807773
"93ab279de0b7b414ce758153",709402023
"93ac0b004ca60ea56cc2bb9f",724344450
"93acd9176ff299221e0d2152",833374362
"93b27fa67eae8cdfcb846772",912036111
"93b7fc7c4f07a7f117e687a4",602662284
"93b8ea95ca1c1ff3881d91d2",472913911
"93ba409ab36d3e10eaae18c1",997054374
"93bcdd2a8ee1d5b61d00d58a",768462034
"93c24fa31fa780d28ecbc318",579848548
"93c5c5d9d1e99824178be9ff",776459223
"93ca9e75cbeaceee69b4f0e4",555554889
"93d4c413d2a1ac59f1b46830",556642927
"93de58cb0d8fbe74b0cbb556",775758250
"93df4118ec3536b312822d90",1062048298
"93e443a5b3864d52765e6484",980466504
"93f5694b4854068f42ffe55b",581019108
"93fa1c8ebb75b77dea76ab99",845292183
"940dd8311f2b49d4ec212fde",646440098
"940e08f8fc66ac29f6d76687",791426083
"94116b7517a06255bf4320c2",884282511
"94118bd8c3da3f14f9c7836f",550443574
"941392f9a135909273422dec",699112138
"941569c4352c3a2e32c908c3",1176585288
"94160aa4e5c54bb479b1d0db",455078900
"942133ad6b84f9d08e1d4e7d",811771975
"94213637892f5fe643cbe8ca",480457712
"9421ce9f204f373a50357fce",503689299
"9425283b41165156aacfd43b",484481277
"942c934c0d41ab822d60c795",556968419
"942ed340950f02adf9749a36",448023421
"94301e20cb91669986c4b34f",433145290
"9446f801f30e8b2997fbd72a",1043889933
"945202a450bea48fa7f2a95c",898285847
"94535dcf38c9c6461a73db02",437347305
"945f85a061dc4e95e779e27e",1048121290
"945fad7539481410e8bb60e5",557156144
"946eb4523f76bb23d0348309",747470627
"947421747f33db213e6b1326",657440397
"947ba86487536d611f548142",1166360412
"948ba87dfd7993460c967cb4",507847905
"948c392520e1cb3a030ce86c",1041991650
"949184accb5878f82fd5c10f",601677219
"949292b23ece12b655122038",439342775
"9499edd83df77bd6a90560c8",456350175
"949c4a5382aff4750b4dff83",1152790653
"94af5eccfe170cbe7d428184",617322053
"94c15574aacdc5c3cf5a406b",517309044
"94d3fe901550dd4ba77ffbaf",1137375405
"94d91969cc4b9aa1e856d801",589257080
"94dc108f1d146641b221cb81",505683385
"94fd4bb5f41087921ca12b58",525829385
"94fecb92077ffe3a72aedec4",578970133
"9511afb73b656135daaceb43",1165513470
"95173735a8f6e554f083c065",1129058823
"9530217ea0b5d2395adfcc9d",1015861782
"953176c9a901b4f61c030432",807951057
"9535ab027f9f2a9a8fdc21fd",464751835
"9536c686b6ec514d92493f9b",662547168
"953fd7541735fa8d9a342642",905635343
"9543c16bd5eea47111e6b266",505271174
"954e3065b1e8b31a68f6d4be",572503660
"9551dc6098b721dd495e5c57",1032655392
"955544a0bc2eff312e965c2e",1133012918
"95561bd325f60967cb6653dc",810910216
"95570bee1792641c7c12e4ef",838054220
"9559637fc2bdf96defd2438d",1017293061
"955a15a734e56eb287555307",462587717
"9562ef63320854bc6f94b5a4",543914186
"95632ec6578a204881694dc2",597866922
"956600c9a4ed31e588f8c593",1023086775
"9567966987eb1d3117677cc5",406849479
"9569a50febeb4163e28c192c",924608780
"956ad3b1dcbe8f236efe2d2b",590608688
"957731b9940c9131d92a22fa",921983902
"95781f187bd3fffa3d1b19f5",666529128
"9580bf8358095abb15a10c36",372729508
"95815bf7c79e4bff3f41b233",807543477
"958f3e102c6ecf5f6386a004",512333458
"959397711c3f452486ae591c",1108808447
"959b2293af0ee4f7c9fea7c0",698263551
"959b7ea50d93bf1c36e35005",1010512462
"959d0cba47f650933b9a5168",1162172003
"95a7b01cd60cd10e7364a600",646085245
"95ade3ab8dc04237acd6441a",424392802
"95aebb36dc0b4ea86db49492",1151281088
"95b822f76b4d3d6ceb0c5077",854357281
"95bb852a958d7b16fd676e3c",1109852717
"95bdebef7fdc2ac0e9541c51",1005377268
"95c9cee9b36fd1d68f647aa5",623381382
"95dae083200a9e43a5aaf210",1100973811
"95e561c7292d64305a2cf4f9",874496499
"95e5e774dac6f0159e8afc0d",677145574
"95e98113e39820523e95adf4",517365665
"95f17e64d2222c904a7d42cc",679054339
"95f27bf0d25bbcd0d1eb9cdb",841093761
"95f7bbdcfb59b4cdb41b0394",638609791
"960c9349b6ef9b747ebe5829",1297025854
"961886897eda4b0ce54d1d82",943754549
"961baf163a07179bceba67a2",1031464073
"961de1cc8601447b03682e1d",652194025
"9620068cef0622c404e15960",552715699
"96298da2f44ca873f345867b",613367714
"9634cfebe7e6b095f0065ee7",772710661
"963985c57392ed0423d74caf",692014314
"963cc728f3bc207a7ad74ec4",805214917
"963da21c3c571d7bbc36f1b6",580316807
"96448fa0eb077563a2d168ca",538598401
"964734d3430de94d22c927cc",455252148
"964b7d9de17c1ce396fb83fd",447356402
"964e9c3f87176e761484543e",800909922
"9662cce3c4b92d1c99849899",1086011820
"966e8fc9af08e76f8b276245",528496598
"96786aff35713dc21f6bfe5f",976185496
"967a7676754d6f9aa3e14473",450853199
"969219d7b193ac92e7a008ec",599042397
"969b956eb7769b6f509d3ee6",973257336
"96a478c359fea0014fde607d",921570774
"96a77e8e42d676b0da3fa572",721461494
"96ad0e75433cc18f20ed83f5",816778963
"96b3ea80cce599b68f96f86e",638609791
"96cb3c08c80815907de81e73",590661327
"96d14697ed6847ee757d113f",528454461
"96d14a1d29b7abc2cad573cd",589482297
"96f59167d17d1c99f31be997",896083835
"96f5db1dd0f36d1087172fcf",695101841
"96fa88a07329d3988b6b41b3",769321684
"9700892d7133ff2c0d1763e7",1103727276
"9702737c9e4ecb12d0f9ea5c",825633023
"9702cf3039b86f97c003e20c",694037865
"9705748d2bb061678a80826c",995677521
"970c0d4928a9292748c0fd00",950412866
"970cb360eb64128037be7e23",734648478
"97106114a8d353ffebbd07b7",788295099
"9717b066e135a82feb422181",606918856
"971a322e9087b67650689ea0",1037668505
"971c610e55f133a1d1e6c2b2",979129853
"97337d2f347a50e0ef518516",454610568
"97388d009acd9e5ad49e7c4f",443471741
"973ab56a202e039f5ef37353",553154297
"973afa2d67c20297aa108bda",639863971
"97419310c7e696dc8ca61f7e",988520074
"9741ff1b895a038c32205784",826934598
"97439d5a82f970e7f50d51b9",863623949
"9752758072e096fce6f7f4cf",554812399
"9753470e033b35407a2eca2d",768241929
"975482a692bb98df98b2f243",472705746
"9756b47e9dd47f99dbb23115",726627690
"975ea2f56001edae07f28fca",394594599
"975ee5aeee84593bbeb331b1",437551061
"9761b0f43949eb5307472ba2",849509813
"9762ecd72557ad6728274e1d",637696213
"976945e68af6a66f6fb0850d",579704306
"976d317efade1dd77ef3687c",542823202
"978195f1745ab7e3d69e1f50",1169920071
"978edd828fc71300e6723e06",843032286
"97986583e1c988373765eab5",877591416
"97a22807207cdfb341d5c50c",435635992
"97aacb0847561f45a5540f21",721461494
"97b12012ece8a740944aa547",847016725
"97b57932e5e20416bad6919e",1041049533
"97b69097fee8d8496a6b8c04",532408814
"97b791fd94b2339ba115a75a",725435616
"97badba651a94721af5df3f0",668195742
"97c799300453ab511bd06361",989763416
"97ce3e0ef38ad12f7fa8c4d0",404971156
"97d49e61c1ef55451e52c8e7",821082143
"97d64459dfb368b1f6067ab2",749652060
"97def72de478566ad58020a3",790017898
"97ea5dc81ba49ade4f8f580b",700648503
"97f5e6ee143998e0b3fc97c0",669668830
"97f9cfef1e35be84ceea2a46",1050859066
"97fa4be3ed93c37c048f507c",443704616
"97fc10f5ce4a6fd7357381a6",525024300
"97fe6eeed892111bfa20255b",511821069
"980bafcd065c8e3d6cece127",845766660
"980d809e549333b475477bf9",485555093
"981b55d5c38361caaddaddad",642787979
"981fcb79db3881259eb303bb",472512006
"98318f22c00ab335d8aa23c0",709003499
"983503bb75d84c410d1c5d3e",987601643
"9836bf9b64f27104c7863b79",593545055
"983874e637a1a5782f31089f",514122687
"9844c3773f7a50c71f218e99",876208388
"9847a4ab995b7b1c30196704",1142174761
"98502628de3c4fd3905000a7",554248737
"9850d970fe9fd9bae89f09ad",786972146
"98510008e150296ca9d27d0f",749141859
"9855712ed7be7e865656de13",1073753691
"98575cb25b358dde32ad042a",1111803175
"985e40843a30150e6892e4f9",840859542
"985fc7ab5aabf1831ce3d298",891328361
"9865836c04a9582688f50496",451263530
"98665b825fb3a06b914d39cf",1042306737
"986defbe9082519824ebc882",848099390
"987199d3a23c08ca887b301d",730344636
"987476ca395533347581b2df",663579762
"98799228c26c9e4899bed65e",614633128
"9881fb167319b34cc23da955",1004526143
"98865eb2f40b8a30893cd351",584859894
"989360149d9cc6088391db4d",723468625
"989a4fc1590097414d7c3fa3",451026816
"98a0289e513d5ba036b24252",503890602
"98abd5139cc3ea136faf7c8c",807626426
"98aee6a36f208227a992f9b6",1249702085
"98b77fc0888335702d082f8b",728199970
"98b973c8597d5805f87dd074",698649414
"98c5b154ec80083bf6f51835",944799887
"98c98982020ba42198aeb45d",769929122
"98c9c866109bedd605ab7dbd",845485856
"98d7f0935f021acf313630a5",847422010
"98d8411005ac05d77cb12516",701484730
"98e04fd660ca1276d1510a72",549081088
"98f253233bfcd16533e2a448",1130562624
"98f2d7810641693c44096ada",683180678
"98f89d21e5dbe53f8704e745",813587128
"98fdd3fc6c9447d0f05eb1c0",514750161
"990379c9f9f210206c6f1916",1048941919
"990c8d65ca11a97a1d34c5e5",697022362
"991a94dd1e99de493672da14",570876479
"9931470b50580f51e1a4fac7",497365889
"99340b6cf8f818392d501e9e",1264757385
"993898470c6676ce46ede92d",866058987
"993a18ae04d78d374f854262",855436688
"9943a2530009f62cab6b466f",560413306
"9949cbc958bbc0114404960a",658562330
"995362e3fea8e54538ac135c",605054557
"99543a17b33ab955d03adfef",974058982
"9957ccd807718945178bb847",1065889264
"9957e5492f63fa295772246b",913481051
"99587dcb4237fe90acb15b5e",412536960
"995a5799d9a1a7e4dfe4fe34",1184381989
"995ba6d1fd63d5160fb18e71",901106987
"9965f598c5b95b3cfaac50ad",923215443
"9969f6f4bfb29e3a97c2fccc",624909896
"9982169d6f3e9ca61dacfed5",924757404
"998c1a6ace613d8a7468ba5c",807509489
"998c864a446f06d114f42fa2",1071070220
"9990217fa4eae1d1c4ed051a",1127077571
"99970db787f55a4d1963942e",400650482
"999c8da7dbed7412dcbafb70",839733812
"99ad7b36c3c916393e951507",660960764
"99b31d0b5d5ab75a2653b1a1",529948941
"99bdce7cdea643b0442976f5",791435562
"99c1b39476ee8e2ebfff6ffc",699361457
"99c539fecb3bc233288ff905",690830636
"99c69eeb96e1016a7e53b33f",781032202
"99c6f87ac92cc323c8caa005",911025148
"99d39d72083d7485e8944a3e",532871099
"99e48a46a1a599471d3260e0",402039734
"99e860bbf3033ee4654d393b",716235232
"99e9c4f8fd7fb7929da10a20",393831561
"99f10097f39b32a478877340",678330584
"99f1712af0fe96f67d11037b",497525891
"99f8eedcdc31cc0ff6fda7a6",447831385
"99fa9611d644cf325e20e603",1270379977
"99fad8a7877c57c0af05b318",577083775
"99fae85157be04554b236007",474116287
"99fdac6a2ddb1136f7117f0a",479583981
"9a08127164a0bb61cefb3680",406338416
"9a091c59b3cb4c730372b34b",411498519
"9a1819c45b01c341647a2410",625377380
"9a2051367d6dcbd90a4d60e0",832665652
"9a296eb9b63ffbdf2a07cd0d",953763639
"9a2b53c1c7151a8b26a71edc",423781599
"9a3368605e5f563e29182f3b",532987131
"9a354d8c526efc5bcce59dca",755492381
"9a38e7293e9ad7d8462eeaf7",1041247525
"9a3920f803b087c29b487cec",530085214
"9a471715e4c4865b822a6b77",492346949
"9a51784f33b0cdfce8312163",648155719
"9a53016fdce3d3b5c2baf3fa",848719069
"9a565e7220cbc3d5d340e8d7",759323145
"9a5fdeb5f389590eb46e7aac",1340634249
"9a61bfe6ba2b8364a92e5a97",1052282343
"9a6440e5318b2de28b180a2a",1187510089
"9a65fe451b30c59beb3d62ef",596039142
"9a6849637f1b8332ab289e27",1322236972
"9a6a8802cbf3549870c55031",422189550
"9a6b537a7319b3446977919d",1351909747
"9a6b77dc2c414f0baa11effc",497501262
"9a76a405640f670c6355630a",699284902
"9a76cc7c650230c670e703e7",747547168
"9a7f24ba55c92696d377bcb8",893635360
"9a889078a0225c013570609f",430932107
"9a8d13d56d677379ebf9a347",1171537563
"9a8e471c8f4488c3799483ba",493405252
"9a9553eb431458a3e30fc672",711677830
"9a958690c3947f5a8f05cc80",1199485586
"9aad22f3d25e46538e1558fb",767046624
"9ab245a4c91877cb7a8661ce",1198530898
"9ab273eca8cd5dd4b6339ca4",395220977
"9ab385e399a4673732b6a799",846369172
"9ab4e5f8cf2b807603329cdd",764668342
"9ab5ef2c5650c4bd05248990",443471741
"9ab74e81283becc00a779172",572987333
"9abad9f79352ed42d1a9f099",412577821
"9ad9ac8728cfc2387285c24f",583548839
"9adaadeeaf6a403e1c8754bf",848639764
"9aea45bade274e4ed91ec301",557665507
"9aeed339b2d916cc89f38bc3",718897947
"9af17837ac2bbe7c8ba16e0f",525587923
"9af6ac77a9aa0c6da3cdaeb0",390832510
"9af956dd8d83bc715592b97a",417040735
"9b06c7cebd33cd26cd6cc089",1322236972
"9b0833992397c6e50b54715f",740370110
"9b0abbbbfe0bc85686304ad6",616526687
"9b1223cd8c9d7b348d6a5c94",1169551083
"9b13a371ed4724d2e2966447",831083042
"9b1590945c0c7f7b0704d287",681307738
"9b15aa6c85804621f5c42566",992201241
"9b184e58842bcb14dd42103b",623390456
"9b1be976725ddd512cd222a8",874329073
"9b1c23d616e9407fff6553d6",465623365
"9b264d26a196a76951308cca",675231978
"9b2c7e6cfb2d6c66e1ee8a6b",829579655
"9b30c679d7da9169580773a1",925256420
"9b337cb1451a8fb078dc9a07",788900593
"9b3557302e940d4da341cdab",584458577
"9b3677d498c2ccf69c756ec7",1044214468
"9b3846c7abf642e0a6220e7a",482471773
"9b3cf0d1b91b9c6a2a887647",650531753
"9b58b5c993540ec3ab1e4a0c",599808602
"9b5f013e795f5fa610d03238",463624013
"9b7de95ec90da0dc8cff7011",508745824
"9b7f17ddae12105d47fad7eb",923711665
"9b858a70a031475e422e375f",876889935
"9b8d798a2c455a960ee74503",524397364
"9b948f070b94c18e00a857a7",517290462
"9b9db425b698a4931173b5a4",596336185
"9ba689b29d0696fb7ebc44d5",1213781591
"9baa578a930a94f761119fdb",430732807
"9baf7967c49fa209de8dda95",792525095
"9bb193ea939c5308a738fcef",551528787
"9bb9864a6bcff25b17477717",601098516
"9bc12d9c9ad95064412c3413",1071847895
"9bcd34e7a974c977f65925f3",997899385
"9bd500fb24eebd53d8262b62",883958550
"9bdb1bc52a9ddfe92e6a948b",871646599
"9bdc79dd02cdf39f92e8c869",631495753
"9bde9f216ecb90814670e87f",692296770
"9be92b361ffd3ea2c69be23b",613709211
"9bef4aacc63605f2b2b62292",539832563
"9bf2e0c1bc82010e92da2540",775963811
"9c20784acde0823e9479be2f",747164212
"9c2c22e70cffe6836f554f24",531967124
"9c2c2b01934d1d519e651786",725145731
"9c38b9798313a3091d13b340",881567189
"9c4ce4e9f12764544cc8bded",933644340
"9c4dece6127f1f3f3bc1e0f7",578389938
"9c4f397c093dde7de5d485cb",967046859
"9c558e10e5bbf230f16968f6",896662094
"9c611e246a612ac6906abe8e",1043387665
"9c63c6c27c74c03f071385e2",697318352
"9c6a01e3c7ef87d27185e9f3",1028186954
"9c6d7e6260e4fe83d43706d4",591924990
"9c7bcf000cb37f48d9f15422",752101410
"9c7c68df14c238ce0b497dd2",1042368723
"9c7f7b0ebe440f60d3bd478e",433329522
"9c942287410db3d0739e182e",632320935
"9c99a85c5dd878568582dd9f",524090995
"9c9c2f05352c92c02d080e96",1065158341
"9c9fd309cfb505b628f84fab",938050719
"9c9ffb3401ab6ab90fcb555e",1066574553
"9ca0839c9c294674e86eb691",1159657111
"9cb40496518bb99a7a00a2ea",1102102290
"9cbed1ed72b444c22d8c1614",651502983
"9cc3c05f0e81b8f6454b80ea",511406605
"9cca7c1e9ff65766c8dd2e29",502444200
"9cd01a5cba1674559752f5c4",1053232976
"9cd1127b1bc10db6b8ce5d4b",1035513224
"9ce3000cd80aeec2c5188e8e",557208970
"9ce7fb3190866e6a02e01e26",566204396
"9d021f3fcbe5f82fa1c1fd94",583059719
"9d028997ff036c154c3fda0b",883293565
"9d0ae0c4dc11d8c6d94e545e",746925587
"9d0d2774fbcb6fcc66b865b8",630087610
"9d157878dbb41c14b52a956f",502101811
"9d18c354e8939c9f18598f22",460426860
"9d2a195e645a9e8556683b4b",746668713
"9d2ec1ed9eac77d534ed514c",669794241
"9d348aa70957592dbc56ef32",735626148
"9d3f5b59b9735da05588b3d5",477453377
"9d53330b44c300e396cdb402",715439274
"9d576cf721ad30ab1a4fd554",452022954
"9d6288cfead77d622f5f5b95",813090929
"9d64345229b60ad1853d94ce",658938016
"9d6810aa1035e91b72de6a26",549768465
"9d6be7123f2c6e610971374e",929884104
"9d73758bf7569cab4837e49c",806889213
"9d790c8c474c9de2afeb00a2",513071747
"9d7f161ee660b1bcb54574b1",1031525740
"9d7f2c004fd359136a662c9c",653661862
"9d805330fb0df9ae73003ceb",852135980
"9d892f73b02f001c2f715607",544080201
"9d8affa93ce4dc7c1a21b3a3",983471320
"9d8d3e6fb432174770c74e71",815672006
"9d8e7178912841c2a1232ad2",605560910
"9d9564415e52518c2817f66f",579921570
"9da00f8ff8e19d26c1342274",1205854325
"9daaca90887e5144c35daeff",525605683
"9db120a76af04028d2f0ce68",366007891
"9dc0c6ef8389978be58daa59",1024015380
"9dc7b0a394309d8b76d0bb7c",835776218
"9dd98816533e4ca8516a5474",1053808569
"9ddc14c8e7fe7ffb078e0019",1047662258
"9ddc1924043ee8361201b39d",1000893579
"9ddc7272fe43f07035d3da63",1322236972
"9df0663317db1cf4121a222d",915364230
"9df90c0644948ea5539939eb",913823507
"9dfd5df5a2efca3fbf2c07c8",613329005
"9e07dd563b6ff4572f5d9031",1044483542
"9e0feca2ec3043ae6f840631",1042562075
"9e142165bbde850d4379a49d",591626668
"9e28972500d8ca3fb3b76fd9",970937943
"9e2c21d635fc25f7790cafa9",442641147
"9e30b310c820d0426f504d90",472435083
"9e360588b18cb15aec3b6609",614447705
"9e3bbcdba89c647e4ce53182",661074062
"9e41c4b41cbdc2553d80e362",763895940
"9e41f25cf2e77f3fbe903368",1000998927
"9e45b127ea0303f973bac9d1",403337255
"9e52ce2cb6f6b7e2a152dd54",796312717
"9e590ad7d22105456bebc767",822127766
"9e5efd4741a57b9af54e9265",706957839
"9e617d1fd8a4f33d7b66098a",1181806196
"9e7ee8e17b1e76965e96ef95",852407880
"9e80db4c35139bbb18775644",1168649333
"9e858250fcb7320b65bed9c7",991405728
"9e871ee8a61b183aa9051b72",832429063
"9e8a11484838eed1f4673a32",646170883
"9e8cbeb53820394a460f0879",526010682
"9e90e02c8ed3ad137e4c3abc",432457405
"9e92b27f554068b7dfb640cd",496426041
"9e95710c61a4706e21cf70b3",687897426
"9e9e3655ffa5921889cd8ae1",1209602665
"9ea78159ad117bd9c0b04291",535465825
"9ea7a0d65493cb5487ed2084",526854737
"9eaaf577807d86ab64fb14ae",388436289
"9eab02171cb5f15963670172",1173643051
"9eabba4531191127ee91621b",1175694937
"9eb4041ed9e159ec0d890de6",422221318
"9ebe11eba1a88fcb24fcd141",588823464
"9ec426691c80918203394ee1",420053450
"9ec5fbf8767dd0d2744a79b4",735487752
"9ed0bcdb62b2223d716d40d3",707077269
"9ed988dd6739eb7ad7aa5a06",1059776291
"9ee3218bc61636cf0d7f8107",599339929
"9ef3691cdc2bcece41b47e78",1161617405
"9ef498b11563827597c82947",661010824
"9f06ad3793ede2ba7f39de43",747134292
"9f0bdae4f8609ec93588de3c",854725644
"9f11661702873852a3d65ed6",432149421
"9f118569fb8b084f0615fa22",541359653
"9f149071cf61295815e3f875",856407617
"9f15c77d67021f349714806c",493705521
"9f2498c12d7b41c213bec0ff",372173138
"9f27627b9e439fce085cb01c",569132591
"9f339d547d83b4ef956a3690",920875090
"9f347bf53e4ca4d264a45241",689899808
"9f3680d00c86707fba024dac",701853314
"9f37bcaa95fb0044aeef6075",536946212
"9f3dfa6e1422f6aeac527c61",420336063
"9f3e09a3461bce2fee7e1c40",1308907269
"9f41ce015f02d67e193c41f5",491791618
"9f43c80d2fa31a09592b030b",864272947
"9f4a25a5550f016ef2370229",820380982
"9f504cc4e6b170155d38c687",669794241
"9f50ed2b7e40847ffd877f4b",780345195
"9f52855eab4ca5161f1fb492",757689567
"9f5cf735a842860e7ac753cf",750357318
"9f68ff98e302ab06df4fc672",491534195
"9f6ae3eaafbdfd8d5c0e64c8",1177668990
"9f6af9ac2404a8d55f24286b",599399121
"9f7204b4bb3ffb8591e3164d",982554486
"9f8697b55cb665ebb054f9fd",507922643
"9f9f2548425519863e2cd6b6",538941880
"9fa391febd5d0a8e4c6ecb8f",411775270
"9fa39c9eb4b10a20dda6c3c2",817155713
"9fc4385ea76cabf741d38789",495906968
"9fc8c3523883947769b2fe6c",1063032698
"9fcdcb2be94744d00e734a3a",1068026815
"9fd4adb5c63fba5a11661b23",395428052
"9fdbab0b428f19e7e8dc35b0",1033900980
"9fdf7d85fc65849cda3afda7",709674943
"9fe75dbfd537f9ebc6653f18",658530111
"9ff06409b37e5b5dece4604a",627402019
"9ff08a6ca1c63480c563442c",930773591
"9ff3268cd15cf039ab958413",499078724
"9ff3acb07666d53f00d1f1db",662549383
"9ff4b1fc1970cd5c102cb755",1173197752
"9ff5828e084070628ef2ad96",468926825
"a00863c7c53b2c059ce22dfb",401344093
"a0087db5e9e2cdd6073021a7",662713121
"a01a51af09a3dc387a18b58c",366553809
"a020e479dc5db78794a5fa77",960622722
"a02bf67aecbac445a12da958",1307479389
"a02f6ef1f148659297d46b33",625578913
"a041ed3fc0b60fc4ce3cf847",729901053
"a04d3f4eb8810a346fd29ab5",1150648632
"a05da8df13eb4b121d536912",595115938
"a05ef49ad8b2d6c466ac7412",832621489
"a06733f7b3ba964c20ae2698",880769243
"a0722c5527c6d3cd5cac9477",1172815458
"a083fd17c5e7c9d33540b922",561227496
"a085fab6d9b9d8c24472cfb0",1307479389
"a09413ca0b723170c26652a3",740544062
"a094be8af52cf76977fa5083",820181883
"a09c957598e6cde56cdba03c",670701954
"a0a8d63b5f43b87c0c7e1fb1",926823783
"a0b178016cd26a1d2072e7fc",462130059
"a0be286778d94153d3b22ccb",967847249
"a0c6e0c6fe41e32b3bcb2b26",785029665
"a0d5001f7dd42d7f0c91d2a9",418126814
"a0e15809e0a284fde27b16ee",946969465
"a0e26a9d56cfb3b7228e5d75",619647035
"a0e3198470f97f6a169044b3",1177813223
"a0e53cdd1132bd19b8ba0c54",763260931
"a0e9310061ff0084d63dd242",1015883340
"a0ecc8ce0592a40959bd755f",682240649
"a0ede3a514cede68b721d994",737395309
"a0f1496a0b4a7cd8b850f010",823280882
"a0f1c94cd34fcba92f59a59a",1047818252
"a0f28aaedd12f3d0eee8c6ea",416638280
"a0f86ac00934b57d85b44dde",827658662
"a0fa0aca2f6c2ae65a98ccbc",582371361
"a10055de743532d7b7bd29a0",676928248
"a100f050c34e438070ff487a",515285961
"a102a0a268840439c2c8f4c6",442125740
"a10f459124248ef30f290cad",635269239
"a117f625c794b7d52ec67cd4",884679468
"a11a82cec7f8a243e2f90539",804860525
"a12ac99bf63b547fd9180a79",404205334
"a12f0f00148e564ef78838c5",1061444735
"a12f49f4ac3c5bb0dc7d8d20",458596903
"a13004b87c6d7e7bf6b75730",663907965
"a1305fd943ae63715529209e",1043675968
"a1320186028a726935bc1cc5",726959744
"a1368aa4d3ae850bbfd90bca",1059794975
"a13a3638569b89ddf1260470",492877578
"a13fc9e9b4e47340a5d53bcb",684749066
"a13ff325f90eb49363f59052",904303411
"a1421c30fb33a249bcd54394",533322245
"a14506a4800c27223fc34728",915913430
"a147a8c29757c5d0c592d347",553056139
"a14f071d8e5c338d9ebed23c",458953028
"a1508f30ba87423e7393b4fd",1103727276
"a157596804522e03efabce48",896647625
"a15a12446d2e5993a0a6c423",821580967
"a15aced0fffc97e219f99545",434899336
"a15bf12a6b8749ac8f9de19c",420014079
"a1647603f732f97a99f5ec6e",1154142056
"a16ca6293e2ee2969f3334c5",840321597
"a173eb804f4bcf6bfe889417",1091068143
"a17807447696896bb61ef8ab",783671634
"a183a1c009abf7251fd725a1",1059952806
"a188aa896d1b4520ccd6b65f",401307582
"a18925f908acda4171bfbe36",933818091
"a189bd7e4eecdd18ebc7d353",1155246011
"a1ae6f9f5d02548c89b23904",829691715
"a1b0b8d18cd78b7cd555dd55",946538027
"a1c2003dfcdce97d21f9cd15",673500668
"a1c975ab16effc6f97935e16",853574721
"a1cd215fa99b8776818d0b0b",465306096
"a1cd867286d6e82181e5d1bb",814714432
"a1da74ec074df16a1e8690b9",1000508643
"a1e38854d6725e9c48c128b1",385472845
"a1e8f0c7cfbfecfd1549b0b5",591851602
"a1f0d61cef676fbf798b5473",511585093
"a20435d582c7646db231e7d2",868575439
"a20cd5193779526b43612ebe",625357899
"a21923caba05da05449d60f6",856303364
"a21afcc258e50a538dfd43ed",424770908
"a226b4af016a772dc7e39ac8",615607721
"a22bc19d0d83b13a53630b7b",547501838
"a22ed42197987a8534abf76f",949365295
"a23a13e43f3e08ab82c6ef82",457971796
"a23ff4d1b2e24f537a75242e",733710857
"a24901956dac4ee0e4b0c91f",956246067
"a2522c9d3edb7e7a23a42b74",1023521296
"a2529027db6b525e365e7be0",556054421
"a26149f589edb9a903782a3f",632727959
"a2645174e4e15c49331f576a",982788242
"a266efa4e41df357ac4edda4",973892779
"a26e967b288a1eb6d8e71d46",441219391
"a270fe47ba30ef0056ec6c4c",403469945
"a277d5e8216fdc3d7c93eb2b",772728626
"a280fe7610c254b935c9dcfc",425945460
"a281d59b685eda4978e0c84c",906770254
"a28a31f7d0e3fc6298606078",654142607
"a28b1d82d3f7dbf8746d5742",884926575
"a28bb09e30bca82627e595c2",738546290
"a2905faba4c1177603e6cd5b",1243553972
"a293de027279019418c070b5",446213025
"a295b12b773127f15e83e174",534889378
"a29e18f37ded2e901181d7d2",659123819
"a2a1665a693852185673f6c1",1050859066
"a2b576643f7a032371587e5e",1044214468
"a2ba273b099221390bee92a9",478247168
"a2c033f497e62ea10ff8ba3d",802257062
"a2c3da753f0116aa5842d4ec",852135980
"a2d1de4211aff373009809ec",607652619
"a2f06081983f748fcd74652d",577726385
"a2f3f7a1cd573e2a33f52e2d",795260946
"a2f40c8227b466249d6cb659",790664302
"a2fdc7da13d098cfeba13b76",528612866
"a3021c7c465dfdd38cda9f9c",804052593
"a302ef23e1d0d6a273274cd0",448283270
"a30e69524af9c1bddbc5de34",646238885
"a310528e34207b5dd813df8f",700848840
"a315b497dd8e80464bf0480b",785192769
"a32d2c51f2bd5f23bb519d12",1039134987
"a33329c9ed11ee8b87aad6b4",518829589
"a33800eaaf178e01558ee926",683166008
"a33bfa6cf99e26bd9c49f8d8",661432405
"a33de2559b5f56d1b3cfce08",652015048
"a343e6ec6eadb287711d3834",711913380
"a3460f00d48816ef66e3acc3",623136338
"a34b3b037805f2ec489a95fc",667568903
"a35450284f8dc27e0ed717f0",1142693520
"a354cdbaff42acd1a0b5d82d",745636877
"a362533eea6c235049bf3359",767966688
"a36ff3637b7d2b1c52999ea8",1062052006
"a37522af63bbed2f4d10900e",1322236972
"a379656c49f4cb1cfc5b3f03",637618514
"a389a1ca097a820fd9af9d15",829691715
"a38b2d75349c56ce04f02a94",870217590
"a38e7af984a471331b2d758c",858928523
"a392f7f9ace844d712ab2b4a",1130675433
"a39617b7adfeb6ae7d5ee5f0",1088296404
"a39f9fd2f143b8ce1f7e1277",650895315
"a3aac701ae444b6d91b7bb0f",684676302
"a3b9c1a3b81f17e6b22b6152",502421562
"a3c3c9fc04cf2e2a051a12e6",510402881
"a3c45875c0834b144f834798",474106611
"a3c4d0ba7b85b9a6370e131a",1190314434
"a3c7c54fa12d5b57dd997210",555743174
"a3cb2a035f98276076f2d848",480417301
"a3cc0422a37512ae124013d8",858085807
"a3d03a25f84f4d50d2a308b0",525065755
"a3dbd504524f980ac5325150",795889654
"a3f1214ea44063ad10956fca",757689567
"a3f32d81f4cd99dc85a16bcb",536151595
"a3f969063f78dbd95e6ee795",614681919
"a3fd38336516b98117e328b7",1063112176
"a3ff6a1fe37a1bb736b1100d",801705773
"a40861d6573e4539ee3c23e5",687327522
"a41210034abe19957b317d1b",1012025040
"a41222195e5c7d7987dc3c7e",427929991
"a4146ec09d782b08e8198e11",933669455
"a4173461aa676e09227559fc",459875412
"a418dbb6d04e505c133c6c1c",976063218
"a41d05f2ae3e022c16088bd0",1032438760
"a42081eac6834da0560ea4ef",821466578
"a4325969a50a14c948446f9e",697273345
"a4410bebf9843297fe32d63c",635714005
"a446507813234e358db8b573",531549151
"a448d8246781ae78dae61619",804734408
"a44c7ace8ab50de7ed8e5a66",533322245
"a456f85bbae3f189ff424e8f",501060818
"a45863121bdec787e119b14c",419946272
"a45ba5d63cd1971de19c25db",978446639
"a460aea3370926825b0dbc13",989343462
"a465a567a4f60ac534505bdd",962569104
"a4683facc81ccda10e9ae388",1031525740
"a46cfad2458ac7ca4134818c",560473881
"a470bd174fc7587dc1449c89",1308186314
"a478fb93a131fee4119bb9f9",929457808
"a480b654e1b8b7134091e613",1224758926
"a482103965890c922a66eedf",632755703
"a4885ce6808ffdb878c41f97",536918112
"a48abdedbe3d132276dbe403",848052845
"a48f29071cf207b27ddb03da",645868726
"a493488dcd906dc74cf8a604",676874657
"a49c2976ca4f24f3a6b622e3",540429375
"a4a49182c79c72854732594a",487939235
"a4a4a57cf20ad739291aafcb",567970909
"a4a5b6a844c14b4eca92dc49",1198039660
"a4ad34eb244e48afe23a780d",566699123
"a4b16572b8bb786561baa3c9",1308186314
"a4b23fbdbc7bbd45c5ebf80e",1073754727
"a4b2dd2771f49951c027eef2",993882489
"a4b6ceedaf89cff74a292ab5",721533650
"a4bc87ad4f1ad97c0a63d843",1094541986
"a4bf0c02f139c695845c9507",997691379
"a4c324b1353d2f7ea3ae9727",526025450
"a4c70eae507d630c2f285eb5",1051423237
"a4c71322f79dbbbedab3191a",925788744
"a4ca465294c114b1065bfead",850317159
"a4d4d6480b56d6198c0120d4",834559316
"a4d5ea1b907e98be72b5c49b",505637555
"a4dba76865fbd14aa19c0286",905250630
"a4dec2ce375ab5e4bffa5966",613999012
"a4e4f56336e07304cb946b1c",927891370
"a4f272acb4b3b4f5fc72e99d",1124556552
"a50640d13126880a423521e8",845114884
"a507a938532411f06c57ed8f",814377375
"a51ad0372758b2bbfe73f8fd",669668830
"a51d415712d8d6c8add7009b",1001966784
"a528312b77b7f84741c2bf29",677263413
"a52bd93aa6b0d965914f1101",881345594
"a52e2c893f85b49e2499cbab",817935283
"a530e3ff6d7bc1abe333245d",780487387
"a53b105919c7b46c0cc1b003",665039536
"a53c748935206f61751dec1f",460552174
"a53dc5c58f7384729ba37a21",729580488
"a541b35c62878dc2c425235d",955643523
"a54b0b282edbd217e9509287",687128718
"a5587c93c012375dee920f71",754258771
"a55906464634558b94d9298e",547157240
"a55d7074220aa6a750297c08",1040250613
"a5620899d410af623a3ff4a9",1016228603
"a56d3b5bc13c9849cf676750",712098163
"a57350d4c79a415137281cb7",394621701
"a57435d71ccc5f032baee302",694655506
"a57a34c7486e7a40e8deb316",872253284
"a57d01ed5a9641ad64f7f032",476076495
"a57f40f00f80abc7450aaf9b",786865798
"a587c7419568288d68c46feb",885694181
"a58acad50184e66794d8d704",671700991
"a59320023948e2d915c07306",601663475
"a59e7f0e0596ea6633781335",785727019
"a59f1631e721d231eab4d146",1065868538
"a59f39373ee368259b441de6",478161326
"a5a3cab55661982b7d30bc78",601447186
"a5a46af0c9fb5c0a03855660",1004773391
"a5a4c0f268548993b61d65c6",827327220
"a5a71962df1b8bc45bf5547e",840883281
"a5b8869e9cd3d0cc32a0b298",1031715455
"a5c85b445f503a56e0e2a924",1177234782
"a600ed86cff36e636d204f39",642514630
"a613b18945052b4576595c4c",804216953
"a619d30d6f2e2aa3b9613c04",443471741
"a6259664a05091ef92129c7c",487643011
"a62a6094ffed3ea7a54fee73",525717066
"a632ececd6a023aae8a7b730",452759927
"a636ffa140f80412f003734d",788758755
"a639ec3b943cf90cb28bc1b3",538949021
"a63b4a22614d334b4a61ea16",893808029
"a63c26369cfbabfc9c2603b6",970937943
"a63c36f6e7e7ce7c7e7fe457",895602052
"a63ecc5539e8725af4128cb5",721518857
"a640228932682c0c04538ac3",985842068
"a642351076b7706a733dc52f",701117258
"a6555836840c7dd496ba9094",719839610
"a65655a4f42564ac48bdffa4",681749511
"a660d5809085b4823e287a5e",491719936
"a672cd6c8c284e14913222d8",701640587
"a6731fb85da65ce14468341e",494676453
"a67412a01feb64ca6e772858",1092121274
"a678e89692df9b14da9f19b2",501642947
"a67c6f6400a176e0a07d6772",818888249
"a67ef3a182aa268bc4d9ea14",680257800
"a681d6e9ccc7bc60eeaf7e3c",1016759655
"a694b9ab05641a6325764e63",813826908
"a698d80ede6cf6243fd9ed99",995326577
"a69ded1c20e05bd6b3a90028",823183439
"a6a06973b5a4c990d5873b7c",628118344
"a6a07d35b3834bc6f81beb6d",923380551
"a6b1ca7a4e91c4c0f4366984",803890594
"a6b992c9bf4eb32ab3d1df4e",475215035
"a6baf4631223d9b24de8b590",410389428
"a6bdb6221b88a24c9f8381b0",726064552
"a6c86ab7381f6c43fdd61a01",481635027
"a6d7b144058ebc326b9803bb",644303759
"a6da1996f66e545041d920d6",696653599
"a6dac56445613d70e49647e5",1003290180
"a6f570e11883e74654898d75",1035355091
"a6f616d63d134f14ced205d1",1052420805
"a70b6661eda6ef616e19dded",487064298
"a70d32ccaa78ae9417aa7e4f",488037914
"a70d331be751cdc3bd0aab29",387082039
"a716ec25a219961fbe90f367",1076603627
"a71d187784b309d65cea0b14",1018467764
"a71d53ec4fd0d64f8c06da2c",1097076847
"a72041a40ca87928c695b2f8",570876479
"a7283f1587ffd80f4723475f",380600965
"a72f5204153b7c92f52d871a",768462034
"a731b326a61043070c3c853b",641019897
"a73206cd21136b209f25c7cc",445282936
"a732aefa7ea4715325e9e80e",557106643
"a73504d5982fef268f5ff589",725739433
"a739d80c3fb6b166a2c2182b",454308806
"a74214a0d4d40b898ee2be88",558516995
"a742819d8e4cf8fdfda6e094",1094864587
"a742f415d6c57e8493762c57",720237689
"a743dc3903eaf3576046ef3d",822642223
"a748841236a7a7fb33138845",465333345
"a74be48ad396ae4aa33ffed6",1019446928
"a7546a6c6194506dffd65360",747134292
"a7577260fa10bf408f1997d8",811095210
"a757ba01a02acbdee50462b6",1041049533
"a759e4c03e49c419c8f0cd2d",709909156
"a7618c242fd918ed894304b5",683291908
"a7620d5599ec354541c8af13",1324859903
"a7634531887e969c9c5469d8",489626977
"a77d82703468f2f9e8f2ea0e",812189661
"a77ef77ffa731e8980d36b27",620553379
"a77f5c03a98636d90f50e11a",1008505239
"a7801c67a0ddd71c50ba38d3",390832510
"a78417c74b8c99279912e427",969614200
"a787382d96ef9fce8f27bc70",1279413778
"a792122a1b292f482caf25d1",419128174
"a792bde8819aebc5b2d73a6a",1049994005
"a7a219e7cd18f3c4b83649e0",495015804
"a7ad9c8b5bae531abf68f8d0",711666962
"a7b14faa46e7b73ee4e95ee6",801294906
"a7b15424d7c025d885636a72",917012769
"a7b459470ef58ef3bed7437b",475262633
"a7ba3ccc4831ae7e539f0cfa",410059546
"a7bacd6f783756c9e7cdc068",481457961
"a7c7923f9a4d004eab43413b",1041001155
"a7cc7d2ceedf4d69664dc734",521568718
"a7d8e636db44cf5d3ceb67cd",799669224
"a7df0496d6ce217fadfad10d",1010426211
"a7df3d344010d5bb7dc70bf0",434943596
"a7e40088cf53acfc65f4b3f5",1234062825
"a7e41393473834db30f2c1da",790200070
"a7e57a8be8fc8d8a844cf9f0",517366931
"a7e6d3c76bb5507e00ccb501",699530226
"a7e97bdf2d4f2f62f9889c3b",541033696
"a7ee02ad2a4fa122799a2dfa",1194501804
"a7f0c831d82505044f370b1a",558209282
"a7f1397df30d6521c216e331",1019878149
"a7f48fbdf807da68594e9ae0",503333766
"a7ff08f7e09b19c1546453fa",836929655
"a7ff59863f8719590146e71c",808591007
"a804849802cc0820d25f955b",407545939
"a8052c48a500926214eb2e1e",440368878
"a811af7cf12afb1dd9b8eb86",767499517
"a812ed43db71868625b351bb",1025667780
"a817e8da0ada143ac87277ee",430306127
"a81abab882910584371c7b66",498578677
"a82fc744f537ddc6fbd16883",757560697
"a83921284639eedd4a511cb6",607128361
"a84cafc064a35cc0ad698009",702332691
"a8549fa4bb56a2bcc0e15b11",416030881
"a85ba83751915d8d5d1a0e09",852809562
"a8633d3336d097920bc8a9b3",874329073
"a87c585acf2a147e381005f5",438269365
"a87ed2154a2351cf26f0027d",902165322
"a8870552db951bc4e76e7f9a",491998402
"a88f4eeeeac5ccd1ba9b8a4e",902516360
"a8944be7383b5689b5039c87",1029252231
"a8a2c61f2b994411af5d9bde",1281483474
"a8b457cf82926e25cd862af1",822630571
"a8bb80d99280e332084b3950",658803730
"a8c5674b5d110d99a1e097af",729264958
"a8c662f906075eedb098ae5d",739680569
"a8c9489973c54b93737dfe20",790558682
"a8dc954142c54e570bccdca5",602298274
"a8e1adbf076dd737c079129c",1144901441
"a8e696037f8747f562ec98fe",459927497
"a8e74eb5eb523143cb291cea",843325410
"a8ecaa9120c6da21229cf145",738184397
"a8fc825e34bd9bd56ec5331f",698967820
"a8fdb6fb681aeae4d5c22f9a",1095657032
"a904fab9fa4f41a11f673fd9",973381200
"a9054883a22542257c7e778f",404188082
"a90991f865ac81cdb3de201f",699976662
"a90c60e05e29b77963a11246",559902472
"a90df94f959030227fa015b0",597592317
"a90f7cd68b662c87d9fc2d5e",768521758
"a910019b3d18da92b4c6862f",795964799
"a91664b9f15f9d6f262e7b2e",990381890
"a918c218ff761315988c6335",959213281
"a91fd5b9b1a791a6af59b70d",927120837
"a9268ef5b7133cf6ed1a376a",859117449
"a92ae34df90cbf8af7695ed0",657741546
"a92ed9a378272ff174ce2688",424252339
"a93a37e4cc75c069e14ffa00",518528478
"a9407f510e67bdb27ad59b46",716823348
"a947158782fe2832cea53040",589110347
"a947c2ea296f1da3d10b0a06",423483625
"a949ede7227c8f8587715029",923976243
"a966f298e8d4d3d580a72d99",709909156
"a967a4f0b1dd36d7264cb408",872670568
"a9683df184aa8b4ad5d0cc5a",810098998
"a96b19e82d9811d5de1ed0e6",457813822
"a96cb9d988f5dc99bf5df4ea",864167461
"a98022fc80dd6ff27de693f9",509482666
"a98637742a212e332cb5d1f0",488122155
"a9878134c12696d8199a1ff3",603129601
"a98e4f4db7afb8a6c9f69400",572915022
"a99261116e0158109b3e3bc3",416675183
"a99df3a2cd4f2346c6e903dc",380658203
"a9a4a765b1daec2f3ed59a80",520453688
"a9a710b78e776c16eec24be6",842113154
"a9aad230d22f7dede73acc8c",944485016
"a9b18720f68c7002dc71c3af",534112260
"a9b3d963a14c2c7435f30fbf",1230041590
"a9b83e18ae78d307d1b39b15",880074089
"a9b9263f6aafe8531f3dadca",915068330
"a9b96d2a23ed155043085e87",995620461
"a9c212f77a048ddc33ecebba",445969766
"a9d4f256527be98066c493fa",973257336
"a9dd62f527cb0dbfa51aeb7f",648429013
"a9eafeeab4ba51d3644f4052",446348549
"aa09cc29ab2f2cfc79e5bc7e",918823804
"aa1eaa63043c5c29ab6a1323",674989897
"aa24974831a0c608635bbcea",849379749
"aa25d9f8737f142b8cfa970b",921396762
"aa26461420614755c2a52db2",652790087
"aa31e5995379bc38dd40b8f3",857142852
"aa45f8fda8801c3b4923f4b6",918045732
"aa4c66791884ea2a8357924a",476076495
"aa592f388454d575e0006206",557361148
"aa643acab634ee591a2a43ce",689899808
"aa668782ae5d0c16e57193fe",1151005805
"aa6af44635b5d51da4b02059",651442070
"aa703cc78a1ce659901e711b",663495215
"aa7551be1b8d6278d38fbb00",780457361
"aa75ed5781e6e8584143daa4",869971385
"aa7a25411bc0f9f93dcc40df",434473592
"aa7f56d05ed29183b825d61d",546743294
"aa7f5d0d2fd5474cc67cc70e",902309381
"aa843a050ebe8e4b3a04e9ef",1092178818
"aa850af0c6203104e6ed02fa",510842925
"aa8a19a2fd3e2cfeb3b7dbd9",458507417
"aa94d2ad36bc0e91bf561be5",1025650322
"aa990d4e5f1a0fc4f0bb29aa",845114884
"aa9988248c7dedb016d8b6ae",1138489592
"aa9e131fe4e7982a374bbb84",620619875
"aaa43db51d1ddea564d1bd2e",537301248
"aaa67089a753d255215c15be",533162372
"aaa79ce67339dc53b4f41dd2",1220608322
"aab240140aa4b6602234d88e",583453236
"aabaec5accad3f545f864a3d",633710401
"aac17b54a68bd216e2bd1d45",374366312
"aad0e527c4bf6283f76b5bed",928593582
"aad38b9f22ccf36b0fba4e7c",649827101
"aae3a99ac764b8e9bfc562cf",988708992
"aae7cca10bd7f041c8e02d23",640957473
"aafeff5826516e363471e439",455225188
"ab03c034e2a420f395ca094a",566978305
"ab086fddcb949e3dc0ed9b5d",602470965
"ab0babf6941ef43c35acb951",1109452586
"ab0c047373b5d1810fe42bd9",644810946
"ab0e770ac42dcc82b472c55f",607335624
"ab11db71265771ed4d9de64b",393338306
"ab157c9601861dc387a91b82",847197076
"ab177c5d60492f2ff087708a",558908805
"ab1c43d6fc4f08e315e322d7",1004128267
"ab25a6737b3ee0c4e9cf4ae6",540660732
"ab3110b5dc8ce81471f69c16",1181942663
"ab332133aca64315672a7192",928938864
"ab37764e5f4e00097eac947a",1126665783
"ab37f67a3afa274e719ecbd8",614303826
"ab388cb4fa511968783bafee",443092028
"ab38b4fae64ab90a55b5a403",650425363
"ab3e1642655f7e705cb047a9",647648195
"ab405cd390c0681c3c67836e",535848970
"ab419cd48b81038c5a30c721",524555720
"ab4c55e78eb83d80c153f50e",527178851
"ab5f089f9d2ac1bf52222ec5",529149851
"ab614a5008d68aebe34aa201",767954716
"ab64918f2b2b4646e87297c2",1037886206
"ab7559b75b340275587e50b7",1320327898
"ab765acf8b87daf1673b3a97",565170949
"ab8699d3c685fa834d7ccb3f",887726912
"ab8d6823d905f1f0ccf4a75c",1036279055
"ab946dfa5b9d7214a3756978",883939407
"aba39002de605f9ff34bd542",781320003
"aba4e24dcc6998e5020731c8",755918153
"aba54b001154ad881dfeea6c",446203635
"aba85a8a7ea2def1fdd18587",538101500
"abb63383766a9853c1091c5a",888512543
"abbd422c412c2d57f5df62ba",434369929
"abc2ff9d0e7848169fca170f",555039576
"abc668bf93ec7d1951c65cf6",468737865
"abd9cf3c36309d590e58c2a7",569162533
"abde4b06769fcb1d5577fa7f",669668830
"abf93b2418fcdac14293c9a7",684792204
"abfda926d174a8da1d946e27",528970756
"ac003932eba3a174c5b998ee",478208717
"ac0185c8f724ddd40bc0d235",684792204
"ac028c1580f6e4da4ccedf0c",491068895
"ac048209de77cae737d60545",514669638
"ac0b895f523b53b4abd013dd",655294473
"ac0ee54bdc08632efc0d771d",645677035
"ac11141115d391be44e6426c",754769903
"ac154aaafe98dae45bf9782e",864054973
"ac180e846fda5cd7f1123f6d",1081243349
"ac1b644a8d2ec042ca91f89c",789041961
"ac208e250f5ae3e5e1008351",614594217
"ac29d71a80307cab65f29ff4",963220134
"ac2b1b560e8bc4fa1deb6f87",663227865
"ac3c9d9357fbe72959817602",770647050
"ac3d21f51637207d3e031c2d",785181157
"ac413fd87de33153899a1d04",635625076
"ac46e3eb688cb1cb17da2545",989664120
"ac50dfe70b599ae93ddee4fe",745377079
"ac65d147ee69785195ef7da1",905899817
"ac6a4c672dfbe20f5bafbd89",661432405
"ac73b8700744cb7835f328cd",524438819
"ac7ab254166442188c6c5c25",714596481
"ac7c0c806b57e4942d9ead3e",777133556
"ac7c323295addefb43c62acc",761653457
"ac7f21d22d013874c362d440",1050409104
"ac7f6087e19c2d3502368fac",560697110
"ac822dd448e04e9f8dd1721d",846698154
"ac85c8f7605ceff58dcb55cb",411102365
"ac8aa244c21a9b86de4ed599",1233473647
"ac9ae945fe25a46184057606",1126638932
"ac9baabfd96d58e376149a7e",781876725
"aca1776ef24acabe172d573f",1047717017
"aca37e216a27b4dd5337df99",838155984
"acaf9e18bbc7295633d92e01",773604919
"acb1d16ce30aee0a39f01f09",710671239
"acbb07a2c7a0e39c0102b3a1",688470128
"acbe4eb98668ff4967a8cb86",812427221
"acbec9114912932b9cbaf0a3",735995472
"accf7bdeeff29ec7a209c509",454861064
"acd6ad0081960c0f17b144dc",911402685
"acd7394afcee30e084844c63",904211406
"acdb13c4c8e2a48b0bdabd91",1028774811
"acea4c7aa1185baaf6d3b60f",645677035
"acf0f98cd8f8c8ce06f30ab9",1321216769
"acf15357c1a919b6ee78f676",1015861782
"acf4d60dad7953065b59ced3",984515419
"acf98212eb702c79f16bb058",786678214
"acfa7a1cb136e4474b7efe32",819033209
"acfc06021a7a81313d85f62b",417120787
"ad0025f5b240d00936c82f9b",535580216
"ad1322132f3b533b4aced580",421680666
"ad1492590bf61d2cc83b493c",851988026
"ad14cc63c36789bfc1bac0ef",380707358
"ad14f4403926de76de2604c6",365707604
"ad159116d166e45b70329bd5",675231978
"ad17072ff24e0fc0e61963b4",752674948
"ad1c32cf75ffbcfc842e3959",411603809
"ad2081cd75928b8f5e506944",1318877332
"ad351bb6437583ec871b1739",849805661
"ad37e23456bd4d90010f7784",775421941
"ad38d5660b6f1eef23b76039",414790762
"ad393e9070779969b496fa72",839760436
"ad3b4ae81c322a9f91381bea",626094005
"ad3c644b506498127c7beef1",773443739
"ad46f8bd482500f3bb935737",740389811
"ad47e82c9efcfa36ddac0a95",471335538
"ad4d91ed26c1fd5702b94064",807429641
"ad6317cbcbb8bc27b0774fca",1247578472
"ad662354d28a9b2d65f537f7",854411355
"ad663952ff2ba1953efdc460",856866604
"ad71acd782a4fce4d9af04be",644779235
"ad755859e7b6afbc021fcf6d",922672203
"ad77298955813089bce818a2",671832502
"ad7739088e8febc68abb42e5",777284449
"ad79f4fa23a28cc84487517a",773562200
"ad7cfe29b56c915dd016897c",476169954
"ad7f3aae29fa1e7ec900b563",879188881
"ad844bdb1150508a4c6d57b8",774918225
"ad8ac9edabcf2d4b06ba9fc1",863997375
"ad92f3ea52673dee0a56902a",857028079
"ad9a1b23979f0edd2ee19f38",685068369
"ada53307260fa34f3a6411f9",630850717
"adaa406ec9ac311e9f9c0bbe",541562542
"adae78b82caeb073d84f02ee",860821417
"adb51a572f3198367e3760ef",737076196
"adbb5c4ba7be2903799a51b2",941292485
"adcc03f332b427be46f118a5",822614049
"adce397b6d1473b9b6d02865",690830636
"add1a20e8bba47aad2edec69",1123442842
"add4f9dd26fa34829aa25eaf",1016773427
"ade0c9cf1f9106e342c69bd1",826878785
"adeadac88e573824f08efa21",736213889
"adeb9a6ac3d357bd96c019ea",922473877
"adebafcf3eb0d34ae31718ef",997495304
"adf055978a7a8e9bbd88e741",406155781
"adf176b63ea23e08d252b5ea",765459597
"adf5879151c7236f5e055e1f",947390477
"adf948af7b24f9b6f29610cd",463146618
"adfdb0eda9aa97f0d3005c4d",688641356
"ae08b7f31e69fd930ef4c832",896118617
"ae187fea3c46c3fbee7e6e8f",653261385
"ae26e4726c16cb2f6a6d3f2e",897769177
"ae2c10850b4a8ffca934cc72",1222192787
"ae3868ac8c44128b8a955829",810419490
"ae3f7f428b49e6948ebe6fff",766450975
"ae41a566826a10d5a6768d36",825346047
"ae47cf27964393fd56a52d7e",785481423
"ae48e30b60ec254bf0dc89ac",829306471
"ae513b65e06b69e1ff2ad8ec",525024300
"ae556ff5f318b73d3b29142d",559649322
"ae58dee872922a9c678dbfcc",1061253653
"ae59a0d6441697841d86cfcb",542991093
"ae5a4da0000f79f12142e2a7",729824004
"ae5ff2b5eb4f9ac44fef666c",519431913
"ae664789baac0c47d13c3c19",701481927
"ae6ac510d3e46a50ef24896e",433329522
"ae6bfb4eb4770f2266e3b961",526839003
"ae703276c49b6a6a9c39770f",889385142
"ae7ce478fb66882a2c952012",781840864
"aeb330dede55fb66654901fa",1020005927
"aeb66f808982c6308d891f55",669419191
"aeb68eb7eecc4aecd5529717",1034031818
"aebaae467e5f01db3afe69ff",419179176
"aebb556fa6c9275a9b5c543c",1288580993
"aebc3c6079c1a80f8b2f1c7d",795754928
"aebd6304298f84e7d440c379",1052794254
"aec1778ae3b5e60cac280b79",852498454
"aee8b22ecf19495fc5894a08",797399677
"aef06b27b0a080b5ee539b6b",454700637
"aefb3cb6ad2de9ffa90b9534",672725631
"af0502ae1fe341c2ce1b5325",550977820
"af067a8546e1177eefe24916",550382333
"af0cfebd54f32b9b92c5fdf3",635625076
"af10ec1529a63d0bc10b056d",1078386179
"af1aeb2ba89d29973f73511c",636641380
"af22669e3ed10470623fd8eb",834434095
"af230af0c73a5f2b72787c1b",1125278357
"af32aa018cdfd081a81bbc80",492375017
"af3e3a83257eb507b96b2a1f",1302048066
"af578bfec5d84cc2f4ffb8bd",896854736
"af672710affcd7e44eee9ba3",521127312
"af67a68803a18663e4b03eb1",516729553
"af67d51867f382dcd9cf34b0",986794103
"af68665ae8711d009e8810ff",699063271
"af7131ea57639ce5aa1e102f",814714432
"af820361d5f20198bacf839c",754769903
"af8c90983a23ee15c72b8e22",1333361364
"af8f09175265e1546200ff86",561159671
"af911ba38d5376a8aa53fcef",644864591
"af98a0e223a825cbab78ae49",1035674756
"af9d2f5f62bf74a7fa9c74f4",772040203
"afa5698724bea14940667231",887726912
"afa842858299a6ebee166e31",823819860
"afaadd87a196e04b934e0b1a",499172792
"afb02897c700dbac941ba8b1",628177040
"afb03f7cea99023ecea7610a",479928919
"afbc7773755043a40a7f9d6f",465315193
"afbe90d764c1821cdb26e38a",465333345
"afca7b219d52b22522abd00c",646099110
"afce1d7c5576dc49c80bdabf",634806706
"afde90f91b01b0282bb94335",678915712
"afe03b938be9cf14e98d4a0b",416205027
"afeba13fa3f81249549cd2eb",454281507
"aff22625564f00844ea2610b",790183183
"aff9e510eba008f3ba5c1847",719439567
"affae17b6cc59bdaa30e29c2",932016607
"affb62139f02e524692ebc5b",585820950
"b0015b31facc48a49f1313ef",485714249
"b027f75411dce9c742c5d0f1",549609916
"b02f1997e6e6f97dc808b8cf",1005619672
"b04449c499843cf46ccb695e",628374222
"b044b9a587b2c6ca00447177",1134142029
"b04d16faf40ee02eda59a9af",481261789
"b057dd8a9c2082d1a78cba88",390828882
"b059afb753452ba358fb432e",1258706703
"b05c741bc5013a7a6abd31d6",512333458
"b05f4b5fae2f2faaddb377fb",602021985
"b06d3ee14ccf3d46fe2431fb",775840949
"b070e3747bcf22ed67509efc",718247702
"b07cd6c30350efc5de211a8e",921380863
"b08e0cfc5bdf5bdf5068ebdd",920174814
"b08f88ef973c9d1c3a86695d",997376362
"b09111ea69c4be8ae120ddc3",854299275
"b0962bfdb6a2c79a0ca84e48",625312501
"b0978c973ec3291e950185c1",985757173
"b09de5f1e028d4fafeb8a22b",779756084
"b0a03d567e287bf4cbd7bec3",404494574
"b0a0cc38f73c9d90bff6ad92",1087897215
"b0a32581cbb586f9710dc3e2",1104057723
"b0a7295da89516be1c44512e",874323022
"b0a8e4b4ef6678e6b43865e2",674685162
"b0aaae3a435fde30c4c02fac",1020005927
"b0af9b1e84a1886489d46b91",669668830
"b0b0db3bbe07839bc2b600fe",1152961263
"b0b784bfe2d3c1b3b1320613",719555340
"b0bb2299d5f456f800993a11",581792431
"b0bbdcf0916b246ca95c4721",840504642
"b0bcb64f2f2ba69cc712e0ae",924323333
"b0cad5d612954b8cab18101c",738897258
"b0cdf05097df437354564bc8",397991054
"b0cfed2d25a5d78c96d39d20",924323333
"b0d20a04106ebb87e2cdea37",1200163518
"b0d394d6c9b8967250854c66",1041144181
"b0d3d98076883f346cee8d04",874915484
"b0de107a8cfad95f09876eb2",1050410666
"b0df95e9fc94d9aeebc960df",775862019
"b0f9bfd521802b0d2586300b",803286713
"b0fe09d086490092f1690fc2",656078121
"b10b428245022d55db248b72",535005131
"b111b17ae1fc17e3491b7a5b",695082505
"b11672f22fafd555f940a8dc",435528482
"b11c3a4642f7eee2e443eb32",1078590746
"b129a508d1d98a1b6dd2f61f",690969976
"b13683c625c97c23333269eb",520255491
"b13cdf9314a34852e8db4221",485592266
"b13fce1462ed87e57ddec917",763743157
"b143c8ca6d334f6a73c3f2a0",403177336
"b1527eec2e6709dc51e03f9e",1122902717
"b1586cdf68f36926c3bf72a2",398298760
"b1589aa1f58f6dffa93a3a61",1321094377
"b15bcd6248958d98867ea585",825275299
"b15c662c56b19d3843737dd4",574085443
"b160d30961ddd3dac16184b8",669670702
"b16fda9be5edaf4cbcf07122",1051102017
"b17840ce59c9d9619b46534d",587594615
"b18107a422b9eb6da9fb692f",871790759
"b183776d007d85bef0f6671a",598768560
"b183e2562cc4816244ce0e1e",560651037
"b1924a5697dfe829b5b8ad76",569753426
"b19ab02a8e22f3e88a26031b",653741108
"b19be1ad7f60717a943ff0f7",441506237
"b19efe9cbc26d61daff5ae90",505653589
"b1a13541b37964b8b85f4669",471829177
"b1d1bc7ea83d5c584988b95c",607607451
"b1d9704dd39c6cef28ae3d17",566625060
"b1dea7d384760535b770311a",693994776
"b1df92683a593edc3f2b45ad",484994970
"b1e3f1efb232cb0976506cc2",754950593
"b1e9075645f4b374c7301346",853106058
"b1ec4b8badc955f9f4fe2131",770647050
"b1ecdceb6ac00b6b047c241b",851831173
"b1f0b12c28c9bd2d16b3545a",556642927
"b1f8fdc8e3e25517ab80c065",479537550
"b1fb98d0ba25b21c6647d423",1099880626
"b1fdade0fbf0470060fc2708",481659986
"b2078743e33e1acc49c2d2ca",776664466
"b20d6ca58e91ae70b6e0a1a5",924295710
"b2183e5bca67574df7d5985b",450410000
"b219848e66fb065d4d2441bc",1076262850
"b21f6e217d6733230a8eb7b7",1036365935
"b22350d505b87dffaae3a5e2",614027896
"b225270821758e45cdead76d",545846335
"b2286067a73bc0049328b55b",606980065
"b22c39c3df7d8e32cec2ba43",426894356
"b23341faa7307d9d6009c6d8",659909329
"b234ef225690d57e7c2af4c0",1177813223
"b2357bf117ecb5b9082871ca",413119706
"b239bdcbfae846bf74791728",610116416
"b24bd44eefc3ccf053939dfd",645868726
"b24fb90a2aa5d9d0c7e1541b",969091820
"b2506aa9463aebf01e1e00ca",435296938
"b25734bf3ca94e775f467e85",504570992
"b25f461b3d48d833a73316a9",1220608322
"b26f22f1fd5a991ecd1e07f8",714484561
"b27088c3ccd93e7d8d5571c2",704125910
"b272c1025cf5c1e1df47042c",554951595
"b274adb68a37458cc5181fe2",725289209
"b2759de47d28e8cc05c94e36",605171978
"b27fc4e7f6042d70a7651038",823551242
"b2809471a0164e3d41b8fa60",1156677819
"b287339babba162e290d0fb0",466659372
"b288c52e4d0fab9f579122a0",830911122
"b289cd856f9d15493d31ef6f",1065263204
"b28ba88f3665a2f26c2f8e47",1091068143
"b29e5a75740c8439aefc9321",781239409
"b2a417a8d2440f9124fd2ee8",1030655516
"b2a7a8ccbbec39b63e4cd028",612820738
"b2af005e93b0242e0f62f298",579999584
"b2af9047dbf58867ed0c42af",858701639
"b2b7020e66872c8d83468cec",520056033
"b2b99019a929584b4904b98d",833356395
"b2bc172a3ab25b8caef50189",1047451974
"b2c5af8615b8899deb16c896",651700441
"b2c62bb0cf8d210dc4635653",1026737015
"b2d160f54ce5f98f46818e4d",971802707
"b2d32589626abfc81e44cf70",824242425
"b2d7355eb2aa975900776275",676375017
"b2e37eb7cde5cf4290649ad3",1009391600
"b2e7fd7bcd93309664cd225e",1001966784
"b2eb63e5da917ce649a72142",515285961
"b2f089146c30929c4836f0fb",636193454
"b2fd7ee866066f3ae0dfb3c0",1030637141
"b3005057f48c1794b7974f4f",652853036
"b31601cf48b268f3b4107564",829691715
"b319d049a3a8e4a095940106",725993955
"b33c9b03cc12a253e4936cc3",696986502
"b3401023d3097815687d1160",840102656
"b3402a9173d289d6db78e09d",1065868538
"b3413352f0280412f53562e0",445625762
"b348c76e55613f53c8bbc94b",912041537
"b3561144c745ae3d329dfe1e",479184557
"b35c58fc1c05a77433025318",993882489
"b3616a055e722e3720cca48c",921445588
"b371665aece480b8c1602773",1233760738
"b37af80bba5adc197cb51649",505382923
"b38776cf09ec8e90fceeec84",468160189
"b387b5eebf501a620f352504",727774538
"b38816ece917027a179663d4",974825658
"b39d1b2637dd8e307c8ba13f",1022518644
"b3b30d8b869eaad2382c5447",1061537327
"b3b63d292523ce0a925b871c",741804398
"b3bc9a04a3ebc1b911326735",1089336736
"b3c02569b8fb721934f51c52",419748548
"b3c2187fa96006fecc6b8ba0",456350175
"b3c77f4a398b61d9c204f8a1",864702562
"b3c8714dcaf5322475ce2c60",1091412959
"b3c99f30b16fa80cdb4f213c",606918856
"b3cc5930a3cb26e35a45e09a",433331869
"b3d072ebd7908688d908d350",992795995
"b3d45812baa819caa1400255",737281503
"b3d82ceeac64b64142286375",533178529
"b3d9a095c9c73004643c9e78",1026353661
"b3df8c66475021fc04f107a6",676829555
"b3e76a0a1fcacd0218c17908",441044592
"b3ec2f8af6e9adce047536b8",1029672830
"b3f5af523b5d6d938693ebfe",1015820626
"b3f8ffa761119a5441a44ad4",1077150774
"b3fcd9cbfd485e4e1da6c89c",625757287
"b40128f5e17574a5d3da9a32",764488211
"b40873d316de1c295f2a97ec",509831629
"b40a9888ec0379fbf85516a3",1295421894
"b40addfc0da42b0e530503f0",647680047
"b40d1d2b7c1db9cc57c65fce",961828723
"b419d977b283e33c0b3da86b",1214886119
"b41edc115f6b439caf392941",455286787
"b41f7c1cb9cfbd188f8e0233",848052845
"b4245f075bc41aa29b55d324",744610758
"b42734770dacb7e580a6d742",637006439
"b427d767b071c3e5ac2a078c",391067288
"b42d5b5b38686929eadd56d9",546370949
"b42f936db049a74c7d24b0ef",1243648747
"b43b36ea4f81bbfd4dc4d781",849324850
"b443781523fa0b5be4ad7739",857212460
"b44b862cbd855d46954eca5c",542396735
"b455979bc938acd34a580eac",624608786
"b45911f1875da543199e97b6",1040577052
"b45bb2d0d137de6984d4e1ec",564420851
"b45c8a6224ae2656b4189526",775046232
"b45fff2e718e54772d46a3fd",712664529
"b463c62e3c21e339e7acb52f",702925984
"b46625b69fba1afc154471e0",965518603
"b46bbf66cc82a4345c5da177",837070961
"b46d50c84edaa7feba938671",822630571
"b474103c4b637ca25b5d89e8",539872432
"b47713520859d58efa95bb06",982788242
"b47fe4670c6b065a9e1db429",497179696
"b48093abeaa178d1f7fbd83b",749748868
"b485036419de03f5bad01f35",890866436
"b48efa9ddf36e85164354f26",1214056091
"b4a4d705930d9afe896dff17",485020525
"b4aa025f8813a3f0b132b7e0",534582595
"b4c2a0a1a63d35a9a08a6e15",826742046
"b4c779732e827ab2fec8e8eb",1088075577
"b4d610e0ecfe007c133a5ea4",488874058
"b4d69c7bc93efb3790eb1422",1047773930
"b4dc6733589bb35444b74c55",893246095
"b4e084d14962cc58d4089955",879188881
"b4e14604b888c994b64f94ba",785612219
"b4ef40e00d089a35d750888a",1016759655
"b4fac45659e67d4e91fe65ff",409122448
"b4fd0aa09f993bbfb1fa8abf",579627873
"b4ffd0a2cdcadfb962578199",704364691
"b50a6b85399ea2c6b5c33405",716285646
"b50b45bda0905a116f238c1d",620862845
"b50e8c13de383e64711193f5",496590807
"b50f2c871166ee1009416be6",749724821
"b50ff8bfc0b4c4b165c5ccf7",868575439
"b515b1caa608ff42574e5a06",642373432
"b5254c6c29b4f6984d328216",446700938
"b527813993b7bf4a10c05683",852135980
"b5292c1e1683d40be46bc2de",727225056
"b5293710d0cd75f95de001f6",357007674
"b52e0738dec9d2f119c75a9c",619453177
"b53d3d578b1d7d9e00c8a00d",761225387
"b53d4d8d0bd4a0ae84fbc22e",534636163
"b54940561992090411749db3",496435984
"b549a72c938d767ed504bd83",750443897
"b54d3ce25f3f03cf3fa0127f",452039148
"b54e6757829ac95e2076d954",668386743
"b54e8d557263624947f979cf",1033139966
"b5606ddf3a4e60e2a0e0d6a8",870077308
"b56533bb19eefcb244e69470",1033751041
"b56659e70367566a4ddb81b2",1139093877
"b56a3a017449fc4ce417009e",571188019
"b57174dd86ed451448dc501b",546767429
"b57250de388b7172a39dae8f",929322292
"b57ab7afef2b8aee016ce6a0",977375856
"b57cd3eb0290984f061e1053",520147437
"b57ebf09cc691bcf009ef115",1191367830
"b58208759ce1402501f68906",837814983
"b58533a6850620b0960db713",538797832
"b59711a5971a3b482db4d9f7",775926949
"b5a62d480bc544f891fd8521",1023322165
"b5a7d4288dc7a7868678b9e4",881207289
"b5bb9af24f9de68e91a1df76",1322236972
"b5c074ee2e2538aeca099fc4",891444956
"b5c34f90096fc88b8ca758f2",1015861782
"b5cfd5eba0b6297cefd6d3d5",1123251819
"b5d0ae257748ea92c47d8fc2",449842592
"b5d6fe84ee7c6a703891112d",1227446014
"b5dd038cf35169bfd0e62eb7",750412824
"b5f0dfbd34392f6855bb4b52",586480575
"b607bd072e8293d6594f3829",688816425
"b6129a71f8e320aee8abd0c4",850042017
"b61e9e4f3a2e894932b58ed6",584357804
"b624f0438025478c9f66fec2",892704013
"b6281efabdbff697d70925e6",1024103139
"b6283a5714e0b977110318ea",515285961
"b62d64605362afc574ea5b0b",1282527317
"b62e960eebdf95c2eaaaf9f3",995765357
"b62fc917b3e8ddd64bb81018",491814265
"b638b937d4f62949b9eb9fce",923711665
"b63f49396431089dd646837f",695273394
"b649d315ff3c97c4e8e9db73",385969622
"b6514cdb1e2cf37e3ff8090e",1193129578
"b65a2a140ad5fc6e3e26b6e3",573307937
"b65c0544e9deed76615a3138",742970063
"b65efc402cfddc0aed4e1d76",953387304
"b6692a933facd74b4b11569e",382356159
"b6695af1ce28eb50d7a2c25d",1014020949
"b6767d1e329ff5e28c42f632",623699219
"b676ed2d0af6807cc2b28ac8",1192298515
"b6775aefafa4dcc161eaf6d5",657125623
"b6825cfa2fde9b42fcf04c59",473662439
"b6853999c45e21646a0d1b20",404188082
"b6a21387674a509514fa5518",1204342204
"b6a2406025f0e1fa09690c2a",523553915
"b6aa1cb0187c4a1715517fca",412577821
"b6b87c05c4238be76d94da2b",385617811
"b6bf2760cfa26cb28fc989fa",672242169
"b6d3345346f43dba053ceccc",1019990243
"b6d5cb459999de084965e993",968346383
"b6d84e7d569d8d0f0d0c9066",768205801
"b6da1db3aa02debd11e26edc",662034898
"b6da2728ee41d035da57c822",1213378452
"b6ebc3b8408793f5058cbb90",1288096121
"b6f195d44ddbe10b78b97191",514828907
"b6fcc49ad3656cbd3f4c2ea6",855397888
"b70082fdca35092802f8745f",470866929
"b71095bf5e80bcefafb12d52",533487857
"b71857f1cc385219f114035c",473382141
"b71905255273cbb0af1290a9",501995233
"b721a5846527d5338322c9d6",564278053
"b72459ea34fa22d1fd012dc5",1004443666
"b7273cac93fb7a0034039600",1306455703
"b732021729ecf88d6297b48c",873103745
"b7320c35e90f33fbb1c28813",720153378
"b732ff1637ec53286e890865",664903571
"b73945103f07da807f7a30dc",1061444735
"b73bcc0cbfa173c9fa404369",946011996
"b73d317e1e8ddc3d5d0743ef",1001829312
"b746e4a5c9d04cf4dbf887da",811758935
"b7483c951d2c19de665f07b6",428368701
"b74a02ef5cc838952bb9afd4",627773802
"b74fd7f7db38ec233c6ad71f",461953190
"b755f88ff3907bbe2a417e07",1038563652
"b7570bfc5ddc7caaf610908d",540065847
"b7574b06d593fca4eac59815",430269526
"b760fde2d4df27a168ce0e80",960478297
"b763f71e8a5bdeecf0f3f0e5",402207009
"b764bb8ae8ba0d736bf54f5a",417841168
"b76a3fe6a49dcae6e6bf5815",740797709
"b76c45ccae25a06dd5fc432e",812440073
"b76d853ea415967415ace0d7",860460756
"b7763beef728bc2021ebb841",520587301
"b778282fc4b9c43055629e44",970937943
"b780a0ec18c61b0760df9433",652794783
"b799aa1dd2de813ccad401e8",603170230
"b7afdbc1b57b52e6fb03accf",1099489476
"b7becde9261820feb7cd926e",557014565
"b7c07f8afe037d55bddb8e41",483865089
"b7c0a0a4f5c5b986a70ff249",490175176
"b7ce05400f0261743073e072",687064052
"b7d245742eef110adc91b5fa",831098693
"b7d66c5f1ad06dfcae5b33ff",515285961
"b7dc47c641b46ca99fb83a0e",1126665783
"b7e01962fda2102f1402a444",922231896
"b7e3b0c90c0d3bfe5befec54",638753200
"b7eb15346797508f47ae094f",748026071
"b7ecbd35179a7658f3c11b41",1079513874
"b7f164b79658952248866c34",521941499
"b7f47484bbd8113c62cc8c1f",486998893
"b7f906741cae6861bd5fb922",443092028
"b7fa81aa571906a93e9b6cba",1093449254
"b80593fba07e21f8bdbc352e",1164966008
"b80c961aeb98d24d968c71d3",910484119
"b80d0456fba49a40fd774e5d",870631704
"b80f3a46440daae51308d459",778077248
"b815204eed4398e600b366ad",920631516
"b81679b32ea288e9665dee49",1176585288
"b81801f02a73feb1db7f5e83",842243382
"b81c26f2ea6b66c8315d1146",1037730018
"b828609eff041a68fa243a12",724985149
"b82e52830b51e823ac7187fe",477896450
"b82f8abc8001cd6731c4ef45",651788182
"b839e76df5d73e7d53691707",943448527
"b83a5c303a2b079585b9b94f",587023746
"b83b0a53ead29faf9dffc0fe",1037161788
"b84795015be5077f942f5170",505271174
"b849cef46f19e13d3fc9d5c5",1092368405
"b84c837c5a1fd0f1ebc5f8a6",498199945
"b85a7389bab2e651f05369da",465653327
"b85acd44e18ab485d3ac543e",473392047
"b85b37ae83ef95baa03752f9",1035256539
"b85fa4bc59149a7a25447537",400368158
"b8680f925773229571014e61",566369853
"b86c526fed01211fdbb62815",1090167077
"b86cad78da7bf06b5ac39f99",772973055
"b870c8bd8f95426a7e1f9c88",697034865
"b8896656cf6f5dd7c33ae46c",614913057
"b8984fe54819f5fcc43860fd",527230773
"b8a42b02c50438c2ad7598a1",450403388
"b8a5928cf1f7e704e9933bed",577469079
"b8a8ad4c0215077d3e5aa472",1074277894
"b8acc8e72f2c498fede3fefb",785612219
"b8b22c1afac62b05ad389dc5",396553126
"b8b46931b93b7750e0d1ada3",629330372
"b8b9b90d5721a9ed5e72b328",498263386
"b8cca0d70fb46f3a31473e98",842004098
"b8d06f4ce0d6e71ba0fddc26",640498178
"b8d50a94e8166e471fd8282b",754862901
"b8e15d182ac0c74fba332b8b",622283196
"b8e2b98548a234a245d7935c",725794871
"b8e8d84450f5e0bc8a721c94",867395078
"b8ea07763f2e1a3d635eb23c",548995678
"b8eb177e22c63e84738e7788",830308233
"b8ec643c66478da376153333",627378028
"b8f2b9c2e63f0091b6038ea6",1078103947
"b8f7bd85b61951ce83d7f57b",1274718798
"b8ff548543842246ad439703",1176585288
"b925c9218f5132c6c81f3a18",404971156
"b925f9ef733930be26417458",819355184
"b92929668e884453d3a0d633",480656291
"b92c9c464e23f8b987290769",542017974
"b936e36ecacd7cbc3498cee4",553583365
"b9398d6bec5cc44fa39b8bdc",696523034
"b93dc01af5f49e6dcfb7a547",392295130
"b93f2864087d41c3c92d43c3",896878142
"b940561f2d48444e139eaf71",471076862
"b940ba03ea60d4cdc5d2d429",693322650
"b9430e8c145c2a0d7efab2a4",781692525
"b94ea2b8b847a47140d04008",1116314451
"b9551c416341fb167049d4ce",762215846
"b95689add02915dab555d9f7",928799383
"b957548768ef014088a61b5a",452194919
"b95ecad591e5c69fdad8763d",535894080
"b961220d34be930fada80887",814173045
"b9643a26731cf2a9a243ef33",905610014
"b96502e30fecdfae7796f1d6",595893504
"b966fa606a3b50d3ac7249f6",1222920381
"b96b4bf38bdbd61d4dd0bde5",1074513665
"b96b8e1d636f0c10c63e5c6e",804221432
"b96c9e2591a4cdf9c4e0c09d",775435600
"b96d8b77fb5ba71ebce2fb26",542787789
"b972611aaf1b68340de16545",513729678
"b9809baae395914981a9296f",910874209
"b980c778ecb2709696265c10",1303069890
"b9826d7a6132b16df1bf58e1",550657198
"b98967876009fab4290736f1",807177628
"b98a462d9782988cb54ced54",1015861782
"b98ee16e8fd7d1c75a9da13c",1071567585
"b9973b07c84b99dd1018050d",488016139
"b998aeafe2cc93bbd96dd9fd",432793196
"b9a0058c58cabd619e226178",886500989
"b9a0575867a59dc5dcbb9cce",632096783
"b9a573a3f2cedd87c7dc6477",762971460
"b9a80a4d84eb918792324dcd",459986189
"b9ab2dcd8d1855e4bdd540c4",1171699153
"b9b95c89c988f68429822e81",586686956
"b9baaab70cb83475ac3bbab4",685955652
"b9bd63208716e4e0f2dedceb",502258754
"b9c893f3c3ac4dce40d0ea19",695198485
"b9de7d7b9a8ef7c64e5f6bdf",810022912
"b9ea1b9fc0e46ba0724cbc0c",551050204
"b9f9dd0d368df912e6e0ce70",888630744
"b9fecb3e6a507ba17764c303",395903329
"ba0d0663943a118228fd12bf",448443317
"ba12305002d24055c159ed34",405179334
"ba12ab0869d66e03df12b6d2",429300540
"ba137cbd10757ad20e5991c4",716964187
"ba16ae6ca55dc3c0d5480944",771807765
"ba187eee3858263fa664812a",398281999
"ba1b3c8ac8afafef56233c84",670149868
"ba2118c330e19baf4f3ecf94",871058922
"ba212b5f12959e34b4887315",676000433
"ba2423d79744d763aa3744f8",828019847
"ba24834c9fb0e87c4ea7d1a0",830557632
"ba249dc7eae0609f20ccf234",695416433
"ba30cf03fbfb0e36e5d415bf",1334197715
"ba31c38eada33f680d44627a",649061403
"ba32f2964e8b68ff5555fc34",1048941703
"ba35cce2e715bda1684c937b",1016437364
"ba47346e7a53412e78363ac4",694696454
"ba4e89128058d5564987dfc5",465623365
"ba511b37b4bda08d191c68da",460009607
"ba524c4e2f13109ce814ea38",664699334
"ba54b5ebc5d4f554bc56dec3",612770601
"ba601c13d20602c988d57246",791386540
"ba63594585c484bbd20ed3a1",641121919
"ba7120c89c8de0e57e30646d",491928744
"ba72421716765ef6aad9b4cd",1062392861
"ba762cf12cc038e5c43bc6f5",643572790
"ba79c72aa8bbb0517c899b59",1070041779
"ba84fbef80c8a82895ec599d",1027081980
"ba87ed2a657b0b042a05460e",543099066
"ba89ed56d156579ce288dbcc",578449462
"ba8d6800443dcf95bf9c1037",612522885
"ba94572d1e050bb92522f112",450787687
"ba94676bc0385678ce3780a3",629565970
"ba9be0b67571b1e9242664e1",745346428
"baa146a6537e8630180fdd35",887083020
"baabbdaa5e8f69fc90d303c1",1054018630
"baacf0dbd690644d74f3a929",907615574
"baae43ea29f7e419bbecf998",588218070
"bab5690da7c42909464cb9a2",611444113
"bab884e0f99df269805e83a4",978067480
"bab8e472424cd57faab87ff2",566442202
"babe27dc477f5e1b7e438422",656938752
"bac550d41b2cbdc6a110ec7c",460379056
"bad7560aac04600e1ec1a9ce",481635027
"bae512bdd3b04405c519bf4a",617970002
"baeb4e9d612bffb63ae3564a",1245903537
"bafc63f23f097c24d36c76fd",685228668
"bb084299ad23f245d7cc5b69",566737921
"bb19983466b1a1184ee7ea1c",829691715
"bb1ece5366ebb2ef9d52708d",467993806
"bb26b45df6a70b6414958912",507847905
"bb2dedf6198be0f3ce2c4ffb",568737140
"bb31607d0bc3ee4a37fc912d",829579655
"bb33aa4f1a7732fc8ef19039",438850311
"bb38c1c17612ce593e5ae7bd",430053264
"bb433dc1bd769d684d8b3352",895076613
"bb45c98dbab56e5abe20ac0d",970880697
"bb47fda808b52f30364a4d6f",590158936
"bb4c7900162be66534d17541",906997772
"bb5726ac16b4ade709151159",522477945
"bb5a6045d18e19613325dffd",1255852912
"bb63f086543cde77832bd4ed",520212240
"bb67d95fc94532b1fbe80ba6",897973482
"bb6f66493fbafa76d70b0a34",822838257
"bb70d80b0c6ad3022160c8af",395854079
"bb71a24bc5ea4051d84ecacd",1192515187
"bb7c68c2652c7e124d88631c",586028090
"bb7e14611ea6b5e4abb5b89c",680033241
"bb812343bd6cd66e9cf9a9ba",431811229
"bb90c874275456d5fe0de83d",580418819
"bb962a9e3861b06ae1daf833",669762310
"bb9991da696d6e1f13a32d0f",452338221
"bb9fa21902daecf876c0467f",938554816
"bb9fe73a8742dec9b2e79135",1185535843
"bb9ffa04d913d06846d082a7",1081697454
"bbbf74a3abf9cd8718384a65",479901398
"bbc675f7edfa0425c78c15ea",630183834
"bbdd78a7ed332e679c8e526b",407928771
"bbe2c06e6f90c4234a7781ab",822630571
"bbe705b86c6ed4da775b68f0",394790021
"bbf16146922556095f53b5ea",874713396
"bbf80c409ab3a6784028eb6f",415904252
"bbfc9b05caa647bd95b3c88f",637910673
"bbff88040e5b20e874cfad9a",679933210
"bc08ce9f24533cd644ef08b8",619483500
"bc10eea54e4a1767881a2391",653367370
"bc1335d419a1c0f6e6860470",1044214468
"bc168cfefe964762cdf8755b",985173186
"bc1ee1f8ffe1ac88f08e2459",709118715
"bc230105784ca8640e499ca2",750368081
"bc23e25cc246ced4731ce5f5",946085783
"bc23ec33573f28442b36f60b",575550878
"bc28e66374356a4fcf9b62d7",555740667
"bc353a421fc579770e432176",579704306
"bc3c509022e3f6104cba5203",1063160390
"bc41e69def6bc7490800c4a4",397957153
"bc474096496b98177e40f590",723664559
"bc48ec7245297b4cb85dca1c",599339929
"bc4b7bbf5df92f476b6be103",450820259
"bc4b94c892fea57ebae3eeb6",485706031
"bc52abbda9027e10b879ed50",534567130
"bc54f5dc4e9ce267ea592813",718362249
"bc57535516748048e38d4a2d",831617302
"bc67f29c8679adf31353bec6",713655645
"bc6a7d4ceee8bbff9ac5eda8",1037945010
"bc6b57600fa9edfe13fb3118",932863831
"bc6d6249873222ac7f22b73d",838249125
"bc76b078832a3a81b6d637f8",1058378652
"bc7e867cad6f221dc44754b2",801816946
"bc834280fb45fb308d957640",506433045
"bc8bd1feaa8fca4c52e130f6",451757921
"bc91072d808fe7b43e972f42",443120816
"bca5301e6460eb859b7ef34a",587858317
"bcac2a4cacf13a91805557c1",479154762
"bcaded180edb36336c2f5b96",884302233
"bcbd20cfc50e2f032b174b56",424770908
"bcbe8ed608f233d5ed7362c1",1012080725
"bcc584e6a08822158e2a1454",591671006
"bcc704b2e178dd20497e073e",388676547
"bcd302e3b5342ecd8cc056bd",893067095
"bcd31d201096351079cf7ce4",593374348
"bcdcce01d86d648c4502d42f",636023070
"bcdea05b890394a10d24601c",527736151
"bce0a4447db2d54d36661011",612522885
"bce608b4629b6c8512ea2fde",655132706
"bce7369d51094d3a9d3495e6",1105184792
"bcee01a5d6a36f48d99a5e4b",660320988
"bcf12785c25f6e600eee8fc0",637432873
"bcf2c303fc03897585831351",1183791068
"bcf43ae0b4b15ae168abca97",978445497
"bcf775187c0f5ae1cc0e8ca6",648306095
"bd018b302f732baecd085ff0",1014728818
"bd0261ab68cf56950ccdced9",685941941
"bd0329ddd50f2dc4dafebd26",1247578472
"bd04c8b6b5e381cd5f881379",458374772
"bd05a6f6ebf924adf92e5577",852143940
"bd066d5d19d41c06b904d51c",699316378
"bd094081331ab259b1076261",557665507
"bd0f754b0fd9b7af284419b2",1174975977
"bd12c705950c46e679c34bf6",1176585288
"bd1fda425d792fb0de7b4499",625313465
"bd23b1463f0936d2ced5fc67",648571441
"bd264728a0464376e22b6bee",594839779
"bd2759d469829bb8926dbe09",754904420
"bd2f9648ee9ebc1fdbfa53b3",607561780
"bd3edc7854cffd6b6debfb98",659819619
"bd4526ea5b404df442892788",462405795
"bd4d0b8799fa5999c5d2ee3c",1071576931
"bd52dc8dc5398e5ca2952473",390796999
"bd57e5cd29d935cb26006835",742659250
"bd5d2030639ef16370cca032",740253772
"bd612d494e2f21051556ebe7",879188881
"bd6ad9a9ab28aaef9b4955c8",650059433
"bd6b68abb113370c35786557",991551105
"bd6c24498bf413b6c5adf81a",529263713
"bd6f3819a1c0e551598fb9c7",417947337
"bd74d43d99a240ef4190ecfd",587471185
"bd850d1ccfc4b21a72f3ec44",893187197
"bd8b005383020611b8922147",595088180
"bd8c1ff6f9919ec6f1dccda9",650231288
"bd98add659faedc1820f96a0",485764307
"bda2fcbba2b412981e708054",1015820626
"bda3c74ea6f73407a3c0a17e",788683896
"bda5b2e5a87a4905a30f3b8a",739541646
"bda914dbacd42b2b7c6c5179",696445192
"bda9e5d8048acbbe5a9d49ea",493521051
"bdac2f1c4b306a7742f60ab9",756330524
"bdac560af3e155db33d13d57",692775885
"bdbaafd11259af6300321a89",712640266
"bdc17ea3f30318b11df30508",785039488
"bdc8e1a1e06d387f9c7b026b",745452706
"bdd287e9de82903f210878d6",675228347
"bdda694c42c52ba4803d482f",689704861
"bddb9388922dd56737d8847b",838326048
"bddcc7fb72bb973f84b864dd",1194421866
"bde81ef5ff9edabfc7e30d10",796041122
"bdeddd3f84cb0ffdd1fc27bd",721358443
"bdeed3a7395cdb9b175273a6",970937943
"bdfa334bc331e3e547f7568f",1120637339
"be094e5db0f784e3aa013aae",392458854
"be0a8f4be774eeaa42fe460d",735626148
"be0e466ca7d6942282c8626d",778964989
"be164f9025f346390b986668",440640122
"be1695a7b8d3dc68c9887abc",753959208
"be1c6023731fb633c4f41f96",472592650
"be22ce55ba31cbf7cd285e5b",582436591
"be26f0523e5cb13846539384",748201586
"be28b90a71e2922437f25110",526010682
"be364e85b988ef8627ece74e",403152644
"be3b1df5f008636e14bec3fe",863289179
"be3ee4457a26c6b6ad4237d7",559250942
"be4b96920e3aa5c57baa13b3",434255169
"be4bdb73add69f12f7aa6d06",536146190
"be685d2954b8c7337ec94942",663097918
"be706475abdfd64aabfe45fb",702497578
"be70989d473cd731f6d8e580",716597668
"be78bb0e06d5768ac1908247",448143406
"be8bbf40db0dde8ed4cf338c",407545939
"be8c05b72ee7867fdcb05455",1177813223
"be8fbefb8e06fe169237d4bd",587556446
"be9f5ade682aa1fced79b068",560651037
"beaa09cb49a98e8025fd7e8a",480853492
"beadf1de0732143f0699895d",812267528
"beae197df95b84881128790d",612493210
"beb73d27906bea7a7d880791",960684197
"beb7b99cf12926d8714d1c5d",807940051
"bebcca3e75e747b5a01f5485",743276870
"becc3ae7a71d597bcb16d261",885995412
"bed1fbafde11c156b655e04f",712006239
"bed21c41b31a3bf2095aa273",666005135
"bed932e11a599f7cd4bfa31a",905247408
"bedc5ab20edc896f814c3f06",719871554
"bee2e008ee41f8a711fb8d29",599546131
"bee721e93b8d8e7cb37dc992",683285444
"bee9de3e2817bdd591c02897",588873808
"bef19d0084cfc9f6fa37ddd0",760859047
"bef2008b362c4af1fc3be566",490968796
"bef4759bfc25c7d44a8112af",592397253
"bf00f36c4dbb273d7ba4b7dd",574715450
"bf02fad806fde4e3575e75c7",650017380
"bf0485c2e267d06b9b1d90c6",939218342
"bf0ad098fbccd3548d834ff1",579627873
"bf11c5dfcb321e020601e9ba",1268746555
"bf120b883bfaf7641eda65a9",795779223
"bf17b59bf2ac2d06894bd786",1037973105
"bf17eca5afccd9cd6299b9a4",844704594
"bf1dae54bab00fcd3e8c9ce2",566550573
"bf38bb7a2a7ea663cc8f3d57",503258763
"bf41b26c090dbf0a19252e43",705878463
"bf430621f17dcaf17fb91ac7",636771418
"bf43226ba66a3e2033d32fe0",683492751
"bf4b8b23cd87377169684e98",828795490
"bf5e687721e030639ec81416",699063271
"bf6005f6f71da582a6fab8c7",586002010
"bf6845aac15fde9b89a7208b",649850855
"bf6bd06201e60a4c98c8623d",792548088
"bf6e713a689f574b532edd4c",985660183
"bf7463534babd284da6ca671",339537927
"bf79649b531e876c5f03883b",511373941
"bf95acc88b60a3d531fbd42e",493766305
"bfa4cb65827c4ebb91478e53",891142551
"bfa56d6230b858591743473e",847794537
"bfaf8b7796c8c57bb5997be7",1043601222
"bfb30ae71cdca27f5a5494c6",1137876923
"bfba8fe959dd2e44a4202943",879188881
"bfc41facefe9428865e4c29f",1055953089
"bfc5aa443994e3f3f78c6105",858085807
"bfd2f20a7bfb0d865d7f7193",1322236972
"bfdbb7aef98d4855d459ac94",923645653
"bfde6e7200fc27e6e6f1497e",1075742278
"bfe19954cd4680149c682587",567394291
"bfe7c873b2fbad871327994a",818485394
"bfeab1b12dd82efa96efac31",462962375
"c00083aa30ba7d953361674f",454610568
"c00592c7c0c3a863a1bab9c3",692790220
"c00facb3e4cbb27c47a621db",1308186314
"c0109086d0f49aac6c3f3f18",774962589
"c01199a4b2fbf0f6cbdf2a65",832844212
"c01440b8ff0d80e7bbad715c",622226691
"c0155096575af5fc8db843cf",360034623
"c0174ef555bfdd648acf4346",508526730
"c0224f0cee5a388014db4f55",1235611352
"c0277899d5f185cc78fc4a79",695644918
"c02caec41084656408c2696e",684749066
"c02ce25a3334860d3bad53e8",704781769
"c036fb38fbd2d1b59ed5b7f7",775145737
"c038742e427830aef3ac1c17",427111042
"c041a933261204155415c2d4",1062205260
"c04e72fb6244d9a9b28322b8",813590001
"c059affd0c19f6d4d76f37c2",610830702
"c06088db17767866b7f4ba7d",1177813223
"c061b886b7136a1b00c8ea2d",910933169
"c0620585c12f3d9f1298696f",580459656
"c062d873af3b7cb98ccbeec9",1137851537
"c06a1d212fed896b6ee4e1c5",621856948
"c06c737cc0cef7fafa3fc4c5",611026831
"c06c8b6425e3a7c2d7481e42",557401587
"c06f36b42021a1512cb6e3bb",381370694
"c0706c78d5d98202dc24e46b",956114797
"c07e2ef0bed4be12e41c783e",553180688
"c07e98122103d1546d995f9b",1068279330
"c083a5c64c4d6952accd7bdc",539577629
"c08b016afc6a07105d7703a2",673868843
"c09b8c236316b87a92a620b2",683498713
"c09c39339b5bbd48f349a430",741754578
"c09d691e4c7d7b8c8f6a8370",1040569915
"c0a9e3f5c57cfbb4aa9b2357",925620540
"c0bf06891690188e17ceeb8a",561578677
"c0c01ecbb9189d77098659b8",569797982
"c0c4ecc8d3aefc53c4c06a38",665266738
"c0c4fa199f0ad751930cf78d",688151536
"c0c820463dfec602a6118ed6",1019985471
"c0ccf6d535d1316e37e1024e",868540198
"c0cdcb5f860e3a974c401861",783740883
"c0cf9517f20ae81c79ceb0ed",1033954931
"c0ea6c76eb977d83c163fd7a",437656703
"c0ec1e7ae2c6c3c2f2ae34b8",607059506
"c0ef32a7a294e5891505bf35",355315636
"c0f911fe7ee2113ec59cb5f8",677923798
"c0ff8812c1e8eeab07c698a1",412948947
"c1034173dda31d20c4efbed1",693180018
"c10f25fd39dd36287a6cde73",1308186314
"c1168159d4e2fffdd5662757",598556784
"c119f62348e418d9ada13362",1062178055
"c11cd2e00942ffe56db5ae88",823761380
"c11d82cd360eae99c04009b1",1103727276
"c11fdc02a288af0572a2bca1",907132934
"c12904320223ddd043f39c63",475215035
"c12c81b3eb12bb329466e88a",1066572462
"c12f362b9060344ad044cfb7",1002346514
"c13263f9c8628bdef086106b",784515932
"c1329245f57c5d9019105382",961828723
"c139bf6b72a93a73155e1f5b",455547583
"c13e387f56342f88c993f0a2",760348497
"c1420f278d45b85c56f415fa",897879948
"c14f644116669a160446a945",462962375
"c15cecbbe717e72f09a84271",654995803
"c166a9293fa27e910e1fa9c1",763062121
"c16ab4a11cf67a39fec6f049",587401263
"c16e9d9444f85bdfade710a0",669855920
"c17a3139c360750a6de5950a",466864041
"c18c2ea88f4ac53970b53d2c",559869374
"c1976383069b6b82ab29d092",520130564
"c197faa8bdbd51c075a6d3bc",796780545
"c1ac42dad98d2f23dcbf140d",806121171
"c1ae2af40e1ea9da6380b8ee",811040394
"c1b0ddd3c104ec4482d5025b",555111224
"c1b386f478152f9be1f546ea",573029408
"c1ba606f32ce0337cbccc2b1",817876593
"c1c1dc8df6996a94ef3c7d33",396962932
"c1c8024bb6c3635ff655843b",418210548
"c1ca38f941200a9d666aaedc",556423592
"c1d0c0846ec652774ed5474b",847199511
"c1d9119fa7ae7d44362f18ce",900464772
"c1e0b47866cf4a0120e4b3d6",538060547
"c1e51ab95336a51885b4c672",700780019
"c1eace64bd2c9f6bea289c4b",848796263
"c1fc25faadb151c73ff254ec",720664270
"c2071e85fbffa3d2c2168319",782593086
"c214d2383936dafbe0652c51",858085807
"c2164829374d5e880c1a1f31",743484016
"c218434cb0b05ebcef935e5b",802549491
"c21a3eaa136ef8a912ce7b74",939540485
"c2242a77d30c0abbed667ce4",988982557
"c2282da3ece2dca6e8a3bca5",888910356
"c23150d0aaaf932579561998",874412528
"c23a1372c81ba03e6dabb0df",525385853
"c2424b4861f2ef50f8876c0c",566561143
"c2439ab65fe194d1d60eaa07",949130063
"c245bfa6587eeb55227c8a4d",552097381
"c24be8293c8f4080562ec0fa",499232365
"c2555955d5175b31e5f783ac",753965046
"c2580329ee6d7a03925725aa",741104485
"c25e1e289cac1bbbee489122",888597656
"c25f892c01420855f61c3dd9",615311685
"c269765ece36cd93058efab9",585164524
"c26990b034ee83450a4517b1",806475515
"c26af6fdd00a85a17b823d92",669794241
"c2717194de73e1a1d8dce40f",376119317
"c27b2b735106bd5a77a15616",838249125
"c27d72aa1fc5d37f4cc105eb",814480751
"c287dbff188e95f833ab21f0",680241271
"c28cb417dd28fe4d4d41d114",630399512
"c29b30cc5db2ffc273e4cb14",645055378
"c29c69bc6758d5976024e455",557665507
"c29ec380fc7295a9a770a74b",387752560
"c2a2ddb94f60de25378aecee",727159449
"c2a9b4b389ae6f20140e21eb",938625834
"c2aa451b62293042b7244fff",768903378
"c2b5216a8050ea0fe4008f59",1011680697
"c2b880a6bc90cdef9dac52ca",747888282
"c2b91ce4b1bc8c576a0ce1c8",836222905
"c2b9a3b2747f32d26c8219fe",493794011
"c2bbdb2e5d0191071e6db37b",770647050
"c2ebd39857dbbacb99e6cc96",1010527610
"c2ee475efec76c46efbf1b08",620968997
"c2eeb1cf0549df1359ef4dcb",446203635
"c2fc3f04c3870e14b89d5fbb",755191338
"c2ffdd10fe424afa1b09f31d",509496613
"c310efec13e312442f7e1a01",688644785
"c3140ab2134de662162af508",384979961
"c3191b6b40191009ae9f4b7f",1166322359
"c31c4bd09d8cfba562ed2b41",874496499
"c31d98f67673691ece007a65",526061961
"c32249c7c0819b1a29fd611b",667065649
"c32df77def9978a84f8ba7f1",817935283
"c33613eff66948d1bb8ea3bc",741471986
"c342f6492f90ccf623e8e8cf",528442321
"c344e3be381326a1b6cb5989",898494442
"c34c2aabac06323fa180b24b",561077940
"c34c94e7129f84267a5e4fd7",625092606
"c34d46d83e76f54d53cadcb2",772581167
"c357cc3d2f4b45ca3e1250d2",604851432
"c35f5ef73168d03cba1b1f4f",444337792
"c36cf907ee28017eb1b40674",484324571
"c372834e8e7a4279f861aa4c",470346926
"c3733b88ebafc0a05f5bdc99",614155784
"c37348f8247ade33ac513855",871313171
"c3786f81345d39fd8b353da3",711296131
"c378ef33f40f8be9263e517b",668148133
"c37b357d57918c3a651a5760",788032328
"c37c7859956931d77cd5c9a8",712218774
"c38677ed0876b7996f596336",444255637
"c386d1ac4fa8dcec4cbf9788",722117858
"c38ce4f3763795c61efee6f3",534495138
"c3a78d9bb10165d9be188394",691012333
"c3ae3f44bbae215f7f2fad9b",448336514
"c3b357d17afd631df02dc39a",970913430
"c3b8b774037044a2524913a6",677540332
"c3b8bbc492a7d7bdd63da22f",973753472
"c3bbe8c09f5e58281dddd412",685588628
"c3bd0b8277a37832f56be54b",426325333
"c3ca43d0474dea2f2dfb9791",436037060
"c3cdfd0733404ec885eb3edd",689838202
"c3daf2abea55af99c9579319",782392380
"c3dc5ad23dc8cfce0671adde",1019712285
"c3dd975d0aed59a65a784e47",732442593
"c3df4b9fdaa4dcb13723b5f1",872348178
"c3e1e0d2618556de7df13403",553820774
"c3e648317c360c76b94bf541",479451376
"c3f889c41c1effea85bcc706",491780589
"c402811ade75f5e3dee73ac3",741756388
"c4074029fba935dafd82eba8",423718300
"c412ab869616d6576cbb8309",554569996
"c41964afa164d8b75f8dbe92",793603662
"c41dfc0b917edb6e6ef7b1c8",570536099
"c42c59e8a08e8657ab4201f1",455875399
"c42c99f5da3248e7bcc73fa7",937586391
"c42ce8f9f62f7a315e028e3b",597838779
"c431fd6dbad57351a497fae8",580752468
"c43530f324a3ac90f53a8849",830424860
"c4476befe0002dcd0c315993",587145966
"c451b61851c8ae1e6222109e",1033789569
"c455b8a15dbfff94c2909f37",629043855
"c45d7f326a2f279760d1a4ae",875867247
"c45d86d17d1d0519b455b7d4",912446103
"c462f0736fdefd319cee232e",746666305
"c46b122728ef4c9ae8be444f",765774084
"c4749eb8f59cca469236df01",431374655
"c491a13a87fa1ef595b35826",774903696
"c4955010d066e013812a85ea",1174844368
"c49644baf8dc51d3f76d7e7c",684676074
"c4a3d64de5e401a86395a919",529808410
"c4aef1d92cf264c548ef1f2f",467502317
"c4b2a42a8908cc35e649fb16",646284006
"c4b97a459e2c6d13710fa273",397806077
"c4cef41167a5e8354a61feb4",805812468
"c4cf9ab3776289a412684892",895244304
"c4d7a906b747428aabd368cf",746939320
"c4e8559ee733a551649a5dcf",814720519
"c4eccc400db2dc9627c9879f",691824537
"c509f2036a11b7132c633d2a",733162132
"c50d5b4e75f165eeeb2eba97",651043931
"c514c9a35632e5a9c0476a31",704617046
"c51d1eff1b6d29b4164df520",1015861782
"c520b7e8de3796450ce49a30",370094882
"c523380518164e1e317cf1b8",824217568
"c5346c37454ac2b13b92240e",1073530152
"c535169307e21e5df7ec88e6",560865567
"c537ea2620b8c3a3f013c0b9",1074352802
"c53c58dd7b26902f67c3becd",622579827
"c53f3bdfe8159bae98ab005d",1069798416
"c5498cdddd7856e99d21f52b",486039062
"c54a573c9aef013dfa2abeff",932617890
"c54c645c340f59dd5f47bea4",447725427
"c552cfa8e6b8c8be2c963ae8",450967608
"c5602c608080e2546dea5463",399271819
"c56163e390d9e5a7a76e77be",750107380
"c5641447732d3d1269965ffb",1136133679
"c5788cd5507c577b7b585ffa",339537927
"c578eb2dffe903475aecbffa",468952635
"c57c3c7edd591e16c0b7c1f6",605135514
"c57d333e383039db0fcd2620",924608780
"c57e1c323ddeaa7475e5189e",673523512
"c58947cd4f238cfdc0007bf7",1284241352
"c58b56f1202d1cdffdda3021",667758172
"c59c2a19b93ca666b7c389d4",853702926
"c59e06a2ed37fd750cf39976",992776067
"c5a5676bdb1698f8c38cdcd5",454976257
"c5a64fe5ed5901734d98a22b",516614206
"c5a8695b7aeba06e46266959",686727238
"c5b333e454ed6e93ad32d96d",894135530
"c5b40b510bf7f121c93a2332",933669455
"c5b47ac5c4b7476d50bd56ec",721703287
"c5c024d11b3ebb2cd088bf6a",835121166
"c5c3f06bbf812593d1b95a40",1171930394
"c5c7631ddb5b485d0e992f7b",637836129
"c5dc941305b5fb59e66479ba",561371901
"c5f7f0323f554a7419f78359",825758248
"c606665f3a3f70ef61fa5cf0",1146482560
"c6084b85c8d95e0ededc25d1",795790752
"c60c2efec3c12959d86fe3c8",592356201
"c61076b24927a46ef506322c",803000281
"c6115d5e908e04e67915a581",682360377
"c617d1f15d294f0b0aea8ed8",831692516
"c62494a9d7aede44f2f84023",1049645002
"c627c6287efaeb6fd9049312",515285961
"c62886167530efe1f84086ba",557351696
"c62a4288a4a0336b1436132e",592531635
"c631f8920a2fd1160f6b15cc",739541646
"c641febd8bc2ece3e4d2d8b6",537117037
"c64346c8b0ba32a55292e66a",1123251819
"c658639b590415bc6ea44119",561238503
"c666974c4303d43b87714c62",693861097
"c670315562766401f92913d0",420624714
"c6706db3eb4f0bbb0510578a",1041139843
"c673d94552bc3e451672939f",911575820
"c681519ec1ee1a28f6a3607b",958855573
"c697ec00214cad882d5e9812",501016289
"c69e08214cb1fbc09ced0971",426164824
"c6a089a9bb326c22e3f3aaa7",814599753
"c6b157e7a6ca08d04ec4de4f",439855130
"c6b7e739125907c86a8997d3",1056622669
"c6bb4ca5a0c839d38dd8ce19",873552416
"c6c7409bbf52c86461aa1dd7",695876925
"c6c978051fdc655d21a370ab",595318537
"c6cb6ccd3f5876c9b9e29685",578844101
"c6d075772255b1efa52317ac",760147069
"c6d679cc07ce4373197748a8",1264349179
"c6da2874d2dfbb2ebab542bf",880999833
"c6dc8c201ce38ff2ea49cd68",1250283225
"c6e34cb4e79a729a5df4183a",862286535
"c6e9772058edb2268434d7cf",849744876
"c6ecbe7b57db2db74b0d788f",891602358
"c6faa40acaccc1603c29df96",537796331
"c6faa5d2ac8e74c26fdaad4a",802328718
"c70439fc435337f1e8fd2f5e",1177094862
"c70f6bd5ca138bacfdf8b5cf",1224895056
"c71123c31d02408cdaa74daa",608095709
"c714b30713eb7877ed3cd92a",396731450
"c716d4dfb5a3c2e1120bd84f",763134252
"c71fbecd8f7310c201adbf40",603041073
"c7205874bee601a7b01a0cd3",969570064
"c7214222fefdd8d2ad7f8f8f",881148835
"c72cf05b93b9c290c063b08b",794663222
"c73a1177d787a5ed72b8a9a7",506334078
"c73c38b652e9418f06f89b67",412437770
"c73ee8d419b96c6e7c53f95d",612801316
"c73ffac843c155f24985e6f6",763797033
"c74020c85c9fcb2a2cb3ac74",699704132
"c740655aea4eab7066446c42",571130293
"c757b3960436c23dfaed4f2d",1034257506
"c75b265c0eb946ce77e32ce7",838300405
"c75d43b8089321e359e14264",676358338
"c76207e622cf8a208910707a",422846766
"c7694e92a97bb66794e62fbc",531637209
"c76c4695ed005277a59451f4",614687763
"c76f482d2a8f8db5eb79ae89",1270855675
"c7746198cb5871bd687c2538",774958739
"c77509a6eb6665bb8eb07d95",884661845
"c775d4f60fea55d5511da4d4",845704716
"c77a63e92b9f727034913d8f",625120073
"c77d7a08d5b9abd4d3082fb5",556342545
"c7876dc81e250503076f43f2",616061445
"c78b16f05ef58855da0d4f2f",493985951
"c798ea36d2e4a8119723eae7",1028582232
"c7aad87d39537083a5620757",679206258
"c7ac975025713f368bdb0af8",970937943
"c7b6e7a287602275f7854ef0",1061433442
"c7be09a810b9e54d2dfba4b2",620421609
"c7c3da1f12d872a3726736f5",468926825
"c7c5ee499c712082931032a4",1208221980
"c7c835349181bd3f0d964eca",1252300365
"c7c99ae9259b34bf9b8ba799",450721690
"c7d5f021595b58c507f47d3b",1028209201
"c7e45098251c687efe670815",580876235
"c7f422224808e043753683f8",1169745252
"c80ef212c870e2f20ed2234a",735271550
"c80f897787541816ad63bc17",773646564
"c81133d5a58d7e8eebb10c8c",1032028139
"c823e3fcfbf0c43bf2d82586",1036902262
"c82434222f4129168fa82e5b",661692256
"c8244d916b0110b1acbd38ac",812137627
"c82929467d22589ec62c0475",596808490
"c832701653f1e7f01913660f",939800880
"c8346a875be8391145a2f9aa",390521849
"c843044c1fb30819300448d9",393132544
"c844a386941b86a3d4c0312a",667987290
"c846d5698bb295697186555d",735799009
"c84e1db639ee43ad83f930c3",539305749
"c84f96cf4570158c3832c3f3",916532507
"c858f0f3f5594e7bb0f3b6a4",1015906803
"c859144477dcaacbc1654a8c",604832284
"c85d56080167254c7bc19303",627177430
"c85e9bd6e20ee2a883d0a7d9",401455332
"c86e643b7f7b57b4482020ef",593913938
"c876ed979c9127674000b740",697155014
"c87ae84ef029febca1e633e8",624289419
"c87d9677bed80b0fe06308b7",429027793
"c89167e42af0d42c88e8573a",891811680
"c8941b8d7626f7b33628158f",1220791685
"c8958d280d0cf2d8a0b481f3",768073559
"c89ac55660cee4608bff27d5",531589216
"c8a3dc3654c53cf66953de0e",623662793
"c8a40314be3014c2a218f5bd",718572322
"c8bccdccc9186136a332e995",1082468594
"c8c8d083c9b9600059a8b8d1",578476586
"c8d179013c5bb6379693ef03",590949543
"c8d39eef5a5422e0da4172cd",773056113
"c8d4ffb290aa9cea002e8d67",449165182
"c8d5a0e9614dcf96a500206f",471677941
"c8e00b4dcfa2d05d6a7fde26",914866788
"c8ef57ddfb35061d1876f94e",587157537
"c8fd8b729f4ac6270aff9c9d",733890508
"c900d19cade1443983274ac4",1108122107
"c90486bba327ede32dec60a6",611605947
"c908280d0461c3585af94d53",1017979071
"c918e02b3e6d80125a2db1cc",429006810
"c91945dcab0bf200c3ef321e",608900074
"c926ee21c2bd9da7da193514",406153972
"c926feb307c493aea729001d",428277818
"c92bdf97d7f0a9a12c024406",414499001
"c933750eeb53302db0245782",483409156
"c94056bc09a4bea0e853cc41",574074892
"c94dc49efe0a350bb522a56a",745276438
"c954618c48b70cb00efb49fe",630869423
"c9620e3e2dce92bf95c57c6d",683585531
"c963faee3ac527dfab08f61c",569374369
"c965b03014d21473b27072f8",797809268
"c97715bec6032974060480d6",1065868538
"c97adfa6f5ad3e3db6b80edd",1055771214
"c97e4d7e08db3171290e939c",705533552
"c97e70a767a3661c4869bf86",733357844
"c98157c582392cb895071f28",936081628
"c9851396352bfeb05fbd7580",1286220939
"c9859204696f3440cdb541c3",909156962
"c98807fc596bb2f505b4da9b",1071874454
"c9a215f284e095850c809425",818797547
"c9b0673becdedeede0209697",410304756
"c9b6d3bce20b7f528fff8123",519488832
"c9c3973bb37b5c688a7c0157",779660768
"c9c51c39725d7df94822fb20",560598809
"c9c769e7ccc99016f61269d0",591401436
"c9cfeb97323bd6a0564e1903",658543261
"c9d096d4353b8eb843e793d1",706879998
"c9d254244e315974cdf5d921",994324429
"c9d285946ffc4c4b3ee95da8",1140308831
"c9d5c08973c493f3acdef892",493399024
"c9d996f458794961d9957c1d",669794241
"c9e20cadac540faa59d9aa3f",420014079
"c9e92b994e48df83dcf9976b",1100667445
"c9ee7f0666429c0c15c37499",375748173
"c9f92088dbdc0d81412968dd",886758718
"c9fdc3f80534b32f1a75f530",826676595
"ca02c904cf5eb96ad20705ca",575290055
"ca0b59b35225b44447967ef8",412437770
"ca13bacbf6dc8d1b09fe4c67",801623065
"ca1b1c17572f776fc1059691",585509717
"ca2f81b8fb6fda20aefb0ccb",875231352
"ca3b5cd3505049f1471c47e8",662034898
"ca438e13d8aa6285858da0aa",1002579978
"ca463fbe3e5cacc152aa70a6",433724594
"ca4f4a66d83f2043a7dca261",355315636
"ca50f7143937a99accef865f",1193750369
"ca516516b33dc09d712b3154",770854296
"ca54914a1cf1028b9c8b681f",600046922
"ca5949c4bcf0b63e5d1be784",431909999
"ca5eecb01282d4a84017bd50",798291685
"ca643c04044fabc6fc566d12",1032561234
"ca77a424800783bb9c5c0450",779566290
"ca7b9296080c9fc9fb232782",1074339927
"ca7d715827b39c417e5b75ad",714319165
"ca86f53a857c23b15eef428a",815307198
"ca87bd8401c0c7bbc4b3f286",823295178
"ca8c85e8100f64416146368e",1002688615
"ca8dacc29a57d39640e3e59c",982554486
"ca9520c7b8432b0521b2e8dc",482711076
"ca9b2ef10b512905af6be620",835756551
"caa4aecacff2beded2e76beb",539374777
"cab0a460167bb64c037cf25d",454174442
"cabc4fd04b60a66bdbe2cf9a",1177813223
"cabf47337c2cd619f12fe69f",700311418
"cac3eb4606346268cea48e32",1054018630
"cac7e7c3e13af91bdc7107e8",923592184
"cac82fdc4d960947bbc590c8",495255735
"cacb91ac1b835d62422b8a8e",968728618
"cad16b2ea432d926d961109a",538797832
"cad720be1395e2ab5869807c",482471773
"cadbfbea1d03e6538af648e5",459642270
"cadd4a6e1075b57f7b74c63e",766245601
"caddb9dce27a7e8012478da5",612165510
"caec584b5b6998684bbc6a70",647680047
"caf878b42daeee3c7de336e9",899467775
"caf9c761d21329c993a0bdf3",845312270
"cafa94c4a56c23ec73ee9071",1109366554
"cafe7c1ee67458e05c84d5fb",785181157
"cb00154afcad81df60ee58f6",514414292
"cb00e44cea76a92e9c44e793",521978429
"cb01687abe09df6838e1b224",663130025
"cb083fa7ff634f424a351840",579380966
"cb09a84a1d7b929607d01ee5",799615531
"cb1c8ab11838d9f0a1197e25",1199503997
"cb1dcee1f4ede0877be1ad15",789816135
"cb2188cb8e534973ea3411a5",630037207
"cb29bd3ae3d5da88c99d3db5",606970235
"cb332695a296899d1c798426",807771560
"cb383b7a746ed55b21a8b245",674271778
"cb38dc837baf3e0531c6c115",817356774
"cb40d6ea6a1eab77a60c1ba3",623034354
"cb482d76b3b4904c595f2dc1",524409029
"cb604e3a56cc847189462004",763972171
"cb626b981c0997d254388e76",408386868
"cb645955c851790e83e696a7",885072522
"cb64b363295d36b9b0fde3cc",631742752
"cb6d29f005078d4d4efc2d04",798660167
"cb6d4db44c789fcfe8236b40",693793352
"cb70f4993947b640317a07b9",706244803
"cb778195c5d61a7c4185424c",846146502
"cb79e02041eddcfa9225346a",996110291
"cb7ed5960f325114bd3489c3",1159414170
"cb7f62ac4c1afbb4256601f0",662013967
"cb83c138aefeadb184d2c7e0",507563642
"cb8844cf2070d8697bcccf27",441750084
"cb89ad8156c3428ac80a4db3",564280206
"cb8b826e929f4f8a8e3687bd",642616275
"cb8fbae1b4141461127c97da",1096996439
"cb915d1ef92dff803c5cceae",1034464982
"cb93b0d5e9a26628b0462b14",654846129
"cb93bf58a01eb262cb003061",853503086
"cb94eee5ecfc75d0fd5ba6e5",650245190
"cb9d8fe7c18dba6827836403",815342318
"cb9de5719b978a78c71db699",944799887
"cb9e058f82b10cf80990beea",877369242
"cba57e3b393b3e392c7431fb",1036632940
"cba9aead5bad82b31da51e6e",928036693
"cbab68c32d78424452249d9d",1154623625
"cbb10e7618b1385cf922e815",1203530854
"cbc99d6202cd3a31e1c14a16",638334823
"cbcf4d76223673724b0f9811",590632011
"cbd48f3342e63a84173a8dfd",365707604
"cbd78f55af1db4d89b53b496",441406794
"cbe4318f63d73fea6238079b",1014008063
"cbf6faf7b47b43b2a77b3654",849611123
"cbfc3ca911ca23517da8c2d0",1051826491
"cc019e30685c91634d2fd4f4",992201241
"cc03087e0f18d59c521b6ce2",810098998
"cc125d0f70d6d0819d6d90ee",518535638
"cc1a11362066152d21d4cc60",701171004
"cc27435df779f16e6a62b0c2",1149501139
"cc2c78d41e3fe29de0b4ec4c",1088198083
"cc2e8713dd087d3b842d2f11",415697591
"cc385eff95aa00310eb22111",786036970
"cc3ef2f4fd5568aea96c257e",649930672
"cc48e66185c23195cf958612",545201493
"cc51811e23409f4d77995768",583529894
"cc5563550bebb29c83ae3054",1054036742
"cc6fcb8ea6556f676c13a76e",801099571
"cc72295ef156cb2d60d6b10f",1171850849
"cc9743189c3671adbb1be49b",707488126
"cc97f62e2fb9d3e31ef1c00f",693454002
"cca9a08bc4a91f317b851f11",1090953403
"ccc4457f68fcc1a416e3acf3",716185669
"ccc4e48073c3da10a2e2d08a",755536255
"ccc625df8f51248e3dc93214",372200517
"ccc66d77e5f68779b1c016db",543325746
"ccc70d1d8e4411331730bd7d",511086676
"ccd2f6ec8e9841f1068b7c76",666010914
"ccdf0abddccb1a670f31c2f2",844132583
"cceb25e83ecf22252aa92d2e",1068313918
"cd0236af88ded6bc15b49eb2",804947304
"cd05166ab9bf3128c23fb8c7",790992978
"cd07b4553b6d3863a9e444e8",828856327
"cd08976dc2d69110375f8541",576635088
"cd097f6cd92275ec8ace1f20",681012667
"cd10d6e28fd7ce92518ea31a",986052894
"cd14f8aa1613d754221c4735",647942949
"cd17bb739ac79f80d6f651a8",857320329
"cd19dcd4aff76caaa1cffe54",434986141
"cd1fc7362660bce494b5117a",435370993
"cd270a11dd8257648d1f0444",932863831
"cd2913f013727119158b98c0",924075244
"cd2aeb1b2649ef421102def7",808883837
"cd2e4dff930a1c7a1a569992",686801036
"cd365053914fcde97b7ee9a8",776602714
"cd4656aed92f5c0a0b6b7c0c",896878142
"cd5111edd2fe80f56db29531",599733339
"cd53a991573ecb5c53f47986",856386505
"cd55abdb54bd56d54b11fad2",869088198
"cd5658fc146ae4b5d78fb565",646866701
"cd5c6655243a4be0912bc92a",872253284
"cd62ad28163c8df131a8f2fb",750069067
"cd69a049dd8a3822e228ebaf",816258089
"cd6ecb0f77acd93cc1c9038e",1063598922
"cd74b689350ef612ddf1b96a",558360740
"cd77cb445eb0f72df89b9fb7",820643011
"cd791a46ed616911ae7d4fbd",852135980
"cd89201cfe3fa19a4eb14bf1",648301533
"cd968f8973a267790a38f2f2",493638623
"cdacddfdb6ce41a3eb752496",501239099
"cdadb2607807935a0a5597e1",686415399
"cdae3bf05372c13649a2adc8",449370959
"cdb5f8327360c750469cee74",707488126
"cdc0c282ee62c51e3a20459a",822630571
"cdc3e114698984145df842c7",1047105586
"cdcb874d2e62220d12230632",887905247
"cdde8657b5a215915a04126d",1076019627
"cde84d2435eb1d0d4ffe2a43",689899808
"cdeba97450c735185e486eab",909095940
"cdef6e87c007bcd9b4efa9fa",1037569110
"cdf11b53a23fcf9b6032cc8d",883007473
"cdfc387f8246a1bb3110d724",1031224586
"ce011b7462e9be36184a2984",410858462
"ce03d8ae43a426e074ed35f5",1137486581
"ce12b48120daa5704a4c81e2",397120598
"ce14bec246191176c16c4e27",741156051
"ce164af02f76ab3a68b0f980",724023560
"ce18358366157fa869bf3833",495573336
"ce1b06502cb0c5d9846cff9a",457680243
"ce1d63bc4411a615b816a76c",995448794
"ce206b82f2de3793156baadd",732568662
"ce21f368495d385fbd98de73",497221714
"ce25e9fd3bce9b75050aef5d",952827599
"ce2cce355f493a75ab59b242",479532359
"ce30c2c7cda56a69005300d4",429151043
"ce3deac5963eeb96826c14f1",726299120
"ce407c1e25333d7c7eba1b0a",506537956
"ce44699aeddaeb77f23c9b9c",1229561974
"ce47299ee877638c4729f60a",530501270
"ce509ce153f452ff8a997538",959213281
"ce53f3477814fdea2889cd2c",520969088
"ce60e2ce2a420052e67564d2",660496472
"ce6a3868227d78852fad9f62",1105184792
"ce6ddb82d2ece3b8d58fcc63",593340952
"ce6e91b53465250effacca98",1041963291
"ce6fc507df0105c68c29214c",440318179
"ce78e1dbbf0f7aee98e244df",853106058
"ce84187750fa7aadd141b5fb",771454205
"ce86066ad78dea43089d25c1",1028329024
"ce8ce41a36b610be164a25de",761235134
"ce8e1e2e4a79fa55a8547457",1091068143
"ce9474244dc2d40f357146c0",438128411
"ce95aab452311a0cc27e0c7b",612820738
"ce9dbb6d009cbdbe654edcfc",1003892727
"ce9f2f0071be658ae75ca6f9",1031525740
"ceab390b6906d5cbe65fc402",651480885
"ceaf16e097500022498950ff",450787687
"ceba7d0f56f6cb03538962fb",622043131
"cec8daf847f52cb2845a9f58",1223467528
"cece8267e60c2461d6c409a2",1056813514
"ced1f52def08143f0b2b6849",727587886
"ced624c6debaa01c732e9f60",747731930
"cedd20027ebbf47baaa0dbff",710312074
"cee124f4b9031f59c4fbef47",1057739250
"cee1833e8964355b9aabbce2",606578036
"cee66eef685e4764b9553a02",589914140
"cee8fedd5685633435d77a06",998407274
"ceee9fd6e692196b960443d8",523789002
"cef379fa831f936cad745dbc",697690011
"cf0152b0a5e886e8291ef4a8",707281417
"cf07a5af6ee98d735bde14bd",1039597390
"cf0ca58262feb1f8b0dc7b68",771816150
"cf184cc576effe39c0f857b8",581772810
"cf1ba56710023ede80a8381e",1022694647
"cf2e8824527989d3cd29c058",508357197
"cf3665f24927de548639ee4d",675747703
"cf379b41b70374ac4cf82dc4",685892506
"cf4d2297b73dbc357d21e31b",604098690
"cf4ebcab3fe4d12e1a20146a",1034381563
"cf5213877dfb4df98f0dc10f",636272541
"cf60297d9d9bf1268f35ad95",744518529
"cf6092df1f22a7c4b8ff9d50",501628912
"cf68e05962a41395844e9c80",604997432
"cf6f0a3cc030024f4e9ad06d",709674943
"cf707785919dbb92cfc7b5f6",1008856418
"cf76689ebaa20c70d9db4d51",1065868538
"cf76e6077d47a14abaf0cfb3",463613194
"cf7741583fc5315ba70b70f1",951980840
"cf7cbedea50333cd2dfb0e30",761225387
"cf81103f31f74edfe0453de8",803647651
"cf8418c60f4e54dfa09b1e6e",701148374
"cf88be51d6f31c10e5868ff7",380867414
"cf8bbd3528d3e7e2b8f50c29",895176479
"cf8fb8db6f74c236cad0cfcd",1191447048
"cf9eb2cd0f20b13cc8816bbc",376722951
"cfb8d15c6b0c0e6ee4b92109",1000000989
"cfba6db03f0e38d1aa0802a7",685814609
"cfbc690c55e5c2bd8dd9d89d",896545811
"cfc069bd55e152e40b3a1391",952964017
"cfc2ab56604b4e3734d7cbbe",1016437364
"cfc61dd41ee5f5dcb76bacfc",529091997
"cfc8dcf337e020b875ef1572",1199994533
"cfcd97bfad6e013aeb57a2a8",644317920
"cfeb42023e2737491b3e4283",1031560933
"cfeb702df06baadf29f12eda",433741959
"cfed0221146f4d83d641e1aa",662083758
"cff851746578050bdfd46090",1037945010
"d0100c18dba3c334327b29e1",670376599
"d0116b53467b3081664fb268",790664302
"d0119d7bb15452c473ed28ba",617830346
"d012efd4a77c5aa5e8d6e508",773821024
"d013a0e910b1fe2e3913af7a",500419070
"d01f6c0b2b338289e9fe3768",382211538
"d029158b36963961fdcc3974",800340299
"d02c3b5ac6fa0ed6db06e490",1177813223
"d03101c7f823dd7d17e49a83",793282268
"d03558acc19951a882bd568b",524526087
"d038e5695b32bdc6fff1f72d",851892306
"d040e15e50d655f4d19bff54",487536026
"d041129f83f1f13fd7b35e4b",992795995
"d043d368d2584ae95ad3672c",895422516
"d048fdc255a5a7f474d48c0a",1177813223
"d04d42ff91707e3957b4a29c",1301497568
"d04f549fdf8f34bab19a171c",415127191
"d05030b0eb8931161855450b",756972687
"d061615fcc6355d79665f9a6",671445608
"d06ab7503c6deaf9cd405f66",1255425355
"d0751cb5e704e28e03514fb7",752518381
"d0792d22549d1b3f63baf3ad",454458112
"d0804da971548399183ecb85",826924000
"d084dce4ab9c4008ffa3bbc4",1138821290
"d090a9e520ef74848bb060a6",511821069
"d09c1af87ddad4ad11b82626",486039062
"d09dc3a3270073e5f1cb353c",873167074
"d0a5f33f0689445e22db6626",457138792
"d0ac1f63c75987c92038bd30",756388220
"d0ba7b90f6ba3392a165b46a",1189758510
"d0bdb51c8020a37fe8344650",843339494
"d0c411218ffa7c3ebc10783e",944822424
"d0c7294b2184d0b4d0e2fa07",1075604291
"d0d6a1b5c60ad420ebf2ab8f",938469049
"d0d77497c8a7d567f01d3afe",722373511
"d0dc69570223bce949a4c17e",695446441
"d0df2748d371d98d76408d66",665841979
"d0e45d520227ef8a1f53ba28",630897681
"d0ea7bcd8cef8588ca50c778",572535812
"d0f5cebc2059ca89aae30c76",476076495
"d0f6e19e92c03b40a5aae3fa",1271763331
"d0fccd2708fc7def00c72317",1026305047
"d0fe3d393eee5c0cea5bb6e2",645911620
"d10bdbfbd411ae625dc80611",410389428
"d10f89691119d4a4a2c1e650",1216970762
"d1166776fca47427c77fa8e1",973094544
"d117e9672b3ea0435e7a894d",472512006
"d11eadc78d95c96f50b41a10",1073795440
"d12059af22bc7d6ff170430f",1190419541
"d12298e0d398e9d21d2e2eed",497758460
"d128186867f91603af4fa481",801705773
"d1281c9f037ea5c4fa683b84",448516318
"d12c08cf48be75014a149873",1054470073
"d12d6ea066b67c3db9b2dfb5",900434275
"d12dc721a59af021e8ac68e5",425945460
"d12e6de49fcca906c3586994",510798642
"d12eda0ba04f846d73cd7acf",901972415
"d135cfa351ed6abe4ec2033b",572688719
"d13e3d432783206eecb0e192",1212174021
"d14173913bf5ed21e3ab50fb",701525858
"d1481d9d2bc9d1a3811f2faa",953511252
"d14f7f939468e641c43abfe4",512469004
"d1526bc5e5446680841a9cd7",864167461
"d162a90b37622c1dc6550690",398290856
"d1668e2d35a939ed126a3f8e",838892506
"d168181ef0dcb853171cdbb4",1152790653
"d177236e8c725d4405025916",1250194989
"d17ba799e68d7775f2104b3a",656525297
"d186e369ed884150e71906da",1213101376
"d18d990404e7fd07424f5a77",549687935
"d197410ebc0e3b9937464923",487938935
"d19937a773269962c7f9e8a3",1103727276
"d1a6132098a4bd640321c7d3",905401922
"d1be4eae680cb16d0c842606",1100487116
"d1c6037d0750bcfe47d425a5",456400217
"d1dc16c82942902c668a5c9b",764760369
"d1dca15e36fcc5ec14dfd870",565669860
"d1e38d7cbd32567c874e194b",720313175
"d1e6d6900eebd9ace65d6c36",621241416
"d1f39f86c82916524273bada",633775754
"d1f8eacef9bb4d300d086837",1193529942
"d1f92e6b18faf07ab70ca1ae",761913064
"d1fcd31555048d043cf084be",674300366
"d206aafc71e8aec2afc3f8ee",546360120
"d20a5b3eb857e1f4b548066e",721317198
"d22313a06e43b8ab8f6672fa",448948567
"d224080523a2bf2e81698d15",525708345
"d22d5776b6305308c9e774d7",676358338
"d233eb8af3ef7e325f6c8f9f",399284569
"d23d12bd86def2657038a481",1020005927
"d24258de8d2ca10186660a1c",716297293
"d2526a3e39ea01f87c99d073",872253284
"d254d88ea0989a609b71fb72",489242245
"d255f73d4066fe559065266f",438595489
"d2637d64e4022075c8f539e1",1052009349
"d2644b46136fd95c0fc2353d",636196283
"d2655e69f5dbd09ddb9268e7",1013190367
"d2684e676cae87d75dea5ea0",662805475
"d26d35e33a0cf88f735a9322",561884921
"d26efb0e1213e19c378edfbd",743726013
"d27283e3c941f8fc256c3f4f",647711320
"d273a2075d28e343a657d9de",1115036859
"d280fed64d1c23ac9d79ce20",1030637141
"d2aa3386ae240d7387424e07",453897824
"d2ab14487e0ecf640a785277",804722303
"d2c02052de9c97c531a4453f",560501686
"d2c46ef63db73ba3cb7e32a1",776669492
"d2ce77db7cade7f2c6189002",515285961
"d2d2f335839ed35571b19bb1",862952981
"d2d317f2990465269ef58c41",700148843
"d2d46c70dc048c92c8e4f09e",787182818
"d2d8f5356f77507f8839280c",1054470073
"d2da963bf6c2f6fe724be23c",1172755357
"d2de34876a7a6914c2dc479e",1157585165
"d2e6ab3b3106f36f2c3fc119",430859590
"d2e737461b916ba78030c76f",893638918
"d2e7484c81358d4c79f040b7",821544127
"d2eeec3fb1ee4d686758534e",1027992473
"d2f20425e236285124eaebad",612483696
"d2fb81a477ef3690cb11c93f",1317275361
"d300473e3d2ced1177c9fbd3",677749053
"d3054072b2175deec2c1f8dc",438905792
"d309cdb5688ff7bdbb682d17",662884482
"d3169d4a467cb7eac41849ff",659220896
"d3222a7545e302bf10894658",607585792
"d331a4d58875a393080fdc48",428275765
"d337476c2cfa780518523a6b",487030294
"d33994c75d98941acffeeb90",1046468187
"d342a1ae299065045a957767",1220375346
"d348d38769937c8f350297bb",1019694900
"d34c48ffe935cec3358b2247",866922111
"d353be29e7ed2c35b920f7c3",543755846
"d35462df6c686296a3c7bb23",795639416
"d354a2581dcb183c0cd70540",600809939
"d35596846155e74d1a637d7c",687997123
"d3609eabe59175fcb4441ac2",1443521745
"d36dd340e5875df6cba999ad",857463357
"d379dc03d78685ad14c647c0",490648435
"d37a1dda09e30da13ff5bfc3",715523599
"d38353aaffa4af168518c6c5",708519269
"d39797a12d9a4aaf15ac11e6",646658805
"d3aa845e96d22f31a3656aa1",439002778
"d3ace27450b980262ba9bf76",1275259114
"d3aee2a35856634eb710efa9",802549491
"d3bf3146ec856cc26c607d70",976010918
"d3cda82d1fa53a7ca1b46a33",904350190
"d3de7e975a9215d04567e467",514649260
"d3e119e8fa4d96abaa8c43c2",1042049451
"d3e971e2e224a20530ee295c",840650890
"d3ed5316a463d38c1bd321d0",1341522710
"d3f297fadece964afe5f1cc4",947442835
"d3f688e0deaff6648f2925b6",433626186
"d3f7847147c88352bd3b9707",842752206
"d3f9cf66c1c05f55325b894a",1091068143
"d406baf5cc9b4473ae9b8426",425759374
"d40e0c2222c0debe89735e88",668368064
"d414907e75a1c105ad2b74d1",417901523
"d415dc486936995f8b3704e3",530938167
"d417ff438d2a418b1f9e50b6",581890851
"d41d07d1aa700278cb81ff30",612855002
"d41fc79d800458b1691bbb87",754979580
"d433ad6c3cdbd707e6839082",984752383
"d436abc2ee37ba3dd561e940",1068726294
"d43d2bda7b6e4d5177c0d032",774596417
"d43f045d046fbc8f5ecf465e",663902012
"d4436ad417941fde0aed2818",873167074
"d4439c35bcb88e1490916c67",564092321
"d44778d36fc789f8b8c745b4",568304704
"d4492ffc4aaa4ca9c4dd2357",749890800
"d44eebc871d1fa6981c32ccb",733598896
"d450dd622183c7cc43a20d70",519176958
"d463fae95232d30e0f78f93f",575218625
"d4646b7f4dbebf9785963cfc",498762605
"d464858ed94a1a74948f479a",584126786
"d4653d505cede3d24e258d4b",879188881
"d470d84f5d8299c52fa24499",538428135
"d4716e228067a7bb0f30aa30",667942492
"d48866a153ea0fd23a858cd6",508096555
"d48a061a2040d851937413aa",814997930
"d4990842f549d8139fa94c87",648844096
"d49aeae19e13909e75dda2b6",1048769209
"d4a43654382201db5d318dca",683166008
"d4ae25b207949fbf0df3b404",831187172
"d4bee60a74c2e2235f507ec0",759831899
"d4c40178c19d6cb2fcc88e48",673583506
"d4c45f35f214fc226ec85b36",849944503
"d4c6dda51fa949743a46e835",544595003
"d4c7b3372d70b898b167b92a",735626148
"d4ca9506161d3f4bb3ca57fa",388528290
"d4d138bbc80a0b29ed28a4d6",533490762
"d4dd48521efc020762ea141e",499500843
"d4dfddb6564c9f46b26e7aab",462527796
"d4f1fcd4c20dec55e977720a",1313322801
"d4f4d0ed36ac9affd71f302f",718909728
"d4f6cc3cc6e923cd37d0fbb7",518967627
"d4f90a6b73b1e179d3f8eb70",399537367
"d4fac54e137f5d27ce5f457a",708103245
"d504ed869ece1b1d6e724452",365286887
"d505277049a254f960e114ef",828045740
"d50b80d68eb3b928e4bb4317",590058570
"d50f33fe5acdaf5caf1c6ac5",504737079
"d5182c47a954c964445f25d1",785544380
"d519a8de5fdd1a84ca1baac3",742411051
"d51bcf03d649839ca803c357",457301051
"d51d3ef396efd4760c979de4",545130434
"d520e90e7d0c44a6b8852e5b",520147437
"d5239537894ce7f2a9cb5a49",599770478
"d52c3915fd7d2ef8c92a22fe",458941874
"d52cd6eee468311666218625",890242385
"d52f04fb69bed41ffb10fce8",589470296
"d5333f639d11bc3ab073ed72",533359516
"d533a334c2ad9d510865fe54",672293832
"d53b60b0f2c65918153ca2e5",438918066
"d53ddfac67129aebbe054024",721533650
"d54270fd6b09b38a978cd7b9",758686792
"d5436eeef04e1a8e51a38912",413016682
"d5475993f9db58c3e4baf7a3",790858837
"d54a4c353cebf18d452be515",576075062
"d54d787189cc8f014ae58aaa",862042384
"d54e80ee72354c70cb84323a",709909156
"d555b82c192794e87e9d536f",822402947
"d5583fa23ed97a3b9413e910",746070140
"d55cdfba22aae78b6fab5491",509787271
"d56159653f5d2abc5ed5acd7",849273278
"d563312854016e9115d034aa",1131513033
"d56fda10944b088d9cbe1162",473126379
"d573d2caf8c67aa32bbe592b",433259743
"d57535248bb34f65ae678a39",662034898
"d57541684e5c00bd9354cc35",757586842
"d58f191c74d26bc1fb02cfe2",523738133
"d5999beafbdc8acc8a6ad809",640277686
"d5a83c31bec18d1c3eb9af7d",837618629
"d5abd56b5a8ab8c2f61a07f3",825946533
"d5af3041d95f5e89969c9868",408777077
"d5b5bbf927f763a43190fabd",750291699
"d5b950c5510c19ccb926e7c8",1039835280
"d5c79ef12f43e2bc19e22fdc",693537638
"d5c8073e3ceefbfbb547eee3",923735487
"d5c950db90c92be5fe753189",721377474
"d5ccfaaaa739b2bb2b3d46f7",714515834
"d5ddcb0a54416bdadb4bf57b",651959267
"d5e001b2f1dad3962cfff9aa",713705857
"d5e29042106130114cf3694c",409733571
"d5e2bbb69ba3876b93af2d3c",1091217157
"d5f41dd3258aa346367d7725",433897234
"d5f905cebe05262cfc44bb11",735626148
"d600310e19c926cda14ac923",1125705945
"d60cf6dcb7b4b40077536604",1046468187
"d61700c4ecc128290bc42d3f",373449522
"d61ac80c0d4737c3529f4a2e",554540062
"d61ccfd4239026feb484cc93",408827868
"d62663a447beaec69808f85a",392485706
"d626a635ee75c23aee2fb327",1290225261
"d6297cc548b16bff11eea51a",1137876923
"d639498fabe1db1236656593",478969381
"d63ebc63c82fbf66d8b6ffd3",811669358
"d63fe229354bef8b02b4a934",723667649
"d6438814f4ff3853bf6cdb13",838249125
"d644b23e4bce0e6e50ab9356",1233554396
"d6496a3215daad9089fcd5c6",901327770
"d64a2ad3297e2fad8ce66197",449046248
"d654c9bbda61c4c0ee1ae2cc",489605265
"d65946f9c27e417e6bc60057",458826847
"d663ca1a0d29b4cbc5cae9ce",813748340
"d66bd7e4bc7b51d23af57de2",1104094242
"d66cca2c8e08c89af26e7622",872253284
"d670be6c848b1e92abbf415d",443092028
"d69209d7a26bd306bde5a37d",657657134
"d692ba46b098c6658799ea8f",576608211
"d69b019e6d54faa1cb044d39",768462034
"d6a43f209f810455fa41dfd6",566767544
"d6a8f4abcb02142c6dd15b30",546577572
"d6b051fbaa13e3d92a798521",907732147
"d6bf8bfc752bf4580e99794f",928593582
"d6c6e7f923ce2cffba8ff9df",810236710
"d6cfd3ddca2a59f0b6999d77",729155128
"d6d5717a4b7e2edaef162b6a",624251123
"d6d581e852a025b61cffd6cc",848052845
"d6de5d741702387dc3f4481f",1053015386
"d6e333e793f75c2ab34fb127",467372667
"d6f1594affb8db7a865e3452",461066587
"d6f4479f9226e52c93d70eca",590493045
"d6f9abcb58befa3d05373a72",994493395
"d6fc6059bba177ab56d85ec6",832340627
"d6fd079beb9f759fa4c6886f",443471741
"d6fee4f680569a54f4267215",1001425236
"d7047492f4c53a0cdbde60e5",1123251819
"d7080c3742cd9d72e9d0ae48",518161984
"d70948f87875325380885803",1355774295
"d709a76487a49bf257489c0b",486919310
"d70b133f81d6f1c9d93e2ed5",453598258
"d714e15ab5c2d5a2503bffcb",1051692209
"d71cc157c0c43935989009f5",668195742
"d71d0c8357f09fe2f77bedde",640249251
"d723eb2516802250027312b4",705533552
"d737b8b7b39e99f7d877b7ed",673109203
"d743892816160218a63dcd35",856556720
"d74d0241fe5222f5c5b67222",715964965
"d74da3bb780515b1273d741c",768462034
"d753227b5c685e93b378baea",600854579
"d75b7730e8c291ed41d7caf1",602952370
"d762007a4ea5de370738e875",681867005
"d76d5b14d0acc5295b8057e2",893135750
"d76fadda8063e44483aa024e",1040631636
"d78d84e4e42f145e02e423c9",603757476
"d78f7a1592c0779093150ddc",870397454
"d792d1eec60822752c8d52f1",724853170
"d793efed9a723e77ca8272f8",845826615
"d7997b9126bef50985bab347",446098096
"d79d71be963d418a4c9dec68",1123251819
"d79e2addf7c11180be222103",1176122184
"d7ad46cde8eca723de6510d7",874329073
"d7ad6527cae719481f849927",1015502963
"d7b82133acf54bd3eac338c1",1183436246
"d7b9566ffb28c753bea96f0e",914905843
"d7c48db0385bdbf7ecb7088f",1235558018
"d7c70d831e88d552da09ff29",1170517499
"d7cc3d199e538258fcc83f75",474700581
"d7ced905983af0800c19b7fe",874329073
"d7d30819fc6ad6e7e41453c1",906719567
"d7d3cd587d291f389ba2e8d1",734534929
"d7d6f668e3e40d957163276f",685455010
"d7d924ec35768a3e6bd39b20",591917658
"d7e3cdd3ac239a5c318f2e9b",1077679027
"d7e97cc158c6c54b02fe635c",666600801
"d7ee2851bb69088f851970e9",685873872
"d7f22a4e6daa572583e02640",376944367
"d7fb188814d4c118ccd83989",444295069
"d80c5f0b8ba55e7cf105d282",711261202
"d8171d498291341094daaa39",1265525980
"d81a040e22d541a74122f3c3",405179334
"d81b170177769c0121b8935a",866632666
"d8216aa4e029c0d3d646efbc",722625811
"d82f743ff414299f8c222db9",994775099
"d839ca90c5df85e5cab54ea1",663097108
"d841d6a82425710e36460f64",653045323
"d84248b3ce8ff6f5fa480a83",599554527
"d846dbe691d0ee3ac5c3bec6",935067986
"d84d7edc4a4896c4a8722328",584705503
"d85fafb4d5ec056e6db9a79b",548650052
"d8607e3261ef1546eb0c30f0",1036385018
"d8654c08e95b39e3b4891cd9",829957350
"d8735967c942d1a7b0cff7c6",829691715
"d87896f889ddfe1ba210d74d",425276900
"d87bbd60fdb8b84a9fe23ba7",494687776
"d87c489d3572187e3280965b",1233827088
"d87cbdc4896e0e0160999520",431335227
"d88544e4e85add30aa795ce6",431435473
"d885902c923752eab7b619e5",405061308
"d88bba495701ae7a44eecc64",1170198443
"d89dff35fa1944191aa9ed98",685388104
"d89f812c7edfeb3121bf639a",622970848
"d8a7c0b01bb545c414e12a23",1215939090
"d8add8f5e0aa562a63c894d7",579076904
"d8b3a1d0cffc913ebd05b931",992051591
"d8b83253855448caa81f7780",533359516
"d8ba9eb448ce35ed404e68e3",906437273
"d8bb6151d30573c7595ee7c0",615311685
"d8c1f7303b205fbaba2890b9",493670087
"d8dc9de06461e0220bc55906",612770601
"d8dd26eb78ff22272358e302",842181379
"d8e51f7b40bf1887ac007163",676874657
"d8e981acf77bb46a9dbd3109",801492158
"d8ed50fbd5ed46d36b3d2dba",508066151
"d8f4955ed4fc363d6d9ea897",885779842
"d8fde541f142e6a7f0b28099",645820150
"d9000c1afed253d05de7819b",393338306
"d9028df78f9b14a720dbaa8c",909182389
"d908973d90db91f772890c9e",441193993
"d90c961aa01e51d63e50a2de",907603215
"d91017d9c530e058ace2e017",696097373
"d9110b2b5b1c02766da9e24e",796023230
"d912e45dda1a3a628fdf50d6",670918992
"d916219daa90cd2d99edc609",734216387
"d919dc64995903c9120eb61a",810802152
"d92232d77f7a124e7ff13ee9",768462034
"d925c1d4dcb68990c7204b33",690994147
"d9357452fcd193b6c5284bc8",929884104
"d937ac866f671e4a0c090879",685265124
"d938d682332fa9e5c4986024",804722303
"d9398ef84ae71419cb7cc82c",785181157
"d93ba0c32244c455e0f7baf4",651182703
"d93f6d8fe212ee3c0f7cca95",700382489
"d94d18cbc812d560c1e38ffb",1111803175
"d955edf16ddb9d3f59501a9f",997616549
"d95f38f5d1293c74ac52e823",1091068143
"d96155b72c02bfa04f7ea98f",535203097
"d96855b0ec427f041e7a36c3",987043254
"d96e3063ce77ab1235e2ba26",515430146
"d96f6225db81dbf3d1a0e9bd",451363310
"d9706de7190ae64c83e65769",773138445
"d972dc3dfccf2a48a6384e54",736164635
"d974970034de145d469d09c5",487639276
"d97895a836e6ea22ff3265d8",432655565
"d97d462ac4f5d9cbbf04e9ca",951533336
"d988975f8c4e6ee8fd8dc1e1",923976243
"d98ba43504fb49a4f0bd9c05",1063568455
"d994f3919c3c8fe0ebd538ad",1099302466
"d99c00c516cf57b6fd9e877b",621052333
"d9a94194ae1350512beff3e6",695845019
"d9b46a34e48e04b5a3e026cc",525065755
"d9c46d54ba6df0d21ed4ca49",624745970
"d9cb0f637cd4feaaaf8a21c0",701744960
"d9ce31250d4ae25c3b850124",866526570
"d9d8aeafa748f8f1ff2fca22",1094541986
"d9eaec557a7a6674565db1ac",695624171
"d9ebae84cb53d29bbd8a466e",370224198
"d9ec26c1c3e1811e38f070b2",489607633
"d9ed55fb72efda67f5144330",988738064
"d9ee40ccf461ce3e9ebb815c",689793292
"d9f0b4c92bdc9476f50638ed",468926825
"da12ac932dd8a2fabade4bdd",705783657
"da16828139a19aa11bd94ffe",1122902717
"da26059a2cf36e02b8702320",517091772
"da273cee807e254fc9aabb9d",789170795
"da34d6cd832009e428d2b467",418970502
"da35c757f211ecaab20aeb3d",597002502
"da3aafeb2d0105f8e09c051f",573215116
"da40d46cb91d9e59fe12e6ba",613709211
"da474e23f34cb63de4ef28a4",735626148
"da482df3d0fc97f9f8582e22",483059021
"da598f8a82b1ad1b02961cd1",838249125
"da5b958667b31f4f9a1d84a9",593036021
"da5bf7f1c7b2f4ad670e2382",710391761
"da5d47596a755078a2261328",715306003
"da627dae6941b59d1eb98e35",543103613
"da782fc0c8a79e3e250f0f67",408591243
"da7a511a5f470d99ab2bc4a6",702056469
"da83b03a6c9d405f55714b0c",1070624981
"da846b08fe2205d2e2a3dc71",511822875
"da88bf5bc2a7310ff382be4c",1100202871
"da8b5c8a320821ab8ca00a80",853106058
"da8d3092ed0e085a83a7d67a",704488613
"da8f986b6ee6f594780f4a91",814714432
"da94e4a5fdebe3ae7bb1adcc",904675591
"daa0be53e7a1d7ff76f32955",972831277
"daa4d7da8d7df8efc1adc9d1",425147102
"daa52a91f1fee77f75550246",513710879
"daae80933675e767b50bdd17",1077906901
"dab58562904cd13a93d913e1",734534929
"dac29573163315edf99e0e7a",752127259
"dacd62440872b6e94ea56fab",486539991
"dad2bbb0fe138e426000a33e",768234728
"dad46c20f9f7d834e522fdd1",1019878149
"dad7e45e4706ab2564ef9cf1",417923513
"dadce7c7a446a6a177821b73",845984258
"dadd9ddd29102f529caa3bbe",539458934
"dadf0a00434e8ceefb3e26af",893423023
"dae0265a0f2f79d3dc010ac8",1150781833
"dae09210f48e5bbe0d31c728",517610118
"dae55582e86b1f514a4ec3bc",1143439189
"dae776f643e809387148900f",1225046704
"daeb02020f23715e663b4a38",675942388
"daf2efda70c6f3cd9257d0dc",442379991
"daf8d6d3f4ba21513341eb3e",1276855358
"daff79365fd94d1d3a2bbbd3",589931016
"db05818b6de8d77c1c3fd053",493985951
"db122cadb7a9c33f420fe246",455033502
"db1c3ece26da7b342eb7c8a5",736053433
"db1cfd89dad114c11ab2d409",1017979071
"db244703ce223e6acacbe85d",738243118
"db297b6ab332cbbba338e7a0",701820588
"db352cbc2aa3066ea9b34184",844824935
"db3aeb3a96304f3c255e8a22",509208655
"db3b84e5b3a9097392a57319",934432978
"db3dae76fed5fdbed29862fe",628079725
"db3edc43e89840a65749cd94",629904190
"db41266d7b500a6daead96cc",437901310
"db534a5f57e92d29b9e150cf",883801485
"db563e5a1cd9eb1be832bf5f",1267830825
"db575f8a4e10a29fe81b335e",872253284
"db5e320f51680100f1ec06f9",371180844
"db5ea791b33be91840a6d045",977375475
"db6061f876f890071f7ed957",1005083948
"db7535339826028d0fb3355a",479532359
"db78a3ce9c6f6a7f4ecc6853",769865901
"db81ec58863dcc5d12839883",481057510
"db8912c5c5e5e49431b2c85c",702613358
"db924733e88c361cdfab874a",555554889
"db9798a3f9ac287754f3ae01",883324462
"db9f66f68aa772fe29e37edc",512665437
"dba1be42bef913f35a95735b",790573905
"dba6308e2358f30b7ec33f59",879943815
"dba9fa9642ebc97ccd765db6",462756342
"dbaa5d47ff63125584bf7ac0",999606004
"dbab5ea45ae910567c97fbb0",845878698
"dbb30f9d010677de2aee1b71",868969961
"dbb4260c89524c78de7433be",522110165
"dbbe0b6f5eb07a5f9ec873a2",673500668
"dbc123f9502159d660f375ca",1077506866
"dbf200ef5f1e15211e2fc6d3",842959265
"dbffe8f46b3d9da2e57c97fc",787426141
"dc014623ed69c32abce2d0f4",566550573
"dc082fe46a714afd43b9dc19",643035160
"dc0a4632d7378c25be351760",804722303
"dc0ac888f1e87924e3994b4e",545000660
"dc0e9ce44b9932c6e48a9390",691135510
"dc1fa8fcd0ffb8872d434dbf",610197541
"dc20d46be2470d85ad9e7e45",629477111
"dc25c9240c67effcf655b02d",629432192
"dc298d37c5235e15b4cd68a3",771604145
"dc33d5ffcd2aa2b7d56d2ad3",661479548
"dc3b8d97b11cc2af4cfbcc79",920466910
"dc3cbbb2fa00043d02958219",690969976
"dc40c56571cbee9c2b7770f0",677102162
"dc420bf2dd1759b7f281cfa6",1152293616
"dc4331d09a1e36baaa6bde53",598849389
"dc486a3d7e9e2e608ab2a7b0",651182703
"dc51caa89a74da37ae644ff8",535894080
"dc537b5973d2b94acf6f23df",1065438868
"dc544c90e6ee38346a6002bd",750962188
"dc65f0bafddf39c6c4b2c9f2",580849017
"dc69d70e4d2713fcdfd93dd9",641836826
"dc722ea5c4d62773f9fb6bbc",583608537
"dc81900a751b64dedcb4ac39",619484422
"dc8262e1493ed593103acfa6",580313697
"dc8bc7cb687a3a42b7e7d5fb",1280302792
"dc8c76f5b3977f90839918b0",813085527
"dc9119767bf4f21fcccdcc69",837650020
"dc91e3fe1b190fd8cf2584c9",686872899
"dc93d8ca60d60a118f61390b",601637634
"dc99f2871bc05ea7e8a97d72",620735245
"dc9cd30b760a1280e0318512",793575226
"dca2e851b82c512f01611ade",873297783
"dca45f1c1a79ea5ebe639920",1066026748
"dcac44d3f8024c6ea1632432",465662941
"dcafab7adc7b763bb934496b",734973387
"dcc9e2c9c1151bd9f93f44b8",648890915
"dcca1c7f109175760ff531c6",711263069
"dccbc668caff517f649cadbb",971235160
"dcceb6a2073faf9f89f3431d",929315366
"dcd314dabc7d162cfc29c81d",869382735
"dcdb8d97ae65daf55570c88c",706733903
"dce05cf86b42124fc93d41da",1323330880
"dce18d258c352b7edc60c304",648301533
"dce1dd028695bfc5a47aa6a1",431059373
"dcef5b332fd31d0ed8d754f3",557156144
"dcf5b42ecb23800a458562e9",903907560
"dcf606270a4612aafc5f9f29",525173074
"dd007a202a0a3d56ebc4868c",741548025
"dd10dcc52d2549df85f2a8ec",540394187
"dd178fd542fc716e32b4136a",610036485
"dd1d2e305d37d9dde55393b0",935890275
"dd1dacc0c90022e5b40849bf",567115072
"dd206b6ea2d7f6555109ea39",495508445
"dd21457e18f07d7a927c0104",547257817
"dd21c6799a32ce6ef27f5281",740192212
"dd2396a42097b2e8bce52a72",852135980
"dd27922be5b6f730f8b4e058",413367732
"dd34882ac55c57480663f7ec",838249125
"dd3d529f3745159d9e7746b2",892410895
"dd4e23681e00fa1cb9a679a1",523117594
"dd4eb14b56cb00130955d021",1089218685
"dd4fd04b9fd80818bd543f9d",858997990
"dd59ac4f6706a1399360bd14",768462034
"dd59b8122458557041903207",480825556
"dd5a565f854eaef90976c5fc",927582121
"dd5b4eb5d20b8b9c813ba52b",421272886
"dd5c910c2a3d63b8fa92096f",514587524
"dd610d7ece83bb02dcd7a22f",599560564
"dd625806063f76dcf53582d5",1109852717
"dd6d47e2626e2bf24f842f21",829691715
"dd7b4c374bbbcc60bb090fe8",630932913
"dd7ec9d7dfad5364dd303f49",515727437
"dd7ee555ce0b2d58dbd8a9ea",392748622
"dd8aa138623604829d56ac2c",468737865
"dd8c289ec872be3fe3352313",661376586
"dd8eff6162c32ecbc6972509",573795915
"dd926903e87d691a0f15dba3",685369645
"dd9a60c3d502ca3cc98d9b73",916765378
"dd9d63c612aaddbd86676c34",609243469
"dd9f28d722d43112651786e6",575570199
"dda4ee9f3811c29e2b261a5c",520147437
"dda7a886135a1fd8106d04b8",965333844
"ddaa88a11432ca21d3eca774",396466009
"ddaf8a1e5e6922cc3dee5caa",526255551
"ddba305c2a3ad29db24a0658",1009391600
"ddbca69ad74877086c4110e6",982959257
"ddc1c85af165e47502447242",731176297
"ddcc7f7a087aa5f4797a8a5d",509208655
"ddccad3e5a4eaf791ce3a7c9",611056471
"ddcce0b9776593e3ef3ce21b",755600258
"ddce386b0ad3199ca09aac93",799605686
"ddd55d8001b809f304883ce4",387567434
"ddd8906ea4a22b782c7888bd",766042878
"dddaba511b6a18f49b41c1af",989382083
"ddf2583bd65f02abf7ce3280",939116045
"ddf47d32045769c0596826db",1333835436
"ddf5182c482fca7d881fcba4",849440374
"ddf8733adb641e15837bd728",487643011
"ddfa979b1d7cdea1d7dd0a86",493036391
"de060e07dfb0a5494c5550a3",415174039
"de2137c70bacfd5087bc5c68",599976917
"de26819064a290ce78d8fcc1",535580216
"de28370454624724128a0688",681867005
"de28e62bd01870dfceb5d78b",495217241
"de2e3a592cda5b76c9573c5c",947390477
"de2f5db1cd1024a9734871c3",463948263
"de328410e22767c66d919423",782116208
"de32ca7785b71dbcc76a50a1",792814000
"de3b619a7c80549db6ab16af",442641147
"de3d078e5d524d8a7b65841c",703642317
"de416f239b27327e0f78b862",746837626
"de44f54fd6b1b62f30956f5c",650867578
"de53880a3299626eb6c2cdf9",1303069890
"de54862f5b7b8ff345c6b297",448848857
"de585856ff546e00a5a4672e",463782312
"de6010c57fe78d975be38c2b",572165590
"de630da5e1c9e27bfd94efcb",962077718
"de6aef9a5e47a614b75ee576",986497663
"de754bceba2d206a9cb4f116",441778643
"de7f584df6103e8bf95f4a37",495886371
"de8ee990e70c8e5ad167dc89",618149270
"de901d3433ade456e9edcd79",709909156
"de9053a55630670ee8e59c9d",833207086
"de926223fe4296d96466c685",911876658
"de9a32ec454c2696cf75eb0d",585450301
"de9ab30042562789601833f6",422135032
"dea79d1b25bb9c78d331e3e6",705246645
"dea95d98e8bff87b905f9172",1144147504
"deb2c93acfaf6994bb3c0608",669422091
"deb844a2812586991b3022f4",710146969
"debd031585e9527fe00f116d",755475183
"debd60afab03fd1552719270",811623609
"decb25b7fdc0eb259831cc71",688925011
"ded674ba9c7b76cda404bac6",770969745
"ded79c11c30167a9d8accf77",539622887
"deda3ad684384ed67711ae71",531458897
"dedeafb60b4a39950e7a984d",412577821
"dee2e190c4e2539124ac3ee1",837618629
"deeb837c2c6bcbd01930431d",623839886
"def06f49a0b8230ab613db94",667445440
"defd03ae7d0c0a44baf80abd",634015458
"df06b65985649c7107b794a4",485324205
"df07a34d0ee2f78f115c45cb",1286097646
"df10ecb67d79e645f77a90a6",766880818
"df1c66d8dfb9520c6818a32b",696779984
"df1f513009808ebd46ec0847",661653324
"df22426db407f4c660681c7f",674069715
"df298574e35dda90fb568023",393504475
"df35908d6ae2847dfc73cf9f",1006949060
"df37b916acdce817865197ae",812248789
"df3abaff81c430b4ba85d4a3",1019249657
"df3ada98307fc85428022d00",510188603
"df3eca0f59974a812b4ea9b4",1026767927
"df4400c44a166c851ff46eab",723246923
"df4a1968046eed5326119599",1040838399
"df4be33c0931aa86231b7a2e",1129240458
"df58a4244134d3493f3c9f30",887726912
"df81d07cc6e8fb0a01c0f404",748773422
"df82719238ea0e102c282c09",771239533
"df865201353bc7b915b56ac6",637820607
"df8979b26c9971dd7c3500d8",1001483443
"df89e7dea6c313b0cc262249",449562875
"df89fa06e32e90b0b6c2014e",597561560
"df91a3c7f364df5e6831f2de",472548669
"df91a494d5d244f20dab0eb0",406000039
"df93a6e36d9f19e252fa9de3",633406474
"df98fd10dd8ae59956994521",498488125
"dfa744f733abef97d82dbb32",754481643
"dfa7461510c6dbe5e119d106",553180688
"dfa988a524343181a0d3ead5",1094541986
"dfaba547699e319462abfd6d",624933640
"dfbb0ed74ed85bd186f40ccc",420973350
"dfc4f3facf91bbd93ee0fa4d",496590807
"dfc817b569fd71d2dd47e980",1283287588
"dfd84193c81ca8430fd27ad0",738607837
"dfe09a5f848e8e819c361ac9",492357776
"dfe8e2542755d41d920e28b8",406494404
"dffa1057472b06bfc0fa7a66",1204998724
"dfff73eccd591bb26453eec5",713939907
"e00e5934d1941490834c3145",850258211
"e0137390f0186c98f4e91263",1037254549
"e017c3311e2fdeb50a686547",1123251819
"e01c1b69abb6a4c1c69c77d7",807509489
"e01c49250329331a442615d6",521335005
"e029511780468f4cfbd10d3e",685814609
"e029c89d59f2caf4af4bd908",729927104
"e02fa06a8de8a603e417d5ad",447049953
"e03610db09ed7315cfcd64c9",557156144
"e0432ecc0c1fb2b00b5435af",479253542
"e04473aa943812de1d662058",821255502
"e04fab3d74d14be3b8dd2c8c",497280629
"e05598d3c49f409b937ff2a1",535370034
"e056ada7a37336bbe878f38b",774903696
"e0587d29cb717f725e991ef3",753224888
"e05c52c9c8fcb792ace06b61",549213870
"e064b4dd7b4e64a3e0016f0b",848052845
"e066ee04cd3a597dac8ced59",453883617
"e07035cb49625760c7da85d1",419405498
"e07bc486c6f5541e4788f83b",890242385
"e07ca567b0678126a1aec803",702402245
"e07d8e9e38e309958288a516",871510037
"e07eb36210e90ef0419fa0d0",921290723
"e083d83369cbc93fb94842a1",845985850
"e08561df5747246d74136dc4",471308148
"e08aabb998103a941d24d0a9",473266158
"e08e1f260e5c3231c49e5a96",500436084
"e08ed8c82d05dc3cad8cd2c1",684182871
"e0ad3e9588636f454e9e484d",818255553
"e0ae474a5307ef4057da4994",365707604
"e0ae53aa3cc9e9ba7ce65f74",599627724
"e0ae8d2a51c771aef5f245e9",453320835
"e0b041a39e732783f98bde56",970119875
"e0b13f6dc213d05133252d15",1212174021
"e0d6155cb3cdac98f81d44e8",626890972
"e0d7e4dffa0f3dbc40c7da53",624018239
"e0d837e6d5d74fe91d39d23c",725400385
"e0dd5e6879d824a95c3c1773",644720352
"e0df3391aeb8d3f4b00f418b",641016257
"e0e6852c6d6393d6d3719131",1148134114
"e0eae2174807cc7ada38c726",625111427
"e0f47a028df2dbe9129cde7d",1053599802
"e102f1d841d7cdb596d50624",389129123
"e104567c1cc70000692f502c",639866211
"e109ccb29c02c9b35b789c90",819355184
"e110abe74ba0ad062c9b575f",734398900
"e111bda6d24089dac82907ad",408459171
"e1132006785632e4ec5deb02",711046530
"e113c48e4e1b53adaca275f2",758103731
"e114160e3ffe6a703eb42440",580037544
"e118b149654cca1c0b3a58a2",1159283969
"e11f9a5cf9d6ab0ffddd6096",850717458
"e120c33346ead011ab7789ce",691830632
"e137b5003b8c8f18892ee9d3",578864160
"e13947242fe19bc3925919f8",507022101
"e13a1c06ccbf814945dbc768",742362573
"e13ef02a57d35f71a4fe6121",540216760
"e14328c988a27176e9fc63af",839067077
"e148c2b109eecef0175b3c5d",549986308
"e1490f0730f8fdc36993027c",666793078
"e14b31f8a454e47c383cae94",635494978
"e1558509b120809eface5b87",816258089
"e16685dae2bd3b0a4803ec9a",948426144
"e1717a317481b0765a7a6a0d",680400557
"e18337bbdfb106a3f1739960",709007561
"e186499af986f1959f729b9b",665225016
"e18fecb7e40bbcaf26c863cb",838324022
"e192181121fe58a8bf94aecf",634000169
"e1967b56ab8ecd035bf39534",775840949
"e196b7cdeab1468d5d4e07c5",1443521745
"e1a4437b17f7bec650d8cd97",604545920
"e1aa6c46135f4d1aa1b7a1f4",628693421
"e1b64df8e809ba220c9722aa",750212748
"e1b753c283bb9c6d4e438bec",883939407
"e1b9ae3e0ce3da16f18e1079",930552517
"e1c33552eeab60683f2f89d5",910122040
"e1c7a101e5d518583f9a2a7b",1005276859
"e1cecc8f17883ba6e2723826",604098690
"e1d875468eea7b2eecbb49c7",769303042
"e1d8eacecd35515eb19f9135",1264138594
"e1e188d3f9940f9dad98488c",863589372
"e1e5b0bd721a67318a3848ed",415966177
"e1e69b5a90431b8a44265487",632933555
"e1e78f3432ea2dff6b69c6c0",474277790
"e1eb183eb261b6de96e20a56",1113247155
"e1eea7716ca6490b7640717a",650867578
"e1f5f0e96e5865370423c142",810388086
"e1fb88779e55aef2b66f2c10",631495753
"e1fdbdecc84b991f582a2e00",535797792
"e1ffd027cce28c44c0d2f80c",715306003
"e2094d28cacad3e2a711c5ca",456350175
"e216fba4bffe753a527ecd4c",692941077
"e21f2a8d9c641e45d442686a",1005203046
"e224f9ffc7bd70369a5e8b68",1375358512
"e22b8126863c9ca8fb04df9f",856386505
"e22bad460ec1bc991f14bfbc",814229232
"e22ca3f1c8073e246079d57f",579259712
"e23017438478050a655f6d67",751366528
"e239ff5eaaebb287beaf76fa",1026297789
"e23ae41983b9f112f05bb703",750487357
"e23d93ade25e73614d7bcd77",1272422565
"e2544529df4efb7e90afcd21",453656710
"e26dcf5836f5bb53553cc413",707667858
"e26eafffe4ca3c22b7f4a272",743574401
"e28474959994ea9c0c2eeac6",912082796
"e286b12e5aa7929334322842",657239605
"e28d8dac5c1c75d295a9eb3f",407545939
"e299f614cd8ae525fc8fd0e6",1062574695
"e29d9a401a246c00f5eb2413",648073627
"e2b7f984616fff25e3dd6a3f",874329073
"e2b8d1aba0c583984aab25bd",866526570
"e2bbe9221780d01a265e2ef4",736523653
"e2c3acee51cdd03b1f211278",689300185
"e2cdca1756b1635dd1ac2b2c",891678740
"e2d00e4fd93a02ea81895355",711633231
"e2d88f49873bbcc5476f4ff5",513425331
"e2da7c1bb33be76b86b9a07a",551172111
"e2dad5c148ecc797018439b3",828407744
"e2dcb036931bf4b2aa030036",815025426
"e2e2218086e6ef5377c01b68",781842825
"e2e4641b20d81a90033a536a",595282974
"e2e639b53456889ab5350ba0",431775132
"e2e7b03feffb21bad63eca2d",786291449
"e2ecbfaacf11ed16fd71abcd",599287215
"e2f00293305c464b361b6178",470541854
"e2fed68e0b614e65c05200b7",756956445
"e3034ebf243b024cbef83cc9",564511305
"e3077f6e47d130106e7165c9",819733593
"e3197263bf47b3d37f027e11",817935283
"e31a209077a3e47712588730",783690286
"e3202b635974f7a3367c0ff9",1058236993
"e3295e732bcf306a2d338387",622819494
"e3338ac993873aca45755dc8",599554527
"e335b8464a61ea0781f7928d",1139403623
"e336d9d892441c7ad886a98d",612065816
"e34517b1563d829104e230b4",392855776
"e35579e8b9b24dcccf93abba",559567094
"e35d8f589e6b1909f5e4132b",1122360053
"e35f95823a486c52b0f4c2b6",578749119
"e364018f4d994cd15d4af374",1016955350
"e3676f99542f27c9037fca29",869588598
"e369c63f83c44329ddad488d",666963818
"e36d70d72c2758d7fef242df",656328869
"e380184391898aaa2d3dc540",775012519
"e382002b0685aabb01891743",668646302
"e38259adbfd953bf085a69b6",554130392
"e3896296cb80d50d9ad3f903",850350507
"e38b4072ff8b856487864f31",1139005476
"e3903705d5a48c6d9f828ab9",628016088
"e3950ce025371da2b4ad9db6",1031528951
"e3a62f080c25f404ca995e06",796050770
"e3b7dc4e8990f3cd436bf738",627910992
"e3bd8bd5884a55fc1a151687",758431598
"e3cd7b6dc0495d5109086407",812678110
"e3d6fe5d97bf4fe851aee9d3",736383211
"e3dc8b417819e9afe3fc7d0d",543914186
"e3e2e3080cc309d34014e8fd",603206397
"e3e7ffecb903d2daccbf8a53",606918856
"e3e9d1d073b129c697c1e9e9",600387726
"e3ec7a8fba3e1ea07a135dfc",502763992
"e3f39c6e4a41fbdc4bc30e0f",712843206
"e3ff13537ffb7172336ab5c0",1005083948
"e40742774df7d2b614f32de6",383958907
"e4082fa99f92fc7a89092fff",962772165
"e40f616637f6187024b34086",893821366
"e40fe4ac43cabe82c03dda59",476076495
"e42fc32db529e088f15cec8b",1040213024
"e43151473292e4e98f121f63",476170156
"e439c77c0d871996bf06bf88",785181157
"e4434407771070783b97c014",518300174
"e44b023e39910ed29f4dde2d",600487596
"e45293f1e6ceb2fe79f6e0d5",600200909
"e4559824c3390efd6282960a",749937905
"e45ba581daff88707ad842a9",564261567
"e471b2ef30c388893119a010",1065266756
"e47aa2541fb576b9915fd625",523738133
"e491adef93281c097ab08dea",489242245
"e4a021b625f4ffbed391c6e7",830577588
"e4a70600296b0bde6c28fb19",808974275
"e4a9626b1107b9397d0067aa",685697074
"e4aa393309860fd5e30f49d9",1322236972
"e4b85269ca413066323f66e0",946687122
"e4d6b81f169cab8ea0244d75",539813095
"e4d89c9d33a0f2659df21185",589289498
"e4e529e778dbc89f854252f1",813109183
"e4ee1a81aa121aa5f55e20f3",1038189385
"e4f26a73bad4e41c375dd897",1111448991
"e4f2ec7e2f4389c1efa52c0f",613820091
"e4f2fecf58a038d7b18f7160",1220246801
"e4f3e425e9f6e393999d7a08",485567740
"e5092b4a94f1c231a0c47680",1044214468
"e5099db945e4f04aa3f0bfeb",875998123
"e5168779de76d99010e37c7c",1050172797
"e51873d6421addab3b539dd4",496435984
"e538d52c9b2dc994491be3db",394099202
"e53bc68f0e97ccead24f3e56",507455641
"e54567ced41a40938b85485b",796312717
"e548ef7a5650696c0e968cf3",883666951
"e54a8b735724b2af56c7a36e",402851112
"e54c7ea1f012656f7fafa49c",555808749
"e5527bb25c85988e00da339d",1214260264
"e55634fce84f78466095e730",653923033
"e567e9e5862b13f0085505d4",467397802
"e570a5157e02d440a78ca008",754370876
"e570c5f58a20fda42bfb535b",592849506
"e57ad52764215c3d54740ac5",669794241
"e58b92216ee6438a921ee0d4",767386109
"e58ba64bfa5280630bfcfa97",614793385
"e59afca092e0ddaf60c9419c",795639416
"e5a40a555d11d4429b9675c3",772186463
"e5b2a446c12222efc187e02e",709313330
"e5b92a0c67c506ca6e92315a",441755611
"e5bc85e227ed7dabfccbd005",425945460
"e5c8f2d536c3f931eff2d70c",761348214
"e5cd7a2aed48057b0dc8d970",527736151
"e5cfd99e2308b7b73581dbdc",415333233
"e5d445e39104d9ee6b244822",854435947
"e5d6be06fd53d317c8e5c7c0",610083129
"e5d9afdaf318dbe749bf9950",511105477
"e5da0e3919341762d5beed25",555842042
"e5dba7fa0cfb81488b0c331e",635766561
"e5de98822287c2caf8b209da",780184670
"e5e06913ec3c851340d7c91a",638383469
"e5ef29d41082025c42f7c921",697504887
"e5fd3cdc6a19653275c7f4a8",589662617
"e60024d6e0b5aa52e27a3b5a",520212240
"e6016afcc032d20fc9d6f2be",847044085
"e60850405ccec092b8fb5d02",663097108
"e611a37562f88ebe07bb28d3",527622853
"e611d41aaf38a58acaa0bf23",795202244
"e6144e15d5cafcfe87c07c9a",503811967
"e61476e47d7e7be706d23fee",606077876
"e61e5d3288f02b904d3b1e38",1054470073
"e6387696767d20cfa4918ca9",686284698
"e6396355c1249c6290906b78",1068987991
"e63d334d9ae8b672dc7b7d5c",1255673884
"e63f468e1d9f86530d47ba4c",380782773
"e640424f3b7d1db403c36ba0",688737411
"e6424086fe1cf2a2931f4847",683287185
"e6477c2014ad081d22f12b9d",579813658
"e6482f3b6184515453d16bf2",771789050
"e65a4eec62e2a5bbfaad5565",745774060
"e663064dd77e3c63ab9222af",1007451770
"e6653cc1c94306d4e56ba216",669307496
"e667133c29f90c8fbf30ede7",498687293
"e66b2c71519ef8756db69b97",565107741
"e6717956eeaadb3e95840256",983474767
"e674ba41f9657ac8f30d4f7c",858164098
"e67fa931031bed13c711ad00",526903356
"e6807209b634455bad257998",533078313
"e685650979374c571dea2ec1",510413018
"e68b18b57fbc5fd6cbb477e1",899383721
"e68ceeb098f60054c19fda0e",860719636
"e68f5a98070efada9b5538ee",493127662
"e6a5007ffb7c1321d4fc21a8",524001487
"e6a547b2c0d126c9b6800515",1023021599
"e6a7e6b41e6c6bbdc16e1e14",769303042
"e6a9d5c9a82ba73e76817a81",641857762
"e6ac4d158437142c15bbd4d9",877691587
"e6bc998ad1d87c5be3559ab1",683287185
"e6bda9370c80a5f7e5cb6b07",767173912
"e6c6625db90e519f9dcf1b23",543274174
"e6d2e862f58445084b2980bb",1170416529
"e6e3bcae6ba114caf108049f",559568110
"e6eb47d050702ed49ef5c49f",1074511706
"e6ed64435c659f236cf213a8",544520266
"e6ef433629e193042bd30f4d",1021191222
"e6eff72b7c5b0fc2677af2ad",576571331
"e6f2c7d7317fd433e26878e4",1204080037
"e6f312a0877af26b69855a3d",1275154044
"e6f3eee9f5048005f24f0943",807429641
"e6f5ae869a5b7a30e8f0fd0d",997691379
"e6f9288cdadc5851d29fabff",1324042540
"e6f948282e81570fd03e4df2",842737963
"e6fd53315e92a55c6b67405f",442429659
"e7081fb59ffa298320321633",866462945
"e71c6f7437c633e2d9da643e",613267377
"e724a1db86d8d0c6334041b6",591198502
"e72ff7414cceec6b162df345",632380066
"e73e5e75cb18f52dd7239361",804722303
"e7439820086f8d1cb13d7c9b",641958005
"e74a31e6edd4459d4e215c5a",609573180
"e74d815ad652f7046ba33295",702816256
"e75699a7693c678786ced75c",587832213
"e75a05dc0018f29517948ea1",382891376
"e75d4ce522cf587cd66adae4",616061445
"e77da26aa7ecdab5505fab60",1041563064
"e781547cf6f8cb4ec0742b5c",828497518
"e7834f52ebad3d3cd00d069b",615750468
"e789e801fb5d4501b5d64e2d",1015820626
"e78a4111d943044a9a32ed80",767016759
"e78ad3483c5aa5a7a4310720",539185223
"e78ef4d2b165a8e8781c258d",575600289
"e790b21630ab963a65c53df0",555091929
"e7a2e8e1c22a52f78ffd1b19",1053155491
"e7a85e64ee07971696f555f2",790664302
"e7ae63f81f8fad37bb9c1b32",734262276
"e7b3ec90b47c9e6009ca8a75",850608125
"e7b717278f7c95cbfceba80b",667282542
"e7b721ed96269bb195906bae",375817415
"e7bb12e99318573a6e6ce1cf",670434857
"e7c08555cb8f5c7d0f32fdda",506264047
"e7c92ef9784a92c8b7fca693",993882489
"e7cb4cf600b9d931eb295c71",493601291
"e7cf67cbc08fa04be9f0a3d4",476169954
"e7d1ee027da436cbaa122f48",1044214468
"e7dc05756684b070b36d681f",821284373
"e7def7d0999433ad6d3ea412",1037569110
"e7ef0d61e27de15f10b0d643",950117382
"e7fbff0a25cde72a38e7c7bb",877798049
"e7fc4e6b1fdb38ffe68fb680",664755559
"e803e3806630c6579f004610",861263578
"e80ba06329760362c7685ca5",510161839
"e81c5c1b820636f691e5c5cc",792049663
"e82508e88e3f62fc8e67dc16",803656011
"e828e83be8651bc2e07641e2",538707043
"e83119808dd08ca090f5ed85",742249559
"e83ef75473fefbf8d7e52302",445172902
"e840095310907e82a159d683",711486826
"e84605e3aadd50b064c8eac3",1220608322
"e84888d2f22e14a5016ac789",594675254
"e8491a7994738d098a7aede1",958686950
"e84da6ce78339d50a72cd87d",371746125
"e852246b7661d30dd2e1f0ab",456720896
"e8544410d811163a13c6a326",504570992
"e857db57a89e165eade00770",449557498
"e8603da6012c2116a70176b7",1116941268
"e86b99e5dac8ed0d8296e950",452758624
"e876c6fd9c161861fb92ad5a",1250078230
"e87779bf2f8af86fc4ae9583",429027793
"e88009be52bf5803ba3665d3",591123867
"e8872302ba40e4ea413689da",454454053
"e8948741a987cbb3759b7a44",965860208
"e89774d061d50c83b409a071",388879772
"e89cf4cc82c5283f3db6f5f6",543224303
"e89fbcbd4d3414e30c30fc29",791386540
"e8a3d9d6134ae8d631791e52",1307479389
"e8a7ddb4e5d43d156692326c",1031486124
"e8abf103cbe9fecbdd758516",879188881
"e8b8d0c4cb87efc13344bcd2",1036180108
"e8bdc4a088a6b99a538a6f0a",404321517
"e8bf121ec117e383c843bc51",1096564579
"e8c79fd41b001fb1da0d4fe1",721461494
"e8c9070ca596f88bc2e0868a",744352694
"e8caed8cd754b0e3d43e6954",894106906
"e8cf39cada5b7755f60306d1",744683060
"e8d2cdda77c1d885e21c7bbc",1375358512
"e8d83f7dcb876d5d05ae3e98",678822511
"e8df85384a1f51c31015ba08",782618806
"e8e215437d023387c4a55515",615312262
"e8e97b7919856f9cbb9ad02f",890195331
"e8fc9a1fd4b39f946b914398",569544902
"e9081115ab418ef1031326c3",574783294
"e91425bd357561183b935d27",706309215
"e91598736dbb7319952f0dfc",748464457
"e9182661e36239f091259232",427590306
"e91a3f962129068a3a76d209",865565668
"e9205b722e624eba0fd36145",1254878125
"e93a9b257ecd815c860d0b82",714443256
"e93abbb49b24717d3a0767e8",755409384
"e93dbc804920c0bf7bcf8cb3",478587277
"e95653d504208e8da19fdd03",1122902717
"e958bd2b19db118c31f893cd",491791618
"e96a7f5424558193663ef6f4",717487155
"e9772a54bc6638c723dcebdc",608444247
"e97c998a6a0709605432ccb1",486483591
"e97d03ef9638c8e1d270ed2a",454374651
"e9804af0513b2f68daf182b3",466235962
"e981d4fb3a33f372ac26901d",1360796245
"e9830411c3092327f4e66a99",658908986
"e9860f6b4c3e6699e62f6c31",503528161
"e98bb3a89bcec8650e33e730",547818875
"e98cb170e4383546988c6829",514587524
"e99d9dcb9880cbfd219b4297",1034145866
"e9a0dff7ae48bd3fa2ecfcfc",667196647
"e9a37a1a4150461126dbb6e9",709909156
"e9a427f23e80fa59d9d517c0",456350175
"e9ab6916a79b4d5182d33bf5",1009162631
"e9b054016b281140d2566d88",914397055
"e9bbc31499ca187c6a492175",624195703
"e9be8cd37abed8ab510ba1f5",975170502
"e9c905ff64c7e2f8c21b0a9c",366523398
"e9d514f90ebff0de1936d09c",765181751
"e9da7f2549d914aab6a30e10",494664380
"e9e39766e2c96bc783d580a9",1303069890
"e9e6e054c1d09a22b7efa20a",706577810
"e9f3f41366d5d784c2928937",686573939
"e9f44786cf982100af0984e4",1032517180
"e9fac47a0f02f27abc96d568",1053863434
"ea0ca17e989ec57a480aa464",1058236993
"ea16314310144a10c81da9c7",434654718
"ea21ddfa37d60737492509cf",669967254
"ea230d5eccd2b687888173bb",871810817
"ea28f68a1d1d81d29b88531d",805315882
"ea2e380226005bb55c724ce1",976019377
"ea2efa1a857332559120b823",638309578
"ea34dfefac91681864c2bfe1",871836135
"ea359d571ad0c986f826d31e",946011996
"ea37ad89fbe4159940586718",414558763
"ea47ad6335e74dea06228b16",673002800
"ea4a797b3d73d1b2cba9d651",935006066
"ea4add08aa912717cd42f9f7",1062597603
"ea4af07bef4ed93e81ded95c",943666648
"ea63bca8e3a77fe88d88fafc",545584408
"ea6e83dbade169818975e5b3",620337554
"ea7c9e327eab66ca286f6726",661289181
"ea7d5c601c3f8c86ca8f15e1",610475204
"ea7e3ba584cc5ee45ff8ba7b",874496499
"ea84b58f733c8e491db98a52",1031224586
"ea87e3259c2b0d6263d39a2f",532331603
"ea8cc21bf7d48979bcae1458",778725035
"ea8d704272b2cd066a7e7867",1092368405
"ea91281d5eaf6b8f436d47f6",1255673884
"ea935b76abe664d5e2c4736f",590585522
"ea9d6dc517c77ff8bffd596b",1197853794
"eaa4893a313d85fcf38dbb6b",706174196
"eaa6d58e226904e9993b3493",586246497
"eab4ae491bbbe7b8ab107229",733733667
"eabdd1bad2bc4351ba4a2635",955137974
"eac458ffc1da75fa1a4ab384",647792559
"eac7136b26bccb3c5d2b6202",768137437
"eac89e705cfd337a99417320",507930207
"eae4243c274735d616c6b9bb",874602309
"eae4a1cce7c039c644f01c6a",1034961893
"eae52c81f779a61f57cb5b58",1040262176
"eae5eecfa2fe828afbc94b0a",441755611
"eaf0f2b00b6994a9ba8c5ed0",399566577
"eaf53eeb911ecbae638409e5",440322663
"eaf87358d89af17c3e004c21",739880516
"eb055771816b45213df3ff3b",489741356
"eb09010915ee68091d6675d4",616330335
"eb0c6a8231b38b2a1e1f789a",732976600
"eb0f3b14782c9a484408c606",824377316
"eb14a5813f860bb74740da2b",392959216
"eb1b9e15dcb88964f79e6a4a",580418819
"eb24e0a0ebfbe16eba466280",962720917
"eb270972f0f69f1671a0a740",931471418
"eb2880c2433c4b2500fd40ef",501450211
"eb2bbf82cb615e3227305b55",549383480
"eb2c7a973d4d6ce8e6ae87a0",1197723514
"eb3356f3856526dc140be7f4",646330613
"eb339d562b72b3bf51073cc1",441755611
"eb40a304997a6e66c550b704",970397555
"eb4e1b72abce1d184dd4d5e4",636653412
"eb55b0778607da932c3b311f",728731039
"eb5e382e1372c4e94f467673",700686929
"eb61a13df1c8d8d0efc4db3a",442535694
"eb64fd330053a41ce5be4a7e",435716839
"eb6e6060b78676d13d6bda48",695564371
"eb7173223a27076d16b87f33",604528720
"eb77734d12df7528af57c674",432793196
"eb8021804e63016fd934c9b2",722126207
"eb85bf9ab77f59615960fbe0",759036442
"eb86c1da60250e5559fc3cfe",637798466
"eb8956f0c4a885619bf1ff79",1127747850
"eb89d0b7914010148e6bb597",701400009
"eb8cc67810d95d1b102410b7",975170502
"eb8f668912b70fd554c8c723",596792016
"eb90d9e9eb53b44b07ef9613",927547555
"eb963f082209fc077aa72bc9",927644586
"eb9a59d4e85a3f124e866f47",933774162
"eb9ab213defc2de5d878653f",603833749
"eba0410242fa1e8dea90b194",795101068
"eba3cb8156e0115bd7dfb525",1068118448
"eba6a2b80a17a846ae560ece",430046944
"eba756e88209c420d288c4be",614165685
"eba86391ca00fb217ed1f774",740494440
"ebab054e5f256bf4e382002a",1044214468
"ebacf31727972e81d0a0d904",520147437
"ebacfa0a8e569ab603cccd11",389412653
"ebbc5fdad817b304af3585c4",406473226
"ebc3a6574ebc530ef715ea7e",1137876923
"ebc96ea800887a647422b8fe",841379005
"ebcab2f8506c64a461591d1c",583802609
"ebe09efa32acf6d680341840",752516127
"ebe1b5c9471f3441a388f7ac",627599919
"ebe33bde2abbecd6d1fb0cfc",682317561
"ebf2d540aff82f1aadf95f9b",600943802
"ebf4bda17341de806444ba83",673109203
"ec03a01c961659f2cfd9c973",640646350
"ec0c283eeb8db461c20af1d6",672981916
"ec0eb8d68807f52b681f138e",1062664532
"ec1171cac1eee089be6f427d",505271174
"ec13a869c212c39b6ba21b57",673095002
"ec15e2a131d9724b012d68ea",721461494
"ec199e33b7557dd669fe1aa4",360378437
"ec232a7ee3aeac713516614b",747470627
"ec27554aa1c62314f4d46fc8",474489295
"ec2f16aabd36fd9ee2203276",1269608752
"ec3f1679451b9c0037f89386",1222218338
"ec401de1c0ab2dbc149da048",692681251
"ec4226205a38a45d97f35828",716414547
"ec422df56b811a0aa42d8bbc",561371901
"ec43b2789c9cc266a8e0d1f6",454982198
"ec4df02b32d90c019125d108",1098219165
"ec4f7794cb756b995d5d207f",830109754
"ec5866fcdb9afffad2d7f5c6",969802609
"ec674ba8cd16c2264d270901",814745432
"ec6ffe86e9ece6fc03556ea5",458685971
"ec824ecd0319e05d1ca6a9c7",542281124
"ec8b305ddc2bc211a8a05d0c",526567506
"ec903c33a379d8d2cc04ab36",995876154
"eca500b92ff96f10ccd45e54",706993514
"ecaa5e38ff6cddc14942eb7a",799911301
"ecabfcb8ce9bb47ec3089c7e",604545920
"ecc3362a649cf08afef96fc0",452716435
"ecc36a3a4610829ee3f88993",521165790
"ecc4d05489c5ffc8164d5469",369459450
"ecc5e3781d5e004ceef8cf76",632247752
"ecd0b4bfd66fe04c278dd4ae",547232407
"ecd1e3003c5d74a3c7cbdb11",652238429
"ecda0d714f52da919223a520",703537945
"ecdb747ee4a3ebf958252309",831187172
"ece0394e38b152e6c1571324",911025148
"ece6f8c652d4227370ef0fcf",1043072447
"ecf47573fe1ff641f6914d0a",1137393124
"ecf4e968c925cf8322f8a0bd",406000039
"ecf5c9bd618e3976ceb5697f",1272300438
"ecfe155a407ad2c2f74522e8",758193437
"ed0051ae106fd0df60a14586",916451174
"ed09fe201c9ab02a91779dcd",656433653
"ed1c8ac25a3db5120c92525f",458296642
"ed1f81648083d4d2726710ac",515631687
"ed2c02ddcf0e54789d9d2675",1068377504
"ed3275b560f020baeb9ce3c0",596380727
"ed40f198ace8a4405cce7a1a",856913078
"ed43b0ac46067bf886457c01",874767271
"ed44705c17c414af8442b6ae",706399283
"ed48916725be6970cd2f273a",530028051
"ed5192bd8038c77ed2e46f0c",610387530
"ed5559fbfaba86299e87ed89",759814935
"ed5622c308bfd10602e939ca",846988372
"ed5c3d2952d2575b1bb757ee",800516265
"ed5dfe95f82f4c087af07045",716058841
"ed68664efdb7377c33f4010d",955338945
"ed6c8c45bc8c1d160cf0d0eb",960699454
"ed70b749e030cc8715c0eba5",745167433
"ed75d1c40109eeb51fd636f1",956040810
"ed764bed1d05cb1e9a4e67f8",1021692012
"ed7f61ea4c9095bd4aca258a",594958536
"ed80ba018de35d5d76d50db4",1137121029
"ed88c773fa9ae8bb29645fbf",799669365
"ed8eacb8746dbcc3c2ef3aa9",672783711
"ed9703ed896c6118a3458e78",444904148
"ed9976e922a774cafb601f5e",499746051
"ed9c4f4e06183b15b877f077",565853773
"edb259013ceb62ad9b23eee3",1091068143
"edbafba81b92efa9b1400987",1044868176
"edbb5db63dbd0452c51047a0",565107741
"edbb6dd10f8c9e7596368225",763804358
"edbeef6a08dd17a941634d49",837816332
"edc204c3e18368e0a9eab593",1184315423
"edc3879a1102740f2f96227a",1027738074
"edc43e57b2905405a13f8f3f",434255169
"edca31377b4f7299f8b45187",1139785703
"edd0b57b90629fb00d036e34",831156145
"edd1c4fdbef4e6beafbd39b8",526286149
"edd2afd07fa1305fc3126078",416699946
"edd342f84fc90478e344ea1f",630084785
"edd4d560363f7575aee42d39",893975046
"edd9a278b86b1c56e237a0f3",576571331
"ede08c77d6090e0900654eff",1194925376
"ede10672118071a215ae09fc",978445497
"ede43dcb1715b959ba34a37d",630485579
"ede7995bc4e7e672fda4fa5a",1191660532
"ededebb1a544fb3246d3e131",543830608
"edf4e11d1f1aa6f8080c3156",1091776566
"edf8c961862a4ff8e1e44f1a",805214917
"ee042a4b4a0bf9a1dcdf1eab",665529001
"ee102e9d0791ee82ee4da2e8",637220296
"ee13d186a24af238d06e0c2b",870324340
"ee18825bcf4065d29287b54e",1201612837
"ee27eba49457286b5ab76172",883259237
"ee2c509989c7155bb472c5b0",732762595
"ee2d16316e6f4f2388494c7f",600328217
"ee30ab004ac5270daf59758e",693602089
"ee3b5d47d05a80c07751f7a1",1150781833
"ee3c0c7fe3fe73ad0449870c",1295939629
"ee4377ff95580b93e80ae08c",994515376
"ee4dea05e93581750d613c59",654304048
"ee4fc6a146e888e993a4412a",714198642
"ee594b6bb0751dab39055b3e",662761985
"ee5fa0932e098cba28d950b1",925745571
"ee667413d1cc49427ad448f9",734534929
"ee6a288e644183bb191a6526",408459171
"ee70354146295365bf241d9c",523738133
"ee703dca75c4dfd5d035c9a1",539205703
"ee786b818284cb382c755e9d",876491376
"ee796b35e39c7beb6aee2b49",872038153
"ee7f7d547af56773a4b0afaa",898399065
"ee8103b958673c589b9cb27b",1135546833
"ee85a12b8f764bc15164dc7a",690215525
"ee8651631861c1b94283a953",1008694070
"ee8bad3fdc93f7fb79c9cbd8",968705705
"ee9171c496fa78b1461acf88",823283443
"ee96d947484aaace40f9b77f",983471320
"ee98e745afca6de4550fe570",661432405
"ee9e5adab1455d38edfcaa6e",1001198192
"ee9e7dcede0ffc20442b4407",815507369
"eea6a2137473c3ba6708b576",398680781
"eeb6fa8f820ec63aa0aaa303",822630571
"eebc02ff14b6d270746ca055",804737713
"eec4d59429b1d1bb75b4d686",619447510
"eec51f949083f39691e37e15",1023371621
"eeca3f5c399785a1cf15b1c6",781117972
"eecc82010ce9803ebea6dc75",531279247
"eed12d0c3e65e9989fc4f4bd",542011121
"eee841bc785b1824b6419a73",616293574
"eef1d35ffd08dd161a36a2d1",1114457730
"ef0e5b23069a9fe377b77ccf",834246340
"ef26c0f1cd9e3203ad16558f",759479921
"ef2ae24039bf2cff1caa4340",597592317
"ef2b9c11f884cc5f31c26f60",811281943
"ef34f331871e8ca6573981e1",647775021
"ef3887783a12f591198d6c27",697585929
"ef450748c440c4958e5db54d",728731039
"ef53741b01120666a08db213",1099156355
"ef61986cca74fe8585b1b287",570684241
"ef64565957b5278185b2429e",620536696
"ef64a8989a6444cc529dd1cb",650261936
"ef6ac2a5102d7be910a3e4c8",440265584
"ef72df5586ad0cbe59e36e07",845218285
"ef73428a38c201019267afb1",528229838
"ef7ba10407cd74590ea3fff3",916664606
"ef8430c4d15e5887b8103bc3",993749660
"ef92f63b46f27ccd2151a21c",590094133
"ef961c130fa3b9015b103154",1095358373
"ef9cf29f71434be184a4ebd9",531939180
"efa0c01632d13ab59f629ab1",561581018
"efa36c7738fc14a11cc352eb",486640688
"efb0b413b3f661b23d674b3d",1041001155
"efc5412fb02ba9d8f604e493",578805730
"efc7e89ddf3de559154d8e0c",1083866077
"efc8ccaeb09a5e1bb0bfe011",684036855
"efc9ae02fd6c3f18db866cac",896878142
"efcc8d268982e95fe2fdb311",1307479389
"efd178c4aaf3fc9d05b8dbdb",516323557
"efd9d848677015f13688453b",470668115
"efddad1eec775ce61d3b7b64",806878961
"efde559422ec1dcc55abc686",902364676
"efebd19fc5a2ab30f2ccedcf",665860365
"efede59a47d17737f90f4bcb",799898617
"eff8b3fe996b6d7db10b0263",597069890
"effc32659ff9bf30faffb3db",723338221
"effe4219e6cb56e5ab70ff6b",813587128
"f002603a6990ec405d82cc47",1295421894
"f003a46a1c8e04da0052d72f",473669869
"f00b8eac1812a500d7a732ff",902067716
"f016623361c6ccc5163e79d5",1247578472
"f016ba59a64f287099fc4af4",601913067
"f019dfbfa7fbbddec988fb25",993493428
"f01fa45466e2730f935a4128",743249233
"f020fef57e9069e4dea2d71f",1178098937
"f02865ea64b156bf4cf4cfa4",1079780827
"f02f6c5b97b8e3cc5d5a74dd",837504238
"f033750cb9db15e886b156ce",938660308
"f03400cc18e12903b3ffbe5a",852971546
"f03f97ca55e9a43928c18237",567348924
"f040a167241599987e7b0967",493549517
"f04b574dc221473cfd616e22",573202765
"f04d3ee8b175c8f2f30f4f39",1161805847
"f04eb16931448e87aec205fd",644430987
"f053d3918234bad409410755",642436684
"f055602beb49dd6040641c9a",504164274
"f059e39d22124eb9e7e8e20c",855696052
"f05aee3e433cb036653b4375",831905314
"f05b3779581ac0015f29571f",715936445
"f07126d58455b20f547c4380",636204501
"f08001f2590d7b734467c58b",460438164
"f083a8f187e2227696695ee1",622908061
"f084bfc530f4039f6631537b",840314038
"f0862f57dd6be5e7659c65ba",613423963
"f08a5c2992cfee4c0910f68c",898489287
"f09bb33b65b5ebb8fffc3a21",1091818189
"f0a8fb06fcdf8997bcdcb03d",807504185
"f0aa18bf86a36daeb59946e8",1021882857
"f0ad965090221d2349e90d5c",1124556552
"f0ae62ce6eebc4d07415c48d",858852162
"f0b2a0602bb5a83f0827ac75",808771707
"f0c7ecd3b2261873d3664748",877591416
"f0cb484eb3f6e04b5b1806ab",590834328
"f0ce47907c3c30b6b5e990b1",803520116
"f0e68102ff84f49d90fe38f4",477818531
"f0e8b39d2e4644dade9d8954",827076249
"f0ebddf2bd5aac661e4945ce",708797938
"f0ec99c13c61e89310ca9b8a",641811447
"f0efda3f7fb18af1b44d6aa5",963986095
"f0f883c45e8470e74280e8ca",955850559
"f0f8e755058d48542b9cc4e3",898343196
"f0f9bedbcb57383511805d17",651195490
"f0fb8232343d235741a20586",1037572704
"f10e210fc04e3fb073568323",669794241
"f11137d27a5d7fa57f94e97f",858369209
"f11d7627e2f18c9a75595501",921875657
"f123231ff18912a3dfd7cae7",428870328
"f126c4b36c00d0ca11c21a2d",623406095
"f1319a9332946bd68db250c2",510922398
"f13d8f4b2e3114d71e5ed941",759464827
"f13f72c1cb469db92b25c2fb",1191466842
"f14b11d270282b317d9cbadc",699769526
"f1582fc47e7b8c0eb0cc9949",827370781
"f15ae83fbc4e4ee3f646b4c9",592738977
"f15c6403c6d4e3676a607780",457604313
"f15f48d4cf4f85a3cd68dfa3",542233193
"f164514211012e3a1686b148",547709533
"f1793973b462cdbffb1ad648",824071053
"f17c8b14e56a76ea84a45fd6",1146270059
"f181f74e96a93820a23bc0a0",528902050
"f183e3651c485e0001e64880",841342520
"f1a4afc2e543ce4260f1d781",1151142042
"f1a5856ba56e7b12cbb9459b",440129769
"f1a7fa5dc1996591ff97a34e",684792204
"f1a8f09837660445961375c1",1298802076
"f1a924badef699637ea8fcc2",673070919
"f1b30c4ea99f19a81d12f73b",1303069890
"f1b7ae24195b4414e6d6a001",979417165
"f1bc08407f40396c094e0499",1102224613
"f1c8da86597a427e24dcd557",842737963
"f1cb3c0b97ae1c6819fb86e0",1131295706
"f1d76d78f9266d9552bb86f2",621932383
"f1da5388b772159ec90c3210",1119150794
"f1e38e53ddb8a9d5b641d934",1064428720
"f1e7a0c7804083963b5b6de6",533877286
"f1e9676bc91a76740f4e9b0e",746179050
"f1ef14babbc4123c5157eb9e",770647050
"f203b18854b75c4564d7a17d",816431918
"f20a7f264a8285a75dacdc1d",1089561362
"f21625fb82740d6f4cf1c325",423069386
"f21d2c0802e3858d493c1984",1037668505
"f221dd5d745def063eeb7258",708178926
"f22ae3d17c92427f5227cbf7",405306209
"f22d6cc8c9611a7c23fa8969",877073268
"f2387712fa17435f56d7b102",491750062
"f239b7fe0de40d208c01c45d",741150113
"f23b32fa4894b6d59f73c151",962331720
"f2409d037bc8b3e63ca69fd7",803261875
"f258fdece395f0c4f4da6a96",735787032
"f25b2ce0d988bf5490fd780a",417872169
"f25f5df33f25576f805a95b5",935764761
"f26c2bb4d5787541e9c36463",1046058163
"f26c43f2304c8c694c818a9b",592931789
"f270dfd9ef449a02b6d7ae2e",657302154
"f27397321c007765244e56e3",877459779
"f28514aa4d6ffa36104411c7",662822013
"f2a4f5010f3da37e27505ece",621956398
"f2b67c40a560af8729bc6072",635891635
"f2ba4a7a0765c3ce737b5c81",710431011
"f2ba7982bed03cac394ef87a",663306798
"f2bfe55b6188070fc5c3f59e",1175438790
"f2c86c1edac4eec6c01ec11d",623307393
"f2c87b07466aad7328b7e0b0",863652908
"f2d4c1faeb7694370bc65ec2",495261024
"f2e0163fa07f89820739dfcf",1042614572
"f2ec3a3598c99bb8c38cd680",411035717
"f2eca7e3226f625807f7d6be",1333835436
"f2f43244cda8e2f5219f3db8",533318313
"f2f4e6cbafe527b155707f01",1076603627
"f2fa898e1bcccbdb92dd91e9",799754508
"f2fce80439462bb9231d7fba",489468156
"f304bc9e9edfc24eeeb720d5",975066151
"f309733881a4f89d9c8a8958",864425306
"f3270f2ccbcccf3046346809",849816720
"f3293c4064d71f9322ca97b2",913901706
"f32a3b542efba398907ec912",498105088
"f32a7d08d176bf9177dbcab1",575696739
"f32ea78bc5ea15d700d3c118",753934565
"f336d60e41c8bfee91d58728",524386201
"f340405bd7f2c4bf524c50d9",614698681
"f3478cf008a7ad268a434ba3",646658805
"f34a38cdec7eb598e55fa41e",766013744
"f34ff57e272cd08056e6a243",750338379
"f3523e0626df8cea803ead0f",393504475
"f35538e95b4a567f9b834034",912214371
"f359afc7bb50cf6a61ac63d6",459808915
"f35f884365b1bf6fb303d7b5",450728327
"f36031f3a3f77a3fcad337aa",738087159
"f361109d06f6609c16724b39",589914140
"f36a379e0149d4800e793001",667525046
"f36bb15462fb29f80b127458",1091068143
"f37c9693e058492ec3715de9",589362513
"f37d31c512866b575780c4b7",1034464982
"f388112376e68ccb2290074b",816431918
"f3962b552d34eb8bf38b4763",1024251152
"f3986309e4fc4cde2b5feed9",1096907412
"f3a1bbe01d265470a2d7332a",458217805
"f3a6132006d54d0e22a17e84",761193994
"f3bb60434cb36fcdfe218478",518889184
"f3bf0be37be6292ba0a8736b",1029111070
"f3c8cf1fbbd6cced1fba0930",612560611
"f3d82ce1c6fac06e4997f7ba",484025636
"f3d94d0616744b87ff139533",536676986
"f3dbdb2b69017cfa026ee18b",837087934
"f3dd24a17ea51b7a2b0f037e",718605490
"f3dea3d678d959aaf6b2849f",1243088160
"f3e2fddf1dbb400788a5517d",840850249
"f4022026c279a9b77a894ee2",653934281
"f403b20cb52d4ad3f9469ee7",578828349
"f404deec9ec16a8460397815",604023703
"f406c9c3c92e9b31310a50ec",789358570
"f409c701e200046f574f4e06",584827609
"f40a182d82c489f55c64ab7b",978067480
"f40acdcf5cb9925c09c9df7a",890017093
"f40defb11ff73ba4e3db7611",1061433442
"f415c2bc1bc0fdca091285cf",1177884945
"f418efb887a15127cf2563b1",550083269
"f424ca724e7df1c37ed78aa9",803290934
"f426c41d6d8bc99f359f480c",458058928
"f42a53a05dc90e617e0e4c38",429810130
"f42b6680baf774d27fdf1e48",522132017
"f4311c45516bafcfe8864c70",753709713
"f433278518a80c3301f26cfa",762509675
"f4350916cbddd5a544c6ae46",394804103
"f43c684b789900c58c8b5fd4",514649260
"f44362b932a8b70ad4b99a29",530627061
"f44726680d0c594a2d430bbb",750470703
"f44d035ea2b15b2c69d4da50",789209189
"f45161bb79292e974dc88b5c",443092028
"f45234a3f0aceb12341be024",894765912
"f45dfcffe189327cb0d303f2",826093989
"f45e3be8500d7bd91cc8855a",489035534
"f4635193372f669612744011",1250331586
"f4658aee77fa0e35a71da7f1",660766970
"f46d46ccc7fc415433e471e4",466246992
"f46f5e911c6c595efb5b7ab5",707259935
"f47c64c8ee69e744e654d4b9",821543735
"f487761a658a4247563faa38",630544669
"f4897a8a0a911a2acfb8e8c7",1091068143
"f48e503ebd3908838c1f2ae6",546689152
"f48fb9d9c42b0ebee72cfcaa",493985951
"f49045b312d12268eefedcba",631739633
"f499c1513abf0b05aa1f460e",1239733690
"f4a6ec71ad7790df9578324f",497525891
"f4b1645da3f4286e39f2fe4a",700848840
"f4beded3c5ed9fd6cd5177c0",655341330
"f4c118396d781c140d8c9b08",507694875
"f4c6c3210a3c2eb935c6d5bb",1055096840
"f4c7cc4a249ae7037aa0b35e",681341303
"f4cdf3ff86fe70fae3e59f4c",685574376
"f4ce15aaa352d707b68cf773",703792477
"f4cf541f02d99ea1851b9f12",568430566
"f4d53276bdb5899c6f059c67",891849643
"f4d6ce332121f814aa663fca",627410790
"f4da2c8dd901cca9cdd51025",599189783
"f4dc67569fd340be3dc592d5",507679579
"f4df4ad4366bd794594c111f",1005942993
"f4e0fa1172c1d4b70b6c4d73",514122691
"f4e646df504728ee1e6ad0d8",481111152
"f4ea9c80fe71a1bd0b692475",887394314
"f4eca80958b7a22922b0efa1",520173888
"f4ecb15ef992a677e8b4fee7",862939709
"f4ed8924f5d1a3e6374715aa",703792477
"f4f6e48b618064ced466c302",479002967
"f4f7bd9d03eecf35e9f37619",843445521
"f4fc081a112f5ee1b3a09e70",673911373
"f4fc2da675d6a2583054fc56",463845220
"f4fc67d9b9c6078003f9af35",859727045
"f5006b435fc92111d55c0603",450048243
"f50941445773dd62e87e0416",1065266756
"f50a72cfa82f3742189b7fc0",1019358239
"f50e0ea2c3831235704b8c72",490254903
"f51000446ab65417942e535d",674756688
"f512fde4fa3f1f7fe885de83",853503086
"f51658b9fea670bd943d6db7",885460990
"f51a78ac4b03665561552b0a",864904596
"f51fce25d8376d48fbe73a43",466772885
"f520fd12dd3ed32ba78d357b",784515932
"f52226b24ca3d5b04b7cfcde",1177813223
"f52ce56f20251f018d7864e0",612144641
"f53efb47de2bca5912ad7517",838892506
"f53fe605b0a2857cf3facf73",739632910
"f5418917530b72c9fea14f66",484137608
"f548ef815603ec44f4629a60",1100487116
"f54c16df774e70d49355cf4c",483823213
"f54d358d26af89636906f686",1283097885
"f54dbd8f0aa752f79c581e5c",1117139424
"f550bc7ab5992a6fb48eb60a",1212174021
"f5534949a53bef05de31b07e",548346155
"f563f0899884de7f9bdab405",645606649
"f566603aacc78da47a283804",906954177
"f56bca5bebfc765162c8cae0",1103727276
"f56d8f5cfaca0691c6ffbe00",746380213
"f571f85be35a72b2ac358d27",535532060
"f5741fdd9f509d3bb02e35bc",815724072
"f57cab248d2d832725d78135",543117316
"f5802200af1d28eb48466c1d",468729975
"f58528d3ddce3bc6c71bfce9",789261105
"f5896513d1cb044108d23785",1310174539
"f591597c9a1ddd9852eb3cfd",1145543780
"f59686ef2740247394547078",877498525
"f59b9c03bcd4e0e06d23fb47",762094360
"f59ed9b8ef1726f1a55a4dc3",606189994
"f5acbf43add5776430d8d4a9",918672912
"f5add08cb615eb18b3153bf2",1041460347
"f5b0b51ed49be034c290efd2",891473698
"f5b9cbae30356fb3a1d005c6",890475401
"f5c79a564600bcad99c74f03",500197396
"f5c866d489889ab2f124799c",978554848
"f5d529ff6a35fa78ab14de21",518493016
"f5d852e25d51377686c43bc8",691830632
"f5d9d8082e7652e97973e0e4",994324429
"f5dbd7dcf63b08f711561e58",798098292
"f5dcdfdcc8f414cb7a38309f",699927156
"f5e7ab7c2edf566fa22501b9",995399224
"f5ee97750fd4e04eafa9d1d7",806418752
"f6013cab49ef9188aaf87972",1094541986
"f60d9f0751a14efe41be383b",454015758
"f6173e36f95ad05b8e94321b",1033546232
"f6252e878aef5f8a641c3d6e",536451536
"f63608198bfcc858abe1ab0a",806063007
"f637a4885488bbd499199148",813721418
"f640753edfd8fb1a995f1de1",506270247
"f640eb21bdbb9369acc4e863",501450211
"f64d4e029592761bee698958",457930674
"f64f642775ed2c9f45aff215",521953524
"f6503aab62a68ca16eba3fec",1131295706
"f651cc17b051c962e4124795",842308252
"f6544a1c169aafe6c8142907",1171741952
"f655ec98cd42b0bf2d7cfbfe",680257416
"f660a48b0eb17e98dd77c0bc",597414821
"f665a58fa8eda69547c1a159",877591416
"f66bad2cd4b09ac29f540f63",778178263
"f67028acda5ecaa4c8781ba6",709703227
"f677c51266f5ada9e23f20eb",400812638
"f68b7dfd0579838324895097",988826727
"f69962045e9aea6b8200888c",545697438
"f69aa18a64d8b8494fd9fe3f",402611572
"f69e25355ce3887bb1078fef",583312446
"f6a12c0f02fcff1be042ed0e",792538926
"f6a5c88d1bca87c1e89d8084",1219418916
"f6b405af32c398147475dc9b",675942104
"f6c1705a83c039f7a7d46255",818453104
"f6c6eb3fac9658c4951c4222",569788962
"f6c6ee12e338b1f9730b6e2c",473859848
"f6c990e406b3756ee39b3b30",522326951
"f6ce37c42fad91fce47758aa",429862215
"f6d2d31af94a6a73912dd9f5",991957535
"f6d3f7e963c9aa1783b3adab",684175206
"f6e1752b9f4a0a3c8573910a",685039753
"f6e74a4b1e026352e5759b2e",885107532
"f6f4a467f40bace72ecff598",1204805040
"f6faf74c3f4e02a6b333b7af",824836495
"f6fc3807b54d8c69459c4f64",580372852
"f70ac0d227db6f5333aa821e",665492488
"f7101a05db93cbefd6a3b31f",394886726
"f719b387fac4f688b57dc646",1199465177
"f71d2bca0c5fe2720a1544c4",583143203
"f7216fd19f41ca5ea66a9169",450403388
"f725f6ebcc3fdeed22bee385",591220187
"f727924f0f35ec9fb58d0c31",433744669
"f72992cff50931d2e19b3ccd",711666962
"f72cc14d79ce15491a96ddfe",1104288369
"f72e2f6cfbd32d97bbff3ac5",627764102
"f72fb486fae49fc1de1fdcfd",1133145436
"f7399e57df358ae7adc9e08f",709229553
"f73f720abdfe4b5adfa2bcda",641193651
"f74eed3a7dad1bd8d92854d0",718210543
"f75009356c700f7da7106cc7",615492971
"f759f71e444c16a59187a067",746835574
"f770b66579bf2b55a714c43a",782059201
"f776a4e0c8c82b3d29756b34",1045272589
"f778fa43c92344cfbd700432",664014345
"f781bb1ed340e08b23258ceb",452727718
"f7847aaf1491103fd931aa5b",1096343026
"f78886545677e19e472fd0c4",586024915
"f788ac4a8b2a6dc11c458c90",755147306
"f7959842378c94c9f620f561",668368064
"f7972b1936c6d9e95d3f632b",780349474
"f798e7105aa8aa66750a2c85",795966498
"f79f0c23b5cb96b5d022582c",533433184
"f7a7281a19733251134364fc",1020005927
"f7a79e1211fc72e06a3a82b6",1176585288
"f7b7e298ca8fb75e11e92999",519114078
"f7d11c2601959921f536f804",785823865
"f7de22825945329521642f49",606488902
"f7e5bf5b0f6157ed1f604d37",404971156
"f7ea437311c0d217b0d572b2",484010881
"f7ee7282cb9edc77740f392b",951954177
"f7f00e13da4910d724aba4f6",561417380
"f7f46ac9158f0a1edd01709e",1042168013
"f7f8607535159c82dbfc6c14",406310357
"f802b026db4bf9d68cf00b16",387678788
"f80b20e0649dcf1c16003255",481368250
"f80b9e8c51cd71c5be281652",395970455
"f80eace37237614562f942aa",778582360
"f81107599bc083fec4a13ca3",777219338
"f815ec1a63e980717c9c3290",561694137
"f8189811dc639d760937df95",606264319
"f81aa0f575dbbacdbdc681f9",545301912
"f8232717e74332384075dde8",397834915
"f823f6d95b4340e8e4dd0d57",709909156
"f8243b7b679dfe8303180d73",1120624709
"f8263893418eb0752dae48f3",433329522
"f82adf71d17c261b41a5231a",779900883
"f82e1c70884ee1285e1bc491",452420559
"f839de5370a225ff993f5b2e",623775137
"f83f29f28978d7dd76cf5942",770647050
"f842221d74340270e757fd41",862311813
"f844345b6224bc76bc3c6f91",423320863
"f849ad486e84a82190675b89",735978282
"f849dfccaa8163d24ed935e2",977296546
"f851b02d18e74610a900bf14",959916202
"f852e0f3fb8563ea6918164f",1226731639
"f855725acc115bbbf03bacec",1207047192
"f85d09bb2ea40bd4b68465da",1031224586
"f865411c20924c43a080794a",892445388
"f865cd15368fefd8c9d6aabf",820655642
"f86ab537a2f5d8c2b223574c",738607837
"f86e80b2a831572b85b04e55",594371087
"f872f224d2af413cd104f24d",1046058163
"f8731413b0d976c03b7e05ca",986195985
"f87c76eb5071c5b309e3ac3a",453899358
"f87f8003f15b0fbc12609514",569753312
"f884247fa6414f384480bf38",555231196
"f88bade1cb7ee0fa643f31ad",621106772
"f88bb9c5a471504c13d3616c",491404817
"f8948886cb4cb018eca25d19",502359200
"f8bb20be599b79cbe29f36cb",976019377
"f8be64dc83c5923983fbb770",793386285
"f8bf37a8f81a310e299385a5",622548318
"f8c787390e4c6d2e99fc7c3d",644601213
"f8ccd21343b112d8f9e7123c",756647330
"f8d4ec209ad5fa5ba4a68e56",591041946
"f8d64df401009704c152bcb6",555743174
"f8dc73052c66ab334cb7be14",763952189
"f8e25b7d7e93c45df1b3a4c5",1015861782
"f8f217756d32f31faa784c2f",850042017
"f8fad48343ee5134dbae918f",460254397
"f8fb6d1b0dafc28920393dab",821082143
"f900f7a9c5e2ea51689e8992",1089360217
"f9038f7e24e0a29bd9f3e24d",792090651
"f908e1de4c4be0d77411a998",682060290
"f90efcbfcafe544674c02586",822731136
"f90fd39477c8da38e33ba0fb",818636223
"f9158cf51f5e9f644349a774",449653417
"f91cc2e5edcbb704c293084a",1295669394
"f923bfcb8cdb543c23bafd52",647648195
"f925a05397ca6163230f7ad1",627977391
"f927027bc766ae6c111fb685",416484293
"f92935374a7ef86314223c5b",924181260
"f92f4d135119fa88994929ec",1048941919
"f9379319f992cbadc43b9189",792380976
"f939b7271c4d399a5e647f8f",855269736
"f9402b785deedebd3ddbce6e",739408237
"f943cfd29effc9c048b8e106",821900309
"f952c40e24c9df4ab2d62017",798386707
"f967aa89a4440cc1c44bdc54",499068906
"f967ad5e086f485c27f09990",1137876923
"f968e756cbe6504fa0f32458",1088969169
"f9718594fa52500c16e3cd71",766574538
"f976ec33e004b2d4d32c2eb2",472495431
"f9793063f561dc76c0b49a9d",1005021500
"f9796e9d13fe1becef435e54",1103621063
"f9798cc6285c9fb3ed7cb668",761182435
"f984d34c8f27e3cdb7c2a44a",850898037
"f995364cc33c431b3c93db45",658893100
"f99adfe85d32b0a66f4d483a",759831899
"f99bdff027d28ceca0caacd1",734814646
"f9a136d7944cb7768b598a88",610084104
"f9a802cbc802d49a087cf23e",1317663455
"f9acdd3fa50068bc0180d008",525493398
"f9b0a27bd3619ae88ffe5455",687524912
"f9bca38d3e08176649504e74",720654502
"f9c11e980254045d7478f273",919743403
"f9c133f7a12f2b8c1b2beedc",717300499
"f9cc6760b1112ce5197bf399",653498273
"f9ce5b7edb104d4e8407a344",553318689
"f9e6a759b069e04b0cbf0182",697141849
"f9e7582dd99d36bfada56249",1029252231
"f9ef8fcf24d28ce11e71d758",940126209
"f9f5fa4ad495197a5c9b492c",390801673
"fa00e05d83ee890a38c3a686",771243669
"fa0aa00078cc178de0cc7d96",743219143
"fa1533051ea4145f7f710ed9",507227712
"fa29c89363ac9cb59667a43d",736053433
"fa2c1092f17ce021964f8953",797891929
"fa2c5c19c86087f207c379ab",692014314
"fa3017d74586eb4c3b5b7db9",567401912
"fa3ee96e6b6ffdfd00aa335e",1259222025
"fa4028ad48fb2082d167989d",571636807
"fa4af69aa064a4306cb110d0",626963264
"fa4f331f05b1488990a69ec8",1041247525
"fa4fd8380dd2620c672facc5",654695311
"fa5234ddf23dd0d9cbd3cac2",601946347
"fa56058283c975be76d7c990",760532273
"fa57f96bc6affd285d10c4f9",410512771
"fa5c81237a94f2f78f05977d",1059135220
"fa631a714774fc22ca15ec10",883457280
"fa653848d69ce620a41a73ac",1126938228
"fa6db64bd7cd8b0f1c0e2453",1072801262
"fa6e53a7107c0e33e3d505d1",901327770
"fa70a55dd0e2053a1b566de1",388569522
"fa736ec3f2f066cba4328908",715956358
"fa74fbeb90bdaf8eb26f8329",728421005
"fa823373d2e7fc9443ebb6ff",777560025
"fa84c07cc90e2a2058b57c9e",688825216
"fa8f13da6d8be3bc1f05fcee",542703824
"fa908c8dd43fcbe9f721c0d5",1013826328
"fa926bec03068764c8545d41",677018214
"fa9dec2129f7218b4c4d4b35",862550485
"faa204421a94ef95b79eddf6",850042017
"faa37a79a1d72e4b8b0c80a6",971503768
"faa72370e4c7718964930805",667445440
"faae4324336f1211ce4c7809",709288749
"fab91f0b03598c943fa425dd",712106670
"fabd2201750747891eb6af77",1067558139
"fabe0f299a4e4bc6f51d54b9",857527315
"fac4f0bee67523194fd4312f",566664642
"fac651cf404a58f24dc7d286",1344785709
"fac682b61b813044a3e3ad01",854850652
"fad033a3c81708df7b6ee73d",878733076
"fad4ecc419fb64b3f77971ad",596623897
"fae37ecd6046e53ea121b1c6",694859648
"fae53fba5d405b2e6a3abf01",364996032
"fae649fc7256b9a3ec036583",704465437
"faed63c1287896e97987c4c9",744673025
"faedbe92e3296977872a4aeb",1165018414
"faee4c33e892029b79b63742",827735033
"faee80ca0efce20e731823bb",984933642
"faf872c4bca132b52dec368c",808974275
"faf92fbca9baf8cce4a00063",647206835
"faf9f8aa50d936c1465e880c",770955942
"fafaa5dcf66d22bff322c72e",526599664
"fb01d990afd25ef96ed048da",1080372651
"fb0664d59b6333ae1861f343",895362369
"fb06aae0e711d628b16eb910",923976243
"fb0dbfeedbab00cdc7eb93ee",727623925
"fb10f3b45e865b4626f65ddf",1000749042
"fb14ddcaa459b49a3b30eb3a",1113162996
"fb338e93dda9159476b8382c",441358186
"fb39ca089d05381b3a7ba847",412117964
"fb3d29813052141c015669c2",633099445
"fb50f2f13a30fccc3903577e",1039832943
"fb63e870ceb7ff355299f3da",718476546
"fb672b4cb1b66f2022f36a40",964402483
"fb7048ba61e9e6b1de829bdf",724199091
"fb7154b2dfd2a48c13ef70cc",1007011421
"fb72b8e0457c0199e158e599",925636895
"fb76da6072bea5801e407990",469822629
"fb7bd85c05cd74d945d22de0",445202689
"fb82175fad61a81e9b665fd3",1111835816
"fb8aa6b6c5d2499d404f3f73",670620282
"fb9371f86ca6f4e62ae374c3",554586056
"fba35c04cfb7b6db50cbb57b",937824806
"fba6203abad5f4b3b721f29e",529303018
"fba83f5feea2522888377066",397775778
"fba946e4ceea37176170835b",511897961
"fba9ae05a6a8a9e0c6268a9f",528761317
"fbaf74ce4c2c6e88950d3fdb",968181324
"fbb0a76f05908c118f7a3df6",443401021
"fbb89795386c14f5088fccdc",768462034
"fbd613ac06b6bf20d76822db",573451428
"fbdb9caee4455e99259cf921",518912567
"fbe3b74f9e11c829d4dc69d3",1042723436
"fbe555f6bd0edc1bc950d9ea",1075154643
"fbf8b0f1159e89428778c847",561754981
"fc0572d7185e132770c3bad7",738607837
"fc16776abc877decb82a5954",1095724565
"fc174b19baedc11f78b647d2",874329073
"fc17f35d300be9680971f95b",650720277
"fc1b713d5605b0030421d5a2",1006781477
"fc25df25f4151a16cf0c90f8",1217265706
"fc2ac43013ba8ab17da28041",916324169
"fc2ceba651bc629e7f690849",792538926
"fc2f58cc289d29fffe8a5fe0",845428972
"fc321e2d9b4e954e80805be2",714165772
"fc43df7f26644fa464ecb090",537796331
"fc57fa9bbc16d1b8106c2c70",973659924
"fc5e8e45dd0a338ab5835428",762124816
"fc5f41aad1b4bdcbd8298037",628658927
"fc64387d7c3c91a6e6e876ab",709492903
"fc65a77fbdd07fb490ad870e",736277673
"fc6616c62030a53d2aa46b12",771995889
"fc72e535900c592d6053b806",854552452
"fc72ebf9381496067101da61",477150172
"fc762d2d172737cabbdfcc75",723589954
"fc7e93bffb7fbbdebebfaa2c",1038858633
"fc7ecefb27bbb5c3e25e899f",417901523
"fc815b59cce7934f816f0502",868280898
"fc8836e71725949c5f3fa7f7",1308186314
"fc9151dd6f8850502c747bab",764722893
"fc9fb2f209a4b5e66f89712b",689899808
"fca1c40a338288036b1eb25c",1221496882
"fca3a0fe5db369235960d285",452727718
"fca6d7455056792cd61e2ddf",439843803
"fcaddcc78938f3a234dd2d3f",441996240
"fcc4c878af8bdbda6e1fc86d",1069777561
"fcc6c3c10bb52776accaf06f",701238112
"fcc96840d952d32a7300366c",484629102
"fcd7c10d81aff25d9233214d",574925803
"fcdbfb9e15352cf210cce7cd",768959053
"fce26c7fbf0bc93937ea5198",659979637
"fce385656705a8f4389cbb6a",895704232
"fce89a9ffaba32f9f7c5895d",1041247525
"fcefb2186b13c8bc39b17915",873167074
"fcf46edf6d612ff1f5ed6134",836516060
"fcf79745f8cd716d3ff9d27b",654483461
"fcfa51e5eec6829b9f4f2c59",453137850
"fcfd6f08490be39064aae41c",526266365
"fd0c010fa0c4b84dc75ede86",921301502
"fd0f6c0b5234ec1f6c7d1fd8",772441951
"fd1431e595693fac0406151d",446302767
"fd15189b99da46b098a949e6",660597747
"fd19e1b2e61f5efde879f6dd",933135868
"fd20cc372715855081e24eae",1025870307
"fd26da8e62b5d1155962f0c5",612820738
"fd2dcbcb8a31e97f31d22a53",906770254
"fd2efcb61008dc9d11756381",901327770
"fd36cffb856c2a14982a5fa9",565990707
"fd41747287a480d5c4dcb56d",1103727276
"fd45b984efcdb0b434033fd9",430776610
"fd4ce3ddaf79d1b97043ce0b",1176389155
"fd5758238e7ec91e415779f7",907191309
"fd5793113661540ee34b8cb8",721429910
"fd5ba2795eb7b5fe338d6b4e",680633306
"fd6112c82d5808311b08e29f",727751561
"fd689e54d5c418dc9f2425e7",918428798
"fd6b2efe5da2c35058333bbf",756873786
"fd6e9c9ed7679485dfd0b022",885010636
"fd77ee8ca0551b5b614b40e1",1233554396
"fd7a48744bf966e417f34a51",1071961056
"fd7b741b96080ca5b964cac4",1007108643
"fd7f194d9929a6f28ea57cf4",459121673
"fd81506b0a00fab1ff680b64",620536696
"fd82c710aad91bc90af490fe",839768377
"fd8b9540f1e9da778d566d25",440998888
"fd8caba10cd4d1df27605358",578538015
"fd9ebf37acdbb0e4bffd2fb3",518705422
"fd9f78fb2d2f4d01e462bcea",1064493465
"fd9fda1abfcdd1066a177e14",577265010
"fda25a0b6b9f62f92e3ea6b8",843072919
"fda6cee77fbfbce6ec0eabdd",734534929
"fdad0c86eb89fe93633c8571",413575362
"fdb192e57e3e48f70a492b87",802551242
"fdb1cffa6b7346fde667d72c",471818971
"fdbc74fb5882051327b3caf8",569070470
"fdbe5801070756d1744211cc",699527163
"fdc00f6ebd155e84a387878c",480923174
"fdc28a68bf8a5bc86288b4c7",728028492
"fdcf0e439ae8b2ff5730680d",888483652
"fdd4b5fcf9ebadf96545038c",963986095
"fde3d4a4a819b1fa40530238",507158445
"fdf103976a39cc12f5effaa2",648073627
"fe004acdfad6ac6b00911ef0",715377056
"fe0182e1795e2b87eef4bf41",568022250
"fe2bf1f402addaf17a213030",699023710
"fe2f1459eb0a380dc31e3a4e",835130823
"fe368a7d2e09fe88b1b972e4",437513732
"fe409f9ea8d18c9d9ba4d02e",468737865
"fe483817d899e0044abc3787",844578127
"fe4a6d7d7ed28b85c5816fa2",772973055
"fe6c19c6f54606a611d412c8",456350175
"fe6c8cd2e792d62a4c324da5",515109212
"fe6fb32f623a9e3d5586a8d3",838249125
"fe8305e287f6a8e7899c9459",637686710
"fe8a10fb4031669a9b21c919",1085781750
"fe8a78de9ba7b59a112e0046",575764646
"fe8ab5495cae81b5478026a4",668148133
"fe8bcbd17b16ad023a202843",1214056091
"fe8e45caf7605fb91d6bc5f7",673724803
"fe96a7d758a874b1f0c42145",587369962
"fe9b6a82fcc3266ddcb3e36b",874329073
"fea142787b18327108ee8929",577858993
"fea5eb95dfad452d6786b042",480669491
"feade1f4b3b06fdc12ec213f",787064861
"feb3384733ed8feeedf9ce8b",820181883
"feb87029d5a2e8125e165bef",472774573
"febc9a1b054671445d756cec",737420611
"fec1212eae4e6369d5555d8c",793202323
"fed1a50c562ffd7f30451adf",750368081
"fed1a608e3c0f2b79cd02ebb",460678397
"fed2e1459e9ccc06943a05d1",1323752224
"fed8f3bf4a2d7a426901706c",664350897
"fedc2418db2353b7c97a260d",1157585165
"fede7e1a7a6f23338af6f40e",1126093507
"fedf2e30e390f5cf74b27e97",466686962
"feea3a2bd9f643219de51c46",587890762
"ff03a8cc833d067d439b9903",821082143
"ff058f978e97c389e7a31f6b",731320680
"ff143fed55f12a0105f9f88d",786325825
"ff1498465e4db86f4f652e87",515547860
"ff185be4fdbe3790c72d00cb",461603864
"ff188e88378c8e2abed8119e",695207937
"ff1a7adf260e637bf316812f",374283293
"ff228869121d053ca7bbe431",1066244368
"ff25ded6333278149f8fb68f",766413349
"ff27ae490bf03513b6bb386f",1212174021
"ff2897a56a0fd08996d19424",957924508
"ff28f1a1ea72e21acb157f08",1239689058
"ff29f12bbd7ac4b860909966",1131078773
"ff3696c808d4835d6c7cc9e3",834491972
"ff3b85eb538fb9a7dd03f459",401836276
"ff424474d2d10a2c2a1c1892",501239099
"ff46d9f7dd86b8bff7cc305c",567176327
"ff54bb34225682d25c551178",1054470073
"ff56b24cf15289dc6d14800f",774153253
"ff5a27ffe7de039e65170f9e",824308353
"ff61104cbeb37f077c565fd1",502359200
"ff61abc1e7843e20b1bf8656",416011228
"ff6fa86afbf9da2aa8eb7991",709909156
"ff71037ec8e5a91aad6f0686",597729065
"ff7ebaf86962fd0ab6ff41f3",605608774
"ff83788b9f8db0297f6c0148",979829490
"ff8e7294270343a00978dbc2",684375185
"ff9c4796bc3ef18ae7bb724e",976185496
"ff9cb7bc0b972d4515ea3837",390832510
"ff9d1cf7bd90c5e47a0bba3f",464333068
"ffaca67ff9f0d7cbd5bbd295",1164221567
"ffad647e8ee35eaea6378fb6",735626148
"ffb510bd3f847f4ede255fbb",425312084
"ffbce3ccf241890ec95104e4",517637311
"ffbedc0873b99654d10188a3",421830177
"ffbf6a54fb00029ba24dd3ad",453973509
"ffc171cf73514bed077339a6",404220758
"ffc49242bb0edf3e22076501",1153452533
"ffcbce226963f10da8c53fd7",816470339
"ffce0b151f293cad0a6f770f",1234774016
"ffcf6794a400aba909383b41",968973434
"ffd3d51ecc85abff64258e1c",778582360
"ffd916080b1019827491de0b",944799887
"ffe653c61bf13df43fa22190",532357950
