"property_id","price"
"0006c9478f4e7edc53d84916",447135889
"00076c8f390d5dcccc133309",957936576
"001399d3861c5792ccb8b515",1095083498
"0016e35cfd881ee2e37b49b3",772656691
"001c03f6103d35389825b62e",753154684
"001d77bfb387bdf0b53e9e83",735622282
"001dbdd202e9908ee42713a8",1089870005
"00304df33a3c9a7e396ddd3a",880409479
"0037d98f6ac46a86e36def45",697228128
"0038a3b703f4ec779bbcfe6b",584721082
"004776514ad269b380581066",424236977
"004c9da9ef1b3b5e309e475a",583293056
"00571815d5a7f208eb3e7737",1245095636
"00586a92b53f4a8f9f6b3022",845448624
"005ab848b35907e42aa0f4f2",1405653824
"0064cd1c55914cc8370a096f",578899565
"0083ef74db679d22463a1afe",680384813
"00858277a3cf4f31b8e3f738",692256315
"008c7a02d158f3b17ee8e015",474304355
"00a5133e7373eae3f0be8f2e",464969042
"00af33cff3ff7c6927306df4",642859609
"00ba709f184e70be13e5bf9b",649284689
"00bff9be2d524083e3b3149d",741871371
"00c1165df93a4cfe679f54e2",916326529
"00c75d59ed4777481a50cbd3",1074330847
"00ce045307538da1b0bb7972",701496684
"00cea81b78d6007eb405d5b3",638871081
"00dd36caffef00fcde85b235",1039743054
"00dea98fbfbfeae74c513bb6",1394350539
"00e7c5894c739852052f566a",808195822
"00e80be4feb1e8593b7713fe",501142996
"00e9afbd1d27062a7bd40a3c",1270413579
"00eb120ba4410ed8efa24a8e",714116467
"00f2621035b1969d53f03fca",982857378
"00f5ba660a4fcf6ddb96220a",571110670
"00f6a62599f25ac506113149",1034289853
"0100b3a412accebf6a3aa4b1",397693167
"01018b9796a105be650ec802",1168845092
"010e676743f6afc01fd0838b",1270166445
"011a6d0f12ba108ef15076b4",442126412
"011c2017b63235bf0ed3f241",499940065
"01230eede2a4a74ec4ee5105",878172210
"0123237414f757b9c3809f88",1250848855
"012b8d616667a6dcece0dfaf",793283794
"013e2a07f94a99323b64d370",1595039864
"014799b9ef7d5244fb6640ff",1334659326
"0152ffa8757aaaf417e9f997",1229130762
"015d17895f32e2a8b616ca1b",753798524
"01636da0aa2bc223af023a13",714616521
"016bb199b12846ccb0b03191",855089883
"016dd08801ad1a1e7f6e695b",1525691835
"0172678cb0737e21a317eda4",361825521
"017487de3455d9f642a7fadc",951205477
"0181972aeb6bf451012a47c6",1033217233
"0183b38955437e8d0128a013",1315479455
"019cd320e02a64ba3ba9a37d",801018236
"019f4a25794ef01294845b51",881170507
"01a5a230e8a808d844e64397",1489093315
"01abe3cfc94be46c1153c82d",840025298
"01afa737bcfa6b1ab530eb09",1084491014
"01b78983d268b52137e5ac1b",361841395
"01b7bb1556b5c32df8f618cc",855558095
"01cac7d033166094ab9f87b0",733337401
"01cda25ee8545b9fe19717ed",1335782435
"01db5867a69f8ea7849d69e8",1322738098
"01e033f5bd502c4ad398ece7",528836184
"01e907d7672006fa2bba8b0f",493370670
"01e9c7531cf3c63c04b9189f",675372067
"01eb0a2c1033c30830161321",619957234
"01edceb6c5afc2af1e129e86",348660445
"01f6c99999c154461765f4c4",624408601
"01f855427cbe3eb51b38288f",845079427
"01f8b6799e2910f7769db175",995331065
"01fb5931cb55f5308382818e",1195466189
"01fe5add1e7df4b15dd73bc9",685633513
"020473766363019ee40d6685",885608608
"02060d2f56e979a61427f806",798903473
"02091877f01c926c350b013b",572044970
"020dfae44183c65b708727c7",493114777
"022357a3d48ea87d58ffb46e",430293538
"02259637b8ef1311c69d3d90",983136741
"02277f636716264116015dde",371314215
"0232a50c9afca03cbf4277c8",484914482
"024c5c787d005adbe770b9bf",479797374
"024d2e34a561efaf4811c17a",975966061
"024e94e72ae88464621539eb",840669638
"0252fcaf7bcde09274d34be5",759320950
"025a98586386211b1519f9be",461953788
"025b094e1ea7248f4aba72f0",372343984
"025d96090a8e5bd6f786e9b6",786520623
"026c6384ceba017c5f2cd66e",563086011
"0274166db611aabe4e946a83",563412602
"02779b92b2f9bafde0c75c11",644635079
"027947dd01dc991ffefc5082",467709496
"0283890ab76b10547b27e634",661451994
"02888257efaae858fdc7938e",692340824
"028adaf559a05c8882893767",1027876676
"029224b78e8f358aa9c38e94",415078776
"02990998f3621fc5a3d0ee63",425626972
"02a0a38b45e1b196165b0098",687258343
"02a2ebb6eca5772e3526d78b",769930698
"02a9c37b3d92a6da473c6fbc",446851129
"02b47e60ab77588aff6cb433",496647821
"02c6e8c7f36a2c68851600c6",637916452
"02cb957c3db9ded3691a9004",709921406
"02ce5bc5d5d286a4cc0928f6",955564264
"02d598a32d864c289e3ba6b0",857585617
"02d5bac2567ee9e19041ad42",1296629619
"02d89daa77bb313328fe0c4e",507095767
"02e52d3895522d9be85c4544",585214237
"02e8811bff38125bcf8e1a6d",406290277
"02e89c055b7692dab024defc",541167596
"02e9b077d6cece81387fda35",783853355
"02ea72128a99862e9537718e",953206917
"02ed31afcba033953c79d95d",598442362
"02f6ffcfcdd3dbba94dd7b33",1088000724
"03025756be203027ab75aaae",554489414
"03243195c467c67e67a7823e",525967253
"0332c7ec0d3e547ec6d61664",1017753720
"033307467830cb865a785e3e",597557261
"033521a46dae036839ad6c90",358956366
"033599f7e7ecd8d9c8cfba46",823034881
"033d3f8ff56907db4c453700",646734864
"03463535ae93b8b123eaba8b",810398555
"0349908483ce628a0a5fc164",1242756253
"034a30994bb2e0e446e35957",868944987
"0356797c1683d002bcd94899",907930568
"0357d0ee6e0646113ea543cf",544335349
"035c61042b7dbc7ef888d1a7",1481831595
"035d955df5a765531d1d0d07",1058827428
"035de58d60807ee2c272ce82",1167750972
"035ea0f13f2ca01c902d5388",712217547
"036177aff84b1901e0f18759",482044716
"0367da7dc5374f1957a1b7f6",1169991563
"036fc9e01b2b1e3ef4574372",983577508
"0379b6a001e4018c34e944da",740867396
"038272b33c075765464761e8",685260908
"038bb35043651579f443c481",942908881
"0391d158ab104c5cdba31872",901942992
"039a9029c4341b1528ca6b46",346595720
"03a84af05df0f577e09d60c1",592892333
"03ad99f1799f2a20c8cc0a50",632664884
"03aea1b6ff072f117ec733af",490002978
"03be8ec62dae56680beb2cf3",929114116
"03d54a6e80d48c96a7f6a1fa",532579449
"03de77e22e987fc3fed4eb78",970617765
"03eb8da7205428e61bfb2845",481529193
"03f518e2e5861002772345fd",367407798
"03fb5bfbc1895115a04e8116",864913672
"042bd2cfb2d33467149ece1e",985955425
"042ff73057dce4d92d383cf7",358479478
"04308f869d7c992ed3ea646a",784533912
"0449a82dd1667c8c564904f8",1019239830
"044b8431b186eb022cf6fc24",578365396
"044e2daf937c0d8373f2e914",1208266709
"045108344bf09b01b597e7ce",1040951496
"0451f65828e628c2220df77f",874716841
"0460eacc73398bb95f0518e2",1081854814
"0466a7e06b152c1860d44334",1204911291
"0468cf58f40372acb9d5fefa",1133707075
"046aaa4162cd410e92b216d0",604967901
"047b0ded64dcae203a3015eb",750022401
"047f94605add5f6f84fc3f90",859644177
"048051ce9bf8f6a48e9451fd",1357602315
"0482cd89d767b3b7de976c3a",400767976
"0489a476b376f7f6efbc193b",389724465
"04a071d777e60627223e28d4",371345379
"04b28e63fbba92daf83865ba",1098373966
"04bb7cdebb8b66e783058248",586245404
"04cc75f46642efb1192f1875",543422466
"04d77c8ade9a55fddd28b00c",863054820
"04e29dbe2175919265c82463",877413772
"04e337d3c692f3429d47aef4",948998249
"04e6a79dd3e4d8d17c8b5387",1474475914
"04eb0b590ce7483c615b043b",843848862
"04ece9352b3810031f3f9a90",723273298
"04f0fd25e2456759753bd2bc",656446003
"04f968f1873a655fde8702f6",417689268
"04fe204d03bd1c9876242ccd",1089092825
"05076b448cfbf9dede72904a",942008285
"0508cd7bd2c77ebb6fea1e56",497258245
"0509650d34981639b9c64a22",750247032
"05119815bd72ced29391ba87",1128423768
"051416c05445860d5b4095e6",466601057
"0515734883eea12cdacb7aab",522864505
"051d68945b95562009d4029c",513259221
"052505ca8210e5e651fc0b63",1036317854
"052957f95b6e7b41bc625009",934276484
"052c93502aa794e0574db9e9",712444444
"052d00805b2602cac76fed4d",593579157
"05308c4f3d0e0887e4a68a92",740867396
"05397b2087e5cf381809f169",582379262
"053d37bf1d988505b5e91809",703152401
"05402dd344c77623fa053ffa",841505451
"0545fc14aece3f37864ced2d",752853074
"05498e49d0b875ae6aaddd83",541235725
"054cd21c3b12f165bd520313",801230632
"0553a3aa7d961ada6dfcd52d",599363069
"055d5ab6b22d4d0ac325fe73",821068686
"055d7c66464d7e327711b497",803573765
"055e29f236bb61603d4ce9eb",939064447
"057585ba19d6144408d4e2da",505950920
"058265732a484ac8d5497f5c",524196577
"05858b1e4445f56f22e1f4bb",862937951
"0587e7e1f03af8ea6c46290e",571818068
"05926b977b5df59857194ec1",706079516
"059516a91f938d2e8fbcca0b",891057656
"059aaea3859c4b9662ab4df8",395688109
"059d77736dc72013de7767f1",748521822
"05a98feedbd3f422bf063112",980765621
"05aecff6fd8d866c6c157a9a",893271526
"05b12b1916e51a804419c654",459306627
"05b71daf88eff5ae8cf5789d",676634364
"05bbd028f30492fc0a9f35d0",637601397
"05bcc7d7db8d352216a4af59",835023693
"05c47739fa4c4f00285a2c48",1214007198
"05d1c33ea8c89ded7391ea92",699120418
"05d9818d3f9f2a5c358d3911",1205621639
"05db9fc492801eac98f69c7e",403010107
"05e06a93e9f01dd3984a85ab",553711563
"05e8878bcb68d03e3b656eb3",816358995
"05f79195e285c126125d258c",808703139
"060451a9e3e0416ff41d253d",842395115
"061386497cc2dede3ea70b1e",586542914
"0616401503f2ebc05af7ce4f",365447374
"061d3fd39da1b4b1397054c1",660471182
"06220a42e68510eccb4d790d",452679343
"062b36cb4a87cec372f9f91d",1047721988
"062d5544f5c96db90fa3a526",1191668908
"062efee92601be294d7346a1",821206511
"063e53d45e5e7945f1f10fc2",872510680
"0648a4bd7ca088f4b3834401",1002957706
"0648aae13097ac649fe714b9",771246151
"064c1cd5e94efdf8c7262fec",745151513
"0668a4a4521c783a2d817413",714408009
"0669fb98aed75d79f8decb7f",823534233
"066f1b68f7c053a196662fe0",999253363
"0685f2225b939147c8482e6f",432728088
"069499abc4e393fe540777b4",398292106
"069798704327652a899a189d",572385491
"069c529aaef7d7e0774c4a66",716715928
"069ddc5d1f3c855e6498ac50",332415664
"069fb1f8d0f06ac2fee87314",803314782
"06a2efde5244f7d653ddfb8e",680791124
"06a5364639452a9d663a2dbc",386496202
"06acca3d0ef4685dc055ffa5",414631706
"06b90d41ad3ce1d0d389fea9",759829469
"06baade01a74972cc4a419ec",752537230
"06bbc353bf62fda3b3786fd0",625258337
"06bfbccfb3ec0b1f65f4b351",1082880847
"06c1673c4a7444e7aa80abb7",501188879
"06ca01d3ff86406e896b6fa6",865659654
"06ccfa37fa6b011ac38422de",396877059
"06d33fff99a62c330ef2d585",703088029
"06e350e3c733e5a0afb613cb",588126950
"06e59cc783be86bd145a56c6",1106623405
"06e91b526821a6ad1372fc44",370892353
"06ee1d8f3ea326a0e3a9791d",788423636
"06f22f7a8e4e78f45ae81638",666787338
"070062cd1c769f3be9255af1",1167281104
"070543b03770991d65cc337f",1143329160
"0706ce398b2bd64913e68d39",1159592023
"070912b7e5fb205918c1f4a3",415548520
"071f284d07719a3517c55567",933394815
"07284e4caec09fbbb16adf2f",1153107687
"072a6f084d31a5a4be4060dc",1070477226
"072efeafd082025bbc5a25e5",781494682
"073a3ae443f3333f0f526f7e",877331772
"073fccba71b28afd815be434",639152629
"07412230b931192771072334",811891541
"07481a101afc1d5db45245df",699035081
"075a5474294e25da55373a09",376705035
"075b5c16441d9d67cf638386",393103387
"075be16d8d9ed6831d139b2e",713592262
"0761d0b7c6e319a75b06d420",545852247
"07641db461323a5cfcda4f98",532840578
"0768e70fbda0e09b88c1548a",530225943
"076ccba20dac8bfcf184b8a8",733190549
"076ceb408227ab2563a663d0",371031033
"0775d831f68b88ca59eb871d",1105372458
"077659c14c3cebbe192f8247",1258814067
"077db8e0877b924d1b57ab1e",599516277
"078144699729ee0c46f36123",1043113916
"078f7c6532204fe046b13d14",1005060370
"0798af235e9926b1e7e4642d",703309334
"079bc331430e94ee76f8097e",812988663
"07a6da2c9c4833ee4cbe8625",792034983
"07b7ba964a8e30dc16d66443",1392862007
"07bd45129563bd2fd974deeb",381873186
"07c46b493733d74c4f384b79",662357194
"07c753474a847bf2bccd55b7",716951095
"07c8af84608e6c9206ad6961",616769230
"07cd866c871333283ecb2d23",687925886
"07ce6f95a7719abc9a204b6d",1065476390
"07d1137c1f0aaecbbad32f7b",701057958
"07dd30f04c5953f325df9aad",1040951496
"07de14db9dcc2d4f9eac0dd2",1418839128
"07e76c765d1137cdd7c2ff53",424230504
"07edd16680605925192efcf1",629301097
"07f10df13b244dc33b464582",822830830
"07f24808e42c9e11a7c20232",699213767
"07f4aa9b9ff5b0b05d31e6c0",932638490
"07f9017eb4b8c169eb9de536",1307335213
"07fa1ad76017843232107517",1167281104
"0802b7e10706252dab8db909",820793105
"0803ef3270948a30b3fee2f0",512307572
"080969c751cb94822aeeb755",364790660
"080df3efe1fe81f97e74c4c9",427310759
"0816f29a68aa35abd5978e7c",754076062
"081bbc273db70f1d2cc84ed2",855303565
"081e008e772c6a79b809a87b",709471997
"0821109831351eb2501e362b",1269456807
"0821fde7debf7cc445434024",463363061
"082293a465231208059c5d53",563532973
"0823b0dc92805ab05d3f8650",1688925428
"0823be832fff81b3f1291859",420318583
"0825f2ca4baf5b34231ecfd2",1172460062
"0838d0df248d723da4e25ea9",829833416
"083f05fe52ab15e8d481ad41",1115094307
"0842816a5ef4f24435c8df22",1309131798
"0842a0730545c623043b1d8e",856621088
"08451af5a81fd6a63c4012cd",527371602
"0845e73ae95dbd4aec3f1f43",648746203
"084de1226de9a6f4a6075c2d",601606776
"084de965e32a2a65bd3aff5f",700487222
"08513fe1cddb2cad74874a59",514063581
"086521dbe18727963538aa7b",775865743
"086540702ba0876c0c05c5d5",1156987304
"0867853879129bfb46dae700",968250983
"0872074f7bd512dbd4609c85",447712783
"0872198056be7edd5eff220c",1065104556
"0878a639ab8e6b6e69a3df41",930083985
"0878fd8b66aeb22f6af2d7af",511414261
"087b564ba475edbea431d4e4",926535686
"087caf4bce7b0a3fe3c47dc6",611022430
"0880b703bf2064f59f2bf20f",782250773
"0890a0d20f33b9af2bfe488b",435845103
"089dc5de66c6c4132734b9c0",761358526
"08a82bb9fbe4b7abb50cece1",580863884
"08ad96681afa49c74721daad",686281151
"08b09c586530266c14e611f9",624631351
"08ba99aa6a8ee752209de6ae",548106773
"08bb88dabf0070f72a801a4b",954649760
"08c1db1e620e975c4d476b2c",423137128
"08c61259a756e617d976e8b8",956886559
"08d0615cff29645ee70e20e9",1019936036
"08d4fa42a34c74c94db5080b",1148809335
"08d90f931e7e0a6f43c9d0e0",764983044
"08d9f04bc4ebdc74e9d80b16",862937951
"08db0ce5cd15db2404ff3d28",730702741
"08dbbd8d672fd09463c061a5",454615801
"08e1ad8d1f0be0287a395ef6",638184189
"08eaca41f26eb387b67bf30d",1128415159
"08ead1ac0b9b30c2a72db17f",1245706117
"08f1c136d5a456c0215ebea4",940399782
"08f35bfbfe1bd663c40d9e54",564286950
"08f6bf438980d55b35ce7537",1485181798
"08f74ad7f06f2c409903ddf9",877460632
"0901e845b6c56d4761377a09",600940463
"0906b6a88fb1eb0d7bfb6bb5",510467006
"090d371309090bf83b6fe0f1",841057762
"0913364c688d7375d0f7af5d",412529446
"091f6342ad934f4e7f84045d",1259157456
"092045750c36a8945c526a12",708560520
"0920b2df9df4f0e509a7efb5",575251908
"0922cc27581d9058e55a2239",519030112
"09254c66d93cbbf2675b775e",963209484
"092b7b5bafe25bf485de37a4",687618919
"0935e87627068206f6d9c0c4",686001087
"093a92c6846c924f88ba8750",1018029409
"093c849ad2bea8292c4d15f9",1048945706
"094da6ca19427f1a943105f6",1246048308
"0952c73b02dd5432aebdf2c1",504457340
"09656004f0a7f544580958fb",1426303507
"096912698fd9a59d94935478",766230122
"097314d920292b46eab5dbc1",593040493
"09759befd8899fc1e359935f",934673953
"097a1a08a389439cc2c760f8",358861896
"098327587a877bd50df27551",602122212
"0996cb112fc3919564e87c37",1086644391
"099721566fdd0a32546fedbd",944716261
"0997324f14c5823413463546",1203058081
"0998999f12dfdd50c597c6c1",849053922
"099ee1a7c91105ef46b5e7e8",631602663
"099f07f9ec4ff6d835337f86",567015467
"09a5fd22f920267b464e2a00",786685659
"09ac622c303bce9ad5514442",433492223
"09ae7df5577582ce7e7b0aa7",980812389
"09b15382686c42fd89b24285",1281846116
"09b18e3f3cabb7d5469a8d51",865177663
"09b61cf8ff3ff09ac892d073",600424893
"09c28a830f8093802384071c",592166770
"09c4d4b5d1c0118d877d5734",648091956
"09caddf25db3ac8e1a98565b",1211192461
"09ce36a03c52d6721bc5276b",627230399
"09d4b5b5c2f97ff88215708d",924817769
"09dcdf0b8b37c1d537b9fcf8",664573011
"09e0c3a1b90d46c361007323",528128568
"09e4397bf9794fe24d87d07c",765688109
"09e47ad8508e7cfee83c6d68",1039289011
"09eb808ca3859318d6328db8",975067366
"09eeb116cb0944a28742d282",1037831072
"09fd7896d5445f422892b196",736086850
"09fe153b0027697e58bd08b5",345516539
"09feba43c0b8f3560fe09be8",1326507660
"0a00771ee714a2f3f96c31a3",661987137
"0a040fd24e23a77f0c58495c",797362887
"0a0e3ee960f60d04ffd6bc0a",923272078
"0a0f206f04bfb10c137388d3",1404375535
"0a199d5741b5a6213b39b793",568552189
"0a1af9bb571b90233856289a",517674634
"0a1b14f320e330b405b27a6b",1027220112
"0a1b1a3d68b04cdcb2d757cb",1225909124
"0a1cdd0d5c3c8b973ab1a98c",1289885695
"0a1e6a95a0f9598150c121ce",1255528994
"0a231779f131c36d8e6910f4",655741465
"0a268e25a5f3a0bfd8898a40",337281629
"0a2a67e8b310471b115c60bf",558379114
"0a2f7379cd1bed7d2d2d5a01",992116507
"0a2f8c8ca6094e6626d4e8b1",761821911
"0a369278a1ef6f5e9d79e2e3",710013488
"0a3911a1a9284f2ff81689e6",464575443
"0a41279a5ea9b92bf8cb79c0",1133333046
"0a45eb817938241ca988c2e3",1157459651
"0a482968c7cdf212401d72b7",845761519
"0a4b0a004c894654663bdcdb",1290788927
"0a53b0b7c365879a6d2cce39",793922566
"0a5908a92d0ba3e36f54b1f3",430378080
"0a59b506798fb96edd7681c7",877644750
"0a606d19ae362a58922b172e",496181031
"0a61250b2c208d42a3077bde",1100011366
"0a6966f19bc2c303886ca82c",1112642594
"0a6ade3bea1768aab76680ed",1276629505
"0a759932f763df64a463ac18",678415119
"0a7758f69ddd8fb27a839661",471554040
"0a7fb26822c2ca556f62a257",629766985
"0a85c354c48921e0ca202d15",1439383228
"0a8aaa78f68d43e3b1bf6c51",667051924
"0a8d749a2336d8f66a4f19ef",487499975
"0a9e4dd0eec86037a36fe769",793828686
"0aa1332c56bf357f492da2c0",393454443
"0ab4a4b8adda35f634812221",969287588
"0ab6e52af85ebf23432d7698",562649062
"0ab85344c5fe6ccb0edb6313",1067323258
"0abc98f7ea1e477c6fe3425c",1004096581
"0ac639a7c5ec115b3df8111b",680997618
"0ad01fb039a198262ec59b72",869256630
"0ada7044c5b29925abc90879",670167408
"0af13e27cfe9b8f237a9949c",687194115
"0af466463f2cf50d61315da4",952716157
"0afc6cbb60f34f1cf00fdfb0",947632629
"0afec1b2e7060b99dbe41a10",402917107
"0b06da0ceff947975cf8951e",1167425830
"0b117f10e699f10f97a7e7c6",1021279228
"0b221ebf810f632568c1e2c9",476118954
"0b3021c156324d1e7974ce3b",1412523376
"0b35c4a3f20cc0eb751acbac",395255894
"0b42bbe66e438fa81a2ff77a",733263272
"0b49dedfb53ec812962e31e7",771505097
"0b4b741487c001323f508d5d",773413082
"0b51fb3a65a86d7799f27264",425259377
"0b54c51a787fe58bdf677658",1240537200
"0b65098a19c2fc1caa6577ed",1431519980
"0b67da6d74bb3998c80893f4",797092222
"0b6cd71df4dde546e665f865",712444444
"0b6dcb5c1952dcea931e2c20",621333979
"0b6f2534f862a7ef551a116c",893239155
"0b715ccd3b3e01444b855857",398283749
"0b71d334a6db66cf6f1a8eb1",1035553185
"0b7c8732558fc04f4fc51ec1",735150995
"0b829c23806ff01a0c84e9a9",805934512
"0b937a3ea4864896b744108e",351254302
"0b9730cff49bcaeb4d703c06",1057096069
"0ba20e953e8e76add161cd6c",420295335
"0bbd23df46a4ea4e4734b680",804948235
"0bc16b384acd3f8263e386de",1040733118
"0bc8475715e42b752649b4e6",548665317
"0bcdef6d56052acd2afad93d",437698695
"0bcf7987c4b0ba485c44caf9",774942868
"0bd42f8ee9d36dae4cf35886",369365353
"0be57099d9c3ad8a16984861",965475547
"0be7803a34b11d89133beaf4",863609750
"0bf9fe130da23aea7142bb7a",711503362
"0c017cf9740cb67d530267d0",667716396
"0c068dbfdafa3429c71189af",525016074
"0c12f73305bc7d72bdbd9789",573884223
"0c19c54de06d1c139df99ab0",808461006
"0c1c0ba7d75dc4090b7183f5",1123480041
"0c25a552c34e114a1780739a",403700204
"0c302f1c924f8efe0b6bb58e",890356015
"0c37c0d27631960f9e0fda1d",819633860
"0c3af9e0e9c80a68acebd041",843419231
"0c3e734afaa6b7c370754082",871946704
"0c4781c598c06d538c5fcdf7",868824006
"0c4afcff5f5a90cb79807682",947086931
"0c5067ff99e15fcf99792cbf",981828733
"0c61a011d7fe0227be2b3575",823361467
"0c621256c4d7ca81045fcde2",734786516
"0c62d4d501a426cc8fde0c36",816035187
"0c7da0c2613129bc322b1da5",1219965752
"0c85506b301862fb58b467cb",472231788
"0c8b133effcdbcd49d52add5",971573510
"0c91369119a06c40623afbb4",480356851
"0caa7856aca178f826fe90c4",1028535622
"0cad79296edb4b18582dd77c",1016105027
"0cb4217cde38e09571fa73ba",1171065447
"0cb6801c9b57e874102ca349",609332562
"0cc2f3a49dd703e7554ba638",1237526401
"0cc5caa9b48a835c92da7653",942195164
"0cdcd8cd52bd1967dab88a5f",523469209
"0cddda1c211fcdce819d5f8f",644508449
"0ce068461fb3bf34eee000bc",538389886
"0ce9a7d4b0682dbbca68e070",616562220
"0cec193a20d720af010383b1",824198936
"0cf7a6d43221664a060ef681",704908824
"0cf7dd52e117832b4698b310",783975961
"0cf82b1128ebb8d1087b640d",1266960486
"0d00fdc440d7612434a6b91f",635696145
"0d027b81f8391d73fe0046aa",1015339779
"0d099b1e1a314dfd9aee5293",791005364
"0d0f8ce05ebe99dd3bb7b23b",727773486
"0d130b8bea4321300396fa34",1543573159
"0d173e7afc8f8babbef6ae97",1383475867
"0d1ef14606c58310cae371f2",441820404
"0d24fc1c5deb78eb1a0caa51",539334433
"0d2c4bbd8a4dbeb6337b5c14",643000632
"0d30768d188b6bb53d599ea1",984086042
"0d3245463127143a8a52014b",1008597695
"0d3bc6532812ea618d154bdc",1304607632
"0d45e78397d4bc0d363be47e",641243117
"0d477acd9c95e9ec63839a53",537613086
"0d50b435188b7830a6949026",345353141
"0d53bfcecf0397ca27e5f78c",882702955
"0d63e52a47fa884e36f10810",631313605
"0d70ceba3aea278cb4a2082a",757996920
"0d7d434afcc5e93050e0b86d",1381108279
"0d8074979d302868c2534262",1165025704
"0d8b0ca08838d1dac052d51c",1061804387
"0d8cda2859d9903f6202af54",507870125
"0d926a0b5ef567c627a7eb0a",1168105167
"0d95d756b838d3a319277424",571085617
"0d9616f0ac8b0c2e9e0a97a3",598844283
"0d995f0ad226dd21bc96ff6b",620742895
"0d9e73c14529fa3f1ec8a56f",552144389
"0d9f91cbcc9339146bf75bba",534328501
"0da10eb6093728074b34fb75",902311216
"0da2a849e0f83b17b006e50b",1050826051
"0daf89cf494e0f40a94d3e5c",975908356
"0db51d4771623f5fc1026d74",574228030
"0dbe463995c605bcdffb133b",572629000
"0dc2a023fb6c5e0b92d86ae2",582610354
"0dcc222d83e1bf05f2c2c090",1023039729
"0dd1bb83f0f18af30da139f4",810851575
"0dd30227247f145bae82f96c",1377609160
"0dd49fa8bb7be52b851c6dc9",988859519
"0dd510aaba8036e8fd9d667a",1123197218
"0dd795526c080e8efdf8eb0e",539164724
"0ddd21dcfe89f72e2246ed79",410306347
"0de34892fee879f449facb19",568012401
"0de426088a306321990cf60e",458065181
"0df87025a6351b435958ce95",1630649166
"0df96c81adcd6fbc2f7141c3",696509046
"0dfc7d77d3dca86a221fe62b",1249117959
"0e001ee8f27e1a2fffaa0225",1201514772
"0e04f84529d92f2832ef986f",489121504
"0e05eba6eed4e55e89dc5f14",972109212
"0e0d19168609ac1d75253edc",518701545
"0e1bc8ba1953ec8c28e53b9e",799638276
"0e1c100d8e57de8296363d6f",538862466
"0e1c66f843e06f14d7264864",686121475
"0e1fbbe248919eb71e53ea75",625469460
"0e21abdf04b36e5f6a1fc337",1493943773
"0e22a41ec27869c8f83f9be9",962317030
"0e2a5d040f6361adb9927388",934474306
"0e2d6e5882fd3b4eeb9ef286",649849650
"0e3067f71dfb9dc2e03bba59",477435736
"0e35349077490a01f25e2ddb",1089533297
"0e3f82238c54e85ca4229977",611902965
"0e49eaa5cde9375b1f026820",556277527
"0e51111c47813a0b0dd51b64",723478878
"0e5db1a36a521a5d2912b238",537927981
"0e64230b70f4a227b444115e",878353127
"0e67ae9abf1e2b2f66a91a28",614677627
"0e694269bbff1e45395190d6",1412132774
"0e6c74a0056ee94b10bfa86a",749560474
"0e6dc789744b678028e74d56",469530208
"0e6dcbf136294f2a99410052",559065411
"0e776964ba3733f3ac18a7a0",827514721
"0e7dbec40eab1b3e5c6bc665",862256808
"0e97f66cf4208c1a57d1fb17",377178829
"0e9a5ea81f6d91038d8711d9",751104680
"0ea1a5d32324d270cde1993a",601113564
"0ea201bfd515584bbf72f902",931573558
"0eb7c68fb7ea1e58f3e76345",1048135733
"0eb8f10c9d5ded1b09f60baf",739482448
"0ebbe9d3831727f90d677ed0",1254861042
"0ed0dc77661be57aab63bc83",474043883
"0eda675541a035b1f620ccc8",1214943035
"0ee7273686a0a92fbf48a383",1248348647
"0ef36d33e6c378c946b8a65e",607933708
"0ef45eb4356e2f0331ad2457",980561740
"0eff08cf4bc42dd442a70231",944568516
"0f059b39ca45bbbcb996fa45",749107405
"0f06896d7502890175cbc4a0",1011360125
"0f0df5694eb388d843e1f17c",514476536
"0f10d20cff5664f9564bc88f",1167281104
"0f15a78ce3ff90b6894fe3c7",622187837
"0f1c472b94feffc41f1caa44",447802456
"0f21ea53a480e4363b8d7aa9",825852801
"0f2913c5aa681a2bd45a5484",797781231
"0f2aa0d9fdcfe894caa8fddc",1057392499
"0f2fb3cf22613a339c88f7e4",575563599
"0f366a36001c0766521b9dce",584093523
"0f3b424c398a8e8b53162c37",859832756
"0f44b84024412099f27439a7",500714001
"0f4765c8929a87746217e957",1261012897
"0f4abd70b68453d3500eebb5",398714713
"0f4b077de4ba5f5db6fb0065",587578664
"0f4de499e5bd2c57fcc75013",586894304
"0f601f5ee798174ea9d52caf",658742553
"0f679cc583a47b30ea132bbb",788644725
"0f728f676325ece6a001b4d5",525177323
"0f761aab549e7f6bc025ab0f",929695561
"0f7e28b6efb9d550ba28a1e0",864885628
"0f8ded86be8d3543a5069b6f",467028439
"0f8fa0a074b743c92f0fc56f",1449900680
"0f937643c067371018c8deee",1103352417
"0f9867abe3ea0b9c5363982c",920237586
"0f98c4e431100aa87e6fa6af",795354858
"0f9c26956bfe983c8c7fc227",1606906153
"0fa87864632b7bbbd161f879",552016975
"0fa99fd0e8cebb71a3bb0871",376775455
"0faec12daf0493a512b2fa0c",1388413883
"0fbc9e52ccf1b7ea8136cbbe",882346100
"0fc7d98f75bc1c0b782a328e",1137109260
"0fca6767d8f442da1f8bc6d2",469830315
"0fcab263453a9f196468e552",930484994
"0fd313e5a0f02df07eb6b104",381437871
"0fd954262ee740999c31d407",393642852
"0fd9a2a99c44c9e5565fc17b",961878452
"0fdd03a2dfb18e323d96f468",1333201459
"0fe23ccd8e42605f4d9f78a7",346129972
"0fe3dbfdf25d4b013b842b51",569378037
"0ff24418ecb6888dd8ec734f",1258746841
"0ffbcf7d58378c85b4103c7a",478941566
"0ffdec8eb5272d9fe4775251",531751189
"10037227b2a24d9a72ced322",958055346
"10084cfff54a17bcda6f19d3",1338858622
"10092cf2f8afb3658ae475ac",556318909
"100bdfc998bbde3d00548bdb",1243028875
"100e9e2623cb0fc52fb08813",1294005819
"1014341bbcd2fd5775631f78",609984911
"1014d3a98e886e1a7358e29f",689163008
"102434eee07ed18268857a9d",1441583979
"102de0a5ee4f19454b922b96",599264762
"1034b1af0331daddad70f3a5",528713140
"1034ee7a5160fecdb5e8c27c",727752664
"103687e73b0528ec29725f1e",585691052
"103f6eaf04b44c4013acf097",853320500
"104722434c2deed04a901aa0",471007511
"104cd052884247b14d697673",582775953
"104e960974eee31e7e0eac6b",975286847
"10563c278e7ce8eb2066d398",745459991
"105bcd15e02d39f70ec2ecb7",455499377
"105d05ab3d5334b976e448e5",927658554
"1062419f9cf94418ba88b6b8",596808915
"106ad411e13ea21ad68e5f59",1544707066
"107e76f0c913e19217662faf",1043193503
"107f29b67164ad6861cb7059",1284268881
"107fffd601a2bb7a3e4a69e8",916046931
"10970057efd092c98037498d",585865348
"1097d9a61690cc58a4b91e62",732546147
"109bb36f29b223a81dbfa340",923272078
"10a650e8cb5425c97f08f68a",939825983
"10afe23f1f58f96422c97934",389116144
"10b7c99bee9a4a21e1f32d50",711652657
"10bf1c2d1124f6d8f8b9497b",774727097
"10c836c2e566dfe9edcf3d8e",1364466036
"10c94f25ce3f7532bf4f3152",1167864570
"10ce9c7a0a58aad19778e5f2",1154150664
"10d01825744060a7b777ee4e",741168446
"10d0506d84d778da572ec635",596287790
"10d47d2c73f0ccbc97979bcd",569231446
"10e5e54ab66b58b3f41ec381",872828596
"10fbecd8de540f1fe4c57b7d",406729128
"1101f533fd18cae5d32c1cbe",881619368
"1102f91444b8e1abb636f1bc",892920617
"1103c663f6b5ed0309a767b2",587518148
"110539d2ac34e5180e3fd95b",869236735
"11075db1cf9899c8640e1b90",564286950
"110a2f124bad0f9381edce7d",1280184643
"110af3c21ecdf156898c7c0d",1278330251
"110d49e1d79a3534e146b300",1464084548
"1117078fa37ed101e9120923",786472619
"111bf82100a6fab0c9ded743",840971140
"111d509185303ed970d710c7",1372442539
"1122a042822658cb504dc147",840971140
"112d996c4c0662bd13af3ea0",1225787541
"112dce80bf512f3f24391d23",451314614
"113887ac25fbff9d30fe8d35",620749999
"11429e0923f804d7dc5d27b6",1105161645
"114318a8e5822ece53ad897c",409626834
"11433baf7716402e8c58bd33",829287536
"114436e00c03b44096823522",979752246
"11444a88bb3b230b4feb5b58",880485049
"1163ab2c0bc8c998e121b922",363279774
"11723d1d472bf1a3fdd8b72c",1112398568
"11727589f7c66554e9114407",753028281
"11734add51785f1ddb999c5e",634637307
"117f37774a78d65f9e68f906",487780865
"1181e18553eafcf5edf6fa05",774614802
"119805b72aeb50f05d3a5bd9",1080945204
"119833a13f3f7df22d2b270a",615178448
"11a79681fb0a3f6eedf11d1f",760521081
"11a905e4e01e7d15d35cbb82",673612147
"11bccaef3431fc17953eb81c",1059338498
"11be39d287e5a8bdbecb5994",853144739
"11c4dba68fb47eb9c49df169",448000655
"11c86230e62bd2c9ba44131f",1426338874
"11cd643195dbe5dd4567b62a",1194123923
"11dc32d92ac579720303c019",841441251
"11df35a3fbcef34e47747e38",835358223
"11e36a3effeb0119b8bded5b",721002020
"11e4350271e9cbb37bcb75af",464061785
"11e6e5ee92c97e31d34db891",1145949030
"11f8f836e5626605ee4b41c6",1332230433
"11ffdf367d817b582d590db7",539018714
"12062de068acd322b610fcf1",987881117
"121cc20fd81d6322f56d5c53",590505397
"123106a60208725514f3a343",821068686
"1240a616080d6ba5459335a5",1275972230
"1240f50cf2d8ef1d8713e671",416047362
"1242d7e61857ba8ad285b6f4",1365700185
"124959d1429de095473bf5a0",557358690
"12501015fb631d7c10ff08fb",666403367
"126f4d890004b8035a7de091",1108393600
"12785f791e04b3a49547fbc6",1005697015
"1278c9fd86258bcb435e7127",835686511
"127e08fa99afcaa339eff684",839535161
"127e197a2f70e7ddb5dc92aa",399863942
"1282e129e1a355b161621dd8",866464121
"1284d7ed08122731aa7c0461",395488915
"128cb9247755abf5f2801431",609855781
"12a63d4fcb56c1d690e1bbb1",613219715
"12bb70a95996dc6e286086ed",548623459
"12bf6b9badebc2902cc11c62",416047362
"12c7037cfa63de49e984a789",719974102
"12d1678bc86ccdcc8ad756be",928892624
"12d40725335f83e2fb9b937a",1024437810
"12d73fb8f4ca87b19ca46231",865682770
"12db154d9d29cafa574ad387",407565496
"12e32a758e15fbeefa255207",781461890
"12ed2c22a923c840ef616a3c",1266395143
"12f9d50fad58e4e40a187d98",1290567367
"12f9e1f78c630defe302f781",909440167
"1308dad458274c698b2fec72",421139517
"130a119701171ed3c439c527",699132419
"1310e9cafc0b9fc21c212f73",788031242
"1338e58f7dcebf5a1ea59388",514982147
"1340b0805cb34eb9a982190f",488151292
"1342c307971094041c9c240b",910752486
"13477d8ef90576ca84258984",467225344
"1355fdce5b97bb36da15734e",1220896867
"135ca1dc80ae4d9993ec46f5",591060924
"135f6f92c4ec95847e8840eb",609231458
"1376058cb128a1c7729cd2e9",1039516999
"1376106ebc19c929df27bb62",583690369
"137baf1609138c6ca2715c7c",480115033
"1381c0399ebbf19db3a11820",585553663
"1382140d8fb634851d4d210e",1484428475
"138a1990291ba31024455eb3",1221465196
"139331d23d9e3c40cf083a7d",962915581
"13a44ce5066ce00846b59ae3",1194080649
"13ab6a062601d40843de37b8",755459523
"13ac95652fb3cf6c43dafc66",437880729
"13adc7946bd4e6e3e4416e52",381914705
"13b181b46359620191e6e4c1",427117640
"13b3a55d79b79ea89a73d21a",795811612
"13c39860029403ea94b5439a",1403462417
"13c51ea93d19df6c273a1502",583934233
"13c7f3592bd432c7cd0a42ab",660054337
"13c86cdff4dd32a9f8b9adcf",1223484436
"13c9960a03a1c446aa5515cd",591898017
"13cf784fb3553f75acf25a4b",458934453
"13d08f7e14471fcf517c204a",472272322
"13d43933e04c3c7a9e5071cd",1299412393
"13dbc077e552640736267a49",336493848
"13e2ec0a12c8a48a753b85ef",423636999
"13e6c5cde1004803fed93cfc",559667146
"13f42390057bd294cd787822",711473507
"13f681a090b36edf38a4abd0",659251613
"13faa4142e9d60412abb4184",469506924
"13fc2dd1cd32d9cfa457a5b1",824766635
"140a0002732574ecc516e9a8",1137031184
"140c4de69883df9f3fb3a538",389539417
"1414ec3cdd3f6ab772fc7584",754021410
"141ac7bbe9637f9e5142135c",1236077967
"141dfd80a005f7b32bf70375",974513305
"1420543e2eb5f38e4d38ba81",1401381340
"1421bdbd9cf7572b799b732c",1089485502
"1427aec89ee9564b95e93cd4",477562331
"142cf530f13cbccc3cc9d0a6",897804823
"1432cf7de2beb14fc7603ae7",1179689824
"14331a3db021936067b15890",574225839
"1437d1f1601d26a3dca7594f",664732745
"143ca16847cc47d4a4c01ac0",443833142
"143f07eb2a8f0a9e26fc4c56",1357586779
"144162ecfcba71bf09048dae",615934556
"1441a28c376a20c90d72cfac",511951037
"145a241c80430b1e4ddebcfe",941923842
"145f33a8350a080231306bd1",882819133
"14611fccccfa2a6499b2acef",447128213
"146a5a4f3d111dc7b955ce42",1224651798
"1470749d0d2551a93827e441",639852768
"1475cdbbac4aa486266e439f",782586550
"147de03212e554abbf3fc3b7",471142286
"147e7f5381d3c951fc446376",671947804
"147f80fbae69dd577ff19950",837416136
"148aedc984c7f6831c7f9601",548423630
"148b157ece514d99be0a7f93",338605587
"1494f223c9d3ffba26e42738",1119155506
"1496d159d31717ce254f67a7",472481351
"1498ce1c1bbe2e89b84a4a45",831560442
"149e49c22fa0eb163a36c932",677517695
"14a14706d405569501327924",364144850
"14a55e5887af840860b41ddf",415671390
"14a5bf235097782f468fbf23",554280048
"14a8134a56af1b328321cad4",567608437
"14acd96163e6b3e17177f35b",651576070
"14b81320fc31c7a513242171",404046080
"14bc234ffb3ff7f974afc8e7",450143707
"14caab87a129f51b2b70508e",648326865
"14cd5f188cf6d2433240b5cd",547359799
"14cee0bdd9dd5537b96d0786",736998594
"14e179618d1a44c5c55e23e6",511138284
"14ea4a7c57d830eba13638b1",1054341433
"14ead7469d05e5eacce6a575",634452132
"14f1bf9aa68aee1ac094097c",956713188
"14f9ab54432e5f54a50be4a5",402255969
"14feeb619f409386e6eaeda5",451075371
"15005fe7eb24aa25b9e3cee7",655021441
"1508ebe40f90f90a68f6dd69",433113705
"151a16e94d538a7a6d658ee0",684471915
"1533da89d388196f19e2c5a3",958726217
"153436858070f7e724f0cbc1",929638819
"153c89081fd85dcc66a02421",845305118
"15515ecdd35e9f175842a738",991927294
"15537000b6806ee84d4615bf",1256106257
"1554f8aa4c8fbe17e9e82d0e",910042280
"1555743ec7e2f38904852860",604709486
"155a8e4186d1626fdda4d0ee",1040030651
"155da5ad9ad19d57a7632cd0",709463878
"1562a23a312478d7a05a33dd",897303223
"156a20e2bf9e48b9a360f9c4",459280346
"156dc81d6e14a71716aebcab",623368565
"156ecfd8ca6004281b191db7",1383053729
"156f706d1d30de19f7e369ea",536435151
"157195fb2358bf2d5051c439",731695733
"1574958978c9b5d23d9521b5",707671809
"15a3e60c7a5d55243057d7df",526990511
"15b57b0ad8794d64a2784ce6",761538617
"15c4aef8401208054697b81e",870984297
"15d10635d71919d0c9663fde",643379710
"15d3ae51558bfeef80b9e97b",773987136
"15d910dd93e0aec22ccc2083",1289378980
"15d9a0353ad54798ef95e0d3",1526431160
"15ec532ec6fb73074b9b12c9",605239125
"15ee6357e02b76367682d6bd",1262873482
"15f02dd18da12f4d7b0ac2ab",584673127
"15fb97d6a43731d61e95d004",1055727920
"15fbd295328ad698d3c76aec",1194832470
"16194707d4e85fe332411bd4",1054341433
"16261339c3a99635717fcda8",1167131944
"16263617308958055850aef9",1028598401
"163228979751798ded8c3fcb",461885067
"163405cd6248bc3e832dc93a",825594511
"163bec92a997aa8263f5a909",734619757
"164cf5fb9a759f2e4be67b6e",757846575
"164fb89266e40a2530400599",414230151
"1655a92b20740a11a5889519",482417228
"165fab7a9f8dd404cf4e9d9a",401526217
"16601a92574531c1fd57a359",554450284
"166ae8e3d0704209d6715240",746322132
"166c21ff83e97c6e74169d92",1127685772
"166e1e60acca831bfad07736",852594908
"16716773b2a43df0332622bb",461024276
"1672a21e6b2d8d0525df1759",474069200
"1679719f26e7c650f24eee6d",796280778
"1689c3e3982382e27a4ae074",945826886
"168f81689afa1f055d8bf7c8",795624933
"169013bdcc2ef214e0163ccb",528882585
"1690af2e30b05da545f1576f",1536376863
"1695225258263bd2f463b21e",865367456
"169c742419c0d4335d09fb45",1259143046
"169cdb07bd175b4325fd28fb",434946555
"16a05fee8dfbe78d26664c3a",793341293
"16a40e3dbfbb9c703e04028e",691720451
"16b3311b337c0cb9312ddba1",488151292
"16b79a8af9d6376c73c2478e",1144535738
"16cc5c280124618cd5d00027",408822104
"16cf0d7977ed97d6ae8d2cc5",1224161370
"16d6b756f5ebcacf221918b8",823260965
"16da41b1128c039ff8f83919",585772607
"16db516a238934a730ced1e8",542070487
"16deb26bf740fa61e258f545",1123075112
"16e62269e6aa2ea052d05f71",933199002
"16ede6f8833a93677d05a131",486827241
"16ef7eaf29eab571e229e537",1220612802
"16f60cac352cc0d668d226d0",397778133
"16fb51fd3d35db53eebbe5b8",1085223511
"16fe92ffdb7e1aeefcde80f4",810570147
"17005d6ec889a947397ab980",399461450
"1704b2d5f4a33401fb153608",419903511
"17056748001fd65cb961b384",1070879531
"17060f24d81fe2661c7628c9",991097075
"17069e9f4ba45c93738b109a",579124858
"1709b1446b20b21482dd2d36",1021279228
"170a69c11cf4f855ed015bed",994486616
"1710873f951e7f695fca3568",518738152
"171149ef76fe0a2074c5bf69",759509251
"171b560236ce760573a990fb",1201654574
"17230f18b30b94606fea047d",414945000
"1747dd033c2c2769974a06af",665793535
"17484950b143d0395907ae6d",654161202
"174bcb77be3b7e408e61d7e1",552076993
"174fa597347f2b1d3e9016e3",709166238
"175590951b6f8c6b8b4af9ff",473572143
"1769a8ec5ec94aedc397b4ae",531310180
"176c9a90fcbceb91569fa3e2",1053832773
"176e00102fb65cba56279287",552239179
"17707d66753c1eb0aca28926",470554947
"1770bd5b0a07a6aa785e0caa",648365200
"17821a9cb766b0f3ecf24e83",492705811
"17914fbe0c3634dae8ce9d71",789579399
"179bf83034539c8a391e0310",720850763
"179d467dacdf674a66c7310c",998881777
"17a2323b855e93533a9f09f2",610504032
"17afbce5c0b56732abbea936",884346014
"17b360d57782208f5afdfe4b",1068531146
"17b5e8357e17b516d947ebe3",554932727
"17c0a8fd3a2c8b5b18d61e4b",601358972
"17c8b228fa2591e3a234d55c",416492780
"17d0418e4a439e9de8006f5f",846578173
"17d0e3208fdf10c77e95bdf4",519748337
"17d0f69ae2c4f1aaa1aca9c7",708956611
"17d311554f40ae8b40234c31",940322658
"17d34f9cb105ca5010191142",1064468878
"17d51fdfe8fd16185bf5feb4",717454503
"17d7986a62e0b066e4e5530e",484687010
"17d7e6d321bb7394546e6b7b",504067809
"17e5796a30da5eaf310d02b4",520950239
"17fbebdfe6bc0618ecdd247c",1249604084
"17fed4a312a9b773f64861d3",396086044
"180172e4eee8ba756207b3a8",558740274
"1807debb0a0b590b9ba4ebcc",815033439
"181caecd269e115cb5cfd75e",449902510
"182077fd9c5142d503309490",675958439
"183a8459fa248605b8b5bc1c",875290956
"183d99d88d1e7d995180918c",499054040
"183f2cf1a1c7eb9700b6e72a",1485023171
"18420ed4661539a2d72ff400",902853501
"18531c57f6dca78763d360bf",553728461
"18539b6cb6884f753e0ac18f",906335307
"185b333862e7420f25622efa",856006971
"185dd9366a6dd1e820880917",755517162
"1862e0c4d8e89fd2302ab376",1681154091
"186d4731b3af01bbe4d08b23",728296994
"187a143dbd6d4bd81d6d9c32",517107198
"1894346a27970572aa703cd2",981154796
"18a74c9a49ad381aee5e02de",571736275
"18ac3368b1f6d8f7171b07b3",1019072656
"18bd0dd7580f2a7cb19a90b9",407162241
"18c38418824075acaad8f960",532231139
"18c8dc4549d38c918af2972e",1186047620
"18cb1adb2078fef29a613a96",965331920
"18d5cc463455fdb4d443a6f2",494043966
"18e89f083fdbce3da0a82a4a",1169940238
"18f6240cad6e92f9151099c5",858498831
"18fd9bee381e7a8c29a44c4b",791361503
"1900e7808046a5fe89d8e440",942225715
"1902f509aa05287ba42f546c",676857670
"1905b860a8d463c3048b4e46",631464140
"19105db21495d546e6792a25",865932131
"191094739043620c72aad2a0",946047002
"191cb509fd44e580ee32486f",776985314
"191f96722301456877893b22",612317430
"192b505186d0bcadb46b7032",780133476
"192e05cd731950f91fef1d83",1338993973
"193d70ead1ff1043845e7671",657635294
"193ff8d291a9f163a4f3301b",498931264
"19466034c2ce19c24a179fe6",527801288
"19487167081a9b0dd09d7975",891499651
"1951c1c8855fed5db8031e5c",784049235
"196969a98960a68088266261",656080500
"1969ba34b72e61337246cb5b",485340124
"196ac46f656726bcb8087ba9",880686599
"1978d8fc2031af21e98a4e9e",1053237973
"1985a2a5c3b2b0c7eca22afe",819980992
"1988513503246248b80c7f17",1449900680
"198cd3f4e9be65b83f01ceea",751461487
"1990717d8c7aa8e732bb1165",899977092
"19921a97a52bed6c6b8f4135",899117501
"19957244dabc3f727733527d",483804948
"19993833220392781bc15279",1304194632
"19994da77ce4f2db3efe6660",553065594
"199a6f7df516a685f086dfa2",379095880
"199fe72cad28e4554e359ff1",1032982746
"19ace6cdfbd8bed6e99c86d9",451996032
"19ad2fa7e170c67870ee58f7",1004058278
"19baa03dc4143a83920a7d2a",1028486579
"19c07fc2b01a0edec4784e64",701476614
"19c77db46d23e0c07a06a8b2",638213403
"19cb65620d2330624252d01c",410453502
"19e03fc1a7ca4b0761eb9ef3",870952734
"19e11b2d60326895b5e6ba01",710522866
"19e19ad0cd6b5e84d8aa970e",574156843
"19ecf1fc86396ada203c2a19",689331282
"19f538269846412f3e150a4a",1084116679
"1a0134583a5854d5aa9cdb9f",1123010851
"1a06bfdfaa9d9ac754ad07bb",545357934
"1a1016e7a96da2237b391be5",626203578
"1a111211207627bb4c840442",638933231
"1a26960e24de046588ca7837",789467963
"1a2aa38b8e18fd7ed5be77ff",1083331205
"1a2c0e46bc18bf3224450064",491039617
"1a309175498997e1b8f0aae7",1386294303
"1a34acf8e509659534a56b63",736286242
"1a36f98c62f5126c8064314c",973530530
"1a46c13974f3634ca6dcb51e",738784605
"1a486877c62f2aced41a2ca0",974781000
"1a593800d5785ecc36c25ead",788969704
"1a5f6f7e8b7af9d48644f1e0",649387485
"1a61721fb7306d55dd77b6ba",879748104
"1a6714ac2350ad371d8280ae",701011158
"1a6af7fd6a5b0602052c4c27",569072952
"1a6b9a6d92ec5e905ac97cce",848843421
"1a6ecf722b2eed8cdc19ba20",869233419
"1a71d0d3503f9eff28acef6f",1094348520
"1a75e436fc23e7f48e639b9c",518913308
"1a77ac51e03c77ad280be447",598273453
"1a7e331d9ff88ae5efafa8ea",986553625
"1a805101f78cbb783e6f919d",708515922
"1a93cae134c79a43b13ce656",1439413428
"1a95522f43288e32addff2ba",415348041
"1aac53220223d0d823e70d0f",394209373
"1ac2b23683ba89e9175d1b99",694455583
"1ac6c220eb690db798a3d4d5",744995191
"1ac702e7c265717b34419fe7",662732514
"1acb5576ccae1f0534f614df",738932577
"1acc5749203f964fa8b2092a",486674054
"1ad916edbe6fd38f40289a04",530052024
"1ad9e105d9da875001111075",932407266
"1ae17f134221d5d9ee69ebd9",631560501
"1ae2058fbe26f384be45df4d",642238247
"1ae6fd60628e7d186a5e0174",563532973
"1aee9081ac4a04490eb3f0e9",1010467385
"1af16b7f14dc04f05edf71ea",746352026
"1af243eb63d893b1251f44dd",673700805
"1b002164d34a71bd06e0445b",869935007
"1b09874d5a3e4c9e0d544198",1005819789
"1b09c89b546d0058cb09c1a9",1075087240
"1b1c220eb91c9448b520b76a",695640758
"1b288024824312c8b1681bd9",515113785
"1b2fa2ee5927660313569617",649040767
"1b300634b71b898299c54671",846922179
"1b425a31cbb73b713f291e19",841627443
"1b4b3662ca18e731acc18928",1359327965
"1b4db5fcd1f92d3aadd5c28f",522898414
"1b4e4016cb766bfadea42f73",414421394
"1b59d33f9000d2e1aad46239",432866772
"1b5d3ddc71634099fa1f04a8",775686702
"1b5db6af0a1c0f7787064020",1156744584
"1b5de74aea685b506a952f4e",368608079
"1b67fbd144a4a3ef40bd9824",553875286
"1b69d2c7fa8f802c4af1369b",820793105
"1b70fbd3e46da8c47c3eed61",421072852
"1b7151cf29b565b2f1caa559",452420392
"1b750e6e2e92e8222482cb46",1017683838
"1b7c062b606d0560e850a2e6",394640445
"1b85d69a0f8ce1d6ac4d4475",443763731
"1b87ffa033dcbf4e2805dbb8",486744607
"1b88c06bb3c1bc2bb39d1b86",816393252
"1b989360ec91f5da55806bc4",1474130037
"1ba2c2eedb352ef9bb59c638",629045486
"1ba481abe0d3890c42884d97",486848598
"1baabd705f72393167dba5c8",591898017
"1bb885a07f57936b919629b9",572574393
"1bbbe4e1eb264f5c69467e50",490287181
"1bc2ae31ed1970ba52b1ff60",1514243311
"1bc2c099466f9a989266be0d",398197157
"1bc8874a13914055c2759a35",409920708
"1bd64811bd59706844230198",920716885
"1bd6861d451d128c8bdb72e4",770311140
"1bd78ecec17b584e827dd0f9",405129532
"1bd7b990be19afa5acc78bc0",429748105
"1bdc0d441e63089737ac4c27",508960095
"1be01d052c6a65c5ed286bf4",1370579983
"1be9d865ac8d01f0378bc148",1363214802
"1bee6a5aed5417181a3db77f",460711339
"1bf1913f806bd4b461233551",410328261
"1bf77cd1c4037f4d2ed28036",867398371
"1c0236d4bc291372483a9151",572592959
"1c177af5bb41e26ac0135b4a",906686300
"1c1ff56435675288e78c4735",546108425
"1c224347a1445ae01184e0a2",1167281104
"1c2739878e452a340a4e8972",1146331595
"1c2e69465c75fb3af2d57351",1007280788
"1c2ec62e8ebba12c6146a04c",1255881069
"1c3236613cf95c84c5791bdb",798585065
"1c35d9468cdc55670d48db84",1431519980
"1c4fab7d9cf798617fa90a19",622240055
"1c50477e5b3a67f3d8fec62c",516723668
"1c510a71734e955f75187106",1106836608
"1c51566c7dedd4a46503131d",988767104
"1c5c4f4c731545aa3388c554",601723830
"1c6038b67a40f0749a72e6cd",741137346
"1c65d5172e53b4c7f1c4d6a9",746498666
"1c67456195075a051513b28c",564415043
"1c7452cfc46652a60b7a4f05",826440556
"1c7586fd8a1a38bbda9c92cb",447280896
"1c835128915211131bc561ab",634452132
"1c88ddc21f3e8e4ca633621d",375880373
"1c9325df5599379a73e18053",1050932284
"1c9e38cd216595b33e283134",1201821900
"1c9f65b631d2f2856bc97079",1089086593
"1caac10c1121a795a172889b",1209290379
"1cb79aba890b35f9d2a400f6",1714563676
"1cbeccacfa11843a256b2e2e",871491132
"1cbf39c44f6b0fdbf9554845",690066644
"1cccddc33bd892b44d7e4b7a",807544026
"1cd6531d8539468cd5f4b315",706195346
"1ce08c19161bd0545eef8a16",892363873
"1cf29f882ee8b458b8f27091",983147992
"1cfc7d60ce613536d23b093d",1122558985
"1cfe7df5431f3dc6a9289551",1455750348
"1cfe9cba4c2015e7b58f05a0",712653742
"1d029020622a600aad4c2991",867089047
"1d03efada56f8a70bdae6aea",896894274
"1d04d5450762d664fcfab674",1238974169
"1d0853f825cc0aec6f5544cb",993984082
"1d0919344e52b315441aeafb",727448739
"1d0a6bf40e609fc74a319310",640652644
"1d0c3ba50087cf01637de6c0",475500922
"1d0c635770f2e51aed4c8664",1401381340
"1d17f0ff708e6f0b93a990ec",809908712
"1d19edc1e0d907e5ab0899e5",735639119
"1d1e29d9601aa0eddb4d6c2c",888271348
"1d2467e5f991b935d676e906",431147111
"1d2b83d973547da8c168f743",715261522
"1d35c364daa0f021ef263c60",342609378
"1d43fd3f7fb4e24a0b7c9ec3",930481444
"1d45332e2f04df18cdac590c",591769330
"1d4891dc27e0050efcc6c403",653864313
"1d493f3954b15e84c41afc82",395981047
"1d4bafec52ec7575161bcbe0",501036907
"1d4bbb5b756033b4be28643a",1068476119
"1d4c50978603ef41377af057",477813800
"1d55f4694f3e000ee3ce47b3",1132907279
"1d58ad85a82f7731e0f198dc",1246219438
"1d7912750a5e345f7edcdcbf",470563025
"1d7a2572b466070f08c6e564",921649861
"1d8d51cfdf78f1361710708c",723131220
"1d917f9f5a3cd44cc4dc8d2e",587261586
"1d91edf33a141fa2181abc4b",857204580
"1d968cecf268a7f14def1af7",1023510099
"1d9addd835c9fe8665e01500",488279797
"1db1d1b76e09197dd915a8f1",1433145495
"1db68ed64501f35c51d74c5c",1341634782
"1dbb46a250f504e9c8673bed",806772720
"1dbec7879e793ba9685741b4",847921069
"1dc0fe5bcea9d08874871326",489963727
"1dc1a51628b8eb1bba214498",534639432
"1dc3b6ea53413ece15bea33b",1061711231
"1dc9e5c684c831b204d21585",1214340681
"1dcf71e8fbfef2c6534576df",760136775
"1dcff645d389e7b687a498f2",915055046
"1dd3d7e197075859c1ff5b23",1025342893
"1dd6b0ade195edae38a4a20a",633031831
"1dd6f560c804c4548561cae6",1333895846
"1ddeeae13139b7c9ada353a3",464709265
"1e057cf20757627d1b006141",422828133
"1e158f436f2a4caedd1563a2",676875745
"1e18024ab7d931bc7ab5873f",801119079
"1e21ee2ab4ef88194cc85166",440826289
"1e2270f9f49aaf3be01dab49",1502445047
"1e32a8825a7ea79c28e27a8d",566358299
"1e3798d739f85ee0e5a314ca",470512766
"1e37ea0918a00bcfaded3453",715071916
"1e37fb708b70b6b5e8fb5cd2",585569299
"1e48878318d35476c3e87520",670751819
"1e4fd826fc8693b17f6efc3b",1172424282
"1e5919cbe4373aa261d672d7",417743446
"1e6176a558f301d81bb050f8",826297124
"1e63fac2629793fdcb793f1e",846587862
"1e64759f297a66524eb07b7e",923950312
"1e7173670334937dc61243a1",1294548919
"1e73d6064abab2cccdb6610c",403575483
"1e7a931100be734988955242",1239172690
"1e7e26077db3bca2821a9b45",895670256
"1e83b53963792d7445e19d27",1040963408
"1e866483995b30ec7f79d9e8",681687683
"1e884932e57cfcab75ebbacd",1125000362
"1e90d068f3c86c6f691649ff",801462956
"1e91de6194769980800b4de8",838275894
"1e9850a50070dd51861a5e63",649629059
"1e9c53e09220d689a0210ab9",352732666
"1e9cb258a0b7e08244d7fcb1",555211170
"1ea5db844a6d3a926480351b",760473213
"1ea66dd4a72d93f5967be730",703534735
"1eacbf36422a54f1327fa291",397871464
"1ee04111d277e8758f740139",607159627
"1ee436f045a0662037f9d2cf",721058405
"1ee45a731b6f0242b6d2936d",625530305
"1eee0ff52c53f04307cc3216",561933714
"1ef15e2b882a0da85858269e",542571134
"1f00fb18ad48b32c666fd319",807055909
"1f0d83013ea5e4c3f4beb583",760101979
"1f11cd977996d909ffacadef",1619836737
"1f18df9ee1b19359816ed13c",673380921
"1f1f3e47f3593e4b2824e628",526997547
"1f2c22839c470363ff41551f",1024453441
"1f33395df1e4f6a185c507cb",568923184
"1f34129d15f992a3b62d4b21",434657952
"1f3544c9f47bc00fcdf59d74",424135034
"1f39ea319382fb0e41ead713",1333504096
"1f3b3bd08063993c23586c93",495309226
"1f3d3fbcb686ada1a96e01e4",477562331
"1f40dff9a973064aa4737eea",1265318307
"1f4109e1a4b47a9b11c2c019",823960021
"1f4a78e094987ce29f054fb8",418521830
"1f4b6eaf52fb940e666c1c93",940489470
"1f4cd62152d4940990ac6a9d",393341141
"1f53612f7029a21e2e9f74e1",897823660
"1f592cc4ed728909040f953d",574634513
"1f6050fd5261a2d21d5a178e",387457946
"1f674965c913f9fe282d07cd",531164272
"1f79204a8f62c29b0a1b29d5",436601418
"1f7daef9ba898c4d8ac1c81b",521792527
"1f8068ab65469ba56a1f0c4a",424021793
"1f81176d8a0c61a7177c6c2b",1335272971
"1f8742e662666147955c9872",857018211
"1f8ad363a0539a6f2455c3fc",410232007
"1f8ecf6c089ce6168b3be52f",1043171616
"1f8f74ce8831d5532f330925",1024181873
"1f95c205d5094c674f6e45a5",1162599468
"1f9c0f9c3c6460a323171d72",1247153939
"1fae43a9450fae02919962b9",674631775
"1fb4c88bbf995f77f2f29b7e",798385553
"1fbc660f780245bd72015f07",840353817
"1fc0faf46f3b533f2cae2c06",1466737049
"1fc94e9dec93d52e0062e07e",853126840
"1fce0e993a57a3e3873b8d7c",1619836737
"1fd7e9b1e717578f751c21c7",899424526
"1fe392004a09aeeaa6e8bce7",664061109
"1fe514ada76363511cc79105",1083430391
"1fe929afafa91bee53df4e86",519531279
"1ffafa78622c45ea4127ce82",1031781587
"1ffdc10c53bb83d3be84c327",817094269
"200020552855ed39d1af999a",546882897
"200897b1f8bcd7c116a85306",451806407
"200ea08f57fa23013d0e661a",1254435079
"201053b106a0b89a0a47e2cc",737097000
"2018131ad3f6e5aa8f4be704",1191612086
"2019bd32dbd09fa285a388f7",723978584
"20289e986c1959f0c83a6a4b",727708247
"20488db7a62f765ac8da0a2c",757366829
"204ddf6ba4822d55ba80f713",419296066
"2054c223fcd48a48f67d02fd",481588896
"2054c61f0162a18c6fa2291e",391661203
"205e9d987013859f391b27b5",1235599461
"205ffcec56fd884ab24c5600",799440026
"20718780218eac9668776956",658735015
"2072a783a44474cd0dd10d7d",772893997
"207e39d9cc4402edd48864d5",572063519
"207f669778ed0db0e619ed40",548017919
"2086639384041f3a9b519140",1010951256
"209bf65e11bd7053d9658824",719909562
"20a2a0dfc963fb8a355e704b",713360918
"20a783884d6bcf1aa5697772",541447393
"20bce83e2b75fc535a148dc8",889103611
"20c3cb2d4fa486b23eb81bc2",736209006
"20c3cc21b44eb37d0b359c1a",1317656626
"20d8980a4fa8e094b7a5f00c",445985180
"20db610da64f80afc1621b12",391020026
"20fe2d7fb3910ef786cff965",552276046
"2100201e0851e80488371b67",414348680
"2105c17a4e2f97183e24aa4b",505309585
"210d58091ea74bb902915250",674357751
"210ff5d4404ee8578a5ecf9f",713415345
"2112e589911b979db6e05a6c",1293152131
"21264b5a73fd27b85a4e2654",506849189
"213032fd36fa1a6342570158",643663244
"213ddc1761cd6b018349786a",684353123
"2149d04442f73cfc78f93bab",857778653
"214df9371aa59f68e5740212",647379097
"2152ed6b2b2eaf16ec272cb6",565391228
"215e8852679b9cb6c4029ce3",496213210
"2162e09e137eb5f4a1f32b16",808575123
"21642991a20d6b0d17dea2bb",755007208
"216a598114a403676011cb51",1090366942
"217e1715fdd5db76ce93cfe2",619812989
"218445f989b2da5eff4029f4",899438250
"2189d3297ea703e50ec34d96",907203529
"219164e1d9b14cabb9bbb8ab",844755505
"21932b5a5fa65d237ddb6293",444388823
"219555efc5b4291791143252",391470009
"21a7c5d6ea818dfb25077e13",799838101
"21aa860fd839233ed8b82653",532070769
"21adc839dec9e8efb128abf1",602122212
"21b4c1ad11bb1feac4d02308",1085848801
"21c8b93e50ac884e63514f10",1376629421
"21d0f28d5f30a64352e60ac4",443092188
"21d141a84af5f0e2ade9b0b8",771053470
"21d42e80f6f818eed990bfc7",1258967740
"21dd47ac3c4e1d6bd0ed2485",601259192
"21e0bc9789139640ea33ed09",1084708228
"21e96ca8dbe2f12b55723335",705771180
"21eef7da02b0f2a2fd987135",811278543
"21f00ad1214253dd5bb97817",1556855018
"21f5bac85d5eec57acf501ef",834242053
"21fcb5c7e497f0580b820379",1095325814
"2202c5c9a16b771d1e242c18",855922075
"2207c1ed62f59d6eacb3c18d",586894304
"220d466e3737f1f2a8ed06ae",387598385
"22127243f7ba3a68c3fc33bf",712065417
"2212e0125cb7f75390020951",791129089
"2214e2c62cf8d2d14f11d47c",747048468
"2218c6bddc994984cdc6e567",437118863
"2221052e00c236f31e6d5a06",454926332
"222a35842b0bc09f48e1d0cf",498992173
"2233f50cf7b04791cf1ddeaa",658952414
"223813dc0188fc229b63e8f3",1024449533
"22385ae2b3e7640e8c40411b",650418825
"223b3c04803ae7b855f9fd10",758833033
"22428154baf95870f1d83fdc",1100760645
"224f6e839dcbd91491f3f1ac",388104386
"2258ec00dec6a2b85f439135",831297195
"226277c02e8532922a1c769d",1065506874
"22796587bee45b8f64ee6e44",972496807
"2280b5f7c47c3b36924b84a9",879392443
"228280554ba149e60f81d639",858325279
"228d165257ef052ad50433c7",660377967
"228d98c82021e2325263c7d2",437124699
"22903633f8c4d91158f65c58",479345507
"22958cc4622a0050d1aead77",563613593
"229607e2faf76efeeadcdfce",461450950
"229a7640d41a8b8d6d2f8f83",1326343213
"229bcf400e309619268dda31",591044014
"22a025ad47ba22ea9fd1a094",791590966
"22a0f3315f7600e5120db131",418434030
"22a43024821ad081e654c5be",1106013576
"22a6058ffe790c98a8922258",801414040
"22abc78ce812c519511f8a4c",1269343011
"22ae194316f34d482bdf404b",441694859
"22af7bb676cb4c9ffe014506",428005730
"22b066e6dbd0f2562a0554f1",1545104867
"22b34331d7ca2ea642d29946",691293113
"22c780d56cb97fc34f29e9cb",389961662
"22c9b57a67cbef0920d09174",403806477
"22caf82aae904c79057fcb3b",449892213
"22cfdfbff44541dba9091753",824224088
"22d167639ccaace593dffa31",515321135
"22d6cb11333f2839b8112b89",1456769726
"22e00f8057294350ddf4d42a",642995726
"22e524f1fab17d5b8616d741",1115528274
"22e8713e2051c88cdafe2364",695915466
"22e9f1b4b5e887cb5f0dbfd1",481122494
"22ea31eadbd3a54216443137",305758240
"22eb737351bd0958d3e60efe",937518191
"22fcf0650753e2b5a2fa3786",598686680
"230864c9c9c5959f9f0d36ee",680208345
"230cb38e035b85a4353220e9",935471182
"230cdc90e6c825d391d5025d",471539649
"23101b0002252f3d4b3e1d5e",1184415431
"23141c17df584746755dc508",459666827
"2314e3ffc7242a429e00207c",827225931
"231688922448e4d64622120e",602217542
"23178c72b063ecbaaa04b37a",603504241
"23187388f9d6e2bffb88b9ed",990883486
"231c050bebe12f568ef92afc",367277477
"23208132621583ce4a46de77",1189336896
"23229e392dbd8fd9d80637da",882367978
"23264fdd1059460e079e5810",677550002
"2326bb628b4a571921eb7345",924911263
"232e859fc353dbff75c97cf8",1158758494
"23374ef76774d4f95f022473",1126810699
"2346533f4712f3bbd036d85b",1237670393
"23473bcde48f634641769e22",397529357
"2347f69ec1ce4a3fb6989eb7",625668721
"234c94e9a248ae57bb5a0771",657644075
"235a2209cde8f8b0276c845a",735247753
"235b10cad7233d579a966948",488552750
"235c56f4afd6d87f1b3e199b",481606349
"2364014bfd851a68a824d1da",1282259375
"2372f7c0499de8aa2e5ffa06",868146496
"2373c595d24a7b862b518ec5",973742235
"23799891583435710f66303a",712539572
"237bce11f35d32ff029498a3",715281986
"237da4784755f090c89f07be",552221273
"2383b8bc2cd3d307caba34ba",733954500
"238cf9f99c4b01777a97f82d",421603253
"2390c275fccc98eb4fa33af0",641804753
"23959a0f6e27c8c2b4a7f436",770672661
"239a2dd25f604c730136c720",1195753526
"23aa0804aabdc61650b8562a",1207441949
"23b0d67dc2a0ae6e5ebc9eee",461934404
"23b2b5b9f5bf3e1208f5f80d",1364783580
"23b5f2af5d39edd25db6a522",746050294
"23c7f9a0534a4ae6a24e38a6",881242780
"23cc24e23a1d74159ff78464",854903975
"23cfc154896b93bce4356ae6",472334480
"23d95cbbc056b4456b94c97d",699037748
"23e7dd821ec2601ee2c6e353",1389521268
"23ef4d57d130e4130205f30d",973783096
"23f12add67accdc9ed40f59f",310927672
"23f859b889afe2639ad55a21",636363366
"23fe512fcb21a0b84781a318",425194492
"2406d47133763272a965ef51",386831028
"240ccc45a242f80f817b04d9",1030560203
"240d2474c81482baaf79b6fd",1326705023
"241d9f8599ce6cadac1d6609",766073761
"2422ffac7337b402339dc550",933750945
"24258361a4ba8f772a83ba7c",787356661
"24297f4a3e14c24c941e7720",1185796541
"243ab5db6e47f3536d04d312",776828239
"244210fb4bcc0a04f2cdff95",1059572905
"245663c600727f7c214063c9",1006787152
"246576e24f66d495fe0d509b",784156915
"24671f63cd061228ec0b5b9b",485976505
"24756921525595f1684929ba",656667657
"247715511199c5b680088b56",812469360
"2478e48a3c6bedd57c13c72c",832626969
"24849579dc9ba7fef1b24396",525528033
"24857a7a80d5f13a52eeb054",846807495
"248993a27da888a6e3ffefe4",452900432
"248ed6abe6e528dedde951a3",480187383
"2492a7a74edb57f784f6361c",708517274
"249667af8d0835c9830e2b37",558416391
"249cf6f96144f769030d1b4d",896801902
"24a4199c17f9c56f0b3ed12f",786615139
"24a4a43ae4c687bda1066227",1479930668
"24a89527a6744456750baf54",644298272
"24b28522c72f7fc359f2a718",976101960
"24c32572ca6161a603a7d0d0",394111639
"24d6d85cd0e2dc3deb2db896",964599391
"24e90a7d9a2bd0c30a4f661e",1017631431
"24f22d76b86498d5c3563288",655650168
"24fadbd1dec637edb728baa3",749234580
"24fd0b7f75feda5db89a4127",512173720
"25093735f186b70beb018317",1087502791
"250d84aac8add089061d3204",1229449639
"25187d9f4cfe89a525ef2493",404046080
"251903f4b947b337e0134415",826741686
"251db9c4b7398902b38b4a4e",1160842333
"25202264e18928158b89278b",816435296
"2524e62e917e8a1aec5c9c26",663620480
"253560c855216bd9eb102595",810692294
"253725ec3d7939088faf71b7",568923184
"2537dfc786054c61eb3a80b5",787262056
"2538cfce1c108ebfb1056c8d",859086880
"253b34c2c5ce15cbd8b5826d",833618539
"253c85b226a15d0ec2fbbff4",814017396
"253fe7aef58ea97fefef922a",709960675
"25414034e50ca33fcdcda4cf",738381706
"2547bcc87b618d3d7e22dc21",629337107
"25488b1c8fedde6250b413ba",459447694
"254892c6b84c59ff5ac4f354",437410769
"254de3f3fc52b8cb62141baa",885026038
"255914e9b13ad94efa6ed365",1326705023
"255c5b92d71a00c3a73b9aa8",427322985
"256491790d0a2d5e1ebdc2e2",489458406
"2566d8588566312ffa4fde42",1175841727
"256a46a6d45d168169f63aab",476794169
"256a6ba3ff423a899229f154",504892431
"2571fe181b6ab939eac19d2d",1219207418
"2575d932e98c421bbb38b267",1054832230
"257b533b6a66b40d0f097c55",655028937
"257c765ac81bcf773473039b",532618052
"257c889187ad5de900a430c9",621790410
"25813f7204a2e796170c4836",464722560
"258a968e403e747af5693a3a",1296409529
"258abe0fc321f6b24d37ad86",457440919
"258f10f742fcc835d53063cf",1213622881
"25986c851e13c92ede6c6d6b",1226917318
"25995099875f0ee622ebc31d",855638059
"259f4f7fd5d851be70d63633",365360255
"25b1ada57fd1e5c88d939c71",905910147
"25b893f6073bd66258a9cf03",984117951
"25c76b5a1da0c2d8158b3732",724720496
"25d233d2779009affadf5e91",584548241
"25d4a0ec9301ba5d53deb780",796295966
"25d62e6b1a1a52cd8080354f",840570230
"25d89911e830697217d460f5",543478440
"25e3793214088669aaaa4ca5",1002930924
"25e832098d9e6e7c2f9afe2c",740381452
"25f925538316d3cdda8218c4",1410711359
"25fb1c0c4aace859265de172",671248394
"26206185deb023a344eb2e99",1198648977
"2621e068043a5019aeed6c8c",650417585
"262688a95a32f10fa070a887",463638003
"262b1c8ce7db2b4aca2400a1",1150458285
"262b5b0bb408d7cf53073832",468136107
"262e3b4091dfa6b71af020ea",1114018628
"26301269301b6f96862af599",815893561
"26313750bd29b2c59a81b58e",919888365
"2641f220611056a1f5616dae",1260551185
"26454cbe44a07cd0df12ca07",1099019410
"264e00a64cecb861d2c05b1d",915949091
"26526235b34fa5b7349df00a",366168121
"26617e1fb3b4f0e4a70e1b0e",1382927112
"2679ba671751ff16e76f1807",699943651
"267e000c89d3416e551462c2",1268958118
"267e46cb9eaec6c7009348b6",553470820
"2684f67bcc89c8a5b95e5592",707712303
"2688e4cd1fd441d1da455504",684368787
"268c1e17bc17dd646d1885cb",411924026
"268f887f25d416dcd3c0c9c2",770835841
"2690ba8b22a95cb837cb87b6",376516114
"2691d7125e9046e597437f2b",930513390
"26922ebaf11e35a7a320d30b",1356000409
"26be10d0ce8b763e9b457e76",638403330
"26c08d7331ae19e1934a22da",819572892
"26c66cf2f43bea00e6387326",942175397
"26c8961848e3a77d98049638",906219491
"26cc292628ce4aa87cd287d6",1148800571
"26cdd114566b7cc63cd96fb8",1242559527
"26db92c003c8e67d92d88aaf",1103872345
"26e58d0b13e7f7f5a54585d2",842960878
"26f3d5bc3adcd1396747a414",1257592552
"26ff1e1f4a6f6bda702fdabe",812771600
"2703313a3e5a6fef2157928c",779267948
"270a97e07eec2be02cd89a86",641635844
"270b930a9e22d5016ffa4019",1013422414
"2714bcd5c0c503c3bee0e0b2",808703139
"27151512d4b592014137ac1f",669591168
"2721f5495ef5dde16fd29cf4",1135003078
"272b5b5c28e46c6f5ad95c22",604582627
"273cb73a7bdec0d291e845f1",431319839
"27472c6c6a801eb749b9719d",839836257
"2749b5cfd2728ebdf124a0a3",450859473
"275360e29bf3309e09ec41d9",377370961
"2754b4e12a7604efe8e03f5b",1125723718
"2755af908b841e9024718b3d",495726026
"275c8bfdd3fec33752493861",756553977
"275d73c7dc0fda7cbecfea89",1200548060
"275ec6bd936600c7eceac599",1550193950
"27663c0e271e26dfdbf4d289",976213672
"27721beb237824844adbc289",1117988478
"2772adb268cffadfb2917c2f",424640944
"2778de5e56ad7ece898249e9",1313508798
"277f6440854cb0c98728e685",931900553
"27881ecd655786b093349ab0",1029611237
"278a2cd98528eb1341a6b685",559016362
"278fcdbf16e3064ba42c6785",1128159067
"2790ead3eba9370f00024472",785372333
"27929c0a3e0fd2d6d2969e03",636623165
"27942219389ecffbce2e1d9e",1356140080
"2795cdb2f4d568a782dcfc3f",1315519601
"279b76adc4bc9f8dd86759b1",726061178
"279f6f594d3f8ca8e8a5e2d5",1419402133
"27a6f3e8f9649ccce7680f0a",770935825
"27a8a052b815998c771a1f55",1115528274
"27aa789e29e52ef8d78b9bf5",766550250
"27b06d060ecf702fc88c7956",1099635869
"27bcae7ffb9f79b8f59fe1c3",527313264
"27bebaf73dff207d7f6829e2",1031175631
"27c3b7ba2991e7bc0c9fc322",780918039
"27ca0c2320c520342717355d",401470314
"27cf45528b4266162f7c9029",626130725
"27d14f352b2983177e836e3c",1051551855
"27d413eab7b562b984c5a682",989114175
"27d4f17375f76219b446c092",361540611
"27dd503d4fbf4d5f5d850d4d",879226405
"27e0810a702796d97878c34c",642374234
"27eaac0ebf8a5ee99d143218",993635302
"27ee3504d1df34ee8ae5dbb2",1018029409
"27f41f09ccf8d182c79cd48a",1292419790
"27fe3fc3838695ce34c5d287",431057485
"2809252a96f47776d12021af",871457888
"281ea3a3fab48c028721ee1d",752380793
"283c1142d027be336a7bfacd",381437871
"28403f16831effcb75471738",395003421
"285b8cb5e9c887794ed2fd1b",775865743
"2860e4435c857cc8a661ec97",1175115304
"2861f1a224b4c879b845779f",362759086
"2865962bdff8929888a51341",782226901
"2868ac4225657a13f6149e6e",899124361
"2869a2d2689af65497775b1a",1276132866
"286ab2411118455780314355",853260281
"286cdf6dfcd95ee9edf73a93",341616882
"2876aa9ef0b44e43084393fa",448190393
"2887a0d34994d284759db20e",764143070
"288c09c33907dadbae495c11",1577184913
"289db1292d4ee40a1ed6e518",1112899410
"28ac1562ebb5050f1492f576",765293894
"28b838c94d10823ceed62e0e",503119768
"28be121ada9c9303be802474",581442501
"28c0649dd8b294574a876e95",930408682
"28db5acb7b224d44e3d7ce80",599560874
"28e572584fea1555e2a517ed",587489013
"28e748e7aa0a447731e06706",639919894
"28f905e91295a47d106a3214",1426703471
"28f980b3c741866e0db5b761",1014875100
"28fc5f188c5e11717cdb4a98",471184524
"28fd0437736c1b17c7ea1f33",674007986
"2900dcf3f944a7fcb33aff36",561699038
"29028322a6d692edc5ca713f",832919232
"2906d21b1d96a1ec43bab50b",851652236
"290725d6b15062397597b954",653825653
"2910f3631d1db77e4b61f8b5",717592728
"291479f573955e063f2d8bda",1295425766
"291a2f9022933c9d81311e81",1030285050
"291a4ea1a695347e1901bd4b",1108647320
"291fc50c4ffe7935b01e5d9c",393391410
"291ff191bb029742387a72a3",830403413
"292224fa68b0303a90063801",626637291
"293320b55fad21ea3f4a5899",361087149
"2935cc0e053bf558a8b73054",760521081
"293c8a0a4a358fe7554a4ae1",921366881
"29425249fed4a74ada083dc5",467799605
"294985765f4d12e51a68a451",1007620905
"294b04da3eaabadd55da9c20",1300019751
"29503210dfd57bfef8f16802",825010505
"29535d858fa3a11792697820",1016025569
"29616bf14b5f1cd42786a91d",755468168
"29671ce02e285f69afeb3fc2",1167942536
"296f0158b5cc1541cfc8419e",867398371
"2979f2d91d649a8c14f5453c",669251534
"29881785ae39aec014c4982c",934340638
"299117d35bcdd48afa4c2eb0",860802543
"299a94a02e887c6ab1de59c7",463668955
"29a115ba5b198689fce5f93b",363736683
"29a230f7dde5753e65b661dd",901318732
"29bd4cbe11f44759e07487fd",531092345
"29cc054742b256e6fbc6da1c",727520892
"29d0dd2d4b120dd54c34b13c",887235076
"29daf0d5008fa9e3f0f30132",418848448
"29e7796eabea247af4e8a0f7",653507726
"29ea1796aede16cab8a50497",607222166
"29eb473852b36dcfbda0c702",936231589
"29fd909e7cef62de53430e1a",495493483
"29fdab43da21ed0d22c9c71d",384876329
"2a01945c2ce528c02b391c61",672333688
"2a0e902f3c07cc9696000177",675654235
"2a1edfd6cf74573521ed74a1",384043302
"2a2f455525c8e0bd709db91a",712811436
"2a330fdcebb247d6a6fdea23",1043665176
"2a33fa5b25963f3dc928f668",507678361
"2a487cfffeb12837a5586a41",478509672
"2a531aa9576c5f91891cc8a9",708036342
"2a5aedaaad2d908122f28f22",1146099855
"2a5ecebe40fc09b45d6ee5fc",558745603
"2a5f727304ad67d1cd269361",1164432552
"2a623b33f3cc1f54620b5233",569789781
"2a66eb4d2a205bc4474c0afa",885787678
"2a68f627f4dc8060484cdb18",1274274621
"2a787b39e84958ca6b7001d0",655308856
"2a7fc28219bee48a2368e730",669800652
"2a805135d8030b614d9df9aa",839938782
"2a872557ba401f4c95e0ad2e",1199641617
"2a89ac6511416d0920f1b9a2",1280927153
"2a9338f62c99dbad25aec5d3",962074778
"2a99204f0a53c4a4d0a2393f",730125975
"2a9974fe07b1e4427e386e06",889916285
"2a9bbd878f3f45745d76f059",697711033
"2a9bbffb1b98c49d79bae509",875768559
"2a9e75d221912230f98485cd",838979699
"2a9e77fd00aaaf773d130914",422702340
"2aac28d03c2110d871b5f274",469671727
"2ab0eeac4a228d5769fb4365",474354114
"2ab24b9c5349427998338d21",692377800
"2ab263b5d1ba72fa562d64e6",942225715
"2ab88dcecdb565b6412f5bfa",555173048
"2abbf26e80643dfc1b75edcb",1011902324
"2abd46909a251b8ebbd37133",842539734
"2ac1105447a71f68a50105d1",1326507660
"2ac425aa592565b44b25cdc3",768991414
"2acc857ede19953734600dcd",404265777
"2ace3da2fc4e0c022f7a8755",887742902
"2ad02d6d56b95ff3382b53b6",1326793593
"2ad54bda875fcf8c6b675bf5",445086100
"2ae3ae7f794d558ec119287d",988259921
"2aeb794adc9892354aff7240",440003905
"2aecb598de8c74d9d5108d8c",884457347
"2af941adae2e8dfd66542055",535536539
"2af9e271765438a47fa7e7a9",356314467
"2afa1699af46ad8124f76e4e",831593751
"2afa66b726ed0b1492b9e01b",873213247
"2afd31619c21dc537e4797ca",970817727
"2afd9dd680803e3c12d5242b",945608624
"2b028932adc74c961170a4ce",467630999
"2b05f001ed1a84425a45d0ac",498638246
"2b10af4fcbef695b327b7d0b",1250130934
"2b2fa2ed0055a19859e78446",1342090355
"2b352d996677e67156391e25",562660867
"2b36d2ed79caaccd687f2ab0",380817789
"2b36d797d32013a126e15709",710522866
"2b451da55be3683c33e4de31",1752232979
"2b4913f28d07628bf2d3ed92",1180754592
"2b50969f1faab80655bb9104",486744607
"2b53b13cd912f353cf9c4757",785180615
"2b552d7b1a1488dfd618b120",383330505
"2b55989b2253416428ece917",971721771
"2b6d63d6b072901effbc8e1e",866740157
"2b7a5be93795a65d29970b02",1125191352
"2b802261b8bd839aa0b04b16",756010157
"2b8b979cf1952fcedc63ca9e",357221548
"2b8e9560dd58d880dbe77c61",903232432
"2b9681901b216f2174af0089",947262171
"2b9fd26383758104d567d474",613980442
"2ba0807f8cbdac389424ae04",678271503
"2ba1672e49c023258d262d1d",610739295
"2ba24fd47c2ef8520bccf6eb",483926771
"2baa6afba131b74487c94d74",561380936
"2babb357d1d828c49bb89be0",750030984
"2bb55b0a92d62454867bb158",835528726
"2bbbd9878a1e7c55bdacb330",711043459
"2bbbe93b615c46483056bfe6",1323735028
"2bc88a5c4bea2bd00fd8f13c",584317494
"2bc9bbe0f0216ed9d865a85a",753110153
"2bcc6a15181273b2fad05e3b",800074599
"2bce6544d58b6970192a1838",472910510
"2bd08c0964ef4a95295db843",723131220
"2bd1c70db60a44d4400847ca",1161912251
"2bd47c19e5d29a3157fb8465",1267279509
"2bd6682ad8343b69fae1a59e",837545523
"2bd96c7fe678945fcaf9662f",1195972495
"2be93bf5132bb788bf045c28",579660833
"2bfa301ea435f929e6c0d1ba",591894630
"2c03c38782e365e68b32d6bf",660377967
"2c0b3d69fca6677ba9e95327",1332250761
"2c0b4c8269cbe25a4e85e049",466692733
"2c12cbaa1f14553c1d41b958",412838002
"2c13f29a8b9ac9b464e3a582",450607579
"2c15a0733cdb932ba8f2225f",985624502
"2c1c91f2bb4d9dae38a44360",463457637
"2c2e56e3e5210c111c7de708",681873640
"2c30c2736472590fe45277c3",564052367
"2c340ee014e39ad0fd1309d8",1548562678
"2c34c1e1655e87ada03f411a",960809453
"2c37a1280b18e095b43e19f5",1167005062
"2c47c3ef9e139d8c4513a090",572713106
"2c567face144ca714454abf2",1297683598
"2c58f2cbd00035febac060e1",910511058
"2c5d940b5ef2276f1fac1ca5",940476913
"2c5f07a9402cc93f4c683759",611485282
"2c8352c418097f82a50d9bbf",938917586
"2c85b19f02bb3768c10d14fc",595602375
"2c91099736f3158f7f09778f",501526440
"2c924b9d45667f7168bae6ee",763806465
"2ca47f5c36ea5d1cf00dbd2f",417267242
"2ca6b3016a89139ec7590f9a",1102494124
"2ca6ce8266afc6721d179335",933750945
"2ca8b22013c529b412ad764b",1129401335
"2cb64650b876ccbc7337a0e4",485343826
"2cc0129b386acf9cdfa4eeb3",616437577
"2cc821cd7b5fa82b27308f87",446509488
"2cc9f2411f98d0fd41511211",508205400
"2cd0b2d7561919f0223608d5",392398472
"2cd372392fda500e6526695b",602178489
"2ce779caef0637db97954912",866140262
"2cfa1397c901b4e940d9f673",612769576
"2d0d803cdbeaec6e2626eebb",628989097
"2d14ad8ab9573c406e203ed4",779774954
"2d1f036c96e92d9c557605cb",458934453
"2d26b8360f1da9a677670fcd",892363873
"2d2ee255ed2144b9fa1fcc39",546535656
"2d3236cf646f19a25932676a",1222453414
"2d4031f171f965d7dbce0ef6",872735373
"2d437a09b860d9d46644ea23",521820395
"2d4a781f969a4fa2a4f04a7a",1123507898
"2d4bd56e71f90e6fb387a2b4",1405208837
"2d531a26f8b1a8afa511e3dd",693239371
"2d5564a502635dce2d46ef8e",1024123270
"2d564574f0191164ff1d068b",419839444
"2d5ccb12ebb6fc7d4ba462b0",601612513
"2d5d9119602c228b333402a4",418412482
"2d60a221b478264cab9816f7",1315479455
"2d65980024ded46854c25260",1391667017
"2d6aaefe0f50db8acde6fd1b",1551625683
"2d6f5bc20de99dd0bd4e34bc",1133756811
"2d778563921376962d126cbb",727036768
"2d7a48a6b9fff20ded24f86d",460165088
"2d7bf0032580e6b6dd1ce36b",1234245090
"2d8d64261ba659302da4a481",635539752
"2d91b3a8c62b890fd246183c",1403756906
"2da346c00d6fc39268f12b82",924470336
"2db9b3463f85dfa87347d6e3",1252821083
"2dba091723891d8907905a74",956716838
"2dbef742d0c59d21ad7392e3",879843755
"2dc58e6aab9399e9677265a6",1252075760
"2ddda0ae748b38a6258f660c",1354266068
"2de0ad9bf15232d6056285fe",615967451
"2de93fc191360ae22b0402dd",528497377
"2dee15f1b082bb986f8d9513",562008746
"2df90c0a3e2b9138fe276a75",684482360
"2dfd1808bb95170a088deac6",853834970
"2dfeb06300828182d4109c43",881871638
"2e0a8235637e98dfea862909",820207802
"2e111ff939191cc6df2c59bd",728023390
"2e1608b8c646a102e27df16b",617398922
"2e1f3fb2323fa16150f8bc88",502689080
"2e1f7569d134a931098a2ede",826293972
"2e23ee2beaf5293f57a5c504",397343634
"2e2d3f42f4f8369733b3bcb9",786573131
"2e2f1072d8db7372b2c2419d",408950785
"2e2ff1e620063f416a387058",696963536
"2e3fc1d628f6727880d3d4e6",481682598
"2e41ceccc918145dbe7de0be",584116919
"2e52008bd11000eb776bd80a",1487410016
"2e58c9b6fbe9c57c83bc0aed",1032838927
"2e653d2567a47067df169d97",1379981278
"2e6fb29cbc1ccc3d97c92c72",862301214
"2e797c8302fb7ada13ef2d4c",633630991
"2e7c6a89d2cf2d835839f5f1",767236272
"2e8af16a155fe18c8c6730a2",1125431744
"2e8c76f4ed59cd3924f7136d",936799621
"2e9390c4423db604e1c7c4ec",660343960
"2e992370de3eed4ec1271589",847697914
"2e99240e23b0542f1cc75026",573056211
"2ea47ef8f02712c32613fbd1",410639869
"2ead9549bab6f1386b7a2c77",1334549867
"2ec9f5265334241fc594976f",851161809
"2ed1ae5e6fa77e447af230fb",776346842
"2ee7f959d069c9ca223115cc",1131363324
"2eeb4b0d7afa57b63778b69f",1406372535
"2ef897a38b95d7b769856e78",655741465
"2ef8a530db816223dcf474a1",653168775
"2ef9126614eeef828f797e66",1046942914
"2f0bbbbb466fae3fe5c4f614",518245658
"2f13a428281ffc425f2c2e38",552125433
"2f171883b97d9c02b90f93a9",303379389
"2f1880c9b8f7ac2715e1236d",969008464
"2f3281ef06475d2114fbf9a7",422571750
"2f34de2546f13e8a9dee1edf",744199875
"2f3d01cbf0ee0b985386418d",552718644
"2f412384597554f3dab07985",874716841
"2f48a73bfcc91272161afd39",724104255
"2f4b0b1b81c792f43f4ccd5c",447495934
"2f4ed160fe2a21722e6299f8",588013663
"2f610d2242d583654337d468",1414353905
"2f6515defc3b21d82e0ca4dc",394640445
"2f6dfe9443645d6629eeccb9",565740737
"2f76a2b53e091df35a125b13",532766392
"2f7784465c1c69c8f786a0a9",1538364963
"2f7d36523df4a5eee3edbe05",816016509
"2f801cf48edb712627196b2c",657647838
"2f854c9df6212c39091bcf28",638646908
"2fa288389b3031d595973793",653217364
"2fad468e1c248f40ee3586ad",1043016431
"2fb149a70fa14ac05582ae69",544714437
"2fb5206d246ee7ab22fb8143",1207441949
"2fb8b2990751692b8ef1ab6e",779434436
"2fba6801eb9a7bce7ed2c081",660723180
"2fc150cf6ea4141106bb8ac4",365676073
"2fc19f73fb877ed8b88a5250",478813692
"2fc38ab2689eb24f63e32efc",1001512527
"2fc96ec5fb2c8dec0a5b09ab",1167795519
"2fcab31c752b699af5e8ce8b",1296916533
"2fdb80ee4f9a35663e92b3b2",666591511
"2fde05df6a3aa9f57385e6a7",479417741
"2fe64bad1bc8a43fedfe0700",641355649
"2ff0775d2c131d19804f2a2e",721937764
"2ff531e27672ecd2362eed55",935769202
"2fffe55a1584619bd7c489f6",942871114
"3008e821640b33a8d70beec9",417913992
"30091c32a5046d563597bbf4",531387204
"301b5da33d32c0632b16e8a8",936676339
"301ce25214ddb4b5144373ef",1132600480
"302918a3460b98acb64fafdd",557679832
"302adfed183564312f9e3087",1028598401
"3032ae39e739fe46e9e198e5",1253385147
"3035d7ea4b71d204b588dccf",639194079
"303dc73dc1130de9aa2f70f3",618377100
"3043d0b025fac4ed90b448e6",517921539
"304ce5835e685778b1c2b6a1",573121796
"305080502cba05a1c165560b",725907476
"3053732169b2260529f90133",859965607
"3057660e38fb757dbc8bd898",798123675
"3058b792e3f6781e438a2e9b",1060021657
"305d6abea2f3e496e3b6fcf4",788658263
"3061729865dd2d68858600b1",629566419
"3064379f468404110d594c87",690497175
"30652905d3eacda34ff61a9e",1024000216
"30677852542c78698083d4f3",1106507322
"307acb7b4044cfa5680e4227",1389637886
"307eb683db84db535106c445",793971025
"3083a7ab1deb092f7aca6a54",546636781
"30a30e4ab286fd822c68ab5a",626927796
"30a8b9c197bc42f088d0b873",583092833
"30ab0bbf876dfa515b266c9f",475311408
"30b0c440c0bc8c6005855ff8",911218153
"30b3f38716be209a894b0942",430519295
"30d2ac3ecb8150e4d4339d1a",1196638772
"30d38a7bab2eaaef1ff6be0d",925085928
"30d5185ca2ac2fcda2bcb79c",514895716
"30e10a03626eeaf8bc2c380e",868486013
"30e134a6cbe61d7954d0f56b",398996954
"30e1bd4619483b0e896b5229",826508340
"30e6d4e1c53e9e81ff66df43",585865348
"30f381306494ebaa760b990c",576497486
"30f3b383f2d5e4709c9304b1",1386974015
"30f6404e8034dbd513aa8a30",575716213
"30f77637dd52e728efaddd6d",1185290023
"31081c78ce92e1d8dbb315b9",488254652
"310e768d2e8836432f8b3e97",500735967
"3115e2391cc3a078b5e6066f",870936122
"311dcf366691c44243b7b89c",881294888
"311fa1bf3c405f9bed13b38a",397871464
"3128a4896665d38feb72b456",853196813
"312a6b2a57dc6947f95213a5",436557284
"312ef52e0250429a5ecb3b27",1187312867
"313abf19d78b719cce4b3188",875721789
"313e17c442fa3040065b7489",745404541
"314153750510e92ddcecf33c",1201853992
"314479aa7b73ef6ef44e1c89",733379364
"3146f3ec9b237fa0944cec7b",603240698
"31474c62a8f39e250fb2882b",1330219458
"314a1e163d0b77b0f384da29",408410594
"3151daf55106dd159f27a8b6",529087403
"315ea6fbd6b3261cae7fb900",814672863
"3164e0ecd246b8ed6cb6d054",1004960691
"317d8f9d18599b346639a4d1",491948945
"317e95fad7d399673719537e",925205919
"3186cd0a3125adf3b25587aa",987221855
"3192bb7190b9130c4e67be4e",977048196
"31977cd5d4c09eff149e74ea",966046580
"3198c4acc62c1a2276bf15de",698589900
"319b9accf9980ef2ef81099b",1020636611
"319ba1ec06c9b6ca6990f4c1",1246526106
"31a1492e589f317a58a79df7",722141587
"31a3719e57ab1425e7267fad",865659654
"31a6c440ca9eb29acc0f1086",1226121921
"31a73382ae20331521bf2e6f",872128002
"31c69cf4d197f97ac594a896",991758924
"31cdb68dc6476128c4bb2f5c",1267630043
"31d3215c8345d48ce9734c65",456705993
"31d6f089626c4fd08536fac0",545825178
"31e241881acaceb02ef915d2",875195800
"31ed69311bfbbe000f4483d4",584568310
"31ef69bed8e54b5e1fb245aa",799046722
"31f52502e89beb1b2e0dc3d3",991914050
"31f56b841b122b35615bae2c",528013745
"31f630c44db4be5360a57640",825186765
"31f6a25d56f3bb36386d07ae",900712084
"32036c1eb131e6cc4f3bad3e",379855138
"32040dd7b8edfbe331773288",653533903
"3206523e850b5b5fbce567a3",1176000972
"320ff6c0320674fd278f6fc7",544503569
"3214488a8fa9cf8b3dae877a",621195337
"32161228e9c502d2c21beaa3",383038889
"322bad590ae06fb48f80c533",496985168
"32354bff9df0267a5e139156",775529890
"32366fe92222b329e3d03b29",745903741
"32421841f7eeda76160d7959",425644832
"3247399a31df838ec5fe58c5",790411151
"32474481a0f8af34a4edfec9",458275789
"3256c6c6f30aea9cc79b7283",873609731
"325ce336d3df17a078db5166",495186427
"326a82671272d893ce699476",690381287
"3279efb86571efde18eeebef",480373343
"3289958459cd87f24089cd14",458992229
"32915b77ca68000ba9eed6d8",547743084
"32a10e550bf7095627d17da3",663982585
"32a555016892e7a74d231545",825211948
"32b678be83da2a07b37f3012",388731143
"32bdf33933c29b1cbf89539c",721002020
"32c1f617f2b1f537ef703712",1069724077
"32c7a2d032ee21f8bbc6eccf",543653654
"32c7b848ef60432d98f415c5",754845938
"32cb6246cd94f962f780a1fa",369579586
"32ce96d8adc8e549b90b4a8b",916046931
"32d2c5f1707b00c93407a19a",490394735
"32d56542ab5486bdaf4466fc",743846516
"32d5772adbcc785ecbc2c55f",599670667
"32d5a20c542a8194a6aae965",754021410
"32dd96f4f07f67806146ec46",515289683
"32e182242a654ac03a8f3ea8",429439197
"32e6518755191bef743b28f6",949076085
"32ea7e13e8d9391aa9b7ab9e",393317134
"32ecec7d5c47d02969368779",756874393
"32f3364ac1fabdd13db1cfe5",337557079
"32fbc0f1934f7325a404a2eb",1111562920
"33043b254b9085fc82ee1f7f",395352404
"3307731f3bc518012912f1b3",994042856
"330c37fb5065311564fd35a2",933199002
"331c515e7f0dbb4460810999",582452579
"331d54f8a1bd3dabce73d6d9",848060167
"331e915e2a66fb70380282d6",1053609684
"331f0957d55d7f03df7fdc4b",1362713070
"332201e2583141f3a02dcca4",1020496458
"33258f995a375ca192ca4d3c",885787678
"332e395d4ce62523a2e3208e",482986208
"33305df46dc2186c7e3f727e",1249117959
"3335313b9060ff29782906b6",522053345
"33379968a83c8a90c23e77dc",464458492
"333a643c623a9bc75f3a40f2",1269943581
"33425419e1a8e854418c5180",359335180
"3348706086aa3db5c92259c3",450448606
"334b5b9fc68a18387ae59ebf",374518519
"33501f96ba3b02da073d586d",427215411
"33510511ff07dc7354cca7e8",507170248
"3352469ca509e8ca652fad1a",577182933
"335626f385c28e8370c207cb",395480617
"33598222854631e92fb72baa",860937186
"3360f48c1ec30dd1c3175101",564672394
"336888717766096b24215b26",674177703
"3370a48ec22302456c41ded9",431135599
"337c81be4cb14d494ca69db4",1145865975
"3393fece8a6ed311ad865e66",1302153949
"339bc881458ca34bdcb771da",1100118375
"339ca7bc687766f517ab3274",383234006
"33a334a16c4547b9d7842c3d",668834250
"33a61cda27fadacce0d1aa7b",1123010851
"33a7f6aebc3e2d480d287199",973268747
"33ab442cf58cfaa33eefb6dd",396468499
"33b702ced6de5f7ab8b29e7a",593202267
"33b92225cef255b0e4b4edf9",637421436
"33d2d1db291a13affdc209bf",685108002
"33d6b1bbab4524c3aa03756c",505373200
"33dbec39ef8c0667e4c3f039",791855232
"33ddf4e1ed8c864e9db16887",519762216
"33dfb510aae260ccefa4d349",1133860614
"33e22ea4154e8f71062dba8b",595516044
"33e4901b6e72593513a02207",739528995
"33ea5de5e8f5c639a213414d",915791872
"33f1a7739cb556a78af083de",841316077
"33f4f9988387bfc237d114fa",661872247
"33f7d5aa494288cc90d60456",1030611311
"34067d9b2b4e45be1e5cfa32",534789355
"340ae520163a220061bd7f28",618668496
"340c4d762f830197fdaf0977",1007203942
"340d1313fc2dc8e5b6918262",812192018
"340f96c7de105aec5b7a28b9",839392659
"3413f37549869d2172b76d6e",1162362221
"341c307eedfce3f735f4a63f",833721896
"342027b17940a0cc5cdbf8d9",1307083389
"34291b30d129222905ffdaba",804659647
"3429c774b736cefc051e2c55",460335393
"3438e5d77044f21743e56edc",716587439
"343be18b0f77260f32ec05d2",412421663
"343f45e7d178eb780a9a9818",525409768
"34447730b60ad12f4775894d",1083091541
"344823ba2777540ffa2a8fbc",1074525531
"344a104d2210954497a5a388",1039174045
"344be03236aed65e74b14a2f",525724534
"344f3bcc1acdba48c12f8441",816640876
"3454ab4ad567d2d22d990fec",891962280
"346c734ce163296a07526a35",623663502
"3477646f548971044f8f0494",411614583
"3477d85a434f66df58fbc094",1038575633
"347a4deda03bfdde6d1c163d",717388821
"347d5081f7bd36c8edc1f352",1282819567
"3487768de3a13b7ee3df0254",879526638
"34896afec0b639648c527483",1098005311
"34926bd7f9880e277e75a447",768171946
"349602317da0e456d88fe24f",1114845491
"349768047d470d2fa6ff1930",767862857
"34993717af3f861b9735df6e",568784304
"349fa9cfa15d8f8bdcbe863a",1344678279
"34a9e3ca94ac06347d879942",1097326974
"34bca71dc9c74a2072f11e9f",812074292
"34bcfc2f0cefad790922879e",1186821547
"34bd7be0761ab3d43da7a81c",563020501
"34c84d0a410920c303ba69f8",551203692
"34c92caf68dd0cec9fc383ef",1267431798
"34d1394dbb483e55d1cc2da5",447460940
"34dd15023216e187daaf5a07",826212022
"34e5602cb58501859e32dc9f",851155315
"34f0542a538cee9f3624d897",421871118
"34f220a8ee1f24bcc5790364",403476197
"34f4df9fce2ec05633d0cbd1",525353651
"34f99327fe595ba6e32d89a1",677529325
"3503f56e09e639be4762ff2d",803094175
"3507f260c3c6e195fc444533",484211143
"35114fa32397272437e67a54",448154490
"351701c5d1b821253e2c8c42",487561348
"351a3e1b62cd51d46913a8eb",1175736323
"35255f80583ffbd504250554",835868241
"3528df61a44a9895248336c9",588018149
"352a76b301243d22d1b31f79",459496770
"353207faab3dcf10feaac8ee",845790557
"35352b370a31d01748616b01",1167782154
"353743db4334fee80ac08d0b",895494313
"35381d7a5b25317d7588ce77",720301007
"3548fa5ad26ba2ea999380a0",524696729
"354e2de1e3a81a63e7fae4bf",911134733
"355d1fb69bcb4e8e8ed9ba1a",1146677107
"35616923c84423b44d1d1438",1407854023
"356712646865d98127b92a57",785372333
"356815b8ffc300fe03073b7a",636090327
"3569024b3ae4865240973e6d",427934713
"3573093e56e95a982a41879c",1092175709
"3578144f12e13e98e8cb2480",433775088
"357e2add3d68167a4f3ce15e",868040528
"357e58ef96c53f39e267b80c",1235156477
"357e653c4bea02df1b08c62a",783271984
"357fda0abf79ec95f73e3584",405896800
"3580dcbd0a6d7d6d3546dad6",578335612
"358e1287e24c3c4fb353315b",905182999
"358e85ba765ddde3ac31be33",392398472
"358eb586d9649d20dca9bfcd",982437545
"35984f749eeb84eaf938bb08",1124116653
"359f6a66a407e30b40979d2c",840392287
"35a39cf33d16f8f5ff75fd6c",775497348
"35ae7661d8191507cf9e7cdf",697873407
"35b03ab66c19ba2049ddb9a4",545456760
"35b1cd8020e7efbb9ba5adde",1109095701
"35b789e1d63f8f25980d21a1",1259635476
"35bc25d0f9de2ed4f714fc8c",959959503
"35c7a7c0ace36f4b95423c4c",446214063
"35cb50346289f0590dd24d83",1208080052
"35ce37bbecac6b164fa21e6c",528425812
"35d79b2ac92083bc439124ac",583101730
"35dc60a65969b264ab283d6d",497330332
"35dedbaace193598c9c438a7",379820363
"35e0cac576415a4e61acec80",1235156477
"35e55d060b1c4239a85c0ebb",448300682
"35ed4187f732a1ea68dce712",981828733
"35ef99962cd5984ca87bd326",553878455
"35f69c7a9870ac62735d7639",415064526
"35fca2d53ed17ea7637c528a",1165850399
"360be0df2c003005e3db080e",1292520863
"360e5cc9ee1282e5a6ea17dc",795529334
"3611c89dc71078cd0aefd2cd",576625052
"361715cb422c5fcd9125d5e6",511192883
"361ccd7f37ada9c07ffcf71c",704617127
"362212de783981c9ddb767bb",478161153
"363c96b85cf07dacbb10b92e",399089810
"364256d0881131148655e006",895977813
"36445c32822146606f75dfdb",1067113596
"364b8b8759e3c408c4005021",484483670
"365a227184022e99f1d2a816",843063785
"36753a5e31b0edb1eecb8bcc",596250260
"3676e34e4824101f3fd9aa2c",942547461
"3676f63aa0ab23ca7cd344b7",549322911
"3679e1844a35c0c87fffefeb",481836970
"367bc4fef78a9800f8616d02",591044014
"367cd12d7f4aa93124047eb9",547359799
"368e740cb71b9175fe5b7b6a",1249117959
"368eddd8b6d39bcc7124a41e",602122212
"368f7a70a62962bf31ec9583",1292520863
"3697e556be961a16a621f3e5",470697673
"369e9e64898ea16b7ffefb7c",788822243
"36a0a1f0432c954604825b6e",990178782
"36a11817b32bc24eda6ec8eb",477562331
"36aa7d0cbfe40adf3c86a134",785394803
"36ab522893b5f01caea4cd0d",661977036
"36bec92975612d091a3c78b1",817237662
"36c0d26b83e575a500a6c30c",609017685
"36c2cae6de0add92f32d29f4",965744443
"36cd68fc3ffab79fcaa340ab",415073234
"36d5003f0b5ec7f80e89262d",941950791
"36eb8139a5ca1b8459eb52c1",874746873
"36f85981124e858c157f83df",909237240
"36f9a0ea831710344f468bba",397871464
"36fab4c38cdd91de650e6abd",813252316
"36fd9fc1f1d9b2e10c1c6463",454017888
"36ffb5566bc35fbce9e42679",470493023
"37050aba3553f3869d59f809",893363535
"37063e689732880621e4e733",1115713399
"370a0d0da794efd58cab251d",1118628379
"3710ec95af4702c45f165279",660870643
"371a0ee537001f7a9d58465a",955139694
"371b5ecf08973fc6e6849d14",625606669
"37227e66adec69299f853e51",695368811
"372a3934e8179422b5cf5729",1108486624
"372d67ccb9d251e290891f0a",335015803
"3747996611a842c452865a9c",894084599
"374ca1a16b8eba42b35374ac",744733779
"375419559910484b17782b47",1567692509
"3771c66b9ecd6db0b201d4c4",408556290
"3786baf40b31a20f3bf3aa80",835358223
"3786daeec4a4fb40ef07d8e5",921651619
"3787f6da3e961c0e10d30e6d",1220559256
"378d846a7af35e0c3efe53a9",928101002
"378e6374da00b72bcd7920df",634303304
"379429ee3675d1adbf816cc5",485879188
"379c4fce87557848548b0944",442322099
"379fcab709c66fa146d3491f",618891559
"37ac1ae3a7e2a3319eafbb58",726525252
"37b8e8a194e4f2fed7ddcd96",465855857
"37cf2c5c1c6fb6e601d2f76e",395606608
"37d12acc69d0e3e92420e62d",883860362
"37d39cb7d3849a784497ed0d",1160083135
"37d5a902f1036cf3d80c275b",717221906
"37d5b8f329ed1ec29d4bc035",576018268
"37dba4927e327d3a4a0c1d36",609534820
"37e009a57645b845b1673b8b",701594365
"37e0fe114a3c7406daa57443",822945406
"37e28ed39a51956880d211af",1239517814
"37e696957da15625da71146e",590391652
"37efd3e2a5b6567957c62081",612179633
"37f39916813a58b844e17833",927856745
"37fc4ce5dfff7faba6bebf8c",1008757379
"38026eb43ff9876cd5767ac3",444742415
"38029a1aa22c0a5beb065edb",951510325
"3804d5b313b742228ef0f1d8",1227221576
"380759598c614cbe10ae4bfc",939313446
"380ae516dd46442f97acfe14",776253559
"38117bca778373247df86e14",525409768
"3825ce5030d951ef0fc2f7c5",409949638
"38328747d2e1e0e568c05523",588799270
"383af3a5794a0ec3efe78b2f",513322858
"383b3198861942064a63184a",500060228
"383c0948aac71636973507f4",745633478
"38410183814a757520143737",860173944
"385488342bff3d3587250c84",1041261273
"385fcde12021f4bbae6ac2fa",503213820
"385fee7bd9ad7722d45dd034",414385826
"3865974fbc1b412f24c47eaf",1209241942
"386ad1ba1cada9649f3415c0",1064872987
"386ee01c3f7bd8bdb91181ad",898203908
"387af5fb4b4a7f5c3fdcce57",840278487
"387f18b1f01b1aae536752e5",549309290
"3882da646752a82db088c614",436075436
"388a6dbda422f886e503e685",1434589514
"3897d9b5fe3a0cfaed7c18a6",561359521
"3898683e5d24bab9eea24d30",782004627
"38a0fcb41f0dbe8b0ef7af8f",739189133
"38a1e2050dcab9b4c70c5e83",620144093
"38b424cb0e54f0f7f2745781",721002020
"38b87cf007043b76670207d8",1043997665
"38cbcd7f88c1520fa083af9a",1202521253
"38cccc333e2c38bd608e1880",834245235
"38d4b1837c595b6d9a23e994",1434023220
"38d5b9319bc16bae99fe73b9",636623165
"38d6842c2807d54f386bdb5c",1072973137
"38d6c2a9beac610279bc110f",556347559
"38dbf1b9c5963e9c3d008340",894268794
"38e84c560b0455548ce186e4",572166093
"38e8630f2c05ea38e2257c21",544503569
"38faca2d6e338d328428f986",498279819
"390107256faa08574d7231d2",963312371
"39124b1ec419566a371af8d4",1094747268
"3917b95a3d05a5e58c117f68",433270692
"3918fa99179953461fe07f2a",1113500292
"391a98a344e894c6397d62f3",423156498
"391cfff759030283411dfe1a",543045313
"3920eb3f72b96fcb58ef778a",359846835
"3921d7b508fa1591d40802d4",551716983
"39222ab30001b3cf45b7de65",574961222
"3923f0e655615aa6b52721b8",841187712
"3929df6d73b3ba01bc018476",406142291
"392abbc83cfacfe87c401e27",545202968
"39351adf139f820864dfe8f4",1144540104
"39377d0d271da03ad85c7bd1",528836184
"393d99ca47315ae98fe9e7c8",1542331235
"393e2e7ea1f20eb6b4148d60",763270534
"3943b64f9550a575f15d6d29",1275585327
"394718d9d069a126e13be804",830652117
"3951171501fc51e2d830cc82",958898123
"39542105a7c46ded0cc373a7",962265638
"39579c195f288da8d77f5ce9",1186617833
"3958d0cb732f3d623764be54",434996333
"395c34e4b8f52cbdb0522459",784743433
"395e3718423aeac3d40494a7",552577396
"395fbdeb9f0c0586a2b20edc",396107198
"396761edaa353e0828949bbb",465967828
"396c8060d9767b4debf2a54c",662176560
"3977cf1326ff502251f78f66",726151199
"397a7d1cfb809e34797f2bb4",859845876
"397d0f6319465fd7fea6f710",1055433970
"397d4e490eb2db8a1b18051b",487004626
"398274b1c46fd88151420c6e",438325276
"398a67970cee5dc873d71bbc",1105372458
"398c195aa41ace34a16b0d7b",1188887822
"3991b04509fa61b36a8f7d2a",996168630
"39940234a26e7264b464450b",576357856
"3997c10ceccd2f8c8e43cda0",1095083498
"39a12600317b58457f68b5b8",418353429
"39af71aaea23b5c1e987de32",453910520
"39b62c6fca161b80bc6726c4",1471222818
"39bc028f3b42d9ea48808ad0",450910213
"39be6f994f2cd3d68b51126c",629110279
"39c1613acc0ba4fe622c1f31",1061286055
"39c6bd862f908b7e8088f0dd",804521530
"39c70622597e64c4821d0731",1198825031
"39dee9b1661292cdda6c4823",666160638
"39e306be57a992bcc75e089a",366681114
"39e4765ae5c8284e1f3f618b",1086913864
"39ef085809bc80e32e7b6af6",1189420833
"39ef4fb2a43fa3bba15a0b16",906017282
"39f70d6b68b22668a0631f37",813151497
"39f9f736d802b166ed688224",1227322232
"3a00543fb00cbc044a5b3527",379893539
"3a103803cf9cf0451582d89f",416661226
"3a10398b72905bd710ffe9e1",1223965254
"3a26efe201689493724ba464",628642479
"3a276f0df8c12422e14107c5",1082275845
"3a28bf9841e6a9d3f1bc293a",1149341915
"3a2a2df4f07902b04b809125",798652088
"3a2cacbd3b4f9a23514b1433",1366156113
"3a2e95f5eddda4df84b2e2b3",550636262
"3a2f110334251e97abe3583f",358628566
"3a36f59d7c0e6c4eb85ca0cd",1086947035
"3a384d68b7ddab45e01b6e99",875464599
"3a3ce11d981d0893ec732e22",749804988
"3a40bebb521445fcd32cf033",840411522
"3a413637f3108ddf7bd53bcc",618668496
"3a488b9e24d9b8fc7c222e20",348995775
"3a50d40f15b1cf5bfb338092",424123709
"3a513410a390c75fc14b0b3b",747498867
"3a53919313bd750f2b1af906",1115862373
"3a576586fa1aac85c2ffb75b",1348482074
"3a6262eed8967d695182e435",721482125
"3a810dc80d3a63f8cf106717",866573202
"3a878d44356885ea61bd882b",613980442
"3a8a506c99ede47ae2257e87",659462894
"3a8b7b9048c82797fb01a8a1",859816356
"3a99197868ce338c738a3b20",631037918
"3a9b2ef74c59e96a6b107357",498827547
"3a9c7ec02f3e7e419669fee2",392398472
"3ab2ed6d140698cfa41f2e3f",444471896
"3abe8f334f0f20f8006ca5d6",532134708
"3ac517f74dbf8cdc8feadfe8",656757842
"3ac77ed776aa4630c7293240",987300944
"3ad3c519ced4b63ddbfdb0a1",412797845
"3ad457c8855ab8921a7974c7",940476913
"3adadd50e603746e5e4fc082",878103539
"3adca5eeda4939a5ea11444b",948082795
"3adcc2c662c8c7c9db5f0982",568578216
"3aee70815bcf6effcf0e5fdf",1186047620
"3af2a1ec9efa6884a8254d28",668702866
"3af3a702988bfa0599727982",1054373609
"3af4b54bb5ee5fcff80f1e53",583428802
"3b05e06aa0bc40b9db16416e",423991870
"3b0b0bb06d95c5ea1aed2d95",576945189
"3b14b48188fdbb0917414039",843047705
"3b16ff50ec7fa717efbd62ab",805405889
"3b185e3e31f7f5e6a1b3193c",727390466
"3b224cf6107d815a2e78996c",1054174533
"3b23a71bf40e800a66bdeab2",417987333
"3b29177e99201cf4eaae612a",918843249
"3b2936127f5a4684a1d3de22",765228211
"3b2fa7905fd8fcb3e11ebcf2",1167875708
"3b368c10d243f6bc9c027061",382334519
"3b380c563ed2505b7630feaa",1120830300
"3b39471f854357b7e5d2853f",1009121090
"3b3e423e248b23090a2897ee",508512769
"3b43e7acfab46651b099b1ed",993900667
"3b4b303bbeece313f92cb85e",874716841
"3b4ce006ef95420847da20b9",488798818
"3b4e889562e4078f8f369172",481388692
"3b51828a1e891f3a52a4653c",605870912
"3b52bd5eee5ef8e3871dcb3d",1466261538
"3b54ab53b6e3453e333a0939",364817797
"3b5a5d6536a9fd24f02e8ba0",423232373
"3b6c37e7e6ff1c03ee4fe995",821990048
"3b6c94e3e3684eac73b3e7f6",1621085414
"3b6cedd9966332f0722208cf",492334745
"3b6d88f864f6c1759f957c73",1566933199
"3b739666f401ca6b2135652c",1156726933
"3b758c26283c2f11251bfb89",1117080447
"3b7ddf527979726fb8aa1683",427881662
"3b7fd4008e14e394dd09a0e9",1414353905
"3b823e81c5378ee3c977e863",622640145
"3b8302dabc47048245acc09f",737161675
"3b98c8e46cf8477a1968244f",514750388
"3b9971f91bbe4b8dcc704ba0",815324193
"3ba644c7be754c21e3cc48ee",1044172911
"3ba6b07e752fa580f630eb8f",1125474677
"3ba769d65f02217656e0f5b5",978588719
"3baeb28cb33d048bcd6e42cf",345199696
"3bb15c6313ee70bf4d88f4e0",565363190
"3bb987adb4ff573ef09b8c12",564864137
"3bc1d407f7e7c8e67f7dd27c",855638059
"3bc68bc2d6a2b81f9e3b9a50",692918139
"3bc80c56871193dd782696d3",531548381
"3bdce823d3b96e8f0170d96d",795210754
"3bdd7be0b5e18d266189d991",693441705
"3be69554b1cb31ed5732a836",806988181
"3bed16373c8ae820187e3d5a",942225715
"3bee8a9981a1e9e13a05cafd",730550843
"3bf1bea2a835d7fd11e47ce8",433664236
"3bfccc757ef82ff2774f2db9",1453098315
"3c0b438c7a4fcbfaff9f678e",949606627
"3c1b1f86087f9b99380e387c",791429429
"3c1b7a0a306e16e8c22d78c9",1047829906
"3c1ee7e502c6bfb20873b47c",746715120
"3c268e9119b8027f78f91954",610286320
"3c26b2954be250bfe239db68",341250889
"3c2a535f1df831771b859a86",393520489
"3c2f62f464aa5c48c470bff2",699906271
"3c35c8993bb937164ae4a880",1100095293
"3c38153bc36b364b92548965",1112642594
"3c3a0f57e030472879f454d8",792213264
"3c3c7861a9727bedf5e3cb29",895195459
"3c3cc027fb179e91a46f11f4",656040457
"3c45bf3e3e31e7804ac91704",604101954
"3c4c18326318a7207b589dbd",383953947
"3c6092e8458ee81aed0db0a3",775868702
"3c660885ddd7e98ba5ea26a1",1434874114
"3c6d485d7b01ddd6147746c2",639541636
"3c753ecb3a4f8ce43077a6c1",1224929794
"3c840c206546c20b3e53d4fa",740487372
"3c86651d9bbfbb335f15b544",637101765
"3c877a0fbe08cda958ff8f46",1094770236
"3c8eaefb3f5dd8d4c9f5386c",765606329
"3c95dcc4bc3788b4cd5602d5",714405284
"3c9e3b97db788dcd10acf0e1",535169962
"3ca0e7723afebbf53e390297",901402973
"3ca34fa833e6ba10cb4b1944",696704361
"3ca74495aa9adbd533ccfb96",1093885236
"3ca7f183cc0b303e5d455309",1206817994
"3caab5e89722761d5ab2498a",446747161
"3cb1773d90dc240c4ffed5c4",1140282389
"3cc722d5c764ac261611c2b0",421274486
"3cd016f68705e73b819cf74b",627622923
"3cd3537b5f9475657060cae8",1344434648
"3cd5562115870363ed5d7558",967711870
"3cdee5304896e4cb9604ebe3",746181219
"3ce2c7f1ee7569e1b916cddc",666548284
"3ce50f34a7974ec17178a79f",828048378
"3ce908c9b70f349158f7d04a",1045919012
"3cecc0cc43ef46670a8e69bd",587844334
"3cf9282136fad24af0f7ebb1",1060830698
"3cfd9ba5c6993718c0c532ff",474043883
"3d04304c8644c81114c36f98",917550774
"3d0cc51b7a2392f3be3b1666",742985818
"3d0de71d822da8a999bb6222",586517184
"3d11a16b008c26fe43deca03",679998199
"3d141576443a97b0202c9672",1237408387
"3d162a854aa05447e2cae0c0",1133013165
"3d1a767dc286fe1cb86ed9f6",999590768
"3d1a8884a9687e53e5fb0bb7",572801594
"3d1deb639d94b292552a123c",544797561
"3d24d985b95a3e200a734bc2",1389407309
"3d266736d0307404a5804073",516742394
"3d31144a77cb51647f3deb02",552097000
"3d3317303679a6a5a381d0ea",1512822988
"3d389130627ca7bade643f47",686794462
"3d3a318662cbe218db0878e7",1136786145
"3d405df6e5dd012419f43ba6",977613021
"3d43dd23536f843c2c5bd268",1320975750
"3d44c742b1aa4c022a968ea2",358281247
"3d474c6a88ceb86e00f68b3a",389338862
"3d4c48167a8de8cb0e4956f6",1147545720
"3d57abd322b0077efa1091df",992951368
"3d580d0df1bf9dd124c282c9",616846877
"3d5ece38670c1c96df4cfff8",576497486
"3d63320260d150d134fe8648",846227852
"3d6815fb68ce959cb95e225e",638812594
"3d6a9a4f2336a46eb62e6a47",1181403378
"3d6d51ca99f2747d6b92dd19",711537290
"3d722d960b860b4bee79ae2f",738817015
"3d9856c3ee0a4b5a833c69ab",609512731
"3d997123b33373024bd2cbe1",987832128
"3da41d55a2b9f78c2b10c75d",939825983
"3da9de8f610e5c40401a5b78",755615159
"3db3b80a902c10004cd3a3d5",1429716318
"3dbafa8cd5225e261ec9b6ef",366288966
"3dbb09358256bae5199e1318",676270518
"3dbf89c6e97182647bb44e69",838371833
"3dc0fa238745fbc31ba88853",382032002
"3dc8277f29d0a2406fa25ce1",679190652
"3dcdbb92628e6a200adf48e8",1367952645
"3dd4fa53bc59e5852f9fee98",1218351952
"3dd8085a65f24b497ea59557",909542516
"3dda25226646e1e91f4c948d",900968098
"3de5d35f742cb4eb68d5f314",700809290
"3de8187003cbf6c4813bee45",447037822
"3dea0748459a295fcbd2f0b6",549895280
"3dec1da01706b06f5d6a9266",451120112
"3df855d8893dbc62eabd95c6",642374234
"3dfd7e954d6f7f40af60bc9d",442128099
"3e040e87b89a043564f0d0a2",1015272000
"3e0c656b64d39ab38201a112",469631417
"3e0ccd899ad73579898fe73c",1285359393
"3e18c851788fa8724ca8b7cb",510357970
"3e1a1b2a518d3ca2fe3950b4",788775603
"3e1c2c5b0831edf78f7b7082",811891541
"3e2c1d2cba8755ffad9cff27",1170650065
"3e3717eda8ec9a68c9d83027",561315624
"3e3880088f0df7c447e27840",482985287
"3e3f264cd0ac7a65ed2349a2",1262873482
"3e4c1e6435ea1a9c3150aed0",525409768
"3e523ee3a6c2d89436539792",773413082
"3e6645f2cd377ba17ae2e46e",482150462
"3e66557e876a876c259c40a0",451449782
"3e7217f628a1d0fc9bc47071",708542951
"3e7f514983daa92e49a7c87a",393615824
"3e85b447edd3b23b5a0d3b79",573738660
"3e85deb0237521f1a7a8fa84",1041859245
"3e874c25176a3abb336b31ac",527758002
"3e891afdcb568befebd66fe4",565104447
"3e8a4318d93b1fed4c48f48d",1321376421
"3e9083411c44213130b2ece8",550697180
"3e9754a961d2cf348c9ff7af",736947990
"3e9cdf767389ee551b5349a3",554005242
"3e9d73530ff24d3f4a543091",628473437
"3ea5478270517f299b20bd06",863736594
"3ea6e8da2cb0bf83872dfd8c",570849296
"3eb79541c2ce9413d2c54736",721002020
"3eb97ecf8069775b9104af85",1275870018
"3ec50faceb434f716d73613c",1354211825
"3ecdb7a7d178b48361340ea9",771908401
"3edc0e70e7cf6a21be2f0d53",391671661
"3ee3ee47bfa21462a1fd455d",723937158
"3ee9cfee7b0acd482672ed47",710925479
"3ef167ca6c4ac77f6968d17d",809605992
"3ef8fee6a5cf42827d8bf562",1059623431
"3f081fb77ad08f8370569bf9",502662235
"3f0c845deec1c24472a35efd",1588021559
"3f208f32cc24d8ce1506ed90",701425774
"3f226452520ee8f04e306bb9",1129306556
"3f295e6c14e23cff1468bf82",1011718986
"3f2c18ea5d8e9a25adca4c42",943653736
"3f35c44229ba13940d8a705d",1141431323
"3f370094239ab6fc817e9ec0",1295035434
"3f39a260b81dd7de1dff2b31",632790395
"3f39b25dedb96409dc9d1947",1328801924
"3f418a8bcc7adfa87e0f67dd",644828147
"3f4272a3a4b14ce152fc3abb",408434743
"3f438d6202cfd4527bd8f983",479234892
"3f45ed2f08a2b03b738fbb5e",477228156
"3f4c2c98a5a6cb78d7d26327",384963696
"3f54091296f773f5a1bb240b",1077799453
"3f5a0cbba1433e9b6588dd73",603440934
"3f6b2f0c0876c21755369cb6",823678756
"3f6c05c97778fbdc86304bf4",964334492
"3f6eba5c365508ac192f2b82",480158075
"3f6effb8881ea683838437be",796414442
"3f7c5d8304fc650bf97247ee",838219935
"3f87d08afecc4aba03587848",1399263314
"3f895518a7fccca44e534578",455343889
"3f97341f90b11e6a7a7f7c2c",632708327
"3f9a3edf25152433969f98e9",763896795
"3f9e95762d2f2056e9716039",574630128
"3fa0d9e247f28968a5bf8476",422752330
"3fa4ef366575bc72ca5a0582",1156651922
"3fb3a581a9a74146dcf9b71f",384608478
"3fbc0746bd620a0baabbd859",621131359
"3fc7a0f9c30978f24d688fb7",660604729
"3fc826461ec4648e4f7877da",763404482
"3fcacd1cf9770a2724a5fb01",721304628
"3fcc5ff04edf753621d6cbb6",898483201
"3fdfa23ac43d1df0503ccf1e",1211790941
"3fea10126c0c651f02de7167",665793535
"3fed1dd17fcfbd2b86e73143",562502057
"3fee486268a1451a7b9fff7c",906707053
"3ff2a2fd905d81f0422c54b2",409628396
"3ff6e77706eae698f86eec29",886249033
"3ff7b739ce65f0b3066806ba",1091253259
"3ff9e75c6de41de517d1c4a4",359147435
"3ffefb3f453c54585fa6ef22",766991925
"4002635ca8b087877ad22d5b",1435306594
"400a103762ad652e81c8d3c6",770978469
"401f0de98764e9fdd4055406",534880146
"4029115038a899d98dc93d3a",1241571633
"402f18888d480f5af146daab",629160678
"4032d6a6a13399797a794ab7",707914810
"4034cb3cb77e9cb39cc98fc5",817455917
"4034cd9a70d18fe0c883a0fa",461115735
"40355fef059659469e16e3ec",464930908
"404364fe956884368e2f8300",777808249
"4045e30cced205e8c5b2373c",567934401
"4046ebeeb7ab85affcfe337c",1027992353
"4049086139009c35dfebb3ab",429072401
"40525fc425906c9485f1ddfc",430384647
"40558b62d83e4362efe1fe26",395203879
"4056182cbd8c12cd87ad9e84",808528857
"4057a676e7012fd37af9c3b1",577734742
"405baee61afa4b08dc25e586",1156643098
"405bc08707001684d19f6edd",872128002
"405fec98d5a3c8981173311c",626162970
"4066155e224520530ce985eb",451983963
"4066da904062a0041a809b02",549506298
"40713332e88c6d3a393c8b2a",576539272
"40768729f2697b87ed6519d1",682611462
"407e4196114b64578beac143",716233530
"4083248d3d2f2bbf9589b971",1257249590
"40871d7ade3e592560d0b3e3",484345078
"4090c1b86074c8e769cc72fd",664429791
"4091a115125eb4a67f494620",572419336
"409cb370961c60bacbdf7416",334536902
"409eb9b8f2ba87ca299a7f6d",464548861
"40a1cefb3cbb7e2972e30d97",377077406
"40a53a3f3d49f7905966295f",957010675
"40a561bf79fa7a08155e1183",678051609
"40a65310ce666e80a9611d4c",928678270
"40aad45bb7a980c9c5e1884e",823678756
"40aaf6665b489033ba0e55b5",1411610346
"40b20b5a3a986802d64f7675",568503392
"40c2ea5f89f5b77cc09d1455",660628669
"40c74dec061500aaa78f78b7",509879267
"40c9f947e826f89c6ff3f898",373976016
"40ce7321869b706210eda9da",664300539
"40d04ff9c405cccfc82ed5a5",480711554
"40d3f1f00de86e74e0304bd1",789617050
"40d5384e2e8f8fef2032928a",451658210
"40d9a852bbed67a6036c6d8b",575393465
"40db880aba8951909e6e4ef6",870642143
"40dd67aeb6e9979211c9345d",858282714
"40e56beaf4a7f28f8108b132",405475087
"40e9ef1e7c6749b7a8d04ea9",446386015
"40eb0c78da8b51b53548d914",1019766803
"40eefaf8c26b8b4736308bf7",851962552
"40ef1682158d0c3cd07f484b",1420664293
"40efc0dc313284d3b57492f9",757428948
"40f301afabee5be092ba20ad",1071249295
"40fd167916ff071afdc44792",1548943745
"41037a3f8625082544979179",520852872
"410e5af026805ec8088f2e71",949597571
"4116cde03803e63a3e87e847",1406104317
"41227dc9c9948a5f0688e426",652143025
"4122eca7b73c1347a7814a70",820717962
"412e7b9e1de3df8c3dbcf198",668780673
"41353584f956b9e316c6c67d",633002854
"41376f69b086937257387f1d",820739878
"413d6e4fb772beff60f73e2b",899551483
"41454361857cf70c44e1f5ac",939759660
"41479709513815cf5fc1eac9",693691728
"415622d0f7adb1a9f7009a63",424841046
"415b68c7a5cfb073676c443b",472733750
"415e1faab81016a460db7a0b",563347054
"4163b665043ed27d7bf26c00",467815666
"4167fdc804227ed43224a32c",1157998450
"41719542347401b04dfbaa59",741943540
"417e974a3f0d97e502e49800",1184444799
"4184fd9a546823ff1fea0b74",803849698
"41877a677d1856bf609515fe",704050208
"4188712d431ba996cd59fbe5",463727328
"419398139a3aa2ca2be3f941",392087244
"4195a9d13c0a526d7cc959f8",563371768
"4195fdfe50e42e9981fa2f4f",891654401
"4199eaa19ddf8ac436bb2ba3",1439413428
"419a2f823e87ab67b1311bee",1024125224
"419ce7158ed62eb6897cf09e",395382568
"41a269c661f20e443a7a25f6",1249937809
"41abd8a2cbca609cf868f227",900773933
"41ac76d4fa450fe0c377a0e5",360697545
"41ae9d3d280d4eebe510606a",770652082
"41d174db6f695472063ceef3",750451690
"41d2864e1f73e29f222c61e0",683193694
"41d3afc1118758b5314db48e",730985718
"41df29e27c0bbb52aa8ffe49",668734753
"41f33deb9990562def18c917",640255634
"41f99600339a7afc8e386e6e",661893708
"41fc4ca2b3f48508d840bbb1",482151381
"4202dc3f8255586e1ccfff46",440069370
"420b03095062d9571144a276",1266979819
"421db6a58670e53f563eb9ad",537855139
"4224e69acf9fb071d4cab498",1303488358
"422e994aaca85628ff759004",856028196
"423ddbfe2f575e6bcb22e7b8",916216427
"424b41f5e01ea2e2ccd3ca48",548646481
"424bb491c71e913e900db76f",988938738
"42525c57e13abbfafe9bb395",1441331038
"42556b1bae874a5c09777873",1392591052
"4255eae670033d9c9e9a6e3c",852772182
"428f4bc76d4cd315ba8f89e9",441624940
"429460d5f5c5381e945cf449",1070060786
"429b049255a7edf227a980a1",467664894
"42a73bad238f2d3f5e376044",542657035
"42aa1e6f6b8220a63fe165b2",1015221653
"42aaf6521fdf1dc9bc50f88e",461788170
"42ac33321bb1920fe2a78036",586125772
"42b3b56289972176c20c4990",504107230
"42b5ebbca90572b9cea79177",605686043
"42b6cf2a5225dc62342d3a20",725388452
"42c282041583e6e2090b50f2",835173419
"42cde300d741cb134a529031",442494239
"42d34ca2252acaf6e777d23b",1310430867
"42d42ad031a2c62be9b5cdca",644574835
"42d91ed3f3615247f57ebecc",1154806858
"42defcc69fa22e4c858f3c24",1288245744
"42f05e5d4862d653efda75c0",877105895
"42f1a529f5ff3a6371dccea5",609327913
"42f38b1b2dc077c88a746c1e",715434803
"42fa0158217c9cb820f2a06b",691119088
"42fc4101da60fdb41f41f0a4",1014553821
"42fc6a80b882c32f6264ac10",444253227
"430112bf4fa9324f0149a879",698895098
"43041a793a13a4171f22e492",628129499
"43059ceabe98412315566838",1347566744
"430c46358b85ad4a741c7187",353936308
"4310c7a552b20afd46f930d9",928263876
"4317746d5b88142780e6897c",806766565
"43228eaa1230dc0f7f1473df",362959795
"43272151f217feab78190393",649128667
"432f082ac51bb0d39ce45b0c",1106990731
"4336ff9b2dc1d97ac8f9694a",378985267
"4340fcb9c80733260565c24b",994746516
"4345863fe83682f6091d8a77",415073234
"434782c3d1dc2b9ce7bcbbd9",847903280
"4347966ceb1770f758cb6e37",1075474866
"4347bf26ecd61ebc7a16b4a3",682263922
"4349d6bfd5a518fcb231cb3f",804526133
"434ff40bff8fad0962ec07e4",527129240
"4354c1b6b27a87c451ddaf36",467713064
"43600371d44fbbc81f6b6fa3",396555472
"436089e2bf605d00849691e8",1032673461
"43650eb8b70dfa256ca64979",799517795
"436fd4dce2ff0f71232f4b6c",354911790
"437167a9db41b677da7d5a7d",455343889
"439004dc23f97a878ebf371a",655462612
"4394a27b21889bf78927ddf8",479619870
"43969367322e86c68b51c2fa",418251305
"4396f94f7f3c403c43d3ede9",443833142
"43a2ceffa8ed90bc1a43255f",571731913
"43a3fbb8218e73b956ca50fe",863916184
"43a91a731e86b9a0784f717d",706681766
"43b10ad2660d7552ab6c3b10",870736803
"43b2fb09efd1593a94b61b4c",632164297
"43b5b5a9a1615eba48ab8b66",440606052
"43c22bfa9a14df7b0126c12e",532160083
"43c88f1874dc7f91c899df36",1069954660
"43d1fb0646562c3f1dd6fefa",729520443
"43d7b77a99e86e8bd21a19ff",1538012900
"43e11f10650837933261fa7e",651603412
"43e59f5312e304fc21c1e052",1017097802
"43eeb2567c61bfbb059fcd4e",743745790
"43fd6b5cb01d05c9b1db0e65",848414484
"43fefda5a3b0781578d9f2d3",627512800
"440cd2efd45c019c7151902d",1277981633
"442c6bda79f63bae28674b1e",539383812
"4433060d0fa95ae1382f2de1",472787854
"44394e66504a4d77587ee105",883233456
"44412a9e16b2824c4a520a72",585605040
"4443407341bec8b7b0af40b4",767862857
"444c68a7a6cd0b794768d5af",622574831
"444f102b4d54503044154ff5",488798818
"44551251fe345b31ed71aa5b",535169962
"445e241d8bfaceb149609d6a",529480110
"445fa7f5e8e9d7f12e8991d4",1110863495
"446138cfd3749c0b6715b0c3",1348471786
"44672de0d6d9d0cb3b4ae938",586525015
"44760087930212643641eeb4",1167281104
"447dd594fdadb1b12ab32e6c",657644075
"447f51e37fda773ab748814b",866945175
"448ad01af4c5cfba3feeab26",1354165333
"448ad6cf4b43298a39c7b5e6",661154319
"448d159391c38e4ffcc405b4",455056507
"44916ca9b874075f55949f87",658680990
"4491bda913188aad3c66ef20",732298880
"4499adb2aa3aee94d1f1a1b3",1516743657
"449cddc4dc3ef1e93b7f7c26",472731045
"44a587fc89d6b6489157ff49",1189228014
"44b623f7fca1a306560172ac",629929165
"44b6382d9195ceb3f12d4939",954848253
"44c8131b88accb3b46b79ba5",460165088
"44cdcca08e1e66a1496fac6a",654510655
"44d596fa36e3992208292ade",673473402
"44e4574527acc86977f5bc41",626964866
"44e9224b9735235fc7271672",508050332
"44effc9574c74ea4ad98ede4",622248363
"44f0e088fee626993778e7fb",615327483
"44f5380847c175a42becfcdb",1403545404
"44f77a86369d6607753adc09",620063666
"44f8d5ab70828e06198579f3",970528907
"44fab96fa2ea501e0b94548d",1308420355
"44ff213b9cfb3604b7e4b66f",607850227
"4502e2809bb5bd47b2781212",899719643
"450c4eff7e37a271fc24ce3b",735057054
"4514844d15690b7331fdb6cb",860365922
"451744cf3ce55a98db8a3562",643551533
"4520ceed2e5fe3458850a805",1264688566
"45269f56121b796d0392e2da",1188262122
"4526cb4a2b8238dcc4e496e3",1272746762
"452ae373210337b8008ea2a3",1479171545
"452e0518f7164287e47e6354",587751280
"453202a234f5b370ae9e586f",981353185
"453ef603a66a34f17ae22227",1060992580
"454e4126257189bcce9b681b",1356422053
"45550aa81c0151f1fd9fd8fe",1008863207
"456243bb3fab3e74df21b5a0",570370421
"4565bcc95c54bf0c8d376eb0",962432672
"4570a3ca0571c70657b4a1c6",593643694
"45750daec6238508791d0d4c",585236562
"4577c1623c8407e95e893e63",590515534
"4582ec985de48290c5f1f5e1",470287564
"4583a6b01449530079415768",1349423764
"45917f1bac415feac7e41124",473023274
"45969f25857aa7263927b400",1232868689
"459963742bbaadbd9db97723",854522499
"45a033d121ca5afef24161ba",739042519
"45a7517c4d29f5bc7787dedf",677269626
"45a8f6d942533794501d775d",805405889
"45aa335dae223bccb31ff7cc",953832548
"45abee1de734dc32936d0b1d",671248394
"45ac018012e7dd91d41a5876",593608594
"45ae1e929b0fc88718151191",498614470
"45ae8ffacfd00fb4a4f53d0f",1051973132
"45b894a8b028be29ed137f1e",1572313085
"45badd183bb1a4c630174f3a",659050456
"45ccde79aee811756030903d",1264869494
"45dd7eee4488e88d71d46783",1240504074
"45e2395bee937c187e3486e2",881637866
"45e2411d38589a2d85774c5f",806377346
"45e92799de1a5334c3d2d72f",470512766
"45ee2db87e9ca0a1a9faf050",636445908
"45f18e0bb676d2495a227dfb",452852923
"45f24dd99d362f49c0adb875",316758547
"45fc0d46c7a4df7ff6976fce",1223934905
"46136f5f078dd31170c58e64",1105773113
"4615a8a7af9d7cefc7fe4c4a",1433774340
"46161effff173111bb6c3a32",1265417261
"461749398bbd48d69b444d7b",503553705
"4623317e8c9044e314ccc4e8",797483044
"4625168852b335b223a05bb3",768031303
"462c7546b358b00e617ce012",803282606
"462ced9cfb28550c160e5664",940476913
"4630a9af58fb79c0008e5fa1",762863012
"4632f1e8fc93e268ddeba07b",571693747
"464039bbcabc650d659f6683",763762761
"464864b367e16547fe319229",722141587
"46529f0455fd35b2f4a489d0",429330272
"4662aa1c44351dfe271e3a9d",1147585118
"46673c69814a0b3f25818dee",1207511041
"466c542d7825d36d18a86486",884216144
"466d4240af2cfd09a31cf3ff",520933348
"4670d21fa84e40184f03d5de",404221828
"4672d1c9c3b04fcc87a0ae9b",874099755
"4673ef4fa28aabb0fe61043b",388509514
"468df200fa490e667bfaa31d",992565086
"46941e09b153ec19f86c0c2a",1420986784
"469b33a6f153ec334b6123d7",513146653
"46a2a88ef09b2aab932ea02a",899850075
"46a7d0f520dd1e78c0cbce0f",960809453
"46aa67b5e0abe39dae442d76",303379389
"46c34a4e5987c20eb1f5ff99",620229263
"46c42803286c800351fe633b",556159767
"46cf5b18fd7bac0d3332d70a",766655527
"46d0544f411bbfb6b452858c",554853349
"46d34fc9a8edcc199a537b30",1239872494
"46d4b0cdc81137aa56f516df",1239333421
"46d77c92811f0c87d2d4907d",1153151675
"46d8bb3e9a0ca584d3c7a317",570758932
"46dcddfc78444011abd29870",587568577
"46de3fbec5bc6c0e256e7751",424244259
"46e7860100b0c09a6a475b9e",958442822
"46eeb8f186f86f7859274d4d",943059964
"46f0731f62232b32eb733dc3",702858749
"46fb04e7578da5741f6da4b8",405250868
"46fcc0d53b263beae95b8eb9",1112398568
"46ff039321805b51870c64f2",839096524
"47051c25acf866250b5d3ec4",934695346
"4718488d664194a3c0c5b446",671541648
"471b5135fced50f7cb4197e2",540648651
"471bd64a0576aa67f494eb98",1260844545
"471d6fb8037049e1e4d120a7",960256167
"4721d06c49413558bda1fb68",410052864
"472601b5b5719855ae3528af",1016865033
"47344a66471fa51f61c64652",909062099
"473a59415b6214218a15e363",893625983
"473cb30713e88ecf782651fd",515339810
"4769743185eaeb0e4158e0e0",457324019
"47720fb9e2586dced75db114",549322911
"478ac408d2a5c603aa23cbd5",1232990973
"478e13e8c1cb5bc80f1080e0",766230122
"4794d9994512f01a4bbb6c48",608673946
"479b2c9c12602551bbd0212a",564443033
"47a3c63f65a9794384c655dc",821068686
"47b5804ba1a998c3e7544092",773163819
"47bed52dee0d311ae0016b08",622094093
"47bf8d322af3c13e8868ed0a",770184795
"47c2934aaa5934c68dcb9e51",1129401335
"47d252717c4bcae3e1ff19e4",960809453
"47d288f8f9227013424d6976",365347015
"47d7ba800f164f397fcafa9d",579336978
"47e0c773f65485ab7c78d49f",611282376
"47e282cb12ae01243d713178",541912321
"47e5ea8cb7f5ab6703803690",771942265
"47e6a61fd652a3dd37556ddf",846461922
"47f7065118bcd4c3878e50fc",712653742
"47fe78f6299f757b231be10e",787977134
"480041bbef3a540df2a36ea2",1114562716
"4803a3aedb6c20eb194469c1",547785920
"480aa7fe286f4aa31f56d4b9",868944987
"48107a1dd2a3b027637f250a",1112642594
"481492907baba4574d4a6f35",1431519980
"48299e52748ecff3b69f7a90",593024657
"482c7150c7555cb35558398c",1255062109
"482f57e65a3f4c6792775a05",440933926
"48378a6148532f71abcc2f98",874678469
"4845ca0d30483b36bfa55061",835304052
"484922bbe02cb218ced0e779",395978026
"484cde8e47fbf62a339c8219",674716707
"485cd615660dda11586f797c",779502825
"48740edcbe275bed3c82efed",788771090
"487ede1f7f155194b69c531a",403674025
"48815b454dfb64fe60e2cde4",433284741
"4883f7ce7086ba9c8ddd4315",843715283
"488cdcddd0938ad0205ab8f0",1386952852
"4890edc33a555cbbac71795c",870333323
"4893b21db2d6aa4417e1cd1d",1183988539
"48976c41de22ddaea3f8c296",563565220
"489fca3e6dc044412d00cca1",896767692
"48a20e676a060954308c9ecf",436296737
"48aa146a36aba8a0270a8a1d",1095083498
"48b1f800656bcae6a9e70802",631672539
"48b270a493af4fa28dab9211",486904316
"48b34600046c903f0ae4e6d1",972016509
"48b9efef82faf72bcbdf66b2",1183279652
"48bee96c1f65b8e283d67483",486979547
"48c346042d9cb826a3714466",452215925
"48d3b0ef6e5f999bb90fbfc1",646416687
"48de5d43e88caea594ccd27c",968901273
"48df432642971a97d3d4bd45",629807826
"48e687093fb26d29cda9ad6e",427601824
"48e71c45f41778f8dca24cf5",551053371
"48ebc3d79e01061c926066ba",399179642
"48f1c6e343a4724ed865533b",1177915846
"48f9e9a87e7fc0a678460e05",1051451576
"4902ccbe8456d3f0a29e5059",625153398
"490b89e972abd7e64b5ba6c2",883868791
"4911a6285f548dd30c8061e3",708806530
"4911d01ea0a4505d5db5bb2d",574714528
"4911f8879e5bc9c27ac13bb1",411403448
"4912c91afa6e4aff6ffdc6a8",1145586257
"493367258be5d63dc8db97d1",1181403378
"494580f4974c33d7ce0cdb28",1126982650
"4954ce465ba712543bdf34fb",417451129
"4957e0b129c5caf47b026c58",814822048
"495aa774f4db66db6df30e93",438178994
"495b6e61d1b887f8b4c1bcbf",417627929
"495eeef459e80680720a0ec8",451703870
"4962650cfa3decf487ccbd0c",1198648977
"496ce19c015093e97144d375",504009165
"496fd5c93b2a578d970ed55f",448495680
"49721aafec7123f6ff4d8010",653175004
"49737c7682eff2513869b3f7",947486235
"4977af03eebca1aa266289e2",962085788
"498d632cf0868a8e641cecb2",380779294
"498de85ba30cb01e9c686081",477722673
"4993d1487d78cd9ae2c23619",1329565024
"499f6f4997474415f0bd596f",965622878
"49a0715897795017ee0de843",527827463
"49a2d111903c77053d44573f",430124503
"49a4cebdb22fc2d72bd1aa78",374056628
"49ad389014995f0187edf726",715026909
"49b59d19432dbeb8921e57b8",1022011914
"49bb5311607e4c7600caa03b",532773505
"49bdf0f970af03d83a57dcff",1093280342
"49cc8164d94a2afe8b750af4",448522199
"49ce19caa1325233d0de331e",1318141768
"49d020d2056717c2108b0927",869903481
"49d42ab711abd95fb5947c0d",975912078
"49d6752dd196e7dd583baf44",519909951
"49d9cb2bcc98d69222b03165",983453698
"49dbaf0bcca86f32f86e641e",933661900
"49e531941384af389b0aff59",485192032
"49f0323d28ef0610248c87c0",866925333
"49fb2771ea6c1e8950cc9a57",728733308
"4a016eba4744dd01954f137f",333996886
"4a119b1bbf04b4bd6051c5b1",1021423385
"4a20d03d09fb9d0ee5565ec9",607149205
"4a2ae08359e1ecd39b43afbc",749271736
"4a33d213841d2af537aa967a",911817964
"4a3a6698b5490216e8f8e6f5",1246704435
"4a3d0390e005fa5b4c9403f4",1288140091
"4a3defc2b7d2cd751c9c970e",1041370511
"4a4fe76c58f5735ce6b018aa",1013068746
"4a5405b1e181f5b10fec35a6",913306155
"4a611bd82c9216a3771ca7b6",936095884
"4a629aaf60a113402834c042",1352061933
"4a7156189e1f06b0fe87a7fc",707172568
"4a73dad0ff8a5262e8b07c4b",1020056656
"4a7ecb05c9886bc35f6b9160",619081639
"4a809b3987cff0290c1df8fc",356921201
"4a80ffd8e908a3291a32fb6d",1126621584
"4a81bdc14b5bcc4c84f5ce4b",426552639
"4a85c36fb854e922936b57fa",390379898
"4a8acae29064919c68fc8600",713424871
"4a8eaccbde5a4a6747818d29",909601501
"4a9e2358d64df916e2cfa213",880957084
"4aaf6763c105ddf2a6eddbfe",457880870
"4abef5720fd889512ecff70a",927610783
"4ac4fbcacef08524ccbf3623",349604049
"4addcabbe23020d3d0d46ac6",613980442
"4ae10e7fec364242c88e511b",600424893
"4ae6d75b10848d259ecba576",895938508
"4ae7dd50c6b743bd47340f20",873574740
"4aebacb9ecd0a117307c7841",981222169
"4af83eb7718f5823ae69fe47",931028229
"4afa3a1b63c076123e7a5279",1202885995
"4b04e0296820d04421db5219",415861713
"4b068c79664179605b145a15",952628937
"4b092d4d5885cc224f6775e9",394116149
"4b0ac2ce45d7ee385ca369a2",908923398
"4b0fba692104472b36c38c3d",839866693
"4b193d78ea6e3740bf37b36a",505900741
"4b30968cdae59b4ef3298f19",1117564212
"4b38595746dcb78fbb459781",592933045
"4b3a6baf8196a59bac8c08c0",442031131
"4b45cba0d601f29c2b7db97a",888173087
"4b52ebb0f0a8878def4170c9",933056618
"4b6fb9b705d80ff350bd620e",494679494
"4b75f2b374e8674e8b55eceb",1121516748
"4b82eef445edeae7a55fd019",640611099
"4b8d7217da1b1f225f254914",978387157
"4b905620f76873355d317dc1",684969502
"4b92ca1cee4739104e620871",1303147793
"4ba19ab08d1fe7f72d0dd37a",824983754
"4ba65b1fb8d8ab0a914b0b8c",608671624
"4ba85374c1d1f1d3f4632ca1",368679096
"4baceaad0b0081bdaa37473c",1032982746
"4bad47078442f3416b2c1ff4",437119697
"4bad966abb5e8c4121ec69fc",793709080
"4baf1bfced8e85013eca94b9",1167875708
"4bb0666c55d174e0280482a0",576797750
"4bb5265c6e63449e5fbaa270",1215005604
"4bc1e2cf5e5ffcbe1020df08",954711670
"4bc3f597867c6844e9b47fc9",441447243
"4bd031478b15017efd41b2bf",1120458382
"4bd0a354d75759510ab6bb46",871707250
"4bd30aa3e2b4aa077ae27490",590532429
"4bdff22689954e5b1e575d30",854573027
"4be510fa977b93e34a789f26",484345078
"4be6d93d8ae1375156444f05",528706081
"4becfb041b0439429f2cffb4",476666868
"4bf02d040efe5358d4a5940a",1182762928
"4bf284e6ba81bcaa21a437fd",752537230
"4bf620c6c6d4c916bea70e81",894961569
"4bf70f19da0bddec9241d310",524350573
"4bf89c9e50c5417ed669c481",539740922
"4c00508300f40d74c79f2596",509208671
"4c03afca943c3f2484b8db6f",496146016
"4c0892a39011cc6a37fc1145",591628258
"4c0f9275581b5572635613a1",402650525
"4c11f4ebc622483532c24a06",775868702
"4c14547b7e02e75204ca9f4a",740854678
"4c243fc50d5511a1288bdc0f",659516982
"4c25d939eb3ec218403dc4ce",881849771
"4c2b14bfeacd87b878cbcc92",694782829
"4c3865a97f5877090e7a9649",565532516
"4c3a2b3e3d5999f747ae0d53",1137250245
"4c40683e401dae89f6537ab0",622749413
"4c59acda820b7b75823fa277",510026138
"4c5b79f3656501fce2e2178d",641633396
"4c5d3dd8802acb9ee22ab912",1110244976
"4c79f17573007a39bb2b4b7b",1050613618
"4c7e7cfb286d82aa96356fb5",1084840647
"4c8ca73cb51a58933de61f0b",776614907
"4c90ce573f1d61d11294d05c",1323699681
"4c94103d4366bcaaee4b550f",1071294247
"4c9dc4494a3428435457f575",362566095
"4c9e6812520f4aea4ce435ae",1056426885
"4c9f3af11fa91e729384580c",834713178
"4ca66e564ed478d06c471357",950469165
"4caab3951bd6cb6dc71ac8a0",629741760
"4cac81eebdeb45eb0e8aa5fe",553194305
"4caf356c110a50c6c94f3eab",884701992
"4cb11f32806c0e07b4251984",505550593
"4cb59b46927df31150830d5e",607333362
"4cb5e4aa83c476a5b71d77ce",938817305
"4cb9319ff5adaa62386b713b",1168225485
"4cbc74a93e33f7b4812e1a7c",687052572
"4cbe75a162b076c4c454dfe9",478240505
"4cc8c95dee29e43463a8dfd9",475332260
"4cc968db25c2cf03991c0041",896461574
"4cd5338bcf246ebf263baa35",464370798
"4cdaece5d1dd4e089a99f47b",549351201
"4cdbcefc434b48ba3d51a498",1231369338
"4ce0fcf14266d144c82f8d4b",595278697
"4cea8ea969dcc433fcb59d96",768308220
"4cfd1be6a93641b110fcaf67",411137524
"4d069f925100b6cad0b657b8",415073234
"4d0985935e1432b3916d45be",955489541
"4d09c2354c67243c968dbbcb",798444945
"4d09ece928ffac7e7d270bd8",475971860
"4d0cf77f8cfcada2265ac585",406101236
"4d1b0315b5aaf21bac150d96",779150537
"4d1f49443787c874ba19f968",1070920383
"4d20f253940a4492b4f6a9f0",766247660
"4d2ec23fff8eb502a9d93353",993745231
"4d35e00e86a9d508d82ea90a",411194773
"4d3a66e028dc8f3e9ad9e9cf",890495280
"4d3d887d2236c2f897f3bbd4",557968167
"4d3f5e7ecf4d361d7eb55f5e",568795153
"4d418d0079828e244dbaff5a",611684754
"4d45fbe5a5d39188b5eccbfe",834078176
"4d485ae48974213b1594c905",1024789583
"4d592a67596afbca92d26bcb",836625873
"4d60db10157fd0b5eab9a23f",638626200
"4d666967b74ccdf5b04e9787",395531914
"4d69f7c7e0e837879abbdf78",460911734
"4d743a1250f7d91e2782708e",585635199
"4d852bd93332172bfb081aff",1201654574
"4d85bbc09ae56cd85a8f87c6",566820831
"4d882ac2b82569f74aa08824",355300566
"4d8b338266822739bc9c8fc9",1152933949
"4d8deb43d663fb079262708f",786391619
"4d8e365b35a6b8ebe6d7a15f",640768739
"4d94a2295f612b96264a0db8",571666487
"4da8ef54252a92d9cc62c174",959194459
"4da93e7126354a474d435a4a",975240343
"4dacc190eae91b059dacbb00",1420368967
"4daf52564456895ca7f4429c",778755331
"4db632fdebc000c9e64a589b",808642984
"4db834146c4e73b515d510ce",596031946
"4db8d32011163bc4fe01d02e",700242763
"4db8d529af9f718e6d81a85d",414559746
"4dcaaac494053749f30875fa",1425183119
"4dd3d1288ccb66ee4fb9c097",1273484958
"4df222356df121a41adadda7",399466783
"4df3717406f9852284576caa",688420731
"4e01f07ee4b1241360de460e",1278886286
"4e0b1df5e05ac505c701f519",476035414
"4e0b293ec3d5eda7d9fcf8b6",728042831
"4e104916ab915cf3c0bef846",800320326
"4e134600155a64783b3f8c3e",976103822
"4e1b5798dcbed1842f260b17",665722425
"4e1bfbbd8689a95fc97fabdd",544018779
"4e25bad08182b79f5ba9639b",1196821378
"4e27458d179a469435d02ff4",806503476
"4e327acca2e033c3fb305c5d",704246294
"4e3cce6b581e74879c2dbc4f",467161185
"4e47d2c8ccf9929ad9c84544",506433662
"4e4abc111c07656e5bbdb0ee",694357572
"4e613cde51f9760d3c051562",874716841
"4e665d479b3bf2e25cd463a2",888984911
"4e6f695bcd4d3c0d8497c1fd",1324891903
"4e78cffaea2008f3919ba0ae",467286838
"4e78d095988a92642a1bd18c",512388682
"4e7d3cbe3c62123fa7e2d969",984557281
"4e84c5953b493be7ca96103a",872826932
"4e878e99ad2fc34400381c3d",924720757
"4e8cdb49a2bdf68ad8d12625",1160508048
"4e9acf6e9f80f65178766740",737161675
"4e9f1e21c855f1166428fbdd",490022606
"4ea46b833575642ecb2ed1cf",397620354
"4ec02a406caf200b700f5c62",745862484
"4ec06163d39f96baebe11bd3",477835673
"4ec0aee1b202642d2739068b",723793569
"4ec4683fcf928d9fb33eb7b9",752040763
"4ec47b8100d224499ec608e8",992334147
"4ec5ab39cae4afc3b0e69438",1092434051
"4ec741bc6ab20515070cf1ee",886350462
"4ecf579a5d5e70d3b4314ef7",1114394785
"4ed3eb724d4e57a7b35ddf5c",713981634
"4ed5718470ffa3e5b5f40bae",671065335
"4eeafa126ac5f301cf60f9ff",451637535
"4eeb8b5347526d721092a7be",712444444
"4eff2f2297ce85a0a3964d2c",980326114
"4f076c220dad47bd9bf248a6",836858883
"4f0b2f7e4d787a108a4d2537",802148092
"4f140229175de685a0999773",600018477
"4f18341de355d2cf57a03983",413978981
"4f2ca698ff03df0c6386e48f",821935176
"4f3c7b9bc78f882f858b3d3a",399092093
"4f431d80287051ca323f2c08",694782829
"4f450ba5de4766e5ecb8a4a5",466008713
"4f480aae78aa068901ee9468",443060074
"4f4e3350c429c6afc0bb0094",882819133
"4f4f7d2b14079ddf8754d6ad",829833416
"4f500afb7f7bb42189820a18",1216118485
"4f5bc448658287ffb3d49b75",877228029
"4f5de1bc90694fedd216ef40",1358216147
"4f65732875c007d3c1102140",437649442
"4f7d630c921cff500705ee5a",595051660
"4f8dfb8de411b8a05c55dbbb",938579178
"4f992c2a0526c0074bbcd875",473731144
"4f99b97100d003ba3a2ecd46",706157632
"4fa51848638f4437a3e31682",857348471
"4fab4e66ead1948498d2a4dd",738087420
"4fb644a95cc04f7bc6cda786",351126362
"4fc89ee51cb0e1b9d6459819",1290766769
"4fcba82455866a6931590dec",989268887
"4fd7984773d2872e51574ffd",1027476808
"4fd8643e1c43ce9a0c18a19e",1105884901
"4fd8d01a5c3abb90ad70cbe6",789040434
"4fd907c202de4f06cade3b3b",1258348359
"4fdc382b65441412fef509ad",1121093282
"4fe0482ad622080f55a0460f",597019541
"4ff17c9b88aeeff105b8301c",465981160
"4ff6c53c0bcfd1d24bac7ad5",591051906
"500a3c5953f89b431184fead",788744010
"500d7c5346ca11ba934e7ca5",904810152
"501193fb57014ffbd7bf218f",611575095
"501531d637608f7098ba6242",926560427
"50160783a9a0503df5a38dee",587047684
"502154647e351af240615b98",610610006
"50287f73d47b4cc4c2e1840f",791823515
"502aca1a1097438b32eb362e",1151200206
"502aff943d74cd4cbb976dcc",826212022
"503a04e079773a04f2abe075",871477834
"503f33d11f75b6b5102ba4ad",395387847
"5045ba9a65b4bce4fd305f82",825098630
"50563038c05963223b459beb",1098378156
"505740f7746e0154932dbdc0",457654731
"505f3d545ce83d0c848f828d",1168628861
"506763d35b04358fb0e967ff",944615360
"506b653545eebba4c8821588",1310550846
"506d4cc6613a07c313a12de4",793566788
"506f2b1ff3e4e7e43a5596f2",1371769948
"50857161c59b991304f5c55c",719414037
"508bfd077c80b6cdfc5a10e1",763312754
"5098115b26f2473c812b70ed",727138006
"50b2bb276e598c9cfdb42b0b",809605992
"50b619ba3e0b2a4c6512bc97",759572994
"50c123baa5783185ddbe29c6",767344570
"50cb0ad562ab5ef4e06f84ed",859498261
"50cb49d65d04a5d166f96e3c",387257724
"50cb893af4ad0e21a69f05d5",770184795
"50d8333064f0560cbe549f89",545647183
"50db9d168354ea3d75a03a6f",648848914
"50de04936770f874e1eb86c2",377212643
"50eeed30ba674cb079689afb",607937186
"50f8068603edac10c87411ec",440112180
"50fe589dea73e764b7735938",332116535
"5102f4786cc032e24781c7ab",1127896579
"510c03bfb80d92d180803887",396484379
"5110c49047db23ac3aa4ace4",782604463
"5115b0da9c95559dcee9e58d",1276838930
"5122b2e9638d3438434fc56b",1484428475
"51230c899cea0054bb74cc44",381870272
"51273a81121232e7f30cfd1e",451286208
"512a6de80962ab797ed2bf72",918597924
"512b4ad817c387bed877b7d1",1434589514
"512effa47a1c7a5420bdcd6e",436334187
"513211d9f07fd6645711ae31",535164858
"513a83ac5bfe27c5b813ce4d",548301258
"513aa9c91c245ee4be31507c",1088745975
"513c6ea5a3c2c560c409eaa8",1331722324
"513d0ddf1ce44ca671675fe1",1436111683
"5146ecaa8b7ed507c4f30785",756010157
"514aefd8a44ca048a8088c51",983553120
"514b09016ef85b9ddc4fafb2",823785594
"51516e102f8d43a07037ed29",1057325946
"5155f70c7f8978e487e71479",1227893552
"51608bf64739db05c47a3bc8",753585766
"516881e914708f6ea6062ad1",935824534
"51744814dd3a7e60c0791041",841200547
"518858c561af5c13c8aef9f9",899438250
"518b37b51f824fa0fb5075d3",1333201459
"5193b43c32a2bfb3aac6b2af",974781000
"51a0a1a680770b625579e25b",1401381340
"51a696388218fc2e412f8806",761161055
"51a8c190ffb673d4fc27f4e1",1319822295
"51ba7338f5900d8ef12206fe",772524067
"51bf7bc1c19fcd42e71f2463",740675240
"51c48d17e774d6cd84f4c355",598273453
"51c4a8b438bb0d97f712af31",747687088
"51cf2fa527c3db62914169b7",507552495
"51d1df6e1f28c40dc9074b74",1688133157
"51df325f026f4cc5ed2e9a65",1444515282
"51f0f76e2a8cf50ef3650901",502927879
"51f4aec91124a9a96f4c5372",836169616
"51f94ebbd6d2533862a1fdbf",755479696
"5201393754f4a5f2a476ef0e",1364171984
"520415ebcdd1a4059d18e2fc",704324206
"5219c3cae1c92b52551a8571",1146513085
"5219cb469fff40cd9606bad9",397871464
"521e9326a2003c7b56fc4365",1101689030
"52338f4f7c8af6c649106a96",535385385
"5234aeb6d817b8ad876e50fe",552793500
"523605d1fbb75b0c5acec5f7",457887856
"52373e15e9dc1ad371a0c090",551014483
"5246f7d8023a4c178af6d10c",528820045
"524e00e537f841c13497cd52",710062243
"5271cd1cb962066407490051",906191836
"5272c50f1d8fded01f7fb0e0",654615527
"527a1c27e038e45d2d1fcd9f",505048462
"527a8fb085995119f846a5d1",1021423385
"527e4b1b06637b5362c8f17d",571021354
"527e571030a7d8fbbf1a41c4",921136695
"528014ff6b7cdbfc174f4fcb",597343027
"5282c3c48495dc31359e70c6",444423576
"52864916eb1984abca41ec66",1021279228
"52871480f7bdf5ac3d785630",781713828
"528a6345df87dd0db33bf822",563561995
"528a96aa31409c32bc9f1f63",975171520
"529d6599d8a64c63566a11e9",363189015
"52a438d024af0d5c38627ad0",694264872
"52b3823c59546a6ff3de4d09",362790223
"52b52aced4853a3e3d7fa058",671603132
"52b699f9900d81ae85ddc7d6",656080500
"52c1ab7484e412ccbf5d57a5",844180487
"52cec2691ff635031fce9507",403153876
"52d6c4bcb442eebdab338116",888289985
"52e5904902e4d75ad87afde7",612809315
"52e7657a539be5f36f48bed8",1408136005
"52f026e670e9851b08c70542",908131472
"52f24ab479fad35c8bb5a8f6",610903567
"52fa1eb3cc7cc2f77ff98764",536453568
"52fbef3effd854b0ad0f62b1",1089485502
"530a3bae5a13291c69bb8474",488565796
"530b25326f39c347a35a8caa",535449722
"5325f16558ed6d2689bcbb46",639177011
"532bf5813d7e70958f71a480",1134265105
"533134592237b2748915eed8",907123936
"533363375cf2cbc50d86773c",681531675
"534466a857d28dcc598e3a49",862220627
"53462704cfc47d32492b4847",1006439639
"534be635a841fe21c7a702f2",696641907
"5354a816a7da90e205448832",483555860
"535bdffc5b79d62aa6179c48",1295425766
"53647abd1d1b10c9226eac73",476666868
"53688de79b052b3185fa9435",740097661
"536b5a8aea016aaa90fe744a",1060585898
"536fa59adc007df763949045",1025309646
"53715a484e20d6152c76fdab",1150963090
"5372f93d988c3c917629f9f3",492543259
"537a9a2dd0ace0d0131722a1",1108937055
"5384587ecbf956275d86e60a",354994386
"53870de54350a8cd7c13f014",728969637
"53881f29c7a6bef0ab537466",480010649
"539467d04a2b3e78c592b11b",414559746
"53973c17ea7e89fbee5e6cf4",346595059
"5399af7ea98c97b5906efe1d",745344830
"539c12d2fe8cbf950b75a0fd",386399643
"53a447ad5e011909080c0ecb",1415009590
"53aa9cd32e2a6aa346d3d789",787262056
"53ab42a93b6deb152951f82f",1237611378
"53b5ffa0cf0dd12e4eeb6a2a",1020648291
"53bbf1d3345eabc2a8b7f5ff",978452473
"53bdf5c3cd800459acca551c",647407498
"53d33316e237830ad463a26b",509213528
"53d3e32b1dc782308e352a33",882458864
"53de17a986d62a44d7897200",468732049
"53e14e867f8b02c6043ae02a",471301371
"53e94de217ec45ad576fd83b",783953532
"53eab0ecc3ff098d55666699",1253045722
"53ebe061b85f046ed12ee9c5",1212757453
"53fbed4f9680917f0615ae7e",518679780
"53fd196fd0c0558ed1219329",394910763
"53fdb16ec08e794dba9a10ea",1069375236
"53ffa19a09c447f3759f86f3",933199002
"54022fa49ecd9cf290aefc89",1105722496
"540c4d7a79864885d73cca95",481206927
"54228579fd8812c3ea160341",907316008
"5428bf7f37a94ce9fb2dd435",730630272
"542b5322e59a3273e10dcda9",921206975
"542db19bc6b9a1366715dd7e",756401033
"54304b6117b797791d266cc0",664921685
"543822711986a454cfd764e3",1326507660
"5438c2127072b47e3af428d8",1033491197
"543edc342ad39b149501aaeb",342560371
"5440ee15bccc4eaf827fefa8",824848442
"54445913b2dc2d6ba35abc66",714263585
"54561e6ed5570577ea97eeeb",1174857576
"545db4962e6294cc5ed07727",1092052809
"5461aeb15c7f826f0ce157e8",388813452
"5464fe43eded098294d634ba",824198936
"54673ffd4971d04493a1b1c7",693495935
"5469c33200ffa87952b356d0",402699679
"546b56fbf616a6dfd1ad9d88",981538509
"546d570784c7ab8746bba80e",612603633
"5472d536d1b6b731537bb67e",530510202
"547661e79bf0c62cb8de63d1",694308572
"547c8638128424b89d602f50",1515471289
"548791b5faf236b1c03b7523",832153846
"549024cda1c093c9f8bc2ea3",477409328
"54933f8b33a4fd6f031ed5be",722294492
"54952b5f463c64c605576601",478663027
"5498b3e3ca091bb81be87166",651779918
"549ebb2f616d50ca778e92cb",932142318
"54a09a85767156b072c808c8",868315410
"54aad3aa4a166d2d50df48cb",1268827426
"54b474bc7cb126bfe8e6c144",1002114432
"54bc553b5b8abad0ceed4d53",496213210
"54c0e5e6d368ec51f6e75c1e",1005967520
"54c33befb89cc873771c3be6",1460054913
"54c3eff286c62f05ebe2ba57",451209607
"54c74b36962edcc922573792",526231161
"54c9bffcdc46819f67e4b3d1",950014242
"54cdeb67ca9ea56205e4e533",1114962449
"54d10cb2a44179fd4d726f1b",623472015
"54d11dce9374378326f7ac62",405676216
"54de2275006e273686ae5fac",1048039778
"54ec4fd8f49c897c644ce83a",950913423
"54f16cb9563346e15b019102",348333410
"54f7aab6b91b48272a81fb47",525046117
"54fb79bb019bfd10e5481ec9",905058699
"550157aa4dae5fafc5d795b4",647547049
"550c5061428d09afa0c409f3",770311140
"55118881731616058c929b1a",1308253159
"55163359d7cd910861059389",1198006715
"551ca6ad1ecfc7ac21f8ef0d",921120883
"55209683056fe2f9faef7fc8",569753918
"5520cf373444931ed8630635",575562501
"552152b60bdc1ca16d2dbb71",816651779
"552217c633d2562cdcaa81bb",777390000
"5529091bcc05ba5cb2156b15",743548633
"5529d858e9c9e3e92ce8a95a",453077553
"552ab0964056c1d1d1b7398c",705270590
"552b01d72edb192663998c4b",982252052
"5531b9663c5a37a2bdd97e9a",617227017
"5537b994e85c2688fe555d5c",584508104
"5541cbe23acd6ffd4aa0d939",725099344
"554ec896fe4f9d8f2e8eabe0",1248003445
"55597a7b8637f24198415ed8",1108687498
"555a293dbc104e00f182fe34",531856680
"5561eab714583013b422e7d4",815893561
"556210496090b42ac10cf1b8",1272161852
"55657bb933aa2ea3083e0b90",402811068
"556a39ca66e10ba3545f2234",554024263
"556cb23459a9007127b3ad46",860661356
"557e40fdc93c1824b0bed769",411853321
"558b7d06789a1c8e488c38d2",625856108
"558cb38bcb8de04588bdfa30",641137941
"558d9e4b57fbe6c7e0a09a95",1011022603
"55902baa0ece72e2e8c869d6",1078515088
"559fabe06aaee537322d0af8",444254922
"55a615a3b3919798d54e885f",766406980
"55a615b65a28b64d46ec63e4",380517197
"55ae7bc854658aa5fa49d368",579481751
"55b72f6c7163a9b0b3b0b262",525453864
"55bfd350162592f2571e3a0d",797581920
"55c5e58ec636586755df3dee",563131121
"55c5eeb4861e8cd71731274d",1277640421
"55c7cbf5e572d2342d0d7071",759435373
"55d0225b44a81e82eea3efcf",1185577174
"55d2ad80322427ee3426dceb",1181464220
"55d47b5f3d0d2dd7c2bf4034",600684914
"55d4b530b881abfce2d03e56",873104995
"55e307c88e2a943acd64a9a5",694770902
"55ea155410b001104518e992",523346416
"55f0e95dc857256aec65ec1a",1468469773
"55f67dd7302b68477e803399",486285270
"55f747145222c070fdd50175",875476288
"55ff644abd72eaff17d533f0",1405938047
"5607cef08511dbbf3288a5bd",676028064
"560a750cb6f8683ccac4563b",1024181873
"561689dc0f267cc5011ede3a",883516520
"561840990333852ace562b82",668942693
"561a262410ca91d69a58645f",1184975818
"561cf254aba002fdef8258ff",647008770
"56234f11aae98489ae00a8d3",662685746
"562c7846b05072561d96698d",490217050
"56334a9db3ccc24faf138edf",794167918
"5637f3d3278ea049333afff4",434624791
"5644b84ee2edcf7267b2189c",917396779
"5648633b1f92de1ddaa7e7ab",492801676
"565fb93190cd34ac8b01f01b",963470398
"5664cfe452394ff9376bcc8b",432837050
"5666f3c36f0ce4eab2c39299",730141294
"567ca46ac91cc53e3b479547",430632629
"56807890f8587cd75893aec9",768155830
"56822f406646f93fb39d9e60",422859587
"568509a7aba60f8fe2d0cd5a",550952479
"5688288ee38f1a69894ac77a",1019127082
"5694c1f689779fb5ca95686f",587907126
"56991f74ed430ed942b2d6d6",1089674619
"569bb17b961fbdadf7106d56",1353111934
"569e2cad5c18a5f393f80a8d",747644306
"56a7470ed14454665aaef75a",1621085414
"56ae6108c1b53c649da2f6ba",581442501
"56b22bd973f94a4bfaaf6b33",598741494
"56b78bb57b2d1f064c47891f",657555022
"56b7a6da82134b135fb7de2d",930756572
"56ba332c82c36f07ba6bd271",1362525943
"56bd3b61805077405af098a9",550240458
"56c2e8e14f9c6c9a9f046a08",442317880
"56c41a58ed5b9864b68fc910",445600002
"56c6bf831d3c6737e3844969",675761206
"56dd1bc39664f8e9f316851b",1020876084
"56ddb54e50deaf650a25e82c",635539752
"56e3e7d822e13838ab9f85b0",847680129
"56e5afaecb2cac6293cde16d",476062653
"56f30ea777f5493139f22384",1288469362
"56f72c2d672b7bc3c264f7fd",640431509
"56fc1855dc6375dee0506133",830501618
"56fe5c13f11813b82dfb04f8",749920839
"56ff1f7e81fda0c8491c354d",513740118
"5703b4ab6e77d88f751bc6e7",593015608
"5703df84eef7ca9bec5bde45",1124479061
"57062f248424c47282d3da30",678332309
"5716ed7d678cc2575397174d",410551373
"5717732a654405ba208c0f5f",1065919510
"571e1a8c252cd67ee0475974",1084116679
"57238dca767ebf3a842c5f10",1161633047
"572488a9a75f64434dca5dc5",520730692
"5724ecee1b12e888d538c1fe",677989535
"572ae40f693551547e13a196",1362814441
"5731cdf8cac0b8371d786c90",940476913
"5734cd4805f5c055d36ec645",738917074
"5738bc8873b341bf92ece0db",760502224
"573bf87f57db6e037aeb94b1",997067755
"573ea1962372999346590c0f",1163282653
"574b6bef16abb21fd67db401",576751545
"57551742fefae23bb32571f4",798184569
"5766f7cfab59c920081e3046",501011105
"57744cb947a923584fc6bcc4",438499207
"577b17cb350bd2a646725b6d",1107499700
"5787d7c671378e596edfb58c",904960308
"57891292fbd530872cbe68b2",1297366819
"5790e4cf8102dba35e184ca1",614318976
"5796e37eb1a995db5cc06eea",533478187
"57999ba0ed9089739a1f4de1",954789975
"579ee47bc31f5408314bca28",622302960
"57a5f4f83a474ae156f207ee",766230122
"57aa22792684debb8d4079dc",525528033
"57b3791f2c5acffb0097f7c4",937010487
"57b7aff18c444fa3c577b079",556609724
"57c1ed738536d177d66fc52c",1434080659
"57c29184563b31f5f752c5c1",1323735028
"57c63e412f3fceedd3a7e698",925163568
"57c68d470f6248d00b6719e4",808982375
"57c74f7b9bc5e33cc823439f",797212338
"57c7684f8cd8d78909711b53",599963547
"57c87ce038e4e523b4ec189b",903315130
"57cafce17dc4de3bf8a9ba90",1111923402
"57d17db2cc5ce1aa889f1f50",1446321062
"57d8cac189a13c180f08cd2d",551383500
"57dd353ac00d0e99abdb3733",1392981562
"57deff02895d5286eda10d89",1196839641
"57e5120d0b71ec6a67746a59",785654003
"57e8ea351ecd1ff0825b1324",956490591
"57eaaaf24cf82d885f0f1dff",528836184
"57ef53ecf8b709ddc05aceec",822648797
"57f4a3f6fe2e41ad97116002",698536604
"57f8a1e37c4ffb1b8cbd342a",667242797
"57fd11f829e31e198326ac98",1488420335
"580452a616b4f5170eb628d0",692328940
"580d8eee8dc4b7d43cb193c7",1033491197
"5814a1dd61362ded4f1d8d8d",1577184913
"5814dc311aa87b24e26aceb3",1189684024
"58185ef7646efa724e904f5b",618522191
"5826567e12ee3192785e36f3",1150695296
"5838e86b74020a5bead56161",368760676
"583a8d8c5d7fa63125f62155",880328879
"583af1118e60e46c347ec593",1455233988
"584364cece0bc4d17f0e7fac",414038205
"5844c83fecdf7e09b188c2f0",628191802
"584990ea9718bb5598495061",395114941
"5852773a80f7f1b929c7dabc",1456408557
"5859ec20de4a5036292ee947",995689935
"586fde402c82c1eb5a74d634",485273477
"58708fd9e83147daf1a80c48",401844937
"587e67078115103d184970be",375800802
"588400f7829874f9de919e39",673612147
"5885faa4aac834118c5e4351",462946981
"58954e79191c62ceb1ead100",1375973150
"58a3a9f44bc7846ae26413e5",744319118
"58a5dacf2f664512c2b00ea2",829278045
"58a724e8a0e05140b07539b6",1044872197
"58a86bf535b4c16b50dfca06",406917685
"58ac250fa52a1ac7ce39f70f",504699867
"58b139bc16fa2731e4b76f28",639045358
"58b3ab31de2f9fdb0da0dc8d",699219101
"58b40969f1b73182cb6d30db",586542914
"58bc2b0acdb0702732894fa9",506196095
"58bc65fd2e0e4430fb353d83",968195581
"58be66aeab226c35330d57d5",627560678
"58c2b87098ad454b1fadb13a",817618087
"58c6518f9d2d0526d31e7566",431333002
"58cdc29143b85386c76bedbd",1035476157
"58d24ab99d74ae4c449c90ba",738917074
"58d92e8a26589e37b7123716",625012712
"58f02c785ee9a506e899b967",912491266
"58f55e9bf743e2e3ad43c274",818248361
"5910c9b29a1025bada93a5e1",1431397117
"5915093d458d4b6589e86f59",545303847
"5921ce922675f6517f8f0007",1169688108
"5929c81cfde8ae068a8b822c",1023859601
"592c9c45c07388359f663219",466404415
"5933c18b8cb17cc6e4ae91cf",1058639626
"59374f70d5e7da97e3b8b35f",1294023096
"5943151d9a76010179f6c297",748360511
"594d46a91315527995cbd807",959586056
"594d8d78af90086bf8cdf09c",835347070
"59519bb6d5d299ee0b767224",777215055
"595415e95e075b70c39d5c5d",838595732
"5960f14f2a81075fa66568f8",623304363
"5965d19a68a8414b0419bc68",880817631
"596b6f435f76058493a16cd6",1056225407
"59764968800501c68631aea3",1114144000
"597d3f78e2f413acabf825c0",594257710
"59805e5f4080246ac1d92b34",838295081
"5987f6171a2bcb37062ccc94",1141964839
"599506739a6544839bd97b81",812890977
"5996fc90f923d6e8527097ae",593667473
"5997da918101ff14bddf20eb",547808906
"59a309a6af425b2028a2ad69",986109644
"59a3b1a44c35ed4936cf7843",964840439
"59afb00a84b4f2a9ffbf71c6",896478673
"59b271bf9e2d29ed35352f5e",619634503
"59b5fe8d4f5ae272dbaa5ba0",1105726714
"59b88e154c07bb7c0ddb4e8f",1064233388
"59b9a5730cc8a41bb7a1d16a",901359992
"59be3c447844f31267366cbe",520573788
"59c11d3de7153d2605cc2273",772067426
"59cb7abb39785d5263a156c3",852877913
"59cbc0e7dc6e6922feffab8f",798021687
"59db28ba77489750903261d5",739052386
"59dd396f70b8458772307895",873694716
"59e48259a076518d929f5db8",459198884
"59f9cc9b23cdea5bd4cc3ae9",1049450005
"5a066d6bb65d28c2094051f6",729057238
"5a06a8b33611251b62d77e72",1162215907
"5a11cc89d3b01eb87535ff1b",948386642
"5a12a15af3c0585d81ba8f5a",633720431
"5a16b30f4d580352710e92f1",871946704
"5a2624a08494481388f6daff",1366742529
"5a3119efc021fd0f102ab958",515594453
"5a3625846567d06dbe4cea0a",964077022
"5a38f908d8d75c5810280e12",547970884
"5a4039f0ca12767138ae585f",515744938
"5a428139d5ce6bbd9505945c",1426858589
"5a44636153b1d4a74d58513a",673789475
"5a44be6fad8878eb2c394ca9",1107780683
"5a5377f2d087b7bb183783bb",549306147
"5a5a581ad5540fc82cd3c2ed",847849912
"5a6397b85f45fba27dd9311f",865473098
"5a681060eeb2fc8f1b3261da",765899901
"5a6878f8a47f1fa2fc1d600d",1306634715
"5a69ebde2e113923ddbcd18d",994682009
"5a6b30b4d33e068d421bc2a1",720804018
"5a6eab133b7e95155f6a9012",557357627
"5a72e2a62121158efe59069d",573032165
"5a7b67d4c79ecd83b7ab66e9",1047715993
"5a80dd0f68dc2cf9fb1b0c03",411944454
"5a82fa348f3b97e74cdd3a61",818526210
"5a83bd697db5076016c0671e",547374416
"5a84e6d2ab8db0fc60775d03",658562905
"5a8638c17d14ec4f6d447b8c",442389597
"5a8950a64b4aea4ac13dad45",1185240287
"5a9892659590355b91442979",776478641
"5aa1667bc8db26bac1c72f5f",962049088
"5aa715bbe2b178ad0c9e4b08",711905173
"5aa78a2bc8ec5e2be315fbcc",1235083447
"5aac1a1d5da10b76ba4b690c",835815631
"5aaed76349fc95f6c12ced7b",1379733883
"5ab0b8b0d6d93c4654b5cc14",552515216
"5abb555cb9d65db8e6c28201",360670715
"5ac98c971b9293bc6a8a6aae",1137866446
"5acc9d767e3117bed0fd8464",868964875
"5ad6f4091b77715b7f74587c",564980507
"5ad71b7cfd356a75021174ab",687047330
"5ade8e9c79288d511ce1fd79",783107664
"5ae03c0e33dc7d3e0e0d54a5",908148794
"5ae08e5999ca2ba0a1e2d8a7",824884628
"5ae2fec22f535ec2490174c5",343402307
"5ae3359bfe2a704de00e8801",454096698
"5af99278b1091dca9b0b0332",848126489
"5b0219cdbb8ed527aec91659",1017536327
"5b0530f544da162b9a8ff772",887030336
"5b0918cab84af6fa6c464037",766230122
"5b139fdb19ff722a846d71f0",755952480
"5b146f1914acf2ae78360fec",881653000
"5b169f28ea1dc473ddf11580",398996954
"5b1902dd7768f5144ae7704c",1093280342
"5b29d453bd368190e0e356c2",650776209
"5b312ebdf71ab7971f9fd2d6",608744768
"5b328b80dd844db2e946302b",393014922
"5b36bc6e78872d2ca6d3d1f9",568310413
"5b377636fe30946fff973f3d",950398465
"5b3a467a3b0feb8ed81be1b7",1349712063
"5b3ba9e56e24e08e1f81e220",363644423
"5b462279f602c5b67ada82ee",680239483
"5b57258272dfd1babb29e7fb",637096904
"5b5bb8156b98eb51a58e73bd",523795800
"5b5db88fa09ecd8f4b9cef6a",700383016
"5b6f21752f3744ec6e529d74",1108937055
"5b76ae185e6b41243777cb4a",438858157
"5b83b73ec31031582aabc527",440458168
"5b83d91f4d6364d3e4be1428",831811080
"5b84f5de073000ad4d4b1a04",1481060197
"5b908b8abd8dd0862440c172",583410997
"5b9469c3ff6b197bfe3513cd",608459207
"5b9a21a42d5f50ed4b10581c",1051692262
"5b9bae6f556700e099fedf08",543027705
"5b9ef8d6defdaf13dccc5ae9",507639630
"5ba05f67a77cebe5cda31e74",887741208
"5ba4bb943139d7930cb91650",848053697
"5ba6b4953759b45cb83512c7",968808875
"5bb87c8d49ba8ae67a659b52",970571484
"5bb9dac6e0e9409e89aa6cee",818865063
"5bba6c40aeb129c433d2c58e",729988120
"5bbc190cdc5ff3296801ac0a",561247108
"5bbc4ff9cc3ddacb39469e27",947518765
"5bbd0476c27c53e2bcaf9462",953110563
"5bc46671989de2534553ae49",734235935
"5bd24b842a67601630036d0c",850486716
"5bd59dbebb0d6fa71efa4c66",625054438
"5bdb5174517b8faa23df9587",968818115
"5bf6c1862c0bc967da2cc484",1245520803
"5c02d79c59fb636ca4cbe86e",403500824
"5c0e328a04f881674ae1046e",1051333259
"5c1bd88edef0a4146c871fcc",638294967
"5c1d1ee26cbde5b766cb4ca1",983858952
"5c208e5c37aad07602f7cd7f",548510458
"5c25ccfc7ae77f1d85981a79",535732694
"5c2ba5028fd94a6b9859de70",606706993
"5c372bd1e01f3243256e27ca",446565700
"5c3aaf3f75d6d3ae9b55cee6",618668496
"5c449356b8b2d7e0928cce59",1164754638
"5c5039602efa36222e64108a",776237273
"5c50853824c890a5a7f0cd70",616679831
"5c535b7d92e34c0fe4b66891",666499974
"5c5963c17bafef1a1bfd5e03",1073925197
"5c5ea0d8bae75e0a5c88414f",1104679035
"5c60d7880850970facc54bb8",845611509
"5c6e6dae74e39d33621c7119",1546558448
"5c6edbdf110bca5a66a51585",352065224
"5c77e242474e477513b60ad8",480366013
"5c789f2834a1a69aede6316c",496231193
"5c7c83526b72ced12a08e573",836565237
"5c7efb015b8ff7f108c99723",743734441
"5c802e198dc0906016741026",483148371
"5c8240a1ebf6138f81dac715",1006862046
"5c8f3b7ccb4340263c255d00",481380428
"5ca0586ab7d20dce5e9ca8a0",741701590
"5cae4522fa829a1614739b64",1153107687
"5cb29f5aaad14b6c33813580",422395274
"5cc0700421954934cd8dc445",775624565
"5cccf025fcc0a7d9ea01b170",501083736
"5cd742ea274b4a8832114080",830066117
"5cde1a59393643d7ed4e909b",852607917
"5cde51bd6de3759821216d5c",1241417715
"5cf70a67ec25288657d6fff4",952752501
"5cfc9e48ab90da0f4e98a7ae",902085790
"5d030db414b00948ec10d18f",369597914
"5d09f2d1cc5fec761ac4372d",1045919012
"5d17daf3e98cf433267d978f",1493237271
"5d2200b04fde91f830478aa4",458509231
"5d2be469f69f31090769efe3",977023970
"5d2fd288d33283826210cb90",1253963816
"5d34f871e5a5cb3a655a0b13",686970019
"5d42f42059617a5ca7ff3a32",531147049
"5d4a23137173c0e2288ec418",542114947
"5d507cdfb7c233cf96dc6a83",832160195
"5d54a0a596d49d9f85f1b5e8",568905822
"5d61946d53efdd9bd0af140b",968411668
"5d646ababb10f51c141e0d8a",820995084
"5d6c275d9d3326e738c875c8",833698043
"5d82060575bdb7be33e63ecb",1105490531
"5d85d77a06d0f0324d15d162",1278330251
"5d86154fc1769d4dccac1269",804443274
"5d86a1db39e324770ae58efa",405185172
"5d86b884df3627d93f206952",1191953058
"5d91dd63b6aef851e0c78389",772667007
"5d97aad3e83e26b551c3399a",831297195
"5d9f8f380a6434096a0cd906",415287837
"5dac2d2027b6c81c1b7ee3a4",403575483
"5daf1136686fc538db40afad",433130227
"5db3d671b5aa03dc33f258dc",403157721
"5db50c50b523f3d454e94dc9",676875745
"5dba98aa20e371c3947c19b9",943650136
"5dbcb55dbba823dc31b041f6",1267025734
"5dc1fd6ec7ec8c8af71e3b6b",866350095
"5dc404d1c214abd2d45b2a0a",1411230764
"5dcc8f6a6854a864dcd27a87",760521081
"5de0f045039122af0052c544",964321617
"5de86bddd492f76596b17a0d",899038618
"5dead94ad2dd86dd41448994",532773505
"5dedb7b64b6ad0b514de2bfb",988938738
"5df95b44c73b249be0fc69e3",453586839
"5e0100ae728e347eedce5b14",1248348647
"5e04875f99a5e4476c0b4186",728762497
"5e113e1e878da12e312cf875",1356000409
"5e187b07578d582ff3d8e189",975056208
"5e18ac352e3f3119f5f9197a",1162641601
"5e1cc2905f7a701f895123d8",670104777
"5e36efb290bb265d81706bd4",697258715
"5e3785bd517f4faa2bcf43d6",1269725599
"5e3d7da3cfe55ad1fe609579",806838891
"5e455623c380290e0a8e4e48",453910520
"5e5ca2753a908aa1b7fe80a2",662041433
"5e5ea93675900efebecaa19a",456414268
"5e6324cfe41c3676c7d0a5da",1043426327
"5e6b2661bb7ba0ce4776d483",365650965
"5e6b54654c98c2517c2e31d7",1167795519
"5e72dbafa642e4f416e6f01a",700286840
"5e7ac1ffc0886c27471d1a54",723622404
"5e7e36116dbc08932f5fcbf0",961757373
"5e8b2528c1c0a5c12a476919",881528569
"5e931fda1e62fe41ff0f2ba2",600695225
"5e935d4a03c6abc86ac5adfa",1135990677
"5e93ed2a9b36625c4450b5bd",863356117
"5e9e9339fe1c3a06470cf7c6",642535984
"5ea150753f8d07c71af45cd9",1083798287
"5eb268b95d7b6006b064f9af",766230122
"5eb815f9023e6eb97786233f",1431181449
"5ebc5cc2c1488f681cd119f2",801647946
"5ec01e911785dbd5b49b166c",519298463
"5ec12159380f4d1a85e8b0ef",504417892
"5ec3abf721e13b0d55829bba",815369292
"5ec6e033b9dcb454c57050c3",801647946
"5ecbd5b92092264f4e9101bd",657918836
"5ed1320fe84a518e267ff537",1593628863
"5ed8cd2cf2c6dd5b5241d6ac",1097326974
"5edc37d9746cbef8352f0fa4",664138376
"5ee020d4adc767b3b16fffdb",374677850
"5ef33cf17d4b45277edf35a1",579717222
"5efca36c25884a2822bb7a81",511768470
"5f088237d263c37e78264bba",489219471
"5f0c7a6b4f46203648a0bacc",356840878
"5f0fa37b7c5cf77e0508abd2",1096870798
"5f18524e839c2987594a11a9",1355640952
"5f26f33bd89fa7563ac6873f",623292475
"5f284a75ec8e9c72abc76695",861185179
"5f2df52db15d2e0ebd327a36",506088937
"5f2f7596a284915ebdb81a35",396674996
"5f39cf56c4e1bd43f61ecde4",745232530
"5f3a1ab21669ad9234d4dc63",1024181873
"5f3a2a31f6d1838e0a9531fd",921410817
"5f467c6c80023b0174823d85",1022183470
"5f4b0ec9c7452b888b33c3e8",550322325
"5f501c4532ade3f412359a1c",1241356154
"5f52e316136696cdb56e65a5",408405141
"5f5346deedcb7cf5dcd1e9be",584716620
"5f537d233678443192d22642",1223771503
"5f5856dd16c0e5131835e650",636623165
"5f6ad58df27b562db077b5ce",735876284
"5f798656baebb094a3c83793",1322069692
"5f8d0a2ab1f9136de446528a",814383895
"5f9ee280509afd55d24f39b7",721002020
"5f9fa56b99677a489a9966bf",678107223
"5fa1c8237da8fc7683bc10e0",628789978
"5fa3b0993cb43d3c72c30093",1227598493
"5fb76f2095eb1a5cacc2524d",478335381
"5fb9bd3aee2e1320dcbea448",452019310
"5fc0f0c4fa019b6f1b2a016d",385888504
"5fc3634e1fcc96b9215a6cd9",1334506595
"5fc3de15eb0cd87be5ed2e6f",638705380
"5fc3ffb33090bf75a81aad8b",624749310
"5fc559104e0ba1112ce00f5d",1166791396
"5fc77edb0e5bec0ed8e72a60",807688824
"5fcd9836a3ea537fe86d457d",606070865
"5fcf1e2ab4edf13ec844decf",796771497
"5fd213a5236154ae5206c372",1355165271
"5fd3b0299c0d52e48195fbdc",489095383
"5fd89a857727753eae6632f3",608749412
"5fe25ab9cf4ea071cd6287dd",471260022
"5fe5f3c5919c0ebd57ec8e36",428529334
"5fedc401fc32ecc4d9ba7e89",502640184
"5ff696d8369101b6dc60e2ed",583817299
"6005ebd6442c62f8becdd2f5",1278893604
"600dc823c42aa64f60fc3ab9",642907430
"601193433c99337fe806b158",645198457
"601310d800d88f0d387235e4",1107637013
"6013b8c04f7b9fbc74ef1ec4",472419173
"601da8fc375ba0b3df3b38bc",1277574626
"602abdc140c40112afc1dc98",393872668
"603c736378e07570fb985ab0",968448610
"6049fb02c166ec9b4471a7c6",560726020
"604f1b5149f770a8f370fc75",414230151
"605276b332b5e5984b83ea8d",456661569
"605e7a71eecb13b23ffca0c1",604451182
"606affed5c707249158c4b49",801230632
"606df4826416ea0f146ddf99",494505916
"60704a08df293592e4cb5719",455188454
"6079fb3769f843e99b47988a",625530305
"607ed21e896eb5ffb50d5ead",455028733
"60823c81f0b98e8a57192a9b",908486627
"608a2339d558a6cea9478756",1208192965
"608b26adceba64d9ebc5486d",395688109
"608cf4f46a188cf84f853c72",413472367
"60a04215bee81d26f20cf0c3",678409943
"60a495b86d6eff1e345ecb06",548674736
"60a4f09c268e61fbbe423ff1",410765206
"60b5b0aa0c1319557cd0cc85",1316134488
"60bae7a45a084f117eda823d",1010546408
"60c116411ab3cca49f7f49f1",452077078
"60c71a98253b5550d773a529",699959672
"60caee98c3cc8526d16d7f44",715434803
"60d5f19c16554cc2d8e5940f",1006074975
"60dd7dc49139e7816dd8b143",755805424
"60de8c37c9eb96efc432451e",805123280
"60e768892afb284b0e5042bb",889587054
"60f0df18cb4324ce5f4bf650",1007225074
"610061a0e67aea7d222f08cf",1192471522
"6103571d9525ded3c09668c6",452229726
"61055e6eb1910507640ce6b4",839746558
"610f192d22864016cc2df1c9",913494310
"6110b5bf07cf38c437c7ca8a",1362562327
"611a369172eb6e3e2e4bdbfb",1422879846
"611a3e1d63c6ce5ff8779243",525177323
"6121943254877ee48716c4e1",389182946
"6123a0dd128e45216f832e3d",1164081690
"6128a8deb1f0bfbbf0d67769",786366121
"613ad83abcebf6598f0079ab",803458822
"6140125d2a94efe499a6941d",480575875
"616a5485bc7721ecfcc21c70",385709692
"61779f1bec05260cf10a0d2b",770869658
"6183257f16bce94113879745",631654467
"6184f12f3a903658f3319290",669330681
"618dede0dbd48df4fe610af1",1392190030
"61953f4c9bac7cac5ddda5d9",1337209967
"61974f593c799e5d5090c067",341386300
"619abd5f978b1573761be86d",572044970
"619dab52b321ab297a604185",1239035613
"61a12496ac1e6f39c5ac5d3b",1191009941
"61a363a73f3c93aa1775c4ff",818366981
"61b3bd442f6fc8838e2f45af",643606772
"61b9307a25be3119effbd0d2",567868327
"61ba09084039a467410aeadb",871797038
"61c3c304eb8a06b5a483efd9",907494274
"61cb98125f43429f7f93c898",759320950
"61d6969334fc63611c810e2b",968827354
"61e1e0c49f3aafee6ec9179d",784177855
"61e57e5539c40e5ffeb77997",457887856
"61e9c2375626a18bc9920c5d",533063197
"61f634438de4a10a861f42c0",596889741
"61f84e5a07f37865c31d4a07",924056056
"61fe9ea90c8a777971db8384",873501430
"61ffbbc24b30698ab8f735c0",517194987
"620e467297aed5c47e22735a",361448908
"62103a85a8ddcfbf5e40e284",1031193333
"6218a5d7267f02c576e5bf16",891776859
"621c3051ef29e8da01e6bb2a",679734961
"62259b400be228a30a655a59",987268931
"622872d345b4b0d9c1b9302f",853260281
"6228854021e72af611d2e59a",633361541
"622fdba953206a65224f2c82",474068296
"62313cfe4272d263173e1ea9",798959855
"623b7d96c0fa09e50148aa7b",823615917
"623df36ea9610ed5c58dbd8b",453496873
"6240b85a47c079cd0efb077b",666708492
"6247fb0e5261d4225f6c9f1e",757532972
"6251cda3676ecbdb6555c526",595953509
"6254ee88812e303bdedb8767",1420542362
"625caf4f4f56f3f6bfd3f786",371735140
"6270356f1cc3dff186d0ff4e",768912215
"6276bb8ceb13d174b8e405f0",442923194
"628b3b56449724e7d945351b",803500199
"6293e4a72b5c84782bcdbf78",1010557972
"629a6122db92e378f0eab96e",946875603
"62be98264dbfd418ba21cfac",1076817257
"62c017eac96743cfbb61e86b",810304272
"62c39ad30e9a26d8cf3593b4",1110518183
"62cd6a29e98a5b7a5ad38050",729161538
"62d338c26b44153bb075b234",1210217963
"62db5fd2a4eb831d281ba8ba",1364466036
"62dc69d80cd6ea9fb7fe52db",559050483
"62e0110b1c8dda16cc7da89c",794187610
"62e376b22a4cf0d84b7f6bff",1149021899
"62e9330888566f1f826e1ee7",859239281
"62ea31859e01c2f4d4e97baa",750181209
"62f022e19ce6608919eab5f9",448145942
"62f46b8989bee43db86ff589",410415143
"62f96ed5c1e5f28117949a23",445985180
"62fbacd4e172983a2a998daf",697563332
"6302477fe8172d08f3b4815f",502178298
"6302d4fff078a118c3211794",978114741
"6302e608d8f37e63f4e5cc27",458414791
"6305f02255274ab5fb6bd39c",826710149
"630f00e15cbd7826475d1509",1107499700
"63131b8d125073c7dfec72f2",1179818085
"63182bbbd5f94cea67de2d8b",653079082
"631e6aee6ec1f720f3c78775",711609223
"631ecfa47fe167bfaaa967e5",396015791
"631f4c509de8dd64f1c400db",926638190
"6320f26d77fcd56675db6b97",651335015
"632820af2a0477aea5ccfa1e",1210591966
"6334eb4a37d102ee00c6e2a1",417641470
"6337f924f515625e7fa638a4",787186980
"633a7038a23ffaf4b3f7896d",1233456707
"6361330195fa7cdc6d5c603b",997254145
"63613a9290bcd9e1bcf2786c",855037694
"63674e7ddf6f2b4d7c6d5c1b",395303392
"6367a127b452cfa27043f74f",767864322
"63698398738ebc7ccebac817",787920024
"63717ed97f95e32b2ca321f3",915966562
"63773145b1a896df26504b0d",420334618
"6388b4cfd09e2b1219268cb2",623298419
"6396667677a878ff61e1b536",554461917
"639b98d0798b5670e7bb2569",1131300747
"63a25d279fc5a9e8fc1dfae3",379787764
"63a5989d0dad994a6af7734c",395172974
"63b09e45c1b7dca181491030",711690665
"63b982fab95cd17211a4a58d",627632500
"63cc884a9c5c888de176461a",1083610190
"63cdd73026431f5566fe246e",415175375
"63cde4fad1be942dc5ee695d",462597444
"63cee15dc4a6808616a2c2e6",477813800
"63cf422266e7c39a6c895b3e",812184272
"63cff4b5ebb2b6528ad34cd6",933311144
"63dfd58a5c43cc7c0a468209",305758240
"63e1ff737ea11ec607ecee08",971460476
"63e73f1b8b385d89de1329c2",499375876
"63f3295df28c02953241e2a0",638890579
"63f4e57fb2cc22659e80d6fc",429482611
"63fa384ea296390350f23d7f",826970366
"640a801d503d85835eb65a42",974464980
"640e9fe41fb79ecba89d8951",1129043800
"6410d336f6e61c4a81403c61",646992727
"641600a4cbb13b35dc7913e8",1060968296
"641ac8f4f60ae2b9cf6add93",967291128
"641f4319c315cbb74872b8ac",418968299
"64335f6d4c1a7514377be77d",708294330
"643e13f00dfe7787a19b1254",452389327
"64593641e470908ef23b46cb",1082641283
"645e1c7b799a489887086a1d",940476913
"645f3c4490ce43ed68c7df10",731861828
"6461c0a03ad3ecf2f8112759",915711526
"6463505a740324c7aa869d79",796497994
"6464d5cc161ac659dd963897",480170897
"646bb3de5a1cfe4bfb7a7ea7",1501210444
"646de9441934226c2ffeff77",868964875
"64731b6eaf4fd2bb6c155013",878116938
"647ec3f486cedf045cdd3b68",590157473
"648217f4d8b5e0e65dea066c",680440618
"6483f2fcdfbd26c621a527fb",1105735150
"6490a1eff73727bf62458b0c",545433873
"64955a117f2d9264eb59fa82",1021861826
"649a2784beb9b821d36179af",608212061
"649cca8c83352caf7442f20a",847903280
"64a24372d58a2cf535c3aac0",915489737
"64a4528640fe492865ebc0dd",1131952586
"64a9f0bf04f1c890cc6e31eb",915348309
"64adcb2941e9553ee394caee",534096185
"64b4837e4550ce39f2f85342",845440561
"64cb8fc8412c9247a5c243ce",1484428475
"64d1c45a2968b0fbf0eeacaa",995807688
"64d9dff81c79a16579cef2f4",1292520863
"64e3401f22d18b573ff0504a",637417788
"64e5093d6bae57e8b4298123",989414188
"64ea18085495f759116f62c9",617620350
"64ecb100d7882ddec6bafbcb",650408901
"64edef308b6a9805f0846cbc",1156532797
"64eea2e9a13a8edfe8ac7027",1105216453
"64f36d32a3a64853227fa69b",1539462745
"64fbc9cac3f15c0f1a16f4d7",393218121
"65010e340fa495d060e32f7d",555392285
"65070c554133f2b4143fe051",638237750
"6511180e3128e083bbbb6940",1217459931
"6514f355887c64136edb5595",1041694322
"6517c1efabdea4c1f93078b7",405143442
"651d5cd65f80c4938deb7da4",598934524
"651d6af0968fc05584cb3d25",691443442
"652793275729ff3b69e86072",497519135
"6528ca87df8bb477f4b6b8c7",503606533
"6542b39cc8d2d13dc828772d",1143645409
"654d2a3a0e02065560ba2484",470419442
"655120f80a39c19221623311",683956427
"655d6eafd78be856479767e2",974215953
"65647ca6e47eb2b9ba20058d",861784930
"6565b3281cc2d632febbb6dc",1377864059
"656c13ca7a1974df58e1b826",1326575975
"65766c8572b629744f00b45c",474507948
"658c0b009a09339a3f312145",778455347
"659abd72d12756ba0670f466",480035370
"659bccaa707b94f303610225",581409231
"659e9ad0f593b644071cd850",621146761
"65a626faaed9d9e3b172415d",594400543
"65a8795e7a5b88acd7a469c4",727257289
"65ac61968819927b8fd9b990",545332970
"65ae1a893abdc2eaa63d9271",1275130439
"65b8c48546af394a924decbc",519574882
"65ba1feafecd7efdcf214ed2",906451137
"65ba6e178f3565a84c6ff973",1263569799
"65bb6acd9be0f8d95fbc722f",863636105
"65c3e09ee6f1ef0500ca4316",1050942307
"65c83da72c07b8e74bf581f5",744711052
"65d5918e826c33bb950fc008",586542914
"65e1a61d984712e76829c821",1003491572
"65eaf65f8dccb8e49a93b753",934356677
"65f736c3fee3d14c31a57d1f",778444953
"65ff6cef76efb4c83ac0611e",707381666
"6601706d2133f96aecfcbfbb",488151292
"66019487c37339e9354ca999",970201311
"660eb3b40b2bcd07df8f5c3f",467292186
"660f3f9ed9a72d8875a9efcd",915765671
"6615da422a3864d415b28fe9",544575235
"661f7eaf134a5b142843368c",622979889
"662a221bbbd961c285069c49",1052282175
"662a3e343a7e207ecc09d6b7",702050834
"66379c5752189c150954b4f0",373042756
"663e062b85f16c2419f8456b",692490061
"6641ef09c0bf5f3180952b30",390680083
"6645a3080e5d10779672d139",830479442
"664934c8e209352d2c79c971",514843668
"66526276a7e8da597683e8c9",810715488
"665d62a8019b27bf5ce6e6b4",556369843
"6665e5bc4774d04321d1ba9f",622007480
"6666ab486afcbc162fb560c6",994545419
"666af58bb684c2d8e7574e86",889705835
"6670cde3fbc11c263c6c3163",701496684
"667685f89a61aa2ad5c9ac7d",403687114
"6683685692e955a8ff172c89",897967519
"6687a2299f38c15598d11eef",1188230393
"6689af92cae5d7c9c3e2f215",805306043
"668db5244c4d5b5c76b0b395",767862857
"668e5bdda1f4011578534f54",1265207296
"66a2ec5aac8969b2be538c1c",838427802
"66a45b0aaf5f696d35f5cebb",546626355
"66a59937c54eff29ab14b474",630477285
"66b7baef9c6c3c7ad24636e1",1070724309
"66bc6e56bcac9bfc4a7341d8",527666408
"66bd80fd26836fd426be5733",625254759
"66cf83769d16a4d659edba6d",771460952
"66d402a9b7d05f29282ddb00",537983389
"66d41314804d77ea0f440695",985239192
"66d8ce8e6aad18a4963275fc",589424015
"66e4f010db2febff23b4a4f5",540658963
"66e9c614882d58c022de7a2c",940476913
"66f58d9d1e1eb7e81cab24a2",961421735
"66fa7c9e82a2876216b14b1e",566289167
"6700ad4d4d7f70def59a5d59",720755900
"670583e7a2ec6e337429fbf9",1345789283
"670f7dfbe2eba87e55176257",805534939
"670fe8f7b8ebe006885b2777",1013992795
"67138978493b84ff42daad45",690064012
"6714f846f2fa3527641ad96c",780670824
"671603ba1f755be5d7219a01",444700851
"6720db016112cd2a4a5e0358",842118801
"67250a8950aebdbc67f7fbfa",1462181288
"67308f6bb80d2a203e306104",386382692
"6732b448d2e4f32679f235ad",1107499700
"6732c28a236aa1ccc0cb2c86",945987457
"673c72783eb4f9a02c511b83",1197200376
"673f2b913006ee8b33e75b5e",764672321
"674c02227165e1c7189c54e4",1027167213
"674c915c52b27df2c06b8bd3",955646284
"674cccf4c7772d6091166aae",1105671881
"674ea6932fa9e6b7581479dc",900971535
"6750be41e08a725705256b0c",1269309116
"6752fcf8f1af18d61124e32c",690750089
"6765fc17d98c08142d3d7757",968016469
"6771a8c70428fec0f21d51a1",847903280
"677c8056695a5a539dcfa3d0",532978814
"6784e116d96e03911e2a07f7",516559104
"678927546243e932b48d6058",1493630364
"678a80840673787b3aa64228",943520554
"678ba0c80536dd27e385b31f",386002605
"678c70903bcb6c90e3578d6f",1111715580
"678d0e011f710cefa49f6465",425136105
"67a10f161cf7215302b6ca1b",390103753
"67a7cfe6e95aa5200c064717",743391229
"67ade5109553a9d784886a46",1092865452
"67af004f80b08fae38f472eb",489300658
"67bd5b20df7f2a9cf4e04358",486848598
"67c78ce1b8a64f36ddf90cf6",823554653
"67c945ee31cf1fa0a874e4a6",628251713
"67cf2149b4c214da77694088",1023047534
"67dec8c47ad4de9605d56db7",554686163
"67f664c8f9250a22c10b4f67",691327396
"67f694b29bfa494bd9d9cf44",824401753
"68006626a3321fb0de032307",534955646
"68075b0ac8e779bf5e66dd3d",515770515
"6808b10f5876ca36f569a4b8",1187734161
"680a71ef7ec15bd919c06320",789305354
"68181ef118970fdb1d83f030",890228658
"681e772045fbee930fcc9ff3",1372063021
"6820ee22d6fafc9c030cb286",1399220613
"682b38de3539b2a584446922",370401021
"682c0a5f5f3130a61b5214d8",1028270816
"68340674853f0ea101e32b46",434151701
"6834b61ee23cf04daf4fb83e",899977092
"6852e8bbadc1a9f4fbcd695d",843536674
"6859481703fb0cb34c1e564d",468522892
"685982808b30597cc013e2c7",530309890
"68699eb9653684fdd3fc79b0",1101777288
"6879f05563a9f0748088cc65",1025170807
"687b1dd576eb7d06a08c3439",854522499
"6883fb90099426e6f3922909",409342539
"68925fb9f8f0c84fa0ffa9fb",1154864127
"68939c438c34e79a317a4f3b",1023139250
"68963f5f3657cb64276e3beb",1259693139
"689aafdc12fd1610c2393a6c",1069391554
"689b510fa99bda54284cfe7e",817903522
"689ba3a92dd7c12f1965031c",598974509
"68a00651ead62911f850cacd",474774107
"68a3f9ac977f56cd39a6a1b9",1490607922
"68a7d01e50462f7506f8c8d7",488577911
"68a8b8d077a8232723bf37e9",761538617
"68b547621c25c7418cfdf5dc",1163309279
"68bda8b092d5a53a35dfaf07",1297658847
"68c145df0ef91fb4d14d001b",409429212
"68c319925551b9484778bb65",869865320
"68cd88b657b59f5671f59e04",409974660
"68cda50b602acb4efeb275a7",770007065
"68d35dadc6d0dea61bf4b513",372585527
"68dd15c8e9b71171348ea24b",1366445380
"68de232e27aa83405b4a19b9",1465327747
"68ea36e3f441cb6da8d36198",1220889881
"68f431548c330f84c46174f6",1103720762
"68f4e3d4355bb71db0f35a65",692336863
"68fabddb27fc928b57efcfea",805751606
"68fb3b3cc3e5b13440eb014b",1361154461
"6906a20be4962df7725dda7c",1253963816
"69190139558b2ef3eface18d",461514325
"691b030abfe1190802349715",399458402
"691c35e98d0d5780aa82aa06",633672083
"6920e6d7fff656d66844949a",743314666
"6921133528bd6fa3675ce8de",708518625
"692cc1c9949d35ae11412fd6",684529361
"6930d8e260fafaa5c317dc82",458085276
"69442123283ab024a911506e",987033576
"6946fb4c877f35e9215ef4be",1024916642
"694b0a500f1619c4ac4c85fb",857691945
"6974d82e41437d61c627b16e",1082467839
"697b6c6f7666391fc689cfb9",872856898
"698383c101fb784f8e1b1ee6",532100201
"69843aedb25a928097a22a89",554022150
"698f3f1929a2dbbc69865b65",766230122
"699095150a7f3f32c40454fe",1178715942
"699412bfdab1157487c81725",1175947141
"6996e88c10a94d9ee7d05357",425397289
"699ac8957d9b4eb7fcfbcc40",1060486780
"699b68daa574a0f169436ccc",541588896
"699bf5460c63a4d0e4542ade",1215752049
"69a1f439de0f06e1143a0006",666604225
"69acab4a6f82ae943850b9ae",626822577
"69ae1f2868fe714ad8e2f114",316567083
"69bcce6b58fc3702580d3234",1039830316
"69c28dce8eeaa86605143419",1273361086
"69c7e97037c747b93c33251b",1149565541
"69cb0f3d422c2c78373c2e0c",1094373568
"69d1e47b6bdc57512f1838a5",961383227
"69d83d8492db7ade6c37c3de",544301088
"69d9908e13bf7c8ac4c30531",418885199
"69dd957e78fcdd4d8e874acb",615327483
"69df7bc1d82d9723c70eca70",1034554236
"69e663ffb4935aecb875854c",973099833
"69e6fbd4d3816c4cc37b265a",1116797105
"69f59487924240bac2e75bd4",1134111511
"69f7ab8608b5328f106b42e5",922627776
"69f7b81b70ea61f304ccd36d",897534301
"69fe76202cd89637a15de1d4",639919894
"6a01b6d09d516d67f4a2fb43",404258067
"6a04f8684e083eb6319b5272",795744827
"6a1024c5da689de67bdfa274",813748838
"6a112af84d5a81f3d16dfc32",1160021181
"6a21be8a7a429eacb1de8c1d",1040044537
"6a2ce95a8be0654f193592e5",491109866
"6a2d4d9a257fdfb2ead837a1",397344392
"6a2db40e5f210a31b2f7119e",516145461
"6a39a747417143f0cd24f3bd",1390897455
"6a3f9046cfdbf4eefca3ca69",565608027
"6a42271a0b03bf9a856d1acf",733203135
"6a4f08cd04d558a56af732d9",524700732
"6a6178c4cae2e92a08b0dd0d",511511815
"6a65986cecddc5c47fbddb9e",739639025
"6a6d4f8251ff961609019ddf",370026774
"6a6d990b9b1bea0f844d3065",711708312
"6a8b9fd89b745a52703715ab",533509731
"6a9ef848f22fecb9569098c2",867891531
"6aaefcb58913bb3f49954b2d",909171341
"6ab5a87a537d2ce326c867c1",630395518
"6ab7f97fb9880e48fab16a1a",485126331
"6ac5f5f52cfeed2f0ac9d018",663254777
"6ac747618b6ca674e86cd275",487926955
"6acf9cef08906fe569c38572",1119595324
"6ad1fb94accb91bbc30449c4",724784084
"6ad3e1a47d1055b55d14e091",767801347
"6ae2221c504027acfb7368e8",521951790
"6ae4843a827b36bf189a32ff",1099872900
"6aebff5b1fb3a438c2c7969f",651067970
"6afa85ee6594d1c8296f04b2",568830955
"6afff7782d129021eebee968",675966174
"6b0828221f9cdf5cf39e7c15",444901071
"6b1a1afa055c15908a855e9e",637473717
"6b1c0866e6f12f7fa8de94b2",724163645
"6b23aa3ca5edd20134811cea",398656920
"6b23f191d2ccbebf9166926c",1050980393
"6b2d7f88f15cbf7d998986da",1022862177
"6b3411cb8c50c1498572e681",410921930
"6b44648a905e7f4c0de6c855",553746416
"6b49a668de0edbe7f8110740",958943848
"6b6c365359d20be719ce815a",842571875
"6b7219005737d8660d134ace",1181261426
"6b74ef5c8ab1df614bfba866",976126163
"6b7aff233052b9bcb6b9448a",1430259087
"6b8c1c7c855656b0e56f0bb6",854936587
"6b8ce573bc2ee68ace26a67f",769009015
"6b8f7074aed7ae7e6cfbb090",1269311537
"6b9b9d28723c7ad176a9306e",1042457561
"6b9bba3c6afa1f999a9429bd",393046407
"6b9d38e0b9a3e28e3e695be1",1245893835
"6ba298925ffad32daae55385",778789495
"6bb2ac0cf2369cd8fd85bc12",713407181
"6bb760d54e5b0f54d9612a8a",999253363
"6bbb24fd1b9df3df4e939fc3",627555890
"6bbb8f89bae38eff88c89c46",512683913
"6bbf09c3bbc3e3a000cd2afb",904461610
"6bbf67d88846e94a63014eee",1226917318
"6bcc29a0afc735bcf3621595",1022253660
"6bd1a412c01387af8810ce57",1410412721
"6bdb3153f267395eefbf588c",536847646
"6bdd97526b1a9cf10853df1b",899695618
"6be0ddd4180b5eb92908da05",422268000
"6bf86a580c8b510b7447071a",604323223
"6bff92260afd556a98d3e3a5",755661279
"6c02bbf7f6b087a1f0c8a47a",528094320
"6c07175274fba6a0dc467cbe",637268265
"6c09a3ccddc797f77d63f1bc",1230895002
"6c0ac32bc8a66844197c5fb4",684998245
"6c17875f20f58b1fb211c18f",1165119037
"6c21f6a3513869f93b32e9ec",1176297091
"6c316d2bb84fff36bb01f14c",1441438257
"6c3435048735371c36dd3892",1156096109
"6c36e346957e336a33a7708d",878953098
"6c3bb7e1696df587990161b1",445042807
"6c3bc8c58ce67b8bb9f5894f",1047829906
"6c568d2287dcf12b2aacd388",811482824
"6c589b7e6a3cfad34e98bd87",1054240888
"6c598362e322971968739673",363205641
"6c5bbbfa3a1515e5cdec9ae1",730301464
"6c618bfe55cac120a4f1e08b",587047684
"6c679d5b6a1c1b74bf483478",1105216453
"6c67b1b0991a1d79251855c3",1267927469
"6c6e7af42a6ddf62b04c35fe",429806306
"6c75d7867807d942c975079f",1000477716
"6c778557da9b5d99f90b1238",781761542
"6c8119e00b901efd2dd40f0b",836593959
"6c81a0b90366db9f514362b4",1176016674
"6c8c5e22025ca4f450a428c3",537248162
"6c8e1cda487c9841c8d297d4",622665085
"6c8e27967ec63e6dec4bd6ac",1198006715
"6c94fd185169e708a08d3535",433986944
"6ca31945172976c3a11732c6",1374790027
"6caf180e36fe18078703db02",464160045
"6cb19c3e491a60bb2c166669",778755331
"6cc06c89c226a062fc46795a",468960978
"6cc0e6bfd30ed93fca2bb217",487838551
"6cc0fe8ddc318f1bbad360c5",1005848566
"6cc4f32b39180bd1ec7e117b",617663938
"6cc6b0672aaccb8909f3a751",542343510
"6cc7718e834ba47a429d6874",568012401
"6cc8e22f11d382206273af23",904287389
"6cc9d912370da36c38ac2cbc",1311823800
"6cd0aca2bc40d83473a39885",830902481
"6cd147720319f60ed2599361",947128480
"6cd4e68300a8bafb9d22700d",934468959
"6cd96d73fc58b1502bc6ead8",983736983
"6cda1a7622d5577c0056ba40",923678959
"6ce8991a39ec7b9883f85000",1495372040
"6cf924390dd3ed4454403887",473238052
"6cfb8a07fc1100569413b33a",807935349
"6d0680692396c07afc1a260c",654276001
"6d0c5546a498fafba15f2e17",358757871
"6d11001f164d81734a82ec1d",528327048
"6d12669907d7d80d0b458a93",918894074
"6d13129db564ad15e69fd534",1021423385
"6d1534800bf0ce97197efb6f",542837162
"6d21e1de9c880bfbb17350cd",872788642
"6d2328def08bae481705e20c",787433255
"6d255e0026d70dd44229a2f7",1121458993
"6d2ec752890a2f1c4094044d",1224369194
"6d305d6f3e3c2a53515d5f6d",964077022
"6d32649478d9d86d840969f6",640017546
"6d3e508ff42615eb78862723",653825653
"6d4a961e099de1939adc6496",1157446405
"6d534e4baa1740d7839664eb",602448462
"6d592a69209ef3356e656c44",441769002
"6d5a91ae44cad7849dc4e969",850444541
"6d6aaf30227f16b2be29e79c",1252352815
"6d6ad5e3ebaba1c11dec0f16",684727847
"6d76a22793aa9b571da64572",974795874
"6d7ac64b8b9f27f61fb155ec",557657495
"6d825b439d8622ab90245049",633754276
"6d848e54ee68e6d8f23b3b1a",581744231
"6d860c215908949c4ba1c536",393915492
"6d8998442d831addafbc878f",1194896283
"6d8a0768adedcc1070d28390",1008691963
"6d8d2ba62c52445d78f687ed",981151053
"6d90801ea8cbc12f9e2131a3",565505550
"6d9c4bf994147d8892d27f27",1162182656
"6d9c89a406cf2e755d4172c5",418562543
"6db318f828d464be421eb572",726263394
"6dbb494acdc64c03742fa730",956413970
"6dbc77ad8c5c1e39f72cd2f6",1044469702
"6dbfb281abaa9a6956c080d7",330144114
"6dd97377cbc262b07ea2eb99",439084220
"6ddb6863958ded0d72fcc6a9",457786559
"6dde6686bfdff12620f198d3",637163741
"6dde9af12b6597425160a47a",1537379388
"6de06f867a28393a9e95c7d4",313191828
"6de3c3d53d6aee18ccdee958",448731843
"6de7bfc5e8149ebc40ec0e4b",470831462
"6dfa362ff7a0d55693793db3",834294564
"6e0140e1d667cecd155c6e23",494638924
"6e07d31b81f3fc9b9de8e1a8",1506925050
"6e0d6bcb01e99fc4959d3f7f",453404330
"6e163c3a0e30e7bf1e909661",571657764
"6e1a9c8457d3ac6a57598052",728570702
"6e233ae6294318baaeebb59b",878497217
"6e26918c69487a735a639c1c",1423849048
"6e2a3e49dd6434ed01eb5e71",687348797
"6e2c39fbeb5392e6aee9b644",1358781013
"6e2f79cf68ac0ba2b1a6b0c4",1216772777
"6e36550a6ff6fdb2711a88c1",1345548017
"6e3cbbbd3f4d0578144cf021",634286367
"6e3cbc252c449fd4b758b97b",488293767
"6e426f60d25aa8a4c6f8c9e9",503449027
"6e4adafdd872a2837921276f",477374727
"6e4ce81e713a571601d861a2",628149867
"6e508fb72f189a4fa91bde58",762892114
"6e51ca1a9c2bba9fa0cbe5db",935574675
"6e537e91af0de67558bc1ee2",657417075
"6e5383a7f9a68147c2788565",913677275
"6e57de8c4ec2e42832cd4b09",975085965
"6e5ca223128fa2de422b4009",531748147
"6e606a7c8bc632ba0ba37184",438006026
"6e64677f8d730e1f9ca240d2",1127677168
"6e6f7fa167c0f617f50c86cb",815840652
"6e710984bbf2662a9cc7bc4c",392398472
"6e73e42a0d2ef8d6e403112b",459459962
"6e794276348acc39751eaf47",1077497302
"6e7f3a0cb6246f13656fc95c",1266221242
"6e807e25b64bf0de81f51c12",1336977889
"6e895a15d402ea7fcee98156",1141191867
"6e8e08e09da8dc598b8a8b2b",617672185
"6e9009ad01cf466e8f8136e5",1245893835
"6e9984a3c3daf63fce5cd3d6",757317715
"6e9c7f27d6b89c5f9696fae6",417077071
"6ea022e53741adac484c1798",899956493
"6ea0d50e822913d0f444d89e",757382719
"6ea18874ea84b5b4840f9b85",534178707
"6ea5fbf037ba7e5c74d7ca39",810226999
"6eabd14e55ff090e8a93c727",730390618
"6eb27e2a66d08a8a60567272",874910396
"6ebe90f7140b738b3696f086",627443385
"6ec4c88b8d3a16148e2e7348",948466237
"6ed2970ed02a3e50ac984aa1",798359666
"6ed5fa8f114431d158d35f43",434522010
"6ed772640e5a311cbfd17c31",506881093
"6edd2530070918074c8e7d07",1052840288
"6ee1e976768b68cbc8008950",1460444842
"6eec5b03718975e5137d5e92",747027095
"6eee8548b87c9349ce90ac2b",467350124
"6ef43ab43841696400d91859",835202092
"6ef9135481d8fc882a1a735f",839639251
"6ef9ce7a53ba3bd892e21f1b",915568317
"6eff15cd6372aeaab2e665d8",407218160
"6f01f2c67343ebb8ec717a5b",663453421
"6f060a8ee8d6d15f46289759",817838003
"6f0fcd78c473e4e04fd411c8",776874173
"6f17875bd3ecf00566dd5c1b",790789647
"6f192e6a537c1509521e1e8a",864560710
"6f293451319bae38c71b8266",685468757
"6f3041147f930cd6cd4fae05",561079066
"6f3070318ab65b867b2702f0",356753089
"6f35fcba4ffd6a58bce85892",527183536
"6f37300b1fefaaf746f53907",1188819795
"6f3dd53b0935c9593a301bdc",622122570
"6f412fbb33519fdd31e741c4",492993462
"6f435cb10e5728ef45be9f29",1433782544
"6f502f363fb55811478e3b88",485136510
"6f52ea8340cdd283f9a79720",702415152
"6f543782174a964402b64de4",819008767
"6f5929e67fb8da068b91096c",1330782834
"6f63e4f866bda86d5c993c8d",463363061
"6f65de020f663622146b89aa",655755223
"6f68b289516faa0b7ef36a34",424040395
"6f6c83ff891e43b7c84728e0",886556737
"6f7bc7fd41ed908494d8e098",551799070
"6f7e390aa6135019dc5a828f",847130588
"6f83f14861e13af92a2b8cf9",524642689
"6f84d405f419590075610c5e",510736775
"6f8a0e8f1bce0243ea50213c",769750090
"6f8a22e4dd21f44bc6d383af",1612758541
"6f953b9964d60f6a74c81226",748905970
"6f968f62a6fa4dc255397bf7",1450390251
"6fa35f1af6d51d341a3165ae",821958692
"6fa5e5160d7c2bed824bc0d0",627949816
"6faf9b6c30b176e36f2f1d32",737928356
"6fb3e33e16eb81331d389ad7",447024180
"6fb4126e3ff41b8052fd0657",712646946
"6fb45859693c703fd9c812c8",529391246
"6fb9e9ac6d44d3a286f317ae",689557464
"6fc2a4f29e3b896bce631ee0",451314614
"6fca3b70ba2c68d9e0d2540f",389841186
"6fcea2c6b9e39576e10581ea",714743293
"6fd936b82bcfd3cd2451bdfa",755154108
"6fecee4b1e5f50c0b27dbba4",1394565976
"6ff3186df9d15b65dae5bd17",421343595
"6ff3eaf8b5a2f16efddde1cc",673216541
"6ff848f65f2507e58cfaa231",421135501
"6fffb7958a58a73b0e16f2b2",1122618938
"7002d00c9acf8b8a4a5865b6",1234982155
"700a052900adbfa149dd5b6c",1220575552
"701768887155444b77c4f446",363903227
"70209b9024acb3e5baa769ff",1007620905
"70215712bdd8ae7585520550",473415903
"70217bd08583854329722821",739482448
"7023f5a68e1ce9cfd23fd021",389922243
"702525f05b47353c95b0905e",445066575
"7026113e0cd7b2d17f8a3459",562539610
"70298b5e8fbd66aee975ff14",616589268
"702aaf395bc78986a008d70a",847313190
"70314b0bd995a4b03c771ae7",599878871
"70463649ffbda5fdf3c10ec8",891775158
"704e5657734af93d19a0e5fa",980408390
"7055f85f7749c4646577a51a",396678022
"7057326ac489bcc17d580883",867909741
"7063abb555d919d5300af3aa",893608939
"706bddaf0b87e4f076247450",600931293
"7095d576a0b963eb340d8fdf",586894304
"70962daad7cd15ee8af564fa",1253138935
"709d17b62bc95253601f243c",802708259
"70b15c2a38c404e62ad05171",377965966
"70b821bc1c7dd846a8be343c",546587780
"70baafa9789d2fcf1bc212bb",665982777
"70bec150e1d8ac537cfd90e2",1292762484
"70c0a72b31dbc1b97c102c13",1179397350
"70c19d59c6b9e194b6bc09fe",699312463
"70c3b086af66b0c9db4b0b96",760521081
"70c77552b1bb67a2a71c2ee1",1235599461
"70cb6337c8c3f5225fa80026",1123240065
"70e427235490d7d9c9239676",888735692
"70ea0403b722a1dae1ff9b18",853144739
"70ea911907d320da1f7f9c41",517707219
"70ebbf6a402f0f707b893979",805175494
"70f51b4abf26651111305b1b",1187149826
"710542343cece039a279dbee",691709896
"710b0541a025b1b6a5a80c41",488931224
"711045fc099712aae3fe4d14",596493682
"7110d6374f3fc282e4f4bdb0",488366418
"711736da4f0e8282fc8c9e69",1496327831
"711b570ff195fb77229deb35",1215276775
"71235a69058912dec1d355a0",1135654883
"71273ae563da6bbc66aa87af",399714485
"712f16cf2506710d7f2a2e8d",817321839
"7134b03f54b10f282ac34fcd",1011533751
"7136cad475a0480044707984",846405416
"7148b0d9e2e1e92d41633230",813956846
"71493c81121558b8ba18c1c8",490351711
"714f90489426e80933ef31b3",654615527
"7157dafd306fa99e4c2ad233",544875500
"7158e3a6d456211d4533e246",468405840
"71590ac868415f3a185dc15c",860940470
"7169b5a3b9a796162de685cf",881614324
"71710d25975271eb32c0c8f4",509452511
"719055eed27f361071cb9eca",1163986221
"719190aff81379902beb6497",1102121984
"7192b9d32e4ad55f6af9e241",719551268
"719679261d84d6b93035143d",861415171
"71978c139faf2a251db6ff5e",357417830
"7198cf5aae5d0d5ba2e43b96",1027935494
"71a20a4daea6d31de942b2ce",1279342514
"71a3f0980cdfea0ebb869935",515320152
"71a42155184509caba01a1dc",424258016
"71a8b68f38fccf71a229df76",644631391
"71a929d79a6cccbce6ac5d79",1436928186
"71aacbd62d72d3eb29a744dc",701245185
"71ab3644da08b8cb0a0b34b3",986600669
"71b1fe15c5bffb750c99f648",691614911
"71b99de83d83dd970b00f07f",1187258518
"71ba2f992908a5f91f832406",583747150
"71be583d473084bc0608d066",770616805
"71d422db0c0c638e448142bc",1008691963
"71dca93007d6ba45fa40eaad",824198936
"71eebcb108c4828b8bd5b84a",812652240
"71f80198e68fbba902650b1a",395172974
"71fdd2b1214b9371ef149c1c",1288081126
"71fe067a5ae994180f530686",565505550
"7200e3ba2013876cdbbde972",703133625
"7202b83b651382e2630359c3",451286208
"7216c895aa047c4f405c4941",533702090
"722699e593085cdd72102baf",429121508
"722f262a44b2bb6fc05ec35a",435145703
"723078b6cbdf02c88286c596",940602489
"723655990d58df33d55009b5",1111134735
"7240bbe28e950ed75637b504",445339155
"72488318dfb2181843f17c03",1150789676
"724a5f9542f86cc43334d3e6",478554395
"724c854b1a991f060701d005",406740765
"72536bfda19f78d370d95f26",1002318971
"7254c91fc9b51e76c6fd2a99",1083668062
"72569ddc5828fc702b2fc773",1211053858
"725c029b7c5807a4b0ba2bc9",1226797975
"72699647b590d11ed9b2f2e8",422329216
"7272c3521b7083038ff0a690",684479749
"7279c610bda9354e1c840b0e",539106110
"728961e03bfa6e3242f06d8a",565492606
"728ce22c8db9bd0abe3f20a8",1259803666
"7290697f96d8e2101089984a",799949475
"72927abf4bcd53d6907aeeda",874716841
"729f5fab1578f8cae4fca8f9",1004912772
"72a47f70aa99d42320e54787",442029445
"72a66bc6d15390eb05a5c688",937158837
"72bc42a5c73e7b1f9d54c835",934695346
"72d0f19409c85dbe32cf6ec4",1325496001
"72ddab9ba5f24941e4dbed6b",1011437288
"72dec1e6e65f6117e10a2473",485397521
"72e4fa00e8aab44cf210251f",999697542
"72eb1af691a950fbb7e8d635",987042989
"72eb64cd02ad2a54b65083eb",1392030716
"72f0540aab38ebaaf9a389f6",999253363
"72fe83366bf13a53937b7034",940476913
"730804efcdd755786bf734ff",428491737
"730b528617c2841eea5addaf",791326788
"730c7382d76a07904f559b28",416888578
"732615f6d1526ec9bd519eda",567797928
"732a3bd457d7798e1fd892f6",782774649
"7333f19416625d6f4244fe02",735876284
"733c7cdfd50db77066a67140",476148015
"7340afa659775cc18d83aa4a",968352562
"73494d52196ef9838b1be34a",1093313707
"734c9446d0674b8d6545bfef",984384529
"734efe04fa6b326ae1d072e8",470834156
"734fbae84cebd50aaf71c48d",1226397912
"73578b4214e2eca83b1e70ac",1016936798
"735c3aff4c151dbc32f9a76b",1020648291
"735deef3382aa15930482f3e",867491024
"736d25efc9e570379d32c089",990361994
"736eef4bb36681acbcc3c41b",464824506
"73786d11f1fa714aaa9f1f90",917118603
"737c83218f0e486ef4feba40",422612857
"73806685dec82cf637f19384",478066312
"738111512f5e5052927468d9",1265311067
"7387e7e385063c180f05a7cb",562278941
"738e86beb569a7bf51fbe199",404514911
"739c2b9be0941e4c126d2f3a",1038436978
"739de8928aab4ec77a1ecb0b",772667007
"73a23c9d154fec88d396d2a8",1208676995
"73a8efbc036911954c07b91c",1035029900
"73b60c9053ff8193c2dd2823",616156634
"73bcd7efb7a25587bb1c31ff",524886911
"73bde441e18a9548c034372d",723709362
"73bf75d5762e3dd30fca7b3a",945379594
"73c618d704a2e1ac2bc41954",1100011366
"73d09646de4e0ab46feaceba",425337251
"73d6bb3d6ae08921a6117f5d",480484221
"73eaff92528288fdbcd61e2a",1239517814
"73ec13a5687c542137eb9a41",400927768
"73ec6f4da3c277958cd2c228",1215798427
"73f4074e5e09e52e0e03598f",805705502
"73fbb3e6b22b957ba6b7557c",802437310
"73fd5bc0aee47d89a160f5d1",739227201
"73ff3a6b0cf4f7ffb244507b",1073658945
"73ff6ce99ba5dd8cfab0faed",586542914
"74286242739391c4eaecefbe",576087488
"742acc26686d04596ba60a34",519552089
"742da63af109164c21dd57af",554853349
"742fd57dd463c1b5cb79f63e",527386690
"7436750d73f2e56b4f29e98f",893196563
"74448f56811e9562536eff6d",1127444898
"7447156f2967391975d335f0",493997795
"7450139ad1b39b2a380472fa",1102395295
"7458171e4db497a4cc1365fb",1095536841
"745e7f6a83b55196f231466f",822137436
"74746d24b9bd86e23338bcd9",766230122
"7478693f3e7e8963e95be8bb",427693995
"7486ef139d41d91423317e0e",571257746
"748c981380925e1247b9e64e",1235085803
"74a51274abc8358d628ecfe4",1120097269
"74a791baebeffcb7e7b917d0",670043429
"74af10afa02e7724eeeef108",585401790
"74b64bd536ebbcd7c30ef8fd",1019321483
"74c24c5e142e5267456b24a7",731861828
"74c4f233c7f385be73168e0f",547359799
"74cca5cd08c4bbf5d0404d74",1294279809
"74cd885ec200a0c21fa9e03c",640144515
"74cea4c9dc0e00dbbcff8b1d",1381859246
"74d0b6e87c2045f95fd493c4",951210920
"74d8df07206df08e8f3dc232",1233708464
"74dbd25d407e51337f883659",958038900
"74df03749e60c216a3e1292f",466262102
"74e15493f395fdd312d50cc8",331498851
"74e178e2398895d2288e6fcb",691327396
"74e43ea3081841278c76cda6",499814211
"74f099ca0d949c8042569d51",452215925
"74f8ffe35e8d3bc9be725d7a",460626109
"74fdeb4c56b29662f13aa8ca",1222122365
"75060f295e0aba8e1224f766",543435941
"75075631f0fd84fb0ff49417",698055790
"7515b37b7ae7c62f3dafbe7d",582166027
"751795587d1396e0daa25783",519275683
"751ba0c00d4fae1078c02fb9",567577042
"7523e95fc2afaf31bcf30979",1183828212
"7538c609fdd115c9dac551f4",607090147
"75392e8381e1c891377fcb29",1016737033
"753b47e2a3b9fcdf9d7fd9fa",472419173
"753e74e4dbefeccf3e6b27fb",532247382
"7543d0e85e6328ebc8283d75",424123709
"7549cbd5c8003204c85ce1a5",617415409
"7557a9bc12cf0f2901c00264",1117061271
"755a3e09dba04bb6ba6c9851",801799334
"755a4fb96ff2b2276836f49b",682580215
"7569fb4aaa9a52d6a525e3b0",418249709
"7573c18a79e5e3ee0610d7cc",760016447
"75801c34fb510d824a7d8366",369788300
"7586a79a0151387a1c0cd85a",866244346
"758b4df32244a51b2271a891",535165879
"758d9f47824eb74d1b486024",1154056009
"758efd6f99db309c67cefb12",555904175
"759e76e38d84a4188dff5446",1090215134
"75a287d87aaf6ffe7b6db546",446364731
"75a4421cced1111492d00298",619383999
"75ae43992df8ef41eaf9d98a",487250843
"75b5bb7b5ff8ebcc863fbdcc",1021423385
"75c1083db5c940e626c02f53",393643603
"75c16273d3a593752446c27b",766614585
"75ce506dcb994b10497e6816",564107237
"75d3c9e0da9a24f4849f2078",482790949
"75e0815e2ba7269a10d9786f",362226017
"75e0fa8e5c83c49d3a0dea48",1517151619
"75ecbc0c0e8e76bb8d734f60",954789975
"75f167e2273fbecb2c81ac0e",709853705
"75f5290d61164d42b39d9d51",486291762
"75f5aff9fa70208ddd843779",857654319
"75f6d6beb64d846d965fa9ef",886440067
"75fa60dfb737ad50073848f2",961581286
"75fd5603c4de9678627f81d9",1149607202
"75fd66abeaf040fa76eae2e7",741976089
"75fdbee42ec89d428143066c",461968767
"760125efabf13246774a9f16",638802846
"7602cb1e6fef087d8ee81aac",788962179
"760a5dbccf4eb4ccc2622b77",515188461
"760f24a443eb01721c6ffea3",1267381033
"760fd4c893a56a4586030772",600653980
"76167f6ca3d2c404104b77fd",892590274
"7618cb8d215425c931f47886",441731086
"761ba98d35074faee3594dbc",710514735
"7621f476bc8040270958de6e",704785141
"762374e94f17a8783a66d598",586542914
"76258b7b7e8778cd60d3435a",693075431
"762979729fb21e56a32ed14e",1272161852
"762e044ce9371d7b8c7acb6f",912809822
"763206de4c26e3825b69f4c6",957962156
"7634d584c3042533942e2dc0",1111666812
"7634d7acd4197594271c84d5",484116026
"7635a792e5002ab99ceef583",1072279586
"7636a187e29abcbd8fad6244",417627929
"7637c251618135e082a9e2b8",1102395295
"763c9a528d0f99f34e5b0031",455152859
"7641dcf512a05ca754930bed",655420107
"764da64c41700da5ee80b8c7",795678048
"764f506bb2aa1ac4de918a71",721312882
"7651626df0e2e3119b801466",792183044
"76556774906f9e12b319c232",437158050
"76558d67def95bc708039f05",1133445458
"7667cd57d0bec809417c9b11",786988815
"76698030899efea431dbb81f",390267481
"766a8ff17723a5c34324576b",942871114
"766c7906cf0493736436fdea",1619836737
"766d34ea891f3af53f1391ba",847078885
"767024c66d3a88bb18407b6d",970221667
"76745c2648b66151008f6399",522734874
"767ae7de1818d645a33749e2",852562385
"767cb14f03c909c595c2a731",633444901
"767ff947b16b2271f516c28d",623663502
"76846ed8b7ab36821b848f2f",854310642
"768f69f0241fe339b6f52fa2",806994337
"76974826c758eec5c255c5da",555712294
"7698775967b96e3e7bf66e6c",1272195823
"76991a35e9c1b69e1616659d",583075038
"76a307d6b36b8a51115e91b2",1022936316
"76a5158e1a5c1f9fae8ee882",686567877
"76ae7be5da1785c37736fdb8",1167281104
"76b41682fa6953a3b20d3f27",1232725255
"76b719681617ff7f28d33df3",1112006117
"76b8190137ba3daa55db33a6",556701034
"76b9af8036e38d5d30ac4c7a",1435599550
"76bd7a0b87bfb6d2723766ec",434786472
"76c4045b5dad9a8226e9244a",535536539
"76c510c0ad11fa67f0e9a4de",688529723
"76df3d616d8bc1de789bd83b",462551565
"76e4ebad138d50c690f0aec1",338806502
"76f50ce5f30cb96d48a69357",561315624
"7700df9486a1684157527739",563083863
"7703f868650a8252e954e457",756764686
"77069fb9fac6b61aa6a89ae3",965696552
"7712f963ee37e91abb7342e7",562407651
"7734421098413f27fae86fef",885026038
"77348acef84ef77f6a076268",593993674
"77359d0d34ba4c9d825e46ed",489248398
"7736ac030d8b587f44f7898b",924107170
"7738f18d533d0f0379e3a06d",1075782606
"7742e8923a4b832e3d94f3c7",694358897
"7745863791b5cc6d49f84c8b",436245146
"7749b2b534213ec7b536372b",573031072
"7749f3bcfa8339444b0a8b7e",411853321
"774a4b48d34052a978b1180f",785047338
"775a6affce535c5a19ea5f30",772933801
"775f25d8144580541bf2746b",954187376
"77668d4325802de9d63609a9",946519884
"776d4a19fb3852fe6dcd3ddb",448110043
"776d7d1326576f07762ab3c7",1123507898
"776e1192349cb7cf1579056a",1343706583
"777a8d05edda0a335d89e90d",699930301
"77866048ba7b69532d0a18cc",749317469
"778ec765417db9ee48d697de",682021921
"77924a3c7880310a4822e5a7",368760676
"77a06084509952c6cfe8f501",473409582
"77a62d5e2c89da24f66a2118",849068497
"77a887ca508d924ad5203194",949052552
"77b5c9a5f534a5b80cc16d09",1047785938
"77bab76414ecb20888cef7a1",1119710645
"77bd7837b02bd8f2c290c9f8",415131823
"77c886207faa6965238b152c",364916619
"77c9e5e3a6d965ede708cda6",605072914
"77cd6b199ee485314bc74626",546644080
"77d6855eb6a30d268e49eb1a",520813136
"77deea164a3a622df41249f5",434019228
"77e5e0b64140fa00b0227a3b",534349903
"77fa49bcb52539888d481ab1",714146433
"77fbf1f0c35c1025ea4803e3",665723694
"7800f742ee14c4b4142f8b58",774235188
"780ae52ac9eae675f6fdb312",489492015
"780c809c52509bb4855a4efc",552075940
"7815163b8e4a54843d121dc1",817976847
"781989d4b732f961f91bc3e4",550713986
"78257e76c16db549022fbf2c",1027935494
"782a6028457ec55d4fd5189e",759572994
"782b0fb8641849c2c34291e6",446754830
"783161faf2e3501c38c0aaaa",473500790
"783ecf989538582ad008fd95",1241237774
"78410b0193dc989de2d24da3",970360468
"78419be95416d2991ade8be1",506864657
"7844b0b2bc65dced90a355c6",826741686
"7845cf57552577b059dd13ae",397923830
"784714647351cb6745c867b1",691709896
"784822ba0060eac9358cce22",347386610
"784b1db005d39c2f57666efb",596283241
"784f67fcb2d009d352740ed1",450093912
"784fa9e78f7cfeca4133e8ed",1150227904
"785dea91d94ab384bbd6ce3e",1008630399
"78682041182f01ee4db04e8e",1167281104
"788c49c17df556bce0abf6ce",695392685
"789e5d19fa507823cc4c5296",1190321824
"78a080fc98669c0cd9153904",1168504045
"78a08f21f7d7c51ff4d5b8ac",715583558
"78a39ae05ac53535ba0fad2c",738849427
"78a7eac41dd672cd1863e3b4",760077333
"78ab6cb1f62a7e781d4c4d0a",444111743
"78b0f0bd0494fba0293eb0c3",637434810
"78b57a58368ab056c11bb0dc",791737434
"78bb43910ad6ed105610d9dd",1019725957
"78beee9b7fab8600d420fd27",572548183
"78c17e6ceb87f7587364c873",503811172
"78d10967c36cbf346bd58f63",515394857
"78d727d0e61a7c8b1cf6fb1a",595183331
"78e85ca7c532a77700bfae6d",953765237
"78eb6f51d94a61a967da24f4",916588729
"78f670c0d7a26c0323281ffa",814783195
"78fbb49efe7dc0d8e144ad83",1242756253
"78fd849c9429091347d7e5c9",863614691
"79005399fa92d05558fd6f6f",868000793
"7902ada9116a1cf7458933cc",996746410
"7910ac9782a1a315f68799c4",710325032
"792ac070d1a314f585f09987",611638088
"7930bb0822caea5f6451bfa6",1246331161
"7930f32456e796e40fbf78ed",1136786145
"79382c56606e701e44d55033",1257791657
"793efc460dd25b67c644e92f",846954487
"7947f71467036449efb99972",1223771503
"795cd68f9a5ef45902712524",732013999
"79631cac54b1e71c1022da12",1648842034
"796935018bf2b241646a2dae",742116208
"796eb5ae3ca5b63c9fbb240a",851722088
"79733fdf8881b0d25412abcd",1087170962
"797da4e993a993ef80277108",935992333
"7988f76ba063d25a4f467730",731026152
"798bf22408ef6814759da1f5",784240677
"798d87a368f073efafead25b",607933708
"799301c01a3e7fc2af5a14a9",1139204141
"799862427c1f335eadedf4e8",409272276
"799afa0396b9f268f239db51",399587185
"799bc0f95ef9a23fc16bb1d4",1250352706
"799be2171dae4763df530e4d",543874567
"799cb909791d43a1eb305eaf",574826349
"79a0bffec81b17d606a606f5",1230233115
"79a675215fed2e293b27f43d",1254631291
"79ac12d8436c07b620190b9c",601713500
"79acb227b5ea365414982957",762839732
"79b5a037bea858706838a62d",575986407
"79b943894c4dd68bfd8cde7f",682349815
"79b955adf84fb2c52381921a",963540233
"79beab95c6857412ebbbdedd",983729477
"79c5085c14068e492e402a26",1102088350
"79d230806fbfe96368b83dbf",1695965869
"79e307acac5f42f2696b0436",1338462861
"79e643789a85dc4ffad49a25",853738890
"79e822115c5c1a4531366001",373728582
"79ea72e7b03cfd4fdb5219b3",633551232
"79f1a5bc0be914956d632658",1000933894
"79f989fd66108a2c38a9764e",869649659
"79fe5105ed7a7861d3c0187c",338830413
"7a0f351e8562fb7aafe6e714",538756614
"7a0f887a9426270ff3c24e36",864313393
"7a10ffd970cc822108ce7cf0",850149371
"7a134e45b9ebe710c6c6efe6",982252052
"7a13669d2d7ed2e50b80b4d8",416148154
"7a1bca1ed03e7cd0e277fb95",496146016
"7a1cb1f751cd36bdb6412ba2",825567741
"7a21a8d99a85171334695004",849348712
"7a26e5936765b409b7b73cf2",1259899785
"7a34bcd9f86f5036b526c3f4",900968098
"7a3ec914a15b47726567af96",530874600
"7a464b948b65544159cd0db0",828759403
"7a48bc2c3f4aad08dc7fd5a8",384430992
"7a564ce9a4ed3d2b8fbb1103",671248394
"7a608479334951a3afdc655a",1260866189
"7a80663cae7c191b5d025fa0",566525761
"7a82ce4b2dcd2b43485f5047",903421958
"7a832790d068e1e85182b5a5",487739000
"7a861f1e3af4dbbf55b2c301",502410146
"7a91cfb02df63e4396b15aeb",442291728
"7a9264f3a12de839a42c1783",599714132
"7a94d3d31471ae313659aeae",1188221327
"7a9c505db21b777203d34bf6",655711448
"7aa8d04246d3e84e5ac470bc",1170792976
"7ab96f83915bc84f8c03c1bd",391661203
"7abc8a11d3d6c905de3f567e",554965540
"7abf9cd6b26e2e2bb6d91e5c",1255871488
"7ac0428c4b7197ca14f3b86a",515321135
"7ac1b85bd87929705b7a86ca",1000534965
"7ac96f16bdc50ee7619f3548",872227815
"7acb92246dbaaec1cc7b423f",630800852
"7acdaa0cee1ee62e15f4490b",878730156
"7ad046b20064565644ebfaca",479437858
"7af0a604d1901925aa179436",1005601109
"7b0258f1aaee97661c34de64",657153804
"7b037e6e5d110999e51b79c9",1149135867
"7b08cade91e2be20656ee856",779098524
"7b0a2bd964c04d01387d78de",1032978805
"7b1377c8d81755bb9b501064",538226635
"7b30dbf2f6d835ea0c14b392",638050307
"7b31b5e53015f8116fedb0c6",1449823249
"7b32938ebf0b1b167a3d2d20",520487412
"7b346d5a5f5ec7165d1f8644",424365654
"7b35a3e9f3e67fa1974f5c25",978573787
"7b3621124731bcd2e543562c",783252562
"7b473504c85e9cb576f951e2",594733953
"7b4ca3a8d09968e48c185260",1020987079
"7b4fcc72822460a428c19282",784047740
"7b50b071f4d795c9b5ad7531",904075264
"7b5582907bf47bb9e873a513",621809386
"7b5db1e4f4f47b4bf7c827ee",477977872
"7b6322fd5810990820167a23",494235293
"7b63445c5e1ce95bd12c31ee",847250163
"7b71229680a50bc26677a427",779962376
"7b7c0544ece4aa383fd5b4ce",726454582
"7b81996f3abd287b50adf8da",776740825
"7b8a4d701066372dfbdffbec",643680431
"7b8a6949d55b5bb27c3c6839",822940697
"7b95396ef4d0e97de8fb4986",903583948
"7b9e6b7eb3a5db0443193fbd",646233005
"7ba0c14dce0cb09ef5735d9f",575348470
"7ba618fdb1fe8694eaecb64f",569308537
"7baa3608aad1fbf357d789a6",739695457
"7baf3723bac87b0b393ba52c",843337192
"7bb1bc81e6eb3b4390440165",822893609
"7bba885503ea7716ffea503c",485095797
"7bbf8e16cc32dec423afa6b3",679998199
"7bc034984b19479f29886cc9",930873747
"7bc0c9e2760e4b1488522768",1625640096
"7bc57b136bcec053cbd073f3",1105243857
"7bc9022fa1eadbd9ab39acd9",635659771
"7bcd1fe7a140b6eeb4df2aae",728476213
"7bcfd82ced5d6f1ae390d388",551383500
"7bd9cefba3f5dab498ef926c",1355871097
"7bdb94165857bcd37206cf18",609524357
"7bdd64032a4f011bd4fe7df6",478969886
"7be186f4eeff5c0efd58e424",705242341
"7be46b6dd9891ab771fc4be4",481677085
"7be8abb5d23794ac47ceda32",663962322
"7bef2da7f3c160e94fe91ead",412630174
"7bf4beee26ba81ad0b884f9f",453910520
"7bf592c5c34bfe6a5df3dd40",789168368
"7bfbcfd0fb8f5b6d553c2d0d",922559147
"7c06a2f06cb4226f9043578c",828914329
"7c07ba1982289ca3abcbece3",723714884
"7c1dc421f5a689aea5babe4c",747915299
"7c29fc3861c9f074e3a89449",959059085
"7c316b981173919b6cae5516",584612911
"7c3ea8523ece273991a190da",766684773
"7c3f7b513bb20c918a51dec6",662943646
"7c463a59e7d2f2b4bbd07e12",634148464
"7c50c93bc9e8846345892c12",1157188138
"7c581e2b9daf20131803eed3",682874512
"7c5c0f2d9a0e355069fe1c64",1214116033
"7c5ce0e65cb26773edc9ddef",1212530786
"7c6319c04025c4ed6aa3f051",552144389
"7c6880b05c212c66b8961b71",628076787
"7c69d43fe2488db51e6c8da3",440790976
"7c7a3f51a58dfd1588d7c088",394392126
"7c972ecb7b90537b1da0deba",497752630
"7c979648ab3729b2c0cd2106",821924202
"7caa4bad394586a46dfad854",864257344
"7cad62cfb4fc3ad9acb09f1f",534320348
"7cb64b94877a9361f20027cd",479104199
"7cbc8fca4f84908ed4e7192a",1097590722
"7cc8772ebde8902f55e14b44",617428363
"7cc9cdd32c209a62908a18ad",577849355
"7ccaf332cf87e07b38b340d9",1083889247
"7cd0c7174b957df1f004fc88",1147545720
"7cd39eb8de56700519d8f287",741195306
"7cdcecc706fc7c79cce45b20",973469255
"7ce704ef5752dd496a61d857",1101331866
"7cf15f80838e8edf4f9cdead",1385348022
"7cf183ed411cf82df26640e9",731702711
"7cf50019422bc9569a985736",939241785
"7cf573f273b14a6cfafa3ec8",541277020
"7cf74cbec871e465ec2f6a61",1045919012
"7cfa0c98191ef9b7c45f0520",359414007
"7cfc3061c0b2f3bd48375ab9",731993056
"7cfe5c3f5cb1bf095eb2c503",896784797
"7d02b3479cb2d89d55bd4fe7",838427802
"7d0a4771afb00cf9a38ccb81",1421019309
"7d132190218425df1857b8b8",1068828744
"7d133cde943d189c9abbb6e4",569552911
"7d157359b413e107f5f9cfd6",560788054
"7d25023ecf668945c87e0666",555699575
"7d2e3464d5f2f79ac29e6c0c",465665747
"7d3220a91e78f8bc2924d1cd",1105423059
"7d383abbb6ac49c6599ffb0c",1005886937
"7d3e4ead63a869bae978027e",974522599
"7d4097722aad95158c51d24a",490521960
"7d4ba999100c8e694fd820cf",1070295524
"7d4ffe0038b3ebc149d8f4cd",880061944
"7d50144c4b2ead9b7b9f594c",1104923475
"7d503f126b5863fa0626d4bb",863174997
"7d5459e48101349c75d43aec",712837269
"7d58eba13f418d890ef563da",740867396
"7d66238672def6f73c25247a",634702676
"7d73a548c2a29ef2d9655e1d",544830813
"7d8e345c9b16d0fd69f848ea",1183981764
"7d9a9c3b4442efdb53c24448",691634698
"7da10de45c866c7d066d2586",547160431
"7daa9115f755a6c70411b9cc",1119977636
"7dab6cd1002a8521e5825bcc",687464176
"7dabee85f750266dce02399e",661977036
"7db1c8214f229d865da455cc",772745120
"7db5291ce4602d9b2b266872",470573795
"7dc4f9de14c2924b229ca0a3",1014875100
"7dc609a3c7a3ab1f9a3146e6",634252493
"7dc68d5cac1b7fcdab35586e",536020927
"7dcbeb0aef2e2cac0d73315a",335833431
"7dcd1597e11f83093cbfd7a5",1277408935
"7dcd1916c0485e0b80f9eeb4",1006670021
"7dd1e46dcbddc6bf5ef694de",510575092
"7dd96ddad0fa88f5c5978e39",748377639
"7dd9760286606c45e6a15926",844050075
"7de63633c7666484bd098e2b",598442362
"7de7a2a651273df62aa6a21c",1090356544
"7df538c0c831520e6d36e39f",403754107
"7e1153d411af129357ae5c10",479408597
"7e177acdec9c0fe684d8fe44",476870566
"7e299fd8c2d53ff1cf95aee3",1037217607
"7e3937cfe43dc906983fd321",1074744850
"7e41d90a838048eda035fb27",800155482
"7e4b240c601e37977faffeb0",866740157
"7e5064603267b61520d8f83b",501829769
"7e554b821e6955ab259a25f3",418097367
"7e647c5e0a7d95ce87cfc8fd",1068975535
"7e64ab35f5e336d5bd2e1b51",639345273
"7e6d8c4742b38854d819696b",1064156256
"7e6f68184d84e09cc9ebc09f",753617389
"7e73516d57a251061b3916e0",1328322992
"7e74469fe0b030254756296d",1213840491
"7e844f8a24422ec3b833b4a8",411760636
"7e86148f53beefced6e0f3e4",687091887
"7e86f11cd63ff6c8a3c12fe2",779068805
"7e8dfae9a5f1faf8afa706f7",434970614
"7ea01fd99b389d08ca50c0a6",840669638
"7ea2c18341f69f21b523906c",875892177
"7ea4af39a7e577ffbd600f0d",799517795
"7ea8da3b1481993b14bed9d4",502903898
"7ead45d1f505649429904307",713147332
"7eb78d4dea434674a230caa6",749400368
"7eb991f4c69215377e4dac8f",892442171
"7ec025b9b6e6f33bf65af41b",416805890
"7ed35835fbe694bc237abe38",908486627
"7ee7fba3a30e0e7c2ed3043c",652395579
"7ee83e5d70855ed21455b6d5",1289378980
"7ef2d4777310765d0c8121af",892806515
"7ef3f8bfd0368696369ac957",445968167
"7f02f056d5eb4aff92b44659",481066520
"7f0b4b5851c77d78805320c5",427675233
"7f0d874df9235245f47b04c3",1261751507
"7f0f27f6d30c743acb3e867f",869402544
"7f0f5931fe148f6187ebf512",556112034
"7f134c92e20aa9c6f084edc1",685851941
"7f1a4e79fa92196101baa7eb",1481303158
"7f25471be85adf0baeb8ebbc",585789367
"7f2a2959f5ae816761be658c",1414208239
"7f2e3f2eb5abf86b56897250",819952841
"7f2e9d302a6ed1770db9f7cf",875287617
"7f3e02524981fc7e40eccfdc",392729422
"7f45d3809b08bb32a45139f8",672977749
"7f4cdc01f9086bcee46d1d6c",1087370047
"7f4e6f790de012946197e0df",760473213
"7f5280804c59f56fba3d6201",455028733
"7f5e87fbb4952caa0cb658e2",874716841
"7f7141f5e1a7964ac6dc688e",1088839426
"7f73a8e83d41ea252ad61197",539962304
"7f78955c480d050f2c8ae3c9",835879401
"7f7f5313341b3ca499968716",670494718
"7f85c59323701ee0e75abb92",643236149
"7f8f506137780f4cf12e73b6",586190616
"7f9875a5336a32d73df2402c",995632963
"7f9bdd2157f6c3d488c77ddf",817116088
"7fa11c05ed1c123c1a457b1f",659403778
"7fb856eba0ae98a40eac3efd",1166980577
"7fcbcd9e274b75a157cf5d5e",742781779
"7fdbc3fed9c9607e6d01e958",819505677
"7fe1adc0a5873cbba4b021d1",1110556310
"7fe25ebd70b89f4602bee6a2",892326429
"7fe364ae771a7689d2fa5584",1263834935
"7fe6ac57e87b8126ac4f8530",1085496772
"7ff62b2f8a28d60f6c4237c6",1010976323
"7ff6f389e364e67c4238df8a",499485424
"7ff8b0b5ab4fd12f3be399ce",694977660
"8002e2cd1b70ddcae88ebc4b",1092771655
"80035ad5b3b4a948469800bb",851808192
"8015080cf97316a08453a9fb",878475434
"8018df1613094a9e4606c875",1212472969
"801d821fd6ab7ee01b62a800",627284237
"80255211d99c72e343b32798",1353530097
"8026e480ba395cfe1e09cec6",404109279
"80279a7533c44bbae477ea4b",705172397
"802fe3175a2059f12d7edb99",996959361
"803711fede531ad1621a6823",841673997
"8037e40c0c8b20ab6e0d4b78",436396609
"804289a128775f7d1652cb43",563498579
"8059e45ca26bfefbb18d8e40",1327530219
"805a27aeafb3ca91cac56d14",799531520
"805a491334f865f06ff42329",742056760
"8062b4109c12a95dd62bd43e",786231144
"806907598158861a6958388c",489693721
"806f9ab2a016e774689ce2b9",394993627
"807687fdb46614d9aa139b20",830232373
"807c04729620ec60ef18598d",438980384
"807d7f5155bd299afbb6491f",640325245
"808dd470aed6064f02aa5103",454332344
"809082a38e6fc3faa66845b9",707257549
"8095589d5e1a55a76281e13b",1215963084
"809800b56b7b29399986115f",471572928
"80a1dc97797c41b61f46ec6a",625089012
"80ab8d9f157c25b40f102854",853196813
"80abc4c356813c1e4ead1e1e",449266235
"80aef024b0ecebb01913504d",381040117
"80b37d5ebdb325edef39258f",950693988
"80b6c823bad5b4c0fff46657",1015463729
"80bbc51dd90d131d091521a0",378369893
"80d2415c0460088d69574285",1195185761
"80d95b058cb11ec829b5ec96",574099900
"80de6a9303eedbfd1c69601f",1257141684
"80ded3bf4f2973a5ceb1ffb7",495721299
"80e7c6b194b3229e3e2b9aae",675307662
"80e88d50c151d5534a57f61c",1095465797
"80ed77aff62d4c57ede6ba94",616459916
"80f633154b6f94b8fa24f213",565072112
"8100a4b0288d5d9d9dc86d2f",460392468
"812646c7de863919cae5edff",969796133
"812ad0d57e4291da184bfae5",425226122
"812c9b5407424f956d308b06",1182916342
"8130ab67c5e0d96a9a67fb12",845556673
"813d9415d9abca46ad4d92f0",1337260978
"81406ce289219cdab015549d",1245520803
"814694a725a50c306d774342",976679278
"8147da5e5f53a163443e8506",906707053
"814d93fc94b4de6d3a860bcb",558533564
"81516aa72c98ded9223db098",1342525597
"81519727c7ad9f60d2c5f224",987975333
"8153b36347669087e363801f",648815500
"81547b223494084af3e15bf3",681742295
"815cfcc4d26738f74cbb67ae",647097629
"81600c1e6b6e3ae770e40b28",1221567710
"8164023f628f550f322aad61",699930301
"816f93a2e035e4fcf61ee4c9",1292538120
"81716dd4aedf72a6a14392e4",418220991
"817422f4c278ff27a22b05d7",467517737
"817915cc3582112fb5541a49",948401113
"817da44fa842fe304b93c199",396077734
"818ee3b0c3862d4aae6e7776",372380206
"819265a930d32a97533d132d",1151619669
"819d2a7c3330480b7217577d",1166746888
"81b14dbf863114fdddb38579",596607465
"81b3256980dd7d7f49030c78",1239406702
"81ba4b47e9222c15c4102992",485095797
"81c890b0d7cf787a091d4081",1061848943
"81ccb7e0255eee6274f5d930",1111571401
"81df59c6d8be19568d16ea3e",375497725
"81e1f8b1c0e3b15f2ebfd84a",444145627
"81e7c8c1894e0c3a9315ff27",420455696
"81eea19e7c12d65d21e23648",986427559
"81f5c32a2c2d3b32329a645b",489346390
"81f6d6790aca5e9270c3d1a1",381447329
"81fc8d666c8735e1095d0d4a",1131803623
"8207612808b5947f2802d2a6",678003760
"8209afd76e36d8b5c4f7a991",410188192
"821eabfeef3dcc622fbcbfc4",446117050
"822896f609e7761b58e7f6e7",672977749
"822ba8fd3c7392bda84461a4",544503569
"823124264778e5ed64d8664d",628308036
"8236c798dbffb3db51d5d744",393154376
"823c9c7abf2d00140766a2bb",1263126425
"823ed628bddea9b56792d108",823678756
"82433a009defc21498037127",978040119
"8248697f70c21fa361840755",1301582832
"824894236c20b081af2c9868",815742624
"824cad597aae34d7d59ac939",495629593
"825012911321d636425cd0bb",1504409326
"825f57ad0527d4abf41cffc9",1007620905
"8267eeb41ed1e68144301a3f",765762595
"82780776619be0eade3d72ef",511342083
"82902f2082dd405ab538ff58",587476687
"829bde7f8716daf76f65ffab",857971732
"82a3742862a06803242b703d",791471697
"82a7920524816f3db7f5a4ca",704287936
"82abb1fb693f34877bf1327e",1485419768
"82ad4b3d5a215f17e745d77e",869613168
"82ad984f02ccda30bd60da8c",830992821
"82af190e32398942775056d5",1354165333
"82b15a5da307865c7045dd56",865423577
"82b69c38d041325a4bb2fbce",350904755
"82b90288bffe8c1c0b5a1259",473191117
"82bdf442e186baa829e06da1",637163741
"82bef17c2a4db1f6dc6eaf01",763037638
"82c9556e19072558cbe3a7ff",401953022
"82c9ce0d018c1d620b7a6689",541730435
"82d22ca21e31222068e1ecba",1136877215
"82d6244acae149ed9ed88e8e",495028722
"82e1ae440b386c7da3a580be",927692173
"82f08aadf1eeaf2058b50592",783404959
"82f34c2a6644c4cb0649c44b",1046102562
"82ff2a63a863c089ea90bb5d",1061526967
"83007c444fa52b34482ed55e",854631708
"8302e2afc48d6eda16784da6",862342333
"830b1a2d33f7754b9acfdd82",666377946
"831629494c6d15d5ff6a00a1",697228128
"831693b6fb81df1359e45db7",639578231
"831725656d9df81b63c0ae38",631997924
"83196bef0e5dc6c981bc57a9",1038864889
"8333d32b98625a2742cfabd6",876624219
"83349bba5fbddbfa2db5078a",718052759
"8334a4cc7db8ed5c0071fe95",570023488
"833bd3c8ef9d4da2f304a94a",754814264
"833ded72a8cc9c0d606a7a74",776561582
"834263730047f308d71d4d8c",658198734
"8346d64ed6211083fd420ede",568200943
"834fe4a1e9e4efeefb5aba08",561868338
"8356123e4d10a479a12e98bb",568263805
"835842cdc8ea0a2206c2b46e",1157642903
"835eff7679889fcff6795d8a",685400775
"8364aa431b2e267e41efabc2",573478271
"83727953ecffc17bed632d94",384870456
"837cb6389640f3919bc73e9b",998546515
"83852e78afcc4127481adccc",554005242
"8398ba3b03595704b5897704",596579018
"8398e3b96d1311c7264f6603",1086186441
"83a376df2024c4c9fbf2a0ca",461428067
"83a8d9df3a535fd273b27c15",1108514110
"83ad1ce7ef6d70842ec986f2",645069255
"83c1d0e2b8826844416abd9b",621317387
"83ca3a41ca4b5337107c197e",596439074
"83ce7c2d2823f888f2e06ea8",1088370172
"83d969bfc020aea27d2b829b",726097185
"83da19e7fbbca11083090574",398718515
"83da39bc1a2eeb75e2825c22",600366489
"83da5fb4c15e3daf727a3cc6",859537607
"83e91710343450cb0812a6e4",1059063742
"83e9507b9ca2987a21d1b195",666828037
"83f402857435d4fadb27fa36",978361032
"84114798ccd01ae3dc97cb27",437349035
"841482deb90d19ecb1ec8a06",691323440
"841c57617a075690ce412083",505491776
"841fed959f036a03697868e8",461665756
"8420bb74fadc0c8853cda025",410738568
"842c9f0e4edf1e5a672ce15e",768717184
"843234d3c6c20bb60a17fbee",1026092194
"8437a42a8e7ebca46eb088cd",473687775
"84394774ab45e0c8b733bed2",491976157
"8445e5cf42307960535a3b11",611601924
"8447ca83d928dc34c2e7f9fa",486626715
"844dc89fe6588acccf0c7536",425100427
"844e127aa7802cdf75db074c",469815978
"8467eedcf9a48fee0d72d95f",1291729748
"846b75324c0f3cbb027387c3",1023555000
"846e6f1ba1c94966314345d8",702003969
"847a7fbd4425fd2fbc4b3edf",1407848653
"848067a69d18a171e7fa34f2",393218121
"84856812b63dfd9630fa49e7",1064066952
"8497f34947cb4c0ff18a0eaa",609716212
"849c918d78991c57f32f2031",563116084
"84a074517742e09a7eb6f320",740808048
"84a2673eccd3cf3bd7fd3eb0",1023028021
"84a7286c91f1ca3ecacdaaa2",1281445211
"84aa7d1c2590f37f0fd6dca1",737077318
"84ab3ece52fe00ee50f057aa",1043983726
"84b05da6a859ff5384f37ee7",472982676
"84b758716f47bb0f4e4a2bed",504243782
"84c2ab0573d3cbffa0be90f4",837692505
"84c7006b5a63add890a224e8",627397910
"84cfb0342a0bf2c6777de39d",629271090
"84d8504f0e860b0760c3592d",730911827
"84d8f7109615519f2ab0a48c",1062418210
"84e4f6c6b5dec0da7f7ca0fa",537761792
"84eb4861db0816bc8722f379",640303262
"84ec2d5245cfa146dab05065",825485864
"84f47e531a916b7f7dc1f1b3",805275324
"84fb7e582456d7409f27cd2a",1100023955
"850342685ececa472945f7ed",787186980
"851f50292e30b0a464c0804d",483389873
"8520fdd4f5fec0ba861ca9ac",392344588
"852a11f12646f0a1121824c2",407222820
"8532c64eaed74b64b4d4707c",606720879
"8538a41c0e0fdcb3829364e8",681501778
"853a14b680761098d4bf6136",777904686
"853febf898a1dba351d6f917",610504032
"8541eec88f0dd8229b4fb041",605104075
"8544bc14286a51e60ffee7b0",1646412805
"854e27be18fb8f24fd433eb7",745903741
"85524880fdc4e4daf90e96fd",527172475
"8553a05c2b30be81c64a6295",1138476466
"855ce1721230ba103fc0ae84",406815248
"855dcebac302ec5760f67121",647948580
"855f4b67d2bd6d18fd03d8e7",820617783
"8561bc940a91f029147430f1",1141964839
"856559e93205dd1561d8ada3",790709710
"8567e677b30c410df80004c9",782640288
"8570a1d8156dbcc267d3b495",1048887687
"85734fd69714897264ce2214",1012323162
"857761b5fc5c7d101cb765b6",624085933
"857870b1412b84f0f19ed751",493577740
"857c5dae475eadef41c25603",949889221
"85815a09bde2a30e296f65bf",414947375
"858288683063dea9d5c57420",470519945
"859025f2f41efa521a74a00c",494547418
"85956152686438c48c52e018",767132379
"8595b5517cb3f1ff8094d67c",876157847
"85a856b4d0dfb1fae861f513",825211948
"85a86e01443aba593f95dae4",659972510
"85abc5c0353c5b678f087824",780312055
"85b633e09a41cf22a10f28c8",663273754
"85b8a65f1b00f78e67622bfb",785492180
"85bb6775065df76bda33f738",774168738
"85c24df2d836cc8addd9b7b0",920546556
"85c7e8ac008493b34e8e0176",600715849
"85ceb648cee9f6f3d221254c",786801205
"85cf1ee98e1a85ff4619e27c",848461413
"85d58cf85a179e167428ffa5",1096084445
"85d731901b48348f57932240",779187690
"85de01c0aa787152c77c6180",432752850
"85e15a0a63ffe482c68ec474",1430460974
"85e332a999931ecd0e04475d",442080877
"85e4ee2583c51592d68ef5d9",367289386
"860435300909449c0443c10e",1071147137
"86137b9624049333f7e0315a",1081372069
"8616b310e335f539ab1109dc",748510401
"861aa922b483f9bf7884dac5",411383831
"86242b25bcb2dd775d25191a",566618697
"8627562772d9d63bac507fcd",973016315
"86276ef138e0babab9863276",478740637
"8632f5681d04d9c934675409",1341575927
"8635edb61b1dda6f4742cac7",1473950100
"863e5cf88a808b8ca96907ff",1428737672
"863f8f2aeda01a9fea1cb3e0",1025696933
"8654295684292e74d0245238",532514441
"865459f5342a0102d255fa07",415145284
"865ed399cc344e0638e45128",1064383609
"866f2a55f42cf30c4105631b",681687683
"86792949f2e6a347208cbffd",551687519
"8694b149f7c0deadf820f0e4",760460159
"8697b1d337145af0ef8e4619",1365322532
"86a47522586da2884181f128",641508579
"86af11931b004aad3fd27b88",749804988
"86b0aa633bb16582bab5640f",788011702
"86b0c9c1277e9143ee765b43",577717111
"86b290218a62d0c51b099a08",976379403
"86b2d3ad1dacb372734f810e",482985287
"86b89233e0176e034ae3cb7b",908639126
"86ce27f9ca03821d13030f18",886763060
"86d46a3fd9d7bbcac3319829",870610592
"86d80d3757377df6f2b8a0b3",1153822706
"86db204f7ef6e0e0e6687246",825507907
"86dd7931177df94a649a4d62",638851585
"86e80098f5a3e7dbd635838d",588415314
"86e81141e429bd81d7f0e73d",711118055
"86e98ed0bd2565b661b81ef4",1109015318
"86ee57ce617b2be312a9efd6",1032533624
"86ee80cbe81724e6919bdb73",483982155
"86f15ce6ea8e97837e6b9383",1017643077
"86f1d6fc54152004e69027a0",912900361
"86ff8f274b698e7757ced1af",840340995
"8700c9b62ff5a5c3394b0bd8",503969753
"871204bd1b3505acfa632954",949959883
"87199c236bf22903d1aafdd0",457652112
"871befe27fa79fc1e1813b19",1162603903
"87332a7e03cb851342667b98",1111355166
"8736dfe0f1c6e2181b0ee31e",1053045138
"874102a58234cc7888902d42",870620555
"8745eefb9e2761ff7eef558f",1054136331
"874e2c6f3e9f90db80d243d0",572340731
"874e3e3ec6f67c160807628d",871630771
"874ee4f1b9c6dfd3d2358834",1449784536
"874f4a836cb74be301e068cd",935046622
"875126e5776dabde40e29b09",937418059
"876ebdaa0bc953890e323843",517302523
"8780134f8b40f0fec4d1b661",1106990731
"878ff8ef3c862929bbb19ebc",1134901334
"879d9e3b4ef9063de41ddaed",493631405
"87aa28825a5b8ffbac5f2e2f",719845029
"87b940bd3dae37b9fdac5d4f",510539061
"87bd6ee6f17d2bd5b61b0ddf",1468677053
"87c73db5d50e8ec3a22e6ccc",669637147
"87ca8a2b3251a38d45730f5c",695358201
"87ddb3a17b601cf7c61e8c07",647134657
"87e1b1170c163689d60bcd09",698629875
"87e74ed42a2c8c97f7bdd239",1129472424
"87ee5c7c49ced4ec99f44d5f",614891042
"87f1e9ca16a7ea48de04fa73",1182905061
"880bd21afee7038459b5847e",752112487
"8816e8101ddc4e704053e23c",988259921
"8826b9e008064cea38855d35",464006911
"882907ccf178b23a02ce262e",568008067
"882e8e77fa1a71288f6b61cf",1677390617
"882eb7115cd5b8b09fca0e47",631717119
"8831ae77efac99a6c58ce05d",1227598493
"883371e374936fdd74d09fe8",684453638
"883ee78c03efdb4bdc57796b",589323966
"883f095dd3f7e972d7dd3c2b",656464784
"885a312d9a5bfa8a8db5279a",569574638
"885c77c839d705ca7d04d383",628691642
"88622b66e6c47cc62c3824c1",1211384219
"88668347361a227b6dbba15e",1340563003
"886706f32695891af743f986",702291906
"886be9a1881866ab1f300533",547660556
"8876b38f90f5571639b7d879",1009764160
"887761f34ce0996bb05ac48a",1304587725
"8877941794810464749ba5d5",822648797
"887ba6b287a8b3ccdd5691b5",824198936
"887d749eeaaae288b2818b86",745809849
"888bc3c4ceaa108e048ad28d",778231176
"8890eca19a9e1cdc9e0f0541",1218993495
"88964e1202647db0519a8a00",712360199
"889bd77c8271961a6e4925ea",819333756
"88a4da0d72977b0c56b31061",663177613
"88a83e58eaf136a82ab1fe37",507023232
"88ab887e18e38d0b8315286e",732311451
"88ae3f4a8ef76675c66e925f",1210938369
"88aed38ca59c09e1a6202672",697245416
"88b02e7b20ce6db956afcdd2",1322710346
"88b0d688281db2ef0a782921",1030672250
"88b98c026b7650192034535f",1119413825
"88c4b21ecffe12cb6c408a6c",749414662
"88da5851280dbe750968c565",538416586
"88ea2d2d7cb6d641df3ad76d",1060875213
"88ed5ebb575d026f8d440c60",611655587
"88f36882dae9a0487383b769",618668496
"88f3f39ea06fb882c69bbd10",629879906
"88f632cc304cd769e2d4be27",398802939
"88fce3ad9b8a965dc11336cf",478067224
"88ff73eb829a6ec5bfcc0222",1126873028
"88ffa9f0bc3f6c9f2e589a75",1713298548
"89016540f8b3fb727d863bec",1087170962
"890df90091e14d1c3a1b30e8",378695512
"89131a0af2db172538723b08",922003268
"8919ca18fff7571002e440ec",1059296068
"8923182b6dcc9f2d8be1ab53",611869120
"8925028d6e7a6cfce9967779",487683186
"8925e22f8511be30d50545cd",857474395
"8930f231a5b9d8db14e9c656",952169348
"893c1b081e383de73b9f2e16",1410038840
"893caa7433c200e0d43e9f27",898020615
"89498fdf642e770ea75be7d8",1264519723
"894f346e0ad39c57fc0f369f",1033173878
"89575a90c7b9b960c8f4e052",1040298485
"8964dbb5b0cbfe509613a63f",747859666
"89690c80b7adcb8a8afe531a",718810534
"8978ec4c5b2f02fbc1f57820",1229449639
"897c0578bdc8d59843bcbe38",452185737
"898d1eb301c92ab6603e0b81",782106060
"898ed7299f0c7b8a99e4877b",626637291
"89952b237fda041b09f0efa1",1157188138
"8997555e7bea06f7b90ce821",803599822
"89a03e25c43a555b47c53864",870074396
"89a066b7d6a31dd066fa0d32",810044664
"89b0592a715c9e135967f947",766238891
"89ca905d858c7731313c82e1",945237155
"89d36acc5f617a6a97e02f23",664355024
"89e1d01cb5bfdf567faca443",733527653
"89e2d612654b3c792311faf7",739213101
"89eed91bf5148b5645408222",1147530399
"89f8ccb0c1e2136adf87a10e",867287531
"8a0053376ffdc75d0bdde77a",1178709197
"8a0114372706f30bf6867a2e",959831343
"8a0d2f8860a90322d6c3b61f",583046124
"8a100bd7f5da66664a2680e8",470102818
"8a1105028a1a1b83c5080abb",377514224
"8a1b0f59f86e33a7aa7c2c23",996077433
"8a1d1f70adbdeb233ed3ec3a",866125394
"8a1d93bbc83f4728657317d1",822589174
"8a1ea9d91b3d8a66c6341243",1058040095
"8a20478528e97700dcc84abb",424584252
"8a222af682e2d7796643ccf7",593184164
"8a3b7f5a8da339fe19e8f138",966699076
"8a41638edfc5183469b6c43f",629809027
"8a44e15417d8e520a99454b2",559198718
"8a451ef547efb90a8fcfa6c8",1136010178
"8a4b7e86a90a296e10a49ea3",424094587
"8a514fffdec277cd46c7cc71",595873946
"8a5866428508658b4a2a4cb4",618142432
"8a69b9d7461107db6d16d1a9",593002035
"8a6cb559a488d6ce1b641585",710837346
"8a6d013451e46411d35c2b6a",846537806
"8a724286cf661794084aa87a",923754718
"8a7ddcd0c452e7993bc5087b",403718684
"8a84a073b855e37a12327357",914099106
"8a8c202c069c20696c2de85a",719382478
"8a8c8f5aa68c4e530d62776d",890903010
"8a8dff62516671aee2250cb0",784200291
"8a8e4996e24142eb413c0d12",1375681865
"8a9663cb622a55f2a1a8e3b4",1457086517
"8a975117ab302b77ac057823",611680087
"8a9e6d0839f9fabad2fc3214",892154546
"8aa21f48a83be25f924f85c7",891918048
"8aa5ae4637ba83e672cd3ab9",809605992
"8aa5d44a72b2a6851d14ef86",905412652
"8aa76df8fea21a42fb6229ff",672935391
"8aa9e1e89993aa49c5c3eced",980030726
"8aac8946e7ae5725971c5557",609308156
"8aad5795547ade3c804c0ef0",718311655
"8aaeae6bcfcee5ad928ce28d",1240833002
"8ab41842b8e41b89d8670ecb",416268026
"8ab5eda5b66a6c2becffad29",901308417
"8abe99f2b71b13dfe7d71616",1603841084
"8acebaa9fd7e917d7e3b391b",611541267
"8ad016d414e2d2be053d7612",680186289
"8ae41ff6a828f175a9f628b2",785321403
"8ae869c5033c248f881ac313",905462735
"8af2e264b801b3e155e52be8",1276605155
"8af6bb75c85a2789156b3696",391394602
"8b083d7ac086f52fd2942a82",791314713
"8b0e1911b8ab8028409dc9fe",1197300853
"8b13054b3318289aac1f13db",440191935
"8b1acd29eb268fd684036180",751543189
"8b2d8edfa6788ddc0c7b3eba",779196607
"8b3350aaa66b9fa1c682c15d",888073144
"8b353ba6823f4f800635f0cb",1010586885
"8b36b7364e4a4c80a6e50bed",613461875
"8b450ea6c21fe0b5157529a4",875464599
"8b45db8a4f2c0f772c8d44cf",401706232
"8b47b76193159a21c3580a3f",1247696414
"8b4c54125d9165554e4123a3",1233783766
"8b5369b126b75c497b1a7b73",613980442
"8b554961129384797391d1ae",969383729
"8b5b351e07a26c25cf51e176",416288670
"8b63358f3cdf8df0eb1f43e2",674383477
"8b674605311d296990ec72e7",373113203
"8b69bb9fd7f0f19a248f5cf3",496647821
"8b6efcdb553f6e936bd90f3e",814470885
"8b716bc4d6d833f9bff3e729",753552708
"8b716c3dca89b7caa7db1aad",558427042
"8b753628bd37b9759dad06ea",425680555
"8b788f742021f2438ffbf528",377411990
"8b801b4cc1d254d0277fba5f",671117815
"8b871cc48b99bd4190877bd3",697228128
"8b89813a4ae5f9209f854be1",1053173691
"8b8ec04a78d3826b2c8a5754",721652784
"8b91a957eca1985938860c28",760960733
"8ba2d7afde20563e38892304",786231144
"8ba4e8e071e458a13efd179a",689147235
"8ba9304ea7b8d2b071bb0699",637387395
"8baa01b8c6d29c82a6108cb8",560411675
"8bad8a7faae115ac9007b13a",697640505
"8bb1a2ecc997779d1addf12c",396293854
"8bc002e1f02beb4d83a6f6ae",1037332356
"8bcc1b035ea93a5192256b37",713676654
"8bce0097d22b34a804b502bb",489248398
"8bcebf3cdc54d4ec99ba0d88",547341008
"8bd2490f83568ba653cb74f6",851696096
"8bd45966c16d4eafb49ee2a2",996746410
"8bd8a7e19b6d3b8bcabb84d9",445148926
"8bdebb8914fbcaad625b1764",389717775
"8be43cd8653accbb8fe8a270",561865123
"8be5fca8f4339712c6f3e29e",555994309
"8bed46960db1b2a7954ffbcb",1158203878
"8bf61f106e60d6be03799de7",906197022
"8c0154eb5be437746213aec8",1129472424
"8c02948b66db263420c20d3d",885125639
"8c04aa7506b8c80c1bac23f5",1262521854
"8c05c66be6008af7f6dcc10b",964965586
"8c107da7487ed0cd409f4daa",925544802
"8c1695c9a31de0f956e4ccdc",641348310
"8c18d3417886c150136a03ba",438227470
"8c2423c14aefa13d255fa77b",536037286
"8c258d10ce32150f5fe5b712",1073050908
"8c32b6b31d1a1d5736c4df61",1293329730
"8c3373f9c0372b87ef021512",1141679541
"8c3a02c9ca043cf0f322ba84",590924530
"8c3aa295f7bcfd9a43eb2037",1139754007
"8c40078231bf7af2f3a06457",446540148
"8c41bfacbc1a6ab831b26fa8",974767986
"8c44d216517f5c59e2611aac",420649011
"8c45ac143f5cc43e9249c17b",862717426
"8c47395a28f8177923d7b75b",384561532
"8c4cc779f5034e9c10b2e698",384723668
"8c51f1b43f15b70d2a294918",386047518
"8c5aa3c826f325a9a6c6f524",1045919012
"8c714badfcdef8ccc73df9cb",1551625683
"8c787c1e6161b18601e6d7de",493577740
"8c801a266256e3fbabe7e3d2",696865171
"8c9849cf3d20991e5126420b",1102056820
"8c9b472c55d4b99e44041de5",686714560
"8c9bf9031bd378c1105e3f3e",785210568
"8caab74ced535ec5e75acdfd",645690892
"8cab957b322f1aba06bae4ad",687914077
"8ccd326e4f515bf7e817a14a",747366285
"8cd0345dfac13ab380240b0d",622640145
"8cd3031963c612efd0049f8d",815204458
"8cd46b5c9cbd056d3712f155",766230122
"8cdd55d191f206b0841e56eb",749659128
"8cdfda9067e0934a8ebe0894",1033962428
"8ce2d6e505ad1da079f34a8d",1018573240
"8cef9b18f20e9c5a32e7ccc9",1203445940
"8cfa1121fc87d9483ec63611",991999190
"8d01d6561223272181235c69",994501791
"8d041784b65d33c76e5245a4",1056449050
"8d06037db08d0754bb67da4f",999253363
"8d06af8e439c45e0e125de91",694409225
"8d0ae601094562744c8dba4f",509343691
"8d114cef336100a8d8c81ce1",767864322
"8d15b4bb1447eba7a680ef47",394474882
"8d16b1bdea35630a3b09b192",867947816
"8d1b3071f5396359c0b6cc62",1106081084
"8d1f7b0cfde7e496e7bfe972",845132620
"8d252e9b0912f09703110b81",581988391
"8d27746cd9d2532fe9cfc408",433661755
"8d2e85825e95f6941445cace",1039292976
"8d2f9968ec8aece8d1a20137",780460902
"8d3f4ec0c37443eb3f953584",928855419
"8d48f73816b248d1166a09db",752452550
"8d5192b6208902ddf4804839",968818115
"8d54b9bd24cd9da341cc942a",1080848307
"8d5a73b1d27a66b3f72fa662",1156358543
"8d5e662ba25a71727f1eac77",1326705023
"8d6c523d4100ab0c83a31fed",1043921999
"8d7dd9de4e919fec5916862e",1132306722
"8d81b4681ad0055c274e7da4",676297607
"8d911c1a195567dae3cad99e",468980657
"8d97cda83fc7353a86c9393a",1218231119
"8d983b9ca65f19ff3d69985f",1364778374
"8d9b143cd8eb71b05d32cd2f",1245893835
"8d9cd237c737f6e62092a08e",1214748396
"8da2439f391c6db92b9260f5",1362707872
"8db285eda04ca37b86dc9724",1254081017
"8dbdd7c8971a514eb7cb4d3f",1098862205
"8dcfc24742ba669335a2d65f",962434508
"8dd453e986d05c6c1dd104d2",566481460
"8dd46fd8ff592358e4c3e7e5",450254477
"8dd954e7312e6e6a07d6d4db",492720847
"8de317591cefdbc375a41483",577370114
"8df5099d856c7f9de43990ab",739445778
"8df9256029f526ca313202b7",1030650626
"8dfa059401e1dca80ae65ae1",809738804
"8dfd846e6df9a040ae1188b7",506286860
"8e0ba427ea909cb7943929b0",598835146
"8e160f094a0425aca23f04ac",835014137
"8e17bc9f09099ba3138c232a",1090356544
"8e17d7d78e7acffdcb04d982",691100633
"8e1bd01ce4b7910d42f59be4",784709008
"8e1e9ae57400052cbbaed9dc",1483324669
"8e273f1dde4801825fb19742",878287791
"8e2a5f8431996ae0db65d0be",1030772514
"8e35609c1265ddf59e1c015c",938357220
"8e3700ec731701361d7bb7c9",469229397
"8e374b19fb87640c56243088",489263329
"8e4709859d50a75dd08b03e5",667563585
"8e4875b7ecd0898571f0b1ae",477459413
"8e4df02eee6cab9bd1011987",821935176
"8e5123f5ef1da66571ccb600",1558607988
"8e5661e79f4fc282abac1f37",1055172302
"8e56b5dbc4cf628ac12e5bef",1324937390
"8e604d41e0cfe9c93ad536d8",1359955546
"8e6dfdcc28f830f2696de9cf",1043096010
"8e712705b7de6e791c8735de",451314614
"8e79eebcff019c3362a76a26",749114549
"8e8852450fd5556f748c98cf",707302067
"8e88e6cc55ca769e472aadfe",580814030
"8e9e35321545774dc1f85776",628232541
"8ea02baab0c59eac6584f62d",1113974008
"8eae4346936f8c6c67be81ba",585156197
"8eb66c4b057dd4b07b5fbca5",900021724
"8ec00d454698c119085cbee7",444522765
"8ec09555f5a47f96a8683699",1285974899
"8ec491780efb2c27df8dc08b",660395601
"8ec8cac469f2448654312aaf",1003895509
"8eccd2a6352c33d8c7abcea7",704910169
"8ed11c1d4e7aa1ccf0ea0508",409676840
"8ed5e7770d03c43ed19abf42",789315893
"8ed95f9bf057114664ea441c",509514703
"8ed9c13717d2bb274a81e460",1021279228
"8ee4a7cef562d388b8444c29",352606878
"8ee7d2e0692e49bf9d308b4b",1211816366
"8f0a61533b6a01badf43b6ed",1031781587
"8f0b6d6dd914911c7e90d302",1150379292
"8f165174bc07c28f9fddeee3",877535948
"8f2218126da9580268661c70",1180430332
"8f221efe392ba42b519e5f57",1061371076
"8f2fbced5d357bcd6b1c7de9",955797585
"8f35a5d800d98481d7a8b6a4",531201758
"8f36d25584407d9e3c326e71",868133249
"8f378dc1215f9213f187c02c",615423729
"8f3924eb214f5194d21499b2",1090032160
"8f4241a17d1211687bf232c4",535600894
"8f428b58a5189effe993ca4b",342209032
"8f4687b666256e136148c3d0",1149756315
"8f541a839df1ae79d563427f",416374432
"8f543f9c31af1eb17ef1e353",755567600
"8f5444b81998e52ad76b3ddc",827991522
"8f570610ef199a3ecc49a0a5",645443396
"8f59ec48e38092ab01c23e33",1216605690
"8f6076f8ed13e87862d82255",495079711
"8f619dd7fcf5e1a17af301c4",1065254900
"8f8a92abd28c8990534e847d",1030821666
"8f90134b8e68948cb18fced1",562273579
"8f9417de118ef8486538955f",1047510183
"8fa4be9ac1ef719dda1f96bf",532372264
"8fa53bd51f5d54be50b3fa29",323115115
"8fa9b20af1508af7a01e2267",661977036
"8fac177c5a8b4faa21b33138",431015556
"8fc4070ce12262679c381515",1105216453
"8fc50169e6ec98a3f4229ffd",1066440105
"8fc78c514a2f1cdbc5ae6e1b",1273552971
"8fd452d3f5f1dbb3b65f5274",959220073
"8fd5b95f5808b4676043de35",660021605
"8fdc9f203c3de5d486de7ba0",417743446
"8fddeb4ca696706f6cbe573b",1076437359
"8fe1a07cbe9b8f3498cf74b0",444677950
"8fe7db56d501b9c11461f62b",626221494
"8fea95d0a70b1ea918803f58",871797038
"8fedbf13ebb7cd3475fa3074",1176674078
"9012294b64280c565a88a1d8",897419610
"9017accdd4fe3229fc45280b",347729337
"9017bd24d173b2fcf564b32b",1248348647
"90186e67d802be6d12eb3696",701431125
"9019f1dd02ede61479b62406",539141072
"901e3b835718ccae27c8831b",694358897
"902d4fc2c44ae5ca2703426e",900864996
"902fbbf9f5037be8759775a7",1254959178
"9030f17b47b3940c2e2c4093",710522866
"90332d50e91925eb9b614bef",794322438
"9039bc918a76e486041842d0",586286778
"90470cdcdd2b813b39f28ab3",493624814
"9047c4764f2c6b1a10b87e99",1106332165
"904ad71e7d108930d69a7332",592285376
"9050b1061469970ce28742a7",432243047
"90511f2411d4a37a7224b995",824198936
"9051c6d14018b4894b560e2f",1184584875
"9052c644813d546987a72305",473704942
"905cea21c0ce1cae97fe86ab",1282934571
"906014f0ee3f3f4f0576d4da",447880187
"906e1f2e1bc5cd51a55b0266",1146099855
"907f968e78d748fde69dd44f",741976089
"90822d4e3a369948cdc4d998",767603670
"908330b0d2651093c0bb6719",674276723
"9086e6e757243bdda003878d",1010916548
"9090236db3ef719edf72a330",1464472760
"909182c92bbc39b00536ce6b",434521181
"90921c9fce21986dd23bc645",969611177
"90961073d9887bc1023315a0",370162306
"90a269d52e47c1705f9b6cf0",1272161852
"90a43053efa1d292af692a87",505744446
"90a711f776d53cf654614649",921881934
"90ae7af091c23957b88de5e9",955644461
"90b04117887941ac898a67a8",376213896
"90b25b6b913c1bf0396c149a",486592374
"90b28f5125a0b8a0e3b10580",1096772473
"90b34ed38e0f18988f11d77c",986990277
"90bf218565cd67ed83240033",1112644716
"90c3b93badfe7231410e95bf",1034862109
"90dcc3f9428a4e7cc396a15b",832507869
"90dfa0d7be06e7a1dc15770e",572975333
"90e00fc58569167c00fae7d0",752851638
"90e62f8656ae504bf6175e0d",559417412
"90e858d3740d4aec0fa21c12",571352548
"90e94b7e392f84e01a5f1551",1406104317
"90f0cf22cf9c8fcc290e495d",407117977
"90f320e94aa429856e37bb35",538800802
"9120f0e5a6f505a2553bfd58",885064865
"912471caea3c71e3f9f70877",815893561
"9129b78a741bf5e24df5379d",624065697
"913cdfdd62e35472522d0a6a",594400543
"9151a8c65e1f01ce591c595d",771929014
"91561030d87ff5bc0a497f1d",644555164
"915842a8a03914c08a6607c3",449112875
"9168a08b1fac4c5448626ff0",841163646
"916a413537580440c4ac6028",725443797
"916f946082d03023ffad6f2a",684955131
"917218fe1425d2c222da1ed3",610504032
"9172caeeaf6498737fa0c6dd",936721005
"917829a0aba571cbe794838d",637325396
"91892eac5e9565b12b2a99f7",482087931
"918947d51e52e0caf692f22f",464153848
"918b0d900ead8267aab4cdf7",584715505
"918bec54bd7587daafff66e9",1105066792
"918c48a512fd6ff22fdce5d3",881246142
"918dbe66979d16b147bd3322",864417257
"918f56ffe325f21522cc60d3",451685778
"919bdfeb16dd0bf67787d53e",629155878
"919c1e281329379c4d130416",1302966359
"91a08474a18644c43224c62b",480344024
"91a08f81b621333ac58c3845",587973289
"91a73bedc30e0c2acd95d6eb",649718278
"91a7bcd95c0c960e4cc22d91",760371686
"91af29fa680d8033188ffc39",1147534776
"91b57e8d6c41b7afe949bcba",386737336
"91b8b9db5372a2c3a5c30c58",575244228
"91ba0c5b21b52734d1e244f0",874411579
"91bd11b5a8e0c0124be78f46",372075629
"91be1260a84ab7fa3521c495",1089489658
"91c4f018fc7939d150593935",1065321952
"91c5967cc1acb3f108d6e0f1",433722140
"91d265ffaa6b407e9747b15b",1018029409
"91d35b9421c4982b54dd520a",686253663
"91e2f9f7d4ed776d38a3274f",744570443
"9200d647b6ce9aea67ff8ac7",808582834
"920b50f4355cd2674ceee068",729552447
"920e2bd03c9d34e36fc38ad5",1349423764
"9215d29512b14aab6178da01",1427691616
"922c37e46fe9e75e73fc1f35",537958762
"9231ec89e58a3daf459c5b43",1434151779
"92369f73435d1ac3fa95f185",782565653
"9239fafbffc066dff0811302",334211003
"92507b623f039b4ef5be8870",934971719
"9251f3dafa0e747b6e78f295",749886511
"925754da6fea9c9cdc06e18e",672518376
"925b457b5df270a68b84753b",382915439
"925f83e20a153a1e094bc606",1270365118
"9267fcc93ae3b6df8c12d9fb",583217408
"926a7b18e48cdbf6ac3b396b",575345178
"926cdc0242544bbc850520ff",577734742
"926d12cfe05643554837664c",395368994
"927de0269795dbe0566a0326",1140282389
"9297c340db8a74e10dbba148",879301873
"9299c976b1afe4d2c0bf351e",920625570
"92a1a8b617b6d2c3669167a6",629199080
"92a9c07259efc617e7d58f9c",658865697
"92ab018394a5398b832d0b97",788321384
"92b3b7d8dac6b2f6d5fcfd9a",534846480
"92b772a38d5e38bb51a3f621",659964957
"92ba019bd942fa33ab742924",807758152
"92ba222e2dd63a4453a30637",886925446
"92c4faf0ba1fbac44db6d1c8",775596457
"92c5129009b7e377fa004a93",895699299
"92c8d6ee8496b91821d7ba3e",824708432
"92cade7b5347d1c00a48a1fc",1015273936
"92d7d4fa9fd09075bec14a3c",1085705905
"92e4dcc5911b42e7f70311d7",785898299
"92fecc04105a999a622ba3cd",623410180
"93086ab3e32aa9599708382a",1136757958
"9309d812688d0d2bdd33d830",854869733
"9327563b40f2a0f888c68f28",1269674742
"932a93e3ee2093d7f806fef8",742133194
"932ce2fe93b8e1ec0e7bbc8f",420530284
"933018604a8d5a9020aac221",872149627
"933251193ded6df07c83128a",910549265
"933740e21e9b61721b2c6053",971818154
"93375efb2e74f4913d21d94f",462773945
"9337becb0628955b47e45b98",1167474818
"9350225547486ad75c0b5ab3",1201061099
"9353136b0c791bec58f93ad2",481405219
"935a1e8c7e62ca9d3bff398e",1186821547
"9362189c5d784741c9b0f8e7",669495389
"936307e2f478c3ff7b9652e3",753154684
"936cdcce007bce08a72112b7",867744216
"936e18fcf06ca3c46eda7c8c",638988073
"936e6d2192f28a2b40939a4d",1088413766
"937708417ef2642b7d05abad",1079912766
"937876bdc44c3b8fe063a9aa",517328177
"937c0b6350beb0f51e53ff8c",529116670
"937f0b37f566f65a1871615d",527694589
"9381bdf491d48236e84590fa",585063569
"93822a34ec8dcf104e7f49c4",935478319
"9390ae5c166e1a976e53e16b",422226926
"939afc1f6250d528b0be8e3a",1011240533
"939ce1536f15c0e6bf203dd4",1404013966
"93a1aefcc4ccafe4866bfc76",608562504
"93ab279de0b7b414ce758153",628081579
"93ac0b004ca60ea56cc2bb9f",727372430
"93acd9176ff299221e0d2152",963334420
"93b27fa67eae8cdfcb846772",861737263
"93b7fc7c4f07a7f117e687a4",585805009
"93b8ea95ca1c1ff3881d91d2",437500882
"93ba409ab36d3e10eaae18c1",1140569514
"93bcdd2a8ee1d5b61d00d58a",771522755
"93c24fa31fa780d28ecbc318",608215542
"93c5c5d9d1e99824178be9ff",733526254
"93ca9e75cbeaceee69b4f0e4",527666408
"93d4c413d2a1ac59f1b46830",513655855
"93de58cb0d8fbe74b0cbb556",781488719
"93df4118ec3536b312822d90",1337388515
"93e443a5b3864d52765e6484",1127677168
"93f5694b4854068f42ffe55b",743327426
"93fa1c8ebb75b77dea76ab99",1101331866
"940dd8311f2b49d4ec212fde",580478459
"940e08f8fc66ac29f6d76687",857314131
"94116b7517a06255bf4320c2",974134197
"94118bd8c3da3f14f9c7836f",557993709
"941392f9a135909273422dec",614481867
"941569c4352c3a2e32c908c3",1169688108
"94160aa4e5c54bb479b1d0db",532138768
"942133ad6b84f9d08e1d4e7d",905956801
"94213637892f5fe643cbe8ca",533276754
"9421ce9f204f373a50357fce",419892299
"9425283b41165156aacfd43b",460989983
"942c934c0d41ab822d60c795",497108413
"942ed340950f02adf9749a36",440517820
"94301e20cb91669986c4b34f",455635799
"9446f801f30e8b2997fbd72a",1204628647
"945202a450bea48fa7f2a95c",1024519879
"94535dcf38c9c6461a73db02",459172609
"945f85a061dc4e95e779e27e",953179646
"945fad7539481410e8bb60e5",526408847
"946eb4523f76bb23d0348309",810448019
"947421747f33db213e6b1326",687777633
"947ba86487536d611f548142",1663261261
"948ba87dfd7993460c967cb4",501266316
"948c392520e1cb3a030ce86c",1282090632
"949184accb5878f82fd5c10f",609196599
"949292b23ece12b655122038",393606815
"9499edd83df77bd6a90560c8",411486633
"949c4a5382aff4750b4dff83",1424313521
"94af5eccfe170cbe7d428184",574063765
"94c15574aacdc5c3cf5a406b",564322468
"94d3fe901550dd4ba77ffbaf",1146047392
"94d91969cc4b9aa1e856d801",670557385
"94dc108f1d146641b221cb81",463403717
"94fd4bb5f41087921ca12b58",493246470
"94fecb92077ffe3a72aedec4",555612669
"9511afb73b656135daaceb43",1278796036
"95173735a8f6e554f083c065",1248296266
"9530217ea0b5d2395adfcc9d",1253963816
"953176c9a901b4f61c030432",855303565
"9535ab027f9f2a9a8fdc21fd",442848857
"9536c686b6ec514d92493f9b",638953948
"953fd7541735fa8d9a342642",1048367661
"9543c16bd5eea47111e6b266",419978803
"954e3065b1e8b31a68f6d4be",614074136
"9551dc6098b721dd495e5c57",1389105232
"955544a0bc2eff312e965c2e",1210926821
"95561bd325f60967cb6653dc",934686432
"95570bee1792641c7c12e4ef",1110611386
"9559637fc2bdf96defd2438d",975988399
"955a15a734e56eb287555307",475986386
"9562ef63320854bc6f94b5a4",489791803
"95632ec6578a204881694dc2",528536692
"956600c9a4ed31e588f8c593",1087569169
"9567966987eb1d3117677cc5",404731775
"9569a50febeb4163e28c192c",835546256
"956ad3b1dcbe8f236efe2d2b",567507762
"957731b9940c9131d92a22fa",850687890
"95781f187bd3fffa3d1b19f5",547324304
"9580bf8358095abb15a10c36",316272564
"95815bf7c79e4bff3f41b233",845630863
"958f3e102c6ecf5f6386a004",489018893
"959397711c3f452486ae591c",1255282361
"959b2293af0ee4f7c9fea7c0",706315235
"959b7ea50d93bf1c36e35005",1017113321
"959d0cba47f650933b9a5168",1031675322
"95a7b01cd60cd10e7364a600",715384315
"95ade3ab8dc04237acd6441a",378190958
"95aebb36dc0b4ea86db49492",1241221202
"95b822f76b4d3d6ceb0c5077",794910495
"95bb852a958d7b16fd676e3c",1116490410
"95bdebef7fdc2ac0e9541c51",1013878693
"95c9cee9b36fd1d68f647aa5",577514395
"95dae083200a9e43a5aaf210",946781695
"95e561c7292d64305a2cf4f9",935371268
"95e5e774dac6f0159e8afc0d",623223526
"95e98113e39820523e95adf4",420831178
"95f17e64d2222c904a7d42cc",584929674
"95f27bf0d25bbcd0d1eb9cdb",922196732
"95f7bbdcfb59b4cdb41b0394",627622923
"960c9349b6ef9b747ebe5829",1299045637
"961886897eda4b0ce54d1d82",1008453424
"961baf163a07179bceba67a2",1144160319
"961de1cc8601447b03682e1d",689322078
"9620068cef0622c404e15960",559875344
"96298da2f44ca873f345867b",817499575
"9634cfebe7e6b095f0065ee7",889977393
"963985c57392ed0423d74caf",676599519
"963cc728f3bc207a7ad74ec4",761053630
"963da21c3c571d7bbc36f1b6",636214090
"96448fa0eb077563a2d168ca",477198119
"964734d3430de94d22c927cc",463558421
"964b7d9de17c1ce396fb83fd",424809444
"964e9c3f87176e761484543e",881315059
"9662cce3c4b92d1c99849899",1172786605
"966e8fc9af08e76f8b276245",528715156
"96786aff35713dc21f6bfe5f",1147545720
"967a7676754d6f9aa3e14473",502054753
"969219d7b193ac92e7a008ec",595870537
"969b956eb7769b6f509d3ee6",1142668591
"96a478c359fea0014fde607d",879748104
"96a77e8e42d676b0da3fa572",825211948
"96ad0e75433cc18f20ed83f5",804682669
"96b3ea80cce599b68f96f86e",627622923
"96cb3c08c80815907de81e73",594533204
"96d14697ed6847ee757d113f",530473776
"96d14a1d29b7abc2cad573cd",758069212
"96f59167d17d1c99f31be997",966107387
"96f5db1dd0f36d1087172fcf",818838512
"96fa88a07329d3988b6b41b3",702593361
"9700892d7133ff2c0d1763e7",1257791657
"9702737c9e4ecb12d0f9ea5c",839455101
"9702cf3039b86f97c003e20c",676013880
"9705748d2bb061678a80826c",1221323089
"970c0d4928a9292748c0fd00",1070767197
"970cb360eb64128037be7e23",822826122
"97106114a8d353ffebbd07b7",903158356
"9717b066e135a82feb422181",625500478
"971a322e9087b67650689ea0",1225614541
"971c610e55f133a1d1e6c2b2",970295692
"97337d2f347a50e0ef518516",508148214
"97388d009acd9e5ad49e7c4f",418185097
"973ab56a202e039f5ef37353",485518819
"973afa2d67c20297aa108bda",600566917
"97419310c7e696dc8ca61f7e",823173036
"9741ff1b895a038c32205784",876774715
"97439d5a82f970e7f50d51b9",928465737
"9752758072e096fce6f7f4cf",423682251
"9753470e033b35407a2eca2d",953276007
"975482a692bb98df98b2f243",483834478
"9756b47e9dd47f99dbb23115",827730984
"975ea2f56001edae07f28fca",421910548
"975ee5aeee84593bbeb331b1",326938236
"9761b0f43949eb5307472ba2",1232706445
"9762ecd72557ad6728274e1d",750783842
"976945e68af6a66f6fb0850d",547743084
"976d317efade1dd77ef3687c",559584956
"978195f1745ab7e3d69e1f50",1168270050
"978edd828fc71300e6723e06",1106298403
"97986583e1c988373765eab5",935562184
"97a22807207cdfb341d5c50c",398475991
"97aacb0847561f45a5540f21",825822873
"97b12012ece8a740944aa547",859408101
"97b57932e5e20416bad6919e",1128860769
"97b69097fee8d8496a6b8c04",511554744
"97b791fd94b2339ba115a75a",903892498
"97badba651a94721af5df3f0",652302259
"97c799300453ab511bd06361",1089770229
"97ce3e0ef38ad12f7fa8c4d0",397273159
"97d49e61c1ef55451e52c8e7",916628940
"97d64459dfb368b1f6067ab2",892535797
"97def72de478566ad58020a3",1097031903
"97ea5dc81ba49ade4f8f580b",649821143
"97f5e6ee143998e0b3fc97c0",770652082
"97f9cfef1e35be84ceea2a46",1087036185
"97fa4be3ed93c37c048f507c",461559221
"97fc10f5ce4a6fd7357381a6",525724534
"97fe6eeed892111bfa20255b",571657764
"980bafcd065c8e3d6cece127",1004085090
"980d809e549333b475477bf9",444829796
"981b55d5c38361caaddaddad",617706351
"981fcb79db3881259eb303bb",434502119
"98318f22c00ab335d8aa23c0",840421140
"983503bb75d84c410d1c5d3e",1181333526
"9836bf9b64f27104c7863b79",616057923
"983874e637a1a5782f31089f",538732979
"9844c3773f7a50c71f218e99",887988455
"9847a4ab995b7b1c30196704",1371259836
"98502628de3c4fd3905000a7",563559845
"9850d970fe9fd9bae89f09ad",801033515
"98510008e150296ca9d27d0f",773037006
"9855712ed7be7e865656de13",1310648337
"98575cb25b358dde32ad042a",1224161370
"985e40843a30150e6892e4f9",1003359514
"985fc7ab5aabf1831ce3d298",1004307271
"9865836c04a9582688f50496",495155260
"98665b825fb3a06b914d39cf",1094596937
"986defbe9082519824ebc882",997004999
"987199d3a23c08ca887b301d",957162191
"987476ca395533347581b2df",710566234
"98799228c26c9e4899bed65e",577590405
"9881fb167319b34cc23da955",1233531993
"98865eb2f40b8a30893cd351",574732067
"989360149d9cc6088391db4d",861075134
"989a4fc1590097414d7c3fa3",481148190
"98a0289e513d5ba036b24252",487951152
"98abd5139cc3ea136faf7c8c",1137039859
"98aee6a36f208227a992f9b6",1673871808
"98b77fc0888335702d082f8b",513259221
"98b973c8597d5805f87dd074",753283983
"98c5b154ec80083bf6f51835",1094895530
"98c98982020ba42198aeb45d",889629474
"98c9c866109bedd605ab7dbd",945608624
"98d7f0935f021acf313630a5",826877309
"98d8411005ac05d77cb12516",1129493967
"98e04fd660ca1276d1510a72",497063852
"98f253233bfcd16533e2a448",1222763562
"98f2d7810641693c44096ada",682667449
"98f89d21e5dbe53f8704e745",873254886
"98fdd3fc6c9447d0f05eb1c0",524269570
"990379c9f9f210206c6f1916",1231780420
"990c8d65ca11a97a1d34c5e5",743745790
"991a94dd1e99de493672da14",607933708
"9931470b50580f51e1a4fac7",480677631
"99340b6cf8f818392d501e9e",1289002763
"993898470c6676ce46ede92d",944867633
"993a18ae04d78d374f854262",1112612884
"9943a2530009f62cab6b466f",591068816
"9949cbc958bbc0114404960a",679762187
"995362e3fea8e54538ac135c",609526682
"99543a17b33ab955d03adfef",1192546582
"9957ccd807718945178bb847",1188692822
"9957e5492f63fa295772246b",1048887687
"99587dcb4237fe90acb15b5e",467215542
"995a5799d9a1a7e4dfe4fe34",1531046929
"995ba6d1fd63d5160fb18e71",792911666
"9965f598c5b95b3cfaac50ad",1082284102
"9969f6f4bfb29e3a97c2fccc",675355321
"9982169d6f3e9ca61dacfed5",876154505
"998c1a6ace613d8a7468ba5c",983858952
"998c864a446f06d114f42fa2",1172296824
"9990217fa4eae1d1c4ed051a",1273689009
"99970db787f55a4d1963942e",385857592
"999c8da7dbed7412dcbafb70",952541725
"99ad7b36c3c916393e951507",764320905
"99b31d0b5d5ab75a2653b1a1",528682887
"99bdce7cdea643b0442976f5",920213014
"99c1b39476ee8e2ebfff6ffc",690497175
"99c539fecb3bc233288ff905",819171246
"99c69eeb96e1016a7e53b33f",822815136
"99c6f87ac92cc323c8caa005",980561740
"99d39d72083d7485e8944a3e",545815808
"99e48a46a1a599471d3260e0",356059023
"99e860bbf3033ee4654d393b",790794171
"99e9c4f8fd7fb7929da10a20",454156464
"99f10097f39b32a478877340",738387340
"99f1712af0fe96f67d11037b",483629650
"99f8eedcdc31cc0ff6fda7a6",386193338
"99fa9611d644cf325e20e603",1534423524
"99fad8a7877c57c0af05b318",548399572
"99fae85157be04554b236007",428375699
"99fdac6a2ddb1136f7117f0a",494895609
"9a08127164a0bb61cefb3680",439566877
"9a091c59b3cb4c730372b34b",494191931
"9a1819c45b01c341647a2410",663817967
"9a2051367d6dcbd90a4d60e0",882724843
"9a296eb9b63ffbdf2a07cd0d",1154910385
"9a2b53c1c7151a8b26a71edc",394425226
"9a3368605e5f563e29182f3b",565994374
"9a354d8c526efc5bcce59dca",806077484
"9a38e7293e9ad7d8462eeaf7",1263603541
"9a3920f803b087c29b487cec",476247017
"9a471715e4c4865b822a6b77",394301867
"9a51784f33b0cdfce8312163",752801381
"9a53016fdce3d3b5c2baf3fa",1059841729
"9a565e7220cbc3d5d340e8d7",1023070950
"9a5fdeb5f389590eb46e7aac",1345748214
"9a61bfe6ba2b8364a92e5a97",1060258237
"9a6440e5318b2de28b180a2a",1274488522
"9a65fe451b30c59beb3d62ef",620501411
"9a6849637f1b8332ab289e27",1414353905
"9a6a8802cbf3549870c55031",406941746
"9a6b537a7319b3446977919d",1542875557
"9a6b77dc2c414f0baa11effc",501225206
"9a76a405640f670c6355630a",623627817
"9a76cc7c650230c670e703e7",837056833
"9a7f24ba55c92696d377bcb8",804101186
"9a889078a0225c013570609f",437235602
"9a8d13d56d677379ebf9a347",1298057397
"9a8e471c8f4488c3799483ba",494196644
"9a9553eb431458a3e30fc672",1029318668
"9a958690c3947f5a8f05cc80",1327945542
"9aad22f3d25e46538e1558fb",939277615
"9ab245a4c91877cb7a8661ce",1308228207
"9ab273eca8cd5dd4b6339ca4",386977144
"9ab385e399a4673732b6a799",1166942739
"9ab4e5f8cf2b807603329cdd",694953800
"9ab5ef2c5650c4bd05248990",418185097
"9ab74e81283becc00a779172",621342274
"9abad9f79352ed42d1a9f099",378052485
"9ad9ac8728cfc2387285c24f",573703643
"9adaadeeaf6a403e1c8754bf",978079295
"9aea45bade274e4ed91ec301",600653980
"9aeed339b2d916cc89f38bc3",740591894
"9af17837ac2bbe7c8ba16e0f",484723990
"9af6ac77a9aa0c6da3cdaeb0",388509514
"9af956dd8d83bc715592b97a",444138003
"9b06c7cebd33cd26cd6cc089",1434589514
"9b0833992397c6e50b54715f",716439841
"9b0abbbbfe0bc85686304ad6",540834300
"9b1223cd8c9d7b348d6a5c94",1182762928
"9b13a371ed4724d2e2966447",926747777
"9b1590945c0c7f7b0704d287",681480980
"9b15aa6c85804621f5c42566",1027935494
"9b184e58842bcb14dd42103b",594452697
"9b1be976725ddd512cd222a8",1092052809
"9b1c23d616e9407fff6553d6",463232278
"9b264d26a196a76951308cca",668780673
"9b2c7e6cfb2d6c66e1ee8a6b",868510861
"9b30c679d7da9169580773a1",1150916990
"9b337cb1451a8fb078dc9a07",894686784
"9b3557302e940d4da341cdab",540923021
"9b3677d498c2ccf69c756ec7",1279308352
"9b3846c7abf642e0a6220e7a",459183995
"9b3cf0d1b91b9c6a2a887647",571214164
"9b58b5c993540ec3ab1e4a0c",564252509
"9b5f013e795f5fa610d03238",455112927
"9b7de95ec90da0dc8cff7011",516607384
"9b7f17ddae12105d47fad7eb",997056345
"9b858a70a031475e422e375f",846565256
"9b8d798a2c455a960ee74503",523660945
"9b948f070b94c18e00a857a7",491744434
"9b9db425b698a4931173b5a4",604258678
"9ba689b29d0696fb7ebc44d5",1268474141
"9baa578a930a94f761119fdb",515214010
"9baf7967c49fa209de8dda95",802054769
"9bb193ea939c5308a738fcef",615620964
"9bb9864a6bcff25b17477717",665317493
"9bc12d9c9ad95064412c3413",1331082383
"9bcd34e7a974c977f65925f3",1327031497
"9bd500fb24eebd53d8262b62",943013197
"9bdb1bc52a9ddfe92e6a948b",950693988
"9bdc79dd02cdf39f92e8c869",697228128
"9bde9f216ecb90814670e87f",645504953
"9be92b361ffd3ea2c69be23b",808553532
"9bef4aacc63605f2b2b62292",484895060
"9bf2e0c1bc82010e92da2540",801230632
"9c20784acde0823e9479be2f",704390036
"9c2c22e70cffe6836f554f24",493363142
"9c2c2b01934d1d519e651786",688401035
"9c38b9798313a3091d13b340",1230080603
"9c4ce4e9f12764544cc8bded",1107605324
"9c4dece6127f1f3f3bc1e0f7",501011105
"9c4f397c093dde7de5d485cb",1337901338
"9c558e10e5bbf230f16968f6",1077674060
"9c611e246a612ac6906abe8e",1163897419
"9c63c6c27c74c03f071385e2",791462640
"9c6a01e3c7ef87d27185e9f3",1032240225
"9c6d7e6260e4fe83d43706d4",557861753
"9c7bcf000cb37f48d9f15422",871545988
"9c7c68df14c238ce0b497dd2",1461124681
"9c7f7b0ebe440f60d3bd478e",404109279
"9c942287410db3d0739e182e",605225272
"9c99a85c5dd878568582dd9f",477978784
"9c9c2f05352c92c02d080e96",1226107890
"9c9fd309cfb505b628f84fab",1047150610
"9c9ffb3401ab6ab90fcb555e",1245532682
"9ca0839c9c294674e86eb691",1111134735
"9cb40496518bb99a7a00a2ea",1366239499
"9cbed1ed72b444c22d8c1614",584716620
"9cc3c05f0e81b8f6454b80ea",522727895
"9cca7c1e9ff65766c8dd2e29",537327071
"9cd01a5cba1674559752f5c4",1239134874
"9cd1127b1bc10db6b8ce5d4b",1267881521
"9ce3000cd80aeec2c5188e8e",541762467
"9ce7fb3190866e6a02e01e26",608572951
"9d021f3fcbe5f82fa1c1fd94",575453829
"9d028997ff036c154c3fda0b",1167586163
"9d0ae0c4dc11d8c6d94e545e",766637980
"9d0d2774fbcb6fcc66b865b8",638294967
"9d157878dbb41c14b52a956f",507715159
"9d18c354e8939c9f18598f22",398196397
"9d2a195e645a9e8556683b4b",717076914
"9d2ec1ed9eac77d534ed514c",710522866
"9d348aa70957592dbc56ef32",853196813
"9d3f5b59b9735da05588b3d5",360726441
"9d53330b44c300e396cdb402",806134372
"9d576cf721ad30ab1a4fd554",493420548
"9d6288cfead77d622f5f5b95",782847810
"9d64345229b60ad1853d94ce",551552846
"9d6810aa1035e91b72de6a26",471206992
"9d6be7123f2c6e610971374e",1329767915
"9d73758bf7569cab4837e49c",879075489
"9d790c8c474c9de2afeb00a2",499353017
"9d7f161ee660b1bcb54574b1",1279305912
"9d7f2c004fd359136a662c9c",744045171
"9d805330fb0df9ae73003ceb",808982375
"9d892f73b02f001c2f715607",610065194
"9d8affa93ce4dc7c1a21b3a3",896807034
"9d8d3e6fb432174770c74e71",1028217863
"9d8e7178912841c2a1232ad2",616396426
"9d9564415e52518c2817f66f",516215363
"9da00f8ff8e19d26c1342274",1513694654
"9daaca90887e5144c35daeff",532280884
"9db120a76af04028d2f0ce68",346129972
"9dc0c6ef8389978be58daa59",1101191133
"9dc7b0a394309d8b76d0bb7c",818001810
"9dd98816533e4ca8516a5474",1146917715
"9ddc14c8e7fe7ffb078e0019",1174335571
"9ddc1924043ee8361201b39d",1249001222
"9ddc7272fe43f07035d3da63",1427691616
"9df0663317db1cf4121a222d",961375892
"9df90c0644948ea5539939eb",1194590924
"9dfd5df5a2efca3fbf2c07c8",675202050
"9e07dd563b6ff4572f5d9031",1228701815
"9e0feca2ec3043ae6f840631",1153107687
"9e142165bbde850d4379a49d",566135812
"9e28972500d8ca3fb3b76fd9",1008597695
"9e2c21d635fc25f7790cafa9",447024180
"9e30b310c820d0426f504d90",468538084
"9e360588b18cb15aec3b6609",706059316
"9e3bbcdba89c647e4ce53182",654847804
"9e41c4b41cbdc2553d80e362",951118396
"9e41f25cf2e77f3fbe903368",1065254900
"9e45b127ea0303f973bac9d1",391747121
"9e52ce2cb6f6b7e2a152dd54",846807495
"9e590ad7d22105456bebc767",870630518
"9e5efd4741a57b9af54e9265",737960729
"9e617d1fd8a4f33d7b66098a",1483859488
"9e7ee8e17b1e76965e96ef95",1045488196
"9e80db4c35139bbb18775644",1496136624
"9e858250fcb7320b65bed9c7",898594599
"9e871ee8a61b183aa9051b72",961535436
"9e8a11484838eed1f4673a32",698821785
"9e8cbeb53820394a460f0879",557829833
"9e90e02c8ed3ad137e4c3abc",421976541
"9e92b27f554068b7dfb640cd",506441390
"9e95710c61a4706e21cf70b3",794977210
"9e9e3655ffa5921889cd8ae1",1156063033
"9ea78159ad117bd9c0b04291",553503546
"9ea7a0d65493cb5487ed2084",509487493
"9eaaf577807d86ab64fb14ae",349926270
"9eab02171cb5f15963670172",1171773722
"9eabba4531191127ee91621b",1213004986
"9eb4041ed9e159ec0d890de6",430440472
"9ebe11eba1a88fcb24fcd141",570595660
"9ec426691c80918203394ee1",422634622
"9ec5fbf8767dd0d2744a79b4",706563162
"9ed0bcdb62b2223d716d40d3",909717749
"9ed988dd6739eb7ad7aa5a06",1174913599
"9ee3218bc61636cf0d7f8107",639248944
"9ef3691cdc2bcece41b47e78",1287201885
"9ef498b11563827597c82947",748002323
"9f06ad3793ede2ba7f39de43",786817713
"9f0bdae4f8609ec93588de3c",935515789
"9f11661702873852a3d65ed6",427594484
"9f118569fb8b084f0615fa22",427324615
"9f149071cf61295815e3f875",960670185
"9f15c77d67021f349714806c",476029966
"9f2498c12d7b41c213bec0ff",412802569
"9f27627b9e439fce085cb01c",560301589
"9f339d547d83b4ef956a3690",928104542
"9f347bf53e4ca4d264a45241",780312055
"9f3680d00c86707fba024dac",953106927
"9f37bcaa95fb0044aeef6075",527017651
"9f3dfa6e1422f6aeac527c61",410061467
"9f3e09a3461bce2fee7e1c40",1497218550
"9f41ce015f02d67e193c41f5",401470314
"9f43c80d2fa31a09592b030b",933829312
"9f4a25a5550f016ef2370229",952745232
"9f504cc4e6b170155d38c687",712444444
"9f50ed2b7e40847ffd877f4b",728943220
"9f52855eab4ca5161f1fb492",937031934
"9f5cf735a842860e7ac753cf",742791696
"9f68ff98e302ab06df4fc672",435618215
"9f6ae3eaafbdfd8d5c0e64c8",1417443405
"9f6af9ac2404a8d55f24286b",537301450
"9f7204b4bb3ffb8591e3164d",1076425040
"9f8697b55cb665ebb054f9fd",674663945
"9f9f2548425519863e2cd6b6",478709591
"9fa391febd5d0a8e4c6ecb8f",434861944
"9fa39c9eb4b10a20dda6c3c2",867946160
"9fc4385ea76cabf741d38789",403066224
"9fc8c3523883947769b2fe6c",1255059715
"9fcdcb2be94744d00e734a3a",1118289186
"9fd4adb5c63fba5a11661b23",398656920
"9fdbab0b428f19e7e8dc35b0",1033948624
"9fdf7d85fc65849cda3afda7",771116711
"9fe75dbfd537f9ebc6653f18",885176288
"9ff06409b37e5b5dece4604a",571359086
"9ff08a6ca1c63480c563442c",1029713361
"9ff3268cd15cf039ab958413",385531698
"9ff3acb07666d53f00d1f1db",627865981
"9ff4b1fc1970cd5c102cb755",1208594005
"9ff5828e084070628ef2ad96",450117092
"a00863c7c53b2c059ce22dfb",408832241
"a0087db5e9e2cdd6073021a7",750159747
"a01a51af09a3dc387a18b58c",336153860
"a020e479dc5db78794a5fa77",1048039778
"a02bf67aecbac445a12da958",1484428475
"a02f6ef1f148659297d46b33",759712088
"a041ed3fc0b60fc4ce3cf847",739451419
"a04d3f4eb8810a346fd29ab5",1160078709
"a05da8df13eb4b121d536912",550857910
"a05ef49ad8b2d6c466ac7412",930176237
"a06733f7b3ba964c20ae2698",986760634
"a0722c5527c6d3cd5cac9477",1158203878
"a083fd17c5e7c9d33540b922",531557506
"a085fab6d9b9d8c24472cfb0",1481060197
"a09413ca0b723170c26652a3",706544295
"a094be8af52cf76977fa5083",1157216832
"a09c957598e6cde56cdba03c",694021261
"a0a8d63b5f43b87c0c7e1fb1",1027404300
"a0b178016cd26a1d2072e7fc",363193172
"a0be286778d94153d3b22ccb",1132682573
"a0c6e0c6fe41e32b3bcb2b26",956373839
"a0d5001f7dd42d7f0c91d2a9",534897490
"a0e15809e0a284fde27b16ee",1048875683
"a0e26a9d56cfb3b7228e5d75",623915736
"a0e3198470f97f6a169044b3",1267296429
"a0e53cdd1132bd19b8ba0c54",908069118
"a0e9310061ff0084d63dd242",827674150
"a0ecc8ce0592a40959bd755f",744779235
"a0ede3a514cede68b721d994",696552888
"a0f1496a0b4a7cd8b850f010",1157252148
"a0f1c94cd34fcba92f59a59a",1207213972
"a0f28aaedd12f3d0eee8c6ea",462388378
"a0f86ac00934b57d85b44dde",867881599
"a0fa0aca2f6c2ae65a98ccbc",614738595
"a10055de743532d7b7bd29a0",712024674
"a100f050c34e438070ff487a",493577740
"a102a0a268840439c2c8f4c6",489629278
"a10f459124248ef30f290cad",669819816
"a117f625c794b7d52ec67cd4",1045767409
"a11a82cec7f8a243e2f90539",744995191
"a12ac99bf63b547fd9180a79",373986002
"a12f0f00148e564ef78838c5",1297980648
"a12f49f4ac3c5bb0dc7d8d20",447300518
"a13004b87c6d7e7bf6b75730",549594345
"a1305fd943ae63715529209e",1252856927
"a1320186028a726935bc1cc5",863767896
"a1368aa4d3ae850bbfd90bca",1468593017
"a13a3638569b89ddf1260470",422496799
"a13fc9e9b4e47340a5d53bcb",717082385
"a13ff325f90eb49363f59052",934431530
"a1421c30fb33a249bcd54394",492981238
"a14506a4800c27223fc34728",932547772
"a147a8c29757c5d0c592d347",621001055
"a14f071d8e5c338d9ebed23c",473891103
"a1508f30ba87423e7393b4fd",1252352815
"a157596804522e03efabce48",1110600794
"a15a12446d2e5993a0a6c423",1085770102
"a15aced0fffc97e219f99545",376544841
"a15bf12a6b8749ac8f9de19c",428302170
"a1647603f732f97a99f5ec6e",1330435137
"a16ca6293e2ee2969f3334c5",1040715253
"a173eb804f4bcf6bfe889417",1105726714
"a17807447696896bb61ef8ab",835205278
"a183a1c009abf7251fd725a1",925754901
"a188aa896d1b4520ccd6b65f",424462795
"a18925f908acda4171bfbe36",1037407544
"a189bd7e4eecdd18ebc7d353",1337291586
"a1ae6f9f5d02548c89b23904",850486716
"a1b0b8d18cd78b7cd555dd55",951764440
"a1c2003dfcdce97d21f9cd15",821068686
"a1c975ab16effc6f97935e16",930367867
"a1cd215fa99b8776818d0b0b",548340999
"a1cd867286d6e82181e5d1bb",1326705023
"a1da74ec074df16a1e8690b9",1501889207
"a1e38854d6725e9c48c128b1",397336056
"a1e8f0c7cfbfecfd1549b0b5",629412735
"a1f0d61cef676fbf798b5473",518407793
"a20435d582c7646db231e7d2",987300944
"a20cd5193779526b43612ebe",674622768
"a21923caba05da05449d60f6",918881806
"a21afcc258e50a538dfd43ed",441469136
"a226b4af016a772dc7e39ac8",706282903
"a22bc19d0d83b13a53630b7b",550593203
"a22ed42197987a8534abf76f",881015896
"a23a13e43f3e08ab82c6ef82",470700366
"a23ff4d1b2e24f537a75242e",755926527
"a24901956dac4ee0e4b0c91f",1155143908
"a2522c9d3edb7e7a23a42b74",1072598686
"a2529027db6b525e365e7be0",593542929
"a26149f589edb9a903782a3f",693289618
"a2645174e4e15c49331f576a",1230233115
"a266efa4e41df357ac4edda4",991064939
"a26e967b288a1eb6d8e71d46",397818346
"a270fe47ba30ef0056ec6c4c",412257290
"a277d5e8216fdc3d7c93eb2b",882957219
"a280fe7610c254b935c9dcfc",397871464
"a281d59b685eda4978e0c84c",960499793
"a28a31f7d0e3fc6298606078",618370024
"a28b1d82d3f7dbf8746d5742",1004018062
"a28bb09e30bca82627e595c2",949733422
"a2905faba4c1177603e6cd5b",1262030704
"a293de027279019418c070b5",607776031
"a295b12b773127f15e83e174",548200870
"a29e18f37ded2e901181d7d2",770258249
"a2a1665a693852185673f6c1",1090356544
"a2b576643f7a032371587e5e",1272161852
"a2ba273b099221390bee92a9",460545287
"a2c033f497e62ea10ff8ba3d",1010816289
"a2c3da753f0116aa5842d4ec",812240042
"a2d1de4211aff373009809ec",609747612
"a2f06081983f748fcd74652d",612375828
"a2f3f7a1cd573e2a33f52e2d",918934386
"a2f40c8227b466249d6cb659",942225715
"a2fdc7da13d098cfeba13b76",487449766
"a3021c7c465dfdd38cda9f9c",866791407
"a302ef23e1d0d6a273274cd0",464618865
"a30e69524af9c1bddbc5de34",608274709
"a310528e34207b5dd813df8f",754265940
"a315b497dd8e80464bf0480b",789766166
"a32d2c51f2bd5f23bb519d12",1241595314
"a33329c9ed11ee8b87aad6b4",402418657
"a33800eaaf178e01558ee926",877105895
"a33bfa6cf99e26bd9c49f8d8",641617486
"a33de2559b5f56d1b3cfce08",577350292
"a343e6ec6eadb287711d3834",722395068
"a3460f00d48816ef66e3acc3",577439497
"a34b3b037805f2ec489a95fc",558062892
"a35450284f8dc27e0ed717f0",1207524860
"a354cdbaff42acd1a0b5d82d",749520445
"a362533eea6c235049bf3359",750875496
"a36ff3637b7d2b1c52999ea8",1186482043
"a37522af63bbed2f4d10900e",1416040952
"a379656c49f4cb1cfc5b3f03",769157173
"a389a1ca097a820fd9af9d15",861658373
"a38b2d75349c56ce04f02a94",1001537361
"a38e7af984a471331b2d758c",934164226
"a392f7f9ace844d712ab2b4a",1269059776
"a39617b7adfeb6ae7d5ee5f0",1449643515
"a39f9fd2f143b8ce1f7e1277",734049700
"a3aac701ae444b6d91b7bb0f",730309822
"a3b9c1a3b81f17e6b22b6152",548646481
"a3c3c9fc04cf2e2a051a12e6",487320550
"a3c45875c0834b144f834798",475598882
"a3c4d0ba7b85b9a6370e131a",1312011471
"a3c7c54fa12d5b57dd997210",510059215
"a3cb2a035f98276076f2d848",424584252
"a3cc0422a37512ae124013d8",1192485169
"a3d03a25f84f4d50d2a308b0",657124976
"a3dbd504524f980ac5325150",932273894
"a3f1214ea44063ad10956fca",937031934
"a3f32d81f4cd99dc85a16bcb",608520719
"a3f969063f78dbd95e6ee795",680501619
"a3fd38336516b98117e328b7",946604739
"a3ff6a1fe37a1bb736b1100d",895600217
"a40861d6573e4539ee3c23e5",622012226
"a41210034abe19957b317d1b",1028062943
"a41222195e5c7d7987dc3c7e",510317088
"a4146ec09d782b08e8198e11",954129139
"a4173461aa676e09227559fc",453324775
"a418dbb6d04e505c133c6c1c",1238565410
"a41d05f2ae3e022c16088bd0",1067856760
"a42081eac6834da0560ea4ef",868698072
"a4325969a50a14c948446f9e",726275862
"a4410bebf9843297fe32d63c",644904406
"a446507813234e358db8b573",530777402
"a448d8246781ae78dae61619",850897226
"a44c7ace8ab50de7ed8e5a66",510901434
"a456f85bbae3f189ff424e8f",439961945
"a45863121bdec787e119b14c",395999929
"a45ba5d63cd1971de19c25db",975015294
"a460aea3370926825b0dbc13",880819311
"a465a567a4f60ac534505bdd",993309380
"a4683facc81ccda10e9ae388",1279305912
"a46cfad2458ac7ca4134818c",573775868
"a470bd174fc7587dc1449c89",1441438257
"a478fb93a131fee4119bb9f9",1147712078
"a480b654e1b8b7134091e613",1368271000
"a482103965890c922a66eedf",733126223
"a4885ce6808ffdb878c41f97",528269612
"a48abdedbe3d132276dbe403",975966061
"a48f29071cf207b27ddb03da",588666766
"a493488dcd906dc74cf8a604",862070986
"a49c2976ca4f24f3a6b622e3",561079066
"a4a49182c79c72854732594a",489525627
"a4a4a57cf20ad739291aafcb",544091418
"a4a5b6a844c14b4eca92dc49",1339765481
"a4ad34eb244e48afe23a780d",501844127
"a4b16572b8bb786561baa3c9",1441438257
"a4b23fbdbc7bbd45c5ebf80e",1178621520
"a4b2dd2771f49951c027eef2",1194440553
"a4b6ceedaf89cff74a292ab5",687162659
"a4bc87ad4f1ad97c0a63d843",1289993951
"a4bf0c02f139c695845c9507",1011859864
"a4c324b1353d2f7ea3ae9727",619634503
"a4c70eae507d630c2f285eb5",1274782694
"a4c71322f79dbbbedab3191a",1121722123
"a4ca465294c114b1065bfead",938631095
"a4d4d6480b56d6198c0120d4",882113884
"a4d5ea1b907e98be72b5c49b",567670150
"a4dba76865fbd14aa19c0286",1054196651
"a4dec2ce375ab5e4bffa5966",577394342
"a4e4f56336e07304cb946b1c",860661356
"a4f272acb4b3b4f5fc72e99d",1097590722
"a50640d13126880a423521e8",848060167
"a507a938532411f06c57ed8f",1237764824
"a51ad0372758b2bbfe73f8fd",771053470
"a51d415712d8d6c8add7009b",1094507166
"a528312b77b7f84741c2bf29",732655138
"a52bd93aa6b0d965914f1101",1049506053
"a52e2c893f85b49e2499cbab",993984082
"a530e3ff6d7bc1abe333245d",748431883
"a53b105919c7b46c0cc1b003",638439860
"a53c748935206f61751dec1f",501896775
"a53dc5c58f7384729ba37a21",652230102
"a541b35c62878dc2c425235d",1191953058
"a54b0b282edbd217e9509287",730807277
"a5587c93c012375dee920f71",820899568
"a55906464634558b94d9298e",649051909
"a55d7074220aa6a750297c08",918985217
"a5620899d410af623a3ff4a9",1019957435
"a56d3b5bc13c9849cf676750",970282737
"a57350d4c79a415137281cb7",392200933
"a57435d71ccc5f032baee302",603328150
"a57a34c7486e7a40e8deb316",1019795979
"a57d01ed5a9641ad64f7f032",488151292
"a57f40f00f80abc7450aaf9b",855084990
"a587c7419568288d68c46feb",830698065
"a58acad50184e66794d8d704",786858233
"a59320023948e2d915c07306",562461289
"a59e7f0e0596ea6633781335",720570335
"a59f1631e721d231eab4d146",1439413428
"a59f39373ee368259b441de6",548025235
"a5a3cab55661982b7d30bc78",717432608
"a5a46af0c9fb5c0a03855660",863479630
"a5a4c0f268548993b61d65c6",951069416
"a5a71962df1b8bc45bf5547e",891605082
"a5b8869e9cd3d0cc32a0b298",1065035487
"a5c85b445f503a56e0e2a924",1128415159
"a600ed86cff36e636d204f39",679423874
"a613b18945052b4576595c4c",922861856
"a619d30d6f2e2aa3b9613c04",418185097
"a6259664a05091ef92129c7c",521059550
"a62a6094ffed3ea7a54fee73",478124674
"a632ececd6a023aae8a7b730",485600319
"a636ffa140f80412f003734d",916359736
"a639ec3b943cf90cb28bc1b3",465399367
"a63b4a22614d334b4a61ea16",835788530
"a63c26369cfbabfc9c2603b6",1008597695
"a63c36f6e7e7ce7c7e7fe457",1029729074
"a63ecc5539e8725af4128cb5",834866033
"a640228932682c0c04538ac3",1047358348
"a642351076b7706a733dc52f",709799550
"a6555836840c7dd496ba9094",776693418
"a65655a4f42564ac48bdffa4",691174455
"a660d5809085b4823e287a5e",486773388
"a672cd6c8c284e14913222d8",760326728
"a6731fb85da65ce14468341e",467074762
"a67412a01feb64ca6e772858",1197031410
"a678e89692df9b14da9f19b2",535767437
"a67c6f6400a176e0a07d6772",854302495
"a67ef3a182aa268bc4d9ea14",817194018
"a681d6e9ccc7bc60eeaf7e3c",1122496895
"a694b9ab05641a6325764e63",894224447
"a698d80ede6cf6243fd9ed99",1204079634
"a69ded1c20e05bd6b3a90028",921778197
"a6a06973b5a4c990d5873b7c",692268199
"a6a07d35b3834bc6f81beb6d",969111971
"a6b1ca7a4e91c4c0f4366984",793273202
"a6b992c9bf4eb32ab3d1df4e",549322911
"a6baf4631223d9b24de8b590",402701984
"a6bdb6221b88a24c9f8381b0",820160871
"a6c86ab7381f6c43fdd61a01",477819268
"a6d7b144058ebc326b9803bb",621541406
"a6da1996f66e545041d920d6",789788762
"a6dac56445613d70e49647e5",944181247
"a6f570e11883e74654898d75",953685197
"a6f616d63d134f14ced205d1",1206557916
"a70b6661eda6ef616e19dded",450243313
"a70d32ccaa78ae9417aa7e4f",459974668
"a70d331be751cdc3bd0aab29",366761552
"a716ec25a219961fbe90f367",1092865452
"a71d187784b309d65cea0b14",1155212211
"a71d53ec4fd0d64f8c06da2c",1088000724
"a72041a40ca87928c695b2f8",591044014
"a7283f1587ffd80f4723475f",372284333
"a72f5204153b7c92f52d871a",761322222
"a731b326a61043070c3c853b",605196414
"a73206cd21136b209f25c7cc",430932532
"a732aefa7ea4715325e9e80e",527983533
"a73504d5982fef268f5ff589",860477518
"a739d80c3fb6b166a2c2182b",560896096
"a74214a0d4d40b898ee2be88",521878125
"a742819d8e4cf8fdfda6e094",1238563048
"a742f415d6c57e8493762c57",702211539
"a743dc3903eaf3576046ef3d",952752501
"a748841236a7a7fb33138845",548012692
"a74be48ad396ae4aa33ffed6",965641296
"a7546a6c6194506dffd65360",804625883
"a7577260fa10bf408f1997d8",653526424
"a757ba01a02acbdee50462b6",1133808711
"a759e4c03e49c419c8f0cd2d",671248394
"a7618c242fd918ed894304b5",671117815
"a7620d5599ec354541c8af13",1609958654
"a7634531887e969c9c5469d8",358872163
"a77d82703468f2f9e8f2ea0e",806386575
"a77ef77ffa731e8980d36b27",678938086
"a77f5c03a98636d90f50e11a",1179347861
"a7801c67a0ddd71c50ba38d3",381437871
"a78417c74b8c99279912e427",1169866601
"a787382d96ef9fce8f27bc70",1488420335
"a792122a1b292f482caf25d1",393965083
"a792bde8819aebc5b2d73a6a",1105787877
"a7a219e7cd18f3c4b83649e0",472124616
"a7ad9c8b5bae531abf68f8d0",710503893
"a7b14faa46e7b73ee4e95ee6",850614878
"a7b15424d7c025d885636a72",1028827968
"a7b459470ef58ef3bed7437b",513352231
"a7ba3ccc4831ae7e539f0cfa",412847451
"a7bacd6f783756c9e7cdc068",485115228
"a7c7923f9a4d004eab43413b",1302720347
"a7cc7d2ceedf4d69664dc734",488873409
"a7d8e636db44cf5d3ceb67cd",834453708
"a7df0496d6ce217fadfad10d",1190294580
"a7df3d344010d5bb7dc70bf0",408762846
"a7e40088cf53acfc65f4b3f5",1602523161
"a7e41393473834db30f2c1da",888493322
"a7e57a8be8fc8d8a844cf9f0",593422940
"a7e6d3c76bb5507e00ccb501",756665097
"a7e97bdf2d4f2f62f9889c3b",594834920
"a7ee02ad2a4fa122799a2dfa",1191968973
"a7f0c831d82505044f370b1a",564297713
"a7f1397df30d6521c216e331",1098405391
"a7f48fbdf807da68594e9ae0",532366171
"a7ff08f7e09b19c1546453fa",854225914
"a7ff59863f8719590146e71c",781241324
"a804849802cc0820d25f955b",395688109
"a8052c48a500926214eb2e1e",417883703
"a811af7cf12afb1dd9b8eb86",731313439
"a812ed43db71868625b351bb",1114341648
"a817e8da0ada143ac87277ee",431138888
"a81abab882910584371c7b66",552351895
"a82fc744f537ddc6fbd16883",815820423
"a83921284639eedd4a511cb6",654249795
"a84cafc064a35cc0ad698009",894939379
"a8549fa4bb56a2bcc0e15b11",352065224
"a85ba83751915d8d5d1a0e09",993766080
"a8633d3336d097920bc8a9b3",1092052809
"a87c585acf2a147e381005f5",430021145
"a87ed2154a2351cf26f0027d",1113096837
"a8870552db951bc4e76e7f9a",457530795
"a88f4eeeeac5ccd1ba9b8a4e",1374645813
"a8944be7383b5689b5039c87",1073658945
"a8a2c61f2b994411af5d9bde",1543573159
"a8b457cf82926e25cd862af1",1111730424
"a8bb80d99280e332084b3950",662326874
"a8c5674b5d110d99a1e097af",701742919
"a8c662f906075eedb098ae5d",824472515
"a8c9489973c54b93737dfe20",860380691
"a8dc954142c54e570bccdca5",701091387
"a8e1adbf076dd737c079129c",1333906023
"a8e696037f8747f562ec98fe",554152141
"a8e74eb5eb523143cb291cea",1014776383
"a8ecaa9120c6da21229cf145",800981570
"a8fc825e34bd9bd56ec5331f",685347177
"a8fdb6fb681aeae4d5c22f9a",1145328452
"a904fab9fa4f41a11f673fd9",1181608450
"a9054883a22542257c7e778f",392306424
"a90991f865ac81cdb3de201f",766126365
"a90c60e05e29b77963a11246",546479367
"a90df94f959030227fa015b0",582435916
"a90f7cd68b662c87d9fc2d5e",875680032
"a910019b3d18da92b4c6862f",794778599
"a91664b9f15f9d6f262e7b2e",1138852192
"a918c218ff761315988c6335",810288817
"a91fd5b9b1a791a6af59b70d",1064296316
"a9268ef5b7133cf6ed1a376a",916434896
"a92ae34df90cbf8af7695ed0",684542418
"a92ed9a378272ff174ce2688",591048524
"a93a37e4cc75c069e14ffa00",468368318
"a9407f510e67bdb27ad59b46",765181506
"a947158782fe2832cea53040",623625438
"a947c2ea296f1da3d10b0a06",515038138
"a949ede7227c8f8587715029",1020473101
"a966f298e8d4d3d580a72d99",665793535
"a967a4f0b1dd36d7264cb408",829963214
"a9683df184aa8b4ad5d0cc5a",1061371076
"a96b19e82d9811d5de1ed0e6",340549307
"a96cb9d988f5dc99bf5df4ea",926776060
"a98022fc80dd6ff27de693f9",438178994
"a98637742a212e332cb5d1f0",635116836
"a9878134c12696d8199a1ff3",610925706
"a98e4f4db7afb8a6c9f69400",613137847
"a99261116e0158109b3e3bc3",429921092
"a99df3a2cd4f2346c6e903dc",370285176
"a9a4a765b1daec2f3ed59a80",480660212
"a9a710b78e776c16eec24be6",794780115
"a9aad230d22f7dede73acc8c",1013035898
"a9b18720f68c7002dc71c3af",466788879
"a9b3d963a14c2c7435f30fbf",1331717244
"a9b83e18ae78d307d1b39b15",908486627
"a9b9263f6aafe8531f3dadca",983348659
"a9b96d2a23ed155043085e87",945807042
"a9c212f77a048ddc33ecebba",461724757
"a9d4f256527be98066c493fa",1142668591
"a9dd62f527cb0dbfa51aeb7f",593866796
"a9eafeeab4ba51d3644f4052",492514137
"aa09cc29ab2f2cfc79e5bc7e",981132339
"aa1eaa63043c5c29ab6a1323",748254892
"aa24974831a0c608635bbcea",741164205
"aa25d9f8737f142b8cfa970b",1081398882
"aa26461420614755c2a52db2",591060924
"aa31e5995379bc38dd40b8f3",927506401
"aa45f8fda8801c3b4923f4b6",1207441949
"aa4c66791884ea2a8357924a",484759124
"aa592f388454d575e0006206",773790818
"aa643acab634ee591a2a43ce",763270534
"aa668782ae5d0c16e57193fe",1235269564
"aa6af44635b5d51da4b02059",689138034
"aa703cc78a1ce659901e711b",666980679
"aa7551be1b8d6278d38fbb00",1221658582
"aa75ed5781e6e8584143daa4",967776474
"aa7a25411bc0f9f93dcc40df",415244274
"aa7f56d05ed29183b825d61d",730410122
"aa7f5d0d2fd5474cc67cc70e",1003386307
"aa843a050ebe8e4b3a04e9ef",1178837352
"aa850af0c6203104e6ed02fa",493323621
"aa8a19a2fd3e2cfeb3b7dbd9",464354855
"aa94d2ad36bc0e91bf561be5",1120791820
"aa990d4e5f1a0fc4f0bb29aa",848060167
"aa9988248c7dedb016d8b6ae",1050321091
"aa9e131fe4e7982a374bbb84",658860670
"aaa43db51d1ddea564d1bd2e",494567227
"aaa67089a753d255215c15be",605694130
"aaa79ce67339dc53b4f41dd2",1328801924
"aab240140aa4b6602234d88e",610677559
"aabaec5accad3f545f864a3d",605326866
"aac17b54a68bd216e2bd1d45",329868420
"aad0e527c4bf6283f76b5bed",1206702908
"aad38b9f22ccf36b0fba4e7c",648450535
"aae3a99ac764b8e9bfc562cf",857340295
"aae7cca10bd7f041c8e02d23",688477194
"aafeff5826516e363471e439",326481467
"ab03c034e2a420f395ca094a",597336191
"ab086fddcb949e3dc0ed9b5d",638871081
"ab0babf6941ef43c35acb951",1156916689
"ab0c047373b5d1810fe42bd9",690945107
"ab0e770ac42dcc82b472c55f",620693170
"ab11db71265771ed4d9de64b",367407798
"ab157c9601861dc387a91b82",978588719
"ab177c5d60492f2ff087708a",600941609
"ab1c43d6fc4f08e315e322d7",1150868697
"ab25a6737b3ee0c4e9cf4ae6",525286519
"ab3110b5dc8ce81471f69c16",1475826455
"ab332133aca64315672a7192",1164101673
"ab37764e5f4e00097eac947a",1070663044
"ab37f67a3afa274e719ecbd8",520693945
"ab388cb4fa511968783bafee",406352277
"ab38b4fae64ab90a55b5a403",668440175
"ab3e1642655f7e705cb047a9",726050099
"ab405cd390c0681c3c67836e",531303086
"ab419cd48b81038c5a30c721",533764189
"ab4c55e78eb83d80c153f50e",476118954
"ab5f089f9d2ac1bf52222ec5",550900989
"ab614a5008d68aebe34aa201",792554830
"ab64918f2b2b4646e87297c2",1037269045
"ab7559b75b340275587e50b7",1519126432
"ab765acf8b87daf1673b3a97",582453690
"ab8699d3c685fa834d7ccb3f",999253363
"ab8d6823d905f1f0ccf4a75c",1203765041
"ab946dfa5b9d7214a3756978",1008630399
"aba39002de605f9ff34bd542",882034810
"aba4e24dcc6998e5020731c8",916046931
"aba54b001154ad881dfeea6c",380071830
"aba85a8a7ea2def1fdd18587",472457920
"abb63383766a9853c1091c5a",1107968749
"abbd422c412c2d57f5df62ba",619524600
"abc2ff9d0e7848169fca170f",473707652
"abc668bf93ec7d1951c65cf6",453404330
"abd9cf3c36309d590e58c2a7",510262583
"abde4b06769fcb1d5577fa7f",772656691
"abf93b2418fcdac14293c9a7",731758538
"abfda926d174a8da1d946e27",560051571
"ac003932eba3a174c5b998ee",545431792
"ac0185c8f724ddd40bc0d235",738473255
"ac028c1580f6e4da4ccedf0c",602638090
"ac048209de77cae737d60545",444059227
"ac0b895f523b53b4abd013dd",645111089
"ac0ee54bdc08632efc0d771d",591162395
"ac11141115d391be44e6426c",855713135
"ac154aaafe98dae45bf9782e",1472000323
"ac180e846fda5cd7f1123f6d",1275045318
"ac1b644a8d2ec042ca91f89c",1156477651
"ac208e250f5ae3e5e1008351",607325253
"ac29d71a80307cab65f29ff4",1005712361
"ac2b1b560e8bc4fa1deb6f87",577221465
"ac3c9d9357fbe72959817602",691327396
"ac3d21f51637207d3e031c2d",822648797
"ac413fd87de33153899a1d04",562831530
"ac46e3eb688cb1cb17da2545",998022894
"ac50dfe70b599ae93ddee4fe",906380254
"ac65d147ee69785195ef7da1",830550726
"ac6a4c672dfbe20f5bafbd89",641770478
"ac73b8700744cb7835f328cd",540401218
"ac7ab254166442188c6c5c25",884373003
"ac7c0c806b57e4942d9ead3e",836601937
"ac7c323295addefb43c62acc",865682770
"ac7f21d22d013874c362d440",1026011956
"ac7f6087e19c2d3502368fac",552105425
"ac822dd448e04e9f8dd1721d",1006439639
"ac85c8f7605ceff58dcb55cb",368930223
"ac8aa244c21a9b86de4ed599",1403722100
"ac9ae945fe25a46184057606",1425677939
"ac9baabfd96d58e376149a7e",775198619
"aca1776ef24acabe172d573f",1250939519
"aca37e216a27b4dd5337df99",824514975
"acaf9e18bbc7295633d92e01",763844344
"acb1d16ce30aee0a39f01f09",930635861
"acbb07a2c7a0e39c0102b3a1",685677978
"acbe4eb98668ff4967a8cb86",906420017
"acbec9114912932b9cbaf0a3",838506165
"accf7bdeeff29ec7a209c509",405287972
"acd6ad0081960c0f17b144dc",977736096
"acd7394afcee30e084844c63",925571282
"acdb13c4c8e2a48b0bdabd91",1185645015
"acea4c7aa1185baaf6d3b60f",602417438
"acf0f98cd8f8c8ce06f30ab9",1489175683
"acf15357c1a919b6ee78f676",1264447369
"acf4d60dad7953065b59ced3",1184320553
"acf98212eb702c79f16bb058",724274152
"acfa7a1cb136e4474b7efe32",856949560
"acfc06021a7a81313d85f62b",460911734
"ad0025f5b240d00936c82f9b",463994520
"ad1322132f3b533b4aced580",445603402
"ad1492590bf61d2cc83b493c",883528316
"ad14cc63c36789bfc1bac0ef",361633717
"ad14f4403926de76de2604c6",366550351
"ad159116d166e45b70329bd5",671628752
"ad17072ff24e0fc0e61963b4",705694454
"ad1c32cf75ffbcfc842e3959",388385783
"ad2081cd75928b8f5e506944",1541081492
"ad351bb6437583ec871b1739",786945285
"ad37e23456bd4d90010f7784",952863358
"ad38d5660b6f1eef23b76039",381948215
"ad393e9070779969b496fa72",803895696
"ad3b4ae81c322a9f91381bea",599540290
"ad3c644b506498127c7beef1",848840183
"ad46f8bd482500f3bb935737",723514757
"ad47e82c9efcfa36ddac0a95",437344030
"ad4d91ed26c1fd5702b94064",737161675
"ad6317cbcbb8bc27b0774fca",1377609160
"ad662354d28a9b2d65f537f7",960622546
"ad663952ff2ba1953efdc460",1141030806
"ad71acd782a4fce4d9af04be",620287232
"ad755859e7b6afbc021fcf6d",1035233258
"ad77298955813089bce818a2",685290970
"ad7739088e8febc68abb42e5",925177685
"ad79f4fa23a28cc84487517a",906644796
"ad7cfe29b56c915dd016897c",528425812
"ad7f3aae29fa1e7ec900b563",1048135733
"ad844bdb1150508a4c6d57b8",848346521
"ad8ac9edabcf2d4b06ba9fc1",931660627
"ad92f3ea52673dee0a56902a",769641452
"ad9a1b23979f0edd2ee19f38",819349384
"ada53307260fa34f3a6411f9",804635091
"adaa406ec9ac311e9f9c0bbe",516860681
"adae78b82caeb073d84f02ee",906620587
"adb51a572f3198367e3760ef",758199354
"adbb5c4ba7be2903799a51b2",1064036510
"adcc03f332b427be46f118a5",826243540
"adce397b6d1473b9b6d02865",822338178
"add1a20e8bba47aad2edec69",1122533292
"add4f9dd26fa34829aa25eaf",1099088587
"ade0c9cf1f9106e342c69bd1",827331651
"adeadac88e573824f08efa21",704360479
"adeb9a6ac3d357bd96c019ea",975627325
"adebafcf3eb0d34ae31718ef",1123394329
"adf055978a7a8e9bbd88e741",391948169
"adf176b63ea23e08d252b5ea",769339109
"adf5879151c7236f5e055e1f",826297124
"adf948af7b24f9b6f29610cd",448151926
"adfdb0eda9aa97f0d3005c4d",686372786
"ae08b7f31e69fd930ef4c832",897248457
"ae187fea3c46c3fbee7e6e8f",704232862
"ae26e4726c16cb2f6a6d3f2e",963768148
"ae2c10850b4a8ffca934cc72",1422833710
"ae3868ac8c44128b8a955829",819486920
"ae3f7f428b49e6948ebe6fff",811815665
"ae41a566826a10d5a6768d36",727644402
"ae47cf27964393fd56a52d7e",865535830
"ae48e30b60ec254bf0dc89ac",1030385276
"ae513b65e06b69e1ff2ad8ec",515372248
"ae556ff5f318b73d3b29142d",524736761
"ae58dee872922a9c678dbfcc",1463009823
"ae59a0d6441697841d86cfcb",555607370
"ae5a4da0000f79f12142e2a7",712888936
"ae5ff2b5eb4f9ac44fef666c",572491399
"ae664789baac0c47d13c3c19",783946055
"ae6ac510d3e46a50ef24896e",404109279
"ae6bfb4eb4770f2266e3b961",571936962
"ae703276c49b6a6a9c39770f",1046332045
"ae7ce478fb66882a2c952012",798531755
"aeb330dede55fb66654901fa",1033491197
"aeb66f808982c6308d891f55",721798701
"aeb68eb7eecc4aecd5529717",1236134552
"aebaae467e5f01db3afe69ff",430324726
"aebb556fa6c9275a9b5c543c",1346890930
"aebc3c6079c1a80f8b2f1c7d",773141699
"aebd6304298f84e7d440c379",1064775500
"aec1778ae3b5e60cac280b79",969287588
"aee8b22ecf19495fc5894a08",922559147
"aef06b27b0a080b5ee539b6b",461953788
"aefb3cb6ad2de9ffa90b9534",725066152
"af0502ae1fe341c2ce1b5325",530163245
"af067a8546e1177eefe24916",542508011
"af0cfebd54f32b9b92c5fdf3",565505550
"af10ec1529a63d0bc10b056d",1328350861
"af1aeb2ba89d29973f73511c",708784899
"af22669e3ed10470623fd8eb",954695282
"af230af0c73a5f2b72787c1b",1323866325
"af32aa018cdfd081a81bbc80",449192547
"af3e3a83257eb507b96b2a1f",1466507666
"af578bfec5d84cc2f4ffb8bd",847930773
"af672710affcd7e44eee9ba3",553154212
"af67a68803a18663e4b03eb1",504023585
"af67d51867f382dcd9cf34b0",996951755
"af68665ae8711d009e8810ff",765809335
"af7131ea57639ce5aa1e102f",1326705023
"af820361d5f20198bacf839c",857103217
"af8c90983a23ee15c72b8e22",1611036849
"af8f09175265e1546200ff86",512914742
"af911ba38d5376a8aa53fcef",686557401
"af98a0e223a825cbab78ae49",918142494
"af9d2f5f62bf74a7fa9c74f4",752340613
"afa5698724bea14940667231",1001600402
"afa842858299a6ebee166e31",826464201
"afaadd87a196e04b934e0b1a",422395274
"afb02897c700dbac941ba8b1",574938193
"afb03f7cea99023ecea7610a",472841061
"afbc7773755043a40a7f9d6f",489470542
"afbe90d764c1821cdb26e38a",549349105
"afca7b219d52b22522abd00c",592126110
"afce1d7c5576dc49c80bdabf",659981321
"afde90f91b01b0282bb94335",731164203
"afe03b938be9cf14e98d4a0b",381434234
"afeba13fa3f81249549cd2eb",490728770
"aff22625564f00844ea2610b",570902650
"aff9e510eba008f3ba5c1847",871876857
"affae17b6cc59bdaa30e29c2",844625004
"affb62139f02e524692ebc5b",570188772
"b0015b31facc48a49f1313ef",457440919
"b027f75411dce9c742c5d0f1",705173742
"b02f1997e6e6f97dc808b8cf",1028247281
"b04449c499843cf46ccb695e",689625859
"b044b9a587b2c6ca00447177",1302680592
"b04d16faf40ee02eda59a9af",439232480
"b057dd8a9c2082d1a78cba88",383756999
"b059afb753452ba358fb432e",1566906301
"b05c741bc5013a7a6abd31d6",489018893
"b05f4b5fae2f2faaddb377fb",623866947
"b06d3ee14ccf3d46fe2431fb",823275097
"b070e3747bcf22ed67509efc",694664897
"b07cd6c30350efc5de211a8e",820383036
"b08e0cfc5bdf5bdf5068ebdd",1078000934
"b08f88ef973c9d1c3a86695d",1364252647
"b09111ea69c4be8ae120ddc3",905324583
"b0962bfdb6a2c79a0ca84e48",736846793
"b0978c973ec3291e950185c1",1058256049
"b09de5f1e028d4fafeb8a22b",831064149
"b0a03d567e287bf4cbd7bec3",400195082
"b0a0cc38f73c9d90bff6ad92",1259693139
"b0a32581cbb586f9710dc3e2",1211254837
"b0a7295da89516be1c44512e",1191884856
"b0a8e4b4ef6678e6b43865e2",597650728
"b0aaae3a435fde30c4c02fac",1033491197
"b0af9b1e84a1886489d46b91",771053470
"b0b0db3bbe07839bc2b600fe",1282166442
"b0b784bfe2d3c1b3b1320613",729968628
"b0bb2299d5f456f800993a11",663873679
"b0bbdcf0916b246ca95c4721",852973896
"b0bcb64f2f2ba69cc712e0ae",1065982537
"b0cad5d612954b8cab18101c",924884801
"b0cdf05097df437354564bc8",393482211
"b0cfed2d25a5d78c96d39d20",1083050226
"b0d20a04106ebb87e2cdea37",1348412631
"b0d394d6c9b8967250854c66",1273433950
"b0d3d98076883f346cee8d04",971782936
"b0de107a8cfad95f09876eb2",896926778
"b0df95e9fc94d9aeebc960df",750328602
"b0f9bfd521802b0d2586300b",1271710611
"b0fe09d086490092f1690fc2",640543900
"b10b428245022d55db248b72",498998835
"b111b17ae1fc17e3491b7a5b",752363573
"b11672f22fafd555f940a8dc",579597817
"b11c3a4642f7eee2e443eb32",1091161681
"b129a508d1d98a1b6dd2f61f",726945251
"b13683c625c97c23333269eb",469535581
"b13cdf9314a34852e8db4221",493840468
"b13fce1462ed87e57ddec917",805673230
"b143c8ca6d334f6a73c3f2a0",383157993
"b1527eec2e6709dc51e03f9e",1097590722
"b1586cdf68f36926c3bf72a2",417662182
"b1589aa1f58f6dffa93a3a61",1411448809
"b15bcd6248958d98867ea585",886291294
"b15c662c56b19d3843737dd4",523314474
"b160d30961ddd3dac16184b8",605779626
"b16fda9be5edaf4cbcf07122",1245893835
"b17840ce59c9d9619b46534d",545296566
"b18107a422b9eb6da9fb692f",985727904
"b183776d007d85bef0f6671a",720538725
"b183e2562cc4816244ce0e1e",531225062
"b1924a5697dfe829b5b8ad76",485706844
"b19ab02a8e22f3e88a26031b",688697842
"b19be1ad7f60717a943ff0f7",465560064
"b19efe9cbc26d61daff5ae90",554237761
"b1a13541b37964b8b85f4669",515523651
"b1d1bc7ea83d5c584988b95c",612470445
"b1d9704dd39c6cef28ae3d17",522347170
"b1dea7d384760535b770311a",898308418
"b1df92683a593edc3f2b45ad",526267296
"b1e3f1efb232cb0976506cc2",907909787
"b1e9075645f4b374c7301346",982252052
"b1ec4b8badc955f9f4fe2131",694358897
"b1ecdceb6ac00b6b047c241b",1054510370
"b1f0b12c28c9bd2d16b3545a",513655855
"b1f8fdc8e3e25517ab80c065",447329526
"b1fb98d0ba25b21c6647d423",1273951408
"b1fdade0fbf0470060fc2708",419865870
"b2078743e33e1acc49c2d2ca",882775354
"b20d6ca58e91ae70b6e0a1a5",1034548316
"b2183e5bca67574df7d5985b",532667833
"b219848e66fb065d4d2441bc",1105703515
"b21f6e217d6733230a8eb7b7",900983564
"b22350d505b87dffaae3a5e2",688185733
"b225270821758e45cdead76d",537541312
"b2286067a73bc0049328b55b",649963693
"b22c39c3df7d8e32cec2ba43",461161472
"b23341faa7307d9d6009c6d8",583916413
"b234ef225690d57e7c2af4c0",1267296429
"b2357bf117ecb5b9082871ca",362790223
"b239bdcbfae846bf74791728",603819723
"b24bd44eefc3ccf053939dfd",588666766
"b24fb90a2aa5d9d0c7e1541b",1075805177
"b2506aa9463aebf01e1e00ca",446501823
"b25734bf3ca94e775f467e85",453752978
"b25f461b3d48d833a73316a9",1335782435
"b26f22f1fd5a991ecd1e07f8",837571083
"b27088c3ccd93e7d8d5571c2",642714938
"b272c1025cf5c1e1df47042c",696048214
"b274adb68a37458cc5181fe2",1032482421
"b2759de47d28e8cc05c94e36",597545864
"b27fc4e7f6042d70a7651038",873384813
"b2809471a0164e3d41b8fa60",1172697132
"b287339babba162e290d0fb0",476495066
"b288c52e4d0fab9f579122a0",709771120
"b289cd856f9d15493d31ef6f",1160036669
"b28ba88f3665a2f26c2f8e47",1103064141
"b29e5a75740c8439aefc9321",729481484
"b2a417a8d2440f9124fd2ee8",887417860
"b2a7a8ccbbec39b63e4cd028",788775603
"b2af005e93b0242e0f62f298",589420642
"b2af9047dbf58867ed0c42af",952837915
"b2b7020e66872c8d83468cec",474353209
"b2b99019a929584b4904b98d",955968966
"b2bc172a3ab25b8caef50189",1099965209
"b2c5af8615b8899deb16c896",554982477
"b2c62bb0cf8d210dc4635653",1219314394
"b2d160f54ce5f98f46818e4d",907284859
"b2d32589626abfc81e44cf70",936817489
"b2d7355eb2aa975900776275",721340399
"b2e37eb7cde5cf4290649ad3",1226320722
"b2e7fd7bcd93309664cd225e",1089111521
"b2eb63e5da917ce649a72142",493577740
"b2f089146c30929c4836f0fb",625464688
"b2fd7ee866066f3ae0dfb3c0",1161967657
"b3005057f48c1794b7974f4f",659288079
"b31601cf48b268f3b4107564",861658373
"b319d049a3a8e4a095940106",772964761
"b33c9b03cc12a253e4936cc3",727884544
"b3401023d3097815687d1160",1024283458
"b3402a9173d289d6db78e09d",1402228913
"b3413352f0280412f53562e0",423045132
"b348c76e55613f53c8bbc94b",1050950325
"b3561144c745ae3d329dfe1e",492841155
"b35c58fc1c05a77433025318",1194440553
"b3616a055e722e3720cca48c",1113177517
"b371665aece480b8c1602773",1402828137
"b37af80bba5adc197cb51649",619545870
"b38776cf09ec8e90fceeec84",466887716
"b387b5eebf501a620f352504",951141980
"b38816ece917027a179663d4",1066413663
"b39d1b2637dd8e307c8ba13f",1295821159
"b3b30d8b869eaad2382c5447",1131680581
"b3b63d292523ce0a925b871c",867166781
"b3bc9a04a3ebc1b911326735",1097999028
"b3c02569b8fb721934f51c52",407841556
"b3c2187fa96006fecc6b8ba0",411486633
"b3c77f4a398b61d9c204f8a1",1067327330
"b3c8714dcaf5322475ce2c60",1237760102
"b3c99f30b16fa80cdb4f213c",625500478
"b3cc5930a3cb26e35a45e09a",489349190
"b3d072ebd7908688d908d350",1100267365
"b3d45812baa819caa1400255",715657264
"b3d82ceeac64b64142286375",565809801
"b3d9a095c9c73004643c9e78",1133415192
"b3df8c66475021fc04f107a6",766010933
"b3e76a0a1fcacd0218c17908",437864025
"b3ec2f8af6e9adce047536b8",880582459
"b3f5af523b5d6d938693ebfe",1024453441
"b3f8ffa761119a5441a44ad4",1249291894
"b3fcd9cbfd485e4e1da6c89c",575651430
"b40128f5e17574a5d3da9a32",869508679
"b40873d316de1c295f2a97ec",428535055
"b40a9888ec0379fbf85516a3",1459105593
"b40addfc0da42b0e530503f0",652991893
"b40d1d2b7c1db9cc57c65fce",1339793591
"b419d977b283e33c0b3da86b",1377264990
"b41edc115f6b439caf392941",454801400
"b41f7c1cb9cfbd188f8e0233",974464980
"b4245f075bc41aa29b55d324",860016456
"b42734770dacb7e580a6d742",600476430
"b427d767b071c3e5ac2a078c",382144234
"b42d5b5b38686929eadd56d9",623762242
"b42f936db049a74c7d24b0ef",1556374039
"b43b36ea4f81bbfd4dc4d781",958601879
"b443781523fa0b5be4ad7739",903801129
"b44b862cbd855d46954eca5c",546043848
"b455979bc938acd34a580eac",758435113
"b45911f1875da543199e97b6",996252236
"b45bb2d0d137de6984d4e1ec",545659672
"b45c8a6224ae2656b4189526",683549530
"b45fff2e718e54772d46a3fd",808057098
"b463c62e3c21e339e7acb52f",730343254
"b46625b69fba1afc154471e0",1168394841
"b46bbf66cc82a4345c5da177",1080749357
"b46d50c84edaa7feba938671",1234245090
"b474103c4b637ca25b5d89e8",526397803
"b47713520859d58efa95bb06",1233362605
"b47fe4670c6b065a9e1db429",533758081
"b48093abeaa178d1f7fbd83b",1076067857
"b485036419de03f5bad01f35",921655135
"b48efa9ddf36e85164354f26",1256120632
"b4a4d705930d9afe896dff17",497682380
"b4aa025f8813a3f0b132b7e0",568070907
"b4c2a0a1a63d35a9a08a6e15",955799408
"b4c779732e827ab2fec8e8eb",1201714167
"b4d610e0ecfe007c133a5ea4",440291019
"b4d69c7bc93efb3790eb1422",1050904221
"b4dc6733589bb35444b74c55",1098772085
"b4e084d14962cc58d4089955",1045919012
"b4e14604b888c994b64f94ba",863662462
"b4ef40e00d089a35d750888a",1122496895
"b4fac45659e67d4e91fe65ff",399705336
"b4fd0aa09f993bbfb1fa8abf",507317306
"b4ffd0a2cdcadfb962578199",713707963
"b50a6b85399ea2c6b5c33405",615231252
"b50b45bda0905a116f238c1d",543334371
"b50e8c13de383e64711193f5",421139517
"b50f2c871166ee1009416be6",721147806
"b50ff8bfc0b4c4b165c5ccf7",983164869
"b515b1caa608ff42574e5a06",609295373
"b5254c6c29b4f6984d328216",374417097
"b527813993b7bf4a10c05683",808982375
"b5292c1e1683d40be46bc2de",792074262
"b5293710d0cd75f95de001f6",313272483
"b52e0738dec9d2f119c75a9c",681941273
"b53d3d578b1d7d9e00c8a00d",1047753963
"b53d4d8d0bd4a0ae84fbc22e",556085517
"b54940561992090411749db3",460067675
"b549a72c938d767ed504bd83",699435187
"b54d3ce25f3f03cf3fa0127f",468910890
"b54e6757829ac95e2076d954",607772553
"b54e8d557263624947f979cf",1180430332
"b5606ddf3a4e60e2a0e0d6a8",1002406916
"b56533bb19eefcb244e69470",1218826103
"b56659e70367566a4ddb81b2",1141448740
"b56a3a017449fc4ce417009e",565165888
"b57174dd86ed451448dc501b",546966351
"b57250de388b7172a39dae8f",1155009516
"b57ab7afef2b8aee016ce6a0",930756572
"b57cd3eb0290984f061e1053",608268908
"b57ebf09cc691bcf009ef115",1320937957
"b58208759ce1402501f68906",894589520
"b58533a6850620b0960db713",605545119
"b59711a5971a3b482db4d9f7",953206917
"b5a62d480bc544f891fd8521",1083932662
"b5a7d4288dc7a7868678b9e4",1066202145
"b5bb9af24f9de68e91a1df76",1415009590
"b5c074ee2e2538aeca099fc4",970771436
"b5c34f90096fc88b8ca758f2",1257592552
"b5cfd5eba0b6297cefd6d3d5",1236231223
"b5d0ae257748ea92c47d8fc2",470162897
"b5d6fe84ee7c6a703891112d",1413401950
"b5dd038cf35169bfd0e62eb7",802374561
"b5f0dfbd34392f6855bb4b52",591969146
"b607bd072e8293d6594f3829",822372685
"b6129a71f8e320aee8abd0c4",796280778
"b61e9e4f3a2e894932b58ed6",572289426
"b624f0438025478c9f66fec2",1119388204
"b6281efabdbff697d70925e6",1295317054
"b6283a5714e0b977110318ea",493577740
"b62d64605362afc574ea5b0b",1248622497
"b62e960eebdf95c2eaaaf9f3",1145144966
"b62fc917b3e8ddd64bb81018",470830564
"b638b937d4f62949b9eb9fce",997056345
"b63f49396431089dd646837f",650407660
"b649d315ff3c97c4e8e9db73",339970404
"b6514cdb1e2cf37e3ff8090e",1417375817
"b65a2a140ad5fc6e3e26b6e3",585553663
"b65c0544e9deed76615a3138",768434257
"b65efc402cfddc0aed4e1d76",843589770
"b6692a933facd74b4b11569e",359499708
"b6695af1ce28eb50d7a2c25d",1092396546
"b6767d1e329ff5e28c42f632",597415949
"b676ed2d0af6807cc2b28ac8",1305000849
"b6775aefafa4dcc161eaf6d5",794516388
"b6825cfa2fde9b42fcf04c59",549697085
"b6853999c45e21646a0d1b20",394008669
"b6a21387674a509514fa5518",1041559223
"b6a2406025f0e1fa09690c2a",571731913
"b6aa1cb0187c4a1715517fca",378052485
"b6b87c05c4238be76d94da2b",340266222
"b6bf2760cfa26cb28fc989fa",714534744
"b6d3345346f43dba053ceccc",1330782834
"b6d5cb459999de084965e993",1095137805
"b6d84e7d569d8d0f0d0c9066",900080092
"b6da1db3aa02debd11e26edc",660870643
"b6da2728ee41d035da57c822",1304796759
"b6ebc3b8408793f5058cbb90",1507704168
"b6f195d44ddbe10b78b97191",469865266
"b6fcc49ad3656cbd3f4c2ea6",816181507
"b70082fdca35092802f8745f",460662132
"b71095bf5e80bcefafb12d52",442556699
"b71857f1cc385219f114035c",464627727
"b71905255273cbb0af1290a9",608519558
"b721a5846527d5338322c9d6",743155894
"b72459ea34fa22d1fd012dc5",1215923657
"b7273cac93fb7a0034039600",1413536749
"b732021729ecf88d6297b48c",927640861
"b7320c35e90f33fbb1c28813",829570716
"b732ff1637ec53286e890865",554853349
"b73945103f07da807f7a30dc",1299112537
"b73bcc0cbfa173c9fa404369",949389304
"b73d317e1e8ddc3d5d0743ef",1143577790
"b746e4a5c9d04cf4dbf887da",1091461419
"b7483c951d2c19de665f07b6",377339292
"b74a02ef5cc838952bb9afd4",775556516
"b74fd7f7db38ec233c6ad71f",454810075
"b755f88ff3907bbe2a417e07",1159744644
"b7570bfc5ddc7caaf610908d",559307521
"b7574b06d593fca4eac59815",435560058
"b760fde2d4df27a168ce0e80",1351291075
"b763f71e8a5bdeecf0f3f0e5",397239819
"b764bb8ae8ba0d736bf54f5a",402155473
"b76a3fe6a49dcae6e6bf5815",798821193
"b76c45ccae25a06dd5fc432e",786184657
"b76d853ea415967415ace0d7",925467130
"b7763beef728bc2021ebb841",544127741
"b778282fc4b9c43055629e44",1015088051
"b780a0ec18c61b0760df9433",687891771
"b799aa1dd2de813ccad401e8",677839544
"b7afdbc1b57b52e6fb03accf",1353808944
"b7becde9261820feb7cd926e",634057755
"b7c07f8afe037d55bddb8e41",462014588
"b7c0a0a4f5c5b986a70ff249",515801996
"b7ce05400f0261743073e072",725207227
"b7d245742eef110adc91b5fa",1010180256
"b7d66c5f1ad06dfcae5b33ff",494224923
"b7dc47c641b46ca99fb83a0e",1077295914
"b7e01962fda2102f1402a444",876099359
"b7e3b0c90c0d3bfe5befec54",634078314
"b7eb15346797508f47ae094f",695728335
"b7ecbd35179a7658f3c11b41",1343017335
"b7f164b79658952248866c34",550771761
"b7f47484bbd8113c62cc8c1f",575982013
"b7f906741cae6861bd5fb922",406352277
"b7fa81aa571906a93e9b6cba",1348870506
"b80593fba07e21f8bdbc352e",1398777662
"b80c961aeb98d24d968c71d3",1067219440
"b80d0456fba49a40fd774e5d",1022895343
"b80f3a46440daae51308d459",788799675
"b815204eed4398e600b366ad",1166902676
"b81679b32ea288e9665dee49",1177219576
"b81801f02a73feb1db7f5e83",668813839
"b81c26f2ea6b66c8315d1146",1145369959
"b828609eff041a68fa243a12",820616218
"b82e52830b51e823ac7187fe",420978896
"b82f8abc8001cd6731c4ef45",619712510
"b839e76df5d73e7d53691707",1026064795
"b83a5c303a2b079585b9b94f",541130438
"b83b0a53ead29faf9dffc0fe",1227528251
"b84795015be5077f942f5170",419978803
"b849cef46f19e13d3fc9d5c5",1431397117
"b84c837c5a1fd0f1ebc5f8a6",530503119
"b85a7389bab2e651f05369da",470512766
"b85acd44e18ab485d3ac543e",478352716
"b85b37ae83ef95baa03752f9",977275578
"b85fa4bc59149a7a25447537",422368689
"b8680f925773229571014e61",519052881
"b86c526fed01211fdbb62815",1288555380
"b86cad78da7bf06b5ac39f99",1035347789
"b870c8bd8f95426a7e1f9c88",677793003
"b8896656cf6f5dd7c33ae46c",665070085
"b8984fe54819f5fcc43860fd",521573620
"b8a42b02c50438c2ad7598a1",508060992
"b8a5928cf1f7e704e9933bed",573011399
"b8a8ad4c0215077d3e5aa472",1172457825
"b8acc8e72f2c498fede3fefb",869891867
"b8b22c1afac62b05ad389dc5",421928253
"b8b46931b93b7750e0d1ada3",617826537
"b8b9b90d5721a9ed5e72b328",469336807
"b8cca0d70fb46f3a31473e98",988993441
"b8d06f4ce0d6e71ba0fddc26",651492809
"b8d50a94e8166e471fd8282b",747219474
"b8e15d182ac0c74fba332b8b",637810606
"b8e2b98548a234a245d7935c",714219991
"b8e8d84450f5e0bc8a721c94",1071102191
"b8ea07763f2e1a3d635eb23c",467292186
"b8eb177e22c63e84738e7788",997832554
"b8ec643c66478da376153333",767855535
"b8f2b9c2e63f0091b6038ea6",1397633577
"b8f7bd85b61951ce83d7f57b",1326639232
"b8ff548543842246ad439703",1177219576
"b925c9218f5132c6c81f3a18",397620354
"b925f9ef733930be26417458",797985157
"b92929668e884453d3a0d633",430858564
"b92c9c464e23f8b987290769",547858017
"b936e36ecacd7cbc3498cee4",508457487
"b9398d6bec5cc44fa39b8bdc",763111866
"b93dc01af5f49e6dcfb7a547",404694723
"b93f2864087d41c3c92d43c3",1078883372
"b940561f2d48444e139eaf71",399089810
"b940ba03ea60d4cdc5d2d429",795518713
"b9430e8c145c2a0d7efab2a4",933320045
"b94ea2b8b847a47140d04008",1405565352
"b9551c416341fb167049d4ce",962206908
"b95689add02915dab555d9f7",1166557745
"b957548768ef014088a61b5a",408566420
"b95ecad591e5c69fdad8763d",506561183
"b961220d34be930fada80887",978152053
"b9643a26731cf2a9a243ef33",1183191635
"b96502e30fecdfae7796f1d6",628251713
"b966fa606a3b50d3ac7249f6",1359076495
"b96b4bf38bdbd61d4dd0bde5",1064698329
"b96b8e1d636f0c10c63e5c6e",786933278
"b96c9e2591a4cdf9c4e0c09d",876457032
"b96d8b77fb5ba71ebce2fb26",568053571
"b972611aaf1b68340de16545",551356157
"b9809baae395914981a9296f",1008226480
"b980c778ecb2709696265c10",1444515282
"b9826d7a6132b16df1bf58e1",497244967
"b98967876009fab4290736f1",772978030
"b98a462d9782988cb54ced54",1235156477
"b98ee16e8fd7d1c75a9da13c",1174349010
"b9973b07c84b99dd1018050d",535672409
"b998aeafe2cc93bbd96dd9fd",439932575
"b9a0058c58cabd619e226178",1172869374
"b9a0575867a59dc5dcbb9cce",739207462
"b9a573a3f2cedd87c7dc6477",928010725
"b9a80a4d84eb918792324dcd",435293464
"b9ab2dcd8d1855e4bdd540c4",1502596937
"b9b95c89c988f68429822e81",643379710
"b9baaab70cb83475ac3bbab4",617843035
"b9bd63208716e4e0f2dedceb",443325506
"b9c893f3c3ac4dce40d0ea19",780822718
"b9de7d7b9a8ef7c64e5f6bdf",829630844
"b9ea1b9fc0e46ba0724cbc0c",501829769
"b9f9dd0d368df912e6e0ce70",833446837
"b9fecb3e6a507ba17764c303",350436559
"ba0d0663943a118228fd12bf",460028188
"ba12305002d24055c159ed34",394474882
"ba12ab0869d66e03df12b6d2",403335390
"ba137cbd10757ad20e5991c4",684020352
"ba16ae6ca55dc3c0d5480944",710115064
"ba187eee3858263fa664812a",320944459
"ba1b3c8ac8afafef56233c84",711792480
"ba2118c330e19baf4f3ecf94",928968811
"ba212b5f12959e34b4887315",738932577
"ba2423d79744d763aa3744f8",1082416225
"ba24834c9fb0e87c4ea7d1a0",918089959
"ba249dc7eae0609f20ccf234",658166094
"ba30cf03fbfb0e36e5d415bf",1573642181
"ba31c38eada33f680d44627a",658947387
"ba32f2964e8b68ff5555fc34",1083178310
"ba35cce2e715bda1684c937b",1021279228
"ba47346e7a53412e78363ac4",607339154
"ba4e89128058d5564987dfc5",463232278
"ba511b37b4bda08d191c68da",440846469
"ba524c4e2f13109ce814ea38",728156707
"ba54b5ebc5d4f554bc56dec3",661154319
"ba601c13d20602c988d57246",953541506
"ba63594585c484bbd20ed3a1",584427840
"ba7120c89c8de0e57e30646d",565349172
"ba72421716765ef6aad9b4cd",1323129209
"ba762cf12cc038e5c43bc6f5",652891016
"ba79c72aa8bbb0517c899b59",1176853638
"ba84fbef80c8a82895ec599d",1570910203
"ba87ed2a657b0b042a05460e",638437425
"ba89ed56d156579ce288dbcc",486185108
"ba8d6800443dcf95bf9c1037",604924055
"ba94572d1e050bb92522f112",475357646
"ba94676bc0385678ce3780a3",619545870
"ba9be0b67571b1e9242664e1",629301097
"baa146a6537e8630180fdd35",954556901
"baabbdaa5e8f69fc90d303c1",1415306502
"baacf0dbd690644d74f3a929",1022241961
"baae43ea29f7e419bbecf998",531602118
"bab5690da7c42909464cb9a2",570770907
"bab884e0f99df269805e83a4",978361032
"bab8e472424cd57faab87ff2",554421731
"babe27dc477f5e1b7e438422",693707605
"bac550d41b2cbdc6a110ec7c",462732461
"bad7560aac04600e1ec1a9ce",479300710
"bae512bdd3b04405c519bf4a",741848731
"baeb4e9d612bffb63ae3564a",1337260978
"bafc63f23f097c24d36c76fd",644497385
"bb084299ad23f245d7cc5b69",579241956
"bb19983466b1a1184ee7ea1c",858608548
"bb1ece5366ebb2ef9d52708d",435632340
"bb26b45df6a70b6414958912",490351711
"bb2dedf6198be0f3ce2c4ffb",569308537
"bb31607d0bc3ee4a37fc912d",868510861
"bb33aa4f1a7732fc8ef19039",383215732
"bb38c1c17612ce593e5ae7bd",385370691
"bb433dc1bd769d684d8b3352",913724329
"bb45c98dbab56e5abe20ac0d",910761171
"bb47fda808b52f30364a4d6f",444388823
"bb4c7900162be66534d17541",816520948
"bb5726ac16b4ade709151159",530585085
"bb5a6045d18e19613325dffd",1454448694
"bb63f086543cde77832bd4ed",467675598
"bb67d95fc94532b1fbe80ba6",790200117
"bb6f66493fbafa76d70b0a34",1100420573
"bb70d80b0c6ad3022160c8af",370815959
"bb71a24bc5ea4051d84ecacd",1333201459
"bb7c68c2652c7e124d88631c",528071153
"bb7e14611ea6b5e4abb5b89c",678107223
"bb812343bd6cd66e9cf9a9ba",449623707
"bb90c874275456d5fe0de83d",551949594
"bb962a9e3861b06ae1daf833",580805167
"bb9991da696d6e1f13a32d0f",449077755
"bb9fa21902daecf876c0467f",932764798
"bb9fe73a8742dec9b2e79135",1409436535
"bb9ffa04d913d06846d082a7",1128595965
"bbbf74a3abf9cd8718384a65",417019003
"bbc675f7edfa0425c78c15ea",737766513
"bbdd78a7ed332e679c8e526b",344325769
"bbe2c06e6f90c4234a7781ab",1146099855
"bbe705b86c6ed4da775b68f0",400631171
"bbf16146922556095f53b5ea",810109558
"bbf80c409ab3a6784028eb6f",405475087
"bbfc9b05caa647bd95b3c88f",559944760
"bbff88040e5b20e874cfad9a",880211350
"bc08ce9f24533cd644ef08b8",549818720
"bc10eea54e4a1767881a2391",725728890
"bc1335d419a1c0f6e6860470",1272161852
"bc168cfefe964762cdf8755b",942320969
"bc1ee1f8ffe1ac88f08e2459",665987858
"bc230105784ca8640e499ca2",632026855
"bc23e25cc246ced4731ce5f5",899757398
"bc23ec33573f28442b36f60b",661800293
"bc28e66374356a4fcf9b62d7",636496895
"bc353a421fc579770e432176",547743084
"bc3c509022e3f6104cba5203",996058434
"bc41e69def6bc7490800c4a4",350652520
"bc474096496b98177e40f590",971721771
"bc48ec7245297b4cb85dca1c",644508449
"bc4b7bbf5df92f476b6be103",428391223
"bc4b94c892fea57ebae3eeb6",485152240
"bc52abbda9027e10b879ed50",519696790
"bc54f5dc4e9ce267ea592813",547783830
"bc57535516748048e38d4a2d",1089570704
"bc67f29c8679adf31353bec6",779192149
"bc6a7d4ceee8bbff9ac5eda8",1137341352
"bc6b57600fa9edfe13fb3118",812134702
"bc6d6249873222ac7f22b73d",860503778
"bc76b078832a3a81b6d637f8",1150436342
"bc7e867cad6f221dc44754b2",810040029
"bc834280fb45fb308d957640",582916026
"bc8bd1feaa8fca4c52e130f6",406781884
"bc91072d808fe7b43e972f42",392724179
"bca5301e6460eb859b7ef34a",529426588
"bcac2a4cacf13a91805557c1",458269670
"bcaded180edb36336c2f5b96",960342254
"bcbd20cfc50e2f032b174b56",440810314
"bcbe8ed608f233d5ed7362c1",1308120915
"bcc584e6a08822158e2a1454",561579059
"bcc704b2e178dd20497e073e",392316152
"bcd302e3b5342ecd8cc056bd",955367444
"bcd31d201096351079cf7ce4",645384307
"bcdcce01d86d648c4502d42f",637453047
"bcdea05b890394a10d24601c",558740274
"bce0a4447db2d54d36661011",604924055
"bce608b4629b6c8512ea2fde",792793711
"bce7369d51094d3a9d3495e6",1268055650
"bcee01a5d6a36f48d99a5e4b",716248557
"bcf12785c25f6e600eee8fc0",584116919
"bcf2c303fc03897585831351",1296844799
"bcf43ae0b4b15ae168abca97",1145184282
"bcf775187c0f5ae1cc0e8ca6",667624705
"bd018b302f732baecd085ff0",1154146261
"bd0261ab68cf56950ccdced9",774196794
"bd0329ddd50f2dc4dafebd26",1360111190
"bd04c8b6b5e381cd5f881379",475938271
"bd05a6f6ebf924adf92e5577",1128727283
"bd066d5d19d41c06b904d51c",817906642
"bd094081331ab259b1076261",598273453
"bd0f754b0fd9b7af284419b2",1183372190
"bd12c705950c46e679c34bf6",1169688108
"bd1fda425d792fb0de7b4499",614132701
"bd23b1463f0936d2ced5fc67",749073114
"bd264728a0464376e22b6bee",589894133
"bd2759d469829bb8926dbe09",845132620
"bd2f9648ee9ebc1fdbfa53b3",596607465
"bd3edc7854cffd6b6debfb98",633275776
"bd4526ea5b404df442892788",436723017
"bd4d0b8799fa5999c5d2ee3c",1045189122
"bd52dc8dc5398e5ca2952473",404602106
"bd57e5cd29d935cb26006835",736791983
"bd5d2030639ef16370cca032",887147083
"bd612d494e2f21051556ebe7",1045919012
"bd6ad9a9ab28aaef9b4955c8",870446212
"bd6b68abb113370c35786557",1025732148
"bd6c24498bf413b6c5adf81a",582722600
"bd6f3819a1c0e551598fb9c7",438828861
"bd74d43d99a240ef4190ecfd",618550505
"bd850d1ccfc4b21a72f3ec44",1039330640
"bd8b005383020611b8922147",476616866
"bd8c1ff6f9919ec6f1dccda9",735430084
"bd98add659faedc1820f96a0",538925166
"bda2fcbba2b412981e708054",1024453441
"bda3c74ea6f73407a3c0a17e",679230812
"bda5b2e5a87a4905a30f3b8a",737862207
"bda914dbacd42b2b7c6c5179",582517017
"bda9e5d8048acbbe5a9d49ea",468569363
"bdac2f1c4b306a7742f60ab9",844294815
"bdac560af3e155db33d13d57",830257710
"bdbaafd11259af6300321a89",668834250
"bdc17ea3f30318b11df30508",846980334
"bdc8e1a1e06d387f9c7b026b",723131220
"bdd287e9de82903f210878d6",754594023
"bdda694c42c52ba4803d482f",929647684
"bddb9388922dd56737d8847b",1061520893
"bddcc7fb72bb973f84b864dd",1218289210
"bde81ef5ff9edabfc7e30d10",947453707
"bdeddd3f84cb0ffdd1fc27bd",739466934
"bdeed3a7395cdb9b175273a6",1031193333
"bdfa334bc331e3e547f7568f",1115094307
"be094e5db0f784e3aa013aae",401779793
"be0a8f4be774eeaa42fe460d",860173944
"be0e466ca7d6942282c8626d",886913604
"be164f9025f346390b986668",432645560
"be1695a7b8d3dc68c9887abc",706029689
"be1c6023731fb633c4f41f96",401083034
"be22ce55ba31cbf7cd285e5b",577960684
"be26f0523e5cb13846539384",751776879
"be28b90a71e2922437f25110",539230544
"be364e85b988ef8627ece74e",399383743
"be3b1df5f008636e14bec3fe",942669717
"be3ee4457a26c6b6ad4237d7",546193844
"be4b96920e3aa5c57baa13b3",371728759
"be4bdb73add69f12f7aa6d06",423845520
"be685d2954b8c7337ec94942",713043962
"be706475abdfd64aabfe45fb",694266196
"be70989d473cd731f6d8e580",673350097
"be78bb0e06d5768ac1908247",556570445
"be8bbf40db0dde8ed4cf338c",395688109
"be8c05b72ee7867fdcb05455",1278330251
"be8fbefb8e06fe169237d4bd",617011615
"be9f5ade682aa1fced79b068",532624147
"beaa09cb49a98e8025fd7e8a",472934865
"beadf1de0732143f0699895d",996330147
"beae197df95b84881128790d",639329421
"beb73d27906bea7a7d880791",1163282653
"beb7b99cf12926d8714d1c5d",822289556
"bebcca3e75e747b5a01f5485",749883650
"becc3ae7a71d597bcb16d261",860943754
"bed1fbafde11c156b655e04f",905283141
"bed21c41b31a3bf2095aa273",747963803
"bed932e11a599f7cd4bfa31a",1401980202
"bedc5ab20edc896f814c3f06",918929128
"bee2e008ee41f8a711fb8d29",650632239
"bee721e93b8d8e7cb37dc992",686007629
"bee9de3e2817bdd591c02897",523305491
"bef19d0084cfc9f6fa37ddd0",735608251
"bef2008b362c4af1fc3be566",455715759
"bef4759bfc25c7d44a8112af",625252374
"bf00f36c4dbb273d7ba4b7dd",591305612
"bf02fad806fde4e3575e75c7",655645166
"bf0485c2e267d06b9b1d90c6",868878694
"bf0ad098fbccd3548d834ff1",507317306
"bf11c5dfcb321e020601e9ba",1365507439
"bf120b883bfaf7641eda65a9",978525260
"bf17b59bf2ac2d06894bd786",1158533080
"bf17eca5afccd9cd6299b9a4",976036800
"bf1dae54bab00fcd3e8c9ce2",574012306
"bf38bb7a2a7ea663cc8f3d57",639614830
"bf41b26c090dbf0a19252e43",967752478
"bf430621f17dcaf17fb91ac7",653079082
"bf43226ba66a3e2033d32fe0",704298682
"bf4b8b23cd87377169684e98",880639566
"bf5e687721e030639ec81416",765809335
"bf6005f6f71da582a6fab8c7",575242033
"bf6845aac15fde9b89a7208b",705247722
"bf6bd06201e60a4c98c8623d",795670460
"bf6e713a689f574b532edd4c",1231005351
"bf7463534babd284da6ca671",355408334
"bf79649b531e876c5f03883b",520881683
"bf95acc88b60a3d531fbd42e",506023302
"bfa4cb65827c4ebb91478e53",1034203056
"bfa56d6230b858591743473e",935492593
"bfaf8b7796c8c57bb5997be7",1199305308
"bfb30ae71cdca27f5a5494c6",1140608673
"bfba8fe959dd2e44a4202943",1040391747
"bfc41facefe9428865e4c29f",1076297755
"bfc5aa443994e3f3f78c6105",1203432168
"bfd2f20a7bfb0d865d7f7193",1414353905
"bfdbb7aef98d4855d459ac94",929539528
"bfde6e7200fc27e6e6f1497e",1142550905
"bfe19954cd4680149c682587",535202627
"bfe7c873b2fbad871327994a",821410159
"bfeab1b12dd82efa96efac31",363279774
"c00083aa30ba7d953361674f",508131737
"c00592c7c0c3a863a1bab9c3",752696571
"c00facb3e4cbb27c47a621db",1445623295
"c0109086d0f49aac6c3f3f18",893622574
"c01199a4b2fbf0f6cbdf2a65",961728023
"c01440b8ff0d80e7bbad715c",606343740
"c0155096575af5fc8db843cf",320264466
"c0174ef555bfdd648acf4346",511503034
"c0224f0cee5a388014db4f55",1411575344
"c0277899d5f185cc78fc4a79",850081269
"c02caec41084656408c2696e",717082385
"c02ce25a3334860d3bad53e8",975067366
"c036fb38fbd2d1b59ed5b7f7",901865581
"c038742e427830aef3ac1c17",451463560
"c041a933261204155415c2d4",1098946045
"c04e72fb6244d9a9b28322b8",832869985
"c059affd0c19f6d4d76f37c2",606442051
"c06088db17767866b7f4ba7d",1256688580
"c061b886b7136a1b00c8ea2d",988767104
"c0620585c12f3d9f1298696f",456609311
"c062d873af3b7cb98ccbeec9",1263350502
"c06a1d212fed896b6ee4e1c5",604497299
"c06c737cc0cef7fafa3fc4c5",614562742
"c06c8b6425e3a7c2d7481e42",489196143
"c06f36b42021a1512cb6e3bb",408437859
"c0706c78d5d98202dc24e46b",1004391559
"c07e2ef0bed4be12e41c783e",516232102
"c07e98122103d1546d995f9b",1250524427
"c083a5c64c4d6952accd7bdc",552936913
"c08b016afc6a07105d7703a2",653071608
"c09b8c236316b87a92a620b2",770740281
"c09c39339b5bbd48f349a430",576909977
"c09d691e4c7d7b8c8f6a8370",1001237492
"c0a9e3f5c57cfbb4aa9b2357",859911480
"c0bf06891690188e17ceeb8a",558983309
"c0c01ecbb9189d77098659b8",474158726
"c0c4ecc8d3aefc53c4c06a38",605070606
"c0c4fa199f0ad751930cf78d",793961938
"c0c820463dfec602a6118ed6",1167875708
"c0ccf6d535d1316e37e1024e",1051499709
"c0cdcb5f860e3a974c401861",815002349
"c0cf9517f20ae81c79ceb0ed",1173997400
"c0ea6c76eb977d83c163fd7a",406587962
"c0ec1e7ae2c6c3c2f2ae34b8",632674538
"c0ef32a7a294e5891505bf35",358014833
"c0f911fe7ee2113ec59cb5f8",687144310
"c0ff8812c1e8eeab07c698a1",466940260
"c1034173dda31d20c4efbed1",740867396
"c10f25fd39dd36287a6cde73",1445623295
"c1168159d4e2fffdd5662757",562657648
"c119f62348e418d9ada13362",1029224436
"c11cd2e00942ffe56db5ae88",892363873
"c11d82cd360eae99c04009b1",1257791657
"c11fdc02a288af0572a2bca1",857811375
"c12904320223ddd043f39c63",549322911
"c12c81b3eb12bb329466e88a",1296486186
"c12f362b9060344ad044cfb7",1081974502
"c13263f9c8628bdef086106b",886725850
"c1329245f57c5d9019105382",1340563003
"c139bf6b72a93a73155e1f5b",482690586
"c13e387f56342f88c993f0a2",944314522
"c1420f278d45b85c56f415fa",1012495023
"c14f644116669a160446a945",363279774
"c15cecbbe717e72f09a84271",584191570
"c166a9293fa27e910e1fa9c1",806903529
"c16ab4a11cf67a39fec6f049",812052608
"c16e9d9444f85bdfade710a0",652863620
"c17a3139c360750a6de5950a",482475200
"c18c2ea88f4ac53970b53d2c",568004817
"c1976383069b6b82ab29d092",567279414
"c197faa8bdbd51c075a6d3bc",802287332
"c1ac42dad98d2f23dcbf140d",945132592
"c1ae2af40e1ea9da6380b8ee",955094150
"c1b0ddd3c104ec4482d5025b",486259300
"c1b386f478152f9be1f546ea",498195241
"c1ba606f32ce0337cbccc2b1",856898892
"c1c1dc8df6996a94ef3c7d33",412033250
"c1c8024bb6c3635ff655843b",394780475
"c1ca38f941200a9d666aaedc",576443609
"c1d0c0846ec652774ed5474b",1099568755
"c1d9119fa7ae7d44362f18ce",1102574035
"c1e0b47866cf4a0120e4b3d6",543460818
"c1e51ab95336a51885b4c672",837845905
"c1eace64bd2c9f6bea289c4b",985633902
"c1fc25faadb151c73ff254ec",592652640
"c2071e85fbffa3d2c2168319",954467692
"c214d2383936dafbe0652c51",1161699518
"c2164829374d5e880c1a1f31",635720395
"c218434cb0b05ebcef935e5b",851618124
"c21a3eaa136ef8a912ce7b74",987973449
"c2242a77d30c0abbed667ce4",1136010178
"c2282da3ece2dca6e8a3bca5",1039148279
"c23150d0aaaf932579561998",1006074975
"c23a1372c81ba03e6dabb0df",559620179
"c2424b4861f2ef50f8876c0c",573508899
"c2439ab65fe194d1d60eaa07",907416387
"c245bfa6587eeb55227c8a4d",585591637
"c24be8293c8f4080562ec0fa",441694859
"c2555955d5175b31e5f783ac",748129310
"c2580329ee6d7a03925725aa",704756911
"c25e1e289cac1bbbee489122",937105214
"c25f892c01420855f61c3dd9",779211470
"c269765ece36cd93058efab9",525276500
"c26990b034ee83450a4517b1",844916645
"c26af6fdd00a85a17b823d92",712444444
"c2717194de73e1a1d8dce40f",368881673
"c27b2b735106bd5a77a15616",843646088
"c27d72aa1fc5d37f4cc105eb",843985682
"c287dbff188e95f833ab21f0",735549325
"c28cb417dd28fe4d4d41d114",614087019
"c29b30cc5db2ffc273e4cb14",687468110
"c29c69bc6758d5976024e455",598273453
"c29ec380fc7295a9a770a74b",391671661
"c2a2ddb94f60de25378aecee",622529709
"c2a9b4b389ae6f20140e21eb",1227497814
"c2aa451b62293042b7244fff",729699962
"c2b5216a8050ea0fe4008f59",993201394
"c2b880a6bc90cdef9dac52ca",852941358
"c2b91ce4b1bc8c576a0ce1c8",863346237
"c2b9a3b2747f32d26c8219fe",572044970
"c2bbdb2e5d0191071e6db37b",686970019
"c2ebd39857dbbacb99e6cc96",1069375236
"c2ee475efec76c46efbf1b08",665007931
"c2eeb1cf0549df1359ef4dcb",380071830
"c2fc3f04c3870e14b89d5fbb",931241349
"c2ffdd10fe424afa1b09f31d",563354576
"c310efec13e312442f7e1a01",729912938
"c3140ab2134de662162af508",387959324
"c3191b6b40191009ae9f4b7f",1287506359
"c31c4bd09d8cfba562ed2b41",941420935
"c31d98f67673691ece007a65",559364064
"c32249c7c0819b1a29fd611b",685505366
"c32df77def9978a84f8ba7f1",983729477
"c33613eff66948d1bb8ea3bc",724750907
"c342f6492f90ccf623e8e8cf",531094371
"c344e3be381326a1b6cb5989",974622977
"c34c2aabac06323fa180b24b",519829634
"c34c94e7129f84267a5e4fd7",660563150
"c34d46d83e76f54d53cadcb2",788861363
"c357cc3d2f4b45ca3e1250d2",592657162
"c35f5ef73168d03cba1b1f4f",452276306
"c36cf907ee28017eb1b40674",529855927
"c372834e8e7a4279f861aa4c",415724513
"c3733b88ebafc0a05f5bdc99",698034487
"c37348f8247ade33ac513855",913828902
"c3786f81345d39fd8b353da3",817990888
"c378ef33f40f8be9263e517b",657153804
"c37b357d57918c3a651a5760",809037926
"c37c7859956931d77cd5c9a8",639236751
"c38677ed0876b7996f596336",452237489
"c386d1ac4fa8dcec4cbf9788",844006609
"c38ce4f3763795c61efee6f3",630258461
"c3a78d9bb10165d9be188394",699423180
"c3ae3f44bbae215f7f2fad9b",423856030
"c3b357d17afd631df02dc39a",912024947
"c3b8b774037044a2524913a6",795583961
"c3b8bbc492a7d7bdd63da22f",1077265093
"c3bbe8c09f5e58281dddd412",792087859
"c3bd0b8277a37832f56be54b",385836250
"c3ca43d0474dea2f2dfb9791",459863260
"c3cdfd0733404ec885eb3edd",742961727
"c3daf2abea55af99c9579319",1005160059
"c3dc5ad23dc8cfce0671adde",873613064
"c3dd975d0aed59a65a784e47",885465041
"c3df4b9fdaa4dcb13723b5f1",863736594
"c3e1e0d2618556de7df13403",535614175
"c3e648317c360c76b94bf541",462220841
"c3f889c41c1effea85bcc706",467150493
"c402811ade75f5e3dee73ac3",865659654
"c4074029fba935dafd82eba8",386827339
"c412ab869616d6576cbb8309",493652119
"c41964afa164d8b75f8dbe92",742116208
"c41dfc0b917edb6e6ef7b1c8",676653722
"c42c59e8a08e8657ab4201f1",500330223
"c42c99f5da3248e7bcc73fa7",938684806
"c42ce8f9f62f7a315e028e3b",592971497
"c431fd6dbad57351a497fae8",609749938
"c43530f324a3ac90f53a8849",929231085
"c4476befe0002dcd0c315993",645328915
"c451b61851c8ae1e6222109e",1137961943
"c455b8a15dbfff94c2909f37",791717802
"c45d7f326a2f279760d1a4ae",1035079255
"c45d86d17d1d0519b455b7d4",985385780
"c462f0736fdefd319cee232e",916303808
"c46b122728ef4c9ae8be444f",798645994
"c4749eb8f59cca469236df01",452932395
"c491a13a87fa1ef595b35826",789576387
"c4955010d066e013812a85ea",1345789283
"c49644baf8dc51d3f76d7e7c",645860869
"c4a3d64de5e401a86395a919",533301166
"c4aef1d92cf264c548ef1f2f",447137594
"c4b2a42a8908cc35e649fb16",773984183
"c4b97a459e2c6d13710fa273",460956572
"c4cef41167a5e8354a61feb4",983042986
"c4cf9ab3776289a412684892",823435281
"c4d7a906b747428aabd368cf",688274997
"c4e8559ee733a551649a5dcf",825441779
"c4eccc400db2dc9627c9879f",608503309
"c509f2036a11b7132c633d2a",867644916
"c50d5b4e75f165eeeb2eba97",547894592
"c514c9a35632e5a9c0476a31",715492118
"c51d1eff1b6d29b4164df520",1253963816
"c520b7e8de3796450ce49a30",365170756
"c523380518164e1e317cf1b8",1026184183
"c5346c37454ac2b13b92240e",1272365690
"c535169307e21e5df7ec88e6",612701791
"c537ea2620b8c3a3f013c0b9",1052085500
"c53c58dd7b26902f67c3becd",904254618
"c53f3bdfe8159bae98ab005d",1226917318
"c5498cdddd7856e99d21f52b",515739035
"c54a573c9aef013dfa2abeff",1218854001
"c54c645c340f59dd5f47bea4",448333176
"c552cfa8e6b8c8be2c963ae8",461100784
"c5602c608080e2546dea5463",415936280
"c56163e390d9e5a7a76e77be",595143600
"c5641447732d3d1269965ffb",1307542194
"c5788cd5507c577b7b585ffa",355408334
"c578eb2dffe903475aecbffa",473867603
"c57c3c7edd591e16c0b7c1f6",511383047
"c57d333e383039db0fcd2620",840666431
"c57e1c323ddeaa7475e5189e",567761108
"c58947cd4f238cfdc0007bf7",1548178751
"c58b56f1202d1cdffdda3021",735019201
"c59c2a19b93ca666b7c389d4",917745054
"c59e06a2ed37fd750cf39976",1059819493
"c5a5676bdb1698f8c38cdcd5",461188740
"c5a64fe5ed5901734d98a22b",467840651
"c5a8695b7aeba06e46266959",806351200
"c5b333e454ed6e93ad32d96d",889765231
"c5b40b510bf7f121c93a2332",962592391
"c5b47ac5c4b7476d50bd56ec",791373579
"c5c024d11b3ebb2cd088bf6a",1152771231
"c5c3f06bbf812593d1b95a40",1218575059
"c5c7631ddb5b485d0e992f7b",523485185
"c5dc941305b5fb59e66479ba",609845312
"c5f7f0323f554a7419f78359",780410290
"c606665f3a3f70ef61fa5cf0",1309658765
"c6084b85c8d95e0ededc25d1",971925668
"c60c2efec3c12959d86fe3c8",515757726
"c61076b24927a46ef506322c",1039057110
"c6115d5e908e04e67915a581",702354866
"c617d1f15d294f0b0aea8ed8",794998438
"c62494a9d7aede44f2f84023",1233508466
"c627c6287efaeb6fd9049312",494224923
"c62886167530efe1f84086ba",568578216
"c62a4288a4a0336b1436132e",634850387
"c631f8920a2fd1160f6b15cc",737862207
"c641febd8bc2ece3e4d2d8b6",547529999
"c64346c8b0ba32a55292e66a",1236231223
"c658639b590415bc6ea44119",508856234
"c666974c4303d43b87714c62",719367385
"c670315562766401f92913d0",415377354
"c6706db3eb4f0bbb0510578a",1095764627
"c673d94552bc3e451672939f",1017967275
"c681519ec1ee1a28f6a3607b",1113578877
"c697ec00214cad882d5e9812",485677200
"c69e08214cb1fbc09ced0971",431035286
"c6a089a9bb326c22e3f3aaa7",819308752
"c6b157e7a6ca08d04ec4de4f",513696025
"c6b7e739125907c86a8997d3",1254631291
"c6bb4ca5a0c839d38dd8ce19",1068080829
"c6c7409bbf52c86461aa1dd7",747936697
"c6c978051fdc655d21a370ab",647900383
"c6cb6ccd3f5876c9b9e29685",586149249
"c6d075772255b1efa52317ac",924748977
"c6d679cc07ce4373197748a8",1431195098
"c6da2874d2dfbb2ebab542bf",1124646366
"c6dc8c201ce38ff2ea49cd68",1405771796
"c6e34cb4e79a729a5df4183a",843996950
"c6e9772058edb2268434d7cf",1021006553
"c6ecbe7b57db2db74b0d788f",1014306157
"c6faa40acaccc1603c29df96",543332299
"c6faa5d2ac8e74c26fdaad4a",857570895
"c70439fc435337f1e8fd2f5e",1018547985
"c70f6bd5ca138bacfdf8b5cf",1375002442
"c71123c31d02408cdaa74daa",605239125
"c714b30713eb7877ed3cd92a",395389355
"c716d4dfb5a3c2e1120bd84f",1119155506
"c71fbecd8f7310c201adbf40",649726952
"c7205874bee601a7b01a0cd3",1205053787
"c7214222fefdd8d2ad7f8f8f",871865216
"c72cf05b93b9c290c063b08b",860475877
"c73a1177d787a5ed72b8a9a7",550177491
"c73c38b652e9418f06f89b67",359710963
"c73ee8d419b96c6e7c53f95d",796226103
"c73ffac843c155f24985e6f6",822967381
"c74020c85c9fcb2a2cb3ac74",683681223
"c740655aea4eab7066446c42",515368316
"c757b3960436c23dfaed4f2d",1092515317
"c75b265c0eb946ce77e32ce7",871304982
"c75d43b8089321e359e14264",600393973
"c76207e622cf8a208910707a",470086679
"c7694e92a97bb66794e62fbc",515149157
"c76c4695ed005277a59451f4",536765736
"c76f482d2a8f8db5eb79ae89",1420425860
"c7746198cb5871bd687c2538",709661472
"c77509a6eb6665bb8eb07d95",838675711
"c775d4f60fea55d5511da4d4",877460632
"c77a63e92b9f727034913d8f",579491699
"c77d7a08d5b9abd4d3082fb5",590082061
"c7876dc81e250503076f43f2",628424292
"c78b16f05ef58855da0d4f2f",485976505
"c798ea36d2e4a8119723eae7",1098788851
"c7aad87d39537083a5620757",694247657
"c7ac975025713f368bdb0af8",1024082251
"c7b6e7a287602275f7854ef0",1203967106
"c7be09a810b9e54d2dfba4b2",670648199
"c7c3da1f12d872a3726736f5",448154490
"c7c5ee499c712082931032a4",1514223094
"c7c835349181bd3f0d964eca",1396000412
"c7c99ae9259b34bf9b8ba799",456127080
"c7d5f021595b58c507f47d3b",1112354013
"c7e45098251c687efe670815",708806530
"c7f422224808e043753683f8",1454490307
"c80ef212c870e2f20ed2234a",733261873
"c80f897787541816ad63bc17",583472203
"c81133d5a58d7e8eebb10c8c",1224212739
"c823e3fcfbf0c43bf2d82586",1158645782
"c82434222f4129168fa82e5b",695872992
"c8244d916b0110b1acbd38ac",803507862
"c82929467d22589ec62c0475",598741494
"c832701653f1e7f01913660f",1047212528
"c8346a875be8391145a2f9aa",387019956
"c843044c1fb30819300448d9",410585046
"c844a386941b86a3d4c0312a",710540484
"c846d5698bb295697186555d",729727799
"c84e1db639ee43ad83f930c3",657555022
"c84f96cf4570158c3832c3f3",869822184
"c858f0f3f5594e7bb0f3b6a4",1219572569
"c859144477dcaacbc1654a8c",657366920
"c85d56080167254c7bc19303",625737940
"c85e9bd6e20ee2a883d0a7d9",359441429
"c86e643b7f7b57b4482020ef",545000226
"c876ed979c9127674000b740",747575861
"c87ae84ef029febca1e633e8",643621503
"c87d9677bed80b0fe06308b7",472231788
"c89167e42af0d42c88e8573a",873881377
"c8941b8d7626f7b33628158f",1479546825
"c8958d280d0cf2d8a0b481f3",731828327
"c89ac55660cee4608bff27d5",487608777
"c8a3dc3654c53cf66953de0e",732410629
"c8a40314be3014c2a218f5bd",799197618
"c8bccdccc9186136a332e995",1235637169
"c8c8d083c9b9600059a8b8d1",546336587
"c8d179013c5bb6379693ef03",648019028
"c8d39eef5a5422e0da4172cd",942006488
"c8d4ffb290aa9cea002e8d67",408786236
"c8d5a0e9614dcf96a500206f",417083435
"c8e00b4dcfa2d05d6a7fde26",968666601
"c8ef57ddfb35061d1876f94e",582305954
"c8fd8b729f4ac6270aff9c9d",886196633
"c900d19cade1443983274ac4",1252321763
"c90486bba327ede32dec60a6",683313589
"c908280d0461c3585af94d53",1242756253
"c918e02b3e6d80125a2db1cc",411427774
"c91945dcab0bf200c3ef321e",701495346
"c926ee21c2bd9da7da193514",395298114
"c926feb307c493aea729001d",410983853
"c92bdf97d7f0a9a12c024406",451238869
"c933750eeb53302db0245782",478735158
"c94056bc09a4bea0e853cc41",650196800
"c94dc49efe0a350bb522a56a",889373289
"c954618c48b70cb00efb49fe",658907169
"c9620e3e2dce92bf95c57c6d",648194564
"c963faee3ac527dfab08f61c",557767061
"c965b03014d21473b27072f8",984700011
"c97715bec6032974060480d6",1402228913
"c97adfa6f5ad3e3db6b80edd",1031411676
"c97e4d7e08db3171290e939c",902266470
"c97e70a767a3661c4869bf86",687106303
"c98157c582392cb895071f28",1045442332
"c9851396352bfeb05fbd7580",1446285201
"c9859204696f3440cdb541c3",857337024
"c98807fc596bb2f505b4da9b",1175162373
"c9a215f284e095850c809425",926735404
"c9b0673becdedeede0209697",391868933
"c9b6d3bce20b7f528fff8123",527407815
"c9c3973bb37b5c688a7c0157",754971207
"c9c51c39725d7df94822fb20",517328177
"c9c769e7ccc99016f61269d0",506322591
"c9cfeb97323bd6a0564e1903",674131412
"c9d096d4353b8eb843e793d1",668440175
"c9d254244e315974cdf5d921",1239517814
"c9d285946ffc4c4b3ee95da8",1346336142
"c9d5c08973c493f3acdef892",437103856
"c9d996f458794961d9957c1d",700487222
"c9e20cadac540faa59d9aa3f",426699923
"c9e92b994e48df83dcf9976b",1366239499
"c9ee7f0666429c0c15c37499",333847213
"c9f92088dbdc0d81412968dd",941975944
"c9fdc3f80534b32f1a75f530",875023879
"ca02c904cf5eb96ad20705ca",630397923
"ca0b59b35225b44447967ef8",359710963
"ca13bacbf6dc8d1b09fe4c67",1067294758
"ca1b1c17572f776fc1059691",694961753
"ca2f81b8fb6fda20aefb0ccb",1040258802
"ca3b5cd3505049f1471c47e8",663678707
"ca438e13d8aa6285858da0aa",1035029900
"ca463fbe3e5cacc152aa70a6",408556290
"ca4f4a66d83f2043a7dca261",358014833
"ca50f7143937a99accef865f",1385057394
"ca516516b33dc09d712b3154",786249139
"ca54914a1cf1028b9c8b681f",847350361
"ca5949c4bcf0b63e5d1be784",429072401
"ca5eecb01282d4a84017bd50",886964355
"ca643c04044fabc6fc566d12",1283722748
"ca77a424800783bb9c5c0450",906165910
"ca7b9296080c9fc9fb232782",1038054780
"ca7d715827b39c417e5b75ad",735970330
"ca86f53a857c23b15eef428a",862289701
"ca87bd8401c0c7bbc4b3f286",983121739
"ca8c85e8100f64416146368e",1071670286
"ca8dacc29a57d39640e3e59c",1076425040
"ca9520c7b8432b0521b2e8dc",436541464
"ca9b2ef10b512905af6be620",946373662
"caa4aecacff2beded2e76beb",525764645
"cab0a460167bb64c037cf25d",340057307
"cabc4fd04b60a66bdbe2cf9a",1262873482
"cabf47337c2cd619f12fe69f",913180740
"cac3eb4606346268cea48e32",1412701202
"cac7e7c3e13af91bdc7107e8",939598354
"cac82fdc4d960947bbc590c8",509621615
"cacb91ac1b835d62422b8a8e",981941100
"cad16b2ea432d926d961109a",605545119
"cad720be1395e2ab5869807c",457750761
"cadbfbea1d03e6538af648e5",583438817
"cadd4a6e1075b57f7b74c63e",778106500
"caddb9dce27a7e8012478da5",698615217
"caec584b5b6998684bbc6a70",641903917
"caf878b42daeee3c7de336e9",973701376
"caf9c761d21329c993a0bdf3",1121880458
"cafa94c4a56c23ec73ee9071",1098577198
"cafe7c1ee67458e05c84d5fb",826710149
"cb00154afcad81df60ee58f6",533528048
"cb00e44cea76a92e9c44e793",450709867
"cb01687abe09df6838e1b224",647923863
"cb083fa7ff634f424a351840",624522944
"cb09a84a1d7b929607d01ee5",862436091
"cb1c8ab11838d9f0a1197e25",1233950858
"cb1dcee1f4ede0877be1ad15",894971811
"cb2188cb8e534973ea3411a5",619383999
"cb29bd3ae3d5da88c99d3db5",747246553
"cb332695a296899d1c798426",776568988
"cb383b7a746ed55b21a8b245",732636972
"cb38dc837baf3e0531c6c115",818496547
"cb40d6ea6a1eab77a60c1ba3",713241193
"cb482d76b3b4904c595f2dc1",575991900
"cb604e3a56cc847189462004",824139200
"cb626b981c0997d254388e76",412286385
"cb645955c851790e83e696a7",960138956
"cb64b363295d36b9b0fde3cc",709432755
"cb6d29f005078d4d4efc2d04",735423070
"cb6d4db44c789fcfe8236b40",836702472
"cb70f4993947b640317a07b9",738848018
"cb778195c5d61a7c4185424c",1004631053
"cb79e02041eddcfa9225346a",901863861
"cb7ed5960f325114bd3489c3",1291779024
"cb7f62ac4c1afbb4256601f0",762201254
"cb83c138aefeadb184d2c7e0",448470873
"cb8844cf2070d8697bcccf27",483751429
"cb89ad8156c3428ac80a4db3",470592644
"cb8b826e929f4f8a8e3687bd",582166027
"cb8fbae1b4141461127c97da",1295052725
"cb915d1ef92dff803c5cceae",1289378980
"cb93b0d5e9a26628b0462b14",634490857
"cb93bf58a01eb262cb003061",896331634
"cb94eee5ecfc75d0fd5ba6e5",623595702
"cb9d8fe7c18dba6827836403",858945973
"cb9de5719b978a78c71db699",1123507898
"cb9e058f82b10cf80990beea",966490746
"cba57e3b393b3e392c7431fb",1095465797
"cba9aead5bad82b31da51e6e",962183050
"cbab68c32d78424452249d9d",1369809018
"cbb10e7618b1385cf922e815",1295586380
"cbc99d6202cd3a31e1c14a16",575770022
"cbcf4d76223673724b0f9811",627667218
"cbd48f3342e63a84173a8dfd",365650965
"cbd78f55af1db4d89b53b496",427507227
"cbe4318f63d73fea6238079b",1216608011
"cbf6faf7b47b43b2a77b3654",1222632964
"cbfc3ca911ca23517da8c2d0",1154328988
"cc019e30685c91634d2fd4f4",1027935494
"cc03087e0f18d59c521b6ce2",1061371076
"cc125d0f70d6d0819d6d90ee",531856680
"cc1a11362066152d21d4cc60",779209983
"cc27435df779f16e6a62b0c2",1359086864
"cc2c78d41e3fe29de0b4ec4c",1138661056
"cc2e8713dd087d3b842d2f11",413432148
"cc385eff95aa00310eb22111",708211926
"cc3ef2f4fd5568aea96c257e",658924764
"cc48e66185c23195cf958612",542653930
"cc51811e23409f4d77995768",604939055
"cc5563550bebb29c83ae3054",1367509159
"cc6fcb8ea6556f676c13a76e",1051796576
"cc72295ef156cb2d60d6b10f",1303274562
"cc9743189c3671adbb1be49b",875195800
"cc97f62e2fb9d3e31ef1c00f",662991698
"cca9a08bc4a91f317b851f11",1139754007
"ccc4457f68fcc1a416e3acf3",830690143
"ccc4e48073c3da10a2e2d08a",906490903
"ccc625df8f51248e3dc93214",403355392
"ccc66d77e5f68779b1c016db",576557966
"ccc70d1d8e4411331730bd7d",578193331
"ccd2f6ec8e9841f1068b7c76",799161035
"ccdf0abddccb1a670f31c2f2",998881777
"cceb25e83ecf22252aa92d2e",1251681778
"cd0236af88ded6bc15b49eb2",924107170
"cd05166ab9bf3128c23fb8c7",948842595
"cd07b4553b6d3863a9e444e8",1051297165
"cd08976dc2d69110375f8541",529015758
"cd097f6cd92275ec8ace1f20",677397525
"cd10d6e28fd7ce92518ea31a",1021138986
"cd14f8aa1613d754221c4735",738860701
"cd17bb739ac79f80d6f651a8",975084105
"cd19dcd4aff76caaa1cffe54",489372525
"cd1fc7362660bce494b5117a",399600904
"cd270a11dd8257648d1f0444",813991002
"cd2913f013727119158b98c0",1184035964
"cd2aeb1b2649ef421102def7",886014101
"cd2e4dff930a1c7a1a569992",785047338
"cd365053914fcde97b7ee9a8",823129075
"cd4656aed92f5c0a0b6b7c0c",1078883372
"cd5111edd2fe80f56db29531",549074650
"cd53a991573ecb5c53f47986",967689721
"cd55abdb54bd56d54b11fad2",1005848566
"cd5658fc146ae4b5d78fb565",629766985
"cd5c6655243a4be0912bc92a",1019795979
"cd62ad28163c8df131a8f2fb",935137583
"cd69a049dd8a3822e228ebaf",938774330
"cd6ecb0f77acd93cc1c9038e",1271994437
"cd74b689350ef612ddf1b96a",491467823
"cd77cb445eb0f72df89b9fb7",880290261
"cd791a46ed616911ae7d4fbd",812280323
"cd89201cfe3fa19a4eb14bf1",601259192
"cd968f8973a267790a38f2f2",483469171
"cdacddfdb6ce41a3eb752496",614297886
"cdadb2607807935a0a5597e1",678365949
"cdae3bf05372c13649a2adc8",424123709
"cdb5f8327360c750469cee74",875195800
"cdc0c282ee62c51e3a20459a",1221183328
"cdc3e114698984145df842c7",1380247147
"cdcb874d2e62220d12230632",1047977811
"cdde8657b5a215915a04126d",1355902131
"cde84d2435eb1d0d4ffe2a43",785372333
"cdeba97450c735185e486eab",982896746
"cdef6e87c007bcd9b4efa9fa",1180333522
"cdf11b53a23fcf9b6032cc8d",1275108551
"cdfc387f8246a1bb3110d724",1179120691
"ce011b7462e9be36184a2984",419684922
"ce03d8ae43a426e074ed35f5",1298909369
"ce12b48120daa5704a4c81e2",372325520
"ce14bec246191176c16c4e27",777152796
"ce164af02f76ab3a68b0f980",710574366
"ce18358366157fa869bf3833",463349804
"ce1b06502cb0c5d9846cff9a",459865892
"ce1d63bc4411a615b816a76c",1038017162
"ce206b82f2de3793156baadd",780063544
"ce21f368495d385fbd98de73",497115998
"ce25e9fd3bce9b75050aef5d",1068467968
"ce2cce355f493a75ab59b242",532766392
"ce30c2c7cda56a69005300d4",491219475
"ce3deac5963eeb96826c14f1",801204652
"ce407c1e25333d7c7eba1b0a",584721082
"ce44699aeddaeb77f23c9b9c",1344711622
"ce47299ee877638c4729f60a",520185703
"ce509ce153f452ff8a997538",803532384
"ce53f3477814fdea2889cd2c",558646499
"ce60e2ce2a420052e67564d2",910294001
"ce6a3868227d78852fad9f62",1268055650
"ce6ddb82d2ece3b8d58fcc63",679816644
"ce6e91b53465250effacca98",1024615635
"ce6fc507df0105c68c29214c",379017797
"ce78e1dbbf0f7aee98e244df",975623603
"ce84187750fa7aadd141b5fb",793813545
"ce86066ad78dea43089d25c1",1145166808
"ce8ce41a36b610be164a25de",923795243
"ce8e1e2e4a79fa55a8547457",1105726714
"ce9474244dc2d40f357146c0",402917107
"ce95aab452311a0cc27e0c7b",784963491
"ce9dbb6d009cbdbe654edcfc",1028466962
"ce9f2f0071be658ae75ca6f9",1279305912
"ceab390b6906d5cbe65fc402",664794873
"ceaf16e097500022498950ff",475357646
"ceba7d0f56f6cb03538962fb",564496865
"cec8daf847f52cb2845a9f58",1259015767
"cece8267e60c2461d6c409a2",1089701638
"ced1f52def08143f0b2b6849",757345161
"ced624c6debaa01c732e9f60",897601068
"cedd20027ebbf47baaa0dbff",810715488
"cee124f4b9031f59c4fbef47",1334376788
"cee1833e8964355b9aabbce2",596250260
"cee66eef685e4764b9553a02",586542914
"cee8fedd5685633435d77a06",1066320102
"ceee9fd6e692196b960443d8",589796255
"cef379fa831f936cad745dbc",749143126
"cf0152b0a5e886e8291ef4a8",739763181
"cf07a5af6ee98d735bde14bd",1276137734
"cf0ca58262feb1f8b0dc7b68",755680016
"cf184cc576effe39c0f857b8",502564451
"cf1ba56710023ede80a8381e",1080582399
"cf2e8824527989d3cd29c058",575510907
"cf3665f24927de548639ee4d",599269334
"cf379b41b70374ac4cf82dc4",697374427
"cf4d2297b73dbc357d21e31b",493522200
"cf4ebcab3fe4d12e1a20146a",1314190421
"cf5213877dfb4df98f0dc10f",636580668
"cf60297d9d9bf1268f35ad95",799760301
"cf6092df1f22a7c4b8ff9d50",559687429
"cf68e05962a41395844e9c80",597191514
"cf6f0a3cc030024f4e9ad06d",771116711
"cf707785919dbb92cfc7b5f6",1093509745
"cf76689ebaa20c70d9db4d51",1423050833
"cf76e6077d47a14abaf0cfb3",434893464
"cf7741583fc5315ba70b70f1",1012307716
"cf7cbedea50333cd2dfb0e30",1047753963
"cf81103f31f74edfe0453de8",1056638479
"cf8418c60f4e54dfa09b1e6e",848365938
"cf88be51d6f31c10e5868ff7",337560299
"cf8bbd3528d3e7e2b8f50c29",976586139
"cf8fb8db6f74c236cad0cfcd",1326575975
"cf9eb2cd0f20b13cc8816bbc",406722922
"cfb8d15c6b0c0e6ee4b92109",1163546718
"cfba6db03f0e38d1aa0802a7",640894635
"cfbc690c55e5c2bd8dd9d89d",958375185
"cfc069bd55e152e40b3a1391",843985682
"cfc2ab56604b4e3734d7cbbe",1024789583
"cfc61dd41ee5f5dcb76bacfc",486717684
"cfc8dcf337e020b875ef1572",1395523877
"cfcd97bfad6e013aeb57a2a8",668715620
"cfeb42023e2737491b3e4283",831178286
"cfeb702df06baadf29f12eda",487004626
"cfed0221146f4d83d641e1aa",681799511
"cff851746578050bdfd46090",1137341352
"d0100c18dba3c334327b29e1",648626188
"d0116b53467b3081664fb268",942225715
"d0119d7bb15452c473ed28ba",602223285
"d012efd4a77c5aa5e8d6e508",776454945
"d013a0e910b1fe2e3913af7a",498115428
"d01f6c0b2b338289e9fe3768",378087099
"d029158b36963961fdcc3974",810086381
"d02c3b5ac6fa0ed6db06e490",1256106257
"d03101c7f823dd7d17e49a83",890079249
"d03558acc19951a882bd568b",470037367
"d038e5695b32bdc6fff1f72d",948043012
"d040e15e50d655f4d19bff54",409277741
"d041129f83f1f13fd7b35e4b",1100267365
"d043d368d2584ae95ad3672c",895275713
"d048fdc255a5a7f474d48c0a",1267025734
"d04d42ff91707e3957b4a29c",1355361728
"d04f549fdf8f34bab19a171c",367203229
"d05030b0eb8931161855450b",792365893
"d061615fcc6355d79665f9a6",661078660
"d06ab7503c6deaf9cd405f66",1404078238
"d0751cb5e704e28e03514fb7",921901276
"d0792d22549d1b3f63baf3ad",420608095
"d0804da971548399183ecb85",960809453
"d084dce4ab9c4008ffa3bbc4",1119977636
"d090a9e520ef74848bb060a6",571657764
"d09c1af87ddad4ad11b82626",513239642
"d09dc3a3270073e5f1cb353c",1021423385
"d0a5f33f0689445e22db6626",435760318
"d0ac1f63c75987c92038bd30",928440945
"d0ba7b90f6ba3392a165b46a",1335153276
"d0bdb51c8020a37fe8344650",919283245
"d0c411218ffa7c3ebc10783e",929119432
"d0c7294b2184d0b4d0e2fa07",1295035434
"d0d6a1b5c60ad420ebf2ab8f",927720484
"d0d77497c8a7d567f01d3afe",796314192
"d0dc69570223bce949a4c17e",739249761
"d0df2748d371d98d76408d66",744131744
"d0e45d520227ef8a1f53ba28",737026709
"d0ea7bcd8cef8588ca50c778",535594765
"d0f5cebc2059ca89aae30c76",484759124
"d0f6e19e92c03b40a5aae3fa",1292104296
"d0fccd2708fc7def00c72317",1265863854
"d0fe3d393eee5c0cea5bb6e2",796469129
"d10bdbfbd411ae625dc80611",400949181
"d10f89691119d4a4a2c1e650",1380815908
"d1166776fca47427c77fa8e1",918655745
"d117e9672b3ea0435e7a894d",434502119
"d11eadc78d95c96f50b41a10",1252601262
"d12059af22bc7d6ff170430f",1293495019
"d12298e0d398e9d21d2e2eed",509950266
"d128186867f91603af4fa481",897299800
"d1281c9f037ea5c4fa683b84",423318757
"d12c08cf48be75014a149873",1233708464
"d12d6ea066b67c3db9b2dfb5",1085904722
"d12dc721a59af021e8ac68e5",397871464
"d12e6de49fcca906c3586994",416702554
"d12eda0ba04f846d73cd7acf",1407574783
"d135cfa351ed6abe4ec2033b",529686170
"d13e3d432783206eecb0e192",1387611713
"d14173913bf5ed21e3ab50fb",887120010
"d1481d9d2bc9d1a3811f2faa",934276484
"d14f7f939468e641c43abfe4",453712303
"d1526bc5e5446680841a9cd7",926776060
"d162a90b37622c1dc6550690",438997967
"d1668e2d35a939ed126a3f8e",805499602
"d168181ef0dcb853171cdbb4",1418568531
"d177236e8c725d4405025916",1115862373
"d17ba799e68d7775f2104b3a",672950793
"d186e369ed884150e71906da",1269011366
"d18d990404e7fd07424f5a77",549465423
"d197410ebc0e3b9937464923",457518578
"d19937a773269962c7f9e8a3",1252352815
"d1a6132098a4bd640321c7d3",1094845411
"d1be4eae680cb16d0c842606",1248348647
"d1c6037d0750bcfe47d425a5",473527885
"d1dc16c82942902c668a5c9b",800315747
"d1dca15e36fcc5ec14dfd870",574634513
"d1e38d7cbd32567c874e194b",918396456
"d1e6d6900eebd9ace65d6c36",669796820
"d1f39f86c82916524273bada",817195576
"d1f8eacef9bb4d300d086837",1334224089
"d1f92e6b18faf07ab70ca1ae",755665603
"d1fcd31555048d043cf084be",925544802
"d206aafc71e8aec2afc3f8ee",477364712
"d20a5b3eb857e1f4b548066e",763346241
"d22313a06e43b8ab8f6672fa",545858494
"d224080523a2bf2e81698d15",602354245
"d22d5776b6305308c9e774d7",605539344
"d233eb8af3ef7e325f6c8f9f",429304068
"d23d12bd86def2657038a481",1041859245
"d24258de8d2ca10186660a1c",828282159
"d2526a3e39ea01f87c99d073",1028863291
"d254d88ea0989a609b71fb72",455343889
"d255f73d4066fe559065266f",391821848
"d2637d64e4022075c8f539e1",1007109813
"d2644b46136fd95c0fc2353d",779489444
"d2655e69f5dbd09ddb9268e7",1128561524
"d2684e676cae87d75dea5ea0",623217582
"d26d35e33a0cf88f735a9322",583325321
"d26efb0e1213e19c378edfbd",833332388
"d27283e3c941f8fc256c3f4f",530805750
"d273a2075d28e343a657d9de",1277248139
"d280fed64d1c23ac9d79ce20",1161967657
"d2aa3386ae240d7387424e07",385048145
"d2ab14487e0ecf640a785277",822830830
"d2c02052de9c97c531a4453f",483779110
"d2c46ef63db73ba3cb7e32a1",810401646
"d2ce77db7cade7f2c6189002",493577740
"d2d2f335839ed35571b19bb1",983736983
"d2d317f2990465269ef58c41",765606329
"d2d46c70dc048c92c8e4f09e",833036802
"d2d8f5356f77507f8839280c",1233708464
"d2da963bf6c2f6fe724be23c",1102719151
"d2de34876a7a6914c2dc479e",1323078736
"d2e6ab3b3106f36f2c3fc119",412110275
"d2e737461b916ba78030c76f",1335858871
"d2e7484c81358d4c79f040b7",939600146
"d2eeec3fb1ee4d686758534e",1174846372
"d2f20425e236285124eaebad",591018086
"d2fb81a477ef3690cb11c93f",1307784128
"d300473e3d2ced1177c9fbd3",894159637
"d3054072b2175deec2c1f8dc",411908313
"d309cdb5688ff7bdbb682d17",687477289
"d3169d4a467cb7eac41849ff",726900883
"d3222a7545e302bf10894658",639655090
"d331a4d58875a393080fdc48",424773795
"d337476c2cfa780518523a6b",450396200
"d33994c75d98941acffeeb90",1237670393
"d342a1ae299065045a957767",1331229644
"d348d38769937c8f350297bb",1182846401
"d34c48ffe935cec3358b2247",938249840
"d353be29e7ed2c35b920f7c3",657339337
"d35462df6c686296a3c7bb23",647572986
"d354a2581dcb183c0cd70540",538314928
"d35596846155e74d1a637d7c",784990441
"d3609eabe59175fcb4441ac2",1505703997
"d36dd340e5875df6cba999ad",976422236
"d379dc03d78685ad14c647c0",498419547
"d37a1dda09e30da13ff5bfc3",802541393
"d38353aaffa4af168518c6c5",634009382
"d39797a12d9a4aaf15ac11e6",654496923
"d3aa845e96d22f31a3656aa1",356029143
"d3ace27450b980262ba9bf76",1335904735
"d3aee2a35856634eb710efa9",853994584
"d3bf3146ec856cc26c607d70",1294571142
"d3cda82d1fa53a7ca1b46a33",942905284
"d3de7e975a9215d04567e467",605738032
"d3e119e8fa4d96abaa8c43c2",1215508593
"d3e971e2e224a20530ee295c",727158809
"d3ed5316a463d38c1bd321d0",1399508873
"d3f297fadece964afe5f1cc4",947645281
"d3f688e0deaff6648f2925b6",414230151
"d3f7847147c88352bd3b9707",751077461
"d3f9cf66c1c05f55325b894a",1103064141
"d406baf5cc9b4473ae9b8426",365639109
"d40e0c2222c0debe89735e88",699392498
"d414907e75a1c105ad2b74d1",399233703
"d415dc486936995f8b3704e3",489248398
"d417ff438d2a418b1f9e50b6",664815162
"d41d07d1aa700278cb81ff30",713242553
"d41fc79d800458b1691bbb87",757540196
"d433ad6c3cdbd707e6839082",1032328827
"d436abc2ee37ba3dd561e940",1067317151
"d43d2bda7b6e4d5177c0d032",913633708
"d43f045d046fbc8f5ecf465e",770869658
"d4436ad417941fde0aed2818",1021423385
"d4439c35bcb88e1490916c67",586253232
"d44778d36fc789f8b8c745b4",628127103
"d4492ffc4aaa4ca9c4dd2357",846234308
"d44eebc871d1fa6981c32ccb",936992615
"d450dd622183c7cc43a20d70",511578162
"d463fae95232d30e0f78f93f",580481781
"d4646b7f4dbebf9785963cfc",483089396
"d464858ed94a1a74948f479a",593106102
"d4653d505cede3d24e258d4b",1040391747
"d470d84f5d8299c52fa24499",523545096
"d4716e228067a7bb0f30aa30",745138722
"d48866a153ea0fd23a858cd6",581988391
"d48a061a2040d851937413aa",1138991221
"d4990842f549d8139fa94c87",563254655
"d49aeae19e13909e75dda2b6",1269037992
"d4a43654382201db5d318dca",874388230
"d4ae25b207949fbf0df3b404",1186685733
"d4bee60a74c2e2235f507ec0",739482448
"d4c40178c19d6cb2fcc88e48",594498052
"d4c45f35f214fc226ec85b36",933658338
"d4c6dda51fa949743a46e835",531709607
"d4c7b3372d70b898b167b92a",853144739
"d4ca9506161d3f4bb3ca57fa",372339013
"d4d138bbc80a0b29ed28a4d6",466939369
"d4dd48521efc020762ea141e",528119502
"d4dfddb6564c9f46b26e7aab",438983733
"d4f1fcd4c20dec55e977720a",1437786289
"d4f4d0ed36ac9affd71f302f",782864235
"d4f6cc3cc6e923cd37d0fbb7",447504469
"d4f90a6b73b1e179d3f8eb70",396982294
"d4fac54e137f5d27ce5f457a",834254782
"d504ed869ece1b1d6e724452",365416706
"d505277049a254f960e114ef",893142049
"d50b80d68eb3b928e4bb4317",605643301
"d50f33fe5acdaf5caf1c6ac5",495116540
"d5182c47a954c964445f25d1",791375088
"d519a8de5fdd1a84ca1baac3",739445778
"d51bcf03d649839ca803c357",480284476
"d51d3ef396efd4760c979de4",549658293
"d520e90e7d0c44a6b8852e5b",608268908
"d5239537894ce7f2a9cb5a49",551696990
"d52c3915fd7d2ef8c92a22fe",362988872
"d52cd6eee468311666218625",966310106
"d52f04fb69bed41ffb10fce8",638179320
"d5333f639d11bc3ab073ed72",555699575
"d533a334c2ad9d510865fe54",770133381
"d53b60b0f2c65918153ca2e5",408850956
"d53ddfac67129aebbe054024",687162659
"d54270fd6b09b38a978cd7b9",677836959
"d5436eeef04e1a8e51a38912",397637040
"d5475993f9db58c3e4baf7a3",812799505
"d54a4c353cebf18d452be515",552260246
"d54d787189cc8f014ae58aaa",1147655164
"d54e80ee72354c70cb84323a",665793535
"d555b82c192794e87e9d536f",961258544
"d5583fa23ed97a3b9413e910",716818462
"d55cdfba22aae78b6fab5491",359039903
"d56159653f5d2abc5ed5acd7",933336067
"d563312854016e9115d034aa",1166602246
"d56fda10944b088d9cbe1162",433113705
"d573d2caf8c67aa32bbe592b",506944905
"d57535248bb34f65ae678a39",660870643
"d57541684e5c00bd9354cc35",623712275
"d58f191c74d26bc1fb02cfe2",599496838
"d5999beafbdc8acc8a6ad809",763523889
"d5a83c31bec18d1c3eb9af7d",853260281
"d5abd56b5a8ab8c2f61a07f3",868517488
"d5af3041d95f5e89969c9868",435584981
"d5b5bbf927f763a43190fabd",834714770
"d5b950c5510c19ccb926e7c8",1348291757
"d5c79ef12f43e2bc19e22fdc",909965909
"d5c8073e3ceefbfbb547eee3",1032982746
"d5c950db90c92be5fe753189",825643328
"d5ccfaaaa739b2bb2b3d46f7",623734879
"d5ddcb0a54416bdadb4bf57b",706723552
"d5e001b2f1dad3962cfff9aa",736440737
"d5e29042106130114cf3694c",426058266
"d5e2bbb69ba3876b93af2d3c",1118957004
"d5f41dd3258aa346367d7725",543017348
"d5f905cebe05262cfc44bb11",854545318
"d600310e19c926cda14ac923",1232483101
"d60cf6dcb7b4b40077536604",1243825749
"d61700c4ecc128290bc42d3f",393878679
"d61ac80c0d4737c3529f4a2e",536687933
"d61ccfd4239026feb484cc93",390248128
"d62663a447beaec69808f85a",404869208
"d626a635ee75c23aee2fb327",1238364625
"d6297cc548b16bff11eea51a",1134111511
"d639498fabe1db1236656593",511194833
"d63ebc63c82fbf66d8b6ffd3",988331552
"d63fe229354bef8b02b4a934",835296086
"d6438814f4ff3853bf6cdb13",851161809
"d644b23e4bce0e6e50ab9356",1246440516
"d6496a3215daad9089fcd5c6",1084840647
"d64a2ad3297e2fad8ce66197",503230136
"d654c9bbda61c4c0ee1ae2cc",459653676
"d65946f9c27e417e6bc60057",487638539
"d663ca1a0d29b4cbc5cae9ce",1050503410
"d66bd7e4bc7b51d23af57de2",1163897419
"d66cca2c8e08c89af26e7622",1019072656
"d670be6c848b1e92abbf415d",406352277
"d69209d7a26bd306bde5a37d",743445111
"d692ba46b098c6658799ea8f",486193454
"d69b019e6d54faa1cb044d39",770835841
"d6a43f209f810455fa41dfd6",673109973
"d6a8f4abcb02142c6dd15b30",427015820
"d6b051fbaa13e3d92a798521",949172031
"d6bf8bfc752bf4580e99794f",1203932661
"d6c6e7f923ce2cffba8ff9df",745903741
"d6cfd3ddca2a59f0b6999d77",862651608
"d6d5717a4b7e2edaef162b6a",682330293
"d6d581e852a025b61cffd6cc",969642617
"d6de5d741702387dc3f4481f",1152810809
"d6e333e793f75c2ab34fb127",397230727
"d6f1594affb8db7a865e3452",406353052
"d6f4479f9226e52c93d70eca",524979024
"d6f9abcb58befa3d05373a72",1106435568
"d6fc6059bba177ab56d85ec6",941029572
"d6fd079beb9f759fa4c6886f",419240887
"d6fee4f680569a54f4267215",1119697831
"d7047492f4c53a0cdbde60e5",1241564529
"d7080c3742cd9d72e9d0ae48",499233976
"d70948f87875325380885803",1617632269
"d709a76487a49bf257489c0b",389260154
"d70b133f81d6f1c9d93e2ed5",412748245
"d714e15ab5c2d5a2503bffcb",1137831721
"d71cc157c0c43935989009f5",652302259
"d71d0c8357f09fe2f77bedde",555021644
"d723eb2516802250027312b4",894122117
"d737b8b7b39e99f7d877b7ed",652500112
"d743892816160218a63dcd35",861847394
"d74d0241fe5222f5c5b67222",727090852
"d74da3bb780515b1273d741c",767864322
"d753227b5c685e93b378baea",618938779
"d75b7730e8c291ed41d7caf1",593375403
"d762007a4ea5de370738e875",712653742
"d76d5b14d0acc5295b8057e2",978344237
"d76fadda8063e44483aa024e",968034933
"d78d84e4e42f145e02e423c9",773413082
"d78f7a1592c0779093150ddc",961372225
"d792d1eec60822752c8d52f1",716624343
"d793efed9a723e77ca8272f8",1032886208
"d7997b9126bef50985bab347",412422450
"d79d71be963d418a4c9dec68",1225909124
"d79e2addf7c11180be222103",1591016944
"d7ad46cde8eca723de6510d7",1093280342
"d7ad6527cae719481f849927",1179140932
"d7b82133acf54bd3eac338c1",1342046838
"d7b9566ffb28c753bea96f0e",770133381
"d7c48db0385bdbf7ecb7088f",1325513698
"d7c70d831e88d552da09ff29",1221912592
"d7cc3d199e538258fcc83f75",469822250
"d7ced905983af0800c19b7fe",1092052809
"d7d30819fc6ad6e7e41453c1",1038783651
"d7d3cd587d291f389ba2e8d1",695201716
"d7d6f668e3e40d957163276f",638847929
"d7d924ec35768a3e6bd39b20",633873957
"d7e3cdd3ac239a5c318f2e9b",1159346545
"d7e97cc158c6c54b02fe635c",620167750
"d7ee2851bb69088f851970e9",776440136
"d7f22a4e6daa572583e02640",359906553
"d7fb188814d4c118ccd83989",494770081
"d80c5f0b8ba55e7cf105d282",702041461
"d8171d498291341094daaa39",1406949379
"d81a040e22d541a74122f3c3",395956879
"d81b170177769c0121b8935a",895755678
"d8216aa4e029c0d3d646efbc",774434573
"d82f743ff414299f8c222db9",1059623431
"d839ca90c5df85e5cab54ea1",729995082
"d841d6a82425710e36460f64",654231077
"d84248b3ce8ff6f5fa480a83",566525761
"d846dbe691d0ee3ac5c3bec6",1039620106
"d84d7edc4a4896c4a8722328",599301340
"d85fafb4d5ec056e6db9a79b",638609147
"d8607e3261ef1546eb0c30f0",1202436391
"d8654c08e95b39e3b4891cd9",891986098
"d8735967c942d1a7b0cff7c6",861658373
"d87896f889ddfe1ba210d74d",374566383
"d87bbd60fdb8b84a9fe23ba7",498424300
"d87c489d3572187e3280965b",1388763488
"d87cbdc4896e0e0160999520",395916854
"d88544e4e85add30aa795ce6",480779409
"d885902c923752eab7b619e5",382384111
"d88bba495701ae7a44eecc64",1441336536
"d89dff35fa1944191aa9ed98",608000965
"d89f812c7edfeb3121bf639a",611027091
"d8a7c0b01bb545c414e12a23",1391696215
"d8add8f5e0aa562a63c894d7",571435376
"d8b3a1d0cffc913ebd05b931",1061873247
"d8b83253855448caa81f7780",555699575
"d8ba9eb448ce35ed404e68e3",1109142242
"d8bb6151d30573c7595ee7c0",778789495
"d8c1f7303b205fbaba2890b9",422544347
"d8dc9de06461e0220bc55906",661154319
"d8dd26eb78ff22272358e302",952145739
"d8e51f7b40bf1887ac007163",841014450
"d8e981acf77bb46a9dbd3109",734240137
"d8ed50fbd5ed46d36b3d2dba",557291720
"d8f4955ed4fc363d6d9ea897",994268504
"d8fde541f142e6a7f0b28099",745097507
"d9000c1afed253d05de7819b",368020786
"d9028df78f9b14a720dbaa8c",1404013966
"d908973d90db91f772890c9e",393751735
"d90c961aa01e51d63e50a2de",1084013295
"d91017d9c530e058ace2e017",565262913
"d9110b2b5b1c02766da9e24e",730011790
"d912e45dda1a3a628fdf50d6",695685872
"d916219daa90cd2d99edc609",878244237
"d919dc64995903c9120eb61a",897152626
"d92232d77f7a124e7ff13ee9",761322222
"d925c1d4dcb68990c7204b33",756079375
"d9357452fcd193b6c5284bc8",1334610959
"d937ac866f671e4a0c090879",889451324
"d938d682332fa9e5c4986024",822830830
"d9398ef84ae71419cb7cc82c",823678756
"d93ba0c32244c455e0f7baf4",613980442
"d93f6d8fe212ee3c0f7cca95",737354325
"d94d18cbc812d560c1e38ffb",1239922157
"d955edf16ddb9d3f59501a9f",1235590034
"d95f38f5d1293c74ac52e823",1083091541
"d96155b72c02bfa04f7ea98f",531340583
"d96855b0ec427f041e7a36c3",1260866189
"d96e3063ce77ab1235e2ba26",580814030
"d96f6225db81dbf3d1a0e9bd",384773570
"d9706de7190ae64c83e65769",802391395
"d972dc3dfccf2a48a6384e54",825342598
"d974970034de145d469d09c5",544802756
"d97895a836e6ea22ff3265d8",452951401
"d97d462ac4f5d9cbbf04e9ca",1034526610
"d988975f8c4e6ee8fd8dc1e1",1020473101
"d98ba43504fb49a4f0bd9c05",1106547422
"d994f3919c3c8fe0ebd538ad",1091120057
"d99c00c516cf57b6fd9e877b",619394632
"d9a94194ae1350512beff3e6",885611987
"d9b46a34e48e04b5a3e026cc",656080500
"d9c46d54ba6df0d21ed4ca49",595385435
"d9cb0f637cd4feaaaf8a21c0",755521485
"d9ce31250d4ae25c3b850124",976211810
"d9d8aeafa748f8f1ff2fca22",1289993951
"d9eaec557a7a6674565db1ac",712850865
"d9ebae84cb53d29bbd8a466e",325733822
"d9ec26c1c3e1811e38f070b2",449714621
"d9ed55fb72efda67f5144330",1107497587
"d9ee40ccf461ce3e9ebb815c",721703714
"d9f0b4c92bdc9476f50638ed",450117092
"da12ac932dd8a2fabade4bdd",825082893
"da16828139a19aa11bd94ffe",1103173551
"da26059a2cf36e02b8702320",519121197
"da273cee807e254fc9aabb9d",748784564
"da34d6cd832009e428d2b467",394015432
"da35c757f211ecaab20aeb3d",511425966
"da3aafeb2d0105f8e09c051f",474292594
"da40d46cb91d9e59fe12e6ba",808553532
"da474e23f34cb63de4ef28a4",853196813
"da482df3d0fc97f9f8582e22",467080107
"da598f8a82b1ad1b02961cd1",858880444
"da5b958667b31f4f9a1d84a9",575447244
"da5bf7f1c7b2f4ad670e2382",724294874
"da5d47596a755078a2261328",755917876
"da627dae6941b59d1eb98e35",480042695
"da782fc0c8a79e3e250f0f67",380342325
"da7a511a5f470d99ab2bc4a6",805287611
"da83b03a6c9d405f55714b0c",1237826207
"da846b08fe2205d2e2a3dc71",444212556
"da88bf5bc2a7310ff382be4c",1106990731
"da8b5c8a320821ab8ca00a80",975623603
"da8d3092ed0e085a83a7d67a",720993768
"da8f986b6ee6f594780f4a91",1326705023
"da94e4a5fdebe3ae7bb1adcc",988439008
"daa0be53e7a1d7ff76f32955",946964102
"daa4d7da8d7df8efc1adc9d1",459802743
"daa52a91f1fee77f75550246",555613728
"daae80933675e767b50bdd17",1338919911
"dab58562904cd13a93d913e1",695201716
"dac29573163315edf99e0e7a",863412108
"dacd62440872b6e94ea56fab",446598068
"dad2bbb0fe138e426000a33e",658839307
"dad46c20f9f7d834e522fdd1",1054112204
"dad7e45e4706ab2564ef9cf1",366265213
"dadce7c7a446a6a177821b73",1018116791
"dadd9ddd29102f529caa3bbe",491524070
"dadf0a00434e8ceefb3e26af",1020177291
"dae0265a0f2f79d3dc010ac8",1354165333
"dae09210f48e5bbe0d31c728",429508006
"dae55582e86b1f514a4ec3bc",1054373609
"dae776f643e809387148900f",1421387968
"daeb02020f23715e663b4a38",769009015
"daf2efda70c6f3cd9257d0dc",464937116
"daf8d6d3f4ba21513341eb3e",1544707066
"daff79365fd94d1d3a2bbbd3",814161802
"db05818b6de8d77c1c3fd053",486430912
"db122cadb7a9c33f420fe246",418630408
"db1c3ece26da7b342eb7c8a5",791737434
"db1cfd89dad114c11ab2d409",1242756253
"db244703ce223e6acacbe85d",729392441
"db297b6ab332cbbba338e7a0",884551823
"db352cbc2aa3066ea9b34184",799827422
"db3aeb3a96304f3c255e8a22",629552009
"db3b84e5b3a9097392a57319",1243429620
"db3dae76fed5fdbed29862fe",767852605
"db3edc43e89840a65749cd94",750843989
"db41266d7b500a6daead96cc",379415611
"db534a5f57e92d29b9e150cf",839631244
"db563e5a1cd9eb1be832bf5f",1668427622
"db575f8a4e10a29fe81b335e",1028863291
"db5e320f51680100f1ec06f9",425060699
"db5ea791b33be91840a6d045",1034214891
"db6061f876f890071f7ed957",1198274092
"db7535339826028d0fb3355a",532766392
"db78a3ce9c6f6a7f4ecc6853",709645229
"db81ec58863dcc5d12839883",505505275
"db8912c5c5e5e49431b2c85c",688762210
"db924733e88c361cdfab874a",527666408
"db9798a3f9ac287754f3ae01",1033810586
"db9f66f68aa772fe29e37edc",510191541
"dba1be42bef913f35a95735b",794689165
"dba6308e2358f30b7ec33f59",920941696
"dba9fa9642ebc97ccd765db6",491461261
"dbaa5d47ff63125584bf7ac0",1080001340
"dbab5ea45ae910567c97fbb0",901513015
"dbb30f9d010677de2aee1b71",988259921
"dbb4260c89524c78de7433be",521027748
"dbbe0b6f5eb07a5f9ec873a2",826508340
"dbc123f9502159d660f375ca",1382850620
"dbf200ef5f1e15211e2fc6d3",885931298
"dbffe8f46b3d9da2e57c97fc",842285864
"dc014623ed69c32abce2d0f4",575184982
"dc082fe46a714afd43b9dc19",709239283
"dc0a4632d7378c25be351760",830856523
"dc0ac888f1e87924e3994b4e",540658963
"dc0e9ce44b9932c6e48a9390",526475119
"dc1fa8fcd0ffb8872d434dbf",674994739
"dc20d46be2470d85ad9e7e45",621891226
"dc25c9240c67effcf655b02d",740425230
"dc298d37c5235e15b4cd68a3",765984635
"dc33d5ffcd2aa2b7d56d2ad3",557820257
"dc3b8d97b11cc2af4cfbcc79",1075407175
"dc3cbbb2fa00043d02958219",726945251
"dc40c56571cbee9c2b7770f0",733536047
"dc420bf2dd1759b7f281cfa6",1185507076
"dc4331d09a1e36baaa6bde53",554827951
"dc486a3d7e9e2e608ab2a7b0",613980442
"dc51caa89a74da37ae644ff8",506561183
"dc537b5973d2b94acf6f23df",1025288135
"dc544c90e6ee38346a6002bd",833138497
"dc65f0bafddf39c6c4b2c9f2",726954957
"dc69d70e4d2713fcdfd93dd9",697700387
"dc722ea5c4d62773f9fb6bbc",519865329
"dc81900a751b64dedcb4ac39",866052709
"dc8262e1493ed593103acfa6",567050076
"dc8bc7cb687a3a42b7e7d5fb",1444011170
"dc8c76f5b3977f90839918b0",949412845
"dc9119767bf4f21fcccdcc69",815649275
"dc91e3fe1b190fd8cf2584c9",811580340
"dc93d8ca60d60a118f61390b",546175093
"dc99f2871bc05ea7e8a97d72",761079759
"dc9cd30b760a1280e0318512",826067055
"dca2e851b82c512f01611ade",891909542
"dca45f1c1a79ea5ebe639920",1178859837
"dcac44d3f8024c6ea1632432",510318061
"dcafab7adc7b763bb934496b",683133755
"dcc9e2c9c1151bd9f93f44b8",647912741
"dcca1c7f109175760ff531c6",664758103
"dccbc668caff517f649cadbb",1086134649
"dcceb6a2073faf9f89f3431d",918305372
"dcd314dabc7d162cfc29c81d",1202447859
"dcdb8d97ae65daf55570c88c",887991842
"dce05cf86b42124fc93d41da",1603841084
"dce18d258c352b7edc60c304",598789460
"dce1dd028695bfc5a47aa6a1",420123817
"dcef5b332fd31d0ed8d754f3",526408847
"dcf5b42ecb23800a458562e9",1288157290
"dcf606270a4612aafc5f9f29",512732809
"dd007a202a0a3d56ebc4868c",925668384
"dd10dcc52d2549df85f2a8ec",602387564
"dd178fd542fc716e32b4136a",603144057
"dd1d2e305d37d9dde55393b0",1126254189
"dd1dacc0c90022e5b40849bf",553856270
"dd206b6ea2d7f6555109ea39",552708102
"dd21457e18f07d7a927c0104",430835554
"dd21c6799a32ce6ef27f5281",791586436
"dd2396a42097b2e8bce52a72",828550772
"dd27922be5b6f730f8b4e058",413854243
"dd34882ac55c57480663f7ec",843646088
"dd3d529f3745159d9e7746b2",1126264929
"dd4e23681e00fa1cb9a679a1",515008668
"dd4eb14b56cb00130955d021",1387709643
"dd4fd04b9fd80818bd543f9d",888998476
"dd59ac4f6706a1399360bd14",755952480
"dd59b8122458557041903207",477813800
"dd5a565f854eaef90976c5fc",1121416214
"dd5b4eb5d20b8b9c813ba52b",408613959
"dd5c910c2a3d63b8fa92096f",497829536
"dd610d7ece83bb02dcd7a22f",596288928
"dd625806063f76dcf53582d5",1107499700
"dd6d47e2626e2bf24f842f21",846308558
"dd7b4c374bbbcc60bb090fe8",620702641
"dd7ec9d7dfad5364dd303f49",501027351
"dd7ee555ce0b2d58dbd8a9ea",387294657
"dd8aa138623604829d56ac2c",453404330
"dd8c289ec872be3fe3352313",642158629
"dd8eff6162c32ecbc6972509",593556515
"dd926903e87d691a0f15dba3",743562815
"dd9a60c3d502ca3cc98d9b73",991823242
"dd9d63c612aaddbd86676c34",669676742
"dd9f28d722d43112651786e6",534692461
"dda4ee9f3811c29e2b261a5c",608268908
"dda7a886135a1fd8106d04b8",1107349730
"ddaa88a11432ca21d3eca774",378616067
"ddaf8a1e5e6922cc3dee5caa",479236721
"ddba305c2a3ad29db24a0658",1216860971
"ddbca69ad74877086c4110e6",1003436067
"ddc1c85af165e47502447242",767533397
"ddcc7f7a087aa5f4797a8a5d",627443385
"ddccad3e5a4eaf791ce3a7c9",647999252
"ddcce0b9776593e3ef3ce21b",769371392
"ddce386b0ad3199ca09aac93",844831237
"ddd55d8001b809f304883ce4",382050948
"ddd8906ea4a22b782c7888bd",799058914
"dddaba511b6a18f49b41c1af",1023028021
"ddf2583bd65f02abf7ce3280",1109586590
"ddf47d32045769c0596826db",1549732764
"ddf5182c482fca7d881fcba4",836992973
"ddf8733adb641e15837bd728",520841944
"ddfa979b1d7cdea1d7dd0a86",411251246
"de060e07dfb0a5494c5550a3",431087084
"de2137c70bacfd5087bc5c68",743711745
"de26819064a290ce78d8fcc1",463994520
"de28370454624724128a0688",713299693
"de28e62bd01870dfceb5d78b",561988379
"de2e3a592cda5b76c9573c5c",840985577
"de2f5db1cd1024a9734871c3",454948026
"de328410e22767c66d919423",853870799
"de32ca7785b71dbcc76a50a1",938299949
"de3b619a7c80549db6ab16af",447024180
"de3d078e5d524d8a7b65841c",835386903
"de416f239b27327e0f78b862",685636129
"de44f54fd6b1b62f30956f5c",706455357
"de53880a3299626eb6c2cdf9",1431181449
"de54862f5b7b8ff345c6b297",428616800
"de585856ff546e00a5a4672e",368760676
"de6010c57fe78d975be38c2b",698633872
"de630da5e1c9e27bfd94efcb",1104457821
"de6aef9a5e47a614b75ee576",1035889017
"de754bceba2d206a9cb4f116",480587791
"de7f584df6103e8bf95f4a37",432227383
"de8ee990e70c8e5ad167dc89",650560266
"de901d3433ade456e9edcd79",665793535
"de9053a55630670ee8e59c9d",963792045
"de926223fe4296d96466c685",1095043813
"de9a32ec454c2696cf75eb0d",571644680
"de9ab30042562789601833f6",425892520
"dea79d1b25bb9c78d331e3e6",635530055
"dea95d98e8bff87b905f9172",1221984843
"deb2c93acfaf6994bb3c0608",664495694
"deb844a2812586991b3022f4",751874390
"debd031585e9527fe00f116d",848553662
"debd60afab03fd1552719270",844634670
"decb25b7fdc0eb259831cc71",735595623
"ded674ba9c7b76cda404bac6",831473213
"ded79c11c30167a9d8accf77",653626151
"deda3ad684384ed67711ae71",566083984
"dedeafb60b4a39950e7a984d",378052485
"dee2e190c4e2539124ac3ee1",857462947
"deeb837c2c6bcbd01930431d",721329392
"def06f49a0b8230ab613db94",667348436
"defd03ae7d0c0a44baf80abd",662534086
"df06b65985649c7107b794a4",488900450
"df07a34d0ee2f78f115c45cb",1463880708
"df10ecb67d79e645f77a90a6",817987768
"df1c66d8dfb9520c6818a32b",663488854
"df1f513009808ebd46ec0847",669690793
"df22426db407f4c660681c7f",688454871
"df298574e35dda90fb568023",419839444
"df35908d6ae2847dfc73cf9f",1419001510
"df37b916acdce817865197ae",917902609
"df3abaff81c430b4ba85d4a3",822964242
"df3ada98307fc85428022d00",688284186
"df3eca0f59974a812b4ea9b4",1279820873
"df4400c44a166c851ff46eab",809820665
"df4a1968046eed5326119599",1112786913
"df4be33c0931aa86231b7a2e",1329975910
"df58a4244134d3493f3c9f30",999253363
"df81d07cc6e8fb0a01c0f404",686039033
"df82719238ea0e102c282c09",744882943
"df865201353bc7b915b56ac6",615017719
"df8979b26c9971dd7c3500d8",1215445998
"df89e7dea6c313b0cc262249",422108558
"df89fa06e32e90b0b6c2014e",602080869
"df91a3c7f364df5e6831f2de",565639314
"df91a494d5d244f20dab0eb0",414559746
"df93a6e36d9f19e252fa9de3",826382234
"df98fd10dd8ae59956994521",482930938
"dfa744f733abef97d82dbb32",881488217
"dfa7461510c6dbe5e119d106",514843668
"dfa988a524343181a0d3ead5",1289993951
"dfaba547699e319462abfd6d",591535733
"dfbb0ed74ed85bd186f40ccc",421121043
"dfc4f3facf91bbd93ee0fa4d",421139517
"dfc817b569fd71d2dd47e980",1266457947
"dfd84193c81ca8430fd27ad0",840971140
"dfe09a5f848e8e819c361ac9",450438297
"dfe8e2542755d41d920e28b8",394125170
"dffa1057472b06bfc0fa7a66",1215798427
"dfff73eccd591bb26453eec5",744021046
"e00e5934d1941490834c3145",990800331
"e0137390f0186c98f4e91263",1002559883
"e017c3311e2fdeb50a686547",1241564529
"e01c1b69abb6a4c1c69c77d7",983858952
"e01c49250329331a442615d6",478536140
"e029511780468f4cfbd10d3e",646502998
"e029c89d59f2caf4af4bd908",892008216
"e02fa06a8de8a603e417d5ad",517469298
"e03610db09ed7315cfcd64c9",520944277
"e0432ecc0c1fb2b00b5435af",487671094
"e04473aa943812de1d662058",844096764
"e04fab3d74d14be3b8dd2c8c",522460761
"e05598d3c49f409b937ff2a1",564754254
"e056ada7a37336bbe878f38b",790908812
"e0587d29cb717f725e991ef3",768306754
"e05c52c9c8fcb792ace06b61",514208715
"e064b4dd7b4e64a3e0016f0b",968250983
"e066ee04cd3a597dac8ced59",450728780
"e07035cb49625760c7da85d1",403749486
"e07bc486c6f5541e4788f83b",1010498222
"e07ca567b0678126a1aec803",732941667
"e07d8e9e38e309958288a516",948708681
"e07eb36210e90ef0419fa0d0",1082011649
"e083d83369cbc93fb94842a1",1040951496
"e08561df5747246d74136dc4",438027747
"e08aabb998103a941d24d0a9",402811836
"e08e1f260e5c3231c49e5a96",458951960
"e08ed8c82d05dc3cad8cd2c1",867024550
"e0ad3e9588636f454e9e484d",1034562129
"e0ae474a5307ef4057da4994",367289386
"e0ae53aa3cc9e9ba7ce65f74",674004129
"e0ae8d2a51c771aef5f245e9",465961607
"e0b041a39e732783f98bde56",1089111521
"e0b13f6dc213d05133252d15",1387611713
"e0d6155cb3cdac98f81d44e8",969261706
"e0d7e4dffa0f3dbc40c7da53",574610400
"e0d837e6d5d74fe91d39d23c",894592933
"e0dd5e6879d824a95c3c1773",741021439
"e0df3391aeb8d3f4b00f418b",651864459
"e0e6852c6d6393d6d3719131",1426200134
"e0eae2174807cc7ada38c726",696238088
"e0f47a028df2dbe9129cde7d",1263953058
"e102f1d841d7cdb596d50624",363002719
"e104567c1cc70000692f502c",721069408
"e109ccb29c02c9b35b789c90",797985157
"e110abe74ba0ad062c9b575f",838619725
"e111bda6d24089dac82907ad",367014174
"e1132006785632e4ec5deb02",792775566
"e113c48e4e1b53adaca275f2",874726852
"e114160e3ffe6a703eb42440",608714580
"e118b149654cca1c0b3a58a2",1241704254
"e11f9a5cf9d6ab0ffddd6096",943606940
"e120c33346ead011ab7789ce",600587536
"e137b5003b8c8f18892ee9d3",646734864
"e13947242fe19bc3925919f8",466718548
"e13a1c06ccbf814945dbc768",827238554
"e13ef02a57d35f71a4fe6121",536847646
"e14328c988a27176e9fc63af",1153886530
"e148c2b109eecef0175b3c5d",545169692
"e1490f0730f8fdc36993027c",687142999
"e14b31f8a454e47c383cae94",747501718
"e1558509b120809eface5b87",939825983
"e16685dae2bd3b0a4803ec9a",877033962
"e1717a317481b0765a7a6a0d",722758915
"e18337bbdfb106a3f1739960",740812287
"e186499af986f1959f729b9b",653947877
"e18fecb7e40bbcaf26c863cb",1008011123
"e192181121fe58a8bf94aecf",684251317
"e1967b56ab8ecd035bf39534",814683740
"e196b7cdeab1468d5d4e07c5",1495611644
"e1a4437b17f7bec650d8cd97",549385779
"e1aa6c46135f4d1aa1b7a1f4",671712024
"e1b64df8e809ba220c9722aa",914072954
"e1b753c283bb9c6d4e438bec",1005518637
"e1b9ae3e0ce3da16f18e1079",930767223
"e1c33552eeab60683f2f89d5",984024103
"e1c7a101e5d518583f9a2a7b",1230566361
"e1cecc8f17883ba6e2723826",490843911
"e1d875468eea7b2eecbb49c7",824198936
"e1d8eacecd35515eb19f9135",1320837182
"e1e188d3f9940f9dad98488c",838317466
"e1e5b0bd721a67318a3848ed",398817392
"e1e69b5a90431b8a44265487",734037099
"e1e78f3432ea2dff6b69c6c0",477332845
"e1eb183eb261b6de96e20a56",1251056437
"e1eea7716ca6490b7640717a",705820990
"e1f5f0e96e5865370423c142",960510785
"e1fb88779e55aef2b66f2c10",697228128
"e1fdbdecc84b991f582a2e00",530866499
"e1ffd027cce28c44c0d2f80c",741376284
"e2094d28cacad3e2a711c5ca",411415218
"e216fba4bffe753a527ecd4c",674608614
"e21f2a8d9c641e45d442686a",1071682551
"e224f9ffc7bd70369a5e8b68",1519923455
"e22b8126863c9ca8fb04df9f",967689721
"e22bad460ec1bc991f14bfbc",766706709
"e22ca3f1c8073e246079d57f",622458470
"e23017438478050a655f6d67",741106247
"e239ff5eaaebb287beaf76fa",986670298
"e23ae41983b9f112f05bb703",822888901
"e23d93ade25e73614d7bcd77",1396053666
"e2544529df4efb7e90afcd21",521697988
"e26dcf5836f5bb53553cc413",756770459
"e26eafffe4ca3c22b7f4a272",826946706
"e28474959994ea9c0c2eeac6",911263343
"e286b12e5aa7929334322842",651791107
"e28d8dac5c1c75d295a9eb3f",395688109
"e299f614cd8ae525fc8fd0e6",1226706721
"e29d9a401a246c00f5eb2413",682263922
"e2b7f984616fff25e3dd6a3f",1097326974
"e2b8d1aba0c583984aab25bd",992676789
"e2bbe9221780d01a265e2ef4",870984297
"e2c3acee51cdd03b1f211278",759851209
"e2cdca1756b1635dd1ac2b2c",991348526
"e2d00e4fd93a02ea81895355",763573405
"e2d88f49873bbcc5476f4ff5",558384439
"e2da7c1bb33be76b86b9a07a",600474139
"e2dad5c148ecc797018439b3",1139997511
"e2dcb036931bf4b2aa030036",870422969
"e2e2218086e6ef5377c01b68",756220714
"e2e4641b20d81a90033a536a",838176769
"e2e639b53456889ab5350ba0",538397075
"e2e7b03feffb21bad63eca2d",761053630
"e2ecbfaacf11ed16fd71abcd",603490428
"e2f00293305c464b361b6178",571960962
"e2fed68e0b614e65c05200b7",613431454
"e3034ebf243b024cbef83cc9",642214973
"e3077f6e47d130106e7165c9",820301673
"e3197263bf47b3d37f027e11",991914050
"e31a209077a3e47712588730",927101371
"e3202b635974f7a3367c0ff9",1436111683
"e3295e732bcf306a2d338387",657905033
"e3338ac993873aca45755dc8",566525761
"e335b8464a61ea0781f7928d",1366275982
"e336d9d892441c7ad886a98d",688049235
"e34517b1563d829104e230b4",403469271
"e35579e8b9b24dcccf93abba",545533754
"e35d8f589e6b1909f5e4132b",1153769890
"e35f95823a486c52b0f4c2b6",557542633
"e364018f4d994cd15d4af374",1094686715
"e3676f99542f27c9037fca29",870718534
"e369c63f83c44329ddad488d",703089370
"e36d70d72c2758d7fef242df",694729823
"e380184391898aaa2d3dc540",798435807
"e382002b0685aabb01891743",633748232
"e38259adbfd953bf085a69b6",605181408
"e3896296cb80d50d9ad3f903",969052823
"e38b4072ff8b856487864f31",1152751443
"e3903705d5a48c6d9f828ab9",649933941
"e3950ce025371da2b4ad9db6",1015980998
"e3a62f080c25f404ca995e06",1006320629
"e3b7dc4e8990f3cd436bf738",696718979
"e3bd8bd5884a55fc1a151687",688678138
"e3cd7b6dc0495d5109086407",1048843675
"e3d6fe5d97bf4fe851aee9d3",979942875
"e3dc8b417819e9afe3fc7d0d",489816093
"e3e2e3080cc309d34014e8fd",636087901
"e3e7ffecb903d2daccbf8a53",625500478
"e3e9d1d073b129c697c1e9e9",576366651
"e3ec7a8fba3e1ea07a135dfc",499025485
"e3f39c6e4a41fbdc4bc30e0f",740991758
"e3ff13537ffb7172336ab5c0",1195737561
"e40742774df7d2b614f32de6",403636299
"e4082fa99f92fc7a89092fff",1048343666
"e40f616637f6187024b34086",944002977
"e40fe4ac43cabe82c03dda59",484759124
"e42fc32db529e088f15cec8b",1106235102
"e43151473292e4e98f121f63",530001476
"e439c77c0d871996bf06bf88",822648797
"e4434407771070783b97c014",644266322
"e44b023e39910ed29f4dde2d",619242250
"e45293f1e6ceb2fe79f6e0d5",658220077
"e4559824c3390efd6282960a",769742749
"e45ba581daff88707ad842a9",628149867
"e471b2ef30c388893119a010",1398473548
"e47aa2541fb576b9915fd625",602401352
"e491adef93281c097ab08dea",455343889
"e4a021b625f4ffbed391c6e7",952174797
"e4a70600296b0bde6c28fb19",736768093
"e4a9626b1107b9397d0067aa",666990857
"e4aa393309860fd5e30f49d9",1416040952
"e4b85269ca413066323f66e0",1016859215
"e4d6b81f169cab8ea0244d75",486197164
"e4d89c9d33a0f2659df21185",577696175
"e4e529e778dbc89f854252f1",788243200
"e4ee1a81aa121aa5f55e20f3",897613052
"e4f26a73bad4e41c375dd897",1497384191
"e4f2ec7e2f4389c1efa52c0f",662511340
"e4f2fecf58a038d7b18f7160",1180236720
"e4f3e425e9f6e393999d7a08",502927879
"e5092b4a94f1c231a0c47680",1279308352
"e5099db945e4f04aa3f0bfeb",918993981
"e5168779de76d99010e37c7c",1010053097
"e51873d6421addab3b539dd4",462918725
"e538d52c9b2dc994491be3db",363732520
"e53bc68f0e97ccead24f3e56",558279011
"e54567ced41a40938b85485b",841673997
"e548ef7a5650696c0e968cf3",1102609786
"e54a8b735724b2af56c7a36e",381287301
"e54c7ea1f012656f7fafa49c",526767414
"e5527bb25c85988e00da339d",1478469209
"e55634fce84f78466095e730",588711679
"e567e9e5862b13f0085505d4",450507892
"e570a5157e02d440a78ca008",744512219
"e570c5f58a20fda42bfb535b",533366271
"e57ad52764215c3d54740ac5",710522866
"e58b92216ee6438a921ee0d4",831344764
"e58ba64bfa5280630bfcfa97",640105445
"e59afca092e0ddaf60c9419c",655456361
"e5a40a555d11d4429b9675c3",794234570
"e5b2a446c12222efc187e02e",742535307
"e5b92a0c67c506ca6e92315a",428849857
"e5bc85e227ed7dabfccbd005",397871464
"e5c8f2d536c3f931eff2d70c",883214925
"e5cd7a2aed48057b0dc8d970",557966038
"e5cfd99e2308b7b73581dbdc",473287699
"e5d445e39104d9ee6b244822",948129812
"e5d6be06fd53d317c8e5c7c0",709293396
"e5d9afdaf318dbe749bf9950",416492780
"e5da0e3919341762d5beed25",545704426
"e5dba7fa0cfb81488b0c331e",676438224
"e5de98822287c2caf8b209da",981274573
"e5e06913ec3c851340d7c91a",591699354
"e5ef29d41082025c42f7c921",810851575
"e5fd3cdc6a19653275c7f4a8",592287635
"e60024d6e0b5aa52e27a3b5a",467675598
"e6016afcc032d20fc9d6f2be",900373707
"e60850405ccec092b8fb5d02",729995082
"e611a37562f88ebe07bb28d3",479876083
"e611d41aaf38a58acaa0bf23",834609699
"e6144e15d5cafcfe87c07c9a",509644944
"e61476e47d7e7be706d23fee",644134849
"e61e5d3288f02b904d3b1e38",1233708464
"e6387696767d20cfa4918ca9",699959672
"e6396355c1249c6290906b78",984110443
"e63d334d9ae8b672dc7b7d5c",1292520863
"e63f468e1d9f86530d47ba4c",369023121
"e640424f3b7d1db403c36ba0",950505423
"e6424086fe1cf2a2931f4847",787262056
"e6477c2014ad081d22f12b9d",657901268
"e6482f3b6184515453d16bf2",996947952
"e65a4eec62e2a5bbfaad5565",736186539
"e663064dd77e3c63ab9222af",1209987154
"e6653cc1c94306d4e56ba216",660987881
"e667133c29f90c8fbf30ede7",520281953
"e66b2c71519ef8756db69b97",509651749
"e6717956eeaadb3e95840256",1082703234
"e674ba41f9657ac8f30d4f7c",979152568
"e67fa931031bed13c711ad00",455989642
"e6807209b634455bad257998",515721329
"e685650979374c571dea2ec1",472783345
"e68b18b57fbc5fd6cbb477e1",964303224
"e68ceeb098f60054c19fda0e",1068946991
"e68f5a98070efada9b5538ee",446828970
"e6a5007ffb7c1321d4fc21a8",449416219
"e6a547b2c0d126c9b6800515",1162184872
"e6a7e6b41e6c6bbdc16e1e14",824198936
"e6a9d5c9a82ba73e76817a81",655727707
"e6ac4d158437142c15bbd4d9",876788093
"e6bc998ad1d87c5be3559ab1",787262056
"e6bda9370c80a5f7e5cb6b07",830450930
"e6c6625db90e519f9dcf1b23",551471848
"e6d2e862f58445084b2980bb",1289015056
"e6e3bcae6ba114caf108049f",547095730
"e6eb47d050702ed49ef5c49f",1359792140
"e6ed64435c659f236cf213a8",569068611
"e6ef433629e193042bd30f4d",1207013665
"e6eff72b7c5b0fc2677af2ad",561631547
"e6f2c7d7317fd433e26878e4",1426303507
"e6f312a0877af26b69855a3d",1411354588
"e6f3eee9f5048005f24f0943",743314666
"e6f5ae869a5b7a30e8f0fd0d",1011859864
"e6f9288cdadc5851d29fabff",1524615505
"e6f948282e81570fd03e4df2",980917156
"e6fd53315e92a55c6b67405f",395581709
"e7081fb59ffa298320321633",811105254
"e71c6f7437c633e2d9da643e",616853937
"e724a1db86d8d0c6334041b6",525967253
"e72ff7414cceec6b162df345",610160618
"e73e5e75cb18f52dd7239361",847903280
"e7439820086f8d1cb13d7c9b",775944179
"e74a31e6edd4459d4e215c5a",669176225
"e74d815ad652f7046ba33295",697026019
"e75699a7693c678786ced75c",628127103
"e75a05dc0018f29517948ea1",405611225
"e75d4ce522cf587cd66adae4",628424292
"e77da26aa7ecdab5505fab60",1364229228
"e781547cf6f8cb4ec0742b5c",1049702245
"e7834f52ebad3d3cd00d069b",695493496
"e789e801fb5d4501b5d64e2d",1024453441
"e78a4111d943044a9a32ed80",867896498
"e78ad3483c5aa5a7a4310720",590613532
"e78ef4d2b165a8e8781c258d",539736804
"e790b21630ab963a65c53df0",568977443
"e7a2e8e1c22a52f78ffd1b19",1630419026
"e7a85e64ee07971696f555f2",940143323
"e7ae63f81f8fad37bb9c1b32",784165889
"e7b3ec90b47c9e6009ca8a75",919888365
"e7b717278f7c95cbfceba80b",722338578
"e7b721ed96269bb195906bae",349886226
"e7bb12e99318573a6e6ce1cf",717288941
"e7c08555cb8f5c7d0f32fdda",551502352
"e7c92ef9784a92c8b7fca693",1194440553
"e7cb4cf600b9d931eb295c71",501907305
"e7cf67cbc08fa04be9f0a3d4",528425812
"e7d1ee027da436cbaa122f48",1268505594
"e7dc05756684b070b36d681f",777759293
"e7def7d0999433ad6d3ea412",1177244275
"e7ef0d61e27de15f10b0d643",875893847
"e7fbff0a25cde72a38e7c7bb",1035146382
"e7fc4e6b1fdb38ffe68fb680",733586417
"e803e3806630c6579f004610",941609494
"e80ba06329760362c7685ca5",554531720
"e81c5c1b820636f691e5c5cc",878939686
"e82508e88e3f62fc8e67dc16",842060979
"e828e83be8651bc2e07641e2",552846221
"e83119808dd08ca090f5ed85",888417065
"e83ef75473fefbf8d7e52302",422188272
"e840095310907e82a159d683",900968098
"e84605e3aadd50b064c8eac3",1335782435
"e84888d2f22e14a5016ac789",539106110
"e8491a7994738d098a7aede1",1148294523
"e84da6ce78339d50a72cd87d",394082324
"e852246b7661d30dd2e1f0ab",404494080
"e8544410d811163a13c6a326",451521257
"e857db57a89e165eade00770",445566857
"e8603da6012c2116a70176b7",1412879051
"e86b99e5dac8ed0d8296e950",410348610
"e876c6fd9c161861fb92ad5a",1356000409
"e87779bf2f8af86fc4ae9583",470261552
"e88009be52bf5803ba3665d3",521774613
"e8872302ba40e4ea413689da",531709607
"e8948741a987cbb3759b7a44",1009533070
"e89774d061d50c83b409a071",352381648
"e89cf4cc82c5283f3db6f5f6",516506888
"e89fbcbd4d3414e30c30fc29",958662217
"e8a3d9d6134ae8d631791e52",1484428475
"e8a7ddb4e5d43d156692326c",1091301132
"e8abf103cbe9fecbdd758516",1045919012
"e8b8d0c4cb87efc13344bcd2",1258249959
"e8bdc4a088a6b99a538a6f0a",364590330
"e8bf121ec117e383c843bc51",1273684150
"e8c79fd41b001fb1da0d4fe1",812469360
"e8c9070ca596f88bc2e0868a",860968386
"e8caed8cd754b0e3d43e6954",1195313428
"e8cf39cada5b7755f60306d1",815327303
"e8d2cdda77c1d885e21c7bbc",1508673597
"e8d83f7dcb876d5d05ae3e98",793248994
"e8df85384a1f51c31015ba08",696360272
"e8e215437d023387c4a55515",867396716
"e8e97b7919856f9cbb9ad02f",948140663
"e8fc9a1fd4b39f946b914398",476156188
"e9081115ab418ef1031326c3",551663318
"e91425bd357561183b935d27",778779097
"e91598736dbb7319952f0dfc",846536192
"e9182661e36239f091259232",419033033
"e91a3f962129068a3a76d209",1095238073
"e9205b722e624eba0fd36145",1437863077
"e93a9b257ecd815c860d0b82",862806288
"e93abbb49b24717d3a0767e8",759726579
"e93dbc804920c0bf7bcf8cb3",476475072
"e95653d504208e8da19fdd03",1103173551
"e958bd2b19db118c31f893cd",401470314
"e96a7f5424558193663ef6f4",889717714
"e9772a54bc6638c723dcebdc",692482136
"e97c998a6a0709605432ccb1",419867472
"e97d03ef9638c8e1d270ed2a",432760279
"e9804af0513b2f68daf182b3",583278593
"e981d4fb3a33f372ac26901d",1494348452
"e9830411c3092327f4e66a99",579298305
"e9860f6b4c3e6699e62f6c31",495928410
"e98bb3a89bcec8650e33e730",605188333
"e98cb170e4383546988c6829",497829536
"e99d9dcb9880cbfd219b4297",1141686073
"e9a0dff7ae48bd3fa2ecfcfc",652325899
"e9a37a1a4150461126dbb6e9",665793535
"e9a427f23e80fa59d9d517c0",411415218
"e9ab6916a79b4d5182d33bf5",1082168508
"e9b054016b281140d2566d88",776576394
"e9bbc31499ca187c6a492175",729391050
"e9be8cd37abed8ab510ba1f5",1028822081
"e9c905ff64c7e2f8c21b0a9c",354055817
"e9d514f90ebff0de1936d09c",936003045
"e9da7f2549d914aab6a30e10",512540187
"e9e39766e2c96bc783d580a9",1431181449
"e9e6e054c1d09a22b7efa20a",893907263
"e9f3f41366d5d784c2928937",750121116
"e9f44786cf982100af0984e4",1201867747
"e9fac47a0f02f27abc96d568",1123927989
"ea0ca17e989ec57a480aa464",1436111683
"ea16314310144a10c81da9c7",398314897
"ea21ddfa37d60737492509cf",761094275
"ea230d5eccd2b687888173bb",855631531
"ea28f68a1d1d81d29b88531d",891950371
"ea2e380226005bb55c724ce1",1196839641
"ea2efa1a857332559120b823",728580429
"ea34dfefac91681864c2bfe1",926871519
"ea359d571ad0c986f826d31e",950300582
"ea37ad89fbe4159940586718",395433098
"ea47ad6335e74dea06228b16",661122793
"ea4a797b3d73d1b2cba9d651",791674011
"ea4add08aa912717cd42f9f7",1189457131
"ea4af07bef4ed93e81ded95c",1027584600
"ea63bca8e3a77fe88d88fafc",441687277
"ea6e83dbade169818975e5b3",585057989
"ea7c9e327eab66ca286f6726",685509289
"ea7d5c601c3f8c86ca8f15e1",588039459
"ea7e3ba584cc5ee45ff8ba7b",914901470
"ea84b58f733c8e491db98a52",1179120691
"ea87e3259c2b0d6263d39a2f",530954598
"ea8cc21bf7d48979bcae1458",899585799
"ea8d704272b2cd066a7e7867",1431397117
"ea91281d5eaf6b8f436d47f6",1292520863
"ea935b76abe664d5e2c4736f",586542914
"ea9d6dc517c77ff8bffd596b",1477423375
"eaa4893a313d85fcf38dbb6b",714781466
"eaa6d58e226904e9993b3493",632421175
"eab4ae491bbbe7b8ab107229",761380309
"eabdd1bad2bc4351ba4a2635",888611956
"eac458ffc1da75fa1a4ab384",783419901
"eac7136b26bccb3c5d2b6202",940173807
"eac89e705cfd337a99417320",451377458
"eae4243c274735d616c6b9bb",1283450992
"eae4a1cce7c039c644f01c6a",887011725
"eae52c81f779a61f57cb5b58",1057293680
"eae5eecfa2fe828afbc94b0a",427053287
"eaf0f2b00b6994a9ba8c5ed0",377263010
"eaf53eeb911ecbae638409e5",449746359
"eaf87358d89af17c3e004c21",901597274
"eb055771816b45213df3ff3b",504962736
"eb09010915ee68091d6675d4",622002735
"eb0c6a8231b38b2a1e1f789a",871394728
"eb0f3b14782c9a484408c606",816871436
"eb14a5813f860bb74740da2b",436815488
"eb1b9e15dcb88964f79e6a4a",551949594
"eb24e0a0ebfbe16eba466280",1038133981
"eb270972f0f69f1671a0a740",1001056086
"eb2880c2433c4b2500fd40ef",395480617
"eb2bbf82cb615e3227305b55",481000460
"eb2c7a973d4d6ce8e6ae87a0",1451602440
"eb3356f3856526dc140be7f4",627233988
"eb339d562b72b3bf51073cc1",428871125
"eb40a304997a6e66c550b704",1109264949
"eb4e1b72abce1d184dd4d5e4",643766378
"eb55b0778607da932c3b311f",897974370
"eb5e382e1372c4e94f467673",821090611
"eb61a13df1c8d8d0efc4db3a",463592020
"eb64fd330053a41ce5be4a7e",447553978
"eb6e6060b78676d13d6bda48",628472238
"eb7173223a27076d16b87f33",608519558
"eb77734d12df7528af57c674",439932575
"eb8021804e63016fd934c9b2",645385538
"eb85bf9ab77f59615960fbe0",918110973
"eb86c1da60250e5559fc3cfe",629111479
"eb8956f0c4a885619bf1ff79",1370104286
"eb89d0b7914010148e6bb597",732868976
"eb8cc67810d95d1b102410b7",1028822081
"eb8f668912b70fd554c8c723",586128008
"eb90d9e9eb53b44b07ef9613",1047811919
"eb963f082209fc077aa72bc9",1154053807
"eb9a59d4e85a3f124e866f47",936490555
"eb9ab213defc2de5d878653f",556144916
"eba0410242fa1e8dea90b194",787574447
"eba3cb8156e0115bd7dfb525",902829392
"eba6a2b80a17a846ae560ece",371647940
"eba756e88209c420d288c4be",640425402
"eba86391ca00fb217ed1f774",617787651
"ebab054e5f256bf4e382002a",1273552971
"ebacf31727972e81d0a0d904",608268908
"ebacfa0a8e569ab603cccd11",358480162
"ebbc5fdad817b304af3585c4",449100882
"ebc3a6574ebc530ef715ea7e",1133445458
"ebc96ea800887a647422b8fe",1106999177
"ebcab2f8506c64a461591d1c",652644495
"ebe09efa32acf6d680341840",771028469
"ebe1b5c9471f3441a388f7ac",622612831
"ebe33bde2abbecd6d1fb0cfc",686732897
"ebf2d540aff82f1aadf95f9b",569856079
"ebf4bda17341de806444ba83",652500112
"ec03a01c961659f2cfd9c973",681705887
"ec0c283eeb8db461c20af1d6",630891095
"ec0eb8d68807f52b681f138e",1171767017
"ec1171cac1eee089be6f427d",419978803
"ec13a869c212c39b6ba21b57",830737676
"ec15e2a131d9724b012d68ea",807935349
"ec199e33b7557dd669fe1aa4",338362193
"ec232a7ee3aeac713516614b",798338348
"ec27554aa1c62314f4d46fc8",486534835
"ec2f16aabd36fd9ee2203276",1557146052
"ec3f1679451b9c0037f89386",1143837382
"ec401de1c0ab2dbc149da048",731878579
"ec4226205a38a45d97f35828",829162588
"ec422df56b811a0aa42d8bbc",609845312
"ec43b2789c9cc266a8e0d1f6",469951309
"ec4df02b32d90c019125d108",1265318307
"ec4f7794cb756b995d5d207f",865714143
"ec5866fcdb9afffad2d7f5c6",887175849
"ec674ba8cd16c2264d270901",1062284475
"ec6ffe86e9ece6fc03556ea5",500850589
"ec824ecd0319e05d1ca6a9c7",539336490
"ec8b305ddc2bc211a8a05d0c",610353837
"ec903c33a379d8d2cc04ab36",1128608881
"eca500b92ff96f10ccd45e54",714623336
"ecaa5e38ff6cddc14942eb7a",753179106
"ecabfcb8ce9bb47ec3089c7e",549385779
"ecc3362a649cf08afef96fc0",471846441
"ecc36a3a4610829ee3f88993",617672185
"ecc4d05489c5ffc8164d5469",381951857
"ecc5e3781d5e004ceef8cf76",663029635
"ecd0b4bfd66fe04c278dd4ae",456868917
"ecd1e3003c5d74a3c7cbdb11",704420937
"ecda0d714f52da919223a520",834041587
"ecdb747ee4a3ebf958252309",1186685733
"ece0394e38b152e6c1571324",980561740
"ece6f8c652d4227370ef0fcf",1213703901
"ecf47573fe1ff641f6914d0a",1298857343
"ecf4e968c925cf8322f8a0bd",414851620
"ecf5c9bd618e3976ceb5697f",1314609093
"ecfe155a407ad2c2f74522e8",769729536
"ed0051ae106fd0df60a14586",926678842
"ed09fe201c9ab02a91779dcd",726679085
"ed1c8ac25a3db5120c92525f",541869944
"ed1f81648083d4d2726710ac",428732904
"ed2c02ddcf0e54789d9d2675",1067807879
"ed3275b560f020baeb9ce3c0",519712650
"ed40f198ace8a4405cce7a1a",742862538
"ed43b0ac46067bf886457c01",932142318
"ed44705c17c414af8442b6ae",717252003
"ed48916725be6970cd2f273a",378095031
"ed5192bd8038c77ed2e46f0c",518865802
"ed5559fbfaba86299e87ed89",861684669
"ed5622c308bfd10602e939ca",813174762
"ed5c3d2952d2575b1bb757ee",869444002
"ed5dfe95f82f4c087af07045",587127188
"ed68664efdb7377c33f4010d",781362031
"ed6c8c45bc8c1d160cf0d0eb",845403473
"ed70b749e030cc8715c0eba5",838176769
"ed75d1c40109eeb51fd636f1",1183417332
"ed764bed1d05cb1e9a4e67f8",891129041
"ed7f61ea4c9095bd4aca258a",530723749
"ed80ba018de35d5d76d50db4",1361014273
"ed88c773fa9ae8bb29645fbf",739179264
"ed8eacb8746dbcc3c2ef3aa9",746063101
"ed9703ed896c6118a3458e78",416121168
"ed9976e922a774cafb601f5e",425143403
"ed9c4f4e06183b15b877f077",590978633
"edb259013ceb62ad9b23eee3",1103064141
"edbafba81b92efa9b1400987",1360458858
"edbb5db63dbd0452c51047a0",509186333
"edbb6dd10f8c9e7596368225",827918879
"edbeef6a08dd17a941634d49",1080949328
"edc204c3e18368e0a9eab593",1272040535
"edc3879a1102740f2f96227a",992116507
"edc43e57b2905405a13f8f3f",371728759
"edca31377b4f7299f8b45187",1470858066
"edd0b57b90629fb00d036e34",939836739
"edd1c4fdbef4e6beafbd39b8",441272985
"edd2afd07fa1305fc3126078",500426617
"edd342f84fc90478e344ea1f",674113411
"edd4d560363f7575aee42d39",941386819
"edd9a278b86b1c56e237a0f3",564793034
"ede08c77d6090e0900654eff",1277696471
"ede10672118071a215ae09fc",1162362221
"ede43dcb1715b959ba34a37d",676861543
"ede7995bc4e7e672fda4fa5a",1445038864
"ededebb1a544fb3246d3e131",567311875
"edf4e11d1f1aa6f8080c3156",1229555168
"edf8c961862a4ff8e1e44f1a",761053630
"ee042a4b4a0bf9a1dcdf1eab",670214704
"ee102e9d0791ee82ee4da2e8",767141158
"ee13d186a24af238d06e0c2b",842769569
"ee18825bcf4065d29287b54e",1412695813
"ee27eba49457286b5ab76172",849614434
"ee2c509989c7155bb472c5b0",660829048
"ee2d16316e6f4f2388494c7f",700618169
"ee30ab004ac5270daf59758e",802073127
"ee3b5d47d05a80c07751f7a1",1354165333
"ee3c0c7fe3fe73ad0449870c",1648272902
"ee4377ff95580b93e80ae08c",1061786160
"ee4dea05e93581750d613c59",723226395
"ee4fc6a146e888e993a4412a",867479442
"ee594b6bb0751dab39055b3e",611351170
"ee5fa0932e098cba28d950b1",1017837195
"ee667413d1cc49427ad448f9",695201716
"ee6a288e644183bb191a6526",366549652
"ee70354146295365bf241d9c",602401352
"ee703dca75c4dfd5d035c9a1",529083367
"ee786b818284cb382c755e9d",983071111
"ee796b35e39c7beb6aee2b49",936733511
"ee7f7d547af56773a4b0afaa",865834690
"ee8103b958673c589b9cb27b",1268348337
"ee85a12b8f764bc15164dc7a",589934640
"ee8651631861c1b94283a953",1279479169
"ee8bad3fdc93f7fb79c9cbd8",1082589660
"ee9171c496fa78b1461acf88",909840953
"ee96d947484aaace40f9b77f",896807034
"ee98e745afca6de4550fe570",638905202
"ee9e5adab1455d38edfcaa6e",982336363
"ee9e7dcede0ffc20442b4407",873781375
"eea6a2137473c3ba6708b576",362167296
"eeb6fa8f820ec63aa0aaa303",1096772473
"eebc02ff14b6d270746ca055",894710675
"eec4d59429b1d1bb75b4d686",590651835
"eec51f949083f39691e37e15",994513172
"eeca3f5c399785a1cf15b1c6",701187674
"eecc82010ce9803ebea6dc75",498266514
"eed12d0c3e65e9989fc4f4bd",667189347
"eee841bc785b1824b6419a73",606822724
"eef1d35ffd08dd161a36a2d1",1296619726
"ef0e5b23069a9fe377b77ccf",838507765
"ef26c0f1cd9e3203ad16558f",819971608
"ef2ae24039bf2cff1caa4340",583789461
"ef2b9c11f884cc5f31c26f60",894925723
"ef34f331871e8ca6573981e1",736800415
"ef3887783a12f591198d6c27",832628557
"ef450748c440c4958e5db54d",897974370
"ef53741b01120666a08db213",933211461
"ef61986cca74fe8585b1b287",448090386
"ef64565957b5278185b2429e",895670256
"ef64a8989a6444cc529dd1cb",896297442
"ef6ac2a5102d7be910a3e4c8",414760635
"ef72df5586ad0cbe59e36e07",986610078
"ef73428a38c201019267afb1",563380364
"ef7ba10407cd74590ea3fff3",963209484
"ef8430c4d15e5887b8103bc3",1134280249
"ef92f63b46f27ccd2151a21c",673700805
"ef961c130fa3b9015b103154",975190121
"ef9cf29f71434be184a4ebd9",671965747
"efa0c01632d13ab59f629ab1",628454258
"efa36c7738fc14a11cc352eb",478033487
"efb0b413b3f661b23d674b3d",1302720347
"efc5412fb02ba9d8f604e493",611151806
"efc7e89ddf3de559154d8e0c",1069881194
"efc8ccaeb09a5e1bb0bfe011",611331347
"efc9ae02fd6c3f18db866cac",1089527063
"efcc8d268982e95fe2fdb311",1466406972
"efd178c4aaf3fc9d05b8dbdb",526461060
"efd9d848677015f13688453b",468662320
"efddad1eec775ce61d3b7b64",868514174
"efde559422ec1dcc55abc686",851722088
"efebd19fc5a2ab30f2ccedcf",633397783
"efede59a47d17737f90f4bcb",1120449833
"eff8b3fe996b6d7db10b0263",581932891
"effc32659ff9bf30faffb3db",732690075
"effe4219e6cb56e5ab70ff6b",869488778
"f002603a6990ec405d82cc47",1460054913
"f003a46a1c8e04da0052d72f",448897916
"f00b8eac1812a500d7a732ff",1049187819
"f016623361c6ccc5163e79d5",1360111190
"f016ba59a64f287099fc4af4",607868777
"f019dfbfa7fbbddec988fb25",1176090698
"f01fa45466e2730f935a4128",612653879
"f020fef57e9069e4dea2d71f",1294119357
"f02865ea64b156bf4cf4cfa4",1772667962
"f02f6c5b97b8e3cc5d5a74dd",925255332
"f033750cb9db15e886b156ce",1036381108
"f03400cc18e12903b3ffbe5a",887817407
"f03f97ca55e9a43928c18237",648723930
"f040a167241599987e7b0967",505972151
"f04b574dc221473cfd616e22",505001263
"f04d3ee8b175c8f2f30f4f39",1314055071
"f04eb16931448e87aec205fd",685800925
"f053d3918234bad409410755",705519495
"f055602beb49dd6040641c9a",516963218
"f059e39d22124eb9e7e8e20c",777708858
"f05aee3e433cb036653b4375",1025847584
"f05b3779581ac0015f29571f",1064730821
"f07126d58455b20f547c4380",643357621
"f08001f2590d7b734467c58b",552568964
"f083a8f187e2227696695ee1",565665207
"f084bfc530f4039f6631537b",859654015
"f0862f57dd6be5e7659c65ba",523248601
"f08a5c2992cfee4c0910f68c",1045276842
"f09bb33b65b5ebb8fffc3a21",1190346798
"f0a8fb06fcdf8997bcdcb03d",810576332
"f0aa18bf86a36daeb59946e8",1063908659
"f0ad965090221d2349e90d5c",1097590722
"f0ae62ce6eebc4d07415c48d",952901526
"f0b2a0602bb5a83f0827ac75",997101987
"f0c7ecd3b2261873d3664748",940476913
"f0cb484eb3f6e04b5b1806ab",695628817
"f0ce47907c3c30b6b5e990b1",820193722
"f0e68102ff84f49d90fe38f4",416415731
"f0e8b39d2e4644dade9d8954",933182982
"f0ebddf2bd5aac661e4945ce",816846507
"f0ec99c13c61e89310ca9b8a",596301438
"f0efda3f7fb18af1b44d6aa5",1028598401
"f0f883c45e8470e74280e8ca",981093041
"f0f8e755058d48542b9cc4e3",995762105
"f0f9bedbcb57383511805d17",655775235
"f0fb8232343d235741a20586",1064326766
"f10e210fc04e3fb073568323",712444444
"f11137d27a5d7fa57f94e97f",1078476003
"f11d7627e2f18c9a75595501",1017679956
"f123231ff18912a3dfd7cae7",454926332
"f126c4b36c00d0ca11c21a2d",652364471
"f1319a9332946bd68db250c2",511946155
"f13d8f4b2e3114d71e5ed941",835318391
"f13f72c1cb469db92b25c2fb",1456628025
"f14b11d270282b317d9cbadc",721002020
"f1582fc47e7b8c0eb0cc9949",754247238
"f15ae83fbc4e4ee3f646b4c9",651250542
"f15c6403c6d4e3676a607780",418953915
"f15f48d4cf4f85a3cd68dfa3",533590127
"f164514211012e3a1686b148",504242820
"f1793973b462cdbffb1ad648",905664820
"f17c8b14e56a76ea84a45fd6",1471222818
"f181f74e96a93820a23bc0a0",574047342
"f183e3651c485e0001e64880",874992169
"f1a4afc2e543ce4260f1d781",1374970971
"f1a5856ba56e7b12cbb9459b",387833549
"f1a7fa5dc1996591ff97a34e",738473255
"f1a8f09837660445961375c1",1190521632
"f1a924badef699637ea8fcc2",667614518
"f1b30c4ea99f19a81d12f73b",1431181449
"f1b7ae24195b4414e6d6a001",1126621584
"f1bc08407f40396c094e0499",1190165179
"f1c8da86597a427e24dcd557",964086216
"f1cb3c0b97ae1c6819fb86e0",1489309187
"f1d76d78f9266d9552bb86f2",644727302
"f1da5388b772159ec90c3210",1282628732
"f1e38e53ddb8a9d5b641d934",1158612633
"f1e7a0c7804083963b5b6de6",414234891
"f1e9676bc91a76740f4e9b0e",817279749
"f1ef14babbc4123c5157eb9e",705129358
"f203b18854b75c4564d7a17d",978152053
"f20a7f264a8285a75dacdc1d",939035790
"f21625fb82740d6f4cf1c325",431020488
"f21d2c0802e3858d493c1984",1233969687
"f221dd5d745def063eeb7258",765010768
"f22ae3d17c92427f5227cbf7",418754190
"f22d6cc8c9611a7c23fa8969",974351609
"f2387712fa17435f56d7b102",412782098
"f239b7fe0de40d208c01c45d",877535948
"f23b32fa4894b6d59f73c151",1099814162
"f2409d037bc8b3e63ca69fd7",873731378
"f258fdece395f0c4f4da6a96",666711035
"f25b2ce0d988bf5490fd780a",378264542
"f25f5df33f25576f805a95b5",989982385
"f26c2bb4d5787541e9c36463",1308627507
"f26c43f2304c8c694c818a9b",591898017
"f270dfd9ef449a02b6d7ae2e",696096010
"f27397321c007765244e56e3",893999337
"f28514aa4d6ffa36104411c7",582228213
"f2a4f5010f3da37e27505ece",574610400
"f2b67c40a560af8729bc6072",638040571
"f2ba4a7a0765c3ce737b5c81",876559012
"f2ba7982bed03cac394ef87a",650214163
"f2bfe55b6188070fc5c3f59e",1090782964
"f2c86c1edac4eec6c01ec11d",667552126
"f2c87b07466aad7328b7e0b0",882999323
"f2d4c1faeb7694370bc65ec2",565366425
"f2e0163fa07f89820739dfcf",1238747327
"f2ec3a3598c99bb8c38cd680",398859993
"f2eca7e3226f625807f7d6be",1581501620
"f2f43244cda8e2f5219f3db8",629807826
"f2f4e6cbafe527b155707f01",1092865452
"f2fa898e1bcccbdb92dd91e9",872510680
"f2fce80439462bb9231d7fba",504209160
"f304bc9e9edfc24eeeb720d5",1169538640
"f309733881a4f89d9c8a8958",955773885
"f3270f2ccbcccf3046346809",952307383
"f3293c4064d71f9322ca97b2",1015669056
"f32a3b542efba398907ec912",505132277
"f32a7d08d176bf9177dbcab1",717056398
"f32ea78bc5ea15d700d3c118",787772760
"f336d60e41c8bfee91d58728",550629960
"f340405bd7f2c4bf524c50d9",647501352
"f3478cf008a7ad268a434ba3",660497637
"f34a38cdec7eb598e55fa41e",684400115
"f34ff57e272cd08056e6a243",753992646
"f3523e0626df8cea803ead0f",419839444
"f35538e95b4a567f9b834034",1023219264
"f359afc7bb50cf6a61ac63d6",470390731
"f35f884365b1bf6fb303d7b5",440045869
"f36031f3a3f77a3fcad337aa",830230789
"f361109d06f6609c16724b39",586894304
"f36a379e0149d4800e793001",687298981
"f36bb15462fb29f80b127458",1086399851
"f37c9693e058492ec3715de9",623454177
"f37d31c512866b575780c4b7",1295205881
"f388112376e68ccb2290074b",978152053
"f3962b552d34eb8bf38b4763",1286909756
"f3986309e4fc4cde2b5feed9",1005846647
"f3a1bbe01d265470a2d7332a",382507389
"f3a6132006d54d0e22a17e84",858829661
"f3bb60434cb36fcdfe218478",514113588
"f3bf0be37be6292ba0a8736b",1016289160
"f3c8cf1fbbd6cced1fba0930",518679780
"f3d82ce1c6fac06e4997f7ba",549289384
"f3d94d0616744b87ff139533",503773697
"f3dbdb2b69017cfa026ee18b",978109144
"f3dd24a17ea51b7a2b0f037e",710333161
"f3dea3d678d959aaf6b2849f",1580627084
"f3e2fddf1dbb400788a5517d",920608011
"f4022026c279a9b77a894ee2",649196767
"f403b20cb52d4ad3f9469ee7",624658754
"f404deec9ec16a8460397815",636279622
"f406c9c3c92e9b31310a50ec",635971440
"f409c701e200046f574f4e06",519430214
"f40a182d82c489f55c64ab7b",978361032
"f40acdcf5cb9925c09c9df7a",957167668
"f40defb11ff73ba4e3db7611",1199758317
"f415c2bc1bc0fdca091285cf",1334728061
"f418efb887a15127cf2563b1",554769750
"f424ca724e7df1c37ed78aa9",935969125
"f426c41d6d8bc99f359f480c",465648871
"f42a53a05dc90e617e0e4c38",395238555
"f42b6680baf774d27fdf1e48",534095166
"f4311c45516bafcfe8864c70",816383909
"f433278518a80c3301f26cfa",1024682084
"f4350916cbddd5a544c6ae46",397109521
"f43c684b789900c58c8b5fd4",605738032
"f44362b932a8b70ad4b99a29",489300658
"f44726680d0c594a2d430bbb",633392951
"f44d035ea2b15b2c69d4da50",924713702
"f45161bb79292e974dc88b5c",414421394
"f45234a3f0aceb12341be024",1158758494
"f45dfcffe189327cb0d303f2",930050279
"f45e3be8500d7bd91cc8855a",404917862
"f4635193372f669612744011",1290163734
"f4658aee77fa0e35a71da7f1",744583225
"f46d46ccc7fc415433e471e4",461484397
"f46f5e911c6c595efb5b7ab5",691231144
"f47c64c8ee69e744e654d4b9",797581920
"f487761a658a4247563faa38",764408379
"f4897a8a0a911a2acfb8e8c7",1086399851
"f48e503ebd3908838c1f2ae6",546206346
"f48fb9d9c42b0ebee72cfcaa",486430912
"f49045b312d12268eefedcba",604372790
"f499c1513abf0b05aa1f460e",1280748814
"f4a6ec71ad7790df9578324f",479842218
"f4b1645da3f4286e39f2fe4a",765013686
"f4beded3c5ed9fd6cd5177c0",668881452
"f4c118396d781c140d8c9b08",536878366
"f4c6c3210a3c2eb935c6d5bb",1202700169
"f4c7cc4a249ae7037aa0b35e",698025167
"f4cdf3ff86fe70fae3e59f4c",742422013
"f4ce15aaa352d707b68cf773",689331282
"f4cf541f02d99ea1851b9f12",479911780
"f4d53276bdb5899c6f059c67",1020216208
"f4d6ce332121f814aa663fca",765359582
"f4da2c8dd901cca9cdd51025",628879934
"f4dc67569fd340be3dc592d5",464063556
"f4df4ad4366bd794594c111f",1005530145
"f4e0fa1172c1d4b70b6c4d73",434701893
"f4e646df504728ee1e6ad0d8",389854571
"f4ea9c80fe71a1bd0b692475",1043625364
"f4eca80958b7a22922b0efa1",513740118
"f4ecb15ef992a677e8b4fee7",845634089
"f4ed8924f5d1a3e6374715aa",698150328
"f4f6e48b618064ced466c302",399507167
"f4f7bd9d03eecf35e9f37619",907863033
"f4fc081a112f5ee1b3a09e70",707133453
"f4fc2da675d6a2583054fc56",431647389
"f4fc67d9b9c6078003f9af35",877258147
"f5006b435fc92111d55c0603",403007032
"f50941445773dd62e87e0416",1398473548
"f50a72cfa82f3742189b7fc0",1041511545
"f50e0ea2c3831235704b8c72",466179402
"f51000446ab65417942e535d",640629427
"f512fde4fa3f1f7fe885de83",880308730
"f51658b9fea670bd943d6db7",1020056656
"f51a78ac4b03665561552b0a",895699299
"f51fce25d8376d48fbe73a43",428408383
"f520fd12dd3ed32ba78d357b",886725850
"f52226b24ca3d5b04b7cfcde",1256106257
"f52ce56f20251f018d7864e0",624631351
"f53efb47de2bca5912ad7517",798895854
"f53fe605b0a2857cf3facf73",749414662
"f5418917530b72c9fea14f66",478735158
"f548ef815603ec44f4629a60",1248348647
"f54c16df774e70d49355cf4c",446214063
"f54d358d26af89636906f686",1437613530
"f54dbd8f0aa752f79c581e5c",1080333041
"f550bc7ab5992a6fb48eb60a",1396109585
"f5534949a53bef05de31b07e",545557686
"f563f0899884de7f9bdab405",777351449
"f566603aacc78da47a283804",994042856
"f56bca5bebfc765162c8cae0",1252352815
"f56d8f5cfaca0691c6ffbe00",746716545
"f571f85be35a72b2ac358d27",624820811
"f5741fdd9f509d3bb02e35bc",950387589
"f57cab248d2d832725d78135",536129310
"f5802200af1d28eb48466c1d",424021793
"f58528d3ddce3bc6c71bfce9",764929060
"f5896513d1cb044108d23785",1618082799
"f591597c9a1ddd9852eb3cfd",1597798568
"f59686ef2740247394547078",1282677661
"f59b9c03bcd4e0e06d23fb47",766013855
"f59ed9b8ef1726f1a55a4dc3",479505533
"f5acbf43add5776430d8d4a9",887588831
"f5add08cb615eb18b3153bf2",1112078233
"f5b0b51ed49be034c290efd2",913816702
"f5b9cbae30356fb3a1d005c6",1097440001
"f5c79a564600bcad99c74f03",422388024
"f5c866d489889ab2f124799c",1049175812
"f5d529ff6a35fa78ab14de21",509562325
"f5d852e25d51377686c43bc8",600587536
"f5d9d8082e7652e97973e0e4",1239517814
"f5dbd7dcf63b08f711561e58",1063790970
"f5dcdfdcc8f414cb7a38309f",742178491
"f5e7ab7c2edf566fa22501b9",1245658598
"f5ee97750fd4e04eafa9d1d7",849831610
"f6013cab49ef9188aaf87972",1289993951
"f60d9f0751a14efe41be383b",435259424
"f6173e36f95ad05b8e94321b",1133423839
"f6252e878aef5f8a641c3d6e",649137334
"f63608198bfcc858abe1ab0a",662344561
"f637a4885488bbd499199148",965668923
"f640753edfd8fb1a995f1de1",478663940
"f640eb21bdbb9369acc4e863",393391410
"f64d4e029592761bee698958",430293538
"f64f642775ed2c9f45aff215",524929962
"f6503aab62a68ca16eba3fec",1459417325
"f651cc17b051c962e4124795",1040272691
"f6544a1c169aafe6c8142907",1317656626
"f655ec98cd42b0bf2d7cfbfe",810509854
"f660a48b0eb17e98dd77c0bc",702342809
"f665a58fa8eda69547c1a159",946906306
"f66bad2cd4b09ac29f540f63",935528280
"f67028acda5ecaa4c8781ba6",705567941
"f677c51266f5ada9e23f20eb",407760662
"f68b7dfd0579838324895097",1072727581
"f69962045e9aea6b8200888c",480734477
"f69aa18a64d8b8494fd9fe3f",409302722
"f69e25355ce3887bb1078fef",653681008
"f6a12c0f02fcff1be042ed0e",1033808614
"f6a5c88d1bca87c1e89d8084",1239411430
"f6b405af32c398147475dc9b",721283991
"f6c1705a83c039f7a7d46255",788479278
"f6c6eb3fac9658c4951c4222",607265020
"f6c6ee12e338b1f9730b6e2c",480749148
"f6c990e406b3756ee39b3b30",459450322
"f6ce37c42fad91fce47758aa",446387718
"f6d2d31af94a6a73912dd9f5",1038851018
"f6d3f7e963c9aa1783b3adab",726041790
"f6e1752b9f4a0a3c8573910a",806317365
"f6e74a4b1e026352e5759b2e",897106425
"f6f4a467f40bace72ecff598",1547886440
"f6faf74c3f4e02a6b333b7af",954420360
"f6fc3807b54d8c69459c4f64",534756715
"f70ac0d227db6f5333aa821e",633291478
"f7101a05db93cbefd6a3b31f",402464713
"f719b387fac4f688b57dc646",1341268899
"f71d2bca0c5fe2720a1544c4",619811807
"f7216fd19f41ca5ea66a9169",508060992
"f725f6ebcc3fdeed22bee385",560443743
"f727924f0f35ec9fb58d0c31",382334519
"f72992cff50931d2e19b3ccd",710503893
"f72cc14d79ce15491a96ddfe",1215696398
"f72e2f6cfbd32d97bbff3ac5",718110283
"f72fb486fae49fc1de1fdcfd",1154800250
"f7399e57df358ae7adc9e08f",677195998
"f73f720abdfe4b5adfa2bcda",579995931
"f74eed3a7dad1bd8d92854d0",895772764
"f75009356c700f7da7106cc7",695803977
"f759f71e444c16a59187a067",977269986
"f770b66579bf2b55a714c43a",761803021
"f776a4e0c8c82b3d29756b34",1267279509
"f778fa43c92344cfbd700432",756937915
"f781bb1ed340e08b23258ceb",523015117
"f7847aaf1491103fd931aa5b",1485181798
"f78886545677e19e472fd0c4",518276301
"f788ac4a8b2a6dc11c458c90",863127253
"f7959842378c94c9f620f561",699392498
"f7972b1936c6d9e95d3f632b",855254625
"f798e7105aa8aa66750a2c85",978120337
"f79f0c23b5cb96b5d022582c",530153133
"f7a7281a19733251134364fc",1025170807
"f7a79e1211fc72e06a3a82b6",1167750972
"f7b7e298ca8fb75e11e92999",566772183
"f7d11c2601959921f536f804",845095546
"f7de22825945329521642f49",612137600
"f7e5bf5b0f6157ed1f604d37",397273159
"f7ea437311c0d217b0d572b2",376894050
"f7ee7282cb9edc77740f392b",1170712586
"f7f00e13da4910d724aba4f6",530884725
"f7f46ac9158f0a1edd01709e",1058508387
"f7f8607535159c82dbfc6c14",422859587
"f802b026db4bf9d68cf00b16",401805850
"f80b20e0649dcf1c16003255",549540886
"f80b9e8c51cd71c5be281652",390672632
"f80eace37237614562f942aa",774155448
"f81107599bc083fec4a13ca3",978372228
"f815ec1a63e980717c9c3290",492154479
"f8189811dc639d760937df95",609891842
"f81aa0f575dbbacdbdc681f9",515524635
"f8232717e74332384075dde8",387956364
"f823f6d95b4340e8e4dd0d57",665793535
"f8243b7b679dfe8303180d73",1354454645
"f8263893418eb0752dae48f3",404109279
"f82adf71d17c261b41a5231a",896032501
"f82e1c70884ee1285e1bc491",456318519
"f839de5370a225ff993f5b2e",607879212
"f83f29f28978d7dd76cf5942",694782829
"f842221d74340270e757fd41",929039689
"f844345b6224bc76bc3c6f91",509394212
"f849ad486e84a82190675b89",815164032
"f849dfccaa8163d24ed935e2",1009117241
"f851b02d18e74610a900bf14",1114734923
"f852e0f3fb8563ea6918164f",1329882054
"f855725acc115bbbf03bacec",1238437849
"f85d09bb2ea40bd4b68465da",1187772674
"f865411c20924c43a080794a",1029383458
"f865cd15368fefd8c9d6aabf",952200223
"f86ab537a2f5d8c2b223574c",840971140
"f86e80b2a831572b85b04e55",733184955
"f872f224d2af413cd104f24d",1308627507
"f8731413b0d976c03b7e05ca",1422231365
"f87c76eb5071c5b309e3ac3a",447315022
"f87f8003f15b0fbc12609514",525528033
"f884247fa6414f384480bf38",527577848
"f88bade1cb7ee0fa643f31ad",614600254
"f88bb9c5a471504c13d3616c",435750344
"f8948886cb4cb018eca25d19",559343793
"f8bb20be599b79cbe29f36cb",1196839641
"f8be64dc83c5923983fbb770",884906195
"f8bf37a8f81a310e299385a5",675696764
"f8c787390e4c6d2e99fc7c3d",664028179
"f8ccd21343b112d8f9e7123c",925634838
"f8d4ec209ad5fa5ba4a68e56",555205875
"f8d64df401009704c152bcb6",512101435
"f8dc73052c66ab334cb7be14",765587346
"f8e25b7d7e93c45df1b3a4c5",1264447369
"f8f217756d32f31faa784c2f",803374540
"f8fad48343ee5134dbae918f",351126362
"f8fb6d1b0dafc28920393dab",918368429
"f900f7a9c5e2ea51689e8992",1058078439
"f9038f7e24e0a29bd9f3e24d",693441705
"f908e1de4c4be0d77411a998",782592521
"f90efcbfcafe544674c02586",800973931
"f90fd39477c8da38e33ba0fb",853247262
"f9158cf51f5e9f644349a774",497637767
"f91cc2e5edcbb704c293084a",1533446324
"f923bfcb8cdb543c23bafd52",726050099
"f925a05397ca6163230f7ad1",544328081
"f927027bc766ae6c111fb685",382045118
"f92935374a7ef86314223c5b",701333467
"f92f4d135119fa88994929ec",1234442853
"f9379319f992cbadc43b9189",849194825
"f939b7271c4d399a5e647f8f",936722791
"f9402b785deedebd3ddbce6e",676302766
"f943cfd29effc9c048b8e106",790797188
"f952c40e24c9df4ab2d62017",891708825
"f967aa89a4440cc1c44bdc54",428903028
"f967ad5e086f485c27f09990",1133445458
"f968e756cbe6504fa0f32458",1210534242
"f9718594fa52500c16e3cd71",798173912
"f976ec33e004b2d4d32c2eb2",444869675
"f9793063f561dc76c0b49a9d",1166586670
"f9796e9d13fe1becef435e54",1190058491
"f9798cc6285c9fb3ed7cb668",719523819
"f984d34c8f27e3cdb7c2a44a",1008341869
"f995364cc33c431b3c93db45",681886645
"f99adfe85d32b0a66f4d483a",739482448
"f99bdff027d28ceca0caacd1",798979666
"f9a136d7944cb7768b598a88",671047416
"f9a802cbc802d49a087cf23e",1446081081
"f9acdd3fa50068bc0180d008",547136428
"f9b0a27bd3619ae88ffe5455",1069740400
"f9bca38d3e08176649504e74",713194941
"f9c11e980254045d7478f273",1024521833
"f9c133f7a12f2b8c1b2beedc",771717026
"f9cc6760b1112ce5197bf399",661033269
"f9ce5b7edb104d4e8407a344",583600199
"f9e6a759b069e04b0cbf0182",807644150
"f9e7582dd99d36bfada56249",1073658945
"f9ef8fcf24d28ce11e71d758",1617450242
"f9f5fa4ad495197a5c9b492c",375892561
"fa00e05d83ee890a38c3a686",873623062
"fa0aa00078cc178de0cc7d96",807507060
"fa1533051ea4145f7f710ed9",483631495
"fa29c89363ac9cb59667a43d",791737434
"fa2c1092f17ce021964f8953",784086622
"fa2c5c19c86087f207c379ab",690165366
"fa3017d74586eb4c3b5b7db9",544429837
"fa3ee96e6b6ffdfd00aa335e",1453414307
"fa4028ad48fb2082d167989d",588809378
"fa4af69aa064a4306cb110d0",602277274
"fa4f331f05b1488990a69ec8",1263603541
"fa4fd8380dd2620c672facc5",704553964
"fa5234ddf23dd0d9cbd3cac2",688643987
"fa56058283c975be76d7c990",748410471
"fa57f96bc6affd285d10c4f9",352632436
"fa5c81237a94f2f78f05977d",1435720036
"fa631a714774fc22ca15ec10",901150273
"fa653848d69ce620a41a73ac",1110672819
"fa6db64bd7cd8b0f1c0e2453",1088997274
"fa6e53a7107c0e33e3d505d1",1071889022
"fa70a55dd0e2053a1b566de1",411915384
"fa736ec3f2f066cba4328908",763794810
"fa74fbeb90bdaf8eb26f8329",766230122
"fa823373d2e7fc9443ebb6ff",799729793
"fa84c07cc90e2a2058b57c9e",830515875
"fa8f13da6d8be3bc1f05fcee",509604119
"fa908c8dd43fcbe9f721c0d5",1287427778
"fa926bec03068764c8545d41",847324503
"fa9dec2129f7218b4c4d4b35",1005463020
"faa204421a94ef95b79eddf6",796280778
"faa37a79a1d72e4b8b0c80a6",1111355166
"faa72370e4c7718964930805",667348436
"faae4324336f1211ce4c7809",715714597
"fab91f0b03598c943fa425dd",694010671
"fabd2201750747891eb6af77",1196508682
"fabe0f299a4e4bc6f51d54b9",755459523
"fac4f0bee67523194fd4312f",601716943
"fac651cf404a58f24dc7d286",1537543607
"fac682b61b813044a3e3ad01",930855992
"fad033a3c81708df7b6ee73d",900657110
"fad4ecc419fb64b3f77971ad",645700744
"fae37ecd6046e53ea121b1c6",778507316
"fae53fba5d405b2e6a3abf01",345122670
"fae649fc7256b9a3ec036583",673607008
"faed63c1287896e97987c4c9",959939362
"faedbe92e3296977872a4aeb",1531707045
"faee4c33e892029b79b63742",1112080354
"faee80ca0efce20e731823bb",775812470
"faf872c4bca132b52dec368c",736768093
"faf92fbca9baf8cce4a00063",606084737
"faf9f8aa50d936c1465e880c",832533275
"fafaa5dcf66d22bff322c72e",413473155
"fb01d990afd25ef96ed048da",1135215252
"fb0664d59b6333ae1861f343",819629170
"fb06aae0e711d628b16eb910",1020473101
"fb0dbfeedbab00cdc7eb93ee",775208969
"fb10f3b45e865b4626f65ddf",1234532328
"fb14ddcaa459b49a3b30eb3a",1069571063
"fb338e93dda9159476b8382c",387282100
"fb39ca089d05381b3a7ba847",368427436
"fb3d29813052141c015669c2",602351947
"fb50f2f13a30fccc3903577e",1273436379
"fb63e870ceb7ff355299f3da",758592809
"fb672b4cb1b66f2022f36a40",1184980339
"fb7048ba61e9e6b1de829bdf",820796236
"fb7154b2dfd2a48c13ef70cc",1044714767
"fb72b8e0457c0199e158e599",1006622020
"fb76da6072bea5801e407990",449914524
"fb7bd85c05cd74d945d22de0",518073692
"fb82175fad61a81e9b665fd3",1239593470
"fb8aa6b6c5d2499d404f3f73",633581442
"fb9371f86ca6f4e62ae374c3",627504422
"fba35c04cfb7b6db50cbb57b",987623011
"fba6203abad5f4b3b721f29e",576077599
"fba83f5feea2522888377066",388237654
"fba946e4ceea37176170835b",444643177
"fba9ae05a6a8a9e0c6268a9f",428055530
"fbaf74ce4c2c6e88950d3fdb",1000418562
"fbb0a76f05908c118f7a3df6",444039747
"fbb89795386c14f5088fccdc",767864322
"fbd613ac06b6bf20d76822db",586422103
"fbdb9caee4455e99259cf921",481915094
"fbe3b74f9e11c829d4dc69d3",1278793597
"fbe555f6bd0edc1bc950d9ea",986764398
"fbf8b0f1159e89428778c847",545117703
"fc0572d7185e132770c3bad7",840971140
"fc16776abc877decb82a5954",864714082
"fc174b19baedc11f78b647d2",1101777288
"fc17f35d300be9680971f95b",600023055
"fc1b713d5605b0030421d5a2",1242201710
"fc25df25f4151a16cf0c90f8",1283411825
"fc2ac43013ba8ab17da28041",1081900211
"fc2ceba651bc629e7f690849",1033808614
"fc2f58cc289d29fffe8a5fe0",973918691
"fc321e2d9b4e954e80805be2",826309732
"fc43df7f26644fa464ecb090",543332299
"fc57fa9bbc16d1b8106c2c70",1109319960
"fc5e8e45dd0a338ab5835428",831235360
"fc5f41aad1b4bdcbd8298037",653583765
"fc64387d7c3c91a6e6e876ab",686914989
"fc65a77fbdd07fb490ad870e",980329854
"fc6616c62030a53d2aa46b12",869415810
"fc72e535900c592d6053b806",1251528994
"fc72ebf9381496067101da61",400607483
"fc762d2d172737cabbdfcc75",1086111861
"fc7e93bffb7fbbdebebfaa2c",1302849560
"fc7ecefb27bbb5c3e25e899f",405019821
"fc815b59cce7934f816f0502",1002431771
"fc8836e71725949c5f3fa7f7",1441438257
"fc9151dd6f8850502c747bab",784929056
"fc9fb2f209a4b5e66f89712b",749804988
"fca1c40a338288036b1eb25c",1193948560
"fca3a0fe5db369235960d285",523015117
"fca6d7455056792cd61e2ddf",516318757
"fcaddcc78938f3a234dd2d3f",382621950
"fcc4c878af8bdbda6e1fc86d",1129306556
"fcc6c3c10bb52776accaf06f",687137757
"fcc96840d952d32a7300366c",518311890
"fcd7c10d81aff25d9233214d",797183447
"fcdbfb9e15352cf210cce7cd",701289325
"fce26c7fbf0bc93937ea5198",631397900
"fce385656705a8f4389cbb6a",869936666
"fce89a9ffaba32f9f7c5895d",1279401078
"fcefb2186b13c8bc39b17915",1021423385
"fcf46edf6d612ff1f5ed6134",892110304
"fcf79745f8cd716d3ff9d27b",610754439
"fcfa51e5eec6829b9f4f2c59",445933293
"fcfd6f08490be39064aae41c",439956910
"fd0c010fa0c4b84dc75ede86",1099635869
"fd0f6c0b5234ec1f6c7d1fd8",828598184
"fd1431e595693fac0406151d",448250236
"fd15189b99da46b098a949e6",685870255
"fd19e1b2e61f5efde879f6dd",1043653232
"fd20cc372715855081e24eae",1141250638
"fd26da8e62b5d1155962f0c5",784963491
"fd2dcbcb8a31e97f31d22a53",955482251
"fd2efcb61008dc9d11756381",1071889022
"fd36cffb856c2a14982a5fa9",682485182
"fd41747287a480d5c4dcb56d",1254435079
"fd45b984efcdb0b434033fd9",394424474
"fd4ce3ddaf79d1b97043ce0b",1162284628
"fd5758238e7ec91e415779f7",1009552325
"fd5793113661540ee34b8cb8",673207553
"fd5ba2795eb7b5fe338d6b4e",699139087
"fd6112c82d5808311b08e29f",756186098
"fd689e54d5c418dc9f2425e7",903216928
"fd6b2efe5da2c35058333bbf",724438563
"fd6e9c9ed7679485dfd0b022",995127952
"fd77ee8ca0551b5b614b40e1",1246440516
"fd7a48744bf966e417f34a51",1127733092
"fd7b741b96080ca5b964cac4",1241434290
"fd7f194d9929a6f28ea57cf4",456591022
"fd81506b0a00fab1ff680b64",895670256
"fd82c710aad91bc90af490fe",933168743
"fd8b9540f1e9da778d566d25",419697730
"fd8caba10cd4d1df27605358",493158044
"fd9ebf37acdbb0e4bffd2fb3",607864139
"fd9f78fb2d2f4d01e462bcea",1170225903
"fd9fda1abfcdd1066a177e14",587163025
"fda25a0b6b9f62f92e3ea6b8",743907526
"fda6cee77fbfbce6ec0eabdd",701547530
"fdad0c86eb89fe93633c8571",389894727
"fdb192e57e3e48f70a492b87",853849627
"fdb1cffa6b7346fde667d72c",425162865
"fdbc74fb5882051327b3caf8",569072952
"fdbe5801070756d1744211cc",982729910
"fdc00f6ebd155e84a387878c",440922993
"fdc28a68bf8a5bc86288b4c7",758306377
"fdcf0e439ae8b2ff5730680d",854859949
"fdd4b5fcf9ebadf96545038c",1028598401
"fde3d4a4a819b1fa40530238",455867896
"fdf103976a39cc12f5effaa2",682263922
"fe004acdfad6ac6b00911ef0",636623165
"fe0182e1795e2b87eef4bf41",574309084
"fe2bf1f402addaf17a213030",651335015
"fe2f1459eb0a380dc31e3a4e",1014989314
"fe368a7d2e09fe88b1b972e4",441661161
"fe409f9ea8d18c9d9ba4d02e",453404330
"fe483817d899e0044abc3787",728188651
"fe4a6d7d7ed28b85c5816fa2",1020064439
"fe6c19c6f54606a611d412c8",410765206
"fe6c8cd2e792d62a4c324da5",524015640
"fe6fb32f623a9e3d5586a8d3",854936587
"fe8305e287f6a8e7899c9459",766335355
"fe8a10fb4031669a9b21c919",1093895669
"fe8a78de9ba7b59a112e0046",537255335
"fe8ab5495cae81b5478026a4",650534209
"fe8bcbd17b16ad023a202843",1256120632
"fe8e45caf7605fb91d6bc5f7",743592599
"fe96a7d758a874b1f0c42145",614989566
"fe9b6a82fcc3266ddcb3e36b",1092052809
"fea142787b18327108ee8929",595994432
"fea5eb95dfad452d6786b042",483063597
"feade1f4b3b06fdc12ec213f",1095917208
"feb3384733ed8feeedf9ce8b",1157216832
"feb87029d5a2e8125e165bef",433517855
"febc9a1b054671445d756cec",846994874
"fec1212eae4e6369d5555d8c",977083604
"fed1a50c562ffd7f30451adf",632790395
"fed1a608e3c0f2b79cd02ebb",405417088
"fed2e1459e9ccc06943a05d1",1379954958
"fed8f3bf4a2d7a426901706c",684584200
"fedc2418db2353b7c97a260d",1323346262
"fede7e1a7a6f23338af6f40e",1244760830
"fedf2e30e390f5cf74b27e97",475443788
"feea3a2bd9f643219de51c46",599155044
"ff03a8cc833d067d439b9903",919518230
"ff058f978e97c389e7a31f6b",865991592
"ff143fed55f12a0105f9f88d",786231144
"ff1498465e4db86f4f652e87",520930367
"ff185be4fdbe3790c72d00cb",418061483
"ff188e88378c8e2abed8119e",755092176
"ff1a7adf260e637bf316812f",375028903
"ff228869121d053ca7bbe431",1241154915
"ff25ded6333278149f8fb68f",686726348
"ff27ae490bf03513b6bb386f",1396109585
"ff2897a56a0fd08996d19424",1064872987
"ff28f1a1ea72e21acb157f08",1320129449
"ff29f12bbd7ac4b860909966",1280822101
"ff3696c808d4835d6c7cc9e3",1009234656
"ff3b85eb538fb9a7dd03f459",353418226
"ff424474d2d10a2c2a1c1892",611482949
"ff46d9f7dd86b8bff7cc305c",463114781
"ff54bb34225682d25c551178",1233708464
"ff56b24cf15289dc6d14800f",690826508
"ff5a27ffe7de039e65170f9e",843575289
"ff61104cbeb37f077c565fd1",559343793
"ff61abc1e7843e20b1bf8656",358407009
"ff6fa86afbf9da2aa8eb7991",665793535
"ff71037ec8e5a91aad6f0686",648044985
"ff7ebaf86962fd0ab6ff41f3",621895970
"ff83788b9f8db0297f6c0148",1124489785
"ff8e7294270343a00978dbc2",678566531
"ff9c4796bc3ef18ae7bb724e",1166980577
"ff9cb7bc0b972d4515ea3837",381437871
"ff9d1cf7bd90c5e47a0bba3f",437547614
"ffaca67ff9f0d7cbd5bbd295",1494585041
"ffad647e8ee35eaea6378fb6",869649659
"ffb510bd3f847f4ede255fbb",439661628
"ffbce3ccf241890ec95104e4",481764372
"ffbedc0873b99654d10188a3",345851484
"ffbf6a54fb00029ba24dd3ad",466496053
"ffc171cf73514bed077339a6",417805600
"ffc49242bb0edf3e22076501",1324560903
"ffcbce226963f10da8c53fd7",862988977
"ffce0b151f293cad0a6f770f",1405645781
"ffcf6794a400aba909383b41",924607883
"ffd3d51ecc85abff64258e1c",772933801
"ffd916080b1019827491de0b",1094895530
"ffe653c61bf13df43fa22190",445284795
